# Exported from Godot Engine
mtllib Wheel_Pinwheel.mtl
o Wheel_Pinwheel
v -0.261191 0.081518 0.173117
vt 0.035187 0.662554
vn 0.108103 -0.013707 0.994045
v -0.252496 0.077299 0.171599
vt 0.047895 0.657878
vn 0.108103 -0.013707 0.994045
v -0.268998 0.051653 0.173040
vt 0.027732 0.614548
vn 0.088481 -0.014811 0.995968
v -0.259813 0.049408 0.172524
vt 0.042568 0.612695
vn 0.087298 -0.014932 0.996070
v -0.273229 0.017685 0.172953
vt 0.029823 0.560324
vn 0.073092 -0.009209 0.997283
v -0.264003 0.016432 0.172132
vt 0.044790 0.560028
vn 0.073464 -0.008514 0.997262
v -0.229696 0.063738 0.145166
vt 0.102416 0.644259
vn 0.828255 -0.174807 0.532388
v -0.233303 0.045481 0.145983
vt 0.100700 0.614883
vn 0.824714 -0.153947 0.544194
v -0.235817 0.067601 0.157157
vt 0.082180 0.647590
vn 0.748605 -0.175622 0.639334
v -0.241329 0.046614 0.157643
vt 0.079503 0.612970
vn 0.750063 -0.146315 0.644978
v -0.235560 0.031207 0.145617
vt 0.103781 0.591050
vn 0.787170 -0.000707 0.616735
v -0.243693 0.026508 0.156878
vt 0.083404 0.579580
vn 0.717379 0.001880 0.696681
v -0.264407 -0.006327 0.172293
vt 0.045965 0.524198
vn 0.078964 0.001595 0.996876
v -0.273705 -0.004922 0.172936
vt 0.033124 0.526283
vn 0.078964 0.001595 0.996876
v -0.170100 -0.019645 0.167595
vt 0.196294 0.488037
vn 0.091464 0.139061 0.986051
v -0.222483 -0.013313 0.170156
vt 0.111874 0.506095
vn 0.066576 0.152254 0.986096
v -0.171650 -0.010735 0.166323
vt 0.194573 0.502264
vn 0.088895 0.140493 0.986083
v -0.139461 -0.004108 0.162357
vt 0.246945 0.511709
vn 0.151455 0.101869 0.983201
v -0.135269 -0.022057 0.164160
vt 0.252892 0.483378
vn 0.156058 0.098870 0.982787
v -0.072059 0.021430 0.147800
vt 0.355938 0.554044
vn 0.322566 0.006286 0.946526
v -0.075966 -0.024507 0.149533
vt 0.349388 0.481249
vn 0.289864 0.029378 0.956617
v -0.103106 0.008358 0.155728
vt 0.305659 0.532084
vn 0.231088 0.053292 0.971472
v -0.100968 -0.024756 0.157310
vt 0.308391 0.480178
vn 0.225491 0.056693 0.972594
v -0.054928 0.003455 0.139919
vt 0.385550 0.525075
vn 0.401472 -0.014612 0.915755
v -0.053985 -0.010301 0.139874
vt 0.386951 0.502529
vn 0.368758 0.059870 0.927595
v -0.175915 0.002967 0.158703
vt 0.189599 0.527047
vn 0.068595 0.543566 0.836559
v -0.160791 0.013620 0.147995
vt 0.215486 0.548734
vn 0.034165 0.693252 0.719885
v -0.140896 0.005179 0.155565
vt 0.245682 0.529729
vn -0.009824 0.622780 0.782335
v -0.142728 0.013217 0.147417
vt 0.243672 0.547804
vn 0.014760 0.702568 0.711463
v -0.105593 0.014113 0.150509
vt 0.302361 0.544347
vn -0.084648 0.684678 0.723914
v -0.089365 0.025098 0.140542
vt 0.328855 0.567250
vn -0.158717 0.764151 0.625206
v -0.071640 0.027964 0.141575
vt 0.357237 0.568441
vn -0.131325 0.720194 0.681230
v -0.070184 0.034003 0.135265
vt 0.359965 0.582349
vn -0.150930 0.747861 0.646470
v -0.124885 0.015059 0.146227
vt 0.271924 0.550613
vn -0.095335 0.765357 0.636506
v -0.226793 0.009082 0.160570
vt 0.109243 0.545253
vn 0.094894 0.536190 0.838746
v -0.222483 -0.013313 0.170156
vt 0.111874 0.506095
vn 0.075063 0.433744 0.897904
v -0.171650 -0.010735 0.166323
vt 0.194573 0.502264
vn 0.049300 0.474998 0.878605
v -0.223427 0.059209 0.125383
vt 0.134506 0.640761
vn 0.928643 -0.189017 0.319209
v -0.226081 0.047883 0.125260
vt 0.133350 0.624052
vn 0.932025 -0.167947 0.321127
v -0.229696 0.063738 0.145166
vt 0.102416 0.644259
vn 0.928643 -0.189017 0.319209
v -0.233303 0.045481 0.145983
vt 0.100700 0.614883
vn 0.932919 -0.162047 0.321564
v -0.227604 0.036452 0.125677
vt 0.131376 0.609298
vn 0.931907 0.010775 0.362538
v -0.235560 0.031207 0.145617
vt 0.103781 0.591050
vn 0.920732 0.089352 0.379826
v -0.162710 0.019770 0.130054
vt 0.215133 0.578229
vn 0.084662 0.945919 0.313160
v -0.145334 0.019805 0.126463
vt 0.240243 0.581605
vn -0.015801 0.954779 0.296895
v -0.160791 0.013620 0.147995
vt 0.215486 0.548734
vn 0.082476 0.946214 0.312853
v -0.142728 0.013217 0.147417
vt 0.243672 0.547804
vn -0.011901 0.954640 0.297523
v -0.110634 0.029999 0.105552
vt 0.290078 0.618980
vn -0.302027 0.899086 0.316898
v -0.104837 0.034498 0.100629
vt 0.298963 0.629259
vn -0.292197 0.908968 0.297319
v -0.089365 0.025098 0.140542
vt 0.328855 0.567250
vn -0.303744 0.898107 0.318031
v -0.070184 0.034003 0.135265
vt 0.359965 0.582349
vn -0.251518 0.933357 0.256091
v -0.130207 0.022289 0.120038
vt 0.261999 0.592489
vn -0.119718 0.951814 0.282344
v -0.124885 0.015059 0.146227
vt 0.271924 0.550613
vn -0.112244 0.952442 0.283295
v -0.221498 0.031247 0.128266
vt 0.135668 0.602123
vn 0.190753 0.922367 0.335935
v -0.180805 0.021852 0.131933
vt 0.189756 0.579486
vn 0.167163 0.929048 0.330039
v -0.227140 0.025827 0.145939
vt 0.116010 0.579068
vn 0.193195 0.921591 0.336668
v -0.179016 0.015830 0.148137
vt 0.187518 0.552969
vn 0.162758 0.930180 0.329053
v -0.243656 0.072086 0.166007
vt 0.064140 0.652283
vn 0.585023 -0.145352 0.797885
v -0.250243 0.047944 0.165957
vt 0.060745 0.612491
vn 0.601957 -0.118216 0.789730
v -0.252496 0.077299 0.171599
vt 0.047895 0.657878
vn 0.515278 -0.123539 0.848073
v -0.259813 0.049408 0.172524
vt 0.042568 0.612695
vn 0.542895 -0.102234 0.833555
v -0.252416 0.021674 0.164558
vt 0.065943 0.569766
vn 0.562774 -0.033130 0.825947
v -0.245241 0.014014 0.161618
vt 0.079794 0.557599
vn 0.314874 0.301086 0.900112
v -0.264003 0.016432 0.172132
vt 0.044790 0.560028
vn 0.521993 -0.016324 0.852794
v -0.264407 -0.006327 0.172293
vt 0.045965 0.524198
vn 0.286999 0.243557 0.926451
v -0.139461 -0.004108 0.162357
vt 0.246945 0.511709
vn -0.009333 0.565907 0.824416
v -0.103106 0.008358 0.155728
vt 0.305659 0.532084
vn -0.068227 0.638009 0.767000
v -0.072059 0.021430 0.147800
vt 0.355938 0.554044
vn -0.094537 0.674223 0.732452
v -0.076830 -0.025091 0.146377
vt 0.349640 0.476110
vn 0.325792 0.081464 0.941925
v -0.077020 -0.029500 0.146834
vt 0.349055 0.469170
vn 0.323285 0.081968 0.942745
v -0.101623 -0.025320 0.154210
vt 0.308459 0.475138
vn 0.242357 0.084654 0.966487
v -0.101370 -0.029443 0.154517
vt 0.308863 0.468646
vn 0.246868 0.084889 0.965324
v -0.136356 -0.022427 0.161256
vt 0.251544 0.478668
vn 0.145882 0.070985 0.986752
v -0.135226 -0.027136 0.161409
vt 0.253392 0.471263
vn 0.165768 0.074993 0.983309
v -0.170665 -0.020038 0.164633
vt 0.195085 0.483454
vn 0.071697 0.066095 0.995234
v -0.169550 -0.023738 0.164775
vt 0.196645 0.477519
vn 0.082674 0.064693 0.994475
v -0.222080 -0.017555 0.167448
vt 0.111372 0.495298
vn 0.053698 0.057791 0.996884
v -0.222852 -0.013670 0.167183
vt 0.110592 0.501540
vn 0.050197 0.049193 0.997527
v -0.244115 -0.013710 0.167992
vt 0.076328 0.505217
vn -0.008512 0.000292 0.999964
v -0.243804 -0.010154 0.168129
vt 0.077338 0.510742
vn -0.012421 -0.001408 0.999922
v -0.051702 -0.028751 0.137314
vt 0.389394 0.469112
vn 0.348080 0.076275 0.934357
v -0.049579 -0.024783 0.136225
vt 0.393214 0.474911
vn 0.348080 0.076275 0.934357
v -0.223502 0.064599 0.124913
vt 0.135283 0.652005
vn 0.791614 -0.495377 0.357698
v -0.225697 0.060618 0.124495
vt 0.134994 0.645006
vn 0.791614 -0.495377 0.357698
v -0.229316 0.069027 0.144148
vt 0.104182 0.655792
vn 0.791614 -0.495377 0.357698
v -0.231794 0.065065 0.143906
vt 0.103275 0.648538
vn 0.791614 -0.495377 0.357698
v -0.229316 0.069027 0.144148
vt 0.104182 0.655792
vn 0.723192 -0.458366 0.516617
v -0.231794 0.065065 0.143906
vt 0.103275 0.648538
vn 0.723192 -0.458366 0.516617
v -0.235297 0.072823 0.155693
vt 0.084521 0.659059
vn 0.660186 -0.417158 0.624607
v -0.237440 0.068626 0.155164
vt 0.083659 0.651679
vn 0.670904 -0.424146 0.608266
v -0.253214 0.077732 0.169017
vt 0.048567 0.662104
vn 0.128886 -0.099627 0.986642
v -0.251040 0.082304 0.169070
vt 0.050008 0.669670
vn 0.110569 -0.090508 0.989739
v -0.245025 0.072937 0.163856
vt 0.065173 0.656382
vn 0.512176 -0.313615 0.799576
v -0.242800 0.077240 0.164148
vt 0.066874 0.663864
vn 0.502438 -0.306389 0.808506
v -0.261191 0.081518 0.167002
vt 0.031707 0.664787
vn -0.204226 0.068571 0.976519
v -0.259903 0.086548 0.167000
vt 0.033008 0.673116
vn -0.204226 0.068571 0.976519
v -0.044251 0.034454 0.140280
vt 0.401389 0.576116
vn -0.135846 0.710979 0.689968
v -0.117421 0.026536 0.111165
vt 0.280186 0.608499
vn -0.216624 0.934388 0.282830
v -0.107998 0.018798 0.144224
vt 0.298928 0.556626
vn -0.206036 0.937026 0.282014
v -0.107998 0.018798 0.144224
vt 0.298928 0.556626
vn -0.110837 0.769966 0.628385
v -0.179016 0.015830 0.148137
vt 0.187518 0.552969
vn 0.101657 0.650887 0.752338
v -0.236347 0.011092 0.160990
vt 0.094046 0.550949
vn 0.149960 0.457352 0.876551
v -0.243433 -0.010131 0.171112
vt 0.078780 0.515289
vn 0.125983 0.385781 0.913948
v -0.227140 0.025827 0.145939
vt 0.116010 0.579068
vn 0.125374 0.648275 0.751013
v -0.232450 0.027575 0.145916
vt 0.108268 0.584315
vn 0.422889 0.503268 0.753582
v -0.225229 0.032907 0.126808
vt 0.132292 0.604476
vn 0.513977 0.754554 0.408014
v -0.232450 0.027575 0.145916
vt 0.108268 0.584315
vn 0.507063 0.759765 0.406994
v -0.049945 -0.023459 0.139991
vt 0.393035 0.480424
vn 0.338054 0.112079 0.934429
v -0.052713 0.017125 0.140115
vt 0.388578 0.547459
vn 0.389405 -0.046016 0.919917
v -0.046797 0.029665 0.140101
vt 0.397576 0.568137
vn 0.340671 -0.188426 0.921107
v -0.273579 -0.009071 0.166840
vt 0.029012 0.517374
vn -0.043829 -0.014405 0.998935
v -0.273705 -0.004922 0.166822
vt 0.029335 0.523900
vn -0.043829 -0.014405 0.998935
v -0.075966 -0.024507 0.149533
vt 0.349388 0.481249
vn 0.091497 -0.972787 0.212869
v -0.076830 -0.025091 0.146377
vt 0.349640 0.476110
vn 0.093577 -0.971855 0.216196
v -0.100968 -0.024756 0.157310
vt 0.308391 0.480178
vn -0.001215 -0.986029 0.166571
v -0.101623 -0.025320 0.154210
vt 0.308459 0.475138
vn 0.002097 -0.986023 0.166596
v -0.135269 -0.022057 0.164160
vt 0.252892 0.483378
vn -0.049723 -0.986323 0.157144
v -0.136356 -0.022427 0.161256
vt 0.251544 0.478668
vn -0.050818 -0.986772 0.153944
v -0.170100 -0.019645 0.167595
vt 0.196294 0.488037
vn -0.087505 -0.985864 0.142884
v -0.170665 -0.020038 0.164633
vt 0.195085 0.483454
vn -0.091121 -0.985552 0.142776
v -0.222852 -0.013670 0.167183
vt 0.110592 0.501540
vn -0.125021 -0.984379 0.123967
v -0.222483 -0.013313 0.170156
vt 0.111874 0.506095
vn -0.123710 -0.984314 0.125781
v -0.243433 -0.010131 0.171112
vt 0.078780 0.515289
vn -0.166612 -0.984439 0.055856
v -0.243804 -0.010154 0.168129
vt 0.077338 0.510742
vn -0.167811 -0.984363 0.053557
v -0.273705 -0.004922 0.172936
vt 0.033124 0.526283
vn -0.149397 -0.988777 -0.000017
v -0.264407 -0.006327 0.172293
vt 0.045965 0.524198
vn -0.173416 -0.984160 0.036834
v -0.273705 -0.004922 0.166822
vt 0.029335 0.523900
vn -0.165719 -0.985858 0.024936
v -0.049945 -0.023459 0.139991
vt 0.393035 0.480424
vn 0.118955 -0.959360 0.255888
v -0.049579 -0.024783 0.136225
vt 0.393214 0.474911
vn 0.118955 -0.959360 0.255888
v -0.053985 -0.010301 0.139874
vt 0.386951 0.502529
vn 0.549938 0.104773 0.828608
v -0.039962 -0.007623 0.130232
vt 0.413084 0.507541
vn 0.549886 0.104771 0.828643
v -0.049945 -0.023459 0.139991
vt 0.393035 0.480424
vn 0.535448 0.171959 0.826877
v -0.036810 -0.017322 0.130213
vt 0.418072 0.491995
vn 0.535448 0.171959 0.826877
v -0.054928 0.003455 0.139919
vt 0.385550 0.525075
vn 0.558791 -0.034608 0.828586
v -0.052713 0.017125 0.140115
vt 0.388578 0.547459
vn 0.531815 -0.171954 0.829220
v -0.040602 0.002554 0.130206
vt 0.411946 0.523772
vn 0.558905 -0.033721 0.828546
v -0.038691 0.012571 0.130182
vt 0.414656 0.539852
vn 0.531912 -0.171753 0.829199
v -0.046797 0.029665 0.140101
vt 0.397576 0.568137
vn 0.471264 -0.299953 0.829420
v -0.037745 0.040251 0.139991
vt 0.412569 0.587964
vn 0.431456 -0.359929 0.827222
v -0.034349 0.021799 0.130191
vt 0.421158 0.554868
vn 0.471264 -0.299953 0.829420
v -0.027849 0.029656 0.130213
vt 0.431311 0.567730
vn 0.431456 -0.359929 0.827222
v -0.039962 -0.007623 0.130232
vt 0.413084 0.507541
vn 0.065879 0.014393 0.997724
v -0.032866 -0.006270 0.129734
vt 0.423817 0.509744
vn 0.065879 0.014393 0.997724
v -0.036810 -0.017322 0.130213
vt 0.418072 0.491995
vn 0.059072 0.025893 0.997918
v -0.030274 -0.014246 0.129769
vt 0.428074 0.496849
vn 0.059072 0.025893 0.997918
v -0.040602 0.002554 0.130206
vt 0.411946 0.523772
vn 0.069387 -0.001712 0.997588
v -0.038691 0.012571 0.130182
vt 0.414656 0.539852
vn 0.064792 -0.021013 0.997678
v -0.033392 0.002100 0.129698
vt 0.422804 0.523285
vn 0.069387 -0.001712 0.997588
v -0.031820 0.010339 0.129684
vt 0.425141 0.536671
vn 0.064792 -0.021013 0.997678
v -0.034349 0.021799 0.130191
vt 0.421158 0.554868
vn 0.053474 -0.037327 0.997871
v -0.027849 0.029656 0.130213
vt 0.431311 0.567730
vn 0.042889 -0.048207 0.997916
v -0.028250 0.017928 0.129716
vt 0.430577 0.549100
vn 0.053474 -0.037327 0.997871
v -0.022904 0.024390 0.129769
vt 0.439018 0.559719
vn 0.042889 -0.048207 0.997916
v -0.032866 -0.006270 0.132217
vt 0.427461 0.510489
vn -0.982227 -0.187698 -0.000018
v -0.030274 -0.014246 0.132252
vt 0.431499 0.498532
vn -0.951033 -0.309089 -0.000058
v -0.032866 -0.006270 0.129734
vt 0.423817 0.509744
vn -0.982366 -0.186966 -0.000054
v -0.030274 -0.014246 0.129769
vt 0.428074 0.496849
vn -0.951033 -0.309089 -0.000058
v -0.033392 0.002100 0.129698
vt 0.422804 0.523285
vn -0.998008 0.063082 -0.000016
v -0.031820 0.010339 0.129684
vt 0.425141 0.536671
vn -0.951104 0.308870 0.000019
v -0.033392 0.002100 0.132181
vt 0.426502 0.523107
vn -0.998040 0.062585 0.000016
v -0.031820 0.010339 0.132166
vt 0.428631 0.535596
vn -0.951037 0.309077 -0.000019
v -0.028250 0.017928 0.129716
vt 0.430577 0.549100
vn -0.844541 0.535490 0.000021
v -0.022904 0.024390 0.129769
vt 0.439018 0.559719
vn -0.770544 0.637387 -0.000021
v -0.028250 0.017928 0.132199
vt 0.433779 0.547147
vn -0.844105 0.536178 0.000021
v -0.022904 0.024390 0.132252
vt 0.441677 0.556982
vn -0.770544 0.637387 -0.000021
v -0.030274 -0.014246 0.132252
vt 0.431499 0.498532
vn -0.043533 -0.009811 0.999004
v -0.032866 -0.006270 0.132217
vt 0.427461 0.510489
vn -0.044730 0.000590 0.998999
v 0.000000 0.000000 0.133710
vt 0.476811 0.520754
vn -0.043223 0.010392 0.999011
v -0.033392 0.002100 0.132181
vt 0.426502 0.523107
vn -0.045400 0.005881 0.998952
v -0.031820 0.010339 0.132166
vt 0.428631 0.535596
vn -0.043128 0.012895 0.998986
v -0.028250 0.017928 0.132199
vt 0.433779 0.547147
vn -0.040824 0.019773 0.998971
v -0.022904 0.024390 0.132252
vt 0.441677 0.556982
vn -0.040824 0.019773 0.998971
v -0.068240 0.033898 0.133221
vt 0.362725 0.585875
vn -0.440036 0.019195 0.897775
v -0.071267 0.037531 0.131638
vt 0.361259 0.593500
vn -0.654042 -0.064544 0.753700
v -0.044560 0.034568 0.137420
vt 0.399737 0.580314
vn -0.137707 0.080469 0.987199
v -0.045495 0.037557 0.137514
vt 0.398475 0.584913
vn -0.122519 0.075861 0.989563
v -0.101186 0.038415 0.099384
vt 0.307133 0.636089
vn -0.719568 -0.093528 0.688094
v -0.102055 0.034854 0.099080
vt 0.302870 0.632269
vn -0.719568 -0.093528 0.688094
v -0.044251 0.034454 0.140280
vt 0.401389 0.576116
vn -0.255333 0.966597 0.022270
v -0.044560 0.034568 0.137420
vt 0.399737 0.580314
vn -0.207321 0.978132 0.016600
v -0.068240 0.033898 0.133221
vt 0.362725 0.585875
vn -0.021317 0.999482 0.024091
v -0.103968 0.038060 0.100934
vt 0.258657 0.628068
vn 0.021998 -0.998930 -0.040676
v -0.073211 0.037636 0.133682
vt 0.309863 0.655949
vn 0.012392 -0.999891 -0.007987
v -0.101186 0.038415 0.099384
vt 0.261458 0.624986
vn 0.021998 -0.998930 -0.040676
v -0.071267 0.037531 0.131638
vt 0.311590 0.652732
vn 0.007397 -0.999932 0.008979
v -0.102055 0.034854 0.099080
vt 0.302870 0.632269
vn -0.021017 0.998896 0.042017
v -0.037745 0.040251 0.139991
vt 0.412569 0.587964
vn -0.654435 0.752806 0.070700
v -0.038890 0.039494 0.136225
vt 0.407381 0.586090
vn -0.654435 0.752806 0.070700
v -0.045495 0.037557 0.137514
vt 0.346665 0.653678
vn -0.014119 -0.996552 0.081764
v -0.045286 0.037867 0.140229
vt 0.346890 0.656872
vn -0.014119 -0.996552 0.081764
v -0.045495 0.037557 0.137514
vt 0.346665 0.653678
vn 0.760971 -0.648303 -0.025015
v -0.045286 0.037867 0.140229
vt 0.346890 0.656872
vn 0.760971 -0.648303 -0.025015
v -0.043320 0.040287 0.137314
vt 0.353863 0.658267
vn 0.760971 -0.648303 -0.025015
v -0.043026 0.040318 0.141049
vt 0.349489 0.659849
vn 0.760971 -0.648303 -0.025015
v -0.038890 0.039494 0.136225
vt 0.407381 0.586090
vn 0.198462 -0.025026 0.979789
v -0.043320 0.040287 0.137314
vt 0.400686 0.587929
vn 0.198462 -0.025026 0.979789
v -0.227219 0.067700 0.145409
vt 0.115291 0.716682
vn -0.540817 -0.840637 0.029078
v -0.221232 0.063191 0.125800
vt 0.122437 0.690983
vn -0.540817 -0.840637 0.029078
v -0.229316 0.069027 0.144148
vt 0.111925 0.715362
vn -0.540817 -0.840637 0.029078
v -0.223502 0.064599 0.124913
vt 0.118849 0.690211
vn -0.540817 -0.840637 0.029078
v -0.223427 0.059209 0.125383
vt 0.134506 0.640761
vn 0.538707 0.842183 -0.022855
v -0.229696 0.063738 0.145166
vt 0.102416 0.644259
vn 0.536918 0.843522 -0.013765
v -0.225697 0.060618 0.124495
vt 0.134994 0.645006
vn 0.538707 0.842183 -0.022855
v -0.231794 0.065065 0.143906
vt 0.103275 0.648538
vn 0.536994 0.843471 -0.013937
v -0.233675 0.071798 0.157686
vt 0.106836 0.732526
vn -0.526586 -0.850100 -0.006140
v -0.227219 0.067700 0.145409
vt 0.115291 0.716682
vn -0.534794 -0.844982 0.000653
v -0.235297 0.072823 0.155693
vt 0.104122 0.730201
vn -0.527882 -0.849302 -0.005168
v -0.229316 0.069027 0.144148
vt 0.111925 0.715362
vn -0.534794 -0.844982 0.000653
v -0.235817 0.067601 0.157157
vt 0.082180 0.647590
vn 0.522299 0.852698 0.010507
v -0.237440 0.068626 0.155164
vt 0.083659 0.651679
vn 0.524408 0.851422 0.008768
v -0.243656 0.072086 0.166007
vt 0.064140 0.652283
vn 0.511101 0.859411 0.013751
v -0.252496 0.077299 0.171599
vt 0.047895 0.657878
vn 0.465974 0.884755 0.008733
v -0.245025 0.072937 0.163856
vt 0.065173 0.656382
vn 0.511101 0.859411 0.013751
v -0.253214 0.077732 0.169017
vt 0.048567 0.662104
vn 0.462868 0.886384 0.008765
v -0.241553 0.076460 0.166459
vt 0.096341 0.744479
vn -0.521837 -0.853022 -0.006344
v -0.242800 0.077240 0.164148
vt 0.093933 0.741922
vn -0.521510 -0.853216 -0.007063
v -0.250341 0.081882 0.171850
vt 0.085573 0.754518
vn -0.471799 -0.881690 -0.005245
v -0.251040 0.082304 0.169070
vt 0.082825 0.751730
vn -0.468802 -0.883286 -0.005531
v -0.261191 0.081518 0.173117
vt 0.035187 0.662554
vn 0.432599 0.901540 0.009162
v -0.261191 0.081518 0.167002
vt 0.031707 0.664787
vn 0.432599 0.901540 0.009162
v -0.259903 0.086548 0.173114
vt 0.075384 0.762579
vn -0.434999 -0.900390 -0.008551
v -0.259903 0.086548 0.167000
vt 0.071768 0.763355
vn -0.434999 -0.900390 -0.008551
v -0.044251 0.034454 0.140280
vt 0.401389 0.576116
vn 0.273872 -0.181023 0.944577
v -0.037745 0.040251 0.139991
vt 0.412569 0.587964
vn 0.145194 -0.114036 0.982810
v -0.273229 0.017685 0.172953
vt 0.052629 0.058696
vn -0.996552 0.082973 0.000016
v -0.273705 -0.004922 0.172936
vt 0.052607 0.028264
vn -0.999780 0.020981 0.000016
v -0.273229 0.017685 0.166839
vt 0.044400 0.058696
vn -0.996561 0.082867 0.000016
v -0.273705 -0.004922 0.166822
vt 0.044377 0.028264
vn -0.999780 0.020981 0.000016
v -0.261191 0.081518 0.173117
vt 0.052849 0.146308
vn -0.967501 0.252867 0.000019
v -0.268998 0.051653 0.173040
vt 0.052746 0.104764
vn -0.982670 0.185362 -0.000018
v -0.261191 0.081518 0.167002
vt 0.044620 0.146308
vn -0.967501 0.252867 0.000019
v -0.268998 0.051653 0.166926
vt 0.044517 0.104764
vn -0.982705 0.185178 0.000018
v -0.132085 0.239930 0.172970
vt 0.265536 0.936005
vn 0.030086 -0.029117 0.999123
v -0.093167 0.257386 0.172954
vt 0.317266 0.951212
vn 0.034988 -0.035216 0.998767
v -0.107397 0.192144 0.170970
vt 0.290013 0.870341
vn 0.034569 -0.040006 0.998601
v -0.084869 0.205545 0.170421
vt 0.321292 0.884017
vn 0.038186 -0.038711 0.998521
v -0.088338 0.227585 0.170975
vt 0.320385 0.912971
vn 0.034988 -0.035216 0.998767
v -0.161026 0.221499 0.172986
vt 0.225497 0.916820
vn 0.023068 -0.022207 0.999487
v -0.141124 0.169804 0.171593
vt 0.242875 0.846880
vn 0.021571 -0.017514 0.999614
v -0.187515 0.199592 0.172993
vt 0.188002 0.892966
vn 0.018685 -0.013207 0.999738
v -0.211243 0.174322 0.172993
vt 0.153374 0.864591
vn 0.017985 -0.009800 0.999790
v -0.187004 0.136906 0.172287
vt 0.178188 0.812078
vn 0.017693 -0.009512 0.999798
v -0.231436 0.146355 0.173046
vt 0.122674 0.832529
vn 0.014693 -0.010906 0.999833
v -0.213373 0.116214 0.172607
vt 0.140405 0.790481
vn 0.014096 -0.013625 0.999808
v -0.247936 0.116653 0.173039
vt 0.095952 0.798036
vn 0.023977 -0.026316 0.999366
v -0.231824 0.099862 0.172026
vt 0.113492 0.773306
vn 0.028494 -0.027915 0.999204
v -0.208099 0.071876 0.144818
vt 0.140486 0.717999
vn 0.116095 -0.948489 0.294771
v -0.189336 0.072072 0.145761
vt 0.164927 0.717989
vn -0.064834 -0.959309 0.274816
v -0.204307 0.067295 0.129853
vt 0.144381 0.697487
vn 0.103054 -0.950262 0.293908
v -0.187551 0.067999 0.131591
vt 0.165197 0.698687
vn -0.072933 -0.959090 0.273545
v -0.164338 0.064821 0.131228
vt 0.193569 0.693053
vn -0.162126 -0.950009 0.266829
v -0.163580 0.068790 0.145617
vt 0.197980 0.712016
vn -0.160021 -0.950394 0.266729
v -0.147446 0.060566 0.129391
vt 0.213677 0.684819
vn -0.229211 -0.935332 0.269473
v -0.145669 0.064586 0.144915
vt 0.220612 0.704572
vn -0.227814 -0.935681 0.269446
v -0.131301 0.055101 0.125237
vt 0.232385 0.672929
vn -0.246327 -0.931757 0.266742
v -0.128702 0.059794 0.143748
vt 0.241838 0.696001
vn -0.246037 -0.931599 0.267560
v -0.119840 0.050398 0.118983
vt 0.244508 0.660021
vn -0.274125 -0.922024 0.273363
v -0.109028 0.053885 0.141704
vt 0.266272 0.684861
vn -0.274722 -0.921789 0.273556
v -0.111650 0.045469 0.111299
vt 0.252186 0.646258
vn -0.345027 -0.883219 0.317617
v -0.090961 0.047153 0.138532
vt 0.288376 0.672215
vn -0.349587 -0.880180 0.321048
v -0.103968 0.038060 0.100934
vt 0.258657 0.628068
vn -0.372924 -0.864116 0.337980
v -0.073211 0.037636 0.133682
vt 0.309863 0.655949
vn -0.372924 -0.864116 0.337980
v -0.223315 0.090086 0.168184
vt 0.122685 0.758322
vn 0.194490 -0.410412 0.890918
v -0.241553 0.076460 0.166459
vt 0.096341 0.744479
vn 0.253158 -0.441822 0.860642
v -0.231824 0.099862 0.172026
vt 0.113492 0.773306
vn 0.161771 -0.255233 0.953250
v -0.250341 0.081882 0.171850
vt 0.085573 0.754518
vn 0.219884 -0.311312 0.924519
v -0.208099 0.071876 0.144818
vt 0.140486 0.717999
vn 0.124766 -0.840797 0.526776
v -0.227219 0.067700 0.145409
vt 0.115291 0.716682
vn 0.249377 -0.834934 0.490608
v -0.213390 0.079094 0.157767
vt 0.134501 0.737745
vn 0.191766 -0.660887 0.725572
v -0.233675 0.071798 0.157686
vt 0.106836 0.732526
vn 0.277967 -0.690137 0.668165
v -0.227219 0.067700 0.145409
vt 0.115291 0.716682
vn 0.186282 -0.935966 0.298776
v -0.221232 0.063191 0.125800
vt 0.122437 0.690983
vn 0.186282 -0.935966 0.298776
v -0.213373 0.116214 0.172607
vt 0.140405 0.790481
vn 0.099973 -0.156113 0.982667
v -0.205030 0.102307 0.169426
vt 0.148644 0.770586
vn 0.127386 -0.307438 0.943003
v -0.179688 0.118396 0.169709
vt 0.184531 0.786620
vn 0.078167 -0.209118 0.974761
v -0.187004 0.136906 0.172287
vt 0.178188 0.812078
vn 0.090682 -0.114597 0.989265
v -0.099261 0.137186 0.167931
vt 0.291745 0.798053
vn 0.035266 -0.095698 0.994786
v -0.074422 0.153500 0.167736
vt 0.326401 0.815163
vn 0.047266 -0.063320 0.996873
v -0.193961 0.080345 0.156970
vt 0.160103 0.736476
vn 0.105690 -0.515426 0.850391
v -0.164305 0.082254 0.155753
vt 0.199130 0.734108
vn 0.038183 -0.348616 0.936488
v -0.081933 0.060797 0.150093
vt 0.302942 0.693910
vn -0.011939 -0.384355 0.923108
v -0.058572 0.086848 0.157612
vt 0.336900 0.725691
vn 0.045285 -0.258602 0.964922
v -0.063229 0.052976 0.146648
vt 0.325830 0.680321
vn -0.038443 -0.440632 0.896864
v -0.050901 0.063371 0.149925
vt 0.343422 0.692690
vn 0.033065 -0.317635 0.947636
v -0.095249 0.103372 0.163665
vt 0.291920 0.753563
vn 0.022499 -0.217223 0.975863
v -0.066907 0.119303 0.164313
vt 0.330887 0.769735
vn 0.051475 -0.170621 0.983991
v -0.084869 0.205545 0.170421
vt 0.321292 0.884017
vn 0.974328 0.187138 -0.125158
v -0.088338 0.227585 0.170975
vt 0.320385 0.912971
vn 0.987187 0.155707 -0.034883
v -0.085322 0.205786 0.167448
vt 0.325185 0.884516
vn 0.974925 0.185342 -0.123163
v -0.088475 0.227930 0.167992
vt 0.324228 0.913648
vn 0.987245 0.156228 -0.030654
v -0.066907 0.119303 0.164313
vt 0.330887 0.769735
vn 0.953980 0.254195 -0.159080
v -0.067595 0.120222 0.161409
vt 0.334737 0.771003
vn 0.955868 0.248107 -0.157352
v -0.058572 0.086848 0.157612
vt 0.336900 0.725691
vn 0.934923 0.310127 -0.172454
v -0.059327 0.087310 0.154517
vt 0.341052 0.726232
vn 0.934114 0.312339 -0.172845
v -0.043026 0.040318 0.141049
vt 0.349489 0.659849
vn 0.919277 0.372095 -0.128357
v -0.050901 0.063371 0.149925
vt 0.343422 0.692690
vn 0.918033 0.365142 -0.154556
v -0.043320 0.040287 0.137314
vt 0.353863 0.658267
vn 0.919277 0.372095 -0.128357
v -0.051857 0.064134 0.146834
vt 0.347688 0.693530
vn 0.918033 0.365239 -0.154322
v -0.074970 0.153916 0.164775
vt 0.330280 0.815906
vn 0.966775 0.210489 -0.145055
v -0.074422 0.153500 0.167736
vt 0.326401 0.815163
vn 0.966353 0.212011 -0.145644
v -0.093167 0.257386 0.172954
vt 0.317266 0.951212
vn 0.987267 0.158823 -0.008865
v -0.093167 0.257386 0.166840
vt 0.318868 0.954393
vn 0.987267 0.158823 -0.008865
v -0.043026 0.040318 0.141049
vt 0.349489 0.659849
vn 0.041989 -0.347390 0.936780
v -0.073211 0.037636 0.133682
vt 0.309863 0.655949
vn -0.127735 -0.590633 0.796766
v -0.045286 0.037867 0.140229
vt 0.346890 0.656872
vn -0.136050 -0.519836 0.843363
v -0.250341 0.081882 0.171850
vt 0.085573 0.754518
vn 0.056690 -0.038021 0.997668
v -0.259903 0.086548 0.173114
vt 0.075384 0.762579
vn 0.056690 -0.038021 0.997668
v -0.141124 0.169804 0.171593
vt 0.242875 0.846880
vn 0.044589 -0.108716 0.993072
v -0.163580 0.068790 0.145617
vt 0.197980 0.712016
vn -0.057130 -0.638258 0.767700
v -0.189336 0.072072 0.145761
vt 0.164927 0.717989
vn 0.009086 -0.745256 0.666717
v -0.126249 0.074674 0.154438
vt 0.247751 0.719185
vn -0.035438 -0.360236 0.932188
v -0.145669 0.064586 0.144915
vt 0.220612 0.704572
vn -0.096809 -0.589462 0.801974
v -0.128702 0.059794 0.143748
vt 0.241838 0.696001
vn -0.098905 -0.575807 0.811582
v -0.109028 0.053885 0.141704
vt 0.266272 0.684861
vn -0.096827 -0.580213 0.808689
v -0.090961 0.047153 0.138532
vt 0.288376 0.672215
vn -0.100345 -0.603691 0.790878
v -0.129941 0.119220 0.167015
vt 0.249221 0.779499
vn 0.032090 -0.173816 0.984255
v -0.132085 0.239930 0.172970
vt 0.930600 0.272819
vn -0.467522 0.883981 -0.000021
v -0.161026 0.221499 0.172986
vt 0.930621 0.227380
vn -0.588406 0.808565 0.000021
v -0.132085 0.239930 0.166856
vt 0.922503 0.272819
vn -0.467522 0.883981 -0.000021
v -0.161026 0.221499 0.166872
vt 0.922523 0.227380
vn -0.588406 0.808565 0.000021
v -0.187515 0.199592 0.172993
vt 0.930629 0.181858
vn -0.684519 0.728995 -0.000022
v -0.211243 0.174322 0.172993
vt 0.930630 0.135952
vn -0.771526 0.636197 0.000021
v -0.187515 0.199592 0.166878
vt 0.922532 0.181858
vn -0.684519 0.728995 -0.000022
v -0.211243 0.174322 0.166879
vt 0.922533 0.135952
vn -0.771449 0.636291 0.000021
v -0.231436 0.146355 0.173046
vt 0.930700 0.090271
vn -0.843996 0.536349 -0.000021
v -0.231436 0.146355 0.166932
vt 0.922603 0.090271
vn -0.843918 0.536472 0.000021
v -0.247936 0.116653 0.173039
vt 0.930691 0.045275
vn -0.902989 0.429664 0.000020
v -0.247936 0.116653 0.166924
vt 0.922593 0.045275
vn -0.902930 0.429787 -0.000020
v -0.259903 0.086548 0.173114
vt 0.930791 0.002372
vn -0.929288 0.369357 0.000020
v -0.259903 0.086548 0.167000
vt 0.922693 0.002372
vn -0.929288 0.369357 0.000020
v -0.093167 0.257386 0.172954
vt 0.930578 0.329304
vn -0.409242 0.912426 -0.000020
v -0.093167 0.257386 0.166840
vt 0.922481 0.329304
vn -0.409242 0.912426 -0.000020
v -0.158241 -0.223217 0.173117
vt 0.205447 0.144570
vn 0.046496 0.098572 0.994043
v -0.151542 -0.216251 0.171599
vt 0.213819 0.155212
vn 0.046496 0.098572 0.994043
v -0.132249 -0.239871 0.173040
vt 0.248801 0.122652
vn 0.041395 0.079466 0.995978
v -0.127276 -0.231829 0.172523
vt 0.255146 0.136191
vn 0.041078 0.078496 0.996068
v -0.101252 -0.254391 0.172953
vt 0.301012 0.107889
vn 0.031268 0.066664 0.997285
v -0.097209 -0.246004 0.172132
vt 0.305918 0.122031
vn 0.030766 0.067164 0.997267
v -0.131599 -0.198758 0.145166
vt 0.243615 0.202859
vn 0.422155 0.733665 0.532467
v -0.115349 -0.207830 0.145983
vt 0.271026 0.192157
vn 0.401180 0.736775 0.544258
v -0.137163 -0.203386 0.157157
vt 0.234196 0.184642
vn 0.398316 0.657686 0.639370
v -0.118907 -0.215114 0.157643
vt 0.266296 0.171404
vn 0.370880 0.668088 0.645063
v -0.102472 -0.214387 0.145617
vt 0.294644 0.187726
vn 0.243881 0.748437 0.616737
v -0.100516 -0.223575 0.156878
vt 0.299256 0.164798
vn 0.219868 0.682887 0.696651
v -0.075689 -0.253421 0.172293
vt 0.340355 0.112073
vn 0.022883 0.075669 0.996870
v -0.079898 -0.261829 0.172936
vt 0.334404 0.100506
vn 0.022883 0.075669 0.996870
v -0.033880 -0.167846 0.167595
vt 0.421222 0.243850
vn -0.104013 0.130002 0.986043
v -0.056089 -0.215708 0.170156
vt 0.377942 0.169154
vn -0.124302 0.110368 0.986087
v -0.042833 -0.166566 0.166323
vt 0.407160 0.246613
vn -0.106222 0.127894 0.986083
v -0.039189 -0.133904 0.162357
vt 0.414372 0.299339
vn -0.050119 0.175593 0.983186
v -0.020823 -0.135464 0.164160
vt 0.443155 0.296237
vn -0.045907 0.179075 0.982764
v -0.042649 -0.061910 0.147800
vt 0.407797 0.416082
vn 0.093677 0.308779 0.946509
v -0.000167 -0.079821 0.149533
vt 0.475006 0.387355
vn 0.061658 0.284788 0.956605
v -0.039810 -0.095477 0.155728
vt 0.413145 0.361478
vn 0.020675 0.236273 0.971467
v -0.007656 -0.103676 0.157310
vt 0.463353 0.348032
vn 0.015772 0.231963 0.972597
v -0.020260 -0.051172 0.139919
vt 0.444499 0.435292
vn 0.137980 0.377257 0.915772
v -0.006886 -0.054526 0.139874
vt 0.466375 0.429657
vn 0.056867 0.369276 0.927578
v -0.057183 -0.166388 0.158703
vt 0.382053 0.249545
vn -0.495859 0.233178 0.836512
v -0.062640 -0.148712 0.147995
vt 0.369434 0.280869
vn -0.648820 0.246657 0.719856
v -0.048465 -0.132400 0.155565
vt 0.396845 0.303710
vn -0.595348 0.183175 0.782309
v -0.056676 -0.131658 0.147417
vt 0.379035 0.307386
vn -0.663696 0.231150 0.711391
v -0.046052 -0.096064 0.150509
vt 0.400463 0.362132
vn -0.677323 0.131153 0.723901
v -0.051485 -0.077236 0.140542
vt 0.386868 0.394407
vn -0.775813 0.085153 0.625190
v -0.048733 -0.059493 0.141575
vt 0.394506 0.421768
vn -0.725574 0.097678 0.681177
v -0.054027 -0.056241 0.135265
vt 0.382122 0.428660
vn -0.757849 0.087580 0.646525
v -0.052914 -0.114119 0.146227
vt 0.385096 0.335123
vn -0.757356 0.145879 0.636499
v -0.078721 -0.212886 0.160570
vt 0.339888 0.178760
vn -0.480646 0.255984 0.838720
v -0.056089 -0.215708 0.170156
vt 0.377942 0.169154
vn -0.389326 0.205471 0.897890
v -0.042833 -0.166566 0.166323
vt 0.407160 0.246613
vn -0.436432 0.193686 0.878643
v -0.125354 -0.194195 0.125382
vt 0.256847 0.232302
vn 0.466672 0.824782 0.319300
v -0.115402 -0.200219 0.125260
vt 0.272386 0.226044
vn 0.447647 0.834547 0.321160
v -0.131599 -0.198758 0.145166
vt 0.243615 0.202859
vn 0.466672 0.824782 0.319300
v -0.115349 -0.207830 0.145983
vt 0.271026 0.192157
vn 0.442292 0.837210 0.321647
v -0.105002 -0.205200 0.125677
vt 0.285816 0.219616
vn 0.277681 0.889630 0.362561
v -0.102472 -0.214387 0.145617
vt 0.294644 0.187726
vn 0.199469 0.903279 0.379867
v -0.069083 -0.148637 0.130054
vt 0.341276 0.289655
vn -0.873512 0.372785 0.313061
v -0.063747 -0.132101 0.126463
vt 0.345831 0.314574
vn -0.912942 0.279959 0.296918
v -0.062640 -0.148712 0.147995
vt 0.369434 0.280869
vn -0.874420 0.370866 0.312807
v -0.056676 -0.131658 0.147417
vt 0.379035 0.307386
vn -0.911608 0.283657 0.297507
v -0.062719 -0.095949 0.105552
vt 0.325687 0.373514
vn -0.948435 -0.009434 0.316832
v -0.065206 -0.089045 0.100629
vt 0.318656 0.385141
vn -0.954773 0.002968 0.297319
v -0.051485 -0.077236 0.140542
vt 0.386868 0.394407
vn -0.948040 -0.011324 0.317949
v -0.054027 -0.056241 0.135265
vt 0.382122 0.428660
vn -0.965396 0.049271 0.256091
v -0.061434 -0.116946 0.120038
vt 0.342204 0.338625
vn -0.942212 0.180262 0.282387
v -0.052914 -0.114119 0.146227
vt 0.385096 0.335123
vn -0.940509 0.187559 0.283309
v -0.098164 -0.201001 0.128266
vt 0.293973 0.221478
vn -0.818275 0.466473 0.335901
v -0.076654 -0.165203 0.131933
vt 0.332233 0.265913
vn -0.831922 0.446104 0.329996
v -0.094753 -0.208042 0.145939
vt 0.309820 0.195652
vn -0.816839 0.468473 0.336611
v -0.070375 -0.165363 0.148137
vt 0.356757 0.255582
vn -0.834422 0.442188 0.328952
v -0.143852 -0.209455 0.166007
vt 0.224159 0.168934
vn 0.318960 0.511474 0.797909
v -0.122926 -0.223180 0.165957
vt 0.260956 0.153415
vn 0.298348 0.535956 0.789772
v -0.151542 -0.216251 0.171599
vt 0.213819 0.155212
vn 0.276639 0.451875 0.848104
v -0.127276 -0.231829 0.172523
vt 0.255146 0.136191
vn 0.264951 0.484750 0.833558
v -0.098614 -0.233364 0.164558
vt 0.303194 0.145158
vn 0.205343 0.524934 0.826002
v -0.089112 -0.228908 0.161618
vt 0.319045 0.154571
vn -0.189128 0.392478 0.900106
v -0.097209 -0.246004 0.172132
vt 0.305918 0.122031
vn 0.176882 0.491375 0.852798
v -0.075689 -0.253421 0.172293
vt 0.340355 0.112073
vn -0.143010 0.348213 0.926442
v -0.039189 -0.133904 0.162357
vt 0.414372 0.299339
vn -0.541118 0.165993 0.824402
v -0.039810 -0.095477 0.155728
vt 0.413145 0.361478
vn -0.627898 0.132291 0.766970
v -0.042649 -0.061910 0.147800
vt 0.407797 0.416082
vn -0.670452 0.118463 0.732434
v 0.000122 -0.080823 0.146377
vt 0.479971 0.386006
vn 0.023273 0.335090 0.941899
v 0.004256 -0.082366 0.146834
vt 0.486390 0.383305
vn 0.021876 0.332768 0.942755
v -0.007322 -0.104474 0.154210
vt 0.468167 0.346539
vn -0.005606 0.256663 0.966485
v -0.003323 -0.105507 0.154517
vt 0.474467 0.344917
vn -0.004527 0.261099 0.965301
v -0.020807 -0.136612 0.161256
vt 0.447217 0.293499
vn -0.022402 0.160672 0.986754
v -0.015979 -0.136993 0.161409
vt 0.454830 0.292968
vn -0.020113 0.180873 0.983301
v -0.033681 -0.168504 0.164633
vt 0.425206 0.241283
vn -0.040720 0.088595 0.995235
v -0.029817 -0.168587 0.164775
vt 0.431333 0.240931
vn -0.036025 0.098564 0.994478
v -0.051931 -0.216635 0.167448
vt 0.388054 0.165337
vn -0.038433 0.068896 0.996883
v -0.055864 -0.216170 0.167183
vt 0.381877 0.166526
vn -0.031301 0.062886 0.997530
v -0.062396 -0.236403 0.167992
vt 0.367789 0.135081
vn -0.002915 -0.007912 0.999964
v -0.065682 -0.235009 0.168129
vt 0.362847 0.137749
vn -0.002524 -0.012310 0.999921
v 0.011366 -0.058056 0.137314
vt 0.498913 0.421651
vn 0.034970 0.354654 0.934343
v 0.008249 -0.054811 0.136225
vt 0.494579 0.427076
vn 0.034970 0.354654 0.934343
v -0.130504 -0.192601 0.124913
vt 0.246391 0.236511
vn 0.715708 0.599790 0.357790
v -0.127395 -0.195918 0.124495
vt 0.252960 0.234076
vn 0.715708 0.599790 0.357790
v -0.136511 -0.196762 0.144148
vt 0.233190 0.208100
vn 0.715708 0.599790 0.357790
v -0.133509 -0.200343 0.143906
vt 0.239810 0.204998
vn 0.715708 0.599790 0.357790
v -0.136511 -0.196762 0.144148
vt 0.233190 0.208100
vn 0.659366 0.546157 0.516671
v -0.133509 -0.200343 0.143906
vt 0.239810 0.204998
vn 0.659366 0.546157 0.516671
v -0.141970 -0.201278 0.155693
vt 0.224011 0.190410
vn 0.600666 0.498998 0.624662
v -0.138640 -0.204612 0.155164
vt 0.230764 0.187312
vn 0.610616 0.507008 0.608351
v -0.152175 -0.216801 0.169017
vt 0.210007 0.157156
vn 0.134582 0.091788 0.986642
v -0.155851 -0.213320 0.169070
vt 0.203257 0.160864
vn 0.120188 0.077185 0.989746
v -0.145084 -0.210494 0.163856
vt 0.220579 0.171183
vn 0.456476 0.390257 0.799581
v -0.148489 -0.207048 0.164148
vt 0.213989 0.175112
vn 0.446663 0.383165 0.808503
v -0.158241 -0.223217 0.167002
vt 0.202248 0.141950
vn -0.128322 -0.173014 0.976524
v -0.162627 -0.220438 0.166999
vt 0.194728 0.145759
vn -0.128322 -0.173014 0.976524
v -0.046442 -0.031438 0.140280
vt 0.400849 0.466130
vn -0.718241 0.090486 0.689885
v -0.061522 -0.103474 0.111165
vt 0.332597 0.360868
vn -0.955609 0.082670 0.282802
v -0.051251 -0.096903 0.144224
vt 0.387724 0.362663
vn -0.954842 0.093566 0.281997
v -0.051251 -0.096903 0.144224
vt 0.387724 0.362663
vn -0.766517 0.132550 0.628396
v -0.070375 -0.165363 0.148137
vt 0.356757 0.255582
vn -0.587620 0.297871 0.752313
v -0.083584 -0.221352 0.160990
vt 0.329774 0.166069
vn -0.388697 0.283976 0.876512
v -0.065590 -0.234649 0.171112
vt 0.358968 0.140526
vn -0.327641 0.239285 0.913999
v -0.094753 -0.208042 0.145939
vt 0.309820 0.195652
vn -0.577836 0.319567 0.750988
v -0.098056 -0.212552 0.145916
vt 0.302437 0.189911
vn -0.348012 0.557755 0.753523
v -0.100896 -0.204037 0.126808
vt 0.290686 0.218997
vn -0.558811 0.721983 0.408008
v -0.098056 -0.212552 0.145916
vt 0.302437 0.189911
vn -0.565861 0.717119 0.406868
v 0.006877 -0.054749 0.139991
vt 0.489279 0.428610
vn -0.002111 0.356182 0.934414
v -0.032576 -0.044841 0.140115
vt 0.424145 0.445090
vn 0.164085 0.356101 0.919928
v -0.042674 -0.035339 0.140101
vt 0.407259 0.460037
vn 0.284383 0.265794 0.921130
v -0.075914 -0.262992 0.166840
vt 0.341605 0.093842
vn 0.000080 -0.046104 0.998937
v -0.079898 -0.261829 0.166822
vt 0.335499 0.096166
vn 0.000080 -0.046104 0.998937
v -0.000167 -0.079821 0.149533
vt 0.475006 0.387355
vn 0.953434 -0.213622 0.212906
v 0.000122 -0.080823 0.146377
vt 0.479971 0.386006
vn 0.953205 -0.211339 0.216185
v -0.007656 -0.103676 0.157310
vt 0.463353 0.348032
vn 0.937399 -0.305840 0.166570
v -0.007322 -0.104474 0.154210
vt 0.468167 0.346539
vn 0.938397 -0.302732 0.166628
v -0.020823 -0.135464 0.164160
vt 0.443155 0.296237
vn 0.922680 -0.351935 0.157491
v -0.020807 -0.136612 0.161256
vt 0.447217 0.293499
vn 0.922747 -0.353305 0.153991
v -0.033880 -0.167846 0.167595
vt 0.421222 0.243850
vn 0.910557 -0.387901 0.142892
v -0.033681 -0.168504 0.164633
vt 0.425206 0.241283
vn 0.909130 -0.391263 0.142812
v -0.055864 -0.216170 0.167183
vt 0.381877 0.166526
vn 0.897563 -0.423089 0.123997
v -0.056089 -0.215708 0.170156
vt 0.377942 0.169154
vn 0.897871 -0.421903 0.125797
v -0.065590 -0.234649 0.171112
vt 0.358968 0.140526
vn 0.884756 -0.462689 0.055912
v -0.065682 -0.235009 0.168129
vt 0.362847 0.137749
vn 0.884301 -0.463828 0.053623
v -0.079898 -0.261829 0.172936
vt 0.334404 0.100506
vn 0.894177 -0.447713 0.000021
v -0.075689 -0.253421 0.172293
vt 0.340355 0.112073
vn 0.882402 -0.469048 0.036882
v -0.079898 -0.261829 0.166822
vt 0.335499 0.096166
vn 0.886401 -0.462243 0.025006
v 0.006877 -0.054749 0.139991
vt 0.489279 0.428610
vn 0.949164 -0.183316 0.255897
v 0.008249 -0.054811 0.136225
vt 0.494579 0.427076
vn 0.949164 -0.183316 0.255897
v -0.006886 -0.054526 0.139874
vt 0.466375 0.429657
vn 0.069955 0.555444 0.828606
v -0.005099 -0.040362 0.130232
vt 0.469684 0.456060
vn 0.070556 0.555329 0.828632
v 0.006877 -0.054749 0.139991
vt 0.489279 0.428610
vn 0.001889 0.562332 0.826909
v 0.005099 -0.040362 0.130213
vt 0.486011 0.455999
vn 0.001889 0.562332 0.826909
v -0.020260 -0.051172 0.139919
vt 0.444499 0.435292
vn 0.205385 0.520829 0.828586
v -0.032576 -0.044841 0.140115
vt 0.424145 0.445090
vn 0.328257 0.452358 0.829228
v -0.014976 -0.037825 0.130206
vt 0.453896 0.459994
vn 0.204562 0.521188 0.828564
v -0.023912 -0.032913 0.130182
vt 0.439439 0.467540
vn 0.327472 0.452881 0.829253
v -0.042674 -0.035339 0.140101
vt 0.407259 0.460037
vn 0.430753 0.355554 0.829478
v -0.049945 -0.023459 0.139991
vt 0.393035 0.480424
vn 0.475619 0.299129 0.827230
v -0.031346 -0.025932 0.130191
vt 0.427167 0.478364
vn 0.431182 0.355098 0.829450
v -0.036810 -0.017322 0.130213
vt 0.418072 0.491995
vn 0.475619 0.299129 0.827230
v -0.005099 -0.040362 0.130232
vt 0.469684 0.456060
vn 0.006687 0.067084 0.997725
v -0.004193 -0.033195 0.129734
vt 0.470905 0.466949
vn 0.006687 0.067084 0.997725
v 0.005099 -0.040362 0.130213
vt 0.486011 0.455999
vn -0.006408 0.064191 0.997917
v 0.004193 -0.033194 0.129769
vt 0.484484 0.467012
vn -0.006408 0.064191 0.997917
v -0.014976 -0.037825 0.130206
vt 0.453896 0.459994
vn 0.022986 0.065476 0.997589
v -0.023912 -0.032913 0.130182
vt 0.439439 0.467540
vn 0.039967 0.055074 0.997682
v -0.012316 -0.031108 0.129698
vt 0.457714 0.470170
vn 0.022986 0.065476 0.997589
v -0.019666 -0.027068 0.129684
vt 0.445705 0.476529
vn 0.039967 0.055074 0.997682
v -0.031346 -0.025932 0.130191
vt 0.427167 0.478364
vn 0.051967 0.039270 0.997876
v -0.025780 -0.021327 0.129716
vt 0.435564 0.485540
vn 0.051967 0.039270 0.997876
v -0.004193 -0.033195 0.132217
vt 0.471323 0.470645
vn -0.124987 -0.992158 -0.000017
v 0.004193 -0.033194 0.132252
vt 0.483942 0.470790
vn 0.000076 -1.000000 0.000015
v -0.004193 -0.033195 0.129734
vt 0.470905 0.466949
vn -0.125672 -0.992072 -0.000051
v 0.004193 -0.033194 0.129769
vt 0.484484 0.467012
vn 0.000076 -1.000000 0.000015
v -0.012316 -0.031108 0.129698
vt 0.457714 0.470170
vn -0.368377 -0.929677 -0.000020
v -0.019666 -0.027068 0.129684
vt 0.445705 0.476529
vn -0.587680 -0.809094 -0.000064
v -0.012316 -0.031108 0.132181
vt 0.459026 0.473632
vn -0.367864 -0.929879 -0.000059
v -0.019666 -0.027068 0.132166
vt 0.447806 0.479516
vn -0.587804 -0.809003 -0.000021
v -0.025780 -0.021327 0.129716
vt 0.435564 0.485540
vn -0.770257 -0.637734 -0.000064
v -0.030274 -0.014246 0.129769
vt 0.428074 0.496849
vn -0.844339 -0.535809 -0.000021
v -0.025780 -0.021327 0.132199
vt 0.438411 0.487981
vn -0.770797 -0.637081 -0.000064
v -0.030274 -0.014246 0.132252
vt 0.431499 0.498532
vn -0.844339 -0.535809 -0.000021
v 0.004193 -0.033194 0.132252
vt 0.483942 0.470790
vn -0.004108 -0.044420 0.999004
v -0.004193 -0.033195 0.132217
vt 0.471323 0.470645
vn -0.014419 -0.042420 0.998996
v 0.000000 0.000000 0.133710
vt 0.476811 0.520754
vn -0.023115 -0.037931 0.999013
v -0.012316 -0.031108 0.132181
vt 0.459026 0.473632
vn -0.019618 -0.041322 0.998953
v -0.019666 -0.027068 0.132166
vt 0.447806 0.479516
vn -0.025611 -0.037015 0.998986
v -0.025780 -0.021327 0.132199
vt 0.438411 0.487981
vn -0.031522 -0.032723 0.998967
v -0.030274 -0.014246 0.132252
vt 0.431499 0.498532
vn -0.031522 -0.032723 0.998967
v -0.053327 -0.054425 0.133221
vt 0.379621 0.432374
vn -0.154322 -0.412591 0.897749
v -0.057717 -0.056181 0.131638
vt 0.371915 0.433336
vn -0.140836 -0.641956 0.753696
v -0.046646 -0.031697 0.137420
vt 0.396346 0.465855
vn -0.119127 -0.106140 0.987189
v -0.049777 -0.031663 0.137514
vt 0.391582 0.466076
vn -0.110016 -0.093126 0.989557
v -0.067803 -0.084363 0.099384
vt 0.314685 0.395021
vn -0.133418 -0.713271 0.688073
v -0.064685 -0.086290 0.099080
vt 0.317001 0.389786
vn -0.133418 -0.713271 0.688073
v -0.046442 -0.031438 0.140280
vt 0.400849 0.466130
vn -0.998188 0.055892 0.022288
v -0.046646 -0.031697 0.137420
vt 0.396346 0.465855
vn -0.994313 0.105196 0.016570
v -0.053327 -0.054425 0.133221
vt 0.379621 0.432374
vn -0.957153 0.288578 0.024124
v -0.068325 -0.087118 0.100934
vt 0.308756 0.351006
vn 0.956855 -0.287704 -0.040694
v -0.058417 -0.057998 0.133682
vt 0.294393 0.407514
vn 0.954781 -0.297201 -0.008017
v -0.067803 -0.084363 0.099384
vt 0.312435 0.352958
vn 0.956855 -0.287704 -0.040694
v -0.057717 -0.056181 0.131638
vt 0.297936 0.408393
vn 0.953262 -0.302012 0.009009
v -0.064685 -0.086290 0.099080
vt 0.317001 0.389786
vn -0.956507 0.288667 0.042013
v -0.049945 -0.023459 0.139991
vt 0.393035 0.480424
vn -0.918211 -0.389738 0.070661
v -0.049579 -0.024783 0.136225
vt 0.393214 0.474911
vn -0.918211 -0.389738 0.070661
v -0.049777 -0.031663 0.137514
vt 0.305685 0.442614
vn 0.943391 -0.321436 0.081803
v -0.050008 -0.031368 0.140229
vt 0.302646 0.443621
vn 0.943391 -0.321436 0.081803
v -0.049777 -0.031663 0.137514
vt 0.305685 0.442614
vn 0.851706 0.523424 -0.024975
v -0.050008 -0.031368 0.140229
vt 0.302646 0.443621
vn 0.851706 0.523424 -0.024975
v -0.051702 -0.028751 0.137314
vt 0.303018 0.450723
vn 0.851706 0.523424 -0.024975
v -0.051641 -0.028461 0.141049
vt 0.300404 0.446875
vn 0.851706 0.523424 -0.024975
v -0.049579 -0.024783 0.136225
vt 0.393214 0.474911
vn 0.085078 0.181089 0.979780
v -0.051702 -0.028751 0.137314
vt 0.389394 0.469112
vn 0.085078 0.181089 0.979780
v -0.134601 -0.195177 0.145408
vt 0.187483 0.233978
vn 0.632383 -0.774110 0.029068
v -0.128463 -0.190877 0.125800
vt 0.214151 0.234555
vn 0.632383 -0.774110 0.029068
v -0.136511 -0.196762 0.144148
vt 0.187930 0.230390
vn 0.632383 -0.774110 0.029068
v -0.130504 -0.192601 0.124913
vt 0.214012 0.230888
vn 0.632383 -0.774110 0.029068
v -0.125354 -0.194195 0.125382
vt 0.256847 0.232302
vn -0.634528 0.772561 -0.022889
v -0.131599 -0.198758 0.145166
vt 0.243615 0.202859
vn -0.636335 0.771289 -0.013816
v -0.127395 -0.195918 0.124495
vt 0.252960 0.234076
vn -0.634528 0.772561 -0.022889
v -0.133509 -0.200343 0.143906
vt 0.239810 0.204998
vn -0.636230 0.771372 -0.013991
v -0.140493 -0.200051 0.157686
vt 0.170043 0.229697
vn 0.645717 -0.763552 -0.006112
v -0.134601 -0.195177 0.145408
vt 0.187483 0.233978
vn 0.638260 -0.769820 0.000709
v -0.141970 -0.201278 0.155693
vt 0.171625 0.226494
vn 0.644471 -0.764613 -0.004984
v -0.136511 -0.196762 0.144148
vt 0.187930 0.230390
vn 0.638260 -0.769820 0.000709
v -0.137163 -0.203386 0.157157
vt 0.234196 0.184642
vn -0.649529 0.760266 0.010380
v -0.138640 -0.204612 0.155164
vt 0.230764 0.187312
vn -0.647794 0.761765 0.008809
v -0.143852 -0.209455 0.166007
vt 0.224159 0.168934
vn -0.659401 0.751667 0.013675
v -0.151542 -0.216251 0.171599
vt 0.213819 0.155212
vn -0.697486 0.716546 0.008662
v -0.145084 -0.210494 0.163856
vt 0.220579 0.171183
vn -0.659401 0.751667 0.013675
v -0.152175 -0.216801 0.169017
vt 0.210007 0.157156
vn -0.699967 0.714122 0.008706
v -0.147362 -0.206103 0.166459
vt 0.155868 0.222480
vn 0.650147 -0.759780 -0.006636
v -0.148489 -0.207048 0.164148
vt 0.157751 0.219515
vn 0.650291 -0.759653 -0.007027
v -0.155235 -0.212785 0.171850
vt 0.143481 0.214525
vn 0.692771 -0.721139 -0.005219
v -0.155851 -0.213320 0.169070
vt 0.145504 0.211173
vn 0.695170 -0.718824 -0.005523
v -0.158241 -0.223217 0.173117
vt 0.205447 0.144570
vn -0.723746 0.690007 0.009097
v -0.158241 -0.223217 0.167002
vt 0.202248 0.141950
vn -0.723746 0.690007 0.009097
v -0.162627 -0.220438 0.173114
vt 0.133154 0.206642
vn 0.721856 -0.691992 -0.008486
v -0.162627 -0.220438 0.166999
vt 0.131509 0.203329
vn 0.721856 -0.691992 -0.008486
v -0.046442 -0.031438 0.140280
vt 0.400849 0.466130
vn 0.256673 0.204588 0.944596
v -0.049945 -0.023459 0.139991
vt 0.393035 0.480424
vn 0.153263 0.102862 0.982817
v -0.101252 -0.254391 0.172953
vt 0.035677 0.058422
vn -0.386781 -0.922171 -0.000060
v -0.079898 -0.261829 0.172936
vt 0.035655 0.027990
vn -0.329000 -0.944330 -0.000058
v -0.101252 -0.254391 0.166839
vt 0.027449 0.058422
vn -0.386781 -0.922171 -0.000060
v -0.079898 -0.261829 0.166822
vt 0.027427 0.027990
vn -0.329000 -0.944330 -0.000058
v -0.158241 -0.223217 0.173117
vt 0.035898 0.146034
vn -0.539489 -0.841993 -0.000021
v -0.132249 -0.239871 0.173040
vt 0.035795 0.104489
vn -0.479995 -0.877271 -0.000021
v -0.158241 -0.223217 0.167002
vt 0.027669 0.146034
vn -0.539489 -0.841993 -0.000021
v -0.132249 -0.239871 0.166926
vt 0.027566 0.104489
vn -0.479798 -0.877379 -0.000021
v -0.269004 -0.051478 0.172970
vt 0.012061 0.433733
vn 0.036500 0.019498 0.999143
v -0.273579 -0.009071 0.172954
vt 0.010099 0.487616
vn 0.044167 0.022384 0.998773
v -0.215927 -0.042765 0.170970
vt 0.081736 0.441237
vn 0.048667 0.020480 0.998605
v -0.221711 -0.017198 0.170421
vt 0.076208 0.474924
vn 0.048570 0.024277 0.998525
v -0.243744 -0.013687 0.170975
vt 0.047926 0.481195
vn 0.044167 0.022384 0.998773
v -0.260418 -0.084698 0.172986
vt 0.020764 0.390197
vn 0.028277 0.015069 0.999487
v -0.205103 -0.081744 0.171593
vt 0.092829 0.389764
vn 0.023271 0.015287 0.999612
v -0.247769 -0.116660 0.172993
vt 0.034619 0.347973
vn 0.018373 0.013682 0.999738
v -0.231068 -0.147035 0.172993
vt 0.053563 0.307410
vn 0.014994 0.014178 0.999787
v -0.187993 -0.135545 0.172287
vt 0.110577 0.318487
vn 0.014578 0.013981 0.999796
v -0.210710 -0.174882 0.173046
vt 0.077049 0.269742
vn 0.014879 0.010592 0.999833
v -0.176462 -0.167017 0.172607
vt 0.122173 0.276539
vn 0.017273 0.009192 0.999809
v -0.187560 -0.199753 0.173039
vt 0.103874 0.235329
vn 0.032365 0.014674 0.999368
v -0.166612 -0.189618 0.172026
vt 0.132169 0.246218
vn 0.035268 0.018493 0.999207
v -0.132664 -0.175703 0.144818
vt 0.192429 0.258717
vn 0.937922 -0.182746 0.294800
v -0.127052 -0.157798 0.145761
vt 0.198475 0.282398
vn 0.892286 -0.358129 0.274899
v -0.127135 -0.173512 0.129853
vt 0.213267 0.257425
vn 0.935593 -0.195608 0.293945
v -0.122628 -0.157358 0.131591
vt 0.217246 0.277893
vn 0.889595 -0.365744 0.273591
v -0.112431 -0.136264 0.131228
vt 0.229711 0.303994
vn 0.853398 -0.447743 0.266904
v -0.115973 -0.134317 0.145617
vt 0.212426 0.312952
vn 0.854373 -0.445946 0.266793
v -0.103165 -0.121513 0.129391
vt 0.242655 0.321445
vn 0.818630 -0.507137 0.269550
v -0.106440 -0.118581 0.144915
vt 0.225229 0.333044
vn 0.819400 -0.505910 0.269515
v -0.092979 -0.107848 0.125237
vt 0.258797 0.336635
vn 0.810018 -0.522028 0.267127
v -0.096638 -0.103925 0.143748
vt 0.238776 0.351495
vn 0.809949 -0.521914 0.267559
v -0.084964 -0.098400 0.118983
vt 0.274299 0.345192
vn 0.792189 -0.545655 0.273307
v -0.084940 -0.087040 0.141704
vt 0.255607 0.372418
vn 0.791767 -0.546115 0.273611
v -0.077745 -0.092134 0.111299
vt 0.289531 0.349231
vn 0.733370 -0.601020 0.317716
v -0.072953 -0.071938 0.138532
vt 0.273322 0.390713
vn 0.729028 -0.604507 0.321075
v -0.068325 -0.087118 0.100934
vt 0.308756 0.351006
vn 0.706552 -0.621733 0.337983
v -0.058417 -0.057998 0.133682
vt 0.294393 0.407514
vn 0.706552 -0.621733 0.337983
v -0.154685 -0.184547 0.168184
vt 0.148960 0.251427
vn 0.450406 0.058193 0.890925
v -0.147362 -0.206103 0.166459
vt 0.155868 0.222480
vn 0.498364 0.104156 0.860689
v -0.166612 -0.189618 0.172026
vt 0.132169 0.246218
vn 0.292569 0.075082 0.953292
v -0.155235 -0.212785 0.171850
vt 0.143481 0.214525
vn 0.364082 0.112892 0.924500
v -0.132664 -0.175703 0.144818
vt 0.192429 0.258717
vn 0.838179 -0.141133 0.526818
v -0.134601 -0.195177 0.145408
vt 0.187483 0.233978
vn 0.871109 -0.020823 0.490649
v -0.141164 -0.178504 0.157767
vt 0.171817 0.257794
vn 0.687763 -0.021834 0.725606
v -0.140493 -0.200051 0.157686
vt 0.170043 0.229697
vn 0.742169 0.051092 0.668262
v -0.134601 -0.195177 0.145408
vt 0.187483 0.233978
vn 0.947703 -0.112137 0.298804
v -0.128463 -0.190877 0.125800
vt 0.214151 0.234555
vn 0.947703 -0.112137 0.298804
v -0.176462 -0.167017 0.172607
vt 0.122173 0.276539
vn 0.179356 0.046873 0.982667
v -0.160658 -0.163380 0.169426
vt 0.143487 0.279611
vn 0.331691 0.026061 0.943028
v -0.168128 -0.134307 0.169709
vt 0.136813 0.318345
vn 0.223075 0.009673 0.974753
v -0.187993 -0.135545 0.172287
vt 0.110577 0.318487
vn 0.136676 0.050874 0.989309
v -0.161145 -0.052010 0.167931
vt 0.152214 0.425062
vn 0.101969 0.003981 0.994780
v -0.168985 -0.023345 0.167736
vt 0.144193 0.462871
vn 0.074884 0.025397 0.996869
v -0.136349 -0.159640 0.156970
vt 0.179369 0.282290
vn 0.522792 -0.058802 0.850430
v -0.129001 -0.130845 0.155753
vt 0.191303 0.319523
vn 0.343365 -0.071403 0.936484
v -0.083140 -0.059135 0.150093
vt 0.255897 0.410188
vn 0.361779 -0.130137 0.923136
v -0.100697 -0.028867 0.157612
vt 0.233490 0.450944
vn 0.259894 -0.036908 0.964932
v -0.069922 -0.043764 0.146648
vt 0.274720 0.429008
vn 0.407166 -0.172723 0.896874
v -0.075998 -0.028827 0.149925
vt 0.267081 0.449110
vn 0.312302 -0.066744 0.947635
v -0.127747 -0.058643 0.163665
vt 0.195370 0.414244
vn 0.213486 -0.045818 0.975871
v -0.134139 -0.026765 0.164313
vt 0.189324 0.455997
vn 0.178187 -0.003825 0.983989
v -0.221711 -0.017198 0.170421
vt 0.076208 0.474924
vn 0.123096 0.984468 -0.125184
v -0.243744 -0.013687 0.170975
vt 0.047926 0.481195
vn 0.157002 0.986982 -0.034879
v -0.222080 -0.017555 0.167448
vt 0.076686 0.478820
vn 0.125128 0.984468 -0.123153
v -0.244115 -0.013710 0.167992
vt 0.048220 0.485086
vn 0.156511 0.987200 -0.030661
v -0.134139 -0.026765 0.164313
vt 0.189324 0.455997
vn 0.053503 0.985829 -0.158990
v -0.135226 -0.027136 0.161409
vt 0.189046 0.460042
vn 0.059913 0.985734 -0.157289
v -0.100697 -0.028867 0.157612
vt 0.233490 0.450944
vn -0.006001 0.984989 -0.172515
v -0.101370 -0.029443 0.154517
vt 0.233992 0.455101
vn -0.008435 0.984906 -0.172883
v -0.051641 -0.028461 0.141049
vt 0.300404 0.446875
vn -0.069833 0.989264 -0.128378
v -0.075998 -0.028827 0.149925
vt 0.267081 0.449110
vn -0.063612 0.985924 -0.154619
v -0.051702 -0.028751 0.137314
vt 0.303018 0.450723
vn -0.069833 0.989264 -0.128378
v -0.077020 -0.029500 0.146834
vt 0.267321 0.453452
vn -0.063635 0.985974 -0.154293
v -0.169550 -0.023738 0.164775
vt 0.144431 0.466814
vn 0.098533 0.984504 -0.145063
v -0.168985 -0.023345 0.167736
vt 0.144193 0.462871
vn 0.097003 0.984566 -0.145674
v -0.273579 -0.009071 0.172954
vt 0.010099 0.487616
vn 0.154131 0.988011 -0.008834
v -0.273579 -0.009071 0.166840
vt 0.007412 0.489954
vn 0.154131 0.988011 -0.008834
v -0.051641 -0.028461 0.141049
vt 0.300404 0.446875
vn 0.343352 -0.067511 0.936778
v -0.058417 -0.057998 0.133682
vt 0.294393 0.407514
vn 0.522218 -0.303940 0.796812
v -0.050008 -0.031368 0.140229
vt 0.302646 0.443621
vn 0.452286 -0.289935 0.843430
v -0.155235 -0.212785 0.171850
vt 0.143481 0.214525
vn 0.053679 0.042165 0.997668
v -0.162627 -0.220438 0.173114
vt 0.133154 0.206642
vn 0.053679 0.042165 0.997668
v -0.205103 -0.081744 0.171593
vt 0.092829 0.389764
vn 0.117077 0.008793 0.993084
v -0.115973 -0.134317 0.145617
vt 0.212426 0.312952
vn 0.589366 -0.251519 0.767715
v -0.127052 -0.157798 0.145761
vt 0.198475 0.282398
vn 0.711589 -0.221653 0.666717
v -0.110032 -0.096994 0.154438
vt 0.217772 0.362951
vn 0.331601 -0.145045 0.932203
v -0.106440 -0.118581 0.144915
vt 0.225229 0.333044
vn 0.530628 -0.274251 0.802010
v -0.096638 -0.103925 0.143748
vt 0.238776 0.351495
vn 0.517036 -0.272013 0.811593
v -0.084940 -0.087040 0.141704
vt 0.255607 0.372418
vn 0.521866 -0.271408 0.808699
v -0.072953 -0.071938 0.138532
vt 0.273322 0.390713
vn 0.543083 -0.281910 0.790941
v -0.153538 -0.086740 0.167015
vt 0.159690 0.379273
vn 0.175258 -0.023227 0.984249
v -0.269004 -0.051478 0.172970
vt 0.987515 0.059761
vn -0.985186 -0.171487 -0.000018
v -0.260418 -0.084698 0.172986
vt 0.987494 0.105200
vn -0.950838 -0.309688 -0.000058
v -0.269004 -0.051478 0.166856
vt 0.995612 0.059761
vn -0.985206 -0.171372 -0.000053
v -0.260418 -0.084698 0.166872
vt 0.995591 0.105200
vn -0.950838 -0.309688 -0.000058
v -0.247769 -0.116660 0.172993
vt 0.987486 0.150722
vn -0.904852 -0.425727 -0.000020
v -0.231068 -0.147035 0.172993
vt 0.987485 0.196627
vn -0.843516 -0.537105 -0.000063
v -0.247769 -0.116660 0.166878
vt 0.995583 0.150722
vn -0.904875 -0.425678 -0.000020
v -0.231068 -0.147035 0.166879
vt 0.995582 0.196627
vn -0.843516 -0.537105 -0.000063
v -0.210710 -0.174882 0.173046
vt 0.987415 0.242309
vn -0.771336 -0.636428 -0.000064
v -0.210710 -0.174882 0.166932
vt 0.995512 0.242309
vn -0.771028 -0.636802 -0.000064
v -0.187560 -0.199753 0.173039
vt 0.987425 0.287305
vn -0.687691 -0.726004 -0.000065
v -0.187560 -0.199753 0.166924
vt 0.995522 0.287305
vn -0.687912 -0.725794 -0.000065
v -0.162627 -0.220438 0.173114
vt 0.987325 0.330208
vn -0.638505 -0.769618 -0.000021
v -0.162627 -0.220438 0.166999
vt 0.995422 0.330208
vn -0.638505 -0.769618 -0.000021
v -0.273579 -0.009071 0.172954
vt 0.987536 0.003276
vn -0.994230 -0.107273 -0.000050
v -0.273579 -0.009071 0.166840
vt 0.995633 0.003276
vn -0.994230 -0.107273 -0.000050
v 0.163393 -0.219474 0.173117
vt 0.750782 0.146517
vn -0.079416 0.074686 0.994040
v 0.158838 -0.210950 0.171599
vt 0.743251 0.157769
vn -0.079416 0.074686 0.994040
v 0.187263 -0.199901 0.173040
vt 0.785036 0.180968
vn -0.062819 0.063881 0.995978
v 0.181152 -0.192686 0.172523
vt 0.774124 0.191189
vn -0.061811 0.063282 0.996080
v 0.210652 -0.174908 0.172953
vt 0.815221 0.226066
vn -0.053729 0.050368 0.997284
v 0.203925 -0.168471 0.172132
vt 0.803288 0.235104
vn -0.054526 0.050087 0.997255
v 0.148363 -0.186577 0.145166
vt 0.707154 0.200839
vn -0.567344 0.628200 0.532434
v 0.162013 -0.173927 0.145983
vt 0.725813 0.223591
vn -0.576739 0.609266 0.544213
v 0.151046 -0.193300 0.157157
vt 0.721565 0.186247
vn -0.502436 0.582085 0.639323
v 0.167841 -0.179561 0.157643
vt 0.744085 0.212678
vn -0.520839 0.559165 0.645028
v 0.172229 -0.163705 0.145617
vt 0.737332 0.244682
vn -0.636413 0.463291 0.616717
v 0.181571 -0.164685 0.156878
vt 0.760558 0.241984
vn -0.581653 0.420102 0.696559
v 0.217629 -0.150296 0.172293
vt 0.823398 0.264783
vn -0.064907 0.045078 0.996873
v 0.224325 -0.156898 0.172936
vt 0.832561 0.255548
vn -0.064907 0.045078 0.996873
v 0.149161 -0.084089 0.167595
vt 0.723012 0.382395
vn -0.155822 -0.058830 0.986032
v 0.187818 -0.120002 0.170156
vt 0.780712 0.318174
vn -0.143429 -0.084132 0.986078
v 0.145177 -0.092209 0.166323
vt 0.716045 0.369872
vn -0.154530 -0.061427 0.986077
v 0.115241 -0.078650 0.162357
vt 0.668116 0.393000
vn -0.182506 0.006565 0.983183
v 0.122400 -0.061665 0.164160
vt 0.679948 0.419420
vn -0.184520 0.011675 0.982759
v 0.045701 -0.059692 0.147800
vt 0.555040 0.422775
vn -0.264704 0.184499 0.946516
v 0.075862 -0.024825 0.149533
vt 0.603114 0.477831
vn -0.251829 0.146664 0.956594
v 0.078502 -0.067365 0.155728
vt 0.608631 0.411006
vn -0.218286 0.092657 0.971476
v 0.096236 -0.039319 0.157310
vt 0.636917 0.454612
vn -0.215832 0.086679 0.972576
v 0.042407 -0.035081 0.139919
vt 0.548102 0.463615
vn -0.316226 0.247765 0.915758
v 0.049730 -0.023398 0.139874
vt 0.560218 0.482681
vn -0.333619 0.168282 0.927567
v 0.140574 -0.105801 0.158703
vt 0.705509 0.346896
vn -0.375017 -0.399551 0.836493
v 0.122077 -0.105529 0.147995
vt 0.671819 0.344557
vn -0.435106 -0.540836 0.719846
v 0.110943 -0.087007 0.155565
vt 0.658550 0.377676
vn -0.358229 -0.509659 0.782253
v 0.107701 -0.094586 0.147417
vt 0.649557 0.361870
vn -0.425052 -0.559739 0.711353
v 0.077131 -0.073484 0.150509
vt 0.604095 0.399145
vn -0.334154 -0.603628 0.723861
v 0.057546 -0.072832 0.140542
vt 0.569198 0.396178
vn -0.320825 -0.711532 0.625135
v 0.041522 -0.064732 0.141575
vt 0.545529 0.411888
vn -0.317110 -0.659901 0.681155
v 0.036793 -0.068762 0.135265
vt 0.535151 0.402237
vn -0.317531 -0.693722 0.646470
v 0.092183 -0.085589 0.146227
vt 0.625044 0.376194
vn -0.372836 -0.675217 0.636455
v 0.178141 -0.140653 0.160570
vt 0.759829 0.284944
vn -0.392058 -0.378016 0.838686
v 0.187818 -0.120002 0.170156
vt 0.780712 0.318174
vn -0.315732 -0.306823 0.897871
v 0.145177 -0.092209 0.166323
vt 0.716045 0.369872
vn -0.319143 -0.355354 0.878562
v 0.145954 -0.179228 0.125382
vt 0.683253 0.222536
vn -0.640207 0.698755 0.319180
v 0.154758 -0.171625 0.125260
vt 0.694013 0.235371
vn -0.655317 0.683689 0.321136
v 0.148363 -0.186577 0.145166
vt 0.707154 0.200839
vn -0.640207 0.698755 0.319180
v 0.162013 -0.173927 0.145983
vt 0.725813 0.223591
vn -0.659583 0.679346 0.321620
v 0.162710 -0.163273 0.125677
vt 0.704286 0.246141
vn -0.760340 0.538970 0.362483
v 0.172229 -0.163705 0.145617
vt 0.737332 0.244682
vn -0.797465 0.468824 0.379807
v 0.120014 -0.111633 0.130054
vt 0.654775 0.320483
vn -0.624527 -0.715536 0.313008
v 0.105937 -0.101448 0.126463
vt 0.632474 0.332503
vn -0.548447 -0.781719 0.296853
v 0.122077 -0.105529 0.147995
vt 0.671819 0.344557
vn -0.622929 -0.717045 0.312738
v 0.107701 -0.094586 0.147417
vt 0.649557 0.361870
vn -0.551519 -0.779312 0.297488
v 0.071871 -0.089299 0.105552
vt 0.570191 0.331533
vn -0.284130 -0.904918 0.316851
v 0.064537 -0.089531 0.100629
vt 0.556962 0.328434
vn -0.297942 -0.907122 0.297254
v 0.057546 -0.072832 0.140542
vt 0.569198 0.396178
vn -0.282228 -0.905120 0.317969
v 0.036793 -0.068762 0.135265
vt 0.535151 0.402237
vn -0.345226 -0.902921 0.256033
v 0.092238 -0.094566 0.120038
vt 0.608476 0.336476
vn -0.462632 -0.840430 0.282223
v 0.092183 -0.085589 0.146227
vt 0.625044 0.376194
vn -0.469098 -0.836493 0.283243
v 0.160829 -0.155473 0.128266
vt 0.705028 0.254462
vn -0.696509 -0.634107 0.335833
v 0.133430 -0.123953 0.131933
vt 0.674569 0.304558
vn -0.681336 -0.653394 0.329936
v 0.168579 -0.154404 0.145939
vt 0.734481 0.261564
vn -0.698006 -0.632089 0.336529
v 0.135522 -0.118030 0.148137
vt 0.691961 0.324698
vn -0.678436 -0.656901 0.328946
v 0.154751 -0.201536 0.166007
vt 0.733399 0.171846
vn -0.387903 0.461397 0.797900
v 0.174270 -0.185876 0.165957
vt 0.759540 0.202039
vn -0.417539 0.449391 0.789752
v 0.158838 -0.210950 0.171599
vt 0.743251 0.157769
vn -0.344292 0.402757 0.848086
v 0.181152 -0.192686 0.172523
vt 0.774124 0.191189
vn -0.379225 0.401792 0.833517
v 0.191469 -0.165901 0.164558
vt 0.780451 0.239660
vn -0.435802 0.357572 0.825966
v 0.190167 -0.155487 0.161618
vt 0.776397 0.257646
vn -0.431816 -0.058536 0.900060
v 0.203925 -0.168471 0.172132
vt 0.803288 0.235104
vn -0.412706 0.319950 0.852822
v 0.217629 -0.150296 0.172293
vt 0.823398 0.264783
vn -0.375426 -0.028439 0.926416
v 0.115241 -0.078650 0.162357
vt 0.668116 0.393000
vn -0.325130 -0.463343 0.824380
v 0.078502 -0.067365 0.155728
vt 0.608631 0.411006
vn -0.319956 -0.556243 0.766956
v 0.045701 -0.059692 0.147800
vt 0.555040 0.422775
vn -0.319923 -0.601020 0.732410
v 0.076905 -0.024860 0.146377
vt 0.605930 0.482137
vn -0.311632 0.125793 0.941840
v 0.079650 -0.021405 0.146834
vt 0.610480 0.487409
vn -0.309732 0.123569 0.942760
v 0.097098 -0.039248 0.154210
vt 0.639823 0.458731
vn -0.245929 0.073981 0.966461
v 0.099316 -0.035764 0.154517
vt 0.643310 0.464222
vn -0.249641 0.076396 0.965320
v 0.123497 -0.062004 0.161256
vt 0.683806 0.422439
vn -0.159695 0.028268 0.986762
v 0.125350 -0.057530 0.161409
vt 0.686660 0.429517
vn -0.178306 0.036773 0.983288
v 0.149849 -0.084103 0.164633
vt 0.726683 0.385393
vn -0.096938 -0.011332 0.995226
v 0.151122 -0.080454 0.164775
vt 0.728908 0.391113
vn -0.104927 -0.003821 0.994473
v 0.189985 -0.116333 0.167448
vt 0.787463 0.326614
vn -0.077422 -0.015212 0.996882
v 0.188327 -0.119930 0.167183
vt 0.784426 0.321106
vn -0.069522 -0.010307 0.997527
v 0.205552 -0.132395 0.167992
vt 0.809989 0.297989
vn 0.006685 -0.005203 0.999964
v 0.203210 -0.135089 0.168129
vt 0.805925 0.294113
vn 0.010879 -0.006223 0.999921
v 0.058727 -0.007130 0.137314
vt 0.577879 0.511153
vn -0.326525 0.142797 0.934339
v 0.054677 -0.009092 0.136225
vt 0.571381 0.508706
vn -0.326525 0.142797 0.934339
v 0.142846 -0.183633 0.124913
vt 0.676013 0.213898
vn -0.349325 0.866028 0.357726
v 0.146962 -0.181702 0.124495
vt 0.680363 0.219390
vn -0.349325 0.866028 0.357726
v 0.144948 -0.190633 0.144148
vt 0.698943 0.192548
vn -0.349325 0.866028 0.357726
v 0.149281 -0.188884 0.143906
vt 0.703942 0.197882
vn -0.349325 0.866028 0.357726
v 0.144948 -0.190633 0.144148
vt 0.698943 0.192548
vn -0.315707 0.795863 0.516654
v 0.149281 -0.188884 0.143906
vt 0.703942 0.197882
vn -0.315707 0.795863 0.516654
v 0.147555 -0.197219 0.155693
vt 0.712929 0.178346
vn -0.288949 0.725486 0.624643
v 0.151756 -0.195083 0.155164
vt 0.717964 0.183809
vn -0.293535 0.737428 0.608307
v 0.159165 -0.211722 0.169017
vt 0.740223 0.154746
vn -0.045729 0.156377 0.986638
v 0.154718 -0.214142 0.169070
vt 0.734610 0.149473
vn -0.036331 0.138198 0.989738
v 0.155358 -0.203029 0.163856
vt 0.730154 0.169137
vn -0.230144 0.554798 0.799521
v 0.151028 -0.205203 0.164148
vt 0.724379 0.164084
vn -0.226435 0.543295 0.808429
v 0.163393 -0.219474 0.167002
vt 0.752284 0.142664
vn 0.124878 -0.175539 0.976520
v 0.159394 -0.222786 0.166999
vt 0.746336 0.136691
vn 0.124878 -0.175539 0.976520
v 0.015548 -0.053884 0.140280
vt 0.505289 0.431625
vn -0.308002 -0.655024 0.689984
v 0.079398 -0.090486 0.111165
vt 0.584353 0.334204
vn -0.373927 -0.883321 0.282707
v 0.076323 -0.078687 0.144224
vt 0.599658 0.387193
vn -0.384021 -0.879215 0.281974
v 0.076323 -0.078687 0.144224
vt 0.599658 0.387193
vn -0.363047 -0.688039 0.628330
v 0.135522 -0.118030 0.148137
vt 0.691961 0.324698
vn -0.464930 -0.466831 0.752269
v 0.184689 -0.147895 0.160990
vt 0.768776 0.271404
vn -0.390217 -0.281940 0.876493
v 0.202896 -0.134891 0.171112
vt 0.802086 0.291281
vn -0.328852 -0.237631 0.913995
v 0.168579 -0.154404 0.145939
vt 0.734481 0.261564
vn -0.482532 -0.450817 0.750951
v 0.171848 -0.158939 0.145916
vt 0.737661 0.252768
vn -0.638071 -0.158648 0.753456
v 0.162872 -0.159008 0.126808
vt 0.706380 0.250578
vn -0.859391 -0.308294 0.407925
v 0.171848 -0.158939 0.145916
vt 0.737661 0.252768
vn -0.856960 -0.316324 0.406888
v 0.054195 -0.010378 0.139991
vt 0.568286 0.504140
vn -0.339428 0.108068 0.934403
v 0.032579 -0.044838 0.140115
vt 0.532498 0.447283
vn -0.288005 0.266053 0.919929
v 0.020422 -0.051506 0.140101
vt 0.513065 0.435839
vn -0.164935 0.352679 0.921094
v 0.226661 -0.153467 0.166840
vt 0.841124 0.260338
vn 0.043783 -0.014110 0.998941
v 0.224325 -0.156898 0.166822
vt 0.837027 0.255249
vn 0.043783 -0.014110 0.998941
v 0.075862 -0.024825 0.149533
vt 0.603114 0.477831
vn 0.497743 0.840777 0.212946
v 0.076905 -0.024860 0.146377
vt 0.605930 0.482137
vn 0.495483 0.841272 0.216236
v 0.096236 -0.039319 0.157310
vt 0.636917 0.454612
vn 0.580516 0.797011 0.166659
v 0.097098 -0.039248 0.154210
vt 0.639823 0.458731
vn 0.577896 0.798908 0.166678
v 0.122400 -0.061665 0.164160
vt 0.679948 0.419420
vn 0.619887 0.768779 0.157219
v 0.123497 -0.062004 0.161256
vt 0.683806 0.422439
vn 0.620976 0.768488 0.154320
v 0.149161 -0.084089 0.167595
vt 0.723012 0.382395
vn 0.650306 0.746096 0.142980
v 0.149849 -0.084103 0.164633
vt 0.726683 0.385393
vn 0.652992 0.743769 0.142862
v 0.188327 -0.119930 0.167183
vt 0.784426 0.321106
vn 0.679694 0.722930 0.124049
v 0.187818 -0.120002 0.170156
vt 0.780712 0.318174
vn 0.678695 0.723558 0.125843
v 0.202896 -0.134891 0.171112
vt 0.802086 0.291281
vn 0.713417 0.698500 0.055974
v 0.203210 -0.135089 0.168129
vt 0.805925 0.294113
vn 0.714337 0.697742 0.053655
v 0.224325 -0.156898 0.172936
vt 0.832561 0.255548
vn 0.702083 0.712095 0.000022
v 0.217629 -0.150296 0.172293
vt 0.823398 0.264783
vn 0.718732 0.694306 0.036927
v 0.224325 -0.156898 0.166822
vt 0.837027 0.255249
vn 0.713506 0.700203 0.025005
v 0.054195 -0.010378 0.139991
vt 0.568286 0.504140
vn 0.467596 0.846071 0.255965
v 0.054677 -0.009092 0.136225
vt 0.571381 0.508706
vn 0.467596 0.846071 0.255965
v 0.049730 -0.023398 0.139874
vt 0.560218 0.482681
vn -0.506709 0.238145 0.828573
v 0.036811 -0.017322 0.130232
vt 0.536130 0.493985
vn -0.506406 0.238663 0.828609
v 0.054195 -0.010378 0.139991
vt 0.568286 0.504140
vn -0.534281 0.175561 0.826875
v 0.039962 -0.007623 0.130213
vt 0.541232 0.509495
vn -0.534281 0.175561 0.826875
v 0.042407 -0.035081 0.139919
vt 0.548102 0.463615
vn -0.431893 0.356256 0.828583
v 0.032579 -0.044838 0.140115
vt 0.532498 0.447283
vn -0.328832 0.451963 0.829216
v 0.031346 -0.025932 0.130206
vt 0.527513 0.480184
vn -0.432418 0.355698 0.828549
v 0.023913 -0.032913 0.130182
vt 0.515870 0.468765
vn -0.329509 0.451474 0.829214
v 0.020422 -0.051506 0.140101
vt 0.513065 0.435839
vn -0.205054 0.519596 0.829441
v 0.006877 -0.054749 0.139991
vt 0.489279 0.428610
vn -0.137537 0.544779 0.827224
v 0.014976 -0.037826 0.130191
vt 0.501784 0.460438
vn -0.204540 0.519827 0.829423
v 0.005099 -0.040362 0.130213
vt 0.486011 0.455999
vn -0.137537 0.544779 0.827224
v 0.036811 -0.017322 0.130232
vt 0.536130 0.493985
vn -0.061725 0.027074 0.997726
v 0.030274 -0.014246 0.129734
vt 0.526154 0.498511
vn -0.061725 0.027074 0.997726
v 0.039962 -0.007623 0.130213
vt 0.541232 0.509495
vn -0.063023 0.013792 0.997917
v 0.032865 -0.006269 0.129769
vt 0.530288 0.511445
vn -0.063023 0.013792 0.997917
v 0.031346 -0.025932 0.130206
vt 0.527513 0.480184
vn -0.055222 0.042189 0.997582
v 0.023913 -0.032913 0.130182
vt 0.515870 0.468765
vn -0.040102 0.054976 0.997682
v 0.025780 -0.021327 0.129698
vt 0.519014 0.486959
vn -0.055222 0.042189 0.997582
v 0.019666 -0.027068 0.129684
vt 0.509257 0.477503
vn -0.040102 0.054976 0.997682
v 0.014976 -0.037826 0.130191
vt 0.501784 0.460438
vn -0.021324 0.061597 0.997873
v 0.012317 -0.031109 0.129716
vt 0.497554 0.470642
vn -0.021324 0.061597 0.997873
v 0.030274 -0.014246 0.132217
vt 0.522767 0.500050
vn 0.904955 -0.425507 0.000020
v 0.032865 -0.006269 0.132252
vt 0.526528 0.512098
vn 0.951059 -0.309008 0.000019
v 0.030274 -0.014246 0.129734
vt 0.526154 0.498511
vn 0.904668 -0.426118 -0.000020
v 0.032865 -0.006269 0.129769
vt 0.530288 0.511445
vn 0.951059 -0.309008 0.000019
v 0.025780 -0.021327 0.129698
vt 0.519014 0.486959
vn 0.770313 -0.637666 -0.000021
v 0.019666 -0.027068 0.129684
vt 0.509257 0.477503
vn 0.587852 -0.808968 -0.000021
v 0.025780 -0.021327 0.132181
vt 0.516128 0.489277
vn 0.770641 -0.637270 0.000021
v 0.019666 -0.027068 0.132166
vt 0.507065 0.480424
vn 0.587660 -0.809108 -0.000021
v 0.012317 -0.031109 0.129716
vt 0.497554 0.470642
vn 0.368472 -0.929639 -0.000020
v 0.004193 -0.033194 0.129769
vt 0.484484 0.467012
vn 0.248676 -0.968587 -0.000019
v 0.012317 -0.031109 0.132199
vt 0.496112 0.474104
vn 0.367684 -0.929951 0.000020
v 0.004193 -0.033194 0.132252
vt 0.483942 0.470790
vn 0.248676 -0.968587 -0.000019
v 0.032865 -0.006269 0.132252
vt 0.526528 0.512098
vn 0.040877 -0.017703 0.999007
v 0.030274 -0.014246 0.132217
vt 0.522767 0.500050
vn 0.035783 -0.026809 0.999000
v 0.000000 0.000000 0.133710
vt 0.476811 0.520754
vn 0.028883 -0.033710 0.999014
v 0.025780 -0.021327 0.132181
vt 0.516128 0.489277
vn 0.033188 -0.031403 0.998956
v 0.019666 -0.027068 0.132166
vt 0.507065 0.480424
vn 0.027275 -0.035799 0.998987
v 0.012317 -0.031109 0.132199
vt 0.496112 0.474104
vn 0.021376 -0.040114 0.998966
v 0.004193 -0.033194 0.132252
vt 0.483942 0.470790
vn 0.021376 -0.040114 0.998966
v 0.035282 -0.067535 0.133221
vt 0.530846 0.401005
vn 0.344666 -0.274219 0.897780
v 0.035596 -0.072253 0.131638
vt 0.527553 0.393971
vn 0.567001 -0.332321 0.753706
v 0.015731 -0.054158 0.137420
vt 0.504160 0.427257
vn 0.064076 -0.146112 0.987191
v 0.014731 -0.057125 0.137514
vt 0.502478 0.422794
vn 0.054494 -0.133404 0.989562
v 0.059281 -0.090554 0.099384
vt 0.546339 0.327706
vn 0.637077 -0.347313 0.688118
v 0.062078 -0.088184 0.099080
vt 0.552032 0.328294
vn 0.637077 -0.347313 0.688118
v 0.015548 -0.053884 0.140280
vt 0.505289 0.431625
vn -0.361609 -0.932065 0.022228
v 0.015731 -0.054158 0.137420
vt 0.504160 0.427257
vn -0.407277 -0.913154 0.016586
v 0.035282 -0.067535 0.133221
vt 0.530846 0.401005
vn -0.570294 -0.821089 0.024039
v 0.061741 -0.091902 0.100934
vt 0.587741 0.310121
vn 0.569328 0.821106 -0.040638
v 0.037107 -0.073480 0.133682
vt 0.529624 0.314780
vn 0.577697 0.816212 -0.007979
v 0.059281 -0.090554 0.099384
vt 0.587081 0.314233
vn 0.569328 0.821106 -0.040638
v 0.035596 -0.072253 0.131638
vt 0.529936 0.318418
vn 0.581774 0.813300 0.009063
v 0.062078 -0.088184 0.099080
vt 0.552032 0.328294
vn -0.570115 -0.820493 0.041948
v 0.006877 -0.054749 0.139991
vt 0.489279 0.428610
vn 0.086871 -0.993707 0.070709
v 0.008249 -0.054811 0.136225
vt 0.494579 0.427076
vn 0.086871 -0.993707 0.070709
v 0.014731 -0.057125 0.137514
vt 0.500054 0.336807
vn 0.597198 0.797909 0.081830
v 0.014380 -0.057254 0.140229
vt 0.498119 0.334256
vn 0.597198 0.797909 0.081830
v 0.014731 -0.057125 0.137514
vt 0.500054 0.336807
vn -0.234609 0.971768 -0.025009
v 0.014380 -0.057254 0.140229
vt 0.498119 0.334256
vn -0.234609 0.971768 -0.025009
v 0.011366 -0.058056 0.137314
vt 0.491519 0.336902
vn -0.234609 0.971768 -0.025009
v 0.011110 -0.057908 0.141049
vt 0.494316 0.333185
vn -0.234609 0.971768 -0.025009
v 0.008249 -0.054811 0.136225
vt 0.494579 0.427076
vn -0.145931 0.136800 0.979791
v 0.011366 -0.058056 0.137314
vt 0.498913 0.421651
vn -0.145931 0.136800 0.979791
v 0.144030 -0.188327 0.145408
vt 0.659312 0.157532
vn 0.931654 0.362177 0.029130
v 0.141838 -0.181159 0.125800
vt 0.667382 0.182957
vn 0.931654 0.362177 0.029130
v 0.144948 -0.190633 0.144148
vt 0.662852 0.156796
vn 0.931654 0.362177 0.029130
v 0.142846 -0.183633 0.124913
vt 0.670807 0.181641
vn 0.931654 0.362177 0.029130
v 0.145954 -0.179228 0.125382
vt 0.683253 0.222536
vn -0.930853 -0.364672 -0.022955
v 0.148363 -0.186577 0.145166
vt 0.707154 0.200839
vn -0.930200 -0.366792 -0.013821
v 0.146962 -0.181702 0.124495
vt 0.680363 0.219390
vn -0.930853 -0.364672 -0.022955
v 0.149281 -0.188884 0.143906
vt 0.703942 0.197882
vn -0.930202 -0.366784 -0.013942
v 0.146845 -0.195436 0.157686
vt 0.657727 0.139643
vn 0.925730 0.378136 -0.006056
v 0.144030 -0.188327 0.145408
vt 0.659312 0.157532
vn 0.929342 0.369219 0.000734
v 0.147555 -0.197219 0.155693
vt 0.661270 0.140105
vn 0.926285 0.376790 -0.005090
v 0.144948 -0.190633 0.144148
vt 0.662852 0.156796
vn 0.929342 0.369219 0.000734
v 0.151046 -0.193300 0.157157
vt 0.721565 0.186247
vn -0.923779 -0.382786 0.010349
v 0.151756 -0.195083 0.155164
vt 0.717964 0.183809
vn -0.924694 -0.380612 0.008682
v 0.154751 -0.201536 0.166007
vt 0.733399 0.171846
vn -0.918671 -0.394787 0.013669
v 0.158838 -0.210950 0.171599
vt 0.743251 0.157769
vn -0.897014 -0.441917 0.008657
v 0.155358 -0.203029 0.163856
vt 0.730154 0.169137
vn -0.918671 -0.394787 0.013669
v 0.159165 -0.211722 0.169017
vt 0.740223 0.154746
vn -0.895482 -0.445013 0.008626
v 0.150478 -0.203839 0.166459
vt 0.659976 0.123896
vn 0.923468 0.383619 -0.006555
v 0.151028 -0.205203 0.164148
vt 0.663392 0.124720
vn 0.923476 0.383599 -0.006635
v 0.154401 -0.213391 0.171850
vt 0.663502 0.109603
vn 0.899928 0.436008 -0.005177
v 0.154718 -0.214142 0.169070
vt 0.667327 0.110433
vn 0.898467 0.439008 -0.005430
v 0.163393 -0.219474 0.173117
vt 0.750782 0.146517
vn -0.879873 -0.475123 0.009054
v 0.163393 -0.219474 0.167002
vt 0.752284 0.142664
vn -0.879873 -0.475123 0.009054
v 0.159394 -0.222786 0.173114
vt 0.667625 0.097282
vn 0.881180 0.472706 -0.008419
v 0.159394 -0.222786 0.166999
vt 0.670228 0.094654
vn 0.881180 0.472706 -0.008419
v 0.015548 -0.053884 0.140280
vt 0.505289 0.431625
vn -0.115310 0.307376 0.944576
v 0.006877 -0.054749 0.139991
vt 0.489279 0.428610
vn -0.050536 0.177588 0.982806
v 0.210652 -0.174908 0.172953
vt 0.103292 0.115131
vn 0.757446 -0.652898 -0.000022
v 0.224325 -0.156898 0.172936
vt 0.103314 0.145563
vn 0.796448 -0.604707 0.000021
v 0.210652 -0.174908 0.166839
vt 0.111521 0.115131
vn 0.757505 -0.652829 0.000022
v 0.224325 -0.156898 0.166822
vt 0.111543 0.145563
vn 0.796448 -0.604707 0.000021
v 0.163393 -0.219474 0.173117
vt 0.103071 0.027519
vn 0.634049 -0.773293 0.000021
v 0.187263 -0.199901 0.173040
vt 0.103174 0.069063
vn 0.685985 -0.727616 -0.000022
v 0.163393 -0.219474 0.167002
vt 0.111300 0.027519
vn 0.634049 -0.773293 0.000021
v 0.187263 -0.199901 0.166926
vt 0.111403 0.069063
vn 0.686140 -0.727469 0.000022
v -0.034169 -0.271745 0.172970
vt 0.413584 0.056070
vn -0.007209 0.041191 0.999125
v -0.075914 -0.262992 0.172954
vt 0.361958 0.071628
vn -0.007714 0.048976 0.998770
v -0.026053 -0.218574 0.170970
vt 0.429000 0.124431
vn -0.004527 0.052597 0.998606
v -0.052156 -0.216174 0.170421
vt 0.395334 0.130087
vn -0.008106 0.053768 0.998520
v -0.062304 -0.236044 0.170975
vt 0.380259 0.105350
vn -0.007714 0.048976 0.998770
v 0.000079 -0.273845 0.172986
vt 0.457597 0.050237
vn -0.005616 0.031590 0.999485
v 0.014363 -0.220325 0.171593
vt 0.481296 0.118295
vn -0.007113 0.026891 0.999613
v 0.034385 -0.271692 0.172993
vt 0.502033 0.049703
vn -0.007426 0.021681 0.999737
v 0.068435 -0.265195 0.172993
vt 0.546543 0.054523
vn -0.008824 0.018478 0.999790
v 0.070818 -0.220678 0.172287
vt 0.554484 0.112058
vn -0.008725 0.017998 0.999800
v 0.101210 -0.254438 0.173046
vt 0.589779 0.064578
vn -0.005509 0.017496 0.999832
v 0.104313 -0.219437 0.172607
vt 0.597929 0.109478
vn -0.003417 0.019301 0.999808
v 0.132017 -0.240108 0.173038
vt 0.631014 0.078843
vn -0.004010 0.035394 0.999365
v 0.128852 -0.217053 0.172026
vt 0.629853 0.109139
vn -0.006618 0.039278 0.999206
v 0.126108 -0.180466 0.144818
vt 0.637497 0.170206
vn 0.463567 0.835560 0.294865
v 0.110813 -0.169596 0.145761
vt 0.617040 0.183579
vn 0.616261 0.737976 0.274979
v 0.125733 -0.174531 0.129853
vt 0.645452 0.189509
vn 0.475098 0.829391 0.293927
v 0.111762 -0.165252 0.131591
vt 0.627369 0.199888
vn 0.622685 0.733075 0.273613
v 0.094851 -0.149036 0.131228
vt 0.606696 0.220119
vn 0.689478 0.673313 0.266963
v 0.091905 -0.151803 0.145617
vt 0.592634 0.206656
vn 0.688071 0.674792 0.266858
v 0.083686 -0.135665 0.129391
vt 0.594364 0.238009
vn 0.735288 0.621853 0.269537
v 0.079885 -0.137874 0.144915
vt 0.577757 0.225265
vn 0.734273 0.623061 0.269515
v 0.073837 -0.121755 0.125237
vt 0.585204 0.258195
vn 0.746804 0.609008 0.267195
v 0.068976 -0.124023 0.143748
vt 0.564672 0.244048
vn 0.746594 0.609070 0.267640
v 0.067329 -0.111213 0.118983
vt 0.582113 0.275632
vn 0.763669 0.584885 0.273349
v 0.056533 -0.107679 0.141704
vt 0.550309 0.266736
vn 0.764081 0.584204 0.273652
v 0.063600 -0.102411 0.111299
vt 0.583212 0.291353
vn 0.798200 0.511775 0.317745
v 0.045873 -0.091613 0.138532
vt 0.538718 0.289412
vn 0.800201 0.506500 0.321148
v 0.061741 -0.091902 0.100934
vt 0.587741 0.310121
vn 0.809582 0.479878 0.338073
v 0.037107 -0.073480 0.133682
vt 0.529624 0.314780
vn 0.809582 0.479878 0.338073
v 0.127715 -0.204143 0.168184
vt 0.630351 0.126712
vn 0.083761 0.446258 0.890976
v 0.150478 -0.203839 0.166459
vt 0.659976 0.123896
vn 0.054864 0.506140 0.860705
v 0.128852 -0.217053 0.172026
vt 0.629853 0.109139
vn 0.018990 0.301567 0.953256
v 0.154401 -0.213391 0.171850
vt 0.663502 0.109603
vn 0.005100 0.381107 0.924517
v 0.126108 -0.180466 0.144818
vt 0.637497 0.170206
vn 0.393141 0.753569 0.526852
v 0.144030 -0.188327 0.145408
vt 0.659312 0.157532
vn 0.288952 0.822035 0.490679
v 0.126146 -0.189415 0.157767
vt 0.631711 0.150401
vn 0.233257 0.647371 0.725605
v 0.146845 -0.195436 0.157686
vt 0.657727 0.139643
vn 0.180782 0.721665 0.668219
v 0.144030 -0.188327 0.145408
vt 0.659312 0.157532
vn 0.399385 0.866706 0.298852
v 0.141838 -0.181159 0.125800
vt 0.667382 0.182957
vn 0.399385 0.866706 0.298852
v 0.104313 -0.219437 0.172607
vt 0.597929 0.109478
vn 0.010772 0.185061 0.982668
v 0.105738 -0.203282 0.169426
vt 0.601910 0.130640
vn 0.077680 0.323580 0.943007
v 0.075779 -0.201402 0.169709
vt 0.563096 0.136841
vn 0.059657 0.215044 0.974781
v 0.070818 -0.220678 0.172287
vt 0.554484 0.112058
vn -0.006217 0.145781 0.989297
v -0.000332 -0.169330 0.167931
vt 0.467081 0.185899
vn 0.027685 0.098170 0.994784
v -0.030017 -0.167928 0.167736
vt 0.428710 0.190526
vn -0.001101 0.078996 0.996874
v 0.109692 -0.179007 0.156970
vt 0.610969 0.165464
vn 0.217369 0.479089 0.850426
v 0.084578 -0.163121 0.155753
vt 0.579590 0.188789
vn 0.173951 0.304442 0.936513
v 0.030550 -0.097344 0.150093
vt 0.514658 0.279213
vn 0.235459 0.303880 0.923155
v -0.003663 -0.104689 0.157612
vt 0.468848 0.271176
vn 0.115284 0.235770 0.964947
v 0.020015 -0.080023 0.146648
vt 0.502927 0.303107
vn 0.289942 0.333845 0.896929
v 0.003931 -0.081187 0.149925
vt 0.481435 0.302371
vn 0.159881 0.276407 0.947648
v 0.016297 -0.139616 0.163665
vt 0.491265 0.223244
vn 0.109486 0.188854 0.975883
v -0.015996 -0.135845 0.164313
vt 0.449797 0.231013
vn 0.058589 0.168265 0.983999
v -0.052156 -0.216174 0.170421
vt 0.395334 0.130087
vn -0.898248 0.421281 -0.125194
v -0.062304 -0.236044 0.170975
vt 0.380259 0.105350
vn -0.890189 0.454250 -0.034918
v -0.051931 -0.216635 0.167448
vt 0.391801 0.131798
vn -0.897628 0.423188 -0.123193
v -0.062396 -0.236403 0.167992
vt 0.376672 0.106885
vn -0.890521 0.453905 -0.030698
v -0.015996 -0.135845 0.164313
vt 0.449797 0.231013
vn -0.921075 0.355463 -0.158959
v -0.015979 -0.136993 0.161409
vt 0.445880 0.232057
vn -0.918981 0.361572 -0.157288
v -0.003663 -0.104689 0.157612
vt 0.468848 0.271176
vn -0.938667 0.298577 -0.172499
v -0.003323 -0.105507 0.154517
vt 0.465077 0.272994
vn -0.939297 0.296349 -0.172913
v 0.011110 -0.057908 0.141049
vt 0.494316 0.333185
vn -0.962425 0.239287 -0.128371
v 0.003931 -0.081187 0.149925
vt 0.481435 0.302371
vn -0.957329 0.244174 -0.154596
v 0.011366 -0.058056 0.137314
vt 0.491519 0.336902
vn -0.962425 0.239287 -0.128371
v 0.004256 -0.082366 0.146834
vt 0.477404 0.304002
vn -0.957383 0.244166 -0.154275
v -0.029817 -0.168587 0.164775
vt 0.425056 0.192026
vn -0.905901 0.397857 -0.145095
v -0.030017 -0.167928 0.167736
vt 0.428710 0.190526
vn -0.906410 0.396463 -0.145734
v -0.075914 -0.262992 0.172954
vt 0.361958 0.071628
vn -0.892043 0.451863 -0.008897
v -0.075914 -0.262992 0.166840
vt 0.358877 0.069841
vn -0.892043 0.451863 -0.008897
v 0.011110 -0.057908 0.141049
vt 0.494316 0.333185
vn 0.170277 0.305654 0.936793
v 0.037107 -0.073480 0.133682
vt 0.529624 0.314780
vn 0.450383 0.402698 0.796862
v 0.014380 -0.057254 0.140229
vt 0.498119 0.334256
vn 0.415478 0.340598 0.843428
v 0.154401 -0.213391 0.171850
vt 0.663502 0.109603
vn -0.023532 0.064071 0.997668
v 0.159394 -0.222786 0.173114
vt 0.667625 0.097282
vn -0.023532 0.064071 0.997668
v 0.014363 -0.220325 0.171593
vt 0.481296 0.118295
vn 0.027796 0.114076 0.993083
v 0.091905 -0.151803 0.145617
vt 0.592634 0.206656
vn 0.421305 0.482785 0.767737
v 0.110813 -0.169596 0.145761
vt 0.617040 0.183579
vn 0.430667 0.608274 0.666730
v 0.058245 -0.134620 0.154438
vt 0.547044 0.227871
vn 0.240358 0.270571 0.932212
v 0.079885 -0.137874 0.144915
vt 0.577757 0.225265
vn 0.424715 0.419890 0.802066
v 0.068976 -0.124023 0.143748
vt 0.564672 0.244048
vn 0.418360 0.407764 0.811605
v 0.056533 -0.107679 0.141704
vt 0.550309 0.266736
vn 0.419380 0.412471 0.808695
v 0.045873 -0.091613 0.138532
vt 0.538718 0.289412
vn 0.435879 0.429409 0.790960
v 0.035049 -0.172828 0.167015
vt 0.512830 0.178178
vn 0.076190 0.159473 0.984258
v -0.034169 -0.271745 0.172970
vt 0.973910 0.059522
vn -0.141388 -0.989954 -0.000017
v 0.000079 -0.273845 0.172986
vt 0.973889 0.104961
vn 0.000672 -1.000000 -0.000015
v -0.034169 -0.271745 0.166856
vt 0.982007 0.059522
vn -0.141388 -0.989954 -0.000017
v 0.000079 -0.273845 0.166872
vt 0.981986 0.104961
vn 0.000672 -1.000000 -0.000015
v 0.034385 -0.271692 0.172993
vt 0.973880 0.150483
vn 0.125271 -0.992123 0.000017
v 0.068435 -0.265195 0.172993
vt 0.973880 0.196388
vn 0.249771 -0.968305 -0.000019
v 0.034385 -0.271692 0.166878
vt 0.981978 0.150483
vn 0.125271 -0.992123 0.000017
v 0.068435 -0.265195 0.166879
vt 0.981977 0.196388
vn 0.250078 -0.968226 -0.000019
v 0.101210 -0.254438 0.173046
vt 0.973809 0.242070
vn 0.367469 -0.930036 -0.000020
v 0.101210 -0.254438 0.166932
vt 0.981907 0.242070
vn 0.367349 -0.930083 0.000020
v 0.132017 -0.240108 0.173038
vt 0.973819 0.287066
vn 0.477948 -0.878388 0.000021
v 0.132017 -0.240108 0.166924
vt 0.981917 0.287066
vn 0.477801 -0.878468 0.000021
v 0.159394 -0.222786 0.173114
vt 0.973720 0.329968
vn 0.534656 -0.845070 0.000021
v 0.159394 -0.222786 0.166999
vt 0.981817 0.329968
vn 0.534656 -0.845070 0.000021
v -0.075914 -0.262992 0.172954
vt 0.973931 0.003037
vn -0.205189 -0.978722 -0.000018
v -0.075914 -0.262992 0.166840
vt 0.982028 0.003037
vn -0.205189 -0.978722 -0.000018
v 0.259223 0.087575 0.173117
vt 0.917484 0.665565
vn -0.095630 -0.052512 0.994031
v 0.249709 0.085877 0.171599
vt 0.904456 0.661876
vn -0.095630 -0.052512 0.994031
v 0.247984 0.116325 0.173040
vt 0.895291 0.708779
vn -0.080313 -0.040012 0.995966
v 0.239234 0.112742 0.172524
vt 0.882201 0.701556
vn -0.079306 -0.039202 0.996079
v 0.231442 0.146292 0.172953
vt 0.861729 0.751411
vn -0.064514 -0.035514 0.997285
v 0.223241 0.141884 0.172132
vt 0.849447 0.742853
vn -0.064520 -0.036206 0.997259
v 0.223292 0.083446 0.145166
vt 0.852345 0.640841
vn -0.772856 -0.345437 0.532322
v 0.215479 0.100337 0.145983
vt 0.836458 0.665610
vn -0.757706 -0.360325 0.544102
v 0.230515 0.083920 0.157157
vt 0.870672 0.650043
vn -0.708840 -0.298040 0.639310
v 0.222638 0.104139 0.157643
vt 0.852483 0.679620
vn -0.692830 -0.322537 0.644947
v 0.208915 0.113211 0.145617
vt 0.819955 0.683077
vn -0.637339 -0.462103 0.616652
v 0.212733 0.121794 0.156878
vt 0.829700 0.704337
vn -0.579311 -0.423328 0.696558
v 0.210191 0.160533 0.172293
vt 0.827440 0.771150
vn -0.063030 -0.047817 0.996865
v 0.218539 0.164861 0.172936
vt 0.839053 0.777011
vn -0.063030 -0.047817 0.996865
v 0.126067 0.115876 0.167595
vt 0.684564 0.712075
vn 0.007700 -0.166343 0.986038
v 0.172167 0.141543 0.170156
vt 0.763481 0.747062
vn 0.035575 -0.162411 0.986082
v 0.132558 0.109578 0.166323
vt 0.694315 0.701573
vn 0.010698 -0.165900 0.986085
v 0.110412 0.085296 0.162357
vt 0.657485 0.663161
vn -0.062734 -0.171520 0.983181
v 0.096470 0.097353 0.164160
vt 0.636026 0.682592
vn -0.068237 -0.171832 0.982760
v 0.070893 0.025018 0.147800
vt 0.594167 0.564864
vn -0.257351 -0.194736 0.946493
v 0.047053 0.064478 0.149533
vt 0.556689 0.627614
vn -0.217344 -0.194213 0.956578
v 0.088327 0.053842 0.155728
vt 0.621946 0.612177
vn -0.155719 -0.178999 0.971448
v 0.067133 0.079375 0.157310
vt 0.589235 0.652571
vn -0.149216 -0.178421 0.972574
v 0.046468 0.029490 0.139919
vt 0.553184 0.570901
vn -0.333434 -0.224215 0.915723
v 0.037620 0.040065 0.139874
vt 0.538800 0.588320
vn -0.263121 -0.265343 0.927556
v 0.144062 0.101000 0.158703
vt 0.712902 0.684442
vn 0.264091 -0.480111 0.836510
v 0.138088 0.083492 0.147995
vt 0.704697 0.651684
vn 0.379886 -0.580895 0.719894
v 0.117031 0.078627 0.155565
vt 0.669095 0.649321
vn 0.374008 -0.498164 0.782273
v 0.123238 0.073201 0.147417
vt 0.681341 0.635876
vn 0.400971 -0.577209 0.711373
v 0.093722 0.050648 0.150509
vt 0.631820 0.604192
vn 0.470877 -0.504217 0.723906
v 0.087050 0.032223 0.140542
vt 0.623841 0.570093
vn 0.577583 -0.524910 0.625194
v 0.074395 0.019486 0.141575
vt 0.601576 0.552451
vn 0.529558 -0.505517 0.681190
v 0.076766 0.013744 0.135265
vt 0.607541 0.539595
vn 0.561615 -0.516355 0.646503
v 0.109886 0.061223 0.146227
vt 0.660131 0.617004
vn 0.526911 -0.563217 0.636514
v 0.188818 0.125958 0.160570
vt 0.788621 0.716923
vn 0.238372 -0.489630 0.838714
v 0.172167 0.141543 0.170156
vt 0.763481 0.747062
vn 0.194181 -0.395102 0.897880
v 0.132558 0.109578 0.166323
vt 0.694315 0.701573
vn 0.239168 -0.413317 0.878617
v 0.215559 0.083426 0.125383
vt 0.824333 0.624798
vn -0.862421 -0.392927 0.319122
v 0.211048 0.094149 0.125260
vt 0.815440 0.638994
vn -0.852724 -0.412025 0.321087
v 0.223292 0.083446 0.145166
vt 0.852345 0.640841
vn -0.862421 -0.392927 0.319122
v 0.215479 0.100337 0.145983
vt 0.836458 0.665610
vn -0.849947 -0.417324 0.321606
v 0.205562 0.104292 0.125677
vt 0.808354 0.652088
vn -0.747617 -0.556536 0.362403
v 0.208915 0.113211 0.145617
vt 0.819955 0.683077
vn -0.692386 -0.613525 0.379721
v 0.143256 0.079644 0.130054
vt 0.722310 0.628023
vn 0.487470 -0.815063 0.313122
v 0.129219 0.069403 0.126463
vt 0.703975 0.610540
vn 0.573941 -0.763186 0.296882
v 0.138088 0.083492 0.147995
vt 0.704697 0.651684
vn 0.489374 -0.814029 0.312841
v 0.123238 0.073201 0.147417
vt 0.681341 0.635876
vn 0.570697 -0.765375 0.297500
v 0.107138 0.040759 0.105552
vt 0.685613 0.551017
vn 0.772749 -0.549933 0.316910
v 0.105093 0.033712 0.100629
vt 0.684463 0.537479
vn 0.770673 -0.563633 0.297290
v 0.087050 0.032223 0.140542
vt 0.623841 0.570093
vn 0.773599 -0.548117 0.317982
v 0.076766 0.013744 0.135265
vt 0.607541 0.539595
vn 0.752057 -0.607311 0.256092
v 0.118440 0.058501 0.120038
vt 0.692767 0.588951
vn 0.656283 -0.699731 0.282257
v 0.109886 0.061223 0.146227
vt 0.660131 0.617004
vn 0.650573 -0.704627 0.283296
v 0.197562 0.104913 0.128266
vt 0.800659 0.655376
vn 0.387770 -0.858367 0.335916
v 0.159118 0.088596 0.131933
vt 0.743585 0.641915
vn 0.410767 -0.849910 0.330036
v 0.198940 0.112615 0.145939
vt 0.803018 0.685584
vn 0.385491 -0.859122 0.336608
v 0.154132 0.092416 0.148137
vt 0.729818 0.664688
vn 0.415061 -0.848223 0.329002
v 0.239493 0.084899 0.166007
vt 0.888025 0.656852
vn -0.558762 -0.226350 0.797841
v 0.230631 0.108302 0.165957
vt 0.867376 0.691035
vn -0.556551 -0.258212 0.789669
v 0.249709 0.085877 0.171599
vt 0.904456 0.661876
vn -0.489499 -0.203035 0.848037
v 0.239234 0.112742 0.172524
vt 0.882201 0.701556
vn -0.499369 -0.236525 0.833479
v 0.216949 0.130831 0.164558
vt 0.838058 0.722541
vn -0.474821 -0.304002 0.825910
v 0.206642 0.132811 0.161618
vt 0.819701 0.724242
vn -0.077716 -0.428756 0.900072
v 0.223241 0.141884 0.172132
vt 0.849447 0.742853
vn -0.431951 -0.293659 0.852750
v 0.210191 0.160533 0.172293
vt 0.827440 0.771150
vn -0.089006 -0.365825 0.926418
v 0.110412 0.085296 0.162357
vt 0.657485 0.663161
vn 0.340174 -0.452439 0.824367
v 0.088327 0.053842 0.155728
vt 0.621946 0.612177
vn 0.430141 -0.476099 0.767013
v 0.070893 0.025018 0.147800
vt 0.594167 0.564864
vn 0.472700 -0.489978 0.732445
v 0.047408 0.065459 0.146377
vt 0.553465 0.631624
vn -0.215828 -0.257417 0.941889
v 0.044971 0.069137 0.146834
vt 0.549861 0.637583
vn -0.213457 -0.256437 0.942696
v 0.067332 0.080217 0.154210
vt 0.586219 0.656610
vn -0.146308 -0.211029 0.966468
v 0.064704 0.083404 0.154517
vt 0.582077 0.661625
vn -0.149843 -0.213843 0.965307
v 0.097132 0.098292 0.161256
vt 0.634350 0.687196
vn -0.076334 -0.143225 0.986742
v 0.093450 0.101437 0.161409
vt 0.628504 0.692101
vn -0.090027 -0.158125 0.983306
v 0.126293 0.116526 0.164633
vt 0.682850 0.716493
vn -0.019225 -0.095619 0.995232
v 0.123216 0.118864 0.164775
vt 0.678101 0.720380
vn -0.028805 -0.101030 0.994466
v 0.169348 0.144738 0.167448
vt 0.757544 0.756094
vn -0.009517 -0.078305 0.996884
v 0.172256 0.142049 0.167183
vt 0.761842 0.751501
vn -0.011702 -0.069337 0.997525
v 0.189434 0.154579 0.167992
vt 0.791722 0.768660
vn 0.006993 0.004677 0.999965
v 0.191273 0.151519 0.168129
vt 0.794152 0.763597
vn 0.009270 0.008369 0.999922
v 0.024929 0.053649 0.137314
vt 0.517184 0.613923
vn -0.236745 -0.266445 0.934323
v 0.025544 0.049191 0.136225
vt 0.517501 0.606986
vn -0.236745 -0.266445 0.934323
v 0.218787 0.079109 0.124913
vt 0.830319 0.615247
vn -0.931612 -0.064600 0.357667
v 0.218223 0.083620 0.124495
vt 0.826435 0.621078
vn -0.931612 -0.064600 0.357667
v 0.226094 0.078945 0.144148
vt 0.857698 0.630473
vn -0.931612 -0.064600 0.357667
v 0.225769 0.083606 0.143906
vt 0.854166 0.636874
vn -0.931612 -0.064600 0.357667
v 0.226094 0.078945 0.144148
vt 0.857698 0.630473
vn -0.854507 -0.054311 0.516593
v 0.225769 0.083606 0.143906
vt 0.854166 0.636874
vn -0.854507 -0.054311 0.516593
v 0.233164 0.079389 0.155693
vt 0.875522 0.639390
vn -0.779319 -0.050626 0.624579
v 0.232430 0.084044 0.155164
vt 0.871880 0.645865
vn -0.792054 -0.051324 0.608289
v 0.250544 0.085949 0.169017
vt 0.906396 0.658063
vn -0.162829 0.004773 0.986643
v 0.251472 0.080972 0.169070
vt 0.909679 0.651096
vn -0.142625 0.008197 0.989743
v 0.241101 0.085015 0.163856
vt 0.889599 0.652928
vn -0.598771 -0.047407 0.799516
v 0.241830 0.080225 0.164148
vt 0.892622 0.645876
vn -0.586720 -0.047527 0.808394
v 0.259223 0.087575 0.167002
vt 0.921612 0.665805
vn 0.205479 0.064499 0.976534
v 0.261138 0.082748 0.167000
vt 0.925457 0.658303
vn 0.205479 0.064499 0.976534
v 0.056051 -0.001864 0.140280
vt 0.570366 0.520297
vn 0.527802 -0.495335 0.689977
v 0.110593 0.047550 0.111165
vt 0.687459 0.565310
vn 0.724568 -0.628514 0.282793
v 0.098421 0.048272 0.144224
vt 0.641813 0.596273
vn 0.717480 -0.636925 0.282043
v 0.098421 0.048272 0.144224
vt 0.641813 0.596273
vn 0.542161 -0.557827 0.628403
v 0.154132 0.092416 0.148137
vt 0.729818 0.664688
vn 0.300290 -0.586450 0.752264
v 0.197728 0.129948 0.160990
vt 0.804263 0.721246
vn 0.147489 -0.458255 0.876499
v 0.190987 0.151282 0.171112
vt 0.795658 0.759071
vn 0.124452 -0.386182 0.913989
v 0.198940 0.112615 0.145939
vt 0.803018 0.685584
vn 0.279577 -0.598198 0.750997
v 0.204264 0.114322 0.145916
vt 0.812366 0.685889
vn -0.046311 -0.655838 0.753480
v 0.201556 0.105764 0.126808
vt 0.804776 0.655451
vn 0.027586 -0.912568 0.407993
v 0.204264 0.114322 0.145916
vt 0.812366 0.685889
vn 0.036057 -0.912765 0.406890
v 0.026617 0.048335 0.139991
vt 0.520886 0.602630
vn -0.207710 -0.289404 0.934399
v 0.052711 0.017129 0.140115
vt 0.563889 0.551011
vn -0.342122 -0.191724 0.919888
v 0.055296 0.003507 0.140101
vt 0.568762 0.528993
vn -0.386406 -0.047921 0.921083
v 0.215998 0.168144 0.166840
vt 0.837144 0.786634
vn 0.026980 0.037298 0.998940
v 0.218539 0.164861 0.166822
vt 0.840718 0.781165
vn 0.026980 0.037298 0.998940
v 0.047053 0.064478 0.149533
vt 0.556689 0.627614
vn -0.645836 0.733187 0.212914
v 0.047408 0.065459 0.146377
vt 0.553465 0.631624
vn -0.647033 0.731163 0.216213
v 0.067133 0.079375 0.157310
vt 0.589235 0.652571
vn -0.578658 0.798373 0.166600
v 0.067332 0.080217 0.154210
vt 0.586219 0.656610
vn -0.581294 0.796449 0.166633
v 0.096470 0.097353 0.164160
vt 0.636026 0.682592
vn -0.539639 0.827096 0.157169
v 0.097132 0.098292 0.161256
vt 0.634350 0.687196
vn -0.539018 0.828039 0.154307
v 0.126067 0.115876 0.167595
vt 0.684564 0.712075
vn -0.508670 0.849019 0.142904
v 0.126293 0.116526 0.164633
vt 0.682850 0.716493
vn -0.505607 0.850868 0.142776
v 0.172256 0.142049 0.167183
vt 0.761842 0.751501
vn -0.477532 0.869814 0.124047
v 0.172167 0.141543 0.170156
vt 0.763481 0.747062
vn -0.478412 0.869081 0.125779
v 0.190987 0.151282 0.171112
vt 0.795658 0.759071
vn -0.443814 0.894372 0.055926
v 0.191273 0.151519 0.168129
vt 0.794152 0.763597
vn -0.442924 0.894957 0.053569
v 0.218539 0.164861 0.172936
vt 0.839053 0.777011
vn -0.460306 0.887760 0.000021
v 0.210191 0.160533 0.172293
vt 0.827440 0.771150
vn -0.438213 0.898113 0.036900
v 0.218539 0.164861 0.166822
vt 0.840718 0.781165
vn -0.445515 0.894926 0.024981
v 0.026617 0.048335 0.139991
vt 0.520886 0.602630
vn -0.660209 0.706152 0.255880
v 0.025544 0.049191 0.136225
vt 0.517501 0.606986
vn -0.660209 0.706152 0.255880
v 0.037620 0.040065 0.139874
vt 0.538800 0.588320
vn -0.383315 -0.408034 0.828600
v 0.027849 0.029657 0.130232
vt 0.520602 0.568904
vn -0.383515 -0.407838 0.828604
v 0.026617 0.048335 0.139991
vt 0.520886 0.602630
vn -0.332122 -0.453895 0.826846
v 0.019599 0.035650 0.130213
vt 0.507430 0.578550
vn -0.332122 -0.453895 0.826846
v 0.046468 0.029490 0.139919
vt 0.553184 0.570901
vn -0.472447 -0.300506 0.828547
v 0.052711 0.017129 0.140115
vt 0.563889 0.551011
vn -0.531508 -0.173019 0.829195
v 0.034349 0.021799 0.130206
vt 0.531062 0.556441
vn -0.471981 -0.301462 0.828465
v 0.038691 0.012572 0.130182
vt 0.538321 0.541838
vn -0.531248 -0.173727 0.829213
v 0.055296 0.003507 0.140101
vt 0.568762 0.528993
vn -0.557566 -0.034421 0.829419
v 0.054195 -0.010378 0.139991
vt 0.568286 0.504140
vn -0.560712 0.037563 0.827158
v 0.040602 0.002555 0.130191
vt 0.541886 0.525868
vn -0.557665 -0.033845 0.829376
v 0.039962 -0.007623 0.130213
vt 0.541232 0.509495
vn -0.560712 0.037563 0.827158
v 0.027849 0.029657 0.130232
vt 0.520602 0.568904
vn -0.044812 -0.050416 0.997722
v 0.022904 0.024390 0.129734
vt 0.513214 0.560813
vn -0.044812 -0.050416 0.997722
v 0.019599 0.035650 0.130213
vt 0.507430 0.578550
vn -0.032603 -0.055708 0.997915
v 0.016118 0.029319 0.129769
vt 0.502191 0.568743
vn -0.032603 -0.055708 0.997915
v 0.034349 0.021799 0.130206
vt 0.531062 0.556441
vn -0.057114 -0.039417 0.997589
v 0.038691 0.012572 0.130182
vt 0.538321 0.541838
vn -0.064729 -0.021113 0.997680
v 0.028249 0.017928 0.129698
vt 0.521992 0.550452
vn -0.057114 -0.039417 0.997589
v 0.031820 0.010339 0.129684
vt 0.527969 0.538250
vn -0.064729 -0.021113 0.997680
v 0.040602 0.002555 0.130191
vt 0.541886 0.525868
vn -0.065204 -0.001218 0.997871
v 0.033392 0.002101 0.129716
vt 0.530876 0.524998
vn -0.065204 -0.001218 0.997871
v 0.022904 0.024390 0.132217
vt 0.510703 0.558068
vn 0.684296 0.729204 0.000065
v 0.016118 0.029319 0.132252
vt 0.500409 0.565368
vn 0.587684 0.809091 0.000021
v 0.022904 0.024390 0.129734
vt 0.513214 0.560813
vn 0.684808 0.728723 0.000022
v 0.016118 0.029319 0.129769
vt 0.502191 0.568743
vn 0.587684 0.809091 0.000021
v 0.028249 0.017928 0.129698
vt 0.521992 0.550452
vn 0.844479 0.535589 0.000021
v 0.031820 0.010339 0.129684
vt 0.527969 0.538250
vn 0.951029 0.309100 0.000019
v 0.028249 0.017928 0.132181
vt 0.518896 0.548424
vn 0.844218 0.536000 0.000063
v 0.031820 0.010339 0.132166
vt 0.524513 0.537068
vn 0.951071 0.308973 0.000058
v 0.033392 0.002101 0.129716
vt 0.530876 0.524998
vn 0.998003 0.063170 0.000049
v 0.032865 -0.006269 0.129769
vt 0.530288 0.511445
vn 0.998026 -0.062808 -0.000016
v 0.033392 0.002101 0.132199
vt 0.527137 0.524697
vn 0.998052 0.062381 0.000049
v 0.032865 -0.006269 0.132252
vt 0.526528 0.512098
vn 0.998026 -0.062808 -0.000016
v 0.016118 0.029319 0.132252
vt 0.500409 0.565368
vn 0.029376 0.033492 0.999007
v 0.022904 0.024390 0.132217
vt 0.510703 0.558068
vn 0.036485 0.025797 0.999001
v 0.000000 0.000000 0.133710
vt 0.476811 0.520754
vn 0.040983 0.016983 0.999016
v 0.028249 0.017928 0.132181
vt 0.518896 0.548424
vn 0.040167 0.021872 0.998954
v 0.031820 0.010339 0.132166
vt 0.524513 0.537068
vn 0.042372 0.014876 0.998991
v 0.033392 0.002101 0.132199
vt 0.527137 0.524697
vn 0.044691 0.007975 0.998969
v 0.032865 -0.006269 0.132252
vt 0.526528 0.512098
vn 0.044691 0.007975 0.998969
v 0.075132 0.012686 0.133221
vt 0.607380 0.535121
vn 0.367259 0.243083 0.897793
v 0.079716 0.011527 0.131638
vt 0.613047 0.529812
vn 0.491173 0.436573 0.753759
v 0.056368 -0.001774 0.137420
vt 0.574170 0.517872
vn 0.158784 0.015795 0.987187
v 0.058881 -0.003643 0.137514
vt 0.577894 0.514893
vn 0.143661 0.010594 0.989570
v 0.104441 0.028397 0.099384
vt 0.681865 0.527152
vn 0.527087 0.498582 0.688182
v 0.103051 0.031789 0.099080
vt 0.683069 0.532748
vn 0.527087 0.498582 0.688182
v 0.056051 -0.001864 0.140280
vt 0.570366 0.520297
vn 0.774685 -0.631954 0.022306
v 0.056368 -0.001774 0.137420
vt 0.574170 0.517872
vn 0.742603 -0.669526 0.016590
v 0.075132 0.012686 0.133221
vt 0.607380 0.535121
vn 0.604681 -0.796102 0.024113
v 0.106483 0.030320 0.100934
vt 0.710864 0.561908
vn -0.605026 0.795165 -0.040697
v 0.081351 0.012585 0.133682
vt 0.690064 0.507439
vn -0.597828 0.801585 -0.007967
v 0.104441 0.028397 0.099384
vt 0.706733 0.562430
vn -0.605026 0.795165 -0.040697
v 0.079716 0.011527 0.131638
vt 0.686661 0.508761
vn -0.593756 0.804595 0.008998
v 0.103051 0.031789 0.099080
vt 0.683069 0.532748
vn 0.604160 -0.795755 0.042002
v 0.054195 -0.010378 0.139991
vt 0.568286 0.504140
vn 0.971927 -0.224407 0.070704
v 0.054677 -0.009092 0.136225
vt 0.571381 0.508706
vn 0.971927 -0.224407 0.070704
v 0.058881 -0.003643 0.137514
vt 0.660618 0.485247
vn -0.574344 0.814512 0.081844
v 0.058895 -0.004016 0.140229
vt 0.662523 0.482673
vn -0.574344 0.814512 0.081844
v 0.058881 -0.003643 0.137514
vt 0.660618 0.485247
vn -0.996705 0.077165 -0.025001
v 0.058895 -0.004016 0.140229
vt 0.662523 0.482673
vn -0.996705 0.077165 -0.025001
v 0.058727 -0.007130 0.137314
vt 0.658129 0.477081
vn -0.996705 0.077165 -0.025001
v 0.058507 -0.007328 0.141049
vt 0.662482 0.478722
vn -0.996705 0.077165 -0.025001
v 0.054677 -0.009092 0.136225
vt 0.571381 0.508706
vn -0.175217 -0.096537 0.979786
v 0.058727 -0.007130 0.137314
vt 0.577879 0.511153
vn -0.175217 -0.096537 0.979786
v 0.223617 0.078785 0.145409
vt 0.877409 0.587737
vn -0.056603 0.997972 0.029120
v 0.216123 0.078915 0.125800
vt 0.855276 0.602624
vn -0.056603 0.997972 0.029120
v 0.226094 0.078945 0.144148
vt 0.879109 0.590927
vn -0.056603 0.997972 0.029120
v 0.218787 0.079109 0.124913
vt 0.857502 0.605542
vn -0.056603 0.997972 0.029120
v 0.215559 0.083426 0.125383
vt 0.824333 0.624798
vn 0.059166 -0.997985 -0.022925
v 0.223292 0.083446 0.145166
vt 0.852345 0.640841
vn 0.061377 -0.998019 -0.013805
v 0.218223 0.083620 0.124495
vt 0.826435 0.621078
vn 0.059166 -0.997985 -0.022925
v 0.225769 0.083606 0.143906
vt 0.854166 0.636874
vn 0.061285 -0.998022 -0.014003
v 0.231248 0.079265 0.157686
vt 0.894131 0.581191
vn -0.073631 0.997266 -0.006196
v 0.223617 0.078785 0.145409
vt 0.877409 0.587737
vn -0.064000 0.997950 0.000697
v 0.233164 0.079389 0.155693
vt 0.894683 0.584721
vn -0.072115 0.997383 -0.005099
v 0.226094 0.078945 0.144148
vt 0.879109 0.590927
vn -0.064000 0.997950 0.000697
v 0.230515 0.083920 0.157157
vt 0.870672 0.650043
vn 0.078778 -0.996836 0.010591
v 0.232430 0.084044 0.155164
vt 0.871880 0.645865
vn 0.076262 -0.997050 0.008701
v 0.239493 0.084899 0.166007
vt 0.888025 0.656852
vn 0.091575 -0.995704 0.013692
v 0.249709 0.085877 0.171599
vt 0.904456 0.661876
vn 0.143084 -0.989672 0.008691
v 0.241101 0.085015 0.163856
vt 0.889599 0.652928
vn 0.091475 -0.995706 0.014201
v 0.250544 0.085949 0.169017
vt 0.906396 0.658063
vn 0.146484 -0.989175 0.008678
v 0.240362 0.080124 0.166459
vt 0.909876 0.578927
vn -0.079314 0.996830 -0.006293
v 0.241830 0.080225 0.164148
vt 0.910044 0.582436
vn -0.079723 0.996792 -0.006994
v 0.250659 0.080902 0.171850
vt 0.924583 0.578297
vn -0.136613 0.990611 -0.005201
v 0.251472 0.080972 0.169070
vt 0.924861 0.582202
vn -0.139939 0.990145 -0.005493
v 0.259223 0.087575 0.173117
vt 0.917484 0.665565
vn 0.179881 -0.983646 0.009108
v 0.259223 0.087575 0.167002
vt 0.921612 0.665805
vn 0.179881 -0.983646 0.009108
v 0.261138 0.082748 0.173114
vt 0.937566 0.578794
vn -0.177308 0.984119 -0.008516
v 0.261138 0.082748 0.167000
vt 0.940819 0.580554
vn -0.177308 0.984119 -0.008516
v 0.056051 -0.001864 0.140280
vt 0.570366 0.520297
vn -0.328037 -0.014633 0.944552
v 0.054195 -0.010378 0.139991
vt 0.568286 0.504140
vn -0.184515 0.006790 0.982806
v 0.231442 0.146292 0.172953
vt 0.083193 0.114738
vn 0.855020 0.518596 0.000063
v 0.218539 0.164861 0.172936
vt 0.083215 0.145170
vn 0.821222 0.570609 0.000021
v 0.231442 0.146292 0.166839
vt 0.091422 0.114738
vn 0.854900 0.518793 0.000063
v 0.218539 0.164861 0.166822
vt 0.091444 0.145170
vn 0.821222 0.570609 0.000021
v 0.259223 0.087575 0.173117
vt 0.082973 0.027126
vn 0.931372 0.364068 0.000059
v 0.247984 0.116325 0.173040
vt 0.083076 0.068670
vn 0.904010 0.427512 0.000020
v 0.259223 0.087575 0.167002
vt 0.091202 0.027126
vn 0.931372 0.364068 0.000059
v 0.247984 0.116325 0.166926
vt 0.091305 0.068670
vn 0.903887 0.427772 0.000061
v 0.247886 -0.116470 0.172970
vt 0.905772 0.323406
vn -0.041433 0.005796 0.999124
v 0.226661 -0.153467 0.172954
vt 0.876342 0.278227
vn -0.049018 0.007877 0.998767
v 0.199825 -0.092321 0.170970
vt 0.844491 0.357400
vn -0.051521 0.011977 0.998600
v 0.189477 -0.116405 0.170421
vt 0.829608 0.326677
vn -0.053605 0.008888 0.998523
v 0.205238 -0.132196 0.170975
vt 0.849117 0.305261
vn -0.049018 0.007877 0.998767
v 0.260466 -0.084548 0.172986
vt 0.923730 0.364009
vn -0.031714 0.004377 0.999487
v 0.213980 -0.054424 0.171593
vt 0.865066 0.405867
vn -0.027831 0.001271 0.999612
v 0.269020 -0.051255 0.172993
vt 0.936722 0.406507
vn -0.022931 -0.000328 0.999737
v 0.273363 -0.016864 0.172993
vt 0.944597 0.450578
vn -0.020305 -0.002700 0.999790
v 0.231761 -0.000841 0.172287
vt 0.891608 0.474358
vn -0.019923 -0.002730 0.999798
v 0.273261 0.017631 0.173046
vt 0.947090 0.494897
vn -0.018320 0.000171 0.999832
v 0.240931 0.031398 0.172607
vt 0.906286 0.515329
vn -0.019416 0.002791 0.999808
v 0.269151 0.051358 0.173039
vt 0.944981 0.538479
vn -0.034915 0.007199 0.999364
v 0.246247 0.055472 0.172026
vt 0.915578 0.545873
vn -0.039411 0.005785 0.999206
v 0.210603 0.064168 0.144818
vt 0.859116 0.570361
vn -0.651431 0.699083 0.294823
v 0.195539 0.052982 0.145761
vt 0.840536 0.554483
vn -0.511426 0.814164 0.274921
v 0.204842 0.065646 0.129853
vt 0.842826 0.583419
vn -0.641930 0.708208 0.293884
v 0.191701 0.055227 0.131591
vt 0.827785 0.568978
vn -0.504847 0.818697 0.273614
v 0.171053 0.044154 0.131228
vt 0.802562 0.554819
vn -0.427343 0.863791 0.266914
v 0.172773 0.040497 0.145617
vt 0.811533 0.537541
vn -0.429144 0.862927 0.266821
v 0.154886 0.037668 0.129391
vt 0.781929 0.548007
vn -0.364354 0.891416 0.269489
v 0.155811 0.033370 0.144915
vt 0.789495 0.528489
vn -0.365609 0.890889 0.269532
v 0.138613 0.032599 0.125237
vt 0.759984 0.544886
vn -0.348561 0.898423 0.267099
v 0.139268 0.027275 0.143748
vt 0.767794 0.521207
vn -0.348543 0.898289 0.267571
v 0.126576 0.029667 0.118983
vt 0.742382 0.546817
vn -0.320236 0.907033 0.273385
v 0.119879 0.020491 0.141704
vt 0.741984 0.513794
vn -0.319530 0.907216 0.273605
v 0.117052 0.028841 0.111299
vt 0.727604 0.552288
vn -0.240045 0.917304 0.317697
v 0.101304 0.015318 0.138532
vt 0.716965 0.509040
vn -0.234521 0.917561 0.321064
v 0.106483 0.030320 0.100934
vt 0.710864 0.561908
vn -0.206223 0.918283 0.337977
v 0.081351 0.012585 0.133682
vt 0.690064 0.507439
vn -0.206223 0.918283 0.337977
v 0.233617 0.058380 0.168184
vt 0.898852 0.551285
vn -0.398612 0.217577 0.890937
v 0.240362 0.080124 0.166459
vt 0.909876 0.578927
vn -0.464474 0.208542 0.860682
v 0.246247 0.055472 0.172026
vt 0.915578 0.545873
vn -0.280920 0.111296 0.953256
v 0.250659 0.080902 0.171850
vt 0.924583 0.578297
vn -0.360921 0.122570 0.924507
v 0.210603 0.064168 0.144818
vt 0.859116 0.570361
vn -0.595210 0.606817 0.526781
v 0.223617 0.078785 0.145409
vt 0.877409 0.587737
vn -0.692513 0.528875 0.490629
v 0.219126 0.061439 0.157767
vt 0.876499 0.559244
vn -0.543624 0.421878 0.725598
v 0.231248 0.079265 0.157686
vt 0.894131 0.581191
vn -0.630503 0.394966 0.668183
v 0.223617 0.078785 0.145409
vt 0.877409 0.587737
vn -0.700897 0.647657 0.298804
v 0.216123 0.078915 0.125800
vt 0.855276 0.602624
vn -0.700897 0.647657 0.298804
v 0.240931 0.031398 0.172607
vt 0.906286 0.515329
vn -0.172693 0.067491 0.982661
v 0.226007 0.037745 0.169426
vt 0.887094 0.525093
vn -0.283739 0.173765 0.943026
v 0.214962 0.009834 0.169709
vt 0.870242 0.489584
vn -0.186212 0.123194 0.974756
v 0.231761 -0.000841 0.172287
vt 0.891608 0.474358
vn -0.140534 0.039080 0.989304
v 0.160939 -0.052642 0.167931
vt 0.796191 0.411212
vn -0.084914 0.056684 0.994775
v 0.150434 -0.080440 0.167736
vt 0.780973 0.375684
vn -0.075527 0.023392 0.996869
v 0.204143 0.049007 0.156970
vt 0.856216 0.543568
vn -0.388422 0.354766 0.850452
v 0.181273 0.030031 0.155753
vt 0.825017 0.520003
vn -0.235820 0.259592 0.936484
v 0.102020 -0.001027 0.150093
vt 0.719995 0.483084
vn -0.216352 0.317889 0.923113
v 0.098434 -0.035834 0.157612
vt 0.714841 0.436861
vn -0.188607 0.182572 0.964933
v 0.082291 -0.005694 0.146648
vt 0.693768 0.478538
vn -0.227926 0.378959 0.896905
v 0.078428 -0.021349 0.149925
vt 0.688437 0.457704
vn -0.213524 0.237470 0.947637
v 0.137819 -0.027644 0.163665
vt 0.767141 0.444911
vn -0.145805 0.162461 0.975883
v 0.124253 -0.057192 0.164313
vt 0.748038 0.407294
vn -0.141921 0.107772 0.983994
v 0.189477 -0.116405 0.170421
vt 0.829608 0.326677
vn -0.678252 -0.724078 -0.125240
v 0.205238 -0.132196 0.170975
vt 0.849117 0.305261
vn -0.707139 -0.706211 -0.034939
v 0.189985 -0.116333 0.167448
vt 0.826974 0.323767
vn -0.679846 -0.722924 -0.123250
v 0.205552 -0.132395 0.167992
vt 0.846636 0.302250
vn -0.706905 -0.706640 -0.030743
v 0.124253 -0.057192 0.164313
vt 0.748038 0.407294
vn -0.622377 -0.766362 -0.159173
v 0.125350 -0.057530 0.161409
vt 0.745935 0.403828
vn -0.627451 -0.762566 -0.157477
v 0.098434 -0.035834 0.157612
vt 0.714841 0.436861
vn -0.574106 -0.800396 -0.172539
v 0.099316 -0.035764 0.154517
vt 0.712038 0.433752
vn -0.572123 -0.801728 -0.172935
v 0.058507 -0.007328 0.141049
vt 0.662482 0.478722
vn -0.525023 -0.841341 -0.128439
v 0.078428 -0.021349 0.149925
vt 0.688437 0.457704
vn -0.528080 -0.834988 -0.154681
v 0.058727 -0.007130 0.137314
vt 0.658129 0.477081
vn -0.525023 -0.841341 -0.128439
v 0.079650 -0.021405 0.146834
vt 0.685740 0.454293
vn -0.528084 -0.835014 -0.154530
v 0.151122 -0.080454 0.164775
vt 0.778508 0.372598
vn -0.658377 -0.738568 -0.145111
v 0.150434 -0.080440 0.167736
vt 0.780973 0.375684
vn -0.657178 -0.739507 -0.145760
v 0.226661 -0.153467 0.172954
vt 0.876342 0.278227
vn -0.705383 -0.708770 -0.008925
v 0.226661 -0.153467 0.166840
vt 0.877192 0.274768
vn -0.705383 -0.708770 -0.008925
v 0.058507 -0.007328 0.141049
vt 0.662482 0.478722
vn -0.238136 0.256483 0.936754
v 0.081351 0.012585 0.133682
vt 0.690064 0.507439
vn -0.243857 0.552805 0.796832
v 0.058895 -0.004016 0.140229
vt 0.662523 0.482673
vn -0.195548 0.500391 0.843427
v 0.250659 0.080902 0.171850
vt 0.924583 0.578297
vn -0.068200 -0.002625 0.997668
v 0.261138 0.082748 0.173114
vt 0.937566 0.578794
vn -0.068200 -0.002625 0.997668
v 0.213980 -0.054424 0.171593
vt 0.865066 0.405867
vn -0.099920 0.061685 0.993082
v 0.172773 0.040497 0.145617
vt 0.811533 0.537541
vn -0.329020 0.549874 0.767713
v 0.195539 0.052982 0.145761
vt 0.840536 0.554483
vn -0.445407 0.597554 0.666740
v 0.146030 0.013795 0.154438
vt 0.778367 0.499745
vn -0.183123 0.312161 0.932213
v 0.155811 0.033370 0.144915
vt 0.789495 0.528489
vn -0.268160 0.533701 0.802031
v 0.139268 0.027275 0.143748
vt 0.767794 0.521207
vn -0.258536 0.523956 0.811559
v 0.119879 0.020491 0.141704
vt 0.741984 0.513794
vn -0.262740 0.526284 0.808698
v 0.101304 0.015318 0.138532
vt 0.716965 0.509040
vn -0.273736 0.547300 0.790905
v 0.175200 -0.020073 0.167015
vt 0.816450 0.452951
vn -0.128193 0.121753 0.984247
v 0.247886 -0.116470 0.172970
vt 0.939864 0.059028
vn 0.897791 -0.440421 -0.000020
v 0.260466 -0.084548 0.172986
vt 0.939843 0.104467
vn 0.951284 -0.308317 0.000019
v 0.247886 -0.116470 0.166856
vt 0.947961 0.059028
vn 0.897791 -0.440421 -0.000020
v 0.260466 -0.084548 0.166872
vt 0.947940 0.104467
vn 0.951284 -0.308317 0.000019
v 0.269020 -0.051255 0.172993
vt 0.939834 0.149989
vn 0.982282 -0.187411 -0.000018
v 0.273363 -0.016864 0.172993
vt 0.939834 0.195894
vn 0.998118 -0.061318 0.000016
v 0.269020 -0.051255 0.166878
vt 0.947932 0.149989
vn 0.982282 -0.187411 -0.000018
v 0.273363 -0.016864 0.166879
vt 0.947931 0.195894
vn 0.998118 -0.061318 0.000016
v 0.273261 0.017631 0.173046
vt 0.939763 0.241576
vn 0.998072 0.062073 0.000049
v 0.273261 0.017631 0.166932
vt 0.947860 0.241576
vn 0.998095 0.061695 0.000016
v 0.269151 0.051358 0.173039
vt 0.939773 0.286572
vn 0.983095 0.183095 0.000018
v 0.269151 0.051358 0.166924
vt 0.947870 0.286572
vn 0.983117 0.182979 0.000053
v 0.261138 0.082748 0.173114
vt 0.939673 0.329475
vn 0.968915 0.247393 0.000056
v 0.261138 0.082748 0.167000
vt 0.947771 0.329475
vn 0.968915 0.247393 0.000056
v 0.226661 -0.153467 0.172954
vt 0.939885 0.002542
vn 0.867390 -0.497630 0.000021
v 0.226661 -0.153467 0.166840
vt 0.947983 0.002542
vn 0.867390 -0.497630 0.000021
v -0.003184 0.273598 0.173117
vt 0.475155 0.984564
vn 0.020382 -0.107113 0.994038
v -0.004510 0.264025 0.171599
vt 0.474634 0.971034
vn 0.020382 -0.107113 0.994038
v -0.034000 0.271794 0.173040
vt 0.427194 0.976822
vn 0.013184 -0.088703 0.995971
v -0.033297 0.262365 0.172524
vt 0.430016 0.962139
vn 0.012799 -0.087622 0.996072
v -0.067613 0.265321 0.172953
vt 0.376270 0.958079
vn 0.013772 -0.072430 0.997278
v -0.065954 0.256159 0.172132
vt 0.380612 0.943753
vn 0.014477 -0.072515 0.997262
v -0.010361 0.238150 0.145166
vt 0.478526 0.914972
vn 0.089680 -0.841740 0.532383
v -0.028840 0.235938 0.145983
vt 0.450058 0.907528
vn 0.108488 -0.831907 0.544207
v -0.008580 0.245165 0.157157
vt 0.475442 0.935247
vn 0.064257 -0.766257 0.639313
v -0.030243 0.243922 0.157643
vt 0.441689 0.927097
vn 0.092670 -0.758551 0.644991
v -0.043112 0.233674 0.145617
vt 0.428343 0.897234
vn 0.242567 -0.748904 0.616688
v -0.050095 0.239957 0.156878
vt 0.411138 0.913070
vn 0.223479 -0.681728 0.696638
v -0.087724 0.249511 0.172293
vt 0.346898 0.931565
vn 0.025973 -0.074604 0.996875
v -0.089260 0.258788 0.172936
vt 0.344913 0.944422
vn 0.025973 -0.074604 0.996875
v -0.071248 0.155704 0.167595
vt 0.358963 0.777412
vn 0.160588 -0.044021 0.986039
v -0.081413 0.207480 0.170156
vt 0.350045 0.863285
vn 0.165461 -0.016306 0.986082
v -0.063252 0.159931 0.166323
vt 0.371961 0.783447
vn 0.161063 -0.041104 0.986088
v -0.047002 0.131366 0.162357
vt 0.397137 0.736560
vn 0.143688 -0.112631 0.983193
v -0.062778 0.121833 0.164160
vt 0.372034 0.722143
vn 0.142267 -0.117914 0.982780
v -0.001886 0.075154 0.147800
vt 0.471113 0.646004
vn 0.105667 -0.304825 0.946529
v -0.046782 0.064675 0.149533
vt 0.399858 0.629722
vn 0.117499 -0.266730 0.956582
v -0.023913 0.100642 0.155728
vt 0.434675 0.687025
vn 0.122087 -0.203425 0.971449
v -0.054745 0.088376 0.157310
vt 0.386159 0.668376
vn 0.123587 -0.197033 0.972576
v -0.013688 0.053307 0.139919
vt 0.452720 0.608886
vn 0.110184 -0.386323 0.915759
v -0.026479 0.048160 0.139874
vt 0.431711 0.600582
vn 0.170967 -0.332218 0.927578
v -0.051539 0.168222 0.158703
vt 0.393992 0.795839
vn 0.538177 0.102784 0.836541
v -0.036734 0.157130 0.147995
vt 0.422620 0.777925
vn 0.669853 0.181689 0.719921
v -0.038614 0.135601 0.155565
vt 0.413884 0.743333
vn 0.589256 0.201684 0.782369
v -0.031535 0.139827 0.147417
vt 0.430450 0.750833
vn 0.672790 0.202982 0.711444
v -0.019208 0.104786 0.150509
vt 0.445317 0.693954
vn 0.625057 0.291984 0.723912
v -0.003746 0.092747 0.140542
vt 0.475293 0.675843
vn 0.677677 0.387101 0.625225
v 0.004457 0.076775 0.141575
vt 0.485207 0.649221
vn 0.644361 0.347365 0.681275
v 0.010651 0.077256 0.135265
vt 0.499277 0.650929
vn 0.664588 0.374594 0.646531
v -0.024269 0.123427 0.146227
vt 0.441860 0.724835
vn 0.698484 0.327089 0.636500
v -0.061445 0.218499 0.160570
vt 0.386474 0.877889
vn 0.539294 0.075382 0.838737
v -0.081413 0.207480 0.170156
vt 0.350045 0.863285
vn 0.435645 0.062570 0.897941
v -0.063252 0.159931 0.166323
vt 0.371961 0.783447
vn 0.466962 0.099753 0.878633
v -0.012731 0.230788 0.125383
vt 0.485115 0.883371
vn 0.107189 -0.941611 0.319186
v -0.024323 0.229812 0.125260
vt 0.468866 0.879309
vn 0.128392 -0.938303 0.321097
v -0.010361 0.238150 0.145166
vt 0.478526 0.914972
vn 0.107189 -0.941611 0.319186
v -0.028840 0.235938 0.145983
vt 0.450058 0.907528
vn 0.134200 -0.937315 0.321608
v -0.035666 0.227729 0.125677
vt 0.454224 0.876627
vn 0.298237 -0.882979 0.362496
v -0.043112 0.233674 0.145617
vt 0.428343 0.897234
vn 0.369541 -0.848061 0.379779
v -0.031478 0.160856 0.130054
vt 0.450560 0.787379
vn 0.925783 0.211783 0.313169
v -0.026075 0.144341 0.126463
vt 0.461532 0.764547
vn 0.903150 0.310052 0.296964
v -0.036734 0.157130 0.147995
vt 0.422620 0.777925
vn 0.925433 0.213793 0.312835
v -0.031535 0.139827 0.147417
vt 0.430450 0.750833
vn 0.904224 0.306317 0.297572
v -0.005657 0.114489 0.105552
vt 0.512487 0.728724
vn 0.761755 0.565065 0.316907
v 0.000413 0.110367 0.100629
vt 0.525011 0.723456
vn 0.774191 0.558758 0.297352
v -0.003746 0.092747 0.140542
vt 0.475293 0.675843
vn 0.760312 0.566363 0.318054
v 0.010651 0.077256 0.135265
vt 0.499277 0.650929
vn 0.809967 0.527583 0.256144
v -0.019038 0.130721 0.120038
vt 0.478610 0.747228
vn 0.868225 0.407988 0.282369
v -0.024269 0.123427 0.146227
vt 0.441860 0.724835
vn 0.871163 0.400963 0.283378
v -0.038729 0.220313 0.128266
vt 0.448727 0.870330
vn 0.936172 0.103595 0.335932
v -0.035090 0.178708 0.131933
vt 0.443912 0.811898
vn 0.935233 0.128101 0.330044
v -0.045627 0.224004 0.145939
vt 0.420725 0.881902
vn 0.936181 0.101071 0.336673
v -0.040264 0.175147 0.148137
vt 0.418002 0.805831
vn 0.934955 0.132664 0.329028
v -0.006736 0.254007 0.166008
vt 0.474332 0.953854
vn 0.042569 -0.601225 0.797945
v -0.031732 0.252811 0.165957
vt 0.435438 0.944789
vn 0.073577 -0.609042 0.789717
v -0.004510 0.264025 0.171599
vt 0.474634 0.971034
vn 0.041784 -0.528219 0.848080
v -0.033297 0.262365 0.172524
vt 0.430016 0.962139
vn 0.070571 -0.548014 0.833487
v -0.057387 0.246760 0.164558
vt 0.396409 0.926644
vn 0.142358 -0.545479 0.825946
v -0.062455 0.237569 0.161618
vt 0.389117 0.909711
vn 0.383669 -0.206399 0.900110
v -0.065954 0.256159 0.172132
vt 0.380612 0.943753
vn 0.145786 -0.501540 0.852763
v -0.087724 0.249511 0.172293
vt 0.346898 0.931565
vn 0.320386 -0.197742 0.926418
v -0.047002 0.131366 0.162357
vt 0.397137 0.736560
vn 0.535348 0.183678 0.824418
v -0.023913 0.100642 0.155728
vt 0.434675 0.687025
vn 0.585688 0.261984 0.767029
v -0.001886 0.075154 0.147800
vt 0.471113 0.646004
vn 0.612035 0.298209 0.732451
v -0.047605 0.065316 0.146377
vt 0.395049 0.627893
vn 0.178167 -0.284884 0.941859
v -0.051857 0.064134 0.146834
vt 0.388269 0.626303
vn 0.177906 -0.282240 0.942704
v -0.055484 0.088825 0.154210
vt 0.381387 0.666752
vn 0.155453 -0.204431 0.966459
v -0.059327 0.087310 0.154517
vt 0.375338 0.664359
vn 0.157096 -0.208601 0.965301
v -0.063466 0.122752 0.161256
vt 0.367138 0.721968
vn 0.112588 -0.116819 0.986751
v -0.067595 0.120222 0.161409
vt 0.360668 0.717920
vn 0.122593 -0.134517 0.983299
v -0.071796 0.156120 0.164633
vt 0.354231 0.777145
vn 0.084986 -0.047907 0.995230
v -0.074970 0.153916 0.164775
vt 0.349068 0.773827
vn 0.087076 -0.058613 0.994476
v -0.085322 0.205786 0.167448
vt 0.339622 0.860426
vn 0.071596 -0.033201 0.996881
v -0.081867 0.207721 0.167183
vt 0.345317 0.863096
vn 0.062288 -0.032519 0.997528
v -0.088475 0.227930 0.167992
vt 0.338227 0.896822
vn -0.002328 0.008094 0.999965
v -0.084997 0.228733 0.168129
vt 0.343794 0.897568
vn -0.005228 0.011495 0.999920
v -0.043320 0.040287 0.137314
vt 0.400686 0.587929
vn 0.180164 -0.307536 0.934325
v -0.038890 0.039494 0.136225
vt 0.407381 0.586090
vn 0.180164 -0.307536 0.934325
v -0.007628 0.232525 0.124913
vt 0.496049 0.886107
vn -0.226541 -0.905961 0.357650
v -0.012093 0.233382 0.124495
vt 0.489303 0.884219
vn -0.226541 -0.905961 0.357650
v -0.005214 0.239423 0.144148
vt 0.490041 0.916856
vn -0.226541 -0.905961 0.357650
v -0.009748 0.240555 0.143906
vt 0.482862 0.915477
vn -0.226541 -0.905961 0.357650
v -0.005214 0.239423 0.144148
vt 0.490041 0.916856
vn -0.212436 -0.829458 0.516595
v -0.009748 0.240555 0.143906
vt 0.482862 0.915477
vn -0.212436 -0.829458 0.516595
v -0.003452 0.246285 0.155693
vt 0.487073 0.936565
vn -0.192706 -0.756820 0.624570
v -0.008106 0.247025 0.155164
vt 0.479788 0.935103
vn -0.196036 -0.769137 0.608275
v -0.004320 0.264841 0.169017
vt 0.478861 0.971700
vn -0.054941 -0.153446 0.986629
v 0.000700 0.264186 0.169070
vt 0.486501 0.972667
vn -0.051933 -0.133140 0.989736
v -0.006350 0.255571 0.163856
vt 0.478550 0.954139
vn -0.139931 -0.584160 0.799485
v -0.001570 0.254785 0.164148
vt 0.486191 0.954832
vn -0.136102 -0.572628 0.808439
v -0.003184 0.273598 0.167003
vt 0.476204 0.988564
vn 0.002095 0.215369 0.976530
v 0.001998 0.273927 0.167000
vt 0.484526 0.989900
vn 0.002095 0.215369 0.976530
v 0.019093 0.052732 0.140280
vt 0.506162 0.609602
vn 0.634295 0.348971 0.689848
v -0.011048 0.119874 0.111165
vt 0.499460 0.734888
vn 0.821606 0.494916 0.282882
v -0.015495 0.108521 0.144224
vt 0.455932 0.701016
vn 0.827493 0.485485 0.282062
v -0.015495 0.108521 0.144224
vt 0.455932 0.701016
vn 0.698032 0.343270 0.628425
v -0.040264 0.175147 0.148137
vt 0.418002 0.805831
vn 0.650455 0.104388 0.752337
v -0.062486 0.228207 0.160990
vt 0.387196 0.894102
vn 0.481400 -0.001307 0.876500
v -0.084860 0.228388 0.171112
vt 0.348563 0.897603
vn 0.405702 -0.001028 0.914005
v -0.045627 0.224004 0.145939
vt 0.420725 0.881902
vn 0.655260 0.081093 0.751038
v -0.045606 0.229594 0.145916
vt 0.423323 0.890886
vn 0.609386 -0.246717 0.753511
v -0.038303 0.224374 0.126808
vt 0.449920 0.874267
vn 0.876408 -0.255724 0.408063
v -0.045606 0.229594 0.145916
vt 0.423323 0.890886
vn 0.879231 -0.247748 0.406907
v -0.037745 0.040251 0.139991
vt 0.412569 0.587964
vn 0.211074 -0.286918 0.934412
v -0.000002 0.055425 0.140115
vt 0.474945 0.612926
vn 0.076603 -0.384531 0.919928
v 0.013752 0.053673 0.140101
vt 0.497393 0.610762
vn -0.073912 -0.382254 0.921096
v -0.093167 0.257386 0.166840
vt 0.335171 0.945580
vn -0.027210 0.037172 0.998938
v -0.089260 0.258788 0.166822
vt 0.341477 0.947289
vn -0.027210 0.037172 0.998938
v -0.046782 0.064675 0.149533
vt 0.399858 0.629722
vn -0.896912 -0.387622 0.212832
v -0.047605 0.065316 0.146377
vt 0.395049 0.627893
vn -0.895413 -0.389323 0.216016
v -0.054745 0.088376 0.157310
vt 0.386159 0.668376
vn -0.938120 -0.303624 0.166564
v -0.055484 0.088825 0.154210
vt 0.381387 0.666752
vn -0.937112 -0.306703 0.166598
v -0.062778 0.121833 0.164160
vt 0.372034 0.722143
vn -0.953410 -0.257501 0.157172
v -0.063466 0.122752 0.161256
vt 0.367138 0.721968
vn -0.954170 -0.256624 0.153958
v -0.071248 0.155704 0.167595
vt 0.358963 0.777412
vn -0.964658 -0.221419 0.142860
v -0.071796 0.156120 0.164633
vt 0.354231 0.777145
vn -0.965469 -0.217919 0.142763
v -0.081867 0.207721 0.167183
vt 0.345317 0.863096
vn -0.974830 -0.185302 0.123972
v -0.081413 0.207480 0.170156
vt 0.350045 0.863285
vn -0.974370 -0.186495 0.125789
v -0.084860 0.228388 0.171112
vt 0.348563 0.897603
vn -0.987748 -0.145711 0.055878
v -0.084997 0.228733 0.168129
vt 0.343794 0.897568
vn -0.988036 -0.144608 0.053597
v -0.089260 0.258788 0.172936
vt 0.344913 0.944422
vn -0.986565 -0.163369 -0.000053
v -0.087724 0.249511 0.172293
vt 0.346898 0.931565
vn -0.989575 -0.139218 0.036872
v -0.089260 0.258788 0.166822
vt 0.341477 0.947289
vn -0.988805 -0.147113 0.024959
v -0.037745 0.040251 0.139991
vt 0.412569 0.587964
vn -0.875596 -0.409731 0.255838
v -0.038890 0.039494 0.136225
vt 0.407381 0.586090
vn -0.875596 -0.409731 0.255838
v -0.026479 0.048160 0.139874
vt 0.431711 0.600582
vn 0.269575 -0.490734 0.828558
v -0.019599 0.035651 0.130232
vt 0.444555 0.577279
vn 0.269254 -0.490824 0.828610
v -0.037745 0.040251 0.139991
vt 0.412569 0.587964
vn 0.328987 -0.456105 0.826883
v -0.027849 0.029656 0.130213
vt 0.431311 0.567730
vn 0.328987 -0.456105 0.826883
v -0.013688 0.053307 0.139919
vt 0.452720 0.608886
vn 0.139694 -0.542204 0.828553
v -0.000002 0.055425 0.140115
vt 0.474945 0.612926
vn 0.000487 -0.558952 0.829200
v -0.010118 0.039404 0.130206
vt 0.459639 0.583379
vn 0.140784 -0.541944 0.828539
v 0.000000 0.040682 0.130182
vt 0.475770 0.585773
vn 0.001166 -0.558924 0.829218
v 0.013752 0.053673 0.140101
vt 0.497393 0.610762
vn -0.139650 -0.540926 0.829396
v 0.026617 0.048335 0.139991
vt 0.520886 0.602630
vn -0.209018 -0.521653 0.827157
v 0.010117 0.039404 0.130191
vt 0.492060 0.584231
vn -0.140144 -0.540778 0.829408
v 0.019599 0.035650 0.130213
vt 0.507430 0.578550
vn -0.209018 -0.521653 0.827157
v -0.019599 0.035651 0.130232
vt 0.444555 0.577279
vn 0.033978 -0.058226 0.997725
v -0.016119 0.029320 0.129734
vt 0.449966 0.567753
vn 0.033978 -0.058226 0.997725
v -0.010118 0.039404 0.130206
vt 0.459639 0.583379
vn 0.019898 -0.066510 0.997587
v 0.000000 0.040682 0.130182
vt 0.475770 0.585773
vn 0.000081 -0.068132 0.997676
v -0.008321 0.032407 0.129698
vt 0.462532 0.572902
vn 0.019898 -0.066510 0.997587
v 0.000000 0.033458 0.129684
vt 0.475984 0.574818
vn 0.000081 -0.068132 0.997676
v 0.010117 0.039404 0.130191
vt 0.492060 0.584231
vn -0.019022 -0.062401 0.997870
v 0.008321 0.032407 0.129716
vt 0.489484 0.573489
vn -0.019022 -0.062401 0.997870
v -0.016119 0.029320 0.132217
vt 0.451800 0.564517
vn -0.482116 0.876107 -0.000021
v -0.022904 0.024390 0.132252
vt 0.441677 0.556982
vn -0.587828 0.808986 0.000021
v -0.016119 0.029320 0.129734
vt 0.449966 0.567753
vn -0.481499 0.876446 0.000021
v -0.022904 0.024390 0.129769
vt 0.439018 0.559719
vn -0.587828 0.808986 0.000021
v -0.008321 0.032407 0.129698
vt 0.462532 0.572902
vn -0.248435 0.968649 0.000019
v 0.000000 0.033458 0.129684
vt 0.475984 0.574818
vn -0.000107 1.000000 0.000015
v -0.008321 0.032407 0.132181
vt 0.463504 0.569330
vn -0.248917 0.968525 0.000019
v 0.000000 0.033458 0.132166
vt 0.476040 0.571166
vn 0.000076 1.000000 0.000046
v 0.008321 0.032407 0.129716
vt 0.489484 0.573489
vn 0.248269 0.968691 0.000056
v 0.016118 0.029319 0.129769
vt 0.502191 0.568743
vn 0.368079 0.929794 0.000059
v 0.008321 0.032407 0.132199
vt 0.488616 0.569840
vn 0.249092 0.968480 0.000019
v 0.016118 0.029319 0.132252
vt 0.500409 0.565368
vn 0.368079 0.929794 0.000059
v -0.022904 0.024390 0.132252
vt 0.441677 0.556982
vn -0.022728 0.038387 0.999004
v -0.016119 0.029320 0.132217
vt 0.451800 0.564517
vn -0.013216 0.042773 0.998997
v 0.000000 0.000000 0.133710
vt 0.476811 0.520754
vn -0.003626 0.044199 0.999016
v -0.008321 0.032407 0.132181
vt 0.463504 0.569330
vn -0.008430 0.044978 0.998952
v 0.000000 0.033458 0.132166
vt 0.476040 0.571166
vn -0.001100 0.044986 0.998987
v 0.008321 0.032407 0.132199
vt 0.488616 0.569840
vn 0.006169 0.044979 0.998969
v 0.016118 0.029319 0.132252
vt 0.500409 0.565368
vn 0.006169 0.044979 0.998969
v 0.011152 0.075375 0.133221
vt 0.503483 0.649395
vn -0.117699 0.424372 0.897806
v 0.013671 0.079377 0.131638
vt 0.510281 0.653150
vn -0.263411 0.602106 0.753713
v 0.019106 0.053061 0.137420
vt 0.509643 0.612472
vn 0.033963 0.155878 0.987192
v 0.021660 0.054874 0.137514
vt 0.513627 0.615094
vn 0.034290 0.139876 0.989575
v 0.005267 0.108105 0.099384
vt 0.534034 0.717801
vn -0.311326 0.655404 0.688129
v 0.001611 0.107831 0.099080
vt 0.529082 0.720672
vn -0.311326 0.655404 0.688129
v 0.019093 0.052732 0.140280
vt 0.506162 0.609602
vn 0.840407 0.541494 0.022349
v 0.019106 0.053061 0.137420
vt 0.509643 0.612472
vn 0.866218 0.499390 0.016641
v 0.011152 0.075375 0.133221
vt 0.503483 0.649395
vn 0.943995 0.329075 0.024129
v 0.004069 0.110640 0.100934
vt 0.514551 0.751747
vn -0.943205 -0.329703 -0.040752
v 0.013170 0.081258 0.133682
vt 0.560507 0.715866
vn -0.947119 -0.320781 -0.008041
v 0.005267 0.108105 0.099384
vt 0.512838 0.747951
vn -0.943205 -0.329703 -0.040752
v 0.013671 0.079377 0.131638
vt 0.558244 0.713001
vn -0.948715 -0.316005 0.008999
v 0.001611 0.107831 0.099080
vt 0.529082 0.720672
vn 0.943500 0.328698 0.042012
v 0.026617 0.048335 0.139991
vt 0.520886 0.602630
vn 0.513807 0.854983 0.070752
v 0.025544 0.049191 0.136225
vt 0.517501 0.606986
vn 0.513807 0.854983 0.070752
v 0.021660 0.054874 0.137514
vt 0.573070 0.681201
vn -0.952140 -0.294515 0.081793
v 0.022019 0.054771 0.140229
vt 0.576089 0.682265
vn -0.952140 -0.294515 0.081793
v 0.021660 0.054874 0.137514
vt 0.573070 0.681201
vn -0.381396 -0.924073 -0.025032
v 0.022019 0.054771 0.140229
vt 0.576089 0.682265
vn -0.381396 -0.924073 -0.025032
v 0.024929 0.053649 0.137314
vt 0.580144 0.676423
vn -0.381396 -0.924073 -0.025032
v 0.025049 0.053379 0.141049
vt 0.579854 0.681066
vn -0.381396 -0.924073 -0.025032
v 0.025544 0.049191 0.136225
vt 0.517501 0.606986
vn 0.037582 -0.196505 0.979782
v 0.024929 0.053649 0.137314
vt 0.517184 0.613923
vn 0.037582 -0.196505 0.979782
v -0.005828 0.237018 0.145409
vt 0.538780 0.918530
vn -0.966617 0.254566 0.029133
v -0.008267 0.229931 0.125801
vt 0.518049 0.901743
vn -0.966617 0.254566 0.029133
v -0.005214 0.239423 0.144148
vt 0.536230 0.921092
vn -0.966617 0.254566 0.029133
v -0.007628 0.232525 0.124913
vt 0.515913 0.904728
vn -0.966617 0.254566 0.029133
v -0.012731 0.230788 0.125383
vt 0.485115 0.883371
vn 0.967426 -0.252113 -0.022921
v -0.010361 0.238150 0.145166
vt 0.478526 0.914972
vn 0.968141 -0.250025 -0.013817
v -0.012093 0.233382 0.124495
vt 0.489303 0.884219
vn 0.967426 -0.252113 -0.022921
v -0.009748 0.240555 0.143906
vt 0.482862 0.915477
vn 0.968112 -0.250131 -0.013894
v -0.003926 0.244425 0.157686
vt 0.549949 0.932593
vn -0.971226 0.238077 -0.006213
v -0.005828 0.237018 0.145409
vt 0.538780 0.918530
vn -0.968896 0.247466 0.000724
v -0.003452 0.246285 0.155693
vt 0.546736 0.934157
vn -0.970840 0.239677 -0.005027
v -0.005214 0.239423 0.144148
vt 0.536230 0.921092
vn -0.968896 0.247466 0.000724
v -0.008580 0.245165 0.157157
vt 0.475442 0.935247
vn 0.972343 -0.233320 0.010485
v -0.008106 0.247025 0.155164
vt 0.479788 0.935103
vn 0.971807 -0.235617 0.008703
v -0.006736 0.254007 0.166008
vt 0.474332 0.953854
vn 0.975263 -0.220592 0.014199
v -0.004510 0.264025 0.171599
vt 0.474634 0.971034
vn 0.985438 -0.169814 0.008721
v -0.006350 0.255571 0.163856
vt 0.478550 0.954139
vn 0.975263 -0.220620 0.013714
v -0.004320 0.264841 0.169017
vt 0.478861 0.971700
vn 0.986030 -0.166343 0.008699
v -0.001926 0.253358 0.166459
vt 0.556737 0.946978
vn -0.972580 0.232477 -0.006600
v -0.001570 0.254785 0.164148
vt 0.553433 0.948170
vn -0.972604 0.232372 -0.006712
v 0.000515 0.263391 0.171850
vt 0.561660 0.960852
vn -0.984346 0.176171 -0.005212
v 0.000700 0.264186 0.169070
vt 0.558009 0.962264
vn -0.984925 0.172894 -0.005485
v -0.003184 0.273598 0.173117
vt 0.475155 0.984564
vn 0.991098 -0.132828 0.009076
v -0.003184 0.273598 0.167003
vt 0.476204 0.988564
vn 0.991098 -0.132828 0.009076
v 0.001998 0.273927 0.173114
vt 0.564999 0.973408
vn -0.990745 0.135470 -0.008501
v 0.001998 0.273927 0.167000
vt 0.564272 0.977035
vn -0.990745 0.135470 -0.008501
v 0.019093 0.052732 0.140280
vt 0.506162 0.609602
vn -0.087513 -0.316409 0.944578
v 0.026617 0.048335 0.139991
vt 0.520886 0.602630
vn -0.063518 -0.173322 0.982815
v -0.067613 0.265321 0.172953
vt 0.071327 0.057977
vn -0.229025 0.973421 -0.000018
v -0.089260 0.258788 0.172936
vt 0.071304 0.027545
vn -0.288930 0.957350 0.000019
v -0.067613 0.265321 0.166839
vt 0.063098 0.057977
vn -0.229111 0.973400 -0.000018
v -0.089260 0.258788 0.166822
vt 0.063076 0.027545
vn -0.288930 0.957350 0.000019
v -0.003184 0.273598 0.173117
vt 0.071547 0.145590
vn -0.058403 0.998293 -0.000016
v -0.034000 0.271794 0.173040
vt 0.071444 0.104046
vn -0.127315 0.991862 0.000017
v -0.003184 0.273598 0.167003
vt 0.063318 0.145590
vn -0.058403 0.998293 -0.000016
v -0.034000 0.271794 0.166926
vt 0.063215 0.104046
vn -0.127524 0.991836 -0.000017
v 0.187371 0.199763 0.172970
vt 0.799784 0.867998
vn -0.018101 -0.037216 0.999143
v 0.215998 0.168144 0.172954
vt 0.834325 0.826596
vn -0.022615 -0.044109 0.998771
v 0.149552 0.161516 0.170970
vt 0.749288 0.819407
vn -0.027314 -0.045328 0.998599
v 0.169259 0.144232 0.170421
vt 0.774284 0.796156
vn -0.025008 -0.048330 0.998518
v 0.189148 0.154342 0.170975
vt 0.800485 0.808513
vn -0.022615 -0.044109 0.998771
v 0.160899 0.221592 0.172986
vt 0.766247 0.897092
vn -0.014012 -0.028803 0.999487
v 0.117884 0.186689 0.171593
vt 0.709003 0.853312
vn -0.009907 -0.026025 0.999612
v 0.131878 0.240015 0.172993
vt 0.729440 0.921994
vn -0.006827 -0.021924 0.999736
v 0.100512 0.254772 0.172993
vt 0.689626 0.942467
vn -0.003828 -0.020327 0.999786
v 0.072418 0.220158 0.172287
vt 0.651330 0.898801
vn -0.003512 -0.019716 0.999799
v 0.067674 0.265335 0.173046
vt 0.647993 0.957869
vn -0.005823 -0.017406 0.999832
v 0.044591 0.238842 0.172607
vt 0.616477 0.924867
vn -0.008627 -0.017614 0.999808
v 0.034328 0.271849 0.173039
vt 0.605714 0.968654
vn -0.017605 -0.030908 0.999367
v 0.023337 0.251336 0.172026
vt 0.590009 0.942720
vn -0.017716 -0.035706 0.999205
v 0.004052 0.220125 0.144818
vt 0.550018 0.895941
vn -0.866200 -0.403510 0.294749
v 0.010036 0.202340 0.145761
vt 0.559738 0.873517
vn -0.932375 -0.234805 0.274852
v 0.000867 0.215102 0.129853
vt 0.532752 0.884203
vn -0.871891 -0.391729 0.293862
v 0.006715 0.199384 0.131591
vt 0.542138 0.865585
vn -0.934686 -0.226997 0.273558
v 0.010865 0.176325 0.131228
vt 0.548263 0.837317
vn -0.953593 -0.139423 0.266873
v 0.014875 0.176831 0.145617
vt 0.567414 0.840818
vn -0.953321 -0.141508 0.266747
v 0.012038 0.158945 0.129391
vt 0.548713 0.815594
vn -0.960402 -0.070918 0.269441
v 0.016411 0.158497 0.144915
vt 0.569593 0.817093
vn -0.960270 -0.072635 0.269454
v 0.011830 0.141902 0.125238
vt 0.545251 0.793700
vn -0.962174 -0.053821 0.267067
v 0.017096 0.140880 0.143748
vt 0.570179 0.794210
vn -0.962122 -0.053827 0.267253
v 0.010899 0.129548 0.118983
vt 0.538234 0.777442
vn -0.961607 -0.024229 0.273359
v 0.017556 0.120343 0.141704
vt 0.569683 0.767362
vn -0.961571 -0.023527 0.273547
v 0.008742 0.120236 0.111299
vt 0.528664 0.764922
vn -0.946587 0.055186 0.317690
v 0.016737 0.101080 0.138532
vt 0.566878 0.742051
vn -0.945118 0.060468 0.321085
v 0.004069 0.110640 0.100934
vt 0.514551 0.751747
vn -0.937074 0.087555 0.337974
v 0.013170 0.081258 0.133682
vt 0.560507 0.715866
vn -0.937074 0.087555 0.337974
v 0.016669 0.240223 0.168184
vt 0.579923 0.928321
vn -0.330217 -0.311831 0.890909
v -0.001926 0.253358 0.166459
vt 0.556737 0.946978
vn -0.341916 -0.377305 0.860659
v 0.023337 0.251336 0.172026
vt 0.590009 0.942720
vn -0.192740 -0.232841 0.953224
v 0.000515 0.263391 0.171850
vt 0.561660 0.960852
vn -0.228208 -0.305413 0.924470
v 0.004052 0.220125 0.144818
vt 0.550018 0.895941
vn -0.761117 -0.378638 0.526626
v -0.005828 0.237018 0.145409
vt 0.538780 0.918530
vn -0.717002 -0.495211 0.490586
v 0.009282 0.227387 0.157767
vt 0.565750 0.909292
vn -0.569320 -0.386637 0.725525
v -0.003926 0.244425 0.157686
vt 0.549949 0.932593
vn -0.570513 -0.477597 0.668144
v -0.005828 0.237018 0.145409
vt 0.538780 0.918530
vn -0.832599 -0.466413 0.298727
v -0.008267 0.229931 0.125801
vt 0.518049 0.901743
vn -0.832599 -0.466413 0.298727
v 0.044591 0.238842 0.172607
vt 0.616477 0.924867
vn -0.117601 -0.143410 0.982651
v 0.033942 0.226610 0.169426
vt 0.601506 0.909389
vn -0.253048 -0.216156 0.942997
v 0.057075 0.207479 0.169709
vt 0.630499 0.882850
vn -0.174731 -0.139026 0.974752
v 0.072418 0.220158 0.172287
vt 0.651330 0.898801
vn -0.080715 -0.121627 0.989289
v 0.099798 0.136795 0.167931
vt 0.683663 0.789045
vn -0.080112 -0.063232 0.994778
v 0.122990 0.118214 0.167736
vt 0.713152 0.764062
vn -0.045629 -0.064617 0.996866
v 0.016475 0.209295 0.156970
vt 0.574777 0.885300
vn -0.457507 -0.259816 0.850401
v 0.027455 0.181681 0.155753
vt 0.588138 0.848556
vn -0.319726 -0.144125 0.936485
v 0.032502 0.096710 0.150093
vt 0.592579 0.737322
vn -0.369231 -0.107414 0.923109
v 0.064498 0.082543 0.157612
vt 0.635249 0.718818
vn -0.231943 -0.122950 0.964928
v 0.030844 0.076504 0.146648
vt 0.589221 0.710917
vn -0.430934 -0.099604 0.896870
v 0.044540 0.067992 0.149925
vt 0.607569 0.699701
vn -0.291829 -0.129630 0.947645
v 0.068880 0.122531 0.163665
vt 0.642917 0.771175
vn -0.199633 -0.088428 0.975872
v 0.092789 0.100499 0.164313
vt 0.673262 0.741865
vn -0.146318 -0.101725 0.983993
v 0.169259 0.144232 0.170421
vt 0.774284 0.796156
vn 0.478993 -0.868841 -0.125222
v 0.189148 0.154342 0.170975
vt 0.800485 0.808513
vn 0.453074 -0.890791 -0.034860
v 0.169348 0.144738 0.167448
vt 0.776292 0.792782
vn 0.477446 -0.869978 -0.123221
v 0.189434 0.154579 0.167992
vt 0.802635 0.805257
vn 0.453553 -0.890700 -0.030694
v 0.092789 0.100499 0.164313
vt 0.673262 0.741865
vn 0.536179 -0.828992 -0.159012
v 0.093450 0.101437 0.161409
vt 0.675958 0.738837
vn 0.530941 -0.832685 -0.157277
v 0.064498 0.082543 0.157612
vt 0.635249 0.718818
vn 0.583795 -0.793354 -0.172551
v 0.064704 0.083404 0.154517
vt 0.637397 0.715225
vn 0.585648 -0.791905 -0.172922
v 0.025049 0.053379 0.141049
vt 0.579854 0.681066
vn 0.637908 -0.759335 -0.128387
v 0.044540 0.067992 0.149925
vt 0.607569 0.699701
vn 0.630940 -0.760289 -0.154516
v 0.024929 0.053649 0.137314
vt 0.580144 0.676423
vn 0.637908 -0.759335 -0.128387
v 0.044971 0.069137 0.146834
vt 0.610038 0.696121
vn 0.630925 -0.760281 -0.154618
v 0.123216 0.118864 0.164775
vt 0.715378 0.760799
vn 0.498950 -0.854402 -0.145075
v 0.122990 0.118214 0.167736
vt 0.713152 0.764062
vn 0.500205 -0.853565 -0.145678
v 0.215998 0.168144 0.172954
vt 0.834325 0.826596
vn 0.456072 -0.889898 -0.008911
v 0.215998 0.168144 0.166840
vt 0.837880 0.826392
vn 0.456072 -0.889898 -0.008911
v 0.025049 0.053379 0.141049
vt 0.579854 0.681066
vn -0.317512 -0.147240 0.936753
v 0.013170 0.081258 0.133682
vt 0.560507 0.715866
vn -0.601156 -0.061022 0.796799
v 0.022019 0.054771 0.140229
vt 0.576089 0.682265
vn -0.536336 -0.031329 0.843423
v 0.000515 0.263391 0.171850
vt 0.561660 0.960852
vn -0.018607 -0.065727 0.997664
v 0.001998 0.273927 0.173114
vt 0.564999 0.973408
vn -0.018607 -0.065727 0.997664
v 0.117884 0.186689 0.171593
vt 0.709003 0.853312
vn -0.089623 -0.076009 0.993071
v 0.014875 0.176831 0.145617
vt 0.567414 0.840818
vn -0.624671 -0.143030 0.767678
v 0.010036 0.202340 0.145761
vt 0.559738 0.873517
vn -0.705980 -0.239016 0.666681
v 0.032006 0.143146 0.154438
vt 0.593800 0.798013
vn -0.353557 -0.077618 0.932187
v 0.016411 0.158497 0.144915
vt 0.569593 0.817093
vn -0.590481 -0.090107 0.802005
v 0.017096 0.140880 0.143748
vt 0.570179 0.794210
vn -0.578220 -0.083946 0.811551
v 0.017556 0.120343 0.141704
vt 0.569683 0.767362
vn -0.581753 -0.087237 0.808673
v 0.016737 0.101080 0.138532
vt 0.566878 0.742051
vn -0.605134 -0.091109 0.790893
v 0.073231 0.160422 0.167015
vt 0.649716 0.820670
vn -0.155409 -0.084325 0.984245
v 0.187371 0.199763 0.172970
vt 0.957003 0.059228
vn 0.696280 0.717771 0.000022
v 0.160899 0.221592 0.172986
vt 0.956982 0.104666
vn 0.587222 0.809426 0.000064
v 0.187371 0.199763 0.166856
vt 0.965101 0.059228
vn 0.696280 0.717771 0.000022
v 0.160899 0.221592 0.166872
vt 0.965079 0.104666
vn 0.587222 0.809426 0.000064
v 0.131878 0.240015 0.172993
vt 0.956974 0.150189
vn 0.481795 0.876284 0.000021
v 0.100512 0.254772 0.172993
vt 0.956973 0.196094
vn 0.366694 0.930342 0.000059
v 0.131878 0.240015 0.166878
vt 0.965071 0.150189
vn 0.481795 0.876284 0.000021
v 0.100512 0.254772 0.166879
vt 0.965070 0.196094
vn 0.366789 0.930304 0.000059
v 0.067674 0.265335 0.173046
vt 0.956903 0.241776
vn 0.249705 0.968322 0.000019
v 0.067674 0.265335 0.166932
vt 0.965000 0.241776
vn 0.249399 0.968401 0.000019
v 0.034328 0.271849 0.173039
vt 0.956913 0.286772
vn 0.129674 0.991557 0.000051
v 0.034328 0.271849 0.166924
vt 0.965010 0.286772
vn 0.129788 0.991542 0.000051
v 0.001998 0.273927 0.173114
vt 0.956813 0.329674
vn 0.064197 0.997937 0.000016
v 0.001998 0.273927 0.167000
vt 0.964910 0.329674
vn 0.064197 0.997937 0.000016
v 0.215998 0.168144 0.172954
vt 0.957025 0.002742
vn 0.741283 0.671192 0.000022
v 0.215998 0.168144 0.166840
vt 0.965122 0.002742
vn 0.741283 0.671192 0.000022
v 0.000000 -0.027732 0.134702
vt 0.141976 0.930324
vn 0.729511 -0.143634 0.668717
v 0.000000 -0.023860 0.134001
vt 0.133874 0.930324
vn 0.729458 -0.143736 0.668754
v 0.007333 0.009757 0.134702
vt 0.064235 0.948343
vn 0.729548 -0.143735 0.668656
v 0.006807 0.010456 0.134001
vt 0.062501 0.946270
vn 0.729503 -0.143736 0.668705
v 0.006807 0.010456 0.134001
vt 0.062501 0.946270
vn -0.016436 -0.756701 0.653555
v 0.012092 0.010325 0.134001
vt 0.061019 0.958572
vn -0.137936 -0.748937 0.648126
v 0.007333 0.009757 0.134702
vt 0.064235 0.948343
vn -0.016612 -0.756785 0.653453
v 0.012004 0.009671 0.134702
vt 0.063272 0.958550
vn -0.147214 -0.747931 0.647246
v 0.015356 0.008253 0.134702
vt 0.065070 0.966186
vn -0.431442 -0.615069 0.659961
v 0.015863 0.008694 0.134001
vt 0.063221 0.967406
vn -0.445850 -0.601120 0.663229
v 0.016611 0.007344 0.134001
vt 0.065398 0.969626
vn -0.658931 -0.331334 0.675298
v 0.016215 0.006409 0.134702
vt 0.067933 0.969318
vn -0.658954 -0.331447 0.675220
v 0.022513 0.011066 0.134702
vt 0.055698 0.979811
vn 0.500640 -0.682887 0.532001
v 0.016215 0.006409 0.134702
vt 0.067933 0.969318
vn 0.500690 -0.682935 0.531893
v 0.021324 0.010761 0.134001
vt 0.056949 0.977285
vn 0.500690 -0.682935 0.531893
v 0.016611 0.007344 0.134001
vt 0.065398 0.969626
vn 0.500583 -0.682932 0.531996
v 0.000000 0.009075 0.134702
vt 0.063365 0.930324
vn -0.551811 0.502265 0.665759
v 0.005480 0.015057 0.134702
vt 0.051572 0.943633
vn -0.266142 0.660050 0.702497
v 0.000000 0.008009 0.134001
vt 0.066579 0.930324
vn -0.551811 0.502265 0.665759
v 0.005746 0.014356 0.134001
vt 0.053718 0.944421
vn -0.258115 0.663189 0.702537
v 0.012825 0.013903 0.134702
vt 0.052420 0.959227
vn 0.155782 0.747899 0.645274
v 0.012719 0.013251 0.134001
vt 0.054580 0.959125
vn 0.157375 0.747562 0.645279
v 0.019600 0.012108 0.134702
vt 0.054048 0.973915
vn 0.214253 0.730229 0.648738
v 0.019322 0.011504 0.134001
vt 0.056106 0.973361
vn 0.211560 0.731465 0.648230
v 0.021324 0.010761 0.134001
vt 0.056949 0.977285
vn 0.257272 0.708669 0.656962
v 0.022513 0.011066 0.134702
vt 0.055698 0.979811
vn 0.257382 0.708649 0.656940
v 0.000000 -0.027732 0.134702
vt 0.141976 0.930324
vn -0.729548 -0.143735 0.668656
v -0.007332 0.009757 0.134702
vt 0.064235 0.912305
vn -0.676261 -0.225616 0.701262
v 0.000000 -0.023860 0.134001
vt 0.133874 0.930324
vn -0.729548 -0.143735 0.668656
v -0.006806 0.010456 0.134001
vt 0.062501 0.914378
vn -0.673139 -0.230147 0.702792
v -0.012091 0.010325 0.134001
vt 0.061019 0.902076
vn 0.137884 -0.749005 0.648058
v -0.012003 0.009671 0.134702
vt 0.063272 0.902098
vn 0.147163 -0.747913 0.647278
v -0.015355 0.008253 0.134702
vt 0.065070 0.894461
vn 0.431383 -0.615008 0.660055
v -0.015862 0.008694 0.134001
vt 0.063221 0.893241
vn 0.445792 -0.601114 0.663274
v -0.016611 0.007344 0.134001
vt 0.065398 0.891021
vn 0.658857 -0.331220 0.675426
v -0.016213 0.006409 0.134702
vt 0.067933 0.891330
vn 0.658880 -0.331333 0.675349
v -0.022512 0.011066 0.134702
vt 0.055698 0.880836
vn -0.500833 -0.683126 0.531512
v -0.021323 0.010761 0.134001
vt 0.056949 0.883362
vn -0.500784 -0.683078 0.531620
v -0.016213 0.006409 0.134702
vt 0.067933 0.891330
vn -0.500837 -0.683079 0.531569
v -0.016611 0.007344 0.134001
vt 0.065398 0.891021
vn -0.500833 -0.683126 0.531512
v 0.000000 0.009075 0.134702
vt 0.063365 0.930324
vn 0.551756 0.502262 0.665807
v 0.000000 0.008009 0.134001
vt 0.066579 0.930324
vn 0.551756 0.502262 0.665807
v -0.005480 0.015057 0.134702
vt 0.051572 0.917014
vn 0.266087 0.660035 0.702532
v -0.005746 0.014356 0.134001
vt 0.053718 0.916227
vn 0.258060 0.663276 0.702474
v -0.012824 0.013903 0.134702
vt 0.052420 0.901420
vn -0.155832 0.747960 0.645191
v -0.012719 0.013251 0.134001
vt 0.054580 0.901522
vn -0.157424 0.747710 0.645095
v -0.019599 0.012108 0.134702
vt 0.054048 0.886732
vn -0.214358 0.730305 0.648617
v -0.019321 0.011504 0.134001
vt 0.056106 0.887287
vn -0.211718 0.731603 0.648023
v -0.021323 0.010761 0.134001
vt 0.056949 0.883362
vn -0.257437 0.708663 0.656904
v -0.022512 0.011066 0.134702
vt 0.055698 0.880836
vn -0.257437 0.708663 0.656904
v 0.021324 0.010761 0.134001
vt 0.056949 0.977285
vn -0.000015 -0.000015 1.000000
v 0.016611 0.007344 0.134001
vt 0.065398 0.969626
vn -0.000015 -0.000015 1.000000
v 0.019322 0.011504 0.134001
vt 0.056106 0.973361
vn -0.000015 -0.000015 1.000000
v 0.015863 0.008694 0.134001
vt 0.063221 0.967406
vn -0.000015 -0.000015 1.000000
v 0.012092 0.010325 0.134001
vt 0.061019 0.958572
vn -0.000015 -0.000015 1.000000
v 0.012719 0.013251 0.134001
vt 0.054580 0.959125
vn -0.000015 -0.000015 1.000000
v 0.006807 0.010456 0.134001
vt 0.062501 0.946270
vn -0.000015 -0.000015 1.000000
v 0.005746 0.014356 0.134001
vt 0.053718 0.944421
vn -0.000015 -0.000015 1.000000
v 0.000000 0.008009 0.134001
vt 0.066579 0.930324
vn -0.000015 -0.000015 1.000000
v 0.000000 -0.023860 0.134001
vt 0.133874 0.930324
vn -0.000015 -0.000015 1.000000
v -0.006806 0.010456 0.134001
vt 0.062501 0.914378
vn -0.000015 -0.000015 1.000000
v -0.005746 0.014356 0.134001
vt 0.053718 0.916227
vn -0.000015 -0.000015 1.000000
v -0.012719 0.013251 0.134001
vt 0.054580 0.901522
vn -0.000015 -0.000015 1.000000
v -0.012091 0.010325 0.134001
vt 0.061019 0.902076
vn -0.000015 -0.000015 1.000000
v -0.015862 0.008694 0.134001
vt 0.063221 0.893241
vn -0.000015 -0.000015 1.000000
v -0.019321 0.011504 0.134001
vt 0.056106 0.887287
vn -0.000015 0.000076 1.000000
v -0.016611 0.007344 0.134001
vt 0.065398 0.891021
vn -0.000015 0.000076 1.000000
v -0.021323 0.010761 0.134001
vt 0.056949 0.883362
vn -0.000015 0.000076 1.000000
v 0.023659 0.012484 0.134702
vt 0.039092 0.982553
vn 0.788772 -0.337244 0.513911
v 0.023406 0.013074 0.134001
vt 0.037147 0.981160
vn 0.788694 -0.337254 0.514026
v 0.024841 0.015243 0.134702
vt 0.032652 0.984478
vn 0.788694 -0.337254 0.514026
v 0.024211 0.014961 0.134001
vt 0.033791 0.982377
vn 0.788726 -0.337196 0.514014
v -0.024210 0.014961 0.134001
vt 0.033791 0.877055
vn -0.788811 -0.337240 0.513855
v -0.023406 0.013074 0.134001
vt 0.037148 0.878272
vn -0.788889 -0.337230 0.513740
v -0.024840 0.015243 0.134702
vt 0.032652 0.874954
vn -0.788836 -0.337129 0.513888
v -0.023658 0.012484 0.134702
vt 0.039092 0.876879
vn -0.788915 -0.337120 0.513774
v 0.024841 0.015243 0.134702
vt 0.032652 0.984478
vn 0.234603 0.835827 0.496342
v 0.024211 0.014961 0.134001
vt 0.033791 0.982377
vn 0.234650 0.835871 0.496244
v 0.012386 0.018741 0.134702
vt 0.026636 0.957398
vn 0.158750 0.851850 0.499149
v 0.012308 0.018299 0.134001
vt 0.028638 0.957162
vn 0.159154 0.851763 0.499168
v 0.000000 0.019904 0.134702
vt 0.024943 0.929716
vn -0.000021 0.865742 0.500491
v 0.000000 0.019455 0.134001
vt 0.026937 0.929716
vn -0.000021 0.865799 0.500392
v -0.012385 0.018741 0.134702
vt 0.026636 0.902034
vn -0.158799 0.851863 0.499111
v -0.012307 0.018299 0.134001
vt 0.028638 0.902270
vn -0.159203 0.851777 0.499130
v -0.024840 0.015243 0.134702
vt 0.032652 0.874954
vn -0.234545 0.835885 0.496272
v -0.024210 0.014961 0.134001
vt 0.033791 0.877055
vn -0.234553 0.835816 0.496383
v 0.024211 0.014961 0.134001
vt 0.033791 0.982377
vn -0.000015 -0.000015 1.000000
v 0.023406 0.013074 0.134001
vt 0.037147 0.981160
vn -0.000015 -0.000015 1.000000
v 0.012308 0.018299 0.134001
vt 0.028638 0.957162
vn -0.000015 -0.000015 1.000000
v 0.011917 0.016429 0.134001
vt 0.032890 0.956550
vn -0.000015 -0.000015 1.000000
v 0.000000 0.019455 0.134001
vt 0.026937 0.929716
vn -0.000015 -0.000015 1.000000
v 0.000000 0.017513 0.134001
vt 0.031232 0.929716
vn -0.000015 -0.000015 1.000000
v -0.012307 0.018299 0.134001
vt 0.028638 0.902270
vn -0.000015 -0.000015 1.000000
v -0.011917 0.016429 0.134001
vt 0.032890 0.902882
vn -0.000015 -0.000015 1.000000
v -0.024210 0.014961 0.134001
vt 0.033791 0.877055
vn -0.000015 -0.000015 1.000000
v -0.023406 0.013074 0.134001
vt 0.037148 0.878272
vn -0.000015 -0.000015 1.000000
v 0.023659 0.012484 0.134702
vt 0.039092 0.982553
vn -0.241534 -0.820936 0.517422
v 0.011828 0.015990 0.134702
vt 0.034888 0.956282
vn -0.161847 -0.845329 0.509141
v 0.023406 0.013074 0.134001
vt 0.037147 0.981160
vn -0.241534 -0.820936 0.517422
v 0.011917 0.016429 0.134001
vt 0.032890 0.956550
vn -0.162312 -0.845120 0.509340
v 0.000000 0.017065 0.134702
vt 0.033241 0.929716
vn -0.000021 -0.866851 0.498567
v 0.000000 0.017513 0.134001
vt 0.031232 0.929716
vn -0.000021 -0.866851 0.498567
v -0.011827 0.015990 0.134702
vt 0.034888 0.903150
vn 0.161703 -0.845255 0.509309
v -0.011917 0.016429 0.134001
vt 0.032890 0.902882
vn 0.162364 -0.845100 0.509356
v -0.023658 0.012484 0.134702
vt 0.039092 0.876879
vn 0.241589 -0.820911 0.517436
v -0.023406 0.013074 0.134001
vt 0.037148 0.878272
vn 0.241589 -0.820911 0.517436
v 0.259178 0.084212 -0.050021
vt 0.894835 0.929714
vn -0.951067 -0.308985 -0.000019
v 0.259178 0.084212 0.153996
vt 0.894835 0.986603
vn -0.951067 -0.308985 -0.000019
v 0.272516 0.000000 -0.050021
vt 0.918244 0.929714
vn -1.000000 0.000000 -0.000015
v 0.272516 0.000000 0.153996
vt 0.918244 0.986603
vn -1.000000 0.000000 -0.000015
v 0.259179 -0.084212 -0.050021
vt 0.941471 0.929714
vn -0.951074 0.308962 0.000019
v 0.259179 -0.084212 0.153996
vt 0.941471 0.986603
vn -0.951074 0.308962 0.000019
v 0.220470 -0.160181 -0.050021
vt 0.964583 0.929714
vn -0.809021 0.587780 0.000021
v 0.220470 -0.160181 0.153996
vt 0.964583 0.986603
vn -0.809021 0.587780 0.000021
v 0.160181 -0.220470 -0.050021
vt 0.987917 0.929714
vn -0.587828 0.808986 0.000021
v 0.160181 -0.220470 0.153996
vt 0.987917 0.986603
vn -0.587828 0.808986 0.000021
v 0.160181 -0.220470 -0.050021
vt 0.752077 0.929364
vn -0.587828 0.808986 0.000021
v 0.160181 -0.220470 0.153996
vt 0.752077 0.987065
vn -0.587828 0.808986 0.000021
v 0.084213 -0.259178 -0.050021
vt 0.774541 0.929364
vn -0.309008 0.951059 0.000019
v 0.084213 -0.259178 0.153996
vt 0.774541 0.987065
vn -0.309008 0.951059 0.000019
v -0.000001 -0.272517 -0.050021
vt 0.796890 0.929364
vn 0.000000 1.000000 -0.000015
v -0.000001 -0.272517 0.153996
vt 0.796890 0.987065
vn 0.000000 1.000000 -0.000015
v -0.084212 -0.259178 -0.050021
vt 0.819452 0.929364
vn 0.308973 0.951071 0.000058
v -0.084212 -0.259178 0.153996
vt 0.819452 0.987065
vn 0.308973 0.951071 0.000058
v -0.160180 -0.220470 -0.050021
vt 0.842313 0.929364
vn 0.587800 0.809006 0.000064
v -0.160180 -0.220470 0.153996
vt 0.842313 0.987065
vn 0.587800 0.809006 0.000064
v -0.220470 -0.160181 -0.050021
vt 0.865473 0.929364
vn 0.809006 0.587800 0.000064
v -0.220470 -0.160181 0.153996
vt 0.865473 0.987065
vn 0.809006 0.587800 0.000064
v -0.259177 -0.084212 -0.050021
vt 0.888909 0.929364
vn 0.951071 0.308973 0.000058
v -0.259177 -0.084212 0.153996
vt 0.888909 0.987065
vn 0.951071 0.308973 0.000058
v -0.272516 0.000000 -0.050021
vt 0.912586 0.929364
vn 1.000000 0.000000 -0.000015
v -0.272516 0.000000 0.153996
vt 0.912586 0.987065
vn 1.000000 0.000000 -0.000015
v -0.259179 0.084211 -0.050021
vt 0.936465 0.929364
vn 0.951059 -0.309008 0.000019
v -0.259179 0.084211 0.153996
vt 0.936465 0.987065
vn 0.951059 -0.309008 0.000019
v -0.220470 0.160181 -0.050021
vt 0.960502 0.929364
vn 0.808986 -0.587828 0.000021
v -0.220470 0.160181 0.153997
vt 0.960502 0.987065
vn 0.808986 -0.587828 0.000021
v -0.160181 0.220470 -0.050021
vt 0.984654 0.929364
vn 0.587780 -0.809021 0.000021
v -0.160181 0.220470 0.153997
vt 0.984654 0.987065
vn 0.587780 -0.809021 0.000021
v -0.160181 0.220470 -0.050021
vt 0.752022 0.929714
vn 0.587780 -0.809021 0.000021
v -0.160181 0.220470 0.153997
vt 0.752022 0.986603
vn 0.587780 -0.809021 0.000021
v -0.084212 0.259178 -0.050021
vt 0.775904 0.929714
vn 0.308962 -0.951074 0.000019
v -0.084212 0.259178 0.153997
vt 0.775904 0.986603
vn 0.308962 -0.951074 0.000019
v 0.000001 0.272517 -0.050021
vt 0.799812 0.929714
vn 0.000000 -1.000000 -0.000015
v 0.000001 0.272517 0.153997
vt 0.799812 0.986603
vn 0.000000 -1.000000 -0.000015
v 0.084212 0.259178 -0.050021
vt 0.823702 0.929714
vn -0.308985 -0.951067 -0.000019
v 0.084212 0.259178 0.153997
vt 0.823702 0.986603
vn -0.308985 -0.951067 -0.000019
v 0.160181 0.220470 -0.050021
vt 0.847529 0.929714
vn -0.587804 -0.809003 -0.000021
v 0.160181 0.220470 0.153997
vt 0.847529 0.986603
vn -0.587804 -0.809003 -0.000021
v 0.220470 0.160181 -0.050021
vt 0.871253 0.929714
vn -0.809003 -0.587804 -0.000021
v 0.220470 0.160181 0.153997
vt 0.871253 0.986603
vn -0.809003 -0.587804 -0.000021
v -0.327637 -0.084123 0.059435
vt -0.251325 -0.566258
vn -0.968584 -0.248685 -0.000056
v -0.335596 -0.042396 0.059435
vt -0.251325 -0.525774
vn -0.992120 -0.125290 -0.000017
v -0.321000 -0.082419 0.149340
vt -0.143305 -0.566258
vn -0.935094 -0.240111 0.260663
v -0.328799 -0.041537 0.149340
vt -0.143305 -0.525774
vn -0.957814 -0.121022 0.260665
v -0.314510 -0.124523 0.059435
vt -0.251325 -0.605533
vn -0.929790 -0.368090 -0.000020
v -0.308140 -0.122001 0.149340
vt -0.143305 -0.605533
vn -0.897636 -0.355400 0.260655
v -0.296423 -0.162960 0.059435
vt -0.251325 -0.646015
vn -0.876288 -0.481788 -0.000062
v -0.290419 -0.159659 0.149340
vt -0.143305 -0.646015
vn -0.846017 -0.465111 0.260628
v -0.273661 -0.198826 0.059435
vt -0.251325 -0.684969
vn -0.809003 -0.587804 -0.000021
v -0.268118 -0.194799 0.149340
vt -0.143305 -0.684969
vn -0.781008 -0.567530 0.260647
v -0.246584 -0.231557 0.059435
vt -0.251325 -0.725191
vn -0.729016 -0.684496 -0.000065
v -0.241589 -0.226867 0.149340
vt -0.143305 -0.725191
vn -0.703760 -0.660905 0.260627
v -0.215617 -0.260636 0.059435
vt -0.251325 -0.763663
vn -0.637408 -0.770527 -0.000064
v -0.211250 -0.255357 0.149340
vt -0.143305 -0.763663
vn -0.615402 -0.743886 0.260601
v -0.181251 -0.285605 0.059435
vt -0.251325 -0.802966
vn -0.535809 -0.844339 -0.000021
v -0.177579 -0.279820 0.149340
vt -0.143305 -0.802966
vn -0.517330 -0.815120 0.260670
v -0.144026 -0.306070 0.059435
vt -0.251325 -0.841217
vn -0.425791 -0.904821 -0.000061
v -0.141109 -0.299870 0.149340
vt -0.143305 -0.841217
vn -0.411115 -0.873517 0.260676
v -0.104529 -0.321708 0.059435
vt -0.251325 -0.880217
vn -0.308985 -0.951067 -0.000019
v -0.102412 -0.315192 0.149340
vt -0.143305 -0.880217
vn -0.298303 -0.918214 0.260573
v -0.063384 -0.332272 0.059435
vt -0.251325 -0.919143
vn -0.187376 -0.982288 -0.000054
v -0.062101 -0.325542 0.149340
vt -0.143305 -0.919143
vn -0.180929 -0.948334 0.260630
v -0.021240 -0.337596 0.059435
vt -0.251325 -0.957963
vn -0.062775 -0.998028 -0.000049
v -0.020809 -0.330758 0.149340
vt -0.143305 -0.957963
vn -0.060638 -0.963528 0.260649
v 0.021240 -0.337596 0.059435
vt -0.251325 -0.996982
vn 0.062773 -0.998028 -0.000016
v 0.020809 -0.330758 0.149340
vt -0.143305 -0.996982
vn 0.060599 -0.963520 0.260686
v 0.063384 -0.332272 0.059435
vt -0.688105 -0.044557
vn 0.187370 -0.982289 -0.000018
v 0.021240 -0.337596 0.059435
vt -0.688105 -0.005369
vn 0.062773 -0.998028 -0.000016
v 0.062100 -0.325542 0.149340
vt -0.580085 -0.044557
vn 0.180881 -0.948345 0.260622
v 0.020809 -0.330758 0.149340
vt -0.580085 -0.005369
vn 0.060599 -0.963520 0.260686
v 0.104529 -0.321707 0.059435
vt -0.688105 -0.083549
vn 0.308962 -0.951074 0.000019
v 0.102412 -0.315192 0.149340
vt -0.580085 -0.083549
vn 0.298267 -0.918198 0.260671
v 0.144025 -0.306070 0.059435
vt -0.688105 -0.122618
vn 0.425776 -0.904829 -0.000020
v 0.141108 -0.299870 0.149340
vt -0.580085 -0.122618
vn 0.411071 -0.873523 0.260725
v 0.181251 -0.285605 0.059435
vt -0.688105 -0.161829
vn 0.535785 -0.844354 0.000021
v 0.177579 -0.279820 0.149340
vt -0.580085 -0.161829
vn 0.517287 -0.815131 0.260722
v 0.215617 -0.260636 0.059435
vt -0.688105 -0.200345
vn 0.637387 -0.770544 -0.000021
v 0.211250 -0.255357 0.149340
vt -0.580085 -0.200345
vn 0.615364 -0.743899 0.260655
v 0.246583 -0.231557 0.059435
vt -0.688105 -0.239691
vn 0.728995 -0.684519 -0.000022
v 0.241589 -0.226867 0.149340
vt -0.580085 -0.239691
vn 0.703726 -0.660920 0.260682
v 0.273661 -0.198826 0.059435
vt -0.688105 -0.278248
vn 0.808986 -0.587828 0.000021
v 0.268118 -0.194799 0.149340
vt -0.580085 -0.278248
vn 0.780978 -0.567545 0.260703
v 0.296422 -0.162959 0.059435
vt -0.688105 -0.318495
vn 0.876270 -0.481820 -0.000021
v 0.290418 -0.159659 0.149340
vt -0.580085 -0.318495
vn 0.845993 -0.465124 0.260684
v 0.314509 -0.124523 0.059435
vt -0.688105 -0.357470
vn 0.929781 -0.368114 0.000020
v 0.308139 -0.122001 0.149340
vt -0.580085 -0.357470
vn 0.897616 -0.355411 0.260708
v 0.327636 -0.084123 0.059435
vt -0.688105 -0.398015
vn 0.968576 -0.248719 -0.000019
v 0.321000 -0.082419 0.149340
vt -0.580085 -0.398015
vn 0.935078 -0.240118 0.260714
v 0.335596 -0.042396 0.059435
vt -0.688105 -0.437253
vn 0.992118 -0.125308 0.000017
v 0.328799 -0.041537 0.149340
vt -0.580085 -0.437253
vn 0.957800 -0.121026 0.260713
v 0.338263 0.000000 0.059435
vt -0.688105 -0.477850
vn 1.000000 0.000000 -0.000015
v 0.331412 0.000000 0.149340
vt -0.580085 -0.477850
vn 0.965414 -0.000019 0.260723
v 0.335596 0.042396 0.059435
vt -0.688105 -0.517238
vn 0.992122 0.125275 0.000051
v 0.328798 0.041537 0.149340
vt -0.580085 -0.517238
vn 0.957795 0.120984 0.260752
v 0.327636 0.084123 0.059435
vt -0.688105 -0.557787
vn 0.968581 0.248698 0.000019
v 0.321000 0.082419 0.149340
vt -0.580085 -0.557787
vn 0.935077 0.240074 0.260758
v 0.314509 0.124523 0.059435
vt -0.688105 -0.597249
vn 0.929794 0.368079 0.000059
v 0.308139 0.122001 0.149340
vt -0.580085 -0.597249
vn 0.897620 0.355366 0.260756
v 0.296422 0.162960 0.059435
vt -0.688105 -0.637723
vn 0.876284 0.481795 0.000021
v 0.290418 0.159659 0.149340
vt -0.580085 -0.637723
vn 0.846001 0.465081 0.260734
v 0.273661 0.198826 0.059435
vt -0.688105 -0.677243
vn 0.809006 0.587800 0.000064
v 0.268118 0.194799 0.149340
vt -0.580085 -0.677243
vn 0.780990 0.567504 0.260756
v 0.246583 0.231557 0.059435
vt -0.688105 -0.717655
vn 0.729016 0.684497 0.000022
v 0.241589 0.226867 0.149340
vt -0.580085 -0.717655
vn 0.703740 0.660883 0.260737
v 0.215617 0.260636 0.059435
vt -0.688105 -0.757263
vn 0.637410 0.770525 0.000021
v 0.211250 0.255357 0.149340
vt -0.580085 -0.757263
vn 0.615379 0.743868 0.260711
v 0.181250 0.285605 0.059435
vt -0.688105 -0.797619
vn 0.535804 0.844342 0.000063
v 0.177579 0.279820 0.149340
vt -0.580085 -0.797619
vn 0.517301 0.815104 0.260778
v 0.144025 0.306070 0.059435
vt -0.688105 -0.837311
vn 0.425800 0.904817 0.000020
v 0.141108 0.299871 0.149340
vt -0.580085 -0.837311
vn 0.411083 0.873501 0.260780
v 0.104529 0.321708 0.059435
vt -0.688105 -0.877608
vn 0.308973 0.951071 0.000058
v 0.102412 0.315192 0.149340
vt -0.580085 -0.877608
vn 0.298276 0.918180 0.260724
v 0.063384 0.332272 0.059435
vt -0.688105 -0.917382
vn 0.187390 0.982286 0.000018
v 0.062100 0.325542 0.149340
vt -0.580085 -0.917382
vn 0.180891 0.948316 0.260722
v 0.021240 0.337596 0.059435
vt -0.688105 -0.957612
vn 0.062791 0.998027 0.000016
v 0.020809 0.330758 0.149340
vt -0.580085 -0.957612
vn 0.060600 0.963507 0.260732
v -0.021240 0.337596 0.059435
vt -0.688105 -0.997473
vn -0.062808 0.998026 -0.000016
v -0.020810 0.330758 0.149340
vt -0.580085 -0.997473
vn -0.060640 0.963515 0.260695
v -0.063384 0.332272 0.059435
vt -0.251325 -0.046100
vn -0.187411 0.982282 -0.000018
v -0.021240 0.337596 0.059435
vt -0.251325 -0.005954
vn -0.062808 0.998026 -0.000016
v -0.062101 0.325542 0.149340
vt -0.143305 -0.046100
vn -0.180934 0.948319 0.260680
v -0.020810 0.330758 0.149340
vt -0.143305 -0.005954
vn -0.060640 0.963515 0.260695
v -0.104529 0.321708 0.059435
vt -0.251325 -0.086048
vn -0.309008 0.951059 0.000019
v -0.102412 0.315191 0.149340
vt -0.143305 -0.086048
vn -0.298321 0.918178 0.260678
v -0.144026 0.306070 0.059435
vt -0.251325 -0.126104
vn -0.425824 0.904806 -0.000020
v -0.141108 0.299870 0.149340
vt -0.143305 -0.126104
vn -0.411127 0.873495 0.260731
v -0.181250 0.285605 0.059435
vt -0.251325 -0.166135
vn -0.535834 0.844323 0.000021
v -0.177579 0.279820 0.149340
vt -0.143305 -0.166135
vn -0.517343 0.815094 0.260726
v -0.215617 0.260636 0.059435
vt -0.251325 -0.206098
vn -0.637433 0.770506 -0.000021
v -0.211250 0.255357 0.149340
vt -0.143305 -0.206098
vn -0.615417 0.743855 0.260657
v -0.246583 0.231557 0.059435
vt -0.251325 -0.246213
vn -0.729037 0.684475 -0.000022
v -0.241589 0.226867 0.149340
vt -0.143305 -0.246213
vn -0.703774 0.660868 0.260682
v -0.273661 0.198826 0.059435
vt -0.251325 -0.286070
vn -0.809021 0.587780 0.000021
v -0.268118 0.194799 0.149340
vt -0.143305 -0.286070
vn -0.781019 0.567489 0.260700
v -0.296422 0.162960 0.059435
vt -0.251325 -0.326267
vn -0.876297 0.481771 -0.000021
v -0.290419 0.159659 0.149340
vt -0.143305 -0.326267
vn -0.846025 0.465068 0.260679
v -0.314509 0.124523 0.059435
vt -0.251325 -0.365994
vn -0.929800 0.368066 0.000020
v -0.308139 0.122001 0.149340
vt -0.143305 -0.365994
vn -0.897640 0.355356 0.260702
v -0.327636 0.084123 0.059435
vt -0.251325 -0.406280
vn -0.968587 0.248676 -0.000019
v -0.321000 0.082419 0.149340
vt -0.143305 -0.406280
vn -0.935094 0.240067 0.260706
v -0.335596 0.042396 0.059435
vt -0.251325 -0.445896
vn -0.992123 0.125271 0.000017
v -0.328799 0.041537 0.149340
vt -0.143305 -0.445896
vn -0.957809 0.120981 0.260704
v -0.338263 0.000000 0.059435
vt -0.251325 -0.486288
vn -1.000000 0.000000 -0.000015
v -0.331412 0.000000 0.149340
vt -0.143305 -0.486288
vn -0.965426 -0.000019 0.260679
v -0.299925 -0.077008 0.169380
vt -0.113011 -0.566258
vn -0.481199 -0.123519 0.867866
v -0.307212 -0.038810 0.169380
vt -0.113011 -0.525774
vn -0.492894 -0.062298 0.867857
v -0.287908 -0.113991 0.169380
vt -0.113011 -0.605533
vn -0.461896 -0.182926 0.867865
v -0.271351 -0.149177 0.169380
vt -0.113011 -0.646015
vn -0.435321 -0.239303 0.867888
v -0.250515 -0.182010 0.169380
vt -0.113011 -0.684969
vn -0.401917 -0.292006 0.867868
v -0.225728 -0.211972 0.169380
vt -0.113011 -0.725191
vn -0.362133 -0.340139 0.867850
v -0.197381 -0.238592 0.169380
vt -0.113011 -0.763663
vn -0.316731 -0.382837 0.867823
v -0.165921 -0.261449 0.169380
vt -0.113011 -0.802966
vn -0.266246 -0.419531 0.867817
v -0.131807 -0.280200 0.169380
vt -0.113011 -0.841217
vn -0.211532 -0.449544 0.867850
v -0.095688 -0.294498 0.169380
vt -0.113011 -0.880217
vn -0.153527 -0.472525 0.867842
v -0.058023 -0.304168 0.169380
vt -0.113011 -0.919143
vn -0.093106 -0.488036 0.867843
v -0.019443 -0.309042 0.169380
vt -0.113011 -0.957963
vn -0.031225 -0.495835 0.867855
v 0.095688 -0.294498 0.169380
vt -0.549791 -0.083549
vn 0.153476 -0.472510 0.867859
v 0.058023 -0.304168 0.169380
vt -0.549791 -0.044557
vn 0.093058 -0.488019 0.867858
v 0.131844 -0.280183 0.169380
vt -0.549791 -0.122618
vn 0.211479 -0.449531 0.867870
v 0.165920 -0.261449 0.169380
vt -0.549791 -0.161829
vn 0.266179 -0.419406 0.867898
v 0.197380 -0.238592 0.169380
vt -0.549791 -0.200345
vn 0.316675 -0.382827 0.867848
v 0.225727 -0.211972 0.169380
vt -0.549791 -0.239691
vn 0.362077 -0.340131 0.867877
v 0.250515 -0.182009 0.169380
vt -0.549791 -0.278248
vn 0.401860 -0.292000 0.867897
v 0.271351 -0.149176 0.169380
vt -0.549791 -0.318495
vn 0.435265 -0.239298 0.867917
v 0.287908 -0.113991 0.169380
vt -0.549791 -0.357470
vn 0.461842 -0.182922 0.867895
v 0.299925 -0.077007 0.169380
vt -0.549791 -0.398015
vn 0.481146 -0.123516 0.867896
v 0.307211 -0.038810 0.169380
vt -0.549791 -0.437253
vn 0.492842 -0.062297 0.867886
v 0.309653 0.000000 0.169380
vt -0.549791 -0.477850
vn 0.496791 -0.000021 0.867870
v 0.307211 0.038810 0.169380
vt -0.549791 -0.517238
vn 0.492825 0.062252 0.867899
v 0.299925 0.077008 0.169380
vt -0.549791 -0.557787
vn 0.481129 0.123467 0.867911
v 0.287908 0.113991 0.169380
vt -0.549791 -0.597249
vn 0.461827 0.182870 0.867914
v 0.271351 0.149177 0.169380
vt -0.549791 -0.637723
vn 0.435252 0.239244 0.867939
v 0.250515 0.182010 0.169380
vt -0.549791 -0.677243
vn 0.401849 0.291944 0.867921
v 0.225727 0.211972 0.169380
vt -0.549791 -0.717655
vn 0.362068 0.340075 0.867903
v 0.197380 0.238592 0.169380
vt -0.549791 -0.757263
vn 0.316667 0.382770 0.867876
v 0.165920 0.261449 0.169380
vt -0.549791 -0.797619
vn 0.266185 0.419463 0.867869
v 0.131844 0.280183 0.169380
vt -0.549791 -0.837311
vn 0.211475 0.449475 0.867900
v 0.095688 0.294498 0.169380
vt -0.549791 -0.877608
vn 0.153473 0.472455 0.867889
v 0.058023 0.304168 0.169380
vt -0.549791 -0.917382
vn 0.093057 0.487967 0.867887
v 0.019443 0.309042 0.169380
vt -0.549791 -0.957612
vn 0.031181 0.495767 0.867896
v -0.019443 0.309042 0.169380
vt -0.549791 -0.997473
vn -0.031225 0.495785 0.867884
v -0.058023 0.304168 0.169380
vt -0.113011 -0.046100
vn -0.093104 0.487984 0.867873
v -0.019443 0.309042 0.169380
vt -0.113011 -0.005954
vn -0.031225 0.495785 0.867884
v -0.095688 0.294498 0.169380
vt -0.113011 -0.086048
vn -0.153524 0.472471 0.867872
v -0.131844 0.280183 0.169380
vt -0.113011 -0.126104
vn -0.211528 0.449489 0.867880
v -0.165920 0.261449 0.169380
vt -0.113011 -0.166135
vn -0.266229 0.419362 0.867904
v -0.197380 0.238592 0.169380
vt -0.113011 -0.206098
vn -0.316724 0.382780 0.867851
v -0.225728 0.211972 0.169380
vt -0.113011 -0.246213
vn -0.362124 0.340083 0.867876
v -0.250515 0.182010 0.169380
vt -0.113011 -0.286070
vn -0.401906 0.291951 0.867892
v -0.271351 0.149177 0.169380
vt -0.113011 -0.326267
vn -0.435308 0.239249 0.867909
v -0.287908 0.113991 0.169380
vt -0.113011 -0.365994
vn -0.461882 0.182874 0.867884
v -0.299925 0.077008 0.169380
vt -0.113011 -0.406280
vn -0.481183 0.123470 0.867882
v -0.307212 0.038810 0.169380
vt -0.113011 -0.445896
vn -0.492876 0.062253 0.867869
v -0.309653 0.000000 0.169380
vt -0.113011 -0.486288
vn -0.496841 -0.000021 0.867842
v -0.285517 -0.073308 0.176817
vt -0.087237 -0.566258
vn -0.022930 -0.005917 0.999720
v -0.292454 -0.036945 0.176817
vt -0.087237 -0.525774
vn -0.023505 -0.003022 0.999719
v -0.274078 -0.108515 0.176817
vt -0.087237 -0.605533
vn -0.022029 -0.008727 0.999719
v -0.258316 -0.142010 0.176817
vt -0.087237 -0.646015
vn -0.020704 -0.011415 0.999720
v -0.238481 -0.173266 0.176817
vt -0.087237 -0.684969
vn -0.019115 -0.013915 0.999720
v -0.214884 -0.201789 0.176817
vt -0.087237 -0.725191
vn -0.017231 -0.016222 0.999720
v -0.187899 -0.227130 0.176817
vt -0.087237 -0.763663
vn -0.015117 -0.018207 0.999720
v -0.157950 -0.248889 0.176817
vt -0.087237 -0.802966
vn -0.012714 -0.020024 0.999719
v -0.125511 -0.266723 0.176817
vt -0.087237 -0.841217
vn -0.010118 -0.021417 0.999719
v -0.091092 -0.280351 0.176817
vt -0.087237 -0.880217
vn -0.007304 -0.022416 0.999722
v -0.055236 -0.289557 0.176817
vt -0.087237 -0.919143
vn -0.004405 -0.023217 0.999721
v -0.018509 -0.294196 0.176817
vt -0.087237 -0.957963
vn -0.001517 -0.023630 0.999720
v 0.018509 -0.294196 0.176817
vt -0.087237 -0.996982
vn 0.001486 -0.023629 0.999720
v 0.019484 -0.309039 0.169380
vt -0.113011 -0.996982
vn 0.030964 -0.495780 0.867896
v 0.055236 -0.289557 0.176817
vt -0.524017 -0.044557
vn 0.004374 -0.023216 0.999721
v 0.018509 -0.294196 0.176817
vt -0.524017 -0.005369
vn 0.001486 -0.023629 0.999720
v 0.019484 -0.309039 0.169380
vt -0.549791 -0.005369
vn 0.030964 -0.495780 0.867896
v 0.091091 -0.280351 0.176817
vt -0.524017 -0.083549
vn 0.007273 -0.022511 0.999720
v 0.125510 -0.266723 0.176817
vt -0.524017 -0.122618
vn 0.010086 -0.021416 0.999720
v 0.157950 -0.248889 0.176817
vt -0.524017 -0.161829
vn 0.012682 -0.020023 0.999719
v 0.187898 -0.227130 0.176817
vt -0.524017 -0.200345
vn 0.015085 -0.018206 0.999720
v 0.214884 -0.201789 0.176817
vt -0.524017 -0.239691
vn 0.017199 -0.016222 0.999721
v 0.238480 -0.173266 0.176817
vt -0.524017 -0.278248
vn 0.019083 -0.013915 0.999721
v 0.258316 -0.142010 0.176817
vt -0.524017 -0.318495
vn 0.020672 -0.011415 0.999721
v 0.274078 -0.108515 0.176817
vt -0.524017 -0.357470
vn 0.021997 -0.008727 0.999720
v 0.285517 -0.073308 0.176817
vt -0.524017 -0.398015
vn 0.022898 -0.005917 0.999720
v 0.292453 -0.036945 0.176817
vt -0.524017 -0.437253
vn 0.023473 -0.003022 0.999720
v 0.294778 0.000000 0.176817
vt -0.524017 -0.477850
vn 0.023690 -0.000016 0.999719
v 0.292453 0.036946 0.176817
vt -0.524017 -0.517238
vn 0.023472 0.002991 0.999720
v 0.285517 0.073308 0.176817
vt -0.524017 -0.557787
vn 0.022897 0.005885 0.999721
v 0.274077 0.108515 0.176817
vt -0.524017 -0.597249
vn 0.021997 0.008695 0.999720
v 0.258316 0.142011 0.176817
vt -0.524017 -0.637723
vn 0.020672 0.011383 0.999722
v 0.238480 0.173266 0.176817
vt -0.524017 -0.677243
vn 0.019083 0.013883 0.999722
v 0.214884 0.201790 0.176817
vt -0.524017 -0.717655
vn 0.017199 0.016190 0.999721
v 0.187898 0.227130 0.176817
vt -0.524017 -0.757263
vn 0.015084 0.018174 0.999721
v 0.157950 0.248889 0.176817
vt -0.524017 -0.797619
vn 0.012681 0.019991 0.999720
v 0.125510 0.266723 0.176817
vt -0.524017 -0.837311
vn 0.010086 0.021384 0.999720
v 0.091091 0.280351 0.176817
vt -0.524017 -0.877608
vn 0.007273 0.022479 0.999721
v 0.055236 0.289557 0.176817
vt -0.524017 -0.917382
vn 0.004373 0.023184 0.999722
v 0.018509 0.294196 0.176817
vt -0.524017 -0.957612
vn 0.001486 0.023597 0.999721
v -0.018509 0.294196 0.176817
vt -0.524017 -0.997473
vn -0.001517 0.023598 0.999720
v -0.055236 0.289557 0.176817
vt -0.087237 -0.046100
vn -0.004405 0.023184 0.999722
v -0.018509 0.294196 0.176817
vt -0.087237 -0.005954
vn -0.001517 0.023598 0.999720
v -0.091092 0.280351 0.176817
vt -0.087237 -0.086048
vn -0.007305 0.022480 0.999721
v -0.125511 0.266723 0.176817
vt -0.087237 -0.126104
vn -0.010118 0.021385 0.999720
v -0.157950 0.248889 0.176817
vt -0.087237 -0.166135
vn -0.012713 0.019991 0.999719
v -0.187899 0.227130 0.176817
vt -0.087237 -0.206098
vn -0.015116 0.018174 0.999721
v -0.214884 0.201789 0.176817
vt -0.087237 -0.246213
vn -0.017231 0.016190 0.999720
v -0.238480 0.173266 0.176817
vt -0.087237 -0.286070
vn -0.019115 0.013883 0.999721
v -0.258316 0.142010 0.176817
vt -0.087237 -0.326267
vn -0.020704 0.011383 0.999721
v -0.274078 0.108515 0.176817
vt -0.087237 -0.365994
vn -0.022029 0.008695 0.999720
v -0.285517 0.073308 0.176817
vt -0.087237 -0.406280
vn -0.022930 0.005885 0.999720
v -0.292453 0.036946 0.176817
vt -0.087237 -0.445896
vn -0.023504 0.002991 0.999719
v -0.294778 0.000000 0.176817
vt -0.087237 -0.486288
vn -0.023722 -0.000016 0.999719
v -0.266544 -0.033672 0.167866
vt -0.038156 -0.525774
vn 0.160173 0.020180 0.986883
v -0.260221 -0.066813 0.167866
vt -0.038156 -0.566258
vn 0.156363 0.040179 0.986882
v -0.249796 -0.098901 0.167866
vt -0.038156 -0.605533
vn 0.150085 0.059461 0.986883
v -0.235431 -0.129429 0.167866
vt -0.038156 -0.646015
vn 0.141477 0.077797 0.986880
v -0.217352 -0.157916 0.167866
vt -0.038156 -0.684969
vn 0.130587 0.094883 0.986886
v -0.195846 -0.183912 0.167866
vt -0.038156 -0.725191
vn 0.117676 0.110482 0.986887
v -0.171252 -0.207008 0.167866
vt -0.038156 -0.763663
vn 0.102878 0.124368 0.986888
v -0.143956 -0.226839 0.167866
vt -0.038156 -0.802966
vn 0.086475 0.136275 0.986890
v -0.114391 -0.243092 0.167866
vt -0.038156 -0.841217
vn 0.068782 0.146055 0.986882
v -0.083021 -0.255513 0.167866
vt -0.038156 -0.880217
vn 0.049895 0.153572 0.986877
v -0.050342 -0.263903 0.167866
vt -0.038156 -0.919143
vn 0.030265 0.158575 0.986883
v -0.016870 -0.268132 0.167866
vt -0.038156 -0.957963
vn 0.010091 0.161189 0.986872
v 0.016869 -0.268132 0.167866
vt -0.038156 -0.996982
vn -0.010127 0.161194 0.986871
v 0.016869 -0.268132 0.167866
vt -0.474936 -0.005369
vn -0.010127 0.161194 0.986871
v 0.050342 -0.263903 0.167866
vt -0.474936 -0.044557
vn -0.030302 0.158581 0.986881
v 0.083021 -0.255513 0.167866
vt -0.474936 -0.083549
vn -0.049933 0.153578 0.986874
v 0.114391 -0.243092 0.167866
vt -0.474936 -0.122618
vn -0.068821 0.146060 0.986879
v 0.143956 -0.226839 0.167866
vt -0.474936 -0.161829
vn -0.086521 0.136362 0.986874
v 0.171252 -0.207007 0.167866
vt -0.474936 -0.200345
vn -0.102918 0.124372 0.986884
v 0.195846 -0.183912 0.167866
vt -0.474936 -0.239691
vn -0.117717 0.110486 0.986882
v 0.217352 -0.157915 0.167866
vt -0.474936 -0.278248
vn -0.130711 0.094892 0.986869
v 0.235430 -0.129429 0.167866
vt -0.474936 -0.318495
vn -0.141518 0.077799 0.986874
v 0.249795 -0.098901 0.167866
vt -0.474936 -0.357470
vn -0.150116 0.059386 0.986883
v 0.260221 -0.066813 0.167866
vt -0.474936 -0.398015
vn -0.156404 0.040180 0.986876
v 0.266543 -0.033672 0.167866
vt -0.474936 -0.437253
vn -0.160214 0.020180 0.986876
v 0.268662 0.000000 0.167866
vt -0.474936 -0.477850
vn -0.161514 -0.000018 0.986870
v 0.266543 0.033672 0.167866
vt -0.474936 -0.517238
vn -0.160219 -0.020217 0.986874
v 0.260221 0.066814 0.167866
vt -0.474936 -0.557787
vn -0.156409 -0.040218 0.986873
v 0.249795 0.098901 0.167866
vt -0.474936 -0.597249
vn -0.150132 -0.059501 0.986874
v 0.235430 0.129429 0.167866
vt -0.474936 -0.637723
vn -0.141523 -0.077839 0.986870
v 0.217352 0.157916 0.167866
vt -0.474936 -0.677243
vn -0.130633 -0.094926 0.986876
v 0.195846 0.183912 0.167866
vt -0.474936 -0.717655
vn -0.117721 -0.110526 0.986877
v 0.171252 0.207008 0.167866
vt -0.474936 -0.757263
vn -0.102921 -0.124414 0.986878
v 0.143956 0.226839 0.167866
vt -0.474936 -0.797619
vn -0.086523 -0.136403 0.986868
v 0.114391 0.243093 0.167866
vt -0.474936 -0.837311
vn -0.068823 -0.146101 0.986873
v 0.083021 0.255513 0.167866
vt -0.474936 -0.877608
vn -0.049935 -0.153619 0.986868
v 0.050342 0.263903 0.167866
vt -0.474936 -0.917382
vn -0.030303 -0.158621 0.986874
v 0.016869 0.268132 0.167866
vt -0.474936 -0.957612
vn -0.010127 -0.161234 0.986864
v -0.016870 0.268132 0.167866
vt -0.474936 -0.997473
vn 0.010091 -0.161229 0.986865
v -0.016870 0.268132 0.167866
vt -0.038156 -0.005954
vn 0.010091 -0.161229 0.986865
v -0.050342 0.263903 0.167866
vt -0.038156 -0.046100
vn 0.030266 -0.158616 0.986876
v -0.083021 0.255513 0.167866
vt -0.038156 -0.086048
vn 0.049897 -0.153613 0.986870
v -0.114391 0.243093 0.167866
vt -0.038156 -0.126104
vn 0.068784 -0.146096 0.986876
v -0.143956 0.226839 0.167866
vt -0.038156 -0.166135
vn 0.086483 -0.136398 0.986872
v -0.171252 0.207008 0.167866
vt -0.038156 -0.206098
vn 0.102881 -0.124409 0.986883
v -0.195846 0.183912 0.167866
vt -0.038156 -0.246213
vn 0.117687 -0.110604 0.986872
v -0.217352 0.157916 0.167866
vt -0.038156 -0.286070
vn 0.130674 -0.094929 0.986870
v -0.235430 0.129429 0.167866
vt -0.038156 -0.326267
vn 0.141482 -0.077836 0.986876
v -0.249796 0.098901 0.167866
vt -0.038156 -0.365994
vn 0.150091 -0.059499 0.986880
v -0.260221 0.066814 0.167866
vt -0.038156 -0.406280
vn 0.156369 -0.040216 0.986880
v -0.266543 0.033672 0.167866
vt -0.038156 -0.445896
vn 0.160179 -0.020216 0.986881
v -0.268662 0.000000 0.167866
vt -0.038156 -0.486288
vn 0.161474 -0.000018 0.986877
v -0.328799 -0.041537 -0.043487
vt -0.355131 -0.525774
vn -0.915869 -0.115683 -0.384450
v -0.321000 -0.082419 -0.043487
vt -0.355131 -0.566258
vn -0.894150 -0.229578 -0.384433
v -0.308140 -0.122001 -0.043487
vt -0.355131 -0.605533
vn -0.858336 -0.339770 -0.384469
v -0.290419 -0.159659 -0.043487
vt -0.355131 -0.646015
vn -0.808977 -0.444682 -0.384466
v -0.268118 -0.194799 -0.043487
vt -0.355131 -0.684969
vn -0.746854 -0.542567 -0.384487
v -0.241589 -0.226867 -0.043487
vt -0.355131 -0.725191
vn -0.672943 -0.631957 -0.384418
v -0.211250 -0.255357 -0.043487
vt -0.355131 -0.763663
vn -0.588462 -0.711254 -0.384487
v -0.177579 -0.279820 -0.043487
vt -0.355131 -0.802966
vn -0.494664 -0.779427 -0.384449
v -0.141109 -0.299870 -0.043487
vt -0.355131 -0.841217
vn -0.393072 -0.835265 -0.384483
v -0.102412 -0.315191 -0.043487
vt -0.355131 -0.880217
vn -0.285285 -0.877959 -0.384449
v -0.062101 -0.325542 -0.043487
vt -0.355131 -0.919143
vn -0.172976 -0.906796 -0.384449
v -0.020809 -0.330758 -0.043487
vt -0.355131 -0.957963
vn -0.057974 -0.921342 -0.384406
v 0.020809 -0.330758 -0.043487
vt -0.355132 -0.996982
vn 0.057973 -0.921363 -0.384356
v 0.020809 -0.330758 -0.043487
vt -0.791912 -0.005369
vn 0.057973 -0.921363 -0.384356
v 0.062100 -0.325542 -0.043487
vt -0.791912 -0.044557
vn 0.172972 -0.906819 -0.384395
v 0.102412 -0.315191 -0.043487
vt -0.791912 -0.083549
vn 0.285278 -0.877985 -0.384393
v 0.141108 -0.299870 -0.043487
vt -0.791912 -0.122618
vn 0.393063 -0.835296 -0.384425
v 0.177579 -0.279820 -0.043487
vt -0.791912 -0.161829
vn 0.494654 -0.779462 -0.384391
v 0.211250 -0.255357 -0.043487
vt -0.791912 -0.200345
vn 0.588453 -0.711293 -0.384429
v 0.241589 -0.226867 -0.043487
vt -0.791912 -0.239691
vn 0.672935 -0.632001 -0.384361
v 0.268118 -0.194799 -0.043487
vt -0.791912 -0.278248
vn 0.746848 -0.542614 -0.384433
v 0.290418 -0.159659 -0.043487
vt -0.791912 -0.318495
vn 0.808974 -0.444731 -0.384415
v 0.308139 -0.122001 -0.043487
vt -0.791912 -0.357470
vn 0.858337 -0.339819 -0.384421
v 0.321000 -0.082419 -0.043487
vt -0.791912 -0.398015
vn 0.894157 -0.229626 -0.384390
v 0.328799 -0.041537 -0.043487
vt -0.791912 -0.437253
vn 0.915880 -0.115727 -0.384411
v 0.331412 0.000000 -0.043487
vt -0.791912 -0.477850
vn 0.923177 0.000000 -0.384375
v 0.328798 0.041537 -0.043487
vt -0.791912 -0.517238
vn 0.915902 0.115725 -0.384359
v 0.321000 0.082419 -0.043487
vt -0.791912 -0.557787
vn 0.894182 0.229621 -0.384335
v 0.308139 0.122001 -0.043487
vt -0.791912 -0.597249
vn 0.858366 0.339811 -0.384364
v 0.290418 0.159659 -0.043487
vt -0.791912 -0.637723
vn 0.809007 0.444721 -0.384357
v 0.268118 0.194799 -0.043487
vt -0.791912 -0.677243
vn 0.746885 0.542604 -0.384374
v 0.241589 0.226867 -0.043487
vt -0.791912 -0.717655
vn 0.672976 0.631992 -0.384304
v 0.211250 0.255357 -0.043487
vt -0.791912 -0.757263
vn 0.588498 0.711286 -0.384374
v 0.177579 0.279820 -0.043487
vt -0.791912 -0.797619
vn 0.494702 0.779457 -0.384338
v 0.141108 0.299871 -0.043487
vt -0.791912 -0.837311
vn 0.393112 0.835295 -0.384376
v 0.102412 0.315192 -0.043487
vt -0.791912 -0.877608
vn 0.285327 0.877990 -0.384348
v 0.062100 0.325542 -0.043487
vt -0.791912 -0.917382
vn 0.173018 0.906828 -0.384354
v 0.020809 0.330758 -0.043487
vt -0.791912 -0.957612
vn 0.058015 0.921376 -0.384319
v -0.020810 0.330758 -0.043487
vt -0.791912 -0.997473
vn -0.058016 0.921354 -0.384369
v -0.020810 0.330758 -0.043487
vt -0.355132 -0.005954
vn -0.058016 0.921354 -0.384369
v -0.062101 0.325542 -0.043487
vt -0.355131 -0.046100
vn -0.173022 0.906804 -0.384408
v -0.102412 0.315191 -0.043487
vt -0.355131 -0.086048
vn -0.285333 0.877963 -0.384404
v -0.141108 0.299870 -0.043487
vt -0.355131 -0.126104
vn -0.393121 0.835265 -0.384433
v -0.177579 0.279820 -0.043487
vt -0.355131 -0.166135
vn -0.494712 0.779422 -0.384397
v -0.211250 0.255357 -0.043487
vt -0.355131 -0.206098
vn -0.588508 0.711246 -0.384432
v -0.241589 0.226867 -0.043487
vt -0.355131 -0.246213
vn -0.672985 0.631948 -0.384360
v -0.268118 0.194799 -0.043487
vt -0.355131 -0.286070
vn -0.746891 0.542557 -0.384429
v -0.290419 0.159659 -0.043487
vt -0.355131 -0.326267
vn -0.809009 0.444673 -0.384408
v -0.308139 0.122001 -0.043487
vt -0.355131 -0.365994
vn -0.858364 0.339762 -0.384412
v -0.321000 0.082419 -0.043487
vt -0.355131 -0.406280
vn -0.894175 0.229573 -0.384378
v -0.328799 0.041537 -0.043487
vt -0.355131 -0.445896
vn -0.915891 0.115680 -0.384398
v -0.331412 0.000000 -0.043487
vt -0.355131 -0.486288
vn -0.923177 0.000000 -0.384375
v -0.292454 -0.036945 -0.059131
vt -0.409815 -0.525774
vn -0.104975 -0.011287 -0.994411
v -0.285517 -0.073308 -0.059131
vt -0.409815 -0.566258
vn -0.135083 -0.043874 -0.989862
v -0.274078 -0.108515 -0.059131
vt -0.409815 -0.605533
vn -0.098867 -0.037084 -0.994409
v -0.258316 -0.142010 -0.059131
vt -0.409815 -0.646015
vn -0.119987 -0.076191 -0.989847
v -0.238481 -0.173266 -0.059131
vt -0.409815 -0.684969
vn -0.086489 -0.060469 -0.994416
v -0.214884 -0.201789 -0.059131
vt -0.409815 -0.725191
vn -0.097276 -0.103562 -0.989855
v -0.187899 -0.227130 -0.059131
vt -0.409815 -0.763663
vn -0.068768 -0.080072 -0.994414
v -0.157950 -0.248889 -0.059131
vt -0.409815 -0.802966
vn -0.068475 -0.124461 -0.989859
v -0.125511 -0.266723 -0.059131
vt -0.409815 -0.841217
vn -0.046690 -0.094697 -0.994411
v -0.091092 -0.280351 -0.059131
vt -0.409815 -0.880217
vn -0.035271 -0.137569 -0.989864
v -0.055236 -0.289557 -0.059131
vt -0.409815 -0.919143
vn -0.021692 -0.103269 -0.994417
v -0.018509 -0.294196 -0.059131
vt -0.409815 -0.957963
vn 0.000000 -0.142120 -0.989849
v 0.018509 -0.294196 -0.059131
vt -0.409815 -0.996982
vn 0.004686 -0.105514 -0.994407
v 0.018509 -0.294196 -0.059131
vt -0.846596 -0.005369
vn 0.004686 -0.105514 -0.994407
v 0.055236 -0.289557 -0.059131
vt -0.846595 -0.044557
vn 0.035272 -0.137609 -0.989858
v 0.091091 -0.280351 -0.059131
vt -0.846595 -0.083549
vn 0.030795 -0.101013 -0.994408
v 0.125510 -0.266723 -0.059131
vt -0.846595 -0.122618
vn 0.068477 -0.124501 -0.989854
v 0.157950 -0.248889 -0.059131
vt -0.846595 -0.161829
vn 0.054985 -0.090215 -0.994403
v 0.187898 -0.227130 -0.059131
vt -0.846595 -0.200345
vn 0.097279 -0.103602 -0.989850
v 0.214884 -0.201789 -0.059131
vt -0.846595 -0.239691
vn 0.075678 -0.073723 -0.994403
v 0.238480 -0.173266 -0.059131
vt -0.846595 -0.278248
vn 0.119979 -0.076113 -0.989854
v 0.258316 -0.142010 -0.059131
vt -0.846595 -0.318495
vn 0.091590 -0.052536 -0.994410
v 0.274078 -0.108515 -0.059131
vt -0.846595 -0.357470
vn 0.135087 -0.043911 -0.989860
v 0.285517 -0.073308 -0.059131
vt -0.846595 -0.398015
vn 0.101766 -0.028100 -0.994411
v 0.292453 -0.036945 -0.059131
vt -0.846595 -0.437253
vn 0.141769 -0.008911 -0.989860
v 0.294778 0.000000 -0.059131
vt -0.846595 -0.477850
vn 0.105593 -0.001917 -0.994408
v 0.292453 0.036946 -0.059131
vt -0.846595 -0.517238
vn 0.139619 0.026710 -0.989845
v 0.285517 0.073308 -0.059131
vt -0.846595 -0.557787
vn 0.102715 0.024404 -0.994411
v 0.274077 0.108515 -0.059131
vt -0.846595 -0.597249
vn 0.128631 0.060519 -0.989844
v 0.258316 0.142011 -0.059131
vt -0.846595 -0.637723
vn 0.093412 0.049204 -0.994411
v 0.238480 0.173266 -0.059131
vt -0.846595 -0.677243
vn 0.109529 0.090608 -0.989845
v 0.214884 0.201790 -0.059131
vt -0.846595 -0.717655
vn 0.078320 0.070920 -0.994403
v 0.187898 0.227130 -0.059131
vt -0.846595 -0.757263
vn 0.083522 0.115002 -0.989848
v 0.157950 0.248889 -0.059131
vt -0.846595 -0.797619
vn 0.058207 0.088111 -0.994409
v 0.125510 0.266723 -0.059131
vt -0.846595 -0.837311
vn 0.052323 0.132133 -0.989850
v 0.091091 0.280351 -0.059131
vt -0.846595 -0.877608
vn 0.034409 0.099818 -0.994411
v 0.055236 0.289557 -0.059131
vt -0.846595 -0.917382
vn 0.017808 0.141028 -0.989845
v 0.018509 0.294196 -0.059131
vt -0.846595 -0.957612
vn 0.008522 0.105209 -0.994414
v -0.018509 0.294196 -0.059131
vt -0.846596 -0.997473
vn -0.017808 0.140989 -0.989851
v -0.018509 0.294196 -0.059131
vt -0.409815 -0.005954
vn -0.017808 0.140989 -0.989851
v -0.055236 0.289557 -0.059131
vt -0.409815 -0.046100
vn -0.017921 0.104086 -0.994407
v -0.091092 0.280351 -0.059131
vt -0.409815 -0.086048
vn -0.052321 0.132093 -0.989856
v -0.125511 0.266723 -0.059131
vt -0.409815 -0.126104
vn -0.043221 0.096270 -0.994416
v -0.157950 0.248889 -0.059131
vt -0.409815 -0.166135
vn -0.083520 0.114962 -0.989853
v -0.187899 0.227130 -0.059131
vt -0.409815 -0.206098
vn -0.065811 0.082587 -0.994408
v -0.214884 0.201789 -0.059131
vt -0.409815 -0.246213
vn -0.109525 0.090569 -0.989849
v -0.238480 0.173266 -0.059131
vt -0.409815 -0.286070
vn -0.084330 0.063587 -0.994407
v -0.258316 0.142010 -0.059131
vt -0.409815 -0.326267
vn -0.128626 0.060481 -0.989847
v -0.274078 0.108515 -0.059131
vt -0.409815 -0.365994
vn -0.097534 0.040576 -0.994405
v -0.285517 0.073308 -0.059131
vt -0.409815 -0.406280
vn -0.139600 0.026565 -0.989851
v -0.292453 0.036946 -0.059131
vt -0.409815 -0.445896
vn -0.104508 0.015095 -0.994409
v -0.294778 0.000000 -0.059131
vt -0.409815 -0.486288
vn -0.141764 -0.008875 -0.989861
v -0.267222 0.000000 -0.050472
vt -0.461891 -0.486288
vn 0.338496 -0.001329 -0.940967
v -0.258826 -0.066455 -0.050472
vt -0.461891 -0.566258
vn 0.328112 0.082936 -0.940991
v -0.234168 -0.128735 -0.050472
vt -0.461891 -0.646015
vn 0.297228 0.161946 -0.940972
v -0.194796 -0.182926 -0.050472
vt -0.461891 -0.725191
vn 0.247602 0.230838 -0.940961
v -0.143185 -0.225623 -0.050472
vt -0.461891 -0.802966
vn 0.182430 0.285122 -0.940970
v -0.082576 -0.254143 -0.050472
vt -0.461891 -0.880217
vn 0.105816 0.321540 -0.940965
v -0.016779 -0.266694 -0.050472
vt -0.461891 -0.957963
vn 0.022516 0.337741 -0.940970
v -0.016779 -0.266694 -0.050472
vt -0.898671 -0.005369
vn 0.022516 0.337741 -0.940970
v 0.050072 -0.262488 -0.050472
vt -0.898671 -0.044557
vn -0.062212 0.332668 -0.940990
v 0.113777 -0.241789 -0.050472
vt -0.898671 -0.122618
vn -0.142895 0.306756 -0.941000
v 0.170333 -0.205898 -0.050472
vt -0.898671 -0.200345
vn -0.214802 0.261560 -0.940982
v 0.216187 -0.157069 -0.050472
vt -0.898671 -0.278248
vn -0.273125 0.199978 -0.940963
v 0.248456 -0.098371 -0.050472
vt -0.898671 -0.357470
vn -0.314229 0.125759 -0.940981
v 0.265114 -0.033492 -0.050472
vt -0.898671 -0.437253
vn -0.335591 0.043676 -0.940995
v 0.265115 0.033492 -0.050472
vt -0.898671 -0.517238
vn -0.335939 -0.041067 -0.940988
v 0.248456 0.098371 -0.050472
vt -0.898671 -0.597249
vn -0.315157 -0.123352 -0.940989
v 0.216187 0.157069 -0.050472
vt -0.898671 -0.677243
vn -0.274550 -0.197857 -0.940997
v 0.170333 0.205898 -0.050472
vt -0.898671 -0.757263
vn -0.216662 -0.259969 -0.940996
v 0.113777 0.241790 -0.050472
vt -0.898671 -0.837311
vn -0.145280 -0.305682 -0.940985
v 0.050072 0.262489 -0.050472
vt -0.898671 -0.917382
vn -0.064672 -0.332181 -0.940996
v -0.016779 0.266694 -0.050472
vt -0.898671 -0.997473
vn 0.019978 -0.337920 -0.940963
v -0.016779 0.266694 -0.050472
vt -0.461891 -0.005954
vn 0.019978 -0.337920 -0.940963
v -0.082576 0.254143 -0.050472
vt -0.461891 -0.086048
vn 0.103395 -0.322324 -0.940966
v -0.143185 0.225623 -0.050472
vt -0.461891 -0.166135
vn 0.180267 -0.286511 -0.940965
v -0.194796 0.182926 -0.050472
vt -0.461891 -0.246213
vn 0.245782 -0.232613 -0.941001
v -0.234168 0.128735 -0.050472
vt -0.461891 -0.326267
vn 0.295990 -0.164201 -0.940972
v -0.258826 0.066455 -0.050472
vt -0.461891 -0.406280
vn 0.327484 -0.085404 -0.940989
usemtl Pinwheel
f 3/3/3 2/2/2 1/1/1
f 4/4/4 2/2/2 3/3/3
f 5/5/5 4/4/4 3/3/3
f 6/6/6 4/4/4 5/5/5
f 9/9/9 8/8/8 7/7/7
f 10/10/10 8/8/8 9/9/9
f 8/8/8 12/12/12 11/11/11
f 10/10/10 12/12/12 8/8/8
f 6/6/6 14/14/14 13/13/13
f 5/5/5 14/14/14 6/6/6
f 17/17/17 16/16/16 15/15/15
f 17/17/17 19/19/19 18/18/18
f 15/15/15 19/19/19 17/17/17
f 22/22/22 21/21/21 20/20/20
f 23/23/23 21/21/21 22/22/22
f 23/23/23 18/18/18 19/19/19
f 22/22/22 18/18/18 23/23/23
f 25/25/25 24/24/24 21/21/21
f 28/28/28 27/27/27 26/26/26
f 29/29/29 27/27/27 28/28/28
f 32/32/32 31/31/31 30/30/30
f 33/33/33 31/31/31 32/32/32
f 29/29/29 28/28/28 34/34/34
f 36/36/36 26/26/26 35/35/35
f 37/37/37 26/26/26 36/36/36
f 40/40/40 39/39/39 38/38/38
f 41/41/41 39/39/39 40/40/40
f 39/39/39 43/43/43 42/42/42
f 41/41/41 43/43/43 39/39/39
f 46/46/46 45/45/45 44/44/44
f 47/47/47 45/45/45 46/46/46
f 50/50/50 49/49/49 48/48/48
f 51/51/51 49/49/49 50/50/50
f 47/47/47 52/52/52 45/45/45
f 53/53/53 52/52/52 47/47/47
f 56/56/56 55/55/55 54/54/54
f 57/57/57 55/55/55 56/56/56
f 60/60/60 59/59/59 58/58/58
f 61/61/61 59/59/59 60/60/60
f 64/64/64 63/63/63 62/62/62
f 65/65/65 63/63/63 64/64/64
f 26/26/26 66/66/66 28/28/28
f 37/37/37 66/66/66 26/26/26
f 67/67/67 28/28/28 66/66/66
f 30/30/30 28/28/28 67/67/67
f 68/68/68 30/30/30 67/67/67
f 32/32/32 30/30/30 68/68/68
f 71/71/71 70/70/70 69/69/69
f 72/72/72 70/70/70 71/71/71
f 75/75/75 74/74/74 73/73/73
f 76/76/76 74/74/74 75/75/75
f 76/76/76 78/78/78 77/77/77
f 75/75/75 78/78/78 76/76/76
f 77/77/77 80/80/80 79/79/79
f 78/78/78 80/80/80 77/77/77
f 72/72/72 73/73/73 74/74/74
f 71/71/71 73/73/73 72/72/72
f 81/81/81 69/69/69 70/70/70
f 82/82/82 69/69/69 81/81/81
f 85/85/85 84/84/84 83/83/83
f 86/86/86 84/84/84 85/85/85
f 89/89/89 88/88/88 87/87/87
f 90/90/90 88/88/88 89/89/89
f 93/93/93 92/92/92 91/91/91
f 94/94/94 92/92/92 93/93/93
f 91/91/91 96/96/96 95/95/95
f 92/92/92 96/96/96 91/91/91
f 33/33/33 32/32/32 97/97/97
f 32/32/32 68/68/68 97/97/97
f 99/99/99 48/48/48 98/98/98
f 50/50/50 48/48/48 99/99/99
f 100/100/100 30/30/30 31/31/31
f 30/30/30 34/34/34 28/28/28
f 100/100/100 34/34/34 30/30/30
f 53/53/53 98/98/98 52/52/52
f 99/99/99 98/98/98 53/53/53
f 57/57/57 44/44/44 55/55/55
f 46/46/46 44/44/44 57/57/57
f 101/101/101 26/26/26 27/27/27
f 63/63/63 103/103/103 102/102/102
f 65/65/65 103/103/103 63/63/63
f 102/102/102 36/36/36 35/35/35
f 103/103/103 36/36/36 102/102/102
f 35/35/35 101/101/101 104/104/104
f 26/26/26 101/101/101 35/35/35
f 12/12/12 105/105/105 11/11/11
f 63/63/63 105/105/105 12/12/12
f 42/42/42 107/107/107 106/106/106
f 43/43/43 107/107/107 42/42/42
f 107/107/107 54/54/54 106/106/106
f 56/56/56 54/54/54 107/107/107
f 105/105/105 102/102/102 104/104/104
f 63/63/63 102/102/102 105/105/105
f 61/61/61 62/62/62 59/59/59
f 64/64/64 62/62/62 61/61/61
f 102/102/102 35/35/35 104/104/104
f 25/25/25 21/21/21 108/108/108
f 110/110/110 20/20/20 109/109/109
f 80/80/80 111/111/111 79/79/79
f 112/112/112 111/111/111 80/80/80
f 115/115/115 114/114/114 113/113/113
f 116/116/116 114/114/114 115/115/115
f 119/119/119 118/118/118 117/117/117
f 120/120/120 118/118/118 119/119/119
f 120/120/120 122/122/122 121/121/121
f 119/119/119 122/122/122 120/120/120
f 124/124/124 122/122/122 123/123/123
f 121/121/121 122/122/122 124/124/124
f 127/127/127 126/126/126 125/125/125
f 114/114/114 128/128/128 113/113/113
f 129/129/129 128/128/128 114/114/114
f 115/115/115 118/118/118 116/116/116
f 117/117/117 118/118/118 115/115/115
f 127/127/127 123/123/123 126/126/126
f 124/124/124 123/123/123 127/127/127
f 132/132/132 131/131/131 130/130/130
f 133/133/133 131/131/131 132/132/132
f 136/136/136 135/135/135 134/134/134
f 137/137/137 135/135/135 136/136/136
f 140/140/140 139/139/139 138/138/138
f 141/141/141 139/139/139 140/140/140
f 144/144/144 143/143/143 142/142/142
f 145/145/145 143/143/143 144/144/144
f 148/148/148 147/147/147 146/146/146
f 149/149/149 147/147/147 148/148/148
f 152/152/152 151/151/151 150/150/150
f 153/153/153 151/151/151 152/152/152
f 156/156/156 155/155/155 154/154/154
f 157/157/157 155/155/155 156/156/156
f 160/160/160 159/159/159 158/158/158
f 161/161/161 159/159/159 160/160/160
f 164/164/164 163/163/163 162/162/162
f 165/165/165 163/163/163 164/164/164
f 168/168/168 167/167/167 166/166/166
f 167/167/167 170/170/170 169/169/169
f 168/168/168 170/170/170 167/167/167
f 170/170/170 172/172/172 171/171/171
f 168/168/168 172/172/172 170/170/170
f 175/175/175 174/174/174 173/173/173
f 176/176/176 174/174/174 175/175/175
f 178/178/178 174/174/174 177/177/177
f 173/173/173 174/174/174 178/178/178
f 180/180/180 51/51/51 179/179/179
f 181/181/181 51/51/51 180/180/180
f 184/184/184 183/183/183 182/182/182
f 185/185/185 183/183/183 184/184/184
f 181/181/181 49/49/49 51/51/51
f 186/186/186 49/49/49 181/181/181
f 188/188/188 179/179/179 187/187/187
f 180/180/180 179/179/179 188/188/188
f 190/190/190 185/185/185 189/189/189
f 183/183/183 185/185/185 190/190/190
f 193/193/193 192/192/192 191/191/191
f 194/194/194 192/192/192 193/193/193
f 196/196/196 175/175/175 195/195/195
f 176/176/176 175/175/175 196/196/196
f 199/199/199 198/198/198 197/197/197
f 200/200/200 198/198/198 199/199/199
f 203/203/203 202/202/202 201/201/201
f 204/204/204 202/202/202 203/203/203
f 207/207/207 206/206/206 205/205/205
f 208/208/208 206/206/206 207/207/207
f 204/204/204 209/209/209 202/202/202
f 210/210/210 209/209/209 204/204/204
f 213/213/213 212/212/212 211/211/211
f 214/214/214 212/212/212 213/213/213
f 217/217/217 216/216/216 215/215/215
f 218/218/218 216/216/216 217/217/217
f 214/214/214 219/219/219 212/212/212
f 220/220/220 219/219/219 214/214/214
f 222/222/222 217/217/217 221/221/221
f 218/218/218 217/217/217 222/222/222
f 62/62/62 63/63/63 12/12/12
f 59/59/59 12/12/12 10/10/10
f 62/62/62 12/12/12 59/59/59
f 59/59/59 9/9/9 58/58/58
f 10/10/10 9/9/9 59/59/59
f 209/209/209 213/213/213 211/211/211
f 210/210/210 213/213/213 209/209/209
f 90/90/90 94/94/94 93/93/93
f 89/89/89 94/94/94 90/90/90
f 216/216/216 205/205/205 215/215/215
f 207/207/207 205/205/205 216/216/216
f 130/130/130 136/136/136 134/134/134
f 131/131/131 136/136/136 130/130/130
f 142/142/142 148/148/148 146/146/146
f 143/143/143 148/148/148 142/142/142
f 156/156/156 160/160/160 158/158/158
f 154/154/154 160/160/160 156/156/156
f 135/135/135 140/140/140 138/138/138
f 137/137/137 140/140/140 135/135/135
f 147/147/147 152/152/152 150/150/150
f 149/149/149 152/152/152 147/147/147
f 159/159/159 164/164/164 162/162/162
f 161/161/161 164/164/164 159/159/159
f 224/224/224 223/223/223 110/110/110
f 24/24/24 20/20/20 21/21/21
f 109/109/109 20/20/20 24/24/24
f 223/223/223 20/20/20 110/110/110
f 227/227/227 226/226/226 225/225/225
f 228/228/228 226/226/226 227/227/227
f 231/231/231 230/230/230 229/229/229
f 232/232/232 230/230/230 231/231/231
f 232/232/232 225/225/225 230/230/230
f 227/227/227 225/225/225 232/232/232
f 235/235/235 234/234/234 233/233/233
f 236/236/236 234/234/234 235/235/235
f 237/237/237 234/234/234 236/236/236
f 238/238/238 235/235/235 233/233/233
f 239/239/239 235/235/235 238/238/238
f 240/240/240 239/239/239 238/238/238
f 241/241/241 239/239/239 240/240/240
f 242/242/242 239/239/239 241/241/241
f 245/245/245 244/244/244 243/243/243
f 246/246/246 244/244/244 245/245/245
f 249/249/249 248/248/248 247/247/247
f 250/250/250 248/248/248 249/249/249
f 251/251/251 248/248/248 250/250/250
f 252/252/252 248/248/248 251/251/251
f 253/253/253 252/252/252 251/251/251
f 254/254/254 252/252/252 253/253/253
f 255/255/255 254/254/254 253/253/253
f 256/256/256 254/254/254 255/255/255
f 257/257/257 256/256/256 255/255/255
f 258/258/258 256/256/256 257/257/257
f 261/261/261 260/260/260 259/259/259
f 262/262/262 260/260/260 261/261/261
f 259/259/259 258/258/258 257/257/257
f 260/260/260 258/258/258 259/259/259
f 265/265/265 264/264/264 263/263/263
f 266/266/266 264/264/264 265/265/265
f 269/269/269 268/268/268 267/267/267
f 270/270/270 268/268/268 269/269/269
f 271/271/271 249/249/249 247/247/247
f 272/272/272 249/249/249 271/271/271
f 265/265/265 274/274/274 273/273/273
f 263/263/263 274/274/274 265/265/265
f 276/276/276 274/274/274 275/275/275
f 273/273/273 274/274/274 276/276/276
f 277/277/277 236/236/236 235/235/235
f 278/278/278 236/236/236 277/277/277
f 280/280/280 274/274/274 279/279/279
f 275/275/275 274/274/274 280/280/280
f 283/283/283 282/282/282 281/281/281
f 284/284/284 282/282/282 283/283/283
f 286/286/286 277/277/277 285/285/285
f 278/278/278 277/277/277 286/286/286
f 282/282/282 285/285/285 281/281/281
f 286/286/286 285/285/285 282/282/282
f 289/289/289 288/288/288 287/287/287
f 290/290/290 288/288/288 289/289/289
f 293/293/293 292/292/292 291/291/291
f 294/294/294 292/292/292 293/293/293
f 297/297/297 296/296/296 295/295/295
f 298/298/298 296/296/296 297/297/297
f 293/293/293 298/298/298 294/294/294
f 296/296/296 298/298/298 293/293/293
f 300/300/300 292/292/292 299/299/299
f 291/291/291 292/292/292 300/300/300
f 300/300/300 289/289/289 287/287/287
f 299/299/299 289/289/289 300/300/300
f 290/290/290 301/301/301 288/288/288
f 302/302/302 301/301/301 290/290/290
f 284/284/284 283/283/283 303/303/303
f 305/305/305 283/283/283 304/304/304
f 303/303/303 283/283/283 305/305/305
f 245/245/245 306/306/306 246/246/246
f 307/307/307 306/306/306 245/245/245
f 241/241/241 244/244/244 242/242/242
f 243/243/243 244/244/244 241/241/241
f 308/308/308 276/276/276 275/275/275
f 279/279/279 309/309/309 280/280/280
f 310/310/310 309/309/309 279/279/279
f 309/309/309 311/311/311 280/280/280
f 312/312/312 311/311/311 309/309/309
f 312/312/312 313/313/313 311/311/311
f 281/281/281 313/313/313 314/314/314
f 311/311/311 313/313/313 281/281/281
f 314/314/314 315/315/315 281/281/281
f 283/283/283 315/315/315 304/304/304
f 281/281/281 315/315/315 283/283/283
f 263/263/263 270/270/270 269/269/269
f 264/264/264 270/270/270 263/263/263
f 275/275/275 316/316/316 308/308/308
f 280/280/280 316/316/316 275/275/275
f 316/316/316 285/285/285 277/277/277
f 311/311/311 285/285/285 316/316/316
f 308/308/308 277/277/277 235/235/235
f 316/316/316 277/277/277 308/308/308
f 281/281/281 285/285/285 311/311/311
f 311/311/311 316/316/316 280/280/280
f 274/274/274 269/269/269 279/279/279
f 263/263/263 269/269/269 274/274/274
f 269/269/269 310/310/310 279/279/279
f 267/267/267 310/310/310 269/269/269
f 319/319/319 318/318/318 317/317/317
f 320/320/320 318/318/318 319/319/319
f 323/323/323 322/322/322 321/321/321
f 324/324/324 322/322/322 323/323/323
f 324/324/324 325/325/325 322/322/322
f 326/326/326 325/325/325 324/324/324
f 326/326/326 327/327/327 325/325/325
f 328/328/328 327/327/327 326/326/326
f 328/328/328 329/329/329 327/327/327
f 330/330/330 329/329/329 328/328/328
f 332/332/332 317/317/317 331/331/331
f 319/319/319 317/317/317 332/332/332
f 323/323/323 318/318/318 320/320/320
f 321/321/321 318/318/318 323/323/323
f 335/335/335 334/334/334 333/333/333
f 336/336/336 334/334/334 335/335/335
f 337/337/337 336/336/336 335/335/335
f 338/338/338 336/336/336 337/337/337
f 341/341/341 340/340/340 339/339/339
f 342/342/342 340/340/340 341/341/341
f 340/340/340 344/344/344 343/343/343
f 342/342/342 344/344/344 340/340/340
f 338/338/338 346/346/346 345/345/345
f 337/337/337 346/346/346 338/338/338
f 349/349/349 348/348/348 347/347/347
f 349/349/349 351/351/351 350/350/350
f 347/347/347 351/351/351 349/349/349
f 354/354/354 353/353/353 352/352/352
f 355/355/355 353/353/353 354/354/354
f 355/355/355 350/350/350 351/351/351
f 354/354/354 350/350/350 355/355/355
f 357/357/357 356/356/356 353/353/353
f 360/360/360 359/359/359 358/358/358
f 361/361/361 359/359/359 360/360/360
f 364/364/364 363/363/363 362/362/362
f 365/365/365 363/363/363 364/364/364
f 361/361/361 360/360/360 366/366/366
f 368/368/368 358/358/358 367/367/367
f 369/369/369 358/358/358 368/368/368
f 372/372/372 371/371/371 370/370/370
f 373/373/373 371/371/371 372/372/372
f 371/371/371 375/375/375 374/374/374
f 373/373/373 375/375/375 371/371/371
f 378/378/378 377/377/377 376/376/376
f 379/379/379 377/377/377 378/378/378
f 382/382/382 381/381/381 380/380/380
f 383/383/383 381/381/381 382/382/382
f 379/379/379 384/384/384 377/377/377
f 385/385/385 384/384/384 379/379/379
f 388/388/388 387/387/387 386/386/386
f 389/389/389 387/387/387 388/388/388
f 392/392/392 391/391/391 390/390/390
f 393/393/393 391/391/391 392/392/392
f 396/396/396 395/395/395 394/394/394
f 397/397/397 395/395/395 396/396/396
f 358/358/358 398/398/398 360/360/360
f 369/369/369 398/398/398 358/358/358
f 399/399/399 360/360/360 398/398/398
f 362/362/362 360/360/360 399/399/399
f 400/400/400 362/362/362 399/399/399
f 364/364/364 362/362/362 400/400/400
f 403/403/403 402/402/402 401/401/401
f 404/404/404 402/402/402 403/403/403
f 407/407/407 406/406/406 405/405/405
f 408/408/408 406/406/406 407/407/407
f 408/408/408 410/410/410 409/409/409
f 407/407/407 410/410/410 408/408/408
f 409/409/409 412/412/412 411/411/411
f 410/410/410 412/412/412 409/409/409
f 404/404/404 405/405/405 406/406/406
f 403/403/403 405/405/405 404/404/404
f 413/413/413 401/401/401 402/402/402
f 414/414/414 401/401/401 413/413/413
f 417/417/417 416/416/416 415/415/415
f 418/418/418 416/416/416 417/417/417
f 421/421/421 420/420/420 419/419/419
f 422/422/422 420/420/420 421/421/421
f 425/425/425 424/424/424 423/423/423
f 426/426/426 424/424/424 425/425/425
f 423/423/423 428/428/428 427/427/427
f 424/424/424 428/428/428 423/423/423
f 365/365/365 364/364/364 429/429/429
f 364/364/364 400/400/400 429/429/429
f 431/431/431 380/380/380 430/430/430
f 382/382/382 380/380/380 431/431/431
f 432/432/432 362/362/362 363/363/363
f 362/362/362 366/366/366 360/360/360
f 432/432/432 366/366/366 362/362/362
f 385/385/385 430/430/430 384/384/384
f 431/431/431 430/430/430 385/385/385
f 389/389/389 376/376/376 387/387/387
f 378/378/378 376/376/376 389/389/389
f 433/433/433 358/358/358 359/359/359
f 395/395/395 435/435/435 434/434/434
f 397/397/397 435/435/435 395/395/395
f 434/434/434 368/368/368 367/367/367
f 435/435/435 368/368/368 434/434/434
f 367/367/367 433/433/433 436/436/436
f 358/358/358 433/433/433 367/367/367
f 344/344/344 437/437/437 343/343/343
f 395/395/395 437/437/437 344/344/344
f 374/374/374 439/439/439 438/438/438
f 375/375/375 439/439/439 374/374/374
f 439/439/439 386/386/386 438/438/438
f 388/388/388 386/386/386 439/439/439
f 437/437/437 434/434/434 436/436/436
f 395/395/395 434/434/434 437/437/437
f 393/393/393 394/394/394 391/391/391
f 396/396/396 394/394/394 393/393/393
f 434/434/434 367/367/367 436/436/436
f 357/357/357 353/353/353 440/440/440
f 442/442/442 352/352/352 441/441/441
f 412/412/412 443/443/443 411/411/411
f 444/444/444 443/443/443 412/412/412
f 447/447/447 446/446/446 445/445/445
f 448/448/448 446/446/446 447/447/447
f 451/451/451 450/450/450 449/449/449
f 452/452/452 450/450/450 451/451/451
f 452/452/452 454/454/454 453/453/453
f 451/451/451 454/454/454 452/452/452
f 456/456/456 454/454/454 455/455/455
f 453/453/453 454/454/454 456/456/456
f 459/459/459 458/458/458 457/457/457
f 446/446/446 460/460/460 445/445/445
f 461/461/461 460/460/460 446/446/446
f 447/447/447 450/450/450 448/448/448
f 449/449/449 450/450/450 447/447/447
f 459/459/459 455/455/455 458/458/458
f 456/456/456 455/455/455 459/459/459
f 464/464/464 463/463/463 462/462/462
f 465/465/465 463/463/463 464/464/464
f 468/468/468 467/467/467 466/466/466
f 469/469/469 467/467/467 468/468/468
f 472/472/472 471/471/471 470/470/470
f 473/473/473 471/471/471 472/472/472
f 476/476/476 475/475/475 474/474/474
f 477/477/477 475/475/475 476/476/476
f 480/480/480 479/479/479 478/478/478
f 481/481/481 479/479/479 480/480/480
f 483/483/483 144/144/144 482/482/482
f 145/145/145 144/144/144 483/483/483
f 486/486/486 485/485/485 484/484/484
f 487/487/487 485/485/485 486/486/486
f 490/490/490 489/489/489 488/488/488
f 491/491/491 489/489/489 490/490/490
f 494/494/494 493/493/493 492/492/492
f 495/495/495 493/493/493 494/494/494
f 498/498/498 497/497/497 496/496/496
f 497/497/497 500/500/500 499/499/499
f 498/498/498 500/500/500 497/497/497
f 500/500/500 502/502/502 501/501/501
f 498/498/498 502/502/502 500/500/500
f 505/505/505 504/504/504 503/503/503
f 506/506/506 504/504/504 505/505/505
f 508/508/508 504/504/504 507/507/507
f 503/503/503 504/504/504 508/508/508
f 510/510/510 383/383/383 509/509/509
f 511/511/511 383/383/383 510/510/510
f 514/514/514 513/513/513 512/512/512
f 515/515/515 513/513/513 514/514/514
f 511/511/511 381/381/381 383/383/383
f 516/516/516 381/381/381 511/511/511
f 518/518/518 509/509/509 517/517/517
f 510/510/510 509/509/509 518/518/518
f 520/520/520 515/515/515 519/519/519
f 513/513/513 515/515/515 520/520/520
f 523/523/523 522/522/522 521/521/521
f 524/524/524 522/522/522 523/523/523
f 526/526/526 505/505/505 525/525/525
f 506/506/506 505/505/505 526/526/526
f 529/529/529 528/528/528 527/527/527
f 530/530/530 528/528/528 529/529/529
f 533/533/533 532/532/532 531/531/531
f 534/534/534 532/532/532 533/533/533
f 537/537/537 536/536/536 535/535/535
f 538/538/538 536/536/536 537/537/537
f 534/534/534 539/539/539 532/532/532
f 540/540/540 539/539/539 534/534/534
f 543/543/543 542/542/542 541/541/541
f 544/544/544 542/542/542 543/543/543
f 547/547/547 546/546/546 545/545/545
f 548/548/548 546/546/546 547/547/547
f 544/544/544 549/549/549 542/542/542
f 550/550/550 549/549/549 544/544/544
f 552/552/552 547/547/547 551/551/551
f 548/548/548 547/547/547 552/552/552
f 394/394/394 395/395/395 344/344/344
f 391/391/391 344/344/344 342/342/342
f 394/394/394 344/344/344 391/391/391
f 391/391/391 341/341/341 390/390/390
f 342/342/342 341/341/341 391/391/391
f 539/539/539 543/543/543 541/541/541
f 540/540/540 543/543/543 539/539/539
f 422/422/422 426/426/426 425/425/425
f 421/421/421 426/426/426 422/422/422
f 546/546/546 535/535/535 545/545/545
f 537/537/537 535/535/535 546/546/546
f 462/462/462 468/468/468 466/466/466
f 463/463/463 468/468/468 462/462/462
f 474/474/474 480/480/480 478/478/478
f 475/475/475 480/480/480 474/474/474
f 486/486/486 490/490/490 488/488/488
f 484/484/484 490/490/490 486/486/486
f 467/467/467 472/472/472 470/470/470
f 469/469/469 472/472/472 467/467/467
f 479/479/479 483/483/483 482/482/482
f 481/481/481 483/483/483 479/479/479
f 489/489/489 494/494/494 492/492/492
f 491/491/491 494/494/494 489/489/489
f 554/554/554 553/553/553 442/442/442
f 356/356/356 352/352/352 353/353/353
f 441/441/441 352/352/352 356/356/356
f 553/553/553 352/352/352 442/442/442
f 557/557/557 556/556/556 555/555/555
f 558/558/558 556/556/556 557/557/557
f 561/561/561 560/560/560 559/559/559
f 562/562/562 560/560/560 561/561/561
f 562/562/562 555/555/555 560/560/560
f 557/557/557 555/555/555 562/562/562
f 565/565/565 564/564/564 563/563/563
f 566/566/566 564/564/564 565/565/565
f 567/567/567 564/564/564 566/566/566
f 568/568/568 565/565/565 563/563/563
f 569/569/569 565/565/565 568/568/568
f 570/570/570 569/569/569 568/568/568
f 571/571/571 569/569/569 570/570/570
f 572/572/572 569/569/569 571/571/571
f 575/575/575 574/574/574 573/573/573
f 576/576/576 574/574/574 575/575/575
f 579/579/579 578/578/578 577/577/577
f 580/580/580 578/578/578 579/579/579
f 581/581/581 578/578/578 580/580/580
f 582/582/582 578/578/578 581/581/581
f 583/583/583 582/582/582 581/581/581
f 584/584/584 582/582/582 583/583/583
f 585/585/585 584/584/584 583/583/583
f 586/586/586 584/584/584 585/585/585
f 587/587/587 586/586/586 585/585/585
f 588/588/588 586/586/586 587/587/587
f 591/591/591 590/590/590 589/589/589
f 592/592/592 590/590/590 591/591/591
f 589/589/589 588/588/588 587/587/587
f 590/590/590 588/588/588 589/589/589
f 595/595/595 594/594/594 593/593/593
f 596/596/596 594/594/594 595/595/595
f 599/599/599 598/598/598 597/597/597
f 600/600/600 598/598/598 599/599/599
f 601/601/601 579/579/579 577/577/577
f 602/602/602 579/579/579 601/601/601
f 595/595/595 604/604/604 603/603/603
f 593/593/593 604/604/604 595/595/595
f 606/606/606 604/604/604 605/605/605
f 603/603/603 604/604/604 606/606/606
f 607/607/607 566/566/566 565/565/565
f 608/608/608 566/566/566 607/607/607
f 610/610/610 604/604/604 609/609/609
f 605/605/605 604/604/604 610/610/610
f 613/613/613 612/612/612 611/611/611
f 614/614/614 612/612/612 613/613/613
f 616/616/616 607/607/607 615/615/615
f 608/608/608 607/607/607 616/616/616
f 612/612/612 615/615/615 611/611/611
f 616/616/616 615/615/615 612/612/612
f 619/619/619 618/618/618 617/617/617
f 620/620/620 618/618/618 619/619/619
f 623/623/623 622/622/622 621/621/621
f 624/624/624 622/622/622 623/623/623
f 627/627/627 626/626/626 625/625/625
f 628/628/628 626/626/626 627/627/627
f 623/623/623 628/628/628 624/624/624
f 626/626/626 628/628/628 623/623/623
f 630/630/630 622/622/622 629/629/629
f 621/621/621 622/622/622 630/630/630
f 630/630/630 619/619/619 617/617/617
f 629/629/629 619/619/619 630/630/630
f 620/620/620 631/631/631 618/618/618
f 632/632/632 631/631/631 620/620/620
f 614/614/614 613/613/613 633/633/633
f 635/635/635 613/613/613 634/634/634
f 633/633/633 613/613/613 635/635/635
f 575/575/575 636/636/636 576/576/576
f 637/637/637 636/636/636 575/575/575
f 571/571/571 574/574/574 572/572/572
f 573/573/573 574/574/574 571/571/571
f 638/638/638 606/606/606 605/605/605
f 609/609/609 639/639/639 610/610/610
f 640/640/640 639/639/639 609/609/609
f 639/639/639 641/641/641 610/610/610
f 642/642/642 641/641/641 639/639/639
f 642/642/642 643/643/643 641/641/641
f 611/611/611 643/643/643 644/644/644
f 641/641/641 643/643/643 611/611/611
f 644/644/644 645/645/645 611/611/611
f 613/613/613 645/645/645 634/634/634
f 611/611/611 645/645/645 613/613/613
f 593/593/593 600/600/600 599/599/599
f 594/594/594 600/600/600 593/593/593
f 605/605/605 646/646/646 638/638/638
f 610/610/610 646/646/646 605/605/605
f 646/646/646 615/615/615 607/607/607
f 641/641/641 615/615/615 646/646/646
f 638/638/638 607/607/607 565/565/565
f 646/646/646 607/607/607 638/638/638
f 611/611/611 615/615/615 641/641/641
f 641/641/641 646/646/646 610/610/610
f 604/604/604 599/599/599 609/609/609
f 593/593/593 599/599/599 604/604/604
f 599/599/599 640/640/640 609/609/609
f 597/597/597 640/640/640 599/599/599
f 649/649/649 648/648/648 647/647/647
f 650/650/650 648/648/648 649/649/649
f 653/653/653 652/652/652 651/651/651
f 654/654/654 652/652/652 653/653/653
f 654/654/654 655/655/655 652/652/652
f 656/656/656 655/655/655 654/654/654
f 656/656/656 657/657/657 655/655/655
f 658/658/658 657/657/657 656/656/656
f 658/658/658 659/659/659 657/657/657
f 660/660/660 659/659/659 658/658/658
f 662/662/662 647/647/647 661/661/661
f 649/649/649 647/647/647 662/662/662
f 653/653/653 648/648/648 650/650/650
f 651/651/651 648/648/648 653/653/653
f 665/665/665 664/664/664 663/663/663
f 666/666/666 664/664/664 665/665/665
f 667/667/667 666/666/666 665/665/665
f 668/668/668 666/666/666 667/667/667
f 671/671/671 670/670/670 669/669/669
f 672/672/672 670/670/670 671/671/671
f 670/670/670 674/674/674 673/673/673
f 672/672/672 674/674/674 670/670/670
f 668/668/668 676/676/676 675/675/675
f 667/667/667 676/676/676 668/668/668
f 679/679/679 678/678/678 677/677/677
f 679/679/679 681/681/681 680/680/680
f 677/677/677 681/681/681 679/679/679
f 684/684/684 683/683/683 682/682/682
f 685/685/685 683/683/683 684/684/684
f 685/685/685 680/680/680 681/681/681
f 684/684/684 680/680/680 685/685/685
f 687/687/687 686/686/686 683/683/683
f 690/690/690 689/689/689 688/688/688
f 691/691/691 689/689/689 690/690/690
f 694/694/694 693/693/693 692/692/692
f 695/695/695 693/693/693 694/694/694
f 691/691/691 690/690/690 696/696/696
f 698/698/698 688/688/688 697/697/697
f 699/699/699 688/688/688 698/698/698
f 702/702/702 701/701/701 700/700/700
f 703/703/703 701/701/701 702/702/702
f 701/701/701 705/705/705 704/704/704
f 703/703/703 705/705/705 701/701/701
f 708/708/708 707/707/707 706/706/706
f 709/709/709 707/707/707 708/708/708
f 712/712/712 711/711/711 710/710/710
f 713/713/713 711/711/711 712/712/712
f 709/709/709 714/714/714 707/707/707
f 715/715/715 714/714/714 709/709/709
f 718/718/718 717/717/717 716/716/716
f 719/719/719 717/717/717 718/718/718
f 722/722/722 721/721/721 720/720/720
f 723/723/723 721/721/721 722/722/722
f 726/726/726 725/725/725 724/724/724
f 727/727/727 725/725/725 726/726/726
f 688/688/688 728/728/728 690/690/690
f 699/699/699 728/728/728 688/688/688
f 729/729/729 690/690/690 728/728/728
f 692/692/692 690/690/690 729/729/729
f 730/730/730 692/692/692 729/729/729
f 694/694/694 692/692/692 730/730/730
f 733/733/733 732/732/732 731/731/731
f 734/734/734 732/732/732 733/733/733
f 737/737/737 736/736/736 735/735/735
f 738/738/738 736/736/736 737/737/737
f 738/738/738 740/740/740 739/739/739
f 737/737/737 740/740/740 738/738/738
f 739/739/739 742/742/742 741/741/741
f 740/740/740 742/742/742 739/739/739
f 734/734/734 735/735/735 736/736/736
f 733/733/733 735/735/735 734/734/734
f 743/743/743 731/731/731 732/732/732
f 744/744/744 731/731/731 743/743/743
f 747/747/747 746/746/746 745/745/745
f 748/748/748 746/746/746 747/747/747
f 751/751/751 750/750/750 749/749/749
f 752/752/752 750/750/750 751/751/751
f 755/755/755 754/754/754 753/753/753
f 756/756/756 754/754/754 755/755/755
f 753/753/753 758/758/758 757/757/757
f 754/754/754 758/758/758 753/753/753
f 695/695/695 694/694/694 759/759/759
f 694/694/694 730/730/730 759/759/759
f 761/761/761 710/710/710 760/760/760
f 712/712/712 710/710/710 761/761/761
f 762/762/762 692/692/692 693/693/693
f 692/692/692 696/696/696 690/690/690
f 762/762/762 696/696/696 692/692/692
f 715/715/715 760/760/760 714/714/714
f 761/761/761 760/760/760 715/715/715
f 719/719/719 706/706/706 717/717/717
f 708/708/708 706/706/706 719/719/719
f 763/763/763 688/688/688 689/689/689
f 725/725/725 765/765/765 764/764/764
f 727/727/727 765/765/765 725/725/725
f 764/764/764 698/698/698 697/697/697
f 765/765/765 698/698/698 764/764/764
f 697/697/697 763/763/763 766/766/766
f 688/688/688 763/763/763 697/697/697
f 674/674/674 767/767/767 673/673/673
f 725/725/725 767/767/767 674/674/674
f 704/704/704 769/769/769 768/768/768
f 705/705/705 769/769/769 704/704/704
f 769/769/769 716/716/716 768/768/768
f 718/718/718 716/716/716 769/769/769
f 767/767/767 764/764/764 766/766/766
f 725/725/725 764/764/764 767/767/767
f 723/723/723 724/724/724 721/721/721
f 726/726/726 724/724/724 723/723/723
f 764/764/764 697/697/697 766/766/766
f 687/687/687 683/683/683 770/770/770
f 772/772/772 682/682/682 771/771/771
f 742/742/742 773/773/773 741/741/741
f 774/774/774 773/773/773 742/742/742
f 777/777/777 776/776/776 775/775/775
f 778/778/778 776/776/776 777/777/777
f 781/781/781 780/780/780 779/779/779
f 782/782/782 780/780/780 781/781/781
f 782/782/782 784/784/784 783/783/783
f 781/781/781 784/784/784 782/782/782
f 786/786/786 784/784/784 785/785/785
f 783/783/783 784/784/784 786/786/786
f 789/789/789 788/788/788 787/787/787
f 776/776/776 790/790/790 775/775/775
f 791/791/791 790/790/790 776/776/776
f 777/777/777 780/780/780 778/778/778
f 779/779/779 780/780/780 777/777/777
f 789/789/789 785/785/785 788/788/788
f 786/786/786 785/785/785 789/789/789
f 794/794/794 793/793/793 792/792/792
f 795/795/795 793/793/793 794/794/794
f 798/798/798 797/797/797 796/796/796
f 799/799/799 797/797/797 798/798/798
f 802/802/802 801/801/801 800/800/800
f 803/803/803 801/801/801 802/802/802
f 806/806/806 805/805/805 804/804/804
f 807/807/807 805/805/805 806/806/806
f 810/810/810 809/809/809 808/808/808
f 811/811/811 809/809/809 810/810/810
f 813/813/813 476/476/476 812/812/812
f 477/477/477 476/476/476 813/813/813
f 816/816/816 815/815/815 814/814/814
f 817/817/817 815/815/815 816/816/816
f 820/820/820 819/819/819 818/818/818
f 821/821/821 819/819/819 820/820/820
f 824/824/824 823/823/823 822/822/822
f 825/825/825 823/823/823 824/824/824
f 828/828/828 827/827/827 826/826/826
f 827/827/827 830/830/830 829/829/829
f 828/828/828 830/830/830 827/827/827
f 830/830/830 832/832/832 831/831/831
f 828/828/828 832/832/832 830/830/830
f 835/835/835 834/834/834 833/833/833
f 836/836/836 834/834/834 835/835/835
f 838/838/838 834/834/834 837/837/837
f 833/833/833 834/834/834 838/838/838
f 840/840/840 713/713/713 839/839/839
f 841/841/841 713/713/713 840/840/840
f 844/844/844 843/843/843 842/842/842
f 845/845/845 843/843/843 844/844/844
f 841/841/841 711/711/711 713/713/713
f 846/846/846 711/711/711 841/841/841
f 848/848/848 839/839/839 847/847/847
f 840/840/840 839/839/839 848/848/848
f 850/850/850 845/845/845 849/849/849
f 843/843/843 845/845/845 850/850/850
f 853/853/853 852/852/852 851/851/851
f 854/854/854 852/852/852 853/853/853
f 856/856/856 835/835/835 855/855/855
f 836/836/836 835/835/835 856/856/856
f 859/859/859 858/858/858 857/857/857
f 860/860/860 858/858/858 859/859/859
f 863/863/863 862/862/862 861/861/861
f 864/864/864 862/862/862 863/863/863
f 867/867/867 866/866/866 865/865/865
f 868/868/868 866/866/866 867/867/867
f 864/864/864 869/869/869 862/862/862
f 870/870/870 869/869/869 864/864/864
f 873/873/873 872/872/872 871/871/871
f 874/874/874 872/872/872 873/873/873
f 877/877/877 876/876/876 875/875/875
f 878/878/878 876/876/876 877/877/877
f 874/874/874 879/879/879 872/872/872
f 880/880/880 879/879/879 874/874/874
f 882/882/882 877/877/877 881/881/881
f 878/878/878 877/877/877 882/882/882
f 724/724/724 725/725/725 674/674/674
f 721/721/721 674/674/674 672/672/672
f 724/724/724 674/674/674 721/721/721
f 721/721/721 671/671/671 720/720/720
f 672/672/672 671/671/671 721/721/721
f 869/869/869 873/873/873 871/871/871
f 870/870/870 873/873/873 869/869/869
f 752/752/752 756/756/756 755/755/755
f 751/751/751 756/756/756 752/752/752
f 876/876/876 865/865/865 875/875/875
f 867/867/867 865/865/865 876/876/876
f 792/792/792 798/798/798 796/796/796
f 793/793/793 798/798/798 792/792/792
f 804/804/804 810/810/810 808/808/808
f 805/805/805 810/810/810 804/804/804
f 816/816/816 820/820/820 818/818/818
f 814/814/814 820/820/820 816/816/816
f 797/797/797 802/802/802 800/800/800
f 799/799/799 802/802/802 797/797/797
f 809/809/809 813/813/813 812/812/812
f 811/811/811 813/813/813 809/809/809
f 819/819/819 824/824/824 822/822/822
f 821/821/821 824/824/824 819/819/819
f 884/884/884 883/883/883 772/772/772
f 686/686/686 682/682/682 683/683/683
f 771/771/771 682/682/682 686/686/686
f 883/883/883 682/682/682 772/772/772
f 887/887/887 886/886/886 885/885/885
f 888/888/888 886/886/886 887/887/887
f 891/891/891 890/890/890 889/889/889
f 892/892/892 890/890/890 891/891/891
f 892/892/892 885/885/885 890/890/890
f 887/887/887 885/885/885 892/892/892
f 895/895/895 894/894/894 893/893/893
f 896/896/896 894/894/894 895/895/895
f 897/897/897 894/894/894 896/896/896
f 898/898/898 895/895/895 893/893/893
f 899/899/899 895/895/895 898/898/898
f 900/900/900 899/899/899 898/898/898
f 901/901/901 899/899/899 900/900/900
f 902/902/902 899/899/899 901/901/901
f 905/905/905 904/904/904 903/903/903
f 906/906/906 904/904/904 905/905/905
f 909/909/909 908/908/908 907/907/907
f 910/910/910 908/908/908 909/909/909
f 911/911/911 908/908/908 910/910/910
f 912/912/912 908/908/908 911/911/911
f 913/913/913 912/912/912 911/911/911
f 914/914/914 912/912/912 913/913/913
f 915/915/915 914/914/914 913/913/913
f 916/916/916 914/914/914 915/915/915
f 917/917/917 916/916/916 915/915/915
f 918/918/918 916/916/916 917/917/917
f 921/921/921 920/920/920 919/919/919
f 922/922/922 920/920/920 921/921/921
f 919/919/919 918/918/918 917/917/917
f 920/920/920 918/918/918 919/919/919
f 925/925/925 924/924/924 923/923/923
f 926/926/926 924/924/924 925/925/925
f 929/929/929 928/928/928 927/927/927
f 930/930/930 928/928/928 929/929/929
f 931/931/931 909/909/909 907/907/907
f 932/932/932 909/909/909 931/931/931
f 925/925/925 934/934/934 933/933/933
f 923/923/923 934/934/934 925/925/925
f 936/936/936 934/934/934 935/935/935
f 933/933/933 934/934/934 936/936/936
f 937/937/937 896/896/896 895/895/895
f 938/938/938 896/896/896 937/937/937
f 940/940/940 934/934/934 939/939/939
f 935/935/935 934/934/934 940/940/940
f 943/943/943 942/942/942 941/941/941
f 944/944/944 942/942/942 943/943/943
f 946/946/946 937/937/937 945/945/945
f 938/938/938 937/937/937 946/946/946
f 942/942/942 945/945/945 941/941/941
f 946/946/946 945/945/945 942/942/942
f 949/949/949 948/948/948 947/947/947
f 950/950/950 948/948/948 949/949/949
f 953/953/953 952/952/952 951/951/951
f 954/954/954 952/952/952 953/953/953
f 957/957/957 956/956/956 955/955/955
f 958/958/958 956/956/956 957/957/957
f 953/953/953 958/958/958 954/954/954
f 956/956/956 958/958/958 953/953/953
f 960/960/960 952/952/952 959/959/959
f 951/951/951 952/952/952 960/960/960
f 960/960/960 949/949/949 947/947/947
f 959/959/959 949/949/949 960/960/960
f 950/950/950 961/961/961 948/948/948
f 962/962/962 961/961/961 950/950/950
f 944/944/944 943/943/943 963/963/963
f 965/965/965 943/943/943 964/964/964
f 963/963/963 943/943/943 965/965/965
f 905/905/905 966/966/966 906/906/906
f 967/967/967 966/966/966 905/905/905
f 901/901/901 904/904/904 902/902/902
f 903/903/903 904/904/904 901/901/901
f 968/968/968 936/936/936 935/935/935
f 939/939/939 969/969/969 940/940/940
f 970/970/970 969/969/969 939/939/939
f 969/969/969 971/971/971 940/940/940
f 972/972/972 971/971/971 969/969/969
f 972/972/972 973/973/973 971/971/971
f 941/941/941 973/973/973 974/974/974
f 971/971/971 973/973/973 941/941/941
f 974/974/974 975/975/975 941/941/941
f 943/943/943 975/975/975 964/964/964
f 941/941/941 975/975/975 943/943/943
f 923/923/923 930/930/930 929/929/929
f 924/924/924 930/930/930 923/923/923
f 935/935/935 976/976/976 968/968/968
f 940/940/940 976/976/976 935/935/935
f 976/976/976 945/945/945 937/937/937
f 971/971/971 945/945/945 976/976/976
f 968/968/968 937/937/937 895/895/895
f 976/976/976 937/937/937 968/968/968
f 941/941/941 945/945/945 971/971/971
f 971/971/971 976/976/976 940/940/940
f 934/934/934 929/929/929 939/939/939
f 923/923/923 929/929/929 934/934/934
f 929/929/929 970/970/970 939/939/939
f 927/927/927 970/970/970 929/929/929
f 979/979/979 978/978/978 977/977/977
f 980/980/980 978/978/978 979/979/979
f 983/983/983 982/982/982 981/981/981
f 984/984/984 982/982/982 983/983/983
f 984/984/984 985/985/985 982/982/982
f 986/986/986 985/985/985 984/984/984
f 986/986/986 987/987/987 985/985/985
f 988/988/988 987/987/987 986/986/986
f 988/988/988 989/989/989 987/987/987
f 990/990/990 989/989/989 988/988/988
f 992/992/992 977/977/977 991/991/991
f 979/979/979 977/977/977 992/992/992
f 983/983/983 978/978/978 980/980/980
f 981/981/981 978/978/978 983/983/983
f 995/995/995 994/994/994 993/993/993
f 996/996/996 994/994/994 995/995/995
f 997/997/997 996/996/996 995/995/995
f 998/998/998 996/996/996 997/997/997
f 1001/1001/1001 1000/1000/1000 999/999/999
f 1002/1002/1002 1000/1000/1000 1001/1001/1001
f 1000/1000/1000 1004/1004/1004 1003/1003/1003
f 1002/1002/1002 1004/1004/1004 1000/1000/1000
f 998/998/998 1006/1006/1006 1005/1005/1005
f 997/997/997 1006/1006/1006 998/998/998
f 1009/1009/1009 1008/1008/1008 1007/1007/1007
f 1009/1009/1009 1011/1011/1011 1010/1010/1010
f 1007/1007/1007 1011/1011/1011 1009/1009/1009
f 1014/1014/1014 1013/1013/1013 1012/1012/1012
f 1015/1015/1015 1013/1013/1013 1014/1014/1014
f 1015/1015/1015 1010/1010/1010 1011/1011/1011
f 1014/1014/1014 1010/1010/1010 1015/1015/1015
f 1017/1017/1017 1016/1016/1016 1013/1013/1013
f 1020/1020/1020 1019/1019/1019 1018/1018/1018
f 1021/1021/1021 1019/1019/1019 1020/1020/1020
f 1024/1024/1024 1023/1023/1023 1022/1022/1022
f 1025/1025/1025 1023/1023/1023 1024/1024/1024
f 1021/1021/1021 1020/1020/1020 1026/1026/1026
f 1028/1028/1028 1018/1018/1018 1027/1027/1027
f 1029/1029/1029 1018/1018/1018 1028/1028/1028
f 1032/1032/1032 1031/1031/1031 1030/1030/1030
f 1033/1033/1033 1031/1031/1031 1032/1032/1032
f 1031/1031/1031 1035/1035/1035 1034/1034/1034
f 1033/1033/1033 1035/1035/1035 1031/1031/1031
f 1038/1038/1038 1037/1037/1037 1036/1036/1036
f 1039/1039/1039 1037/1037/1037 1038/1038/1038
f 1042/1042/1042 1041/1041/1041 1040/1040/1040
f 1043/1043/1043 1041/1041/1041 1042/1042/1042
f 1039/1039/1039 1044/1044/1044 1037/1037/1037
f 1045/1045/1045 1044/1044/1044 1039/1039/1039
f 1048/1048/1048 1047/1047/1047 1046/1046/1046
f 1049/1049/1049 1047/1047/1047 1048/1048/1048
f 1052/1052/1052 1051/1051/1051 1050/1050/1050
f 1053/1053/1053 1051/1051/1051 1052/1052/1052
f 1056/1056/1056 1055/1055/1055 1054/1054/1054
f 1057/1057/1057 1055/1055/1055 1056/1056/1056
f 1018/1018/1018 1058/1058/1058 1020/1020/1020
f 1029/1029/1029 1058/1058/1058 1018/1018/1018
f 1059/1059/1059 1020/1020/1020 1058/1058/1058
f 1022/1022/1022 1020/1020/1020 1059/1059/1059
f 1060/1060/1060 1022/1022/1022 1059/1059/1059
f 1024/1024/1024 1022/1022/1022 1060/1060/1060
f 1063/1063/1063 1062/1062/1062 1061/1061/1061
f 1064/1064/1064 1062/1062/1062 1063/1063/1063
f 1067/1067/1067 1066/1066/1066 1065/1065/1065
f 1068/1068/1068 1066/1066/1066 1067/1067/1067
f 1068/1068/1068 1070/1070/1070 1069/1069/1069
f 1067/1067/1067 1070/1070/1070 1068/1068/1068
f 1069/1069/1069 1072/1072/1072 1071/1071/1071
f 1070/1070/1070 1072/1072/1072 1069/1069/1069
f 1064/1064/1064 1065/1065/1065 1066/1066/1066
f 1063/1063/1063 1065/1065/1065 1064/1064/1064
f 1073/1073/1073 1061/1061/1061 1062/1062/1062
f 1074/1074/1074 1061/1061/1061 1073/1073/1073
f 1077/1077/1077 1076/1076/1076 1075/1075/1075
f 1078/1078/1078 1076/1076/1076 1077/1077/1077
f 1081/1081/1081 1080/1080/1080 1079/1079/1079
f 1082/1082/1082 1080/1080/1080 1081/1081/1081
f 1085/1085/1085 1084/1084/1084 1083/1083/1083
f 1086/1086/1086 1084/1084/1084 1085/1085/1085
f 1083/1083/1083 1088/1088/1088 1087/1087/1087
f 1084/1084/1084 1088/1088/1088 1083/1083/1083
f 1025/1025/1025 1024/1024/1024 1089/1089/1089
f 1024/1024/1024 1060/1060/1060 1089/1089/1089
f 1091/1091/1091 1040/1040/1040 1090/1090/1090
f 1042/1042/1042 1040/1040/1040 1091/1091/1091
f 1092/1092/1092 1022/1022/1022 1023/1023/1023
f 1022/1022/1022 1026/1026/1026 1020/1020/1020
f 1092/1092/1092 1026/1026/1026 1022/1022/1022
f 1045/1045/1045 1090/1090/1090 1044/1044/1044
f 1091/1091/1091 1090/1090/1090 1045/1045/1045
f 1049/1049/1049 1036/1036/1036 1047/1047/1047
f 1038/1038/1038 1036/1036/1036 1049/1049/1049
f 1093/1093/1093 1018/1018/1018 1019/1019/1019
f 1055/1055/1055 1095/1095/1095 1094/1094/1094
f 1057/1057/1057 1095/1095/1095 1055/1055/1055
f 1094/1094/1094 1028/1028/1028 1027/1027/1027
f 1095/1095/1095 1028/1028/1028 1094/1094/1094
f 1027/1027/1027 1093/1093/1093 1096/1096/1096
f 1018/1018/1018 1093/1093/1093 1027/1027/1027
f 1004/1004/1004 1097/1097/1097 1003/1003/1003
f 1055/1055/1055 1097/1097/1097 1004/1004/1004
f 1034/1034/1034 1099/1099/1099 1098/1098/1098
f 1035/1035/1035 1099/1099/1099 1034/1034/1034
f 1099/1099/1099 1046/1046/1046 1098/1098/1098
f 1048/1048/1048 1046/1046/1046 1099/1099/1099
f 1097/1097/1097 1094/1094/1094 1096/1096/1096
f 1055/1055/1055 1094/1094/1094 1097/1097/1097
f 1053/1053/1053 1054/1054/1054 1051/1051/1051
f 1056/1056/1056 1054/1054/1054 1053/1053/1053
f 1094/1094/1094 1027/1027/1027 1096/1096/1096
f 1017/1017/1017 1013/1013/1013 1100/1100/1100
f 1102/1102/1102 1012/1012/1012 1101/1101/1101
f 1072/1072/1072 1103/1103/1103 1071/1071/1071
f 1104/1104/1104 1103/1103/1103 1072/1072/1072
f 1107/1107/1107 1106/1106/1106 1105/1105/1105
f 1108/1108/1108 1106/1106/1106 1107/1107/1107
f 1111/1111/1111 1110/1110/1110 1109/1109/1109
f 1112/1112/1112 1110/1110/1110 1111/1111/1111
f 1112/1112/1112 1114/1114/1114 1113/1113/1113
f 1111/1111/1111 1114/1114/1114 1112/1112/1112
f 1116/1116/1116 1114/1114/1114 1115/1115/1115
f 1113/1113/1113 1114/1114/1114 1116/1116/1116
f 1119/1119/1119 1118/1118/1118 1117/1117/1117
f 1106/1106/1106 1120/1120/1120 1105/1105/1105
f 1121/1121/1121 1120/1120/1120 1106/1106/1106
f 1107/1107/1107 1110/1110/1110 1108/1108/1108
f 1109/1109/1109 1110/1110/1110 1107/1107/1107
f 1119/1119/1119 1115/1115/1115 1118/1118/1118
f 1116/1116/1116 1115/1115/1115 1119/1119/1119
f 1124/1124/1124 1123/1123/1123 1122/1122/1122
f 1125/1125/1125 1123/1123/1123 1124/1124/1124
f 1128/1128/1128 1127/1127/1127 1126/1126/1126
f 1129/1129/1129 1127/1127/1127 1128/1128/1128
f 1132/1132/1132 1131/1131/1131 1130/1130/1130
f 1133/1133/1133 1131/1131/1131 1132/1132/1132
f 1136/1136/1136 1135/1135/1135 1134/1134/1134
f 1137/1137/1137 1135/1135/1135 1136/1136/1136
f 1140/1140/1140 1139/1139/1139 1138/1138/1138
f 1141/1141/1141 1139/1139/1139 1140/1140/1140
f 1143/1143/1143 806/806/806 1142/1142/1142
f 807/807/807 806/806/806 1143/1143/1143
f 1146/1146/1146 1145/1145/1145 1144/1144/1144
f 1147/1147/1147 1145/1145/1145 1146/1146/1146
f 1150/1150/1150 1149/1149/1149 1148/1148/1148
f 1151/1151/1151 1149/1149/1149 1150/1150/1150
f 1154/1154/1154 1153/1153/1153 1152/1152/1152
f 1155/1155/1155 1153/1153/1153 1154/1154/1154
f 1158/1158/1158 1157/1157/1157 1156/1156/1156
f 1157/1157/1157 1160/1160/1160 1159/1159/1159
f 1158/1158/1158 1160/1160/1160 1157/1157/1157
f 1160/1160/1160 1162/1162/1162 1161/1161/1161
f 1158/1158/1158 1162/1162/1162 1160/1160/1160
f 1165/1165/1165 1164/1164/1164 1163/1163/1163
f 1166/1166/1166 1164/1164/1164 1165/1165/1165
f 1168/1168/1168 1164/1164/1164 1167/1167/1167
f 1163/1163/1163 1164/1164/1164 1168/1168/1168
f 1170/1170/1170 1043/1043/1043 1169/1169/1169
f 1171/1171/1171 1043/1043/1043 1170/1170/1170
f 1174/1174/1174 1173/1173/1173 1172/1172/1172
f 1175/1175/1175 1173/1173/1173 1174/1174/1174
f 1171/1171/1171 1041/1041/1041 1043/1043/1043
f 1176/1176/1176 1041/1041/1041 1171/1171/1171
f 1178/1178/1178 1169/1169/1169 1177/1177/1177
f 1170/1170/1170 1169/1169/1169 1178/1178/1178
f 1180/1180/1180 1175/1175/1175 1179/1179/1179
f 1173/1173/1173 1175/1175/1175 1180/1180/1180
f 1183/1183/1183 1182/1182/1182 1181/1181/1181
f 1184/1184/1184 1182/1182/1182 1183/1183/1183
f 1186/1186/1186 1165/1165/1165 1185/1185/1185
f 1166/1166/1166 1165/1165/1165 1186/1186/1186
f 1189/1189/1189 1188/1188/1188 1187/1187/1187
f 1190/1190/1190 1188/1188/1188 1189/1189/1189
f 1193/1193/1193 1192/1192/1192 1191/1191/1191
f 1194/1194/1194 1192/1192/1192 1193/1193/1193
f 1197/1197/1197 1196/1196/1196 1195/1195/1195
f 1198/1198/1198 1196/1196/1196 1197/1197/1197
f 1194/1194/1194 1199/1199/1199 1192/1192/1192
f 1200/1200/1200 1199/1199/1199 1194/1194/1194
f 1203/1203/1203 1202/1202/1202 1201/1201/1201
f 1204/1204/1204 1202/1202/1202 1203/1203/1203
f 1207/1207/1207 1206/1206/1206 1205/1205/1205
f 1208/1208/1208 1206/1206/1206 1207/1207/1207
f 1204/1204/1204 1209/1209/1209 1202/1202/1202
f 1210/1210/1210 1209/1209/1209 1204/1204/1204
f 1212/1212/1212 1207/1207/1207 1211/1211/1211
f 1208/1208/1208 1207/1207/1207 1212/1212/1212
f 1054/1054/1054 1055/1055/1055 1004/1004/1004
f 1051/1051/1051 1004/1004/1004 1002/1002/1002
f 1054/1054/1054 1004/1004/1004 1051/1051/1051
f 1051/1051/1051 1001/1001/1001 1050/1050/1050
f 1002/1002/1002 1001/1001/1001 1051/1051/1051
f 1199/1199/1199 1203/1203/1203 1201/1201/1201
f 1200/1200/1200 1203/1203/1203 1199/1199/1199
f 1082/1082/1082 1086/1086/1086 1085/1085/1085
f 1081/1081/1081 1086/1086/1086 1082/1082/1082
f 1206/1206/1206 1195/1195/1195 1205/1205/1205
f 1197/1197/1197 1195/1195/1195 1206/1206/1206
f 1122/1122/1122 1128/1128/1128 1126/1126/1126
f 1123/1123/1123 1128/1128/1128 1122/1122/1122
f 1134/1134/1134 1140/1140/1140 1138/1138/1138
f 1135/1135/1135 1140/1140/1140 1134/1134/1134
f 1146/1146/1146 1150/1150/1150 1148/1148/1148
f 1144/1144/1144 1150/1150/1150 1146/1146/1146
f 1127/1127/1127 1132/1132/1132 1130/1130/1130
f 1129/1129/1129 1132/1132/1132 1127/1127/1127
f 1139/1139/1139 1143/1143/1143 1142/1142/1142
f 1141/1141/1141 1143/1143/1143 1139/1139/1139
f 1149/1149/1149 1154/1154/1154 1152/1152/1152
f 1151/1151/1151 1154/1154/1154 1149/1149/1149
f 1214/1214/1214 1213/1213/1213 1102/1102/1102
f 1016/1016/1016 1012/1012/1012 1013/1013/1013
f 1101/1101/1101 1012/1012/1012 1016/1016/1016
f 1213/1213/1213 1012/1012/1012 1102/1102/1102
f 1217/1217/1217 1216/1216/1216 1215/1215/1215
f 1218/1218/1218 1216/1216/1216 1217/1217/1217
f 1221/1221/1221 1220/1220/1220 1219/1219/1219
f 1222/1222/1222 1220/1220/1220 1221/1221/1221
f 1222/1222/1222 1215/1215/1215 1220/1220/1220
f 1217/1217/1217 1215/1215/1215 1222/1222/1222
f 1225/1225/1225 1224/1224/1224 1223/1223/1223
f 1226/1226/1226 1224/1224/1224 1225/1225/1225
f 1227/1227/1227 1224/1224/1224 1226/1226/1226
f 1228/1228/1228 1225/1225/1225 1223/1223/1223
f 1229/1229/1229 1225/1225/1225 1228/1228/1228
f 1230/1230/1230 1229/1229/1229 1228/1228/1228
f 1231/1231/1231 1229/1229/1229 1230/1230/1230
f 1232/1232/1232 1229/1229/1229 1231/1231/1231
f 1235/1235/1235 1234/1234/1234 1233/1233/1233
f 1236/1236/1236 1234/1234/1234 1235/1235/1235
f 1239/1239/1239 1238/1238/1238 1237/1237/1237
f 1240/1240/1240 1238/1238/1238 1239/1239/1239
f 1241/1241/1241 1238/1238/1238 1240/1240/1240
f 1242/1242/1242 1238/1238/1238 1241/1241/1241
f 1243/1243/1243 1242/1242/1242 1241/1241/1241
f 1244/1244/1244 1242/1242/1242 1243/1243/1243
f 1245/1245/1245 1244/1244/1244 1243/1243/1243
f 1246/1246/1246 1244/1244/1244 1245/1245/1245
f 1247/1247/1247 1246/1246/1246 1245/1245/1245
f 1248/1248/1248 1246/1246/1246 1247/1247/1247
f 1251/1251/1251 1250/1250/1250 1249/1249/1249
f 1252/1252/1252 1250/1250/1250 1251/1251/1251
f 1249/1249/1249 1248/1248/1248 1247/1247/1247
f 1250/1250/1250 1248/1248/1248 1249/1249/1249
f 1255/1255/1255 1254/1254/1254 1253/1253/1253
f 1256/1256/1256 1254/1254/1254 1255/1255/1255
f 1259/1259/1259 1258/1258/1258 1257/1257/1257
f 1260/1260/1260 1258/1258/1258 1259/1259/1259
f 1261/1261/1261 1239/1239/1239 1237/1237/1237
f 1262/1262/1262 1239/1239/1239 1261/1261/1261
f 1255/1255/1255 1264/1264/1264 1263/1263/1263
f 1253/1253/1253 1264/1264/1264 1255/1255/1255
f 1266/1266/1266 1264/1264/1264 1265/1265/1265
f 1263/1263/1263 1264/1264/1264 1266/1266/1266
f 1267/1267/1267 1226/1226/1226 1225/1225/1225
f 1268/1268/1268 1226/1226/1226 1267/1267/1267
f 1270/1270/1270 1264/1264/1264 1269/1269/1269
f 1265/1265/1265 1264/1264/1264 1270/1270/1270
f 1273/1273/1273 1272/1272/1272 1271/1271/1271
f 1274/1274/1274 1272/1272/1272 1273/1273/1273
f 1276/1276/1276 1267/1267/1267 1275/1275/1275
f 1268/1268/1268 1267/1267/1267 1276/1276/1276
f 1272/1272/1272 1275/1275/1275 1271/1271/1271
f 1276/1276/1276 1275/1275/1275 1272/1272/1272
f 1279/1279/1279 1278/1278/1278 1277/1277/1277
f 1280/1280/1280 1278/1278/1278 1279/1279/1279
f 1283/1283/1283 1282/1282/1282 1281/1281/1281
f 1284/1284/1284 1282/1282/1282 1283/1283/1283
f 1287/1287/1287 1286/1286/1286 1285/1285/1285
f 1288/1288/1288 1286/1286/1286 1287/1287/1287
f 1283/1283/1283 1288/1288/1288 1284/1284/1284
f 1286/1286/1286 1288/1288/1288 1283/1283/1283
f 1290/1290/1290 1282/1282/1282 1289/1289/1289
f 1281/1281/1281 1282/1282/1282 1290/1290/1290
f 1290/1290/1290 1279/1279/1279 1277/1277/1277
f 1289/1289/1289 1279/1279/1279 1290/1290/1290
f 1280/1280/1280 1291/1291/1291 1278/1278/1278
f 1292/1292/1292 1291/1291/1291 1280/1280/1280
f 1274/1274/1274 1273/1273/1273 1293/1293/1293
f 1295/1295/1295 1273/1273/1273 1294/1294/1294
f 1293/1293/1293 1273/1273/1273 1295/1295/1295
f 1235/1235/1235 1296/1296/1296 1236/1236/1236
f 1297/1297/1297 1296/1296/1296 1235/1235/1235
f 1231/1231/1231 1234/1234/1234 1232/1232/1232
f 1233/1233/1233 1234/1234/1234 1231/1231/1231
f 1298/1298/1298 1266/1266/1266 1265/1265/1265
f 1269/1269/1269 1299/1299/1299 1270/1270/1270
f 1300/1300/1300 1299/1299/1299 1269/1269/1269
f 1299/1299/1299 1301/1301/1301 1270/1270/1270
f 1302/1302/1302 1301/1301/1301 1299/1299/1299
f 1302/1302/1302 1303/1303/1303 1301/1301/1301
f 1271/1271/1271 1303/1303/1303 1304/1304/1304
f 1301/1301/1301 1303/1303/1303 1271/1271/1271
f 1304/1304/1304 1305/1305/1305 1271/1271/1271
f 1273/1273/1273 1305/1305/1305 1294/1294/1294
f 1271/1271/1271 1305/1305/1305 1273/1273/1273
f 1253/1253/1253 1260/1260/1260 1259/1259/1259
f 1254/1254/1254 1260/1260/1260 1253/1253/1253
f 1265/1265/1265 1306/1306/1306 1298/1298/1298
f 1270/1270/1270 1306/1306/1306 1265/1265/1265
f 1306/1306/1306 1275/1275/1275 1267/1267/1267
f 1301/1301/1301 1275/1275/1275 1306/1306/1306
f 1298/1298/1298 1267/1267/1267 1225/1225/1225
f 1306/1306/1306 1267/1267/1267 1298/1298/1298
f 1271/1271/1271 1275/1275/1275 1301/1301/1301
f 1301/1301/1301 1306/1306/1306 1270/1270/1270
f 1264/1264/1264 1259/1259/1259 1269/1269/1269
f 1253/1253/1253 1259/1259/1259 1264/1264/1264
f 1259/1259/1259 1300/1300/1300 1269/1269/1269
f 1257/1257/1257 1300/1300/1300 1259/1259/1259
f 1309/1309/1309 1308/1308/1308 1307/1307/1307
f 1310/1310/1310 1308/1308/1308 1309/1309/1309
f 1313/1313/1313 1312/1312/1312 1311/1311/1311
f 1314/1314/1314 1312/1312/1312 1313/1313/1313
f 1314/1314/1314 1315/1315/1315 1312/1312/1312
f 1316/1316/1316 1315/1315/1315 1314/1314/1314
f 1316/1316/1316 1317/1317/1317 1315/1315/1315
f 1318/1318/1318 1317/1317/1317 1316/1316/1316
f 1318/1318/1318 1319/1319/1319 1317/1317/1317
f 1320/1320/1320 1319/1319/1319 1318/1318/1318
f 1322/1322/1322 1307/1307/1307 1321/1321/1321
f 1309/1309/1309 1307/1307/1307 1322/1322/1322
f 1313/1313/1313 1308/1308/1308 1310/1310/1310
f 1311/1311/1311 1308/1308/1308 1313/1313/1313
f 1325/1325/1325 1324/1324/1324 1323/1323/1323
f 1326/1326/1326 1324/1324/1324 1325/1325/1325
f 1327/1327/1327 1326/1326/1326 1325/1325/1325
f 1328/1328/1328 1326/1326/1326 1327/1327/1327
f 1331/1331/1331 1330/1330/1330 1329/1329/1329
f 1332/1332/1332 1330/1330/1330 1331/1331/1331
f 1330/1330/1330 1334/1334/1334 1333/1333/1333
f 1332/1332/1332 1334/1334/1334 1330/1330/1330
f 1328/1328/1328 1336/1336/1336 1335/1335/1335
f 1327/1327/1327 1336/1336/1336 1328/1328/1328
f 1339/1339/1339 1338/1338/1338 1337/1337/1337
f 1339/1339/1339 1341/1341/1341 1340/1340/1340
f 1337/1337/1337 1341/1341/1341 1339/1339/1339
f 1344/1344/1344 1343/1343/1343 1342/1342/1342
f 1345/1345/1345 1343/1343/1343 1344/1344/1344
f 1345/1345/1345 1340/1340/1340 1341/1341/1341
f 1344/1344/1344 1340/1340/1340 1345/1345/1345
f 1347/1347/1347 1346/1346/1346 1343/1343/1343
f 1350/1350/1350 1349/1349/1349 1348/1348/1348
f 1351/1351/1351 1349/1349/1349 1350/1350/1350
f 1354/1354/1354 1353/1353/1353 1352/1352/1352
f 1355/1355/1355 1353/1353/1353 1354/1354/1354
f 1351/1351/1351 1350/1350/1350 1356/1356/1356
f 1358/1358/1358 1348/1348/1348 1357/1357/1357
f 1359/1359/1359 1348/1348/1348 1358/1358/1358
f 1362/1362/1362 1361/1361/1361 1360/1360/1360
f 1363/1363/1363 1361/1361/1361 1362/1362/1362
f 1361/1361/1361 1365/1365/1365 1364/1364/1364
f 1363/1363/1363 1365/1365/1365 1361/1361/1361
f 1368/1368/1368 1367/1367/1367 1366/1366/1366
f 1369/1369/1369 1367/1367/1367 1368/1368/1368
f 1372/1372/1372 1371/1371/1371 1370/1370/1370
f 1373/1373/1373 1371/1371/1371 1372/1372/1372
f 1369/1369/1369 1374/1374/1374 1367/1367/1367
f 1375/1375/1375 1374/1374/1374 1369/1369/1369
f 1378/1378/1378 1377/1377/1377 1376/1376/1376
f 1379/1379/1379 1377/1377/1377 1378/1378/1378
f 1382/1382/1382 1381/1381/1381 1380/1380/1380
f 1383/1383/1383 1381/1381/1381 1382/1382/1382
f 1386/1386/1386 1385/1385/1385 1384/1384/1384
f 1387/1387/1387 1385/1385/1385 1386/1386/1386
f 1348/1348/1348 1388/1388/1388 1350/1350/1350
f 1359/1359/1359 1388/1388/1388 1348/1348/1348
f 1389/1389/1389 1350/1350/1350 1388/1388/1388
f 1352/1352/1352 1350/1350/1350 1389/1389/1389
f 1390/1390/1390 1352/1352/1352 1389/1389/1389
f 1354/1354/1354 1352/1352/1352 1390/1390/1390
f 1393/1393/1393 1392/1392/1392 1391/1391/1391
f 1394/1394/1394 1392/1392/1392 1393/1393/1393
f 1397/1397/1397 1396/1396/1396 1395/1395/1395
f 1398/1398/1398 1396/1396/1396 1397/1397/1397
f 1398/1398/1398 1400/1400/1400 1399/1399/1399
f 1397/1397/1397 1400/1400/1400 1398/1398/1398
f 1399/1399/1399 1402/1402/1402 1401/1401/1401
f 1400/1400/1400 1402/1402/1402 1399/1399/1399
f 1394/1394/1394 1395/1395/1395 1396/1396/1396
f 1393/1393/1393 1395/1395/1395 1394/1394/1394
f 1403/1403/1403 1391/1391/1391 1392/1392/1392
f 1404/1404/1404 1391/1391/1391 1403/1403/1403
f 1407/1407/1407 1406/1406/1406 1405/1405/1405
f 1408/1408/1408 1406/1406/1406 1407/1407/1407
f 1411/1411/1411 1410/1410/1410 1409/1409/1409
f 1412/1412/1412 1410/1410/1410 1411/1411/1411
f 1415/1415/1415 1414/1414/1414 1413/1413/1413
f 1416/1416/1416 1414/1414/1414 1415/1415/1415
f 1413/1413/1413 1418/1418/1418 1417/1417/1417
f 1414/1414/1414 1418/1418/1418 1413/1413/1413
f 1355/1355/1355 1354/1354/1354 1419/1419/1419
f 1354/1354/1354 1390/1390/1390 1419/1419/1419
f 1421/1421/1421 1370/1370/1370 1420/1420/1420
f 1372/1372/1372 1370/1370/1370 1421/1421/1421
f 1422/1422/1422 1352/1352/1352 1353/1353/1353
f 1352/1352/1352 1356/1356/1356 1350/1350/1350
f 1422/1422/1422 1356/1356/1356 1352/1352/1352
f 1375/1375/1375 1420/1420/1420 1374/1374/1374
f 1421/1421/1421 1420/1420/1420 1375/1375/1375
f 1379/1379/1379 1366/1366/1366 1377/1377/1377
f 1368/1368/1368 1366/1366/1366 1379/1379/1379
f 1423/1423/1423 1348/1348/1348 1349/1349/1349
f 1385/1385/1385 1425/1425/1425 1424/1424/1424
f 1387/1387/1387 1425/1425/1425 1385/1385/1385
f 1424/1424/1424 1358/1358/1358 1357/1357/1357
f 1425/1425/1425 1358/1358/1358 1424/1424/1424
f 1357/1357/1357 1423/1423/1423 1426/1426/1426
f 1348/1348/1348 1423/1423/1423 1357/1357/1357
f 1334/1334/1334 1427/1427/1427 1333/1333/1333
f 1385/1385/1385 1427/1427/1427 1334/1334/1334
f 1364/1364/1364 1429/1429/1429 1428/1428/1428
f 1365/1365/1365 1429/1429/1429 1364/1364/1364
f 1429/1429/1429 1376/1376/1376 1428/1428/1428
f 1378/1378/1378 1376/1376/1376 1429/1429/1429
f 1427/1427/1427 1424/1424/1424 1426/1426/1426
f 1385/1385/1385 1424/1424/1424 1427/1427/1427
f 1383/1383/1383 1384/1384/1384 1381/1381/1381
f 1386/1386/1386 1384/1384/1384 1383/1383/1383
f 1424/1424/1424 1357/1357/1357 1426/1426/1426
f 1347/1347/1347 1343/1343/1343 1430/1430/1430
f 1432/1432/1432 1342/1342/1342 1431/1431/1431
f 1402/1402/1402 1433/1433/1433 1401/1401/1401
f 1434/1434/1434 1433/1433/1433 1402/1402/1402
f 1437/1437/1437 1436/1436/1436 1435/1435/1435
f 1438/1438/1438 1436/1436/1436 1437/1437/1437
f 1441/1441/1441 1440/1440/1440 1439/1439/1439
f 1442/1442/1442 1440/1440/1440 1441/1441/1441
f 1442/1442/1442 1444/1444/1444 1443/1443/1443
f 1441/1441/1441 1444/1444/1444 1442/1442/1442
f 1446/1446/1446 1444/1444/1444 1445/1445/1445
f 1443/1443/1443 1444/1444/1444 1446/1446/1446
f 1449/1449/1449 1448/1448/1448 1447/1447/1447
f 1436/1436/1436 1450/1450/1450 1435/1435/1435
f 1451/1451/1451 1450/1450/1450 1436/1436/1436
f 1437/1437/1437 1440/1440/1440 1438/1438/1438
f 1439/1439/1439 1440/1440/1440 1437/1437/1437
f 1449/1449/1449 1445/1445/1445 1448/1448/1448
f 1446/1446/1446 1445/1445/1445 1449/1449/1449
f 1454/1454/1454 1453/1453/1453 1452/1452/1452
f 1455/1455/1455 1453/1453/1453 1454/1454/1454
f 1458/1458/1458 1457/1457/1457 1456/1456/1456
f 1459/1459/1459 1457/1457/1457 1458/1458/1458
f 1462/1462/1462 1461/1461/1461 1460/1460/1460
f 1463/1463/1463 1461/1461/1461 1462/1462/1462
f 151/151/151 1465/1465/1465 1464/1464/1464
f 153/153/153 1465/1465/1465 151/151/151
f 1468/1468/1468 1467/1467/1467 1466/1466/1466
f 1469/1469/1469 1467/1467/1467 1468/1468/1468
f 1471/1471/1471 1136/1136/1136 1470/1470/1470
f 1137/1137/1137 1136/1136/1136 1471/1471/1471
f 1474/1474/1474 1473/1473/1473 1472/1472/1472
f 1475/1475/1475 1473/1473/1473 1474/1474/1474
f 1478/1478/1478 1477/1477/1477 1476/1476/1476
f 1479/1479/1479 1477/1477/1477 1478/1478/1478
f 1482/1482/1482 1481/1481/1481 1480/1480/1480
f 1483/1483/1483 1481/1481/1481 1482/1482/1482
f 1486/1486/1486 1485/1485/1485 1484/1484/1484
f 1485/1485/1485 1488/1488/1488 1487/1487/1487
f 1486/1486/1486 1488/1488/1488 1485/1485/1485
f 1488/1488/1488 1490/1490/1490 1489/1489/1489
f 1486/1486/1486 1490/1490/1490 1488/1488/1488
f 1493/1493/1493 1492/1492/1492 1491/1491/1491
f 1494/1494/1494 1492/1492/1492 1493/1493/1493
f 1496/1496/1496 1492/1492/1492 1495/1495/1495
f 1491/1491/1491 1492/1492/1492 1496/1496/1496
f 1498/1498/1498 1373/1373/1373 1497/1497/1497
f 1499/1499/1499 1373/1373/1373 1498/1498/1498
f 1502/1502/1502 1501/1501/1501 1500/1500/1500
f 1503/1503/1503 1501/1501/1501 1502/1502/1502
f 1499/1499/1499 1371/1371/1371 1373/1373/1373
f 1504/1504/1504 1371/1371/1371 1499/1499/1499
f 1506/1506/1506 1497/1497/1497 1505/1505/1505
f 1498/1498/1498 1497/1497/1497 1506/1506/1506
f 1508/1508/1508 1503/1503/1503 1507/1507/1507
f 1501/1501/1501 1503/1503/1503 1508/1508/1508
f 1511/1511/1511 1510/1510/1510 1509/1509/1509
f 1512/1512/1512 1510/1510/1510 1511/1511/1511
f 1514/1514/1514 1493/1493/1493 1513/1513/1513
f 1494/1494/1494 1493/1493/1493 1514/1514/1514
f 1517/1517/1517 1516/1516/1516 1515/1515/1515
f 1518/1518/1518 1516/1516/1516 1517/1517/1517
f 1521/1521/1521 1520/1520/1520 1519/1519/1519
f 1522/1522/1522 1520/1520/1520 1521/1521/1521
f 1525/1525/1525 1524/1524/1524 1523/1523/1523
f 1526/1526/1526 1524/1524/1524 1525/1525/1525
f 1522/1522/1522 1527/1527/1527 1520/1520/1520
f 1528/1528/1528 1527/1527/1527 1522/1522/1522
f 1531/1531/1531 1530/1530/1530 1529/1529/1529
f 1532/1532/1532 1530/1530/1530 1531/1531/1531
f 1535/1535/1535 1534/1534/1534 1533/1533/1533
f 1536/1536/1536 1534/1534/1534 1535/1535/1535
f 1532/1532/1532 1537/1537/1537 1530/1530/1530
f 1538/1538/1538 1537/1537/1537 1532/1532/1532
f 1540/1540/1540 1535/1535/1535 1539/1539/1539
f 1536/1536/1536 1535/1535/1535 1540/1540/1540
f 1384/1384/1384 1385/1385/1385 1334/1334/1334
f 1381/1381/1381 1334/1334/1334 1332/1332/1332
f 1384/1384/1384 1334/1334/1334 1381/1381/1381
f 1381/1381/1381 1331/1331/1331 1380/1380/1380
f 1332/1332/1332 1331/1331/1331 1381/1381/1381
f 1527/1527/1527 1531/1531/1531 1529/1529/1529
f 1528/1528/1528 1531/1531/1531 1527/1527/1527
f 1412/1412/1412 1416/1416/1416 1415/1415/1415
f 1411/1411/1411 1416/1416/1416 1412/1412/1412
f 1534/1534/1534 1523/1523/1523 1533/1533/1533
f 1525/1525/1525 1523/1523/1523 1534/1534/1534
f 1452/1452/1452 1458/1458/1458 1456/1456/1456
f 1453/1453/1453 1458/1458/1458 1452/1452/1452
f 1464/1464/1464 1468/1468/1468 1466/1466/1466
f 1465/1465/1465 1468/1468/1468 1464/1464/1464
f 1474/1474/1474 1478/1478/1478 1476/1476/1476
f 1472/1472/1472 1478/1478/1478 1474/1474/1474
f 1457/1457/1457 1462/1462/1462 1460/1460/1460
f 1459/1459/1459 1462/1462/1462 1457/1457/1457
f 1467/1467/1467 1471/1471/1471 1470/1470/1470
f 1469/1469/1469 1471/1471/1471 1467/1467/1467
f 1477/1477/1477 1482/1482/1482 1480/1480/1480
f 1479/1479/1479 1482/1482/1482 1477/1477/1477
f 1542/1542/1542 1541/1541/1541 1432/1432/1432
f 1346/1346/1346 1342/1342/1342 1343/1343/1343
f 1431/1431/1431 1342/1342/1342 1346/1346/1346
f 1541/1541/1541 1342/1342/1342 1432/1432/1432
f 1545/1545/1545 1544/1544/1544 1543/1543/1543
f 1546/1546/1546 1544/1544/1544 1545/1545/1545
f 1549/1549/1549 1548/1548/1548 1547/1547/1547
f 1550/1550/1550 1548/1548/1548 1549/1549/1549
f 1550/1550/1550 1543/1543/1543 1548/1548/1548
f 1545/1545/1545 1543/1543/1543 1550/1550/1550
f 1553/1553/1553 1552/1552/1552 1551/1551/1551
f 1554/1554/1554 1552/1552/1552 1553/1553/1553
f 1555/1555/1555 1552/1552/1552 1554/1554/1554
f 1556/1556/1556 1553/1553/1553 1551/1551/1551
f 1557/1557/1557 1553/1553/1553 1556/1556/1556
f 1558/1558/1558 1557/1557/1557 1556/1556/1556
f 1559/1559/1559 1557/1557/1557 1558/1558/1558
f 1560/1560/1560 1557/1557/1557 1559/1559/1559
f 1563/1563/1563 1562/1562/1562 1561/1561/1561
f 1564/1564/1564 1562/1562/1562 1563/1563/1563
f 1567/1567/1567 1566/1566/1566 1565/1565/1565
f 1568/1568/1568 1566/1566/1566 1567/1567/1567
f 1569/1569/1569 1566/1566/1566 1568/1568/1568
f 1570/1570/1570 1566/1566/1566 1569/1569/1569
f 1571/1571/1571 1570/1570/1570 1569/1569/1569
f 1572/1572/1572 1570/1570/1570 1571/1571/1571
f 1573/1573/1573 1572/1572/1572 1571/1571/1571
f 1574/1574/1574 1572/1572/1572 1573/1573/1573
f 1575/1575/1575 1574/1574/1574 1573/1573/1573
f 1576/1576/1576 1574/1574/1574 1575/1575/1575
f 1579/1579/1579 1578/1578/1578 1577/1577/1577
f 1580/1580/1580 1578/1578/1578 1579/1579/1579
f 1577/1577/1577 1576/1576/1576 1575/1575/1575
f 1578/1578/1578 1576/1576/1576 1577/1577/1577
f 1583/1583/1583 1582/1582/1582 1581/1581/1581
f 1584/1584/1584 1582/1582/1582 1583/1583/1583
f 1587/1587/1587 1586/1586/1586 1585/1585/1585
f 1588/1588/1588 1586/1586/1586 1587/1587/1587
f 1589/1589/1589 1567/1567/1567 1565/1565/1565
f 1590/1590/1590 1567/1567/1567 1589/1589/1589
f 1583/1583/1583 1592/1592/1592 1591/1591/1591
f 1581/1581/1581 1592/1592/1592 1583/1583/1583
f 1594/1594/1594 1592/1592/1592 1593/1593/1593
f 1591/1591/1591 1592/1592/1592 1594/1594/1594
f 1595/1595/1595 1554/1554/1554 1553/1553/1553
f 1596/1596/1596 1554/1554/1554 1595/1595/1595
f 1598/1598/1598 1592/1592/1592 1597/1597/1597
f 1593/1593/1593 1592/1592/1592 1598/1598/1598
f 1601/1601/1601 1600/1600/1600 1599/1599/1599
f 1602/1602/1602 1600/1600/1600 1601/1601/1601
f 1604/1604/1604 1595/1595/1595 1603/1603/1603
f 1596/1596/1596 1595/1595/1595 1604/1604/1604
f 1600/1600/1600 1603/1603/1603 1599/1599/1599
f 1604/1604/1604 1603/1603/1603 1600/1600/1600
f 1607/1607/1607 1606/1606/1606 1605/1605/1605
f 1608/1608/1608 1606/1606/1606 1607/1607/1607
f 1611/1611/1611 1610/1610/1610 1609/1609/1609
f 1612/1612/1612 1610/1610/1610 1611/1611/1611
f 1615/1615/1615 1614/1614/1614 1613/1613/1613
f 1616/1616/1616 1614/1614/1614 1615/1615/1615
f 1611/1611/1611 1616/1616/1616 1612/1612/1612
f 1614/1614/1614 1616/1616/1616 1611/1611/1611
f 1618/1618/1618 1610/1610/1610 1617/1617/1617
f 1609/1609/1609 1610/1610/1610 1618/1618/1618
f 1618/1618/1618 1607/1607/1607 1605/1605/1605
f 1617/1617/1617 1607/1607/1607 1618/1618/1618
f 1608/1608/1608 1619/1619/1619 1606/1606/1606
f 1620/1620/1620 1619/1619/1619 1608/1608/1608
f 1602/1602/1602 1601/1601/1601 1621/1621/1621
f 1623/1623/1623 1601/1601/1601 1622/1622/1622
f 1621/1621/1621 1601/1601/1601 1623/1623/1623
f 1563/1563/1563 1624/1624/1624 1564/1564/1564
f 1625/1625/1625 1624/1624/1624 1563/1563/1563
f 1559/1559/1559 1562/1562/1562 1560/1560/1560
f 1561/1561/1561 1562/1562/1562 1559/1559/1559
f 1626/1626/1626 1594/1594/1594 1593/1593/1593
f 1597/1597/1597 1627/1627/1627 1598/1598/1598
f 1628/1628/1628 1627/1627/1627 1597/1597/1597
f 1627/1627/1627 1629/1629/1629 1598/1598/1598
f 1630/1630/1630 1629/1629/1629 1627/1627/1627
f 1630/1630/1630 1631/1631/1631 1629/1629/1629
f 1599/1599/1599 1631/1631/1631 1632/1632/1632
f 1629/1629/1629 1631/1631/1631 1599/1599/1599
f 1632/1632/1632 1633/1633/1633 1599/1599/1599
f 1601/1601/1601 1633/1633/1633 1622/1622/1622
f 1599/1599/1599 1633/1633/1633 1601/1601/1601
f 1581/1581/1581 1588/1588/1588 1587/1587/1587
f 1582/1582/1582 1588/1588/1588 1581/1581/1581
f 1593/1593/1593 1634/1634/1634 1626/1626/1626
f 1598/1598/1598 1634/1634/1634 1593/1593/1593
f 1634/1634/1634 1603/1603/1603 1595/1595/1595
f 1629/1629/1629 1603/1603/1603 1634/1634/1634
f 1626/1626/1626 1595/1595/1595 1553/1553/1553
f 1634/1634/1634 1595/1595/1595 1626/1626/1626
f 1599/1599/1599 1603/1603/1603 1629/1629/1629
f 1629/1629/1629 1634/1634/1634 1598/1598/1598
f 1592/1592/1592 1587/1587/1587 1597/1597/1597
f 1581/1581/1581 1587/1587/1587 1592/1592/1592
f 1587/1587/1587 1628/1628/1628 1597/1597/1597
f 1585/1585/1585 1628/1628/1628 1587/1587/1587
f 1637/1637/1637 1636/1636/1636 1635/1635/1635
f 1638/1638/1638 1636/1636/1636 1637/1637/1637
f 1641/1641/1641 1640/1640/1640 1639/1639/1639
f 1642/1642/1642 1640/1640/1640 1641/1641/1641
f 1642/1642/1642 1643/1643/1643 1640/1640/1640
f 1644/1644/1644 1643/1643/1643 1642/1642/1642
f 1644/1644/1644 1645/1645/1645 1643/1643/1643
f 1646/1646/1646 1645/1645/1645 1644/1644/1644
f 1646/1646/1646 1647/1647/1647 1645/1645/1645
f 1648/1648/1648 1647/1647/1647 1646/1646/1646
f 1650/1650/1650 1635/1635/1635 1649/1649/1649
f 1637/1637/1637 1635/1635/1635 1650/1650/1650
f 1641/1641/1641 1636/1636/1636 1638/1638/1638
f 1639/1639/1639 1636/1636/1636 1641/1641/1641
f 1653/1653/1653 1652/1652/1652 1651/1651/1651
f 1654/1654/1654 1652/1652/1652 1653/1653/1653
f 1657/1657/1657 1656/1656/1656 1655/1655/1655
f 1658/1658/1658 1656/1656/1656 1657/1657/1657
f 1659/1659/1659 1656/1656/1656 1658/1658/1658
f 1660/1660/1660 1656/1656/1656 1659/1659/1659
f 1659/1659/1659 1661/1661/1661 1660/1660/1660
f 1662/1662/1662 1661/1661/1661 1659/1659/1659
f 1665/1665/1665 1664/1664/1664 1663/1663/1663
f 1666/1666/1666 1664/1664/1664 1665/1665/1665
f 1669/1669/1669 1668/1668/1668 1667/1667/1667
f 1670/1670/1670 1668/1668/1668 1669/1669/1669
f 1670/1670/1670 1671/1671/1671 1668/1668/1668
f 1672/1672/1672 1671/1671/1671 1670/1670/1670
f 1672/1672/1672 1673/1673/1673 1671/1671/1671
f 1674/1674/1674 1673/1673/1673 1672/1672/1672
f 1675/1675/1675 1673/1673/1673 1674/1674/1674
f 1676/1676/1676 1673/1673/1673 1675/1675/1675
f 1679/1679/1679 1678/1678/1678 1677/1677/1677
f 1680/1680/1680 1678/1678/1678 1679/1679/1679
f 1681/1681/1681 1678/1678/1678 1680/1680/1680
f 1682/1682/1682 1678/1678/1678 1681/1681/1681
f 1681/1681/1681 1683/1683/1683 1682/1682/1682
f 1684/1684/1684 1683/1683/1683 1681/1681/1681
f 1685/1685/1685 1683/1683/1683 1684/1684/1684
f 1686/1686/1686 1683/1683/1683 1685/1685/1685
f 1689/1689/1689 1688/1688/1688 1687/1687/1687
f 1690/1690/1690 1688/1688/1688 1689/1689/1689
f 1693/1693/1693 1692/1692/1692 1691/1691/1691
f 1694/1694/1694 1692/1692/1692 1693/1693/1693
f 1695/1695/1695 1694/1694/1694 1693/1693/1693
f 1696/1696/1696 1694/1694/1694 1695/1695/1695
f 1697/1697/1697 1696/1696/1696 1695/1695/1695
f 1698/1698/1698 1696/1696/1696 1697/1697/1697
f 1697/1697/1697 1699/1699/1699 1698/1698/1698
f 1700/1700/1700 1699/1699/1699 1697/1697/1697
f 1703/1703/1703 1702/1702/1702 1701/1701/1701
f 1704/1704/1704 1702/1702/1702 1703/1703/1703
f 1703/1703/1703 1705/1705/1705 1704/1704/1704
f 1706/1706/1706 1705/1705/1705 1703/1703/1703
f 1706/1706/1706 1707/1707/1707 1705/1705/1705
f 1708/1708/1708 1707/1707/1707 1706/1706/1706
f 1709/1709/1709 1707/1707/1707 1708/1708/1708
f 1709/1709/1709 1710/1710/1710 1707/1707/1707
f 1710/1710/1710 1709/1709/1709 1711/1711/1711
f 1712/1712/1712 1711/1711/1711 1709/1709/1709
f 1713/1713/1713 1711/1711/1711 1712/1712/1712
f 1714/1714/1714 1711/1711/1711 1713/1713/1713
f 1713/1713/1713 1715/1715/1715 1714/1714/1714
f 1716/1716/1716 1715/1715/1715 1713/1713/1713
f 1715/1715/1715 1718/1718/1718 1717/1717/1717
f 1716/1716/1716 1718/1718/1718 1715/1715/1715
f 1721/1721/1721 1720/1720/1720 1719/1719/1719
f 1722/1722/1722 1720/1720/1720 1721/1721/1721
f 1725/1725/1725 1724/1724/1724 1723/1723/1723
f 1726/1726/1726 1724/1724/1724 1725/1725/1725
f 1729/1729/1729 1728/1728/1728 1727/1727/1727
f 1730/1730/1730 1728/1728/1728 1729/1729/1729
f 1731/1731/1731 1730/1730/1730 1729/1729/1729
f 1732/1732/1732 1730/1730/1730 1731/1731/1731
f 1733/1733/1733 1732/1732/1732 1731/1731/1731
f 1734/1734/1734 1732/1732/1732 1733/1733/1733
f 1735/1735/1735 1734/1734/1734 1733/1733/1733
f 1736/1736/1736 1734/1734/1734 1735/1735/1735
f 1739/1739/1739 1738/1738/1738 1737/1737/1737
f 1740/1740/1740 1738/1738/1738 1739/1739/1739
f 1741/1741/1741 1740/1740/1740 1739/1739/1739
f 1742/1742/1742 1740/1740/1740 1741/1741/1741
f 1743/1743/1743 1742/1742/1742 1741/1741/1741
f 1744/1744/1744 1742/1742/1742 1743/1743/1743
f 1745/1745/1745 1744/1744/1744 1743/1743/1743
f 1746/1746/1746 1744/1744/1744 1745/1745/1745
f 1749/1749/1749 1748/1748/1748 1747/1747/1747
f 1750/1750/1750 1748/1748/1748 1749/1749/1749
f 1750/1750/1750 1751/1751/1751 1748/1748/1748
f 1752/1752/1752 1751/1751/1751 1750/1750/1750
f 1752/1752/1752 1753/1753/1753 1751/1751/1751
f 1754/1754/1754 1753/1753/1753 1752/1752/1752
f 1754/1754/1754 1755/1755/1755 1753/1753/1753
f 1756/1756/1756 1755/1755/1755 1754/1754/1754
f 1759/1759/1759 1758/1758/1758 1757/1757/1757
f 1760/1760/1760 1758/1758/1758 1759/1759/1759
f 1761/1761/1761 1760/1760/1760 1759/1759/1759
f 1762/1762/1762 1760/1760/1760 1761/1761/1761
f 1763/1763/1763 1762/1762/1762 1761/1761/1761
f 1764/1764/1764 1762/1762/1762 1763/1763/1763
f 1765/1765/1765 1764/1764/1764 1763/1763/1763
f 1766/1766/1766 1764/1764/1764 1765/1765/1765
f 1769/1769/1769 1768/1768/1768 1767/1767/1767
f 1770/1770/1770 1768/1768/1768 1769/1769/1769
f 1771/1771/1771 1770/1770/1770 1769/1769/1769
f 1772/1772/1772 1770/1770/1770 1771/1771/1771
f 1773/1773/1773 1772/1772/1772 1771/1771/1771
f 1774/1774/1774 1772/1772/1772 1773/1773/1773
f 1775/1775/1775 1774/1774/1774 1773/1773/1773
f 1776/1776/1776 1774/1774/1774 1775/1775/1775
f 1777/1777/1777 1776/1776/1776 1775/1775/1775
f 1778/1778/1778 1776/1776/1776 1777/1777/1777
f 1779/1779/1779 1778/1778/1778 1777/1777/1777
f 1780/1780/1780 1778/1778/1778 1779/1779/1779
f 1781/1781/1781 1780/1780/1780 1779/1779/1779
f 1782/1782/1782 1780/1780/1780 1781/1781/1781
f 1783/1783/1783 1782/1782/1782 1781/1781/1781
f 1784/1784/1784 1782/1782/1782 1783/1783/1783
f 1785/1785/1785 1784/1784/1784 1783/1783/1783
f 1786/1786/1786 1784/1784/1784 1785/1785/1785
f 1787/1787/1787 1786/1786/1786 1785/1785/1785
f 1788/1788/1788 1786/1786/1786 1787/1787/1787
f 1791/1791/1791 1790/1790/1790 1789/1789/1789
f 1792/1792/1792 1790/1790/1790 1791/1791/1791
f 1793/1793/1793 1792/1792/1792 1791/1791/1791
f 1794/1794/1794 1792/1792/1792 1793/1793/1793
f 1795/1795/1795 1794/1794/1794 1793/1793/1793
f 1796/1796/1796 1794/1794/1794 1795/1795/1795
f 1797/1797/1797 1796/1796/1796 1795/1795/1795
f 1798/1798/1798 1796/1796/1796 1797/1797/1797
f 1799/1799/1799 1798/1798/1798 1797/1797/1797
f 1800/1800/1800 1798/1798/1798 1799/1799/1799
f 1757/1757/1757 1800/1800/1800 1799/1799/1799
f 1758/1758/1758 1800/1800/1800 1757/1757/1757
usemtl Tires.003
f 1803/1803/1803 1802/1802/1802 1801/1801/1801
f 1804/1804/1804 1802/1802/1802 1803/1803/1803
f 1806/1806/1806 1801/1801/1801 1805/1805/1805
f 1803/1803/1803 1801/1801/1801 1806/1806/1806
f 1808/1808/1808 1805/1805/1805 1807/1807/1807
f 1806/1806/1806 1805/1805/1805 1808/1808/1808
f 1810/1810/1810 1807/1807/1807 1809/1809/1809
f 1808/1808/1808 1807/1807/1807 1810/1810/1810
f 1812/1812/1812 1809/1809/1809 1811/1811/1811
f 1810/1810/1810 1809/1809/1809 1812/1812/1812
f 1814/1814/1814 1811/1811/1811 1813/1813/1813
f 1812/1812/1812 1811/1811/1811 1814/1814/1814
f 1816/1816/1816 1813/1813/1813 1815/1815/1815
f 1814/1814/1814 1813/1813/1813 1816/1816/1816
f 1818/1818/1818 1815/1815/1815 1817/1817/1817
f 1816/1816/1816 1815/1815/1815 1818/1818/1818
f 1820/1820/1820 1817/1817/1817 1819/1819/1819
f 1818/1818/1818 1817/1817/1817 1820/1820/1820
f 1822/1822/1822 1819/1819/1819 1821/1821/1821
f 1820/1820/1820 1819/1819/1819 1822/1822/1822
f 1824/1824/1824 1821/1821/1821 1823/1823/1823
f 1822/1822/1822 1821/1821/1821 1824/1824/1824
f 1826/1826/1826 1823/1823/1823 1825/1825/1825
f 1824/1824/1824 1823/1823/1823 1826/1826/1826
f 1829/1829/1829 1828/1828/1828 1827/1827/1827
f 1830/1830/1830 1828/1828/1828 1829/1829/1829
f 1832/1832/1832 1827/1827/1827 1831/1831/1831
f 1829/1829/1829 1827/1827/1827 1832/1832/1832
f 1834/1834/1834 1831/1831/1831 1833/1833/1833
f 1832/1832/1832 1831/1831/1831 1834/1834/1834
f 1836/1836/1836 1833/1833/1833 1835/1835/1835
f 1834/1834/1834 1833/1833/1833 1836/1836/1836
f 1838/1838/1838 1835/1835/1835 1837/1837/1837
f 1836/1836/1836 1835/1835/1835 1838/1838/1838
f 1840/1840/1840 1837/1837/1837 1839/1839/1839
f 1838/1838/1838 1837/1837/1837 1840/1840/1840
f 1842/1842/1842 1839/1839/1839 1841/1841/1841
f 1840/1840/1840 1839/1839/1839 1842/1842/1842
f 1844/1844/1844 1841/1841/1841 1843/1843/1843
f 1842/1842/1842 1841/1841/1841 1844/1844/1844
f 1846/1846/1846 1843/1843/1843 1845/1845/1845
f 1844/1844/1844 1843/1843/1843 1846/1846/1846
f 1848/1848/1848 1845/1845/1845 1847/1847/1847
f 1846/1846/1846 1845/1845/1845 1848/1848/1848
f 1850/1850/1850 1847/1847/1847 1849/1849/1849
f 1848/1848/1848 1847/1847/1847 1850/1850/1850
f 1852/1852/1852 1849/1849/1849 1851/1851/1851
f 1850/1850/1850 1849/1849/1849 1852/1852/1852
f 1854/1854/1854 1851/1851/1851 1853/1853/1853
f 1852/1852/1852 1851/1851/1851 1854/1854/1854
f 1856/1856/1856 1853/1853/1853 1855/1855/1855
f 1854/1854/1854 1853/1853/1853 1856/1856/1856
f 1858/1858/1858 1855/1855/1855 1857/1857/1857
f 1856/1856/1856 1855/1855/1855 1858/1858/1858
f 1860/1860/1860 1857/1857/1857 1859/1859/1859
f 1858/1858/1858 1857/1857/1857 1860/1860/1860
f 1862/1862/1862 1859/1859/1859 1861/1861/1861
f 1860/1860/1860 1859/1859/1859 1862/1862/1862
f 1864/1864/1864 1861/1861/1861 1863/1863/1863
f 1862/1862/1862 1861/1861/1861 1864/1864/1864
f 1866/1866/1866 1863/1863/1863 1865/1865/1865
f 1864/1864/1864 1863/1863/1863 1866/1866/1866
f 1868/1868/1868 1865/1865/1865 1867/1867/1867
f 1866/1866/1866 1865/1865/1865 1868/1868/1868
f 1870/1870/1870 1867/1867/1867 1869/1869/1869
f 1868/1868/1868 1867/1867/1867 1870/1870/1870
f 1872/1872/1872 1869/1869/1869 1871/1871/1871
f 1870/1870/1870 1869/1869/1869 1872/1872/1872
f 1874/1874/1874 1871/1871/1871 1873/1873/1873
f 1872/1872/1872 1871/1871/1871 1874/1874/1874
f 1876/1876/1876 1873/1873/1873 1875/1875/1875
f 1874/1874/1874 1873/1873/1873 1876/1876/1876
f 1878/1878/1878 1875/1875/1875 1877/1877/1877
f 1876/1876/1876 1875/1875/1875 1878/1878/1878
f 1881/1881/1881 1880/1880/1880 1879/1879/1879
f 1882/1882/1882 1880/1880/1880 1881/1881/1881
f 1884/1884/1884 1879/1879/1879 1883/1883/1883
f 1881/1881/1881 1879/1879/1879 1884/1884/1884
f 1886/1886/1886 1883/1883/1883 1885/1885/1885
f 1884/1884/1884 1883/1883/1883 1886/1886/1886
f 1888/1888/1888 1885/1885/1885 1887/1887/1887
f 1886/1886/1886 1885/1885/1885 1888/1888/1888
f 1890/1890/1890 1887/1887/1887 1889/1889/1889
f 1888/1888/1888 1887/1887/1887 1890/1890/1890
f 1892/1892/1892 1889/1889/1889 1891/1891/1891
f 1890/1890/1890 1889/1889/1889 1892/1892/1892
f 1894/1894/1894 1891/1891/1891 1893/1893/1893
f 1892/1892/1892 1891/1891/1891 1894/1894/1894
f 1896/1896/1896 1893/1893/1893 1895/1895/1895
f 1894/1894/1894 1893/1893/1893 1896/1896/1896
f 1898/1898/1898 1895/1895/1895 1897/1897/1897
f 1896/1896/1896 1895/1895/1895 1898/1898/1898
f 1900/1900/1900 1897/1897/1897 1899/1899/1899
f 1898/1898/1898 1897/1897/1897 1900/1900/1900
f 1902/1902/1902 1899/1899/1899 1901/1901/1901
f 1900/1900/1900 1899/1899/1899 1902/1902/1902
f 1904/1904/1904 1901/1901/1901 1903/1903/1903
f 1902/1902/1902 1901/1901/1901 1904/1904/1904
f 1804/1804/1804 1903/1903/1903 1802/1802/1802
f 1904/1904/1904 1903/1903/1903 1804/1804/1804
f 1905/1905/1905 1804/1804/1804 1803/1803/1803
f 1906/1906/1906 1804/1804/1804 1905/1905/1905
f 1907/1907/1907 1803/1803/1803 1806/1806/1806
f 1905/1905/1905 1803/1803/1803 1907/1907/1907
f 1908/1908/1908 1806/1806/1806 1808/1808/1808
f 1907/1907/1907 1806/1806/1806 1908/1908/1908
f 1909/1909/1909 1808/1808/1808 1810/1810/1810
f 1908/1908/1908 1808/1808/1808 1909/1909/1909
f 1910/1910/1910 1810/1810/1810 1812/1812/1812
f 1909/1909/1909 1810/1810/1810 1910/1910/1910
f 1911/1911/1911 1812/1812/1812 1814/1814/1814
f 1910/1910/1910 1812/1812/1812 1911/1911/1911
f 1912/1912/1912 1814/1814/1814 1816/1816/1816
f 1911/1911/1911 1814/1814/1814 1912/1912/1912
f 1913/1913/1913 1816/1816/1816 1818/1818/1818
f 1912/1912/1912 1816/1816/1816 1913/1913/1913
f 1914/1914/1914 1818/1818/1818 1820/1820/1820
f 1913/1913/1913 1818/1818/1818 1914/1914/1914
f 1915/1915/1915 1820/1820/1820 1822/1822/1822
f 1914/1914/1914 1820/1820/1820 1915/1915/1915
f 1916/1916/1916 1822/1822/1822 1824/1824/1824
f 1915/1915/1915 1822/1822/1822 1916/1916/1916
f 1917/1917/1917 1829/1829/1829 1832/1832/1832
f 1918/1918/1918 1829/1829/1829 1917/1917/1917
f 1919/1919/1919 1832/1832/1832 1834/1834/1834
f 1917/1917/1917 1832/1832/1832 1919/1919/1919
f 1920/1920/1920 1834/1834/1834 1836/1836/1836
f 1919/1919/1919 1834/1834/1834 1920/1920/1920
f 1921/1921/1921 1836/1836/1836 1838/1838/1838
f 1920/1920/1920 1836/1836/1836 1921/1921/1921
f 1922/1922/1922 1838/1838/1838 1840/1840/1840
f 1921/1921/1921 1838/1838/1838 1922/1922/1922
f 1923/1923/1923 1840/1840/1840 1842/1842/1842
f 1922/1922/1922 1840/1840/1840 1923/1923/1923
f 1924/1924/1924 1842/1842/1842 1844/1844/1844
f 1923/1923/1923 1842/1842/1842 1924/1924/1924
f 1925/1925/1925 1844/1844/1844 1846/1846/1846
f 1924/1924/1924 1844/1844/1844 1925/1925/1925
f 1926/1926/1926 1846/1846/1846 1848/1848/1848
f 1925/1925/1925 1846/1846/1846 1926/1926/1926
f 1927/1927/1927 1848/1848/1848 1850/1850/1850
f 1926/1926/1926 1848/1848/1848 1927/1927/1927
f 1928/1928/1928 1850/1850/1850 1852/1852/1852
f 1927/1927/1927 1850/1850/1850 1928/1928/1928
f 1929/1929/1929 1852/1852/1852 1854/1854/1854
f 1928/1928/1928 1852/1852/1852 1929/1929/1929
f 1930/1930/1930 1854/1854/1854 1856/1856/1856
f 1929/1929/1929 1854/1854/1854 1930/1930/1930
f 1931/1931/1931 1856/1856/1856 1858/1858/1858
f 1930/1930/1930 1856/1856/1856 1931/1931/1931
f 1932/1932/1932 1858/1858/1858 1860/1860/1860
f 1931/1931/1931 1858/1858/1858 1932/1932/1932
f 1933/1933/1933 1860/1860/1860 1862/1862/1862
f 1932/1932/1932 1860/1860/1860 1933/1933/1933
f 1934/1934/1934 1862/1862/1862 1864/1864/1864
f 1933/1933/1933 1862/1862/1862 1934/1934/1934
f 1935/1935/1935 1864/1864/1864 1866/1866/1866
f 1934/1934/1934 1864/1864/1864 1935/1935/1935
f 1936/1936/1936 1866/1866/1866 1868/1868/1868
f 1935/1935/1935 1866/1866/1866 1936/1936/1936
f 1937/1937/1937 1868/1868/1868 1870/1870/1870
f 1936/1936/1936 1868/1868/1868 1937/1937/1937
f 1938/1938/1938 1870/1870/1870 1872/1872/1872
f 1937/1937/1937 1870/1870/1870 1938/1938/1938
f 1939/1939/1939 1872/1872/1872 1874/1874/1874
f 1938/1938/1938 1872/1872/1872 1939/1939/1939
f 1940/1940/1940 1874/1874/1874 1876/1876/1876
f 1939/1939/1939 1874/1874/1874 1940/1940/1940
f 1941/1941/1941 1876/1876/1876 1878/1878/1878
f 1940/1940/1940 1876/1876/1876 1941/1941/1941
f 1942/1942/1942 1882/1882/1882 1881/1881/1881
f 1943/1943/1943 1882/1882/1882 1942/1942/1942
f 1944/1944/1944 1881/1881/1881 1884/1884/1884
f 1942/1942/1942 1881/1881/1881 1944/1944/1944
f 1945/1945/1945 1884/1884/1884 1886/1886/1886
f 1944/1944/1944 1884/1884/1884 1945/1945/1945
f 1946/1946/1946 1886/1886/1886 1888/1888/1888
f 1945/1945/1945 1886/1886/1886 1946/1946/1946
f 1947/1947/1947 1888/1888/1888 1890/1890/1890
f 1946/1946/1946 1888/1888/1888 1947/1947/1947
f 1948/1948/1948 1890/1890/1890 1892/1892/1892
f 1947/1947/1947 1890/1890/1890 1948/1948/1948
f 1949/1949/1949 1892/1892/1892 1894/1894/1894
f 1948/1948/1948 1892/1892/1892 1949/1949/1949
f 1950/1950/1950 1894/1894/1894 1896/1896/1896
f 1949/1949/1949 1894/1894/1894 1950/1950/1950
f 1951/1951/1951 1896/1896/1896 1898/1898/1898
f 1950/1950/1950 1896/1896/1896 1951/1951/1951
f 1952/1952/1952 1898/1898/1898 1900/1900/1900
f 1951/1951/1951 1898/1898/1898 1952/1952/1952
f 1953/1953/1953 1900/1900/1900 1902/1902/1902
f 1952/1952/1952 1900/1900/1900 1953/1953/1953
f 1954/1954/1954 1902/1902/1902 1904/1904/1904
f 1953/1953/1953 1902/1902/1902 1954/1954/1954
f 1906/1906/1906 1904/1904/1904 1804/1804/1804
f 1954/1954/1954 1904/1904/1904 1906/1906/1906
f 1955/1955/1955 1906/1906/1906 1905/1905/1905
f 1956/1956/1956 1906/1906/1906 1955/1955/1955
f 1957/1957/1957 1905/1905/1905 1907/1907/1907
f 1955/1955/1955 1905/1905/1905 1957/1957/1957
f 1958/1958/1958 1907/1907/1907 1908/1908/1908
f 1957/1957/1957 1907/1907/1907 1958/1958/1958
f 1959/1959/1959 1908/1908/1908 1909/1909/1909
f 1958/1958/1958 1908/1908/1908 1959/1959/1959
f 1960/1960/1960 1909/1909/1909 1910/1910/1910
f 1959/1959/1959 1909/1909/1909 1960/1960/1960
f 1961/1961/1961 1910/1910/1910 1911/1911/1911
f 1960/1960/1960 1910/1910/1910 1961/1961/1961
f 1962/1962/1962 1911/1911/1911 1912/1912/1912
f 1961/1961/1961 1911/1911/1911 1962/1962/1962
f 1912/1912/1912 1963/1963/1963 1962/1962/1962
f 1913/1913/1913 1963/1963/1963 1912/1912/1912
f 1963/1963/1963 1914/1914/1914 1964/1964/1964
f 1913/1913/1913 1914/1914/1914 1963/1963/1963
f 1965/1965/1965 1914/1914/1914 1915/1915/1915
f 1964/1964/1964 1914/1914/1914 1965/1965/1965
f 1966/1966/1966 1915/1915/1915 1916/1916/1916
f 1965/1965/1965 1915/1915/1915 1966/1966/1966
f 1916/1916/1916 1967/1967/1967 1966/1966/1966
f 1968/1968/1968 1967/1967/1967 1916/1916/1916
f 1970/1970/1970 1918/1918/1918 1969/1969/1969
f 1971/1971/1971 1918/1918/1918 1970/1970/1970
f 1972/1972/1972 1918/1918/1918 1917/1917/1917
f 1969/1969/1969 1918/1918/1918 1972/1972/1972
f 1973/1973/1973 1917/1917/1917 1919/1919/1919
f 1972/1972/1972 1917/1917/1917 1973/1973/1973
f 1974/1974/1974 1919/1919/1919 1920/1920/1920
f 1973/1973/1973 1919/1919/1919 1974/1974/1974
f 1975/1975/1975 1920/1920/1920 1921/1921/1921
f 1974/1974/1974 1920/1920/1920 1975/1975/1975
f 1976/1976/1976 1921/1921/1921 1922/1922/1922
f 1975/1975/1975 1921/1921/1921 1976/1976/1976
f 1977/1977/1977 1922/1922/1922 1923/1923/1923
f 1976/1976/1976 1922/1922/1922 1977/1977/1977
f 1978/1978/1978 1923/1923/1923 1924/1924/1924
f 1977/1977/1977 1923/1923/1923 1978/1978/1978
f 1979/1979/1979 1924/1924/1924 1925/1925/1925
f 1978/1978/1978 1924/1924/1924 1979/1979/1979
f 1980/1980/1980 1925/1925/1925 1926/1926/1926
f 1979/1979/1979 1925/1925/1925 1980/1980/1980
f 1981/1981/1981 1926/1926/1926 1927/1927/1927
f 1980/1980/1980 1926/1926/1926 1981/1981/1981
f 1982/1982/1982 1927/1927/1927 1928/1928/1928
f 1981/1981/1981 1927/1927/1927 1982/1982/1982
f 1983/1983/1983 1928/1928/1928 1929/1929/1929
f 1982/1982/1982 1928/1928/1928 1983/1983/1983
f 1984/1984/1984 1929/1929/1929 1930/1930/1930
f 1983/1983/1983 1929/1929/1929 1984/1984/1984
f 1985/1985/1985 1930/1930/1930 1931/1931/1931
f 1984/1984/1984 1930/1930/1930 1985/1985/1985
f 1986/1986/1986 1931/1931/1931 1932/1932/1932
f 1985/1985/1985 1931/1931/1931 1986/1986/1986
f 1987/1987/1987 1932/1932/1932 1933/1933/1933
f 1986/1986/1986 1932/1932/1932 1987/1987/1987
f 1988/1988/1988 1933/1933/1933 1934/1934/1934
f 1987/1987/1987 1933/1933/1933 1988/1988/1988
f 1989/1989/1989 1934/1934/1934 1935/1935/1935
f 1988/1988/1988 1934/1934/1934 1989/1989/1989
f 1990/1990/1990 1935/1935/1935 1936/1936/1936
f 1989/1989/1989 1935/1935/1935 1990/1990/1990
f 1991/1991/1991 1936/1936/1936 1937/1937/1937
f 1990/1990/1990 1936/1936/1936 1991/1991/1991
f 1992/1992/1992 1937/1937/1937 1938/1938/1938
f 1991/1991/1991 1937/1937/1937 1992/1992/1992
f 1993/1993/1993 1938/1938/1938 1939/1939/1939
f 1992/1992/1992 1938/1938/1938 1993/1993/1993
f 1994/1994/1994 1939/1939/1939 1940/1940/1940
f 1993/1993/1993 1939/1939/1939 1994/1994/1994
f 1995/1995/1995 1940/1940/1940 1941/1941/1941
f 1994/1994/1994 1940/1940/1940 1995/1995/1995
f 1996/1996/1996 1943/1943/1943 1942/1942/1942
f 1997/1997/1997 1943/1943/1943 1996/1996/1996
f 1998/1998/1998 1942/1942/1942 1944/1944/1944
f 1996/1996/1996 1942/1942/1942 1998/1998/1998
f 1999/1999/1999 1944/1944/1944 1945/1945/1945
f 1998/1998/1998 1944/1944/1944 1999/1999/1999
f 2000/2000/2000 1945/1945/1945 1946/1946/1946
f 1999/1999/1999 1945/1945/1945 2000/2000/2000
f 2001/2001/2001 1946/1946/1946 1947/1947/1947
f 2000/2000/2000 1946/1946/1946 2001/2001/2001
f 2002/2002/2002 1947/1947/1947 1948/1948/1948
f 2001/2001/2001 1947/1947/1947 2002/2002/2002
f 2003/2003/2003 1948/1948/1948 1949/1949/1949
f 2002/2002/2002 1948/1948/1948 2003/2003/2003
f 2004/2004/2004 1949/1949/1949 1950/1950/1950
f 2003/2003/2003 1949/1949/1949 2004/2004/2004
f 2005/2005/2005 1950/1950/1950 1951/1951/1951
f 2004/2004/2004 1950/1950/1950 2005/2005/2005
f 2006/2006/2006 1951/1951/1951 1952/1952/1952
f 2005/2005/2005 1951/1951/1951 2006/2006/2006
f 2007/2007/2007 1952/1952/1952 1953/1953/1953
f 2006/2006/2006 1952/1952/1952 2007/2007/2007
f 2008/2008/2008 1953/1953/1953 1954/1954/1954
f 2007/2007/2007 1953/1953/1953 2008/2008/2008
f 1956/1956/1956 1954/1954/1954 1906/1906/1906
f 2008/2008/2008 1954/1954/1954 1956/1956/1956
f 1956/1956/1956 2010/2010/2010 2009/2009/2009
f 1955/1955/1955 2010/2010/2010 1956/1956/1956
f 1955/1955/1955 2011/2011/2011 2010/2010/2010
f 1957/1957/1957 2011/2011/2011 1955/1955/1955
f 1957/1957/1957 2012/2012/2012 2011/2011/2011
f 1958/1958/1958 2012/2012/2012 1957/1957/1957
f 1958/1958/1958 2013/2013/2013 2012/2012/2012
f 1959/1959/1959 2013/2013/2013 1958/1958/1958
f 1959/1959/1959 2014/2014/2014 2013/2013/2013
f 1960/1960/1960 2014/2014/2014 1959/1959/1959
f 1960/1960/1960 2015/2015/2015 2014/2014/2014
f 1961/1961/1961 2015/2015/2015 1960/1960/1960
f 1961/1961/1961 2016/2016/2016 2015/2015/2015
f 1962/1962/1962 2016/2016/2016 1961/1961/1961
f 1962/1962/1962 2017/2017/2017 2016/2016/2016
f 1963/1963/1963 2017/2017/2017 1962/1962/1962
f 1963/1963/1963 2018/2018/2018 2017/2017/2017
f 1964/1964/1964 2018/2018/2018 1963/1963/1963
f 1964/1964/1964 2019/2019/2019 2018/2018/2018
f 1965/1965/1965 2019/2019/2019 1964/1964/1964
f 1965/1965/1965 2020/2020/2020 2019/2019/2019
f 1966/1966/1966 2020/2020/2020 1965/1965/1965
f 1966/1966/1966 2021/2021/2021 2020/2020/2020
f 1967/1967/1967 2021/2021/2021 1966/1966/1966
f 1970/1970/1970 2023/2023/2023 2022/2022/2022
f 1969/1969/1969 2023/2023/2023 1970/1970/1970
f 1969/1969/1969 2024/2024/2024 2023/2023/2023
f 1972/1972/1972 2024/2024/2024 1969/1969/1969
f 1972/1972/1972 2025/2025/2025 2024/2024/2024
f 1973/1973/1973 2025/2025/2025 1972/1972/1972
f 1973/1973/1973 2026/2026/2026 2025/2025/2025
f 1974/1974/1974 2026/2026/2026 1973/1973/1973
f 1974/1974/1974 2027/2027/2027 2026/2026/2026
f 1975/1975/1975 2027/2027/2027 1974/1974/1974
f 1975/1975/1975 2028/2028/2028 2027/2027/2027
f 1976/1976/1976 2028/2028/2028 1975/1975/1975
f 1976/1976/1976 2029/2029/2029 2028/2028/2028
f 1977/1977/1977 2029/2029/2029 1976/1976/1976
f 1977/1977/1977 2030/2030/2030 2029/2029/2029
f 1978/1978/1978 2030/2030/2030 1977/1977/1977
f 1978/1978/1978 2031/2031/2031 2030/2030/2030
f 1979/1979/1979 2031/2031/2031 1978/1978/1978
f 1979/1979/1979 2032/2032/2032 2031/2031/2031
f 1980/1980/1980 2032/2032/2032 1979/1979/1979
f 1980/1980/1980 2033/2033/2033 2032/2032/2032
f 1981/1981/1981 2033/2033/2033 1980/1980/1980
f 1981/1981/1981 2034/2034/2034 2033/2033/2033
f 1982/1982/1982 2034/2034/2034 1981/1981/1981
f 1982/1982/1982 2035/2035/2035 2034/2034/2034
f 1983/1983/1983 2035/2035/2035 1982/1982/1982
f 1983/1983/1983 2036/2036/2036 2035/2035/2035
f 1984/1984/1984 2036/2036/2036 1983/1983/1983
f 1984/1984/1984 2037/2037/2037 2036/2036/2036
f 1985/1985/1985 2037/2037/2037 1984/1984/1984
f 1985/1985/1985 2038/2038/2038 2037/2037/2037
f 1986/1986/1986 2038/2038/2038 1985/1985/1985
f 1986/1986/1986 2039/2039/2039 2038/2038/2038
f 1987/1987/1987 2039/2039/2039 1986/1986/1986
f 1987/1987/1987 2040/2040/2040 2039/2039/2039
f 1988/1988/1988 2040/2040/2040 1987/1987/1987
f 1988/1988/1988 2041/2041/2041 2040/2040/2040
f 1989/1989/1989 2041/2041/2041 1988/1988/1988
f 1989/1989/1989 2042/2042/2042 2041/2041/2041
f 1990/1990/1990 2042/2042/2042 1989/1989/1989
f 1990/1990/1990 2043/2043/2043 2042/2042/2042
f 1991/1991/1991 2043/2043/2043 1990/1990/1990
f 1991/1991/1991 2044/2044/2044 2043/2043/2043
f 1992/1992/1992 2044/2044/2044 1991/1991/1991
f 1992/1992/1992 2045/2045/2045 2044/2044/2044
f 1993/1993/1993 2045/2045/2045 1992/1992/1992
f 1993/1993/1993 2046/2046/2046 2045/2045/2045
f 1994/1994/1994 2046/2046/2046 1993/1993/1993
f 1994/1994/1994 2047/2047/2047 2046/2046/2046
f 1995/1995/1995 2047/2047/2047 1994/1994/1994
f 1997/1997/1997 2049/2049/2049 2048/2048/2048
f 1996/1996/1996 2049/2049/2049 1997/1997/1997
f 1996/1996/1996 2050/2050/2050 2049/2049/2049
f 1998/1998/1998 2050/2050/2050 1996/1996/1996
f 1998/1998/1998 2051/2051/2051 2050/2050/2050
f 1999/1999/1999 2051/2051/2051 1998/1998/1998
f 1999/1999/1999 2052/2052/2052 2051/2051/2051
f 2000/2000/2000 2052/2052/2052 1999/1999/1999
f 2000/2000/2000 2053/2053/2053 2052/2052/2052
f 2001/2001/2001 2053/2053/2053 2000/2000/2000
f 2001/2001/2001 2054/2054/2054 2053/2053/2053
f 2002/2002/2002 2054/2054/2054 2001/2001/2001
f 2002/2002/2002 2055/2055/2055 2054/2054/2054
f 2003/2003/2003 2055/2055/2055 2002/2002/2002
f 2003/2003/2003 2056/2056/2056 2055/2055/2055
f 2004/2004/2004 2056/2056/2056 2003/2003/2003
f 2004/2004/2004 2057/2057/2057 2056/2056/2056
f 2005/2005/2005 2057/2057/2057 2004/2004/2004
f 2005/2005/2005 2058/2058/2058 2057/2057/2057
f 2006/2006/2006 2058/2058/2058 2005/2005/2005
f 2006/2006/2006 2059/2059/2059 2058/2058/2058
f 2007/2007/2007 2059/2059/2059 2006/2006/2006
f 2007/2007/2007 2060/2060/2060 2059/2059/2059
f 2008/2008/2008 2060/2060/2060 2007/2007/2007
f 2008/2008/2008 2009/2009/2009 2060/2060/2060
f 1956/1956/1956 2009/2009/2009 2008/2008/2008
f 2062/2062/2062 1802/1802/1802 2061/2061/2061
f 1801/1801/1801 1802/1802/1802 2062/2062/2062
f 2063/2063/2063 1801/1801/1801 2062/2062/2062
f 1805/1805/1805 1801/1801/1801 2063/2063/2063
f 2064/2064/2064 1805/1805/1805 2063/2063/2063
f 1807/1807/1807 1805/1805/1805 2064/2064/2064
f 2065/2065/2065 1807/1807/1807 2064/2064/2064
f 1809/1809/1809 1807/1807/1807 2065/2065/2065
f 2066/2066/2066 1809/1809/1809 2065/2065/2065
f 1811/1811/1811 1809/1809/1809 2066/2066/2066
f 2067/2067/2067 1811/1811/1811 2066/2066/2066
f 1813/1813/1813 1811/1811/1811 2067/2067/2067
f 2068/2068/2068 1813/1813/1813 2067/2067/2067
f 1815/1815/1815 1813/1813/1813 2068/2068/2068
f 2069/2069/2069 1815/1815/1815 2068/2068/2068
f 1817/1817/1817 1815/1815/1815 2069/2069/2069
f 2070/2070/2070 1817/1817/1817 2069/2069/2069
f 1819/1819/1819 1817/1817/1817 2070/2070/2070
f 2071/2071/2071 1819/1819/1819 2070/2070/2070
f 1821/1821/1821 1819/1819/1819 2071/2071/2071
f 2072/2072/2072 1821/1821/1821 2071/2071/2071
f 1823/1823/1823 1821/1821/1821 2072/2072/2072
f 2073/2073/2073 1823/1823/1823 2072/2072/2072
f 1825/1825/1825 1823/1823/1823 2073/2073/2073
f 2075/2075/2075 1828/1828/1828 2074/2074/2074
f 1827/1827/1827 1828/1828/1828 2075/2075/2075
f 2076/2076/2076 1827/1827/1827 2075/2075/2075
f 1831/1831/1831 1827/1827/1827 2076/2076/2076
f 2077/2077/2077 1831/1831/1831 2076/2076/2076
f 1833/1833/1833 1831/1831/1831 2077/2077/2077
f 2078/2078/2078 1833/1833/1833 2077/2077/2077
f 1835/1835/1835 1833/1833/1833 2078/2078/2078
f 2079/2079/2079 1835/1835/1835 2078/2078/2078
f 1837/1837/1837 1835/1835/1835 2079/2079/2079
f 2080/2080/2080 1837/1837/1837 2079/2079/2079
f 1839/1839/1839 1837/1837/1837 2080/2080/2080
f 2081/2081/2081 1839/1839/1839 2080/2080/2080
f 1841/1841/1841 1839/1839/1839 2081/2081/2081
f 2082/2082/2082 1841/1841/1841 2081/2081/2081
f 1843/1843/1843 1841/1841/1841 2082/2082/2082
f 2083/2083/2083 1843/1843/1843 2082/2082/2082
f 1845/1845/1845 1843/1843/1843 2083/2083/2083
f 2084/2084/2084 1845/1845/1845 2083/2083/2083
f 1847/1847/1847 1845/1845/1845 2084/2084/2084
f 2085/2085/2085 1847/1847/1847 2084/2084/2084
f 1849/1849/1849 1847/1847/1847 2085/2085/2085
f 2086/2086/2086 1849/1849/1849 2085/2085/2085
f 1851/1851/1851 1849/1849/1849 2086/2086/2086
f 2087/2087/2087 1851/1851/1851 2086/2086/2086
f 1853/1853/1853 1851/1851/1851 2087/2087/2087
f 2088/2088/2088 1853/1853/1853 2087/2087/2087
f 1855/1855/1855 1853/1853/1853 2088/2088/2088
f 2089/2089/2089 1855/1855/1855 2088/2088/2088
f 1857/1857/1857 1855/1855/1855 2089/2089/2089
f 2090/2090/2090 1857/1857/1857 2089/2089/2089
f 1859/1859/1859 1857/1857/1857 2090/2090/2090
f 2091/2091/2091 1859/1859/1859 2090/2090/2090
f 1861/1861/1861 1859/1859/1859 2091/2091/2091
f 2092/2092/2092 1861/1861/1861 2091/2091/2091
f 1863/1863/1863 1861/1861/1861 2092/2092/2092
f 2093/2093/2093 1863/1863/1863 2092/2092/2092
f 1865/1865/1865 1863/1863/1863 2093/2093/2093
f 2094/2094/2094 1865/1865/1865 2093/2093/2093
f 1867/1867/1867 1865/1865/1865 2094/2094/2094
f 2095/2095/2095 1867/1867/1867 2094/2094/2094
f 1869/1869/1869 1867/1867/1867 2095/2095/2095
f 2096/2096/2096 1869/1869/1869 2095/2095/2095
f 1871/1871/1871 1869/1869/1869 2096/2096/2096
f 2097/2097/2097 1871/1871/1871 2096/2096/2096
f 1873/1873/1873 1871/1871/1871 2097/2097/2097
f 2098/2098/2098 1873/1873/1873 2097/2097/2097
f 1875/1875/1875 1873/1873/1873 2098/2098/2098
f 2099/2099/2099 1875/1875/1875 2098/2098/2098
f 1877/1877/1877 1875/1875/1875 2099/2099/2099
f 2101/2101/2101 1880/1880/1880 2100/2100/2100
f 1879/1879/1879 1880/1880/1880 2101/2101/2101
f 2102/2102/2102 1879/1879/1879 2101/2101/2101
f 1883/1883/1883 1879/1879/1879 2102/2102/2102
f 2103/2103/2103 1883/1883/1883 2102/2102/2102
f 1885/1885/1885 1883/1883/1883 2103/2103/2103
f 2104/2104/2104 1885/1885/1885 2103/2103/2103
f 1887/1887/1887 1885/1885/1885 2104/2104/2104
f 2105/2105/2105 1887/1887/1887 2104/2104/2104
f 1889/1889/1889 1887/1887/1887 2105/2105/2105
f 2106/2106/2106 1889/1889/1889 2105/2105/2105
f 1891/1891/1891 1889/1889/1889 2106/2106/2106
f 2107/2107/2107 1891/1891/1891 2106/2106/2106
f 1893/1893/1893 1891/1891/1891 2107/2107/2107
f 2108/2108/2108 1893/1893/1893 2107/2107/2107
f 1895/1895/1895 1893/1893/1893 2108/2108/2108
f 2109/2109/2109 1895/1895/1895 2108/2108/2108
f 1897/1897/1897 1895/1895/1895 2109/2109/2109
f 2110/2110/2110 1897/1897/1897 2109/2109/2109
f 1899/1899/1899 1897/1897/1897 2110/2110/2110
f 2111/2111/2111 1899/1899/1899 2110/2110/2110
f 1901/1901/1901 1899/1899/1899 2111/2111/2111
f 2112/2112/2112 1901/1901/1901 2111/2111/2111
f 1903/1903/1903 1901/1901/1901 2112/2112/2112
f 2061/2061/2061 1903/1903/1903 2112/2112/2112
f 1802/1802/1802 1903/1903/1903 2061/2061/2061
f 2113/2113/2113 2062/2062/2062 2061/2061/2061
f 2114/2114/2114 2062/2062/2062 2113/2113/2113
f 2114/2114/2114 2063/2063/2063 2062/2062/2062
f 2115/2115/2115 2063/2063/2063 2114/2114/2114
f 2115/2115/2115 2064/2064/2064 2063/2063/2063
f 2116/2116/2116 2064/2064/2064 2115/2115/2115
f 2116/2116/2116 2065/2065/2065 2064/2064/2064
f 2117/2117/2117 2065/2065/2065 2116/2116/2116
f 2117/2117/2117 2066/2066/2066 2065/2065/2065
f 2118/2118/2118 2066/2066/2066 2117/2117/2117
f 2118/2118/2118 2067/2067/2067 2066/2066/2066
f 2119/2119/2119 2067/2067/2067 2118/2118/2118
f 2119/2119/2119 2068/2068/2068 2067/2067/2067
f 2120/2120/2120 2068/2068/2068 2119/2119/2119
f 2120/2120/2120 2069/2069/2069 2068/2068/2068
f 2121/2121/2121 2069/2069/2069 2120/2120/2120
f 2121/2121/2121 2070/2070/2070 2069/2069/2069
f 2122/2122/2122 2070/2070/2070 2121/2121/2121
f 2122/2122/2122 2071/2071/2071 2070/2070/2070
f 2123/2123/2123 2071/2071/2071 2122/2122/2122
f 2123/2123/2123 2072/2072/2072 2071/2071/2071
f 2124/2124/2124 2072/2072/2072 2123/2123/2123
f 2124/2124/2124 2073/2073/2073 2072/2072/2072
f 2125/2125/2125 2073/2073/2073 2124/2124/2124
f 2126/2126/2126 2075/2075/2075 2074/2074/2074
f 2127/2127/2127 2075/2075/2075 2126/2126/2126
f 2127/2127/2127 2076/2076/2076 2075/2075/2075
f 2128/2128/2128 2076/2076/2076 2127/2127/2127
f 2128/2128/2128 2077/2077/2077 2076/2076/2076
f 2129/2129/2129 2077/2077/2077 2128/2128/2128
f 2129/2129/2129 2078/2078/2078 2077/2077/2077
f 2130/2130/2130 2078/2078/2078 2129/2129/2129
f 2130/2130/2130 2079/2079/2079 2078/2078/2078
f 2131/2131/2131 2079/2079/2079 2130/2130/2130
f 2131/2131/2131 2080/2080/2080 2079/2079/2079
f 2132/2132/2132 2080/2080/2080 2131/2131/2131
f 2132/2132/2132 2081/2081/2081 2080/2080/2080
f 2133/2133/2133 2081/2081/2081 2132/2132/2132
f 2133/2133/2133 2082/2082/2082 2081/2081/2081
f 2134/2134/2134 2082/2082/2082 2133/2133/2133
f 2134/2134/2134 2083/2083/2083 2082/2082/2082
f 2135/2135/2135 2083/2083/2083 2134/2134/2134
f 2135/2135/2135 2084/2084/2084 2083/2083/2083
f 2136/2136/2136 2084/2084/2084 2135/2135/2135
f 2136/2136/2136 2085/2085/2085 2084/2084/2084
f 2137/2137/2137 2085/2085/2085 2136/2136/2136
f 2137/2137/2137 2086/2086/2086 2085/2085/2085
f 2138/2138/2138 2086/2086/2086 2137/2137/2137
f 2138/2138/2138 2087/2087/2087 2086/2086/2086
f 2139/2139/2139 2087/2087/2087 2138/2138/2138
f 2139/2139/2139 2088/2088/2088 2087/2087/2087
f 2140/2140/2140 2088/2088/2088 2139/2139/2139
f 2140/2140/2140 2089/2089/2089 2088/2088/2088
f 2141/2141/2141 2089/2089/2089 2140/2140/2140
f 2141/2141/2141 2090/2090/2090 2089/2089/2089
f 2142/2142/2142 2090/2090/2090 2141/2141/2141
f 2142/2142/2142 2091/2091/2091 2090/2090/2090
f 2143/2143/2143 2091/2091/2091 2142/2142/2142
f 2143/2143/2143 2092/2092/2092 2091/2091/2091
f 2144/2144/2144 2092/2092/2092 2143/2143/2143
f 2144/2144/2144 2093/2093/2093 2092/2092/2092
f 2145/2145/2145 2093/2093/2093 2144/2144/2144
f 2145/2145/2145 2094/2094/2094 2093/2093/2093
f 2146/2146/2146 2094/2094/2094 2145/2145/2145
f 2146/2146/2146 2095/2095/2095 2094/2094/2094
f 2147/2147/2147 2095/2095/2095 2146/2146/2146
f 2147/2147/2147 2096/2096/2096 2095/2095/2095
f 2148/2148/2148 2096/2096/2096 2147/2147/2147
f 2148/2148/2148 2097/2097/2097 2096/2096/2096
f 2149/2149/2149 2097/2097/2097 2148/2148/2148
f 2149/2149/2149 2098/2098/2098 2097/2097/2097
f 2150/2150/2150 2098/2098/2098 2149/2149/2149
f 2150/2150/2150 2099/2099/2099 2098/2098/2098
f 2151/2151/2151 2099/2099/2099 2150/2150/2150
f 2152/2152/2152 2101/2101/2101 2100/2100/2100
f 2153/2153/2153 2101/2101/2101 2152/2152/2152
f 2153/2153/2153 2102/2102/2102 2101/2101/2101
f 2154/2154/2154 2102/2102/2102 2153/2153/2153
f 2154/2154/2154 2103/2103/2103 2102/2102/2102
f 2155/2155/2155 2103/2103/2103 2154/2154/2154
f 2155/2155/2155 2104/2104/2104 2103/2103/2103
f 2156/2156/2156 2104/2104/2104 2155/2155/2155
f 2156/2156/2156 2105/2105/2105 2104/2104/2104
f 2157/2157/2157 2105/2105/2105 2156/2156/2156
f 2157/2157/2157 2106/2106/2106 2105/2105/2105
f 2158/2158/2158 2106/2106/2106 2157/2157/2157
f 2158/2158/2158 2107/2107/2107 2106/2106/2106
f 2159/2159/2159 2107/2107/2107 2158/2158/2158
f 2159/2159/2159 2108/2108/2108 2107/2107/2107
f 2160/2160/2160 2108/2108/2108 2159/2159/2159
f 2160/2160/2160 2109/2109/2109 2108/2108/2108
f 2161/2161/2161 2109/2109/2109 2160/2160/2160
f 2161/2161/2161 2110/2110/2110 2109/2109/2109
f 2162/2162/2162 2110/2110/2110 2161/2161/2161
f 2162/2162/2162 2111/2111/2111 2110/2110/2110
f 2163/2163/2163 2111/2111/2111 2162/2162/2162
f 2163/2163/2163 2112/2112/2112 2111/2111/2111
f 2164/2164/2164 2112/2112/2112 2163/2163/2163
f 2164/2164/2164 2061/2061/2061 2112/2112/2112
f 2113/2113/2113 2061/2061/2061 2164/2164/2164
f 2166/2166/2166 2113/2113/2113 2165/2165/2165
f 2114/2114/2114 2113/2113/2113 2166/2166/2166
f 2115/2115/2115 2114/2114/2114 2166/2166/2166
f 2167/2167/2167 2115/2115/2115 2166/2166/2166
f 2116/2116/2116 2115/2115/2115 2167/2167/2167
f 2117/2117/2117 2116/2116/2116 2167/2167/2167
f 2168/2168/2168 2117/2117/2117 2167/2167/2167
f 2118/2118/2118 2117/2117/2117 2168/2168/2168
f 2119/2119/2119 2118/2118/2118 2168/2168/2168
f 2169/2169/2169 2119/2119/2119 2168/2168/2168
f 2120/2120/2120 2119/2119/2119 2169/2169/2169
f 2121/2121/2121 2120/2120/2120 2169/2169/2169
f 2170/2170/2170 2121/2121/2121 2169/2169/2169
f 2122/2122/2122 2121/2121/2121 2170/2170/2170
f 2123/2123/2123 2122/2122/2122 2170/2170/2170
f 2171/2171/2171 2123/2123/2123 2170/2170/2170
f 2124/2124/2124 2123/2123/2123 2171/2171/2171
f 2125/2125/2125 2124/2124/2124 2171/2171/2171
f 2173/2173/2173 2126/2126/2126 2172/2172/2172
f 2127/2127/2127 2126/2126/2126 2173/2173/2173
f 2128/2128/2128 2127/2127/2127 2173/2173/2173
f 2174/2174/2174 2128/2128/2128 2173/2173/2173
f 2129/2129/2129 2128/2128/2128 2174/2174/2174
f 2130/2130/2130 2129/2129/2129 2174/2174/2174
f 2175/2175/2175 2130/2130/2130 2174/2174/2174
f 2131/2131/2131 2130/2130/2130 2175/2175/2175
f 2132/2132/2132 2131/2131/2131 2175/2175/2175
f 2176/2176/2176 2132/2132/2132 2175/2175/2175
f 2133/2133/2133 2132/2132/2132 2176/2176/2176
f 2134/2134/2134 2133/2133/2133 2176/2176/2176
f 2177/2177/2177 2134/2134/2134 2176/2176/2176
f 2135/2135/2135 2134/2134/2134 2177/2177/2177
f 2136/2136/2136 2135/2135/2135 2177/2177/2177
f 2178/2178/2178 2136/2136/2136 2177/2177/2177
f 2137/2137/2137 2136/2136/2136 2178/2178/2178
f 2138/2138/2138 2137/2137/2137 2178/2178/2178
f 2179/2179/2179 2138/2138/2138 2178/2178/2178
f 2139/2139/2139 2138/2138/2138 2179/2179/2179
f 2140/2140/2140 2139/2139/2139 2179/2179/2179
f 2180/2180/2180 2140/2140/2140 2179/2179/2179
f 2141/2141/2141 2140/2140/2140 2180/2180/2180
f 2142/2142/2142 2141/2141/2141 2180/2180/2180
f 2181/2181/2181 2142/2142/2142 2180/2180/2180
f 2143/2143/2143 2142/2142/2142 2181/2181/2181
f 2144/2144/2144 2143/2143/2143 2181/2181/2181
f 2182/2182/2182 2144/2144/2144 2181/2181/2181
f 2145/2145/2145 2144/2144/2144 2182/2182/2182
f 2146/2146/2146 2145/2145/2145 2182/2182/2182
f 2183/2183/2183 2146/2146/2146 2182/2182/2182
f 2147/2147/2147 2146/2146/2146 2183/2183/2183
f 2148/2148/2148 2147/2147/2147 2183/2183/2183
f 2184/2184/2184 2148/2148/2148 2183/2183/2183
f 2149/2149/2149 2148/2148/2148 2184/2184/2184
f 2150/2150/2150 2149/2149/2149 2184/2184/2184
f 2185/2185/2185 2150/2150/2150 2184/2184/2184
f 2151/2151/2151 2150/2150/2150 2185/2185/2185
f 2153/2153/2153 2152/2152/2152 2186/2186/2186
f 2187/2187/2187 2153/2153/2153 2186/2186/2186
f 2154/2154/2154 2153/2153/2153 2187/2187/2187
f 2155/2155/2155 2154/2154/2154 2187/2187/2187
f 2188/2188/2188 2155/2155/2155 2187/2187/2187
f 2156/2156/2156 2155/2155/2155 2188/2188/2188
f 2157/2157/2157 2156/2156/2156 2188/2188/2188
f 2189/2189/2189 2157/2157/2157 2188/2188/2188
f 2158/2158/2158 2157/2157/2157 2189/2189/2189
f 2159/2159/2159 2158/2158/2158 2189/2189/2189
f 2190/2190/2190 2159/2159/2159 2189/2189/2189
f 2160/2160/2160 2159/2159/2159 2190/2190/2190
f 2161/2161/2161 2160/2160/2160 2190/2190/2190
f 2191/2191/2191 2161/2161/2161 2190/2190/2190
f 2162/2162/2162 2161/2161/2161 2191/2191/2191
f 2163/2163/2163 2162/2162/2162 2191/2191/2191
f 2165/2165/2165 2163/2163/2163 2191/2191/2191
f 2164/2164/2164 2163/2163/2163 2165/2165/2165
f 2113/2113/2113 2164/2164/2164 2165/2165/2165
f 1968/1968/1968 1824/1824/1824 1826/1826/1826
f 1916/1916/1916 1824/1824/1824 1968/1968/1968
f 1918/1918/1918 1830/1830/1830 1829/1829/1829
f 1971/1971/1971 1830/1830/1830 1918/1918/1918
