# Exported from Godot Engine
mtllib Wheel_Apollo.mtl
o Wheel_Apollo
v -0.059720 0.038337 0.105544
vt 0.085348 0.031817
vn -0.809406 0.587250 0.000021
v -0.052292 0.048575 0.105544
vt 0.068670 0.031817
vn -0.809406 0.587250 0.000021
v -0.059720 0.038337 0.125247
vt 0.085348 0.057797
vn -0.809406 0.587250 0.000021
v -0.052292 0.048575 0.125247
vt 0.068670 0.057797
vn -0.809406 0.587250 0.000021
v -0.054569 0.026785 0.105544
vt 0.102025 0.031817
vn -0.913296 -0.407297 -0.000020
v -0.059720 0.038337 0.105544
vt 0.085348 0.031817
vn -0.913296 -0.407297 -0.000020
v -0.054569 0.026785 0.125247
vt 0.102025 0.057797
vn -0.913296 -0.407297 -0.000020
v -0.059720 0.038337 0.125247
vt 0.085348 0.057797
vn -0.913296 -0.407297 -0.000020
v -0.041989 0.025471 0.105544
vt 0.118703 0.031817
vn -0.103891 -0.994589 -0.000017
v -0.054569 0.026785 0.105544
vt 0.102025 0.031817
vn -0.103891 -0.994589 -0.000017
v -0.041989 0.025471 0.125247
vt 0.118703 0.057796
vn -0.103891 -0.994589 -0.000017
v -0.054569 0.026785 0.125247
vt 0.102025 0.057797
vn -0.103891 -0.994589 -0.000017
v -0.034560 0.035708 0.105544
vt 0.035315 0.031817
vn 0.809371 -0.587298 0.000021
v -0.041989 0.025471 0.105544
vt 0.018637 0.031817
vn 0.809371 -0.587298 0.000021
v -0.034560 0.035708 0.125247
vt 0.035315 0.057797
vn 0.809371 -0.587298 0.000021
v -0.041989 0.025471 0.125247
vt 0.018637 0.057797
vn 0.809371 -0.587298 0.000021
v -0.039712 0.047260 0.105544
vt 0.051992 0.031817
vn 0.913300 0.407288 0.000060
v -0.034560 0.035708 0.105544
vt 0.035315 0.031817
vn 0.913300 0.407288 0.000060
v -0.039712 0.047260 0.125247
vt 0.051993 0.057797
vn 0.913300 0.407288 0.000060
v -0.034560 0.035708 0.125247
vt 0.035315 0.057797
vn 0.913300 0.407288 0.000060
v -0.052292 0.048575 0.105544
vt 0.068670 0.031817
vn 0.103876 0.994590 0.000050
v -0.039712 0.047260 0.105544
vt 0.051992 0.031817
vn 0.103876 0.994590 0.000050
v -0.052292 0.048575 0.125247
vt 0.068670 0.057797
vn 0.103876 0.994590 0.000050
v -0.039712 0.047260 0.125247
vt 0.051993 0.057797
vn 0.103876 0.994590 0.000050
v -0.059720 0.038337 0.125247
vt 0.018637 0.086683
vn -0.238608 0.024880 0.970797
v -0.052292 0.048575 0.125247
vt 0.035315 0.086683
vn -0.097707 0.219089 0.970800
v -0.047140 0.037023 0.128373
vt 0.026976 0.072240
vn -0.000015 -0.000015 1.000000
v -0.054569 0.026785 0.125247
vt 0.010298 0.072240
vn -0.140904 -0.194229 0.970784
v -0.041989 0.025471 0.125247
vt 0.018637 0.057797
vn 0.097667 -0.219127 0.970796
v -0.034560 0.035708 0.125247
vt 0.035315 0.057797
vn 0.238572 -0.024918 0.970805
v -0.039712 0.047260 0.125247
vt 0.043654 0.072240
vn 0.140855 0.194176 0.970801
v 0.055380 -0.174526 0.155286
vt 0.429701 0.260589
vn -0.934399 -0.244412 0.259157
v 0.050482 -0.180893 0.131790
vt 0.404350 0.270312
vn -0.934291 -0.244903 0.259080
v 0.043031 -0.134201 0.146042
vt 0.451568 0.305549
vn -0.942340 -0.212718 0.258355
v 0.035423 -0.136872 0.116775
vt 0.424248 0.319851
vn -0.944500 -0.204804 0.256857
v 0.017315 -0.097170 0.087137
vt 0.419230 0.355000
vn -0.461737 -0.813440 0.353716
v 0.023151 -0.080239 0.130040
vt 0.455282 0.382186
vn -0.559334 -0.752808 0.347024
v 0.023948 -0.106291 0.095686
vt 0.424507 0.349343
vn -0.918639 -0.296647 0.260965
v 0.033247 -0.100682 0.135713
vt 0.460799 0.350568
vn -0.932785 -0.251207 0.258470
v -0.083379 -0.004716 0.130040
vt 0.370091 0.538997
vn 0.204164 0.003168 0.978932
v -0.080291 -0.018326 0.130454
vt 0.365648 0.521005
vn 0.226563 0.052463 0.972582
v -0.105556 -0.010009 0.135713
vt 0.337598 0.541501
vn 0.254759 0.062677 0.964971
v -0.102604 -0.023419 0.135780
vt 0.333774 0.528299
vn 0.252275 0.057564 0.965942
v 0.125891 -0.193353 0.109502
vt 0.663505 0.209633
vn -0.544727 0.836512 0.059329
v 0.126380 -0.194104 0.120709
vt 0.672890 0.195762
vn -0.544727 0.836512 0.059329
v 0.100108 -0.207875 0.109523
vt 0.625267 0.187605
vn -0.433124 0.899395 0.059096
v 0.100303 -0.208281 0.121034
vt 0.632734 0.172244
vn -0.433124 0.899395 0.059096
v 0.112973 -0.234590 0.164351
vt 0.665186 0.098660
vn -0.181231 0.376265 0.908614
v 0.115142 -0.239093 0.164789
vt 0.668508 0.091665
vn -0.064903 0.134794 0.988746
v 0.093499 -0.241986 0.163511
vt 0.632924 0.088173
vn -0.110319 0.308075 0.944944
v 0.083652 -0.252164 0.164408
vt 0.612917 0.071451
vn -0.025517 0.093280 0.995313
v -0.035733 -0.074200 0.130454
vt 0.386946 0.425226
vn 0.085476 0.192700 0.977528
v -0.048299 -0.068129 0.130040
vt 0.375220 0.439752
vn 0.094369 0.198083 0.975632
v -0.033494 -0.038673 0.123124
vt 0.413352 0.465713
vn 0.083463 0.193164 0.977610
v -0.039717 -0.047239 0.125537
vt 0.399733 0.458241
vn 0.090563 0.184168 0.978714
v -0.066083 -0.028084 0.127449
vt 0.376430 0.502310
vn 0.939002 -0.234125 0.251913
v -0.059859 -0.019517 0.125824
vt 0.389970 0.509983
vn 0.630354 -0.726895 0.272539
v -0.060312 -0.029929 0.104407
vt 0.392388 0.492082
vn 0.932287 -0.258622 0.252894
v -0.056303 -0.024381 0.104625
vt 0.397506 0.494835
vn 0.603147 -0.748977 0.274311
v 0.107834 -0.223920 0.155824
vt 0.657212 0.115450
vn -0.311441 0.646587 0.696369
v 0.095845 -0.229135 0.155672
vt 0.641317 0.108788
vn -0.196135 0.701917 0.684721
v -0.083379 -0.004716 0.130040
vt 0.370091 0.538997
vn -0.609438 0.712807 0.347119
v -0.098587 0.004741 0.087137
vt 0.350949 0.580001
vn -0.690298 0.631148 0.353751
v -0.075699 0.016766 0.130040
vt 0.394464 0.558601
vn -0.911527 0.209075 0.354129
v -0.091468 0.020832 0.082222
vt 0.353653 0.592418
vn -0.912043 0.206899 0.354078
v 0.126380 -0.194104 0.120709
vt 0.672890 0.195762
vn -0.535141 0.826605 0.174208
v 0.112752 -0.204351 0.133080
vt 0.659534 0.165977
vn -0.687228 0.594191 0.417917
v 0.100303 -0.208281 0.121034
vt 0.632734 0.172244
vn -0.422189 0.876657 0.230712
v 0.101829 -0.211450 0.132064
vt 0.640211 0.156868
vn -0.401243 0.833070 0.380787
v 0.063621 -0.171909 0.155499
vt 0.438346 0.256922
vn 0.885079 0.322577 0.335528
v 0.050200 -0.131820 0.146194
vt 0.459427 0.303341
vn 0.838995 0.302412 0.452365
v 0.072570 -0.175521 0.132223
vt 0.463217 0.244426
vn 0.886898 0.325292 0.328019
v 0.069303 -0.159531 0.128809
vt 0.468981 0.261713
vn 0.849356 0.246055 0.466959
v 0.053906 -0.130597 0.144973
vt 0.463934 0.303030
vn 0.785366 0.249781 0.566401
v -0.090881 0.038503 0.087137
vt 0.364966 0.598121
vn -0.898624 -0.260333 0.353132
v -0.073076 0.040425 0.130040
vt 0.408836 0.588678
vn -0.861999 -0.369325 0.347213
v 0.101829 -0.211450 0.132064
vt 0.642595 0.146227
vn -0.401243 0.833070 0.380787
v 0.119388 -0.217797 0.155672
vt 0.672420 0.123560
vn -0.426519 0.590987 0.684701
v -0.023151 -0.080240 0.130040
vt 0.398528 0.411145
vn 0.079190 0.191562 0.978281
v 0.000175 -0.052219 0.123546
vt 0.442048 0.433737
vn 0.071686 0.208771 0.975334
v 0.101829 -0.211450 0.132064
vt 0.491547 0.182951
vn -0.401243 0.833070 0.380787
v 0.112752 -0.204351 0.133080
vt 0.498580 0.196046
vn -0.687228 0.594191 0.417917
v 0.119388 -0.217797 0.155672
vt 0.524801 0.180855
vn -0.426519 0.590987 0.684701
v 0.123005 -0.212897 0.155352
vt 0.526725 0.187338
vn -0.788716 0.205361 0.579442
v -0.212286 0.104771 0.140932
vt 0.261633 0.706364
vn 0.818754 -0.342635 0.460699
v -0.218665 0.114824 0.154192
vt 0.263773 0.726355
vn 0.683702 -0.281215 0.673402
v -0.206062 0.109736 0.134820
vt 0.271690 0.700457
vn 0.631767 -0.677406 0.376817
v -0.219062 0.127436 0.161421
vt 0.272886 0.740001
vn 0.157784 -0.467146 0.869988
v -0.238114 0.105334 0.164351
vt 0.069737 0.677195
vn 0.027298 -0.010207 0.999575
v -0.242967 0.107480 0.164409
vt 0.062739 0.682021
vn 0.027298 -0.010207 0.999575
v -0.227016 0.126733 0.163996
vt 0.089440 0.712485
vn 0.234457 -0.143004 0.961551
v -0.227229 0.137666 0.164409
vt 0.091040 0.733733
vn 0.085290 -0.045626 0.995311
v -0.033494 -0.038673 0.123124
vt 0.413352 0.465713
vn -0.879450 0.374674 0.293575
v -0.039717 -0.047239 0.125537
vt 0.399733 0.458241
vn -0.485508 0.834301 0.261197
v -0.039264 -0.036827 0.103703
vt 0.405491 0.478582
vn -0.890316 0.346386 0.295556
v -0.043273 -0.042375 0.103485
vt 0.400667 0.475788
vn -0.521729 0.811332 0.263703
v 0.000499 -0.077532 0.130040
vt 0.430244 0.403283
vn -0.001004 -0.935223 0.354058
v 0.000044 -0.093811 0.082222
vt 0.406592 0.355717
vn 0.001162 -0.935203 0.354110
v -0.242967 0.107480 0.164409
vt 0.062739 0.682021
vn 0.811983 -0.359258 0.460018
v -0.246727 0.109142 0.172343
vt 0.053678 0.687982
vn 0.811983 -0.359258 0.460018
v -0.227229 0.137666 0.164409
vt 0.091040 0.733733
vn 0.752889 -0.459512 0.471176
v -0.230745 0.139796 0.172343
vt 0.081743 0.740456
vn 0.752808 -0.459526 0.471292
v 0.130898 -0.223976 0.163511
vt 0.693702 0.117039
vn -0.172149 0.278314 0.944937
v -0.218665 0.114824 0.154192
vt 0.098557 0.685710
vn 0.683702 -0.281215 0.673402
v -0.238114 0.105334 0.164351
vt 0.069737 0.677195
vn 0.554693 -0.225723 0.800853
v -0.197316 0.119584 0.109502
vt 0.181391 0.671502
vn 0.853722 -0.517341 0.059301
v -0.198083 0.120048 0.120709
vt 0.166954 0.679955
vn 0.853722 -0.517341 0.059301
v -0.180387 0.143854 0.109523
vt 0.206324 0.707746
vn 0.780450 -0.622419 0.059094
v -0.180739 0.144135 0.121034
vt 0.192884 0.718328
vn 0.780450 -0.622419 0.059094
v 0.063621 -0.171909 0.155499
vt 0.438346 0.256922
vn -0.082821 0.123566 0.988874
v 0.055380 -0.174526 0.155286
vt 0.429701 0.260589
vn -0.082821 0.124168 0.988799
v 0.050200 -0.131820 0.146194
vt 0.459427 0.303341
vn -0.105016 0.230892 0.967296
v 0.043031 -0.134201 0.146042
vt 0.451568 0.305549
vn -0.103897 0.228852 0.967901
v 0.144995 -0.222623 0.164408
vt 0.719305 0.121979
vn -0.057008 0.078086 0.995315
v -0.049806 -0.022270 0.104625
vt 0.403329 0.494033
vn 0.052397 -0.951462 0.303272
v -0.049788 -0.016245 0.123401
vt 0.405440 0.508126
vn 0.095279 -0.948989 0.300570
v 0.110272 -0.195806 0.133891
vt 0.498120 0.206271
vn -0.835176 -0.457707 0.304935
v 0.128596 -0.210368 0.162409
vt 0.537102 0.190291
vn -0.858851 -0.365636 0.358727
v 0.129847 -0.217186 0.162682
vt 0.537696 0.182462
vn -0.770918 0.029977 0.636229
v 0.073016 -0.151619 0.127256
vt 0.475274 0.268052
vn 0.181303 -0.376545 0.908484
v 0.061631 -0.127978 0.139068
vt 0.475054 0.301390
vn 0.112081 -0.232823 0.966039
v -0.197314 0.107749 0.133808
vt 0.279963 0.694143
vn -0.448999 -0.852685 0.267073
v -0.212598 0.124212 0.161597
vt 0.279635 0.735054
vn -0.404526 -0.862038 0.305368
v -0.198083 0.120048 0.120709
vt 0.166954 0.679955
vn 0.840759 -0.512605 0.174240
v -0.206062 0.109736 0.134820
vt 0.138354 0.672124
vn 0.631767 -0.677406 0.376817
v -0.190250 0.135193 0.133080
vt 0.166050 0.712451
vn 0.876997 -0.237115 0.417915
v -0.098298 0.047000 0.095686
vt 0.367254 0.605350
vn -0.493539 -0.829639 0.260995
v -0.090760 0.054817 0.135713
vt 0.400235 0.619826
vn -0.452492 -0.853492 0.258461
v 0.149597 -0.175647 0.109514
vt 0.698552 0.236265
vn -0.650636 0.757796 0.049176
v 0.149891 -0.175993 0.121034
vt 0.709822 0.223400
vn -0.651118 0.757388 0.049087
v 0.138043 -0.188276 0.134820
vt 0.702164 0.190532
vn -0.275435 0.884408 0.376774
v 0.000499 -0.077532 0.130040
vt 0.430244 0.403283
vn -0.012725 0.246390 0.969087
v 0.006289 -0.071527 0.128403
vt 0.439097 0.404940
vn -0.003810 0.244479 0.969647
v 0.023151 -0.080239 0.130040
vt 0.455282 0.382186
vn -0.097739 0.199379 0.975036
v 0.016359 -0.074799 0.128908
vt 0.450184 0.393212
vn 0.001079 0.222172 0.975007
v 0.117058 -0.243071 0.172343
vt 0.672875 0.082470
vn -0.380169 0.789345 0.482085
v 0.115142 -0.239093 0.164789
vt 0.668508 0.091665
vn -0.380169 0.789345 0.482085
v 0.147239 -0.226068 0.172343
vt 0.724795 0.111901
vn -0.478936 0.740606 0.471299
v 0.144995 -0.222623 0.164408
vt 0.719305 0.121979
vn -0.478994 0.740564 0.471306
v -0.227016 0.126733 0.163996
vt 0.264452 0.743735
vn 0.234457 -0.143004 0.961551
v 0.033247 -0.100682 0.135713
vt 0.460799 0.350568
vn -0.117804 0.234462 0.964961
v 0.045663 -0.094820 0.135780
vt 0.474770 0.350083
vn -0.112313 0.233050 0.965957
v -0.165125 0.089469 0.131790
vt 0.314428 0.667459
vn -0.446613 -0.856399 0.259072
v -0.157828 0.092827 0.155286
vt 0.333007 0.687254
vn -0.446613 -0.856399 0.259072
v 0.000065 -0.052371 0.123588
vt 0.442169 0.433668
vn 0.962659 0.036097 0.268298
v 0.005623 -0.053943 0.105366
vt 0.454612 0.426588
vn 0.962659 0.036097 0.268298
v 0.000175 -0.052219 0.123546
vt 0.442048 0.433737
vn 0.962659 0.036097 0.268298
v 0.000065 -0.062960 0.126309
vt 0.435231 0.420111
vn 0.962659 0.036097 0.268298
v 0.005761 -0.060965 0.104556
vt 0.452102 0.420911
vn 0.962659 0.036097 0.268298
v -0.049788 -0.016245 0.123401
vt 0.405440 0.508126
vn 0.249979 -0.007011 0.968226
v -0.047130 0.019904 0.123151
vt 0.428169 0.544562
vn 0.247088 -0.017828 0.968829
v -0.037551 -0.008571 0.120031
vt 0.424716 0.507986
vn 0.268156 0.012164 0.963299
v -0.037551 0.008571 0.120031
vt 0.434249 0.526974
vn 0.271283 -0.023926 0.962202
v -0.033494 -0.028084 0.121388
vt 0.420789 0.480185
vn -0.910103 -0.258126 0.324166
v -0.039275 -0.029962 0.104055
vt 0.407329 0.483825
vn -0.908178 -0.264515 0.324413
v 0.081517 -0.153649 0.128809
vt 0.481654 0.261835
vn -0.721994 -0.510694 0.466816
v 0.068495 -0.123571 0.144973
vt 0.486150 0.303178
vn -0.684980 -0.458332 0.566334
v -0.234475 0.142055 0.172343
vt 0.955627 0.011457
vn -0.855255 0.518208 -0.000021
v -0.250715 0.110905 0.172343
vt 0.955627 0.050709
vn -0.914547 0.404479 -0.000020
v -0.234475 0.142055 0.160278
vt 0.969107 0.011457
vn -0.855255 0.518208 -0.000021
v -0.250715 0.110905 0.160278
vt 0.969107 0.050709
vn -0.914547 0.404479 -0.000020
v 0.130898 -0.223976 0.163511
vt 0.537958 0.174978
vn -0.172149 0.278314 0.944937
v 0.091982 -0.166173 0.132223
vt 0.487581 0.244667
vn -0.807315 -0.490601 0.327952
v 0.094737 -0.156925 0.155499
vt 0.512338 0.257418
vn -0.804040 -0.490922 0.335433
v -0.125558 0.064991 0.116775
vt 0.353978 0.631567
vn -0.409845 -0.875242 0.256862
v -0.121261 0.071815 0.146042
vt 0.372309 0.656341
vn -0.417081 -0.871383 0.258330
v -0.180739 0.144135 0.121034
vt 0.192884 0.718328
vn 0.760674 -0.606749 0.230716
v -0.183490 0.146328 0.132064
vt 0.179430 0.728917
vn 0.722893 -0.576545 0.380817
v 0.045663 -0.094820 0.135780
vt 0.474770 0.350083
vn -0.044728 0.092791 0.994680
v -0.215114 0.145001 0.163511
vt 0.280773 0.757898
vn 0.275791 -0.176123 0.944945
v -0.211221 0.139340 0.162682
vt 0.284214 0.751246
vn 0.130785 -0.133524 0.982378
v -0.215114 0.145001 0.163511
vt 0.111977 0.749308
vn 0.275791 -0.176123 0.944945
v 0.006289 -0.043805 0.121567
vt 0.456092 0.441291
vn 0.596690 -0.733655 0.325134
v 0.009586 -0.048344 0.105676
vt 0.459860 0.429390
vn 0.580198 -0.746423 0.325919
v 0.000175 -0.052219 0.123546
vt 0.442048 0.433737
vn 0.791062 -0.532605 0.300921
v 0.000065 -0.052371 0.123588
vt 0.442169 0.433668
vn 0.791062 -0.532605 0.300921
v 0.005623 -0.053943 0.105366
vt 0.454612 0.426588
vn 0.791062 -0.532605 0.300921
v -0.212598 0.124212 0.161597
vt 0.279635 0.735054
vn 0.049500 -0.093118 0.994424
v -0.207136 0.133739 0.162409
vt 0.288104 0.744426
vn 0.046471 -0.092303 0.994646
v 0.149891 -0.175993 0.121034
vt 0.709822 0.223400
vn -0.643130 0.724079 0.249187
v 0.145805 -0.186503 0.140932
vt 0.718169 0.190140
vn -0.589055 0.663893 0.460717
v 0.035733 -0.074200 0.130454
vt 0.475094 0.382482
vn -0.096131 0.208781 0.973226
v 0.016359 -0.074799 0.128908
vt 0.450184 0.393212
vn 0.005400 0.975863 0.218317
v 0.006289 -0.071527 0.128403
vt 0.439097 0.404940
vn 0.539632 0.807961 0.236637
v 0.016582 -0.069026 0.102744
vt 0.458020 0.410802
vn -0.008901 0.975921 0.217942
v 0.009947 -0.066726 0.103554
vt 0.453001 0.414666
vn 0.540074 0.807658 0.236662
v -0.250715 0.110905 0.172343
vt 0.048901 0.691020
vn -0.000015 -0.000015 1.000000
v -0.234475 0.142055 0.172343
vt 0.076865 0.743959
vn -0.000015 -0.000015 1.000000
v -0.246727 0.109142 0.172343
vt 0.053678 0.687982
vn -0.000015 -0.000015 1.000000
v -0.230745 0.139796 0.172343
vt 0.081743 0.740456
vn -0.000015 -0.000015 1.000000
v -0.039717 -0.019517 0.121388
vt 0.417631 0.496815
vn -0.516906 -0.790818 0.327742
v -0.043301 -0.024402 0.104407
vt 0.407216 0.489585
vn -0.538051 -0.776332 0.328345
v 0.129847 -0.217186 0.162682
vt 0.537696 0.182462
vn -0.060010 0.177091 0.982363
v 0.142075 -0.209863 0.161421
vt 0.552747 0.187781
vn 0.060465 0.489291 0.870022
v 0.149547 -0.212681 0.163996
vt 0.558768 0.180795
vn -0.149229 0.230567 0.961545
v 0.071763 -0.121436 0.146194
vt 0.490652 0.303547
vn -0.759617 -0.467403 0.452234
v -0.184309 0.128570 0.133891
vt 0.330184 0.746645
vn 0.553875 0.774687 0.305094
v -0.207136 0.133739 0.162409
vt 0.288104 0.744426
vn 0.615080 0.702082 0.358828
v -0.190250 0.135193 0.133080
vt 0.325388 0.755696
vn 0.876997 -0.237115 0.417915
v -0.203196 0.138443 0.155352
vt 0.296220 0.751531
vn 0.799713 0.157186 0.579442
v -0.211221 0.139340 0.162682
vt 0.284214 0.751246
vn 0.707584 0.307368 0.636278
v 0.128596 -0.210368 0.162409
vt 0.537102 0.190291
vn -0.001829 0.103289 0.994650
v 0.137651 -0.204154 0.161596
vt 0.548766 0.195143
vn -0.004228 0.105374 0.994424
v 0.149547 -0.212681 0.163996
vt 0.729979 0.140431
vn -0.149229 0.230567 0.961545
v -0.039717 -0.019517 0.121388
vt 0.417631 0.496815
vn 0.186367 0.124277 0.974588
v 0.131023 -0.182690 0.133808
vt 0.565963 0.232277
vn 0.774492 0.573396 0.267168
v 0.138043 -0.188276 0.134820
vt 0.570743 0.223024
vn -0.275435 0.884408 0.376774
v 0.137651 -0.204154 0.161596
vt 0.548766 0.195143
vn 0.738510 0.601105 0.305410
v 0.118949 -0.247000 0.172343
vt 0.955626 0.796420
vn 0.433851 -0.900985 -0.000020
v 0.149620 -0.229721 0.172343
vt 0.955626 0.835754
vn 0.545663 -0.838004 -0.000021
v 0.118949 -0.247000 0.160278
vt 0.969107 0.796420
vn 0.433851 -0.900985 -0.000020
v 0.149620 -0.229721 0.160278
vt 0.969107 0.835754
vn 0.545663 -0.838004 -0.000021
v -0.037059 0.023176 0.121331
vt 0.444103 0.541993
vn 0.178168 -0.129002 0.975507
v -0.153442 0.100279 0.155499
vt 0.339192 0.694320
vn 0.102087 -0.108236 0.988870
v -0.157828 0.092827 0.155286
vt 0.333007 0.687254
vn 0.102576 -0.108398 0.988801
v 0.006289 -0.043805 0.121567
vt 0.456092 0.441291
vn -0.043320 0.228794 0.972511
v 0.000000 -0.038517 0.120031
vt 0.451683 0.449638
vn 0.064295 0.268174 0.961223
v -0.063424 0.031742 0.127449
vt 0.414665 0.571368
vn 0.938816 0.250677 0.236189
v -0.057846 0.033699 0.103064
vt 0.432281 0.565959
vn 0.934509 0.265703 0.236845
v -0.057200 0.023176 0.125698
vt 0.417422 0.555398
vn 0.628058 0.731995 0.264056
v -0.053695 0.028120 0.103725
vt 0.433457 0.560169
vn 0.612083 0.744883 0.265526
v -0.202063 0.144428 0.155672
vt 0.295183 0.758212
vn 0.640664 -0.347427 0.684721
v -0.183490 0.146328 0.132064
vt 0.326135 0.770541
vn 0.722893 -0.576545 0.380817
v 0.065175 -0.074122 0.087137
vt 0.529423 0.355046
vn 0.922557 -0.155328 0.353217
v 0.068171 -0.084995 0.095686
vt 0.524298 0.349734
vn 0.804623 0.533300 0.261099
v 0.048299 -0.068129 0.130040
vt 0.494113 0.382863
vn 0.936849 -0.041320 0.347286
v 0.057988 -0.088768 0.135713
vt 0.488662 0.350785
vn 0.777949 0.572676 0.258530
v -0.154972 0.109807 0.132224
vt 0.356143 0.716402
vn 0.514493 0.792282 0.328003
v -0.153442 0.100279 0.155499
vt 0.339192 0.694320
vn 0.511381 0.791130 0.335563
v 0.094737 -0.156925 0.155499
vt 0.512338 0.257418
vn -0.045010 0.141775 0.988875
v 0.101922 -0.152113 0.155286
vt 0.520944 0.261174
vn -0.045434 0.142190 0.988796
v 0.084925 -0.113032 0.116775
vt 0.525550 0.320507
vn 0.749009 0.610718 0.256922
v 0.078093 -0.117316 0.146042
vt 0.498476 0.305854
vn 0.753824 0.604110 0.258460
v 0.000000 0.000000 0.119260
vt 0.475093 0.495247
vn -0.000015 -0.000015 1.000000
v -0.012999 -0.026992 0.119260
vt 0.447874 0.473622
vn -0.000015 -0.000015 1.000000
v -0.023423 -0.018679 0.119260
vt 0.441483 0.487691
vn -0.000015 -0.000015 1.000000
v 0.109953 -0.152253 0.131790
vt 0.546180 0.271172
vn 0.773968 0.577766 0.259153
v 0.101922 -0.152113 0.155286
vt 0.520944 0.261174
vn 0.773646 0.578164 0.259226
v 0.032654 -0.062960 0.127784
vt 0.479634 0.397305
vn -0.074617 0.210661 0.974707
v 0.026430 -0.071527 0.128778
vt 0.465471 0.390162
vn -0.091434 0.179185 0.979557
v -0.207478 0.165459 0.164789
vt 0.123681 0.783116
vn 0.684985 -0.546320 0.482007
v -0.210930 0.168211 0.172343
vt 0.115756 0.789506
vn 0.684985 -0.546320 0.482007
v -0.140110 0.103064 0.128809
vt 0.368847 0.703368
vn 0.428880 0.773329 0.466931
v -0.117345 0.078273 0.146194
vt 0.378419 0.661754
vn 0.481578 0.750655 0.452326
v -0.115327 0.081614 0.144973
vt 0.382338 0.664001
vn 0.418243 0.710054 0.566476
v 0.147191 -0.198327 0.154192
vt 0.566819 0.196217
vn -0.494005 0.549981 0.673410
v 0.145805 -0.186503 0.140932
vt 0.577305 0.213375
vn -0.589055 0.663893 0.460717
v -0.029208 -0.006666 0.119260
vt 0.441128 0.503244
vn -0.000015 -0.000015 1.000000
v 0.000000 -0.029959 0.119260
vt 0.459897 0.464114
vn -0.000015 -0.000015 1.000000
v -0.161116 0.166404 0.120709
vt 0.224129 0.752525
vn 0.694300 -0.717237 0.059319
v -0.160493 0.165759 0.109503
vt 0.235735 0.740465
vn 0.694300 -0.717237 0.059319
v 0.057988 -0.088768 0.135713
vt 0.488662 0.350785
vn -0.109903 0.238260 0.964963
v 0.048299 -0.068129 0.130040
vt 0.494113 0.382863
vn -0.135717 0.165993 0.976743
v -0.049788 -0.050511 0.128069
vt 0.384848 0.460740
vn 0.203385 0.127058 0.970820
v 0.071763 -0.121436 0.146194
vt 0.490652 0.303547
vn -0.115103 0.226073 0.967286
v 0.078093 -0.117316 0.146042
vt 0.498476 0.305854
vn -0.114216 0.223988 0.967876
v -0.207478 0.165459 0.164789
vt 0.123681 0.783116
vn 0.116886 -0.093323 0.988751
v -0.203570 0.162342 0.164351
vt 0.129708 0.778255
vn 0.326496 -0.260453 0.908606
v -0.174139 0.155397 0.133080
vt 0.192308 0.745784
vn 0.426269 -0.802266 0.417928
v -0.161116 0.166404 0.120709
vt 0.224129 0.752525
vn 0.687042 -0.705310 0.174672
v -0.121261 0.071815 0.146042
vt 0.372309 0.656341
vn 0.199963 -0.152223 0.967907
v -0.117345 0.078273 0.146194
vt 0.378419 0.661754
vn 0.201783 -0.153704 0.967295
v -0.013344 -0.027709 0.114696
vt 0.443606 0.470191
vn 0.245777 0.510289 0.824135
v -0.016712 -0.034703 0.120031
vt 0.434589 0.462802
vn 0.245777 0.510289 0.824135
v -0.024045 -0.019176 0.114696
vt 0.436414 0.486530
vn 0.442831 0.353142 0.824131
v -0.030114 -0.024015 0.120031
vt 0.425974 0.483853
vn 0.442831 0.353142 0.824131
v 0.026430 -0.043805 0.123112
vt 0.484208 0.427343
vn -0.628504 -0.717016 0.301448
v 0.022772 -0.048606 0.104556
vt 0.469951 0.424230
vn -0.615083 -0.727998 0.302807
v 0.016359 -0.040533 0.121319
vt 0.472699 0.439174
vn -0.040522 -0.942911 0.330571
v 0.016136 -0.046305 0.105366
vt 0.465415 0.427890
vn -0.036733 -0.943030 0.330673
v 0.149620 -0.229721 0.172343
vt 0.727665 0.106626
vn -0.000015 -0.000015 1.000000
v 0.118949 -0.247000 0.172343
vt 0.675250 0.077468
vn -0.000015 -0.000015 1.000000
v 0.147239 -0.226068 0.172343
vt 0.724795 0.111901
vn -0.000015 -0.000015 1.000000
v 0.117058 -0.243071 0.172343
vt 0.672875 0.082470
vn -0.000015 -0.000015 1.000000
v 0.026430 -0.071527 0.128778
vt 0.465471 0.390162
vn -0.556939 0.802809 0.212875
v 0.023132 -0.066987 0.102434
vt 0.463830 0.410332
vn -0.566265 0.796233 0.212971
v -0.090760 0.054817 0.135713
vt 0.400235 0.619826
vn 0.202273 -0.167010 0.964984
v -0.082282 0.065618 0.135780
vt 0.412600 0.626388
vn 0.202287 -0.161306 0.965950
v -0.131570 0.104923 0.127256
vt 0.377271 0.700426
vn -0.326713 0.260480 0.908520
v -0.111055 0.088563 0.139068
vt 0.391629 0.670334
vn -0.202026 0.161098 0.966040
v -0.029208 0.006666 0.119260
vt 0.447881 0.516888
vn -0.000015 -0.000015 1.000000
v 0.012999 -0.026992 0.119260
vt 0.475155 0.460659
vn -0.000015 -0.000015 1.000000
v -0.183490 0.146328 0.132064
vt 0.170700 0.745201
vn 0.722893 -0.576545 0.380817
v -0.202063 0.144428 0.155672
vt 0.133992 0.752681
vn 0.640664 -0.347427 0.684721
v -0.194310 0.154957 0.155824
vt 0.144177 0.766589
vn 0.561078 -0.447442 0.696411
v -0.073076 0.040425 0.130040
vt 0.408836 0.588678
vn 0.187799 -0.119739 0.974882
v -0.064389 0.051348 0.130454
vt 0.426480 0.597231
vn 0.181390 -0.145307 0.972617
v 0.171161 -0.155383 0.121034
vt 0.742436 0.255783
vn -0.739915 0.671565 0.039066
v 0.170831 -0.155080 0.109508
vt 0.729781 0.267019
vn -0.739915 0.671565 0.039066
v 0.073371 -0.058456 0.082222
vt 0.542150 0.354860
vn 0.731857 -0.582233 0.354105
v 0.060928 -0.047950 0.130040
vt 0.519999 0.402936
vn 0.730487 -0.583936 0.354130
v 0.172272 -0.202254 0.164408
vt 0.767277 0.156304
vn -0.020217 0.020979 0.999575
v 0.168831 -0.198216 0.164351
vt 0.763057 0.163683
vn -0.020217 0.020979 0.999575
v -0.037551 -0.008571 0.120031
vt 0.424716 0.507986
vn 0.552158 0.125965 0.824169
v -0.029984 -0.006844 0.114696
vt 0.435852 0.504700
vn 0.552158 0.125965 0.824169
v 0.000000 -0.038517 0.120031
vt 0.451683 0.449638
vn -0.000021 0.566382 0.824143
v 0.000000 -0.030755 0.114696
vt 0.457336 0.459440
vn -0.000021 0.566382 0.824143
v -0.013344 -0.027709 0.114696
vt 0.443606 0.470191
vn -0.427416 -0.887570 0.171860
v -0.024045 -0.019176 0.114696
vt 0.436414 0.486530
vn -0.770193 -0.614221 0.171858
v -0.012999 -0.026992 0.119260
vt 0.447874 0.473622
vn -0.427416 -0.887570 0.171860
v -0.023423 -0.018679 0.119260
vt 0.441483 0.487691
vn -0.770193 -0.614221 0.171858
v -0.082282 0.065618 0.135780
vt 0.412600 0.626388
vn 0.080590 -0.064211 0.994677
v 0.147191 -0.198327 0.154192
vt 0.733389 0.168507
vn -0.494005 0.549981 0.673410
v 0.168831 -0.198216 0.164351
vt 0.763057 0.163683
vn -0.401916 0.443979 0.800841
v -0.023423 0.018679 0.119260
vt 0.460238 0.526295
vn -0.000015 -0.000015 1.000000
v 0.023423 -0.018679 0.119260
vt 0.490172 0.463780
vn -0.000015 -0.000015 1.000000
v -0.183490 0.146328 0.132064
vt 0.354901 0.784246
vn 0.722893 -0.576545 0.380817
v -0.185771 0.164859 0.155672
vt 0.383945 0.800571
vn 0.481215 -0.547357 0.684713
v -0.174139 0.155397 0.133080
vt 0.366917 0.775498
vn 0.426269 -0.802266 0.417928
v -0.180188 0.167295 0.155352
vt 0.388491 0.795565
vn 0.024657 -0.814690 0.579373
v -0.131657 0.113663 0.128809
vt 0.380286 0.708821
vn -0.658526 -0.590252 0.466846
v -0.105231 0.094275 0.144973
vt 0.402396 0.673570
vn -0.599174 -0.565885 0.566361
v -0.185771 0.164859 0.155672
vt 0.155610 0.779490
vn 0.481215 -0.547357 0.684713
v -0.029984 -0.006844 0.114696
vt 0.435852 0.504700
vn -0.960418 -0.219239 0.171849
v -0.029208 -0.006666 0.119260
vt 0.441128 0.503244
vn -0.960418 -0.219239 0.171849
v 0.000000 -0.030755 0.114696
vt 0.457336 0.459440
vn -0.000018 -0.985120 0.171869
v 0.000000 -0.029959 0.119260
vt 0.459897 0.464114
vn -0.000018 -0.985120 0.171869
v -0.063424 0.042331 0.128817
vt 0.421151 0.585971
vn 0.193982 -0.099422 0.975954
v -0.063424 0.031742 0.127449
vt 0.414665 0.571368
vn 0.218163 -0.048314 0.974716
v -0.075699 0.016766 0.130040
vt 0.394464 0.558601
vn 0.196391 -0.030819 0.980041
v 0.175351 -0.158324 0.138830
vt 0.763974 0.237987
vn -0.656939 0.621499 0.426814
v 0.171161 -0.155383 0.121034
vt 0.742436 0.255783
vn -0.704818 0.658953 0.262703
v -0.057200 0.050898 0.128993
vt 0.435210 0.593255
vn 0.182895 -0.125135 0.975136
v -0.047130 0.054170 0.127477
vt 0.450936 0.590742
vn 0.093594 -0.210319 0.973142
v -0.055673 0.062248 0.130040
vt 0.444243 0.605488
vn 0.160591 -0.156334 0.974562
v -0.057761 0.080035 0.087137
vt 0.464686 0.645928
vn 0.063060 0.933168 0.353865
v -0.055673 0.062248 0.130040
vt 0.444243 0.605488
vn 0.177298 0.920893 0.347162
v -0.067695 0.085375 0.095686
vt 0.457524 0.648514
vn 0.698981 0.665787 0.261061
v -0.073639 0.076286 0.135713
vt 0.425492 0.631848
vn 0.731381 0.631057 0.258552
v 0.086767 -0.047047 0.087137
vt 0.550203 0.364639
vn 0.348064 -0.868160 0.353766
v 0.077168 -0.031928 0.130040
vt 0.550582 0.409901
vn 0.239773 -0.906654 0.347114
v 0.060928 -0.047950 0.130040
vt 0.519999 0.402936
vn -0.172723 0.127784 0.976646
v 0.059899 -0.019394 0.125830
vt 0.535397 0.434075
vn -0.178223 0.123280 0.976237
v 0.032654 -0.052371 0.125489
vt 0.486401 0.411939
vn -0.171308 0.137481 0.975578
v 0.145805 -0.186503 0.140932
vt 0.729655 0.192117
vn -0.589055 0.663893 0.460717
v 0.182248 -0.164604 0.152624
vt 0.786656 0.217693
vn -0.519230 0.495471 0.696354
v 0.175351 -0.158324 0.138830
vt 0.771902 0.232537
vn -0.656939 0.621499 0.426814
v -0.189233 0.177454 0.163511
vt 0.154239 0.801719
vn 0.233083 -0.229689 0.944942
v -0.073639 0.076286 0.135713
vt 0.425492 0.631848
vn 0.207896 -0.160137 0.964954
v -0.166360 0.151078 0.133891
vt 0.370942 0.766081
vn -0.632108 -0.712345 0.304967
v -0.176478 0.172183 0.162409
vt 0.399119 0.797411
vn -0.547608 -0.755907 0.358790
v -0.182847 0.174919 0.162682
vt 0.396259 0.804723
vn -0.142318 -0.758304 0.636176
v -0.012999 0.026992 0.119260
vt 0.475305 0.530059
vn -0.000015 -0.000015 1.000000
v 0.029208 -0.006666 0.119260
vt 0.502044 0.473472
vn -0.000015 -0.000015 1.000000
v 0.027095 -0.061388 0.102744
vt 0.468821 0.413189
vn -0.914238 0.335009 0.227900
v 0.032654 -0.062960 0.127784
vt 0.479634 0.397305
vn -0.909403 0.348467 0.227062
v -0.030835 0.031742 0.121460
vt 0.458803 0.550075
vn 0.162198 -0.148732 0.975485
v -0.030835 0.042331 0.123420
vt 0.465683 0.564664
vn 0.072399 -0.236541 0.968920
v -0.016712 0.034702 0.120031
vt 0.476015 0.547077
vn 0.083389 -0.258047 0.962527
v -0.091301 0.107948 0.116775
vt 0.445432 0.675224
vn 0.762096 0.594301 0.256937
v -0.096997 0.102240 0.146042
vt 0.414658 0.676547
vn 0.756697 0.600491 0.258494
v -0.102423 0.096985 0.146194
vt 0.406609 0.675203
vn -0.624722 -0.636541 0.452259
v -0.131910 0.127281 0.155499
vt 0.405971 0.726182
vn -0.657543 -0.674643 0.335400
v -0.141539 0.126652 0.132224
vt 0.378140 0.726888
vn -0.657926 -0.677932 0.327935
v -0.047130 0.019904 0.123151
vt 0.428169 0.544562
vn 0.091285 0.949192 0.301166
v -0.047036 0.025947 0.104512
vt 0.437641 0.556196
vn 0.068187 0.950567 0.302940
v -0.029984 0.006844 0.114696
vt 0.443567 0.520194
vn 0.552176 -0.126014 0.824149
v -0.037551 0.008571 0.120031
vt 0.434249 0.526974
vn 0.552176 -0.126014 0.824149
v 0.013344 -0.027709 0.114696
vt 0.475286 0.455355
vn -0.245832 0.510303 0.824110
v 0.016712 -0.034702 0.120031
vt 0.475982 0.444477
vn -0.245832 0.510303 0.824110
v -0.030835 0.042331 0.123420
vt 0.465683 0.564664
vn -0.872327 -0.385928 0.300177
v -0.036413 0.040375 0.105046
vt 0.451222 0.563056
vn -0.883710 -0.357633 0.301917
v -0.037059 0.050898 0.125912
vt 0.462580 0.579418
vn -0.499930 -0.823207 0.269074
v -0.040565 0.045954 0.104385
vt 0.449904 0.568940
vn -0.517021 -0.812154 0.270360
v -0.137956 0.184931 0.109514
vt 0.268960 0.769074
vn 0.594008 -0.802949 0.049278
v -0.138227 0.185295 0.121034
vt 0.258717 0.782767
vn 0.593889 -0.803039 0.049231
v -0.184777 0.190898 0.164409
vt 0.165026 0.825482
vn 0.063395 -0.073032 0.995313
v -0.102423 0.096985 0.146194
vt 0.406609 0.675203
vn 0.194783 -0.162525 0.967287
v -0.096997 0.102240 0.146042
vt 0.414658 0.676547
vn 0.192895 -0.161105 0.967903
v -0.152838 0.176477 0.134820
vt 0.225043 0.782168
vn 0.801480 -0.463822 0.377490
v -0.040742 0.084502 0.082222
vt 0.476354 0.650778
vn -0.406846 0.842091 0.354061
v -0.034089 0.069638 0.130040
vt 0.475179 0.597859
vn -0.404832 0.843031 0.354133
v 0.077168 -0.031928 0.130040
vt 0.550582 0.409901
vn -0.199429 0.068872 0.977489
v 0.192789 -0.175000 0.164351
vt 0.802249 0.200577
vn -0.438320 0.414998 0.797278
v -0.057904 0.040553 0.102782
vt 0.434565 0.571401
vn 0.922813 -0.315117 0.221622
v -0.063424 0.042331 0.128817
vt 0.421151 0.585971
vn 0.918181 -0.328522 0.221397
v 0.000000 0.029959 0.119260
vt 0.490161 0.526672
vn -0.000015 -0.000015 1.000000
v 0.029208 0.006666 0.119260
vt 0.508839 0.487542
vn -0.000015 -0.000015 1.000000
v -0.029984 0.006844 0.114696
vt 0.443567 0.520194
vn -0.960420 0.219199 0.171890
v -0.029208 0.006666 0.119260
vt 0.447881 0.516888
vn -0.960420 0.219199 0.171890
v 0.013344 -0.027709 0.114696
vt 0.475286 0.455355
vn 0.427375 -0.887580 0.171907
v 0.012999 -0.026992 0.119260
vt 0.475155 0.460659
vn 0.427375 -0.887580 0.171907
v 0.000201 -0.063147 0.126353
vt 0.435261 0.419791
vn 0.776396 0.582389 0.240898
v 0.000065 -0.062960 0.126309
vt 0.435231 0.420111
vn 0.776396 0.582389 0.240898
v 0.005761 -0.060965 0.104556
vt 0.452102 0.420911
vn 0.776396 0.582389 0.240898
v 0.189251 -0.131963 0.109506
vt 0.756802 0.301495
vn -0.819625 0.571566 0.039088
v 0.189621 -0.132222 0.121034
vt 0.770900 0.291815
vn -0.819625 0.571566 0.039088
v -0.034089 0.069638 0.130040
vt 0.475179 0.597859
vn 0.121502 -0.231919 0.965117
v -0.037059 0.050898 0.125912
vt 0.462580 0.579418
vn 0.062291 -0.212934 0.975079
v -0.187637 0.193852 0.172343
vt 0.156479 0.833144
vn 0.615304 -0.631929 0.471239
v -0.184777 0.190898 0.164409
vt 0.165026 0.825482
vn 0.615458 -0.631820 0.471184
v -0.189233 0.177454 0.163511
vt 0.393247 0.811580
vn 0.233083 -0.229689 0.944942
v -0.123969 0.141076 0.131790
vt 0.442426 0.728546
vn 0.735495 0.625991 0.259195
v -0.125620 0.133214 0.155286
vt 0.415354 0.726548
vn 0.735795 0.625597 0.259295
v 0.012999 0.026992 0.119260
vt 0.502085 0.516677
vn -0.000015 -0.000015 1.000000
v 0.023423 0.018679 0.119260
vt 0.509020 0.502859
vn -0.000015 -0.000015 1.000000
v 0.032654 -0.052371 0.125489
vt 0.486401 0.411939
vn -0.939845 -0.220935 0.260537
v 0.026957 -0.054367 0.103554
vt 0.471188 0.418512
vn -0.935109 -0.238416 0.262163
v -0.037059 0.023176 0.121331
vt 0.444103 0.541993
vn -0.520895 0.786358 0.332129
v -0.040413 0.028010 0.105125
vt 0.443288 0.555494
vn -0.526923 0.782257 0.332304
v -0.026560 0.095060 0.087137
vt 0.487564 0.644678
vn -0.763823 0.540176 0.353248
v -0.013956 0.082338 0.130040
vt 0.507145 0.604302
vn -0.826168 0.443645 0.347311
v 0.098033 -0.047548 0.095686
vt 0.557586 0.365460
vn -0.340917 -0.903150 0.260953
v 0.099446 -0.036781 0.135713
vt 0.579022 0.394029
vn -0.385219 -0.885898 0.258439
v 0.196721 -0.178564 0.164408
vt 0.807935 0.194829
vn -0.008009 0.007297 0.999941
v 0.192789 -0.175000 0.164351
vt 0.802249 0.200577
vn -0.008009 0.007297 0.999941
v -0.138227 0.185295 0.121034
vt 0.258717 0.782767
vn 0.562737 -0.787705 0.250694
v -0.149410 0.183687 0.140908
vt 0.227974 0.797867
vn 0.515255 -0.717701 0.468420
v -0.131910 0.127281 0.155499
vt 0.405971 0.726182
vn 0.128193 -0.075424 0.988877
v -0.125620 0.133214 0.155286
vt 0.415354 0.726548
vn 0.128487 -0.075905 0.988802
v -0.214339 0.170929 0.172343
vt 0.977760 0.951532
vn -0.781832 0.623489 0.000021
v -0.234475 0.142055 0.172343
vt 0.977760 0.990865
vn -0.855255 0.518208 -0.000021
v -0.214339 0.170929 0.160278
vt 0.991241 0.951532
vn -0.781832 0.623489 0.000021
v -0.234475 0.142055 0.160278
vt 0.991241 0.990865
vn -0.855255 0.518208 -0.000021
v -0.148955 0.168390 0.133808
vt 0.443342 0.772132
vn 0.731357 0.627497 0.267141
v -0.168405 0.179628 0.161597
vt 0.411731 0.798106
vn 0.750394 0.586179 0.305455
v 0.189621 -0.132222 0.121034
vt 0.770900 0.291815
vn -0.798712 0.540801 0.263807
v 0.193807 -0.135138 0.139032
vt 0.793937 0.276144
vn -0.750894 0.498671 0.432996
v -0.053847 0.046064 0.102986
vt 0.439622 0.574747
vn 0.586475 -0.778240 0.224478
v -0.057200 0.050898 0.128993
vt 0.435210 0.593255
vn 0.587122 -0.777744 0.224503
v -0.030114 0.024015 0.120031
vt 0.453525 0.540576
vn 0.170590 -0.138404 0.975573
v -0.182847 0.174919 0.162682
vt 0.396259 0.804723
vn 0.159279 -0.097921 0.982365
v -0.172987 0.185212 0.161421
vt 0.412125 0.806465
vn 0.490735 -0.049601 0.869896
v -0.174071 0.193123 0.163996
vt 0.414521 0.815372
vn 0.191591 -0.196823 0.961537
v -0.176478 0.172183 0.162409
vt 0.399119 0.797411
vn 0.100280 -0.024827 0.994649
v -0.168405 0.179628 0.161597
vt 0.411731 0.798106
vn 0.101776 -0.027626 0.994424
v -0.152838 0.176477 0.134820
vt 0.443633 0.782537
vn 0.801480 -0.463822 0.377490
v 0.037551 0.008571 0.120031
vt 0.525201 0.484726
vn -0.247407 -0.122536 0.961132
v 0.043604 0.003033 0.121425
vt 0.527845 0.475377
vn -0.231527 -0.006708 0.972805
v 0.037551 -0.008571 0.120031
vt 0.514071 0.462514
vn -0.227229 0.121188 0.966271
v 0.043604 -0.007556 0.121443
vt 0.520397 0.460423
vn -0.228424 0.015285 0.973442
v -0.214339 0.170929 0.172343
vt 0.111444 0.792982
vn -0.000015 -0.000015 1.000000
v -0.210930 0.168211 0.172343
vt 0.115756 0.789506
vn -0.000015 -0.000015 1.000000
v 0.049828 0.011600 0.123276
vt 0.542172 0.483174
vn -0.225926 -0.135515 0.964673
v -0.030114 0.024015 0.120031
vt 0.453525 0.540576
vn 0.442841 -0.353200 0.824100
v -0.024045 0.019176 0.114696
vt 0.458060 0.531008
vn 0.442841 -0.353200 0.824100
v 0.030114 -0.024015 0.120031
vt 0.497633 0.448241
vn -0.442889 0.353149 0.824097
v 0.024045 -0.019176 0.114696
vt 0.492526 0.458817
vn -0.442889 0.353149 0.824097
v -0.024045 0.019176 0.114696
vt 0.458060 0.531008
vn -0.770209 0.614187 0.171909
v -0.023423 0.018679 0.119260
vt 0.460238 0.526295
vn -0.770209 0.614187 0.171909
v 0.024045 -0.019176 0.114696
vt 0.492526 0.458817
vn 0.770167 -0.614239 0.171911
v 0.023423 -0.018679 0.119260
vt 0.490172 0.463780
vn 0.770167 -0.614239 0.171911
v -0.174071 0.193123 0.163996
vt 0.185472 0.831539
vn 0.191591 -0.196823 0.961537
v -0.030835 0.031742 0.121460
vt 0.458803 0.550075
vn -0.911463 0.245684 0.329962
v -0.036355 0.033521 0.105328
vt 0.448706 0.557739
vn -0.906281 0.263375 0.330587
v -0.160602 0.187632 0.154192
vt 0.428466 0.804975
vn 0.428549 -0.605951 0.670201
v -0.149410 0.183687 0.140908
vt 0.445352 0.794077
vn 0.515255 -0.717701 0.468420
v 0.000000 0.038517 0.120031
vt 0.496824 0.542327
vn 0.055295 -0.267223 0.962047
v 0.004366 0.050974 0.123109
vt 0.507612 0.555896
vn 0.062564 -0.243199 0.967957
v 0.177767 -0.208703 0.172343
vt 0.955626 0.875005
vn 0.648382 -0.761315 -0.000022
v 0.177767 -0.208703 0.160278
vt 0.969107 0.875005
vn 0.648382 -0.761315 -0.000022
v 0.193807 -0.135138 0.139032
vt 0.799668 0.266266
vn -0.750894 0.498671 0.432996
v 0.202686 -0.141322 0.154308
vt 0.819379 0.253851
vn -0.594220 0.390643 0.703065
v -0.024542 0.106156 0.095686
vt 0.494298 0.647267
vn -0.956358 -0.131407 0.260982
v -0.013730 0.105137 0.135713
vt 0.525688 0.631157
vn -0.949410 -0.178426 0.258426
v 0.129096 -0.057643 0.116775
vt 0.579697 0.346309
vn -0.428802 -0.866104 0.256893
v 0.131752 -0.050030 0.146042
vt 0.608040 0.358322
vn -0.421209 -0.869386 0.258360
v -0.113473 0.201402 0.121034
vt 0.296880 0.807906
vn 0.490382 -0.870629 0.039119
v -0.113253 0.201008 0.109506
vt 0.305351 0.793054
vn 0.490382 -0.870629 0.039119
v 0.174939 -0.205384 0.172343
vt 0.772825 0.146990
vn -0.575749 0.675891 0.460092
v 0.172272 -0.202254 0.164408
vt 0.767277 0.156304
vn -0.575749 0.675891 0.460092
v -0.047224 0.048127 0.103598
vt 0.445571 0.573386
vn 0.041595 -0.968893 0.243960
v -0.047130 0.054170 0.127477
vt 0.450936 0.590742
vn 0.051180 -0.968524 0.243601
v 0.204533 -0.106760 0.109514
vt 0.779146 0.339033
vn -0.883466 0.465902 0.049234
v 0.204935 -0.106970 0.121034
vt 0.794343 0.331185
vn -0.883531 0.465783 0.049188
v 0.177767 -0.208703 0.172343
vt 0.775817 0.142183
vn -0.000015 -0.000015 1.000000
v 0.174939 -0.205384 0.172343
vt 0.772825 0.146990
vn -0.000015 -0.000015 1.000000
v 0.080291 -0.018326 0.130454
vt 0.562768 0.424449
vn -0.225738 0.050094 0.972899
v 0.069969 -0.016122 0.127948
vt 0.551213 0.431568
vn -0.221007 0.037189 0.974563
v 0.083379 -0.004715 0.130040
vt 0.575380 0.439660
vn -0.219923 0.053786 0.974033
v 0.076193 -0.007556 0.128721
vt 0.564985 0.439391
vn -0.208620 0.059088 0.976210
v 0.099446 -0.036781 0.135713
vt 0.579022 0.394029
vn -0.256798 0.054062 0.964952
v 0.102604 -0.023418 0.135780
vt 0.588255 0.404410
vn -0.252321 0.057566 0.965930
v 0.213584 -0.148911 0.164351
vt 0.836483 0.242958
vn -0.497513 0.332065 0.801382
v -0.115980 0.205845 0.139032
vt 0.282985 0.832055
vn 0.460054 -0.775141 0.433021
v -0.113473 0.201402 0.121034
vt 0.296880 0.807906
vn 0.484965 -0.833807 0.263769
v -0.158850 0.212959 0.164409
vt 0.209638 0.864050
vn 0.015979 -0.024325 0.999576
v -0.155678 0.208705 0.164351
vt 0.215816 0.858266
vn 0.015980 -0.024422 0.999574
v -0.161308 0.216254 0.172343
vt 0.201800 0.871693
vn 0.530856 -0.711731 0.460034
v -0.158850 0.212959 0.164409
vt 0.209638 0.864050
vn 0.530963 -0.711683 0.459984
v -0.155678 0.208705 0.164351
vt 0.215816 0.858266
vn 0.333965 -0.484204 0.808711
v -0.160602 0.187632 0.154192
vt 0.213590 0.828352
vn 0.428549 -0.605951 0.670201
v 0.030731 0.042407 0.123424
vt 0.538507 0.525611
vn -0.644100 0.714375 0.273503
v 0.027159 0.047043 0.102909
vt 0.532033 0.539922
vn -0.600401 0.750892 0.275098
v 0.036955 0.050974 0.125914
vt 0.552104 0.532950
vn -0.946168 0.193888 0.259179
v 0.031174 0.052744 0.103614
vt 0.537141 0.542397
vn -0.929721 0.259560 0.261243
v 0.010590 0.070129 0.127367
vt 0.528635 0.577106
vn 0.514776 -0.819220 0.252751
v 0.014162 0.065494 0.105201
vt 0.528512 0.558833
vn 0.550462 -0.795111 0.254538
v 0.004366 0.061563 0.125605
vt 0.514717 0.569947
vn 0.883859 -0.379922 0.272860
v 0.010147 0.059793 0.104496
vt 0.523287 0.555765
vn 0.904279 -0.326320 0.275307
v 0.204935 -0.106970 0.121034
vt 0.794343 0.331185
vn -0.848813 0.465492 0.250668
v 0.214312 -0.100670 0.140908
vt 0.828620 0.331039
vn -0.775680 0.423059 0.468339
v 0.217938 -0.151942 0.164408
vt 0.843367 0.238628
vn -0.008906 0.006180 0.999941
v 0.213584 -0.148911 0.164351
vt 0.836483 0.242958
vn -0.008906 0.006180 0.999941
v 0.098587 0.004742 0.087137
vt 0.618701 0.450563
vn 0.696679 0.624377 0.353258
v 0.108955 0.000305 0.095686
vt 0.620024 0.443071
vn 0.084681 0.961611 0.261024
v 0.083379 -0.004715 0.130040
vt 0.575380 0.439660
vn 0.616402 0.706685 0.347340
v 0.105556 -0.010009 0.135713
vt 0.596604 0.415588
vn 0.037272 0.965309 0.258438
v -0.013344 0.027709 0.114696
vt 0.475497 0.535488
vn -0.427430 0.887553 0.171911
v -0.012999 0.026992 0.119260
vt 0.475305 0.530059
vn -0.427430 0.887553 0.171911
v 0.029984 -0.006844 0.114696
vt 0.506013 0.469965
vn 0.960408 -0.219247 0.171895
v 0.029208 -0.006666 0.119260
vt 0.502044 0.473472
vn 0.960408 -0.219247 0.171895
v -0.121296 0.215269 0.154308
vt 0.271422 0.870536
vn 0.365754 -0.609813 0.703102
v -0.149410 0.183687 0.140908
vt 0.235652 0.819269
vn 0.515255 -0.717701 0.468420
v -0.115980 0.205845 0.139032
vt 0.283780 0.850784
vn 0.460054 -0.775141 0.433021
v 0.076193 0.003033 0.129007
vt 0.570643 0.454004
vn -0.925639 -0.291336 0.241486
v 0.070498 0.001193 0.104803
vt 0.553524 0.457240
vn -0.924640 -0.294529 0.241440
v 0.069969 0.011600 0.128263
vt 0.567813 0.469903
vn -0.616010 -0.747511 0.248514
v 0.066471 0.006715 0.104705
vt 0.551721 0.463316
vn -0.589339 -0.768415 0.249435
v 0.091449 0.020917 0.082222
vt 0.626602 0.460544
vn 0.911484 0.209276 0.354120
v 0.075477 0.017739 0.130040
vt 0.575269 0.473872
vn 0.911972 0.207059 0.354165
v 0.199766 -0.181327 0.172343
vt 0.815252 0.187407
vn -0.657434 0.596694 0.460149
v 0.196721 -0.178564 0.164408
vt 0.807935 0.194829
vn -0.657434 0.596694 0.460149
v 0.221312 -0.154293 0.172343
vt 0.852047 0.233117
vn -0.728311 0.507843 0.460064
v 0.217938 -0.151942 0.164408
vt 0.843367 0.238628
vn -0.728311 0.507843 0.460064
v -0.013344 0.027709 0.114696
vt 0.475497 0.535488
vn 0.245781 -0.510345 0.824099
v -0.016712 0.034702 0.120031
vt 0.476015 0.547077
vn 0.245781 -0.510345 0.824099
v 0.029984 -0.006844 0.114696
vt 0.506013 0.469965
vn -0.552211 0.125966 0.824133
v 0.037551 -0.008571 0.120031
vt 0.514071 0.462514
vn -0.552211 0.125966 0.824133
v 0.105556 -0.010009 0.135713
vt 0.596604 0.415588
vn -0.254806 0.062679 0.964959
v -0.027472 0.138686 0.116775
vt 0.505455 0.674422
vn -0.939817 -0.225336 0.256842
v -0.019458 0.139581 0.146042
vt 0.536211 0.675955
vn -0.941317 -0.217217 0.258338
v 0.090881 0.038504 0.087137
vt 0.623945 0.472980
vn 0.895756 -0.269216 0.353756
v 0.073076 0.040426 0.130040
vt 0.588872 0.501982
vn 0.858354 -0.377827 0.347096
v 0.030114 0.024015 0.120031
vt 0.525799 0.506346
vn -0.233124 -0.151823 0.960522
v 0.030731 0.042407 0.123424
vt 0.538507 0.525611
vn -0.206933 -0.143608 0.967758
v -0.013956 0.082338 0.130040
vt 0.507145 0.604302
vn 0.024978 -0.195625 0.980361
v -0.013730 0.105137 0.135713
vt 0.525688 0.631157
vn -0.004417 -0.262405 0.964948
v 0.000000 0.082356 0.130454
vt 0.523914 0.596517
vn 0.015765 -0.205716 0.978485
v 0.000000 0.105243 0.135780
vt 0.538349 0.625850
vn -0.000019 -0.258731 0.965949
v -0.127822 0.226835 0.164351
vt 0.260683 0.887770
vn 0.304083 -0.515114 0.801368
v 0.172903 -0.073317 0.131790
vt 0.605342 0.299426
vn -0.391127 -0.883119 0.259075
v 0.170979 -0.065517 0.155286
vt 0.628918 0.312884
vn -0.391228 -0.883087 0.259032
v 0.040089 0.084813 0.082222
vt 0.597231 0.592270
vn 0.405283 0.842813 0.354137
v 0.033190 0.070070 0.130040
vt 0.555976 0.559437
vn 0.405283 0.842813 0.354137
v 0.026560 0.095060 0.087137
vt 0.586008 0.597804
vn 0.771814 0.529085 0.352664
v 0.013956 0.082338 0.130040
vt 0.541505 0.588741
vn 0.833314 0.431192 0.345922
v 0.134360 -0.042941 0.146194
vt 0.614727 0.362992
vn -0.246011 0.061897 0.967289
v 0.131752 -0.050030 0.146042
vt 0.608040 0.358322
vn -0.243699 0.061483 0.967900
v -0.086792 0.214259 0.121034
vt 0.338059 0.827883
vn 0.375183 -0.926125 0.039128
v -0.086626 0.213843 0.109508
vt 0.344562 0.812267
vn 0.375183 -0.926125 0.039128
v 0.024542 0.106156 0.095686
vt 0.583587 0.605000
vn 0.956344 -0.131411 0.261031
v 0.013730 0.105137 0.135713
vt 0.550594 0.619496
vn 0.949396 -0.178431 0.258476
v 0.030731 0.070129 0.129726
vt 0.553462 0.561652
vn -0.563433 -0.792116 0.234725
v 0.027157 0.065492 0.105196
vt 0.539177 0.554133
vn -0.577303 -0.781990 0.234974
v 0.020660 0.073401 0.129072
vt 0.543760 0.573921
vn -0.046007 -0.970346 0.237302
v 0.020659 0.067671 0.105468
vt 0.534424 0.558220
vn -0.023332 -0.971049 0.237738
v 0.057761 0.080035 0.087137
vt 0.600305 0.579293
vn -0.049708 0.933800 0.354327
v 0.055673 0.062249 0.130040
vt 0.581105 0.538005
vn -0.163431 0.923028 0.348295
v 0.214312 -0.100670 0.140908
vt 0.829262 0.315518
vn -0.775680 0.423059 0.468339
v 0.226108 -0.099367 0.154192
vt 0.853063 0.316909
vn -0.649009 0.359980 0.670225
v 0.217360 -0.080019 0.120709
vt 0.812371 0.373566
vn -0.936776 0.344874 0.059276
v 0.216519 -0.079708 0.109502
vt 0.796669 0.379359
vn -0.936776 0.344874 0.059276
v 0.141322 -0.004077 0.116775
vt 0.643391 0.425074
vn -0.010524 0.966384 0.256888
v 0.140411 -0.012089 0.146042
vt 0.637550 0.394787
vn -0.002302 0.966031 0.258416
v 0.013956 0.082338 0.130040
vt 0.541505 0.588741
vn -0.002620 -0.223317 0.974742
v 0.013730 0.105137 0.135713
vt 0.550594 0.619496
vn 0.004379 -0.262396 0.964950
v 0.102604 -0.023418 0.135780
vt 0.588255 0.404410
vn -0.100429 0.022877 0.994681
v 0.135714 -0.039280 0.144973
vt 0.617825 0.366279
vn 0.294301 0.769801 0.566386
v 0.134360 -0.042941 0.146194
vt 0.614727 0.362992
vn 0.286701 0.844492 0.452366
v 0.000000 0.030755 0.114696
vt 0.492407 0.531677
vn -0.000018 0.985113 0.171910
v 0.000000 0.029959 0.119260
vt 0.490161 0.526672
vn -0.000018 0.985113 0.171910
v 0.029984 0.006844 0.114696
vt 0.514087 0.486500
vn 0.960410 0.219206 0.171937
v 0.029208 0.006666 0.119260
vt 0.508839 0.487542
vn 0.960410 0.219206 0.171937
v 0.098297 0.047000 0.095686
vt 0.627978 0.479119
vn 0.493496 -0.829648 0.261046
v 0.090760 0.054817 0.135713
vt 0.619259 0.513597
vn 0.452448 -0.853500 0.258511
v 0.138483 -0.031608 0.139068
vt 0.626146 0.373834
vn 0.251899 -0.057511 0.966043
v -0.089291 0.218727 0.138830
vt 0.326416 0.853271
vn 0.322156 -0.844999 0.426841
v -0.086792 0.214259 0.121034
vt 0.338059 0.827883
vn 0.349069 -0.899527 0.262684
v 0.139686 -0.019608 0.146194
vt 0.634372 0.387264
vn -0.248615 0.050976 0.967260
v 0.140411 -0.012089 0.146042
vt 0.637550 0.394787
vn -0.246225 0.050380 0.967902
v 0.000000 0.038517 0.120031
vt 0.496824 0.542327
vn -0.000021 -0.566431 0.824109
v 0.000000 0.030755 0.114696
vt 0.492407 0.531677
vn -0.000021 -0.566431 0.824109
v 0.037551 0.008571 0.120031
vt 0.525201 0.484726
vn -0.552229 -0.126016 0.824114
v 0.029984 0.006844 0.114696
vt 0.514087 0.486500
vn -0.552229 -0.126016 0.824114
v -0.190669 0.196986 0.160278
vt 0.991241 0.912198
vn -0.695535 0.718493 0.000022
v -0.190669 0.196986 0.172343
vt 0.977760 0.912198
vn -0.695535 0.718493 0.000022
v 0.230815 -0.120490 0.164351
vt 0.864041 0.288986
vn -0.511048 0.291279 0.808694
v -0.132450 0.235037 0.172343
vt 0.250823 0.903387
vn 0.435778 -0.773609 0.460029
v -0.130430 0.231456 0.164409
vt 0.256320 0.894657
vn 0.435778 -0.773609 0.460029
v 0.067694 0.085375 0.095686
vt 0.606578 0.575346
vn -0.699016 0.665773 0.261005
v 0.073638 0.076287 0.135713
vt 0.613343 0.540312
vn -0.731413 0.631042 0.258496
v 0.139318 -0.023493 0.144973
vt 0.631803 0.383548
vn -0.068827 -0.821329 0.566287
v 0.170979 -0.065517 0.155286
vt 0.628918 0.312884
vn -0.148709 0.012689 0.988800
v 0.174072 -0.057442 0.155499
vt 0.637229 0.317255
vn -0.148297 0.012295 0.988866
v 0.214273 -0.092686 0.134820
vt 0.824431 0.346458
vn -0.923360 0.070188 0.377465
v 0.217360 -0.080019 0.120709
vt 0.812371 0.373566
vn -0.925018 0.337373 0.174706
v 0.167936 -0.045283 0.128809
vt 0.652944 0.343983
vn 0.337189 0.817474 0.466947
v 0.174072 -0.057442 0.155499
vt 0.637229 0.317255
vn 0.299689 0.893096 0.335509
v 0.182474 -0.052698 0.132223
vt 0.662652 0.328609
vn 0.298583 0.896215 0.328096
v 0.053326 -0.011237 0.103405
vt 0.535495 0.454426
vn 0.523070 0.802241 0.287761
v 0.049828 -0.016122 0.123400
vt 0.523884 0.444360
vn 0.482981 0.827783 0.285492
v 0.049299 -0.005715 0.103307
vt 0.534642 0.459925
vn 0.896216 0.318003 0.309308
v 0.043604 -0.007556 0.121443
vt 0.520397 0.460423
vn 0.890494 0.334207 0.308749
v 0.164065 -0.037446 0.127256
vt 0.652059 0.352857
vn 0.407377 -0.093025 0.908510
v 0.139686 -0.019608 0.146194
vt 0.634372 0.387264
vn -0.108114 -0.885318 0.452244
v -0.011967 0.140547 0.146194
vt 0.544262 0.674657
vn 0.005596 -0.253609 0.967291
v -0.019458 0.139581 0.146042
vt 0.536211 0.675955
vn 0.005663 -0.251330 0.967885
v 0.207266 -0.087085 0.133808
vt 0.623310 0.259686
vn -0.386713 -0.882700 0.267007
v 0.229666 -0.088771 0.161597
vt 0.663034 0.249878
vn -0.421728 -0.853756 0.305363
v 0.235518 -0.122945 0.164408
vt 0.872098 0.286445
vn -0.787141 0.410787 0.460070
v 0.239163 -0.124849 0.172343
vt 0.882453 0.282946
vn -0.787141 0.410787 0.460070
v -0.187637 0.193852 0.172343
vt 0.156479 0.833144
vn -0.000015 -0.000015 1.000000
v -0.190669 0.196986 0.172343
vt 0.152017 0.837169
vn -0.000015 -0.000015 1.000000
v 0.049321 0.001126 0.103494
vt 0.536441 0.465311
vn 0.896874 -0.311626 0.313856
v 0.043604 0.003033 0.121425
vt 0.527845 0.475377
vn 0.888080 -0.336230 0.313469
v 0.013344 0.027709 0.114696
vt 0.506256 0.519770
vn 0.427389 0.887563 0.171959
v 0.012999 0.026992 0.119260
vt 0.502085 0.516677
vn 0.427389 0.887563 0.171959
v 0.024045 0.019176 0.114696
vt 0.514371 0.503965
vn 0.770183 0.614204 0.171962
v 0.023423 0.018679 0.119260
vt 0.509020 0.502859
vn 0.770183 0.614204 0.171962
v -0.058571 0.223161 0.109514
vt 0.385941 0.826278
vn 0.257788 -0.964952 0.049120
v -0.058687 0.223599 0.121034
vt 0.381387 0.842761
vn 0.257879 -0.964928 0.049123
v 0.170952 -0.032065 0.128809
vt 0.660929 0.353833
vn -0.050931 -0.882875 0.466839
v 0.059864 -0.013331 0.103751
vt 0.539315 0.450343
vn -0.042421 0.963149 0.265601
v 0.059899 -0.019394 0.125830
vt 0.535397 0.434075
vn -0.095931 0.959852 0.263593
v 0.027472 0.138686 0.116775
vt 0.596887 0.631143
vn 0.939801 -0.225343 0.256893
v 0.019458 0.139581 0.146042
vt 0.578570 0.655912
vn 0.941302 -0.217223 0.258389
v -0.092781 0.227378 0.152624
vt 0.316849 0.888864
vn 0.252792 -0.671763 0.696298
v -0.089291 0.218727 0.138830
vt 0.323619 0.869036
vn 0.322156 -0.844999 0.426841
v 0.073076 0.040426 0.130040
vt 0.588872 0.501982
vn -0.156029 -0.112545 0.981320
v 0.064388 0.051348 0.130454
vt 0.585100 0.519846
vn -0.158910 -0.118535 0.980152
v 0.090760 0.054817 0.135713
vt 0.619259 0.513597
vn -0.202414 -0.167025 0.964952
v 0.082282 0.065618 0.135780
vt 0.616885 0.527075
vn -0.202334 -0.161311 0.965940
v -0.033004 0.184883 0.131790
vt 0.508315 0.727950
vn -0.948007 -0.184801 0.259096
v -0.025829 0.181271 0.155286
vt 0.535394 0.725972
vn -0.947916 -0.185232 0.259121
v 0.055673 0.062249 0.130040
vt 0.581105 0.538005
vn -0.171927 -0.130404 0.976440
v 0.073638 0.076287 0.135713
vt 0.613343 0.540312
vn -0.207943 -0.160142 0.964943
v 0.202995 -0.184257 0.172343
vt 0.955626 0.914257
vn 0.740466 -0.672094 0.000022
v 0.202995 -0.184257 0.160278
vt 0.969107 0.914258
vn 0.740466 -0.672094 0.000022
v 0.224939 -0.051340 0.109523
vt 0.808970 0.421700
vn -0.973233 0.222095 0.059089
v 0.225378 -0.051441 0.121034
vt 0.825683 0.418046
vn -0.973233 0.222095 0.059089
v 0.013344 0.027709 0.114696
vt 0.506256 0.519770
vn -0.245836 -0.510359 0.824074
v 0.016712 0.034702 0.120031
vt 0.514991 0.526146
vn -0.245836 -0.510359 0.824074
v 0.024045 0.019176 0.114696
vt 0.514371 0.503965
vn -0.442899 -0.353207 0.824066
v 0.030114 0.024015 0.120031
vt 0.525799 0.506346
vn -0.442899 -0.353207 0.824066
v 0.214312 -0.100670 0.140908
vt 0.630964 0.239016
vn -0.775680 0.423059 0.468339
v 0.214273 -0.092686 0.134820
vt 0.627536 0.250171
vn -0.923360 0.070188 0.377465
v 0.226108 -0.099367 0.154192
vt 0.650900 0.236464
vn -0.649009 0.359980 0.670225
v 0.236217 -0.091813 0.161421
vt 0.666285 0.242166
vn -0.463737 -0.168329 0.869835
v -0.011967 0.140547 0.146194
vt 0.544262 0.674657
vn 0.887136 0.091559 0.452335
v -0.008097 0.141052 0.144973
vt 0.548475 0.673038
vn 0.815953 0.115690 0.566424
v 0.000000 0.105243 0.135780
vt 0.538349 0.625850
vn -0.000017 -0.103031 0.994678
v 0.011967 0.140547 0.146194
vt 0.572463 0.661319
vn -0.005633 -0.253618 0.967288
v 0.019458 0.139581 0.146042
vt 0.578570 0.655912
vn -0.005701 -0.251340 0.967882
v 0.181757 -0.023772 0.155499
vt 0.683794 0.374780
vn -0.117540 -0.934705 0.335425
v 0.187268 -0.031693 0.132223
vt 0.678010 0.347547
vn -0.119836 -0.937068 0.327937
v 0.000000 0.142044 0.139068
vt 0.559243 0.669839
vn -0.000019 0.258378 0.966044
v -0.058687 0.223599 0.121034
vt 0.381387 0.842761
vn 0.265163 -0.931435 0.249234
v -0.050445 0.231296 0.140932
vt 0.388293 0.876316
vn 0.242661 -0.853723 0.460731
v 0.224318 -0.064451 0.133080
vt 0.838129 0.393559
vn -0.732216 0.537759 0.417942
v 0.008097 0.141052 0.144973
vt 0.568541 0.663549
vn -0.815990 0.115688 0.566372
v 0.202995 -0.184257 0.172343
vt 0.819030 0.183609
vn -0.000015 -0.000015 1.000000
v 0.199766 -0.181327 0.172343
vt 0.815252 0.187407
vn -0.000015 -0.000015 1.000000
v 0.215435 -0.063935 0.133891
vt 0.686032 0.296356
vn 0.260350 0.916053 0.305065
v 0.233709 -0.078560 0.162409
vt 0.674116 0.255942
vn 0.165369 0.918611 0.358897
v -0.097767 0.241318 0.164351
vt 0.310148 0.911057
vn 0.214745 -0.564100 0.797292
v 0.053383 0.006674 0.103896
vt 0.541380 0.468183
vn 0.521992 -0.799742 0.296542
v 0.049828 0.011600 0.123276
vt 0.542172 0.483174
vn 0.476656 -0.828506 0.293899
v 0.125557 0.064992 0.116775
vt 0.656970 0.484242
vn 0.409801 -0.875248 0.256911
v 0.121261 0.071815 0.146042
vt 0.665259 0.513922
vn 0.417037 -0.871390 0.258379
v 0.011967 0.140547 0.146194
vt 0.572463 0.661319
vn -0.887163 0.091557 0.452283
v 0.229666 -0.088771 0.161597
vt 0.663034 0.249878
vn -0.103723 -0.019319 0.994419
v 0.233709 -0.078560 0.162409
vt 0.674116 0.255942
vn -0.101123 -0.021220 0.994648
v -0.127822 0.226835 0.164351
vt 0.260683 0.887770
vn 0.005280 -0.009429 0.999942
v -0.130430 0.231456 0.164409
vt 0.256320 0.894657
vn 0.005280 -0.009429 0.999942
v -0.097767 0.241318 0.164351
vt 0.310148 0.911057
vn 0.004069 -0.010011 0.999942
v -0.099762 0.246236 0.164409
vt 0.307419 0.918710
vn 0.004069 -0.010011 0.999942
v 0.187591 -0.008963 0.131790
vt 0.694571 0.409694
vn 0.031093 0.965369 0.259030
v 0.182474 -0.015155 0.155286
vt 0.686331 0.383822
vn 0.030390 0.965339 0.259225
v 0.225378 -0.051441 0.121034
vt 0.825683 0.418046
vn -0.948635 0.216504 0.230689
v 0.228808 -0.052223 0.132064
vt 0.842410 0.414394
vn -0.901498 0.205684 0.380784
v -0.017268 0.182489 0.155499
vt 0.544779 0.725608
vn 0.937379 0.093381 0.335560
v -0.006779 0.173802 0.128809
vt 0.570496 0.708297
vn 0.872004 0.146895 0.466938
v -0.010773 0.189626 0.132224
vt 0.572626 0.726304
vn 0.940212 0.091699 0.328013
v 0.010590 0.042407 0.121306
vt 0.510332 0.539483
vn 0.596928 0.744113 0.299954
v 0.014164 0.047044 0.102915
vt 0.522312 0.544528
vn 0.572198 0.763389 0.299711
v 0.020660 0.039135 0.121544
vt 0.522312 0.527521
vn -0.045723 0.956208 0.289094
v 0.020661 0.044866 0.102642
vt 0.526910 0.541448
vn -0.025405 0.956781 0.289699
v 0.091301 0.107948 0.116775
vt 0.634864 0.582912
vn -0.762126 0.594286 0.256881
v 0.096997 0.102241 0.146042
vt 0.655022 0.559640
vn -0.756728 0.600477 0.258439
v 0.010590 0.042407 0.121306
vt 0.510332 0.539483
vn -0.056319 -0.217411 0.974454
v 0.020660 0.039135 0.121544
vt 0.522312 0.527521
vn -0.121347 -0.188655 0.974517
v 0.016712 0.034702 0.120031
vt 0.514991 0.526146
vn -0.104904 -0.195813 0.975014
v -0.025829 0.181271 0.155286
vt 0.535394 0.725972
vn -0.020823 -0.147807 0.988797
v -0.017268 0.182489 0.155499
vt 0.544779 0.725608
vn -0.021031 -0.147321 0.988865
v -0.099762 0.246236 0.164409
vt 0.307419 0.918710
vn 0.333380 -0.822955 0.460003
v -0.101307 0.250046 0.172343
vt 0.303876 0.928581
vn 0.333380 -0.822955 0.460003
v 0.000000 0.168284 0.127256
vt 0.573546 0.699940
vn -0.000020 0.417888 0.908498
v 0.004366 0.050974 0.123109
vt 0.507612 0.555896
vn 0.935758 0.197470 0.292170
v 0.010147 0.052746 0.103623
vt 0.520759 0.550261
vn 0.920625 0.257085 0.293866
v 0.230815 -0.120490 0.164351
vt 0.864041 0.288986
vn -0.024918 0.014989 0.999577
v 0.240626 -0.098471 0.163996
vt 0.879757 0.326222
vn -0.258020 0.094199 0.961536
v 0.235518 -0.122945 0.164408
vt 0.872098 0.286445
vn -0.025016 0.014991 0.999575
v 0.249306 -0.091820 0.164408
vt 0.895540 0.340544
vn -0.088802 0.038278 0.995314
v 0.182474 -0.015155 0.155286
vt 0.686331 0.383822
vn -0.139511 0.053089 0.988796
v 0.181757 -0.023772 0.155499
vt 0.683794 0.374780
vn -0.138920 0.053179 0.988875
v 0.006779 0.173802 0.128809
vt 0.581976 0.702911
vn -0.872033 0.146892 0.466884
v -0.050445 0.231296 0.140932
vt 0.379891 0.886722
vn 0.242661 -0.853723 0.460731
v -0.046563 0.242550 0.154192
vt 0.387261 0.909597
vn 0.206349 -0.709913 0.673382
v -0.029646 0.229716 0.120709
vt 0.426533 0.851500
vn 0.127797 -0.990027 0.059291
v -0.029530 0.228827 0.109503
vt 0.428961 0.834931
vn 0.127797 -0.990027 0.059291
v 0.249306 -0.091820 0.164408
vt 0.895540 0.340544
vn -0.828596 0.302177 0.471294
v 0.253164 -0.093242 0.172343
vt 0.906558 0.337345
vn -0.828617 0.302069 0.471327
v 0.240626 -0.098471 0.163996
vt 0.667966 0.233097
vn -0.258020 0.094199 0.961536
v 0.224318 -0.064451 0.133080
vt 0.693723 0.289597
vn -0.732216 0.537759 0.417942
v 0.234930 -0.072546 0.155352
vt 0.682909 0.262190
vn -0.375794 0.723236 0.579403
v 0.240635 -0.078262 0.162682
vt 0.679850 0.250579
vn -0.200812 0.744905 0.636232
v 0.017268 0.182489 0.155499
vt 0.611653 0.693891
vn -0.937397 0.093379 0.335510
v 0.010773 0.189626 0.132224
vt 0.594682 0.715958
vn -0.940230 0.091697 0.327963
v 0.117344 0.078274 0.146194
vt 0.665773 0.522062
vn -0.201830 -0.153709 0.967284
v 0.121261 0.071815 0.146042
vt 0.665259 0.513922
vn -0.200009 -0.152228 0.967896
v 0.230554 -0.022214 0.120709
vt 0.832371 0.463959
vn -0.993645 0.095679 0.059293
v 0.229661 -0.022128 0.109502
vt 0.815681 0.465254
vn -0.993645 0.095679 0.059293
v 0.070476 -0.005649 0.104616
vt 0.550504 0.451882
vn -0.923606 0.296587 0.242873
v 0.076193 -0.007556 0.128721
vt 0.564985 0.439391
vn -0.928778 0.280044 0.242788
v 0.066414 -0.011196 0.104214
vt 0.545102 0.449288
vn -0.585655 0.771009 0.250106
v 0.069969 -0.016122 0.127948
vt 0.551213 0.431568
vn -0.616032 0.747274 0.249173
v -0.038781 0.221447 0.133808
vt 0.507479 0.771608
vn -0.946602 -0.180606 0.267069
v -0.035440 0.243661 0.161597
vt 0.539156 0.797526
vn -0.926187 -0.221211 0.305359
v 0.102422 0.096985 0.146194
vt 0.658960 0.552500
vn -0.194830 -0.162530 0.967277
v 0.096997 0.102241 0.146042
vt 0.655022 0.559640
vn -0.192941 -0.161110 0.967893
v 0.059899 0.014872 0.126005
vt 0.557334 0.481157
vn -0.102024 -0.958241 0.267142
v 0.059934 0.008808 0.104359
vt 0.547230 0.467335
vn -0.046237 -0.961740 0.270033
v 0.221841 -0.035869 0.133891
vt 0.714466 0.331439
vn -0.162928 -0.938320 0.304977
v 0.244651 -0.030621 0.162409
vt 0.751483 0.351572
vn -0.249610 -0.899437 0.358758
v 0.240635 -0.078262 0.162682
vt 0.679850 0.250579
vn -0.185993 0.019079 0.982366
v 0.230068 -0.039258 0.133080
vt 0.847313 0.435088
vn -0.893061 -0.166842 0.417859
v 0.230554 -0.022214 0.120709
vt 0.832371 0.463959
vn -0.979928 0.096998 0.174162
v 0.228808 -0.052223 0.132064
vt 0.708338 0.286887
vn -0.901498 0.205684 0.380784
v 0.238903 -0.067929 0.155672
vt 0.689170 0.259635
vn -0.671068 0.284269 0.684732
v -0.029646 0.229716 0.120709
vt 0.426533 0.851500
vn 0.123486 -0.976935 0.174210
v -0.042682 0.229525 0.134820
vt 0.402500 0.868980
vn -0.135621 -0.916340 0.376734
v 0.033004 0.184883 0.131790
vt 0.636435 0.667038
vn 0.948125 -0.184317 0.259012
v 0.025829 0.181271 0.155286
vt 0.617844 0.686828
vn 0.947901 -0.185238 0.259171
v 0.247488 -0.077775 0.163511
vt 0.685524 0.245692
vn -0.309653 0.105806 0.944944
v -0.066108 0.251840 0.164351
vt 0.362339 0.927003
vn 0.169398 -0.574424 0.800838
v 0.247488 -0.077775 0.163511
vt 0.894947 0.366633
vn -0.309653 0.105806 0.944944
v 0.115327 0.081615 0.144973
vt 0.665121 0.526528
vn -0.418298 0.710060 0.566429
v 0.082282 0.065618 0.135780
vt 0.616885 0.527075
vn -0.080628 -0.064213 0.994674
v 0.111055 0.088564 0.139068
vt 0.664369 0.537735
vn 0.201980 0.161093 0.966050
v 0.025829 0.181271 0.155286
vt 0.617844 0.686828
vn 0.020679 -0.147826 0.988797
v 0.017268 0.182489 0.155499
vt 0.611653 0.693891
vn 0.020995 -0.147316 0.988867
v 0.105231 0.094275 0.144973
vt 0.660274 0.548185
vn 0.599174 -0.565938 0.566308
v 0.117344 0.078274 0.146194
vt 0.665773 0.522062
vn -0.481629 0.750654 0.452274
v -0.066108 0.251840 0.164351
vt 0.362339 0.927003
vn 0.009093 -0.027722 0.999574
v -0.067457 0.256972 0.164409
vt 0.361547 0.935423
vn 0.008997 -0.027622 0.999578
v 0.000000 0.230724 0.109523
vt 0.472884 0.838055
vn -0.000016 -0.998254 0.059066
v 0.000000 0.231174 0.121034
vt 0.472775 0.855161
vn -0.000016 -0.998254 0.059066
v 0.102422 0.096985 0.146194
vt 0.658960 0.552500
vn 0.624676 -0.636546 0.452315
v -0.014394 0.224261 0.133891
vt 0.579879 0.765431
vn 0.951025 0.049962 0.305051
v -0.024586 0.245331 0.162409
vt 0.551769 0.796806
vn 0.932411 -0.043229 0.358805
v 0.242301 -0.055303 0.155824
vt 0.888770 0.402648
vn -0.699668 0.159694 0.696392
v 0.238903 -0.067929 0.155672
vt 0.884067 0.386064
vn -0.671068 0.284269 0.684732
v 0.228808 -0.052223 0.132064
vt 0.855593 0.410409
vn -0.901498 0.205684 0.380784
v 0.224525 -0.011467 0.133808
vt 0.737168 0.400457
vn 0.034564 0.963034 0.267155
v 0.245438 -0.019667 0.161597
vt 0.755089 0.363679
vn -0.009610 0.952171 0.305415
v -0.163914 0.219750 0.160278
vt 0.991241 0.872947
vn -0.598013 0.801486 0.000021
v -0.163914 0.219750 0.172343
vt 0.977760 0.872947
vn -0.598013 0.801486 0.000021
v 0.016712 -0.034702 0.120031
vt 0.475982 0.444477
vn -0.112410 0.195686 0.974203
v 0.030114 -0.024015 0.120031
vt 0.497633 0.448241
vn -0.216795 0.158975 0.963186
v 0.016359 -0.040533 0.121319
vt 0.472699 0.439174
vn -0.101310 0.200264 0.974490
v 0.026430 -0.043805 0.123112
vt 0.484208 0.427343
vn -0.180599 0.153191 0.971554
v 0.228808 -0.052223 0.132064
vt 0.728418 0.311620
vn -0.901498 0.205684 0.380784
v 0.230068 -0.039258 0.133080
vt 0.722695 0.325337
vn -0.893061 -0.166842 0.417859
v 0.244718 -0.042453 0.155672
vt 0.751035 0.336081
vn -0.728012 0.034968 0.684672
v 0.243142 -0.036569 0.155352
vt 0.747221 0.341664
vn -0.652365 -0.488663 0.579334
v -0.050445 0.231296 0.140932
vt 0.505524 0.793573
vn 0.242661 -0.853723 0.460731
v -0.046563 0.242550 0.154192
vt 0.522446 0.804437
vn 0.206349 -0.709913 0.673382
v -0.042682 0.229525 0.134820
vt 0.507217 0.782024
vn -0.135621 -0.916340 0.376734
v -0.036949 0.250725 0.161421
vt 0.538788 0.805888
vn -0.266826 -0.414645 0.869985
v 0.230599 0.007445 0.109514
vt 0.816803 0.509147
vn -0.998134 -0.036225 0.049154
v 0.231052 0.007460 0.121034
vt 0.833881 0.509929
vn -0.998126 -0.036430 0.049163
v -0.012920 0.233035 0.133080
vt 0.451391 0.872477
vn 0.361398 -0.833516 0.417902
v -0.035440 0.243661 0.161597
vt 0.539156 0.797526
vn -0.041930 -0.096812 0.994419
v -0.024586 0.245331 0.162409
vt 0.551769 0.796806
vn -0.043227 -0.093932 0.994640
v 0.250761 -0.033895 0.162682
vt 0.757932 0.347094
vn -0.504171 -0.584055 0.636154
v 0.244718 -0.042453 0.155672
vt 0.891910 0.419597
vn -0.728012 0.034968 0.684672
v 0.233268 -0.009461 0.134820
vt 0.854750 0.483527
vn -0.863186 0.336083 0.376774
v -0.161308 0.216254 0.172343
vt 0.201800 0.871693
vn -0.000015 -0.000015 1.000000
v -0.163914 0.219750 0.172343
vt 0.197813 0.875715
vn -0.000015 -0.000015 1.000000
v 0.253848 -0.057938 0.164351
vt 0.906868 0.398416
vn -0.407231 0.092882 0.908590
v 0.258721 -0.059050 0.164789
vt 0.914408 0.396654
vn -0.854183 0.194977 0.482033
v 0.263025 -0.060033 0.172343
vt 0.924320 0.394337
vn -0.854183 0.194977 0.482033
v 0.258721 -0.059050 0.164789
vt 0.914408 0.396654
vn -0.145822 0.033270 0.988751
v 0.245438 -0.019667 0.161597
vt 0.755089 0.363679
vn -0.085007 0.062392 0.994425
v 0.244651 -0.030621 0.162409
vt 0.751483 0.351572
vn -0.081918 0.062999 0.994646
v 0.000000 0.231174 0.121034
vt 0.472775 0.855161
vn -0.000018 -0.973030 0.230680
v 0.000000 0.234692 0.132064
vt 0.472660 0.872278
vn -0.000020 -0.924669 0.380772
v 0.165125 0.089469 0.131790
vt 0.709800 0.475259
vn 0.446569 -0.856406 0.259122
v 0.157827 0.092828 0.155286
vt 0.713859 0.502110
vn 0.446513 -0.856437 0.259117
v 0.059899 0.014872 0.126005
vt 0.557334 0.481157
vn -0.182045 -0.105336 0.977632
v 0.075477 0.017739 0.130040
vt 0.575269 0.473872
vn -0.240816 -0.041120 0.969699
v 0.069969 0.011600 0.128263
vt 0.567813 0.469903
vn -0.229618 -0.074918 0.970393
v 0.131570 0.104924 0.127256
vt 0.696877 0.545068
vn 0.326659 0.260473 0.908542
v 0.140110 0.103064 0.128809
vt 0.704372 0.540255
vn -0.428932 0.773330 0.466881
v 0.131657 0.113664 0.128809
vt 0.701614 0.552641
vn 0.658481 -0.590258 0.466903
v 0.231052 0.007460 0.121034
vt 0.833881 0.509929
vn -0.967107 -0.051314 0.249141
v 0.236722 -0.002287 0.140932
vt 0.865058 0.495746
vn -0.886339 -0.046636 0.460682
v 0.224891 -0.156786 0.172343
vt 0.955626 0.953510
vn 0.820225 -0.572041 -0.000021
v 0.224891 -0.156786 0.160278
vt 0.969107 0.953510
vn 0.820225 -0.572041 -0.000021
v 0.153442 0.100280 0.155499
vt 0.715581 0.511343
vn -0.511427 0.791123 0.335510
v 0.154972 0.109808 0.132224
vt 0.722426 0.538341
vn -0.514538 0.792275 0.327950
v 0.036955 0.061563 0.128370
vt 0.558075 0.546678
vn -0.896340 -0.369946 0.244364
v 0.031173 0.059791 0.104487
vt 0.539817 0.547769
vn -0.915308 -0.318941 0.245942
v 0.123969 0.141076 0.131790
vt 0.678593 0.613662
vn -0.735527 0.625976 0.259140
v 0.125619 0.133215 0.155286
vt 0.693807 0.591173
vn -0.735827 0.625583 0.259240
v 0.014394 0.224261 0.133891
vt 0.620629 0.746222
vn -0.951040 0.049960 0.305003
v 0.024586 0.245331 0.162409
vt 0.662711 0.744021
vn -0.932430 -0.043228 0.358755
v 0.256725 -0.037307 0.163511
vt 0.910280 0.432185
vn -0.324913 0.038964 0.944941
v 0.131909 0.127281 0.155499
vt 0.699332 0.583578
vn 0.657503 -0.674654 0.335457
v 0.141538 0.126652 0.132224
vt 0.717120 0.562156
vn 0.657887 -0.677943 0.327991
v 0.029646 0.229716 0.120709
vt 0.519072 0.851983
vn -0.127833 -0.990024 0.059255
v 0.029530 0.228827 0.109503
vt 0.516854 0.835387
vn -0.127833 -0.990024 0.059255
v -0.042458 0.256505 0.163996
vt 0.404345 0.933354
vn 0.034392 -0.272408 0.961567
v 0.224891 -0.156786 0.172343
vt 0.856593 0.230224
vn -0.000015 -0.000015 1.000000
v 0.221312 -0.154293 0.172343
vt 0.852047 0.233117
vn -0.000015 -0.000015 1.000000
v -0.012920 0.233035 0.133080
vt 0.583925 0.774830
vn 0.361398 -0.833516 0.417902
v -0.018451 0.245183 0.155352
vt 0.562395 0.794938
vn 0.621475 -0.527332 0.579387
v -0.022754 0.252016 0.162682
vt 0.554651 0.804109
vn 0.681549 -0.361595 0.636192
v -0.034043 0.263488 0.164409
vt 0.418479 0.947354
vn 0.017498 -0.095130 0.995311
v 0.157827 0.092828 0.155286
vt 0.713859 0.502110
vn -0.102616 -0.108402 0.988797
v 0.153442 0.100280 0.155499
vt 0.715581 0.511343
vn -0.102127 -0.108239 0.988865
v 0.233268 -0.009461 0.134820
vt 0.747355 0.398323
vn -0.863186 0.336083 0.376774
v 0.252660 -0.019768 0.161421
vt 0.763310 0.362121
vn -0.344817 0.352374 0.870019
v 0.228200 0.036939 0.121034
vt 0.829037 0.555528
vn -0.986391 -0.159705 0.039081
v 0.227757 0.036870 0.109508
vt 0.812364 0.552675
vn -0.986391 -0.159705 0.039081
v 0.012920 0.233035 0.133080
vt 0.493929 0.872702
vn -0.361448 -0.833518 0.417854
v 0.029646 0.229716 0.120709
vt 0.519072 0.851983
vn -0.123133 -0.976918 0.174557
v 0.256725 -0.037307 0.163511
vt 0.763903 0.342573
vn -0.324913 0.038964 0.944941
v -0.042458 0.256505 0.163996
vt 0.536420 0.814802
vn 0.034392 -0.272408 0.961567
v 0.125619 0.133215 0.155286
vt 0.693807 0.591173
vn -0.128527 -0.075907 0.988797
v 0.131909 0.127281 0.155499
vt 0.699332 0.583578
vn -0.128233 -0.075426 0.988872
v 0.038781 0.221447 0.133808
vt 0.670883 0.693743
vn 0.946587 -0.180611 0.267119
v 0.035440 0.243661 0.161597
vt 0.671186 0.734653
vn 0.926168 -0.221217 0.305412
v 0.264457 -0.025441 0.164409
vt 0.922382 0.455298
vn -0.096616 0.004097 0.995313
v 0.000000 0.234692 0.132064
vt 0.595964 0.783547
vn -0.000020 -0.924669 0.380772
v -0.013066 0.248029 0.155672
vt 0.566955 0.799932
vn 0.127876 -0.717500 0.684720
v -0.067457 0.256972 0.164409
vt 0.361547 0.935423
vn 0.225385 -0.858821 0.460031
v -0.068501 0.260948 0.172343
vt 0.359849 0.946471
vn 0.225489 -0.858809 0.460003
v -0.034043 0.263488 0.164409
vt 0.418479 0.947354
vn 0.110168 -0.875102 0.471232
v -0.034570 0.267565 0.172343
vt 0.417996 0.957846
vn 0.110357 -0.875100 0.471191
v 0.236722 -0.002287 0.140932
vt 0.758975 0.397325
vn -0.886339 -0.046636 0.460682
v 0.246830 -0.008577 0.154192
vt 0.765656 0.378362
vn -0.738044 -0.043307 0.673361
v -0.022754 0.252016 0.162682
vt 0.554651 0.804109
vn -0.022802 -0.185523 0.982375
v 0.058571 0.223161 0.109514
vt 0.560003 0.827179
vn -0.257411 -0.965045 0.049270
v 0.058687 0.223599 0.121034
vt 0.564346 0.843724
vn -0.257613 -0.964997 0.049155
v 0.233112 0.038382 0.138830
vt 0.856383 0.561219
vn -0.895527 -0.126133 0.426756
v 0.228200 0.036939 0.121034
vt 0.829037 0.555528
vn -0.954639 -0.140218 0.262684
v 0.250761 -0.033895 0.162682
vt 0.757932 0.347094
vn -0.175806 0.063474 0.982376
v -0.020755 0.258589 0.163511
vt 0.557681 0.810956
vn 0.034260 -0.325379 0.944963
v 0.268549 -0.025835 0.172343
vt 0.933691 0.453302
vn -0.877740 0.086869 0.471197
v 0.264457 -0.025441 0.164409
vt 0.922382 0.455298
vn -0.877713 0.086963 0.471229
v 0.221169 0.065685 0.109506
vt 0.802376 0.595217
vn -0.957901 -0.284432 0.039046
v 0.221602 0.065812 0.121034
vt 0.818746 0.600166
vn -0.957901 -0.284432 0.039046
v 0.259521 -0.015683 0.163996
vt 0.772530 0.362384
vn -0.273300 0.027093 0.961547
v 0.035440 0.243661 0.161597
vt 0.671186 0.734653
vn 0.041895 -0.096809 0.994421
v 0.024586 0.245331 0.162409
vt 0.662711 0.744021
vn 0.043191 -0.093929 0.994642
v 0.000000 0.234692 0.132064
vt 0.477139 0.888736
vn -0.000020 -0.924669 0.380772
v -0.013066 0.248029 0.155672
vt 0.459756 0.922024
vn 0.127876 -0.717500 0.684720
v 0.000000 0.248532 0.155824
vt 0.477330 0.922809
vn -0.000022 -0.717643 0.696411
v 0.000000 0.234692 0.132064
vt 0.624675 0.770121
vn -0.000020 -0.924669 0.380772
v 0.013066 0.248029 0.155672
vt 0.655627 0.757803
vn -0.127926 -0.717519 0.684691
v 0.012920 0.233035 0.133080
vt 0.625423 0.755276
vn -0.361448 -0.833518 0.417854
v 0.018451 0.245183 0.155352
vt 0.654592 0.751121
vn -0.621526 -0.527331 0.579333
v 0.042682 0.229525 0.134820
vt 0.542882 0.869715
vn 0.137091 -0.915811 0.377486
v 0.022754 0.252016 0.162682
vt 0.666598 0.750842
vn -0.681598 -0.361594 0.636140
v -0.020755 0.258589 0.163511
vt 0.441339 0.936700
vn 0.034260 -0.325379 0.944963
v 0.013066 0.248029 0.155672
vt 0.494893 0.921826
vn -0.127926 -0.717519 0.684691
v 0.058687 0.223599 0.121034
vt 0.564346 0.843724
vn -0.264927 -0.931118 0.250666
v 0.050457 0.231340 0.140908
vt 0.557015 0.877188
vn -0.239951 -0.850327 0.468366
v 0.259521 -0.015683 0.163996
vt 0.914593 0.475158
vn -0.273300 0.027093 0.961547
v 0.246830 -0.008577 0.154192
vt 0.894750 0.495356
vn -0.738044 -0.043307 0.673361
v 0.236722 -0.002287 0.140932
vt 0.873983 0.507188
vn -0.886339 -0.046636 0.460682
v 0.242323 0.039859 0.152624
vt 0.889617 0.567686
vn -0.711191 -0.097040 0.696269
v 0.233112 0.038382 0.138830
vt 0.868806 0.565421
vn -0.895527 -0.126133 0.426756
v 0.221602 0.065812 0.121034
vt 0.818746 0.600166
vn -0.920808 -0.287322 0.263739
v 0.226492 0.067268 0.139032
vt 0.845378 0.608350
vn -0.858083 -0.276128 0.432951
v 0.086713 0.214289 0.121034
vt 0.607844 0.829494
vn -0.374922 -0.926232 0.039081
v 0.086542 0.213871 0.109506
vt 0.601469 0.813627
vn -0.374922 -0.926232 0.039081
v 0.000000 0.260376 0.164351
vt 0.477435 0.941553
vn -0.000020 -0.417645 0.908610
v 0.210992 0.093346 0.109514
vt 0.787090 0.636015
vn -0.915224 -0.399936 0.049151
v 0.211407 0.093530 0.121034
vt 0.802709 0.642975
vn -0.915070 -0.400287 0.049159
v 0.000000 0.265375 0.164789
vt 0.477478 0.949340
vn -0.000017 -0.149612 0.988745
v 0.197314 0.107750 0.133808
vt 0.752156 0.464763
vn 0.448956 -0.852692 0.267123
v 0.212598 0.124212 0.161597
vt 0.784461 0.489887
vn 0.404480 -0.862042 0.305417
v 0.000000 0.265375 0.164789
vt 0.477478 0.949340
vn -0.000021 -0.876202 0.481943
v 0.000000 0.269789 0.172343
vt 0.477542 0.960732
vn -0.000021 -0.876202 0.481943
v 0.260236 0.008412 0.164351
vt 0.917023 0.515536
vn -0.597775 -0.037313 0.800795
v 0.042682 0.229525 0.134820
vt 0.679153 0.700062
vn 0.137091 -0.915811 0.377486
v 0.036949 0.250725 0.161421
vt 0.677932 0.739605
vn 0.267200 -0.414615 0.869884
v -0.134593 0.238836 0.160278
vt 0.991241 0.833856
vn -0.490798 0.871273 -0.000021
v -0.134593 0.238836 0.172343
vt 0.977760 0.833856
vn -0.490798 0.871273 -0.000021
v 0.020755 0.258589 0.163511
vt 0.513475 0.936295
vn -0.034301 -0.325391 0.944957
v 0.265539 0.008585 0.164409
vt 0.925407 0.514233
vn -0.028906 -0.002722 0.999578
v 0.260236 0.008412 0.164351
vt 0.917023 0.515536
vn -0.029003 -0.002722 0.999576
v 0.184308 0.128571 0.133891
vt 0.762208 0.536724
vn -0.553806 0.774760 0.305033
v 0.207136 0.133740 0.162409
vt 0.786561 0.502344
vn -0.615123 0.702073 0.358772
v 0.257023 0.041618 0.164351
vt 0.912746 0.569182
vn -0.597742 -0.083928 0.797283
v 0.148954 0.168391 0.133808
vt 0.712268 0.641375
vn -0.731389 0.627483 0.267085
v 0.168404 0.179629 0.161597
vt 0.752242 0.632628
vn -0.750428 0.586166 0.305398
v 0.166359 0.151078 0.133891
vt 0.752346 0.580768
vn 0.632055 -0.712392 0.304966
v 0.176478 0.172184 0.162409
vt 0.759505 0.622292
vn 0.547563 -0.755914 0.358844
v 0.211407 0.093530 0.121034
vt 0.802709 0.642975
vn -0.893160 -0.373410 0.250661
v 0.212328 0.104790 0.140908
vt 0.824244 0.669620
vn -0.814413 -0.342635 0.468330
v 0.113400 0.201446 0.121034
vt 0.649167 0.809658
vn -0.490111 -0.870784 0.039071
v 0.113178 0.201056 0.109508
vt 0.640990 0.794837
vn -0.490111 -0.870784 0.039071
v 0.086713 0.214289 0.121034
vt 0.607844 0.829494
vn -0.349539 -0.899035 0.263741
v 0.088624 0.219019 0.139032
vt 0.618114 0.855395
vn -0.319123 -0.843020 0.432986
v -0.132450 0.235037 0.172343
vt 0.250823 0.903387
vn -0.000015 -0.000015 1.000000
v -0.134593 0.238836 0.172343
vt 0.247947 0.907966
vn -0.000015 -0.000015 1.000000
v 0.050457 0.231340 0.140908
vt 0.689206 0.705984
vn -0.239951 -0.850327 0.468366
v 0.046563 0.242550 0.154192
vt 0.687054 0.725966
vn -0.206537 -0.712900 0.670161
v 0.020755 0.258589 0.163511
vt 0.670035 0.757496
vn -0.034301 -0.325391 0.944957
v 0.226492 0.067268 0.139032
vt 0.859753 0.608148
vn -0.858083 -0.276128 0.432951
v 0.236862 0.070354 0.154308
vt 0.881749 0.615812
vn -0.675911 -0.221023 0.703060
v 0.198083 0.120049 0.120709
vt 0.780900 0.683419
vn -0.853736 -0.517323 0.059255
v 0.197316 0.119584 0.109502
vt 0.766582 0.674770
vn -0.853736 -0.517323 0.059255
v 0.137955 0.184932 0.109514
vt 0.677780 0.771250
vn -0.594048 -0.802927 0.049142
v 0.138226 0.185295 0.121034
vt 0.687829 0.785079
vn -0.593869 -0.803057 0.049186
v 0.180387 0.143855 0.109523
vt 0.741186 0.710708
vn -0.780469 -0.622399 0.059048
v 0.180739 0.144135 0.121034
vt 0.754481 0.721473
vn -0.780469 -0.622399 0.059048
v 0.034043 0.263488 0.164409
vt 0.536453 0.946692
vn -0.017532 -0.095134 0.995310
v 0.224891 -0.156786 0.160278
vt 0.991241 0.009560
vn 0.820225 -0.572041 -0.000021
v 0.224891 -0.156786 0.172343
vt 0.977761 0.009560
vn 0.820225 -0.572041 -0.000021
v 0.243027 -0.126868 0.160278
vt 0.991241 0.048651
vn 0.886505 -0.462719 0.000021
v 0.243027 -0.126868 0.172343
vt 0.977761 0.048651
vn 0.886505 -0.462719 0.000021
v 0.212598 0.124212 0.161597
vt 0.784461 0.489887
vn -0.049536 -0.093121 0.994422
v 0.207136 0.133740 0.162409
vt 0.786561 0.502344
vn -0.046508 -0.092306 0.994644
v 0.198083 0.120049 0.120709
vt 0.780900 0.683419
vn -0.840494 -0.512896 0.174665
v 0.206062 0.109737 0.134820
vt 0.809590 0.675957
vn -0.630594 -0.678192 0.377368
v 0.160492 0.165760 0.109503
vt 0.711362 0.743060
vn -0.694325 -0.717217 0.059272
v 0.161115 0.166404 0.120709
vt 0.722803 0.755277
vn -0.694325 -0.717217 0.059272
v 0.113400 0.201446 0.121034
vt 0.649167 0.809658
vn -0.485588 -0.833791 0.262673
v 0.115335 0.206185 0.138830
vt 0.661804 0.834573
vn -0.459702 -0.778808 0.426770
v 0.022754 0.252016 0.162682
vt 0.666598 0.750842
vn 0.022765 -0.185516 0.982377
v 0.042458 0.256505 0.163996
vt 0.686363 0.743345
vn -0.034432 -0.272418 0.961563
v 0.036955 0.061563 0.128370
vt 0.558075 0.546678
vn -0.081623 -0.226605 0.970561
v 0.033190 0.070070 0.130040
vt 0.555976 0.559437
vn -0.088410 -0.225109 0.970314
v 0.030731 0.070129 0.129726
vt 0.553462 0.561652
vn -0.111430 -0.211703 0.970961
v 0.239163 -0.124849 0.172343
vt 0.882453 0.282946
vn -0.000015 -0.000015 1.000000
v 0.243027 -0.126868 0.172343
vt 0.887775 0.281044
vn -0.000015 -0.000015 1.000000
v 0.168404 0.179629 0.161597
vt 0.752242 0.632628
vn -0.101814 -0.027627 0.994420
v 0.176478 0.172184 0.162409
vt 0.759505 0.622292
vn -0.100317 -0.024827 0.994646
v 0.138226 0.185295 0.121034
vt 0.687829 0.785079
vn -0.562914 -0.788079 0.249118
v 0.149382 0.183650 0.140932
vt 0.718393 0.800587
vn -0.516211 -0.722042 0.460631
v 0.046563 0.242550 0.154192
vt 0.567276 0.908617
vn -0.206537 -0.712900 0.670161
v 0.092677 0.229051 0.154308
vt 0.637296 0.890225
vn -0.248745 -0.666241 0.703028
v 0.050457 0.231340 0.140908
vt 0.574404 0.885737
vn -0.239951 -0.850327 0.468366
v 0.088624 0.219019 0.139032
vt 0.629655 0.868200
vn -0.319123 -0.843020 0.432986
v 0.180739 0.144135 0.121034
vt 0.754481 0.721473
vn -0.760703 -0.606734 0.230662
v 0.190250 0.135194 0.133080
vt 0.781378 0.715945
vn -0.877025 -0.237110 0.417859
v 0.183489 0.146328 0.132064
vt 0.767788 0.732245
vn -0.722932 -0.576535 0.380759
v 0.262261 0.042470 0.164408
vt 0.920801 0.570031
vn -0.010705 -0.001715 0.999941
v 0.257023 0.041618 0.164351
vt 0.912746 0.569182
vn -0.010705 -0.001715 0.999941
v 0.034570 0.267565 0.172343
vt 0.537053 0.957180
vn -0.110638 -0.875127 0.471075
v 0.034043 0.263488 0.164409
vt 0.536453 0.946692
vn -0.110500 -0.875085 0.471186
v 0.212328 0.104790 0.140908
vt 0.839703 0.662000
vn -0.814413 -0.342635 0.468330
v 0.218665 0.114824 0.154192
vt 0.853456 0.681475
vn -0.686125 -0.283040 0.670165
v 0.161115 0.166404 0.120709
vt 0.722803 0.755277
vn -0.686819 -0.705657 0.174149
v 0.174138 0.155397 0.133080
vt 0.754695 0.748951
vn -0.426319 -0.802266 0.417878
v 0.152838 0.176477 0.134820
vt 0.721503 0.784922
vn -0.800985 -0.465287 0.376738
v 0.249590 0.074142 0.164351
vt 0.900925 0.622388
vn -0.569854 -0.181941 0.801351
v 0.042458 0.256505 0.163996
vt 0.550429 0.932535
vn -0.034432 -0.272418 0.961563
v 0.269648 0.008718 0.172343
vt 0.936230 0.512745
vn -0.887415 -0.028706 0.460077
v 0.265539 0.008585 0.164409
vt 0.925407 0.514233
vn -0.887415 -0.028706 0.460077
v 0.266319 0.043127 0.172343
vt 0.931081 0.571139
vn -0.876467 -0.142021 0.460039
v 0.262261 0.042470 0.164408
vt 0.920801 0.570031
vn -0.876467 -0.142021 0.460039
v 0.206062 0.109737 0.134820
vt 0.762247 0.462192
vn -0.630594 -0.678192 0.377368
v 0.219061 0.127437 0.161421
vt 0.792530 0.487666
vn -0.157550 -0.467450 0.869867
v 0.066108 0.251840 0.164351
vt 0.592363 0.925703
vn -0.170337 -0.563060 0.808671
v 0.115335 0.206185 0.138830
vt 0.668901 0.848719
vn -0.459702 -0.778808 0.426770
v 0.119923 0.214307 0.152624
vt 0.680090 0.866423
vn -0.367616 -0.616539 0.696231
v 0.212328 0.104790 0.140908
vt 0.773131 0.457977
vn -0.814413 -0.342635 0.468330
v 0.218665 0.114824 0.154192
vt 0.787480 0.472053
vn -0.686125 -0.283040 0.670165
v 0.097651 0.241364 0.164351
vt 0.644199 0.909325
vn -0.213127 -0.558950 0.801344
v 0.190250 0.135194 0.133080
vt 0.772276 0.538579
vn -0.877025 -0.237110 0.417859
v 0.203196 0.138444 0.155352
vt 0.787100 0.513119
vn -0.799751 0.157184 0.579389
v 0.211221 0.139340 0.162682
vt 0.794322 0.503528
vn -0.707632 0.307367 0.636226
v 0.067456 0.256972 0.164409
vt 0.593258 0.934068
vn -0.009125 -0.027723 0.999574
v 0.066108 0.251840 0.164351
vt 0.592363 0.925703
vn -0.009125 -0.027723 0.999574
v 0.174138 0.155397 0.133080
vt 0.762232 0.583436
vn -0.426319 -0.802266 0.417878
v 0.180187 0.167296 0.155352
vt 0.764634 0.612801
vn -0.024701 -0.814709 0.579343
v 0.182847 0.174920 0.162682
vt 0.767018 0.624570
vn 0.142268 -0.758287 0.636208
v 0.149382 0.183650 0.140932
vt 0.717744 0.816481
vn -0.516211 -0.722042 0.460631
v 0.160602 0.187632 0.154192
vt 0.739957 0.825345
vn -0.426321 -0.604036 0.673343
v 0.183489 0.146328 0.132064
vt 0.783451 0.548379
vn -0.722932 -0.576535 0.380759
v 0.202063 0.144429 0.155672
vt 0.792982 0.516454
vn -0.640717 -0.347428 0.684672
v 0.152838 0.176477 0.134820
vt 0.720264 0.648045
vn -0.800985 -0.465287 0.376738
v 0.172987 0.185212 0.161421
vt 0.758564 0.638111
vn -0.490550 -0.049909 0.869982
v 0.254676 0.075657 0.164409
vt 0.908598 0.625071
vn -0.010408 -0.003108 0.999941
v 0.249590 0.074142 0.164351
vt 0.900925 0.622388
vn -0.010408 -0.003108 0.999941
v 0.183489 0.146328 0.132064
vt 0.776541 0.579413
vn -0.722932 -0.576535 0.380759
v 0.185770 0.164859 0.155672
vt 0.771380 0.612329
vn -0.481273 -0.547363 0.684668
v 0.068501 0.260948 0.172343
vt 0.595058 0.945166
vn -0.225435 -0.858830 0.459989
v 0.067456 0.256972 0.164409
vt 0.593258 0.934068
vn -0.225435 -0.858830 0.459989
v 0.149382 0.183650 0.140932
vt 0.728257 0.656542
vn -0.516211 -0.722042 0.460631
v 0.160602 0.187632 0.154192
vt 0.747279 0.650022
vn -0.426321 -0.604036 0.673343
v 0.238114 0.105335 0.164351
vt 0.882129 0.672643
vn -0.546440 -0.217813 0.808679
v 0.258617 0.076829 0.172343
vt 0.918315 0.628418
vn -0.851169 -0.252747 0.460033
v 0.254676 0.075657 0.164409
vt 0.908598 0.625071
vn -0.851169 -0.252747 0.460033
v 0.194310 0.154958 0.155824
vt 0.808713 0.762872
vn -0.561134 -0.447445 0.696364
v 0.202063 0.144429 0.155672
vt 0.818742 0.748852
vn -0.640717 -0.347428 0.684672
v 0.183489 0.146328 0.132064
vt 0.781954 0.741781
vn -0.722932 -0.576535 0.380759
v 0.185770 0.164859 0.155672
vt 0.797424 0.775900
vn -0.481273 -0.547363 0.684668
v 0.127712 0.226897 0.164351
vt 0.693402 0.885438
vn -0.307113 -0.519636 0.797283
v -0.102946 0.254086 0.172343
vt 0.977760 0.794603
vn -0.375536 0.926808 0.000020
v -0.102946 0.254086 0.160278
vt 0.991241 0.794603
vn -0.375536 0.926808 0.000020
v 0.211221 0.139340 0.162682
vt 0.794322 0.503528
vn -0.130827 -0.133528 0.982372
v 0.215113 0.145002 0.163511
vt 0.801673 0.504959
vn -0.275841 -0.176128 0.944929
v 0.227015 0.126734 0.163996
vt 0.862828 0.708154
vn -0.234505 -0.143008 0.961538
v 0.227015 0.126734 0.163996
vt 0.800693 0.483371
vn -0.234505 -0.143008 0.961538
v 0.101178 0.250097 0.172343
vt 0.650621 0.926704
vn -0.333105 -0.823033 0.460063
v 0.099637 0.246285 0.164409
vt 0.646982 0.916996
vn -0.333105 -0.823033 0.460063
v 0.155678 0.208705 0.164351
vt 0.738075 0.855329
vn -0.343562 -0.490657 0.800763
v 0.242966 0.107481 0.164409
vt 0.889140 0.677357
vn -0.811916 -0.359322 0.460087
v 0.246726 0.109143 0.172343
vt 0.898332 0.683269
vn -0.811794 -0.359605 0.460081
v -0.102946 0.254086 0.172343
vt 0.302005 0.933658
vn -0.000015 -0.000015 1.000000
v -0.101307 0.250046 0.172343
vt 0.303876 0.928581
vn -0.000015 -0.000015 1.000000
v 0.189232 0.177455 0.163511
vt 0.774267 0.626449
vn -0.233133 -0.229696 0.944928
v 0.097651 0.241364 0.164351
vt 0.644199 0.909325
vn -0.004100 -0.010011 0.999941
v 0.099637 0.246285 0.164409
vt 0.646982 0.916996
vn -0.004100 -0.010011 0.999941
v 0.127712 0.226897 0.164351
vt 0.693402 0.885438
vn -0.005311 -0.009429 0.999941
v 0.130313 0.231523 0.164409
vt 0.697800 0.892262
vn -0.005311 -0.009429 0.999941
v 0.203570 0.162342 0.164351
vt 0.823311 0.774377
vn -0.326550 -0.260460 0.908585
v 0.215113 0.145002 0.163511
vt 0.840717 0.745234
vn -0.275841 -0.176128 0.944929
v 0.182847 0.174920 0.162682
vt 0.767018 0.624570
vn -0.159322 -0.097924 0.982358
v 0.189232 0.177455 0.163511
vt 0.799042 0.798111
vn -0.233133 -0.229696 0.944928
v 0.238114 0.105335 0.164351
vt 0.882129 0.672643
vn -0.027330 -0.010207 0.999574
v 0.242966 0.107481 0.164409
vt 0.889140 0.677357
vn -0.027200 -0.010206 0.999578
v 0.227228 0.137667 0.164409
vt 0.861477 0.729425
vn -0.085327 -0.045628 0.995308
v 0.174071 0.193124 0.163996
vt 0.764077 0.645505
vn -0.191638 -0.196829 0.961527
v 0.257256 -0.094749 0.160278
vt 0.991242 0.087902
vn 0.938376 -0.345616 -0.000020
v 0.257256 -0.094749 0.172343
vt 0.977761 0.087902
vn 0.938376 -0.345616 -0.000020
v 0.174071 0.193124 0.163996
vt 0.768136 0.828272
vn -0.191638 -0.196829 0.961527
v 0.130313 0.231523 0.164409
vt 0.697800 0.892262
vn -0.435537 -0.773798 0.459939
v 0.132329 0.235106 0.172343
vt 0.703406 0.900989
vn -0.435537 -0.773798 0.459939
v 0.155678 0.208705 0.164351
vt 0.738075 0.855329
vn -0.015914 -0.024323 0.999578
v 0.158849 0.212960 0.164409
vt 0.744346 0.861063
vn -0.016011 -0.024326 0.999576
v 0.227228 0.137667 0.164409
vt 0.861477 0.729425
vn -0.753210 -0.459098 0.471067
v 0.230745 0.139797 0.172343
vt 0.870851 0.736042
vn -0.752849 -0.459519 0.471234
v 0.253164 -0.093242 0.172343
vt 0.906558 0.337345
vn -0.000015 -0.000015 1.000000
v 0.257256 -0.094749 0.172343
vt 0.912320 0.335653
vn -0.000015 -0.000015 1.000000
v 0.207478 0.165459 0.164789
vt 0.829392 0.779170
vn -0.116927 -0.093326 0.988746
v 0.184777 0.190899 0.164409
vt 0.788519 0.821992
vn -0.063432 -0.073034 0.995310
v 0.158849 0.212960 0.164409
vt 0.744346 0.861063
vn -0.530906 -0.711728 0.459980
v 0.161307 0.216255 0.172343
vt 0.752267 0.868617
vn -0.530906 -0.711728 0.459980
v 0.207478 0.165459 0.164789
vt 0.829392 0.779170
vn -0.685030 -0.546314 0.481949
v 0.210929 0.168211 0.172343
vt 0.837389 0.785471
vn -0.685030 -0.546314 0.481949
v 0.184777 0.190899 0.164409
vt 0.788519 0.821992
vn -0.615506 -0.631816 0.471128
v 0.187636 0.193853 0.172343
vt 0.797153 0.829561
vn -0.615559 -0.631764 0.471129
v -0.069609 0.265165 0.172343
vt 0.977760 0.755351
vn -0.253923 0.967224 0.000019
v -0.069609 0.265165 0.160278
vt 0.991241 0.755351
vn -0.253923 0.967224 0.000019
v -0.069609 0.265165 0.172343
vt 0.358904 0.952223
vn -0.000015 -0.000015 1.000000
v -0.068501 0.260948 0.172343
vt 0.359849 0.946471
vn -0.000015 -0.000015 1.000000
v 0.267276 -0.061003 0.160278
vt 0.991242 0.127236
vn 0.974929 -0.222518 -0.000018
v 0.267276 -0.061003 0.172343
vt 0.977761 0.127236
vn 0.974929 -0.222518 -0.000018
v 0.263025 -0.060033 0.172343
vt 0.924320 0.394337
vn -0.000015 -0.000015 1.000000
v 0.267276 -0.061003 0.172343
vt 0.929713 0.393076
vn -0.000015 -0.000015 1.000000
v -0.035130 0.271889 0.172343
vt 0.977760 0.716099
vn -0.128112 0.991760 0.000017
v -0.035130 0.271889 0.160278
vt 0.991241 0.716099
vn -0.128112 0.991760 0.000017
v -0.035130 0.271889 0.172343
vt 0.417707 0.963356
vn -0.000015 -0.000015 1.000000
v -0.034570 0.267565 0.172343
vt 0.417996 0.957846
vn -0.000015 -0.000015 1.000000
v 0.272890 -0.026252 0.172343
vt 0.977761 0.166569
vn 0.995400 -0.095810 -0.000017
v 0.272890 -0.026252 0.160278
vt 0.991241 0.166569
vn 0.995400 -0.095810 -0.000017
v 0.272890 -0.026252 0.172343
vt 0.939608 0.452255
vn -0.000015 -0.000015 1.000000
v 0.268549 -0.025835 0.172343
vt 0.933691 0.453302
vn -0.000015 -0.000015 1.000000
v 0.000000 0.274149 0.172343
vt 0.977760 0.676766
vn 0.000000 1.000000 -0.000015
v 0.000000 0.274149 0.160278
vt 0.991241 0.676766
vn 0.000000 1.000000 -0.000015
v 0.000000 0.274149 0.172343
vt 0.477576 0.966873
vn -0.000015 -0.000015 1.000000
v 0.000000 0.269789 0.172343
vt 0.477542 0.960732
vn -0.000015 -0.000015 1.000000
v 0.274006 0.008860 0.172343
vt 0.977761 0.205821
vn 0.999478 0.032291 0.000016
v 0.274006 0.008860 0.160278
vt 0.991241 0.205821
vn 0.999478 0.032291 0.000016
v 0.274006 0.008860 0.172343
vt 0.941844 0.512091
vn -0.000015 -0.000015 1.000000
v 0.269648 0.008718 0.172343
vt 0.936230 0.512745
vn -0.000015 -0.000015 1.000000
v 0.035130 0.271889 0.160278
vt 0.991241 0.637433
vn 0.128078 0.991764 0.000051
v 0.035130 0.271889 0.172343
vt 0.977760 0.637433
vn 0.128078 0.991764 0.000051
v 0.034570 0.267565 0.172343
vt 0.537053 0.957180
vn -0.000015 -0.000015 1.000000
v 0.035130 0.271889 0.172343
vt 0.537401 0.962687
vn -0.000015 -0.000015 1.000000
v 0.270623 0.043826 0.172343
vt 0.977760 0.245073
vn 0.987134 0.159893 0.000053
v 0.270623 0.043826 0.160278
vt 0.991241 0.245073
vn 0.987134 0.159893 0.000053
v 0.270623 0.043826 0.172343
vt 0.936415 0.571721
vn -0.000015 -0.000015 1.000000
v 0.266319 0.043127 0.172343
vt 0.931081 0.571139
vn -0.000015 -0.000015 1.000000
v 0.069609 0.265165 0.160278
vt 0.991241 0.598181
vn 0.253791 0.967259 0.000019
v 0.069609 0.265165 0.172343
vt 0.977760 0.598181
vn 0.253791 0.967259 0.000019
v 0.068501 0.260948 0.172343
vt 0.595058 0.945166
vn -0.000015 -0.000015 1.000000
v 0.069609 0.265165 0.172343
vt 0.596077 0.950897
vn -0.000015 -0.000015 1.000000
v 0.262797 0.078073 0.172343
vt 0.977760 0.284325
vn 0.958622 0.284682 0.000057
v 0.262797 0.078073 0.160278
vt 0.991241 0.284325
vn 0.958622 0.284682 0.000057
v 0.262797 0.078073 0.172343
vt 0.923409 0.630167
vn -0.000015 -0.000015 1.000000
v 0.258617 0.076829 0.172343
vt 0.918315 0.628418
vn -0.000015 -0.000015 1.000000
v 0.102812 0.254141 0.160278
vt 0.991241 0.559090
vn 0.375070 0.926996 0.000060
v 0.102812 0.254141 0.172343
vt 0.977760 0.559090
vn 0.375070 0.926996 0.000060
v 0.101178 0.250097 0.172343
vt 0.650621 0.926704
vn -0.000015 -0.000015 1.000000
v 0.102812 0.254141 0.172343
vt 0.652536 0.931790
vn -0.000015 -0.000015 1.000000
v 0.250714 0.110906 0.160278
vt 0.991241 0.323416
vn 0.914465 0.404664 0.000060
v 0.250714 0.110906 0.172343
vt 0.977760 0.323416
vn 0.914465 0.404664 0.000060
v 0.246726 0.109143 0.172343
vt 0.898332 0.683269
vn -0.000015 -0.000015 1.000000
v 0.250714 0.110906 0.172343
vt 0.903138 0.686244
vn -0.000015 -0.000015 1.000000
v 0.134466 0.238907 0.172343
vt 0.977760 0.519838
vn 0.490477 0.871454 0.000021
v 0.134466 0.238907 0.160278
vt 0.991241 0.519838
vn 0.490477 0.871454 0.000021
v 0.134466 0.238907 0.172343
vt 0.706317 0.905524
vn -0.000015 -0.000015 1.000000
v 0.132329 0.235106 0.172343
vt 0.703406 0.900989
vn -0.000015 -0.000015 1.000000
v 0.234474 0.142055 0.160278
vt 0.991241 0.362668
vn 0.855240 0.518232 0.000021
v 0.234474 0.142055 0.172343
vt 0.977760 0.362668
vn 0.855240 0.518232 0.000021
v 0.230745 0.139797 0.172343
vt 0.870851 0.736042
vn -0.000015 -0.000015 1.000000
v 0.234474 0.142055 0.172343
vt 0.875767 0.739492
vn -0.000015 -0.000015 1.000000
v 0.163913 0.219751 0.172343
vt 0.977760 0.480587
vn 0.597890 0.801578 0.000064
v 0.163913 0.219751 0.160278
vt 0.991241 0.480587
vn 0.597890 0.801578 0.000064
v 0.214338 0.170930 0.160278
vt 0.991241 0.402001
vn 0.781816 0.623510 0.000064
v 0.214338 0.170930 0.172343
vt 0.977760 0.402001
vn 0.781816 0.623510 0.000064
v 0.163913 0.219751 0.172343
vt 0.756300 0.872592
vn -0.000015 -0.000015 1.000000
v 0.161307 0.216255 0.172343
vt 0.752267 0.868617
vn -0.000015 -0.000015 1.000000
v 0.210929 0.168211 0.172343
vt 0.837389 0.785471
vn -0.000015 -0.000015 1.000000
v 0.214338 0.170930 0.172343
vt 0.841739 0.788899
vn -0.000015 -0.000015 1.000000
v 0.190668 0.196986 0.172343
vt 0.977760 0.441335
vn 0.695512 0.718514 0.000065
v 0.190668 0.196986 0.160278
vt 0.991241 0.441335
vn 0.695512 0.718514 0.000065
v 0.190668 0.196986 0.172343
vt 0.801663 0.833536
vn -0.000015 -0.000015 1.000000
v 0.187636 0.193853 0.172343
vt 0.797153 0.829561
vn -0.000015 -0.000015 1.000000
v 0.084946 -0.256067 0.172343
vt 0.617259 0.060828
vn -0.280131 0.836370 0.471181
v 0.083652 -0.252164 0.164408
vt 0.612917 0.071451
vn -0.280416 0.836207 0.471301
v 0.084335 -0.208297 0.133891
vt 0.452988 0.205879
vn 0.878587 0.367496 0.305012
v 0.084294 -0.231703 0.162409
vt 0.414123 0.189583
vn 0.821286 0.443508 0.358874
v -0.211408 0.093529 0.121034
vt 0.145673 0.639248
vn 0.893562 -0.373430 0.249192
v -0.212286 0.104771 0.140932
vt 0.123776 0.665625
vn 0.818754 -0.342635 0.460699
v 0.073790 -0.234907 0.161596
vt 0.402422 0.194341
vn -0.079733 0.068988 0.994426
v 0.084294 -0.231703 0.162409
vt 0.414123 0.189583
vn -0.079622 0.065774 0.994653
v -0.066083 -0.038673 0.129291
vt 0.370978 0.487923
vn 0.910710 0.339071 0.235878
v -0.060301 -0.036794 0.104055
vt 0.389821 0.486841
vn 0.914927 0.327309 0.236171
v -0.049788 -0.050511 0.128069
vt 0.384848 0.460740
vn 0.081961 0.967592 0.238846
v -0.049770 -0.044486 0.103485
vt 0.395034 0.476606
vn 0.039063 0.969872 0.240462
v -0.212286 0.104771 0.140932
vt 0.112160 0.666053
vn 0.818754 -0.342635 0.460699
v -0.235619 0.069229 0.152624
vt 0.071888 0.618276
vn 0.682809 -0.221108 0.696336
v -0.226680 0.066563 0.138830
vt 0.091621 0.611300
vn 0.861566 -0.274912 0.426764
v -0.249627 0.074022 0.164351
vt 0.050415 0.626934
vn 0.574910 -0.183849 0.797295
v -0.059859 -0.047239 0.129703
vt 0.375327 0.472842
vn 0.190380 0.143696 0.971137
v -0.060306 -0.048730 0.130040
vt 0.374620 0.471459
vn 0.197565 0.135257 0.970914
v -0.066083 -0.038673 0.129291
vt 0.370978 0.487923
vn 0.168374 0.168973 0.971132
v -0.077168 -0.031928 0.130040
vt 0.360656 0.502473
vn 0.223671 0.042396 0.973742
v -0.210993 0.093345 0.109514
vt 0.161381 0.632507
vn 0.915189 -0.400022 0.049110
v -0.211408 0.093529 0.121034
vt 0.145673 0.639248
vn 0.915062 -0.400302 0.049202
v 0.089757 -0.228908 0.155352
vt 0.424519 0.186713
vn 0.331162 0.744692 0.579452
v 0.095845 -0.229135 0.155672
vt 0.426487 0.180244
vn -0.196135 0.701917 0.684721
v 0.088846 -0.236931 0.162682
vt 0.413580 0.181750
vn 0.457163 0.621440 0.636250
v 0.093499 -0.241986 0.163511
vt 0.413370 0.174263
vn -0.110319 0.308075 0.944944
v -0.023151 -0.080240 0.130040
vt 0.398528 0.411145
vn 0.551836 -0.758196 0.347297
v -0.017315 -0.097170 0.087137
vt 0.398937 0.365963
vn 0.453709 -0.818175 0.353183
v -0.099446 -0.036781 0.135713
vt 0.331017 0.514775
vn 0.256752 0.054060 0.964964
v 0.101829 -0.211450 0.132064
vt 0.459718 0.182590
vn -0.401243 0.833070 0.380787
v 0.089470 -0.215563 0.133080
vt 0.452599 0.195638
vn -0.036136 0.907772 0.417905
v -0.059859 -0.047239 0.129703
vt 0.375327 0.472842
vn 0.593111 0.771417 0.230512
v -0.056275 -0.042354 0.103703
vt 0.390503 0.480659
vn 0.577280 0.783280 0.230694
v 0.084946 -0.256067 0.172343
vt 0.617259 0.060828
vn -0.000015 -0.000015 1.000000
v 0.086318 -0.260206 0.172343
vt 0.619534 0.055270
vn -0.000015 -0.000015 1.000000
v -0.105556 -0.010009 0.135713
vt 0.337598 0.541501
vn -0.037312 0.965292 0.258493
v -0.108955 0.000304 0.095686
vt 0.344737 0.576215
vn -0.084721 0.961618 0.260986
v -0.033247 -0.100682 0.135713
vt 0.370375 0.394793
vn 0.117759 0.234454 0.964968
v -0.045663 -0.094820 0.135780
vt 0.361347 0.405044
vn 0.112269 0.233042 0.965964
v -0.254715 0.075529 0.164409
vt 0.042798 0.629646
vn 0.010376 -0.003108 0.999941
v -0.249627 0.074022 0.164351
vt 0.050415 0.626934
vn 0.010376 -0.003108 0.999941
v 0.089470 -0.215563 0.133080
vt 0.621120 0.147259
vn -0.036136 0.907772 0.417905
v 0.072961 -0.219830 0.120709
vt 0.589441 0.155100
vn -0.313004 0.933549 0.174687
v 0.088846 -0.236931 0.162682
vt 0.413580 0.181750
vn -0.101120 0.157274 0.982364
v 0.075496 -0.241926 0.161421
vt 0.398492 0.186954
vn -0.420702 0.257561 0.869869
v 0.073040 -0.249525 0.163996
vt 0.392517 0.179928
vn -0.087239 0.260400 0.961551
v -0.057987 -0.088768 0.135713
vt 0.353228 0.416079
vn 0.109859 0.238252 0.964970
v -0.139686 -0.019608 0.146194
vt 0.292094 0.554418
vn 0.248478 0.050971 0.967296
v -0.140411 -0.012090 0.146042
vt 0.296144 0.561492
vn 0.246180 0.050378 0.967914
v 0.061142 -0.216343 0.133808
vt 0.384935 0.231320
vn -0.931213 -0.248036 0.267060
v 0.073790 -0.234907 0.161596
vt 0.402422 0.194341
vn -0.930429 -0.202609 0.305373
v -0.226680 0.066563 0.138830
vt 0.103221 0.602887
vn 0.861566 -0.274912 0.426764
v -0.221629 0.065732 0.121034
vt 0.130317 0.596101
vn 0.920917 -0.287931 0.262693
v 0.086318 -0.260206 0.160278
vt 0.969107 0.757087
vn 0.314873 -0.949134 0.000019
v 0.086318 -0.260206 0.172343
vt 0.955626 0.757087
vn 0.314873 -0.949134 0.000019
v 0.073040 -0.249525 0.163996
vt 0.591876 0.074854
vn -0.087239 0.260400 0.961551
v -0.077168 -0.031928 0.130040
vt 0.360656 0.502473
vn -0.248706 -0.904200 0.347227
v -0.060306 -0.048730 0.130040
vt 0.374620 0.471459
vn -0.731803 -0.582332 0.354052
v -0.086767 -0.047047 0.087137
vt 0.325701 0.473644
vn -0.356725 -0.864862 0.353216
v -0.073317 -0.058524 0.082222
vt 0.322853 0.461007
vn -0.730433 -0.584036 0.354077
v -0.033247 -0.100682 0.135713
vt 0.370375 0.394793
vn 0.932769 -0.251214 0.258522
v -0.023948 -0.106291 0.095686
vt 0.391703 0.366681
vn 0.918621 -0.296656 0.261018
v -0.262839 0.077934 0.172343
vt 0.027933 0.634938
vn -0.000015 -0.000015 1.000000
v -0.258658 0.076696 0.172343
vt 0.032985 0.633156
vn -0.000015 -0.000015 1.000000
v 0.072961 -0.219830 0.120709
vt 0.589441 0.155100
vn -0.314425 0.947429 0.059289
v 0.072679 -0.218979 0.109502
vt 0.584322 0.171050
vn -0.314425 0.947429 0.059289
v -0.140411 -0.012090 0.146042
vt 0.296144 0.561492
vn 0.002265 0.966022 0.258451
v -0.141322 -0.004078 0.116775
vt 0.316653 0.584432
vn 0.010486 0.966375 0.256923
v -0.048299 -0.068129 0.130040
vt 0.375220 0.439752
vn -0.937292 -0.032121 0.347063
v -0.065175 -0.074122 0.087137
vt 0.330676 0.450721
vn -0.923853 -0.146144 0.353747
v -0.258658 0.076696 0.172343
vt 0.032985 0.633156
vn 0.851246 -0.252427 0.460066
v -0.254715 0.075529 0.164409
vt 0.042798 0.629646
vn 0.851246 -0.252427 0.460066
v -0.102604 -0.023419 0.135780
vt 0.333774 0.528299
vn 0.100391 0.022876 0.994685
v -0.139318 -0.023494 0.144973
vt 0.290704 0.550125
vn 0.068781 -0.821311 0.566319
v -0.139686 -0.019608 0.146194
vt 0.292094 0.554418
vn 0.108068 -0.885304 0.452281
v -0.134360 -0.042941 0.146194
vt 0.284731 0.524115
vn 0.246048 0.061857 0.967282
v -0.131752 -0.050030 0.146042
vt 0.285093 0.515967
vn 0.243653 0.061482 0.967912
v -0.099446 -0.036781 0.135713
vt 0.331017 0.514775
vn 0.385163 -0.885924 0.258433
v -0.098033 -0.047548 0.095686
vt 0.321557 0.480004
vn 0.340873 -0.903153 0.261000
v 0.061132 -0.225314 0.134820
vt 0.380228 0.222042
vn -0.520897 0.765616 0.377489
v -0.050199 -0.131820 0.146194
vt 0.334797 0.363694
vn 0.104972 0.230884 0.967302
v -0.043031 -0.134201 0.146042
vt 0.341479 0.359022
vn 0.103854 0.228844 0.967907
v 0.063288 -0.238733 0.154192
vt 0.384353 0.195283
vn -0.123240 0.731878 0.670199
v -0.138483 -0.031608 0.139068
vt 0.286421 0.539747
vn -0.251945 -0.057512 0.966031
v -0.221629 0.065732 0.121034
vt 0.130317 0.596101
vn 0.957989 -0.284126 0.039120
v -0.221200 0.065602 0.109508
vt 0.146575 0.591417
vn 0.957989 -0.284126 0.039120
v 0.061132 -0.225314 0.134820
vt 0.575476 0.128805
vn -0.520897 0.765616 0.377489
v -0.262839 0.077934 0.172343
vt 0.955627 0.089960
vn -0.958739 0.284287 -0.000019
v -0.262839 0.077934 0.160278
vt 0.969107 0.089960
vn -0.958739 0.284287 -0.000019
v -0.135714 -0.039281 0.144973
vt 0.285464 0.528565
vn -0.294355 0.769812 0.566343
v -0.134360 -0.042941 0.146194
vt 0.284731 0.524115
vn -0.286751 0.844499 0.452322
v -0.057987 -0.088768 0.135713
vt 0.353228 0.416079
vn -0.777978 0.572662 0.258475
v -0.068170 -0.084995 0.095686
vt 0.329955 0.443278
vn -0.804650 0.533286 0.261043
v 0.054915 -0.230323 0.140908
vt 0.373741 0.212349
vn -0.152914 0.870213 0.468345
v -0.182474 -0.015156 0.155286
vt 0.257791 0.593606
vn 0.139470 0.053088 0.988802
v -0.181756 -0.023773 0.155499
vt 0.252169 0.586084
vn 0.138880 0.053177 0.988881
v -0.071762 -0.121436 0.146194
vt 0.315244 0.387991
vn 0.115059 0.226066 0.967293
v -0.078093 -0.117316 0.146042
vt 0.312114 0.395517
vn 0.114078 0.223872 0.967919
v 0.050720 -0.260791 0.164408
vt 0.555989 0.056034
vn -0.003922 0.028875 0.999575
v 0.049708 -0.255583 0.164351
vt 0.552961 0.063920
vn -0.003922 0.028875 0.999575
v -0.243931 0.039385 0.154308
vt 0.058085 0.571492
vn 0.704900 -0.094230 0.703020
v -0.257042 0.041494 0.164351
vt 0.037949 0.573886
vn 0.592270 -0.083322 0.801420
v 0.049708 -0.255583 0.164351
vt 0.552961 0.063920
vn -0.090850 0.581093 0.808750
v 0.063288 -0.238733 0.154192
vt 0.567955 0.089914
vn -0.123240 0.731878 0.670199
v -0.266340 0.042990 0.172343
vt 0.019656 0.576000
vn 0.876510 -0.141630 0.460078
v -0.262281 0.042337 0.164409
vt 0.029868 0.574801
vn 0.876510 -0.141630 0.460078
v -0.050199 -0.131820 0.146194
vt 0.334797 0.363694
vn -0.839028 0.302406 0.452308
v -0.053905 -0.130597 0.144973
vt 0.331712 0.366987
vn -0.785406 0.249779 0.566346
v -0.045663 -0.094820 0.135780
vt 0.361347 0.405044
vn 0.044692 0.092788 0.994682
v -0.262281 0.042337 0.164409
vt 0.029868 0.574801
vn 0.010674 -0.001715 0.999942
v -0.257042 0.041494 0.164351
vt 0.037949 0.573886
vn 0.010674 -0.001715 0.999942
v -0.043031 -0.134201 0.146042
vt 0.341479 0.359022
vn 0.942324 -0.212725 0.258405
v -0.035422 -0.136872 0.116775
vt 0.369844 0.347029
vn 0.944485 -0.204810 0.256908
v -0.233248 0.037665 0.139032
vt 0.081230 0.568857
vn 0.892878 -0.123522 0.433025
v -0.061631 -0.127978 0.139068
vt 0.323421 0.374559
vn -0.112125 -0.232831 0.966032
v -0.068495 -0.123571 0.144973
vt 0.317799 0.384274
vn 0.685024 -0.458274 0.566327
v -0.071762 -0.121436 0.146194
vt 0.315244 0.387991
vn 0.759578 -0.467411 0.452293
v -0.187591 -0.008964 0.131790
vt 0.273291 0.615893
vn -0.030819 0.965358 0.259101
v -0.182474 -0.015156 0.155286
vt 0.257791 0.593606
vn -0.030702 0.965358 0.259118
v -0.170952 -0.032066 0.128809
vt 0.249444 0.555206
vn 0.050887 -0.882859 0.466873
v -0.181756 -0.023773 0.155499
vt 0.252169 0.586084
vn 0.117496 -0.934697 0.335464
v -0.187268 -0.031693 0.132223
vt 0.234106 0.564880
vn 0.119792 -0.937060 0.327976
v -0.131752 -0.050030 0.146042
vt 0.285093 0.515967
vn 0.421165 -0.869393 0.258409
v -0.129096 -0.057644 0.116775
vt 0.292820 0.486145
vn 0.428757 -0.866111 0.256942
v 0.044142 -0.226919 0.121034
vt 0.544895 0.143031
vn -0.165324 0.953835 0.250734
v 0.054915 -0.230323 0.140908
vt 0.565877 0.115964
vn -0.152914 0.870213 0.468345
v -0.164065 -0.037447 0.127256
vt 0.254021 0.547577
vn -0.407429 -0.093027 0.908486
v -0.228211 0.036855 0.121034
vt 0.120281 0.551435
vn 0.954278 -0.140626 0.263775
v -0.233248 0.037665 0.139032
vt 0.092750 0.555675
vn 0.892878 -0.123522 0.433025
v 0.015883 -0.246579 0.154308
vt 0.497672 0.076936
vn -0.065033 0.708106 0.703105
v 0.054915 -0.230323 0.140908
vt 0.552036 0.107654
vn -0.152914 0.870213 0.468345
v 0.015182 -0.235781 0.139032
vt 0.495093 0.100085
vn -0.078342 0.897982 0.433002
v -0.167936 -0.045283 0.128809
vt 0.246403 0.542898
vn -0.337241 0.817479 0.466901
v 0.044055 -0.226474 0.109514
vt 0.541727 0.159850
vn -0.186803 0.981159 0.049315
v 0.044142 -0.226919 0.121034
vt 0.544895 0.143031
vn -0.186315 0.981258 0.049183
v 0.016744 -0.259831 0.164351
vt 0.499816 0.056776
vn -0.050529 0.595980 0.801408
v -0.078093 -0.117316 0.146042
vt 0.312114 0.395517
vn -0.753854 0.604095 0.258404
v -0.084925 -0.113033 0.116775
vt 0.306460 0.425778
vn -0.749040 0.610703 0.256867
v -0.055379 -0.174527 0.155286
vt 0.320440 0.313643
vn 0.082782 0.124164 0.988803
v -0.063621 -0.171910 0.155499
vt 0.312151 0.318060
vn 0.082782 0.123562 0.988878
v -0.174071 -0.057443 0.155499
vt 0.234749 0.514156
vn -0.299736 0.893098 0.335463
v -0.182474 -0.052698 0.132223
vt 0.228256 0.541222
vn -0.298630 0.896216 0.328050
v -0.170979 -0.065518 0.155286
vt 0.236350 0.504902
vn 0.148669 0.012689 0.988806
v -0.174071 -0.057443 0.155499
vt 0.234749 0.514156
vn 0.148258 0.012295 0.988872
v -0.227766 0.036782 0.109506
vt 0.137172 0.548769
vn 0.986435 -0.159424 0.039110
v -0.228211 0.036855 0.121034
vt 0.120281 0.551435
vn 0.986435 -0.159424 0.039110
v 0.051504 -0.264827 0.172343
vt 0.559731 0.045771
vn -0.169630 0.871514 0.460096
v 0.017355 -0.269229 0.172343
vt 0.501829 0.038482
vn -0.057018 0.886011 0.460145
v 0.050720 -0.260791 0.164408
vt 0.555989 0.056034
vn -0.169630 0.871514 0.460096
v 0.017089 -0.265125 0.164408
vt 0.500725 0.048698
vn -0.057018 0.886011 0.460145
v -0.063621 -0.171910 0.155499
vt 0.312151 0.318060
vn -0.885126 0.322466 0.335510
v -0.069302 -0.159531 0.128809
vt 0.296549 0.344849
vn -0.849389 0.246051 0.466903
v -0.072569 -0.175521 0.132223
vt 0.286785 0.329574
vn -0.886922 0.325284 0.327963
v 0.015182 -0.235781 0.139032
vt 0.501198 0.109326
vn -0.078342 0.897982 0.433002
v 0.014851 -0.230691 0.121034
vt 0.499405 0.137132
vn -0.075240 0.961643 0.263785
v 0.051504 -0.264827 0.172343
vt 0.559731 0.045771
vn -0.000015 -0.000015 1.000000
v 0.052335 -0.269107 0.172343
vt 0.561556 0.040421
vn -0.000015 -0.000015 1.000000
v -0.050482 -0.180894 0.131790
vt 0.343954 0.300066
vn 0.934275 -0.244910 0.259132
v -0.055379 -0.174527 0.155286
vt 0.320440 0.313643
vn 0.934382 -0.244419 0.259208
v -0.073016 -0.151619 0.127256
vt 0.297449 0.353701
vn -0.181354 -0.376558 0.908469
v -0.260236 0.008411 0.164351
vt 0.033081 0.520453
vn 0.586783 -0.040831 0.808714
v -0.246830 -0.008578 0.154192
vt 0.055084 0.500055
vn 0.740896 -0.042705 0.670261
v -0.081517 -0.153649 0.128809
vt 0.288577 0.354703
vn 0.721951 -0.510701 0.466874
v -0.101921 -0.152113 0.155286
vt 0.263286 0.384789
vn 0.045397 0.142185 0.988798
v -0.094737 -0.156925 0.155499
vt 0.265790 0.375736
vn 0.044973 0.141770 0.988877
v -0.245438 -0.019668 0.161597
vt 0.199810 0.635709
vn 0.084970 0.062390 0.994428
v -0.244651 -0.030622 0.162409
vt 0.192433 0.625453
vn 0.081880 0.062997 0.994649
v -0.094737 -0.156925 0.155499
vt 0.265790 0.375736
vn 0.804009 -0.490934 0.335491
v -0.091981 -0.166173 0.132223
vt 0.271485 0.348482
vn 0.807285 -0.490613 0.328010
v -0.265539 0.008584 0.164409
vt 0.024718 0.519246
vn 0.887409 -0.028621 0.460094
v -0.269648 0.008717 0.172343
vt 0.013870 0.517906
vn 0.887409 -0.028621 0.460094
v -0.236768 -0.002286 0.140908
vt 0.075926 0.511635
vn 0.882382 -0.044608 0.468414
v -0.224525 -0.011468 0.133808
vt 0.239888 0.644018
vn -0.034603 0.963042 0.267118
v -0.245438 -0.019668 0.161597
vt 0.199810 0.635709
vn 0.009571 0.952160 0.305450
v -0.172903 -0.073317 0.131790
vt 0.240046 0.478001
vn 0.391083 -0.883125 0.259123
v -0.170979 -0.065518 0.155286
vt 0.236350 0.504902
vn 0.391485 -0.882918 0.259219
v 0.052335 -0.269107 0.160278
vt 0.969107 0.717835
vn 0.190966 -0.981597 0.000018
v 0.052335 -0.269107 0.172343
vt 0.955626 0.717835
vn 0.190966 -0.981597 0.000018
v -0.231052 0.007459 0.121034
vt 0.116190 0.505912
vn 0.966706 -0.051122 0.250731
v -0.236768 -0.002286 0.140908
vt 0.085187 0.491395
vn 0.882382 -0.044608 0.468414
v 0.014851 -0.230691 0.121034
vt 0.499405 0.137132
vn -0.064125 0.997175 0.039107
v 0.014823 -0.230240 0.109506
vt 0.498371 0.154207
vn -0.064125 0.997175 0.039107
v -0.270647 0.043683 0.172343
vt 0.014305 0.576633
vn -0.000015 -0.000015 1.000000
v -0.266340 0.042990 0.172343
vt 0.019656 0.576000
vn -0.000015 -0.000015 1.000000
v -0.221841 -0.035870 0.133891
vt 0.199135 0.583863
vn 0.162884 -0.938314 0.305018
v -0.244651 -0.030622 0.162409
vt 0.192433 0.625453
vn 0.249563 -0.899433 0.358802
v -0.109953 -0.152254 0.131790
vt 0.255154 0.410694
vn -0.773997 0.577751 0.259097
v -0.101921 -0.152113 0.155286
vt 0.263286 0.384789
vn -0.773676 0.578149 0.259170
v -0.230599 0.007445 0.109514
vt 0.133301 0.505339
vn 0.998127 -0.036229 0.049292
v -0.231052 0.007459 0.121034
vt 0.116190 0.505912
vn 0.998124 -0.036431 0.049198
v -0.015063 -0.245116 0.152624
vt 0.449026 0.079971
vn 0.063668 0.714884 0.696339
v -0.014453 -0.235808 0.138830
vt 0.451446 0.100764
vn 0.076260 0.901080 0.426895
v -0.016618 -0.259840 0.164351
vt 0.445342 0.057087
vn 0.051172 0.601389 0.797316
v 0.016744 -0.259831 0.164351
vt 0.499816 0.056776
vn -0.000725 0.010788 0.999942
v 0.017089 -0.265125 0.164408
vt 0.500725 0.048698
vn -0.000725 0.010788 0.999942
v -0.016618 -0.259840 0.164351
vt 0.445342 0.057087
vn 0.000694 0.010788 0.999942
v -0.016955 -0.265135 0.164408
vt 0.444379 0.049045
vn 0.000694 0.010788 0.999942
v -0.270647 0.043683 0.172343
vt 0.955627 0.129213
vn -0.987151 0.159788 -0.000018
v -0.270647 0.043683 0.160278
vt 0.969107 0.129213
vn -0.987203 0.159471 -0.000017
v -0.016955 -0.265135 0.164408
vt 0.444379 0.049045
vn 0.056573 0.886018 0.460186
v -0.017216 -0.269239 0.172343
vt 0.443173 0.038776
vn 0.056573 0.886018 0.460186
v -0.014453 -0.235808 0.138830
vt 0.452674 0.109313
vn 0.076260 0.901080 0.426895
v -0.014766 -0.230699 0.121034
vt 0.453476 0.137241
vn 0.075695 0.961898 0.262722
v -0.260236 0.008411 0.164351
vt 0.033081 0.520453
vn 0.028970 -0.002722 0.999577
v -0.259521 -0.015684 0.163996
vt 0.035068 0.480080
vn 0.273254 0.027092 0.961560
v -0.265539 0.008584 0.164409
vt 0.024718 0.519246
vn 0.029100 -0.002723 0.999573
v -0.264457 -0.025442 0.164409
vt 0.027059 0.460327
vn 0.096580 0.004097 0.995317
v -0.073790 -0.234908 0.161596
vt 0.285860 0.250889
vn 0.079696 0.068986 0.994429
v -0.084294 -0.231703 0.162409
vt 0.274823 0.257036
vn 0.079584 0.065772 0.994656
v -0.236768 -0.002286 0.140908
vt 0.224041 0.659356
vn 0.882382 -0.044608 0.468414
v -0.233268 -0.009462 0.134820
vt 0.231958 0.650776
vn 0.862355 0.337351 0.377543
v -0.246830 -0.008578 0.154192
vt 0.204956 0.653045
vn 0.740896 -0.042705 0.670261
v -0.252660 -0.019769 0.161421
vt 0.193543 0.641257
vn 0.344660 0.352791 0.869913
v -0.233268 -0.009462 0.134820
vt 0.095603 0.479308
vn 0.862355 0.337351 0.377543
v -0.230554 -0.022215 0.120709
vt 0.118164 0.460053
vn 0.979790 0.097366 0.174731
v -0.264457 -0.025442 0.164409
vt 0.027059 0.460327
vn 0.877647 0.087289 0.471291
v -0.268549 -0.025836 0.172343
vt 0.015743 0.458429
vn 0.877592 0.087384 0.471376
v -0.229665 -0.088772 0.161597
vt 0.165628 0.493450
vn 0.103686 -0.019319 0.994422
v -0.233709 -0.078561 0.162409
vt 0.163664 0.505928
vn 0.101086 -0.021219 0.994651
v -0.061141 -0.216344 0.133808
vt 0.325670 0.260402
vn 0.931196 -0.248044 0.267112
v -0.073790 -0.234908 0.161596
vt 0.285860 0.250889
vn 0.930410 -0.202614 0.305425
v -0.259521 -0.015684 0.163996
vt 0.188105 0.648707
vn 0.273254 0.027092 0.961560
v -0.215435 -0.063936 0.133891
vt 0.188395 0.540053
vn -0.260396 0.916055 0.305020
v -0.233709 -0.078561 0.162409
vt 0.163664 0.505928
vn -0.165414 0.918619 0.358857
v -0.014766 -0.230699 0.121034
vt 0.453476 0.137241
vn 0.063772 0.997197 0.039129
v -0.014735 -0.230251 0.109508
vt 0.454555 0.154136
vn 0.063772 0.997197 0.039129
v -0.250761 -0.033896 0.162682
vt 0.184944 0.627808
vn 0.175763 0.063472 0.982384
v -0.230554 -0.022215 0.120709
vt 0.118164 0.460053
vn 0.993642 0.095682 0.059330
v -0.229661 -0.022129 0.109502
vt 0.134835 0.461540
vn 0.993642 0.095682 0.059330
v -0.256724 -0.037308 0.163511
vt 0.177715 0.629760
vn 0.324865 0.038963 0.944958
v -0.084334 -0.208297 0.133891
vt 0.263202 0.297526
vn -0.878584 0.367542 0.304964
v -0.084294 -0.231703 0.162409
vt 0.274823 0.257036
vn -0.821317 0.443498 0.358816
v -0.207265 -0.087086 0.133808
vt 0.197646 0.467988
vn 0.386669 -0.882705 0.267055
v -0.229665 -0.088772 0.161597
vt 0.165628 0.493450
vn 0.421682 -0.853761 0.305413
v -0.250761 -0.033896 0.162682
vt 0.184944 0.627808
vn 0.504169 -0.584001 0.636204
v -0.243142 -0.036570 0.155352
vt 0.187199 0.616018
vn 0.652362 -0.488608 0.579384
v -0.230068 -0.039259 0.133080
vt 0.189284 0.586631
vn 0.893035 -0.166845 0.417913
v -0.049707 -0.255583 0.164351
vt 0.392115 0.064851
vn 0.096596 0.591002 0.800866
v -0.063287 -0.238733 0.154192
vt 0.377396 0.091055
vn 0.121966 0.729120 0.673430
v -0.054906 -0.230278 0.140932
vt 0.393542 0.108669
vn 0.151773 0.874449 0.460765
v -0.256724 -0.037308 0.163511
vt 0.038907 0.437075
vn 0.324865 0.038963 0.944958
v -0.049707 -0.255583 0.164351
vt 0.392115 0.064851
vn 0.003796 0.028775 0.999579
v -0.050719 -0.260791 0.164408
vt 0.388981 0.056967
vn 0.003796 0.028872 0.999576
v -0.137651 -0.204154 0.161596
vt 0.194469 0.364863
vn 0.004195 0.105370 0.994424
v -0.128596 -0.210368 0.162409
vt 0.198037 0.352744
vn 0.001796 0.103286 0.994650
v -0.230068 -0.039259 0.133080
vt 0.103501 0.431065
vn 0.893035 -0.166845 0.417913
v -0.244718 -0.042454 0.155672
vt 0.180449 0.615615
vn 0.727969 0.034968 0.684717
v -0.050719 -0.260791 0.164408
vt 0.388981 0.056967
vn 0.169482 0.871509 0.460161
v -0.051503 -0.264827 0.172343
vt 0.385126 0.046746
vn 0.169482 0.871509 0.460161
v -0.044141 -0.226919 0.121034
vt 0.407897 0.142838
vn 0.165173 0.954260 0.249211
v -0.054906 -0.230278 0.140932
vt 0.386800 0.115750
vn 0.151773 0.874449 0.460765
v -0.228808 -0.052224 0.132064
vt 0.174935 0.582754
vn 0.901464 0.205787 0.380808
v -0.110271 -0.195807 0.133891
vt 0.234988 0.332493
vn 0.835082 -0.457833 0.305003
v -0.128596 -0.210368 0.162409
vt 0.198037 0.352744
vn 0.858824 -0.365645 0.358784
v 0.017355 -0.269229 0.172343
vt 0.501829 0.038482
vn -0.000015 -0.000015 1.000000
v 0.017637 -0.273581 0.172343
vt 0.502401 0.033127
vn -0.000015 -0.000015 1.000000
v -0.258721 -0.059051 0.164789
vt 0.034391 0.401582
vn 0.854151 0.194980 0.482088
v -0.263025 -0.060034 0.172343
vt 0.024455 0.399371
vn 0.854151 0.194980 0.482088
v -0.131023 -0.182691 0.133808
vt 0.212504 0.401590
vn -0.774522 0.573382 0.267112
v -0.137651 -0.204154 0.161596
vt 0.194469 0.364863
vn -0.738545 0.601092 0.305353
v -0.244718 -0.042454 0.155672
vt 0.057137 0.424283
vn 0.727969 0.034968 0.684717
v -0.253848 -0.057939 0.164351
vt 0.041949 0.403265
vn 0.407179 0.092880 0.908614
v -0.242301 -0.055304 0.155824
vt 0.060092 0.407300
vn 0.699621 0.159694 0.696440
v -0.258721 -0.059051 0.164789
vt 0.034391 0.401582
vn 0.145782 0.033269 0.988757
v -0.044055 -0.226474 0.109514
vt 0.411096 0.159629
vn 0.186790 0.981165 0.049237
v -0.044141 -0.226919 0.121034
vt 0.407897 0.142838
vn 0.186266 0.981270 0.049142
v -0.228808 -0.052224 0.132064
vt 0.093352 0.414695
vn 0.901464 0.205787 0.380808
v -0.225378 -0.051441 0.121034
vt 0.125280 0.414317
vn 0.948622 0.216511 0.230739
v -0.228808 -0.052224 0.132064
vt 0.108596 0.410473
vn 0.901464 0.205787 0.380808
v -0.238903 -0.067930 0.155672
vt 0.064611 0.390665
vn 0.671018 0.284268 0.684782
v -0.247488 -0.077776 0.163511
vt 0.053517 0.371358
vn 0.309604 0.105803 0.944961
v -0.224939 -0.051341 0.109523
vt 0.141951 0.418160
vn 0.973229 0.222103 0.059129
v -0.225378 -0.051441 0.121034
vt 0.125280 0.414317
vn 0.973229 0.222103 0.059129
v -0.061131 -0.225314 0.134820
vt 0.321363 0.250913
vn 0.519774 0.766679 0.376880
v -0.075495 -0.241927 0.161421
vt 0.282545 0.243203
vn 0.420177 0.257671 0.870090
v 0.017637 -0.273581 0.160278
vt 0.969107 0.678744
vn 0.063871 -0.997958 -0.000016
v 0.017637 -0.273581 0.172343
vt 0.955626 0.678744
vn 0.064180 -0.997938 -0.000016
v -0.054906 -0.230278 0.140932
vt 0.317849 0.239782
vn 0.151773 0.874449 0.460765
v -0.063287 -0.238733 0.154192
vt 0.297884 0.237383
vn 0.121966 0.729120 0.673430
v -0.061131 -0.225314 0.134820
vt 0.377288 0.128558
vn 0.519774 0.766679 0.376880
v -0.072960 -0.219830 0.120709
vt 0.363433 0.154731
vn 0.312560 0.933777 0.174261
v -0.073039 -0.249525 0.163996
vt 0.353310 0.076203
vn 0.087196 0.260391 0.961558
v -0.224318 -0.064452 0.133080
vt 0.178336 0.542010
vn 0.732176 0.537767 0.418000
v -0.234930 -0.072547 0.155352
vt 0.163241 0.516705
vn 0.375739 0.723229 0.579449
v -0.240634 -0.078263 0.162682
vt 0.155914 0.507187
vn 0.200760 0.744889 0.636266
v -0.083651 -0.252165 0.164408
vt 0.332230 0.073028
vn 0.025483 0.093277 0.995314
v -0.269648 0.008717 0.172343
vt 0.013870 0.517906
vn -0.000015 -0.000015 1.000000
v -0.274006 0.008859 0.172343
vt 0.008249 0.517310
vn -0.000015 -0.000015 1.000000
v -0.228808 -0.052224 0.132064
vt 0.167256 0.551918
vn 0.901464 0.205787 0.380808
v -0.238903 -0.067930 0.155672
vt 0.157392 0.520097
vn 0.671018 0.284268 0.684782
v -0.088845 -0.236932 0.162682
vt 0.269046 0.251721
vn 0.101079 0.157269 0.982369
v -0.247488 -0.077776 0.163511
vt 0.148577 0.508691
vn 0.309604 0.105803 0.944961
v -0.224318 -0.064452 0.133080
vt 0.113070 0.389735
vn 0.732176 0.537767 0.418000
v -0.217360 -0.080019 0.120709
vt 0.138999 0.370098
vn 0.924965 0.337776 0.174205
v -0.073039 -0.249525 0.163996
vt 0.280788 0.234149
vn 0.087196 0.260391 0.961558
v -0.249306 -0.091821 0.164408
vt 0.052629 0.345284
vn 0.088876 0.038280 0.995307
v -0.240634 -0.078263 0.162682
vt 0.155914 0.507187
vn 0.185951 0.019079 0.982374
v -0.236216 -0.091814 0.161421
vt 0.157539 0.491309
vn 0.463508 -0.167913 0.870037
v -0.089469 -0.215564 0.133080
vt 0.255463 0.290831
vn 0.036094 0.907757 0.417940
v -0.089757 -0.228908 0.155352
vt 0.266074 0.263350
vn -0.331217 0.744702 0.579409
v -0.088845 -0.236932 0.162682
vt 0.269046 0.251721
vn -0.457220 0.621445 0.636204
v -0.253164 -0.093243 0.172343
vt 0.041581 0.342177
vn 0.828582 0.302074 0.471384
v -0.249306 -0.091821 0.164408
vt 0.052629 0.345284
vn 0.828562 0.302182 0.471351
v -0.072960 -0.219830 0.120709
vt 0.363433 0.154731
vn 0.314388 0.947439 0.059330
v -0.072678 -0.218979 0.109502
vt 0.368576 0.170652
vn 0.314388 0.947439 0.059330
v -0.240626 -0.098472 0.163996
vt 0.149335 0.487095
vn 0.257964 0.094153 0.961556
v -0.093498 -0.241986 0.163511
vt 0.263333 0.246880
vn 0.110274 0.308064 0.944953
v -0.214273 -0.092687 0.134820
vt 0.187538 0.465522
vn 0.923493 0.071663 0.376863
v -0.274006 0.008859 0.160278
vt 0.969107 0.168304
vn -0.999482 0.032177 -0.000016
v -0.274006 0.008859 0.172343
vt 0.955627 0.168304
vn -0.999482 0.032177 -0.000016
v -0.089469 -0.215564 0.133080
vt 0.331809 0.146775
vn 0.036094 0.907757 0.417940
v -0.095844 -0.229136 0.155672
vt 0.259794 0.260843
vn 0.196082 0.701901 0.684753
v -0.217360 -0.080019 0.120709
vt 0.138999 0.370098
vn 0.936768 0.344886 0.059319
v -0.216519 -0.079709 0.109502
vt 0.154640 0.376066
vn 0.936768 0.344886 0.059319
v -0.093498 -0.241986 0.163511
vt 0.312407 0.089971
vn 0.110274 0.308064 0.944953
v -0.214273 -0.092687 0.134820
vt 0.127202 0.342902
vn 0.923493 0.071663 0.376863
v -0.101829 -0.211450 0.132064
vt 0.240828 0.288233
vn 0.401194 0.833071 0.380837
v -0.226108 -0.099368 0.154192
vt 0.162424 0.475643
vn 0.646158 0.359159 0.673413
v -0.214271 -0.100649 0.140932
vt 0.176626 0.461412
vn 0.778301 0.426499 0.460810
v -0.240626 -0.098472 0.163996
vt 0.068240 0.330760
vn 0.257964 0.094153 0.961556
v -0.112973 -0.234591 0.164351
vt 0.280261 0.100816
vn 0.181180 0.376252 0.908630
v -0.095844 -0.229136 0.155672
vt 0.304240 0.110679
vn 0.196082 0.701901 0.684753
v -0.107834 -0.223920 0.155824
vt 0.288419 0.117517
vn 0.311385 0.646574 0.696406
v -0.101829 -0.211450 0.132064
vt 0.303376 0.148130
vn 0.401194 0.833071 0.380837
v -0.129846 -0.217186 0.162682
vt 0.191576 0.348285
vn 0.770878 0.029977 0.636277
v -0.123005 -0.212897 0.155352
vt 0.202269 0.342823
vn 0.788676 0.205363 0.579496
v -0.112751 -0.204352 0.133080
vt 0.226741 0.326418
vn 0.687186 0.594199 0.417975
v -0.100302 -0.208281 0.121034
vt 0.320257 0.171636
vn 0.422146 0.876665 0.230760
v -0.101829 -0.211450 0.132064
vt 0.312802 0.156226
vn 0.401194 0.833071 0.380837
v -0.083651 -0.252165 0.164408
vt 0.332230 0.073028
vn 0.280365 0.836199 0.471345
v -0.084945 -0.256067 0.172343
vt 0.327769 0.062449
vn 0.280472 0.836181 0.471314
v -0.115141 -0.239094 0.164789
vt 0.276864 0.093857
vn 0.380116 0.789341 0.482133
v -0.117057 -0.243072 0.172343
vt 0.272397 0.084710
vn 0.380116 0.789341 0.482133
v -0.226108 -0.099368 0.154192
vt 0.094851 0.321168
vn 0.646158 0.359159 0.673413
v -0.230815 -0.120490 0.164351
vt 0.083534 0.293321
vn 0.522288 0.292993 0.800856
v -0.214271 -0.100649 0.140932
vt 0.118699 0.319542
vn 0.778301 0.426499 0.460810
v -0.201031 -0.141051 0.152624
vt 0.130922 0.258270
vn 0.598571 0.395977 0.696359
v -0.193374 -0.135724 0.138830
vt 0.148683 0.269343
vn 0.752131 0.502079 0.426868
v -0.115141 -0.239094 0.164789
vt 0.276864 0.093857
vn 0.064865 0.134789 0.988749
v -0.214271 -0.100649 0.140932
vt 0.123147 0.327467
vn 0.778301 0.426499 0.460810
v -0.204934 -0.106971 0.121034
vt 0.157425 0.328035
vn 0.849069 0.465765 0.249291
v -0.119387 -0.217798 0.155672
vt 0.273301 0.125795
vn 0.426462 0.590979 0.684744
v -0.130897 -0.223976 0.163511
vt 0.251943 0.119514
vn 0.172101 0.278304 0.944949
v -0.119387 -0.217798 0.155672
vt 0.198437 0.337252
vn 0.426462 0.590979 0.684744
v -0.101829 -0.211450 0.132064
vt 0.220973 0.312719
vn 0.401194 0.833071 0.380837
v -0.130897 -0.223976 0.163511
vt 0.185592 0.343782
vn 0.172101 0.278304 0.944949
v -0.142075 -0.209864 0.161421
vt 0.186242 0.363328
vn -0.060920 0.489463 0.869894
v -0.129846 -0.217186 0.162682
vt 0.191576 0.348285
vn 0.059971 0.177085 0.982367
v -0.213512 -0.149014 0.164351
vt 0.110763 0.246884
vn 0.502079 0.334894 0.797347
v -0.235518 -0.122946 0.164408
vt 0.075400 0.290852
vn 0.024886 0.014989 0.999578
v -0.230815 -0.120490 0.164351
vt 0.083534 0.293321
vn 0.024886 0.014989 0.999578
v -0.138042 -0.188276 0.134820
vt 0.202308 0.399485
vn 0.273869 0.884560 0.377557
v -0.100107 -0.207875 0.109523
vt 0.327695 0.187034
vn 0.433088 0.899409 0.059139
v -0.100302 -0.208281 0.121034
vt 0.320257 0.171636
vn 0.433088 0.899409 0.059139
v -0.112751 -0.204352 0.133080
vt 0.293531 0.165094
vn 0.687186 0.594199 0.417975
v -0.126380 -0.194105 0.120709
vt 0.280040 0.194608
vn 0.534670 0.826794 0.174754
v -0.193374 -0.135724 0.138830
vt 0.159187 0.272178
vn 0.752131 0.502079 0.426868
v -0.189574 -0.132293 0.121034
vt 0.181444 0.289061
vn 0.799282 0.540476 0.262743
v -0.204532 -0.106761 0.109514
vt 0.172526 0.336057
vn 0.883573 0.465698 0.049231
v -0.204934 -0.106971 0.121034
vt 0.157425 0.328035
vn 0.883481 0.465867 0.049278
v -0.144995 -0.222623 0.164408
vt 0.226388 0.124745
vn 0.057080 0.078091 0.995311
v -0.149546 -0.212681 0.163996
vt 0.177024 0.363616
vn 0.149183 0.230559 0.961554
v -0.147190 -0.198328 0.154192
vt 0.183945 0.379574
vn 0.495346 0.552660 0.670223
v -0.145835 -0.186538 0.140908
vt 0.190679 0.398510
vn 0.585032 0.662045 0.468439
v -0.174876 -0.158877 0.139032
vt 0.175370 0.234754
vn 0.653271 0.621070 0.433022
v -0.182880 -0.166157 0.154308
vt 0.158873 0.218307
vn 0.513034 0.492335 0.703138
v -0.138042 -0.188276 0.134820
vt 0.250877 0.188987
vn 0.273869 0.884560 0.377557
v -0.147190 -0.198328 0.154192
vt 0.212829 0.171415
vn 0.495346 0.552660 0.670223
v -0.145835 -0.186538 0.140908
vt 0.216782 0.194925
vn 0.585032 0.662045 0.468439
v -0.147239 -0.226069 0.172343
vt 0.220815 0.114717
vn 0.479169 0.740439 0.471325
v -0.144995 -0.222623 0.164408
vt 0.226388 0.124745
vn 0.478943 0.740564 0.471357
v -0.192704 -0.175093 0.164351
vt 0.144443 0.204061
vn 0.434431 0.411059 0.801436
v -0.126380 -0.194105 0.120709
vt 0.280040 0.194608
vn 0.544695 0.836530 0.059374
v -0.125890 -0.193354 0.109502
vt 0.289281 0.208550
vn 0.544695 0.836530 0.059374
v -0.145835 -0.186538 0.140908
vt 0.234909 0.188384
vn 0.585032 0.662045 0.468439
v -0.149891 -0.175993 0.121034
vt 0.242909 0.221652
vn 0.642720 0.723915 0.250716
v -0.168830 -0.198217 0.164351
vt 0.183163 0.166938
vn 0.397710 0.433290 0.808756
v -0.217863 -0.152053 0.164408
vt 0.103892 0.242622
vn 0.008875 0.006180 0.999942
v -0.213512 -0.149014 0.164351
vt 0.110763 0.246884
vn 0.008875 0.006180 0.999942
v -0.174876 -0.158877 0.139032
vt 0.189442 0.234471
vn 0.653271 0.621070 0.433022
v -0.171102 -0.155444 0.121034
vt 0.209975 0.253299
vn 0.704916 0.658387 0.263856
v -0.149546 -0.212681 0.163996
vt 0.215950 0.143319
vn 0.149183 0.230559 0.961554
v -0.189574 -0.132293 0.121034
vt 0.181444 0.289061
vn 0.819400 0.571884 0.039136
v -0.189205 -0.132039 0.109508
vt 0.195278 0.298800
vn 0.819400 0.571884 0.039136
v -0.017492 -0.273591 0.172343
vt 0.442554 0.033445
vn -0.000015 -0.000015 1.000000
v -0.017216 -0.269239 0.172343
vt 0.443173 0.038776
vn -0.000015 -0.000015 1.000000
v -0.168830 -0.198217 0.164351
vt 0.183163 0.166938
vn 0.020184 0.020978 0.999576
v -0.172271 -0.202255 0.164408
vt 0.178889 0.159649
vn 0.020087 0.020976 0.999578
v -0.174938 -0.205385 0.172343
vt 0.173170 0.150335
vn 0.575590 0.675992 0.460143
v -0.172271 -0.202255 0.164408
vt 0.178889 0.159649
vn 0.575590 0.675992 0.460143
v -0.192704 -0.175093 0.164351
vt 0.144443 0.204061
vn 0.007978 0.007296 0.999942
v -0.196629 -0.178663 0.164408
vt 0.138687 0.198315
vn 0.007978 0.007296 0.999942
v -0.221233 -0.154408 0.172343
vt 0.095027 0.237142
vn 0.728052 0.508138 0.460148
v -0.217863 -0.152053 0.164408
vt 0.103892 0.242622
vn 0.728052 0.508138 0.460148
v -0.199671 -0.181430 0.172343
vt 0.131380 0.191081
vn 0.657182 0.596965 0.460156
v -0.196629 -0.178663 0.164408
vt 0.138687 0.198315
vn 0.657182 0.596965 0.460156
v -0.149891 -0.175993 0.121034
vt 0.242909 0.221652
vn 0.650772 0.757673 0.049269
v -0.149596 -0.175648 0.109514
vt 0.254025 0.234643
vn 0.650602 0.757816 0.049314
v -0.171102 -0.155444 0.121034
vt 0.209975 0.253299
vn 0.739599 0.671910 0.039113
v -0.170767 -0.155142 0.109506
vt 0.222629 0.264804
vn 0.739599 0.671910 0.039113
v -0.017492 -0.273591 0.172343
vt 0.955626 0.639492
vn -0.063770 -0.997965 -0.000049
v -0.017492 -0.273591 0.160278
vt 0.969107 0.639492
vn -0.063770 -0.997965 -0.000049
v -0.268549 -0.025836 0.172343
vt 0.015743 0.458429
vn -0.000015 -0.000015 1.000000
v -0.272889 -0.026252 0.172343
vt 0.009817 0.457454
vn -0.000015 -0.000015 1.000000
v -0.272889 -0.026252 0.160278
vt 0.969107 0.207555
vn -0.995403 -0.095777 -0.000050
v -0.272889 -0.026252 0.172343
vt 0.955627 0.207555
vn -0.995403 -0.095777 -0.000050
v -0.052334 -0.269108 0.172343
vt 0.383240 0.041418
vn -0.000015 -0.000015 1.000000
v -0.051503 -0.264827 0.172343
vt 0.385126 0.046746
vn -0.000015 -0.000015 1.000000
v -0.263025 -0.060034 0.172343
vt 0.024455 0.399371
vn -0.000015 -0.000015 1.000000
v -0.267276 -0.061004 0.172343
vt 0.019049 0.398168
vn -0.000015 -0.000015 1.000000
v -0.052334 -0.269108 0.172343
vt 0.955626 0.600240
vn -0.190904 -0.981609 -0.000018
v -0.052334 -0.269108 0.160278
vt 0.969107 0.600240
vn -0.190904 -0.981609 -0.000018
v -0.267276 -0.061004 0.160278
vt 0.969107 0.246889
vn -0.974936 -0.222483 -0.000055
v -0.267276 -0.061004 0.172343
vt 0.955627 0.246889
vn -0.974936 -0.222483 -0.000055
v -0.086317 -0.260206 0.172343
vt 0.325432 0.056914
vn -0.000015 -0.000015 1.000000
v -0.084945 -0.256067 0.172343
vt 0.327769 0.062449
vn -0.000015 -0.000015 1.000000
v -0.257255 -0.094750 0.172343
vt 0.035798 0.340554
vn -0.000015 -0.000015 1.000000
v -0.253164 -0.093243 0.172343
vt 0.041581 0.342177
vn -0.000015 -0.000015 1.000000
v -0.086317 -0.260206 0.172343
vt 0.955626 0.560988
vn -0.314897 -0.949126 -0.000019
v -0.086317 -0.260206 0.160278
vt 0.969107 0.560988
vn -0.314897 -0.949126 -0.000019
v -0.257255 -0.094750 0.172343
vt 0.955627 0.286222
vn -0.938389 -0.345582 -0.000059
v -0.257255 -0.094750 0.160278
vt 0.969107 0.286222
vn -0.938389 -0.345582 -0.000059
v -0.118949 -0.247000 0.172343
vt 0.269967 0.079734
vn -0.000015 -0.000015 1.000000
v -0.117057 -0.243072 0.172343
vt 0.272397 0.084710
vn -0.000015 -0.000015 1.000000
v -0.239162 -0.124850 0.172343
vt 0.065084 0.287520
vn 0.787067 0.410852 0.460137
v -0.235518 -0.122946 0.164408
vt 0.075400 0.290852
vn 0.787067 0.410852 0.460137
v -0.243027 -0.126869 0.172343
vt 0.059732 0.285673
vn -0.000015 -0.000015 1.000000
v -0.239162 -0.124850 0.172343
vt 0.065084 0.287520
vn -0.000015 -0.000015 1.000000
v -0.118949 -0.247000 0.172343
vt 0.955626 0.521655
vn -0.433867 -0.900977 -0.000061
v -0.118949 -0.247000 0.160278
vt 0.969107 0.521655
vn -0.433867 -0.900977 -0.000061
v -0.243027 -0.126869 0.172343
vt 0.955627 0.325474
vn -0.886467 -0.462793 -0.000021
v -0.243027 -0.126869 0.160278
vt 0.969107 0.325474
vn -0.886467 -0.462793 -0.000021
v -0.147239 -0.226069 0.172343
vt 0.220815 0.114717
vn -0.000015 -0.000015 1.000000
v -0.149619 -0.229722 0.172343
vt 0.217882 0.109476
vn -0.000015 -0.000015 1.000000
v -0.224808 -0.156905 0.172343
vt 0.090483 0.234306
vn -0.000015 -0.000015 1.000000
v -0.221233 -0.154408 0.172343
vt 0.095027 0.237142
vn -0.000015 -0.000015 1.000000
v -0.149619 -0.229722 0.160278
vt 0.969107 0.482321
vn -0.545683 -0.837992 -0.000063
v -0.149619 -0.229722 0.172343
vt 0.955626 0.482321
vn -0.545683 -0.837992 -0.000063
v -0.174938 -0.205385 0.172343
vt 0.173170 0.150335
vn -0.000015 -0.000015 1.000000
v -0.177766 -0.208703 0.172343
vt 0.170130 0.145570
vn -0.000015 -0.000015 1.000000
v -0.202898 -0.184364 0.172343
vt 0.127548 0.187293
vn -0.000015 -0.000015 1.000000
v -0.199671 -0.181430 0.172343
vt 0.131380 0.191081
vn -0.000015 -0.000015 1.000000
v -0.224808 -0.156905 0.172343
vt 0.955627 0.364726
vn -0.820042 -0.572304 -0.000064
v -0.224808 -0.156905 0.160278
vt 0.969107 0.364726
vn -0.820042 -0.572304 -0.000064
v -0.177766 -0.208703 0.160278
vt 0.969107 0.443069
vn -0.648290 -0.761393 -0.000022
v -0.177766 -0.208703 0.172343
vt 0.955626 0.443070
vn -0.648290 -0.761393 -0.000022
v -0.202898 -0.184364 0.172343
vt 0.955627 0.403978
vn -0.740199 -0.672387 -0.000022
v -0.202898 -0.184364 0.160278
vt 0.969107 0.403978
vn -0.740199 -0.672387 -0.000022
v 0.036955 0.050974 0.125914
vt 0.552104 0.532950
vn -0.163939 -0.122544 0.978829
v 0.020660 0.073401 0.129072
vt 0.543760 0.573921
vn -0.067010 -0.205222 0.976419
v 0.010590 0.070129 0.127367
vt 0.528635 0.577106
vn -0.005416 -0.212413 0.977165
v -0.059859 -0.019517 0.125824
vt 0.389970 0.509983
vn 0.213611 -0.012315 0.976841
v -0.066083 -0.028084 0.127449
vt 0.376430 0.502310
vn 0.214274 0.042877 0.975832
v 0.000201 -0.063147 0.126353
vt 0.435261 0.419791
vn -0.023327 0.248088 0.968457
v 0.000065 -0.062960 0.126309
vt 0.435231 0.420111
vn -0.029417 0.248587 0.968163
v 0.049828 -0.016122 0.123400
vt 0.523884 0.444360
vn -0.199234 0.146592 0.968926
v 0.076193 0.003033 0.129007
vt 0.570643 0.454004
vn -0.220036 -0.074338 0.972655
v 0.000000 -0.025538 0.120201
vt 0.096921 0.156153
vn 0.729467 -0.143635 0.668766
v 0.000000 -0.021972 0.119570
vt 0.091849 0.156153
vn 0.729511 -0.143634 0.668717
v 0.006752 0.008985 0.120201
vt 0.048256 0.167433
vn 0.729511 -0.143634 0.668717
v 0.006268 0.009628 0.119570
vt 0.047171 0.166135
vn 0.729467 -0.143635 0.668766
v 0.006268 0.009628 0.119570
vt 0.047171 0.166135
vn -0.016524 -0.756743 0.653504
v 0.011135 0.009509 0.119570
vt 0.046243 0.173836
vn -0.137935 -0.748980 0.648076
v 0.006752 0.008985 0.120201
vt 0.048256 0.167433
vn -0.016436 -0.756781 0.653462
v 0.011054 0.008906 0.120201
vt 0.047653 0.173822
vn -0.147214 -0.747931 0.647246
v 0.014141 0.007600 0.120201
vt 0.048779 0.178603
vn -0.431329 -0.615162 0.659948
v 0.014608 0.008006 0.119570
vt 0.047621 0.179366
vn -0.445851 -0.601175 0.663179
v 0.015297 0.006763 0.119570
vt 0.048984 0.180756
vn -0.658931 -0.331334 0.675298
v 0.014932 0.005902 0.120201
vt 0.050571 0.180563
vn -0.658931 -0.331334 0.675298
v 0.020732 0.010190 0.120201
vt 0.042912 0.187131
vn 0.500690 -0.682935 0.531893
v 0.014932 0.005902 0.120201
vt 0.050571 0.180563
vn 0.500690 -0.682935 0.531893
v 0.019637 0.009910 0.119570
vt 0.043695 0.185550
vn 0.500640 -0.682887 0.532001
v 0.015297 0.006763 0.119570
vt 0.048984 0.180756
vn 0.500690 -0.682935 0.531893
v 0.000000 0.008357 0.120201
vt 0.047711 0.156153
vn -0.551923 0.502271 0.665662
v 0.005047 0.013866 0.120201
vt 0.040329 0.164485
vn -0.266031 0.659970 0.702614
v 0.000000 0.007375 0.119570
vt 0.049724 0.156153
vn -0.551923 0.502271 0.665662
v 0.005292 0.013220 0.119570
vt 0.041673 0.164978
vn -0.258115 0.663240 0.702488
v 0.011810 0.012803 0.120201
vt 0.040860 0.174246
vn 0.155782 0.747899 0.645274
v 0.011713 0.012203 0.119570
vt 0.042212 0.174182
vn 0.157375 0.747562 0.645279
v 0.018050 0.011150 0.120201
vt 0.041879 0.183441
vn 0.214145 0.730244 0.648757
v 0.017793 0.010594 0.119570
vt 0.043167 0.183093
vn 0.211665 0.731541 0.648109
v 0.019637 0.009910 0.119570
vt 0.043695 0.185550
vn 0.257382 0.708649 0.656940
v 0.020732 0.010190 0.120201
vt 0.042912 0.187131
vn 0.257382 0.708649 0.656940
v 0.000000 -0.025538 0.120201
vt 0.096921 0.156153
vn -0.729511 -0.143634 0.668717
v -0.006752 0.008985 0.120201
vt 0.048256 0.144873
vn -0.676261 -0.225616 0.701262
v 0.000000 -0.021972 0.119570
vt 0.091849 0.156153
vn -0.729548 -0.143735 0.668656
v -0.006268 0.009628 0.119570
vt 0.047171 0.146171
vn -0.673123 -0.230093 0.702825
v -0.011135 0.009509 0.119570
vt 0.046243 0.138470
vn 0.137885 -0.748962 0.648108
v -0.011053 0.008906 0.120201
vt 0.047653 0.138484
vn 0.147163 -0.747913 0.647278
v -0.014141 0.007600 0.120201
vt 0.048779 0.133703
vn 0.431327 -0.615055 0.660049
v -0.014607 0.008006 0.119570
vt 0.047621 0.132940
vn 0.445792 -0.601114 0.663274
v -0.015297 0.006763 0.119571
vt 0.048984 0.131550
vn 0.658817 -0.331276 0.675438
v -0.014931 0.005902 0.120201
vt 0.050571 0.131743
vn 0.658857 -0.331220 0.675426
v -0.020732 0.010190 0.120201
vt 0.042912 0.125174
vn -0.500833 -0.683126 0.531512
v -0.019637 0.009910 0.119570
vt 0.043695 0.126756
vn -0.500833 -0.683126 0.531512
v -0.014931 0.005902 0.120201
vt 0.050571 0.131743
vn -0.500841 -0.683032 0.531625
v -0.015297 0.006763 0.119571
vt 0.048984 0.131550
vn -0.500833 -0.683126 0.531512
v 0.000000 0.008357 0.120201
vt 0.047711 0.156153
vn 0.551700 0.502259 0.665856
v 0.000000 0.007375 0.119570
vt 0.049724 0.156153
vn 0.551756 0.502262 0.665807
v -0.005046 0.013866 0.120201
vt 0.040329 0.147821
vn 0.265975 0.659956 0.702649
v -0.005291 0.013220 0.119570
vt 0.041673 0.147328
vn 0.258059 0.663174 0.702571
v -0.011810 0.012803 0.120201
vt 0.040860 0.138060
vn -0.155832 0.747960 0.645191
v -0.011713 0.012203 0.119570
vt 0.042212 0.138124
vn -0.157424 0.747710 0.645095
v -0.018049 0.011150 0.120201
vt 0.041879 0.128865
vn -0.214251 0.730320 0.648636
v -0.017793 0.010594 0.119570
vt 0.043167 0.129212
vn -0.211719 0.731557 0.648074
v -0.019637 0.009910 0.119570
vt 0.043695 0.126756
vn -0.257327 0.708683 0.656925
v -0.020732 0.010190 0.120201
vt 0.042912 0.125174
vn -0.257437 0.708663 0.656904
v 0.019637 0.009910 0.119570
vt 0.043695 0.185550
vn -0.000015 -0.000015 1.000000
v 0.015297 0.006763 0.119570
vt 0.048984 0.180756
vn -0.000015 -0.000015 1.000000
v 0.017793 0.010594 0.119570
vt 0.043167 0.183093
vn -0.000015 -0.000015 1.000000
v 0.014608 0.008006 0.119570
vt 0.047621 0.179366
vn -0.000015 -0.000015 1.000000
v 0.011135 0.009509 0.119570
vt 0.046243 0.173836
vn -0.000015 -0.000015 1.000000
v 0.011713 0.012203 0.119570
vt 0.042212 0.174182
vn -0.000015 -0.000015 1.000000
v 0.006268 0.009628 0.119570
vt 0.047171 0.166135
vn -0.000015 -0.000015 1.000000
v 0.005292 0.013220 0.119570
vt 0.041673 0.164978
vn -0.000015 -0.000015 1.000000
v 0.000000 0.007375 0.119570
vt 0.049724 0.156153
vn -0.000015 -0.000015 1.000000
v 0.000000 -0.021972 0.119570
vt 0.091849 0.156153
vn -0.000015 -0.000015 1.000000
v -0.006268 0.009628 0.119570
vt 0.047171 0.146171
vn -0.000015 -0.000015 1.000000
v -0.005291 0.013220 0.119570
vt 0.041673 0.147328
vn -0.000015 -0.000015 1.000000
v -0.011713 0.012203 0.119570
vt 0.042212 0.138124
vn -0.000015 -0.000015 1.000000
v -0.011135 0.009509 0.119570
vt 0.046243 0.138470
vn -0.000015 -0.000015 1.000000
v -0.014607 0.008006 0.119570
vt 0.047621 0.132940
vn -0.000015 -0.000015 1.000000
v -0.017793 0.010594 0.119570
vt 0.043167 0.129212
vn -0.000015 0.000076 1.000000
v -0.015297 0.006763 0.119571
vt 0.048984 0.131550
vn -0.000015 0.000076 1.000000
v -0.019637 0.009910 0.119570
vt 0.043695 0.126756
vn -0.000015 0.000076 1.000000
v 0.021787 0.011497 0.120201
vt 0.031218 0.188708
vn 0.788694 -0.337254 0.514026
v 0.021554 0.012040 0.119570
vt 0.030003 0.187838
vn 0.788758 -0.337138 0.514003
v 0.022876 0.014038 0.120201
vt 0.027195 0.189910
vn 0.788726 -0.337196 0.514014
v 0.022295 0.013777 0.119570
vt 0.027907 0.188598
vn 0.788719 -0.337143 0.514060
v -0.022295 0.013777 0.119570
vt 0.027907 0.122803
vn -0.788889 -0.337230 0.513740
v -0.021554 0.012040 0.119571
vt 0.030003 0.123563
vn -0.788915 -0.337120 0.513774
v -0.022876 0.014038 0.120201
vt 0.027195 0.121491
vn -0.788850 -0.337235 0.513797
v -0.021787 0.011497 0.120201
vt 0.031218 0.122693
vn -0.788889 -0.337230 0.513740
v 0.022876 0.014038 0.120201
vt 0.027195 0.189910
vn 0.234603 0.835827 0.496342
v 0.022295 0.013777 0.119570
vt 0.027907 0.188598
vn 0.234596 0.835895 0.496230
v 0.011406 0.017259 0.120201
vt 0.023437 0.172994
vn 0.158750 0.851850 0.499149
v 0.011334 0.016851 0.119570
vt 0.024687 0.172846
vn 0.159200 0.851809 0.499076
v 0.000000 0.018330 0.120201
vt 0.022379 0.155701
vn -0.000021 0.865714 0.500540
v 0.000000 0.017916 0.119570
vt 0.023625 0.155701
vn -0.000021 0.865799 0.500392
v -0.011406 0.017259 0.120201
vt 0.023437 0.138408
vn -0.158799 0.851863 0.499111
v -0.011334 0.016851 0.119570
vt 0.024687 0.138555
vn -0.159249 0.851822 0.499038
v -0.022876 0.014038 0.120201
vt 0.027195 0.121491
vn -0.234600 0.835861 0.496286
v -0.022295 0.013777 0.119570
vt 0.027907 0.122803
vn -0.234654 0.835837 0.496300
v 0.022295 0.013777 0.119570
vt 0.027907 0.188598
vn -0.000015 -0.000015 1.000000
v 0.021554 0.012040 0.119570
vt 0.030003 0.187838
vn -0.000015 -0.000015 1.000000
v 0.011334 0.016851 0.119570
vt 0.024687 0.172846
vn -0.000015 -0.000015 1.000000
v 0.010974 0.015130 0.119570
vt 0.027344 0.172464
vn -0.000015 -0.000015 1.000000
v 0.000000 0.017916 0.119570
vt 0.023625 0.155701
vn -0.000015 -0.000015 1.000000
v 0.000000 0.016127 0.119570
vt 0.026308 0.155701
vn -0.000015 -0.000015 1.000000
v -0.011334 0.016851 0.119570
vt 0.024687 0.138555
vn -0.000015 -0.000015 1.000000
v -0.010974 0.015130 0.119570
vt 0.027344 0.138938
vn -0.000015 -0.000015 1.000000
v -0.022295 0.013777 0.119570
vt 0.027907 0.122803
vn -0.000015 -0.000015 1.000000
v -0.021554 0.012040 0.119571
vt 0.030003 0.123563
vn -0.000015 -0.000015 1.000000
v 0.021787 0.011497 0.120201
vt 0.031218 0.188708
vn -0.241637 -0.820958 0.517339
v 0.010892 0.014725 0.120201
vt 0.028592 0.172297
vn -0.161801 -0.845282 0.509233
v 0.021554 0.012040 0.119570
vt 0.030003 0.187838
vn -0.241534 -0.820936 0.517422
v 0.010974 0.015130 0.119570
vt 0.027344 0.172464
vn -0.162312 -0.845120 0.509340
v 0.000000 0.015715 0.120201
vt 0.027563 0.155701
vn -0.000021 -0.866851 0.498567
v 0.000000 0.016127 0.119570
vt 0.026308 0.155701
vn -0.000021 -0.866851 0.498567
v -0.010891 0.014725 0.120201
vt 0.028592 0.139104
vn 0.161798 -0.845315 0.509179
v -0.010974 0.015130 0.119570
vt 0.027344 0.138938
vn 0.162361 -0.845133 0.509302
v -0.021787 0.011497 0.120201
vt 0.031218 0.122693
vn 0.241589 -0.820911 0.517436
v -0.021554 0.012040 0.119571
vt 0.030003 0.123563
vn 0.241483 -0.820925 0.517463
v 0.258221 0.083901 -0.049102
vt 0.154830 0.934856
vn -0.951067 -0.308985 -0.000019
v 0.244899 0.079572 0.126142
vt 0.154830 0.993965
vn -0.951067 -0.308985 -0.000019
v 0.271510 0.000000 -0.049102
vt 0.179153 0.934856
vn -1.000000 0.000000 -0.000015
v 0.257503 0.000000 0.126142
vt 0.179153 0.993965
vn -1.000000 0.000000 -0.000015
v 0.258222 -0.083901 -0.049102
vt 0.203287 0.934856
vn -0.951074 0.308962 0.000019
v 0.244900 -0.079572 0.126142
vt 0.203287 0.993965
vn -0.951074 0.308962 0.000019
v 0.219656 -0.159590 -0.049102
vt 0.227301 0.934856
vn -0.809021 0.587780 0.000021
v 0.208324 -0.151357 0.126142
vt 0.227301 0.993965
vn -0.809021 0.587780 0.000021
v 0.159589 -0.219656 -0.049102
vt 0.251546 0.934856
vn -0.587828 0.808986 0.000021
v 0.151356 -0.208324 0.126142
vt 0.251546 0.993965
vn -0.587828 0.808986 0.000021
v 0.159589 -0.219656 -0.049102
vt 0.006239 0.934492
vn -0.587828 0.808986 0.000021
v 0.151356 -0.208324 0.126142
vt 0.006239 0.994445
vn -0.587828 0.808986 0.000021
v 0.083902 -0.258221 -0.049102
vt 0.029579 0.934492
vn -0.309008 0.951059 0.000019
v 0.079573 -0.244899 0.126142
vt 0.029579 0.994445
vn -0.309008 0.951059 0.000019
v -0.000001 -0.271510 -0.049102
vt 0.052801 0.934492
vn 0.000000 1.000000 -0.000015
v -0.000001 -0.257503 0.126142
vt 0.052801 0.994445
vn 0.000000 1.000000 -0.000015
v -0.083901 -0.258221 -0.049102
vt 0.076243 0.934492
vn 0.308973 0.951071 0.000058
v -0.079573 -0.244900 0.126142
vt 0.076243 0.994445
vn 0.308973 0.951071 0.000058
v -0.159589 -0.219656 -0.049102
vt 0.099996 0.934492
vn 0.587800 0.809006 0.000064
v -0.151356 -0.208324 0.126142
vt 0.099996 0.994445
vn 0.587800 0.809006 0.000064
v -0.219656 -0.159589 -0.049102
vt 0.124061 0.934492
vn 0.809006 0.587800 0.000064
v -0.208324 -0.151356 0.126142
vt 0.124061 0.994445
vn 0.809006 0.587800 0.000064
v -0.258221 -0.083901 -0.049102
vt 0.148412 0.934492
vn 0.951071 0.308973 0.000058
v -0.244899 -0.079572 0.126142
vt 0.148412 0.994445
vn 0.951071 0.308973 0.000058
v -0.271510 0.000000 -0.049102
vt 0.173014 0.934492
vn 1.000000 0.000000 -0.000015
v -0.257503 0.000000 0.126142
vt 0.173014 0.994445
vn 1.000000 0.000000 -0.000015
v -0.258222 0.083901 -0.049102
vt 0.197824 0.934492
vn 0.951059 -0.309008 0.000019
v -0.244900 0.079572 0.126142
vt 0.197824 0.994445
vn 0.951059 -0.309008 0.000019
v -0.219656 0.159590 -0.049102
vt 0.222799 0.934492
vn 0.808986 -0.587828 0.000021
v -0.208324 0.151357 0.126142
vt 0.222799 0.994445
vn 0.808986 -0.587828 0.000021
v -0.159590 0.219656 -0.049102
vt 0.247894 0.934492
vn 0.587780 -0.809021 0.000021
v -0.151356 0.208324 0.126142
vt 0.247894 0.994445
vn 0.587780 -0.809021 0.000021
v -0.159590 0.219656 -0.049102
vt 0.006443 0.934856
vn 0.587780 -0.809021 0.000021
v -0.151356 0.208324 0.126142
vt 0.006443 0.993965
vn 0.587780 -0.809021 0.000021
v -0.083901 0.258221 -0.049102
vt 0.031257 0.934856
vn 0.308962 -0.951074 0.000019
v -0.079573 0.244899 0.126142
vt 0.031257 0.993965
vn 0.308962 -0.951074 0.000019
v 0.000001 0.271510 -0.049102
vt 0.056099 0.934856
vn 0.000000 -1.000000 -0.000015
v 0.000001 0.257503 0.126142
vt 0.056099 0.993965
vn 0.000000 -1.000000 -0.000015
v 0.083901 0.258221 -0.049102
vt 0.080920 0.934856
vn -0.308985 -0.951067 -0.000019
v 0.079573 0.244900 0.126142
vt 0.080920 0.993965
vn -0.308985 -0.951067 -0.000019
v 0.159589 0.219656 -0.049102
vt 0.105678 0.934856
vn -0.587804 -0.809003 -0.000021
v 0.151356 0.208324 0.126142
vt 0.105678 0.993965
vn -0.587804 -0.809003 -0.000021
v 0.219656 0.159589 -0.049102
vt 0.130328 0.934856
vn -0.809003 -0.587804 -0.000021
v 0.208324 0.151356 0.126142
vt 0.130328 0.993965
vn -0.809003 -0.587804 -0.000021
v 0.004366 0.061563 0.125605
vt 0.514717 0.569947
vn 0.043278 -0.198504 0.979144
v -0.057200 0.023176 0.125698
vt 0.417422 0.555398
vn 0.213955 -0.022715 0.976579
v -0.016712 -0.034703 0.120031
vt 0.434589 0.462802
vn 0.094567 0.263071 0.960130
v -0.033494 -0.028084 0.121388
vt 0.420789 0.480185
vn 0.168385 0.143250 0.975257
v -0.030114 -0.024015 0.120031
vt 0.425974 0.483853
vn 0.176693 0.137786 0.974574
v -0.054916 -0.044950 0.105544
vt 0.085382 0.031817
vn -0.808673 -0.588258 -0.000064
v -0.062356 -0.034722 0.105544
vt 0.068722 0.031817
vn -0.808673 -0.588258 -0.000064
v -0.054916 -0.044950 0.125247
vt 0.085382 0.057770
vn -0.808673 -0.588258 -0.000064
v -0.062356 -0.034722 0.125247
vt 0.068722 0.057770
vn -0.808673 -0.588258 -0.000064
v -0.042337 -0.043621 0.105544
vt 0.102043 0.031817
vn 0.105064 -0.994466 -0.000017
v -0.054916 -0.044950 0.105544
vt 0.085382 0.031817
vn 0.105064 -0.994466 -0.000017
v -0.042337 -0.043621 0.125247
vt 0.102043 0.057770
vn 0.105064 -0.994466 -0.000017
v -0.054916 -0.044950 0.125247
vt 0.085382 0.057770
vn 0.105064 -0.994466 -0.000017
v -0.037199 -0.032063 0.105544
vt 0.118703 0.031817
vn 0.913782 -0.406204 0.000020
v -0.042337 -0.043621 0.105544
vt 0.102043 0.031817
vn 0.913782 -0.406204 0.000020
v -0.037199 -0.032063 0.125247
vt 0.118703 0.057770
vn 0.913782 -0.406204 0.000020
v -0.042337 -0.043621 0.125247
vt 0.102043 0.057770
vn 0.913782 -0.406204 0.000020
v -0.044640 -0.021834 0.105544
vt 0.035401 0.031817
vn 0.808671 0.588262 0.000021
v -0.037199 -0.032063 0.105544
vt 0.018741 0.031817
vn 0.808671 0.588262 0.000021
v -0.044640 -0.021834 0.125247
vt 0.035401 0.057770
vn 0.808671 0.588262 0.000021
v -0.037199 -0.032063 0.125247
vt 0.018741 0.057770
vn 0.808671 0.588262 0.000021
v -0.057219 -0.023164 0.105544
vt 0.052061 0.031817
vn -0.105100 0.994462 -0.000017
v -0.044640 -0.021834 0.105544
vt 0.035401 0.031817
vn -0.105100 0.994462 -0.000017
v -0.057219 -0.023164 0.125247
vt 0.052062 0.057770
vn -0.105100 0.994462 -0.000017
v -0.044640 -0.021834 0.125247
vt 0.035401 0.057770
vn -0.105100 0.994462 -0.000017
v -0.062356 -0.034722 0.105544
vt 0.068722 0.031817
vn -0.913804 0.406155 0.000020
v -0.057219 -0.023164 0.105544
vt 0.052061 0.031817
vn -0.913804 0.406155 0.000020
v -0.062356 -0.034722 0.125247
vt 0.068722 0.057770
vn -0.913804 0.406155 0.000020
v -0.057219 -0.023164 0.125247
vt 0.052062 0.057770
vn -0.913804 0.406155 0.000020
v -0.054916 -0.044950 0.125247
vt 0.018741 0.086626
vn -0.097420 -0.219219 0.970800
v -0.062356 -0.034722 0.125247
vt 0.035401 0.086626
vn -0.238640 -0.025226 0.970780
v -0.049778 -0.033392 0.128373
vt 0.027071 0.072198
vn -0.000015 -0.000015 1.000000
v -0.042337 -0.043621 0.125247
vt 0.010411 0.072198
vn 0.141060 -0.194025 0.970802
v -0.037199 -0.032063 0.125247
vt 0.018741 0.057770
vn 0.238587 0.025187 0.970794
v -0.044640 -0.021834 0.125247
vt 0.035401 0.057770
vn 0.097374 0.219166 0.970816
v -0.057219 -0.023164 0.125247
vt 0.043731 0.072198
vn -0.141100 0.193985 0.970804
v 0.025781 -0.066118 0.105544
vt 0.085382 0.031817
vn 0.309561 -0.950880 0.000019
v 0.013753 -0.070034 0.105544
vt 0.068722 0.031817
vn 0.309561 -0.950880 0.000019
v 0.025781 -0.066118 0.125247
vt 0.085382 0.057770
vn 0.309561 -0.950880 0.000019
v 0.013753 -0.070034 0.125247
vt 0.068722 0.057770
vn 0.309561 -0.950880 0.000019
v 0.028403 -0.053745 0.105544
vt 0.102043 0.031817
vn 0.978276 -0.207306 0.000018
v 0.025781 -0.066118 0.105544
vt 0.085382 0.031817
vn 0.978276 -0.207306 0.000018
v 0.028403 -0.053745 0.125247
vt 0.102043 0.057770
vn 0.978276 -0.207306 0.000018
v 0.025781 -0.066118 0.125247
vt 0.085382 0.057770
vn 0.978276 -0.207306 0.000018
v 0.018998 -0.045287 0.105544
vt 0.118703 0.031817
vn 0.668706 0.743527 0.000022
v 0.028403 -0.053745 0.105544
vt 0.102043 0.031817
vn 0.668706 0.743527 0.000022
v 0.018998 -0.045287 0.125247
vt 0.118703 0.057770
vn 0.668706 0.743527 0.000022
v 0.028403 -0.053745 0.125247
vt 0.102043 0.057770
vn 0.668706 0.743527 0.000022
v 0.006971 -0.049202 0.105544
vt 0.035401 0.031817
vn -0.309607 0.950864 0.000019
v 0.018998 -0.045287 0.105544
vt 0.018741 0.031817
vn -0.309607 0.950864 0.000019
v 0.006971 -0.049202 0.125247
vt 0.035401 0.057770
vn -0.309607 0.950864 0.000019
v 0.018998 -0.045287 0.125247
vt 0.018741 0.057770
vn -0.309607 0.950864 0.000019
v 0.004349 -0.061576 0.105544
vt 0.052061 0.031817
vn -0.978285 0.207264 0.000018
v 0.006971 -0.049202 0.105544
vt 0.035401 0.031817
vn -0.978285 0.207264 0.000018
v 0.004349 -0.061576 0.125247
vt 0.052062 0.057770
vn -0.978285 0.207264 0.000018
v 0.006971 -0.049202 0.125247
vt 0.035401 0.057770
vn -0.978285 0.207264 0.000018
v 0.013753 -0.070034 0.105544
vt 0.068722 0.031817
vn -0.668705 -0.743528 -0.000065
v 0.004349 -0.061576 0.105544
vt 0.052061 0.031817
vn -0.668705 -0.743528 -0.000065
v 0.013753 -0.070034 0.125247
vt 0.068722 0.057770
vn -0.668705 -0.743528 -0.000065
v 0.004349 -0.061576 0.125247
vt 0.052062 0.057770
vn -0.668705 -0.743528 -0.000065
v 0.025781 -0.066118 0.125247
vt 0.018741 0.086626
vn 0.178389 -0.160404 0.970798
v 0.013753 -0.070034 0.125247
vt 0.035401 0.086626
vn -0.049703 -0.234725 0.970790
v 0.016376 -0.057660 0.128373
vt 0.027071 0.072198
vn -0.000015 -0.000015 1.000000
v 0.028403 -0.053745 0.125247
vt 0.010411 0.072198
vn 0.228051 0.074268 0.970813
v 0.018998 -0.045287 0.125247
vt 0.018741 0.057770
vn 0.049662 0.234672 0.970805
v 0.006971 -0.049202 0.125247
vt 0.035401 0.057770
vn -0.178429 0.160364 0.970797
v 0.004349 -0.061576 0.125247
vt 0.043731 0.072198
vn -0.228104 -0.074312 0.970797
v 0.070849 0.004087 0.105544
vt 0.085382 0.031817
vn 1.000000 0.000595 0.000015
v 0.070856 -0.008562 0.105544
vt 0.068722 0.031817
vn 1.000000 0.000595 0.000015
v 0.070849 0.004087 0.125247
vt 0.085382 0.057770
vn 1.000000 0.000595 0.000015
v 0.070856 -0.008562 0.125247
vt 0.068722 0.057770
vn 1.000000 0.000595 0.000015
v 0.059891 0.010405 0.105544
vt 0.102043 0.031817
vn 0.499504 0.866311 0.000021
v 0.070849 0.004087 0.105544
vt 0.085382 0.031817
vn 0.499504 0.866311 0.000021
v 0.059891 0.010405 0.125247
vt 0.102043 0.057770
vn 0.499504 0.866311 0.000021
v 0.070849 0.004087 0.125247
vt 0.085382 0.057770
vn 0.499504 0.866311 0.000021
v 0.048941 0.004074 0.105544
vt 0.118703 0.031817
vn -0.500540 0.865714 0.000021
v 0.059891 0.010405 0.105544
vt 0.102043 0.031817
vn -0.500540 0.865714 0.000021
v 0.048941 0.004074 0.125247
vt 0.118703 0.057770
vn -0.500540 0.865714 0.000021
v 0.059891 0.010405 0.125247
vt 0.102043 0.057770
vn -0.500540 0.865714 0.000021
v 0.048948 -0.008575 0.105544
vt 0.035401 0.031817
vn -1.000000 -0.000580 -0.000046
v 0.048941 0.004074 0.105544
vt 0.018741 0.031817
vn -1.000000 -0.000580 -0.000046
v 0.048948 -0.008575 0.125247
vt 0.035401 0.057770
vn -1.000000 -0.000580 -0.000046
v 0.048941 0.004074 0.125247
vt 0.018741 0.057770
vn -1.000000 -0.000580 -0.000046
v 0.059906 -0.014892 0.105544
vt 0.052061 0.031817
vn -0.499498 -0.866315 -0.000063
v 0.048948 -0.008575 0.105544
vt 0.035401 0.031817
vn -0.499498 -0.866315 -0.000063
v 0.059906 -0.014892 0.125247
vt 0.052062 0.057770
vn -0.499498 -0.866315 -0.000063
v 0.048948 -0.008575 0.125247
vt 0.035401 0.057770
vn -0.499498 -0.866315 -0.000063
v 0.070856 -0.008562 0.105544
vt 0.068722 0.031817
vn 0.500491 -0.865742 0.000021
v 0.059906 -0.014892 0.105544
vt 0.052061 0.031817
vn 0.500491 -0.865742 0.000021
v 0.070856 -0.008562 0.125247
vt 0.068722 0.057770
vn 0.500491 -0.865742 0.000021
v 0.059906 -0.014892 0.125247
vt 0.052062 0.057770
vn 0.500491 -0.865742 0.000021
v 0.070849 0.004087 0.125247
vt 0.018741 0.086626
vn 0.207674 0.120055 0.970803
v 0.070856 -0.008562 0.125247
vt 0.035401 0.086626
vn 0.207770 -0.119804 0.970814
v 0.059899 -0.002244 0.128373
vt 0.027071 0.072198
vn -0.000015 -0.000015 1.000000
v 0.059891 0.010405 0.125247
vt 0.010411 0.072198
vn -0.000129 0.239870 0.970805
v 0.048941 0.004074 0.125247
vt 0.018741 0.057770
vn -0.207809 0.119764 0.970810
v 0.048948 -0.008575 0.125247
vt 0.035401 0.057770
vn -0.207727 -0.120102 0.970786
v 0.059906 -0.014892 0.125247
vt 0.043731 0.072198
vn 0.000092 -0.239905 0.970796
v 0.018007 0.068644 0.105544
vt 0.085382 0.031817
vn 0.308501 0.951224 0.000019
v 0.030038 0.064743 0.105544
vt 0.068722 0.031817
vn 0.308501 0.951224 0.000019
v 0.018007 0.068644 0.125247
vt 0.085382 0.057770
vn 0.308501 0.951224 0.000019
v 0.030038 0.064743 0.125247
vt 0.068722 0.057770
vn 0.308501 0.951224 0.000019
v 0.008612 0.060175 0.105544
vt 0.102043 0.031817
vn -0.669634 0.742692 -0.000021
v 0.018007 0.068644 0.105544
vt 0.085382 0.031817
vn -0.669634 0.742692 -0.000021
v 0.008612 0.060175 0.125247
vt 0.102043 0.057770
vn -0.669634 0.742692 -0.000021
v 0.018007 0.068644 0.125247
vt 0.085382 0.057770
vn -0.669634 0.742692 -0.000021
v 0.011249 0.047805 0.105544
vt 0.118703 0.031817
vn -0.978022 -0.208503 -0.000018
v 0.008612 0.060175 0.105544
vt 0.102043 0.031817
vn -0.978022 -0.208503 -0.000018
v 0.011249 0.047805 0.125247
vt 0.118703 0.057770
vn -0.978022 -0.208503 -0.000018
v 0.008612 0.060175 0.125247
vt 0.102043 0.057770
vn -0.978022 -0.208503 -0.000018
v 0.023281 0.043903 0.105544
vt 0.035401 0.031817
vn -0.308490 -0.951228 -0.000058
v 0.011249 0.047805 0.105544
vt 0.018741 0.031817
vn -0.308490 -0.951228 -0.000058
v 0.023281 0.043903 0.125247
vt 0.035401 0.057770
vn -0.308490 -0.951228 -0.000058
v 0.011249 0.047805 0.125247
vt 0.018741 0.057770
vn -0.308490 -0.951228 -0.000058
v 0.032675 0.052372 0.105544
vt 0.052061 0.031817
vn 0.669588 -0.742732 -0.000022
v 0.023281 0.043903 0.105544
vt 0.035401 0.031817
vn 0.669588 -0.742732 -0.000022
v 0.032675 0.052372 0.125247
vt 0.052062 0.057770
vn 0.669588 -0.742732 -0.000022
v 0.023281 0.043903 0.125247
vt 0.035401 0.057770
vn 0.669588 -0.742732 -0.000022
v 0.030038 0.064743 0.105544
vt 0.068722 0.031817
vn 0.978025 0.208489 0.000054
v 0.032675 0.052372 0.105544
vt 0.052061 0.031817
vn 0.978025 0.208489 0.000054
v 0.030038 0.064743 0.125247
vt 0.068722 0.057770
vn 0.978025 0.208489 0.000054
v 0.032675 0.052372 0.125247
vt 0.052062 0.057770
vn 0.978025 0.208489 0.000054
v 0.018007 0.068644 0.125247
vt 0.018741 0.086626
vn -0.050017 0.234567 0.970812
v 0.030038 0.064743 0.125247
vt 0.035401 0.086626
vn 0.178184 0.160559 0.970810
v 0.020644 0.056274 0.128373
vt 0.027071 0.072198
vn -0.000015 -0.000015 1.000000
v 0.008612 0.060175 0.125247
vt 0.010411 0.072198
vn -0.228222 0.073989 0.970794
v 0.011249 0.047805 0.125247
vt 0.018741 0.057770
vn -0.178235 -0.160610 0.970792
v 0.023281 0.043903 0.125247
vt 0.035401 0.057770
vn 0.049978 -0.234603 0.970806
v 0.032675 0.052372 0.125247
vt 0.043731 0.072198
vn 0.228185 -0.074028 0.970799
v -0.327637 -0.084123 0.059435
vt -0.251325 -0.566258
vn -0.968584 -0.248685 -0.000056
v -0.335596 -0.042396 0.059435
vt -0.251325 -0.525774
vn -0.992120 -0.125290 -0.000017
v -0.321000 -0.082419 0.149340
vt -0.143305 -0.566258
vn -0.935094 -0.240111 0.260663
v -0.328799 -0.041537 0.149340
vt -0.143305 -0.525774
vn -0.957814 -0.121022 0.260665
v -0.314510 -0.124523 0.059435
vt -0.251325 -0.605533
vn -0.929790 -0.368090 -0.000020
v -0.308140 -0.122001 0.149340
vt -0.143305 -0.605533
vn -0.897636 -0.355400 0.260655
v -0.296423 -0.162960 0.059435
vt -0.251325 -0.646015
vn -0.876288 -0.481788 -0.000062
v -0.290419 -0.159659 0.149340
vt -0.143305 -0.646015
vn -0.846017 -0.465111 0.260628
v -0.273661 -0.198826 0.059435
vt -0.251325 -0.684969
vn -0.809003 -0.587804 -0.000021
v -0.268118 -0.194799 0.149340
vt -0.143305 -0.684969
vn -0.781008 -0.567530 0.260647
v -0.246584 -0.231557 0.059435
vt -0.251325 -0.725191
vn -0.729016 -0.684496 -0.000065
v -0.241589 -0.226867 0.149340
vt -0.143305 -0.725191
vn -0.703760 -0.660905 0.260627
v -0.215617 -0.260636 0.059435
vt -0.251325 -0.763663
vn -0.637408 -0.770527 -0.000064
v -0.211250 -0.255357 0.149340
vt -0.143305 -0.763663
vn -0.615402 -0.743886 0.260601
v -0.181251 -0.285605 0.059435
vt -0.251325 -0.802966
vn -0.535809 -0.844339 -0.000021
v -0.177579 -0.279820 0.149340
vt -0.143305 -0.802966
vn -0.517330 -0.815120 0.260670
v -0.144026 -0.306070 0.059435
vt -0.251325 -0.841217
vn -0.425791 -0.904821 -0.000061
v -0.141109 -0.299870 0.149340
vt -0.143305 -0.841217
vn -0.411115 -0.873517 0.260676
v -0.104529 -0.321708 0.059435
vt -0.251325 -0.880217
vn -0.308985 -0.951067 -0.000019
v -0.102412 -0.315192 0.149340
vt -0.143305 -0.880217
vn -0.298303 -0.918214 0.260573
v -0.063384 -0.332272 0.059435
vt -0.251325 -0.919143
vn -0.187376 -0.982288 -0.000054
v -0.062101 -0.325542 0.149340
vt -0.143305 -0.919143
vn -0.180929 -0.948334 0.260630
v -0.021240 -0.337596 0.059435
vt -0.251325 -0.957963
vn -0.062775 -0.998028 -0.000049
v -0.020809 -0.330758 0.149340
vt -0.143305 -0.957963
vn -0.060638 -0.963528 0.260649
v 0.021240 -0.337596 0.059435
vt -0.251325 -0.996982
vn 0.062773 -0.998028 -0.000016
v 0.020809 -0.330758 0.149340
vt -0.143305 -0.996982
vn 0.060599 -0.963520 0.260686
v 0.063384 -0.332272 0.059435
vt -0.688105 -0.044557
vn 0.187370 -0.982289 -0.000018
v 0.021240 -0.337596 0.059435
vt -0.688105 -0.005369
vn 0.062773 -0.998028 -0.000016
v 0.062100 -0.325542 0.149340
vt -0.580085 -0.044557
vn 0.180881 -0.948345 0.260622
v 0.020809 -0.330758 0.149340
vt -0.580085 -0.005369
vn 0.060599 -0.963520 0.260686
v 0.104529 -0.321707 0.059435
vt -0.688105 -0.083549
vn 0.308962 -0.951074 0.000019
v 0.102412 -0.315192 0.149340
vt -0.580085 -0.083549
vn 0.298267 -0.918198 0.260671
v 0.144025 -0.306070 0.059435
vt -0.688105 -0.122618
vn 0.425776 -0.904829 -0.000020
v 0.141108 -0.299870 0.149340
vt -0.580085 -0.122618
vn 0.411071 -0.873523 0.260725
v 0.181251 -0.285605 0.059435
vt -0.688105 -0.161829
vn 0.535785 -0.844354 0.000021
v 0.177579 -0.279820 0.149340
vt -0.580085 -0.161829
vn 0.517287 -0.815131 0.260722
v 0.215617 -0.260636 0.059435
vt -0.688105 -0.200345
vn 0.637387 -0.770544 -0.000021
v 0.211250 -0.255357 0.149340
vt -0.580085 -0.200345
vn 0.615364 -0.743899 0.260655
v 0.246583 -0.231557 0.059435
vt -0.688105 -0.239691
vn 0.728995 -0.684519 -0.000022
v 0.241589 -0.226867 0.149340
vt -0.580085 -0.239691
vn 0.703726 -0.660920 0.260682
v 0.273661 -0.198826 0.059435
vt -0.688105 -0.278248
vn 0.808986 -0.587828 0.000021
v 0.268118 -0.194799 0.149340
vt -0.580085 -0.278248
vn 0.780978 -0.567545 0.260703
v 0.296422 -0.162959 0.059435
vt -0.688105 -0.318495
vn 0.876270 -0.481820 -0.000021
v 0.290418 -0.159659 0.149340
vt -0.580085 -0.318495
vn 0.845993 -0.465124 0.260684
v 0.314509 -0.124523 0.059435
vt -0.688105 -0.357470
vn 0.929781 -0.368114 0.000020
v 0.308139 -0.122001 0.149340
vt -0.580085 -0.357470
vn 0.897616 -0.355411 0.260708
v 0.327636 -0.084123 0.059435
vt -0.688105 -0.398015
vn 0.968576 -0.248719 -0.000019
v 0.321000 -0.082419 0.149340
vt -0.580085 -0.398015
vn 0.935078 -0.240118 0.260714
v 0.335596 -0.042396 0.059435
vt -0.688105 -0.437253
vn 0.992118 -0.125308 0.000017
v 0.328799 -0.041537 0.149340
vt -0.580085 -0.437253
vn 0.957800 -0.121026 0.260713
v 0.338263 0.000000 0.059435
vt -0.688105 -0.477850
vn 1.000000 0.000000 -0.000015
v 0.331412 0.000000 0.149340
vt -0.580085 -0.477850
vn 0.965414 -0.000019 0.260723
v 0.335596 0.042396 0.059435
vt -0.688105 -0.517238
vn 0.992122 0.125275 0.000051
v 0.328798 0.041537 0.149340
vt -0.580085 -0.517238
vn 0.957795 0.120984 0.260752
v 0.327636 0.084123 0.059435
vt -0.688105 -0.557787
vn 0.968581 0.248698 0.000019
v 0.321000 0.082419 0.149340
vt -0.580085 -0.557787
vn 0.935077 0.240074 0.260758
v 0.314509 0.124523 0.059435
vt -0.688105 -0.597249
vn 0.929794 0.368079 0.000059
v 0.308139 0.122001 0.149340
vt -0.580085 -0.597249
vn 0.897620 0.355366 0.260756
v 0.296422 0.162960 0.059435
vt -0.688105 -0.637723
vn 0.876284 0.481795 0.000021
v 0.290418 0.159659 0.149340
vt -0.580085 -0.637723
vn 0.846001 0.465081 0.260734
v 0.273661 0.198826 0.059435
vt -0.688105 -0.677243
vn 0.809006 0.587800 0.000064
v 0.268118 0.194799 0.149340
vt -0.580085 -0.677243
vn 0.780990 0.567504 0.260756
v 0.246583 0.231557 0.059435
vt -0.688105 -0.717655
vn 0.729016 0.684497 0.000022
v 0.241589 0.226867 0.149340
vt -0.580085 -0.717655
vn 0.703740 0.660883 0.260737
v 0.215617 0.260636 0.059435
vt -0.688105 -0.757263
vn 0.637410 0.770525 0.000021
v 0.211250 0.255357 0.149340
vt -0.580085 -0.757263
vn 0.615379 0.743868 0.260711
v 0.181250 0.285605 0.059435
vt -0.688105 -0.797619
vn 0.535804 0.844342 0.000063
v 0.177579 0.279820 0.149340
vt -0.580085 -0.797619
vn 0.517301 0.815104 0.260778
v 0.144025 0.306070 0.059435
vt -0.688105 -0.837311
vn 0.425800 0.904817 0.000020
v 0.141108 0.299871 0.149340
vt -0.580085 -0.837311
vn 0.411083 0.873501 0.260780
v 0.104529 0.321708 0.059435
vt -0.688105 -0.877608
vn 0.308973 0.951071 0.000058
v 0.102412 0.315192 0.149340
vt -0.580085 -0.877608
vn 0.298276 0.918180 0.260724
v 0.063384 0.332272 0.059435
vt -0.688105 -0.917382
vn 0.187390 0.982286 0.000018
v 0.062100 0.325542 0.149340
vt -0.580085 -0.917382
vn 0.180891 0.948316 0.260722
v 0.021240 0.337596 0.059435
vt -0.688105 -0.957612
vn 0.062791 0.998027 0.000016
v 0.020809 0.330758 0.149340
vt -0.580085 -0.957612
vn 0.060600 0.963507 0.260732
v -0.021240 0.337596 0.059435
vt -0.688105 -0.997473
vn -0.062808 0.998026 -0.000016
v -0.020810 0.330758 0.149340
vt -0.580085 -0.997473
vn -0.060640 0.963515 0.260695
v -0.063384 0.332272 0.059435
vt -0.251325 -0.046100
vn -0.187411 0.982282 -0.000018
v -0.021240 0.337596 0.059435
vt -0.251325 -0.005954
vn -0.062808 0.998026 -0.000016
v -0.062101 0.325542 0.149340
vt -0.143305 -0.046100
vn -0.180934 0.948319 0.260680
v -0.020810 0.330758 0.149340
vt -0.143305 -0.005954
vn -0.060640 0.963515 0.260695
v -0.104529 0.321708 0.059435
vt -0.251325 -0.086048
vn -0.309008 0.951059 0.000019
v -0.102412 0.315191 0.149340
vt -0.143305 -0.086048
vn -0.298321 0.918178 0.260678
v -0.144026 0.306070 0.059435
vt -0.251325 -0.126104
vn -0.425824 0.904806 -0.000020
v -0.141108 0.299870 0.149340
vt -0.143305 -0.126104
vn -0.411127 0.873495 0.260731
v -0.181250 0.285605 0.059435
vt -0.251325 -0.166135
vn -0.535834 0.844323 0.000021
v -0.177579 0.279820 0.149340
vt -0.143305 -0.166135
vn -0.517343 0.815094 0.260726
v -0.215617 0.260636 0.059435
vt -0.251325 -0.206098
vn -0.637433 0.770506 -0.000021
v -0.211250 0.255357 0.149340
vt -0.143305 -0.206098
vn -0.615417 0.743855 0.260657
v -0.246583 0.231557 0.059435
vt -0.251325 -0.246213
vn -0.729037 0.684475 -0.000022
v -0.241589 0.226867 0.149340
vt -0.143305 -0.246213
vn -0.703774 0.660868 0.260682
v -0.273661 0.198826 0.059435
vt -0.251325 -0.286070
vn -0.809021 0.587780 0.000021
v -0.268118 0.194799 0.149340
vt -0.143305 -0.286070
vn -0.781019 0.567489 0.260700
v -0.296422 0.162960 0.059435
vt -0.251325 -0.326267
vn -0.876297 0.481771 -0.000021
v -0.290419 0.159659 0.149340
vt -0.143305 -0.326267
vn -0.846025 0.465068 0.260679
v -0.314509 0.124523 0.059435
vt -0.251325 -0.365994
vn -0.929800 0.368066 0.000020
v -0.308139 0.122001 0.149340
vt -0.143305 -0.365994
vn -0.897640 0.355356 0.260702
v -0.327636 0.084123 0.059435
vt -0.251325 -0.406280
vn -0.968587 0.248676 -0.000019
v -0.321000 0.082419 0.149340
vt -0.143305 -0.406280
vn -0.935094 0.240067 0.260706
v -0.335596 0.042396 0.059435
vt -0.251325 -0.445896
vn -0.992123 0.125271 0.000017
v -0.328799 0.041537 0.149340
vt -0.143305 -0.445896
vn -0.957809 0.120981 0.260704
v -0.338263 0.000000 0.059435
vt -0.251325 -0.486288
vn -1.000000 0.000000 -0.000015
v -0.331412 0.000000 0.149340
vt -0.143305 -0.486288
vn -0.965426 -0.000019 0.260679
v -0.299925 -0.077008 0.169380
vt -0.113011 -0.566258
vn -0.481199 -0.123519 0.867866
v -0.307212 -0.038810 0.169380
vt -0.113011 -0.525774
vn -0.492894 -0.062298 0.867857
v -0.287908 -0.113991 0.169380
vt -0.113011 -0.605533
vn -0.461896 -0.182926 0.867865
v -0.271351 -0.149177 0.169380
vt -0.113011 -0.646015
vn -0.435321 -0.239303 0.867888
v -0.250515 -0.182010 0.169380
vt -0.113011 -0.684969
vn -0.401917 -0.292006 0.867868
v -0.225728 -0.211972 0.169380
vt -0.113011 -0.725191
vn -0.362133 -0.340139 0.867850
v -0.197381 -0.238592 0.169380
vt -0.113011 -0.763663
vn -0.316731 -0.382837 0.867823
v -0.165921 -0.261449 0.169380
vt -0.113011 -0.802966
vn -0.266246 -0.419531 0.867817
v -0.131807 -0.280200 0.169380
vt -0.113011 -0.841217
vn -0.211532 -0.449544 0.867850
v -0.095688 -0.294498 0.169380
vt -0.113011 -0.880217
vn -0.153527 -0.472525 0.867842
v -0.058023 -0.304168 0.169380
vt -0.113011 -0.919143
vn -0.093106 -0.488036 0.867843
v -0.019443 -0.309042 0.169380
vt -0.113011 -0.957963
vn -0.031225 -0.495835 0.867855
v 0.095688 -0.294498 0.169380
vt -0.549791 -0.083549
vn 0.153476 -0.472510 0.867859
v 0.058023 -0.304168 0.169380
vt -0.549791 -0.044557
vn 0.093058 -0.488019 0.867858
v 0.131844 -0.280183 0.169380
vt -0.549791 -0.122618
vn 0.211479 -0.449531 0.867870
v 0.165920 -0.261449 0.169380
vt -0.549791 -0.161829
vn 0.266179 -0.419406 0.867898
v 0.197380 -0.238592 0.169380
vt -0.549791 -0.200345
vn 0.316675 -0.382827 0.867848
v 0.225727 -0.211972 0.169380
vt -0.549791 -0.239691
vn 0.362077 -0.340131 0.867877
v 0.250515 -0.182009 0.169380
vt -0.549791 -0.278248
vn 0.401860 -0.292000 0.867897
v 0.271351 -0.149176 0.169380
vt -0.549791 -0.318495
vn 0.435265 -0.239298 0.867917
v 0.287908 -0.113991 0.169380
vt -0.549791 -0.357470
vn 0.461842 -0.182922 0.867895
v 0.299925 -0.077007 0.169380
vt -0.549791 -0.398015
vn 0.481146 -0.123516 0.867896
v 0.307211 -0.038810 0.169380
vt -0.549791 -0.437253
vn 0.492842 -0.062297 0.867886
v 0.309653 0.000000 0.169380
vt -0.549791 -0.477850
vn 0.496791 -0.000021 0.867870
v 0.307211 0.038810 0.169380
vt -0.549791 -0.517238
vn 0.492825 0.062252 0.867899
v 0.299925 0.077008 0.169380
vt -0.549791 -0.557787
vn 0.481129 0.123467 0.867911
v 0.287908 0.113991 0.169380
vt -0.549791 -0.597249
vn 0.461827 0.182870 0.867914
v 0.271351 0.149177 0.169380
vt -0.549791 -0.637723
vn 0.435252 0.239244 0.867939
v 0.250515 0.182010 0.169380
vt -0.549791 -0.677243
vn 0.401849 0.291944 0.867921
v 0.225727 0.211972 0.169380
vt -0.549791 -0.717655
vn 0.362068 0.340075 0.867903
v 0.197380 0.238592 0.169380
vt -0.549791 -0.757263
vn 0.316667 0.382770 0.867876
v 0.165920 0.261449 0.169380
vt -0.549791 -0.797619
vn 0.266185 0.419463 0.867869
v 0.131844 0.280183 0.169380
vt -0.549791 -0.837311
vn 0.211475 0.449475 0.867900
v 0.095688 0.294498 0.169380
vt -0.549791 -0.877608
vn 0.153473 0.472455 0.867889
v 0.058023 0.304168 0.169380
vt -0.549791 -0.917382
vn 0.093057 0.487967 0.867887
v 0.019443 0.309042 0.169380
vt -0.549791 -0.957612
vn 0.031181 0.495767 0.867896
v -0.019443 0.309042 0.169380
vt -0.549791 -0.997473
vn -0.031225 0.495785 0.867884
v -0.058023 0.304168 0.169380
vt -0.113011 -0.046100
vn -0.093104 0.487984 0.867873
v -0.019443 0.309042 0.169380
vt -0.113011 -0.005954
vn -0.031225 0.495785 0.867884
v -0.095688 0.294498 0.169380
vt -0.113011 -0.086048
vn -0.153524 0.472471 0.867872
v -0.131844 0.280183 0.169380
vt -0.113011 -0.126104
vn -0.211528 0.449489 0.867880
v -0.165920 0.261449 0.169380
vt -0.113011 -0.166135
vn -0.266229 0.419362 0.867904
v -0.197380 0.238592 0.169380
vt -0.113011 -0.206098
vn -0.316724 0.382780 0.867851
v -0.225728 0.211972 0.169380
vt -0.113011 -0.246213
vn -0.362124 0.340083 0.867876
v -0.250515 0.182010 0.169380
vt -0.113011 -0.286070
vn -0.401906 0.291951 0.867892
v -0.271351 0.149177 0.169380
vt -0.113011 -0.326267
vn -0.435308 0.239249 0.867909
v -0.287908 0.113991 0.169380
vt -0.113011 -0.365994
vn -0.461882 0.182874 0.867884
v -0.299925 0.077008 0.169380
vt -0.113011 -0.406280
vn -0.481183 0.123470 0.867882
v -0.307212 0.038810 0.169380
vt -0.113011 -0.445896
vn -0.492876 0.062253 0.867869
v -0.309653 0.000000 0.169380
vt -0.113011 -0.486288
vn -0.496841 -0.000021 0.867842
v -0.285517 -0.073308 0.176817
vt -0.087237 -0.566258
vn -0.022930 -0.005917 0.999720
v -0.292454 -0.036945 0.176817
vt -0.087237 -0.525774
vn -0.023505 -0.003022 0.999719
v -0.274078 -0.108515 0.176817
vt -0.087237 -0.605533
vn -0.022029 -0.008727 0.999719
v -0.258316 -0.142010 0.176817
vt -0.087237 -0.646015
vn -0.020704 -0.011415 0.999720
v -0.238481 -0.173266 0.176817
vt -0.087237 -0.684969
vn -0.019115 -0.013915 0.999720
v -0.214884 -0.201789 0.176817
vt -0.087237 -0.725191
vn -0.017231 -0.016222 0.999720
v -0.187899 -0.227130 0.176817
vt -0.087237 -0.763663
vn -0.015117 -0.018207 0.999720
v -0.157950 -0.248889 0.176817
vt -0.087237 -0.802966
vn -0.012714 -0.020024 0.999719
v -0.125511 -0.266723 0.176817
vt -0.087237 -0.841217
vn -0.010118 -0.021417 0.999719
v -0.091092 -0.280351 0.176817
vt -0.087237 -0.880217
vn -0.007304 -0.022416 0.999722
v -0.055236 -0.289557 0.176817
vt -0.087237 -0.919143
vn -0.004405 -0.023217 0.999721
v -0.018509 -0.294196 0.176817
vt -0.087237 -0.957963
vn -0.001517 -0.023630 0.999720
v 0.018509 -0.294196 0.176817
vt -0.087237 -0.996982
vn 0.001486 -0.023629 0.999720
v 0.019484 -0.309039 0.169380
vt -0.113011 -0.996982
vn 0.030964 -0.495780 0.867896
v 0.055236 -0.289557 0.176817
vt -0.524017 -0.044557
vn 0.004374 -0.023216 0.999721
v 0.018509 -0.294196 0.176817
vt -0.524017 -0.005369
vn 0.001486 -0.023629 0.999720
v 0.019484 -0.309039 0.169380
vt -0.549791 -0.005369
vn 0.030964 -0.495780 0.867896
v 0.091091 -0.280351 0.176817
vt -0.524017 -0.083549
vn 0.007273 -0.022511 0.999720
v 0.125510 -0.266723 0.176817
vt -0.524017 -0.122618
vn 0.010086 -0.021416 0.999720
v 0.157950 -0.248889 0.176817
vt -0.524017 -0.161829
vn 0.012682 -0.020023 0.999719
v 0.187898 -0.227130 0.176817
vt -0.524017 -0.200345
vn 0.015085 -0.018206 0.999720
v 0.214884 -0.201789 0.176817
vt -0.524017 -0.239691
vn 0.017199 -0.016222 0.999721
v 0.238480 -0.173266 0.176817
vt -0.524017 -0.278248
vn 0.019083 -0.013915 0.999721
v 0.258316 -0.142010 0.176817
vt -0.524017 -0.318495
vn 0.020672 -0.011415 0.999721
v 0.274078 -0.108515 0.176817
vt -0.524017 -0.357470
vn 0.021997 -0.008727 0.999720
v 0.285517 -0.073308 0.176817
vt -0.524017 -0.398015
vn 0.022898 -0.005917 0.999720
v 0.292453 -0.036945 0.176817
vt -0.524017 -0.437253
vn 0.023473 -0.003022 0.999720
v 0.294778 0.000000 0.176817
vt -0.524017 -0.477850
vn 0.023690 -0.000016 0.999719
v 0.292453 0.036946 0.176817
vt -0.524017 -0.517238
vn 0.023472 0.002991 0.999720
v 0.285517 0.073308 0.176817
vt -0.524017 -0.557787
vn 0.022897 0.005885 0.999721
v 0.274077 0.108515 0.176817
vt -0.524017 -0.597249
vn 0.021997 0.008695 0.999720
v 0.258316 0.142011 0.176817
vt -0.524017 -0.637723
vn 0.020672 0.011383 0.999722
v 0.238480 0.173266 0.176817
vt -0.524017 -0.677243
vn 0.019083 0.013883 0.999722
v 0.214884 0.201790 0.176817
vt -0.524017 -0.717655
vn 0.017199 0.016190 0.999721
v 0.187898 0.227130 0.176817
vt -0.524017 -0.757263
vn 0.015084 0.018174 0.999721
v 0.157950 0.248889 0.176817
vt -0.524017 -0.797619
vn 0.012681 0.019991 0.999720
v 0.125510 0.266723 0.176817
vt -0.524017 -0.837311
vn 0.010086 0.021384 0.999720
v 0.091091 0.280351 0.176817
vt -0.524017 -0.877608
vn 0.007273 0.022479 0.999721
v 0.055236 0.289557 0.176817
vt -0.524017 -0.917382
vn 0.004373 0.023184 0.999722
v 0.018509 0.294196 0.176817
vt -0.524017 -0.957612
vn 0.001486 0.023597 0.999721
v -0.018509 0.294196 0.176817
vt -0.524017 -0.997473
vn -0.001517 0.023598 0.999720
v -0.055236 0.289557 0.176817
vt -0.087237 -0.046100
vn -0.004405 0.023184 0.999722
v -0.018509 0.294196 0.176817
vt -0.087237 -0.005954
vn -0.001517 0.023598 0.999720
v -0.091092 0.280351 0.176817
vt -0.087237 -0.086048
vn -0.007305 0.022480 0.999721
v -0.125511 0.266723 0.176817
vt -0.087237 -0.126104
vn -0.010118 0.021385 0.999720
v -0.157950 0.248889 0.176817
vt -0.087237 -0.166135
vn -0.012713 0.019991 0.999719
v -0.187899 0.227130 0.176817
vt -0.087237 -0.206098
vn -0.015116 0.018174 0.999721
v -0.214884 0.201789 0.176817
vt -0.087237 -0.246213
vn -0.017231 0.016190 0.999720
v -0.238480 0.173266 0.176817
vt -0.087237 -0.286070
vn -0.019115 0.013883 0.999721
v -0.258316 0.142010 0.176817
vt -0.087237 -0.326267
vn -0.020704 0.011383 0.999721
v -0.274078 0.108515 0.176817
vt -0.087237 -0.365994
vn -0.022029 0.008695 0.999720
v -0.285517 0.073308 0.176817
vt -0.087237 -0.406280
vn -0.022930 0.005885 0.999720
v -0.292453 0.036946 0.176817
vt -0.087237 -0.445896
vn -0.023504 0.002991 0.999719
v -0.294778 0.000000 0.176817
vt -0.087237 -0.486288
vn -0.023722 -0.000016 0.999719
v -0.266544 -0.033672 0.167866
vt -0.038156 -0.525774
vn 0.160173 0.020180 0.986883
v -0.260221 -0.066813 0.167866
vt -0.038156 -0.566258
vn 0.156363 0.040179 0.986882
v -0.249796 -0.098901 0.167866
vt -0.038156 -0.605533
vn 0.150085 0.059461 0.986883
v -0.235431 -0.129429 0.167866
vt -0.038156 -0.646015
vn 0.141477 0.077797 0.986880
v -0.217352 -0.157916 0.167866
vt -0.038156 -0.684969
vn 0.130587 0.094883 0.986886
v -0.195846 -0.183912 0.167866
vt -0.038156 -0.725191
vn 0.117676 0.110482 0.986887
v -0.171252 -0.207008 0.167866
vt -0.038156 -0.763663
vn 0.102878 0.124368 0.986888
v -0.143956 -0.226839 0.167866
vt -0.038156 -0.802966
vn 0.086475 0.136275 0.986890
v -0.114391 -0.243092 0.167866
vt -0.038156 -0.841217
vn 0.068782 0.146055 0.986882
v -0.083021 -0.255513 0.167866
vt -0.038156 -0.880217
vn 0.049895 0.153572 0.986877
v -0.050342 -0.263903 0.167866
vt -0.038156 -0.919143
vn 0.030265 0.158575 0.986883
v -0.016870 -0.268132 0.167866
vt -0.038156 -0.957963
vn 0.010091 0.161189 0.986872
v 0.016869 -0.268132 0.167866
vt -0.038156 -0.996982
vn -0.010127 0.161194 0.986871
v 0.016869 -0.268132 0.167866
vt -0.474936 -0.005369
vn -0.010127 0.161194 0.986871
v 0.050342 -0.263903 0.167866
vt -0.474936 -0.044557
vn -0.030302 0.158581 0.986881
v 0.083021 -0.255513 0.167866
vt -0.474936 -0.083549
vn -0.049933 0.153578 0.986874
v 0.114391 -0.243092 0.167866
vt -0.474936 -0.122618
vn -0.068821 0.146060 0.986879
v 0.143956 -0.226839 0.167866
vt -0.474936 -0.161829
vn -0.086521 0.136362 0.986874
v 0.171252 -0.207007 0.167866
vt -0.474936 -0.200345
vn -0.102918 0.124372 0.986884
v 0.195846 -0.183912 0.167866
vt -0.474936 -0.239691
vn -0.117717 0.110486 0.986882
v 0.217352 -0.157915 0.167866
vt -0.474936 -0.278248
vn -0.130711 0.094892 0.986869
v 0.235430 -0.129429 0.167866
vt -0.474936 -0.318495
vn -0.141518 0.077799 0.986874
v 0.249795 -0.098901 0.167866
vt -0.474936 -0.357470
vn -0.150116 0.059386 0.986883
v 0.260221 -0.066813 0.167866
vt -0.474936 -0.398015
vn -0.156404 0.040180 0.986876
v 0.266543 -0.033672 0.167866
vt -0.474936 -0.437253
vn -0.160214 0.020180 0.986876
v 0.268662 0.000000 0.167866
vt -0.474936 -0.477850
vn -0.161514 -0.000018 0.986870
v 0.266543 0.033672 0.167866
vt -0.474936 -0.517238
vn -0.160219 -0.020217 0.986874
v 0.260221 0.066814 0.167866
vt -0.474936 -0.557787
vn -0.156409 -0.040218 0.986873
v 0.249795 0.098901 0.167866
vt -0.474936 -0.597249
vn -0.150132 -0.059501 0.986874
v 0.235430 0.129429 0.167866
vt -0.474936 -0.637723
vn -0.141523 -0.077839 0.986870
v 0.217352 0.157916 0.167866
vt -0.474936 -0.677243
vn -0.130633 -0.094926 0.986876
v 0.195846 0.183912 0.167866
vt -0.474936 -0.717655
vn -0.117721 -0.110526 0.986877
v 0.171252 0.207008 0.167866
vt -0.474936 -0.757263
vn -0.102921 -0.124414 0.986878
v 0.143956 0.226839 0.167866
vt -0.474936 -0.797619
vn -0.086523 -0.136403 0.986868
v 0.114391 0.243093 0.167866
vt -0.474936 -0.837311
vn -0.068823 -0.146101 0.986873
v 0.083021 0.255513 0.167866
vt -0.474936 -0.877608
vn -0.049935 -0.153619 0.986868
v 0.050342 0.263903 0.167866
vt -0.474936 -0.917382
vn -0.030303 -0.158621 0.986874
v 0.016869 0.268132 0.167866
vt -0.474936 -0.957612
vn -0.010127 -0.161234 0.986864
v -0.016870 0.268132 0.167866
vt -0.474936 -0.997473
vn 0.010091 -0.161229 0.986865
v -0.016870 0.268132 0.167866
vt -0.038156 -0.005954
vn 0.010091 -0.161229 0.986865
v -0.050342 0.263903 0.167866
vt -0.038156 -0.046100
vn 0.030266 -0.158616 0.986876
v -0.083021 0.255513 0.167866
vt -0.038156 -0.086048
vn 0.049897 -0.153613 0.986870
v -0.114391 0.243093 0.167866
vt -0.038156 -0.126104
vn 0.068784 -0.146096 0.986876
v -0.143956 0.226839 0.167866
vt -0.038156 -0.166135
vn 0.086483 -0.136398 0.986872
v -0.171252 0.207008 0.167866
vt -0.038156 -0.206098
vn 0.102881 -0.124409 0.986883
v -0.195846 0.183912 0.167866
vt -0.038156 -0.246213
vn 0.117687 -0.110604 0.986872
v -0.217352 0.157916 0.167866
vt -0.038156 -0.286070
vn 0.130674 -0.094929 0.986870
v -0.235430 0.129429 0.167866
vt -0.038156 -0.326267
vn 0.141482 -0.077836 0.986876
v -0.249796 0.098901 0.167866
vt -0.038156 -0.365994
vn 0.150091 -0.059499 0.986880
v -0.260221 0.066814 0.167866
vt -0.038156 -0.406280
vn 0.156369 -0.040216 0.986880
v -0.266543 0.033672 0.167866
vt -0.038156 -0.445896
vn 0.160179 -0.020216 0.986881
v -0.268662 0.000000 0.167866
vt -0.038156 -0.486288
vn 0.161474 -0.000018 0.986877
v -0.328799 -0.041537 -0.043487
vt -0.355131 -0.525774
vn -0.915869 -0.115683 -0.384450
v -0.321000 -0.082419 -0.043487
vt -0.355131 -0.566258
vn -0.894150 -0.229578 -0.384433
v -0.308140 -0.122001 -0.043487
vt -0.355131 -0.605533
vn -0.858336 -0.339770 -0.384469
v -0.290419 -0.159659 -0.043487
vt -0.355131 -0.646015
vn -0.808977 -0.444682 -0.384466
v -0.268118 -0.194799 -0.043487
vt -0.355131 -0.684969
vn -0.746854 -0.542567 -0.384487
v -0.241589 -0.226867 -0.043487
vt -0.355131 -0.725191
vn -0.672943 -0.631957 -0.384418
v -0.211250 -0.255357 -0.043487
vt -0.355131 -0.763663
vn -0.588462 -0.711254 -0.384487
v -0.177579 -0.279820 -0.043487
vt -0.355131 -0.802966
vn -0.494664 -0.779427 -0.384449
v -0.141109 -0.299870 -0.043487
vt -0.355131 -0.841217
vn -0.393072 -0.835265 -0.384483
v -0.102412 -0.315191 -0.043487
vt -0.355131 -0.880217
vn -0.285285 -0.877959 -0.384449
v -0.062101 -0.325542 -0.043487
vt -0.355131 -0.919143
vn -0.172976 -0.906796 -0.384449
v -0.020809 -0.330758 -0.043487
vt -0.355131 -0.957963
vn -0.057974 -0.921342 -0.384406
v 0.020809 -0.330758 -0.043487
vt -0.355132 -0.996982
vn 0.057973 -0.921363 -0.384356
v 0.020809 -0.330758 -0.043487
vt -0.791912 -0.005369
vn 0.057973 -0.921363 -0.384356
v 0.062100 -0.325542 -0.043487
vt -0.791912 -0.044557
vn 0.172972 -0.906819 -0.384395
v 0.102412 -0.315191 -0.043487
vt -0.791912 -0.083549
vn 0.285278 -0.877985 -0.384393
v 0.141108 -0.299870 -0.043487
vt -0.791912 -0.122618
vn 0.393063 -0.835296 -0.384425
v 0.177579 -0.279820 -0.043487
vt -0.791912 -0.161829
vn 0.494654 -0.779462 -0.384391
v 0.211250 -0.255357 -0.043487
vt -0.791912 -0.200345
vn 0.588453 -0.711293 -0.384429
v 0.241589 -0.226867 -0.043487
vt -0.791912 -0.239691
vn 0.672935 -0.632001 -0.384361
v 0.268118 -0.194799 -0.043487
vt -0.791912 -0.278248
vn 0.746848 -0.542614 -0.384433
v 0.290418 -0.159659 -0.043487
vt -0.791912 -0.318495
vn 0.808974 -0.444731 -0.384415
v 0.308139 -0.122001 -0.043487
vt -0.791912 -0.357470
vn 0.858337 -0.339819 -0.384421
v 0.321000 -0.082419 -0.043487
vt -0.791912 -0.398015
vn 0.894157 -0.229626 -0.384390
v 0.328799 -0.041537 -0.043487
vt -0.791912 -0.437253
vn 0.915880 -0.115727 -0.384411
v 0.331412 0.000000 -0.043487
vt -0.791912 -0.477850
vn 0.923177 0.000000 -0.384375
v 0.328798 0.041537 -0.043487
vt -0.791912 -0.517238
vn 0.915902 0.115725 -0.384359
v 0.321000 0.082419 -0.043487
vt -0.791912 -0.557787
vn 0.894182 0.229621 -0.384335
v 0.308139 0.122001 -0.043487
vt -0.791912 -0.597249
vn 0.858366 0.339811 -0.384364
v 0.290418 0.159659 -0.043487
vt -0.791912 -0.637723
vn 0.809007 0.444721 -0.384357
v 0.268118 0.194799 -0.043487
vt -0.791912 -0.677243
vn 0.746885 0.542604 -0.384374
v 0.241589 0.226867 -0.043487
vt -0.791912 -0.717655
vn 0.672976 0.631992 -0.384304
v 0.211250 0.255357 -0.043487
vt -0.791912 -0.757263
vn 0.588498 0.711286 -0.384374
v 0.177579 0.279820 -0.043487
vt -0.791912 -0.797619
vn 0.494702 0.779457 -0.384338
v 0.141108 0.299871 -0.043487
vt -0.791912 -0.837311
vn 0.393112 0.835295 -0.384376
v 0.102412 0.315192 -0.043487
vt -0.791912 -0.877608
vn 0.285327 0.877990 -0.384348
v 0.062100 0.325542 -0.043487
vt -0.791912 -0.917382
vn 0.173018 0.906828 -0.384354
v 0.020809 0.330758 -0.043487
vt -0.791912 -0.957612
vn 0.058015 0.921376 -0.384319
v -0.020810 0.330758 -0.043487
vt -0.791912 -0.997473
vn -0.058016 0.921354 -0.384369
v -0.020810 0.330758 -0.043487
vt -0.355132 -0.005954
vn -0.058016 0.921354 -0.384369
v -0.062101 0.325542 -0.043487
vt -0.355131 -0.046100
vn -0.173022 0.906804 -0.384408
v -0.102412 0.315191 -0.043487
vt -0.355131 -0.086048
vn -0.285333 0.877963 -0.384404
v -0.141108 0.299870 -0.043487
vt -0.355131 -0.126104
vn -0.393121 0.835265 -0.384433
v -0.177579 0.279820 -0.043487
vt -0.355131 -0.166135
vn -0.494712 0.779422 -0.384397
v -0.211250 0.255357 -0.043487
vt -0.355131 -0.206098
vn -0.588508 0.711246 -0.384432
v -0.241589 0.226867 -0.043487
vt -0.355131 -0.246213
vn -0.672985 0.631948 -0.384360
v -0.268118 0.194799 -0.043487
vt -0.355131 -0.286070
vn -0.746891 0.542557 -0.384429
v -0.290419 0.159659 -0.043487
vt -0.355131 -0.326267
vn -0.809009 0.444673 -0.384408
v -0.308139 0.122001 -0.043487
vt -0.355131 -0.365994
vn -0.858364 0.339762 -0.384412
v -0.321000 0.082419 -0.043487
vt -0.355131 -0.406280
vn -0.894175 0.229573 -0.384378
v -0.328799 0.041537 -0.043487
vt -0.355131 -0.445896
vn -0.915891 0.115680 -0.384398
v -0.331412 0.000000 -0.043487
vt -0.355131 -0.486288
vn -0.923177 0.000000 -0.384375
v -0.292454 -0.036945 -0.059131
vt -0.409815 -0.525774
vn -0.104975 -0.011287 -0.994411
v -0.285517 -0.073308 -0.059131
vt -0.409815 -0.566258
vn -0.135083 -0.043874 -0.989862
v -0.274078 -0.108515 -0.059131
vt -0.409815 -0.605533
vn -0.098867 -0.037084 -0.994409
v -0.258316 -0.142010 -0.059131
vt -0.409815 -0.646015
vn -0.119987 -0.076191 -0.989847
v -0.238481 -0.173266 -0.059131
vt -0.409815 -0.684969
vn -0.086489 -0.060469 -0.994416
v -0.214884 -0.201789 -0.059131
vt -0.409815 -0.725191
vn -0.097276 -0.103562 -0.989855
v -0.187899 -0.227130 -0.059131
vt -0.409815 -0.763663
vn -0.068768 -0.080072 -0.994414
v -0.157950 -0.248889 -0.059131
vt -0.409815 -0.802966
vn -0.068475 -0.124461 -0.989859
v -0.125511 -0.266723 -0.059131
vt -0.409815 -0.841217
vn -0.046690 -0.094697 -0.994411
v -0.091092 -0.280351 -0.059131
vt -0.409815 -0.880217
vn -0.035271 -0.137569 -0.989864
v -0.055236 -0.289557 -0.059131
vt -0.409815 -0.919143
vn -0.021692 -0.103269 -0.994417
v -0.018509 -0.294196 -0.059131
vt -0.409815 -0.957963
vn 0.000000 -0.142120 -0.989849
v 0.018509 -0.294196 -0.059131
vt -0.409815 -0.996982
vn 0.004686 -0.105514 -0.994407
v 0.018509 -0.294196 -0.059131
vt -0.846596 -0.005369
vn 0.004686 -0.105514 -0.994407
v 0.055236 -0.289557 -0.059131
vt -0.846595 -0.044557
vn 0.035272 -0.137609 -0.989858
v 0.091091 -0.280351 -0.059131
vt -0.846595 -0.083549
vn 0.030795 -0.101013 -0.994408
v 0.125510 -0.266723 -0.059131
vt -0.846595 -0.122618
vn 0.068477 -0.124501 -0.989854
v 0.157950 -0.248889 -0.059131
vt -0.846595 -0.161829
vn 0.054985 -0.090215 -0.994403
v 0.187898 -0.227130 -0.059131
vt -0.846595 -0.200345
vn 0.097279 -0.103602 -0.989850
v 0.214884 -0.201789 -0.059131
vt -0.846595 -0.239691
vn 0.075678 -0.073723 -0.994403
v 0.238480 -0.173266 -0.059131
vt -0.846595 -0.278248
vn 0.119979 -0.076113 -0.989854
v 0.258316 -0.142010 -0.059131
vt -0.846595 -0.318495
vn 0.091590 -0.052536 -0.994410
v 0.274078 -0.108515 -0.059131
vt -0.846595 -0.357470
vn 0.135087 -0.043911 -0.989860
v 0.285517 -0.073308 -0.059131
vt -0.846595 -0.398015
vn 0.101766 -0.028100 -0.994411
v 0.292453 -0.036945 -0.059131
vt -0.846595 -0.437253
vn 0.141769 -0.008911 -0.989860
v 0.294778 0.000000 -0.059131
vt -0.846595 -0.477850
vn 0.105593 -0.001917 -0.994408
v 0.292453 0.036946 -0.059131
vt -0.846595 -0.517238
vn 0.139619 0.026710 -0.989845
v 0.285517 0.073308 -0.059131
vt -0.846595 -0.557787
vn 0.102715 0.024404 -0.994411
v 0.274077 0.108515 -0.059131
vt -0.846595 -0.597249
vn 0.128631 0.060519 -0.989844
v 0.258316 0.142011 -0.059131
vt -0.846595 -0.637723
vn 0.093412 0.049204 -0.994411
v 0.238480 0.173266 -0.059131
vt -0.846595 -0.677243
vn 0.109529 0.090608 -0.989845
v 0.214884 0.201790 -0.059131
vt -0.846595 -0.717655
vn 0.078320 0.070920 -0.994403
v 0.187898 0.227130 -0.059131
vt -0.846595 -0.757263
vn 0.083522 0.115002 -0.989848
v 0.157950 0.248889 -0.059131
vt -0.846595 -0.797619
vn 0.058207 0.088111 -0.994409
v 0.125510 0.266723 -0.059131
vt -0.846595 -0.837311
vn 0.052323 0.132133 -0.989850
v 0.091091 0.280351 -0.059131
vt -0.846595 -0.877608
vn 0.034409 0.099818 -0.994411
v 0.055236 0.289557 -0.059131
vt -0.846595 -0.917382
vn 0.017808 0.141028 -0.989845
v 0.018509 0.294196 -0.059131
vt -0.846595 -0.957612
vn 0.008522 0.105209 -0.994414
v -0.018509 0.294196 -0.059131
vt -0.846596 -0.997473
vn -0.017808 0.140989 -0.989851
v -0.018509 0.294196 -0.059131
vt -0.409815 -0.005954
vn -0.017808 0.140989 -0.989851
v -0.055236 0.289557 -0.059131
vt -0.409815 -0.046100
vn -0.017921 0.104086 -0.994407
v -0.091092 0.280351 -0.059131
vt -0.409815 -0.086048
vn -0.052321 0.132093 -0.989856
v -0.125511 0.266723 -0.059131
vt -0.409815 -0.126104
vn -0.043221 0.096270 -0.994416
v -0.157950 0.248889 -0.059131
vt -0.409815 -0.166135
vn -0.083520 0.114962 -0.989853
v -0.187899 0.227130 -0.059131
vt -0.409815 -0.206098
vn -0.065811 0.082587 -0.994408
v -0.214884 0.201789 -0.059131
vt -0.409815 -0.246213
vn -0.109525 0.090569 -0.989849
v -0.238480 0.173266 -0.059131
vt -0.409815 -0.286070
vn -0.084330 0.063587 -0.994407
v -0.258316 0.142010 -0.059131
vt -0.409815 -0.326267
vn -0.128626 0.060481 -0.989847
v -0.274078 0.108515 -0.059131
vt -0.409815 -0.365994
vn -0.097534 0.040576 -0.994405
v -0.285517 0.073308 -0.059131
vt -0.409815 -0.406280
vn -0.139600 0.026565 -0.989851
v -0.292453 0.036946 -0.059131
vt -0.409815 -0.445896
vn -0.104508 0.015095 -0.994409
v -0.294778 0.000000 -0.059131
vt -0.409815 -0.486288
vn -0.141764 -0.008875 -0.989861
v -0.267222 0.000000 -0.050472
vt -0.461891 -0.486288
vn 0.338496 -0.001329 -0.940967
v -0.258826 -0.066455 -0.050472
vt -0.461891 -0.566258
vn 0.328112 0.082936 -0.940991
v -0.234168 -0.128735 -0.050472
vt -0.461891 -0.646015
vn 0.297228 0.161946 -0.940972
v -0.194796 -0.182926 -0.050472
vt -0.461891 -0.725191
vn 0.247602 0.230838 -0.940961
v -0.143185 -0.225623 -0.050472
vt -0.461891 -0.802966
vn 0.182430 0.285122 -0.940970
v -0.082576 -0.254143 -0.050472
vt -0.461891 -0.880217
vn 0.105816 0.321540 -0.940965
v -0.016779 -0.266694 -0.050472
vt -0.461891 -0.957963
vn 0.022516 0.337741 -0.940970
v -0.016779 -0.266694 -0.050472
vt -0.898671 -0.005369
vn 0.022516 0.337741 -0.940970
v 0.050072 -0.262488 -0.050472
vt -0.898671 -0.044557
vn -0.062212 0.332668 -0.940990
v 0.113777 -0.241789 -0.050472
vt -0.898671 -0.122618
vn -0.142895 0.306756 -0.941000
v 0.170333 -0.205898 -0.050472
vt -0.898671 -0.200345
vn -0.214802 0.261560 -0.940982
v 0.216187 -0.157069 -0.050472
vt -0.898671 -0.278248
vn -0.273125 0.199978 -0.940963
v 0.248456 -0.098371 -0.050472
vt -0.898671 -0.357470
vn -0.314229 0.125759 -0.940981
v 0.265114 -0.033492 -0.050472
vt -0.898671 -0.437253
vn -0.335591 0.043676 -0.940995
v 0.265115 0.033492 -0.050472
vt -0.898671 -0.517238
vn -0.335939 -0.041067 -0.940988
v 0.248456 0.098371 -0.050472
vt -0.898671 -0.597249
vn -0.315157 -0.123352 -0.940989
v 0.216187 0.157069 -0.050472
vt -0.898671 -0.677243
vn -0.274550 -0.197857 -0.940997
v 0.170333 0.205898 -0.050472
vt -0.898671 -0.757263
vn -0.216662 -0.259969 -0.940996
v 0.113777 0.241790 -0.050472
vt -0.898671 -0.837311
vn -0.145280 -0.305682 -0.940985
v 0.050072 0.262489 -0.050472
vt -0.898671 -0.917382
vn -0.064672 -0.332181 -0.940996
v -0.016779 0.266694 -0.050472
vt -0.898671 -0.997473
vn 0.019978 -0.337920 -0.940963
v -0.016779 0.266694 -0.050472
vt -0.461891 -0.005954
vn 0.019978 -0.337920 -0.940963
v -0.082576 0.254143 -0.050472
vt -0.461891 -0.086048
vn 0.103395 -0.322324 -0.940966
v -0.143185 0.225623 -0.050472
vt -0.461891 -0.166135
vn 0.180267 -0.286511 -0.940965
v -0.194796 0.182926 -0.050472
vt -0.461891 -0.246213
vn 0.245782 -0.232613 -0.941001
v -0.234168 0.128735 -0.050472
vt -0.461891 -0.326267
vn 0.295990 -0.164201 -0.940972
v -0.258826 0.066455 -0.050472
vt -0.461891 -0.406280
vn 0.327484 -0.085404 -0.940989
usemtl Apollo
f 3/3/3 2/2/2 1/1/1
f 4/4/4 2/2/2 3/3/3
f 7/7/7 6/6/6 5/5/5
f 8/8/8 6/6/6 7/7/7
f 11/11/11 10/10/10 9/9/9
f 12/12/12 10/10/10 11/11/11
f 15/15/15 14/14/14 13/13/13
f 16/16/16 14/14/14 15/15/15
f 19/19/19 18/18/18 17/17/17
f 20/20/20 18/18/18 19/19/19
f 23/23/23 22/22/22 21/21/21
f 24/24/24 22/22/22 23/23/23
f 27/27/27 26/26/26 25/25/25
f 27/27/27 25/25/25 28/28/28
f 27/27/27 28/28/28 29/29/29
f 27/27/27 29/29/29 30/30/30
f 27/27/27 30/30/30 31/31/31
f 27/27/27 31/31/31 26/26/26
f 34/34/34 33/33/33 32/32/32
f 35/35/35 33/33/33 34/34/34
f 38/38/38 37/37/37 36/36/36
f 39/39/39 37/37/37 38/38/38
f 42/42/42 41/41/41 40/40/40
f 43/43/43 41/41/41 42/42/42
f 46/46/46 45/45/45 44/44/44
f 47/47/47 45/45/45 46/46/46
f 35/35/35 39/39/39 38/38/38
f 34/34/34 39/39/39 35/35/35
f 50/50/50 49/49/49 48/48/48
f 51/51/51 49/49/49 50/50/50
f 54/54/54 53/53/53 52/52/52
f 55/55/55 53/53/53 54/54/54
f 58/58/58 57/57/57 56/56/56
f 59/59/59 57/57/57 58/58/58
f 61/61/61 48/48/48 60/60/60
f 50/50/50 48/48/48 61/61/61
f 64/64/64 63/63/63 62/62/62
f 65/65/65 63/63/63 64/64/64
f 68/68/68 67/67/67 66/66/66
f 69/69/69 67/67/67 68/68/68
f 72/72/72 71/71/71 70/70/70
f 73/73/73 71/71/71 72/72/72
f 74/74/74 71/71/71 73/73/73
f 64/64/64 75/75/75 65/65/65
f 76/76/76 75/75/75 64/64/64
f 60/60/60 78/78/78 77/77/77
f 80/80/80 52/52/52 79/79/79
f 54/54/54 52/52/52 80/80/80
f 83/83/83 82/82/82 81/81/81
f 84/84/84 82/82/82 83/83/83
f 87/87/87 86/86/86 85/85/85
f 88/88/88 86/86/86 87/87/87
f 91/91/91 90/90/90 89/89/89
f 92/92/92 90/90/90 91/91/91
f 95/95/95 94/94/94 93/93/93
f 96/96/96 94/94/94 95/95/95
f 97/97/97 36/36/36 37/37/37
f 98/98/98 36/36/36 97/97/97
f 101/101/101 100/100/100 99/99/99
f 102/102/102 100/100/100 101/101/101
f 48/48/48 78/78/78 60/60/60
f 103/103/103 78/78/78 48/48/48
f 91/91/91 105/105/105 104/104/104
f 108/108/108 107/107/107 106/106/106
f 109/109/109 107/107/107 108/108/108
f 112/112/112 111/111/111 110/110/110
f 113/113/113 111/111/111 112/112/112
f 49/49/49 103/103/103 48/48/48
f 114/114/114 103/103/103 49/49/49
f 115/115/115 57/57/57 59/59/59
f 116/116/116 57/57/57 115/115/115
f 82/82/82 118/118/118 117/117/117
f 84/84/84 118/118/118 82/82/82
f 119/119/119 118/118/118 84/84/84
f 120/120/120 74/74/74 73/73/73
f 121/121/121 74/74/74 120/120/120
f 123/123/123 87/87/87 122/122/122
f 88/88/88 87/87/87 123/123/123
f 126/126/126 125/125/125 124/124/124
f 76/76/76 127/127/127 75/75/75
f 128/128/128 127/127/127 76/76/76
f 45/45/45 129/129/129 44/44/44
f 130/130/130 129/129/129 45/45/45
f 67/67/67 131/131/131 66/66/66
f 134/134/134 133/133/133 132/132/132
f 135/135/135 133/133/133 134/134/134
f 138/138/138 137/137/137 136/136/136
f 139/139/139 137/137/137 138/138/138
f 86/86/86 88/88/88 140/140/140
f 112/112/112 141/141/141 113/113/113
f 142/142/142 141/141/141 112/112/112
f 144/144/144 122/122/122 143/143/143
f 123/123/123 122/122/122 144/144/144
f 147/147/147 146/146/146 145/145/145
f 148/148/148 146/146/146 147/147/147
f 149/149/149 146/146/146 148/148/148
f 152/152/152 151/151/151 150/150/150
f 153/153/153 151/151/151 152/152/152
f 154/154/154 95/95/95 93/93/93
f 155/155/155 95/95/95 154/154/154
f 157/157/157 120/120/120 156/156/156
f 121/121/121 120/120/120 157/157/157
f 160/160/160 159/159/159 158/158/158
f 161/161/161 159/159/159 160/160/160
f 83/83/83 119/119/119 84/84/84
f 162/162/162 119/119/119 83/83/83
f 117/117/117 164/164/164 163/163/163
f 118/118/118 164/164/164 117/117/117
f 128/128/128 165/165/165 127/127/127
f 166/166/166 165/165/165 128/128/128
f 167/167/167 126/126/126 124/124/124
f 168/168/168 126/126/126 167/167/167
f 166/166/166 143/143/143 165/165/165
f 144/144/144 143/143/143 166/166/166
f 71/71/71 74/74/74 169/169/169
f 88/88/88 170/170/170 140/140/140
f 171/171/171 170/170/170 88/88/88
f 121/121/121 169/169/169 74/74/74
f 91/91/91 172/172/172 92/92/92
f 175/175/175 174/174/174 173/173/173
f 176/176/176 174/174/174 175/175/175
f 177/177/177 174/174/174 176/176/176
f 179/179/179 88/88/88 178/178/178
f 171/171/171 88/88/88 179/179/179
f 131/131/131 180/180/180 66/66/66
f 181/181/181 180/180/180 131/131/131
f 141/141/141 182/182/182 134/134/134
f 142/142/142 182/182/182 141/141/141
f 185/185/185 184/184/184 183/183/183
f 186/186/186 184/184/184 185/185/185
f 189/189/189 188/188/188 187/187/187
f 190/190/190 188/188/188 189/189/189
f 191/191/191 155/155/155 154/154/154
f 192/192/192 155/155/155 191/191/191
f 162/162/162 194/194/194 193/193/193
f 195/195/195 194/194/194 162/162/162
f 116/116/116 192/192/192 191/191/191
f 115/115/115 192/192/192 116/116/116
f 156/156/156 196/196/196 157/157/157
f 163/163/163 196/196/196 156/156/156
f 164/164/164 196/196/196 163/163/163
f 199/199/199 198/198/198 197/197/197
f 200/200/200 198/198/198 199/199/199
f 201/201/201 198/198/198 200/200/200
f 157/157/157 169/169/169 121/121/121
f 194/194/194 202/202/202 193/193/193
f 203/203/203 202/202/202 194/194/194
f 204/204/204 103/103/103 114/114/114
f 150/150/150 205/205/205 152/152/152
f 208/208/208 207/207/207 206/206/206
f 194/194/194 207/207/207 208/208/208
f 211/211/211 210/210/210 209/209/209
f 212/212/212 210/210/210 211/211/211
f 151/151/151 153/153/153 213/213/213
f 178/178/178 214/214/214 179/179/179
f 215/215/215 214/214/214 178/178/178
f 217/217/217 80/80/80 216/216/216
f 220/220/220 219/219/219 218/218/218
f 221/221/221 219/219/219 220/220/220
f 199/199/199 222/222/222 200/200/200
f 223/223/223 222/222/222 199/199/199
f 226/226/226 225/225/225 224/224/224
f 227/227/227 225/225/225 226/226/226
f 197/197/197 229/229/229 228/228/228
f 198/198/198 229/229/229 197/197/197
f 203/203/203 230/230/230 202/202/202
f 231/231/231 230/230/230 203/203/203
f 227/227/227 232/232/232 225/225/225
f 233/233/233 232/232/232 227/227/227
f 169/169/169 157/157/157 196/196/196
f 236/236/236 235/235/235 234/234/234
f 238/238/238 206/206/206 237/237/237
f 208/208/208 206/206/206 238/238/238
f 240/240/240 182/182/182 239/239/239
f 241/241/241 102/102/102 101/101/101
f 242/242/242 102/102/102 241/241/241
f 222/222/222 201/201/201 200/200/200
f 170/170/170 201/201/201 222/222/222
f 229/229/229 243/243/243 228/228/228
f 244/244/244 243/243/243 229/229/229
f 245/245/245 243/243/243 244/244/244
f 246/246/246 207/207/207 194/194/194
f 247/247/247 207/207/207 246/246/246
f 234/234/234 248/248/248 236/236/236
f 234/234/234 235/235/235 249/249/249
f 108/108/108 250/250/250 109/109/109
f 251/251/251 250/250/250 108/108/108
f 252/252/252 182/182/182 142/142/142
f 253/253/253 182/182/182 252/252/252
f 233/233/233 237/237/237 232/232/232
f 238/238/238 237/237/237 233/233/233
f 55/55/55 254/254/254 53/53/53
f 255/255/255 252/252/252 142/142/142
f 256/256/256 252/252/252 255/255/255
f 172/172/172 257/257/257 92/92/92
f 258/258/258 257/257/257 172/172/172
f 167/167/167 259/259/259 168/168/168
f 260/260/260 259/259/259 167/167/167
f 262/262/262 215/215/215 261/261/261
f 214/214/214 215/215/215 262/262/262
f 231/231/231 255/255/255 230/230/230
f 256/256/256 255/255/255 231/231/231
f 265/265/265 264/264/264 263/263/263
f 266/266/266 264/264/264 265/265/265
f 246/246/246 194/194/194 195/195/195
f 269/269/269 268/268/268 267/267/267
f 270/270/270 268/268/268 269/269/269
f 273/273/273 272/272/272 271/271/271
f 274/274/274 272/272/272 273/273/273
f 275/275/275 185/185/185 183/183/183
f 276/276/276 185/185/185 275/275/275
f 277/277/277 262/262/262 261/261/261
f 278/278/278 262/262/262 277/277/277
f 245/245/245 279/279/279 243/243/243
f 280/280/280 279/279/279 245/245/245
f 281/281/281 248/248/248 234/234/234
f 249/249/249 282/282/282 234/234/234
f 285/285/285 284/284/284 283/283/283
f 284/284/284 258/258/258 172/172/172
f 285/285/285 258/258/258 284/284/284
f 287/287/287 277/277/277 286/286/286
f 278/278/278 277/277/277 287/287/287
f 288/288/288 129/129/129 130/130/130
f 289/289/289 129/129/129 288/288/288
f 291/291/291 224/224/224 290/290/290
f 226/226/226 224/224/224 291/291/291
f 292/292/292 204/204/204 114/114/114
f 293/293/293 204/204/204 292/292/292
f 265/265/265 294/294/294 266/266/266
f 295/295/295 294/294/294 265/265/265
f 297/297/297 264/264/264 296/296/296
f 263/263/263 264/264/264 297/297/297
f 300/300/300 299/299/299 298/298/298
f 301/301/301 299/299/299 300/300/300
f 302/302/302 245/245/245 244/244/244
f 204/204/204 304/304/304 303/303/303
f 234/234/234 305/305/305 281/281/281
f 234/234/234 282/282/282 306/306/306
f 309/309/309 308/308/308 307/307/307
f 310/310/310 308/308/308 309/309/309
f 279/279/279 312/312/312 311/311/311
f 280/280/280 312/312/312 279/279/279
f 283/283/283 313/313/313 285/285/285
f 245/245/245 302/302/302 280/280/280
f 301/301/301 314/314/314 299/299/299
f 315/315/315 314/314/314 301/301/301
f 317/317/317 298/298/298 316/316/316
f 300/300/300 298/298/298 317/317/317
f 286/286/286 319/319/319 318/318/318
f 320/320/320 319/319/319 286/286/286
f 321/321/321 180/180/180 181/181/181
f 322/322/322 180/180/180 321/321/321
f 324/324/324 287/287/287 323/323/323
f 325/325/325 287/287/287 324/324/324
f 328/328/328 327/327/327 326/326/326
f 329/329/329 327/327/327 328/328/328
f 330/330/330 291/291/291 290/290/290
f 331/331/331 291/291/291 330/330/330
f 333/333/333 253/253/253 332/332/332
f 334/334/334 253/253/253 333/333/333
f 280/280/280 302/302/302 312/312/312
f 336/336/336 335/335/335 303/303/303
f 337/337/337 335/335/335 336/336/336
f 313/313/313 258/258/258 285/285/285
f 338/338/338 258/258/258 313/313/313
f 287/287/287 339/339/339 278/278/278
f 325/325/325 339/339/339 287/287/287
f 340/340/340 310/310/310 309/309/309
f 341/341/341 310/310/310 340/340/340
f 342/342/342 310/310/310 341/341/341
f 343/343/343 305/305/305 234/234/234
f 306/306/306 344/344/344 234/234/234
f 276/276/276 346/346/346 345/345/345
f 275/275/275 346/346/346 276/276/276
f 349/349/349 348/348/348 347/347/347
f 350/350/350 329/329/329 328/328/328
f 351/351/351 329/329/329 350/350/350
f 352/352/352 311/311/311 312/312/312
f 353/353/353 311/311/311 352/352/352
f 354/354/354 311/311/311 353/353/353
f 353/353/353 340/340/340 354/354/354
f 341/341/341 340/340/340 353/353/353
f 356/356/356 220/220/220 355/355/355
f 221/221/221 220/220/220 356/356/356
f 352/352/352 312/312/312 302/302/302
f 357/357/357 294/294/294 295/295/295
f 358/358/358 294/294/294 357/357/357
f 297/297/297 360/360/360 359/359/359
f 296/296/296 360/360/360 297/297/297
f 363/363/363 362/362/362 361/361/361
f 364/364/364 362/362/362 363/363/363
f 365/365/365 250/250/250 251/251/251
f 366/366/366 250/250/250 365/365/365
f 338/338/338 257/257/257 258/258/258
f 367/367/367 257/257/257 338/338/338
f 339/339/339 368/368/368 278/278/278
f 369/369/369 368/368/368 339/339/339
f 260/260/260 370/370/370 259/259/259
f 326/326/326 372/372/372 371/371/371
f 327/327/327 372/372/372 326/326/326
f 373/373/373 333/333/333 332/332/332
f 304/304/304 336/336/336 303/303/303
f 374/374/374 336/336/336 304/304/304
f 375/375/375 218/218/218 219/219/219
f 376/376/376 218/218/218 375/375/375
f 234/234/234 377/377/377 343/343/343
f 234/234/234 344/344/344 378/378/378
f 315/315/315 379/379/379 314/314/314
f 380/380/380 379/379/379 315/315/315
f 382/382/382 316/316/316 381/381/381
f 317/317/317 316/316/316 382/382/382
f 173/173/173 270/270/270 269/269/269
f 174/174/174 270/270/270 173/173/173
f 184/184/184 384/384/384 383/383/383
f 186/186/186 384/384/384 184/184/184
f 385/385/385 384/384/384 186/186/186
f 288/288/288 386/386/386 289/289/289
f 387/387/387 386/386/386 288/288/288
f 325/325/325 389/389/389 388/388/388
f 324/324/324 389/389/389 325/325/325
f 241/241/241 390/390/390 242/242/242
f 391/391/391 390/390/390 241/241/241
f 342/342/342 308/308/308 310/310/310
f 392/392/392 308/308/308 342/342/342
f 393/393/393 351/351/351 350/350/350
f 394/394/394 351/351/351 393/393/393
f 395/395/395 377/377/377 234/234/234
f 378/378/378 396/396/396 234/234/234
f 397/397/397 345/345/345 346/346/346
f 398/398/398 345/345/345 397/397/397
f 399/399/399 356/356/356 355/355/355
f 400/400/400 356/356/356 399/399/399
f 234/234/234 396/396/396 395/395/395
f 372/372/372 401/401/401 371/371/371
f 402/402/402 401/401/401 372/372/372
f 403/403/403 331/331/331 330/330/330
f 404/404/404 331/331/331 403/403/403
f 405/405/405 293/293/293 292/292/292
f 406/406/406 293/293/293 405/405/405
f 407/407/407 370/370/370 260/260/260
f 408/408/408 370/370/370 407/407/407
f 368/368/368 410/410/410 409/409/409
f 369/369/369 410/410/410 368/368/368
f 413/413/413 412/412/412 411/411/411
f 414/414/414 412/412/412 413/413/413
f 415/415/415 394/394/394 393/393/393
f 416/416/416 394/394/394 415/415/415
f 321/321/321 417/417/417 322/322/322
f 418/418/418 417/417/417 321/321/321
f 419/419/419 376/376/376 375/375/375
f 420/420/420 376/376/376 419/419/419
f 153/153/153 347/347/347 213/213/213
f 421/421/421 347/347/347 153/153/153
f 349/349/349 347/347/347 421/421/421
f 423/423/423 392/392/392 422/422/422
f 424/424/424 392/392/392 423/423/423
f 409/409/409 426/426/426 425/425/425
f 410/410/410 426/426/426 409/409/409
f 427/427/427 416/416/416 415/415/415
f 423/423/423 416/416/416 427/427/427
f 430/430/430 429/429/429 428/428/428
f 431/431/431 429/429/429 430/430/430
f 425/425/425 423/423/423 422/422/422
f 426/426/426 423/423/423 425/425/425
f 190/190/190 432/432/432 188/188/188
f 433/433/433 432/432/432 190/190/190
f 434/434/434 428/428/428 429/429/429
f 357/357/357 435/435/435 358/358/358
f 436/436/436 435/435/435 357/357/357
f 438/438/438 360/360/360 437/437/437
f 359/359/359 360/360/360 438/438/438
f 380/380/380 439/439/439 379/379/379
f 440/440/440 439/439/439 380/380/380
f 442/442/442 381/381/381 441/441/441
f 382/382/382 381/381/381 442/442/442
f 367/367/367 338/338/338 443/443/443
f 444/444/444 400/400/400 399/399/399
f 445/445/445 400/400/400 444/444/444
f 427/427/427 446/446/446 423/423/423
f 447/447/447 446/446/446 427/427/427
f 449/449/449 349/349/349 448/448/448
f 348/348/348 349/349/349 449/449/449
f 212/212/212 450/450/450 210/210/210
f 451/451/451 450/450/450 212/212/212
f 336/336/336 452/452/452 337/337/337
f 453/453/453 452/452/452 336/336/336
f 402/402/402 454/454/454 401/401/401
f 455/455/455 454/454/454 402/402/402
f 456/456/456 404/404/404 403/403/403
f 457/457/457 404/404/404 456/456/456
f 365/365/365 458/458/458 366/366/366
f 459/459/459 458/458/458 365/365/365
f 424/424/424 423/423/423 446/446/446
f 461/461/461 138/138/138 460/460/460
f 139/139/139 138/138/138 461/461/461
f 462/462/462 420/420/420 419/419/419
f 463/463/463 420/420/420 462/462/462
f 387/387/387 464/464/464 386/386/386
f 465/465/465 464/464/464 387/387/387
f 467/467/467 271/271/271 466/466/466
f 273/273/273 271/271/271 467/467/467
f 470/470/470 469/469/469 468/468/468
f 471/471/471 469/469/469 470/470/470
f 472/472/472 468/468/468 373/373/373
f 473/473/473 468/468/468 472/472/472
f 374/374/374 453/453/453 336/336/336
f 474/474/474 453/453/453 374/374/374
f 407/407/407 475/475/475 408/408/408
f 476/476/476 475/475/475 407/407/407
f 443/443/443 477/477/477 367/367/367
f 478/478/478 477/477/477 443/443/443
f 391/391/391 479/479/479 390/390/390
f 480/480/480 479/479/479 391/391/391
f 482/482/482 481/481/481 443/443/443
f 485/485/485 484/484/484 483/483/483
f 486/486/486 484/484/484 485/485/485
f 445/445/445 361/361/361 362/362/362
f 444/444/444 361/361/361 445/445/445
f 489/489/489 488/488/488 487/487/487
f 490/490/490 488/488/488 489/489/489
f 418/418/418 491/491/491 417/417/417
f 492/492/492 491/491/491 418/418/418
f 493/493/493 406/406/406 405/405/405
f 494/494/494 406/406/406 493/493/493
f 497/497/497 496/496/496 495/495/495
f 498/498/498 496/496/496 497/497/497
f 440/440/440 499/499/499 439/439/439
f 500/500/500 499/499/499 440/440/440
f 502/502/502 441/441/441 501/501/501
f 442/442/442 441/441/441 502/502/502
f 504/504/504 503/503/503 482/482/482
f 505/505/505 503/503/503 504/504/504
f 508/508/508 507/507/507 506/506/506
f 509/509/509 507/507/507 508/508/508
f 511/511/511 495/495/495 510/510/510
f 497/497/497 495/495/495 511/511/511
f 514/514/514 513/513/513 512/512/512
f 515/515/515 513/513/513 514/514/514
f 516/516/516 435/435/435 436/436/436
f 517/517/517 435/435/435 516/516/516
f 438/438/438 519/519/519 518/518/518
f 437/437/437 519/519/519 438/438/438
f 462/462/462 363/363/363 463/463/463
f 364/364/364 363/363/363 462/462/462
f 468/468/468 520/520/520 470/470/470
f 473/473/473 520/520/520 468/468/468
f 455/455/455 521/521/521 454/454/454
f 522/522/522 521/521/521 455/455/455
f 523/523/523 511/511/511 510/510/510
f 524/524/524 511/511/511 523/523/523
f 434/434/434 525/525/525 428/428/428
f 526/526/526 525/525/525 434/434/434
f 529/529/529 528/528/528 527/527/527
f 530/530/530 528/528/528 529/529/529
f 503/503/503 481/481/481 482/482/482
f 531/531/531 481/481/481 503/503/503
f 532/532/532 457/457/457 456/456/456
f 533/533/533 457/457/457 532/532/532
f 536/536/536 535/535/535 534/534/534
f 537/537/537 535/535/535 536/536/536
f 472/472/472 538/538/538 473/473/473
f 539/539/539 538/538/538 472/472/472
f 459/459/459 540/540/540 458/458/458
f 541/541/541 540/540/540 459/459/459
f 542/542/542 537/537/537 536/536/536
f 543/543/543 537/537/537 542/542/542
f 546/546/546 545/545/545 544/544/544
f 547/547/547 545/545/545 546/546/546
f 535/535/535 548/548/548 534/534/534
f 549/549/549 548/548/548 535/535/535
f 453/453/453 550/550/550 452/452/452
f 551/551/551 550/550/550 453/453/453
f 268/268/268 397/397/397 267/267/267
f 398/398/398 397/397/397 268/268/268
f 552/552/552 464/464/464 465/465/465
f 553/553/553 464/464/464 552/552/552
f 498/498/498 554/554/554 496/496/496
f 555/555/555 554/554/554 498/498/498
f 557/557/557 529/529/529 556/556/556
f 530/530/530 529/529/529 557/557/557
f 560/560/560 559/559/559 558/558/558
f 500/500/500 561/561/561 499/499/499
f 562/562/562 561/561/561 500/500/500
f 564/564/564 501/501/501 563/563/563
f 502/502/502 501/501/501 564/564/564
f 565/565/565 524/524/524 523/523/523
f 566/566/566 524/524/524 565/565/565
f 567/567/567 558/558/558 559/559/559
f 476/476/476 568/568/568 475/475/475
f 569/569/569 568/568/568 476/476/476
f 570/570/570 520/520/520 473/473/473
f 571/571/571 520/520/520 570/570/570
f 516/516/516 572/572/572 517/517/517
f 573/573/573 572/572/572 516/516/516
f 575/575/575 519/519/519 574/574/574
f 518/518/518 519/519/519 575/575/575
f 413/413/413 577/577/577 576/576/576
f 411/411/411 577/577/577 413/413/413
f 578/578/578 453/453/453 474/474/474
f 551/551/551 453/453/453 578/578/578
f 480/480/480 579/579/579 479/479/479
f 580/580/580 579/579/579 480/480/480
f 549/549/549 581/581/581 548/548/548
f 582/582/582 581/581/581 549/549/549
f 583/583/583 558/558/558 567/567/567
f 584/584/584 538/538/538 539/539/539
f 585/585/585 538/538/538 584/584/584
f 586/586/586 491/491/491 492/492/492
f 587/587/587 491/491/491 586/586/586
f 560/560/560 588/588/588 559/559/559
f 589/589/589 588/588/588 560/560/560
f 590/590/590 588/588/588 589/589/589
f 593/593/593 592/592/592 591/591/591
f 594/594/594 592/592/592 593/593/593
f 559/559/559 595/595/595 567/567/567
f 588/588/588 595/595/595 559/559/559
f 558/558/558 583/583/583 596/596/596
f 597/597/597 528/528/528 530/530/530
f 598/598/598 528/528/528 597/597/597
f 599/599/599 533/533/533 532/532/532
f 600/600/600 533/533/533 599/599/599
f 514/514/514 601/601/601 515/515/515
f 602/602/602 601/601/601 514/514/514
f 603/603/603 432/432/432 433/433/433
f 604/604/604 432/432/432 603/603/603
f 605/605/605 594/594/594 593/593/593
f 606/606/606 594/594/594 605/605/605
f 562/562/562 607/607/607 561/561/561
f 608/608/608 607/607/607 562/562/562
f 610/610/610 563/563/563 609/609/609
f 564/564/564 563/563/563 610/610/610
f 611/611/611 540/540/540 541/541/541
f 612/612/612 540/540/540 611/611/611
f 595/595/595 583/583/583 567/567/567
f 613/613/613 583/583/583 595/595/595
f 591/591/591 615/615/615 614/614/614
f 592/592/592 615/615/615 591/591/591
f 616/616/616 543/543/543 542/542/542
f 617/617/617 543/543/543 616/616/616
f 505/505/505 618/618/618 503/503/503
f 619/619/619 618/618/618 505/505/505
f 622/622/622 621/621/621 620/620/620
f 623/623/623 621/621/621 622/622/622
f 522/522/522 624/624/624 521/521/521
f 625/625/625 624/624/624 522/522/522
f 621/621/621 627/627/627 626/626/626
f 623/623/623 627/627/627 621/621/621
f 608/608/608 609/609/609 607/607/607
f 610/610/610 609/609/609 608/608/608
f 451/451/451 628/628/628 450/450/450
f 629/629/629 628/628/628 451/451/451
f 552/552/552 630/630/630 553/553/553
f 631/631/631 630/630/630 552/552/552
f 632/632/632 572/572/572 573/573/573
f 633/633/633 572/572/572 632/632/632
f 575/575/575 635/635/635 634/634/634
f 574/574/574 635/635/635 575/575/575
f 638/638/638 637/637/637 636/636/636
f 639/639/639 637/637/637 638/638/638
f 642/642/642 641/641/641 640/640/640
f 557/557/557 643/643/643 530/530/530
f 644/644/644 643/643/643 557/557/557
f 583/583/583 645/645/645 596/596/596
f 613/613/613 645/645/645 583/583/583
f 646/646/646 645/645/645 613/613/613
f 513/513/513 460/460/460 512/512/512
f 461/461/461 460/460/460 513/513/513
f 641/641/641 642/642/642 647/647/647
f 648/648/648 568/568/568 569/569/569
f 649/649/649 568/568/568 648/648/648
f 587/587/587 586/586/586 650/650/650
f 637/637/637 600/600/600 599/599/599
f 639/639/639 600/600/600 637/637/637
f 632/632/632 635/635/635 633/633/633
f 634/634/634 635/635/635 632/632/632
f 647/647/647 642/642/642 651/651/651
f 653/653/653 466/466/466 652/652/652
f 467/467/467 466/466/466 653/653/653
f 589/589/589 654/654/654 590/590/590
f 655/655/655 654/654/654 589/589/589
f 503/503/503 656/656/656 531/531/531
f 618/618/618 656/656/656 503/503/503
f 657/657/657 606/606/606 605/605/605
f 658/658/658 606/606/606 657/657/657
f 659/659/659 566/566/566 565/565/565
f 660/660/660 566/566/566 659/659/659
f 661/661/661 651/651/651 642/642/642
f 662/662/662 585/585/585 584/584/584
f 663/663/663 585/585/585 662/662/662
f 666/666/666 665/665/665 664/664/664
f 667/667/667 665/665/665 666/666/666
f 555/555/555 668/668/668 554/554/554
f 669/669/669 668/668/668 555/555/555
f 650/650/650 670/670/670 587/587/587
f 671/671/671 670/670/670 650/650/650
f 641/641/641 672/672/672 640/640/640
f 673/673/673 672/672/672 641/641/641
f 674/674/674 672/672/672 673/673/673
f 677/677/677 676/676/676 675/675/675
f 678/678/678 676/676/676 677/677/677
f 582/582/582 679/679/679 581/581/581
f 680/680/680 679/679/679 582/582/582
f 448/448/448 682/682/682 681/681/681
f 683/683/683 682/682/682 448/448/448
f 597/597/597 684/684/684 598/598/598
f 685/685/685 684/684/684 597/597/597
f 686/686/686 579/579/579 580/580/580
f 687/687/687 579/579/579 686/686/686
f 688/688/688 641/641/641 647/647/647
f 673/673/673 641/641/641 688/688/688
f 449/449/449 448/448/448 681/681/681
f 675/675/675 690/690/690 689/689/689
f 676/676/676 690/690/690 675/675/675
f 693/693/693 692/692/692 691/691/691
f 694/694/694 692/692/692 693/693/693
f 551/551/551 578/578/578 692/692/692
f 570/570/570 695/695/695 571/571/571
f 696/696/696 695/695/695 570/570/570
f 651/651/651 688/688/688 647/647/647
f 697/697/697 688/688/688 651/651/651
f 698/698/698 618/618/618 619/619/619
f 699/699/699 618/618/618 698/698/698
f 611/611/611 700/700/700 612/612/612
f 701/701/701 700/700/700 611/611/611
f 602/602/602 702/702/702 601/601/601
f 703/703/703 702/702/702 602/602/602
f 704/704/704 639/639/639 638/638/638
f 654/654/654 706/706/706 705/705/705
f 655/655/655 706/706/706 654/654/654
f 707/707/707 706/706/706 655/655/655
f 661/661/661 697/697/697 651/651/651
f 708/708/708 697/697/697 661/661/661
f 709/709/709 697/697/697 708/708/708
f 483/483/483 678/678/678 677/677/677
f 484/484/484 678/678/678 483/483/483
f 622/622/622 710/710/710 623/623/623
f 711/711/711 710/710/710 622/622/622
f 712/712/712 630/630/630 631/631/631
f 713/713/713 630/630/630 712/712/712
f 716/716/716 715/715/715 714/714/714
f 717/717/717 715/715/715 716/716/716
f 625/625/625 718/718/718 624/624/624
f 719/719/719 718/718/718 625/625/625
f 720/720/720 627/627/627 623/623/623
f 721/721/721 627/627/627 720/720/720
f 657/657/657 722/722/722 658/658/658
f 723/723/723 722/722/722 657/657/657
f 724/724/724 645/645/645 646/646/646
f 725/725/725 645/645/645 724/724/724
f 639/639/639 663/663/663 662/662/662
f 726/726/726 663/663/663 639/639/639
f 727/727/727 670/670/670 671/671/671
f 728/728/728 670/670/670 727/727/727
f 705/705/705 730/730/730 729/729/729
f 706/706/706 730/730/730 705/705/705
f 732/732/732 648/648/648 731/731/731
f 649/649/649 648/648/648 732/732/732
f 733/733/733 617/617/617 616/616/616
f 734/734/734 617/617/617 733/733/733
f 735/735/735 639/639/639 704/704/704
f 726/726/726 639/639/639 735/735/735
f 618/618/618 736/736/736 656/656/656
f 699/699/699 736/736/736 618/618/618
f 694/694/694 737/737/737 692/692/692
f 740/740/740 739/739/739 738/738/738
f 741/741/741 643/643/643 644/644/644
f 742/742/742 643/643/643 741/741/741
f 743/743/743 739/739/739 740/740/740
f 744/744/744 738/738/738 739/739/739
f 707/707/707 730/730/730 706/706/706
f 735/735/735 730/730/730 707/707/707
f 745/745/745 667/667/667 666/666/666
f 746/746/746 667/667/667 745/745/745
f 747/747/747 700/700/700 701/701/701
f 748/748/748 700/700/700 747/747/747
f 714/714/714 506/506/506 507/507/507
f 715/715/715 506/506/506 714/714/714
f 739/739/739 743/743/743 749/749/749
f 750/750/750 672/672/672 674/674/674
f 751/751/751 672/672/672 750/750/750
f 754/754/754 753/753/753 752/752/752
f 669/669/669 755/755/755 668/668/668
f 756/756/756 755/755/755 669/669/669
f 576/576/576 758/758/758 757/757/757
f 577/577/577 758/758/758 576/576/576
f 761/761/761 760/760/760 759/759/759
f 762/762/762 760/760/760 761/761/761
f 765/765/765 764/764/764 763/763/763
f 766/766/766 764/764/764 765/765/765
f 769/769/769 768/768/768 767/767/767
f 770/770/770 768/768/768 769/769/769
f 712/712/712 771/771/771 713/713/713
f 772/772/772 771/771/771 712/712/712
f 773/773/773 732/732/732 731/731/731
f 685/685/685 774/774/774 684/684/684
f 775/775/775 774/774/774 685/685/685
f 764/764/764 725/725/725 724/724/724
f 766/766/766 725/725/725 764/764/764
f 776/776/776 725/725/725 766/766/766
f 719/719/719 769/769/769 718/718/718
f 770/770/770 769/769/769 719/719/719
f 722/722/722 509/509/509 508/508/508
f 723/723/723 509/509/509 722/722/722
f 752/752/752 777/777/777 754/754/754
f 727/727/727 778/778/778 728/728/728
f 547/547/547 487/487/487 488/488/488
f 546/546/546 487/487/487 547/547/547
f 779/779/779 604/604/604 603/603/603
f 780/780/780 604/604/604 779/779/779
f 781/781/781 753/753/753 737/737/737
f 752/752/752 753/753/753 781/781/781
f 703/703/703 782/782/782 702/702/702
f 783/783/783 782/782/782 703/703/703
f 784/784/784 737/737/737 694/694/694
f 781/781/781 737/737/737 784/784/784
f 696/696/696 785/785/785 695/695/695
f 786/786/786 785/785/785 696/696/696
f 787/787/787 773/773/773 731/731/731
f 788/788/788 773/773/773 787/787/787
f 789/789/789 660/660/660 659/659/659
f 790/790/790 660/660/660 789/789/789
f 793/793/793 792/792/792 791/791/791
f 738/738/738 794/794/794 740/740/740
f 795/795/795 794/794/794 738/738/738
f 794/794/794 743/743/743 740/740/740
f 796/796/796 743/743/743 794/794/794
f 778/778/778 797/797/797 728/728/728
f 798/798/798 797/797/797 778/778/778
f 629/629/629 799/799/799 628/628/628
f 800/800/800 799/799/799 629/629/629
f 744/744/744 795/795/795 738/738/738
f 801/801/801 795/795/795 744/744/744
f 802/802/802 795/795/795 801/801/801
f 804/804/804 485/485/485 803/803/803
f 486/486/486 485/485/485 804/804/804
f 680/680/680 805/805/805 679/679/679
f 806/806/806 805/805/805 680/680/680
f 708/708/708 807/807/807 709/709/709
f 808/808/808 807/807/807 708/708/708
f 781/781/781 777/777/777 752/752/752
f 809/809/809 777/777/777 781/781/781
f 743/743/743 810/810/810 749/749/749
f 796/796/796 810/810/810 743/743/743
f 811/811/811 810/810/810 796/796/796
f 747/747/747 812/812/812 748/748/748
f 813/813/813 812/812/812 747/747/747
f 814/814/814 736/736/736 699/699/699
f 816/816/816 652/652/652 815/815/815
f 653/653/653 652/652/652 816/816/816
f 817/817/817 751/751/751 750/750/750
f 818/818/818 751/751/751 817/817/817
f 819/819/819 751/751/751 818/818/818
f 814/814/814 746/746/746 745/745/745
f 820/820/820 746/746/746 814/814/814
f 821/821/821 710/710/710 711/711/711
f 822/822/822 710/710/710 821/821/821
f 756/756/756 823/823/823 755/755/755
f 824/824/824 823/823/823 756/756/756
f 825/825/825 771/771/771 772/772/772
f 826/826/826 771/771/771 825/825/825
f 787/787/787 827/827/827 788/788/788
f 828/828/828 827/827/827 787/787/787
f 765/765/765 776/776/776 766/766/766
f 829/829/829 776/776/776 765/765/765
f 804/804/804 544/544/544 545/545/545
f 803/803/803 544/544/544 804/804/804
f 768/768/768 770/770/770 830/830/830
f 720/720/720 831/831/831 721/721/721
f 832/832/832 831/831/831 720/720/720
f 833/833/833 734/734/734 733/733/733
f 834/834/834 734/734/734 833/833/833
f 784/784/784 809/809/809 781/781/781
f 835/835/835 809/809/809 784/784/784
f 837/837/837 817/817/817 836/836/836
f 818/818/818 817/817/817 837/837/837
f 840/840/840 839/839/839 838/838/838
f 841/841/841 839/839/839 840/840/840
f 823/823/823 843/843/843 842/842/842
f 824/824/824 843/843/843 823/823/823
f 775/775/775 770/770/770 774/774/774
f 844/844/844 770/770/770 775/775/775
f 845/845/845 812/812/812 813/813/813
f 846/846/846 812/812/812 845/845/845
f 847/847/847 797/797/797 798/798/798
f 848/848/848 797/797/797 847/847/847
f 824/824/824 786/786/786 849/849/849
f 785/785/785 786/786/786 824/824/824
f 770/770/770 850/850/850 830/830/830
f 844/844/844 850/850/850 770/770/770
f 851/851/851 782/782/782 783/783/783
f 852/852/852 782/782/782 851/851/851
f 825/825/825 853/853/853 826/826/826
f 854/854/854 853/853/853 825/825/825
f 829/829/829 824/824/824 849/849/849
f 855/855/855 824/824/824 829/829/829
f 856/856/856 742/742/742 741/741/741
f 857/857/857 742/742/742 856/856/856
f 860/860/860 859/859/859 858/858/858
f 863/863/863 862/862/862 861/861/861
f 864/864/864 862/862/862 863/863/863
f 837/837/837 819/819/819 818/818/818
f 850/850/850 819/819/819 837/837/837
f 828/828/828 865/865/865 827/827/827
f 807/807/807 864/864/864 863/863/863
f 808/808/808 864/864/864 807/807/807
f 866/866/866 864/864/864 808/808/808
f 814/814/814 867/867/867 820/820/820
f 858/858/858 868/868/868 860/860/860
f 869/869/869 865/865/865 828/828/828
f 870/870/870 865/865/865 869/869/869
f 843/843/843 824/824/824 855/855/855
f 871/871/871 809/809/809 835/835/835
f 874/874/874 873/873/873 872/872/872
f 875/875/875 873/873/873 874/874/874
f 847/847/847 876/876/876 848/848/848
f 877/877/877 876/876/876 847/847/847
f 845/845/845 878/878/878 846/846/846
f 879/879/879 878/878/878 845/845/845
f 859/859/859 880/880/880 867/867/867
f 860/860/860 880/880/880 859/859/859
f 664/664/664 477/477/477 478/478/478
f 665/665/665 477/477/477 664/664/664
f 854/854/854 881/881/881 853/853/853
f 882/882/882 881/881/881 854/854/854
f 867/867/867 883/883/883 820/820/820
f 880/880/880 883/883/883 867/867/867
f 884/884/884 790/790/790 789/789/789
f 885/885/885 790/790/790 884/884/884
f 886/886/886 841/841/841 840/840/840
f 887/887/887 841/841/841 886/886/886
f 716/716/716 615/615/615 717/717/717
f 614/614/614 615/615/615 716/716/716
f 871/871/871 888/888/888 872/872/872
f 889/889/889 834/834/834 833/833/833
f 890/890/890 834/834/834 889/889/889
f 757/757/757 892/892/892 891/891/891
f 758/758/758 892/892/892 757/757/757
f 868/868/868 880/880/880 860/860/860
f 893/893/893 880/880/880 868/868/868
f 894/894/894 871/871/871 835/835/835
f 895/895/895 871/871/871 894/894/894
f 801/801/801 896/896/896 802/802/802
f 897/897/897 896/896/896 801/801/801
f 888/888/888 874/874/874 872/872/872
f 898/898/898 874/874/874 888/888/888
f 806/806/806 899/899/899 805/805/805
f 900/900/900 899/899/899 806/806/806
f 901/901/901 810/810/810 811/811/811
f 902/902/902 810/810/810 901/901/901
f 877/877/877 903/903/903 876/876/876
f 904/904/904 903/903/903 877/877/877
f 879/879/879 905/905/905 878/878/878
f 906/906/906 905/905/905 879/879/879
f 908/908/908 869/869/869 907/907/907
f 870/870/870 869/869/869 908/908/908
f 909/909/909 780/780/780 779/779/779
f 910/910/910 780/780/780 909/909/909
f 912/912/912 889/889/889 911/911/911
f 890/890/890 889/889/889 912/912/912
f 866/866/866 862/862/862 864/864/864
f 913/913/913 862/862/862 866/866/866
f 874/874/874 914/914/914 875/875/875
f 915/915/915 914/914/914 874/874/874
f 916/916/916 881/881/881 882/882/882
f 917/917/917 881/881/881 916/916/916
f 494/494/494 693/693/693 691/691/691
f 493/493/493 693/693/693 494/494/494
f 918/918/918 905/905/905 906/906/906
f 919/919/919 905/905/905 918/918/918
f 916/916/916 920/920/920 917/917/917
f 921/921/921 920/920/920 916/916/916
f 893/893/893 883/883/883 880/880/880
f 922/922/922 883/883/883 893/893/893
f 925/925/925 924/924/924 923/923/923
f 926/926/926 924/924/924 925/925/925
f 927/927/927 822/822/822 821/821/821
f 928/928/928 822/822/822 927/927/927
f 903/903/903 930/930/930 929/929/929
f 904/904/904 930/930/930 903/903/903
f 932/932/932 918/918/918 931/931/931
f 919/919/919 918/918/918 932/932/932
f 920/920/920 932/932/932 931/931/931
f 921/921/921 932/932/932 920/920/920
f 934/934/934 907/907/907 933/933/933
f 908/908/908 907/907/907 934/934/934
f 857/857/857 890/890/890 935/935/935
f 856/856/856 890/890/890 857/857/857
f 890/890/890 913/913/913 935/935/935
f 936/936/936 913/913/913 890/890/890
f 938/938/938 937/937/937 626/626/626
f 939/939/939 937/937/937 938/938/938
f 816/816/816 941/941/941 940/940/940
f 815/815/815 941/941/941 816/816/816
f 690/690/690 489/489/489 689/689/689
f 490/490/490 489/489/489 690/690/690
f 832/832/832 942/942/942 831/831/831
f 943/943/943 942/942/942 832/832/832
f 944/944/944 934/934/934 933/933/933
f 945/945/945 934/934/934 944/944/944
f 948/948/948 947/947/947 946/946/946
f 949/949/949 947/947/947 948/948/948
f 951/951/951 950/950/950 929/929/929
f 952/952/952 950/950/950 951/951/951
f 953/953/953 895/895/895 894/894/894
f 954/954/954 895/895/895 953/953/953
f 929/929/929 930/930/930 951/951/951
f 886/886/886 955/955/955 887/887/887
f 956/956/956 955/955/955 886/886/886
f 915/915/915 957/957/957 914/914/914
f 958/958/958 957/957/957 915/915/915
f 936/936/936 890/890/890 912/912/912
f 950/950/950 960/960/960 959/959/959
f 952/952/952 960/960/960 950/950/950
f 961/961/961 944/944/944 959/959/959
f 945/945/945 944/944/944 961/961/961
f 898/898/898 915/915/915 874/874/874
f 962/962/962 915/915/915 898/898/898
f 922/922/922 893/893/893 963/963/963
f 966/966/966 965/965/965 964/964/964
f 967/967/967 965/965/965 966/966/966
f 960/960/960 961/961/961 959/959/959
f 968/968/968 885/885/885 884/884/884
f 969/969/969 885/885/885 968/968/968
f 946/946/946 970/970/970 963/963/963
f 972/972/972 949/949/949 971/971/971
f 947/947/947 949/949/949 972/972/972
f 974/974/974 968/968/968 973/973/973
f 969/969/969 968/968/968 974/974/974
f 947/947/947 970/970/970 946/946/946
f 975/975/975 970/970/970 947/947/947
f 896/896/896 977/977/977 976/976/976
f 897/897/897 977/977/977 896/896/896
f 978/978/978 977/977/977 897/897/897
f 963/963/963 979/979/979 922/922/922
f 980/980/980 979/979/979 963/963/963
f 981/981/981 902/902/902 901/901/901
f 982/982/982 902/902/902 981/981/981
f 983/983/983 902/902/902 982/982/982
f 984/984/984 972/972/972 971/971/971
f 985/985/985 972/972/972 984/984/984
f 976/976/976 987/987/987 986/986/986
f 977/977/977 987/987/987 976/976/976
f 900/900/900 988/988/988 899/899/899
f 989/989/989 988/988/988 900/900/900
f 990/990/990 954/954/954 953/953/953
f 991/991/991 954/954/954 990/990/990
f 993/993/993 981/981/981 992/992/992
f 982/982/982 981/981/981 993/993/993
f 956/956/956 994/994/994 955/955/955
f 995/995/995 994/994/994 956/956/956
f 988/988/988 997/997/997 996/996/996
f 989/989/989 997/997/997 988/988/988
f 915/915/915 998/998/998 958/958/958
f 962/962/962 998/998/998 915/915/915
f 999/999/999 967/967/967 966/966/966
f 1000/1000/1000 967/967/967 999/999/999
f 1003/1003/1003 1002/1002/1002 1001/1001/1001
f 1001/1001/1001 1004/1004/1004 1003/1003/1003
f 1005/1005/1005 947/947/947 972/972/972
f 975/975/975 947/947/947 1005/1005/1005
f 1007/1007/1007 892/892/892 1006/1006/1006
f 891/891/891 892/892/892 1007/1007/1007
f 969/969/969 928/928/928 927/927/927
f 1008/1008/1008 928/928/928 969/969/969
f 978/978/978 987/987/987 977/977/977
f 1009/1009/1009 987/987/987 978/978/978
f 958/958/958 998/998/998 1010/1010/1010
f 1011/1011/1011 969/969/969 974/974/974
f 995/995/995 1012/1012/1012 994/994/994
f 1013/1013/1013 1012/1012/1012 995/995/995
f 1014/1014/1014 972/972/972 985/985/985
f 1005/1005/1005 972/972/972 1014/1014/1014
f 999/999/999 1015/1015/1015 1000/1000/1000
f 1016/1016/1016 1015/1015/1015 999/999/999
f 909/909/909 1017/1017/1017 910/910/910
f 1018/1018/1018 1017/1017/1017 909/909/909
f 993/993/993 983/983/983 982/982/982
f 1019/1019/1019 983/983/983 993/993/993
f 1022/1022/1022 1021/1021/1021 1020/1020/1020
f 1023/1023/1023 1021/1021/1021 1022/1022/1022
f 1002/1002/1002 1024/1024/1024 1001/1001/1001
f 1025/1025/1025 1024/1024/1024 1002/1002/1002
f 943/943/943 989/989/989 942/942/942
f 1026/1026/1026 989/989/989 943/943/943
f 1024/1024/1024 1004/1004/1004 1001/1001/1001
f 1027/1027/1027 1004/1004/1004 1024/1024/1024
f 1029/1029/1029 1010/1010/1010 1028/1028/1028
f 1030/1030/1030 1010/1010/1010 1029/1029/1029
f 969/969/969 1009/1009/1009 1008/1008/1008
f 1011/1011/1011 1009/1009/1009 969/969/969
f 997/997/997 989/989/989 1031/1031/1031
f 1032/1032/1032 926/926/926 925/925/925
f 1033/1033/1033 926/926/926 1032/1032/1032
f 1034/1034/1034 1014/1014/1014 985/985/985
f 1035/1035/1035 1012/1012/1012 1013/1013/1013
f 1036/1036/1036 1012/1012/1012 1035/1035/1035
f 468/468/468 333/333/333 373/373/373
f 469/469/469 333/333/333 468/468/468
f 1019/1019/1019 989/989/989 1026/1026/1026
f 1031/1031/1031 989/989/989 1019/1019/1019
f 1030/1030/1030 1025/1025/1025 1010/1010/1010
f 1037/1037/1037 1023/1023/1023 1022/1022/1022
f 1038/1038/1038 1023/1023/1023 1037/1037/1037
f 1016/1016/1016 1039/1039/1039 1015/1015/1015
f 1040/1040/1040 1039/1039/1039 1016/1016/1016
f 940/940/940 1042/1042/1042 1041/1041/1041
f 941/941/941 1042/1042/1042 940/940/940
f 1025/1025/1025 1043/1043/1043 1024/1024/1024
f 1030/1030/1030 1043/1043/1043 1025/1025/1025
f 1034/1034/1034 1038/1038/1038 1037/1037/1037
f 1044/1044/1044 1038/1038/1038 1034/1034/1034
f 1043/1043/1043 1027/1027/1027 1024/1024/1024
f 1044/1044/1044 1027/1027/1027 1043/1043/1043
f 1034/1034/1034 1027/1027/1027 1044/1044/1044
f 1045/1045/1045 1036/1036/1036 1035/1035/1035
f 1046/1046/1046 1036/1036/1036 1045/1045/1045
f 1040/1040/1040 1047/1047/1047 1039/1039/1039
f 1048/1048/1048 1047/1047/1047 1040/1040/1040
f 1049/1049/1049 1046/1046/1046 1045/1045/1045
f 1050/1050/1050 1046/1046/1046 1049/1049/1049
f 1047/1047/1047 1050/1050/1050 1049/1049/1049
f 1048/1048/1048 1050/1050/1050 1047/1047/1047
f 686/686/686 839/839/839 687/687/687
f 838/838/838 839/839/839 686/686/686
f 1052/1052/1052 1006/1006/1006 1051/1051/1051
f 1007/1007/1007 1006/1006/1006 1052/1052/1052
f 1018/1018/1018 1053/1053/1053 1017/1017/1017
f 1054/1054/1054 1053/1053/1053 1018/1018/1018
f 1055/1055/1055 1033/1033/1033 1032/1032/1032
f 1056/1056/1056 1033/1033/1033 1055/1055/1055
f 1041/1041/1041 1058/1058/1058 1057/1057/1057
f 1042/1042/1042 1058/1058/1058 1041/1041/1041
f 1060/1060/1060 1051/1051/1051 1059/1059/1059
f 1052/1052/1052 1051/1051/1051 1060/1060/1060
f 1054/1054/1054 1061/1061/1061 1053/1053/1053
f 1062/1062/1062 1061/1061/1061 1054/1054/1054
f 1055/1055/1055 1063/1063/1063 1056/1056/1056
f 1064/1064/1064 1063/1063/1063 1055/1055/1055
f 1066/1066/1066 1058/1058/1058 1065/1065/1065
f 1057/1057/1057 1058/1058/1058 1066/1066/1066
f 1068/1068/1068 1059/1059/1059 1067/1067/1067
f 1060/1060/1060 1059/1059/1059 1068/1068/1068
f 1062/1062/1062 1069/1069/1069 1061/1061/1061
f 1070/1070/1070 1069/1069/1069 1062/1062/1062
f 965/965/965 851/851/851 964/964/964
f 852/852/852 851/851/851 965/965/965
f 1064/1064/1064 1071/1071/1071 1063/1063/1063
f 1072/1072/1072 1071/1071/1071 1064/1064/1064
f 1074/1074/1074 1065/1065/1065 1073/1073/1073
f 1066/1066/1066 1065/1065/1065 1074/1074/1074
f 1068/1068/1068 1076/1076/1076 1075/1075/1075
f 1067/1067/1067 1076/1076/1076 1068/1068/1068
f 1077/1077/1077 1069/1069/1069 1070/1070/1070
f 1078/1078/1078 1069/1069/1069 1077/1077/1077
f 1072/1072/1072 1079/1079/1079 1071/1071/1071
f 1080/1080/1080 1079/1079/1079 1072/1072/1072
f 1082/1082/1082 1073/1073/1073 1081/1081/1081
f 1074/1074/1074 1073/1073/1073 1082/1082/1082
f 1075/1075/1075 1084/1084/1084 1083/1083/1083
f 1076/1076/1076 1084/1084/1084 1075/1075/1075
f 1085/1085/1085 1078/1078/1078 1077/1077/1077
f 1086/1086/1086 1078/1078/1078 1085/1085/1085
f 1080/1080/1080 1087/1087/1087 1079/1079/1079
f 1088/1088/1088 1087/1087/1087 1080/1080/1080
f 1020/1020/1020 979/979/979 980/980/980
f 1021/1021/1021 979/979/979 1020/1020/1020
f 1090/1090/1090 1081/1081/1081 1089/1089/1089
f 1082/1082/1082 1081/1081/1081 1090/1090/1090
f 991/991/991 1029/1029/1029 1028/1028/1028
f 990/990/990 1029/1029/1029 991/991/991
f 1083/1083/1083 1092/1092/1092 1091/1091/1091
f 1084/1084/1084 1092/1092/1092 1083/1083/1083
f 1093/1093/1093 1086/1086/1086 1085/1085/1085
f 1094/1094/1094 1086/1086/1086 1093/1093/1093
f 1095/1095/1095 1087/1087/1087 1088/1088/1088
f 1096/1096/1096 1087/1087/1087 1095/1095/1095
f 1090/1090/1090 1098/1098/1098 1097/1097/1097
f 1089/1089/1089 1098/1098/1098 1090/1090/1090
f 1100/1100/1100 1092/1092/1092 1099/1099/1099
f 1091/1091/1091 1092/1092/1092 1100/1100/1100
f 1093/1093/1093 1101/1101/1101 1094/1094/1094
f 1102/1102/1102 1101/1101/1101 1093/1093/1093
f 1103/1103/1103 1096/1096/1096 1095/1095/1095
f 1104/1104/1104 1096/1096/1096 1103/1103/1103
f 1097/1097/1097 1106/1106/1106 1105/1105/1105
f 1098/1098/1098 1106/1106/1106 1097/1097/1097
f 1108/1108/1108 1099/1099/1099 1107/1107/1107
f 1100/1100/1100 1099/1099/1099 1108/1108/1108
f 1109/1109/1109 1104/1104/1104 1103/1103/1103
f 1110/1110/1110 1104/1104/1104 1109/1109/1109
f 1102/1102/1102 1111/1111/1111 1101/1101/1101
f 1112/1112/1112 1111/1111/1111 1102/1102/1102
f 1105/1105/1105 1114/1114/1114 1113/1113/1113
f 1106/1106/1106 1114/1114/1114 1105/1105/1105
f 1116/1116/1116 1107/1107/1107 1115/1115/1115
f 1108/1108/1108 1107/1107/1107 1116/1116/1116
f 1109/1109/1109 1115/1115/1115 1110/1110/1110
f 1116/1116/1116 1115/1115/1115 1109/1109/1109
f 1112/1112/1112 1117/1117/1117 1111/1111/1111
f 1118/1118/1118 1117/1117/1117 1112/1112/1112
f 1118/1118/1118 1114/1114/1114 1117/1117/1117
f 1113/1113/1113 1114/1114/1114 1118/1118/1118
f 137/137/137 1119/1119/1119 136/136/136
f 1120/1120/1120 1119/1119/1119 137/137/137
f 70/70/70 1121/1121/1121 72/72/72
f 1122/1122/1122 1121/1121/1121 70/70/70
f 77/77/77 61/61/61 60/60/60
f 125/125/125 1123/1123/1123 124/124/124
f 1124/1124/1124 1123/1123/1123 125/125/125
f 1125/1125/1125 110/110/110 111/111/111
f 1126/1126/1126 110/110/110 1125/1125/1125
f 1127/1127/1127 58/58/58 56/56/56
f 1128/1128/1128 58/58/58 1127/1127/1127
f 94/94/94 1130/1130/1130 1129/1129/1129
f 96/96/96 1130/1130/1130 94/94/94
f 1132/1132/1132 1131/1131/1131 104/104/104
f 1133/1133/1133 1131/1131/1131 1132/1132/1132
f 105/105/105 1132/1132/1132 104/104/104
f 1134/1134/1134 1132/1132/1132 105/105/105
f 1137/1137/1137 1136/1136/1136 1135/1135/1135
f 1138/1138/1138 1136/1136/1136 1137/1137/1137
f 107/107/107 1139/1139/1139 106/106/106
f 1140/1140/1140 1139/1139/1139 107/107/107
f 1143/1143/1143 1142/1142/1142 1141/1141/1141
f 1144/1144/1144 1142/1142/1142 1143/1143/1143
f 1146/1146/1146 97/97/97 1145/1145/1145
f 98/98/98 97/97/97 1146/1146/1146
f 41/41/41 1147/1147/1147 1138/1138/1138
f 43/43/43 1147/1147/1147 41/41/41
f 1149/1149/1149 1142/1142/1142 1148/1148/1148
f 1141/1141/1141 1142/1142/1142 1149/1149/1149
f 1150/1150/1150 1128/1128/1128 1127/1127/1127
f 1151/1151/1151 1128/1128/1128 1150/1150/1150
f 1152/1152/1152 272/272/272 274/274/274
f 1153/1153/1153 272/272/272 1152/1152/1152
f 62/62/62 1155/1155/1155 1154/1154/1154
f 63/63/63 1155/1155/1155 62/62/62
f 52/52/52 1156/1156/1156 79/79/79
f 1157/1157/1157 1156/1156/1156 52/52/52
f 1143/1143/1143 1121/1121/1121 1122/1122/1122
f 1141/1141/1141 1121/1121/1121 1143/1143/1143
f 1149/1149/1149 1121/1121/1121 1141/1141/1141
f 1158/1158/1158 89/89/89 90/90/90
f 1159/1159/1159 89/89/89 1158/1158/1158
f 68/68/68 1160/1160/1160 69/69/69
f 1161/1161/1161 1160/1160/1160 68/68/68
f 1163/1163/1163 1144/1144/1144 1162/1162/1162
f 1164/1164/1164 1144/1144/1144 1163/1163/1163
f 1126/1126/1126 1163/1163/1163 1162/1162/1162
f 1125/1125/1125 1163/1163/1163 1126/1126/1126
f 1165/1165/1165 52/52/52 53/53/53
f 1157/1157/1157 52/52/52 1165/1165/1165
f 1130/1130/1130 1150/1150/1150 1129/1129/1129
f 1151/1151/1151 1150/1150/1150 1130/1130/1130
f 42/42/42 1166/1166/1166 43/43/43
f 1167/1167/1167 1166/1166/1166 42/42/42
f 1168/1168/1168 32/32/32 33/33/33
f 1169/1169/1169 32/32/32 1168/1168/1168
f 1170/1170/1170 1123/1123/1123 1124/1124/1124
f 1171/1171/1171 1123/1123/1123 1170/1170/1170
f 211/211/211 1173/1173/1173 1172/1172/1172
f 209/209/209 1173/1173/1173 211/211/211
f 51/51/51 50/50/50 1174/1174/1174
f 1177/1177/1177 1176/1176/1176 1175/1175/1175
f 1178/1178/1178 1176/1176/1176 1177/1177/1177
f 1180/1180/1180 1145/1145/1145 1179/1179/1179
f 1146/1146/1146 1145/1145/1145 1180/1180/1180
f 1182/1182/1182 187/187/187 1181/1181/1181
f 189/189/189 187/187/187 1182/1182/1182
f 46/46/46 1183/1183/1183 47/47/47
f 1184/1184/1184 1183/1183/1183 46/46/46
f 1154/1154/1154 1186/1186/1186 1185/1185/1185
f 1155/1155/1155 1186/1186/1186 1154/1154/1154
f 1176/1176/1176 1188/1188/1188 1187/1187/1187
f 1178/1178/1178 1188/1188/1188 1176/1176/1176
f 1190/1190/1190 100/100/100 1189/1189/1189
f 99/99/99 100/100/100 1190/1190/1190
f 1193/1193/1193 1192/1192/1192 1191/1191/1191
f 1194/1194/1194 1147/1147/1147 43/43/43
f 1195/1195/1195 1147/1147/1147 1194/1194/1194
f 1197/1197/1197 1175/1175/1175 1196/1196/1196
f 1177/1177/1177 1175/1175/1175 1197/1197/1197
f 1169/1169/1169 1198/1198/1198 1163/1163/1163
f 1168/1168/1168 1198/1198/1198 1169/1169/1169
f 1199/1199/1199 1156/1156/1156 1157/1157/1157
f 1200/1200/1200 1156/1156/1156 1199/1199/1199
f 1164/1164/1164 1163/1163/1163 1201/1201/1201
f 1202/1202/1202 1191/1191/1191 1192/1192/1192
f 1203/1203/1203 1139/1139/1139 1140/1140/1140
f 1204/1204/1204 1139/1139/1139 1203/1203/1203
f 1161/1161/1161 1205/1205/1205 1160/1160/1160
f 161/161/161 1206/1206/1206 159/159/159
f 1207/1207/1207 1206/1206/1206 161/161/161
f 1208/1208/1208 1191/1191/1191 1202/1202/1202
f 1191/1191/1191 1208/1208/1208 1209/1209/1209
f 1187/1187/1187 1211/1211/1211 1210/1210/1210
f 1188/1188/1188 1211/1211/1211 1187/1187/1187
f 1198/1198/1198 1201/1201/1201 1163/1163/1163
f 1212/1212/1212 1201/1201/1201 1198/1198/1198
f 1213/1213/1213 1166/1166/1166 1167/1167/1167
f 1214/1214/1214 1166/1166/1166 1213/1213/1213
f 1165/1165/1165 1215/1215/1215 1157/1157/1157
f 1216/1216/1216 1215/1215/1215 1165/1165/1165
f 1174/1174/1174 1217/1217/1217 51/51/51
f 1218/1218/1218 1217/1217/1217 1174/1174/1174
f 1134/1134/1134 1219/1219/1219 1132/1132/1132
f 1220/1220/1220 1219/1219/1219 1134/1134/1134
f 1222/1222/1222 1221/1221/1221 1174/1174/1174
f 1223/1223/1223 1190/1190/1190 1189/1189/1189
f 1224/1224/1224 1190/1190/1190 1223/1223/1223
f 1227/1227/1227 1226/1226/1226 1225/1225/1225
f 1228/1228/1228 1159/1159/1159 1158/1158/1158
f 1229/1229/1229 1159/1159/1159 1228/1228/1228
f 1231/1231/1231 1179/1179/1179 1230/1230/1230
f 1180/1180/1180 1179/1179/1179 1231/1231/1231
f 1132/1132/1132 1232/1232/1232 1133/1133/1133
f 1219/1219/1219 1232/1232/1232 1132/1132/1132
f 1226/1226/1226 1227/1227/1227 1233/1233/1233
f 1235/1235/1235 1234/1234/1234 1227/1227/1227
f 1236/1236/1236 1185/1185/1185 1186/1186/1186
f 1237/1237/1237 1185/1185/1185 1236/1236/1236
f 1233/1233/1233 1227/1227/1227 1234/1234/1234
f 1193/1193/1193 1238/1238/1238 1192/1192/1192
f 1239/1239/1239 1238/1238/1238 1193/1193/1193
f 1240/1240/1240 1238/1238/1238 1239/1239/1239
f 1242/1242/1242 1196/1196/1196 1241/1241/1241
f 1197/1197/1197 1196/1196/1196 1242/1242/1242
f 1243/1243/1243 1205/1205/1205 1161/1161/1161
f 1244/1244/1244 1205/1205/1205 1243/1243/1243
f 1192/1192/1192 1245/1245/1245 1202/1202/1202
f 1238/1238/1238 1245/1245/1245 1192/1192/1192
f 1170/1170/1170 1246/1246/1246 1171/1171/1171
f 1247/1247/1247 1246/1246/1246 1170/1170/1170
f 1249/1249/1249 1248/1248/1248 1222/1222/1222
f 1250/1250/1250 1248/1248/1248 1249/1249/1249
f 1245/1245/1245 1208/1208/1208 1202/1202/1202
f 1251/1251/1251 1208/1208/1208 1245/1245/1245
f 1252/1252/1252 1183/1183/1183 1184/1184/1184
f 1253/1253/1253 1183/1183/1183 1252/1252/1252
f 1248/1248/1248 1221/1221/1221 1222/1222/1222
f 1254/1254/1254 1221/1221/1221 1248/1248/1248
f 1210/1210/1210 1256/1256/1256 1255/1255/1255
f 1211/1211/1211 1256/1256/1256 1210/1210/1210
f 1199/1199/1199 1257/1257/1257 1200/1200/1200
f 1258/1258/1258 1257/1257/1257 1199/1199/1199
f 1208/1208/1208 1259/1259/1259 1209/1209/1209
f 1251/1251/1251 1259/1259/1259 1208/1208/1208
f 1260/1260/1260 1259/1259/1259 1251/1251/1251
f 1194/1194/1194 1261/1261/1261 1195/1195/1195
f 1262/1262/1262 1261/1261/1261 1194/1194/1194
f 1203/1203/1203 1263/1263/1263 1204/1204/1204
f 1264/1264/1264 1263/1263/1263 1203/1203/1203
f 1267/1267/1267 1266/1266/1266 1265/1265/1265
f 1268/1268/1268 1266/1266/1266 1267/1267/1267
f 1226/1226/1226 1269/1269/1269 1225/1225/1225
f 1270/1270/1270 1269/1269/1269 1226/1226/1226
f 1271/1271/1271 1269/1269/1269 1270/1270/1270
f 1243/1243/1243 1272/1272/1272 1244/1244/1244
f 1273/1273/1273 1272/1272/1272 1243/1243/1243
f 1274/1274/1274 1153/1153/1153 1152/1152/1152
f 1275/1275/1275 1153/1153/1153 1274/1274/1274
f 1230/1230/1230 1276/1276/1276 1231/1231/1231
f 1277/1277/1277 1276/1276/1276 1230/1230/1230
f 1278/1278/1278 1226/1226/1226 1233/1233/1233
f 1270/1270/1270 1226/1226/1226 1278/1278/1278
f 1279/1279/1279 1219/1219/1219 1220/1220/1220
f 1280/1280/1280 1219/1219/1219 1279/1279/1279
f 1267/1267/1267 1119/1119/1119 1120/1120/1120
f 1265/1265/1265 1119/1119/1119 1267/1267/1267
f 1234/1234/1234 1278/1278/1278 1233/1233/1233
f 1281/1281/1281 1278/1278/1278 1234/1234/1234
f 1282/1282/1282 1215/1215/1215 1216/1216/1216
f 1283/1283/1283 1215/1215/1215 1282/1282/1282
f 1284/1284/1284 1214/1214/1214 1213/1213/1213
f 1285/1285/1285 1214/1214/1214 1284/1284/1284
f 1235/1235/1235 1281/1281/1281 1234/1234/1234
f 1286/1286/1286 1281/1281/1281 1235/1235/1235
f 1287/1287/1287 1281/1281/1281 1286/1286/1286
f 1223/1223/1223 1288/1288/1288 1224/1224/1224
f 1289/1289/1289 1288/1288/1288 1223/1223/1223
f 1219/1219/1219 1290/1290/1290 1232/1232/1232
f 1280/1280/1280 1290/1290/1290 1219/1219/1219
f 1291/1291/1291 1237/1237/1237 1236/1236/1236
f 1292/1292/1292 1237/1237/1237 1291/1291/1291
f 1241/1241/1241 1293/1293/1293 1242/1242/1242
f 1294/1294/1294 1293/1293/1293 1241/1241/1241
f 1172/1172/1172 1296/1296/1296 1295/1295/1295
f 1173/1173/1173 1296/1296/1296 1172/1172/1172
f 1247/1247/1247 1297/1297/1297 1246/1246/1246
f 1298/1298/1298 1297/1297/1297 1247/1247/1247
f 1252/1252/1252 1299/1299/1299 1253/1253/1253
f 1300/1300/1300 1299/1299/1299 1252/1252/1252
f 1302/1302/1302 1181/1181/1181 1301/1301/1301
f 1182/1182/1182 1181/1181/1181 1302/1302/1302
f 1239/1239/1239 1303/1303/1303 1240/1240/1240
f 1304/1304/1304 1303/1303/1303 1239/1239/1239
f 1305/1305/1305 1255/1255/1255 1256/1256/1256
f 1306/1306/1306 1255/1255/1255 1305/1305/1305
f 1264/1264/1264 1307/1307/1307 1263/1263/1263
f 1308/1308/1308 1307/1307/1307 1264/1264/1264
f 1250/1250/1250 1309/1309/1309 1248/1248/1248
f 1310/1310/1310 1309/1309/1309 1250/1250/1250
f 1248/1248/1248 1311/1311/1311 1254/1254/1254
f 1309/1309/1309 1311/1311/1311 1248/1248/1248
f 1314/1314/1314 1313/1313/1313 1312/1312/1312
f 1315/1315/1315 1313/1313/1313 1314/1314/1314
f 1207/1207/1207 1316/1316/1316 1206/1206/1206
f 1317/1317/1317 1316/1316/1316 1207/1207/1207
f 1318/1318/1318 1266/1266/1266 1268/1268/1268
f 1319/1319/1319 1266/1266/1266 1318/1318/1318
f 1273/1273/1273 1320/1320/1320 1272/1272/1272
f 1321/1321/1321 1320/1320/1320 1273/1273/1273
f 1324/1324/1324 1323/1323/1323 1322/1322/1322
f 1325/1325/1325 1323/1323/1323 1324/1324/1324
f 1280/1280/1280 1279/1279/1279 1323/1323/1323
f 1258/1258/1258 1326/1326/1326 1257/1257/1257
f 1327/1327/1327 1326/1326/1326 1258/1258/1258
f 1330/1330/1330 1329/1329/1329 1328/1328/1328
f 1331/1331/1331 1329/1329/1329 1330/1330/1330
f 1332/1332/1332 1297/1297/1297 1298/1298/1298
f 1333/1333/1333 1297/1297/1297 1332/1332/1332
f 1289/1289/1289 1334/1334/1334 1288/1288/1288
f 1335/1335/1335 1334/1334/1334 1289/1289/1289
f 1329/1329/1329 1292/1292/1292 1291/1291/1291
f 1331/1331/1331 1292/1292/1292 1329/1329/1329
f 1262/1262/1262 1336/1336/1336 1261/1261/1261
f 1337/1337/1337 1336/1336/1336 1262/1262/1262
f 1277/1277/1277 1338/1338/1338 1276/1276/1276
f 1339/1339/1339 1338/1338/1338 1277/1277/1277
f 1340/1340/1340 1331/1331/1331 1330/1330/1330
f 1341/1341/1341 1259/1259/1259 1260/1260/1260
f 1342/1342/1342 1259/1259/1259 1341/1341/1341
f 1300/1300/1300 1343/1343/1343 1299/1299/1299
f 1344/1344/1344 1343/1343/1343 1300/1300/1300
f 1331/1331/1331 1285/1285/1285 1284/1284/1284
f 1345/1345/1345 1285/1285/1285 1331/1331/1331
f 1346/1346/1346 1307/1307/1307 1308/1308/1308
f 1347/1347/1347 1307/1307/1307 1346/1346/1346
f 1348/1348/1348 1331/1331/1331 1340/1340/1340
f 1345/1345/1345 1331/1331/1331 1348/1348/1348
f 1349/1349/1349 1269/1269/1269 1271/1271/1271
f 1350/1350/1350 1269/1269/1269 1349/1349/1349
f 1294/1294/1294 1351/1351/1351 1293/1293/1293
f 1352/1352/1352 1351/1351/1351 1294/1294/1294
f 1353/1353/1353 1303/1303/1303 1304/1304/1304
f 1354/1354/1354 1303/1303/1303 1353/1353/1353
f 1355/1355/1355 1303/1303/1303 1354/1354/1354
f 1309/1309/1309 1356/1356/1356 1311/1311/1311
f 1357/1357/1357 1356/1356/1356 1309/1309/1309
f 1358/1358/1358 1309/1309/1309 1310/1310/1310
f 1357/1357/1357 1309/1309/1309 1358/1358/1358
f 1325/1325/1325 1359/1359/1359 1323/1323/1323
f 1360/1360/1360 1315/1315/1315 1314/1314/1314
f 1361/1361/1361 1315/1315/1315 1360/1360/1360
f 1362/1362/1362 1283/1283/1283 1282/1282/1282
f 1363/1363/1363 1283/1283/1283 1362/1362/1362
f 1333/1333/1333 1332/1332/1332 1364/1364/1364
f 1353/1353/1353 1365/1365/1365 1354/1354/1354
f 1348/1348/1348 1365/1365/1365 1353/1353/1353
f 1366/1366/1366 1319/1319/1319 1318/1318/1318
f 1367/1367/1367 1319/1319/1319 1366/1366/1366
f 1368/1368/1368 1320/1320/1320 1321/1321/1321
f 1369/1369/1369 1320/1320/1320 1368/1368/1368
f 1365/1365/1365 1355/1355/1355 1354/1354/1354
f 1370/1370/1370 1355/1355/1355 1365/1365/1365
f 1286/1286/1286 1371/1371/1371 1287/1287/1287
f 1372/1372/1372 1371/1371/1371 1286/1286/1286
f 1373/1373/1373 1275/1275/1275 1274/1274/1274
f 1374/1374/1374 1275/1275/1275 1373/1373/1373
f 1335/1335/1335 1375/1375/1375 1334/1334/1334
f 1376/1376/1376 1375/1375/1375 1335/1335/1335
f 1312/1312/1312 1217/1217/1217 1218/1218/1218
f 1313/1313/1313 1217/1217/1217 1312/1312/1312
f 1377/1377/1377 1306/1306/1306 1305/1305/1305
f 1378/1378/1378 1306/1306/1306 1377/1377/1377
f 1380/1380/1380 1379/1379/1379 1359/1359/1359
f 1381/1381/1381 1379/1379/1379 1380/1380/1380
f 1382/1382/1382 1359/1359/1359 1325/1325/1325
f 1380/1380/1380 1359/1359/1359 1382/1382/1382
f 1383/1383/1383 1343/1343/1343 1344/1344/1344
f 1384/1384/1384 1343/1343/1343 1383/1383/1383
f 1385/1385/1385 1379/1379/1379 1381/1381/1381
f 1364/1364/1364 1386/1386/1386 1333/1333/1333
f 1387/1387/1387 1386/1386/1386 1364/1364/1364
f 1380/1380/1380 1388/1388/1388 1381/1381/1381
f 1389/1389/1389 1388/1388/1388 1380/1380/1380
f 1346/1346/1346 1390/1390/1390 1347/1347/1347
f 1391/1391/1391 1390/1390/1390 1346/1346/1346
f 1381/1381/1381 1388/1388/1388 1385/1385/1385
f 1339/1339/1339 1392/1392/1392 1338/1338/1338
f 1393/1393/1393 1392/1392/1392 1339/1339/1339
f 1295/1295/1295 1395/1395/1395 1394/1394/1394
f 1296/1296/1296 1395/1395/1395 1295/1295/1295
f 1392/1392/1392 1397/1397/1397 1396/1396/1396
f 1393/1393/1393 1397/1397/1397 1392/1392/1392
f 1368/1368/1368 1398/1398/1398 1369/1369/1369
f 1399/1399/1399 1398/1398/1398 1368/1368/1368
f 1400/1400/1400 1356/1356/1356 1357/1357/1357
f 1401/1401/1401 1342/1342/1342 1341/1341/1341
f 1402/1402/1402 1342/1342/1342 1401/1401/1401
f 1403/1403/1403 1342/1342/1342 1402/1402/1402
f 1400/1400/1400 1361/1361/1361 1360/1360/1360
f 1404/1404/1404 1361/1361/1361 1400/1400/1400
f 1302/1302/1302 1406/1406/1406 1405/1405/1405
f 1301/1301/1301 1406/1406/1406 1302/1302/1302
f 1229/1229/1229 1324/1324/1324 1322/1322/1322
f 1228/1228/1228 1324/1324/1324 1229/1229/1229
f 1408/1408/1408 1401/1401/1401 1407/1407/1407
f 1402/1402/1402 1401/1401/1401 1408/1408/1408
f 1327/1327/1327 1393/1393/1393 1326/1326/1326
f 1409/1409/1409 1393/1393/1393 1327/1327/1327
f 1408/1408/1408 1403/1403/1403 1402/1402/1402
f 1410/1410/1410 1403/1403/1403 1408/1408/1408
f 1411/1411/1411 1386/1386/1386 1387/1387/1387
f 1412/1412/1412 1386/1386/1386 1411/1411/1411
f 1397/1397/1397 1393/1393/1393 1413/1413/1413
f 1382/1382/1382 1389/1389/1389 1380/1380/1380
f 1414/1414/1414 1389/1389/1389 1382/1382/1382
f 1416/1416/1416 1337/1337/1337 1415/1415/1415
f 1336/1336/1336 1337/1337/1337 1416/1416/1416
f 1417/1417/1417 1350/1350/1350 1349/1349/1349
f 1418/1418/1418 1350/1350/1350 1417/1417/1417
f 1419/1419/1419 1350/1350/1350 1418/1418/1418
f 1420/1420/1420 1375/1375/1375 1376/1376/1376
f 1421/1421/1421 1375/1375/1375 1420/1420/1420
f 1383/1383/1383 1422/1422/1422 1384/1384/1384
f 1423/1423/1423 1422/1422/1422 1383/1383/1383
f 1410/1410/1410 1416/1416/1416 1415/1415/1415
f 1424/1424/1424 1416/1416/1416 1410/1410/1410
f 1393/1393/1393 1425/1425/1425 1413/1413/1413
f 1409/1409/1409 1425/1425/1425 1393/1393/1393
f 1352/1352/1352 1426/1426/1426 1351/1351/1351
f 1416/1416/1416 1426/1426/1426 1352/1352/1352
f 1427/1427/1427 1316/1316/1316 1317/1317/1317
f 1428/1428/1428 1316/1316/1316 1427/1427/1427
f 1429/1429/1429 1398/1398/1398 1399/1399/1399
f 1430/1430/1430 1419/1419/1419 1418/1418/1418
f 1425/1425/1425 1419/1419/1419 1430/1430/1430
f 1431/1431/1431 1390/1390/1390 1391/1391/1391
f 1432/1432/1432 1390/1390/1390 1431/1431/1431
f 1400/1400/1400 1433/1433/1433 1404/1404/1404
f 1411/1411/1411 1434/1434/1434 1412/1412/1412
f 1417/1417/1417 1430/1430/1430 1418/1418/1418
f 1435/1435/1435 1430/1430/1430 1417/1417/1417
f 1436/1436/1436 1426/1426/1426 1416/1416/1416
f 1437/1437/1437 1426/1426/1426 1436/1436/1436
f 1436/1436/1436 1416/1416/1416 1424/1424/1424
f 1438/1438/1438 1389/1389/1389 1414/1414/1414
f 1440/1440/1440 1439/1439/1439 1433/1433/1433
f 1441/1441/1441 1439/1439/1439 1440/1440/1440
f 1441/1441/1441 1440/1440/1440 1442/1442/1442
f 1443/1443/1443 1371/1371/1371 1372/1372/1372
f 1444/1444/1444 1371/1371/1371 1443/1443/1443
f 1445/1445/1445 1371/1371/1371 1444/1444/1444
f 1446/1446/1446 1429/1429/1429 1399/1399/1399
f 1447/1447/1447 1429/1429/1429 1446/1446/1446
f 1450/1450/1450 1449/1449/1449 1448/1448/1448
f 1451/1451/1451 1449/1449/1449 1450/1450/1450
f 1438/1438/1438 1453/1453/1453 1452/1452/1452
f 1455/1455/1455 1454/1454/1454 1452/1452/1452
f 1456/1456/1456 1454/1454/1454 1455/1455/1455
f 1433/1433/1433 1457/1457/1457 1404/1404/1404
f 1439/1439/1439 1457/1457/1457 1433/1433/1433
f 1459/1459/1459 1434/1434/1434 1458/1458/1458
f 1412/1412/1412 1434/1434/1434 1459/1459/1459
f 1442/1442/1442 1460/1460/1460 1441/1441/1441
f 1460/1460/1460 1439/1439/1439 1441/1441/1441
f 1461/1461/1461 1439/1439/1439 1460/1460/1460
f 1462/1462/1462 1445/1445/1445 1444/1444/1444
f 1463/1463/1463 1445/1445/1445 1462/1462/1462
f 1443/1443/1443 1462/1462/1462 1444/1444/1444
f 1464/1464/1464 1462/1462/1462 1443/1443/1443
f 1465/1465/1465 1363/1363/1363 1362/1362/1362
f 1466/1466/1466 1363/1363/1363 1465/1465/1465
f 1453/1453/1453 1455/1455/1455 1452/1452/1452
f 1467/1467/1467 1455/1455/1455 1453/1453/1453
f 1468/1468/1468 1438/1438/1438 1414/1414/1414
f 1469/1469/1469 1438/1438/1438 1468/1468/1468
f 1470/1470/1470 1378/1378/1378 1377/1377/1377
f 1465/1465/1465 1378/1378/1378 1470/1470/1470
f 1471/1471/1471 1422/1422/1422 1423/1423/1423
f 1472/1472/1472 1422/1422/1422 1471/1471/1471
f 1446/1446/1446 1473/1473/1473 1447/1447/1447
f 1474/1474/1474 1473/1473/1473 1446/1446/1446
f 1475/1475/1475 1459/1459/1459 1458/1458/1458
f 1476/1476/1476 1459/1459/1459 1475/1475/1475
f 1431/1431/1431 1477/1477/1477 1432/1432/1432
f 1478/1478/1478 1477/1477/1477 1431/1431/1431
f 1461/1461/1461 1457/1457/1457 1439/1439/1439
f 1479/1479/1479 1457/1457/1457 1461/1461/1461
f 1465/1465/1465 1464/1464/1464 1466/1466/1466
f 1480/1480/1480 1464/1464/1464 1465/1465/1465
f 1470/1470/1470 1481/1481/1481 1465/1465/1465
f 1482/1482/1482 1481/1481/1481 1470/1470/1470
f 1455/1455/1455 1483/1483/1483 1456/1456/1456
f 1484/1484/1484 1483/1483/1483 1455/1455/1455
f 1474/1474/1474 1485/1485/1485 1473/1473/1473
f 1487/1487/1487 1484/1484/1484 1486/1486/1486
f 1483/1483/1483 1484/1484/1484 1487/1487/1487
f 1450/1450/1450 1488/1488/1488 1451/1451/1451
f 1489/1489/1489 1488/1488/1488 1450/1450/1450
f 1480/1480/1480 1465/1465/1465 1481/1481/1481
f 1467/1467/1467 1484/1484/1484 1455/1455/1455
f 1490/1490/1490 1484/1484/1484 1467/1467/1467
f 1471/1471/1471 1491/1491/1491 1472/1472/1472
f 1492/1492/1492 1491/1491/1491 1471/1471/1471
f 1485/1485/1485 1494/1494/1494 1493/1493/1493
f 1474/1474/1474 1494/1494/1494 1485/1485/1485
f 1484/1484/1484 1495/1495/1495 1486/1486/1486
f 1490/1490/1490 1495/1495/1495 1484/1484/1484
f 1496/1496/1496 1469/1469/1469 1468/1468/1468
f 1497/1497/1497 1469/1469/1469 1496/1496/1496
f 1499/1499/1499 1475/1475/1475 1498/1498/1498
f 1476/1476/1476 1475/1475/1475 1499/1499/1499
f 1494/1494/1494 1498/1498/1498 1493/1493/1493
f 1499/1499/1499 1498/1498/1498 1494/1494/1494
f 1486/1486/1486 1495/1495/1495 1500/1500/1500
f 1501/1501/1501 1477/1477/1477 1478/1478/1478
f 1502/1502/1502 1477/1477/1477 1501/1501/1501
f 1479/1479/1479 1461/1461/1461 1500/1500/1500
f 1373/1373/1373 1503/1503/1503 1374/1374/1374
f 1504/1504/1504 1503/1503/1503 1373/1373/1373
f 1506/1506/1506 1500/1500/1500 1505/1505/1505
f 1479/1479/1479 1500/1500/1500 1506/1506/1506
f 1489/1489/1489 1507/1507/1507 1488/1488/1488
f 1508/1508/1508 1507/1507/1507 1489/1489/1489
f 1497/1497/1497 1510/1510/1510 1509/1509/1509
f 1496/1496/1496 1510/1510/1510 1497/1497/1497
f 1513/1513/1513 1512/1512/1512 1511/1511/1511
f 1514/1514/1514 1512/1512/1512 1513/1513/1513
f 1491/1491/1491 1516/1516/1516 1515/1515/1515
f 1492/1492/1492 1516/1516/1516 1491/1491/1491
f 1518/1518/1518 1501/1501/1501 1517/1517/1517
f 1502/1502/1502 1501/1501/1501 1518/1518/1518
f 1516/1516/1516 1517/1517/1517 1515/1515/1515
f 1518/1518/1518 1517/1517/1517 1516/1516/1516
f 1508/1508/1508 1513/1513/1513 1507/1507/1507
f 1514/1514/1514 1513/1513/1513 1508/1508/1508
f 1520/1520/1520 1395/1395/1395 1519/1519/1519
f 1394/1394/1394 1395/1395/1395 1520/1520/1520
f 1405/1405/1405 1522/1522/1522 1521/1521/1521
f 1406/1406/1406 1522/1522/1522 1405/1405/1405
f 1523/1523/1523 1428/1428/1428 1427/1427/1427
f 1524/1524/1524 1428/1428/1428 1523/1523/1523
f 1504/1504/1504 1525/1525/1525 1503/1503/1503
f 1526/1526/1526 1525/1525/1525 1504/1504/1504
f 1521/1521/1521 1528/1528/1528 1527/1527/1527
f 1522/1522/1522 1528/1528/1528 1521/1521/1521
f 1530/1530/1530 1519/1519/1519 1529/1529/1529
f 1520/1520/1520 1519/1519/1519 1530/1530/1530
f 1531/1531/1531 1524/1524/1524 1523/1523/1523
f 1532/1532/1532 1524/1524/1524 1531/1531/1531
f 1366/1366/1366 1449/1449/1449 1367/1367/1367
f 1448/1448/1448 1449/1449/1449 1366/1366/1366
f 1526/1526/1526 1533/1533/1533 1525/1525/1525
f 1534/1534/1534 1533/1533/1533 1526/1526/1526
f 1536/1536/1536 1528/1528/1528 1535/1535/1535
f 1527/1527/1527 1528/1528/1528 1536/1536/1536
f 1538/1538/1538 1529/1529/1529 1537/1537/1537
f 1530/1530/1530 1529/1529/1529 1538/1538/1538
f 1531/1531/1531 1539/1539/1539 1532/1532/1532
f 1540/1540/1540 1539/1539/1539 1531/1531/1531
f 1534/1534/1534 1541/1541/1541 1533/1533/1533
f 1542/1542/1542 1541/1541/1541 1534/1534/1534
f 1544/1544/1544 1420/1420/1420 1543/1543/1543
f 1421/1421/1421 1420/1420/1420 1544/1544/1544
f 1546/1546/1546 1535/1535/1535 1545/1545/1545
f 1536/1536/1536 1535/1535/1535 1546/1546/1546
f 1548/1548/1548 1537/1537/1537 1547/1547/1547
f 1538/1538/1538 1537/1537/1537 1548/1548/1548
f 1540/1540/1540 1549/1549/1549 1539/1539/1539
f 1550/1550/1550 1549/1549/1549 1540/1540/1540
f 1551/1551/1551 1541/1541/1541 1542/1542/1542
f 1552/1552/1552 1541/1541/1541 1551/1551/1551
f 1512/1512/1512 1543/1543/1543 1511/1511/1511
f 1544/1544/1544 1543/1543/1543 1512/1512/1512
f 1554/1554/1554 1545/1545/1545 1553/1553/1553
f 1546/1546/1546 1545/1545/1545 1554/1554/1554
f 1548/1548/1548 1556/1556/1556 1555/1555/1555
f 1547/1547/1547 1556/1556/1556 1548/1548/1548
f 1557/1557/1557 1552/1552/1552 1551/1551/1551
f 1558/1558/1558 1552/1552/1552 1557/1557/1557
f 1509/1509/1509 1506/1506/1506 1505/1505/1505
f 1510/1510/1510 1506/1506/1506 1509/1509/1509
f 1560/1560/1560 1553/1553/1553 1559/1559/1559
f 1554/1554/1554 1553/1553/1553 1560/1560/1560
f 1550/1550/1550 1561/1561/1561 1549/1549/1549
f 1562/1562/1562 1561/1561/1561 1550/1550/1550
f 1560/1560/1560 1558/1558/1558 1557/1557/1557
f 1559/1559/1559 1558/1558/1558 1560/1560/1560
f 1555/1555/1555 1564/1564/1564 1563/1563/1563
f 1556/1556/1556 1564/1564/1564 1555/1555/1555
f 1562/1562/1562 1565/1565/1565 1561/1561/1561
f 1566/1566/1566 1565/1565/1565 1562/1562/1562
f 1563/1563/1563 1565/1565/1565 1566/1566/1566
f 1564/1564/1564 1565/1565/1565 1563/1563/1563
f 937/937/937 1567/1567/1567 626/626/626
f 556/556/556 939/939/939 938/938/938
f 1568/1568/1568 939/939/939 556/556/556
f 1569/1569/1569 556/556/556 529/529/529
f 1568/1568/1568 556/556/556 1569/1569/1569
f 286/286/286 323/323/323 287/287/287
f 318/318/318 323/323/323 286/286/286
f 1138/1138/1138 1570/1570/1570 41/41/41
f 1571/1571/1571 1570/1570/1570 1138/1138/1138
f 1571/1571/1571 1138/1138/1138 1137/1137/1137
f 254/254/254 1136/1136/1136 53/53/53
f 1135/1135/1135 1136/1136/1136 254/254/254
f 239/239/239 253/253/253 334/334/334
f 182/182/182 253/253/253 239/239/239
f 135/135/135 182/182/182 240/240/240
f 134/134/134 182/182/182 135/135/135
f 1572/1572/1572 132/132/132 133/133/133
f 79/79/79 132/132/132 1572/1572/1572
f 1572/1572/1572 80/80/80 79/79/79
f 1573/1573/1573 80/80/80 1572/1572/1572
f 431/431/431 430/430/430 1574/1574/1574
f 471/471/471 470/470/470 1575/1575/1575
f 1575/1575/1575 792/792/792 793/793/793
f 470/470/470 792/792/792 1575/1575/1575
f 791/791/791 792/792/792 620/620/620
f 791/791/791 526/526/526 434/434/434
f 1567/1567/1567 526/526/526 791/791/791
f 1578/1578/1578 1577/1577/1577 1576/1576/1576
f 1579/1579/1579 1577/1577/1577 1578/1578/1578
f 1582/1582/1582 1581/1581/1581 1580/1580/1580
f 1583/1583/1583 1581/1581/1581 1582/1582/1582
f 1584/1584/1584 1581/1581/1581 1583/1583/1583
f 1585/1585/1585 1581/1581/1581 1584/1584/1584
f 1584/1584/1584 1586/1586/1586 1585/1585/1585
f 1587/1587/1587 1586/1586/1586 1584/1584/1584
f 1590/1590/1590 1589/1589/1589 1588/1588/1588
f 1591/1591/1591 1589/1589/1589 1590/1590/1590
f 1594/1594/1594 1593/1593/1593 1592/1592/1592
f 1595/1595/1595 1593/1593/1593 1594/1594/1594
f 1595/1595/1595 1596/1596/1596 1593/1593/1593
f 1597/1597/1597 1596/1596/1596 1595/1595/1595
f 1597/1597/1597 1598/1598/1598 1596/1596/1596
f 1599/1599/1599 1598/1598/1598 1597/1597/1597
f 1600/1600/1600 1598/1598/1598 1599/1599/1599
f 1601/1601/1601 1598/1598/1598 1600/1600/1600
f 1604/1604/1604 1603/1603/1603 1602/1602/1602
f 1605/1605/1605 1603/1603/1603 1604/1604/1604
f 1606/1606/1606 1603/1603/1603 1605/1605/1605
f 1607/1607/1607 1603/1603/1603 1606/1606/1606
f 1606/1606/1606 1608/1608/1608 1607/1607/1607
f 1609/1609/1609 1608/1608/1608 1606/1606/1606
f 1610/1610/1610 1608/1608/1608 1609/1609/1609
f 1611/1611/1611 1608/1608/1608 1610/1610/1610
f 1614/1614/1614 1613/1613/1613 1612/1612/1612
f 1615/1615/1615 1613/1613/1613 1614/1614/1614
f 1618/1618/1618 1617/1617/1617 1616/1616/1616
f 1619/1619/1619 1617/1617/1617 1618/1618/1618
f 1620/1620/1620 1619/1619/1619 1618/1618/1618
f 1621/1621/1621 1619/1619/1619 1620/1620/1620
f 1622/1622/1622 1621/1621/1621 1620/1620/1620
f 1623/1623/1623 1621/1621/1621 1622/1622/1622
f 1622/1622/1622 1624/1624/1624 1623/1623/1623
f 1625/1625/1625 1624/1624/1624 1622/1622/1622
f 1628/1628/1628 1627/1627/1627 1626/1626/1626
f 1629/1629/1629 1627/1627/1627 1628/1628/1628
f 1628/1628/1628 1630/1630/1630 1629/1629/1629
f 1631/1631/1631 1630/1630/1630 1628/1628/1628
f 1631/1631/1631 1632/1632/1632 1630/1630/1630
f 1633/1633/1633 1632/1632/1632 1631/1631/1631
f 1634/1634/1634 1632/1632/1632 1633/1633/1633
f 1634/1634/1634 1635/1635/1635 1632/1632/1632
f 1635/1635/1635 1634/1634/1634 1636/1636/1636
f 1637/1637/1637 1636/1636/1636 1634/1634/1634
f 1638/1638/1638 1636/1636/1636 1637/1637/1637
f 1639/1639/1639 1636/1636/1636 1638/1638/1638
f 1638/1638/1638 1640/1640/1640 1639/1639/1639
f 1641/1641/1641 1640/1640/1640 1638/1638/1638
f 1640/1640/1640 1643/1643/1643 1642/1642/1642
f 1641/1641/1641 1643/1643/1643 1640/1640/1640
f 1646/1646/1646 1645/1645/1645 1644/1644/1644
f 1647/1647/1647 1645/1645/1645 1646/1646/1646
f 1650/1650/1650 1649/1649/1649 1648/1648/1648
f 1651/1651/1651 1649/1649/1649 1650/1650/1650
f 1654/1654/1654 1653/1653/1653 1652/1652/1652
f 1655/1655/1655 1653/1653/1653 1654/1654/1654
f 1656/1656/1656 1655/1655/1655 1654/1654/1654
f 1657/1657/1657 1655/1655/1655 1656/1656/1656
f 1658/1658/1658 1657/1657/1657 1656/1656/1656
f 1659/1659/1659 1657/1657/1657 1658/1658/1658
f 1660/1660/1660 1659/1659/1659 1658/1658/1658
f 1661/1661/1661 1659/1659/1659 1660/1660/1660
f 1664/1664/1664 1663/1663/1663 1662/1662/1662
f 1665/1665/1665 1663/1663/1663 1664/1664/1664
f 1666/1666/1666 1665/1665/1665 1664/1664/1664
f 1667/1667/1667 1665/1665/1665 1666/1666/1666
f 1668/1668/1668 1667/1667/1667 1666/1666/1666
f 1669/1669/1669 1667/1667/1667 1668/1668/1668
f 1670/1670/1670 1669/1669/1669 1668/1668/1668
f 1671/1671/1671 1669/1669/1669 1670/1670/1670
f 1674/1674/1674 1673/1673/1673 1672/1672/1672
f 1675/1675/1675 1673/1673/1673 1674/1674/1674
f 1675/1675/1675 1676/1676/1676 1673/1673/1673
f 1677/1677/1677 1676/1676/1676 1675/1675/1675
f 1677/1677/1677 1678/1678/1678 1676/1676/1676
f 1679/1679/1679 1678/1678/1678 1677/1677/1677
f 1679/1679/1679 1680/1680/1680 1678/1678/1678
f 1681/1681/1681 1680/1680/1680 1679/1679/1679
f 1684/1684/1684 1683/1683/1683 1682/1682/1682
f 1685/1685/1685 1683/1683/1683 1684/1684/1684
f 1686/1686/1686 1685/1685/1685 1684/1684/1684
f 1687/1687/1687 1685/1685/1685 1686/1686/1686
f 1688/1688/1688 1687/1687/1687 1686/1686/1686
f 1689/1689/1689 1687/1687/1687 1688/1688/1688
f 1690/1690/1690 1689/1689/1689 1688/1688/1688
f 1691/1691/1691 1689/1689/1689 1690/1690/1690
f 1694/1694/1694 1693/1693/1693 1692/1692/1692
f 1695/1695/1695 1693/1693/1693 1694/1694/1694
f 1696/1696/1696 1695/1695/1695 1694/1694/1694
f 1697/1697/1697 1695/1695/1695 1696/1696/1696
f 1698/1698/1698 1697/1697/1697 1696/1696/1696
f 1699/1699/1699 1697/1697/1697 1698/1698/1698
f 1700/1700/1700 1699/1699/1699 1698/1698/1698
f 1701/1701/1701 1699/1699/1699 1700/1700/1700
f 1702/1702/1702 1701/1701/1701 1700/1700/1700
f 1703/1703/1703 1701/1701/1701 1702/1702/1702
f 1704/1704/1704 1703/1703/1703 1702/1702/1702
f 1705/1705/1705 1703/1703/1703 1704/1704/1704
f 1706/1706/1706 1705/1705/1705 1704/1704/1704
f 1707/1707/1707 1705/1705/1705 1706/1706/1706
f 1708/1708/1708 1707/1707/1707 1706/1706/1706
f 1709/1709/1709 1707/1707/1707 1708/1708/1708
f 1710/1710/1710 1709/1709/1709 1708/1708/1708
f 1711/1711/1711 1709/1709/1709 1710/1710/1710
f 1712/1712/1712 1711/1711/1711 1710/1710/1710
f 1713/1713/1713 1711/1711/1711 1712/1712/1712
f 1716/1716/1716 1715/1715/1715 1714/1714/1714
f 1717/1717/1717 1715/1715/1715 1716/1716/1716
f 1718/1718/1718 1717/1717/1717 1716/1716/1716
f 1719/1719/1719 1717/1717/1717 1718/1718/1718
f 1720/1720/1720 1719/1719/1719 1718/1718/1718
f 1721/1721/1721 1719/1719/1719 1720/1720/1720
f 1722/1722/1722 1721/1721/1721 1720/1720/1720
f 1723/1723/1723 1721/1721/1721 1722/1722/1722
f 1724/1724/1724 1723/1723/1723 1722/1722/1722
f 1725/1725/1725 1723/1723/1723 1724/1724/1724
f 1682/1682/1682 1725/1725/1725 1724/1724/1724
f 1683/1683/1683 1725/1725/1725 1682/1682/1682
f 526/526/526 683/683/683 525/525/525
f 682/682/682 683/683/683 526/526/526
f 621/621/621 791/791/791 620/620/620
f 1567/1567/1567 791/791/791 621/621/621
f 626/626/626 1567/1567/1567 621/621/621
f 1569/1569/1569 529/529/529 1726/1726/1726
f 529/529/529 389/389/389 1726/1726/1726
f 527/527/527 389/389/389 529/529/529
f 527/527/527 388/388/388 389/389/389
f 1726/1726/1726 348/348/348 449/449/449
f 389/389/389 348/348/348 1726/1726/1726
f 319/319/319 320/320/320 1727/1727/1727
f 1570/1570/1570 320/320/320 40/40/40
f 1727/1727/1727 320/320/320 1570/1570/1570
f 41/41/41 1570/1570/1570 40/40/40
f 150/150/150 1727/1727/1727 1570/1570/1570
f 151/151/151 1727/1727/1727 150/150/150
f 1574/1574/1574 334/334/334 333/333/333
f 762/762/762 334/334/334 1574/1574/1574
f 1574/1574/1574 760/760/760 762/762/762
f 430/430/430 760/760/760 1574/1574/1574
f 217/217/217 54/54/54 80/80/80
f 1728/1728/1728 54/54/54 217/217/217
f 216/216/216 759/759/759 217/217/217
f 761/761/761 759/759/759 216/216/216
f 54/54/54 1728/1728/1728 1729/1729/1729
f 205/205/205 1730/1730/1730 152/152/152
f 1729/1729/1729 1730/1730/1730 205/205/205
f 1728/1728/1728 1730/1730/1730 1729/1729/1729
f 1733/1733/1733 1732/1732/1732 1731/1731/1731
f 1734/1734/1734 1732/1732/1732 1733/1733/1733
f 1737/1737/1737 1736/1736/1736 1735/1735/1735
f 1738/1738/1738 1736/1736/1736 1737/1737/1737
f 1741/1741/1741 1740/1740/1740 1739/1739/1739
f 1742/1742/1742 1740/1740/1740 1741/1741/1741
f 1745/1745/1745 1744/1744/1744 1743/1743/1743
f 1746/1746/1746 1744/1744/1744 1745/1745/1745
f 1749/1749/1749 1748/1748/1748 1747/1747/1747
f 1750/1750/1750 1748/1748/1748 1749/1749/1749
f 1753/1753/1753 1752/1752/1752 1751/1751/1751
f 1754/1754/1754 1752/1752/1752 1753/1753/1753
f 1757/1757/1757 1756/1756/1756 1755/1755/1755
f 1757/1757/1757 1755/1755/1755 1758/1758/1758
f 1757/1757/1757 1758/1758/1758 1759/1759/1759
f 1757/1757/1757 1759/1759/1759 1760/1760/1760
f 1757/1757/1757 1760/1760/1760 1761/1761/1761
f 1757/1757/1757 1761/1761/1761 1756/1756/1756
f 1764/1764/1764 1763/1763/1763 1762/1762/1762
f 1765/1765/1765 1763/1763/1763 1764/1764/1764
f 1768/1768/1768 1767/1767/1767 1766/1766/1766
f 1769/1769/1769 1767/1767/1767 1768/1768/1768
f 1772/1772/1772 1771/1771/1771 1770/1770/1770
f 1773/1773/1773 1771/1771/1771 1772/1772/1772
f 1776/1776/1776 1775/1775/1775 1774/1774/1774
f 1777/1777/1777 1775/1775/1775 1776/1776/1776
f 1780/1780/1780 1779/1779/1779 1778/1778/1778
f 1781/1781/1781 1779/1779/1779 1780/1780/1780
f 1784/1784/1784 1783/1783/1783 1782/1782/1782
f 1785/1785/1785 1783/1783/1783 1784/1784/1784
f 1788/1788/1788 1787/1787/1787 1786/1786/1786
f 1788/1788/1788 1786/1786/1786 1789/1789/1789
f 1788/1788/1788 1789/1789/1789 1790/1790/1790
f 1788/1788/1788 1790/1790/1790 1791/1791/1791
f 1788/1788/1788 1791/1791/1791 1792/1792/1792
f 1788/1788/1788 1792/1792/1792 1787/1787/1787
f 1795/1795/1795 1794/1794/1794 1793/1793/1793
f 1796/1796/1796 1794/1794/1794 1795/1795/1795
f 1799/1799/1799 1798/1798/1798 1797/1797/1797
f 1800/1800/1800 1798/1798/1798 1799/1799/1799
f 1803/1803/1803 1802/1802/1802 1801/1801/1801
f 1804/1804/1804 1802/1802/1802 1803/1803/1803
f 1807/1807/1807 1806/1806/1806 1805/1805/1805
f 1808/1808/1808 1806/1806/1806 1807/1807/1807
f 1811/1811/1811 1810/1810/1810 1809/1809/1809
f 1812/1812/1812 1810/1810/1810 1811/1811/1811
f 1815/1815/1815 1814/1814/1814 1813/1813/1813
f 1816/1816/1816 1814/1814/1814 1815/1815/1815
f 1819/1819/1819 1818/1818/1818 1817/1817/1817
f 1819/1819/1819 1817/1817/1817 1820/1820/1820
f 1819/1819/1819 1820/1820/1820 1821/1821/1821
f 1819/1819/1819 1821/1821/1821 1822/1822/1822
f 1819/1819/1819 1822/1822/1822 1823/1823/1823
f 1819/1819/1819 1823/1823/1823 1818/1818/1818
f 1826/1826/1826 1825/1825/1825 1824/1824/1824
f 1827/1827/1827 1825/1825/1825 1826/1826/1826
f 1830/1830/1830 1829/1829/1829 1828/1828/1828
f 1831/1831/1831 1829/1829/1829 1830/1830/1830
f 1834/1834/1834 1833/1833/1833 1832/1832/1832
f 1835/1835/1835 1833/1833/1833 1834/1834/1834
f 1838/1838/1838 1837/1837/1837 1836/1836/1836
f 1839/1839/1839 1837/1837/1837 1838/1838/1838
f 1842/1842/1842 1841/1841/1841 1840/1840/1840
f 1843/1843/1843 1841/1841/1841 1842/1842/1842
f 1846/1846/1846 1845/1845/1845 1844/1844/1844
f 1847/1847/1847 1845/1845/1845 1846/1846/1846
f 1850/1850/1850 1849/1849/1849 1848/1848/1848
f 1850/1850/1850 1848/1848/1848 1851/1851/1851
f 1850/1850/1850 1851/1851/1851 1852/1852/1852
f 1850/1850/1850 1852/1852/1852 1853/1853/1853
f 1850/1850/1850 1853/1853/1853 1854/1854/1854
f 1850/1850/1850 1854/1854/1854 1849/1849/1849
usemtl Tires.001
f 1857/1857/1857 1856/1856/1856 1855/1855/1855
f 1858/1858/1858 1856/1856/1856 1857/1857/1857
f 1860/1860/1860 1855/1855/1855 1859/1859/1859
f 1857/1857/1857 1855/1855/1855 1860/1860/1860
f 1862/1862/1862 1859/1859/1859 1861/1861/1861
f 1860/1860/1860 1859/1859/1859 1862/1862/1862
f 1864/1864/1864 1861/1861/1861 1863/1863/1863
f 1862/1862/1862 1861/1861/1861 1864/1864/1864
f 1866/1866/1866 1863/1863/1863 1865/1865/1865
f 1864/1864/1864 1863/1863/1863 1866/1866/1866
f 1868/1868/1868 1865/1865/1865 1867/1867/1867
f 1866/1866/1866 1865/1865/1865 1868/1868/1868
f 1870/1870/1870 1867/1867/1867 1869/1869/1869
f 1868/1868/1868 1867/1867/1867 1870/1870/1870
f 1872/1872/1872 1869/1869/1869 1871/1871/1871
f 1870/1870/1870 1869/1869/1869 1872/1872/1872
f 1874/1874/1874 1871/1871/1871 1873/1873/1873
f 1872/1872/1872 1871/1871/1871 1874/1874/1874
f 1876/1876/1876 1873/1873/1873 1875/1875/1875
f 1874/1874/1874 1873/1873/1873 1876/1876/1876
f 1878/1878/1878 1875/1875/1875 1877/1877/1877
f 1876/1876/1876 1875/1875/1875 1878/1878/1878
f 1880/1880/1880 1877/1877/1877 1879/1879/1879
f 1878/1878/1878 1877/1877/1877 1880/1880/1880
f 1883/1883/1883 1882/1882/1882 1881/1881/1881
f 1884/1884/1884 1882/1882/1882 1883/1883/1883
f 1886/1886/1886 1881/1881/1881 1885/1885/1885
f 1883/1883/1883 1881/1881/1881 1886/1886/1886
f 1888/1888/1888 1885/1885/1885 1887/1887/1887
f 1886/1886/1886 1885/1885/1885 1888/1888/1888
f 1890/1890/1890 1887/1887/1887 1889/1889/1889
f 1888/1888/1888 1887/1887/1887 1890/1890/1890
f 1892/1892/1892 1889/1889/1889 1891/1891/1891
f 1890/1890/1890 1889/1889/1889 1892/1892/1892
f 1894/1894/1894 1891/1891/1891 1893/1893/1893
f 1892/1892/1892 1891/1891/1891 1894/1894/1894
f 1896/1896/1896 1893/1893/1893 1895/1895/1895
f 1894/1894/1894 1893/1893/1893 1896/1896/1896
f 1898/1898/1898 1895/1895/1895 1897/1897/1897
f 1896/1896/1896 1895/1895/1895 1898/1898/1898
f 1900/1900/1900 1897/1897/1897 1899/1899/1899
f 1898/1898/1898 1897/1897/1897 1900/1900/1900
f 1902/1902/1902 1899/1899/1899 1901/1901/1901
f 1900/1900/1900 1899/1899/1899 1902/1902/1902
f 1904/1904/1904 1901/1901/1901 1903/1903/1903
f 1902/1902/1902 1901/1901/1901 1904/1904/1904
f 1906/1906/1906 1903/1903/1903 1905/1905/1905
f 1904/1904/1904 1903/1903/1903 1906/1906/1906
f 1908/1908/1908 1905/1905/1905 1907/1907/1907
f 1906/1906/1906 1905/1905/1905 1908/1908/1908
f 1910/1910/1910 1907/1907/1907 1909/1909/1909
f 1908/1908/1908 1907/1907/1907 1910/1910/1910
f 1912/1912/1912 1909/1909/1909 1911/1911/1911
f 1910/1910/1910 1909/1909/1909 1912/1912/1912
f 1914/1914/1914 1911/1911/1911 1913/1913/1913
f 1912/1912/1912 1911/1911/1911 1914/1914/1914
f 1916/1916/1916 1913/1913/1913 1915/1915/1915
f 1914/1914/1914 1913/1913/1913 1916/1916/1916
f 1918/1918/1918 1915/1915/1915 1917/1917/1917
f 1916/1916/1916 1915/1915/1915 1918/1918/1918
f 1920/1920/1920 1917/1917/1917 1919/1919/1919
f 1918/1918/1918 1917/1917/1917 1920/1920/1920
f 1922/1922/1922 1919/1919/1919 1921/1921/1921
f 1920/1920/1920 1919/1919/1919 1922/1922/1922
f 1924/1924/1924 1921/1921/1921 1923/1923/1923
f 1922/1922/1922 1921/1921/1921 1924/1924/1924
f 1926/1926/1926 1923/1923/1923 1925/1925/1925
f 1924/1924/1924 1923/1923/1923 1926/1926/1926
f 1928/1928/1928 1925/1925/1925 1927/1927/1927
f 1926/1926/1926 1925/1925/1925 1928/1928/1928
f 1930/1930/1930 1927/1927/1927 1929/1929/1929
f 1928/1928/1928 1927/1927/1927 1930/1930/1930
f 1932/1932/1932 1929/1929/1929 1931/1931/1931
f 1930/1930/1930 1929/1929/1929 1932/1932/1932
f 1935/1935/1935 1934/1934/1934 1933/1933/1933
f 1936/1936/1936 1934/1934/1934 1935/1935/1935
f 1938/1938/1938 1933/1933/1933 1937/1937/1937
f 1935/1935/1935 1933/1933/1933 1938/1938/1938
f 1940/1940/1940 1937/1937/1937 1939/1939/1939
f 1938/1938/1938 1937/1937/1937 1940/1940/1940
f 1942/1942/1942 1939/1939/1939 1941/1941/1941
f 1940/1940/1940 1939/1939/1939 1942/1942/1942
f 1944/1944/1944 1941/1941/1941 1943/1943/1943
f 1942/1942/1942 1941/1941/1941 1944/1944/1944
f 1946/1946/1946 1943/1943/1943 1945/1945/1945
f 1944/1944/1944 1943/1943/1943 1946/1946/1946
f 1948/1948/1948 1945/1945/1945 1947/1947/1947
f 1946/1946/1946 1945/1945/1945 1948/1948/1948
f 1950/1950/1950 1947/1947/1947 1949/1949/1949
f 1948/1948/1948 1947/1947/1947 1950/1950/1950
f 1952/1952/1952 1949/1949/1949 1951/1951/1951
f 1950/1950/1950 1949/1949/1949 1952/1952/1952
f 1954/1954/1954 1951/1951/1951 1953/1953/1953
f 1952/1952/1952 1951/1951/1951 1954/1954/1954
f 1956/1956/1956 1953/1953/1953 1955/1955/1955
f 1954/1954/1954 1953/1953/1953 1956/1956/1956
f 1958/1958/1958 1955/1955/1955 1957/1957/1957
f 1956/1956/1956 1955/1955/1955 1958/1958/1958
f 1858/1858/1858 1957/1957/1957 1856/1856/1856
f 1958/1958/1958 1957/1957/1957 1858/1858/1858
f 1959/1959/1959 1858/1858/1858 1857/1857/1857
f 1960/1960/1960 1858/1858/1858 1959/1959/1959
f 1961/1961/1961 1857/1857/1857 1860/1860/1860
f 1959/1959/1959 1857/1857/1857 1961/1961/1961
f 1962/1962/1962 1860/1860/1860 1862/1862/1862
f 1961/1961/1961 1860/1860/1860 1962/1962/1962
f 1963/1963/1963 1862/1862/1862 1864/1864/1864
f 1962/1962/1962 1862/1862/1862 1963/1963/1963
f 1964/1964/1964 1864/1864/1864 1866/1866/1866
f 1963/1963/1963 1864/1864/1864 1964/1964/1964
f 1965/1965/1965 1866/1866/1866 1868/1868/1868
f 1964/1964/1964 1866/1866/1866 1965/1965/1965
f 1966/1966/1966 1868/1868/1868 1870/1870/1870
f 1965/1965/1965 1868/1868/1868 1966/1966/1966
f 1967/1967/1967 1870/1870/1870 1872/1872/1872
f 1966/1966/1966 1870/1870/1870 1967/1967/1967
f 1968/1968/1968 1872/1872/1872 1874/1874/1874
f 1967/1967/1967 1872/1872/1872 1968/1968/1968
f 1969/1969/1969 1874/1874/1874 1876/1876/1876
f 1968/1968/1968 1874/1874/1874 1969/1969/1969
f 1970/1970/1970 1876/1876/1876 1878/1878/1878
f 1969/1969/1969 1876/1876/1876 1970/1970/1970
f 1971/1971/1971 1883/1883/1883 1886/1886/1886
f 1972/1972/1972 1883/1883/1883 1971/1971/1971
f 1973/1973/1973 1886/1886/1886 1888/1888/1888
f 1971/1971/1971 1886/1886/1886 1973/1973/1973
f 1974/1974/1974 1888/1888/1888 1890/1890/1890
f 1973/1973/1973 1888/1888/1888 1974/1974/1974
f 1975/1975/1975 1890/1890/1890 1892/1892/1892
f 1974/1974/1974 1890/1890/1890 1975/1975/1975
f 1976/1976/1976 1892/1892/1892 1894/1894/1894
f 1975/1975/1975 1892/1892/1892 1976/1976/1976
f 1977/1977/1977 1894/1894/1894 1896/1896/1896
f 1976/1976/1976 1894/1894/1894 1977/1977/1977
f 1978/1978/1978 1896/1896/1896 1898/1898/1898
f 1977/1977/1977 1896/1896/1896 1978/1978/1978
f 1979/1979/1979 1898/1898/1898 1900/1900/1900
f 1978/1978/1978 1898/1898/1898 1979/1979/1979
f 1980/1980/1980 1900/1900/1900 1902/1902/1902
f 1979/1979/1979 1900/1900/1900 1980/1980/1980
f 1981/1981/1981 1902/1902/1902 1904/1904/1904
f 1980/1980/1980 1902/1902/1902 1981/1981/1981
f 1982/1982/1982 1904/1904/1904 1906/1906/1906
f 1981/1981/1981 1904/1904/1904 1982/1982/1982
f 1983/1983/1983 1906/1906/1906 1908/1908/1908
f 1982/1982/1982 1906/1906/1906 1983/1983/1983
f 1984/1984/1984 1908/1908/1908 1910/1910/1910
f 1983/1983/1983 1908/1908/1908 1984/1984/1984
f 1985/1985/1985 1910/1910/1910 1912/1912/1912
f 1984/1984/1984 1910/1910/1910 1985/1985/1985
f 1986/1986/1986 1912/1912/1912 1914/1914/1914
f 1985/1985/1985 1912/1912/1912 1986/1986/1986
f 1987/1987/1987 1914/1914/1914 1916/1916/1916
f 1986/1986/1986 1914/1914/1914 1987/1987/1987
f 1988/1988/1988 1916/1916/1916 1918/1918/1918
f 1987/1987/1987 1916/1916/1916 1988/1988/1988
f 1989/1989/1989 1918/1918/1918 1920/1920/1920
f 1988/1988/1988 1918/1918/1918 1989/1989/1989
f 1990/1990/1990 1920/1920/1920 1922/1922/1922
f 1989/1989/1989 1920/1920/1920 1990/1990/1990
f 1991/1991/1991 1922/1922/1922 1924/1924/1924
f 1990/1990/1990 1922/1922/1922 1991/1991/1991
f 1992/1992/1992 1924/1924/1924 1926/1926/1926
f 1991/1991/1991 1924/1924/1924 1992/1992/1992
f 1993/1993/1993 1926/1926/1926 1928/1928/1928
f 1992/1992/1992 1926/1926/1926 1993/1993/1993
f 1994/1994/1994 1928/1928/1928 1930/1930/1930
f 1993/1993/1993 1928/1928/1928 1994/1994/1994
f 1995/1995/1995 1930/1930/1930 1932/1932/1932
f 1994/1994/1994 1930/1930/1930 1995/1995/1995
f 1996/1996/1996 1936/1936/1936 1935/1935/1935
f 1997/1997/1997 1936/1936/1936 1996/1996/1996
f 1998/1998/1998 1935/1935/1935 1938/1938/1938
f 1996/1996/1996 1935/1935/1935 1998/1998/1998
f 1999/1999/1999 1938/1938/1938 1940/1940/1940
f 1998/1998/1998 1938/1938/1938 1999/1999/1999
f 2000/2000/2000 1940/1940/1940 1942/1942/1942
f 1999/1999/1999 1940/1940/1940 2000/2000/2000
f 2001/2001/2001 1942/1942/1942 1944/1944/1944
f 2000/2000/2000 1942/1942/1942 2001/2001/2001
f 2002/2002/2002 1944/1944/1944 1946/1946/1946
f 2001/2001/2001 1944/1944/1944 2002/2002/2002
f 2003/2003/2003 1946/1946/1946 1948/1948/1948
f 2002/2002/2002 1946/1946/1946 2003/2003/2003
f 2004/2004/2004 1948/1948/1948 1950/1950/1950
f 2003/2003/2003 1948/1948/1948 2004/2004/2004
f 2005/2005/2005 1950/1950/1950 1952/1952/1952
f 2004/2004/2004 1950/1950/1950 2005/2005/2005
f 2006/2006/2006 1952/1952/1952 1954/1954/1954
f 2005/2005/2005 1952/1952/1952 2006/2006/2006
f 2007/2007/2007 1954/1954/1954 1956/1956/1956
f 2006/2006/2006 1954/1954/1954 2007/2007/2007
f 2008/2008/2008 1956/1956/1956 1958/1958/1958
f 2007/2007/2007 1956/1956/1956 2008/2008/2008
f 1960/1960/1960 1958/1958/1958 1858/1858/1858
f 2008/2008/2008 1958/1958/1958 1960/1960/1960
f 2009/2009/2009 1960/1960/1960 1959/1959/1959
f 2010/2010/2010 1960/1960/1960 2009/2009/2009
f 2011/2011/2011 1959/1959/1959 1961/1961/1961
f 2009/2009/2009 1959/1959/1959 2011/2011/2011
f 2012/2012/2012 1961/1961/1961 1962/1962/1962
f 2011/2011/2011 1961/1961/1961 2012/2012/2012
f 2013/2013/2013 1962/1962/1962 1963/1963/1963
f 2012/2012/2012 1962/1962/1962 2013/2013/2013
f 2014/2014/2014 1963/1963/1963 1964/1964/1964
f 2013/2013/2013 1963/1963/1963 2014/2014/2014
f 2015/2015/2015 1964/1964/1964 1965/1965/1965
f 2014/2014/2014 1964/1964/1964 2015/2015/2015
f 2016/2016/2016 1965/1965/1965 1966/1966/1966
f 2015/2015/2015 1965/1965/1965 2016/2016/2016
f 1966/1966/1966 2017/2017/2017 2016/2016/2016
f 1967/1967/1967 2017/2017/2017 1966/1966/1966
f 2017/2017/2017 1968/1968/1968 2018/2018/2018
f 1967/1967/1967 1968/1968/1968 2017/2017/2017
f 2019/2019/2019 1968/1968/1968 1969/1969/1969
f 2018/2018/2018 1968/1968/1968 2019/2019/2019
f 2020/2020/2020 1969/1969/1969 1970/1970/1970
f 2019/2019/2019 1969/1969/1969 2020/2020/2020
f 1970/1970/1970 2021/2021/2021 2020/2020/2020
f 2022/2022/2022 2021/2021/2021 1970/1970/1970
f 2024/2024/2024 1972/1972/1972 2023/2023/2023
f 2025/2025/2025 1972/1972/1972 2024/2024/2024
f 2026/2026/2026 1972/1972/1972 1971/1971/1971
f 2023/2023/2023 1972/1972/1972 2026/2026/2026
f 2027/2027/2027 1971/1971/1971 1973/1973/1973
f 2026/2026/2026 1971/1971/1971 2027/2027/2027
f 2028/2028/2028 1973/1973/1973 1974/1974/1974
f 2027/2027/2027 1973/1973/1973 2028/2028/2028
f 2029/2029/2029 1974/1974/1974 1975/1975/1975
f 2028/2028/2028 1974/1974/1974 2029/2029/2029
f 2030/2030/2030 1975/1975/1975 1976/1976/1976
f 2029/2029/2029 1975/1975/1975 2030/2030/2030
f 2031/2031/2031 1976/1976/1976 1977/1977/1977
f 2030/2030/2030 1976/1976/1976 2031/2031/2031
f 2032/2032/2032 1977/1977/1977 1978/1978/1978
f 2031/2031/2031 1977/1977/1977 2032/2032/2032
f 2033/2033/2033 1978/1978/1978 1979/1979/1979
f 2032/2032/2032 1978/1978/1978 2033/2033/2033
f 2034/2034/2034 1979/1979/1979 1980/1980/1980
f 2033/2033/2033 1979/1979/1979 2034/2034/2034
f 2035/2035/2035 1980/1980/1980 1981/1981/1981
f 2034/2034/2034 1980/1980/1980 2035/2035/2035
f 2036/2036/2036 1981/1981/1981 1982/1982/1982
f 2035/2035/2035 1981/1981/1981 2036/2036/2036
f 2037/2037/2037 1982/1982/1982 1983/1983/1983
f 2036/2036/2036 1982/1982/1982 2037/2037/2037
f 2038/2038/2038 1983/1983/1983 1984/1984/1984
f 2037/2037/2037 1983/1983/1983 2038/2038/2038
f 2039/2039/2039 1984/1984/1984 1985/1985/1985
f 2038/2038/2038 1984/1984/1984 2039/2039/2039
f 2040/2040/2040 1985/1985/1985 1986/1986/1986
f 2039/2039/2039 1985/1985/1985 2040/2040/2040
f 2041/2041/2041 1986/1986/1986 1987/1987/1987
f 2040/2040/2040 1986/1986/1986 2041/2041/2041
f 2042/2042/2042 1987/1987/1987 1988/1988/1988
f 2041/2041/2041 1987/1987/1987 2042/2042/2042
f 2043/2043/2043 1988/1988/1988 1989/1989/1989
f 2042/2042/2042 1988/1988/1988 2043/2043/2043
f 2044/2044/2044 1989/1989/1989 1990/1990/1990
f 2043/2043/2043 1989/1989/1989 2044/2044/2044
f 2045/2045/2045 1990/1990/1990 1991/1991/1991
f 2044/2044/2044 1990/1990/1990 2045/2045/2045
f 2046/2046/2046 1991/1991/1991 1992/1992/1992
f 2045/2045/2045 1991/1991/1991 2046/2046/2046
f 2047/2047/2047 1992/1992/1992 1993/1993/1993
f 2046/2046/2046 1992/1992/1992 2047/2047/2047
f 2048/2048/2048 1993/1993/1993 1994/1994/1994
f 2047/2047/2047 1993/1993/1993 2048/2048/2048
f 2049/2049/2049 1994/1994/1994 1995/1995/1995
f 2048/2048/2048 1994/1994/1994 2049/2049/2049
f 2050/2050/2050 1997/1997/1997 1996/1996/1996
f 2051/2051/2051 1997/1997/1997 2050/2050/2050
f 2052/2052/2052 1996/1996/1996 1998/1998/1998
f 2050/2050/2050 1996/1996/1996 2052/2052/2052
f 2053/2053/2053 1998/1998/1998 1999/1999/1999
f 2052/2052/2052 1998/1998/1998 2053/2053/2053
f 2054/2054/2054 1999/1999/1999 2000/2000/2000
f 2053/2053/2053 1999/1999/1999 2054/2054/2054
f 2055/2055/2055 2000/2000/2000 2001/2001/2001
f 2054/2054/2054 2000/2000/2000 2055/2055/2055
f 2056/2056/2056 2001/2001/2001 2002/2002/2002
f 2055/2055/2055 2001/2001/2001 2056/2056/2056
f 2057/2057/2057 2002/2002/2002 2003/2003/2003
f 2056/2056/2056 2002/2002/2002 2057/2057/2057
f 2058/2058/2058 2003/2003/2003 2004/2004/2004
f 2057/2057/2057 2003/2003/2003 2058/2058/2058
f 2059/2059/2059 2004/2004/2004 2005/2005/2005
f 2058/2058/2058 2004/2004/2004 2059/2059/2059
f 2060/2060/2060 2005/2005/2005 2006/2006/2006
f 2059/2059/2059 2005/2005/2005 2060/2060/2060
f 2061/2061/2061 2006/2006/2006 2007/2007/2007
f 2060/2060/2060 2006/2006/2006 2061/2061/2061
f 2062/2062/2062 2007/2007/2007 2008/2008/2008
f 2061/2061/2061 2007/2007/2007 2062/2062/2062
f 2010/2010/2010 2008/2008/2008 1960/1960/1960
f 2062/2062/2062 2008/2008/2008 2010/2010/2010
f 2010/2010/2010 2064/2064/2064 2063/2063/2063
f 2009/2009/2009 2064/2064/2064 2010/2010/2010
f 2009/2009/2009 2065/2065/2065 2064/2064/2064
f 2011/2011/2011 2065/2065/2065 2009/2009/2009
f 2011/2011/2011 2066/2066/2066 2065/2065/2065
f 2012/2012/2012 2066/2066/2066 2011/2011/2011
f 2012/2012/2012 2067/2067/2067 2066/2066/2066
f 2013/2013/2013 2067/2067/2067 2012/2012/2012
f 2013/2013/2013 2068/2068/2068 2067/2067/2067
f 2014/2014/2014 2068/2068/2068 2013/2013/2013
f 2014/2014/2014 2069/2069/2069 2068/2068/2068
f 2015/2015/2015 2069/2069/2069 2014/2014/2014
f 2015/2015/2015 2070/2070/2070 2069/2069/2069
f 2016/2016/2016 2070/2070/2070 2015/2015/2015
f 2016/2016/2016 2071/2071/2071 2070/2070/2070
f 2017/2017/2017 2071/2071/2071 2016/2016/2016
f 2017/2017/2017 2072/2072/2072 2071/2071/2071
f 2018/2018/2018 2072/2072/2072 2017/2017/2017
f 2018/2018/2018 2073/2073/2073 2072/2072/2072
f 2019/2019/2019 2073/2073/2073 2018/2018/2018
f 2019/2019/2019 2074/2074/2074 2073/2073/2073
f 2020/2020/2020 2074/2074/2074 2019/2019/2019
f 2020/2020/2020 2075/2075/2075 2074/2074/2074
f 2021/2021/2021 2075/2075/2075 2020/2020/2020
f 2024/2024/2024 2077/2077/2077 2076/2076/2076
f 2023/2023/2023 2077/2077/2077 2024/2024/2024
f 2023/2023/2023 2078/2078/2078 2077/2077/2077
f 2026/2026/2026 2078/2078/2078 2023/2023/2023
f 2026/2026/2026 2079/2079/2079 2078/2078/2078
f 2027/2027/2027 2079/2079/2079 2026/2026/2026
f 2027/2027/2027 2080/2080/2080 2079/2079/2079
f 2028/2028/2028 2080/2080/2080 2027/2027/2027
f 2028/2028/2028 2081/2081/2081 2080/2080/2080
f 2029/2029/2029 2081/2081/2081 2028/2028/2028
f 2029/2029/2029 2082/2082/2082 2081/2081/2081
f 2030/2030/2030 2082/2082/2082 2029/2029/2029
f 2030/2030/2030 2083/2083/2083 2082/2082/2082
f 2031/2031/2031 2083/2083/2083 2030/2030/2030
f 2031/2031/2031 2084/2084/2084 2083/2083/2083
f 2032/2032/2032 2084/2084/2084 2031/2031/2031
f 2032/2032/2032 2085/2085/2085 2084/2084/2084
f 2033/2033/2033 2085/2085/2085 2032/2032/2032
f 2033/2033/2033 2086/2086/2086 2085/2085/2085
f 2034/2034/2034 2086/2086/2086 2033/2033/2033
f 2034/2034/2034 2087/2087/2087 2086/2086/2086
f 2035/2035/2035 2087/2087/2087 2034/2034/2034
f 2035/2035/2035 2088/2088/2088 2087/2087/2087
f 2036/2036/2036 2088/2088/2088 2035/2035/2035
f 2036/2036/2036 2089/2089/2089 2088/2088/2088
f 2037/2037/2037 2089/2089/2089 2036/2036/2036
f 2037/2037/2037 2090/2090/2090 2089/2089/2089
f 2038/2038/2038 2090/2090/2090 2037/2037/2037
f 2038/2038/2038 2091/2091/2091 2090/2090/2090
f 2039/2039/2039 2091/2091/2091 2038/2038/2038
f 2039/2039/2039 2092/2092/2092 2091/2091/2091
f 2040/2040/2040 2092/2092/2092 2039/2039/2039
f 2040/2040/2040 2093/2093/2093 2092/2092/2092
f 2041/2041/2041 2093/2093/2093 2040/2040/2040
f 2041/2041/2041 2094/2094/2094 2093/2093/2093
f 2042/2042/2042 2094/2094/2094 2041/2041/2041
f 2042/2042/2042 2095/2095/2095 2094/2094/2094
f 2043/2043/2043 2095/2095/2095 2042/2042/2042
f 2043/2043/2043 2096/2096/2096 2095/2095/2095
f 2044/2044/2044 2096/2096/2096 2043/2043/2043
f 2044/2044/2044 2097/2097/2097 2096/2096/2096
f 2045/2045/2045 2097/2097/2097 2044/2044/2044
f 2045/2045/2045 2098/2098/2098 2097/2097/2097
f 2046/2046/2046 2098/2098/2098 2045/2045/2045
f 2046/2046/2046 2099/2099/2099 2098/2098/2098
f 2047/2047/2047 2099/2099/2099 2046/2046/2046
f 2047/2047/2047 2100/2100/2100 2099/2099/2099
f 2048/2048/2048 2100/2100/2100 2047/2047/2047
f 2048/2048/2048 2101/2101/2101 2100/2100/2100
f 2049/2049/2049 2101/2101/2101 2048/2048/2048
f 2051/2051/2051 2103/2103/2103 2102/2102/2102
f 2050/2050/2050 2103/2103/2103 2051/2051/2051
f 2050/2050/2050 2104/2104/2104 2103/2103/2103
f 2052/2052/2052 2104/2104/2104 2050/2050/2050
f 2052/2052/2052 2105/2105/2105 2104/2104/2104
f 2053/2053/2053 2105/2105/2105 2052/2052/2052
f 2053/2053/2053 2106/2106/2106 2105/2105/2105
f 2054/2054/2054 2106/2106/2106 2053/2053/2053
f 2054/2054/2054 2107/2107/2107 2106/2106/2106
f 2055/2055/2055 2107/2107/2107 2054/2054/2054
f 2055/2055/2055 2108/2108/2108 2107/2107/2107
f 2056/2056/2056 2108/2108/2108 2055/2055/2055
f 2056/2056/2056 2109/2109/2109 2108/2108/2108
f 2057/2057/2057 2109/2109/2109 2056/2056/2056
f 2057/2057/2057 2110/2110/2110 2109/2109/2109
f 2058/2058/2058 2110/2110/2110 2057/2057/2057
f 2058/2058/2058 2111/2111/2111 2110/2110/2110
f 2059/2059/2059 2111/2111/2111 2058/2058/2058
f 2059/2059/2059 2112/2112/2112 2111/2111/2111
f 2060/2060/2060 2112/2112/2112 2059/2059/2059
f 2060/2060/2060 2113/2113/2113 2112/2112/2112
f 2061/2061/2061 2113/2113/2113 2060/2060/2060
f 2061/2061/2061 2114/2114/2114 2113/2113/2113
f 2062/2062/2062 2114/2114/2114 2061/2061/2061
f 2062/2062/2062 2063/2063/2063 2114/2114/2114
f 2010/2010/2010 2063/2063/2063 2062/2062/2062
f 2116/2116/2116 1856/1856/1856 2115/2115/2115
f 1855/1855/1855 1856/1856/1856 2116/2116/2116
f 2117/2117/2117 1855/1855/1855 2116/2116/2116
f 1859/1859/1859 1855/1855/1855 2117/2117/2117
f 2118/2118/2118 1859/1859/1859 2117/2117/2117
f 1861/1861/1861 1859/1859/1859 2118/2118/2118
f 2119/2119/2119 1861/1861/1861 2118/2118/2118
f 1863/1863/1863 1861/1861/1861 2119/2119/2119
f 2120/2120/2120 1863/1863/1863 2119/2119/2119
f 1865/1865/1865 1863/1863/1863 2120/2120/2120
f 2121/2121/2121 1865/1865/1865 2120/2120/2120
f 1867/1867/1867 1865/1865/1865 2121/2121/2121
f 2122/2122/2122 1867/1867/1867 2121/2121/2121
f 1869/1869/1869 1867/1867/1867 2122/2122/2122
f 2123/2123/2123 1869/1869/1869 2122/2122/2122
f 1871/1871/1871 1869/1869/1869 2123/2123/2123
f 2124/2124/2124 1871/1871/1871 2123/2123/2123
f 1873/1873/1873 1871/1871/1871 2124/2124/2124
f 2125/2125/2125 1873/1873/1873 2124/2124/2124
f 1875/1875/1875 1873/1873/1873 2125/2125/2125
f 2126/2126/2126 1875/1875/1875 2125/2125/2125
f 1877/1877/1877 1875/1875/1875 2126/2126/2126
f 2127/2127/2127 1877/1877/1877 2126/2126/2126
f 1879/1879/1879 1877/1877/1877 2127/2127/2127
f 2129/2129/2129 1882/1882/1882 2128/2128/2128
f 1881/1881/1881 1882/1882/1882 2129/2129/2129
f 2130/2130/2130 1881/1881/1881 2129/2129/2129
f 1885/1885/1885 1881/1881/1881 2130/2130/2130
f 2131/2131/2131 1885/1885/1885 2130/2130/2130
f 1887/1887/1887 1885/1885/1885 2131/2131/2131
f 2132/2132/2132 1887/1887/1887 2131/2131/2131
f 1889/1889/1889 1887/1887/1887 2132/2132/2132
f 2133/2133/2133 1889/1889/1889 2132/2132/2132
f 1891/1891/1891 1889/1889/1889 2133/2133/2133
f 2134/2134/2134 1891/1891/1891 2133/2133/2133
f 1893/1893/1893 1891/1891/1891 2134/2134/2134
f 2135/2135/2135 1893/1893/1893 2134/2134/2134
f 1895/1895/1895 1893/1893/1893 2135/2135/2135
f 2136/2136/2136 1895/1895/1895 2135/2135/2135
f 1897/1897/1897 1895/1895/1895 2136/2136/2136
f 2137/2137/2137 1897/1897/1897 2136/2136/2136
f 1899/1899/1899 1897/1897/1897 2137/2137/2137
f 2138/2138/2138 1899/1899/1899 2137/2137/2137
f 1901/1901/1901 1899/1899/1899 2138/2138/2138
f 2139/2139/2139 1901/1901/1901 2138/2138/2138
f 1903/1903/1903 1901/1901/1901 2139/2139/2139
f 2140/2140/2140 1903/1903/1903 2139/2139/2139
f 1905/1905/1905 1903/1903/1903 2140/2140/2140
f 2141/2141/2141 1905/1905/1905 2140/2140/2140
f 1907/1907/1907 1905/1905/1905 2141/2141/2141
f 2142/2142/2142 1907/1907/1907 2141/2141/2141
f 1909/1909/1909 1907/1907/1907 2142/2142/2142
f 2143/2143/2143 1909/1909/1909 2142/2142/2142
f 1911/1911/1911 1909/1909/1909 2143/2143/2143
f 2144/2144/2144 1911/1911/1911 2143/2143/2143
f 1913/1913/1913 1911/1911/1911 2144/2144/2144
f 2145/2145/2145 1913/1913/1913 2144/2144/2144
f 1915/1915/1915 1913/1913/1913 2145/2145/2145
f 2146/2146/2146 1915/1915/1915 2145/2145/2145
f 1917/1917/1917 1915/1915/1915 2146/2146/2146
f 2147/2147/2147 1917/1917/1917 2146/2146/2146
f 1919/1919/1919 1917/1917/1917 2147/2147/2147
f 2148/2148/2148 1919/1919/1919 2147/2147/2147
f 1921/1921/1921 1919/1919/1919 2148/2148/2148
f 2149/2149/2149 1921/1921/1921 2148/2148/2148
f 1923/1923/1923 1921/1921/1921 2149/2149/2149
f 2150/2150/2150 1923/1923/1923 2149/2149/2149
f 1925/1925/1925 1923/1923/1923 2150/2150/2150
f 2151/2151/2151 1925/1925/1925 2150/2150/2150
f 1927/1927/1927 1925/1925/1925 2151/2151/2151
f 2152/2152/2152 1927/1927/1927 2151/2151/2151
f 1929/1929/1929 1927/1927/1927 2152/2152/2152
f 2153/2153/2153 1929/1929/1929 2152/2152/2152
f 1931/1931/1931 1929/1929/1929 2153/2153/2153
f 2155/2155/2155 1934/1934/1934 2154/2154/2154
f 1933/1933/1933 1934/1934/1934 2155/2155/2155
f 2156/2156/2156 1933/1933/1933 2155/2155/2155
f 1937/1937/1937 1933/1933/1933 2156/2156/2156
f 2157/2157/2157 1937/1937/1937 2156/2156/2156
f 1939/1939/1939 1937/1937/1937 2157/2157/2157
f 2158/2158/2158 1939/1939/1939 2157/2157/2157
f 1941/1941/1941 1939/1939/1939 2158/2158/2158
f 2159/2159/2159 1941/1941/1941 2158/2158/2158
f 1943/1943/1943 1941/1941/1941 2159/2159/2159
f 2160/2160/2160 1943/1943/1943 2159/2159/2159
f 1945/1945/1945 1943/1943/1943 2160/2160/2160
f 2161/2161/2161 1945/1945/1945 2160/2160/2160
f 1947/1947/1947 1945/1945/1945 2161/2161/2161
f 2162/2162/2162 1947/1947/1947 2161/2161/2161
f 1949/1949/1949 1947/1947/1947 2162/2162/2162
f 2163/2163/2163 1949/1949/1949 2162/2162/2162
f 1951/1951/1951 1949/1949/1949 2163/2163/2163
f 2164/2164/2164 1951/1951/1951 2163/2163/2163
f 1953/1953/1953 1951/1951/1951 2164/2164/2164
f 2165/2165/2165 1953/1953/1953 2164/2164/2164
f 1955/1955/1955 1953/1953/1953 2165/2165/2165
f 2166/2166/2166 1955/1955/1955 2165/2165/2165
f 1957/1957/1957 1955/1955/1955 2166/2166/2166
f 2115/2115/2115 1957/1957/1957 2166/2166/2166
f 1856/1856/1856 1957/1957/1957 2115/2115/2115
f 2167/2167/2167 2116/2116/2116 2115/2115/2115
f 2168/2168/2168 2116/2116/2116 2167/2167/2167
f 2168/2168/2168 2117/2117/2117 2116/2116/2116
f 2169/2169/2169 2117/2117/2117 2168/2168/2168
f 2169/2169/2169 2118/2118/2118 2117/2117/2117
f 2170/2170/2170 2118/2118/2118 2169/2169/2169
f 2170/2170/2170 2119/2119/2119 2118/2118/2118
f 2171/2171/2171 2119/2119/2119 2170/2170/2170
f 2171/2171/2171 2120/2120/2120 2119/2119/2119
f 2172/2172/2172 2120/2120/2120 2171/2171/2171
f 2172/2172/2172 2121/2121/2121 2120/2120/2120
f 2173/2173/2173 2121/2121/2121 2172/2172/2172
f 2173/2173/2173 2122/2122/2122 2121/2121/2121
f 2174/2174/2174 2122/2122/2122 2173/2173/2173
f 2174/2174/2174 2123/2123/2123 2122/2122/2122
f 2175/2175/2175 2123/2123/2123 2174/2174/2174
f 2175/2175/2175 2124/2124/2124 2123/2123/2123
f 2176/2176/2176 2124/2124/2124 2175/2175/2175
f 2176/2176/2176 2125/2125/2125 2124/2124/2124
f 2177/2177/2177 2125/2125/2125 2176/2176/2176
f 2177/2177/2177 2126/2126/2126 2125/2125/2125
f 2178/2178/2178 2126/2126/2126 2177/2177/2177
f 2178/2178/2178 2127/2127/2127 2126/2126/2126
f 2179/2179/2179 2127/2127/2127 2178/2178/2178
f 2180/2180/2180 2129/2129/2129 2128/2128/2128
f 2181/2181/2181 2129/2129/2129 2180/2180/2180
f 2181/2181/2181 2130/2130/2130 2129/2129/2129
f 2182/2182/2182 2130/2130/2130 2181/2181/2181
f 2182/2182/2182 2131/2131/2131 2130/2130/2130
f 2183/2183/2183 2131/2131/2131 2182/2182/2182
f 2183/2183/2183 2132/2132/2132 2131/2131/2131
f 2184/2184/2184 2132/2132/2132 2183/2183/2183
f 2184/2184/2184 2133/2133/2133 2132/2132/2132
f 2185/2185/2185 2133/2133/2133 2184/2184/2184
f 2185/2185/2185 2134/2134/2134 2133/2133/2133
f 2186/2186/2186 2134/2134/2134 2185/2185/2185
f 2186/2186/2186 2135/2135/2135 2134/2134/2134
f 2187/2187/2187 2135/2135/2135 2186/2186/2186
f 2187/2187/2187 2136/2136/2136 2135/2135/2135
f 2188/2188/2188 2136/2136/2136 2187/2187/2187
f 2188/2188/2188 2137/2137/2137 2136/2136/2136
f 2189/2189/2189 2137/2137/2137 2188/2188/2188
f 2189/2189/2189 2138/2138/2138 2137/2137/2137
f 2190/2190/2190 2138/2138/2138 2189/2189/2189
f 2190/2190/2190 2139/2139/2139 2138/2138/2138
f 2191/2191/2191 2139/2139/2139 2190/2190/2190
f 2191/2191/2191 2140/2140/2140 2139/2139/2139
f 2192/2192/2192 2140/2140/2140 2191/2191/2191
f 2192/2192/2192 2141/2141/2141 2140/2140/2140
f 2193/2193/2193 2141/2141/2141 2192/2192/2192
f 2193/2193/2193 2142/2142/2142 2141/2141/2141
f 2194/2194/2194 2142/2142/2142 2193/2193/2193
f 2194/2194/2194 2143/2143/2143 2142/2142/2142
f 2195/2195/2195 2143/2143/2143 2194/2194/2194
f 2195/2195/2195 2144/2144/2144 2143/2143/2143
f 2196/2196/2196 2144/2144/2144 2195/2195/2195
f 2196/2196/2196 2145/2145/2145 2144/2144/2144
f 2197/2197/2197 2145/2145/2145 2196/2196/2196
f 2197/2197/2197 2146/2146/2146 2145/2145/2145
f 2198/2198/2198 2146/2146/2146 2197/2197/2197
f 2198/2198/2198 2147/2147/2147 2146/2146/2146
f 2199/2199/2199 2147/2147/2147 2198/2198/2198
f 2199/2199/2199 2148/2148/2148 2147/2147/2147
f 2200/2200/2200 2148/2148/2148 2199/2199/2199
f 2200/2200/2200 2149/2149/2149 2148/2148/2148
f 2201/2201/2201 2149/2149/2149 2200/2200/2200
f 2201/2201/2201 2150/2150/2150 2149/2149/2149
f 2202/2202/2202 2150/2150/2150 2201/2201/2201
f 2202/2202/2202 2151/2151/2151 2150/2150/2150
f 2203/2203/2203 2151/2151/2151 2202/2202/2202
f 2203/2203/2203 2152/2152/2152 2151/2151/2151
f 2204/2204/2204 2152/2152/2152 2203/2203/2203
f 2204/2204/2204 2153/2153/2153 2152/2152/2152
f 2205/2205/2205 2153/2153/2153 2204/2204/2204
f 2206/2206/2206 2155/2155/2155 2154/2154/2154
f 2207/2207/2207 2155/2155/2155 2206/2206/2206
f 2207/2207/2207 2156/2156/2156 2155/2155/2155
f 2208/2208/2208 2156/2156/2156 2207/2207/2207
f 2208/2208/2208 2157/2157/2157 2156/2156/2156
f 2209/2209/2209 2157/2157/2157 2208/2208/2208
f 2209/2209/2209 2158/2158/2158 2157/2157/2157
f 2210/2210/2210 2158/2158/2158 2209/2209/2209
f 2210/2210/2210 2159/2159/2159 2158/2158/2158
f 2211/2211/2211 2159/2159/2159 2210/2210/2210
f 2211/2211/2211 2160/2160/2160 2159/2159/2159
f 2212/2212/2212 2160/2160/2160 2211/2211/2211
f 2212/2212/2212 2161/2161/2161 2160/2160/2160
f 2213/2213/2213 2161/2161/2161 2212/2212/2212
f 2213/2213/2213 2162/2162/2162 2161/2161/2161
f 2214/2214/2214 2162/2162/2162 2213/2213/2213
f 2214/2214/2214 2163/2163/2163 2162/2162/2162
f 2215/2215/2215 2163/2163/2163 2214/2214/2214
f 2215/2215/2215 2164/2164/2164 2163/2163/2163
f 2216/2216/2216 2164/2164/2164 2215/2215/2215
f 2216/2216/2216 2165/2165/2165 2164/2164/2164
f 2217/2217/2217 2165/2165/2165 2216/2216/2216
f 2217/2217/2217 2166/2166/2166 2165/2165/2165
f 2218/2218/2218 2166/2166/2166 2217/2217/2217
f 2218/2218/2218 2115/2115/2115 2166/2166/2166
f 2167/2167/2167 2115/2115/2115 2218/2218/2218
f 2220/2220/2220 2167/2167/2167 2219/2219/2219
f 2168/2168/2168 2167/2167/2167 2220/2220/2220
f 2169/2169/2169 2168/2168/2168 2220/2220/2220
f 2221/2221/2221 2169/2169/2169 2220/2220/2220
f 2170/2170/2170 2169/2169/2169 2221/2221/2221
f 2171/2171/2171 2170/2170/2170 2221/2221/2221
f 2222/2222/2222 2171/2171/2171 2221/2221/2221
f 2172/2172/2172 2171/2171/2171 2222/2222/2222
f 2173/2173/2173 2172/2172/2172 2222/2222/2222
f 2223/2223/2223 2173/2173/2173 2222/2222/2222
f 2174/2174/2174 2173/2173/2173 2223/2223/2223
f 2175/2175/2175 2174/2174/2174 2223/2223/2223
f 2224/2224/2224 2175/2175/2175 2223/2223/2223
f 2176/2176/2176 2175/2175/2175 2224/2224/2224
f 2177/2177/2177 2176/2176/2176 2224/2224/2224
f 2225/2225/2225 2177/2177/2177 2224/2224/2224
f 2178/2178/2178 2177/2177/2177 2225/2225/2225
f 2179/2179/2179 2178/2178/2178 2225/2225/2225
f 2227/2227/2227 2180/2180/2180 2226/2226/2226
f 2181/2181/2181 2180/2180/2180 2227/2227/2227
f 2182/2182/2182 2181/2181/2181 2227/2227/2227
f 2228/2228/2228 2182/2182/2182 2227/2227/2227
f 2183/2183/2183 2182/2182/2182 2228/2228/2228
f 2184/2184/2184 2183/2183/2183 2228/2228/2228
f 2229/2229/2229 2184/2184/2184 2228/2228/2228
f 2185/2185/2185 2184/2184/2184 2229/2229/2229
f 2186/2186/2186 2185/2185/2185 2229/2229/2229
f 2230/2230/2230 2186/2186/2186 2229/2229/2229
f 2187/2187/2187 2186/2186/2186 2230/2230/2230
f 2188/2188/2188 2187/2187/2187 2230/2230/2230
f 2231/2231/2231 2188/2188/2188 2230/2230/2230
f 2189/2189/2189 2188/2188/2188 2231/2231/2231
f 2190/2190/2190 2189/2189/2189 2231/2231/2231
f 2232/2232/2232 2190/2190/2190 2231/2231/2231
f 2191/2191/2191 2190/2190/2190 2232/2232/2232
f 2192/2192/2192 2191/2191/2191 2232/2232/2232
f 2233/2233/2233 2192/2192/2192 2232/2232/2232
f 2193/2193/2193 2192/2192/2192 2233/2233/2233
f 2194/2194/2194 2193/2193/2193 2233/2233/2233
f 2234/2234/2234 2194/2194/2194 2233/2233/2233
f 2195/2195/2195 2194/2194/2194 2234/2234/2234
f 2196/2196/2196 2195/2195/2195 2234/2234/2234
f 2235/2235/2235 2196/2196/2196 2234/2234/2234
f 2197/2197/2197 2196/2196/2196 2235/2235/2235
f 2198/2198/2198 2197/2197/2197 2235/2235/2235
f 2236/2236/2236 2198/2198/2198 2235/2235/2235
f 2199/2199/2199 2198/2198/2198 2236/2236/2236
f 2200/2200/2200 2199/2199/2199 2236/2236/2236
f 2237/2237/2237 2200/2200/2200 2236/2236/2236
f 2201/2201/2201 2200/2200/2200 2237/2237/2237
f 2202/2202/2202 2201/2201/2201 2237/2237/2237
f 2238/2238/2238 2202/2202/2202 2237/2237/2237
f 2203/2203/2203 2202/2202/2202 2238/2238/2238
f 2204/2204/2204 2203/2203/2203 2238/2238/2238
f 2239/2239/2239 2204/2204/2204 2238/2238/2238
f 2205/2205/2205 2204/2204/2204 2239/2239/2239
f 2207/2207/2207 2206/2206/2206 2240/2240/2240
f 2241/2241/2241 2207/2207/2207 2240/2240/2240
f 2208/2208/2208 2207/2207/2207 2241/2241/2241
f 2209/2209/2209 2208/2208/2208 2241/2241/2241
f 2242/2242/2242 2209/2209/2209 2241/2241/2241
f 2210/2210/2210 2209/2209/2209 2242/2242/2242
f 2211/2211/2211 2210/2210/2210 2242/2242/2242
f 2243/2243/2243 2211/2211/2211 2242/2242/2242
f 2212/2212/2212 2211/2211/2211 2243/2243/2243
f 2213/2213/2213 2212/2212/2212 2243/2243/2243
f 2244/2244/2244 2213/2213/2213 2243/2243/2243
f 2214/2214/2214 2213/2213/2213 2244/2244/2244
f 2215/2215/2215 2214/2214/2214 2244/2244/2244
f 2245/2245/2245 2215/2215/2215 2244/2244/2244
f 2216/2216/2216 2215/2215/2215 2245/2245/2245
f 2217/2217/2217 2216/2216/2216 2245/2245/2245
f 2219/2219/2219 2217/2217/2217 2245/2245/2245
f 2218/2218/2218 2217/2217/2217 2219/2219/2219
f 2167/2167/2167 2218/2218/2218 2219/2219/2219
f 2022/2022/2022 1878/1878/1878 1880/1880/1880
f 1970/1970/1970 1878/1878/1878 2022/2022/2022
f 1972/1972/1972 1884/1884/1884 1883/1883/1883
f 2025/2025/2025 1884/1884/1884 1972/1972/1972
