# Exported from Godot Engine
mtllib Wheel_Stiletto_Refresh.mtl
o Wheel_Stiletto_Refresh
v 0.019273 0.010171 0.136431
vt 0.038417 0.175304
vn 0.061672 0.636847 0.768519
v 0.019067 0.010652 0.136065
vt 0.035593 0.173281
vn 0.017680 0.213759 0.976727
v 0.020236 0.012420 0.136431
vt 0.029066 0.178098
vn -0.295232 -0.563918 0.771255
v 0.019723 0.012189 0.136065
vt 0.030720 0.175048
vn -0.112929 -0.221701 0.968553
v -0.019727 0.012189 0.136065
vt 0.030721 0.022130
vn 0.112885 -0.221694 0.968560
v -0.019072 0.010652 0.136065
vt 0.035594 0.023897
vn -0.017717 0.213766 0.976724
v -0.020241 0.012420 0.136431
vt 0.029066 0.019080
vn 0.295289 -0.563932 0.771223
v -0.019278 0.010171 0.136431
vt 0.038417 0.021874
vn -0.061811 0.636665 0.768659
v 0.010089 0.015269 0.136431
vt 0.020332 0.138781
vn -0.129613 -0.696404 0.705848
v 0.010025 0.014909 0.136065
vt 0.023238 0.138439
vn -0.037401 -0.199925 0.979097
v -0.000002 0.016217 0.136431
vt 0.017873 0.098589
vn -0.000022 -0.707150 0.707064
v -0.000002 0.015851 0.136065
vt 0.020769 0.098589
vn -0.000018 -0.204415 0.978884
v -0.010094 0.015269 0.136431
vt 0.020332 0.058397
vn 0.129563 -0.696386 0.705876
v -0.010030 0.014909 0.136065
vt 0.023238 0.058740
vn 0.037363 -0.199918 0.979100
v 0.009707 0.013386 0.136065
vt 0.029412 0.137549
vn 0.031575 0.164297 0.985905
v -0.000002 0.014268 0.136065
vt 0.027004 0.098589
vn -0.000018 0.169579 0.985517
v -0.009712 0.013386 0.136065
vt 0.029412 0.059629
vn -0.031613 0.164302 0.985903
v 0.009634 0.013028 0.136431
vt 0.032313 0.137161
vn 0.131197 0.686390 0.715301
v -0.000002 0.013904 0.136431
vt 0.029922 0.098589
vn -0.000022 0.708788 0.705422
v -0.009638 0.013028 0.136431
vt 0.032313 0.060017
vn -0.131146 0.686181 0.715512
v -0.000002 -0.022594 0.136431
vt 0.190633 0.099042
vn -0.000017 0.123270 0.992373
v -0.000002 -0.019439 0.136065
vt 0.178978 0.099042
vn -0.000017 0.096190 0.995363
v 0.005971 0.007950 0.136431
vt 0.078798 0.124963
vn -0.480912 0.160059 0.862035
v 0.005543 0.008519 0.136065
vt 0.076303 0.121981
vn -0.074505 0.025594 0.996892
v 0.009849 0.008412 0.136065
vt 0.074170 0.139679
vn 0.012782 0.070673 0.997418
v 0.009777 0.007879 0.136431
vt 0.077412 0.139646
vn 0.109469 0.551979 0.826641
v 0.012508 0.006724 0.136431
vt 0.079999 0.150632
vn 0.314598 0.451000 0.835241
v 0.012921 0.007083 0.136065
vt 0.077339 0.152387
vn 0.031877 0.042486 0.998588
v 0.013531 0.005984 0.136065
vt 0.080470 0.155581
vn -0.119113 0.280667 0.952386
v 0.013208 0.005222 0.136431
vt 0.084117 0.155137
vn -0.139406 0.499743 0.854882
v 0.018340 0.009016 0.136431
vt 0.066516 0.170233
vn -0.376994 0.163753 0.911625
v 0.017371 0.008767 0.136065
vt 0.068317 0.166599
vn -0.254808 0.168382 0.952219
v -0.000002 0.007394 0.136431
vt 0.077545 0.099041
vn -0.000020 -0.400040 0.916498
v 0.004462 0.012268 0.136431
vt 0.060580 0.118188
vn 0.189895 -0.468435 0.862849
v -0.000002 0.006525 0.136065
vt 0.082170 0.099042
vn -0.000015 -0.009411 0.999956
v 0.004679 0.011696 0.136065
vt 0.063668 0.119321
vn 0.073282 -0.188707 0.979295
v 0.010446 0.011327 0.136431
vt 0.061801 0.140621
vn -0.115045 -0.553029 0.825181
v 0.010360 0.010796 0.136065
vt 0.064909 0.140475
vn -0.028117 -0.133621 0.990634
v 0.015967 0.009865 0.136431
vt 0.064142 0.161751
vn -0.158340 -0.538429 0.827661
v 0.015739 0.009373 0.136065
vt 0.067103 0.160953
vn -0.042630 -0.147522 0.988140
v -0.005976 0.007950 0.136431
vt 0.078798 0.073120
vn 0.480857 0.160056 0.862066
v -0.005548 0.008519 0.136065
vt 0.076303 0.076102
vn 0.074398 0.025592 0.996900
v -0.009854 0.008412 0.136065
vt 0.074170 0.058405
vn -0.012816 0.070675 0.997417
v -0.009782 0.007879 0.136431
vt 0.077412 0.058436
vn -0.109520 0.552050 0.826587
v -0.012513 0.006724 0.136431
vt 0.079999 0.047450
vn -0.314530 0.450874 0.835335
v -0.012926 0.007083 0.136065
vt 0.077339 0.045695
vn -0.031910 0.042487 0.998587
v -0.013536 0.005984 0.136065
vt 0.080470 0.042502
vn 0.119158 0.280677 0.952377
v -0.013212 0.005222 0.136431
vt 0.084117 0.042946
vn 0.139053 0.499575 0.855037
v -0.018344 0.009016 0.136431
vt 0.066516 0.027850
vn 0.376944 0.163554 0.911681
v -0.017376 0.008767 0.136065
vt 0.068317 0.031484
vn 0.254759 0.168377 0.952233
v -0.004467 0.012268 0.136431
vt 0.060580 0.079895
vn -0.189996 -0.468410 0.862840
v -0.004684 0.011696 0.136065
vt 0.063668 0.078761
vn -0.073322 -0.188714 0.979291
v -0.010451 0.011327 0.136431
vt 0.061801 0.057462
vn 0.115046 -0.553082 0.825145
v -0.010365 0.010796 0.136065
vt 0.064909 0.057608
vn 0.028187 -0.133513 0.990646
v -0.015971 0.009865 0.136431
vt 0.064142 0.036331
vn 0.158393 -0.538500 0.827605
v -0.015744 0.009373 0.136065
vt 0.067103 0.037130
vn 0.042592 -0.147517 0.988142
v 0.202646 -0.065888 0.147000
vt 0.861897 0.612425
vn -0.811951 0.261255 0.521998
v 0.209308 -0.040356 0.147085
vt 0.825549 0.649194
vn -0.833858 0.185477 0.519884
v 0.215313 -0.069738 0.168715
vt 0.893271 0.648672
vn -0.812166 0.260809 0.521886
v 0.222218 -0.042840 0.168711
vt 0.853259 0.690669
vn -0.834073 0.184950 0.519726
v 0.210520 -0.031782 0.147111
vt 0.813235 0.659132
vn -0.846479 0.118357 0.519100
v 0.224341 -0.028880 0.168980
vt 0.829381 0.711634
vn -0.846479 0.118357 0.519100
v 0.209230 0.039931 0.146929
vt 0.682014 0.818877
vn -0.832306 -0.167702 0.528339
v 0.202658 0.065802 0.146896
vt 0.653989 0.862981
vn -0.811631 -0.262135 0.522054
v 0.222361 0.042194 0.168718
vt 0.729985 0.837360
vn -0.832119 -0.169935 0.527921
v 0.215387 0.070061 0.168777
vt 0.695875 0.885739
vn -0.811534 -0.262410 0.522067
v 0.202658 0.065802 0.146896
vt 0.354275 0.864885
vn -0.811631 -0.262135 0.522054
v 0.192841 0.090624 0.146888
vt 0.323804 0.822741
vn -0.781802 -0.343229 0.520557
v 0.215387 0.070061 0.168777
vt 0.313153 0.889652
vn -0.811534 -0.262410 0.522067
v 0.204899 0.096344 0.168747
vt 0.277672 0.843379
vn -0.781367 -0.344252 0.520535
v 0.189539 0.097011 0.147030
vt 0.317081 0.811491
vn -0.748541 -0.415731 0.516579
v 0.198190 0.108929 0.169367
vt 0.260687 0.815780
vn -0.748541 -0.415731 0.516579
v 0.145583 0.155649 0.146984
vt 0.173718 0.657514
vn -0.570618 -0.632594 0.523661
v 0.125283 0.172369 0.147000
vt 0.136307 0.621618
vn -0.499388 -0.691490 0.521970
v 0.154949 0.165471 0.168823
vt 0.145517 0.699493
vn -0.571432 -0.631883 0.523631
v 0.132859 0.183227 0.168715
vt 0.103973 0.657686
vn -0.499035 -0.691855 0.521825
v 0.269462 -0.051477 0.173502
vt 0.930448 0.753512
vn 0.785588 -0.154525 0.599144
v 0.260930 -0.084661 0.173429
vt 0.972821 0.701236
vn 0.749807 -0.243832 0.615090
v 0.267857 -0.051103 0.175834
vt 0.925856 0.750049
vn 0.786266 -0.153132 0.598612
v 0.258913 -0.084024 0.175887
vt 0.967478 0.697486
vn 0.749699 -0.244106 0.615113
v 0.273792 -0.017283 0.173512
vt 0.888215 0.802964
vn 0.814797 -0.052031 0.577407
v 0.272150 -0.017129 0.175836
vt 0.883731 0.799351
vn 0.814855 -0.050800 0.577434
v 0.273789 0.017183 0.173509
vt 0.847002 0.853551
vn 0.815357 0.050975 0.576710
v 0.272150 0.017116 0.175835
vt 0.842513 0.849989
vn 0.815271 0.051796 0.576759
v 0.269471 0.051378 0.173508
vt 0.805788 0.903874
vn 0.803316 0.153089 0.575540
v 0.267857 0.051091 0.175831
vt 0.801448 0.900136
vn 0.803207 0.153599 0.575557
v 0.260891 0.084759 0.173503
vt 0.761848 0.955968
vn 0.777986 0.252664 0.575238
v 0.259341 0.084259 0.175829
vt 0.757683 0.952050
vn 0.777970 0.252772 0.575213
v 0.248210 0.116807 0.173515
vt 0.203953 0.909613
vn 0.740057 0.348437 0.575245
v 0.260891 0.084759 0.173503
vt 0.249018 0.960868
vn 0.777986 0.252664 0.575238
v 0.246735 0.116099 0.175828
vt 0.208159 0.905762
vn 0.740193 0.348152 0.575243
v 0.259341 0.084259 0.175829
vt 0.253065 0.956845
vn 0.777970 0.252772 0.575213
v 0.231596 0.147003 0.173495
vt 0.161749 0.860263
vn 0.690800 0.438957 0.574553
v 0.230237 0.146107 0.175825
vt 0.166093 0.856544
vn 0.691182 0.438382 0.574533
v 0.211346 0.174892 0.173495
vt 0.118787 0.811450
vn 0.631176 0.523762 0.572093
v 0.210110 0.173812 0.175826
vt 0.123057 0.807547
vn 0.632155 0.522540 0.572130
v 0.187745 0.200006 0.173455
vt 0.072135 0.765833
vn 0.548255 0.590251 0.592470
v 0.186672 0.198778 0.175837
vt 0.076491 0.762025
vn 0.549390 0.589698 0.591969
v 0.161148 0.221999 0.173429
vt 0.026661 0.715241
vn 0.463559 0.637730 0.615153
v 0.159918 0.220278 0.175887
vt 0.031827 0.711206
vn 0.464181 0.637270 0.615162
v 0.215313 -0.069738 0.168715
vt 0.893271 0.648672
vn -0.163816 0.053480 0.985040
v 0.222218 -0.042840 0.168711
vt 0.853259 0.690669
vn -0.167523 0.034476 0.985265
v 0.254285 -0.082628 0.175905
vt 0.959483 0.692044
vn -0.142219 0.046592 0.988738
v 0.262636 -0.050107 0.175906
vt 0.917646 0.743435
vn -0.148725 0.030265 0.988415
v 0.224341 -0.028880 0.168980
vt 0.829381 0.711634
vn -0.167399 0.019594 0.985695
v 0.266329 -0.028763 0.175924
vt 0.891583 0.775861
vn -0.165119 0.019271 0.986085
v 0.223711 -0.000279 0.172980
vt 0.786915 0.762390
vn -0.125117 0.082298 0.988723
v 0.266856 0.016784 0.175911
vt 0.834484 0.843205
vn -0.061507 0.013375 0.998017
v 0.225071 -0.016634 0.173872
vt 0.811383 0.737058
vn -0.090508 0.046869 0.994792
v 0.266857 -0.016794 0.175911
vt 0.875541 0.792887
vn -0.050426 0.004970 0.998715
v 0.264632 0.034374 0.175912
vt 0.812297 0.869312
vn -0.129343 0.495388 0.858988
v 0.221164 0.030698 0.171488
vt 0.741907 0.811649
vn -0.129343 0.495388 0.858988
v 0.223526 0.035784 0.168910
vt 0.737789 0.824867
vn -0.129343 0.495388 0.858988
v 0.222361 0.042194 0.168718
vt 0.729985 0.837360
vn -0.167942 -0.036129 0.985135
v 0.215387 0.070061 0.168777
vt 0.695875 0.885739
vn -0.163627 -0.053319 0.985080
v 0.262638 0.050095 0.175906
vt 0.793459 0.893215
vn -0.146329 -0.031416 0.988737
v 0.254289 0.082618 0.175906
vt 0.750203 0.944478
vn -0.140732 -0.045607 0.988997
v 0.215387 0.070061 0.168777
vt 0.313153 0.889652
vn -0.163627 -0.053319 0.985080
v 0.204899 0.096344 0.168747
vt 0.277672 0.843379
vn -0.152027 -0.073030 0.985675
v 0.254289 0.082618 0.175906
vt 0.260359 0.949108
vn -0.140732 -0.045607 0.988997
v 0.241929 0.113837 0.175906
vt 0.215928 0.898656
vn -0.133716 -0.064621 0.988911
v 0.198190 0.108929 0.169367
vt 0.260687 0.815780
vn -0.137418 -0.090038 0.986412
v 0.232479 0.132902 0.175923
vt 0.188630 0.868357
vn -0.135506 -0.088718 0.986796
v 0.193136 0.116925 0.174045
vt 0.242711 0.797963
vn -0.094029 -0.027730 0.995183
v 0.168731 0.146055 0.172650
vt 0.192137 0.733525
vn -0.097913 -0.028520 0.994786
v 0.225764 0.143269 0.175912
vt 0.173741 0.849537
vn -0.050614 -0.017729 0.998561
v 0.206027 0.170435 0.175917
vt 0.130779 0.800569
vn -0.050316 -0.019315 0.998547
v 0.154949 0.165471 0.168823
vt 0.145517 0.699493
vn -0.117344 -0.123143 0.985427
v 0.132859 0.183227 0.168715
vt 0.103973 0.657686
vn -0.101516 -0.139339 0.985027
v 0.183033 0.194904 0.175905
vt 0.084116 0.754857
vn -0.104634 -0.109737 0.988438
v 0.157161 0.216308 0.175905
vt 0.039786 0.705570
vn -0.088413 -0.120730 0.988740
v 0.258913 -0.084024 0.175887
vt 0.967478 0.697486
vn 0.008190 -0.002607 0.999963
v 0.267857 -0.051103 0.175834
vt 0.925856 0.750049
vn 0.009771 -0.001930 0.999950
v 0.266329 -0.028763 0.175924
vt 0.891583 0.775861
vn -0.037710 -0.016116 0.999159
v 0.272150 -0.017129 0.175836
vt 0.883731 0.799351
vn 0.014788 -0.000108 0.999891
v 0.272150 0.017116 0.175835
vt 0.842513 0.849989
vn 0.014196 0.000480 0.999899
v 0.264632 0.034374 0.175912
vt 0.812297 0.869312
vn -0.166902 -0.015202 0.985856
v 0.267857 0.051091 0.175831
vt 0.801448 0.900136
vn 0.013893 0.003493 0.999897
v 0.259341 0.084259 0.175829
vt 0.757683 0.952050
vn 0.013781 0.004490 0.999895
v 0.259341 0.084259 0.175829
vt 0.253065 0.956845
vn 0.013781 0.004490 0.999895
v 0.246735 0.116099 0.175828
vt 0.208159 0.905762
vn 0.013575 0.005582 0.999892
v 0.232479 0.132902 0.175923
vt 0.188630 0.868357
vn -0.018816 -0.011617 0.999756
v 0.225764 0.143269 0.175912
vt 0.173741 0.849537
vn -0.034910 -0.013801 0.999295
v 0.230237 0.146107 0.175825
vt 0.166093 0.856544
vn 0.015697 0.010094 0.999826
v 0.230237 0.146107 0.175825
vt 0.166093 0.856544
vn 0.013695 0.009791 0.999858
v 0.210110 0.173812 0.175826
vt 0.123057 0.807547
vn 0.012683 0.009781 0.999872
v 0.198771 0.178152 0.175893
vt 0.116768 0.785613
vn -0.142230 -0.037729 0.989114
v 0.186672 0.198778 0.175837
vt 0.076491 0.762025
vn 0.006883 0.006790 0.999953
v 0.159918 0.220278 0.175887
vt 0.031827 0.711206
vn 0.004988 0.006995 0.999963
v 0.222170 -0.024728 0.173260
vt 0.817911 0.719857
vn -0.096722 -0.020417 0.995102
v 0.223526 0.035784 0.168910
vt 0.737789 0.824867
vn -0.170523 -0.015531 0.985231
v 0.168972 0.150641 0.169172
vt 0.180351 0.728234
vn -0.127414 -0.109540 0.985782
v 0.207867 0.036346 0.147107
vt 0.682901 0.811913
vn -0.834550 0.036886 0.549695
v 0.223526 0.035784 0.168910
vt 0.737789 0.824867
vn -0.834550 0.036886 0.549695
v 0.155030 0.145991 0.147132
vt 0.192973 0.673506
vn -0.620844 -0.584462 0.522454
v 0.168972 0.150641 0.169172
vt 0.180351 0.728234
vn -0.620844 -0.584462 0.522454
v 0.266329 -0.028763 0.175924
vt 0.891583 0.775861
vn -0.107741 -0.740346 0.663536
v 0.224341 -0.028880 0.168980
vt 0.829381 0.711634
vn -0.107741 -0.740346 0.663536
v 0.222170 -0.024728 0.173260
vt 0.817911 0.719857
vn -0.107741 -0.740346 0.663536
v 0.168972 0.150641 0.169172
vt 0.180351 0.728234
vn -0.348124 0.233954 0.907786
v 0.168731 0.146055 0.172650
vt 0.192137 0.733525
vn -0.348124 0.233954 0.907786
v 0.202437 0.174255 0.175915
vt 0.124009 0.792883
vn -0.154302 0.087091 0.984178
v 0.194053 0.109820 0.173071
vt 0.256980 0.803807
vn 0.380760 -0.707493 0.595379
v 0.232479 0.132902 0.175923
vt 0.188630 0.868357
vn 0.380760 -0.707493 0.595379
v 0.198190 0.108929 0.169367
vt 0.260687 0.815780
vn 0.380760 -0.707493 0.595379
v 0.221164 0.030698 0.171488
vt 0.741907 0.811649
vn -0.172534 0.075595 0.982098
v 0.264632 0.034374 0.175912
vt 0.812297 0.869312
vn -0.068018 -0.008705 0.997646
v 0.155030 0.145991 0.147132
vt 0.192973 0.673506
vn -0.845913 0.280669 0.453492
v 0.168972 0.150641 0.169172
vt 0.180351 0.728234
vn -0.845913 0.280669 0.453492
v 0.153969 0.141104 0.147089
vt 0.202021 0.672271
vn -0.690702 0.668957 0.274640
v 0.168731 0.146055 0.172650
vt 0.192137 0.733525
vn -0.706306 0.646188 0.289090
v 0.127713 0.108629 0.165073
vt 0.290065 0.669678
vn -0.163624 -0.023728 0.986237
v 0.141424 0.089852 0.167059
vt 0.318932 0.705060
vn -0.161746 -0.024426 0.986530
v 0.085512 0.072210 0.154031
vt 0.382216 0.601946
vn -0.252809 0.007588 0.967486
v 0.092962 0.063561 0.156903
vt 0.396063 0.621306
vn -0.246137 0.005084 0.969222
v 0.043859 0.035578 0.141052
vt 0.470248 0.531547
vn -0.324638 0.034165 0.945221
v 0.046017 0.035013 0.144355
vt 0.472539 0.539323
vn -0.219817 -0.058522 0.973784
v 0.053810 0.032526 0.146699
vt 0.475697 0.556087
vn -0.207008 -0.071925 0.975692
v 0.041064 0.030289 0.143114
vt 0.480035 0.529432
vn -0.264214 -0.049631 0.963186
v 0.051084 0.028780 0.145740
vt 0.483695 0.550131
vn -0.266625 -0.031233 0.963294
v 0.039350 0.026451 0.142377
vt 0.485699 0.525033
vn -0.257806 -0.112135 0.959668
v 0.050782 0.026545 0.145438
vt 0.487950 0.548713
vn -0.259621 -0.123702 0.957755
v 0.056209 0.012110 0.144732
vt 0.518230 0.545889
vn -0.267053 -0.139847 0.953481
v 0.044187 0.019420 0.142398
vt 0.498373 0.530166
vn -0.266305 -0.157241 0.950977
v 0.059909 0.017813 0.146615
vt 0.511158 0.558597
vn -0.266756 -0.138823 0.953714
v 0.051771 0.024245 0.145407
vt 0.492626 0.549251
vn -0.267848 -0.155341 0.950856
v 0.083780 -0.001994 0.150657
vt 0.571623 0.574262
vn -0.254323 -0.106017 0.961291
v 0.070213 0.004467 0.147675
vt 0.545216 0.560936
vn -0.261415 -0.117620 0.958033
v 0.085898 0.003761 0.151835
vt 0.565341 0.585255
vn -0.254531 -0.106117 0.961225
v 0.072843 0.010546 0.149105
vt 0.537993 0.572666
vn -0.261541 -0.118248 0.957922
v 0.109378 -0.009365 0.156097
vt 0.617304 0.600538
vn -0.187823 -0.063021 0.980179
v 0.096439 -0.006656 0.153424
vt 0.595046 0.586810
vn -0.237154 -0.108445 0.965400
v 0.110362 -0.003621 0.157012
vt 0.611173 0.610558
vn -0.187220 -0.062206 0.980346
v 0.097826 -0.000988 0.154389
vt 0.588788 0.596932
vn -0.237154 -0.108445 0.965400
v 0.166325 -0.017246 0.166558
vt 0.715186 0.663618
vn -0.149210 -0.035231 0.988178
v 0.167163 -0.008746 0.166751
vt 0.706230 0.677850
vn -0.150042 -0.035733 0.988034
v 0.110362 -0.003621 0.157012
vt 0.611173 0.610558
vn -0.151236 0.202569 0.967519
v 0.097826 -0.000988 0.154389
vt 0.588788 0.596932
vn -0.147542 0.190513 0.970534
v 0.110612 -0.001713 0.156646
vt 0.608816 0.613668
vn -0.167895 0.458846 0.872509
v 0.098337 0.001198 0.154047
vt 0.586129 0.600615
vn -0.044018 0.620255 0.783164
v 0.167163 -0.008746 0.166751
vt 0.706230 0.677850
vn -0.153713 0.298089 0.942080
v 0.085898 0.003761 0.151835
vt 0.565341 0.585255
vn -0.125116 0.177770 0.976086
v 0.072843 0.010546 0.149105
vt 0.537993 0.572666
vn -0.111523 0.155179 0.981571
v 0.086675 0.006171 0.151486
vt 0.562329 0.589471
vn 0.108456 0.620066 0.777017
v 0.073871 0.012660 0.148874
vt 0.535429 0.576756
vn 0.181781 0.581439 0.793022
v 0.059909 0.017813 0.146615
vt 0.511158 0.558597
vn -0.091226 0.122179 0.988307
v 0.061458 0.019697 0.146568
vt 0.509079 0.563142
vn 0.242379 0.484878 0.840325
v 0.051771 0.024245 0.145407
vt 0.492626 0.549251
vn -0.060012 0.093089 0.993848
v 0.053742 0.025977 0.145330
vt 0.489742 0.554424
vn 0.345368 0.247658 0.905200
v 0.050782 0.026545 0.145438
vt 0.487950 0.548713
vn 0.042799 -0.085033 0.995458
v 0.051084 0.028780 0.145740
vt 0.483695 0.550131
vn 0.048580 -0.187911 0.980984
v 0.054479 0.029299 0.145560
vt 0.482917 0.557513
vn 0.497495 -0.373430 0.782974
v 0.053810 0.032526 0.146699
vt 0.475697 0.556087
vn 0.026677 -0.370223 0.928560
v 0.057572 0.032173 0.146517
vt 0.475754 0.563706
vn 0.407546 -0.782991 0.469926
v 0.098162 0.056241 0.156842
vt 0.408286 0.634790
vn 0.445293 -0.864425 0.233419
v 0.043859 0.035578 0.141052
vt 0.470248 0.531547
vn -0.696247 0.653688 0.296533
v 0.039726 0.030972 0.140244
vt 0.478021 0.523565
vn -0.814963 0.534304 0.224398
v 0.043972 0.039194 0.131197
vt 0.456398 0.515179
vn -0.693660 0.654820 0.300079
v 0.037487 0.031370 0.131452
vt 0.472893 0.505897
vn -0.833421 0.504785 0.224950
v 0.167649 0.010579 0.161780
vt 0.681170 0.708254
vn -0.191042 0.240993 0.951538
v 0.123691 0.022269 0.143478
vt 0.588202 0.670151
vn -0.193513 0.431216 0.881252
v 0.111282 0.021048 0.139332
vt 0.566833 0.652395
vn -0.184717 0.623245 0.759898
v 0.167925 0.026413 0.158187
vt 0.660153 0.732248
vn -0.237646 0.121497 0.963723
v 0.083218 0.041488 0.131813
vt 0.475551 0.628357
vn 0.458756 -0.855224 0.241112
v 0.156734 0.081896 0.140952
vt 0.364760 0.759497
vn 0.443351 -0.865208 0.234211
v 0.113128 0.056897 0.130886
vt 0.436449 0.686546
vn 0.444951 -0.865035 0.231804
v 0.145825 0.083252 0.166691
vt 0.330007 0.716058
vn 0.443160 -0.865396 0.233877
v 0.092188 0.024819 0.133209
vt 0.526667 0.630639
vn 0.369492 0.891212 0.263092
v 0.097263 0.027613 0.115728
vt 0.517234 0.665006
vn 0.410604 0.871300 0.268775
v 0.101671 0.020949 0.136096
vt 0.548671 0.639800
vn 0.060174 0.966922 0.247873
v 0.103508 0.025020 0.120215
vt 0.530441 0.665177
vn 0.142684 0.957972 0.248857
v 0.088260 0.027924 0.132059
vt 0.515460 0.627724
vn 0.558101 0.776615 0.292220
v 0.094013 0.030778 0.113100
vt 0.508871 0.666216
vn 0.562063 0.772946 0.294345
v 0.111282 0.021048 0.139332
vt 0.566833 0.652395
vn -0.146801 0.959459 0.240599
v 0.112599 0.024682 0.125676
vt 0.547488 0.671625
vn -0.133116 0.961397 0.240823
v 0.123691 0.022269 0.143478
vt 0.588202 0.670151
vn -0.171732 0.954629 0.243292
v 0.124933 0.025658 0.131097
vt 0.568400 0.686485
vn -0.172223 0.954594 0.243085
v 0.167925 0.026413 0.158187
vt 0.660153 0.732248
vn -0.158344 0.953302 0.257181
v 0.170031 0.031322 0.140446
vt 0.631565 0.755792
vn -0.159603 0.953461 0.255812
v 0.080815 0.039241 0.130684
vt 0.482148 0.624819
vn 0.636550 -0.706205 0.309966
v 0.091026 0.041266 0.114349
vt 0.488029 0.664656
vn 0.649761 -0.690152 0.318592
v 0.080234 0.036664 0.130248
vt 0.487908 0.623124
vn 0.890262 0.009283 0.455354
v 0.089921 0.038359 0.111713
vt 0.494183 0.666708
vn 0.885869 0.097183 0.453643
v 0.082722 0.032437 0.130435
vt 0.499099 0.624252
vn 0.720289 0.584667 0.373294
v 0.091110 0.033951 0.111248
vt 0.501506 0.667714
vn 0.714994 0.592776 0.370674
v 0.096059 0.045439 0.120162
vt 0.474971 0.665843
vn 0.457360 -0.859322 0.228881
v 0.224341 -0.028880 0.168980
vt 0.829381 0.711634
vn -0.531432 -0.728023 0.433085
v 0.210520 -0.031782 0.147111
vt 0.813235 0.659132
vn -0.531432 -0.728023 0.433085
v 0.222170 -0.024728 0.173260
vt 0.817911 0.719857
vn -0.214111 -0.943763 0.251930
v 0.205350 -0.028259 0.146725
vt 0.802023 0.656693
vn -0.184520 -0.954574 0.233966
v 0.209308 -0.040356 0.147085
vt 0.825549 0.649194
vn -0.952206 0.217358 0.214612
v 0.202646 -0.065888 0.147000
vt 0.861897 0.612425
vn -0.930722 0.302586 0.205420
v 0.208409 -0.039546 0.142240
vt 0.818599 0.642363
vn -0.953498 0.209790 0.216401
v 0.201684 -0.065505 0.141964
vt 0.854687 0.605152
vn -0.930854 0.302178 0.205425
v 0.209101 -0.031684 0.142130
vt 0.809802 0.649526
vn -0.528224 -0.828438 0.186198
v 0.204416 -0.029020 0.142084
vt 0.803705 0.647108
vn -0.243811 -0.950457 0.192843
v 0.210520 -0.031782 0.147111
vt 0.813235 0.659132
vn -0.528224 -0.828438 0.186198
v 0.205350 -0.028259 0.146725
vt 0.802023 0.656693
vn -0.280919 -0.940114 0.193055
v 0.209101 -0.031684 0.142130
vt 0.809802 0.649526
vn -0.964690 0.112875 0.237976
v 0.210520 -0.031782 0.147111
vt 0.813235 0.659132
vn -0.964690 0.112875 0.237976
v 0.167653 -0.023135 0.140385
vt 0.739345 0.615509
vn -0.163701 -0.967733 0.191560
v 0.040669 0.022692 0.142109
vt 0.491882 0.525767
vn -0.257032 -0.161804 0.952761
v 0.037717 0.026275 0.139464
vt 0.485348 0.518669
vn -0.971368 0.001089 0.237575
v 0.039470 0.022215 0.139495
vt 0.492546 0.520149
vn -0.740209 -0.642511 0.198169
v 0.035700 0.025510 0.131118
vt 0.485492 0.502357
vn -0.970270 -0.045109 0.237782
v 0.038435 0.020988 0.131575
vt 0.496560 0.504536
vn -0.742075 -0.640285 0.198393
v 0.044139 0.018260 0.140017
vt 0.501530 0.525770
vn -0.566944 -0.804413 0.177464
v 0.044792 0.015987 0.131719
vt 0.510693 0.511365
vn -0.559871 -0.809400 0.177247
v 0.085512 0.072210 0.154031
vt 0.382216 0.601946
vn -0.673132 0.692864 0.258519
v 0.058726 0.057827 0.126807
vt 0.410388 0.525519
vn -0.680342 0.672565 0.291188
v 0.061207 0.061106 0.121496
vt 0.398498 0.519207
vn -0.644611 0.733771 0.214611
v 0.127713 0.108629 0.165073
vt 0.290065 0.669678
vn -0.673287 0.691553 0.261607
v 0.121642 0.112342 0.139936
vt 0.271517 0.620738
vn -0.672885 0.692237 0.260833
v 0.089039 0.084532 0.129416
vt 0.340091 0.564974
vn -0.679319 0.690530 0.248383
v 0.076666 0.075594 0.119123
vt 0.358240 0.533080
vn -0.655104 0.722568 0.220758
v 0.203971 0.035194 0.147085
vt 0.679330 0.805026
vn -0.174408 0.944147 0.279585
v 0.207867 0.036346 0.147107
vt 0.682901 0.811913
vn -0.528995 0.716663 0.454487
v 0.221164 0.030698 0.171488
vt 0.741907 0.811649
vn -0.233045 0.921334 0.311181
v 0.223526 0.035784 0.168910
vt 0.737789 0.824867
vn -0.528995 0.716663 0.454487
v 0.192841 0.090624 0.146888
vt 0.323804 0.822741
vn -0.901704 -0.381824 0.202831
v 0.202658 0.065802 0.146896
vt 0.354275 0.864885
vn -0.931734 -0.299706 0.205057
v 0.191881 0.090377 0.142030
vt 0.332245 0.817471
vn -0.901195 -0.382894 0.203077
v 0.201692 0.065551 0.142039
vt 0.362345 0.859175
vn -0.931466 -0.300606 0.204958
v 0.202658 0.065802 0.146896
vt 0.653989 0.862981
vn -0.931734 -0.299706 0.205057
v 0.209230 0.039931 0.146929
vt 0.682014 0.818877
vn -0.961807 -0.158910 0.222877
v 0.201692 0.065551 0.142039
vt 0.645406 0.857967
vn -0.931466 -0.300606 0.204958
v 0.208052 0.040088 0.141999
vt 0.672254 0.815786
vn -0.961925 -0.162635 0.219657
v 0.207867 0.036346 0.147107
vt 0.682901 0.811913
vn -0.278239 0.934074 0.223805
v 0.203971 0.035194 0.147085
vt 0.679330 0.805026
vn -0.180800 0.960087 0.213410
v 0.206417 0.037134 0.142026
vt 0.673176 0.812251
vn -0.278239 0.934074 0.223805
v 0.203190 0.036159 0.142079
vt 0.669756 0.808953
vn -0.172107 0.961904 0.212416
v 0.207867 0.036346 0.147107
vt 0.682901 0.811913
vn -0.872663 0.408481 0.267586
v 0.206417 0.037134 0.142026
vt 0.673176 0.812251
vn -0.872663 0.408481 0.267586
v 0.170031 0.031322 0.140446
vt 0.631565 0.755792
vn -0.151239 0.965977 0.209800
v 0.189539 0.097011 0.147030
vt 0.317081 0.811491
vn 0.062477 -0.899799 0.431808
v 0.183434 0.097307 0.147282
vt 0.319845 0.800947
vn 0.419279 -0.872480 0.250965
v 0.198190 0.108929 0.169367
vt 0.260687 0.815780
vn 0.062477 -0.899799 0.431808
v 0.194053 0.109820 0.173071
vt 0.256980 0.803807
vn 0.390483 -0.880555 0.268600
v 0.156734 0.081896 0.140952
vt 0.364760 0.759497
vn 0.443380 -0.865221 0.234107
v 0.145825 0.083252 0.166691
vt 0.330007 0.716058
vn 0.443255 -0.865302 0.234044
v 0.156734 0.081896 0.140952
vt 0.364760 0.759497
vn 0.451471 -0.867684 0.208083
v 0.183434 0.097307 0.147282
vt 0.319845 0.800947
vn 0.295066 -0.928005 0.227469
v 0.182791 0.095709 0.142011
vt 0.330605 0.804304
vn 0.353855 -0.908783 0.221134
v 0.189539 0.097011 0.147030
vt 0.317081 0.811491
vn -0.857720 -0.466204 0.216728
v 0.188709 0.096042 0.142189
vt 0.326298 0.810600
vn -0.857720 -0.466204 0.216728
v 0.189539 0.097011 0.147030
vt 0.317081 0.811491
vn 0.004484 -0.969361 0.245601
v 0.188709 0.096042 0.142189
vt 0.326298 0.810600
vn 0.004484 -0.969361 0.245601
v 0.125283 0.172369 0.147000
vt 0.136307 0.621618
vn -0.575448 -0.791634 0.205365
v 0.145583 0.155649 0.146984
vt 0.173718 0.657514
vn -0.648729 -0.733012 0.204560
v 0.124621 0.171572 0.141964
vt 0.143207 0.614002
vn -0.574779 -0.792100 0.205444
v 0.145196 0.154619 0.141964
vt 0.180866 0.650074
vn -0.652311 -0.729705 0.204990
v 0.155030 0.145991 0.147132
vt 0.192973 0.673506
vn -0.944400 0.213793 0.249802
v 0.153969 0.141104 0.147089
vt 0.202021 0.672271
vn -0.773190 0.607774 0.181076
v 0.153694 0.145712 0.142106
vt 0.195397 0.663912
vn -0.944400 0.213793 0.249802
v 0.152473 0.140758 0.141946
vt 0.200461 0.661440
vn -0.734326 0.657788 0.167571
v 0.153694 0.145712 0.142106
vt 0.195397 0.663912
vn -0.704721 -0.677953 0.209160
v 0.155030 0.145991 0.147132
vt 0.192973 0.673506
vn -0.704721 -0.677953 0.209160
v 0.121642 0.112342 0.139936
vt 0.271517 0.620738
vn -0.675526 0.722368 0.147813
v 0.246735 0.116099 0.175828
vt 0.208159 0.905762
vn 0.019183 0.010699 0.999759
v 0.267857 0.051091 0.175831
vt 0.801448 0.900136
vn 0.014878 0.001970 0.999887
v 0.267857 -0.051103 0.175834
vt 0.925856 0.750049
vn 0.020271 -0.002606 0.999791
v 0.055742 0.008945 0.131694
vt 0.530819 0.521154
vn -0.499495 -0.845261 0.189837
v 0.055792 0.011162 0.142547
vt 0.520558 0.541477
vn -0.499400 -0.845307 0.189883
v 0.070213 0.004467 0.147675
vt 0.545216 0.560936
vn -0.482316 -0.848068 0.219437
v 0.068581 0.001157 0.130348
vt 0.556644 0.527066
vn -0.482323 -0.848268 0.218645
v 0.083780 -0.001994 0.150657
vt 0.571623 0.574262
vn -0.413225 -0.880963 0.230542
v 0.082845 -0.008644 0.126037
vt 0.590922 0.526308
vn -0.392587 -0.890403 0.230343
v 0.096439 -0.006656 0.153424
vt 0.595046 0.586810
vn -0.249615 -0.951639 0.179097
v 0.086311 -0.010077 0.121961
vt 0.600730 0.520929
vn -0.246328 -0.952912 0.176866
v 0.109378 -0.009365 0.156097
vt 0.617304 0.600538
vn -0.198516 -0.962196 0.186469
v 0.110379 -0.015756 0.123520
vt 0.646130 0.540538
vn -0.210333 -0.960607 0.181645
v 0.090991 -0.014168 0.102836
vt 0.624296 0.487968
vn -0.236834 -0.956431 0.170731
v 0.166325 -0.017246 0.166558
vt 0.715186 0.663618
vn -0.166236 -0.963148 0.211453
v 0.138088 -0.018868 0.135035
vt 0.688750 0.582963
vn -0.176033 -0.964619 0.196270
v 0.167653 -0.023135 0.140385
vt 0.739345 0.615509
vn -0.164622 -0.962421 0.215977
v 0.166325 -0.017246 0.166558
vt 0.715186 0.663618
vn -0.166205 -0.963123 0.211588
v 0.093663 0.062482 0.157315
vt 0.397874 0.623346
vn -0.157203 -0.121403 0.980076
v 0.098162 0.056241 0.156842
vt 0.408286 0.634790
vn -0.151027 -0.127440 0.980281
v 0.142050 0.088884 0.167323
vt 0.320526 0.706747
vn -0.081231 -0.162929 0.983288
v 0.145825 0.083252 0.166691
vt 0.330007 0.716058
vn -0.078218 -0.162432 0.983615
v 0.193613 0.116103 0.174141
vt 0.244159 0.799420
vn -0.039926 -0.086133 0.995483
v 0.194053 0.109820 0.173071
vt 0.256980 0.803807
vn -0.034105 -0.158612 0.986752
v 0.080815 0.039241 0.130684
vt 0.482148 0.624819
vn 0.553649 -0.591321 0.586355
v 0.080234 0.036664 0.130248
vt 0.487908 0.623124
vn 0.422088 0.240982 0.873939
v 0.101671 0.020949 0.136096
vt 0.548671 0.639800
vn -0.001919 0.661876 0.749611
v 0.092188 0.024819 0.133209
vt 0.526667 0.630639
vn 0.154966 0.657205 0.737609
v 0.082722 0.032437 0.130435
vt 0.499099 0.624252
vn 0.270038 0.541818 0.795935
v 0.088260 0.027924 0.132059
vt 0.515460 0.627724
vn 0.215564 0.624166 0.750965
v 0.193136 0.116925 0.174045
vt 0.242711 0.797963
vn -0.064923 0.001673 0.997889
v 0.141424 0.089852 0.167059
vt 0.318932 0.705060
vn -0.232046 0.116494 0.965704
v 0.142050 0.088884 0.167323
vt 0.320526 0.706747
vn -0.225099 0.112958 0.967766
v 0.092962 0.063561 0.156903
vt 0.396063 0.621306
vn -0.453333 0.441058 0.774569
v 0.093663 0.062482 0.157315
vt 0.397874 0.623346
vn -0.436030 0.409493 0.801370
v 0.043859 0.035578 0.141052
vt 0.470248 0.531547
vn -0.562340 0.562076 0.606501
v 0.046017 0.035013 0.144355
vt 0.472539 0.539323
vn -0.529803 0.563273 0.634061
v 0.041064 0.030289 0.143114
vt 0.480035 0.529432
vn -0.739535 0.465057 0.486632
v 0.039726 0.030972 0.140244
vt 0.478021 0.523565
vn -0.760321 0.434444 0.482877
v 0.039350 0.026451 0.142377
vt 0.485699 0.525033
vn -0.875699 0.025693 0.482174
v 0.037717 0.026275 0.139464
vt 0.485348 0.518669
vn -0.874840 -0.034312 0.483194
v 0.040669 0.022692 0.142109
vt 0.491882 0.525767
vn -0.731304 -0.534447 0.423747
v 0.039470 0.022215 0.139495
vt 0.492546 0.520149
vn -0.746362 -0.507744 0.430278
v 0.044187 0.019420 0.142398
vt 0.498373 0.530166
vn -0.568716 -0.722800 0.392584
v 0.044139 0.018260 0.140017
vt 0.501530 0.525770
vn -0.561619 -0.727586 0.393958
v 0.056209 0.012110 0.144732
vt 0.518230 0.545889
vn -0.522133 -0.748932 0.408017
v 0.055792 0.011162 0.142547
vt 0.520558 0.541477
vn -0.525128 -0.748019 0.405842
v 0.070213 0.004467 0.147675
vt 0.545216 0.560936
vn -0.501027 -0.754935 0.423138
v 0.062746 0.067247 0.102724
vt 0.372574 0.488945
vn -0.649418 0.728602 0.217706
v 0.260930 -0.084661 0.173429
vt 0.972821 0.701236
vn 0.951052 -0.309031 -0.000019
v 0.269462 -0.051477 0.173502
vt 0.930448 0.753512
vn 0.982301 -0.187308 0.000018
v 0.260930 -0.084661 0.163325
vt 0.988799 0.713807
vn 0.950924 -0.309423 0.000019
v 0.269462 -0.051477 0.163398
vt 0.946255 0.766328
vn 0.982223 -0.187718 0.000018
v 0.273792 -0.017283 0.173512
vt 0.888215 0.802964
vn 0.998019 -0.062910 -0.000016
v 0.273792 -0.017283 0.163408
vt 0.903903 0.816021
vn 0.998019 -0.062910 -0.000016
v 0.273789 0.017183 0.173509
vt 0.847002 0.853551
vn 0.998027 0.062791 0.000016
v 0.273789 0.017183 0.163405
vt 0.862772 0.866404
vn 0.998027 0.062791 0.000016
v 0.269471 0.051378 0.173508
vt 0.805788 0.903874
vn 0.982269 0.187479 0.000054
v 0.269471 0.051378 0.163404
vt 0.821346 0.917023
vn 0.982269 0.187479 0.000054
v 0.260891 0.084759 0.173503
vt 0.761848 0.955968
vn 0.951059 0.309008 0.000019
v 0.260891 0.084759 0.163399
vt 0.777344 0.969198
vn 0.951071 0.308973 0.000058
v 0.260891 0.084759 0.173503
vt 0.249018 0.960868
vn 0.951059 0.309008 0.000019
v 0.248210 0.116807 0.173515
vt 0.203953 0.909613
vn 0.904817 0.425800 0.000020
v 0.260891 0.084759 0.163399
vt 0.233908 0.974468
vn 0.951071 0.308973 0.000058
v 0.248210 0.116807 0.163411
vt 0.188774 0.923171
vn 0.904817 0.425800 0.000020
v 0.231596 0.147003 0.173495
vt 0.161749 0.860263
vn 0.844342 0.535804 0.000063
v 0.231596 0.147003 0.163391
vt 0.146388 0.873687
vn 0.844292 0.535883 0.000021
v 0.211346 0.174892 0.173495
vt 0.118787 0.811450
vn 0.770525 0.637410 0.000021
v 0.211346 0.174892 0.163391
vt 0.103935 0.825439
vn 0.770469 0.637478 0.000064
v 0.187745 0.200006 0.173455
vt 0.072135 0.765833
vn 0.684408 0.729099 0.000022
v 0.187745 0.200006 0.163351
vt 0.057325 0.779686
vn 0.684296 0.729204 0.000065
v 0.161148 0.221999 0.173429
vt 0.026661 0.715241
vn 0.587800 0.809006 0.000064
v 0.161148 0.221999 0.163325
vt 0.011383 0.728802
vn 0.587876 0.808951 0.000021
v 0.125283 0.172369 0.147000
vt 0.861897 0.612425
vn -0.499388 -0.691490 0.521970
v 0.103059 0.186596 0.147085
vt 0.825549 0.649194
vn -0.434111 -0.735722 0.519866
v 0.132859 0.183227 0.168715
vt 0.893271 0.648672
vn -0.499035 -0.691855 0.521825
v 0.109411 0.198106 0.168711
vt 0.853259 0.690669
vn -0.433742 -0.736136 0.519588
v 0.095279 0.190397 0.147111
vt 0.813235 0.659132
vn -0.374242 -0.768439 0.519080
v 0.096790 0.204439 0.168980
vt 0.829381 0.711634
vn -0.374242 -0.768439 0.519080
v 0.026678 0.211331 0.146929
vt 0.682014 0.818877
vn -0.097740 -0.843385 0.528346
v 0.000042 0.213075 0.146896
vt 0.653989 0.862981
vn -0.001617 -0.852917 0.522043
v 0.028583 0.224519 0.168718
vt 0.729985 0.837360
vn -0.095540 -0.843917 0.527898
v -0.000075 0.226498 0.168777
vt 0.695875 0.885739
vn -0.001239 -0.852931 0.522023
v 0.000042 0.213075 0.146896
vt 0.354275 0.864885
vn -0.001617 -0.852917 0.522043
v -0.026599 0.211410 0.146888
vt 0.323804 0.822741
vn 0.084786 -0.849612 0.520548
v -0.000075 0.226498 0.168777
vt 0.313153 0.889652
vn -0.001239 -0.852931 0.522023
v -0.028313 0.224644 0.168747
vt 0.277672 0.843379
vn 0.085865 -0.849478 0.520590
v -0.033694 0.210242 0.147030
vt 0.317081 0.811491
vn 0.164068 -0.840348 0.516621
v -0.042356 0.222153 0.169367
vt 0.260687 0.815780
vn 0.164068 -0.840348 0.516621
v -0.103045 0.186558 0.146984
vt 0.173718 0.657514
vn 0.425260 -0.738201 0.523653
v -0.125220 0.172418 0.147000
vt 0.136307 0.621618
vn 0.502972 -0.688857 0.522010
v -0.109491 0.198501 0.168823
vt 0.145517 0.699493
vn 0.424341 -0.738704 0.523690
v -0.133205 0.182979 0.168715
vt 0.103973 0.657686
vn 0.503698 -0.688449 0.521849
v 0.132224 0.240368 0.173502
vt 0.930448 0.753512
vn 0.389570 0.699464 0.599154
v 0.161148 0.221999 0.173429
vt 0.972821 0.701236
vn 0.463559 0.637730 0.615153
v 0.131373 0.238957 0.175834
vt 0.925856 0.750049
vn 0.388574 0.700484 0.598609
v 0.159918 0.220278 0.175887
vt 0.967478 0.697486
vn 0.464181 0.637270 0.615162
v 0.101042 0.255053 0.173512
vt 0.888215 0.802964
vn 0.301157 0.758850 0.577452
v 0.100388 0.253539 0.175836
vt 0.883731 0.799351
vn 0.300087 0.759297 0.577422
v 0.068262 0.265701 0.173509
vt 0.847002 0.853551
vn 0.203453 0.791152 0.576789
v 0.067819 0.264122 0.175835
vt 0.842513 0.849989
vn 0.202656 0.791377 0.576761
v 0.034406 0.272161 0.173508
vt 0.805788 0.903874
vn 0.102568 0.811296 0.575568
v 0.034181 0.270538 0.175831
vt 0.801448 0.900136
vn 0.102084 0.811379 0.575538
v 0.000008 0.274316 0.173503
vt 0.761848 0.955968
vn 0.000064 0.817986 0.575238
v 0.000004 0.272687 0.175829
vt 0.757683 0.952050
vn -0.000021 0.818000 0.575217
v -0.034390 0.272159 0.173515
vt 0.203953 0.909613
vn -0.102803 0.811493 0.575248
v 0.000008 0.274316 0.173503
vt 0.249018 0.960868
vn 0.000064 0.817986 0.575238
v -0.034173 0.270538 0.175828
vt 0.208159 0.905762
vn -0.102512 0.811572 0.575188
v 0.000004 0.272687 0.175829
vt 0.253065 0.956845
vn -0.000021 0.818000 0.575217
v -0.068243 0.265689 0.173495
vt 0.161749 0.860263
vn -0.204000 0.792673 0.574503
v -0.067810 0.264120 0.175825
vt 0.166093 0.856544
vn -0.203418 0.792795 0.574541
v -0.101024 0.255049 0.173495
vt 0.118787 0.811450
vn -0.302623 0.762389 0.571998
v -0.100379 0.253539 0.175826
vt 0.123057 0.807547
vn -0.302119 0.762553 0.572046
v -0.132202 0.240363 0.173455
vt 0.072135 0.765833
vn -0.392004 0.703866 0.592373
v -0.131366 0.238963 0.175837
vt 0.076491 0.762025
vn -0.391125 0.704706 0.591955
v -0.161338 0.221865 0.173429
vt 0.026661 0.715241
vn -0.463332 0.637968 0.615078
v -0.160081 0.220163 0.175887
vt 0.031827 0.711206
vn -0.463106 0.638103 0.615108
v 0.132859 0.183227 0.168715
vt 0.893271 0.648672
vn -0.101516 -0.139339 0.985027
v 0.109411 0.198106 0.168711
vt 0.853259 0.690669
vn -0.084617 -0.148615 0.985268
v 0.157161 0.216308 0.175905
vt 0.959483 0.692044
vn -0.088413 -0.120730 0.988740
v 0.128812 0.234300 0.175906
vt 0.917646 0.743435
vn -0.074834 -0.132031 0.988417
v 0.096790 0.204439 0.168980
vt 0.829381 0.711634
vn -0.070318 -0.153202 0.985690
v 0.109653 0.244408 0.175924
vt 0.891583 0.775861
vn -0.069431 -0.151105 0.986076
v 0.069394 0.212678 0.172980
vt 0.786915 0.762390
vn -0.117027 -0.093530 0.988715
v 0.066499 0.258984 0.175911
vt 0.834484 0.843205
vn -0.031713 -0.054410 0.998015
v 0.085369 0.208917 0.173872
vt 0.811383 0.737058
vn -0.072523 -0.071619 0.994792
v 0.098434 0.248609 0.175911
vt 0.875541 0.792887
vn -0.020405 -0.046420 0.998714
v 0.049083 0.262304 0.175913
vt 0.812297 0.869312
vn -0.511118 0.030061 0.858985
v 0.039146 0.219828 0.171488
vt 0.741907 0.811649
vn -0.511118 0.030061 0.858985
v 0.035039 0.223646 0.168910
vt 0.737789 0.824867
vn -0.511118 0.030061 0.858985
v 0.028583 0.224519 0.168718
vt 0.729985 0.837360
vn -0.017531 -0.170849 0.985141
v -0.000075 0.226498 0.168777
vt 0.695875 0.885739
vn 0.000088 -0.172123 0.985075
v 0.033515 0.265266 0.175906
vt 0.793459 0.893215
vn -0.015430 -0.148824 0.988743
v 0.000004 0.267375 0.175906
vt 0.750203 0.944478
vn -0.000121 -0.147909 0.989001
v -0.000075 0.226498 0.168777
vt 0.313153 0.889652
vn 0.000088 -0.172123 0.985075
v -0.028313 0.224644 0.168747
vt 0.277672 0.843379
vn 0.022397 -0.167111 0.985684
v 0.000004 0.267375 0.175906
vt 0.260359 0.949108
vn -0.000121 -0.147909 0.989001
v -0.033507 0.265268 0.175906
vt 0.215928 0.898656
vn 0.020093 -0.147110 0.988916
v -0.042356 0.222153 0.169367
vt 0.260687 0.815780
vn 0.043091 -0.158532 0.986413
v -0.054559 0.262172 0.175923
vt 0.188630 0.868357
vn 0.042497 -0.156327 0.986791
v -0.051521 0.219817 0.174045
vt 0.242711 0.797963
vn -0.002726 -0.098011 0.995182
v -0.086767 0.205609 0.172650
vt 0.192137 0.733525
vn -0.003206 -0.101927 0.994787
v -0.066493 0.258989 0.175912
vt 0.173741 0.849537
vn 0.001173 -0.053603 0.998562
v -0.098429 0.248613 0.175917
vt 0.130779 0.800569
vn 0.002785 -0.053824 0.998547
v -0.109491 0.198501 0.168823
vt 0.145517 0.699493
vn 0.080877 -0.149639 0.985427
v -0.133205 0.182979 0.168715
vt 0.103973 0.657686
vn 0.101087 -0.139540 0.985043
v -0.128806 0.234305 0.175905
vt 0.084116 0.754857
vn 0.071976 -0.133440 0.988440
v -0.157157 0.216314 0.175905
vt 0.039786 0.705570
vn 0.087483 -0.121438 0.988736
v 0.159918 0.220278 0.175887
vt 0.967478 0.697486
vn 0.004988 0.006995 0.999963
v 0.131373 0.238957 0.175834
vt 0.925856 0.750049
vn 0.004778 0.008675 0.999951
v 0.109653 0.244408 0.175924
vt 0.891583 0.775861
vn 0.003583 -0.040812 0.999160
v 0.100388 0.253539 0.175836
vt 0.883731 0.799351
vn 0.004679 0.014098 0.999890
v 0.067819 0.264122 0.175835
vt 0.842513 0.849989
vn 0.003897 0.013678 0.999899
v 0.049083 0.262304 0.175913
vt 0.812297 0.869312
vn -0.037207 -0.163513 0.985839
v 0.034181 0.270538 0.175831
vt 0.801448 0.900136
vn 0.001100 0.014174 0.999899
v 0.000004 0.272687 0.175829
vt 0.757683 0.952050
vn -0.000015 0.014472 0.999895
v 0.000004 0.272687 0.175829
vt 0.253065 0.956845
vn -0.000015 0.014472 0.999895
v -0.034173 0.270538 0.175828
vt 0.208159 0.905762
vn -0.001100 0.014582 0.999893
v -0.054559 0.262172 0.175923
vt 0.188630 0.868357
vn 0.005184 -0.021409 0.999757
v -0.066493 0.258989 0.175912
vt 0.173741 0.849537
vn 0.002299 -0.037433 0.999297
v -0.067810 0.264120 0.175825
vt 0.166093 0.856544
vn -0.004821 0.017897 0.999828
v -0.067810 0.264120 0.175825
vt 0.166093 0.856544
vn -0.005126 0.016095 0.999857
v -0.100379 0.253539 0.175826
vt 0.123057 0.807547
vn -0.005528 0.015089 0.999871
v -0.108010 0.244096 0.175893
vt 0.116768 0.785613
vn -0.008118 -0.146914 0.989116
v -0.131366 0.238963 0.175837
vt 0.076491 0.762025
vn -0.004313 0.008796 0.999952
v -0.160081 0.220163 0.175887
vt 0.031827 0.711206
vn -0.005112 0.006996 0.999962
v 0.092170 0.203657 0.173260
vt 0.817911 0.719857
vn -0.010527 -0.098216 0.995109
v 0.035039 0.223646 0.168910
vt 0.737789 0.824867
vn -0.038014 -0.167039 0.985217
v -0.091055 0.207255 0.169172
vt 0.180351 0.728234
vn 0.064772 -0.155023 0.985785
v 0.029665 0.208927 0.147107
vt 0.682901 0.811913
vn -0.293010 -0.782327 0.549645
v 0.035039 0.223646 0.168910
vt 0.737789 0.824867
vn -0.293010 -0.782327 0.549645
v -0.090941 0.192558 0.147132
vt 0.192973 0.673506
vn 0.363982 -0.771036 0.522514
v -0.091055 0.207255 0.169172
vt 0.180351 0.728234
vn 0.363982 -0.771036 0.522514
v 0.109653 0.244408 0.175924
vt 0.891583 0.775861
vn 0.670788 -0.331238 0.663570
v 0.096790 0.204439 0.168980
vt 0.829381 0.711634
vn 0.670788 -0.331238 0.663570
v 0.092170 0.203657 0.173260
vt 0.817911 0.719857
vn 0.670788 -0.331238 0.663570
v -0.091055 0.207255 0.169172
vt 0.180351 0.728234
vn -0.330109 -0.258721 0.907795
v -0.086767 0.205609 0.172650
vt 0.192137 0.733525
vn -0.330109 -0.258721 0.907795
v -0.103172 0.246379 0.175915
vt 0.124009 0.792883
vn -0.130619 -0.119918 0.984154
v -0.044481 0.218494 0.173071
vt 0.256980 0.803807
vn 0.790489 0.143452 0.595440
v -0.054559 0.262172 0.175923
vt 0.188630 0.868357
vn 0.790489 0.143452 0.595440
v -0.042356 0.222153 0.169367
vt 0.260687 0.815780
vn 0.790489 0.143452 0.595440
v 0.039146 0.219828 0.171488
vt 0.741907 0.811649
vn -0.125212 -0.140714 0.982101
v 0.049083 0.262304 0.175913
vt 0.812297 0.869312
vn -0.012812 -0.067417 0.997643
v -0.090941 0.192558 0.147132
vt 0.192973 0.673506
vn -0.528408 -0.717779 0.453407
v -0.091055 0.207255 0.169172
vt 0.180351 0.728234
vn -0.528408 -0.717779 0.453407
v -0.086620 0.190038 0.147089
vt 0.202021 0.672271
vn -0.849725 -0.450123 0.274513
v -0.086767 0.205609 0.172650
vt 0.192137 0.733525
vn -0.832812 -0.472115 0.289019
v -0.063849 0.155033 0.165073
vt 0.290065 0.669678
vn -0.028004 -0.162939 0.986239
v -0.041753 0.162270 0.167059
vt 0.318932 0.705060
vn -0.026834 -0.161342 0.986534
v -0.042252 0.103643 0.154031
vt 0.382216 0.601946
vn -0.085313 -0.238132 0.967479
v -0.031725 0.108056 0.156903
vt 0.396063 0.621306
vn -0.080932 -0.232541 0.969213
v -0.020285 0.052708 0.141052
vt 0.470248 0.531547
vn -0.132828 -0.298227 0.945208
v -0.019081 0.054587 0.144355
vt 0.472539 0.539323
vn -0.012236 -0.227116 0.973791
v -0.014307 0.061230 0.146699
vt 0.475697 0.556087
vn 0.004373 -0.219038 0.975707
v -0.016118 0.048416 0.143114
vt 0.480035 0.529432
vn -0.034514 -0.266642 0.963178
v -0.011587 0.057479 0.145740
vt 0.483695 0.550131
vn -0.052724 -0.263227 0.963292
v -0.012998 0.045600 0.142377
vt 0.485699 0.525033
vn 0.026881 -0.279919 0.959647
v -0.009555 0.056502 0.145438
vt 0.487950 0.548713
vn 0.037492 -0.285104 0.957763
v 0.005851 0.057203 0.144732
vt 0.518230 0.545889
vn 0.050364 -0.297124 0.953510
v -0.004817 0.048027 0.142398
vt 0.498373 0.530166
vn 0.067173 -0.301825 0.950994
v 0.001571 0.062483 0.146615
vt 0.511158 0.558597
vn 0.049861 -0.296807 0.953635
v -0.007062 0.056731 0.145407
vt 0.492626 0.549251
vn 0.064966 -0.302698 0.950870
v 0.027785 0.079066 0.150657
vt 0.571623 0.574262
vn 0.022290 -0.274600 0.961300
v 0.017447 0.068159 0.147675
vt 0.545216 0.560936
vn 0.031088 -0.285041 0.958011
v 0.022965 0.082858 0.151835
vt 0.565341 0.585255
vn 0.022293 -0.274828 0.961235
v 0.012479 0.072539 0.149105
vt 0.537993 0.572666
vn 0.031569 -0.285211 0.957945
v 0.042705 0.101133 0.156097
vt 0.617304 0.600538
vn 0.001891 -0.198027 0.980195
v 0.036130 0.089664 0.153424
vt 0.595046 0.586810
vn 0.029991 -0.258815 0.965461
v 0.037546 0.103844 0.157012
vt 0.611173 0.610558
vn 0.001277 -0.197327 0.980337
v 0.031168 0.092735 0.154389
vt 0.588788 0.596932
vn 0.029799 -0.259041 0.965407
v 0.067798 0.152857 0.166558
vt 0.715186 0.663618
vn -0.012621 -0.152811 0.988175
v 0.059972 0.156281 0.166751
vt 0.706230 0.677850
vn -0.012415 -0.153613 0.988053
v 0.037546 0.103844 0.157012
vt 0.611173 0.610558
vn -0.239435 -0.081240 0.967508
v 0.031168 0.092735 0.154389
vt 0.588788 0.596932
vn -0.226733 -0.081340 0.970555
v 0.035808 0.104671 0.156646
vt 0.608816 0.613668
vn -0.488318 -0.017818 0.872484
v 0.029246 0.093896 0.154047
vt 0.586129 0.600615
vn -0.603492 0.149789 0.783173
v 0.059972 0.156281 0.166751
vt 0.706230 0.677850
vn -0.331034 -0.054008 0.942072
v 0.022965 0.082858 0.151835
vt 0.565341 0.585255
vn -0.207717 -0.064034 0.976091
v 0.012479 0.072539 0.149105
vt 0.537993 0.572666
vn -0.182115 -0.058033 0.981563
v 0.020914 0.084342 0.151486
vt 0.562329 0.589471
vn -0.556234 0.294799 0.776979
v 0.010786 0.074170 0.148874
vt 0.535429 0.576756
vn -0.496850 0.352594 0.792980
v 0.001571 0.062483 0.146615
vt 0.511158 0.558597
vn -0.144407 -0.048917 0.988309
v 0.000257 0.064539 0.146568
vt 0.509079 0.563142
vn -0.386256 0.380273 0.840357
v -0.007062 0.056731 0.145407
vt 0.492626 0.549251
vn -0.107130 -0.028312 0.993842
v -0.008100 0.059141 0.145330
vt 0.489742 0.554424
vn -0.128832 0.405073 0.905162
v -0.009555 0.056502 0.145438
vt 0.487950 0.548713
vn 0.094077 0.014368 0.995461
v -0.011587 0.057479 0.145740
vt 0.483695 0.550131
vn 0.193790 -0.011823 0.980972
v -0.011032 0.060869 0.145560
vt 0.482917 0.557513
vn 0.508873 0.357648 0.783030
v -0.014307 0.061230 0.146699
vt 0.475697 0.556087
vn 0.360258 -0.088998 0.928598
v -0.012810 0.064698 0.146517
vt 0.475754 0.563706
vn 0.870588 0.145661 0.469957
v -0.023156 0.110739 0.156842
vt 0.408286 0.634790
vn 0.959729 0.156396 0.233369
v -0.020285 0.052708 0.141052
vt 0.470248 0.531547
vn -0.836899 -0.460113 0.296473
v -0.017181 0.047355 0.140244
vt 0.478021 0.523565
vn -0.760030 -0.609926 0.224377
v -0.023690 0.053933 0.131197
vt 0.456398 0.515179
vn -0.837150 -0.457346 0.300023
v -0.018252 0.045348 0.131452
vt 0.472893 0.505897
vn -0.737572 -0.636692 0.224969
v 0.041744 0.162715 0.161780
vt 0.681170 0.708254
vn -0.288226 -0.107229 0.951539
v 0.017042 0.124521 0.143478
vt 0.588202 0.670151
vn -0.469937 -0.050808 0.881236
v 0.014368 0.112342 0.139332
vt 0.566833 0.652395
vn -0.649854 0.016871 0.759872
v 0.026770 0.167871 0.158187
vt 0.660153 0.732248
vn -0.189036 -0.188422 0.963723
v -0.013743 0.091968 0.131813
vt 0.475551 0.628357
vn 0.955104 0.172070 0.241182
v -0.029456 0.174372 0.140952
vt 0.364760 0.759497
vn 0.959873 0.154372 0.234120
v -0.019155 0.125176 0.130886
vt 0.436449 0.686546
vn 0.960164 0.155890 0.231911
v -0.034116 0.164416 0.166691
vt 0.330007 0.716058
vn 0.959967 0.154081 0.233929
v 0.004882 0.095348 0.133209
vt 0.526667 0.630639
vn -0.733450 0.626792 0.263027
v 0.003793 0.101037 0.115728
vt 0.517234 0.665006
vn -0.701742 0.659800 0.268741
v 0.011493 0.103171 0.136096
vt 0.548671 0.639800
vn -0.901046 0.355978 0.247781
v 0.008189 0.106176 0.120215
vt 0.530441 0.665177
vn -0.867028 0.431684 0.248819
v 0.000715 0.092571 0.132059
vt 0.515460 0.627724
vn -0.566221 0.770714 0.292221
v -0.000221 0.098924 0.113100
vt 0.508871 0.666216
vn -0.561451 0.773404 0.294311
v 0.014368 0.112342 0.139332
vt 0.566833 0.652395
vn -0.957870 0.156864 0.240579
v 0.011320 0.114717 0.125676
vt 0.547488 0.671625
vn -0.955489 0.170493 0.240775
v 0.017042 0.124521 0.143478
vt 0.588202 0.670151
vn -0.960974 0.131667 0.243296
v 0.014203 0.126749 0.131097
vt 0.568400 0.686485
vn -0.961078 0.131294 0.243087
v 0.026770 0.167871 0.158187
vt 0.660153 0.732248
vn -0.955574 0.143987 0.257189
v 0.022752 0.171391 0.140446
vt 0.631565 0.755792
vn -0.956106 0.142871 0.255829
v -0.012349 0.088988 0.130684
vt 0.482148 0.624819
vn 0.868295 0.387170 0.310103
v -0.011120 0.099325 0.114349
vt 0.488029 0.664656
vn 0.857103 0.404760 0.318661
v -0.010077 0.087639 0.130248
vt 0.487908 0.623124
vn 0.266290 0.849553 0.455357
v -0.008696 0.097375 0.111713
vt 0.494183 0.666708
vn 0.181283 0.872556 0.453633
v -0.005288 0.088699 0.130435
vt 0.499099 0.624252
vn -0.333549 0.865702 0.373236
v -0.004136 0.097144 0.111248
vt 0.501506 0.667714
vn -0.342855 0.863188 0.370618
v -0.013533 0.105401 0.120163
vt 0.474971 0.665843
vn 0.958590 0.169389 0.228938
v 0.096790 0.204439 0.168980
vt 0.829381 0.711634
vn 0.528112 -0.730384 0.433171
v 0.095279 0.190397 0.147111
vt 0.813235 0.659132
vn 0.528112 -0.730384 0.433171
v 0.092170 0.203657 0.173260
vt 0.817911 0.719857
vn 0.831412 -0.495234 0.251989
v 0.090331 0.186569 0.146725
vt 0.802023 0.656693
vn 0.850830 -0.470447 0.234025
v 0.103059 0.186596 0.147085
vt 0.825549 0.649194
vn -0.501025 -0.838410 0.214576
v 0.125283 0.172369 0.147000
vt 0.861897 0.612425
vn -0.575448 -0.791634 0.205365
v 0.102011 0.185990 0.142240
vt 0.818599 0.642363
vn -0.494209 -0.841987 0.216366
v 0.124621 0.171572 0.141964
vt 0.854687 0.605152
vn -0.574779 -0.792100 0.205444
v 0.094747 0.189078 0.142130
vt 0.809802 0.649526
vn 0.624590 -0.758439 0.186168
v 0.090766 0.185446 0.142084
vt 0.803705 0.647108
vn 0.828609 -0.525549 0.192888
v 0.095279 0.190397 0.147111
vt 0.813235 0.659132
vn 0.624590 -0.758439 0.186168
v 0.090331 0.186569 0.146725
vt 0.802023 0.656693
vn 0.807311 -0.557631 0.193120
v 0.094747 0.189078 0.142130
vt 0.809802 0.649526
vn -0.405515 -0.882586 0.237907
v 0.095279 0.190397 0.147111
vt 0.813235 0.659132
vn -0.405515 -0.882586 0.237907
v 0.073809 0.152300 0.140385
vt 0.739345 0.615509
vn 0.869743 -0.454802 0.191577
v -0.009015 0.045693 0.142109
vt 0.491882 0.525767
vn 0.074482 -0.294520 0.952738
v -0.013336 0.043992 0.139464
vt 0.485348 0.518669
vn -0.301198 -0.923496 0.237562
v -0.008932 0.044405 0.139495
vt 0.492546 0.520149
vn 0.382282 -0.902537 0.198213
v -0.013231 0.041838 0.131118
vt 0.485492 0.502357
vn -0.257028 -0.936699 0.237762
v -0.008085 0.043042 0.131575
vt 0.496560 0.504536
vn 0.379583 -0.903615 0.198485
v -0.003728 0.047623 0.140017
vt 0.501530 0.525770
vn 0.589887 -0.787742 0.177471
v -0.001365 0.047542 0.131719
vt 0.510693 0.511365
vn 0.596748 -0.782592 0.177317
v -0.042252 0.103643 0.154031
vt 0.382216 0.601946
vn -0.866979 -0.426115 0.258406
v -0.036851 0.073723 0.126807
vt 0.410388 0.525519
vn -0.849907 -0.439216 0.291115
v -0.039203 0.077096 0.121496
vt 0.398498 0.519207
vn -0.897069 -0.386306 0.214559
v -0.063849 0.155033 0.165073
vt 0.290065 0.669678
vn -0.865805 -0.426512 0.261665
v -0.069255 0.150406 0.139936
vt 0.271517 0.620738
vn -0.866313 -0.426035 0.260759
v -0.052882 0.110805 0.129416
vt 0.340091 0.564974
vn -0.866659 -0.432680 0.248376
v -0.048204 0.096276 0.119123
vt 0.358240 0.533080
vn -0.889670 -0.399682 0.220776
v 0.029558 0.204866 0.147085
vt 0.679330 0.805026
vn -0.951825 0.125862 0.279622
v 0.029665 0.208927 0.147107
vt 0.682901 0.811913
vn -0.845058 -0.281638 0.454486
v 0.039146 0.219828 0.171488
vt 0.741907 0.811649
vn -0.948234 0.063065 0.311248
v 0.035039 0.223646 0.168910
vt 0.737789 0.824867
vn -0.845058 -0.281638 0.454486
v -0.026599 0.211410 0.146888
vt 0.323804 0.822741
vn 0.084381 -0.975559 0.202889
v 0.000042 0.213075 0.146896
vt 0.354275 0.864885
vn -0.002915 -0.978741 0.205078
v -0.026661 0.210420 0.142030
vt 0.332245 0.817471
vn 0.085667 -0.975402 0.203105
v -0.000018 0.212079 0.142039
vt 0.362345 0.859175
vn -0.002008 -0.978764 0.204981
v 0.000042 0.213075 0.146896
vt 0.653989 0.862981
vn -0.002915 -0.978741 0.205078
v 0.026678 0.211331 0.146929
vt 0.682014 0.818877
vn -0.146036 -0.963848 0.222868
v -0.000018 0.212079 0.142039
vt 0.645406 0.857967
vn -0.002008 -0.978764 0.204981
v 0.026164 0.210259 0.141999
vt 0.672254 0.815786
vn -0.142611 -0.965097 0.219658
v 0.029665 0.208927 0.147107
vt 0.682901 0.811913
vn -0.974333 0.024077 0.223819
v 0.029558 0.204866 0.147085
vt 0.679330 0.805026
vn -0.968982 0.124670 0.213381
v 0.028468 0.207792 0.142026
vt 0.673176 0.812251
vn -0.974333 0.024077 0.223819
v 0.028399 0.204421 0.142079
vt 0.669756 0.808953
vn -0.968009 0.133595 0.212393
v 0.029665 0.208927 0.147107
vt 0.682901 0.811913
vn -0.658119 -0.703769 0.267559
v 0.028468 0.207792 0.142026
vt 0.673176 0.812251
vn -0.658119 -0.703769 0.267559
v 0.022752 0.171391 0.140446
vt 0.631565 0.755792
vn -0.965436 0.154693 0.209768
v -0.033694 0.210242 0.147030
vt 0.317081 0.811491
vn 0.875069 -0.218599 0.431820
v -0.035862 0.204528 0.147282
vt 0.319845 0.800947
vn 0.959305 0.129078 0.251145
v -0.042356 0.222153 0.169367
vt 0.260687 0.815780
vn 0.875069 -0.218599 0.431820
v -0.044481 0.218494 0.173071
vt 0.256980 0.803807
vn 0.958122 0.099201 0.268630
v -0.029456 0.174372 0.140952
vt 0.364760 0.759497
vn 0.964703 0.161296 0.208160
v -0.035862 0.204528 0.147282
vt 0.319845 0.800947
vn 0.973765 -0.006135 0.227473
v -0.034540 0.203422 0.142011
vt 0.330605 0.804304
vn 0.973644 0.055778 0.221146
v -0.033694 0.210242 0.147030
vt 0.317081 0.811491
vn 0.178362 -0.959789 0.216776
v -0.033028 0.209153 0.142189
vt 0.326298 0.810600
vn 0.178362 -0.959789 0.216776
v -0.033694 0.210242 0.147030
vt 0.317081 0.811491
vn 0.923315 -0.295245 0.245602
v -0.033028 0.209153 0.142189
vt 0.326298 0.810600
vn 0.923315 -0.295245 0.245602
v -0.125220 0.172418 0.147000
vt 0.136307 0.621618
vn 0.575071 -0.791912 0.205350
v -0.103045 0.186558 0.146984
vt 0.173718 0.657514
vn 0.496584 -0.843512 0.204673
v -0.124667 0.171543 0.141964
vt 0.143207 0.614002
vn 0.575357 -0.791688 0.205414
v -0.102184 0.185872 0.141964
vt 0.180866 0.650074
vn 0.492492 -0.845829 0.204999
v -0.090941 0.192558 0.147132
vt 0.192973 0.673506
vn -0.495214 -0.832110 0.249712
v -0.086620 0.190038 0.147089
vt 0.202021 0.672271
vn -0.816995 -0.547486 0.181049
v -0.091088 0.191201 0.142106
vt 0.195397 0.663912
vn -0.495214 -0.832110 0.249712
v -0.086753 0.188509 0.141946
vt 0.200461 0.661440
vn -0.852515 -0.495121 0.167553
v -0.091088 0.191201 0.142106
vt 0.195397 0.663912
vn 0.426987 -0.879720 0.209226
v -0.090941 0.192558 0.147132
vt 0.192973 0.673506
vn 0.426987 -0.879720 0.209226
v -0.069255 0.150406 0.139936
vt 0.271517 0.620738
vn -0.895785 -0.419200 0.147784
v -0.034173 0.270538 0.175828
vt 0.208159 0.905762
vn -0.004209 0.021484 0.999760
v 0.034181 0.270538 0.175831
vt 0.801448 0.900136
vn 0.002685 0.014668 0.999889
v 0.131373 0.238957 0.175834
vt 0.925856 0.750049
vn 0.008792 0.018477 0.999791
v 0.008716 0.055780 0.131694
vt 0.530819 0.521154
vn 0.649515 -0.736261 0.189866
v 0.006623 0.056513 0.142547
vt 0.520558 0.541477
vn 0.649566 -0.736217 0.189866
v 0.017447 0.068159 0.147675
vt 0.545216 0.560936
vn 0.657465 -0.720805 0.219496
v 0.020091 0.065584 0.130348
vt 0.556644 0.527066
vn 0.657681 -0.720854 0.218691
v 0.027785 0.079066 0.150657
vt 0.571623 0.574262
vn 0.710150 -0.665207 0.230623
v 0.033820 0.076121 0.126037
vt 0.590922 0.526308
vn 0.725468 -0.648547 0.230398
v 0.036130 0.089664 0.153424
vt 0.595046 0.586810
vn 0.827891 -0.531526 0.179100
v 0.036254 0.078975 0.121961
vt 0.600730 0.520929
vn 0.830166 -0.528705 0.176907
v 0.042705 0.101133 0.156097
vt 0.617304 0.600538
vn 0.853772 -0.486103 0.186489
v 0.049093 0.100110 0.123520
vt 0.646130 0.540538
vn 0.848612 -0.496836 0.181691
v 0.041591 0.082162 0.102836
vt 0.624296 0.487968
vn 0.836394 -0.520825 0.170842
v 0.067798 0.152857 0.166558
vt 0.715186 0.663618
vn 0.864615 -0.455741 0.211520
v 0.060614 0.125501 0.135035
vt 0.688750 0.582963
vn 0.862961 -0.465534 0.196410
v 0.073809 0.152300 0.140385
vt 0.739345 0.615509
vn 0.864395 -0.454032 0.216046
v 0.067798 0.152857 0.166558
vt 0.715186 0.663618
vn 0.864625 -0.455699 0.211569
v -0.030482 0.108389 0.157315
vt 0.397874 0.623346
vn 0.066862 -0.187030 0.980076
v -0.023156 0.110739 0.156842
vt 0.408286 0.634790
vn 0.074471 -0.182996 0.980289
v -0.040639 0.162566 0.167323
vt 0.320526 0.706747
vn 0.129861 -0.127627 0.983284
v -0.034116 0.164416 0.166691
vt 0.330007 0.716058
vn 0.130297 -0.124515 0.983625
v -0.050592 0.220017 0.174141
vt 0.244159 0.799420
vn 0.069473 -0.064510 0.995496
v -0.044481 0.218494 0.173071
vt 0.256980 0.803807
vn 0.140270 -0.081411 0.986761
v -0.012349 0.088988 0.130684
vt 0.482148 0.624819
vn 0.733416 0.343797 0.586434
v -0.010077 0.087639 0.130248
vt 0.487908 0.623124
vn -0.098739 0.475922 0.873927
v 0.011493 0.103171 0.136096
vt 0.548671 0.639800
vn -0.630118 0.202651 0.749589
v 0.004882 0.095348 0.133209
vt 0.526667 0.630639
vn -0.577188 0.350480 0.737576
v -0.005288 0.088699 0.130435
vt 0.499099 0.624252
vn -0.431918 0.424355 0.795845
v 0.000715 0.092571 0.132059
vt 0.515460 0.627724
vn -0.527030 0.397990 0.750895
v -0.051521 0.219817 0.174045
vt 0.242711 0.797963
vn -0.021620 -0.061231 0.997889
v -0.041753 0.162270 0.167059
vt 0.318932 0.705060
vn -0.182639 -0.184713 0.965673
v -0.040639 0.162566 0.167323
vt 0.320526 0.706747
vn -0.177040 -0.179222 0.967748
v -0.031725 0.108056 0.156903
vt 0.396063 0.621306
vn -0.559595 -0.294823 0.774554
v -0.030482 0.108389 0.157315
vt 0.397874 0.623346
vn -0.524152 -0.288115 0.801408
v -0.020285 0.052708 0.141052
vt 0.470248 0.531547
vn -0.708409 -0.361122 0.606422
v -0.019081 0.054587 0.144355
vt 0.472539 0.539323
vn -0.699405 -0.329817 0.634076
v -0.016118 0.048416 0.143114
vt 0.480035 0.529432
vn -0.670917 -0.559617 0.486518
v -0.017181 0.047355 0.140244
vt 0.478021 0.523565
vn -0.648138 -0.588827 0.482908
v -0.012998 0.045600 0.142377
vt 0.485699 0.525033
vn -0.295042 -0.824939 0.482105
v -0.013336 0.043992 0.139464
vt 0.485348 0.518669
vn -0.237745 -0.842641 0.483149
v -0.009015 0.045693 0.142109
vt 0.491882 0.525767
vn 0.282152 -0.860704 0.423766
v -0.008932 0.044405 0.139495
vt 0.492546 0.520149
vn 0.252163 -0.866745 0.430311
v -0.004817 0.048027 0.142398
vt 0.498373 0.530166
vn 0.511678 -0.764194 0.392676
v -0.003728 0.047623 0.140017
vt 0.501530 0.525770
vn 0.518351 -0.758998 0.393998
v 0.005851 0.057203 0.144732
vt 0.518230 0.545889
vn 0.550849 -0.728004 0.408136
v 0.006623 0.056513 0.142547
vt 0.520558 0.541477
vn 0.549042 -0.730624 0.405885
v 0.017447 0.068159 0.147675
vt 0.545216 0.560936
vn 0.563198 -0.709736 0.423181
v -0.044568 0.080457 0.102724
vt 0.372574 0.488945
vn -0.893616 -0.392504 0.217696
v 0.161148 0.221999 0.173429
vt 0.972821 0.701236
vn 0.587800 0.809006 0.000064
v 0.132224 0.240368 0.173502
vt 0.930448 0.753512
vn 0.481598 0.876392 0.000021
v 0.161148 0.221999 0.163325
vt 0.988799 0.713807
vn 0.587876 0.808951 0.000021
v 0.132224 0.240368 0.163398
vt 0.946255 0.766328
vn 0.482091 0.876121 0.000021
v 0.101042 0.255053 0.173512
vt 0.888215 0.802964
vn 0.368209 0.929743 0.000020
v 0.101042 0.255053 0.163409
vt 0.903903 0.816021
vn 0.368209 0.929743 0.000020
v 0.068262 0.265701 0.173509
vt 0.847002 0.853551
vn 0.248698 0.968581 0.000019
v 0.068262 0.265701 0.163405
vt 0.862772 0.866404
vn 0.248698 0.968581 0.000019
v 0.034406 0.272161 0.173508
vt 0.805788 0.903874
vn 0.125195 0.992132 0.000017
v 0.034406 0.272161 0.163404
vt 0.821346 0.917023
vn 0.125195 0.992132 0.000017
v 0.000008 0.274316 0.173503
vt 0.761848 0.955968
vn 0.000000 1.000000 -0.000015
v 0.000008 0.274316 0.163399
vt 0.777344 0.969198
vn 0.000000 1.000000 -0.000015
v 0.000008 0.274316 0.173503
vt 0.249018 0.960868
vn 0.000000 1.000000 -0.000015
v -0.034390 0.272159 0.173515
vt 0.203953 0.909613
vn -0.125403 0.992106 -0.000017
v 0.000008 0.274316 0.163399
vt 0.233908 0.974468
vn 0.000000 1.000000 -0.000015
v -0.034390 0.272159 0.163411
vt 0.188774 0.923171
vn -0.125403 0.992106 -0.000017
v -0.068243 0.265689 0.173495
vt 0.161749 0.860263
vn -0.248719 0.968576 -0.000019
v -0.068243 0.265689 0.163391
vt 0.146388 0.873687
vn -0.248719 0.968576 -0.000019
v -0.101024 0.255049 0.173495
vt 0.118787 0.811450
vn -0.368114 0.929781 0.000020
v -0.101024 0.255049 0.163391
vt 0.103935 0.825439
vn -0.368209 0.929743 0.000020
v -0.132202 0.240363 0.173455
vt 0.072135 0.765833
vn -0.482017 0.876162 -0.000021
v -0.132202 0.240363 0.163351
vt 0.057325 0.779686
vn -0.482042 0.876148 0.000021
v -0.161338 0.221865 0.173429
vt 0.026661 0.715241
vn -0.587828 0.808986 0.000021
v -0.161338 0.221865 0.163325
vt 0.011383 0.728802
vn -0.587298 0.809371 0.000021
v -0.125220 0.172418 0.147000
vt 0.861897 0.612425
vn 0.502972 -0.688857 0.522010
v -0.145618 0.155678 0.147085
vt 0.825549 0.649194
vn 0.565579 -0.640203 0.519867
v -0.133205 0.182979 0.168715
vt 0.893271 0.648672
vn 0.503698 -0.688449 0.521849
v -0.154602 0.165276 0.168711
vt 0.853259 0.690669
vn 0.565952 -0.639997 0.519713
v -0.151637 0.149454 0.147111
vt 0.813235 0.659132
vn 0.615164 -0.593388 0.519099
v -0.164525 0.155230 0.168980
vt 0.829381 0.711634
vn 0.615164 -0.593388 0.519099
v -0.192745 0.090679 0.146929
vt 0.682014 0.818877
vn 0.771855 -0.353638 0.528374
v -0.202635 0.065886 0.146896
vt 0.653989 0.862981
vn 0.810654 -0.265098 0.522077
v -0.204699 0.096567 0.168718
vt 0.729985 0.837360
vn 0.773008 -0.351615 0.528040
v -0.215437 0.069922 0.168777
vt 0.695875 0.885739
vn 0.810769 -0.264715 0.522092
v -0.202635 0.065886 0.146896
vt 0.354275 0.864885
vn 0.810654 -0.265098 0.522077
v -0.209284 0.040034 0.146888
vt 0.323804 0.822741
vn 0.834196 -0.181940 0.520590
v -0.215437 0.069922 0.168777
vt 0.313153 0.889652
vn 0.810769 -0.264715 0.522092
v -0.222400 0.042494 0.168747
vt 0.277672 0.843379
vn 0.834437 -0.180855 0.520583
v -0.210366 0.032925 0.147030
vt 0.317081 0.811491
vn 0.849926 -0.103619 0.516614
v -0.224370 0.028369 0.169367
vt 0.260687 0.815780
vn 0.849926 -0.103619 0.516614
v -0.209271 -0.040350 0.146984
vt 0.173718 0.657514
vn 0.833437 0.176366 0.523715
v -0.202676 -0.065809 0.147000
vt 0.136307 0.621618
vn 0.810592 0.265369 0.522034
v -0.222622 -0.042790 0.168823
vt 0.145517 0.699493
vn 0.833631 0.175389 0.523735
v -0.215187 -0.070140 0.168715
vt 0.103973 0.657686
vn 0.810299 0.266408 0.521961
v -0.187746 0.200032 0.173502
vt 0.930448 0.753512
vn -0.544932 0.586657 0.599069
v -0.161338 0.221865 0.173429
vt 0.972821 0.701236
vn -0.463332 0.637968 0.615078
v -0.186667 0.198787 0.175834
vt 0.925856 0.750049
vn -0.546123 0.586055 0.598573
v -0.160081 0.220163 0.175887
vt 0.967478 0.697486
vn -0.463106 0.638103 0.615108
v -0.211347 0.174915 0.173512
vt 0.888215 0.802964
vn -0.628693 0.520964 0.577358
v -0.210110 0.173824 0.175836
vt 0.883731 0.799351
vn -0.629427 0.520074 0.577359
v -0.231604 0.147029 0.173509
vt 0.847002 0.853551
vn -0.689653 0.437967 0.576683
v -0.230239 0.146120 0.175835
vt 0.842513 0.849989
vn -0.690078 0.437334 0.576655
v -0.248210 0.116827 0.173508
vt 0.805788 0.903874
vn -0.739943 0.348279 0.575488
v -0.246736 0.116111 0.175831
vt 0.801448 0.900136
vn -0.740106 0.347881 0.575519
v -0.260890 0.084778 0.173503
vt 0.761848 0.955968
vn -0.778011 0.252770 0.575158
v -0.259341 0.084271 0.175829
vt 0.757683 0.952050
vn -0.778011 0.252770 0.575158
v -0.269468 0.051397 0.173515
vt 0.203953 0.909613
vn -0.803590 0.152977 0.575188
v -0.260890 0.084778 0.173503
vt 0.249018 0.960868
vn -0.778011 0.252770 0.575158
v -0.267858 0.051103 0.175828
vt 0.208159 0.905762
vn -0.803532 0.153282 0.575187
v -0.259341 0.084271 0.175829
vt 0.253065 0.956845
vn -0.778011 0.252770 0.575158
v -0.273775 0.017202 0.173495
vt 0.161749 0.860263
vn -0.816911 0.050860 0.574516
v -0.272149 0.017128 0.175825
vt 0.166093 0.856544
vn -0.816895 0.051589 0.574475
v -0.273785 -0.017263 0.173495
vt 0.118787 0.811450
vn -0.818621 -0.052244 0.571954
v -0.272150 -0.017116 0.175826
vt 0.123057 0.807547
vn -0.818630 -0.051243 0.572031
v -0.269453 -0.051454 0.173455
vt 0.072135 0.765833
vn -0.790560 -0.155314 0.592362
v -0.267864 -0.051091 0.175837
vt 0.076491 0.762025
vn -0.791128 -0.154229 0.591886
v -0.260864 -0.084880 0.173429
vt 0.026661 0.715241
vn -0.749946 -0.243502 0.615051
v -0.258857 -0.084210 0.175887
vt 0.031827 0.711206
vn -0.750165 -0.242792 0.615065
v -0.133205 0.182979 0.168715
vt 0.893271 0.648672
vn 0.101087 -0.139540 0.985043
v -0.154602 0.165276 0.168711
vt 0.853259 0.690669
vn 0.115190 -0.126423 0.985266
v -0.157157 0.216314 0.175905
vt 0.959483 0.692044
vn 0.087483 -0.121438 0.988736
v -0.183029 0.194912 0.175906
vt 0.917646 0.743435
vn 0.102390 -0.111934 0.988427
v -0.164525 0.155230 0.168980
vt 0.829381 0.711634
vn 0.123864 -0.114228 0.985703
v -0.198562 0.179815 0.175924
vt 0.891583 0.775861
vn 0.122160 -0.112696 0.986092
v -0.180827 0.131721 0.172980
vt 0.786915 0.762390
vn 0.052775 -0.140114 0.988728
v -0.225761 0.143276 0.175911
vt 0.834484 0.843205
vn 0.041874 -0.046915 0.998021
v -0.172313 0.145752 0.173872
vt 0.811383 0.737058
vn 0.045671 -0.091117 0.994792
v -0.206025 0.170443 0.175911
vt 0.875541 0.792887
vn 0.037772 -0.033722 0.998717
v -0.234300 0.127739 0.175912
vt 0.812297 0.869312
vn -0.186607 -0.476797 0.858978
v -0.196974 0.105163 0.171488
vt 0.741907 0.811649
vn -0.186607 -0.476797 0.858978
v -0.201873 0.102436 0.168910
vt 0.737789 0.824867
vn -0.186607 -0.476797 0.858978
v -0.204699 0.096567 0.168718
vt 0.729985 0.837360
vn 0.156974 -0.069419 0.985160
v -0.215437 0.069922 0.168777
vt 0.695875 0.885739
vn 0.163682 -0.053130 0.985081
v -0.241928 0.113848 0.175906
vt 0.793459 0.893215
vn 0.136776 -0.060614 0.988746
v -0.254289 0.082629 0.175906
vt 0.750203 0.944478
vn 0.140600 -0.045826 0.989005
v -0.215437 0.069922 0.168777
vt 0.313153 0.889652
vn 0.163682 -0.053130 0.985081
v -0.222400 0.042494 0.168747
vt 0.277672 0.843379
vn 0.165859 -0.030315 0.985684
v -0.254289 0.082629 0.175906
vt 0.260359 0.949108
vn 0.140600 -0.045826 0.989005
v -0.262640 0.050107 0.175906
vt 0.215928 0.898656
vn 0.146070 -0.026315 0.988924
v -0.224370 0.028369 0.169367
vt 0.260687 0.815780
vn 0.163984 -0.008007 0.986431
v -0.266201 0.029129 0.175923
vt 0.188630 0.868357
vn 0.161792 -0.007817 0.986794
v -0.224981 0.018930 0.174045
vt 0.242711 0.797963
vn 0.092265 -0.032909 0.995191
v -0.222360 -0.018982 0.172650
vt 0.192137 0.733525
vn 0.095893 -0.034528 0.994793
v -0.266862 0.016795 0.175912
vt 0.173741 0.849537
vn 0.051285 -0.015426 0.998565
v -0.266863 -0.016784 0.175917
vt 0.130779 0.800569
vn 0.051998 -0.014019 0.998549
v -0.222622 -0.042790 0.168823
vt 0.145517 0.699493
vn 0.167182 0.030677 0.985449
v -0.215187 -0.070140 0.168715
vt 0.103973 0.657686
vn 0.163992 0.052989 0.985037
v -0.262642 -0.050095 0.175905
vt 0.084116 0.754857
vn 0.149093 0.027174 0.988450
v -0.254292 -0.082619 0.175905
vt 0.039786 0.705570
vn 0.142501 0.045668 0.988741
v -0.160081 0.220163 0.175887
vt 0.967478 0.697486
vn -0.005112 0.006996 0.999962
v -0.186667 0.198787 0.175834
vt 0.925856 0.750049
vn -0.006823 0.007195 0.999951
v -0.198562 0.179815 0.175924
vt 0.891583 0.775861
vn 0.039977 -0.009230 0.999158
v -0.210110 0.173824 0.175836
vt 0.883731 0.799351
vn -0.011914 0.008799 0.999890
v -0.230239 0.146120 0.175835
vt 0.842513 0.849989
vn -0.011809 0.007888 0.999899
v -0.234300 0.127739 0.175912
vt 0.812297 0.869312
vn 0.143973 -0.085909 0.985846
v -0.246736 0.116111 0.175831
vt 0.801448 0.900136
vn -0.013011 0.005798 0.999899
v -0.259341 0.084271 0.175829
vt 0.757683 0.952050
vn -0.013811 0.004397 0.999895
v -0.259341 0.084271 0.175829
vt 0.253065 0.956845
vn -0.013811 0.004397 0.999895
v -0.267858 0.051103 0.175828
vt 0.208159 0.905762
vn -0.014300 0.003369 0.999892
v -0.266201 0.029129 0.175923
vt 0.188630 0.868357
vn 0.021970 -0.001608 0.999757
v -0.266862 0.016795 0.175912
vt 0.173741 0.849537
vn 0.036273 -0.009327 0.999298
v -0.272149 0.017128 0.175825
vt 0.166093 0.856544
vn -0.018622 0.001073 0.999826
v -0.272149 0.017128 0.175825
vt 0.166093 0.856544
vn -0.016928 0.000078 0.999857
v -0.272150 -0.017116 0.175826
vt 0.123057 0.807547
vn -0.016023 -0.000605 0.999871
v -0.265528 -0.027292 0.175893
vt 0.116768 0.785613
vn 0.137189 -0.053108 0.989120
v -0.267864 -0.051091 0.175837
vt 0.076491 0.762025
vn -0.009704 -0.001404 0.999952
v -0.258857 -0.084210 0.175887
vt 0.031827 0.711206
vn -0.008222 -0.002730 0.999962
v -0.165209 0.150595 0.173260
vt 0.817911 0.719857
vn 0.090078 -0.040308 0.995119
v -0.201873 0.102436 0.168910
vt 0.737789 0.824867
vn 0.147087 -0.087701 0.985228
v -0.225250 -0.022551 0.169172
vt 0.180351 0.728234
vn 0.167388 0.013692 0.985796
v -0.189536 0.092778 0.147107
vt 0.682901 0.811913
vn 0.653425 -0.520451 0.549697
v -0.201873 0.102436 0.168910
vt 0.737789 0.824867
vn 0.653425 -0.520451 0.549697
v -0.211237 -0.026984 0.147132
vt 0.192973 0.673506
vn 0.845751 0.107873 0.522560
v -0.225250 -0.022551 0.169172
vt 0.180351 0.728234
vn 0.845751 0.107873 0.522560
v -0.198562 0.179815 0.175924
vt 0.891583 0.775861
vn 0.522286 0.535577 0.663607
v -0.164525 0.155230 0.168980
vt 0.829381 0.711634
vn 0.522286 0.535577 0.663607
v -0.165209 0.150595 0.173260
vt 0.817911 0.719857
vn 0.522286 0.535577 0.663607
v -0.225250 -0.022551 0.169172
vt 0.180351 0.728234
vn 0.143986 -0.393927 0.907794
v -0.222360 -0.018982 0.172650
vt 0.192137 0.733525
vn 0.143986 -0.393927 0.907794
v -0.266204 -0.021985 0.175915
vt 0.124009 0.792883
vn 0.073563 -0.161205 0.984176
v -0.221547 0.025216 0.173071
vt 0.256980 0.803807
vn 0.107781 0.796154 0.595417
v -0.266201 0.029129 0.175923
vt 0.188630 0.868357
vn 0.107781 0.796154 0.595417
v -0.224370 0.028369 0.169367
vt 0.260687 0.815780
vn 0.107781 0.796154 0.595417
v -0.196974 0.105163 0.171488
vt 0.741907 0.811649
vn 0.095061 -0.162596 0.982103
v -0.234300 0.127739 0.175912
vt 0.812297 0.869312
vn 0.060101 -0.033005 0.997647
v -0.211237 -0.026984 0.147132
vt 0.192973 0.673506
vn 0.519360 -0.724308 0.453479
v -0.225250 -0.022551 0.169172
vt 0.180351 0.728234
vn 0.519360 -0.724308 0.453479
v -0.207506 -0.023654 0.147089
vt 0.202021 0.672271
vn 0.165473 -0.947221 0.274575
v -0.222360 -0.018982 0.172650
vt 0.192137 0.733525
vn 0.191595 -0.937932 0.289092
v -0.167177 -0.012814 0.165073
vt 0.290065 0.669678
vn 0.146307 -0.077020 0.986236
v -0.167232 0.010436 0.167059
vt 0.318932 0.705060
vn 0.145066 -0.075305 0.986552
v -0.111629 -0.008155 0.154031
vt 0.382216 0.601946
vn 0.200098 -0.154739 0.967480
v -0.112572 0.003221 0.156903
vt 0.396063 0.621306
vn 0.196092 -0.148808 0.969229
v -0.056399 -0.003003 0.141052
vt 0.470248 0.531547
vn 0.242499 -0.218552 0.945214
v -0.057813 -0.001276 0.144355
vt 0.472539 0.539323
vn 0.212201 -0.081812 0.973795
v -0.062655 0.005316 0.146699
vt 0.475697 0.556087
vn 0.209685 -0.063517 0.975704
v -0.051028 -0.000366 0.143114
vt 0.480035 0.529432
vn 0.242889 -0.115224 0.963187
v -0.058248 0.006744 0.145740
vt 0.483695 0.550131
vn 0.233968 -0.131532 0.963306
v -0.047386 0.001731 0.142377
vt 0.485699 0.525033
vn 0.274464 -0.060924 0.959665
v -0.056691 0.008375 0.145438
vt 0.487950 0.548713
vn 0.282751 -0.052502 0.957755
v -0.052597 0.023243 0.144732
vt 0.518230 0.545889
vn 0.297978 -0.044026 0.953557
v -0.047167 0.010262 0.142398
vt 0.498373 0.530166
vn 0.307778 -0.029306 0.951007
v -0.058942 0.020804 0.146615
vt 0.511158 0.558597
vn 0.297314 -0.044541 0.953740
v -0.056138 0.010817 0.145407
vt 0.492626 0.549251
vn 0.307881 -0.031723 0.950896
v -0.066611 0.050859 0.150657
vt 0.571623 0.574262
vn 0.268088 -0.063712 0.961285
v -0.059433 0.037657 0.147675
vt 0.545216 0.560936
vn 0.280679 -0.058408 0.958023
v -0.071708 0.047448 0.151835
vt 0.565341 0.585255
vn 0.268294 -0.063803 0.961222
v -0.065134 0.034286 0.149105
vt 0.537993 0.572666
vn 0.280986 -0.058129 0.957950
v -0.082988 0.071869 0.156097
vt 0.617304 0.600538
vn 0.188858 -0.059404 0.980206
v -0.074113 0.062072 0.153424
vt 0.595046 0.586810
vn 0.255206 -0.051220 0.965529
v -0.087161 0.067800 0.157012
vt 0.611173 0.610558
vn 0.188012 -0.059722 0.980349
v -0.078566 0.058302 0.154389
vt 0.588788 0.596932
vn 0.255389 -0.051427 0.965470
v -0.124427 0.111717 0.166558
vt 0.715186 0.663618
vn 0.141361 -0.059225 0.988185
v -0.130101 0.105332 0.166751
vt 0.706230 0.677850
vn 0.142301 -0.059306 0.988045
v -0.087161 0.067800 0.157012
vt 0.611173 0.610558
vn 0.003192 -0.252716 0.967535
v -0.078566 0.058302 0.154389
vt 0.588788 0.596932
vn 0.007271 -0.240827 0.970541
v -0.088484 0.066403 0.156646
vt 0.608816 0.613668
vn -0.133927 -0.469950 0.872474
v -0.080264 0.056832 0.154047
vt 0.586129 0.600615
vn -0.328908 -0.527729 0.783149
v -0.130101 0.105332 0.166751
vt 0.706230 0.677850
vn -0.050910 -0.331514 0.942076
v -0.071708 0.047448 0.151835
vt 0.565341 0.585255
vn -0.003305 -0.217407 0.976075
v -0.065134 0.034286 0.149105
vt 0.537993 0.572666
vn -0.001128 -0.191133 0.981564
v -0.073753 0.045955 0.151486
vt 0.562329 0.589471
vn -0.452229 -0.437933 0.776984
v -0.067208 0.033180 0.148874
vt 0.535429 0.576756
vn -0.488940 -0.363648 0.792905
v -0.058942 0.020804 0.146615
vt 0.511158 0.558597
vn 0.001866 -0.152436 0.988312
v -0.061302 0.020190 0.146568
vt 0.509079 0.563142
vn -0.481128 -0.249855 0.840290
v -0.056138 0.010817 0.145407
vt 0.492626 0.549251
vn -0.006220 -0.110619 0.993843
v -0.058751 0.010574 0.145330
vt 0.489742 0.554424
vn -0.425072 0.002583 0.905156
v -0.056691 0.008375 0.145438
vt 0.487950 0.548713
vn 0.015288 0.093868 0.995467
v -0.058248 0.006744 0.145740
vt 0.483695 0.550131
vn 0.071079 0.180586 0.980987
v -0.061300 0.008319 0.145560
vt 0.482917 0.557513
vn -0.183043 0.594467 0.783010
v -0.062655 0.005316 0.146699
vt 0.475697 0.556087
vn 0.195976 0.315087 0.928608
v -0.065492 0.007812 0.146517
vt 0.475754 0.563706
vn 0.130372 0.872994 0.469984
v -0.112476 0.012200 0.156842
vt 0.408286 0.634790
vn 0.147870 0.961060 0.233449
v -0.056399 -0.003003 0.141052
vt 0.470248 0.531547
vn 0.178967 -0.938107 0.296525
v -0.050348 -0.001705 0.140244
vt 0.478021 0.523565
vn 0.345170 -0.911316 0.224411
v -0.058616 -0.005862 0.131197
vt 0.456398 0.515179
vn 0.176186 -0.937495 0.300101
v -0.048770 -0.003343 0.131452
vt 0.472893 0.505897
vn 0.377563 -0.898232 0.224999
v -0.141853 0.089984 0.161780
vt 0.681170 0.708254
vn 0.012865 -0.307316 0.951521
v -0.113162 0.054689 0.143478
vt 0.588202 0.670151
vn -0.096933 -0.462635 0.881234
v -0.102405 0.048383 0.139332
vt 0.566833 0.652395
vn -0.216920 -0.612824 0.759863
v -0.151384 0.077337 0.158187
vt 0.660153 0.732248
vn 0.120773 -0.237934 0.963743
v -0.091715 0.015352 0.131813
vt 0.475551 0.628357
vn 0.131490 0.961553 0.241096
v -0.174942 0.025872 0.140952
vt 0.364760 0.759497
vn 0.149877 0.960586 0.234120
v -0.124970 0.020466 0.130886
vt 0.436449 0.686546
vn 0.148362 0.961352 0.231929
v -0.166913 0.018363 0.166691
vt 0.330007 0.716058
vn 0.150084 0.960602 0.233919
v -0.089174 0.034109 0.133209
vt 0.526667 0.630639
vn -0.822819 -0.503811 0.262954
v -0.094922 0.034832 0.115728
vt 0.517234 0.665006
vn -0.844399 -0.463492 0.268636
v -0.094572 0.042814 0.136096
vt 0.548671 0.639800
vn -0.617020 -0.746922 0.247777
v -0.098450 0.040601 0.120215
vt 0.530441 0.665177
vn -0.678512 -0.691205 0.248710
v -0.087821 0.029288 0.132059
vt 0.515460 0.627724
vn -0.908006 -0.300318 0.292121
v -0.094153 0.030361 0.113100
vt 0.508871 0.666216
vn -0.909095 -0.294893 0.294253
v -0.102405 0.048383 0.139332
vt 0.566833 0.652395
vn -0.445209 -0.862518 0.240524
v -0.105606 0.046217 0.125676
vt 0.547488 0.671625
vn -0.457512 -0.855994 0.240745
v -0.113162 0.054689 0.143478
vt 0.588202 0.670151
vn -0.422304 -0.873183 0.243332
v -0.116158 0.052677 0.131097
vt 0.568400 0.686485
vn -0.421806 -0.873495 0.243074
v -0.151384 0.077337 0.158187
vt 0.660153 0.732248
vn -0.432221 -0.864323 0.257161
v -0.155973 0.074603 0.140446
vt 0.631565 0.755792
vn -0.431291 -0.865210 0.255733
v -0.088450 0.015756 0.130684
vt 0.482148 0.624819
vn -0.099914 0.945472 0.310001
v -0.097901 0.020120 0.114349
vt 0.488029 0.664656
vn -0.120130 0.940232 0.318643
v -0.086465 0.017500 0.130248
vt 0.487908 0.623124
vn -0.725715 0.515786 0.455304
v -0.095298 0.021822 0.111713
vt 0.494183 0.666708
vn -0.773812 0.442072 0.453638
v -0.085993 0.022382 0.130435
vt 0.499099 0.624252
vn -0.926424 -0.049724 0.373184
v -0.093670 0.026087 0.111248
vt 0.501506 0.667714
vn -0.926909 -0.059315 0.370569
v -0.104426 0.019702 0.120162
vt 0.474971 0.665843
vn 0.135106 0.964021 0.228932
v -0.164525 0.155230 0.168980
vt 0.829381 0.711634
vn 0.857800 0.276589 0.433218
v -0.151637 0.149454 0.147111
vt 0.813235 0.659132
vn 0.857800 0.276589 0.433218
v -0.165209 0.150595 0.173260
vt 0.817911 0.719857
vn 0.727888 0.637695 0.252042
v -0.149526 0.143565 0.146725
vt 0.802023 0.656693
vn 0.710307 0.663828 0.234086
v -0.145618 0.155678 0.147085
vt 0.825549 0.649194
vn 0.642604 -0.735540 0.214574
v -0.125220 0.172418 0.147000
vt 0.861897 0.612425
vn 0.575071 -0.791912 0.205350
v -0.145366 0.154495 0.142240
vt 0.818599 0.642363
vn 0.648056 -0.730204 0.216392
v -0.124667 0.171543 0.141964
vt 0.854687 0.605152
vn 0.575357 -0.791688 0.205414
v -0.150547 0.148540 0.142130
vt 0.809802 0.649526
vn 0.914291 0.359696 0.186254
v -0.148323 0.143631 0.142084
vt 0.803705 0.647108
vn 0.755844 0.625678 0.192943
v -0.151637 0.149454 0.147111
vt 0.813235 0.659132
vn 0.914291 0.359696 0.186254
v -0.149526 0.143565 0.146725
vt 0.802023 0.656693
vn 0.779806 0.595475 0.193162
v -0.150547 0.148540 0.142130
vt 0.809802 0.649526
vn 0.714043 -0.658407 0.237998
v -0.151637 0.149454 0.147111
vt 0.813235 0.659132
vn 0.714043 -0.658407 0.237998
v -0.122039 0.117262 0.140385
vt 0.739345 0.615509
vn 0.701265 0.686659 0.191640
v -0.046244 0.005548 0.142109
vt 0.491882 0.525767
vn 0.303118 -0.020231 0.952738
v -0.045962 0.000913 0.139464
vt 0.485348 0.518669
vn 0.785156 -0.571901 0.237613
v -0.044993 0.005229 0.139495
vt 0.492546 0.520149
vn 0.976490 0.084691 0.198227
v -0.043880 0.000347 0.131118
vt 0.485492 0.502357
vn 0.811477 -0.533826 0.237769
v -0.043435 0.005614 0.131575
vt 0.496560 0.504536
vn 0.976677 0.081765 0.198535
v -0.046446 0.011173 0.140017
vt 0.501530 0.525770
vn 0.931470 0.317572 0.177517
v -0.045639 0.013396 0.131719
vt 0.510693 0.511365
vn 0.928695 0.325674 0.177376
v -0.111629 -0.008155 0.154031
vt 0.382216 0.601946
vn 0.137292 -0.956213 0.258471
v -0.081504 -0.012264 0.126807
vt 0.410388 0.525519
vn 0.155098 -0.944016 0.291167
v -0.085439 -0.013458 0.121496
vt 0.398498 0.519207
vn 0.090099 -0.972538 0.214597
v -0.167177 -0.012814 0.165073
vt 0.290065 0.669678
vn 0.138096 -0.955219 0.261699
v -0.164448 -0.019386 0.139936
vt 0.271517 0.620738
vn 0.137477 -0.955564 0.260762
v -0.121725 -0.016051 0.129416
vt 0.340091 0.564974
vn 0.143683 -0.957949 0.248371
v -0.106461 -0.016092 0.119123
vt 0.358240 0.533080
vn 0.105194 -0.969637 0.220767
v -0.185707 0.091420 0.147085
vt 0.679330 0.805026
vn -0.413921 -0.866329 0.279542
v -0.189536 0.092778 0.147107
vt 0.682901 0.811913
vn 0.006663 -0.890718 0.454508
v -0.196974 0.105163 0.171488
vt 0.741907 0.811649
vn -0.353018 -0.882345 0.311201
v -0.201873 0.102436 0.168910
vt 0.737789 0.824867
vn 0.006663 -0.890718 0.454508
v -0.209284 0.040034 0.146888
vt 0.323804 0.822741
vn 0.953898 -0.221133 0.202924
v -0.202635 0.065886 0.146896
vt 0.354275 0.864885
vn 0.929923 -0.305242 0.205113
v -0.208361 0.039670 0.142030
vt 0.332245 0.817471
vn 0.954131 -0.219919 0.203149
v -0.201706 0.065521 0.142039
vt 0.362345 0.859175
vn 0.930213 -0.304447 0.204978
v -0.202635 0.065886 0.146896
vt 0.653989 0.862981
vn 0.929923 -0.305242 0.205113
v -0.192745 0.090679 0.146929
vt 0.682014 0.818877
vn 0.871523 -0.436754 0.222922
v -0.201706 0.065521 0.142039
vt 0.645406 0.857967
vn 0.930213 -0.304447 0.204978
v -0.191885 0.089859 0.141999
vt 0.672254 0.815786
vn 0.873759 -0.433931 0.219657
v -0.189536 0.092778 0.147107
vt 0.682901 0.811913
vn -0.324015 -0.919216 0.223732
v -0.185707 0.091420 0.147085
vt 0.679330 0.805026
vn -0.418005 -0.883035 0.213358
v -0.188826 0.091288 0.142026
vt 0.673176 0.812251
vn -0.324015 -0.919216 0.223732
v -0.185642 0.090181 0.142079
vt 0.669756 0.808953
vn -0.426246 -0.879337 0.212324
v -0.189536 0.092778 0.147107
vt 0.682901 0.811913
vn 0.465856 -0.843430 0.267589
v -0.188826 0.091288 0.142026
vt 0.673176 0.812251
vn 0.465856 -0.843430 0.267589
v -0.155973 0.074603 0.140446
vt 0.631565 0.755792
vn -0.445392 -0.870416 0.209765
v -0.210366 0.032925 0.147030
vt 0.317081 0.811491
vn 0.478287 0.764672 0.431877
v -0.205601 0.029098 0.147282
vt 0.319845 0.800947
vn 0.173575 0.952258 0.251149
v -0.224370 0.028369 0.169367
vt 0.260687 0.815780
vn 0.478287 0.764672 0.431877
v -0.221547 0.025216 0.173071
vt 0.256980 0.803807
vn 0.201678 0.941888 0.268652
v -0.166913 0.018363 0.166691
vt 0.330007 0.716058
vn 0.149960 0.960592 0.234039
v -0.174942 0.025872 0.140952
vt 0.364760 0.759497
vn 0.144790 0.967316 0.208170
v -0.205601 0.029098 0.147282
vt 0.319845 0.800947
vn 0.306690 0.924208 0.227553
v -0.204141 0.030013 0.142011
vt 0.330605 0.804304
vn 0.247769 0.943264 0.221051
v -0.210366 0.032925 0.147030
vt 0.317081 0.811491
vn 0.967916 -0.127042 0.216794
v -0.209125 0.033222 0.142189
vt 0.326298 0.810600
vn 0.967916 -0.127042 0.216794
v -0.210366 0.032925 0.147030
vt 0.317081 0.811491
vn 0.566093 0.786900 0.245615
v -0.209125 0.033222 0.142189
vt 0.326298 0.810600
vn 0.566093 0.786900 0.245615
v -0.202676 -0.065809 0.147000
vt 0.136307 0.621618
vn 0.930985 0.301770 0.205430
v -0.209271 -0.040350 0.146984
vt 0.173718 0.657514
vn 0.955651 0.211690 0.204739
v -0.201673 -0.065553 0.141964
vt 0.143207 0.614002
vn 0.930603 0.302867 0.205549
v -0.208353 -0.039744 0.141964
vt 0.180866 0.650074
vn 0.956612 0.206986 0.205064
v -0.211237 -0.026984 0.147132
vt 0.192973 0.673506
vn 0.638279 -0.728148 0.249802
v -0.207506 -0.023654 0.147089
vt 0.202021 0.672271
vn 0.268186 -0.946200 0.181055
v -0.209993 -0.027543 0.142106
vt 0.195397 0.663912
vn 0.638279 -0.728148 0.249802
v -0.206093 -0.024253 0.141946
vt 0.200461 0.661440
vn 0.207370 -0.963796 0.167616
v -0.209993 -0.027543 0.142106
vt 0.195397 0.663912
vn 0.968613 0.134198 0.209235
v -0.211237 -0.026984 0.147132
vt 0.192973 0.673506
vn 0.968613 0.134198 0.209235
v -0.164448 -0.019386 0.139936
vt 0.271517 0.620738
vn 0.121777 -0.981489 0.147816
v -0.267858 0.051103 0.175828
vt 0.208159 0.905762
vn -0.021800 0.002578 0.999759
v -0.246736 0.116111 0.175831
vt 0.801448 0.900136
vn -0.013216 0.007083 0.999888
v -0.186667 0.198787 0.175834
vt 0.925856 0.750049
vn -0.014928 0.013986 0.999791
v -0.050358 0.025529 0.131694
vt 0.530819 0.521154
vn 0.900932 0.390181 0.189949
v -0.051702 0.023765 0.142547
vt 0.520558 0.541477
vn 0.900883 0.390290 0.189958
v -0.059433 0.037657 0.147675
vt 0.545216 0.560936
vn 0.888672 0.402575 0.219534
v -0.056168 0.039376 0.130348
vt 0.556644 0.527066
vn 0.888769 0.402775 0.218776
v -0.066611 0.050859 0.150657
vt 0.571623 0.574262
vn 0.852082 0.469857 0.230629
v -0.061946 0.055690 0.126037
vt 0.590922 0.526308
vn 0.840973 0.489549 0.230448
v -0.074113 0.062072 0.153424
vt 0.595046 0.586810
vn 0.761290 0.623199 0.179056
v -0.063908 0.058886 0.121961
vt 0.600730 0.520929
vn 0.759369 0.626144 0.176926
v -0.082988 0.071869 0.156097
vt 0.617304 0.600538
vn 0.726153 0.661770 0.186445
v -0.080041 0.077628 0.123520
vt 0.646130 0.540538
vn 0.734704 0.653584 0.181765
v -0.065290 0.064947 0.102836
vt 0.624296 0.487968
vn 0.753706 0.634603 0.170898
v -0.124427 0.111717 0.166558
vt 0.715186 0.663618
vn 0.700596 0.681483 0.211533
v -0.100629 0.096432 0.135035
vt 0.688750 0.582963
vn 0.709388 0.676881 0.196469
v -0.122039 0.117262 0.140385
vt 0.739345 0.615509
vn 0.698907 0.681803 0.216043
v -0.124427 0.111717 0.166558
vt 0.715186 0.663618
vn 0.700532 0.681515 0.211641
v -0.122039 0.117262 0.140385
vt 0.739345 0.615509
vn 0.698858 0.681852 0.216044
v -0.112505 0.004506 0.157315
vt 0.397874 0.623346
vn 0.198462 0.005874 0.980091
v -0.112476 0.012200 0.156842
vt 0.408286 0.634790
vn 0.196963 0.014273 0.980307
v -0.167169 0.011588 0.167323
vt 0.320526 0.706747
vn 0.161460 0.084058 0.983293
v -0.166913 0.018363 0.166691
vt 0.330007 0.716058
vn 0.158664 0.085486 0.983625
v -0.224884 0.019875 0.174141
vt 0.244159 0.799420
vn 0.082788 0.046172 0.995497
v -0.221547 0.025216 0.173071
vt 0.256980 0.803807
vn 0.120755 0.108288 0.986758
v -0.088450 0.015756 0.130684
vt 0.482148 0.624819
vn -0.100419 0.803783 0.586387
v -0.086465 0.017500 0.130248
vt 0.487908 0.623124
vn -0.483117 0.053173 0.873940
v -0.094572 0.042814 0.136096
vt 0.548671 0.639800
vn -0.387505 -0.536602 0.749599
v -0.089174 0.034109 0.133209
vt 0.526667 0.630639
vn -0.511685 -0.440720 0.737525
v -0.085993 0.022382 0.130435
vt 0.499099 0.624252
vn -0.537019 -0.279644 0.795871
v -0.087821 0.029288 0.132059
vt 0.515460 0.627724
vn -0.541405 -0.378313 0.750840
v -0.224981 0.018930 0.174045
vt 0.242711 0.797963
vn 0.051597 -0.039533 0.997885
v -0.167232 0.010436 0.167059
vt 0.318932 0.705060
vn 0.119184 -0.230719 0.965694
v -0.167169 0.011588 0.167323
vt 0.320526 0.706747
vn 0.115664 -0.223688 0.967773
v -0.112572 0.003221 0.156903
vt 0.396063 0.621306
vn 0.107379 -0.623302 0.774574
v -0.112505 0.004506 0.157315
vt 0.397874 0.623346
vn 0.112068 -0.587503 0.801424
v -0.056399 -0.003003 0.141052
vt 0.470248 0.531547
vn 0.124450 -0.785269 0.606518
v -0.057813 -0.001276 0.144355
vt 0.472539 0.539323
vn 0.097487 -0.767111 0.634064
v -0.051028 -0.000366 0.143114
vt 0.480035 0.529432
vn 0.324882 -0.811004 0.486543
v -0.050348 -0.001705 0.140244
vt 0.478021 0.523565
vn 0.359644 -0.798389 0.482940
v -0.047386 0.001731 0.142377
vt 0.485699 0.525033
vn 0.693278 -0.535526 0.482263
v -0.045962 0.000913 0.139464
vt 0.485348 0.518669
vn 0.727916 -0.486443 0.483231
v -0.046244 0.005548 0.142109
vt 0.491882 0.525767
vn 0.905729 0.002459 0.423850
v -0.044993 0.005229 0.139495
vt 0.492546 0.520149
vn 0.902223 -0.028007 0.430360
v -0.047167 0.010262 0.142398
vt 0.498373 0.530166
vn 0.884877 0.250500 0.392737
v -0.046446 0.011173 0.140017
vt 0.501530 0.525770
vn 0.881989 0.258483 0.394058
v -0.052597 0.023243 0.144732
vt 0.518230 0.545889
vn 0.862580 0.298992 0.408117
v -0.051702 0.023765 0.142547
vt 0.520558 0.541477
vn 0.864483 0.296497 0.405905
v -0.059433 0.037657 0.147675
vt 0.545216 0.560936
vn 0.849003 0.316307 0.423254
v -0.090293 -0.017521 0.102724
vt 0.372574 0.488945
vn 0.097072 -0.971174 0.217711
v -0.161338 0.221865 0.173429
vt 0.972821 0.701236
vn -0.587828 0.808986 0.000021
v -0.187746 0.200032 0.173502
vt 0.930448 0.753512
vn -0.684741 0.728786 -0.000022
v -0.161338 0.221865 0.163325
vt 0.988799 0.713807
vn -0.587298 0.809371 0.000021
v -0.187746 0.200032 0.163398
vt 0.946255 0.766328
vn -0.684319 0.729183 0.000022
v -0.211347 0.174915 0.173512
vt 0.888215 0.802964
vn -0.770448 0.637503 0.000021
v -0.211347 0.174915 0.163409
vt 0.903903 0.816021
vn -0.770448 0.637503 0.000021
v -0.231604 0.147029 0.173509
vt 0.847002 0.853551
vn -0.844354 0.535785 0.000021
v -0.231604 0.147029 0.163405
vt 0.862772 0.866404
vn -0.844354 0.535785 0.000021
v -0.248210 0.116827 0.173508
vt 0.805788 0.903874
vn -0.904886 0.425653 0.000020
v -0.248210 0.116827 0.163404
vt 0.821346 0.917023
vn -0.904886 0.425653 0.000020
v -0.260890 0.084778 0.173503
vt 0.761848 0.955968
vn -0.951074 0.308962 0.000019
v -0.260890 0.084778 0.163399
vt 0.777344 0.969198
vn -0.951074 0.308962 0.000019
v -0.260890 0.084778 0.173503
vt 0.249018 0.960868
vn -0.951074 0.308962 0.000019
v -0.269468 0.051397 0.173515
vt 0.203953 0.909613
vn -0.982309 0.187267 0.000018
v -0.260890 0.084778 0.163399
vt 0.233908 0.974468
vn -0.951074 0.308962 0.000019
v -0.269468 0.051397 0.163411
vt 0.188774 0.923171
vn -0.982309 0.187267 0.000018
v -0.273775 0.017202 0.173495
vt 0.161749 0.860263
vn -0.998028 0.062773 -0.000016
v -0.273775 0.017202 0.163391
vt 0.146388 0.873687
vn -0.998028 0.062773 -0.000016
v -0.273785 -0.017263 0.173495
vt 0.118787 0.811450
vn -0.998028 -0.062775 -0.000049
v -0.273785 -0.017263 0.163391
vt 0.103935 0.825439
vn -0.998021 -0.062878 -0.000049
v -0.269453 -0.051454 0.173455
vt 0.072135 0.765833
vn -0.982249 -0.187581 -0.000054
v -0.269453 -0.051454 0.163351
vt 0.057325 0.779686
vn -0.982227 -0.187698 -0.000018
v -0.260864 -0.084880 0.173429
vt 0.026661 0.715241
vn -0.951168 -0.308674 -0.000058
v -0.260864 -0.084880 0.163325
vt 0.011383 0.728802
vn -0.951097 -0.308893 -0.000019
v -0.000044 -0.213090 0.147000
vt 0.861897 0.612425
vn -0.002417 0.852940 0.522004
v 0.026298 -0.211537 0.147085
vt 0.825549 0.649194
vn -0.081216 0.850370 0.519879
v 0.000209 -0.226328 0.168715
vt 0.893271 0.648672
vn -0.002628 0.852943 0.521998
v 0.027925 -0.224583 0.168711
vt 0.853259 0.690669
vn -0.081820 0.850394 0.519746
v 0.034826 -0.210039 0.147111
vt 0.813235 0.659132
vn -0.148929 0.841626 0.519120
v 0.041858 -0.222288 0.168980
vt 0.829381 0.711634
vn -0.148929 0.841626 0.519120
v 0.102630 -0.186652 0.146929
vt 0.682014 0.818877
vn -0.416595 0.739741 0.528424
v 0.125204 -0.172408 0.146896
vt 0.653989 0.862981
vn -0.500027 0.690899 0.522141
v 0.108841 -0.198442 0.168718
vt 0.729985 0.837360
vn -0.418753 0.738816 0.528012
v 0.133189 -0.183198 0.168777
vt 0.695875 0.885739
vn -0.500366 0.690673 0.522115
v 0.125204 -0.172408 0.146896
vt 0.354275 0.864885
vn -0.500027 0.690899 0.522141
v 0.145779 -0.155401 0.146888
vt 0.323804 0.822741
vn -0.567924 0.637508 0.520621
v 0.133189 -0.183198 0.168777
vt 0.313153 0.889652
vn -0.500366 0.690673 0.522115
v 0.154944 -0.165101 0.168747
vt 0.277672 0.843379
vn -0.568851 0.636701 0.520597
v 0.150832 -0.150286 0.147030
vt 0.317081 0.811491
vn -0.626738 0.583369 0.516604
v 0.164840 -0.154831 0.169367
vt 0.260687 0.815780
vn -0.626738 0.583369 0.516604
v 0.193017 -0.090362 0.146984
vt 0.173718 0.657514
vn -0.777996 0.347171 0.523637
v 0.202646 -0.065888 0.147000
vt 0.136307 0.621618
vn -0.811951 0.261255 0.521998
v 0.205252 -0.096234 0.168823
vt 0.145517 0.699493
vn -0.777507 0.348145 0.523715
v 0.215313 -0.069738 0.168715
vt 0.103973 0.657686
vn -0.812166 0.260809 0.521886
v 0.034310 -0.272183 0.173502
vt 0.930448 0.753512
vn 0.095870 -0.794902 0.599115
v 0.000112 -0.274323 0.173429
vt 0.972821 0.701236
vn -0.000236 -0.788461 0.615085
v 0.034169 -0.270541 0.175834
vt 0.925856 0.750049
vn 0.097356 -0.795120 0.598587
v 0.000096 -0.272208 0.175887
vt 0.967478 0.697486
vn -0.000922 -0.788497 0.615038
v 0.068167 -0.265734 0.173512
vt 0.888215 0.802964
vn 0.202361 -0.791013 0.577363
v 0.067807 -0.264125 0.175836
vt 0.883731 0.799351
vn 0.203476 -0.790714 0.577382
v 0.100946 -0.255081 0.173509
vt 0.847002 0.853551
vn 0.300387 -0.759747 0.576673
v 0.100376 -0.253543 0.175835
vt 0.842513 0.849989
vn 0.301175 -0.759421 0.576692
v 0.132133 -0.240408 0.173508
vt 0.805788 0.903874
vn 0.393868 -0.716701 0.575507
v 0.131361 -0.238962 0.175831
vt 0.801448 0.900136
vn 0.394268 -0.716517 0.575462
v 0.161229 -0.221933 0.173502
vt 0.761848 0.955968
vn 0.480750 -0.661820 0.575217
v 0.160274 -0.220612 0.175829
vt 0.757683 0.952050
vn 0.480861 -0.661777 0.575172
v 0.187790 -0.199969 0.173515
vt 0.203953 0.909613
vn 0.560093 -0.596131 0.575259
v 0.161229 -0.221933 0.173502
vt 0.249018 0.960868
vn 0.480750 -0.661820 0.575217
v 0.186660 -0.198785 0.175828
vt 0.208159 0.905762
vn 0.559878 -0.596338 0.575255
v 0.160274 -0.220612 0.175829
vt 0.253065 0.956845
vn 0.480861 -0.661777 0.575172
v 0.211374 -0.174836 0.173495
vt 0.161749 0.860263
vn 0.630900 -0.521442 0.574511
v 0.210101 -0.173821 0.175825
vt 0.166093 0.856544
vn 0.630509 -0.521942 0.574486
v 0.231640 -0.146959 0.173495
vt 0.118787 0.811450
vn 0.692911 -0.438948 0.572013
v 0.230231 -0.146118 0.175826
vt 0.123057 0.807547
vn 0.692267 -0.439815 0.572126
v 0.248232 -0.116753 0.173455
vt 0.072135 0.765833
vn 0.730833 -0.339050 0.592392
v 0.246733 -0.116111 0.175837
vt 0.076491 0.762025
vn 0.730592 -0.340341 0.591949
v 0.260930 -0.084661 0.173429
vt 0.026661 0.715241
vn 0.749807 -0.243832 0.615090
v 0.258913 -0.084024 0.175887
vt 0.031827 0.711206
vn 0.749699 -0.244106 0.615113
v 0.000209 -0.226328 0.168715
vt 0.893271 0.648672
vn 0.000194 0.172302 0.985044
v 0.027925 -0.224583 0.168711
vt 0.853259 0.690669
vn -0.018902 0.169971 0.985268
v -0.000007 -0.267375 0.175905
vt 0.959483 0.692044
vn 0.000295 0.149575 0.988750
v 0.033503 -0.265268 0.175906
vt 0.917646 0.743435
vn -0.017133 0.150771 0.988420
v 0.041858 -0.222288 0.168980
vt 0.829381 0.711634
vn -0.033118 0.165267 0.985693
v 0.054944 -0.262184 0.175924
vt 0.891583 0.775861
vn -0.032730 0.162963 0.986089
v 0.068864 -0.212850 0.172980
vt 0.786915 0.762390
vn 0.039601 0.144391 0.988728
v 0.098424 -0.248611 0.175911
vt 0.834484 0.843205
vn -0.006300 0.062597 0.998019
v 0.053729 -0.219198 0.173872
vt 0.811383 0.737058
vn 0.016576 0.100490 0.994800
v 0.066490 -0.258988 0.175911
vt 0.875541 0.792887
vn -0.010811 0.049497 0.998716
v 0.114465 -0.241060 0.175912
vt 0.812297 0.869312
vn 0.431163 0.276058 0.859005
v 0.097538 -0.200855 0.171488
vt 0.741907 0.811649
vn 0.431163 0.276058 0.859005
v 0.103104 -0.201530 0.168910
vt 0.737789 0.824867
vn 0.431163 0.276058 0.859005
v 0.108841 -0.198442 0.168718
vt 0.729985 0.837360
vn -0.086239 0.148484 0.985147
v 0.133189 -0.183198 0.168777
vt 0.695875 0.885739
vn -0.101221 0.139182 0.985080
v 0.128801 -0.234306 0.175906
vt 0.793459 0.893215
vn -0.075034 0.129476 0.988740
v 0.157152 -0.216315 0.175906
vt 0.750203 0.944478
vn -0.086815 0.119688 0.989008
v 0.133189 -0.183198 0.168777
vt 0.313153 0.889652
vn -0.101221 0.139182 0.985080
v 0.154944 -0.165101 0.168747
vt 0.277672 0.843379
vn -0.116307 0.122060 0.985685
v 0.157152 -0.216315 0.175906
vt 0.260359 0.949108
vn -0.086815 0.119688 0.989008
v 0.183024 -0.194912 0.175906
vt 0.215928 0.898656
vn -0.102833 0.107187 0.988907
v 0.164840 -0.154831 0.169367
vt 0.260687 0.815780
vn -0.128041 0.102890 0.986417
v 0.198236 -0.180034 0.175923
vt 0.188630 0.868357
vn -0.126335 0.101391 0.986793
v 0.170883 -0.147554 0.174045
vt 0.242711 0.797963
vn -0.055404 0.080887 0.995182
v 0.191046 -0.115342 0.172650
vt 0.192137 0.733525
vn -0.057309 0.084291 0.994792
v 0.206020 -0.170444 0.175912
vt 0.173741 0.849537
vn -0.032523 0.042682 0.998559
v 0.225758 -0.143278 0.175917
vt 0.130779 0.800569
vn -0.033918 0.041885 0.998546
v 0.205252 -0.096234 0.168823
vt 0.145517 0.699493
vn -0.153329 0.073492 0.985438
v 0.215313 -0.069738 0.168715
vt 0.103973 0.657686
vn -0.163816 0.053480 0.985040
v 0.241923 -0.113848 0.175905
vt 0.084116 0.754857
vn -0.136603 0.065567 0.988454
v 0.254285 -0.082628 0.175905
vt 0.039786 0.705570
vn -0.142219 0.046592 0.988738
v 0.000096 -0.272208 0.175887
vt 0.967478 0.697486
vn -0.000015 -0.008603 0.999963
v 0.034169 -0.270541 0.175834
vt 0.925856 0.750049
vn 0.001188 -0.009920 0.999950
v 0.054944 -0.262184 0.175924
vt 0.891583 0.775861
vn -0.027017 0.030889 0.999158
v 0.067807 -0.264125 0.175836
vt 0.883731 0.799351
vn 0.004492 -0.014127 0.999890
v 0.100376 -0.253543 0.175835
vt 0.842513 0.849989
vn 0.004894 -0.013314 0.999899
v 0.114465 -0.241060 0.175912
vt 0.812297 0.869312
vn -0.066006 0.154074 0.985852
v 0.131361 -0.238962 0.175831
vt 0.801448 0.900136
vn 0.007077 -0.012303 0.999899
v 0.160274 -0.220612 0.175829
vt 0.757683 0.952050
vn 0.008483 -0.011721 0.999895
v 0.160274 -0.220612 0.175829
vt 0.253065 0.956845
vn 0.008483 -0.011721 0.999895
v 0.186660 -0.198785 0.175828
vt 0.208159 0.905762
vn 0.009484 -0.011228 0.999892
v 0.198236 -0.180034 0.175923
vt 0.188630 0.868357
vn -0.016815 0.014299 0.999756
v 0.206020 -0.170444 0.175912
vt 0.173741 0.849537
vn -0.023904 0.028881 0.999297
v 0.210101 -0.173821 0.175825
vt 0.166093 0.856544
vn 0.014387 -0.011725 0.999828
v 0.210101 -0.173821 0.175825
vt 0.166093 0.856544
vn 0.013571 -0.010010 0.999858
v 0.230231 -0.146118 0.175826
vt 0.123057 0.807547
vn 0.013272 -0.008905 0.999872
v 0.230854 -0.133993 0.175893
vt 0.116768 0.785613
vn -0.079829 0.123574 0.989119
v 0.246733 -0.116111 0.175837
vt 0.076491 0.762025
vn 0.008674 -0.004623 0.999952
v 0.258913 -0.084024 0.175887
vt 0.031827 0.711206
vn 0.008190 -0.002607 0.999963
v 0.045135 -0.218940 0.173260
vt 0.817911 0.719857
vn -0.049221 0.085494 0.995122
v 0.103104 -0.201530 0.168910
vt 0.737789 0.824867
vn -0.067528 0.157381 0.985226
v 0.195482 -0.114153 0.169172
vt 0.180351 0.728234
vn -0.143517 0.087268 0.985793
v 0.098800 -0.186464 0.147107
vt 0.682901 0.811913
vn -0.222846 0.805081 0.549712
v 0.103104 -0.201530 0.168910
vt 0.737789 0.824867
vn -0.222846 0.805081 0.549712
v 0.186751 -0.102330 0.147132
vt 0.192973 0.673506
vn -0.747700 0.409777 0.522521
v 0.195482 -0.114153 0.169172
vt 0.180351 0.728234
vn -0.747700 0.409777 0.522521
v 0.054944 -0.262184 0.175924
vt 0.891583 0.775861
vn -0.737421 -0.126434 0.663495
v 0.041858 -0.222288 0.168980
vt 0.829381 0.711634
vn -0.737421 -0.126434 0.663495
v 0.045135 -0.218940 0.173260
vt 0.817911 0.719857
vn -0.737421 -0.126434 0.663495
v 0.195482 -0.114153 0.169172
vt 0.180351 0.728234
vn 0.114960 0.403286 0.907824
v 0.191046 -0.115342 0.172650
vt 0.192137 0.733525
vn 0.114960 0.403286 0.907824
v 0.228282 -0.138683 0.175915
vt 0.124009 0.792883
vn 0.035190 0.173692 0.984171
v 0.164410 -0.150621 0.173071
vt 0.256980 0.803807
vn -0.555238 -0.580758 0.595341
v 0.198236 -0.180034 0.175923
vt 0.188630 0.868357
vn -0.555238 -0.580758 0.595341
v 0.164840 -0.154831 0.169367
vt 0.260687 0.815780
vn -0.555238 -0.580758 0.595341
v 0.097538 -0.200855 0.171488
vt 0.741907 0.811649
vn 0.018582 0.187359 0.982116
v 0.114465 -0.241060 0.175912
vt 0.812297 0.869312
vn -0.029328 0.061997 0.997645
v 0.186751 -0.102330 0.147132
vt 0.192973 0.673506
vn 0.005584 0.891222 0.453534
v 0.195482 -0.114153 0.169172
vt 0.180351 0.728234
vn 0.005584 0.891222 0.453534
v 0.181775 -0.102831 0.147089
vt 0.202021 0.672271
vn 0.422785 0.863602 0.274671
v 0.191046 -0.115342 0.172650
vt 0.192137 0.733525
vn 0.396277 0.871400 0.289184
v 0.142777 -0.087896 0.165073
vt 0.290065 0.669678
vn -0.073140 0.148288 0.986236
v 0.129155 -0.106738 0.167059
vt 0.318932 0.705060
vn -0.073221 0.146203 0.986541
v 0.095099 -0.059015 0.154031
vt 0.382216 0.601946
vn -0.070902 0.242693 0.967509
v 0.089175 -0.068773 0.156903
vt 0.396063 0.621306
vn -0.071205 0.235579 0.969243
v 0.047388 -0.030720 0.141052
vt 0.470248 0.531547
vn -0.067843 0.319290 0.945225
v 0.047518 -0.032947 0.144355
vt 0.472539 0.539323
vn -0.123630 0.190860 0.973801
v 0.047561 -0.041127 0.146699
vt 0.475697 0.556087
vn -0.132324 0.174599 0.975708
v 0.041494 -0.029696 0.143114
vt 0.480035 0.529432
vn -0.128808 0.235874 0.963209
v 0.043156 -0.039692 0.145740
vt 0.483695 0.550131
vn -0.112029 0.243968 0.963291
v 0.037314 -0.029252 0.142377
vt 0.485699 0.525033
vn -0.186318 0.210578 0.959658
v 0.040937 -0.040096 0.145438
vt 0.487950 0.548713
vn -0.197921 0.208663 0.957751
v 0.028886 -0.049718 0.144732
vt 0.518230 0.545889
vn -0.215518 0.210676 0.953503
v 0.032123 -0.036025 0.142398
vt 0.498373 0.530166
vn -0.231838 0.204571 0.951000
v 0.035452 -0.051475 0.146615
vt 0.511158 0.558597
vn -0.214624 0.210795 0.953678
v 0.039055 -0.041747 0.145407
vt 0.492626 0.549251
vn -0.230502 0.206653 0.950875
v 0.023991 -0.080298 0.150657
vt 0.571623 0.574262
vn -0.179521 0.209184 0.961257
v 0.025944 -0.065398 0.147675
vt 0.545216 0.560936
vn -0.192831 0.212258 0.957999
v 0.030119 -0.080534 0.151835
vt 0.565341 0.585255
vn -0.179521 0.209184 0.961257
v 0.032538 -0.066021 0.149105
vt 0.537993 0.572666
vn -0.193100 0.212154 0.957968
v 0.024891 -0.106921 0.156097
vt 0.617304 0.600538
vn -0.117923 0.159091 0.980196
v 0.023470 -0.093778 0.153424
vt 0.595046 0.586810
vn -0.176426 0.191482 0.965509
v 0.030659 -0.106081 0.157012
vt 0.611173 0.610558
vn -0.117021 0.158807 0.980350
v 0.029289 -0.093346 0.154389
vt 0.588788 0.596932
vn -0.176441 0.191990 0.965406
v 0.034994 -0.163516 0.166558
vt 0.715186 0.663618
vn -0.079627 0.130993 0.988180
v 0.043337 -0.161686 0.166750
vt 0.706230 0.677850
vn -0.080327 0.131596 0.988043
v 0.030659 -0.106081 0.157012
vt 0.611173 0.610558
vn 0.145862 0.206357 0.967544
v 0.029289 -0.093346 0.154389
vt 0.588788 0.596932
vn 0.135560 0.198968 0.970585
v 0.032551 -0.105729 0.156646
vt 0.608816 0.613668
vn 0.384573 0.301480 0.872476
v 0.031526 -0.093155 0.154047
vt 0.586129 0.600615
vn 0.576266 0.233574 0.783174
v 0.043337 -0.161686 0.166750
vt 0.706230 0.677850
vn 0.236083 0.238288 0.942064
v 0.030119 -0.080534 0.151835
vt 0.565341 0.585255
vn 0.130367 0.173856 0.976104
v 0.032538 -0.066021 0.149105
vt 0.537993 0.572666
vn 0.113162 0.153976 0.981573
v 0.032652 -0.080528 0.151485
vt 0.562329 0.589471
vn 0.623189 0.088385 0.777061
v 0.034866 -0.066345 0.148874
vt 0.535429 0.576756
vn 0.609134 0.006772 0.793038
v 0.035452 -0.051475 0.146615
vt 0.511158 0.558597
vn 0.088083 0.124475 0.988305
v 0.037723 -0.052366 0.146568
vt 0.509079 0.563142
vn 0.535983 -0.080730 0.840360
v 0.039055 -0.041747 0.145407
vt 0.492626 0.549251
vn 0.069976 0.085799 0.993852
v 0.041312 -0.043086 0.145330
vt 0.489742 0.554424
vn 0.342268 -0.252028 0.905171
v 0.040937 -0.040096 0.145438
vt 0.487950 0.548713
vn -0.067615 -0.067028 0.995457
v 0.043156 -0.039692 0.145740
vt 0.483695 0.550131
vn -0.163734 -0.104309 0.980974
v 0.044699 -0.042761 0.145560
vt 0.482917 0.557513
vn -0.201447 -0.588548 0.782963
v 0.047561 -0.041127 0.146699
vt 0.475697 0.556087
vn -0.343843 -0.139739 0.928572
v 0.048388 -0.044814 0.146517
vt 0.475754 0.563706
vn -0.618718 -0.629625 0.469852
v 0.083820 -0.075980 0.156842
vt 0.408286 0.634790
vn -0.684546 -0.690633 0.233287
v 0.047388 -0.030720 0.141052
vt 0.470248 0.531547
vn 0.406575 0.864160 0.296519
v 0.041730 -0.028213 0.140244
vt 0.478021 0.523565
vn 0.256299 0.940183 0.224427
v 0.050863 -0.029710 0.131197
vt 0.456398 0.515179
vn 0.408507 0.861999 0.300131
v 0.041417 -0.025961 0.131452
vt 0.472893 0.505897
vn 0.222477 0.948601 0.225076
v 0.061866 -0.156176 0.161780
vt 0.681170 0.708254
vn 0.170156 0.256191 0.951532
v 0.059400 -0.110758 0.143478
vt 0.588202 0.670151
vn 0.350273 0.317281 0.881273
v 0.054405 -0.099333 0.139332
vt 0.566833 0.652395
vn 0.535668 0.368258 0.759898
v 0.077011 -0.151547 0.158187
vt 0.660153 0.732248
vn 0.042087 0.263468 0.963750
v 0.065172 -0.066327 0.131813
vt 0.475551 0.628357
vn -0.671559 -0.700656 0.241019
v 0.126320 -0.123758 0.140952
vt 0.364760 0.759497
vn -0.685811 -0.689101 0.234103
v 0.089069 -0.090012 0.130886
vt 0.436449 0.686546
vn -0.685180 -0.690479 0.231877
v 0.124238 -0.112963 0.166691
vt 0.330007 0.716058
vn -0.685961 -0.689006 0.233940
v 0.052091 -0.080008 0.133209
vt 0.526667 0.630639
vn 0.961792 -0.076002 0.263021
v 0.056316 -0.083972 0.115728
vt 0.517234 0.665006
vn 0.955551 -0.121325 0.268706
v 0.051341 -0.090224 0.136096
vt 0.548671 0.639800
vn 0.938189 0.241567 0.247885
v 0.055779 -0.090713 0.120215
vt 0.530441 0.665177
vn 0.955172 0.160372 0.248854
v 0.053830 -0.075313 0.132059
vt 0.515460 0.627724
vn 0.911076 -0.290834 0.292156
v 0.058322 -0.079903 0.113100
vt 0.508871 0.666216
vn 0.908812 -0.295741 0.294277
v 0.054405 -0.099333 0.139332
vt 0.566833 0.652395
vn 0.867116 0.436090 0.240697
v 0.058267 -0.099463 0.125676
vt 0.547488 0.671625
vn 0.873247 0.423590 0.240855
v 0.059400 -0.110758 0.143478
vt 0.588202 0.670151
vn 0.854825 0.458277 0.243425
v 0.063007 -0.110891 0.131097
vt 0.568400 0.686485
vn 0.854679 0.458703 0.243139
v 0.077011 -0.151547 0.158187
vt 0.660153 0.732248
vn 0.857696 0.445191 0.257221
v 0.082330 -0.152032 0.140446
vt 0.631565 0.755792
vn 0.857464 0.446380 0.255928
v 0.062292 -0.064736 0.130684
vt 0.482148 0.624819
vn -0.474910 -0.823637 0.309971
v 0.067374 -0.073821 0.114349
vt 0.488029 0.664656
vn -0.455507 -0.831279 0.318573
v 0.059662 -0.064980 0.130248
vt 0.487908 0.623124
vn 0.283852 -0.843874 0.455308
v 0.064267 -0.073668 0.111713
vt 0.494183 0.666708
vn 0.366159 -0.812493 0.453632
v 0.056410 -0.068652 0.130435
vt 0.499099 0.624252
vn 0.778681 -0.504319 0.373254
v 0.060442 -0.076161 0.111248
vt 0.501506 0.667714
vn 0.784732 -0.496826 0.370622
v 0.072898 -0.077318 0.120162
vt 0.474971 0.665843
vn -0.675942 -0.700535 0.228809
v 0.041858 -0.222288 0.168980
vt 0.829381 0.711634
vn -0.856593 0.280340 0.433196
v 0.034826 -0.210039 0.147111
vt 0.813235 0.659132
vn -0.856593 0.280340 0.433196
v 0.045135 -0.218940 0.173260
vt 0.817911 0.719857
vn -0.963716 -0.088113 0.251966
v 0.036579 -0.204034 0.146725
vt 0.802023 0.656693
vn -0.964880 -0.119511 0.233933
v 0.026298 -0.211537 0.147085
vt 0.825549 0.649194
vn -0.087522 0.972775 0.214592
v -0.000044 -0.213090 0.147000
vt 0.861897 0.612425
vn 0.000199 0.978675 0.205414
v 0.026790 -0.210431 0.142240
vt 0.818599 0.642363
vn -0.095100 0.971658 0.216418
v 0.000023 -0.212057 0.141964
vt 0.854687 0.605152
vn -0.000524 0.978661 0.205479
v 0.034481 -0.208660 0.142130
vt 0.809802 0.649526
vn -0.951118 0.246378 0.186204
v 0.035567 -0.203381 0.142084
vt 0.803705 0.647108
vn -0.979273 -0.061933 0.192842
v 0.034826 -0.210039 0.147111
vt 0.813235 0.659132
vn -0.951118 0.246378 0.186204
v 0.036579 -0.204034 0.146725
vt 0.802023 0.656693
vn -0.980906 -0.023405 0.193068
v 0.034481 -0.208660 0.142130
vt 0.809802 0.649526
vn -0.190698 0.952353 0.238030
v 0.034826 -0.210039 0.147111
vt 0.813235 0.659132
vn -0.190698 0.952353 0.238030
v 0.029803 -0.166598 0.140385
vt 0.739345 0.615509
vn -0.970962 -0.143326 0.191546
v 0.034147 -0.031669 0.142109
vt 0.491882 0.525767
vn -0.233299 0.194454 0.952764
v 0.036643 -0.027753 0.139464
vt 0.485348 0.518669
vn -0.299135 0.924154 0.237609
v 0.033323 -0.030675 0.139495
vt 0.492546 0.520149
vn -0.839836 0.505371 0.198178
v 0.035292 -0.026072 0.131118
vt 0.485492 0.502357
vn -0.342744 0.908824 0.237836
v 0.031836 -0.030071 0.131575
vt 0.496560 0.504536
vn -0.838276 0.507840 0.198474
v 0.031004 -0.036338 0.140017
vt 0.501530 0.525770
vn -0.940238 0.290605 0.177483
v 0.029045 -0.037662 0.131719
vt 0.510693 0.511365
vn -0.942810 0.282272 0.177289
v 0.095099 -0.059015 0.154031
vt 0.382216 0.601946
vn 0.450908 0.854307 0.258537
v 0.073143 -0.037984 0.126807
vt 0.410388 0.525519
vn 0.429392 0.854865 0.291254
v 0.077028 -0.039330 0.121496
vt 0.398498 0.519207
vn 0.498700 0.839778 0.214643
v 0.142777 -0.087896 0.165073
vt 0.290065 0.669678
vn 0.449668 0.853975 0.261775
v 0.144431 -0.080975 0.139936
vt 0.271517 0.620738
vn 0.450385 0.853891 0.260812
v 0.107908 -0.058561 0.129416
vt 0.340091 0.564974
vn 0.446773 0.859457 0.248450
v 0.095583 -0.049556 0.119123
vt 0.358240 0.533080
vn 0.484775 0.846291 0.220873
v 0.096500 -0.183115 0.147085
vt 0.679330 0.805026
vn 0.844052 0.457556 0.279678
v 0.098800 -0.186464 0.147107
vt 0.682901 0.811913
vn 0.518080 0.724535 0.454579
v 0.097538 -0.200855 0.171488
vt 0.741907 0.811649
vn 0.804209 0.506303 0.311295
v 0.103104 -0.201530 0.168910
vt 0.737789 0.824867
vn 0.518080 0.724535 0.454579
v 0.145779 -0.155401 0.146888
vt 0.323804 0.822741
vn -0.641741 0.739597 0.202890
v 0.125204 -0.172408 0.146896
vt 0.354275 0.864885
vn -0.572970 0.793496 0.205107
v 0.145247 -0.154564 0.142029
vt 0.332245 0.817471
vn -0.642630 0.738762 0.203120
v 0.124667 -0.171566 0.142039
vt 0.362345 0.859175
vn -0.573732 0.792979 0.204978
v 0.125204 -0.172408 0.146896
vt 0.653989 0.862981
vn -0.572970 0.793496 0.205107
v 0.102630 -0.186652 0.146929
vt 0.682014 0.818877
vn -0.448421 0.865581 0.222909
v 0.124667 -0.171566 0.142039
vt 0.645406 0.857967
vn -0.573732 0.792979 0.204978
v 0.102416 -0.185483 0.141999
vt 0.672254 0.815786
vn -0.451921 0.864577 0.219713
v 0.098800 -0.186464 0.147107
vt 0.682901 0.811913
vn 0.802404 0.553197 0.223877
v 0.096500 -0.183115 0.147085
vt 0.679330 0.805026
vn 0.857184 0.468676 0.213492
v 0.099102 -0.184842 0.142026
vt 0.673176 0.812251
vn 0.802404 0.553197 0.223877
v 0.097177 -0.182074 0.142079
vt 0.669756 0.808953
vn 0.861670 0.460874 0.212414
v 0.098800 -0.186464 0.147107
vt 0.682901 0.811913
vn 0.118760 0.956167 0.267656
v 0.099102 -0.184842 0.142026
vt 0.673176 0.812251
vn 0.118760 0.956167 0.267656
v 0.082330 -0.152032 0.140446
vt 0.631565 0.755792
vn 0.871992 0.442263 0.209841
v 0.150832 -0.150286 0.147030
vt 0.317081 0.811491
vn -0.836469 -0.337513 0.431747
v 0.149227 -0.144389 0.147282
vt 0.319845 0.800947
vn -0.700213 -0.668332 0.251066
v 0.164840 -0.154831 0.169367
vt 0.260687 0.815780
vn -0.836469 -0.337513 0.431747
v 0.164410 -0.150621 0.173071
vt 0.256980 0.803807
vn -0.716781 -0.643509 0.268553
v 0.126320 -0.123758 0.140952
vt 0.364760 0.759497
vn -0.685878 -0.689070 0.233995
v 0.124238 -0.112963 0.166691
vt 0.330007 0.716058
vn -0.686045 -0.688941 0.233886
v 0.126320 -0.123758 0.140952
vt 0.364760 0.759497
vn -0.685714 -0.697515 0.208014
v 0.149227 -0.144389 0.147282
vt 0.319845 0.800947
vn -0.791406 -0.567420 0.227399
v 0.147508 -0.144271 0.142011
vt 0.330605 0.804304
vn -0.754918 -0.617448 0.221036
v 0.150832 -0.150286 0.147030
vt 0.317081 0.811491
vn -0.708466 0.671623 0.216792
v 0.149654 -0.149796 0.142189
vt 0.326298 0.810600
vn -0.708466 0.671623 0.216792
v 0.150832 -0.150286 0.147030
vt 0.317081 0.811491
vn -0.920515 -0.303908 0.245544
v 0.149654 -0.149796 0.142189
vt 0.326298 0.810600
vn -0.920515 -0.303908 0.245544
v 0.202646 -0.065888 0.147000
vt 0.136307 0.621618
vn -0.930722 0.302586 0.205420
v 0.193017 -0.090362 0.146984
vt 0.173718 0.657514
vn -0.897581 0.390469 0.204653
v 0.201684 -0.065505 0.141964
vt 0.143207 0.614002
vn -0.930854 0.302178 0.205425
v 0.191918 -0.090312 0.141964
vt 0.180866 0.650074
vn -0.895573 0.394881 0.204982
v 0.186751 -0.102330 0.147132
vt 0.192973 0.673506
vn -0.088507 0.964239 0.249820
v 0.181775 -0.102831 0.147089
vt 0.202021 0.672271
vn 0.339173 0.923116 0.181161
v 0.186073 -0.101146 0.142106
vt 0.195397 0.663912
vn -0.088507 0.964239 0.249820
v 0.180984 -0.101516 0.141946
vt 0.200461 0.661440
vn 0.398699 0.901625 0.167664
v 0.186073 -0.101146 0.142106
vt 0.195397 0.663912
vn -0.862555 0.460682 0.209214
v 0.186751 -0.102330 0.147132
vt 0.192973 0.673506
vn -0.862555 0.460682 0.209214
v 0.144431 -0.080975 0.139936
vt 0.271517 0.620738
vn 0.478283 0.865671 0.147849
v 0.186660 -0.198785 0.175828
vt 0.208159 0.905762
vn 0.016092 -0.015022 0.999758
v 0.131361 -0.238962 0.175831
vt 0.801448 0.900136
vn 0.006490 -0.013524 0.999887
v 0.034169 -0.270541 0.175834
vt 0.925856 0.750049
vn 0.003796 -0.020104 0.999791
v 0.025731 -0.050252 0.131694
vt 0.530819 0.521154
vn -0.958240 0.213785 0.189927
v 0.027855 -0.049614 0.142547
vt 0.520558 0.541477
vn -0.958240 0.213785 0.189927
v 0.025944 -0.065398 0.147675
vt 0.545216 0.560936
vn -0.955609 0.196555 0.219495
v 0.022292 -0.064869 0.130348
vt 0.556644 0.527066
vn -0.955807 0.196458 0.218717
v 0.023991 -0.080298 0.150657
vt 0.571623 0.574262
vn -0.965541 0.120700 0.230570
v 0.017378 -0.081464 0.126037
vt 0.590922 0.526308
vn -0.968134 0.098201 0.230374
v 0.023470 -0.093778 0.153424
vt 0.595046 0.586810
vn -0.982201 -0.056703 0.179067
v 0.017086 -0.085203 0.121961
vt 0.600730 0.520929
vn -0.982397 -0.060233 0.176830
v 0.024891 -0.106921 0.156097
vt 0.617304 0.600538
vn -0.976443 -0.108632 0.186434
v 0.019122 -0.109848 0.123520
vt 0.646130 0.540538
vn -0.978576 -0.096931 0.181643
v 0.014642 -0.090918 0.102836
vt 0.624296 0.487968
vn -0.982803 -0.070311 0.170744
v 0.034994 -0.163516 0.166558
vt 0.715186 0.663618
vn -0.967366 -0.139598 0.211459
v 0.024726 -0.137162 0.135035
vt 0.688750 0.582963
vn -0.971784 -0.130706 0.196347
v 0.029803 -0.166598 0.140385
vt 0.739345 0.615509
vn -0.966190 -0.140807 0.215985
v 0.034994 -0.163516 0.166558
vt 0.715186 0.663618
vn -0.967334 -0.139610 0.211599
v 0.029803 -0.166598 0.140385
vt 0.739345 0.615509
vn -0.966185 -0.140893 0.215953
v 0.088366 -0.069773 0.157315
vt 0.397874 0.623346
vn -0.164035 0.111867 0.980091
v 0.083820 -0.075980 0.156842
vt 0.408286 0.634790
vn -0.167832 0.104162 0.980297
v 0.128428 -0.107633 0.167323
vt 0.320526 0.706747
vn -0.180018 0.026786 0.983299
v 0.124238 -0.112963 0.166691
vt 0.330007 0.716058
vn -0.178711 0.024170 0.983605
v 0.170248 -0.148261 0.174141
vt 0.244159 0.799420
vn -0.094231 0.011273 0.995486
v 0.164410 -0.150621 0.173071
vt 0.256980 0.803807
vn -0.161398 -0.016618 0.986749
v 0.062292 -0.064736 0.130684
vt 0.482148 0.624819
vn -0.391228 -0.709328 0.586340
v 0.059662 -0.064980 0.130248
vt 0.487908 0.623124
vn 0.359588 -0.327013 0.873933
v 0.051341 -0.090224 0.136096
vt 0.548671 0.639800
vn 0.628836 0.206355 0.749655
v 0.052091 -0.080008 0.133209
vt 0.526667 0.630639
vn 0.672963 0.055687 0.737577
v 0.056410 -0.068652 0.130435
vt 0.499099 0.624252
vn 0.598787 -0.089430 0.795900
v 0.053830 -0.075313 0.132059
vt 0.515460 0.627724
vn 0.660266 -0.012316 0.750931
v 0.170883 -0.147554 0.174045
vt 0.242711 0.797963
vn -0.018517 0.062266 0.997888
v 0.129155 -0.106738 0.167059
vt 0.318932 0.705060
vn 0.039095 0.256686 0.965704
v 0.128428 -0.107633 0.167323
vt 0.320526 0.706747
vn 0.037887 0.248973 0.967769
v 0.089175 -0.068773 0.156903
vt 0.396063 0.621306
vn 0.279451 0.567338 0.774619
v 0.088366 -0.069773 0.157315
vt 0.397874 0.623346
vn 0.254668 0.541143 0.801441
v 0.047388 -0.030720 0.141052
vt 0.470248 0.531547
vn 0.360840 0.708459 0.606531
v 0.047518 -0.032947 0.144355
vt 0.472539 0.539323
vn 0.371945 0.677878 0.634144
v 0.041494 -0.029696 0.143114
vt 0.480035 0.529432
vn 0.213868 0.847040 0.486604
v 0.041730 -0.028213 0.140244
vt 0.478021 0.523565
vn 0.178204 0.857328 0.482941
v 0.037314 -0.029252 0.142377
vt 0.485699 0.525033
vn -0.246220 0.840712 0.482264
v 0.036643 -0.027753 0.139464
vt 0.485348 0.518669
vn -0.303032 0.821373 0.483237
v 0.034147 -0.031669 0.142109
vt 0.491882 0.525767
vn -0.734231 0.530391 0.423782
v 0.033323 -0.030675 0.139495
vt 0.492546 0.520149
vn -0.713521 0.552947 0.430277
v 0.032123 -0.036025 0.142398
vt 0.498373 0.530166
vn -0.863131 0.317495 0.392686
v 0.031004 -0.036338 0.140017
vt 0.501530 0.525770
vn -0.865523 0.309254 0.393994
v 0.028886 -0.049718 0.144732
vt 0.518230 0.545889
vn -0.873600 0.265080 0.408111
v 0.027855 -0.049614 0.142547
vt 0.520558 0.541477
vn -0.873663 0.268280 0.405880
v 0.025944 -0.065398 0.147675
vt 0.545216 0.560936
vn -0.872804 0.243149 0.423191
v 0.083344 -0.038897 0.102724
vt 0.372574 0.488945
vn 0.492286 0.842764 0.217722
v 0.000112 -0.274323 0.173429
vt 0.972821 0.701236
vn 0.000000 -1.000000 -0.000015
v 0.034310 -0.272183 0.173502
vt 0.930448 0.753512
vn 0.125082 -0.992146 0.000017
v 0.000112 -0.274323 0.163325
vt 0.988799 0.713807
vn -0.000092 -1.000000 -0.000015
v 0.034310 -0.272183 0.163398
vt 0.946255 0.766328
vn 0.124968 -0.992161 0.000017
v 0.068167 -0.265734 0.173512
vt 0.888215 0.802964
vn 0.248566 -0.968615 0.000019
v 0.068167 -0.265734 0.163408
vt 0.903903 0.816021
vn 0.248566 -0.968615 0.000019
v 0.100946 -0.255081 0.173509
vt 0.847002 0.853551
vn 0.368066 -0.929800 0.000020
v 0.100946 -0.255081 0.163405
vt 0.862772 0.866404
vn 0.368066 -0.929800 0.000020
v 0.132133 -0.240408 0.173508
vt 0.805788 0.903874
vn 0.481771 -0.876297 -0.000021
v 0.132133 -0.240408 0.163404
vt 0.821346 0.917023
vn 0.481845 -0.876257 0.000021
v 0.161229 -0.221933 0.173502
vt 0.761848 0.955968
vn 0.587780 -0.809021 0.000021
v 0.161229 -0.221933 0.163399
vt 0.777344 0.969198
vn 0.587780 -0.809021 0.000021
v 0.161229 -0.221933 0.173502
vt 0.249018 0.960868
vn 0.587780 -0.809021 0.000021
v 0.187790 -0.199969 0.173515
vt 0.203953 0.909613
vn 0.684586 -0.728932 0.000022
v 0.161229 -0.221933 0.163399
vt 0.233908 0.974468
vn 0.587780 -0.809021 0.000021
v 0.187790 -0.199969 0.163411
vt 0.188774 0.923171
vn 0.684586 -0.728932 0.000022
v 0.211374 -0.174836 0.173495
vt 0.161749 0.860263
vn 0.770506 -0.637433 -0.000021
v 0.211374 -0.174836 0.163391
vt 0.146388 0.873687
vn 0.770506 -0.637433 -0.000021
v 0.231640 -0.146959 0.173495
vt 0.118787 0.811450
vn 0.844323 -0.535834 0.000021
v 0.231640 -0.146959 0.163391
vt 0.103935 0.825439
vn 0.844355 -0.535785 0.000021
v 0.248232 -0.116753 0.173455
vt 0.072135 0.765833
vn 0.904898 -0.425629 -0.000020
v 0.248232 -0.116753 0.163351
vt 0.057325 0.779686
vn 0.904955 -0.425507 0.000020
v 0.260930 -0.084661 0.173429
vt 0.026661 0.715241
vn 0.951052 -0.309031 -0.000019
v 0.260930 -0.084661 0.163325
vt 0.011383 0.728802
vn 0.950924 -0.309423 0.000019
v -0.202676 -0.065809 0.147000
vt 0.861897 0.612425
vn 0.810592 0.265369 0.522034
v -0.193059 -0.090381 0.147085
vt 0.825549 0.649194
vn 0.783602 0.340000 0.519969
v -0.215187 -0.070140 0.168715
vt 0.893271 0.648672
vn 0.810299 0.266408 0.521961
v -0.204963 -0.095960 0.168711
vt 0.853259 0.690669
vn 0.783481 0.340608 0.519754
v -0.188999 -0.098029 0.147111
vt 0.813235 0.659132
vn 0.754381 0.401667 0.519204
v -0.198475 -0.108502 0.168980
vt 0.829381 0.711634
vn 0.754381 0.401667 0.519204
v -0.145804 -0.155288 0.146929
vt 0.682014 0.818877
vn 0.574741 0.624840 0.528439
v -0.125281 -0.172355 0.146896
vt 0.653989 0.862981
vn 0.502585 0.689037 0.522145
v -0.155097 -0.164838 0.168718
vt 0.729985 0.837360
vn 0.573312 0.626464 0.528069
v -0.133075 -0.183283 0.168777
vt 0.695875 0.885739
vn 0.502695 0.688992 0.522099
v -0.125281 -0.172355 0.146896
vt 0.354275 0.864885
vn 0.502585 0.689037 0.522145
v -0.102748 -0.186667 0.146888
vt 0.323804 0.822741
vn 0.430781 0.737086 0.520704
v -0.133075 -0.183283 0.168777
vt 0.313153 0.889652
vn 0.502695 0.688992 0.522099
v -0.109141 -0.198382 0.168747
vt 0.277672 0.843379
vn 0.429799 0.737677 0.520678
v -0.096322 -0.189893 0.147030
vt 0.317081 0.811491
vn 0.361163 0.776265 0.516694
v -0.096316 -0.204620 0.169367
vt 0.260687 0.815780
vn 0.361163 0.776265 0.516694
v -0.026295 -0.211496 0.146984
vt 0.173718 0.657514
vn 0.089753 0.847136 0.523741
v -0.000044 -0.213090 0.147000
vt 0.136307 0.621618
vn -0.002417 0.852940 0.522004
v -0.028099 -0.224947 0.168823
vt 0.145517 0.699493
vn 0.090790 0.847043 0.523712
v 0.000209 -0.226328 0.168715
vt 0.103973 0.657686
vn -0.002628 0.852943 0.521998
v -0.248260 -0.116742 0.173502
vt 0.930448 0.753512
vn -0.726427 -0.336821 0.599045
v -0.260864 -0.084880 0.173429
vt 0.972821 0.701236
vn -0.749946 -0.243502 0.615051
v -0.246742 -0.116100 0.175834
vt 0.925856 0.750049
vn -0.726135 -0.338338 0.598544
v -0.258857 -0.084210 0.175887
vt 0.967478 0.697486
vn -0.750165 -0.242792 0.615065
v -0.231665 -0.146950 0.173512
vt 0.888215 0.802964
vn -0.689750 -0.436908 0.577370
v -0.230246 -0.146110 0.175836
vt 0.883731 0.799351
vn -0.689120 -0.437940 0.577340
v -0.211404 -0.174832 0.173509
vt 0.847002 0.853551
vn -0.629697 -0.520501 0.576680
v -0.210118 -0.173815 0.175835
vt 0.842513 0.849989
vn -0.629208 -0.521112 0.576662
v -0.187811 -0.199958 0.173508
vt 0.805788 0.903874
vn -0.559934 -0.596130 0.575416
v -0.186675 -0.198777 0.175831
vt 0.801448 0.900136
vn -0.559557 -0.596439 0.575462
v -0.161249 -0.221921 0.173502
vt 0.761848 0.955968
vn -0.480916 -0.661781 0.575123
v -0.160289 -0.220605 0.175829
vt 0.757683 0.952050
vn -0.480804 -0.661823 0.575167
v -0.132153 -0.240394 0.173515
vt 0.203953 0.909613
vn -0.393909 -0.716939 0.575182
v -0.161249 -0.221921 0.173502
vt 0.249018 0.960868
vn -0.480916 -0.661781 0.575123
v -0.131376 -0.238955 0.175828
vt 0.208159 0.905762
vn -0.394138 -0.716827 0.575165
v -0.160289 -0.220605 0.175829
vt 0.253065 0.956845
vn -0.480804 -0.661823 0.575167
v -0.100963 -0.255058 0.173495
vt 0.161749 0.860263
vn -0.300947 -0.761246 0.574400
v -0.100390 -0.253534 0.175825
vt 0.166093 0.856544
vn -0.301513 -0.760964 0.574476
v -0.068188 -0.265718 0.173495
vt 0.118787 0.811450
vn -0.203317 -0.794653 0.572004
v -0.067823 -0.264117 0.175826
vt 0.123057 0.807547
vn -0.204326 -0.794367 0.572041
v -0.034332 -0.272163 0.173455
vt 0.072135 0.765833
vn -0.096621 -0.799844 0.592380
v -0.034185 -0.270539 0.175837
vt 0.076491 0.762025
vn -0.097913 -0.800102 0.591819
v 0.000112 -0.274323 0.173429
vt 0.026661 0.715241
vn -0.000236 -0.788461 0.615085
v 0.000096 -0.272208 0.175887
vt 0.031827 0.711206
vn -0.000922 -0.788497 0.615038
v -0.215187 -0.070140 0.168715
vt 0.893271 0.648672
vn 0.163992 0.052989 0.985037
v -0.204963 -0.095960 0.168711
vt 0.853259 0.690669
vn 0.155791 0.070491 0.985272
v -0.254292 -0.082619 0.175905
vt 0.959483 0.692044
vn 0.142501 0.045668 0.988741
v -0.241933 -0.113837 0.175906
vt 0.917646 0.743435
vn 0.138097 0.062887 0.988420
v -0.198475 -0.108502 0.168980
vt 0.829381 0.711634
vn 0.146870 0.082567 0.985704
v -0.232375 -0.133276 0.175924
vt 0.891583 0.775861
vn 0.144882 0.081497 0.986087
v -0.181154 -0.131270 0.172980
vt 0.786915 0.762390
vn 0.149560 0.006867 0.988729
v -0.206030 -0.170434 0.175911
vt 0.834484 0.843205
vn 0.057578 0.025284 0.998021
v -0.191868 -0.118838 0.173872
vt 0.811383 0.737058
vn 0.100769 0.015272 0.994793
v -0.225767 -0.143269 0.175911
vt 0.875541 0.792887
vn 0.043792 0.025571 0.998713
v -0.193891 -0.183357 0.175912
vt 0.812297 0.869312
vn 0.395799 -0.324839 0.858966
v -0.160886 -0.154834 0.171488
vt 0.741907 0.811649
vn 0.395799 -0.324839 0.858966
v -0.159807 -0.160336 0.168910
vt 0.737789 0.824867
vn 0.395799 -0.324839 0.858966
v -0.155097 -0.164838 0.168718
vt 0.729985 0.837360
vn 0.114585 0.127885 0.985148
v -0.133075 -0.183283 0.168777
vt 0.695875 0.885739
vn 0.101068 0.139289 0.985081
v -0.183038 -0.194904 0.175906
vt 0.793459 0.893215
vn 0.099887 0.111386 0.988744
v -0.157166 -0.216308 0.175906
vt 0.750203 0.944478
vn 0.086964 0.119583 0.989008
v -0.133075 -0.183283 0.168777
vt 0.313153 0.889652
vn 0.101068 0.139289 0.985081
v -0.109141 -0.198382 0.168747
vt 0.277672 0.843379
vn 0.080091 0.148381 0.985682
v -0.157166 -0.216308 0.175906
vt 0.260359 0.949108
vn 0.086964 0.119583 0.989008
v -0.128817 -0.234300 0.175906
vt 0.215928 0.898656
vn 0.070175 0.130781 0.988925
v -0.096316 -0.204620 0.169367
vt 0.260687 0.815780
vn 0.058268 0.153487 0.986431
v -0.109966 -0.244169 0.175923
vt 0.188630 0.868357
vn 0.057374 0.151361 0.986812
v -0.087528 -0.208118 0.174045
vt 0.242711 0.797963
vn 0.059777 0.077577 0.995193
v -0.050661 -0.217340 0.172650
vt 0.192137 0.733525
vn 0.062378 0.080572 0.994795
v -0.098440 -0.248609 0.175912
vt 0.173741 0.849537
vn 0.030473 0.044064 0.998564
v -0.066504 -0.258986 0.175917
vt 0.130779 0.800569
vn 0.029393 0.045178 0.998546
v -0.028099 -0.224947 0.168823
vt 0.145517 0.699493
vn 0.022492 0.168469 0.985450
v 0.000209 -0.226328 0.168715
vt 0.103973 0.657686
vn 0.000194 0.172302 0.985044
v -0.033519 -0.265266 0.175905
vt 0.084116 0.754857
vn 0.020175 0.150175 0.988454
v -0.000007 -0.267375 0.175905
vt 0.039786 0.705570
vn 0.000295 0.149575 0.988750
v -0.258857 -0.084210 0.175887
vt 0.967478 0.697486
vn -0.008222 -0.002730 0.999962
v -0.246742 -0.116100 0.175834
vt 0.925856 0.750049
vn -0.009013 -0.004221 0.999950
v -0.232375 -0.133276 0.175924
vt 0.891583 0.775861
vn 0.020983 0.035186 0.999161
v -0.230246 -0.146110 0.175836
vt 0.883731 0.799351
vn -0.012006 -0.008611 0.999891
v -0.210118 -0.173815 0.175835
vt 0.842513 0.849989
vn -0.011004 -0.009105 0.999898
v -0.193891 -0.183357 0.175912
vt 0.812297 0.869312
vn 0.126061 0.110357 0.985865
v -0.186675 -0.198777 0.175831
vt 0.801448 0.900136
vn -0.009231 -0.011005 0.999897
v -0.160289 -0.220605 0.175829
vt 0.757683 0.952050
vn -0.008515 -0.011721 0.999895
v -0.160289 -0.220605 0.175829
vt 0.253065 0.956845
vn -0.008515 -0.011721 0.999895
v -0.131376 -0.238955 0.175828
vt 0.208159 0.905762
vn -0.007705 -0.012531 0.999892
v -0.109966 -0.244169 0.175923
vt 0.188630 0.868357
vn 0.008397 0.020387 0.999757
v -0.098440 -0.248609 0.175912
vt 0.173741 0.849537
vn 0.020096 0.031676 0.999296
v -0.100390 -0.253534 0.175825
vt 0.166093 0.856544
vn -0.006829 -0.017423 0.999825
v -0.100390 -0.253534 0.175825
vt 0.166093 0.856544
vn -0.005313 -0.016003 0.999858
v -0.067823 -0.264117 0.175826
vt 0.123057 0.807547
vn -0.004403 -0.015420 0.999871
v -0.056098 -0.260964 0.175893
vt 0.116768 0.785613
vn 0.092880 0.114088 0.989119
v -0.034185 -0.270539 0.175837
vt 0.076491 0.762025
vn -0.001620 -0.009613 0.999952
v 0.000096 -0.272208 0.175887
vt 0.031827 0.711206
vn -0.000015 -0.008603 0.999963
v -0.194278 -0.110584 0.173260
vt 0.817911 0.719857
vn 0.066186 0.073284 0.995112
v -0.159807 -0.160336 0.168910
vt 0.737789 0.824867
vn 0.128898 0.112797 0.985222
v -0.048161 -0.221192 0.169172
vt 0.180351 0.728234
vn 0.038698 0.163368 0.985806
v -0.146808 -0.151587 0.147107
vt 0.682901 0.811913
vn 0.696787 0.460713 0.549755
v -0.159807 -0.160336 0.168910
vt 0.737789 0.824867
vn 0.696787 0.460713 0.549755
v -0.039614 -0.209235 0.147132
vt 0.192973 0.673506
vn 0.158698 0.837714 0.522543
v -0.048161 -0.221192 0.169172
vt 0.180351 0.728234
vn 0.158698 0.837714 0.522543
v -0.232375 -0.133276 0.175924
vt 0.891583 0.775861
vn -0.348049 0.662206 0.663585
v -0.198475 -0.108502 0.168980
vt 0.829381 0.711634
vn -0.348049 0.662206 0.663585
v -0.194278 -0.110584 0.173260
vt 0.817911 0.719857
vn -0.348049 0.662206 0.663585
v -0.048161 -0.221192 0.169172
vt 0.180351 0.728234
vn 0.419099 0.015299 0.907812
v -0.050661 -0.217340 0.172650
vt 0.192137 0.733525
vn 0.419099 0.015299 0.907812
v -0.061354 -0.259966 0.175915
vt 0.124009 0.792883
vn 0.176070 0.020192 0.984171
v -0.092445 -0.202909 0.173071
vt 0.256980 0.803807
vn -0.723944 0.348471 0.595376
v -0.109966 -0.244169 0.175923
vt 0.188630 0.868357
vn -0.723944 0.348471 0.595376
v -0.096316 -0.204620 0.169367
vt 0.260687 0.815780
vn -0.723944 0.348471 0.595376
v -0.160886 -0.154834 0.171488
vt 0.741907 0.811649
vn 0.183972 0.040181 0.982110
v -0.193891 -0.183357 0.175912
vt 0.812297 0.869312
vn 0.049992 0.046985 0.997644
v -0.039614 -0.209235 0.147132
vt 0.192973 0.673506
vn 0.849310 0.270094 0.453565
v -0.048161 -0.221192 0.169172
vt 0.180351 0.728234
vn 0.849310 0.270094 0.453565
v -0.041629 -0.204657 0.147089
vt 0.202021 0.672271
vn 0.951982 -0.135309 0.274628
v -0.050661 -0.217340 0.172650
vt 0.192137 0.733525
vn 0.951232 -0.107635 0.289090
v -0.039475 -0.162952 0.165073
vt 0.290065 0.669678
vn 0.118378 0.115362 0.986245
v -0.061605 -0.155820 0.167058
vt 0.318932 0.705060
vn 0.116495 0.114785 0.986536
v -0.026741 -0.108683 0.154031
vt 0.382216 0.601946
vn 0.208962 0.142468 0.967490
v -0.037852 -0.106065 0.156903
vt 0.396063 0.621306
vn 0.202071 0.140499 0.969241
v -0.014574 -0.054564 0.141052
vt 0.470248 0.531547
vn 0.282705 0.163077 0.945243
v -0.016653 -0.055375 0.144355
vt 0.472539 0.539323
vn 0.143382 0.176587 0.973786
v -0.024419 -0.057944 0.146699
vt 0.475697 0.556087
vn 0.125162 0.179760 0.975716
v -0.015422 -0.048642 0.143114
vt 0.480035 0.529432
vn 0.184558 0.195379 0.963206
v -0.024415 -0.053311 0.145740
vt 0.483695 0.550131
vn 0.197382 0.181854 0.963312
v -0.016291 -0.044530 0.142377
vt 0.485699 0.525033
vn 0.142691 0.242153 0.959688
v -0.025485 -0.051326 0.145438
vt 0.487950 0.548713
vn 0.137578 0.252594 0.957741
v -0.038360 -0.042838 0.144732
vt 0.518230 0.545889
vn 0.133861 0.269980 0.953516
v -0.024337 -0.041685 0.142398
vt 0.498373 0.530166
vn 0.122995 0.283674 0.951000
v -0.038002 -0.049626 0.146615
vt 0.511158 0.558597
vn 0.134191 0.268983 0.953751
v -0.027637 -0.050046 0.145407
vt 0.492626 0.549251
vn 0.125290 0.282996 0.950903
v -0.068956 -0.047633 0.150657
vt 0.571623 0.574262
vn 0.143479 0.235246 0.961287
v -0.054181 -0.044885 0.147675
vt 0.545216 0.560936
vn 0.142362 0.248799 0.958036
v -0.067286 -0.053534 0.151835
vt 0.565341 0.585255
vn 0.143491 0.235389 0.961250
v -0.052737 -0.051349 0.149105
vt 0.537993 0.572666
vn 0.142165 0.249145 0.957975
v -0.093997 -0.056716 0.156097
vt 0.617304 0.600538
vn 0.114892 0.161286 0.980197
v -0.081937 -0.051302 0.153424
vt 0.595046 0.586810
vn 0.127602 0.226903 0.965522
v -0.091417 -0.061941 0.157012
vt 0.611173 0.610558
vn 0.114901 0.160386 0.980344
v -0.079728 -0.056703 0.154389
vt 0.588788 0.596932
vn 0.127784 0.226981 0.965480
v -0.144701 -0.083812 0.166558
vt 0.715186 0.663618
vn 0.099989 0.116161 0.988185
v -0.140382 -0.091182 0.166750
vt 0.706230 0.677850
vn 0.100294 0.116994 0.988056
v -0.091417 -0.061941 0.157012
vt 0.611173 0.610558
vn 0.241387 -0.075016 0.967525
v -0.079728 -0.056703 0.154389
vt 0.588788 0.596932
vn 0.231371 -0.067504 0.970521
v -0.090497 -0.063632 0.156646
vt 0.608816 0.613668
vn 0.405579 -0.272602 0.872464
v -0.078856 -0.058772 0.154047
vt 0.586129 0.600615
vn 0.400162 -0.475915 0.783183
v -0.140382 -0.091182 0.166750
vt 0.706230 0.677850
vn 0.299596 -0.150935 0.942051
v -0.067286 -0.053534 0.151835
vt 0.565341 0.585255
vn 0.205584 -0.070324 0.976109
v -0.052737 -0.051349 0.149105
vt 0.537993 0.572666
vn 0.181384 -0.060113 0.981573
v -0.066498 -0.055940 0.151485
vt 0.562329 0.589471
vn 0.276685 -0.565452 0.776987
v -0.052326 -0.053663 0.148874
vt 0.535429 0.576756
vn 0.194693 -0.577298 0.792982
v -0.038002 -0.049626 0.146615
vt 0.511158 0.558597
vn 0.145587 -0.045326 0.988307
v -0.038147 -0.052061 0.146568
vt 0.509079 0.563142
vn 0.088886 -0.534765 0.840313
v -0.027637 -0.050046 0.145407
vt 0.492626 0.549251
vn 0.103304 -0.040103 0.993841
v -0.028213 -0.052606 0.145330
vt 0.489742 0.554424
vn -0.133941 -0.403453 0.905144
v -0.025485 -0.051326 0.145438
vt 0.487950 0.548713
vn -0.084614 0.043567 0.995461
v -0.024415 -0.053311 0.145740
vt 0.483695 0.550131
vn -0.149796 0.123462 0.980978
v -0.026857 -0.055727 0.145560
vt 0.482917 0.557513
vn -0.622006 0.009692 0.782953
v -0.024419 -0.057944 0.146699
vt 0.475697 0.556087
vn -0.239237 0.283757 0.928573
v -0.027670 -0.059870 0.146517
vt 0.475754 0.563706
vn -0.790039 0.393770 0.469875
v -0.046361 -0.103199 0.156842
vt 0.408286 0.634790
vn -0.868360 0.437574 0.233409
v -0.014574 -0.054564 0.141052
vt 0.470248 0.531547
vn 0.947515 -0.119623 0.296487
v -0.013938 -0.048408 0.140244
vt 0.478021 0.523565
vn 0.973368 0.046696 0.224442
v -0.012540 -0.057556 0.131197
vt 0.456398 0.515179
vn 0.946063 -0.122118 0.300085
v -0.011893 -0.047414 0.131452
vt 0.472893 0.505897
vn 0.970933 0.081501 0.225048
v -0.129417 -0.107101 0.161780
vt 0.681170 0.708254
vn 0.296176 -0.082728 0.951544
v -0.086983 -0.090721 0.143478
vt 0.588202 0.670151
vn 0.410103 -0.235133 0.881208
v -0.077661 -0.082440 0.139332
vt 0.566833 0.652395
vn 0.515750 -0.395733 0.759867
v -0.120333 -0.120074 0.158187
vt 0.660153 0.732248
vn 0.263601 0.041291 0.963748
v -0.042943 -0.082480 0.131813
vt 0.475551 0.628357
vn -0.873868 0.422169 0.241095
v -0.078667 -0.158383 0.140952
vt 0.364760 0.759497
vn -0.867264 0.439380 0.234090
v -0.058084 -0.112527 0.130886
vt 0.436449 0.686546
vn -0.868411 0.438256 0.231935
v -0.069045 -0.153067 0.166691
vt 0.330007 0.716058
vn -0.867230 0.439551 0.233893
v -0.059997 -0.074267 0.133209
vt 0.526667 0.630639
vn 0.224899 -0.938222 0.262981
v -0.062461 -0.079510 0.115728
vt 0.517234 0.665006
vn 0.179873 -0.946276 0.268713
v -0.069944 -0.076711 0.136096
vt 0.548671 0.639800
vn 0.519662 -0.817648 0.247798
v -0.069038 -0.081083 0.120215
vt 0.530441 0.665177
vn 0.447569 -0.858946 0.248786
v -0.054994 -0.074470 0.132059
vt 0.515460 0.627724
vn 0.005069 -0.956346 0.292193
v -0.057971 -0.080160 0.113100
vt 0.508871 0.666216
vn -0.000401 -0.955723 0.294267
v -0.077661 -0.082440 0.139332
vt 0.566833 0.652395
vn 0.682701 -0.689939 0.240631
v -0.076591 -0.086153 0.125676
vt 0.547488 0.671625
vn 0.672752 -0.699583 0.240809
v -0.086983 -0.090721 0.143478
vt 0.588202 0.670151
vn 0.699956 -0.671422 0.243421
v -0.085995 -0.094192 0.131097
vt 0.568400 0.686485
vn 0.700350 -0.671131 0.243091
v -0.120333 -0.120074 0.158187
vt 0.660153 0.732248
vn 0.688435 -0.678177 0.257163
v -0.119152 -0.125283 0.140446
vt 0.631565 0.755792
vn 0.689481 -0.677594 0.255896
v -0.042319 -0.079250 0.130684
vt 0.482148 0.624819
vn -0.930095 0.197080 0.309973
v -0.049390 -0.086890 0.114349
vt 0.488029 0.664656
vn -0.931353 0.176303 0.318590
v -0.043364 -0.076824 0.130248
vt 0.487908 0.623124
vn -0.714804 -0.530841 0.455262
v -0.050205 -0.083889 0.111713
vt 0.494183 0.666708
vn -0.659626 -0.599316 0.453557
v -0.047861 -0.074866 0.130435
vt 0.499099 0.624252
vn -0.239021 -0.896439 0.373184
v -0.053758 -0.081022 0.111248
vt 0.501506 0.667714
vn -0.230033 -0.899869 0.370567
v -0.051009 -0.093224 0.120162
vt 0.474971 0.665843
vn -0.875110 0.426381 0.228871
v -0.198475 -0.108502 0.168980
vt 0.829381 0.711634
vn 0.001978 0.901287 0.433217
v -0.188999 -0.098029 0.147111
vt 0.813235 0.659132
vn 0.001978 0.901287 0.433217
v -0.194278 -0.110584 0.173260
vt 0.817911 0.719857
vn -0.381542 0.889334 0.252014
v -0.182746 -0.097841 0.146725
vt 0.802023 0.656693
vn -0.411850 0.880700 0.233982
v -0.193059 -0.090381 0.147085
vt 0.825549 0.649194
vn 0.898122 0.383807 0.214637
v -0.202676 -0.065809 0.147000
vt 0.861897 0.612425
vn 0.930985 0.301770 0.205430
v -0.191855 -0.090507 0.142240
vt 0.818599 0.642363
vn 0.894703 0.390712 0.216451
v -0.201673 -0.065553 0.141964
vt 0.854687 0.605152
vn 0.930603 0.302867 0.205549
v -0.187794 -0.097275 0.142130
vt 0.809802 0.649526
vn -0.059608 0.980702 0.186199
v -0.182437 -0.096676 0.142084
vt 0.803705 0.647108
vn -0.361532 0.912190 0.192884
v -0.188999 -0.098029 0.147111
vt 0.813235 0.659132
vn -0.059608 0.980702 0.186199
v -0.182746 -0.097841 0.146725
vt 0.802023 0.656693
vn -0.325413 0.925644 0.193106
v -0.187794 -0.097275 0.142130
vt 0.809802 0.649526
vn 0.846785 0.475696 0.238051
v -0.188999 -0.098029 0.147111
vt 0.813235 0.659132
vn 0.846785 0.475696 0.238051
v -0.149236 -0.079828 0.140385
vt 0.739345 0.615509
vn -0.436361 0.879138 0.191585
v -0.019568 -0.042264 0.142109
vt 0.491882 0.525767
vn 0.112775 0.281866 0.952803
v -0.015073 -0.043428 0.139464
vt 0.485348 0.518669
vn 0.786516 0.570019 0.237636
v -0.018878 -0.041173 0.139495
vt 0.492546 0.520149
vn 0.221172 0.954876 0.198231
v -0.013891 -0.041623 0.131118
vt 0.485492 0.502357
vn 0.758469 0.606761 0.237836
v -0.018763 -0.039572 0.131575
vt 0.496560 0.504536
vn 0.223996 0.954154 0.198536
v -0.024980 -0.040718 0.140017
vt 0.501530 0.525770
vn -0.014227 0.984020 0.177486
v -0.026845 -0.039263 0.131719
vt 0.510693 0.511365
vn -0.022818 0.983894 0.177289
v -0.026741 -0.108683 0.154031
vt 0.382216 0.601946
vn 0.951825 -0.164922 0.258516
v -0.013524 -0.081303 0.126807
vt 0.410388 0.525519
vn 0.945712 -0.144309 0.291210
v -0.013604 -0.085414 0.121496
vt 0.398498 0.519207
vn 0.952787 -0.214812 0.214601
v -0.039475 -0.162952 0.165073
vt 0.290065 0.669678
vn 0.951185 -0.163729 0.261610
v -0.032382 -0.162387 0.139936
vt 0.271517 0.620738
vn 0.951252 -0.164631 0.260800
v -0.022351 -0.120725 0.129416
vt 0.340091 0.564974
vn 0.955453 -0.159405 0.248396
v -0.017595 -0.106221 0.119123
vt 0.358240 0.533080
vn 0.954676 -0.199605 0.220797
v -0.144334 -0.148365 0.147085
vt 0.679330 0.805026
vn 0.695973 -0.661403 0.279583
v -0.146808 -0.151587 0.147107
vt 0.682901 0.811913
vn 0.849169 -0.268930 0.454520
v -0.160886 -0.154834 0.171488
vt 0.741907 0.811649
vn 0.730029 -0.608446 0.311208
v -0.159807 -0.160336 0.168910
vt 0.737789 0.824867
vn 0.849169 -0.268930 0.454520
v -0.102748 -0.186667 0.146888
vt 0.323804 0.822741
vn 0.505063 0.838876 0.202974
v -0.125281 -0.172355 0.146896
vt 0.354275 0.864885
vn 0.577670 0.790075 0.205133
v -0.102117 -0.185903 0.142029
vt 0.332245 0.817471
vn 0.503980 0.839479 0.203173
v -0.124646 -0.171584 0.142039
vt 0.362345 0.859175
vn 0.576899 0.790659 0.205050
v -0.125281 -0.172355 0.146896
vt 0.653989 0.862981
vn 0.577670 0.790075 0.205133
v -0.145804 -0.155288 0.146929
vt 0.682014 0.818877
vn 0.684675 0.693913 0.222947
v -0.124646 -0.171584 0.142039
vt 0.645406 0.857967
vn 0.576899 0.790659 0.205050
v -0.144759 -0.154723 0.141999
vt 0.672254 0.815786
vn 0.682691 0.696894 0.219706
v -0.146808 -0.151587 0.147107
vt 0.682901 0.811913
vn 0.774065 -0.592238 0.223779
v -0.144334 -0.148365 0.147085
vt 0.679330 0.805026
vn 0.710599 -0.670455 0.213396
v -0.145172 -0.151373 0.142026
vt 0.673176 0.812251
vn 0.774065 -0.592238 0.223779
v -0.143135 -0.148687 0.142079
vt 0.669756 0.808953
vn 0.704552 -0.677114 0.212423
v -0.146808 -0.151587 0.147107
vt 0.682901 0.811913
vn 0.946079 0.182475 0.267651
v -0.145172 -0.151373 0.142026
vt 0.673176 0.812251
vn 0.946079 0.182475 0.267651
v -0.119152 -0.125283 0.140446
vt 0.631565 0.755792
vn 0.690107 -0.692634 0.209785
v -0.096322 -0.189893 0.147030
vt 0.317081 0.811491
vn -0.579500 0.691155 0.431839
v -0.091210 -0.186544 0.147282
vt 0.319845 0.800947
vn -0.852005 0.459370 0.251131
v -0.096316 -0.204620 0.169367
vt 0.260687 0.815780
vn -0.579500 0.691155 0.431839
v -0.092445 -0.202909 0.173071
vt 0.256980 0.803807
vn -0.833485 0.482852 0.268622
v -0.078667 -0.158383 0.140952
vt 0.364760 0.759497
vn -0.867289 0.439252 0.234238
v -0.069045 -0.153067 0.166691
vt 0.330007 0.716058
vn -0.867247 0.439466 0.233991
v -0.078667 -0.158383 0.140952
vt 0.364760 0.759497
vn -0.875275 0.436559 0.208109
v -0.091210 -0.186544 0.147282
vt 0.319845 0.800947
vn -0.784207 0.577287 0.227506
v -0.091629 -0.184873 0.142011
vt 0.330605 0.804304
vn -0.820501 0.527172 0.221061
v -0.096322 -0.189893 0.147030
vt 0.317081 0.811491
vn 0.419784 0.881332 0.216876
v -0.096221 -0.188621 0.142189
vt 0.326298 0.810600
vn 0.419784 0.881332 0.216876
v -0.096322 -0.189893 0.147030
vt 0.317081 0.811491
vn -0.573493 0.781534 0.245580
v -0.096221 -0.188621 0.142189
vt 0.326298 0.810600
vn -0.573493 0.781534 0.245580
v -0.000044 -0.213090 0.147000
vt 0.136307 0.621618
vn 0.000199 0.978675 0.205414
v -0.026295 -0.211496 0.146984
vt 0.173718 0.657514
vn 0.093997 0.974297 0.204720
v 0.000023 -0.212057 0.141964
vt 0.143207 0.614002
vn -0.000524 0.978661 0.205479
v -0.026588 -0.210435 0.141964
vt 0.180866 0.650074
vn 0.098778 0.973760 0.205022
v -0.039614 -0.209235 0.147132
vt 0.192973 0.673506
vn 0.889718 0.382064 0.249857
v -0.041629 -0.204657 0.147089
vt 0.202021 0.672271
vn 0.982762 -0.037335 0.181068
v -0.038697 -0.208224 0.142106
vt 0.195397 0.663912
vn 0.889718 0.382064 0.249857
v -0.040622 -0.203498 0.141946
vt 0.200461 0.661440
vn 0.980707 -0.100603 0.167609
v -0.038697 -0.208224 0.142106
vt 0.195397 0.663912
vn 0.171664 0.962673 0.209264
v -0.039614 -0.209235 0.147132
vt 0.192973 0.673506
vn 0.171664 0.962673 0.209264
v -0.032382 -0.162387 0.139936
vt 0.271517 0.620738
vn 0.971093 -0.187433 0.147806
v -0.131376 -0.238955 0.175828
vt 0.208159 0.905762
vn -0.009311 -0.019925 0.999758
v -0.186675 -0.198777 0.175831
vt 0.801448 0.900136
vn -0.010828 -0.010330 0.999888
v -0.246742 -0.116100 0.175834
vt 0.925856 0.750049
vn -0.017921 -0.009831 0.999791
v -0.039842 -0.040002 0.131694
vt 0.530819 0.521154
vn -0.092733 0.977413 0.189907
v -0.038580 -0.041825 0.142547
vt 0.520558 0.541477
vn -0.092816 0.977403 0.189920
v -0.054181 -0.044885 0.147675
vt 0.545216 0.560936
vn -0.108311 0.969574 0.219533
v -0.054807 -0.041248 0.130348
vt 0.556644 0.527066
vn -0.108426 0.969742 0.218733
v -0.068956 -0.047633 0.150657
vt 0.571623 0.574262
vn -0.183622 0.955564 0.230609
v -0.072108 -0.041703 0.126037
vt 0.590922 0.526308
vn -0.205731 0.951097 0.230413
v -0.081937 -0.051302 0.153424
vt 0.595046 0.586810
vn -0.357545 0.916580 0.179005
v -0.075755 -0.042581 0.121961
vt 0.600730 0.520929
vn -0.360919 0.915661 0.176922
v -0.093997 -0.056716 0.156097
vt 0.617304 0.600538
vn -0.405022 0.895087 0.186485
v -0.098564 -0.052133 0.123520
vt 0.646130 0.540538
vn -0.394554 0.900734 0.181670
v -0.081945 -0.042023 0.102836
vt 0.624296 0.487968
vn -0.370638 0.912935 0.170816
v -0.144701 -0.083812 0.166558
vt 0.715186 0.663618
vn -0.431720 0.876870 0.211465
v -0.122810 -0.065903 0.135035
vt 0.688750 0.582963
vn -0.424644 0.883801 0.196398
v -0.149236 -0.079828 0.140385
vt 0.739345 0.615509
vn -0.432531 0.875364 0.215998
v -0.144701 -0.083812 0.166558
vt 0.715186 0.663618
vn -0.431705 0.876840 0.211619
v -0.039053 -0.105604 0.157315
vt 0.397874 0.623346
vn 0.055787 0.190568 0.980088
v -0.046361 -0.103199 0.156842
vt 0.408286 0.634790
vn 0.047278 0.191773 0.980300
v -0.062681 -0.155405 0.167323
vt 0.320526 0.706747
vn -0.030126 0.179498 0.983297
v -0.069045 -0.153067 0.166691
vt 0.330007 0.716058
vn -0.032209 0.177394 0.983613
v -0.088397 -0.207733 0.174141
vt 0.244159 0.799420
vn -0.018326 0.093082 0.995490
v -0.092445 -0.202909 0.173071
vt 0.256980 0.803807
vn -0.065723 0.148284 0.986759
v -0.042319 -0.079250 0.130684
vt 0.482148 0.624819
vn -0.795470 0.152902 0.586386
v -0.043364 -0.076824 0.130248
vt 0.487908 0.623124
vn -0.199921 -0.443150 0.873870
v -0.069944 -0.076711 0.136096
vt 0.548671 0.639800
vn 0.390563 -0.534421 0.749569
v -0.059997 -0.074267 0.133209
vt 0.526667 0.630639
vn 0.260985 -0.622786 0.737580
v -0.047861 -0.074866 0.130435
vt 0.499099 0.624252
vn 0.099991 -0.597186 0.795846
v -0.054994 -0.074470 0.132059
vt 0.515460 0.627724
vn 0.192445 -0.631797 0.750864
v -0.087528 -0.208118 0.174045
vt 0.242711 0.797963
vn 0.053587 0.036782 0.997886
v -0.061605 -0.155820 0.167058
vt 0.318932 0.705060
vn 0.256278 0.042067 0.965687
v -0.062681 -0.155405 0.167323
vt 0.320526 0.706747
vn 0.248561 0.040880 0.967753
v -0.037852 -0.106065 0.156903
vt 0.396063 0.621306
vn 0.625987 -0.090532 0.774561
v -0.039053 -0.105604 0.157315
vt 0.397874 0.623346
vn 0.593378 -0.075022 0.801420
v -0.014574 -0.054564 0.141052
vt 0.470248 0.531547
vn 0.785296 -0.124301 0.606514
v -0.016653 -0.055375 0.144355
vt 0.472539 0.539323
vn 0.759685 -0.144314 0.634076
v -0.015422 -0.048642 0.143114
vt 0.480035 0.529432
vn 0.871661 0.058387 0.486619
v -0.013938 -0.048408 0.140244
vt 0.478021 0.523565
vn 0.870423 0.095392 0.482974
v -0.016291 -0.044530 0.142377
vt 0.485699 0.525033
vn 0.723524 0.493890 0.482271
v -0.015073 -0.043428 0.139464
vt 0.485348 0.518669
vn 0.687545 0.541971 0.483270
v -0.019568 -0.042264 0.142109
vt 0.491882 0.525767
vn 0.277487 0.862189 0.423830
v -0.018878 -0.041173 0.139495
vt 0.492546 0.520149
vn 0.305371 0.849452 0.430325
v -0.024337 -0.041685 0.142398
vt 0.498373 0.530166
vn 0.035164 0.918982 0.392728
v -0.024980 -0.040718 0.140017
vt 0.501530 0.525770
vn 0.026672 0.918691 0.394075
v -0.038360 -0.042838 0.144732
vt 0.518230 0.545889
vn -0.017833 0.912777 0.408069
v -0.038580 -0.041825 0.142547
vt 0.520558 0.541477
vn -0.014928 0.913798 0.405895
v -0.054181 -0.044885 0.147675
vt 0.545216 0.560936
vn -0.038439 0.905216 0.423210
v -0.011240 -0.091286 0.102724
vt 0.372574 0.488945
vn 0.953634 -0.207815 0.217706
v -0.260864 -0.084880 0.173429
vt 0.972821 0.701236
vn -0.951168 -0.308674 -0.000058
v -0.248260 -0.116742 0.173502
vt 0.930448 0.753512
vn -0.904959 -0.425498 -0.000061
v -0.260864 -0.084880 0.163325
vt 0.988799 0.713807
vn -0.951097 -0.308893 -0.000019
v -0.248260 -0.116742 0.163398
vt 0.946255 0.766328
vn -0.904967 -0.425482 -0.000020
v -0.231665 -0.146950 0.173512
vt 0.888215 0.802964
vn -0.844401 -0.535711 -0.000021
v -0.231665 -0.146950 0.163408
vt 0.903903 0.816021
vn -0.844401 -0.535711 -0.000021
v -0.211404 -0.174832 0.173509
vt 0.847002 0.853551
vn -0.770527 -0.637408 -0.000064
v -0.211404 -0.174832 0.163405
vt 0.862772 0.866404
vn -0.770527 -0.637408 -0.000064
v -0.187811 -0.199958 0.173508
vt 0.805788 0.903874
vn -0.684496 -0.729016 -0.000065
v -0.187811 -0.199958 0.163404
vt 0.821346 0.917023
vn -0.684496 -0.729016 -0.000065
v -0.161249 -0.221921 0.173502
vt 0.761848 0.955968
vn -0.587804 -0.809003 -0.000021
v -0.161249 -0.221921 0.163399
vt 0.777344 0.969198
vn -0.587804 -0.809003 -0.000021
v -0.161249 -0.221921 0.173502
vt 0.249018 0.960868
vn -0.587804 -0.809003 -0.000021
v -0.132153 -0.240394 0.173515
vt 0.203953 0.909613
vn -0.481721 -0.876324 -0.000021
v -0.161249 -0.221921 0.163399
vt 0.233908 0.974468
vn -0.587804 -0.809003 -0.000021
v -0.132153 -0.240394 0.163411
vt 0.188774 0.923171
vn -0.481721 -0.876324 -0.000021
v -0.100963 -0.255058 0.173495
vt 0.161749 0.860263
vn -0.368090 -0.929790 -0.000020
v -0.100963 -0.255058 0.163391
vt 0.146388 0.873687
vn -0.368090 -0.929790 -0.000020
v -0.068188 -0.265718 0.173495
vt 0.118787 0.811450
vn -0.248685 -0.968584 -0.000056
v -0.068188 -0.265718 0.163391
vt 0.103935 0.825439
vn -0.248588 -0.968609 -0.000019
v -0.034332 -0.272163 0.173455
vt 0.072135 0.765833
vn -0.125101 -0.992144 -0.000017
v -0.034332 -0.272163 0.163351
vt 0.057325 0.779686
vn -0.124987 -0.992158 -0.000017
v 0.000112 -0.274323 0.173429
vt 0.026661 0.715241
vn 0.000000 -1.000000 -0.000015
v 0.000112 -0.274323 0.163325
vt 0.011383 0.728802
vn -0.000092 -1.000000 -0.000015
v 0.028129 0.014180 0.133679
vt 0.701149 0.189367
vn -0.630523 -0.323733 0.705435
v 0.031027 0.005018 0.133690
vt 0.695252 0.207980
vn -0.700216 -0.104708 0.706211
v 0.026745 0.013488 0.132109
vt 0.703978 0.190788
vn -0.630138 -0.324403 0.705470
v 0.029475 0.004771 0.132129
vt 0.698426 0.208489
vn -0.700246 -0.104316 0.706239
v 0.031027 0.005018 0.133690
vt 0.695252 0.207980
vn 0.024994 0.006182 0.999668
v 0.028129 0.014180 0.133679
vt 0.701149 0.189367
vn 0.028471 0.018571 0.999422
v 0.042208 0.011286 0.133372
vt 0.672621 0.195218
vn 0.024984 0.005770 0.999671
v 0.034422 0.017387 0.133396
vt 0.688397 0.182869
vn 0.027772 0.018169 0.999449
v 0.027922 0.004524 0.134135
vt 0.701602 0.208999
vn 0.056997 0.009768 0.998327
v -0.000002 0.000000 0.135775
vt 0.758230 0.218261
vn -0.000015 -0.000015 1.000000
v 0.025361 0.012796 0.134107
vt 0.706807 0.192210
vn 0.051993 0.026974 0.998283
v 0.031019 -0.005048 0.133693
vt 0.695232 0.228428
vn -0.699327 0.108095 0.706581
v 0.029482 -0.004795 0.132125
vt 0.698375 0.227913
vn -0.699408 0.107358 0.706613
v 0.027945 -0.004541 0.134124
vt 0.701518 0.227397
vn 0.057479 -0.009214 0.998304
v 0.022177 -0.022373 0.133679
vt 0.713111 0.263619
vn 0.026377 -0.021200 0.999427
v 0.028076 -0.014136 0.133692
vt 0.701131 0.246895
vn 0.024001 -0.018816 0.999535
v 0.027171 -0.027366 0.133396
vt 0.702991 0.273739
vn 0.025977 -0.020932 0.999443
v 0.032536 -0.021330 0.133396
vt 0.692019 0.261485
vn 0.025270 -0.020105 0.999478
v 0.020006 -0.020168 0.134107
vt 0.717564 0.259117
vn 0.041687 -0.041126 0.998284
v 0.025272 -0.012751 0.134127
vt 0.706891 0.244065
vn 0.051479 -0.027029 0.998308
v 0.028076 -0.014136 0.133692
vt 0.701131 0.246895
vn -0.632634 0.321290 0.704661
v 0.026674 -0.013443 0.132126
vt 0.704011 0.245480
vn -0.632142 0.322184 0.704694
v 0.021091 -0.021270 0.132109
vt 0.715338 0.261368
vn -0.503221 0.499052 0.705490
v 0.022177 -0.022373 0.133679
vt 0.713111 0.263619
vn -0.502701 0.499574 0.705491
v 0.038636 -0.019800 0.133374
vt 0.679595 0.258283
vn 0.039073 -0.004727 0.999225
v 0.031019 -0.005048 0.133693
vt 0.695232 0.228428
vn 0.039186 -0.006810 0.999209
v 0.079981 -0.023128 0.126883
vt 0.594740 0.264607
vn 0.344751 -0.108897 0.932356
v 0.084144 -0.024246 0.122750
vt 0.583277 0.267634
vn 0.877519 -0.256447 0.405209
v 0.076224 -0.033621 0.126856
vt 0.601788 0.286050
vn 0.330485 -0.126606 0.935281
v 0.080413 -0.034665 0.122766
vt 0.590290 0.288654
vn 0.857292 -0.301107 0.417596
v 0.052874 0.004967 0.133146
vt 0.650980 0.207874
vn 0.046378 -0.011204 0.998861
v 0.090025 -0.025995 0.102444
vt 0.542338 0.279607
vn 0.917811 -0.268450 0.292504
v 0.087314 -0.034057 0.102383
vt 0.547376 0.296322
vn 0.902773 -0.315446 0.292396
v 0.055696 -0.025455 0.132598
vt 0.644883 0.269385
vn 0.128097 -0.043326 0.990815
v 0.060449 -0.015785 0.132465
vt 0.635497 0.249737
vn 0.134275 -0.041319 0.990082
v 0.091864 -0.018593 0.102288
vt 0.537947 0.264586
vn 0.931672 -0.216532 0.291720
v 0.086362 -0.014294 0.122829
vt 0.578646 0.247689
vn 0.877373 -0.202314 0.435069
v 0.082464 -0.011918 0.126850
vt 0.589407 0.242027
vn 0.326280 -0.083142 0.941610
v 0.066580 -0.003172 0.131906
vt 0.623064 0.224187
vn 0.131570 -0.035600 0.990668
v 0.062746 0.067247 0.102724
vt 0.609685 0.050864
vn 0.812734 0.531298 0.239136
v 0.061207 0.061106 0.121496
vt 0.629377 0.086660
vn 0.793605 0.510298 0.331341
v 0.059370 0.072518 0.102383
vt 0.618831 0.041849
vn 0.812734 0.531298 0.239136
v 0.057816 0.065767 0.122766
vt 0.639386 0.080293
vn 0.794977 0.511692 0.325858
v 0.058726 0.057827 0.126807
vt 0.638422 0.098584
vn 0.369464 0.096678 0.924202
v 0.055529 0.062106 0.126856
vt 0.645416 0.090424
vn 0.410354 0.134180 0.902001
v 0.043972 0.039194 0.131197
vt 0.668585 0.138148
vn 0.277196 -0.063425 0.958718
v 0.041419 0.045106 0.132598
vt 0.674581 0.126259
vn 0.287562 -0.013736 0.957663
v 0.037487 0.031370 0.131452
vt 0.681599 0.154306
vn 0.273377 -0.139718 0.951706
v 0.030768 0.030629 0.133374
vt 0.695867 0.155842
vn 0.298573 -0.119533 0.946872
v 0.035700 0.025510 0.131118
vt 0.684932 0.166082
vn 0.323393 0.057077 0.944542
v 0.030339 0.024354 0.133396
vt 0.696661 0.168647
vn 0.322654 0.062170 0.944473
v 0.038435 0.020988 0.131575
vt 0.679749 0.175237
vn 0.235860 0.233963 0.943203
v 0.034422 0.017387 0.133396
vt 0.688397 0.182869
vn 0.234689 0.234387 0.943390
v 0.044792 0.015987 0.131719
vt 0.667045 0.185300
vn 0.172782 0.244867 0.954037
v 0.042208 0.011286 0.133372
vt 0.672621 0.195218
vn 0.170958 0.244366 0.954494
v 0.055742 0.008945 0.131694
vt 0.644844 0.199507
vn 0.194554 0.226669 0.954343
v 0.052874 0.004967 0.133146
vt 0.650980 0.207874
vn 0.191289 0.228192 0.954640
v 0.068581 0.001157 0.130348
vt 0.618359 0.215220
vn 0.297647 0.191656 0.935240
v 0.066580 -0.003172 0.131906
vt 0.623064 0.224187
vn 0.303156 0.189976 0.933812
v 0.082845 -0.008644 0.126037
vt 0.587733 0.235427
vn 0.462451 0.155986 0.872816
v 0.082464 -0.011918 0.126850
vt 0.589407 0.242027
vn 0.500947 0.151751 0.852070
v 0.086311 -0.010077 0.121961
vt 0.575915 0.239442
vn 0.941298 0.113376 0.317969
v 0.086362 -0.014294 0.122829
vt 0.578646 0.247689
vn 0.947136 0.113163 0.300211
v 0.091864 -0.018593 0.102288
vt 0.537947 0.264586
vn 0.967953 0.111695 0.224923
v 0.090991 -0.014168 0.102836
vt 0.537722 0.255305
vn 0.967953 0.111695 0.224923
v -0.004796 0.031137 0.133679
vt 0.768071 0.155044
vn 0.113075 -0.699647 0.705485
v 0.004814 0.031061 0.133690
vt 0.748546 0.155188
vn -0.116837 -0.698306 0.706199
v -0.004565 0.029606 0.132109
vt 0.767593 0.158174
vn 0.113767 -0.699497 0.705522
v 0.004569 0.029509 0.132129
vt 0.749043 0.158365
vn -0.117135 -0.698234 0.706221
v 0.004814 0.031061 0.133690
vt 0.748546 0.155188
vn 0.001897 0.025691 0.999668
v -0.004796 0.031137 0.133679
vt 0.768071 0.155044
vn -0.008913 0.032872 0.999420
v 0.002308 0.043631 0.133372
vt 0.753690 0.129721
vn 0.002179 0.025570 0.999671
v -0.005901 0.038112 0.133396
vt 0.770310 0.140909
vn -0.008713 0.031981 0.999450
v 0.004325 0.027956 0.134135
vt 0.749540 0.161542
vn 0.008296 0.057291 0.998323
v -0.004334 0.028076 0.134107
vt 0.767115 0.161304
vn -0.009610 0.057776 0.998283
v 0.014385 0.027943 0.133693
vt 0.729093 0.161488
vn -0.318950 -0.631705 0.706555
v 0.013669 0.026560 0.132125
vt 0.730554 0.164318
vn -0.318336 -0.632045 0.706528
v 0.012953 0.025177 0.134124
vt 0.732016 0.167148
vn 0.026798 0.051674 0.998304
v 0.022118 0.022336 0.133692
vt 0.713352 0.172805
vn 0.025095 0.016894 0.999542
v 0.030339 0.024354 0.133396
vt 0.696661 0.168647
vn 0.027178 0.017996 0.999469
v 0.019935 0.020097 0.134127
vt 0.717824 0.177408
vn 0.041494 0.040571 0.998315
v 0.022118 0.022336 0.133692
vt 0.713352 0.172805
vn -0.501135 -0.502334 0.704644
v 0.021027 0.021217 0.132126
vt 0.715588 0.175106
vn -0.501756 -0.501652 0.704689
v 0.030768 0.030629 0.133374
vt 0.695867 0.155842
vn 0.016477 0.035696 0.999227
v 0.014385 0.027943 0.133693
vt 0.729093 0.161488
vn 0.018588 0.035072 0.999212
v 0.046710 0.068921 0.126883
vt 0.663631 0.077094
vn 0.210073 0.294163 0.932383
v 0.049060 0.072535 0.122750
vt 0.657209 0.067128
vn 0.514965 0.755355 0.405278
v 0.055529 0.062106 0.126856
vt 0.645416 0.090424
vn 0.222481 0.275177 0.935296
v 0.057816 0.065767 0.122766
vt 0.639386 0.080293
vn 0.551296 0.722235 0.417672
v 0.011614 0.051823 0.133146
vt 0.734966 0.113050
vn 0.024966 0.040690 0.998860
v 0.052540 0.077588 0.102444
vt 0.633172 0.031892
vn 0.538780 0.789998 0.292609
v 0.059370 0.072518 0.102383
vt 0.618831 0.041849
vn 0.578896 0.761142 0.292475
v 0.041419 0.045106 0.132598
vt 0.674581 0.126259
vn 0.080790 0.108375 0.990822
v 0.033691 0.052615 0.132465
vt 0.690367 0.111261
vn 0.080671 0.114864 0.990100
v 0.046069 0.081624 0.102288
vt 0.646100 0.023074
vn 0.493767 0.819191 0.291755
v 0.040280 0.077720 0.122829
vt 0.674747 0.056560
vn 0.463499 0.771887 0.435154
v 0.036816 0.074747 0.126850
vt 0.683457 0.065045
vn 0.179774 0.284691 0.941611
v 0.023590 0.062344 0.131906
vt 0.710825 0.091541
vn 0.074476 0.114062 0.990678
v -0.044568 0.080457 0.102724
vt 0.871530 0.025258
vn -0.254122 0.937150 0.239106
v -0.039203 0.077096 0.121496
vt 0.843572 0.055047
vn -0.240123 0.912466 0.331281
v -0.050624 0.078876 0.102383
vt 0.882931 0.031170
vn -0.254122 0.937150 0.239106
v -0.044684 0.075312 0.122766
vt 0.852720 0.062599
vn -0.241019 0.914198 0.325810
v -0.036851 0.073723 0.126807
vt 0.835027 0.067334
vn 0.022183 0.381243 0.924209
v -0.041909 0.072005 0.126856
vt 0.844949 0.071464
vn -0.000835 0.431792 0.901973
v -0.023690 0.053933 0.131197
vt 0.806720 0.108247
vn 0.145891 0.244098 0.958714
v -0.030101 0.053333 0.132598
vt 0.819880 0.110276
vn 0.101759 0.269268 0.957674
v -0.018252 0.045348 0.131452
vt 0.795374 0.125617
vn 0.217382 0.216874 0.951688
v -0.019624 0.038729 0.133374
vt 0.798323 0.139661
vn 0.205878 0.246972 0.946900
v -0.013231 0.041838 0.131118
vt 0.785204 0.132426
vn 0.045497 0.325181 0.944557
v -0.013788 0.036382 0.133396
vt 0.786390 0.144374
vn 0.040388 0.326082 0.944478
v -0.008085 0.043042 0.131575
vt 0.774896 0.130326
vn -0.149715 0.296652 0.943177
v -0.005901 0.038112 0.133396
vt 0.770310 0.140909
vn -0.150427 0.295659 0.943375
v -0.001365 0.047542 0.131719
vt 0.761400 0.121353
vn -0.179513 0.240001 0.954031
v 0.002308 0.043631 0.133372
vt 0.753690 0.129721
vn -0.179595 0.238183 0.954471
v 0.008716 0.055780 0.131694
vt 0.741028 0.104628
vn -0.155438 0.255204 0.954311
v 0.011614 0.051823 0.133146
vt 0.734966 0.113050
vn -0.157939 0.252373 0.954653
v 0.020091 0.065584 0.130348
vt 0.717899 0.084296
vn -0.090317 0.342378 0.935211
v 0.023590 0.062344 0.131906
vt 0.710825 0.091541
vn -0.086929 0.347069 0.933802
v 0.033820 0.076121 0.126037
vt 0.689218 0.061413
vn -0.005525 0.488070 0.872787
v 0.036816 0.074747 0.126850
vt 0.683457 0.065045
vn 0.010383 0.523383 0.852034
v 0.036254 0.078975 0.121961
vt 0.681747 0.051415
vn 0.182990 0.930279 0.317955
v 0.040280 0.077720 0.122829
vt 0.674747 0.056560
vn 0.185068 0.935749 0.300207
v 0.046069 0.081624 0.102288
vt 0.646100 0.023074
vn 0.192879 0.955094 0.224931
v 0.041591 0.082162 0.102836
vt 0.654858 0.019993
vn 0.192879 0.955094 0.224931
v 0.014359 -0.027960 0.133690
vt 0.728991 0.274980
vn -0.315994 0.633479 0.706294
v 0.013644 -0.026560 0.132129
vt 0.730457 0.272118
vn -0.315603 0.633656 0.706311
v 0.014359 -0.027960 0.133690
vt 0.728991 0.274980
vn 0.013568 -0.021908 0.999668
v 0.023775 -0.036656 0.133372
vt 0.709860 0.292559
vn 0.013282 -0.022031 0.999669
v 0.012929 -0.025160 0.134135
vt 0.731922 0.269255
vn 0.026888 -0.051231 0.998325
v 0.004783 -0.031063 0.133693
vt 0.748432 0.281317
vn -0.113321 0.698486 0.706595
v 0.004549 -0.029523 0.132125
vt 0.748913 0.278169
vn -0.114013 0.698381 0.706586
v 0.004315 -0.027983 0.134124
vt 0.749394 0.275020
vn 0.008691 -0.057621 0.998301
v -0.014426 -0.028007 0.133679
vt 0.787426 0.275188
vn -0.012115 -0.031727 0.999423
v -0.004769 -0.031073 0.133692
vt 0.767819 0.281414
vn -0.010411 -0.028507 0.999539
v -0.017632 -0.034300 0.133396
vt 0.793923 0.287940
vn -0.011817 -0.031030 0.999449
v -0.010234 -0.037537 0.133396
vt 0.778878 0.294588
vn -0.011427 -0.030625 0.999466
v -0.013000 -0.025261 0.134107
vt 0.784520 0.269562
vn -0.026210 -0.052403 0.998282
v -0.004319 -0.027978 0.134127
vt 0.766906 0.275061
vn -0.009705 -0.057301 0.998310
v -0.004769 -0.031073 0.133692
vt 0.767819 0.281414
vn 0.110164 0.700881 0.704720
v -0.004544 -0.029525 0.132126
vt 0.767363 0.278237
vn 0.111051 0.700717 0.704744
v -0.013713 -0.026634 0.132109
vt 0.785973 0.272375
vn 0.319143 0.632748 0.705534
v -0.014426 -0.028007 0.133679
vt 0.787426 0.275188
vn 0.319759 0.632460 0.705513
v -0.006893 -0.042866 0.133374
vt 0.771994 0.305415
vn 0.007577 -0.038620 0.999225
v 0.004783 -0.031063 0.133693
vt 0.748432 0.281317
vn 0.005593 -0.039404 0.999208
v 0.002717 -0.083215 0.126883
vt 0.751787 0.388070
vn 0.002988 -0.361525 0.932358
v 0.002941 -0.087520 0.122750
vt 0.751124 0.399908
vn 0.027386 -0.913815 0.405206
v -0.008423 -0.082885 0.126856
vt 0.774358 0.387994
vn -0.018329 -0.353430 0.935281
v -0.008121 -0.087192 0.122766
vt 0.773282 0.399734
vn -0.021527 -0.908407 0.417533
v 0.021061 -0.048754 0.133146
vt 0.715209 0.317052
vn 0.003669 -0.047607 0.998859
v 0.003095 -0.093654 0.102444
vt 0.749859 0.442543
vn 0.028464 -0.955843 0.292495
v -0.005410 -0.093567 0.102383
vt 0.767314 0.442917
vn -0.021017 -0.956077 0.292361
v -0.007000 -0.060839 0.132598
vt 0.771826 0.341859
vn -0.001600 -0.135227 0.990813
v 0.003666 -0.062371 0.132465
vt 0.750239 0.344714
vn 0.002299 -0.140409 0.990091
v 0.010703 -0.093116 0.102288
vt 0.734217 0.442078
vn 0.081965 -0.952996 0.291686
v 0.013091 -0.086554 0.122829
vt 0.730724 0.398149
vn 0.078768 -0.896936 0.435089
v 0.014146 -0.082113 0.126850
vt 0.728664 0.386165
vn 0.021791 -0.336022 0.941602
v 0.017556 -0.064304 0.131906
vt 0.722098 0.348643
vn 0.006798 -0.136113 0.990670
v 0.083344 -0.038897 0.102724
vt 0.553124 0.307806
vn 0.756384 -0.608862 0.239104
v 0.077028 -0.039330 0.121496
vt 0.593252 0.300140
vn 0.730537 -0.597132 0.331284
v 0.087314 -0.034057 0.102383
vt 0.547376 0.296322
vn 0.756384 -0.608862 0.239104
v 0.080413 -0.034665 0.122766
vt 0.590290 0.288654
vn 0.732309 -0.597972 0.325810
v 0.073143 -0.037984 0.126807
vt 0.607388 0.295223
vn 0.206051 -0.321604 0.924183
v 0.076224 -0.033621 0.126856
vt 0.601788 0.286050
vn 0.254475 -0.348832 0.901975
v 0.050863 -0.029710 0.131197
vt 0.654337 0.278762
vn 0.025391 -0.283206 0.958723
v 0.055696 -0.025455 0.132598
vt 0.644883 0.269385
vn 0.075766 -0.277716 0.957671
v 0.041417 -0.025961 0.131452
vt 0.673725 0.271378
vn -0.048427 -0.303228 0.951687
v 0.038636 -0.019800 0.133374
vt 0.679595 0.258283
vn -0.021423 -0.320908 0.946868
v 0.035292 -0.026072 0.131118
vt 0.685955 0.271847
vn 0.154601 -0.289726 0.944541
v 0.032536 -0.021330 0.133396
vt 0.692019 0.261485
vn 0.158780 -0.287698 0.944468
v 0.031836 -0.030071 0.131575
vt 0.693060 0.279605
vn 0.295471 -0.152139 0.943160
v 0.027171 -0.027366 0.133396
vt 0.702991 0.273739
vn 0.295395 -0.150825 0.943395
v 0.029045 -0.037662 0.131719
vt 0.698705 0.294797
vn 0.286291 -0.088724 0.954026
v 0.023775 -0.036656 0.133372
vt 0.709860 0.292559
vn 0.285254 -0.087121 0.954484
v 0.025731 -0.050252 0.131694
vt 0.705356 0.320302
vn 0.275677 -0.115127 0.954331
v 0.021061 -0.048754 0.133146
vt 0.715209 0.317052
vn 0.276095 -0.111433 0.954649
v 0.022292 -0.064869 0.130348
vt 0.712116 0.350346
vn 0.274254 -0.223904 0.935228
v 0.017556 -0.064304 0.131906
vt 0.722098 0.348643
vn 0.274369 -0.229742 0.933777
v 0.017378 -0.081464 0.126037
vt 0.721869 0.385718
vn 0.291255 -0.391719 0.872769
v 0.014146 -0.082113 0.126850
vt 0.728664 0.386165
vn 0.299181 -0.429631 0.852002
v 0.017086 -0.085203 0.121961
vt 0.722037 0.398198
vn 0.398658 -0.860235 0.317911
v 0.013091 -0.086554 0.122829
vt 0.730724 0.398149
vn 0.400257 -0.865834 0.300211
v 0.010703 -0.093116 0.102288
vt 0.734217 0.442078
vn 0.405338 -0.886079 0.224869
v 0.014642 -0.090918 0.102836
vt 0.725321 0.439423
vn 0.405338 -0.886079 0.224869
v -0.022156 -0.022298 0.133690
vt 0.803138 0.263596
vn 0.504831 0.496234 0.706326
v -0.021046 -0.021186 0.132129
vt 0.800868 0.261317
vn 0.505143 0.495920 0.706324
v -0.022156 -0.022298 0.133690
vt 0.803138 0.263596
vn -0.016614 -0.019713 0.999668
v -0.027517 -0.033941 0.133372
vt 0.813945 0.287223
vn -0.016803 -0.019427 0.999670
v -0.019935 -0.020074 0.134135
vt 0.798599 0.259039
vn -0.040431 -0.041420 0.998323
v -0.028066 -0.014150 0.133693
vt 0.815173 0.247064
vn 0.629278 0.323590 0.706611
v -0.026674 -0.013452 0.132125
vt 0.812327 0.245634
vn 0.628975 0.324149 0.706624
v -0.025282 -0.012753 0.134124
vt 0.809481 0.244203
vn -0.052122 -0.026102 0.998300
v -0.031096 0.005063 0.133679
vt 0.821393 0.208085
vn -0.033811 0.001690 0.999427
v -0.031027 -0.005068 0.133692
vt 0.821255 0.228657
vn -0.030314 0.001085 0.999540
v -0.038072 0.006167 0.133396
vt 0.835529 0.205846
vn -0.033318 0.001594 0.999444
v -0.038864 -0.001869 0.133396
vt 0.837202 0.222210
vn -0.032627 0.001372 0.999467
v -0.028043 0.004556 0.134107
vt 0.815144 0.209110
vn -0.058032 0.008694 0.998277
v -0.027945 -0.004540 0.134127
vt 0.814932 0.227561
vn -0.057509 -0.008526 0.998309
v -0.031027 -0.005068 0.133692
vt 0.821255 0.228657
vn 0.700588 0.111791 0.704755
v -0.029486 -0.004804 0.132126
vt 0.818093 0.228109
vn 0.700725 0.110952 0.704751
v -0.029570 0.004809 0.132109
vt 0.818269 0.208597
vn 0.700448 -0.107998 0.705485
v -0.031096 0.005063 0.133679
vt 0.821393 0.208085
vn 0.700321 -0.108735 0.705498
v -0.042899 -0.006693 0.133374
vt 0.845372 0.232103
vn -0.034429 -0.019231 0.999222
v -0.028066 -0.014150 0.133693
vt 0.815173 0.247064
vn -0.035732 -0.017521 0.999208
v -0.078304 -0.028301 0.126883
vt 0.917737 0.276863
vn -0.342946 -0.114542 0.932345
v -0.082329 -0.029844 0.122750
vt 0.928791 0.281151
vn -0.860654 -0.308408 0.405165
v -0.081433 -0.017604 0.126856
vt 0.924639 0.255372
vn -0.341834 -0.091803 0.935266
v -0.085435 -0.019222 0.122766
vt 0.935472 0.260024
vn -0.870567 -0.260355 0.417527
v -0.039861 -0.035098 0.133146
vt 0.838892 0.289704
vn -0.044126 -0.018217 0.998860
v -0.088115 -0.031886 0.102444
vt 0.968949 0.295529
vn -0.900298 -0.322402 0.292439
v -0.090661 -0.023770 0.102383
vt 0.974698 0.279044
vn -0.915762 -0.275537 0.292335
v -0.060026 -0.012145 0.132598
vt 0.879980 0.243524
vn -0.129029 -0.040236 0.990824
v -0.058187 -0.022762 0.132465
vt 0.876025 0.264936
vn -0.132927 -0.045522 0.990080
v -0.085252 -0.038956 0.102288
vt 0.963673 0.310262
vn -0.880997 -0.372511 0.291685
v -0.078274 -0.039199 0.122829
vt 0.920814 0.300009
vn -0.828722 -0.352116 0.435010
v -0.073724 -0.038830 0.126850
vt 0.908780 0.298265
vn -0.312853 -0.124640 0.941588
v -0.055733 -0.036570 0.131906
vt 0.871065 0.292915
vn -0.127400 -0.048507 0.990665
v -0.011240 -0.091286 0.102724
vt 0.780012 0.440999
vn -0.345224 -0.907554 0.239096
v -0.013604 -0.085414 0.121496
vt 0.785121 0.400466
vn -0.342151 -0.879320 0.331253
v -0.005410 -0.093567 0.102383
vt 0.767314 0.442917
vn -0.345224 -0.907554 0.239096
v -0.008121 -0.087192 0.122766
vt 0.773282 0.399734
vn -0.342417 -0.881280 0.325725
v -0.013524 -0.081303 0.126807
vt 0.784813 0.385503
vn -0.242217 -0.295439 0.924146
v -0.008423 -0.082885 0.126856
vt 0.774358 0.387994
vn -0.253126 -0.349801 0.901979
v -0.012540 -0.057556 0.131197
vt 0.783665 0.335765
vn -0.261511 -0.111722 0.958713
v -0.007000 -0.060839 0.132598
vt 0.771826 0.341859
vn -0.240730 -0.158024 0.957642
v -0.011893 -0.047414 0.131452
vt 0.782634 0.315044
vn -0.303423 -0.047731 0.951660
v -0.006893 -0.042866 0.133374
vt 0.771994 0.305415
vn -0.311837 -0.078842 0.946859
v -0.013891 -0.041623 0.131118
vt 0.786860 0.303557
vn -0.228048 -0.236433 0.944507
v -0.010234 -0.037537 0.133396
vt 0.778878 0.294588
vn -0.224520 -0.239999 0.944453
v -0.018763 -0.039572 0.131575
vt 0.796434 0.299197
vn -0.053337 -0.328047 0.943154
v -0.017632 -0.034300 0.133396
vt 0.793923 0.287940
vn -0.052108 -0.327608 0.943376
v -0.026845 -0.039263 0.131719
vt 0.812626 0.298524
vn 0.004165 -0.299582 0.954061
v -0.027517 -0.033941 0.133372
vt 0.813945 0.287223
vn 0.005279 -0.298292 0.954460
v -0.039842 -0.040002 0.131694
vt 0.838938 0.300080
vn -0.024129 -0.297826 0.954315
v -0.039861 -0.035098 0.133146
vt 0.838892 0.289704
vn -0.020637 -0.297016 0.954649
v -0.054807 -0.041248 0.130348
vt 0.869601 0.302935
vn -0.128245 -0.330129 0.935184
v -0.055733 -0.036570 0.131906
vt 0.871065 0.292915
vn -0.133648 -0.331932 0.933787
v -0.072108 -0.041703 0.126037
vt 0.906255 0.304589
vn -0.282520 -0.398145 0.872733
v -0.073724 -0.038830 0.126850
vt 0.908780 0.298265
vn -0.316124 -0.417346 0.851990
v -0.075755 -0.042581 0.121961
vt 0.918176 0.308286
vn -0.694915 -0.645031 0.317848
v -0.078274 -0.039199 0.122829
vt 0.920814 0.300009
vn -0.699726 -0.648321 0.300105
v -0.085252 -0.038956 0.102288
vt 0.963673 0.310262
vn -0.717419 -0.659351 0.224867
v -0.081945 -0.042023 0.102836
vt 0.958399 0.317902
vn -0.717419 -0.659351 0.224867
v -0.028055 0.014179 0.133690
vt 0.815223 0.189560
vn 0.627962 -0.326844 0.706283
v -0.026654 0.013467 0.132129
vt 0.812355 0.191014
vn 0.627781 -0.327237 0.706263
v -0.028055 0.014179 0.133690
vt 0.815223 0.189560
vn -0.023918 0.009697 0.999667
v -0.040784 0.015680 0.133372
vt 0.841034 0.186583
vn -0.023699 0.009981 0.999669
v -0.025253 0.012754 0.134135
vt 0.809487 0.192469
vn -0.051925 0.025593 0.998323
v -0.022132 0.022318 0.133693
vt 0.803220 0.173006
vn 0.502207 -0.498560 0.706560
v -0.021038 0.021210 0.132125
vt 0.800980 0.175270
vn 0.502669 -0.498032 0.706603
v -0.019943 0.020101 0.134124
vt 0.798741 0.177535
vn -0.040908 0.041370 0.998306
v -0.014410 0.027940 0.133692
vt 0.787593 0.161533
vn -0.008403 0.029199 0.999538
v -0.013788 0.036382 0.133396
vt 0.786390 0.144374
vn -0.008706 0.031098 0.999478
v -0.012955 0.025172 0.134127
vt 0.784597 0.167208
vn -0.025832 0.052074 0.998309
v -0.014410 0.027940 0.133692
vt 0.787593 0.161533
vn 0.322801 -0.631852 0.704672
v -0.013682 0.026556 0.132126
vt 0.786095 0.164371
vn 0.321961 -0.632252 0.704698
v -0.019624 0.038729 0.133374
vt 0.798323 0.139661
vn -0.028926 0.026769 0.999223
v -0.022132 0.022318 0.133693
vt 0.803220 0.173006
vn -0.027716 0.028489 0.999210
v -0.051115 0.065724 0.126883
vt 0.863254 0.084669
vn -0.214920 0.290664 0.932375
v -0.053826 0.069075 0.122750
vt 0.870748 0.075482
vn -0.559321 0.723159 0.405217
v -0.041909 0.072005 0.126856
vt 0.844949 0.071464
vn -0.193008 0.296590 0.935298
v -0.044684 0.075312 0.122766
vt 0.852720 0.062599
vn -0.516524 0.747522 0.417628
v -0.045700 0.027062 0.133146
vt 0.851103 0.163624
vn -0.030927 0.036393 0.998859
v -0.057556 0.073947 0.102444
vt 0.896832 0.041732
vn -0.584876 0.756557 0.292475
v -0.050624 0.078876 0.102383
vt 0.882931 0.031170
vn -0.545030 0.785779 0.292392
v -0.030101 0.053333 0.132598
vt 0.819880 0.110276
vn -0.078111 0.110284 0.990826
v -0.039630 0.048303 0.132465
vt 0.839022 0.120655
vn -0.084407 0.112295 0.990083
v -0.063395 0.069040 0.102288
vt 0.909213 0.051303
vn -0.626517 0.722769 0.291687
v -0.061470 0.062328 0.122829
vt 0.886218 0.088896
vn -0.590939 0.679311 0.435118
v -0.059713 0.058115 0.126850
vt 0.880841 0.099801
vn -0.215238 0.258964 0.941600
v -0.052004 0.041702 0.131906
vt 0.864098 0.134017
vn -0.085498 0.106173 0.990665
v -0.090293 -0.017521 0.102724
vt 0.976798 0.266375
vn -0.969818 0.047886 0.239084
v -0.085439 -0.013458 0.121496
vt 0.939827 0.248990
vn -0.942000 0.053594 0.331305
v -0.090661 -0.023770 0.102383
vt 0.974698 0.279044
vn -0.969818 0.047886 0.239084
v -0.085435 -0.019222 0.122766
vt 0.935472 0.260024
vn -0.943931 0.053276 0.325815
v -0.081504 -0.012264 0.126807
vt 0.925501 0.244660
vn -0.355806 0.138984 0.924168
v -0.081433 -0.017604 0.126856
vt 0.924639 0.255372
vn -0.410941 0.132584 0.901970
v -0.058616 -0.005862 0.131197
vt 0.877843 0.230381
vn -0.187030 0.214172 0.958723
v -0.060026 -0.012145 0.132598
vt 0.879980 0.243524
vn -0.224619 0.180090 0.957661
v -0.048770 -0.003343 0.131452
vt 0.857817 0.224959
vn -0.139113 0.273790 0.951676
v -0.042899 -0.006693 0.133374
vt 0.845372 0.232103
vn -0.171316 0.272175 0.946875
v -0.043880 0.000347 0.131118
vt 0.848199 0.217390
vn -0.295354 0.143803 0.944503
v -0.038864 -0.001869 0.133396
vt 0.837202 0.222210
vn -0.297619 0.139355 0.944459
v -0.043435 0.005614 0.131575
vt 0.847011 0.206938
vn -0.328445 -0.050622 0.943166
v -0.038072 0.006167 0.133396
vt 0.835529 0.205846
vn -0.327709 -0.051608 0.943368
v -0.045639 0.013396 0.131719
vt 0.851374 0.191329
vn -0.283636 -0.096609 0.954053
v -0.040784 0.015680 0.133372
vt 0.841034 0.186583
vn -0.282002 -0.097216 0.954476
v -0.050358 0.025529 0.131694
vt 0.860985 0.166786
vn -0.290727 -0.069037 0.954312
v -0.045700 0.027062 0.133146
vt 0.851103 0.163624
vn -0.288934 -0.072218 0.954621
v -0.056168 0.039376 0.130348
vt 0.873175 0.138506
vn -0.353633 0.019869 0.935173
v -0.052004 0.041702 0.131906
vt 0.864098 0.134017
vn -0.357008 0.024587 0.933778
v -0.061946 0.055690 0.126037
vt 0.886075 0.104157
vn -0.465892 0.145559 0.872787
v -0.059713 0.058115 0.126850
vt 0.880841 0.099801
vn -0.494606 0.171695 0.851989
v -0.063908 0.058886 0.121961
vt 0.893275 0.093962
vn -0.828230 0.461496 0.317893
v -0.061470 0.062328 0.122829
vt 0.886218 0.088896
vn -0.832788 0.465153 0.300161
v -0.063395 0.069040 0.102288
vt 0.909213 0.051303
vn -0.848765 0.478562 0.224892
v -0.065290 0.064947 0.102836
vt 0.914850 0.058680
vn -0.848765 0.478562 0.224892
v 0.029475 0.004771 0.132129
vt 0.698426 0.208489
vn 0.779763 0.117374 0.614974
v 0.029482 -0.004795 0.132125
vt 0.698375 0.227913
vn 0.778772 -0.120108 0.615701
v 0.027922 0.004524 0.134135
vt 0.701602 0.208999
vn 0.779914 0.116682 0.614914
v 0.027945 -0.004541 0.134124
vt 0.701518 0.227397
vn 0.778886 -0.119414 0.615693
v 0.026674 -0.013443 0.132126
vt 0.704011 0.245480
vn 0.703192 -0.357949 0.614324
v 0.025272 -0.012751 0.134127
vt 0.706891 0.244065
vn 0.702900 -0.358520 0.614325
v 0.021091 -0.021270 0.132109
vt 0.715338 0.261368
vn 0.559193 -0.556236 0.614740
v 0.020006 -0.020168 0.134107
vt 0.717564 0.259117
vn 0.559616 -0.555867 0.614688
v 0.013644 -0.026560 0.132129
vt 0.730457 0.272118
vn 0.352542 -0.705416 0.614900
v 0.012929 -0.025160 0.134135
vt 0.731922 0.269255
vn 0.351971 -0.705704 0.614897
v 0.004549 -0.029523 0.132125
vt 0.748913 0.278169
vn 0.126470 -0.777768 0.615697
v 0.004315 -0.027983 0.134124
vt 0.749394 0.275020
vn 0.127167 -0.777690 0.615651
v -0.004544 -0.029525 0.132126
vt 0.767363 0.278237
vn -0.123109 -0.779413 0.614296
v -0.004319 -0.027978 0.134127
vt 0.766906 0.275061
vn -0.123705 -0.779343 0.614265
v -0.013713 -0.026634 0.132109
vt 0.785973 0.272375
vn -0.356188 -0.703815 0.614634
v -0.013000 -0.025261 0.134107
vt 0.784520 0.269562
vn -0.355731 -0.704028 0.614654
v -0.021046 -0.021186 0.132129
vt 0.800868 0.261317
vn -0.561924 -0.553318 0.614883
v -0.019935 -0.020074 0.134135
vt 0.798599 0.259039
vn -0.562399 -0.552895 0.614829
v -0.026674 -0.013452 0.132125
vt 0.812327 0.245634
vn -0.700636 -0.360617 0.615682
v -0.025282 -0.012753 0.134124
vt 0.809481 0.244203
vn -0.700312 -0.361302 0.615649
v -0.029486 -0.004804 0.132126
vt 0.818093 0.228109
vn -0.779338 -0.123804 0.614251
v -0.027945 -0.004540 0.134127
vt 0.814932 0.227561
vn -0.779408 -0.123208 0.614282
v -0.029570 0.004809 0.132109
vt 0.818269 0.208597
vn -0.779402 0.121279 0.614674
v -0.028043 0.004556 0.134107
vt 0.815144 0.209110
vn -0.779510 0.120684 0.614654
v -0.026654 0.013467 0.132129
vt 0.812355 0.191014
vn -0.699925 0.363394 0.614858
v -0.025253 0.012754 0.134135
vt 0.809487 0.192469
vn -0.699630 0.363965 0.614856
v -0.021038 0.021210 0.132125
vt 0.800980 0.175270
vn -0.559530 0.554884 0.615654
v -0.019943 0.020101 0.134124
vt 0.798741 0.177535
vn -0.560002 0.554352 0.615704
v -0.013682 0.026556 0.132126
vt 0.786095 0.164371
vn -0.358520 0.702900 0.614325
v -0.012955 0.025172 0.134127
vt 0.784597 0.167208
vn -0.357949 0.703192 0.614324
v -0.004565 0.029606 0.132109
vt 0.767593 0.158174
vn -0.125505 0.778687 0.614731
v -0.004334 0.028076 0.134107
vt 0.767115 0.161304
vn -0.126103 0.778576 0.614750
v 0.004569 0.029509 0.132129
vt 0.749043 0.158365
vn 0.129402 0.777873 0.614954
v 0.004325 0.027956 0.134135
vt 0.749540 0.161542
vn 0.130001 0.777800 0.614921
v 0.013669 0.026560 0.132125
vt 0.730554 0.164318
vn 0.354850 0.703543 0.615718
v 0.012953 0.025177 0.134124
vt 0.732016 0.167148
vn 0.354166 0.703862 0.615748
v 0.021027 0.021217 0.132126
vt 0.715588 0.175106
vn 0.557676 0.558204 0.614334
v 0.019935 0.020097 0.134127
vt 0.717824 0.177408
vn 0.558098 0.557782 0.614334
v 0.026745 0.013488 0.132109
vt 0.703978 0.190788
vn 0.701785 0.359961 0.614756
v 0.025361 0.012796 0.134107
vt 0.706807 0.192210
vn 0.701531 0.360476 0.614745
v 0.257763 0.083752 -0.050457
vt 0.149410 0.313309
vn -0.951067 -0.308985 -0.000019
v 0.233515 0.075873 0.145545
vt 0.149410 0.362573
vn -0.951067 -0.308985 -0.000019
v 0.271028 0.000000 -0.050457
vt 0.169682 0.313309
vn -1.000000 0.000000 -0.000015
v 0.245533 0.000000 0.145545
vt 0.169682 0.362573
vn -1.000000 0.000000 -0.000015
v 0.257764 -0.083752 -0.050457
vt 0.189797 0.313309
vn -0.951074 0.308962 0.000019
v 0.233516 -0.075873 0.145545
vt 0.189797 0.362573
vn -0.951074 0.308962 0.000019
v 0.219266 -0.159307 -0.050457
vt 0.209811 0.313309
vn -0.809021 0.587780 0.000021
v 0.198640 -0.144321 0.145545
vt 0.209811 0.362573
vn -0.809021 0.587780 0.000021
v 0.159306 -0.219266 -0.050457
vt 0.230018 0.313309
vn -0.587828 0.808986 0.000021
v 0.144320 -0.198640 0.145545
vt 0.230018 0.362573
vn -0.587828 0.808986 0.000021
v 0.159306 -0.219266 -0.050457
vt 0.023493 0.313006
vn -0.587828 0.808986 0.000021
v 0.144320 -0.198640 0.145545
vt 0.023493 0.362973
vn -0.587828 0.808986 0.000021
v 0.083753 -0.257763 -0.050457
vt 0.042946 0.313006
vn -0.309008 0.951059 0.000019
v 0.075874 -0.233515 0.145545
vt 0.042946 0.362973
vn -0.309008 0.951059 0.000019
v -0.000001 -0.271029 -0.050457
vt 0.062301 0.313006
vn 0.000000 1.000000 -0.000015
v -0.000001 -0.245533 0.145545
vt 0.062301 0.362973
vn 0.000000 1.000000 -0.000015
v -0.083753 -0.257763 -0.050457
vt 0.081839 0.313006
vn 0.308973 0.951071 0.000058
v -0.075874 -0.233515 0.145545
vt 0.081839 0.362973
vn 0.308973 0.951071 0.000058
v -0.159306 -0.219266 -0.050457
vt 0.101636 0.313006
vn 0.587800 0.809006 0.000064
v -0.144320 -0.198640 0.145545
vt 0.101636 0.362973
vn 0.587800 0.809006 0.000064
v -0.219266 -0.159306 -0.050457
vt 0.121693 0.313006
vn 0.809006 0.587800 0.000064
v -0.198640 -0.144320 0.145545
vt 0.121693 0.362973
vn 0.809006 0.587800 0.000064
v -0.257763 -0.083752 -0.050457
vt 0.141988 0.313006
vn 0.951071 0.308973 0.000058
v -0.233515 -0.075873 0.145545
vt 0.141988 0.362973
vn 0.951071 0.308973 0.000058
v -0.271028 0.000000 -0.050457
vt 0.162492 0.313006
vn 1.000000 0.000000 -0.000015
v -0.245533 0.000000 0.145545
vt 0.162492 0.362973
vn 1.000000 0.000000 -0.000015
v -0.257764 0.083752 -0.050457
vt 0.183170 0.313006
vn 0.951059 -0.309008 0.000019
v -0.233516 0.075873 0.145545
vt 0.183170 0.362973
vn 0.951059 -0.309008 0.000019
v -0.219266 0.159307 -0.050457
vt 0.203986 0.313006
vn 0.808986 -0.587828 0.000021
v -0.198640 0.144321 0.145545
vt 0.203986 0.362973
vn 0.808986 -0.587828 0.000021
v -0.159306 0.219266 -0.050457
vt 0.224902 0.313006
vn 0.587780 -0.809021 0.000021
v -0.144320 0.198640 0.145545
vt 0.224902 0.362973
vn 0.587780 -0.809021 0.000021
v -0.159306 0.219266 -0.050457
vt 0.025736 0.313309
vn 0.587780 -0.809021 0.000021
v -0.144320 0.198640 0.145545
vt 0.025736 0.362573
vn 0.587780 -0.809021 0.000021
v -0.083753 0.257763 -0.050457
vt 0.046418 0.313309
vn 0.308962 -0.951074 0.000019
v -0.075874 0.233515 0.145545
vt 0.046418 0.362573
vn 0.308962 -0.951074 0.000019
v 0.000001 0.271029 -0.050457
vt 0.067122 0.313309
vn 0.000000 -1.000000 -0.000015
v 0.000001 0.245533 0.145545
vt 0.067122 0.362573
vn 0.000000 -1.000000 -0.000015
v 0.083752 0.257763 -0.050457
vt 0.087810 0.313309
vn -0.308985 -0.951067 -0.000019
v 0.075874 0.233515 0.145545
vt 0.087810 0.362573
vn -0.308985 -0.951067 -0.000019
v 0.159306 0.219266 -0.050457
vt 0.108444 0.313309
vn -0.587804 -0.809003 -0.000021
v 0.144320 0.198639 0.145545
vt 0.108444 0.362573
vn -0.587804 -0.809003 -0.000021
v 0.219266 0.159306 -0.050457
vt 0.128989 0.313309
vn -0.809003 -0.587804 -0.000021
v 0.198640 0.144320 0.145545
vt 0.128989 0.362573
vn -0.809003 -0.587804 -0.000021
v -0.327637 -0.084123 0.059435
vt -0.251325 -0.566258
vn -0.968584 -0.248685 -0.000056
v -0.335596 -0.042396 0.059435
vt -0.251325 -0.525774
vn -0.992120 -0.125290 -0.000017
v -0.321000 -0.082419 0.149340
vt -0.143305 -0.566258
vn -0.935094 -0.240111 0.260663
v -0.328799 -0.041537 0.149340
vt -0.143305 -0.525774
vn -0.957814 -0.121022 0.260665
v -0.314510 -0.124523 0.059435
vt -0.251325 -0.605533
vn -0.929790 -0.368090 -0.000020
v -0.308140 -0.122001 0.149340
vt -0.143305 -0.605533
vn -0.897636 -0.355400 0.260655
v -0.296423 -0.162960 0.059435
vt -0.251325 -0.646015
vn -0.876288 -0.481788 -0.000062
v -0.290419 -0.159659 0.149340
vt -0.143305 -0.646015
vn -0.846017 -0.465111 0.260628
v -0.273661 -0.198826 0.059435
vt -0.251325 -0.684969
vn -0.809003 -0.587804 -0.000021
v -0.268118 -0.194799 0.149340
vt -0.143305 -0.684969
vn -0.781048 -0.567475 0.260644
v -0.246584 -0.231557 0.059435
vt -0.251325 -0.725191
vn -0.729016 -0.684496 -0.000065
v -0.241589 -0.226867 0.149340
vt -0.143305 -0.725191
vn -0.703760 -0.660905 0.260627
v -0.215617 -0.260636 0.059435
vt -0.251325 -0.763663
vn -0.637408 -0.770527 -0.000064
v -0.211250 -0.255357 0.149340
vt -0.143305 -0.763663
vn -0.615402 -0.743886 0.260601
v -0.181251 -0.285605 0.059435
vt -0.251325 -0.802966
vn -0.535809 -0.844339 -0.000021
v -0.177579 -0.279820 0.149340
vt -0.143305 -0.802966
vn -0.517330 -0.815120 0.260670
v -0.144026 -0.306070 0.059435
vt -0.251325 -0.841217
vn -0.425791 -0.904821 -0.000061
v -0.141109 -0.299870 0.149340
vt -0.143305 -0.841217
vn -0.411115 -0.873517 0.260676
v -0.104529 -0.321708 0.059435
vt -0.251325 -0.880217
vn -0.308985 -0.951067 -0.000019
v -0.102412 -0.315192 0.149340
vt -0.143305 -0.880217
vn -0.298303 -0.918214 0.260573
v -0.063384 -0.332272 0.059435
vt -0.251325 -0.919143
vn -0.187376 -0.982288 -0.000054
v -0.062101 -0.325542 0.149340
vt -0.143305 -0.919143
vn -0.180929 -0.948334 0.260630
v -0.021240 -0.337596 0.059435
vt -0.251325 -0.957963
vn -0.062775 -0.998028 -0.000049
v -0.020809 -0.330758 0.149340
vt -0.143305 -0.957963
vn -0.060638 -0.963528 0.260649
v 0.021240 -0.337596 0.059435
vt -0.251325 -0.996982
vn 0.062773 -0.998028 -0.000016
v 0.020809 -0.330758 0.149340
vt -0.143305 -0.996982
vn 0.060599 -0.963520 0.260686
v 0.063384 -0.332272 0.059435
vt -0.688105 -0.044557
vn 0.187370 -0.982289 -0.000018
v 0.021240 -0.337596 0.059435
vt -0.688105 -0.005369
vn 0.062773 -0.998028 -0.000016
v 0.062100 -0.325542 0.149340
vt -0.580085 -0.044557
vn 0.180886 -0.948330 0.260672
v 0.020809 -0.330758 0.149340
vt -0.580085 -0.005369
vn 0.060599 -0.963520 0.260686
v 0.104529 -0.321707 0.059435
vt -0.688105 -0.083549
vn 0.308962 -0.951074 0.000019
v 0.102412 -0.315192 0.149340
vt -0.580085 -0.083549
vn 0.298267 -0.918198 0.260671
v 0.144025 -0.306070 0.059435
vt -0.688105 -0.122618
vn 0.425776 -0.904829 -0.000020
v 0.141108 -0.299870 0.149340
vt -0.580085 -0.122618
vn 0.411071 -0.873523 0.260725
v 0.181251 -0.285605 0.059435
vt -0.688105 -0.161829
vn 0.535785 -0.844354 0.000021
v 0.177579 -0.279820 0.149340
vt -0.580085 -0.161829
vn 0.517287 -0.815131 0.260722
v 0.215617 -0.260636 0.059435
vt -0.688105 -0.200345
vn 0.637387 -0.770544 -0.000021
v 0.211250 -0.255357 0.149340
vt -0.580085 -0.200345
vn 0.615364 -0.743899 0.260655
v 0.246583 -0.231557 0.059435
vt -0.688105 -0.239691
vn 0.728995 -0.684519 -0.000022
v 0.241589 -0.226867 0.149340
vt -0.580085 -0.239691
vn 0.703726 -0.660920 0.260682
v 0.273661 -0.198826 0.059435
vt -0.688105 -0.278248
vn 0.808986 -0.587828 0.000021
v 0.268118 -0.194799 0.149340
vt -0.580085 -0.278248
vn 0.781019 -0.567489 0.260700
v 0.296422 -0.162959 0.059435
vt -0.688105 -0.318495
vn 0.876270 -0.481820 -0.000021
v 0.290418 -0.159659 0.149340
vt -0.580085 -0.318495
vn 0.845993 -0.465124 0.260684
v 0.314509 -0.124523 0.059435
vt -0.688105 -0.357470
vn 0.929781 -0.368114 0.000020
v 0.308139 -0.122001 0.149340
vt -0.580085 -0.357470
vn 0.897616 -0.355411 0.260708
v 0.327636 -0.084123 0.059435
vt -0.688105 -0.398015
vn 0.968576 -0.248719 -0.000019
v 0.321000 -0.082419 0.149340
vt -0.580085 -0.398015
vn 0.935078 -0.240118 0.260714
v 0.335596 -0.042396 0.059435
vt -0.688105 -0.437253
vn 0.992118 -0.125308 0.000017
v 0.328799 -0.041537 0.149340
vt -0.580085 -0.437253
vn 0.957800 -0.121026 0.260713
v 0.338263 0.000000 0.059435
vt -0.688105 -0.477850
vn 1.000000 0.000000 -0.000015
v 0.331412 0.000000 0.149340
vt -0.580085 -0.477850
vn 0.965414 -0.000019 0.260723
v 0.335596 0.042396 0.059435
vt -0.688105 -0.517238
vn 0.992122 0.125275 0.000051
v 0.328798 0.041537 0.149340
vt -0.580085 -0.517238
vn 0.957795 0.120984 0.260752
v 0.327636 0.084123 0.059435
vt -0.688105 -0.557787
vn 0.968581 0.248698 0.000019
v 0.321000 0.082419 0.149340
vt -0.580085 -0.557787
vn 0.935077 0.240074 0.260758
v 0.314509 0.124523 0.059435
vt -0.688105 -0.597249
vn 0.929794 0.368079 0.000059
v 0.308139 0.122001 0.149340
vt -0.580085 -0.597249
vn 0.897620 0.355366 0.260756
v 0.296422 0.162960 0.059435
vt -0.688105 -0.637723
vn 0.876284 0.481795 0.000021
v 0.290418 0.159659 0.149340
vt -0.580085 -0.637723
vn 0.846001 0.465081 0.260734
v 0.273661 0.198826 0.059435
vt -0.688105 -0.677243
vn 0.809006 0.587800 0.000064
v 0.268118 0.194799 0.149340
vt -0.580085 -0.677243
vn 0.781031 0.567449 0.260753
v 0.246583 0.231557 0.059435
vt -0.688105 -0.717655
vn 0.729016 0.684497 0.000022
v 0.241589 0.226867 0.149340
vt -0.580085 -0.717655
vn 0.703740 0.660883 0.260737
v 0.215617 0.260636 0.059435
vt -0.688105 -0.757263
vn 0.637410 0.770525 0.000021
v 0.211250 0.255357 0.149340
vt -0.580085 -0.757263
vn 0.615379 0.743868 0.260711
v 0.181250 0.285605 0.059435
vt -0.688105 -0.797619
vn 0.535804 0.844342 0.000063
v 0.177579 0.279820 0.149340
vt -0.580085 -0.797619
vn 0.517301 0.815104 0.260778
v 0.144025 0.306070 0.059435
vt -0.688105 -0.837311
vn 0.425800 0.904817 0.000020
v 0.141108 0.299871 0.149340
vt -0.580085 -0.837311
vn 0.411083 0.873501 0.260780
v 0.104529 0.321708 0.059435
vt -0.688105 -0.877608
vn 0.308973 0.951071 0.000058
v 0.102412 0.315192 0.149340
vt -0.580085 -0.877608
vn 0.298276 0.918180 0.260724
v 0.063384 0.332272 0.059435
vt -0.688105 -0.917382
vn 0.187390 0.982286 0.000018
v 0.062100 0.325542 0.149340
vt -0.580085 -0.917382
vn 0.180891 0.948316 0.260722
v 0.021240 0.337596 0.059435
vt -0.688105 -0.957612
vn 0.062791 0.998027 0.000016
v 0.020809 0.330758 0.149340
vt -0.580085 -0.957612
vn 0.060600 0.963507 0.260732
v -0.021240 0.337596 0.059435
vt -0.688105 -0.997473
vn -0.062808 0.998026 -0.000016
v -0.020810 0.330758 0.149340
vt -0.580085 -0.997473
vn -0.060640 0.963515 0.260695
v -0.063384 0.332272 0.059435
vt -0.251325 -0.046100
vn -0.187411 0.982282 -0.000018
v -0.021240 0.337596 0.059435
vt -0.251325 -0.005954
vn -0.062808 0.998026 -0.000016
v -0.062101 0.325542 0.149340
vt -0.143305 -0.046100
vn -0.180934 0.948319 0.260680
v -0.020810 0.330758 0.149340
vt -0.143305 -0.005954
vn -0.060640 0.963515 0.260695
v -0.104529 0.321708 0.059435
vt -0.251325 -0.086048
vn -0.309008 0.951059 0.000019
v -0.102412 0.315191 0.149340
vt -0.143305 -0.086048
vn -0.298321 0.918178 0.260678
v -0.144026 0.306070 0.059435
vt -0.251325 -0.126104
vn -0.425824 0.904806 -0.000020
v -0.141108 0.299870 0.149340
vt -0.143305 -0.126104
vn -0.411127 0.873495 0.260731
v -0.181250 0.285605 0.059435
vt -0.251325 -0.166135
vn -0.535834 0.844323 0.000021
v -0.177579 0.279820 0.149340
vt -0.143305 -0.166135
vn -0.517343 0.815094 0.260726
v -0.215617 0.260636 0.059435
vt -0.251325 -0.206098
vn -0.637433 0.770506 -0.000021
v -0.211250 0.255357 0.149340
vt -0.143305 -0.206098
vn -0.615417 0.743855 0.260657
v -0.246583 0.231557 0.059435
vt -0.251325 -0.246213
vn -0.729037 0.684475 -0.000022
v -0.241589 0.226867 0.149340
vt -0.143305 -0.246213
vn -0.703774 0.660868 0.260682
v -0.273661 0.198826 0.059435
vt -0.251325 -0.286070
vn -0.809021 0.587780 0.000021
v -0.268118 0.194799 0.149340
vt -0.143305 -0.286070
vn -0.781019 0.567489 0.260700
v -0.296422 0.162960 0.059435
vt -0.251325 -0.326267
vn -0.876297 0.481771 -0.000021
v -0.290419 0.159659 0.149340
vt -0.143305 -0.326267
vn -0.846025 0.465068 0.260679
v -0.314509 0.124523 0.059435
vt -0.251325 -0.365994
vn -0.929800 0.368066 0.000020
v -0.308139 0.122001 0.149340
vt -0.143305 -0.365994
vn -0.897640 0.355356 0.260702
v -0.327636 0.084123 0.059435
vt -0.251325 -0.406280
vn -0.968587 0.248676 -0.000019
v -0.321000 0.082419 0.149340
vt -0.143305 -0.406280
vn -0.935094 0.240067 0.260706
v -0.335596 0.042396 0.059435
vt -0.251325 -0.445896
vn -0.992123 0.125271 0.000017
v -0.328799 0.041537 0.149340
vt -0.143305 -0.445896
vn -0.957809 0.120981 0.260704
v -0.338263 0.000000 0.059435
vt -0.251325 -0.486288
vn -1.000000 0.000000 -0.000015
v -0.331412 0.000000 0.149340
vt -0.143305 -0.486288
vn -0.965426 -0.000019 0.260679
v -0.299925 -0.077008 0.171996
vt -0.113011 -0.566258
vn -0.481199 -0.123519 0.867866
v -0.307212 -0.038810 0.171996
vt -0.113011 -0.525774
vn -0.492894 -0.062298 0.867857
v -0.287908 -0.113991 0.171996
vt -0.113011 -0.605533
vn -0.461896 -0.182926 0.867865
v -0.271351 -0.149177 0.171996
vt -0.113011 -0.646015
vn -0.435321 -0.239303 0.867888
v -0.250515 -0.182010 0.171996
vt -0.113011 -0.684969
vn -0.401917 -0.292006 0.867868
v -0.225728 -0.211972 0.171996
vt -0.113011 -0.725191
vn -0.362133 -0.340139 0.867850
v -0.197381 -0.238592 0.171996
vt -0.113011 -0.763663
vn -0.316731 -0.382837 0.867823
v -0.165921 -0.261449 0.171996
vt -0.113011 -0.802966
vn -0.266246 -0.419531 0.867817
v -0.131807 -0.280200 0.171996
vt -0.113011 -0.841217
vn -0.211532 -0.449544 0.867850
v -0.095688 -0.294498 0.171996
vt -0.113011 -0.880217
vn -0.153527 -0.472525 0.867842
v -0.058023 -0.304168 0.171996
vt -0.113011 -0.919143
vn -0.093106 -0.488036 0.867843
v -0.019443 -0.309042 0.171996
vt -0.113011 -0.957963
vn -0.031225 -0.495835 0.867855
v 0.095688 -0.294498 0.171996
vt -0.549791 -0.083549
vn 0.153476 -0.472510 0.867859
v 0.058023 -0.304168 0.171996
vt -0.549791 -0.044557
vn 0.093058 -0.488019 0.867858
v 0.131844 -0.280183 0.171996
vt -0.549791 -0.122618
vn 0.211479 -0.449531 0.867870
v 0.165920 -0.261449 0.171996
vt -0.549791 -0.161829
vn 0.266179 -0.419406 0.867898
v 0.197380 -0.238592 0.171996
vt -0.549791 -0.200345
vn 0.316675 -0.382827 0.867848
v 0.225727 -0.211972 0.171996
vt -0.549791 -0.239691
vn 0.362077 -0.340131 0.867877
v 0.250515 -0.182009 0.171996
vt -0.549791 -0.278248
vn 0.401860 -0.292000 0.867897
v 0.271351 -0.149176 0.171996
vt -0.549791 -0.318495
vn 0.435265 -0.239298 0.867917
v 0.287908 -0.113991 0.171996
vt -0.549791 -0.357470
vn 0.461842 -0.182922 0.867895
v 0.299925 -0.077007 0.171996
vt -0.549791 -0.398015
vn 0.481146 -0.123516 0.867896
v 0.307211 -0.038810 0.171996
vt -0.549791 -0.437253
vn 0.492842 -0.062297 0.867886
v 0.309653 0.000000 0.171996
vt -0.549791 -0.477850
vn 0.496791 -0.000021 0.867870
v 0.307211 0.038810 0.171996
vt -0.549791 -0.517238
vn 0.492825 0.062252 0.867899
v 0.299925 0.077008 0.171996
vt -0.549791 -0.557787
vn 0.481129 0.123467 0.867911
v 0.287908 0.113991 0.171996
vt -0.549791 -0.597249
vn 0.461827 0.182870 0.867914
v 0.271351 0.149177 0.171996
vt -0.549791 -0.637723
vn 0.435252 0.239244 0.867939
v 0.250515 0.182010 0.171996
vt -0.549791 -0.677243
vn 0.401849 0.291944 0.867921
v 0.225727 0.211972 0.171996
vt -0.549791 -0.717655
vn 0.362068 0.340075 0.867903
v 0.197380 0.238592 0.171996
vt -0.549791 -0.757263
vn 0.316667 0.382770 0.867876
v 0.165920 0.261449 0.171996
vt -0.549791 -0.797619
vn 0.266174 0.419350 0.867927
v 0.131844 0.280183 0.171996
vt -0.549791 -0.837311
vn 0.211475 0.449475 0.867900
v 0.095688 0.294498 0.171996
vt -0.549791 -0.877608
vn 0.153473 0.472455 0.867889
v 0.058023 0.304168 0.171996
vt -0.549791 -0.917382
vn 0.093057 0.487967 0.867887
v 0.019443 0.309042 0.171996
vt -0.549791 -0.957612
vn 0.031181 0.495767 0.867896
v -0.019443 0.309042 0.171996
vt -0.549791 -0.997473
vn -0.031225 0.495785 0.867884
v -0.058023 0.304168 0.171996
vt -0.113011 -0.046100
vn -0.093104 0.487984 0.867873
v -0.019443 0.309042 0.171996
vt -0.113011 -0.005954
vn -0.031225 0.495785 0.867884
v -0.095688 0.294498 0.171996
vt -0.113011 -0.086048
vn -0.153524 0.472471 0.867872
v -0.131844 0.280183 0.171996
vt -0.113011 -0.126104
vn -0.211528 0.449489 0.867880
v -0.165920 0.261449 0.171996
vt -0.113011 -0.166135
vn -0.266229 0.419362 0.867904
v -0.197380 0.238592 0.171996
vt -0.113011 -0.206098
vn -0.316724 0.382780 0.867851
v -0.225728 0.211972 0.171996
vt -0.113011 -0.246213
vn -0.362124 0.340083 0.867876
v -0.250515 0.182010 0.171996
vt -0.113011 -0.286070
vn -0.401906 0.291951 0.867892
v -0.271351 0.149177 0.171996
vt -0.113011 -0.326267
vn -0.435308 0.239249 0.867909
v -0.287908 0.113991 0.171996
vt -0.113011 -0.365994
vn -0.461882 0.182874 0.867884
v -0.299925 0.077008 0.171996
vt -0.113011 -0.406280
vn -0.481183 0.123470 0.867882
v -0.307212 0.038810 0.171996
vt -0.113011 -0.445896
vn -0.492876 0.062253 0.867869
v -0.309653 0.000000 0.171996
vt -0.113011 -0.486288
vn -0.496841 -0.000021 0.867842
v -0.285517 -0.073308 0.176817
vt -0.087237 -0.566258
vn -0.022930 -0.005917 0.999720
v -0.292454 -0.036945 0.176817
vt -0.087237 -0.525774
vn -0.023505 -0.003022 0.999719
v -0.274078 -0.108515 0.176817
vt -0.087237 -0.605533
vn -0.022029 -0.008727 0.999719
v -0.258316 -0.142010 0.176817
vt -0.087237 -0.646015
vn -0.020704 -0.011415 0.999720
v -0.238481 -0.173266 0.176817
vt -0.087237 -0.684969
vn -0.019115 -0.013915 0.999720
v -0.214884 -0.201789 0.176817
vt -0.087237 -0.725191
vn -0.017231 -0.016222 0.999720
v -0.187899 -0.227130 0.176817
vt -0.087237 -0.763663
vn -0.015117 -0.018207 0.999720
v -0.157950 -0.248889 0.176817
vt -0.087237 -0.802966
vn -0.012714 -0.020024 0.999719
v -0.125511 -0.266723 0.176817
vt -0.087237 -0.841217
vn -0.010118 -0.021417 0.999719
v -0.091092 -0.280351 0.176817
vt -0.087237 -0.880217
vn -0.007305 -0.022512 0.999720
v -0.055236 -0.289557 0.176817
vt -0.087237 -0.919143
vn -0.004405 -0.023217 0.999721
v -0.018509 -0.294196 0.176817
vt -0.087237 -0.957963
vn -0.001517 -0.023630 0.999720
v 0.018509 -0.294196 0.176817
vt -0.087237 -0.996982
vn 0.001486 -0.023629 0.999720
v 0.019484 -0.309039 0.171996
vt -0.113011 -0.996982
vn 0.031095 -0.495833 0.867861
v 0.055236 -0.289557 0.176817
vt -0.524017 -0.044557
vn 0.004374 -0.023216 0.999721
v 0.018509 -0.294196 0.176817
vt -0.524017 -0.005369
vn 0.001486 -0.023629 0.999720
v 0.019484 -0.309039 0.171996
vt -0.549791 -0.005369
vn 0.031095 -0.495833 0.867861
v 0.091091 -0.280351 0.176817
vt -0.524017 -0.083549
vn 0.007273 -0.022511 0.999720
v 0.125510 -0.266723 0.176817
vt -0.524017 -0.122618
vn 0.010086 -0.021416 0.999720
v 0.157950 -0.248889 0.176817
vt -0.524017 -0.161829
vn 0.012682 -0.020023 0.999719
v 0.187898 -0.227130 0.176817
vt -0.524017 -0.200345
vn 0.015085 -0.018206 0.999720
v 0.214884 -0.201789 0.176817
vt -0.524017 -0.239691
vn 0.017199 -0.016222 0.999721
v 0.238480 -0.173266 0.176817
vt -0.524017 -0.278248
vn 0.019083 -0.013915 0.999721
v 0.258316 -0.142010 0.176817
vt -0.524017 -0.318495
vn 0.020672 -0.011415 0.999721
v 0.274078 -0.108515 0.176817
vt -0.524017 -0.357470
vn 0.021997 -0.008727 0.999720
v 0.285517 -0.073308 0.176817
vt -0.524017 -0.398015
vn 0.022898 -0.005917 0.999720
v 0.292453 -0.036945 0.176817
vt -0.524017 -0.437253
vn 0.023473 -0.003022 0.999720
v 0.294778 0.000000 0.176817
vt -0.524017 -0.477850
vn 0.023690 -0.000016 0.999719
v 0.292453 0.036946 0.176817
vt -0.524017 -0.517238
vn 0.023472 0.002991 0.999720
v 0.285517 0.073308 0.176817
vt -0.524017 -0.557787
vn 0.022897 0.005885 0.999721
v 0.274077 0.108515 0.176817
vt -0.524017 -0.597249
vn 0.021997 0.008695 0.999720
v 0.258316 0.142011 0.176817
vt -0.524017 -0.637723
vn 0.020672 0.011383 0.999722
v 0.238480 0.173266 0.176817
vt -0.524017 -0.677243
vn 0.019083 0.013883 0.999722
v 0.214884 0.201790 0.176817
vt -0.524017 -0.717655
vn 0.017295 0.016191 0.999719
v 0.187898 0.227130 0.176817
vt -0.524017 -0.757263
vn 0.015084 0.018174 0.999721
v 0.157950 0.248889 0.176817
vt -0.524017 -0.797619
vn 0.012681 0.019991 0.999720
v 0.125510 0.266723 0.176817
vt -0.524017 -0.837311
vn 0.010086 0.021384 0.999720
v 0.091091 0.280351 0.176817
vt -0.524017 -0.877608
vn 0.007273 0.022479 0.999721
v 0.055236 0.289557 0.176817
vt -0.524017 -0.917382
vn 0.004373 0.023184 0.999722
v 0.018509 0.294196 0.176817
vt -0.524017 -0.957612
vn 0.001486 0.023597 0.999721
v -0.018509 0.294196 0.176817
vt -0.524017 -0.997473
vn -0.001517 0.023598 0.999720
v -0.055236 0.289557 0.176817
vt -0.087237 -0.046100
vn -0.004405 0.023184 0.999722
v -0.018509 0.294196 0.176817
vt -0.087237 -0.005954
vn -0.001517 0.023598 0.999720
v -0.091092 0.280351 0.176817
vt -0.087237 -0.086048
vn -0.007305 0.022480 0.999721
v -0.125511 0.266723 0.176817
vt -0.087237 -0.126104
vn -0.010118 0.021385 0.999720
v -0.157950 0.248889 0.176817
vt -0.087237 -0.166135
vn -0.012713 0.019991 0.999719
v -0.187899 0.227130 0.176817
vt -0.087237 -0.206098
vn -0.015116 0.018174 0.999721
v -0.214884 0.201789 0.176817
vt -0.087237 -0.246213
vn -0.017231 0.016190 0.999720
v -0.238480 0.173266 0.176817
vt -0.087237 -0.286070
vn -0.019115 0.013883 0.999721
v -0.258316 0.142010 0.176817
vt -0.087237 -0.326267
vn -0.020704 0.011383 0.999721
v -0.274078 0.108515 0.176817
vt -0.087237 -0.365994
vn -0.022029 0.008695 0.999720
v -0.285517 0.073308 0.176817
vt -0.087237 -0.406280
vn -0.022930 0.005885 0.999720
v -0.292453 0.036946 0.176817
vt -0.087237 -0.445896
vn -0.023504 0.002991 0.999719
v -0.294778 0.000000 0.176817
vt -0.087237 -0.486288
vn -0.023722 -0.000016 0.999719
v -0.266544 -0.033672 0.167866
vt -0.038156 -0.525774
vn 0.160173 0.020180 0.986883
v -0.260221 -0.066813 0.167866
vt -0.038156 -0.566258
vn 0.156363 0.040179 0.986882
v -0.249796 -0.098901 0.167866
vt -0.038156 -0.605533
vn 0.150085 0.059461 0.986883
v -0.235431 -0.129429 0.167866
vt -0.038156 -0.646015
vn 0.141477 0.077797 0.986880
v -0.217352 -0.157916 0.167866
vt -0.038156 -0.684969
vn 0.130587 0.094883 0.986886
v -0.195846 -0.183912 0.167866
vt -0.038156 -0.725191
vn 0.117676 0.110482 0.986887
v -0.171252 -0.207008 0.167866
vt -0.038156 -0.763663
vn 0.102878 0.124368 0.986888
v -0.143956 -0.226839 0.167866
vt -0.038156 -0.802966
vn 0.086475 0.136275 0.986890
v -0.114391 -0.243092 0.167866
vt -0.038156 -0.841217
vn 0.068782 0.146055 0.986882
v -0.083021 -0.255513 0.167866
vt -0.038156 -0.880217
vn 0.049895 0.153572 0.986877
v -0.050342 -0.263903 0.167866
vt -0.038156 -0.919143
vn 0.030265 0.158575 0.986883
v -0.016870 -0.268132 0.167866
vt -0.038156 -0.957963
vn 0.010091 0.161189 0.986872
v 0.016869 -0.268132 0.167866
vt -0.038156 -0.996982
vn -0.010127 0.161194 0.986871
v 0.016869 -0.268132 0.167866
vt -0.474936 -0.005369
vn -0.010127 0.161194 0.986871
v 0.050342 -0.263903 0.167866
vt -0.474936 -0.044557
vn -0.030302 0.158581 0.986881
v 0.083021 -0.255513 0.167866
vt -0.474936 -0.083549
vn -0.049933 0.153578 0.986874
v 0.114391 -0.243092 0.167866
vt -0.474936 -0.122618
vn -0.068821 0.146060 0.986879
v 0.143956 -0.226839 0.167866
vt -0.474936 -0.161829
vn -0.086521 0.136362 0.986874
v 0.171252 -0.207007 0.167866
vt -0.474936 -0.200345
vn -0.102918 0.124372 0.986884
v 0.195846 -0.183912 0.167866
vt -0.474936 -0.239691
vn -0.117717 0.110486 0.986882
v 0.217352 -0.157915 0.167866
vt -0.474936 -0.278248
vn -0.130711 0.094892 0.986869
v 0.235430 -0.129429 0.167866
vt -0.474936 -0.318495
vn -0.141518 0.077799 0.986874
v 0.249795 -0.098901 0.167866
vt -0.474936 -0.357470
vn -0.150116 0.059386 0.986883
v 0.260221 -0.066813 0.167866
vt -0.474936 -0.398015
vn -0.156404 0.040180 0.986876
v 0.266543 -0.033672 0.167866
vt -0.474936 -0.437253
vn -0.160214 0.020180 0.986876
v 0.268662 0.000000 0.167866
vt -0.474936 -0.477850
vn -0.161514 -0.000018 0.986870
v 0.266543 0.033672 0.167866
vt -0.474936 -0.517238
vn -0.160219 -0.020217 0.986874
v 0.260221 0.066814 0.167866
vt -0.474936 -0.557787
vn -0.156409 -0.040218 0.986873
v 0.249795 0.098901 0.167866
vt -0.474936 -0.597249
vn -0.150132 -0.059501 0.986874
v 0.235430 0.129429 0.167866
vt -0.474936 -0.637723
vn -0.141523 -0.077839 0.986870
v 0.217352 0.157916 0.167866
vt -0.474936 -0.677243
vn -0.130633 -0.094926 0.986876
v 0.195846 0.183912 0.167866
vt -0.474936 -0.717655
vn -0.117721 -0.110526 0.986877
v 0.171252 0.207008 0.167866
vt -0.474936 -0.757263
vn -0.102921 -0.124414 0.986878
v 0.143956 0.226839 0.167866
vt -0.474936 -0.797619
vn -0.086523 -0.136403 0.986868
v 0.114391 0.243093 0.167866
vt -0.474936 -0.837311
vn -0.068823 -0.146101 0.986873
v 0.083021 0.255513 0.167866
vt -0.474936 -0.877608
vn -0.049935 -0.153619 0.986868
v 0.050342 0.263903 0.167866
vt -0.474936 -0.917382
vn -0.030303 -0.158621 0.986874
v 0.016869 0.268132 0.167866
vt -0.474936 -0.957612
vn -0.010127 -0.161234 0.986864
v -0.016870 0.268132 0.167866
vt -0.474936 -0.997473
vn 0.010091 -0.161229 0.986865
v -0.016870 0.268132 0.167866
vt -0.038156 -0.005954
vn 0.010091 -0.161229 0.986865
v -0.050342 0.263903 0.167866
vt -0.038156 -0.046100
vn 0.030266 -0.158616 0.986876
v -0.083021 0.255513 0.167866
vt -0.038156 -0.086048
vn 0.049897 -0.153613 0.986870
v -0.114391 0.243093 0.167866
vt -0.038156 -0.126104
vn 0.068784 -0.146096 0.986876
v -0.143956 0.226839 0.167866
vt -0.038156 -0.166135
vn 0.086483 -0.136398 0.986872
v -0.171252 0.207008 0.167866
vt -0.038156 -0.206098
vn 0.102881 -0.124409 0.986883
v -0.195846 0.183912 0.167866
vt -0.038156 -0.246213
vn 0.117687 -0.110604 0.986872
v -0.217352 0.157916 0.167866
vt -0.038156 -0.286070
vn 0.130674 -0.094929 0.986870
v -0.235430 0.129429 0.167866
vt -0.038156 -0.326267
vn 0.141482 -0.077836 0.986876
v -0.249796 0.098901 0.167866
vt -0.038156 -0.365994
vn 0.150091 -0.059499 0.986880
v -0.260221 0.066814 0.167866
vt -0.038156 -0.406280
vn 0.156369 -0.040216 0.986880
v -0.266543 0.033672 0.167866
vt -0.038156 -0.445896
vn 0.160179 -0.020216 0.986881
v -0.268662 0.000000 0.167866
vt -0.038156 -0.486288
vn 0.161474 -0.000018 0.986877
v -0.328799 -0.041537 -0.043487
vt -0.355131 -0.525774
vn -0.915869 -0.115683 -0.384450
v -0.321000 -0.082419 -0.043487
vt -0.355131 -0.566258
vn -0.894150 -0.229578 -0.384433
v -0.308140 -0.122001 -0.043487
vt -0.355131 -0.605533
vn -0.858336 -0.339770 -0.384469
v -0.290419 -0.159659 -0.043487
vt -0.355131 -0.646015
vn -0.808977 -0.444682 -0.384466
v -0.268118 -0.194799 -0.043487
vt -0.355131 -0.684969
vn -0.746854 -0.542567 -0.384487
v -0.241589 -0.226867 -0.043487
vt -0.355131 -0.725191
vn -0.672943 -0.631957 -0.384418
v -0.211250 -0.255357 -0.043487
vt -0.355131 -0.763663
vn -0.588462 -0.711254 -0.384487
v -0.177579 -0.279820 -0.043487
vt -0.355131 -0.802966
vn -0.494664 -0.779427 -0.384449
v -0.141109 -0.299870 -0.043487
vt -0.355131 -0.841217
vn -0.393072 -0.835265 -0.384483
v -0.102412 -0.315191 -0.043487
vt -0.355131 -0.880217
vn -0.285285 -0.877959 -0.384449
v -0.062101 -0.325542 -0.043487
vt -0.355131 -0.919143
vn -0.172976 -0.906796 -0.384449
v -0.020809 -0.330758 -0.043487
vt -0.355131 -0.957963
vn -0.057974 -0.921342 -0.384406
v 0.020809 -0.330758 -0.043487
vt -0.355132 -0.996982
vn 0.057973 -0.921363 -0.384356
v 0.020809 -0.330758 -0.043487
vt -0.791912 -0.005369
vn 0.057973 -0.921363 -0.384356
v 0.062100 -0.325542 -0.043487
vt -0.791912 -0.044557
vn 0.172972 -0.906819 -0.384395
v 0.102412 -0.315191 -0.043487
vt -0.791912 -0.083549
vn 0.285278 -0.877985 -0.384393
v 0.141108 -0.299870 -0.043487
vt -0.791912 -0.122618
vn 0.393063 -0.835296 -0.384425
v 0.177579 -0.279820 -0.043487
vt -0.791912 -0.161829
vn 0.494654 -0.779462 -0.384391
v 0.211250 -0.255357 -0.043487
vt -0.791912 -0.200345
vn 0.588453 -0.711293 -0.384429
v 0.241589 -0.226867 -0.043487
vt -0.791912 -0.239691
vn 0.672935 -0.632001 -0.384361
v 0.268118 -0.194799 -0.043487
vt -0.791912 -0.278248
vn 0.746848 -0.542614 -0.384433
v 0.290418 -0.159659 -0.043487
vt -0.791912 -0.318495
vn 0.808974 -0.444731 -0.384415
v 0.308139 -0.122001 -0.043487
vt -0.791912 -0.357470
vn 0.858337 -0.339819 -0.384421
v 0.321000 -0.082419 -0.043487
vt -0.791912 -0.398015
vn 0.894157 -0.229626 -0.384390
v 0.328799 -0.041537 -0.043487
vt -0.791912 -0.437253
vn 0.915880 -0.115727 -0.384411
v 0.331412 0.000000 -0.043487
vt -0.791912 -0.477850
vn 0.923177 0.000000 -0.384375
v 0.328798 0.041537 -0.043487
vt -0.791912 -0.517238
vn 0.915902 0.115725 -0.384359
v 0.321000 0.082419 -0.043487
vt -0.791912 -0.557787
vn 0.894182 0.229621 -0.384335
v 0.308139 0.122001 -0.043487
vt -0.791912 -0.597249
vn 0.858366 0.339811 -0.384364
v 0.290418 0.159659 -0.043487
vt -0.791912 -0.637723
vn 0.809007 0.444721 -0.384357
v 0.268118 0.194799 -0.043487
vt -0.791912 -0.677243
vn 0.746885 0.542604 -0.384374
v 0.241589 0.226867 -0.043487
vt -0.791912 -0.717655
vn 0.672976 0.631992 -0.384304
v 0.211250 0.255357 -0.043487
vt -0.791912 -0.757263
vn 0.588498 0.711286 -0.384374
v 0.177579 0.279820 -0.043487
vt -0.791912 -0.797619
vn 0.494702 0.779457 -0.384338
v 0.141108 0.299871 -0.043487
vt -0.791912 -0.837311
vn 0.393112 0.835295 -0.384376
v 0.102412 0.315192 -0.043487
vt -0.791912 -0.877608
vn 0.285327 0.877990 -0.384348
v 0.062100 0.325542 -0.043487
vt -0.791912 -0.917382
vn 0.173018 0.906828 -0.384354
v 0.020809 0.330758 -0.043487
vt -0.791912 -0.957612
vn 0.058015 0.921376 -0.384319
v -0.020810 0.330758 -0.043487
vt -0.791912 -0.997473
vn -0.058016 0.921354 -0.384369
v -0.020810 0.330758 -0.043487
vt -0.355132 -0.005954
vn -0.058016 0.921354 -0.384369
v -0.062101 0.325542 -0.043487
vt -0.355131 -0.046100
vn -0.173022 0.906804 -0.384408
v -0.102412 0.315191 -0.043487
vt -0.355131 -0.086048
vn -0.285333 0.877963 -0.384404
v -0.141108 0.299870 -0.043487
vt -0.355131 -0.126104
vn -0.393121 0.835265 -0.384433
v -0.177579 0.279820 -0.043487
vt -0.355131 -0.166135
vn -0.494712 0.779422 -0.384397
v -0.211250 0.255357 -0.043487
vt -0.355131 -0.206098
vn -0.588508 0.711246 -0.384432
v -0.241589 0.226867 -0.043487
vt -0.355131 -0.246213
vn -0.672985 0.631948 -0.384360
v -0.268118 0.194799 -0.043487
vt -0.355131 -0.286070
vn -0.746891 0.542557 -0.384429
v -0.290419 0.159659 -0.043487
vt -0.355131 -0.326267
vn -0.809009 0.444673 -0.384408
v -0.308139 0.122001 -0.043487
vt -0.355131 -0.365994
vn -0.858364 0.339762 -0.384412
v -0.321000 0.082419 -0.043487
vt -0.355131 -0.406280
vn -0.894175 0.229573 -0.384378
v -0.328799 0.041537 -0.043487
vt -0.355131 -0.445896
vn -0.915891 0.115680 -0.384398
v -0.331412 0.000000 -0.043487
vt -0.355131 -0.486288
vn -0.923177 0.000000 -0.384375
v -0.292454 -0.036945 -0.059131
vt -0.409815 -0.525774
vn -0.104975 -0.011287 -0.994411
v -0.285517 -0.073308 -0.059131
vt -0.409815 -0.566258
vn -0.135083 -0.043874 -0.989862
v -0.274078 -0.108515 -0.059131
vt -0.409815 -0.605533
vn -0.098867 -0.037084 -0.994409
v -0.258316 -0.142010 -0.059131
vt -0.409815 -0.646015
vn -0.119987 -0.076191 -0.989847
v -0.238481 -0.173266 -0.059131
vt -0.409815 -0.684969
vn -0.086489 -0.060469 -0.994416
v -0.214884 -0.201789 -0.059131
vt -0.409815 -0.725191
vn -0.097276 -0.103562 -0.989855
v -0.187899 -0.227130 -0.059131
vt -0.409815 -0.763663
vn -0.068768 -0.080072 -0.994414
v -0.157950 -0.248889 -0.059131
vt -0.409815 -0.802966
vn -0.068475 -0.124461 -0.989859
v -0.125511 -0.266723 -0.059131
vt -0.409815 -0.841217
vn -0.046690 -0.094697 -0.994411
v -0.091092 -0.280351 -0.059131
vt -0.409815 -0.880217
vn -0.035271 -0.137569 -0.989864
v -0.055236 -0.289557 -0.059131
vt -0.409815 -0.919143
vn -0.021692 -0.103269 -0.994417
v -0.018509 -0.294196 -0.059131
vt -0.409815 -0.957963
vn 0.000000 -0.142120 -0.989849
v 0.018509 -0.294196 -0.059131
vt -0.409815 -0.996982
vn 0.004686 -0.105514 -0.994407
v 0.018509 -0.294196 -0.059131
vt -0.846596 -0.005369
vn 0.004686 -0.105514 -0.994407
v 0.055236 -0.289557 -0.059131
vt -0.846595 -0.044557
vn 0.035272 -0.137609 -0.989858
v 0.091091 -0.280351 -0.059131
vt -0.846595 -0.083549
vn 0.030795 -0.101013 -0.994408
v 0.125510 -0.266723 -0.059131
vt -0.846595 -0.122618
vn 0.068477 -0.124501 -0.989854
v 0.157950 -0.248889 -0.059131
vt -0.846595 -0.161829
vn 0.054985 -0.090215 -0.994403
v 0.187898 -0.227130 -0.059131
vt -0.846595 -0.200345
vn 0.097279 -0.103602 -0.989850
v 0.214884 -0.201789 -0.059131
vt -0.846595 -0.239691
vn 0.075678 -0.073723 -0.994403
v 0.238480 -0.173266 -0.059131
vt -0.846595 -0.278248
vn 0.119979 -0.076113 -0.989854
v 0.258316 -0.142010 -0.059131
vt -0.846595 -0.318495
vn 0.091590 -0.052536 -0.994410
v 0.274078 -0.108515 -0.059131
vt -0.846595 -0.357470
vn 0.135087 -0.043911 -0.989860
v 0.285517 -0.073308 -0.059131
vt -0.846595 -0.398015
vn 0.101766 -0.028100 -0.994411
v 0.292453 -0.036945 -0.059131
vt -0.846595 -0.437253
vn 0.141769 -0.008911 -0.989860
v 0.294778 0.000000 -0.059131
vt -0.846595 -0.477850
vn 0.105593 -0.001917 -0.994408
v 0.292453 0.036946 -0.059131
vt -0.846595 -0.517238
vn 0.139619 0.026710 -0.989845
v 0.285517 0.073308 -0.059131
vt -0.846595 -0.557787
vn 0.102715 0.024404 -0.994411
v 0.274077 0.108515 -0.059131
vt -0.846595 -0.597249
vn 0.128631 0.060519 -0.989844
v 0.258316 0.142011 -0.059131
vt -0.846595 -0.637723
vn 0.093412 0.049204 -0.994411
v 0.238480 0.173266 -0.059131
vt -0.846595 -0.677243
vn 0.109529 0.090608 -0.989845
v 0.214884 0.201790 -0.059131
vt -0.846595 -0.717655
vn 0.078320 0.070920 -0.994403
v 0.187898 0.227130 -0.059131
vt -0.846595 -0.757263
vn 0.083522 0.115002 -0.989848
v 0.157950 0.248889 -0.059131
vt -0.846595 -0.797619
vn 0.058207 0.088111 -0.994409
v 0.125510 0.266723 -0.059131
vt -0.846595 -0.837311
vn 0.052323 0.132133 -0.989850
v 0.091091 0.280351 -0.059131
vt -0.846595 -0.877608
vn 0.034409 0.099818 -0.994411
v 0.055236 0.289557 -0.059131
vt -0.846595 -0.917382
vn 0.017808 0.141028 -0.989845
v 0.018509 0.294196 -0.059131
vt -0.846595 -0.957612
vn 0.008522 0.105209 -0.994414
v -0.018509 0.294196 -0.059131
vt -0.846596 -0.997473
vn -0.017808 0.140989 -0.989851
v -0.018509 0.294196 -0.059131
vt -0.409815 -0.005954
vn -0.017808 0.140989 -0.989851
v -0.055236 0.289557 -0.059131
vt -0.409815 -0.046100
vn -0.017921 0.104086 -0.994407
v -0.091092 0.280351 -0.059131
vt -0.409815 -0.086048
vn -0.052321 0.132093 -0.989856
v -0.125511 0.266723 -0.059131
vt -0.409815 -0.126104
vn -0.043221 0.096270 -0.994416
v -0.157950 0.248889 -0.059131
vt -0.409815 -0.166135
vn -0.083520 0.114962 -0.989853
v -0.187899 0.227130 -0.059131
vt -0.409815 -0.206098
vn -0.065811 0.082587 -0.994408
v -0.214884 0.201789 -0.059131
vt -0.409815 -0.246213
vn -0.109525 0.090569 -0.989849
v -0.238480 0.173266 -0.059131
vt -0.409815 -0.286070
vn -0.084330 0.063587 -0.994407
v -0.258316 0.142010 -0.059131
vt -0.409815 -0.326267
vn -0.128626 0.060481 -0.989847
v -0.274078 0.108515 -0.059131
vt -0.409815 -0.365994
vn -0.097534 0.040576 -0.994405
v -0.285517 0.073308 -0.059131
vt -0.409815 -0.406280
vn -0.139600 0.026565 -0.989851
v -0.292453 0.036946 -0.059131
vt -0.409815 -0.445896
vn -0.104508 0.015095 -0.994409
v -0.294778 0.000000 -0.059131
vt -0.409815 -0.486288
vn -0.141764 -0.008875 -0.989861
v -0.267222 0.000000 -0.050472
vt -0.461891 -0.486288
vn 0.338496 -0.001329 -0.940967
v -0.258826 -0.066455 -0.050472
vt -0.461891 -0.566258
vn 0.328112 0.082936 -0.940991
v -0.234168 -0.128735 -0.050472
vt -0.461891 -0.646015
vn 0.297228 0.161946 -0.940972
v -0.194796 -0.182926 -0.050472
vt -0.461891 -0.725191
vn 0.247602 0.230838 -0.940961
v -0.143185 -0.225623 -0.050472
vt -0.461891 -0.802966
vn 0.182430 0.285122 -0.940970
v -0.082576 -0.254143 -0.050472
vt -0.461891 -0.880217
vn 0.105816 0.321540 -0.940965
v -0.016779 -0.266694 -0.050472
vt -0.461891 -0.957963
vn 0.022516 0.337741 -0.940970
v -0.016779 -0.266694 -0.050472
vt -0.898671 -0.005369
vn 0.022516 0.337741 -0.940970
v 0.050072 -0.262488 -0.050472
vt -0.898671 -0.044557
vn -0.062212 0.332668 -0.940990
v 0.113777 -0.241789 -0.050472
vt -0.898671 -0.122618
vn -0.142895 0.306756 -0.941000
v 0.170333 -0.205898 -0.050472
vt -0.898671 -0.200345
vn -0.214802 0.261560 -0.940982
v 0.216187 -0.157069 -0.050472
vt -0.898671 -0.278248
vn -0.273125 0.199978 -0.940963
v 0.248456 -0.098371 -0.050472
vt -0.898671 -0.357470
vn -0.314229 0.125759 -0.940981
v 0.265114 -0.033492 -0.050472
vt -0.898671 -0.437253
vn -0.335591 0.043676 -0.940995
v 0.265115 0.033492 -0.050472
vt -0.898671 -0.517238
vn -0.335939 -0.041067 -0.940988
v 0.248456 0.098371 -0.050472
vt -0.898671 -0.597249
vn -0.315157 -0.123352 -0.940989
v 0.216187 0.157069 -0.050472
vt -0.898671 -0.677243
vn -0.274550 -0.197857 -0.940997
v 0.170333 0.205898 -0.050472
vt -0.898671 -0.757263
vn -0.216662 -0.259969 -0.940996
v 0.113777 0.241790 -0.050472
vt -0.898671 -0.837311
vn -0.145280 -0.305682 -0.940985
v 0.050072 0.262489 -0.050472
vt -0.898671 -0.917382
vn -0.064672 -0.332181 -0.940996
v -0.016779 0.266694 -0.050472
vt -0.898671 -0.997473
vn 0.019978 -0.337920 -0.940963
v -0.016779 0.266694 -0.050472
vt -0.461891 -0.005954
vn 0.019978 -0.337920 -0.940963
v -0.082576 0.254143 -0.050472
vt -0.461891 -0.086048
vn 0.103395 -0.322324 -0.940966
v -0.143185 0.225623 -0.050472
vt -0.461891 -0.166135
vn 0.180267 -0.286511 -0.940965
v -0.194796 0.182926 -0.050472
vt -0.461891 -0.246213
vn 0.245782 -0.232613 -0.941001
v -0.234168 0.128735 -0.050472
vt -0.461891 -0.326267
vn 0.295990 -0.164201 -0.940972
v -0.258826 0.066455 -0.050472
vt -0.461891 -0.406280
vn 0.327484 -0.085404 -0.940989
usemtl Stiletto_Refresh
f 3/3/3 2/2/2 1/1/1
f 4/4/4 2/2/2 3/3/3
f 7/7/7 6/6/6 5/5/5
f 8/8/8 6/6/6 7/7/7
f 9/9/9 4/4/4 3/3/3
f 10/10/10 4/4/4 9/9/9
f 11/11/11 10/10/10 9/9/9
f 12/12/12 10/10/10 11/11/11
f 13/13/13 12/12/12 11/11/11
f 14/14/14 12/12/12 13/13/13
f 7/7/7 14/14/14 13/13/13
f 5/5/5 14/14/14 7/7/7
f 10/10/10 2/2/2 4/4/4
f 15/15/15 2/2/2 10/10/10
f 12/12/12 15/15/15 10/10/10
f 16/16/16 15/15/15 12/12/12
f 14/14/14 16/16/16 12/12/12
f 17/17/17 16/16/16 14/14/14
f 5/5/5 17/17/17 14/14/14
f 6/6/6 17/17/17 5/5/5
f 2/2/2 18/18/18 1/1/1
f 15/15/15 18/18/18 2/2/2
f 15/15/15 19/19/19 18/18/18
f 16/16/16 19/19/19 15/15/15
f 16/16/16 20/20/20 19/19/19
f 17/17/17 20/20/20 16/16/16
f 17/17/17 8/8/8 20/20/20
f 6/6/6 8/8/8 17/17/17
f 23/23/23 22/22/22 21/21/21
f 24/24/24 22/22/22 23/23/23
f 23/23/23 25/25/25 24/24/24
f 26/26/26 25/25/25 23/23/23
f 27/27/27 25/25/25 26/26/26
f 28/28/28 25/25/25 27/27/27
f 27/27/27 29/29/29 28/28/28
f 30/30/30 29/29/29 27/27/27
f 32/32/32 30/30/30 31/31/31
f 29/29/29 30/30/30 32/32/32
f 35/35/35 34/34/34 33/33/33
f 36/36/36 34/34/34 35/35/35
f 36/36/36 37/37/37 34/34/34
f 38/38/38 37/37/37 36/36/36
f 38/38/38 39/39/39 37/37/37
f 40/40/40 39/39/39 38/38/38
f 32/32/32 39/39/39 40/40/40
f 31/31/31 39/39/39 32/32/32
f 22/22/22 41/41/41 21/21/21
f 42/42/42 41/41/41 22/22/22
f 43/43/43 41/41/41 42/42/42
f 44/44/44 41/41/41 43/43/43
f 43/43/43 45/45/45 44/44/44
f 46/46/46 45/45/45 43/43/43
f 47/47/47 45/45/45 46/46/46
f 48/48/48 45/45/45 47/47/47
f 48/48/48 50/50/50 49/49/49
f 47/47/47 50/50/50 48/48/48
f 51/51/51 35/35/35 33/33/33
f 52/52/52 35/35/35 51/51/51
f 53/53/53 52/52/52 51/51/51
f 54/54/54 52/52/52 53/53/53
f 55/55/55 54/54/54 53/53/53
f 56/56/56 54/54/54 55/55/55
f 55/55/55 50/50/50 56/56/56
f 49/49/49 50/50/50 55/55/55
f 40/40/40 29/29/29 32/32/32
f 28/28/28 29/29/29 40/40/40
f 40/40/40 25/25/25 28/28/28
f 38/38/38 25/25/25 40/40/40
f 38/38/38 24/24/24 25/25/25
f 36/36/36 24/24/24 38/38/38
f 35/35/35 24/24/24 36/36/36
f 35/35/35 22/22/22 24/24/24
f 22/22/22 35/35/35 42/42/42
f 52/52/52 42/42/42 35/35/35
f 54/54/54 42/42/42 52/52/52
f 43/43/43 42/42/42 54/54/54
f 54/54/54 46/46/46 43/43/43
f 56/56/56 46/46/46 54/54/54
f 46/46/46 50/50/50 47/47/47
f 56/56/56 50/50/50 46/46/46
f 59/59/59 58/58/58 57/57/57
f 60/60/60 58/58/58 59/59/59
f 58/58/58 62/62/62 61/61/61
f 60/60/60 62/62/62 58/58/58
f 65/65/65 64/64/64 63/63/63
f 66/66/66 64/64/64 65/65/65
f 69/69/69 68/68/68 67/67/67
f 70/70/70 68/68/68 69/69/69
f 70/70/70 71/71/71 68/68/68
f 72/72/72 71/71/71 70/70/70
f 75/75/75 74/74/74 73/73/73
f 76/76/76 74/74/74 75/75/75
f 79/79/79 78/78/78 77/77/77
f 80/80/80 78/78/78 79/79/79
f 82/82/82 77/77/77 81/81/81
f 79/79/79 77/77/77 82/82/82
f 84/84/84 81/81/81 83/83/83
f 82/82/82 81/81/81 84/84/84
f 86/86/86 83/83/83 85/85/85
f 84/84/84 83/83/83 86/86/86
f 88/88/88 85/85/85 87/87/87
f 86/86/86 85/85/85 88/88/88
f 91/91/91 90/90/90 89/89/89
f 92/92/92 90/90/90 91/91/91
f 94/94/94 89/89/89 93/93/93
f 91/91/91 89/89/89 94/94/94
f 96/96/96 93/93/93 95/95/95
f 94/94/94 93/93/93 96/96/96
f 98/98/98 95/95/95 97/97/97
f 96/96/96 95/95/95 98/98/98
f 100/100/100 97/97/97 99/99/99
f 98/98/98 97/97/97 100/100/100
f 103/103/103 102/102/102 101/101/101
f 104/104/104 102/102/102 103/103/103
f 102/102/102 106/106/106 105/105/105
f 104/104/104 106/106/106 102/102/102
f 109/109/109 108/108/108 107/107/107
f 110/110/110 108/108/108 109/109/109
f 113/113/113 112/112/112 111/111/111
f 116/116/116 115/115/115 114/114/114
f 117/117/117 115/115/115 116/116/116
f 120/120/120 119/119/119 118/118/118
f 121/121/121 119/119/119 120/120/120
f 119/119/119 123/123/123 122/122/122
f 121/121/121 123/123/123 119/119/119
f 126/126/126 125/125/125 124/124/124
f 127/127/127 125/125/125 126/126/126
f 130/130/130 129/129/129 128/128/128
f 131/131/131 129/129/129 130/130/130
f 132/132/132 104/104/104 103/103/103
f 133/133/133 104/104/104 132/132/132
f 135/135/135 110/110/110 134/134/134
f 135/135/135 108/108/108 110/110/110
f 136/136/136 108/108/108 135/135/135
f 138/138/138 116/116/116 137/137/137
f 138/138/138 117/117/117 116/116/116
f 139/139/139 117/117/117 138/138/138
f 140/140/140 121/121/121 120/120/120
f 141/141/141 121/121/121 140/140/140
f 144/144/144 143/143/143 142/142/142
f 145/145/145 127/127/127 126/126/126
f 146/146/146 127/127/127 145/145/145
f 148/148/148 130/130/130 147/147/147
f 148/148/148 131/131/131 130/130/130
f 149/149/149 131/131/131 148/148/148
f 134/134/134 109/109/109 150/150/150
f 110/110/110 109/109/109 134/134/134
f 137/137/137 114/114/114 151/151/151
f 116/116/116 114/114/114 137/137/137
f 147/147/147 128/128/128 152/152/152
f 130/130/130 128/128/128 147/147/147
f 154/154/154 63/63/63 153/153/153
f 65/65/65 63/63/63 154/154/154
f 156/156/156 73/73/73 155/155/155
f 75/75/75 73/73/73 156/156/156
f 159/159/159 158/158/158 157/157/157
f 161/161/161 147/147/147 160/160/160
f 162/162/162 147/147/147 161/161/161
f 165/165/165 164/164/164 163/163/163
f 108/108/108 166/166/166 107/107/107
f 108/108/108 167/167/167 166/166/166
f 127/127/127 162/162/162 125/125/125
f 170/170/170 169/169/169 168/168/168
f 171/171/171 169/169/169 170/170/170
f 173/173/173 125/125/125 172/172/172
f 124/124/124 125/125/125 173/173/173
f 175/175/175 172/172/172 174/174/174
f 173/173/173 172/172/172 175/175/175
f 176/176/176 175/175/175 174/174/174
f 179/179/179 178/178/178 177/177/177
f 180/180/180 178/178/178 179/179/179
f 181/181/181 180/180/180 179/179/179
f 182/182/182 180/180/180 181/181/181
f 185/185/185 184/184/184 183/183/183
f 186/186/186 184/184/184 185/185/185
f 189/189/189 188/188/188 187/187/187
f 190/190/190 188/188/188 189/189/189
f 188/188/188 185/185/185 183/183/183
f 190/190/190 185/185/185 188/188/188
f 193/193/193 192/192/192 191/191/191
f 194/194/194 192/192/192 193/193/193
f 187/187/187 194/194/194 189/189/189
f 192/192/192 194/194/194 187/187/187
f 196/196/196 191/191/191 195/195/195
f 193/193/193 191/191/191 196/196/196
f 109/109/109 195/195/195 150/150/150
f 196/196/196 195/195/195 109/109/109
f 199/199/199 198/198/198 197/197/197
f 200/200/200 198/198/198 199/199/199
f 199/199/199 197/197/197 201/201/201
f 204/204/204 203/203/203 202/202/202
f 205/205/205 203/203/203 204/204/204
f 200/200/200 202/202/202 198/198/198
f 204/204/204 202/202/202 200/200/200
f 205/205/205 206/206/206 203/203/203
f 207/207/207 206/206/206 205/205/205
f 207/207/207 208/208/208 206/206/206
f 209/209/209 208/208/208 207/207/207
f 209/209/209 211/211/211 210/210/210
f 212/212/212 211/211/211 209/209/209
f 209/209/209 210/210/210 208/208/208
f 212/212/212 213/213/213 211/211/211
f 214/214/214 213/213/213 212/212/212
f 214/214/214 215/215/215 213/213/213
f 218/218/218 217/217/217 216/216/216
f 219/219/219 217/217/217 218/218/218
f 107/107/107 201/201/201 109/109/109
f 220/220/220 201/201/201 107/107/107
f 220/220/220 199/199/199 201/201/201
f 221/221/221 199/199/199 220/220/220
f 222/222/222 199/199/199 221/221/221
f 166/166/166 220/220/220 107/107/107
f 223/223/223 220/220/220 166/166/166
f 223/223/223 221/221/221 220/220/220
f 224/224/224 215/215/215 214/214/214
f 227/227/227 226/226/226 225/225/225
f 215/215/215 226/226/226 227/227/227
f 230/230/230 229/229/229 228/228/228
f 231/231/231 229/229/229 230/230/230
f 228/228/228 233/233/233 232/232/232
f 229/229/229 233/233/233 228/228/228
f 236/236/236 235/235/235 234/234/234
f 237/237/237 235/235/235 236/236/236
f 234/234/234 231/231/231 230/230/230
f 235/235/235 231/231/231 234/234/234
f 238/238/238 237/237/237 236/236/236
f 239/239/239 237/237/237 238/238/238
f 242/242/242 241/241/241 240/240/240
f 243/243/243 241/241/241 242/242/242
f 244/244/244 243/243/243 242/242/242
f 245/245/245 243/243/243 244/244/244
f 244/244/244 233/233/233 245/245/245
f 232/232/232 233/233/233 244/244/244
f 224/224/224 241/241/241 246/246/246
f 240/240/240 241/241/241 224/224/224
f 249/249/249 248/248/248 247/247/247
f 250/250/250 248/248/248 249/249/249
f 253/253/253 252/252/252 251/251/251
f 254/254/254 252/252/252 253/253/253
f 257/257/257 256/256/256 255/255/255
f 258/258/258 256/256/256 257/257/257
f 251/251/251 259/259/259 253/253/253
f 260/260/260 259/259/259 251/251/251
f 256/256/256 258/258/258 261/261/261
f 184/184/184 182/182/182 262/262/262
f 186/186/186 182/182/182 184/184/184
f 265/265/265 264/264/264 263/263/263
f 266/266/266 264/264/264 265/265/265
f 219/219/219 263/263/263 217/217/217
f 265/265/265 263/263/263 219/219/219
f 266/266/266 267/267/267 264/264/264
f 268/268/268 267/267/267 266/266/266
f 262/262/262 182/182/182 181/181/181
f 270/270/270 216/216/216 269/269/269
f 218/218/218 216/216/216 270/270/270
f 269/269/269 271/271/271 270/270/270
f 273/273/273 269/269/269 272/272/272
f 275/275/275 269/269/269 274/274/274
f 274/274/274 269/269/269 273/273/273
f 278/278/278 277/277/277 276/276/276
f 279/279/279 277/277/277 278/278/278
f 239/239/239 278/278/278 276/276/276
f 238/238/238 278/278/278 239/239/239
f 282/282/282 281/281/281 280/280/280
f 283/283/283 281/281/281 282/282/282
f 286/286/286 285/285/285 284/284/284
f 287/287/287 285/285/285 286/286/286
f 290/290/290 289/289/289 288/288/288
f 291/291/291 289/289/289 290/290/290
f 285/285/285 293/293/293 292/292/292
f 287/287/287 293/293/293 285/285/285
f 294/294/294 289/289/289 291/291/291
f 297/297/297 296/296/296 295/295/295
f 298/298/298 296/296/296 297/297/297
f 298/298/298 299/299/299 296/296/296
f 300/300/300 299/299/299 298/298/298
f 303/303/303 302/302/302 301/301/301
f 305/305/305 280/280/280 304/304/304
f 282/282/282 280/280/280 305/305/305
f 303/303/303 306/306/306 302/302/302
f 307/307/307 306/306/306 303/303/303
f 171/171/171 273/273/273 272/272/272
f 170/170/170 273/273/273 171/171/171
f 310/310/310 309/309/309 308/308/308
f 311/311/311 309/309/309 310/310/310
f 314/314/314 313/313/313 312/312/312
f 315/315/315 313/313/313 314/314/314
f 316/316/316 309/309/309 311/311/311
f 317/317/317 309/309/309 316/316/316
f 318/318/318 313/313/313 315/315/315
f 121/121/121 141/141/141 123/123/123
f 319/319/319 144/144/144 142/142/142
f 127/127/127 146/146/146 162/162/162
f 162/162/162 148/148/148 147/147/147
f 146/146/146 148/148/148 162/162/162
f 136/136/136 320/320/320 167/167/167
f 108/108/108 136/136/136 167/167/167
f 321/321/321 135/135/135 134/134/134
f 104/104/104 133/133/133 106/106/106
f 322/322/322 267/267/267 268/268/268
f 323/323/323 267/267/267 322/322/322
f 322/322/322 324/324/324 323/323/323
f 325/325/325 324/324/324 322/322/322
f 325/325/325 326/326/326 324/324/324
f 327/327/327 326/326/326 325/325/325
f 327/327/327 328/328/328 326/326/326
f 329/329/329 328/328/328 327/327/327
f 328/328/328 331/331/331 330/330/330
f 329/329/329 331/331/331 328/328/328
f 332/332/332 331/331/331 329/329/329
f 331/331/331 333/333/333 330/330/330
f 334/334/334 333/333/333 331/331/331
f 335/335/335 333/333/333 334/334/334
f 335/335/335 249/249/249 336/336/336
f 250/250/250 249/249/249 335/335/335
f 178/178/178 337/337/337 177/177/177
f 338/338/338 337/337/337 178/178/178
f 338/338/338 339/339/339 337/337/337
f 340/340/340 339/339/339 338/338/338
f 340/340/340 341/341/341 339/339/339
f 342/342/342 341/341/341 340/340/340
f 342/342/342 142/142/142 341/341/341
f 209/209/209 343/343/343 212/212/212
f 344/344/344 343/343/343 209/209/209
f 199/199/199 345/345/345 200/200/200
f 222/222/222 345/345/345 199/199/199
f 200/200/200 346/346/346 204/204/204
f 345/345/345 346/346/346 200/200/200
f 207/207/207 344/344/344 209/209/209
f 347/347/347 344/344/344 207/207/207
f 214/214/214 343/343/343 224/224/224
f 212/212/212 343/343/343 214/214/214
f 207/207/207 348/348/348 347/347/347
f 205/205/205 348/348/348 207/207/207
f 205/205/205 346/346/346 348/348/348
f 204/204/204 346/346/346 205/205/205
f 246/246/246 215/215/215 224/224/224
f 226/226/226 215/215/215 246/246/246
f 341/341/341 143/143/143 349/349/349
f 142/142/142 143/143/143 341/341/341
f 351/351/351 349/349/349 350/350/350
f 341/341/341 349/349/349 351/351/351
f 353/353/353 350/350/350 352/352/352
f 351/351/351 350/350/350 353/353/353
f 355/355/355 352/352/352 354/354/354
f 353/353/353 352/352/352 355/355/355
f 354/354/354 356/356/356 355/355/355
f 357/357/357 356/356/356 354/354/354
f 357/357/357 358/358/358 356/356/356
f 359/359/359 358/358/358 357/357/357
f 359/359/359 360/360/360 358/358/358
f 361/361/361 360/360/360 359/359/359
f 361/361/361 362/362/362 360/360/360
f 363/363/363 362/362/362 361/361/361
f 362/362/362 365/365/365 364/364/364
f 363/363/363 365/365/365 362/362/362
f 365/365/365 366/366/366 364/364/364
f 367/367/367 269/269/269 275/275/275
f 271/271/271 269/269/269 367/367/367
f 370/370/370 369/369/369 368/368/368
f 371/371/371 369/369/369 370/370/370
f 371/371/371 372/372/372 369/369/369
f 373/373/373 372/372/372 371/371/371
f 373/373/373 374/374/374 372/372/372
f 375/375/375 374/374/374 373/373/373
f 375/375/375 376/376/376 374/374/374
f 377/377/377 376/376/376 375/375/375
f 377/377/377 378/378/378 376/376/376
f 379/379/379 378/378/378 377/377/377
f 382/382/382 381/381/381 380/380/380
f 383/383/383 381/381/381 382/382/382
f 383/383/383 384/384/384 381/381/381
f 385/385/385 384/384/384 383/383/383
f 385/385/385 386/386/386 384/384/384
f 387/387/387 386/386/386 385/385/385
f 387/387/387 388/388/388 386/386/386
f 389/389/389 388/388/388 387/387/387
f 389/389/389 390/390/390 388/388/388
f 391/391/391 390/390/390 389/389/389
f 394/394/394 393/393/393 392/392/392
f 395/395/395 393/393/393 394/394/394
f 393/393/393 397/397/397 396/396/396
f 395/395/395 397/397/397 393/393/393
f 400/400/400 399/399/399 398/398/398
f 401/401/401 399/399/399 400/400/400
f 404/404/404 403/403/403 402/402/402
f 405/405/405 403/403/403 404/404/404
f 405/405/405 406/406/406 403/403/403
f 407/407/407 406/406/406 405/405/405
f 410/410/410 409/409/409 408/408/408
f 411/411/411 409/409/409 410/410/410
f 414/414/414 413/413/413 412/412/412
f 415/415/415 413/413/413 414/414/414
f 417/417/417 412/412/412 416/416/416
f 414/414/414 412/412/412 417/417/417
f 419/419/419 416/416/416 418/418/418
f 417/417/417 416/416/416 419/419/419
f 421/421/421 418/418/418 420/420/420
f 419/419/419 418/418/418 421/421/421
f 423/423/423 420/420/420 422/422/422
f 421/421/421 420/420/420 423/423/423
f 426/426/426 425/425/425 424/424/424
f 427/427/427 425/425/425 426/426/426
f 429/429/429 424/424/424 428/428/428
f 426/426/426 424/424/424 429/429/429
f 431/431/431 428/428/428 430/430/430
f 429/429/429 428/428/428 431/431/431
f 433/433/433 430/430/430 432/432/432
f 431/431/431 430/430/430 433/433/433
f 435/435/435 432/432/432 434/434/434
f 433/433/433 432/432/432 435/435/435
f 438/438/438 437/437/437 436/436/436
f 439/439/439 437/437/437 438/438/438
f 437/437/437 441/441/441 440/440/440
f 439/439/439 441/441/441 437/437/437
f 444/444/444 443/443/443 442/442/442
f 445/445/445 443/443/443 444/444/444
f 448/448/448 447/447/447 446/446/446
f 451/451/451 450/450/450 449/449/449
f 452/452/452 450/450/450 451/451/451
f 455/455/455 454/454/454 453/453/453
f 456/456/456 454/454/454 455/455/455
f 454/454/454 458/458/458 457/457/457
f 456/456/456 458/458/458 454/454/454
f 461/461/461 460/460/460 459/459/459
f 462/462/462 460/460/460 461/461/461
f 465/465/465 464/464/464 463/463/463
f 466/466/466 464/464/464 465/465/465
f 467/467/467 439/439/439 438/438/438
f 468/468/468 439/439/439 467/467/467
f 470/470/470 445/445/445 469/469/469
f 470/470/470 443/443/443 445/445/445
f 471/471/471 443/443/443 470/470/470
f 473/473/473 451/451/451 472/472/472
f 473/473/473 452/452/452 451/451/451
f 474/474/474 452/452/452 473/473/473
f 475/475/475 456/456/456 455/455/455
f 476/476/476 456/456/456 475/475/475
f 479/479/479 478/478/478 477/477/477
f 480/480/480 462/462/462 461/461/461
f 481/481/481 462/462/462 480/480/480
f 483/483/483 465/465/465 482/482/482
f 483/483/483 466/466/466 465/465/465
f 484/484/484 466/466/466 483/483/483
f 469/469/469 444/444/444 485/485/485
f 445/445/445 444/444/444 469/469/469
f 472/472/472 449/449/449 486/486/486
f 451/451/451 449/449/449 472/472/472
f 482/482/482 463/463/463 487/487/487
f 465/465/465 463/463/463 482/482/482
f 489/489/489 398/398/398 488/488/488
f 400/400/400 398/398/398 489/489/489
f 491/491/491 408/408/408 490/490/490
f 410/410/410 408/408/408 491/491/491
f 494/494/494 493/493/493 492/492/492
f 496/496/496 482/482/482 495/495/495
f 497/497/497 482/482/482 496/496/496
f 500/500/500 499/499/499 498/498/498
f 443/443/443 501/501/501 442/442/442
f 443/443/443 502/502/502 501/501/501
f 462/462/462 497/497/497 460/460/460
f 505/505/505 504/504/504 503/503/503
f 506/506/506 504/504/504 505/505/505
f 508/508/508 460/460/460 507/507/507
f 459/459/459 460/460/460 508/508/508
f 510/510/510 507/507/507 509/509/509
f 508/508/508 507/507/507 510/510/510
f 511/511/511 510/510/510 509/509/509
f 514/514/514 513/513/513 512/512/512
f 515/515/515 513/513/513 514/514/514
f 516/516/516 515/515/515 514/514/514
f 517/517/517 515/515/515 516/516/516
f 520/520/520 519/519/519 518/518/518
f 521/521/521 519/519/519 520/520/520
f 524/524/524 523/523/523 522/522/522
f 525/525/525 523/523/523 524/524/524
f 523/523/523 520/520/520 518/518/518
f 525/525/525 520/520/520 523/523/523
f 528/528/528 527/527/527 526/526/526
f 529/529/529 527/527/527 528/528/528
f 522/522/522 529/529/529 524/524/524
f 527/527/527 529/529/529 522/522/522
f 531/531/531 526/526/526 530/530/530
f 528/528/528 526/526/526 531/531/531
f 444/444/444 530/530/530 485/485/485
f 531/531/531 530/530/530 444/444/444
f 534/534/534 533/533/533 532/532/532
f 535/535/535 533/533/533 534/534/534
f 534/534/534 532/532/532 536/536/536
f 539/539/539 538/538/538 537/537/537
f 540/540/540 538/538/538 539/539/539
f 535/535/535 537/537/537 533/533/533
f 539/539/539 537/537/537 535/535/535
f 540/540/540 541/541/541 538/538/538
f 542/542/542 541/541/541 540/540/540
f 542/542/542 543/543/543 541/541/541
f 544/544/544 543/543/543 542/542/542
f 544/544/544 546/546/546 545/545/545
f 547/547/547 546/546/546 544/544/544
f 544/544/544 545/545/545 543/543/543
f 547/547/547 548/548/548 546/546/546
f 549/549/549 548/548/548 547/547/547
f 549/549/549 550/550/550 548/548/548
f 553/553/553 552/552/552 551/551/551
f 554/554/554 552/552/552 553/553/553
f 442/442/442 536/536/536 444/444/444
f 555/555/555 536/536/536 442/442/442
f 555/555/555 534/534/534 536/536/536
f 556/556/556 534/534/534 555/555/555
f 557/557/557 534/534/534 556/556/556
f 501/501/501 555/555/555 442/442/442
f 558/558/558 555/555/555 501/501/501
f 558/558/558 556/556/556 555/555/555
f 559/559/559 550/550/550 549/549/549
f 562/562/562 561/561/561 560/560/560
f 550/550/550 561/561/561 562/562/562
f 565/565/565 564/564/564 563/563/563
f 566/566/566 564/564/564 565/565/565
f 563/563/563 568/568/568 567/567/567
f 564/564/564 568/568/568 563/563/563
f 571/571/571 570/570/570 569/569/569
f 572/572/572 570/570/570 571/571/571
f 569/569/569 566/566/566 565/565/565
f 570/570/570 566/566/566 569/569/569
f 573/573/573 572/572/572 571/571/571
f 574/574/574 572/572/572 573/573/573
f 577/577/577 576/576/576 575/575/575
f 578/578/578 576/576/576 577/577/577
f 579/579/579 578/578/578 577/577/577
f 580/580/580 578/578/578 579/579/579
f 579/579/579 568/568/568 580/580/580
f 567/567/567 568/568/568 579/579/579
f 559/559/559 576/576/576 581/581/581
f 575/575/575 576/576/576 559/559/559
f 584/584/584 583/583/583 582/582/582
f 585/585/585 583/583/583 584/584/584
f 588/588/588 587/587/587 586/586/586
f 589/589/589 587/587/587 588/588/588
f 592/592/592 591/591/591 590/590/590
f 593/593/593 591/591/591 592/592/592
f 586/586/586 594/594/594 588/588/588
f 595/595/595 594/594/594 586/586/586
f 591/591/591 593/593/593 596/596/596
f 519/519/519 517/517/517 597/597/597
f 521/521/521 517/517/517 519/519/519
f 600/600/600 599/599/599 598/598/598
f 601/601/601 599/599/599 600/600/600
f 554/554/554 598/598/598 552/552/552
f 600/600/600 598/598/598 554/554/554
f 601/601/601 602/602/602 599/599/599
f 603/603/603 602/602/602 601/601/601
f 597/597/597 517/517/517 516/516/516
f 605/605/605 551/551/551 604/604/604
f 553/553/553 551/551/551 605/605/605
f 604/604/604 606/606/606 605/605/605
f 608/608/608 604/604/604 607/607/607
f 610/610/610 604/604/604 609/609/609
f 609/609/609 604/604/604 608/608/608
f 613/613/613 612/612/612 611/611/611
f 614/614/614 612/612/612 613/613/613
f 574/574/574 613/613/613 611/611/611
f 573/573/573 613/613/613 574/574/574
f 617/617/617 616/616/616 615/615/615
f 618/618/618 616/616/616 617/617/617
f 621/621/621 620/620/620 619/619/619
f 622/622/622 620/620/620 621/621/621
f 625/625/625 624/624/624 623/623/623
f 626/626/626 624/624/624 625/625/625
f 620/620/620 628/628/628 627/627/627
f 622/622/622 628/628/628 620/620/620
f 629/629/629 624/624/624 626/626/626
f 632/632/632 631/631/631 630/630/630
f 633/633/633 631/631/631 632/632/632
f 633/633/633 560/560/560 631/631/631
f 562/562/562 560/560/560 633/633/633
f 636/636/636 635/635/635 634/634/634
f 638/638/638 615/615/615 637/637/637
f 617/617/617 615/615/615 638/638/638
f 636/636/636 639/639/639 635/635/635
f 640/640/640 639/639/639 636/636/636
f 506/506/506 608/608/608 607/607/607
f 505/505/505 608/608/608 506/506/506
f 643/643/643 642/642/642 641/641/641
f 644/644/644 642/642/642 643/643/643
f 647/647/647 646/646/646 645/645/645
f 648/648/648 646/646/646 647/647/647
f 649/649/649 642/642/642 644/644/644
f 650/650/650 642/642/642 649/649/649
f 651/651/651 646/646/646 648/648/648
f 456/456/456 476/476/476 458/458/458
f 652/652/652 479/479/479 477/477/477
f 462/462/462 481/481/481 497/497/497
f 497/497/497 483/483/483 482/482/482
f 481/481/481 483/483/483 497/497/497
f 471/471/471 653/653/653 502/502/502
f 443/443/443 471/471/471 502/502/502
f 654/654/654 470/470/470 469/469/469
f 439/439/439 468/468/468 441/441/441
f 655/655/655 602/602/602 603/603/603
f 656/656/656 602/602/602 655/655/655
f 655/655/655 657/657/657 656/656/656
f 658/658/658 657/657/657 655/655/655
f 658/658/658 659/659/659 657/657/657
f 660/660/660 659/659/659 658/658/658
f 660/660/660 661/661/661 659/659/659
f 662/662/662 661/661/661 660/660/660
f 661/661/661 664/664/664 663/663/663
f 662/662/662 664/664/664 661/661/661
f 665/665/665 664/664/664 662/662/662
f 664/664/664 666/666/666 663/663/663
f 667/667/667 666/666/666 664/664/664
f 668/668/668 666/666/666 667/667/667
f 668/668/668 584/584/584 669/669/669
f 585/585/585 584/584/584 668/668/668
f 513/513/513 670/670/670 512/512/512
f 671/671/671 670/670/670 513/513/513
f 671/671/671 672/672/672 670/670/670
f 673/673/673 672/672/672 671/671/671
f 673/673/673 674/674/674 672/672/672
f 675/675/675 674/674/674 673/673/673
f 675/675/675 477/477/477 674/674/674
f 544/544/544 676/676/676 547/547/547
f 677/677/677 676/676/676 544/544/544
f 534/534/534 678/678/678 535/535/535
f 557/557/557 678/678/678 534/534/534
f 535/535/535 679/679/679 539/539/539
f 678/678/678 679/679/679 535/535/535
f 542/542/542 677/677/677 544/544/544
f 680/680/680 677/677/677 542/542/542
f 549/549/549 676/676/676 559/559/559
f 547/547/547 676/676/676 549/549/549
f 542/542/542 681/681/681 680/680/680
f 540/540/540 681/681/681 542/542/542
f 540/540/540 679/679/679 681/681/681
f 539/539/539 679/679/679 540/540/540
f 581/581/581 550/550/550 559/559/559
f 561/561/561 550/550/550 581/581/581
f 674/674/674 478/478/478 682/682/682
f 477/477/477 478/478/478 674/674/674
f 684/684/684 682/682/682 683/683/683
f 674/674/674 682/682/682 684/684/684
f 686/686/686 683/683/683 685/685/685
f 684/684/684 683/683/683 686/686/686
f 688/688/688 685/685/685 687/687/687
f 686/686/686 685/685/685 688/688/688
f 687/687/687 689/689/689 688/688/688
f 690/690/690 689/689/689 687/687/687
f 690/690/690 691/691/691 689/689/689
f 692/692/692 691/691/691 690/690/690
f 692/692/692 693/693/693 691/691/691
f 694/694/694 693/693/693 692/692/692
f 694/694/694 695/695/695 693/693/693
f 696/696/696 695/695/695 694/694/694
f 695/695/695 698/698/698 697/697/697
f 696/696/696 698/698/698 695/695/695
f 698/698/698 699/699/699 697/697/697
f 700/700/700 604/604/604 610/610/610
f 606/606/606 604/604/604 700/700/700
f 703/703/703 702/702/702 701/701/701
f 704/704/704 702/702/702 703/703/703
f 704/704/704 705/705/705 702/702/702
f 706/706/706 705/705/705 704/704/704
f 706/706/706 707/707/707 705/705/705
f 708/708/708 707/707/707 706/706/706
f 708/708/708 709/709/709 707/707/707
f 710/710/710 709/709/709 708/708/708
f 710/710/710 711/711/711 709/709/709
f 712/712/712 711/711/711 710/710/710
f 715/715/715 714/714/714 713/713/713
f 716/716/716 714/714/714 715/715/715
f 716/716/716 717/717/717 714/714/714
f 718/718/718 717/717/717 716/716/716
f 718/718/718 719/719/719 717/717/717
f 720/720/720 719/719/719 718/718/718
f 720/720/720 721/721/721 719/719/719
f 722/722/722 721/721/721 720/720/720
f 722/722/722 723/723/723 721/721/721
f 724/724/724 723/723/723 722/722/722
f 727/727/727 726/726/726 725/725/725
f 728/728/728 726/726/726 727/727/727
f 726/726/726 730/730/730 729/729/729
f 728/728/728 730/730/730 726/726/726
f 733/733/733 732/732/732 731/731/731
f 734/734/734 732/732/732 733/733/733
f 737/737/737 736/736/736 735/735/735
f 738/738/738 736/736/736 737/737/737
f 738/738/738 739/739/739 736/736/736
f 740/740/740 739/739/739 738/738/738
f 743/743/743 742/742/742 741/741/741
f 744/744/744 742/742/742 743/743/743
f 747/747/747 746/746/746 745/745/745
f 748/748/748 746/746/746 747/747/747
f 750/750/750 745/745/745 749/749/749
f 747/747/747 745/745/745 750/750/750
f 752/752/752 749/749/749 751/751/751
f 750/750/750 749/749/749 752/752/752
f 754/754/754 751/751/751 753/753/753
f 752/752/752 751/751/751 754/754/754
f 756/756/756 753/753/753 755/755/755
f 754/754/754 753/753/753 756/756/756
f 759/759/759 758/758/758 757/757/757
f 760/760/760 758/758/758 759/759/759
f 762/762/762 757/757/757 761/761/761
f 759/759/759 757/757/757 762/762/762
f 764/764/764 761/761/761 763/763/763
f 762/762/762 761/761/761 764/764/764
f 766/766/766 763/763/763 765/765/765
f 764/764/764 763/763/763 766/766/766
f 768/768/768 765/765/765 767/767/767
f 766/766/766 765/765/765 768/768/768
f 771/771/771 770/770/770 769/769/769
f 772/772/772 770/770/770 771/771/771
f 770/770/770 774/774/774 773/773/773
f 772/772/772 774/774/774 770/770/770
f 777/777/777 776/776/776 775/775/775
f 778/778/778 776/776/776 777/777/777
f 781/781/781 780/780/780 779/779/779
f 784/784/784 783/783/783 782/782/782
f 785/785/785 783/783/783 784/784/784
f 788/788/788 787/787/787 786/786/786
f 789/789/789 787/787/787 788/788/788
f 787/787/787 791/791/791 790/790/790
f 789/789/789 791/791/791 787/787/787
f 794/794/794 793/793/793 792/792/792
f 795/795/795 793/793/793 794/794/794
f 798/798/798 797/797/797 796/796/796
f 799/799/799 797/797/797 798/798/798
f 800/800/800 772/772/772 771/771/771
f 801/801/801 772/772/772 800/800/800
f 803/803/803 778/778/778 802/802/802
f 803/803/803 776/776/776 778/778/778
f 804/804/804 776/776/776 803/803/803
f 806/806/806 784/784/784 805/805/805
f 806/806/806 785/785/785 784/784/784
f 807/807/807 785/785/785 806/806/806
f 808/808/808 789/789/789 788/788/788
f 809/809/809 789/789/789 808/808/808
f 812/812/812 811/811/811 810/810/810
f 813/813/813 795/795/795 794/794/794
f 814/814/814 795/795/795 813/813/813
f 816/816/816 798/798/798 815/815/815
f 816/816/816 799/799/799 798/798/798
f 817/817/817 799/799/799 816/816/816
f 802/802/802 777/777/777 818/818/818
f 778/778/778 777/777/777 802/802/802
f 805/805/805 782/782/782 819/819/819
f 784/784/784 782/782/782 805/805/805
f 815/815/815 796/796/796 820/820/820
f 798/798/798 796/796/796 815/815/815
f 822/822/822 731/731/731 821/821/821
f 733/733/733 731/731/731 822/822/822
f 824/824/824 741/741/741 823/823/823
f 743/743/743 741/741/741 824/824/824
f 827/827/827 826/826/826 825/825/825
f 829/829/829 815/815/815 828/828/828
f 830/830/830 815/815/815 829/829/829
f 833/833/833 832/832/832 831/831/831
f 776/776/776 834/834/834 775/775/775
f 776/776/776 835/835/835 834/834/834
f 795/795/795 830/830/830 793/793/793
f 838/838/838 837/837/837 836/836/836
f 839/839/839 837/837/837 838/838/838
f 841/841/841 793/793/793 840/840/840
f 792/792/792 793/793/793 841/841/841
f 843/843/843 840/840/840 842/842/842
f 841/841/841 840/840/840 843/843/843
f 844/844/844 843/843/843 842/842/842
f 847/847/847 846/846/846 845/845/845
f 848/848/848 846/846/846 847/847/847
f 849/849/849 848/848/848 847/847/847
f 850/850/850 848/848/848 849/849/849
f 853/853/853 852/852/852 851/851/851
f 854/854/854 852/852/852 853/853/853
f 857/857/857 856/856/856 855/855/855
f 858/858/858 856/856/856 857/857/857
f 856/856/856 853/853/853 851/851/851
f 858/858/858 853/853/853 856/856/856
f 861/861/861 860/860/860 859/859/859
f 862/862/862 860/860/860 861/861/861
f 855/855/855 862/862/862 857/857/857
f 860/860/860 862/862/862 855/855/855
f 864/864/864 859/859/859 863/863/863
f 861/861/861 859/859/859 864/864/864
f 777/777/777 863/863/863 818/818/818
f 864/864/864 863/863/863 777/777/777
f 867/867/867 866/866/866 865/865/865
f 868/868/868 866/866/866 867/867/867
f 867/867/867 865/865/865 869/869/869
f 872/872/872 871/871/871 870/870/870
f 873/873/873 871/871/871 872/872/872
f 868/868/868 870/870/870 866/866/866
f 872/872/872 870/870/870 868/868/868
f 873/873/873 874/874/874 871/871/871
f 875/875/875 874/874/874 873/873/873
f 875/875/875 876/876/876 874/874/874
f 877/877/877 876/876/876 875/875/875
f 877/877/877 879/879/879 878/878/878
f 880/880/880 879/879/879 877/877/877
f 877/877/877 878/878/878 876/876/876
f 880/880/880 881/881/881 879/879/879
f 882/882/882 881/881/881 880/880/880
f 882/882/882 883/883/883 881/881/881
f 886/886/886 885/885/885 884/884/884
f 887/887/887 885/885/885 886/886/886
f 775/775/775 869/869/869 777/777/777
f 888/888/888 869/869/869 775/775/775
f 888/888/888 867/867/867 869/869/869
f 889/889/889 867/867/867 888/888/888
f 890/890/890 867/867/867 889/889/889
f 834/834/834 888/888/888 775/775/775
f 891/891/891 888/888/888 834/834/834
f 891/891/891 889/889/889 888/888/888
f 892/892/892 883/883/883 882/882/882
f 895/895/895 894/894/894 893/893/893
f 883/883/883 894/894/894 895/895/895
f 898/898/898 897/897/897 896/896/896
f 899/899/899 897/897/897 898/898/898
f 896/896/896 901/901/901 900/900/900
f 897/897/897 901/901/901 896/896/896
f 904/904/904 903/903/903 902/902/902
f 905/905/905 903/903/903 904/904/904
f 902/902/902 899/899/899 898/898/898
f 903/903/903 899/899/899 902/902/902
f 906/906/906 905/905/905 904/904/904
f 907/907/907 905/905/905 906/906/906
f 910/910/910 909/909/909 908/908/908
f 911/911/911 909/909/909 910/910/910
f 912/912/912 911/911/911 910/910/910
f 913/913/913 911/911/911 912/912/912
f 912/912/912 901/901/901 913/913/913
f 900/900/900 901/901/901 912/912/912
f 892/892/892 909/909/909 914/914/914
f 908/908/908 909/909/909 892/892/892
f 917/917/917 916/916/916 915/915/915
f 918/918/918 916/916/916 917/917/917
f 921/921/921 920/920/920 919/919/919
f 922/922/922 920/920/920 921/921/921
f 925/925/925 924/924/924 923/923/923
f 926/926/926 924/924/924 925/925/925
f 919/919/919 927/927/927 921/921/921
f 928/928/928 927/927/927 919/919/919
f 924/924/924 926/926/926 929/929/929
f 852/852/852 850/850/850 930/930/930
f 854/854/854 850/850/850 852/852/852
f 933/933/933 932/932/932 931/931/931
f 934/934/934 932/932/932 933/933/933
f 887/887/887 931/931/931 885/885/885
f 933/933/933 931/931/931 887/887/887
f 934/934/934 935/935/935 932/932/932
f 936/936/936 935/935/935 934/934/934
f 930/930/930 850/850/850 849/849/849
f 938/938/938 884/884/884 937/937/937
f 886/886/886 884/884/884 938/938/938
f 937/937/937 939/939/939 938/938/938
f 941/941/941 937/937/937 940/940/940
f 943/943/943 937/937/937 942/942/942
f 942/942/942 937/937/937 941/941/941
f 946/946/946 945/945/945 944/944/944
f 947/947/947 945/945/945 946/946/946
f 907/907/907 946/946/946 944/944/944
f 906/906/906 946/946/946 907/907/907
f 950/950/950 949/949/949 948/948/948
f 951/951/951 949/949/949 950/950/950
f 954/954/954 953/953/953 952/952/952
f 955/955/955 953/953/953 954/954/954
f 958/958/958 957/957/957 956/956/956
f 959/959/959 957/957/957 958/958/958
f 953/953/953 961/961/961 960/960/960
f 955/955/955 961/961/961 953/953/953
f 962/962/962 957/957/957 959/959/959
f 965/965/965 964/964/964 963/963/963
f 966/966/966 964/964/964 965/965/965
f 966/966/966 893/893/893 964/964/964
f 967/967/967 893/893/893 966/966/966
f 970/970/970 969/969/969 968/968/968
f 972/972/972 948/948/948 971/971/971
f 950/950/950 948/948/948 972/972/972
f 970/970/970 973/973/973 969/969/969
f 974/974/974 973/973/973 970/970/970
f 839/839/839 941/941/941 940/940/940
f 838/838/838 941/941/941 839/839/839
f 977/977/977 976/976/976 975/975/975
f 978/978/978 976/976/976 977/977/977
f 981/981/981 980/980/980 979/979/979
f 982/982/982 980/980/980 981/981/981
f 983/983/983 976/976/976 978/978/978
f 984/984/984 976/976/976 983/983/983
f 985/985/985 980/980/980 982/982/982
f 789/789/789 809/809/809 791/791/791
f 986/986/986 812/812/812 810/810/810
f 795/795/795 814/814/814 830/830/830
f 830/830/830 816/816/816 815/815/815
f 814/814/814 816/816/816 830/830/830
f 804/804/804 987/987/987 835/835/835
f 776/776/776 804/804/804 835/835/835
f 988/988/988 803/803/803 802/802/802
f 772/772/772 801/801/801 774/774/774
f 989/989/989 935/935/935 936/936/936
f 990/990/990 935/935/935 989/989/989
f 989/989/989 991/991/991 990/990/990
f 992/992/992 991/991/991 989/989/989
f 992/992/992 993/993/993 991/991/991
f 994/994/994 993/993/993 992/992/992
f 994/994/994 995/995/995 993/993/993
f 996/996/996 995/995/995 994/994/994
f 995/995/995 998/998/998 997/997/997
f 996/996/996 998/998/998 995/995/995
f 999/999/999 998/998/998 996/996/996
f 998/998/998 1000/1000/1000 997/997/997
f 1001/1001/1001 1000/1000/1000 998/998/998
f 1002/1002/1002 1000/1000/1000 1001/1001/1001
f 1004/1004/1004 917/917/917 1003/1003/1003
f 918/918/918 917/917/917 1004/1004/1004
f 846/846/846 1005/1005/1005 845/845/845
f 1006/1006/1006 1005/1005/1005 846/846/846
f 1006/1006/1006 1007/1007/1007 1005/1005/1005
f 1008/1008/1008 1007/1007/1007 1006/1006/1006
f 1008/1008/1008 1009/1009/1009 1007/1007/1007
f 1010/1010/1010 1009/1009/1009 1008/1008/1008
f 1010/1010/1010 810/810/810 1009/1009/1009
f 877/877/877 1011/1011/1011 880/880/880
f 1012/1012/1012 1011/1011/1011 877/877/877
f 867/867/867 1013/1013/1013 868/868/868
f 890/890/890 1013/1013/1013 867/867/867
f 868/868/868 1014/1014/1014 872/872/872
f 1013/1013/1013 1014/1014/1014 868/868/868
f 875/875/875 1012/1012/1012 877/877/877
f 1015/1015/1015 1012/1012/1012 875/875/875
f 882/882/882 1011/1011/1011 892/892/892
f 880/880/880 1011/1011/1011 882/882/882
f 875/875/875 1016/1016/1016 1015/1015/1015
f 873/873/873 1016/1016/1016 875/875/875
f 873/873/873 1014/1014/1014 1016/1016/1016
f 872/872/872 1014/1014/1014 873/873/873
f 914/914/914 883/883/883 892/892/892
f 894/894/894 883/883/883 914/914/914
f 1009/1009/1009 811/811/811 1017/1017/1017
f 810/810/810 811/811/811 1009/1009/1009
f 1019/1019/1019 1017/1017/1017 1018/1018/1018
f 1009/1009/1009 1017/1017/1017 1019/1019/1019
f 1021/1021/1021 1018/1018/1018 1020/1020/1020
f 1019/1019/1019 1018/1018/1018 1021/1021/1021
f 1023/1023/1023 1020/1020/1020 1022/1022/1022
f 1021/1021/1021 1020/1020/1020 1023/1023/1023
f 1022/1022/1022 1024/1024/1024 1023/1023/1023
f 1025/1025/1025 1024/1024/1024 1022/1022/1022
f 1025/1025/1025 1026/1026/1026 1024/1024/1024
f 1027/1027/1027 1026/1026/1026 1025/1025/1025
f 1027/1027/1027 1028/1028/1028 1026/1026/1026
f 1029/1029/1029 1028/1028/1028 1027/1027/1027
f 1029/1029/1029 1030/1030/1030 1028/1028/1028
f 1031/1031/1031 1030/1030/1030 1029/1029/1029
f 1030/1030/1030 1033/1033/1033 1032/1032/1032
f 1031/1031/1031 1033/1033/1033 1030/1030/1030
f 1033/1033/1033 1034/1034/1034 1032/1032/1032
f 1035/1035/1035 937/937/937 943/943/943
f 939/939/939 937/937/937 1035/1035/1035
f 1038/1038/1038 1037/1037/1037 1036/1036/1036
f 1039/1039/1039 1037/1037/1037 1038/1038/1038
f 1039/1039/1039 1040/1040/1040 1037/1037/1037
f 1041/1041/1041 1040/1040/1040 1039/1039/1039
f 1041/1041/1041 1042/1042/1042 1040/1040/1040
f 1043/1043/1043 1042/1042/1042 1041/1041/1041
f 1043/1043/1043 1044/1044/1044 1042/1042/1042
f 1045/1045/1045 1044/1044/1044 1043/1043/1043
f 1045/1045/1045 1046/1046/1046 1044/1044/1044
f 1047/1047/1047 1046/1046/1046 1045/1045/1045
f 1050/1050/1050 1049/1049/1049 1048/1048/1048
f 1051/1051/1051 1049/1049/1049 1050/1050/1050
f 1051/1051/1051 1052/1052/1052 1049/1049/1049
f 1053/1053/1053 1052/1052/1052 1051/1051/1051
f 1053/1053/1053 1054/1054/1054 1052/1052/1052
f 1055/1055/1055 1054/1054/1054 1053/1053/1053
f 1055/1055/1055 1056/1056/1056 1054/1054/1054
f 1057/1057/1057 1056/1056/1056 1055/1055/1055
f 1057/1057/1057 1058/1058/1058 1056/1056/1056
f 1059/1059/1059 1058/1058/1058 1057/1057/1057
f 1062/1062/1062 1061/1061/1061 1060/1060/1060
f 1063/1063/1063 1061/1061/1061 1062/1062/1062
f 1061/1061/1061 1065/1065/1065 1064/1064/1064
f 1063/1063/1063 1065/1065/1065 1061/1061/1061
f 1068/1068/1068 1067/1067/1067 1066/1066/1066
f 1069/1069/1069 1067/1067/1067 1068/1068/1068
f 1072/1072/1072 1071/1071/1071 1070/1070/1070
f 1073/1073/1073 1071/1071/1071 1072/1072/1072
f 1073/1073/1073 1074/1074/1074 1071/1071/1071
f 1075/1075/1075 1074/1074/1074 1073/1073/1073
f 1078/1078/1078 1077/1077/1077 1076/1076/1076
f 1079/1079/1079 1077/1077/1077 1078/1078/1078
f 1082/1082/1082 1081/1081/1081 1080/1080/1080
f 1083/1083/1083 1081/1081/1081 1082/1082/1082
f 1085/1085/1085 1080/1080/1080 1084/1084/1084
f 1082/1082/1082 1080/1080/1080 1085/1085/1085
f 1087/1087/1087 1084/1084/1084 1086/1086/1086
f 1085/1085/1085 1084/1084/1084 1087/1087/1087
f 1089/1089/1089 1086/1086/1086 1088/1088/1088
f 1087/1087/1087 1086/1086/1086 1089/1089/1089
f 1091/1091/1091 1088/1088/1088 1090/1090/1090
f 1089/1089/1089 1088/1088/1088 1091/1091/1091
f 1094/1094/1094 1093/1093/1093 1092/1092/1092
f 1095/1095/1095 1093/1093/1093 1094/1094/1094
f 1097/1097/1097 1092/1092/1092 1096/1096/1096
f 1094/1094/1094 1092/1092/1092 1097/1097/1097
f 1099/1099/1099 1096/1096/1096 1098/1098/1098
f 1097/1097/1097 1096/1096/1096 1099/1099/1099
f 1101/1101/1101 1098/1098/1098 1100/1100/1100
f 1099/1099/1099 1098/1098/1098 1101/1101/1101
f 1103/1103/1103 1100/1100/1100 1102/1102/1102
f 1101/1101/1101 1100/1100/1100 1103/1103/1103
f 1106/1106/1106 1105/1105/1105 1104/1104/1104
f 1107/1107/1107 1105/1105/1105 1106/1106/1106
f 1105/1105/1105 1109/1109/1109 1108/1108/1108
f 1107/1107/1107 1109/1109/1109 1105/1105/1105
f 1112/1112/1112 1111/1111/1111 1110/1110/1110
f 1113/1113/1113 1111/1111/1111 1112/1112/1112
f 1116/1116/1116 1115/1115/1115 1114/1114/1114
f 1119/1119/1119 1118/1118/1118 1117/1117/1117
f 1120/1120/1120 1118/1118/1118 1119/1119/1119
f 1123/1123/1123 1122/1122/1122 1121/1121/1121
f 1124/1124/1124 1122/1122/1122 1123/1123/1123
f 1122/1122/1122 1126/1126/1126 1125/1125/1125
f 1124/1124/1124 1126/1126/1126 1122/1122/1122
f 1129/1129/1129 1128/1128/1128 1127/1127/1127
f 1130/1130/1130 1128/1128/1128 1129/1129/1129
f 1133/1133/1133 1132/1132/1132 1131/1131/1131
f 1134/1134/1134 1132/1132/1132 1133/1133/1133
f 1135/1135/1135 1107/1107/1107 1106/1106/1106
f 1136/1136/1136 1107/1107/1107 1135/1135/1135
f 1138/1138/1138 1113/1113/1113 1137/1137/1137
f 1138/1138/1138 1111/1111/1111 1113/1113/1113
f 1139/1139/1139 1111/1111/1111 1138/1138/1138
f 1141/1141/1141 1119/1119/1119 1140/1140/1140
f 1141/1141/1141 1120/1120/1120 1119/1119/1119
f 1142/1142/1142 1120/1120/1120 1141/1141/1141
f 1143/1143/1143 1124/1124/1124 1123/1123/1123
f 1144/1144/1144 1124/1124/1124 1143/1143/1143
f 1147/1147/1147 1146/1146/1146 1145/1145/1145
f 1148/1148/1148 1130/1130/1130 1129/1129/1129
f 1149/1149/1149 1130/1130/1130 1148/1148/1148
f 1151/1151/1151 1133/1133/1133 1150/1150/1150
f 1151/1151/1151 1134/1134/1134 1133/1133/1133
f 1152/1152/1152 1134/1134/1134 1151/1151/1151
f 1137/1137/1137 1112/1112/1112 1153/1153/1153
f 1113/1113/1113 1112/1112/1112 1137/1137/1137
f 1140/1140/1140 1117/1117/1117 1154/1154/1154
f 1119/1119/1119 1117/1117/1117 1140/1140/1140
f 1150/1150/1150 1131/1131/1131 1155/1155/1155
f 1133/1133/1133 1131/1131/1131 1150/1150/1150
f 1157/1157/1157 1066/1066/1066 1156/1156/1156
f 1068/1068/1068 1066/1066/1066 1157/1157/1157
f 1159/1159/1159 1076/1076/1076 1158/1158/1158
f 1078/1078/1078 1076/1076/1076 1159/1159/1159
f 1162/1162/1162 1161/1161/1161 1160/1160/1160
f 1164/1164/1164 1150/1150/1150 1163/1163/1163
f 1165/1165/1165 1150/1150/1150 1164/1164/1164
f 1168/1168/1168 1167/1167/1167 1166/1166/1166
f 1111/1111/1111 1169/1169/1169 1110/1110/1110
f 1111/1111/1111 1170/1170/1170 1169/1169/1169
f 1130/1130/1130 1165/1165/1165 1128/1128/1128
f 1173/1173/1173 1172/1172/1172 1171/1171/1171
f 1174/1174/1174 1172/1172/1172 1173/1173/1173
f 1176/1176/1176 1128/1128/1128 1175/1175/1175
f 1127/1127/1127 1128/1128/1128 1176/1176/1176
f 1178/1178/1178 1175/1175/1175 1177/1177/1177
f 1176/1176/1176 1175/1175/1175 1178/1178/1178
f 1179/1179/1179 1178/1178/1178 1177/1177/1177
f 1182/1182/1182 1181/1181/1181 1180/1180/1180
f 1183/1183/1183 1181/1181/1181 1182/1182/1182
f 1184/1184/1184 1183/1183/1183 1182/1182/1182
f 1185/1185/1185 1183/1183/1183 1184/1184/1184
f 1188/1188/1188 1187/1187/1187 1186/1186/1186
f 1189/1189/1189 1187/1187/1187 1188/1188/1188
f 1192/1192/1192 1191/1191/1191 1190/1190/1190
f 1193/1193/1193 1191/1191/1191 1192/1192/1192
f 1191/1191/1191 1188/1188/1188 1186/1186/1186
f 1193/1193/1193 1188/1188/1188 1191/1191/1191
f 1196/1196/1196 1195/1195/1195 1194/1194/1194
f 1197/1197/1197 1195/1195/1195 1196/1196/1196
f 1190/1190/1190 1197/1197/1197 1192/1192/1192
f 1195/1195/1195 1197/1197/1197 1190/1190/1190
f 1199/1199/1199 1194/1194/1194 1198/1198/1198
f 1196/1196/1196 1194/1194/1194 1199/1199/1199
f 1112/1112/1112 1198/1198/1198 1153/1153/1153
f 1199/1199/1199 1198/1198/1198 1112/1112/1112
f 1202/1202/1202 1201/1201/1201 1200/1200/1200
f 1203/1203/1203 1201/1201/1201 1202/1202/1202
f 1202/1202/1202 1200/1200/1200 1204/1204/1204
f 1207/1207/1207 1206/1206/1206 1205/1205/1205
f 1208/1208/1208 1206/1206/1206 1207/1207/1207
f 1203/1203/1203 1205/1205/1205 1201/1201/1201
f 1207/1207/1207 1205/1205/1205 1203/1203/1203
f 1208/1208/1208 1209/1209/1209 1206/1206/1206
f 1210/1210/1210 1209/1209/1209 1208/1208/1208
f 1210/1210/1210 1211/1211/1211 1209/1209/1209
f 1212/1212/1212 1211/1211/1211 1210/1210/1210
f 1212/1212/1212 1214/1214/1214 1213/1213/1213
f 1215/1215/1215 1214/1214/1214 1212/1212/1212
f 1212/1212/1212 1213/1213/1213 1211/1211/1211
f 1215/1215/1215 1216/1216/1216 1214/1214/1214
f 1217/1217/1217 1216/1216/1216 1215/1215/1215
f 1217/1217/1217 1218/1218/1218 1216/1216/1216
f 1221/1221/1221 1220/1220/1220 1219/1219/1219
f 1222/1222/1222 1220/1220/1220 1221/1221/1221
f 1110/1110/1110 1204/1204/1204 1112/1112/1112
f 1223/1223/1223 1204/1204/1204 1110/1110/1110
f 1223/1223/1223 1202/1202/1202 1204/1204/1204
f 1224/1224/1224 1202/1202/1202 1223/1223/1223
f 1225/1225/1225 1202/1202/1202 1224/1224/1224
f 1169/1169/1169 1223/1223/1223 1110/1110/1110
f 1226/1226/1226 1223/1223/1223 1169/1169/1169
f 1226/1226/1226 1224/1224/1224 1223/1223/1223
f 1227/1227/1227 1218/1218/1218 1217/1217/1217
f 1230/1230/1230 1229/1229/1229 1228/1228/1228
f 1218/1218/1218 1229/1229/1229 1230/1230/1230
f 1233/1233/1233 1232/1232/1232 1231/1231/1231
f 1234/1234/1234 1232/1232/1232 1233/1233/1233
f 1231/1231/1231 1236/1236/1236 1235/1235/1235
f 1232/1232/1232 1236/1236/1236 1231/1231/1231
f 1239/1239/1239 1238/1238/1238 1237/1237/1237
f 1240/1240/1240 1238/1238/1238 1239/1239/1239
f 1237/1237/1237 1234/1234/1234 1233/1233/1233
f 1238/1238/1238 1234/1234/1234 1237/1237/1237
f 1241/1241/1241 1240/1240/1240 1239/1239/1239
f 1242/1242/1242 1240/1240/1240 1241/1241/1241
f 1245/1245/1245 1244/1244/1244 1243/1243/1243
f 1246/1246/1246 1244/1244/1244 1245/1245/1245
f 1247/1247/1247 1246/1246/1246 1245/1245/1245
f 1248/1248/1248 1246/1246/1246 1247/1247/1247
f 1247/1247/1247 1236/1236/1236 1248/1248/1248
f 1235/1235/1235 1236/1236/1236 1247/1247/1247
f 1227/1227/1227 1244/1244/1244 1249/1249/1249
f 1243/1243/1243 1244/1244/1244 1227/1227/1227
f 1252/1252/1252 1251/1251/1251 1250/1250/1250
f 1253/1253/1253 1251/1251/1251 1252/1252/1252
f 1256/1256/1256 1255/1255/1255 1254/1254/1254
f 1257/1257/1257 1255/1255/1255 1256/1256/1256
f 1260/1260/1260 1259/1259/1259 1258/1258/1258
f 1261/1261/1261 1259/1259/1259 1260/1260/1260
f 1254/1254/1254 1262/1262/1262 1256/1256/1256
f 1263/1263/1263 1262/1262/1262 1254/1254/1254
f 1259/1259/1259 1261/1261/1261 1264/1264/1264
f 1187/1187/1187 1185/1185/1185 1265/1265/1265
f 1189/1189/1189 1185/1185/1185 1187/1187/1187
f 1268/1268/1268 1267/1267/1267 1266/1266/1266
f 1269/1269/1269 1267/1267/1267 1268/1268/1268
f 1222/1222/1222 1266/1266/1266 1220/1220/1220
f 1268/1268/1268 1266/1266/1266 1222/1222/1222
f 1269/1269/1269 1270/1270/1270 1267/1267/1267
f 1271/1271/1271 1270/1270/1270 1269/1269/1269
f 1265/1265/1265 1185/1185/1185 1184/1184/1184
f 1273/1273/1273 1219/1219/1219 1272/1272/1272
f 1221/1221/1221 1219/1219/1219 1273/1273/1273
f 1272/1272/1272 1274/1274/1274 1273/1273/1273
f 1276/1276/1276 1272/1272/1272 1275/1275/1275
f 1278/1278/1278 1272/1272/1272 1277/1277/1277
f 1277/1277/1277 1272/1272/1272 1276/1276/1276
f 1281/1281/1281 1280/1280/1280 1279/1279/1279
f 1282/1282/1282 1280/1280/1280 1281/1281/1281
f 1242/1242/1242 1281/1281/1281 1279/1279/1279
f 1241/1241/1241 1281/1281/1281 1242/1242/1242
f 1285/1285/1285 1284/1284/1284 1283/1283/1283
f 1286/1286/1286 1284/1284/1284 1285/1285/1285
f 1289/1289/1289 1288/1288/1288 1287/1287/1287
f 1290/1290/1290 1288/1288/1288 1289/1289/1289
f 1293/1293/1293 1292/1292/1292 1291/1291/1291
f 1294/1294/1294 1292/1292/1292 1293/1293/1293
f 1288/1288/1288 1296/1296/1296 1295/1295/1295
f 1290/1290/1290 1296/1296/1296 1288/1288/1288
f 1297/1297/1297 1292/1292/1292 1294/1294/1294
f 1300/1300/1300 1299/1299/1299 1298/1298/1298
f 1301/1301/1301 1299/1299/1299 1300/1300/1300
f 1301/1301/1301 1302/1302/1302 1299/1299/1299
f 1303/1303/1303 1302/1302/1302 1301/1301/1301
f 1306/1306/1306 1305/1305/1305 1304/1304/1304
f 1308/1308/1308 1283/1283/1283 1307/1307/1307
f 1285/1285/1285 1283/1283/1283 1308/1308/1308
f 1306/1306/1306 1309/1309/1309 1305/1305/1305
f 1310/1310/1310 1309/1309/1309 1306/1306/1306
f 1174/1174/1174 1276/1276/1276 1275/1275/1275
f 1173/1173/1173 1276/1276/1276 1174/1174/1174
f 1313/1313/1313 1312/1312/1312 1311/1311/1311
f 1314/1314/1314 1312/1312/1312 1313/1313/1313
f 1317/1317/1317 1316/1316/1316 1315/1315/1315
f 1318/1318/1318 1316/1316/1316 1317/1317/1317
f 1319/1319/1319 1312/1312/1312 1314/1314/1314
f 1320/1320/1320 1312/1312/1312 1319/1319/1319
f 1321/1321/1321 1316/1316/1316 1318/1318/1318
f 1124/1124/1124 1144/1144/1144 1126/1126/1126
f 1322/1322/1322 1147/1147/1147 1145/1145/1145
f 1130/1130/1130 1149/1149/1149 1165/1165/1165
f 1165/1165/1165 1151/1151/1151 1150/1150/1150
f 1149/1149/1149 1151/1151/1151 1165/1165/1165
f 1139/1139/1139 1323/1323/1323 1170/1170/1170
f 1111/1111/1111 1139/1139/1139 1170/1170/1170
f 1324/1324/1324 1138/1138/1138 1137/1137/1137
f 1107/1107/1107 1136/1136/1136 1109/1109/1109
f 1325/1325/1325 1270/1270/1270 1271/1271/1271
f 1326/1326/1326 1270/1270/1270 1325/1325/1325
f 1325/1325/1325 1327/1327/1327 1326/1326/1326
f 1328/1328/1328 1327/1327/1327 1325/1325/1325
f 1328/1328/1328 1329/1329/1329 1327/1327/1327
f 1330/1330/1330 1329/1329/1329 1328/1328/1328
f 1330/1330/1330 1331/1331/1331 1329/1329/1329
f 1332/1332/1332 1331/1331/1331 1330/1330/1330
f 1331/1331/1331 1334/1334/1334 1333/1333/1333
f 1332/1332/1332 1334/1334/1334 1331/1331/1331
f 1335/1335/1335 1334/1334/1334 1332/1332/1332
f 1334/1334/1334 1336/1336/1336 1333/1333/1333
f 1337/1337/1337 1336/1336/1336 1334/1334/1334
f 1338/1338/1338 1336/1336/1336 1337/1337/1337
f 1340/1340/1340 1252/1252/1252 1339/1339/1339
f 1253/1253/1253 1252/1252/1252 1340/1340/1340
f 1181/1181/1181 1341/1341/1341 1180/1180/1180
f 1342/1342/1342 1341/1341/1341 1181/1181/1181
f 1342/1342/1342 1343/1343/1343 1341/1341/1341
f 1344/1344/1344 1343/1343/1343 1342/1342/1342
f 1344/1344/1344 1345/1345/1345 1343/1343/1343
f 1346/1346/1346 1345/1345/1345 1344/1344/1344
f 1346/1346/1346 1145/1145/1145 1345/1345/1345
f 1212/1212/1212 1347/1347/1347 1215/1215/1215
f 1348/1348/1348 1347/1347/1347 1212/1212/1212
f 1202/1202/1202 1349/1349/1349 1203/1203/1203
f 1225/1225/1225 1349/1349/1349 1202/1202/1202
f 1203/1203/1203 1350/1350/1350 1207/1207/1207
f 1349/1349/1349 1350/1350/1350 1203/1203/1203
f 1210/1210/1210 1348/1348/1348 1212/1212/1212
f 1351/1351/1351 1348/1348/1348 1210/1210/1210
f 1217/1217/1217 1347/1347/1347 1227/1227/1227
f 1215/1215/1215 1347/1347/1347 1217/1217/1217
f 1210/1210/1210 1352/1352/1352 1351/1351/1351
f 1208/1208/1208 1352/1352/1352 1210/1210/1210
f 1208/1208/1208 1350/1350/1350 1352/1352/1352
f 1207/1207/1207 1350/1350/1350 1208/1208/1208
f 1249/1249/1249 1218/1218/1218 1227/1227/1227
f 1229/1229/1229 1218/1218/1218 1249/1249/1249
f 1345/1345/1345 1146/1146/1146 1353/1353/1353
f 1145/1145/1145 1146/1146/1146 1345/1345/1345
f 1355/1355/1355 1353/1353/1353 1354/1354/1354
f 1345/1345/1345 1353/1353/1353 1355/1355/1355
f 1357/1357/1357 1354/1354/1354 1356/1356/1356
f 1355/1355/1355 1354/1354/1354 1357/1357/1357
f 1359/1359/1359 1356/1356/1356 1358/1358/1358
f 1357/1357/1357 1356/1356/1356 1359/1359/1359
f 1358/1358/1358 1360/1360/1360 1359/1359/1359
f 1361/1361/1361 1360/1360/1360 1358/1358/1358
f 1361/1361/1361 1362/1362/1362 1360/1360/1360
f 1363/1363/1363 1362/1362/1362 1361/1361/1361
f 1363/1363/1363 1364/1364/1364 1362/1362/1362
f 1365/1365/1365 1364/1364/1364 1363/1363/1363
f 1365/1365/1365 1366/1366/1366 1364/1364/1364
f 1367/1367/1367 1366/1366/1366 1365/1365/1365
f 1366/1366/1366 1369/1369/1369 1368/1368/1368
f 1367/1367/1367 1369/1369/1369 1366/1366/1366
f 1369/1369/1369 1370/1370/1370 1368/1368/1368
f 1371/1371/1371 1272/1272/1272 1278/1278/1278
f 1274/1274/1274 1272/1272/1272 1371/1371/1371
f 1374/1374/1374 1373/1373/1373 1372/1372/1372
f 1375/1375/1375 1373/1373/1373 1374/1374/1374
f 1375/1375/1375 1376/1376/1376 1373/1373/1373
f 1377/1377/1377 1376/1376/1376 1375/1375/1375
f 1377/1377/1377 1378/1378/1378 1376/1376/1376
f 1379/1379/1379 1378/1378/1378 1377/1377/1377
f 1379/1379/1379 1380/1380/1380 1378/1378/1378
f 1381/1381/1381 1380/1380/1380 1379/1379/1379
f 1381/1381/1381 1382/1382/1382 1380/1380/1380
f 1383/1383/1383 1382/1382/1382 1381/1381/1381
f 1386/1386/1386 1385/1385/1385 1384/1384/1384
f 1387/1387/1387 1385/1385/1385 1386/1386/1386
f 1387/1387/1387 1388/1388/1388 1385/1385/1385
f 1389/1389/1389 1388/1388/1388 1387/1387/1387
f 1389/1389/1389 1390/1390/1390 1388/1388/1388
f 1391/1391/1391 1390/1390/1390 1389/1389/1389
f 1391/1391/1391 1392/1392/1392 1390/1390/1390
f 1393/1393/1393 1392/1392/1392 1391/1391/1391
f 1393/1393/1393 1394/1394/1394 1392/1392/1392
f 1395/1395/1395 1394/1394/1394 1393/1393/1393
f 1398/1398/1398 1397/1397/1397 1396/1396/1396
f 1399/1399/1399 1397/1397/1397 1398/1398/1398
f 1397/1397/1397 1401/1401/1401 1400/1400/1400
f 1399/1399/1399 1401/1401/1401 1397/1397/1397
f 1404/1404/1404 1403/1403/1403 1402/1402/1402
f 1405/1405/1405 1403/1403/1403 1404/1404/1404
f 1408/1408/1408 1407/1407/1407 1406/1406/1406
f 1409/1409/1409 1407/1407/1407 1408/1408/1408
f 1409/1409/1409 1410/1410/1410 1407/1407/1407
f 1411/1411/1411 1410/1410/1410 1409/1409/1409
f 1414/1414/1414 1413/1413/1413 1412/1412/1412
f 1415/1415/1415 1413/1413/1413 1414/1414/1414
f 1418/1418/1418 1417/1417/1417 1416/1416/1416
f 1419/1419/1419 1417/1417/1417 1418/1418/1418
f 1421/1421/1421 1416/1416/1416 1420/1420/1420
f 1418/1418/1418 1416/1416/1416 1421/1421/1421
f 1423/1423/1423 1420/1420/1420 1422/1422/1422
f 1421/1421/1421 1420/1420/1420 1423/1423/1423
f 1425/1425/1425 1422/1422/1422 1424/1424/1424
f 1423/1423/1423 1422/1422/1422 1425/1425/1425
f 1427/1427/1427 1424/1424/1424 1426/1426/1426
f 1425/1425/1425 1424/1424/1424 1427/1427/1427
f 1430/1430/1430 1429/1429/1429 1428/1428/1428
f 1431/1431/1431 1429/1429/1429 1430/1430/1430
f 1433/1433/1433 1428/1428/1428 1432/1432/1432
f 1430/1430/1430 1428/1428/1428 1433/1433/1433
f 1435/1435/1435 1432/1432/1432 1434/1434/1434
f 1433/1433/1433 1432/1432/1432 1435/1435/1435
f 1437/1437/1437 1434/1434/1434 1436/1436/1436
f 1435/1435/1435 1434/1434/1434 1437/1437/1437
f 1439/1439/1439 1436/1436/1436 1438/1438/1438
f 1437/1437/1437 1436/1436/1436 1439/1439/1439
f 1442/1442/1442 1441/1441/1441 1440/1440/1440
f 1443/1443/1443 1441/1441/1441 1442/1442/1442
f 1441/1441/1441 1445/1445/1445 1444/1444/1444
f 1443/1443/1443 1445/1445/1445 1441/1441/1441
f 1448/1448/1448 1447/1447/1447 1446/1446/1446
f 1449/1449/1449 1447/1447/1447 1448/1448/1448
f 1452/1452/1452 1451/1451/1451 1450/1450/1450
f 1455/1455/1455 1454/1454/1454 1453/1453/1453
f 1456/1456/1456 1454/1454/1454 1455/1455/1455
f 1459/1459/1459 1458/1458/1458 1457/1457/1457
f 1460/1460/1460 1458/1458/1458 1459/1459/1459
f 1458/1458/1458 1462/1462/1462 1461/1461/1461
f 1460/1460/1460 1462/1462/1462 1458/1458/1458
f 1465/1465/1465 1464/1464/1464 1463/1463/1463
f 1466/1466/1466 1464/1464/1464 1465/1465/1465
f 1469/1469/1469 1468/1468/1468 1467/1467/1467
f 1470/1470/1470 1468/1468/1468 1469/1469/1469
f 1471/1471/1471 1443/1443/1443 1442/1442/1442
f 1472/1472/1472 1443/1443/1443 1471/1471/1471
f 1474/1474/1474 1449/1449/1449 1473/1473/1473
f 1474/1474/1474 1447/1447/1447 1449/1449/1449
f 1475/1475/1475 1447/1447/1447 1474/1474/1474
f 1477/1477/1477 1455/1455/1455 1476/1476/1476
f 1477/1477/1477 1456/1456/1456 1455/1455/1455
f 1478/1478/1478 1456/1456/1456 1477/1477/1477
f 1479/1479/1479 1460/1460/1460 1459/1459/1459
f 1480/1480/1480 1460/1460/1460 1479/1479/1479
f 1483/1483/1483 1482/1482/1482 1481/1481/1481
f 1484/1484/1484 1466/1466/1466 1465/1465/1465
f 1485/1485/1485 1466/1466/1466 1484/1484/1484
f 1487/1487/1487 1469/1469/1469 1486/1486/1486
f 1487/1487/1487 1470/1470/1470 1469/1469/1469
f 1488/1488/1488 1470/1470/1470 1487/1487/1487
f 1473/1473/1473 1448/1448/1448 1489/1489/1489
f 1449/1449/1449 1448/1448/1448 1473/1473/1473
f 1476/1476/1476 1453/1453/1453 1490/1490/1490
f 1455/1455/1455 1453/1453/1453 1476/1476/1476
f 1486/1486/1486 1467/1467/1467 1491/1491/1491
f 1469/1469/1469 1467/1467/1467 1486/1486/1486
f 1493/1493/1493 1402/1402/1402 1492/1492/1492
f 1404/1404/1404 1402/1402/1402 1493/1493/1493
f 1495/1495/1495 1412/1412/1412 1494/1494/1494
f 1414/1414/1414 1412/1412/1412 1495/1495/1495
f 1498/1498/1498 1497/1497/1497 1496/1496/1496
f 1500/1500/1500 1486/1486/1486 1499/1499/1499
f 1501/1501/1501 1486/1486/1486 1500/1500/1500
f 1504/1504/1504 1503/1503/1503 1502/1502/1502
f 1447/1447/1447 1505/1505/1505 1446/1446/1446
f 1447/1447/1447 1506/1506/1506 1505/1505/1505
f 1466/1466/1466 1501/1501/1501 1464/1464/1464
f 1509/1509/1509 1508/1508/1508 1507/1507/1507
f 1510/1510/1510 1508/1508/1508 1509/1509/1509
f 1512/1512/1512 1464/1464/1464 1511/1511/1511
f 1463/1463/1463 1464/1464/1464 1512/1512/1512
f 1514/1514/1514 1511/1511/1511 1513/1513/1513
f 1512/1512/1512 1511/1511/1511 1514/1514/1514
f 1515/1515/1515 1514/1514/1514 1513/1513/1513
f 1518/1518/1518 1517/1517/1517 1516/1516/1516
f 1519/1519/1519 1517/1517/1517 1518/1518/1518
f 1520/1520/1520 1519/1519/1519 1518/1518/1518
f 1521/1521/1521 1519/1519/1519 1520/1520/1520
f 1524/1524/1524 1523/1523/1523 1522/1522/1522
f 1525/1525/1525 1523/1523/1523 1524/1524/1524
f 1528/1528/1528 1527/1527/1527 1526/1526/1526
f 1529/1529/1529 1527/1527/1527 1528/1528/1528
f 1527/1527/1527 1524/1524/1524 1522/1522/1522
f 1529/1529/1529 1524/1524/1524 1527/1527/1527
f 1532/1532/1532 1531/1531/1531 1530/1530/1530
f 1533/1533/1533 1531/1531/1531 1532/1532/1532
f 1526/1526/1526 1533/1533/1533 1528/1528/1528
f 1531/1531/1531 1533/1533/1533 1526/1526/1526
f 1535/1535/1535 1530/1530/1530 1534/1534/1534
f 1532/1532/1532 1530/1530/1530 1535/1535/1535
f 1448/1448/1448 1534/1534/1534 1489/1489/1489
f 1535/1535/1535 1534/1534/1534 1448/1448/1448
f 1538/1538/1538 1537/1537/1537 1536/1536/1536
f 1539/1539/1539 1537/1537/1537 1538/1538/1538
f 1538/1538/1538 1536/1536/1536 1540/1540/1540
f 1543/1543/1543 1542/1542/1542 1541/1541/1541
f 1544/1544/1544 1542/1542/1542 1543/1543/1543
f 1539/1539/1539 1541/1541/1541 1537/1537/1537
f 1543/1543/1543 1541/1541/1541 1539/1539/1539
f 1544/1544/1544 1545/1545/1545 1542/1542/1542
f 1546/1546/1546 1545/1545/1545 1544/1544/1544
f 1546/1546/1546 1547/1547/1547 1545/1545/1545
f 1548/1548/1548 1547/1547/1547 1546/1546/1546
f 1548/1548/1548 1550/1550/1550 1549/1549/1549
f 1551/1551/1551 1550/1550/1550 1548/1548/1548
f 1548/1548/1548 1549/1549/1549 1547/1547/1547
f 1551/1551/1551 1552/1552/1552 1550/1550/1550
f 1553/1553/1553 1552/1552/1552 1551/1551/1551
f 1553/1553/1553 1554/1554/1554 1552/1552/1552
f 1557/1557/1557 1556/1556/1556 1555/1555/1555
f 1558/1558/1558 1556/1556/1556 1557/1557/1557
f 1446/1446/1446 1540/1540/1540 1448/1448/1448
f 1559/1559/1559 1540/1540/1540 1446/1446/1446
f 1559/1559/1559 1538/1538/1538 1540/1540/1540
f 1560/1560/1560 1538/1538/1538 1559/1559/1559
f 1561/1561/1561 1538/1538/1538 1560/1560/1560
f 1505/1505/1505 1559/1559/1559 1446/1446/1446
f 1562/1562/1562 1559/1559/1559 1505/1505/1505
f 1562/1562/1562 1560/1560/1560 1559/1559/1559
f 1563/1563/1563 1554/1554/1554 1553/1553/1553
f 1566/1566/1566 1565/1565/1565 1564/1564/1564
f 1554/1554/1554 1565/1565/1565 1566/1566/1566
f 1569/1569/1569 1568/1568/1568 1567/1567/1567
f 1570/1570/1570 1568/1568/1568 1569/1569/1569
f 1567/1567/1567 1572/1572/1572 1571/1571/1571
f 1568/1568/1568 1572/1572/1572 1567/1567/1567
f 1575/1575/1575 1574/1574/1574 1573/1573/1573
f 1576/1576/1576 1574/1574/1574 1575/1575/1575
f 1573/1573/1573 1570/1570/1570 1569/1569/1569
f 1574/1574/1574 1570/1570/1570 1573/1573/1573
f 1577/1577/1577 1576/1576/1576 1575/1575/1575
f 1578/1578/1578 1576/1576/1576 1577/1577/1577
f 1581/1581/1581 1580/1580/1580 1579/1579/1579
f 1582/1582/1582 1580/1580/1580 1581/1581/1581
f 1583/1583/1583 1582/1582/1582 1581/1581/1581
f 1584/1584/1584 1582/1582/1582 1583/1583/1583
f 1583/1583/1583 1572/1572/1572 1584/1584/1584
f 1571/1571/1571 1572/1572/1572 1583/1583/1583
f 1563/1563/1563 1580/1580/1580 1585/1585/1585
f 1579/1579/1579 1580/1580/1580 1563/1563/1563
f 1588/1588/1588 1587/1587/1587 1586/1586/1586
f 1589/1589/1589 1587/1587/1587 1588/1588/1588
f 1592/1592/1592 1591/1591/1591 1590/1590/1590
f 1593/1593/1593 1591/1591/1591 1592/1592/1592
f 1596/1596/1596 1595/1595/1595 1594/1594/1594
f 1597/1597/1597 1595/1595/1595 1596/1596/1596
f 1590/1590/1590 1598/1598/1598 1592/1592/1592
f 1599/1599/1599 1598/1598/1598 1590/1590/1590
f 1595/1595/1595 1597/1597/1597 1600/1600/1600
f 1523/1523/1523 1521/1521/1521 1601/1601/1601
f 1525/1525/1525 1521/1521/1521 1523/1523/1523
f 1604/1604/1604 1603/1603/1603 1602/1602/1602
f 1605/1605/1605 1603/1603/1603 1604/1604/1604
f 1558/1558/1558 1602/1602/1602 1556/1556/1556
f 1604/1604/1604 1602/1602/1602 1558/1558/1558
f 1605/1605/1605 1606/1606/1606 1603/1603/1603
f 1607/1607/1607 1606/1606/1606 1605/1605/1605
f 1601/1601/1601 1521/1521/1521 1520/1520/1520
f 1609/1609/1609 1555/1555/1555 1608/1608/1608
f 1557/1557/1557 1555/1555/1555 1609/1609/1609
f 1608/1608/1608 1610/1610/1610 1609/1609/1609
f 1612/1612/1612 1608/1608/1608 1611/1611/1611
f 1614/1614/1614 1608/1608/1608 1613/1613/1613
f 1613/1613/1613 1608/1608/1608 1612/1612/1612
f 1617/1617/1617 1616/1616/1616 1615/1615/1615
f 1618/1618/1618 1616/1616/1616 1617/1617/1617
f 1578/1578/1578 1617/1617/1617 1615/1615/1615
f 1577/1577/1577 1617/1617/1617 1578/1578/1578
f 1621/1621/1621 1620/1620/1620 1619/1619/1619
f 1622/1622/1622 1620/1620/1620 1621/1621/1621
f 1625/1625/1625 1624/1624/1624 1623/1623/1623
f 1626/1626/1626 1624/1624/1624 1625/1625/1625
f 1629/1629/1629 1628/1628/1628 1627/1627/1627
f 1630/1630/1630 1628/1628/1628 1629/1629/1629
f 1624/1624/1624 1632/1632/1632 1631/1631/1631
f 1626/1626/1626 1632/1632/1632 1624/1624/1624
f 1633/1633/1633 1628/1628/1628 1630/1630/1630
f 1636/1636/1636 1635/1635/1635 1634/1634/1634
f 1637/1637/1637 1635/1635/1635 1636/1636/1636
f 1637/1637/1637 1638/1638/1638 1635/1635/1635
f 1639/1639/1639 1638/1638/1638 1637/1637/1637
f 1642/1642/1642 1641/1641/1641 1640/1640/1640
f 1644/1644/1644 1619/1619/1619 1643/1643/1643
f 1621/1621/1621 1619/1619/1619 1644/1644/1644
f 1642/1642/1642 1645/1645/1645 1641/1641/1641
f 1646/1646/1646 1645/1645/1645 1642/1642/1642
f 1510/1510/1510 1612/1612/1612 1611/1611/1611
f 1509/1509/1509 1612/1612/1612 1510/1510/1510
f 1649/1649/1649 1648/1648/1648 1647/1647/1647
f 1650/1650/1650 1648/1648/1648 1649/1649/1649
f 1653/1653/1653 1652/1652/1652 1651/1651/1651
f 1654/1654/1654 1652/1652/1652 1653/1653/1653
f 1655/1655/1655 1648/1648/1648 1650/1650/1650
f 1656/1656/1656 1648/1648/1648 1655/1655/1655
f 1657/1657/1657 1652/1652/1652 1654/1654/1654
f 1460/1460/1460 1480/1480/1480 1462/1462/1462
f 1658/1658/1658 1483/1483/1483 1481/1481/1481
f 1466/1466/1466 1485/1485/1485 1501/1501/1501
f 1501/1501/1501 1487/1487/1487 1486/1486/1486
f 1485/1485/1485 1487/1487/1487 1501/1501/1501
f 1475/1475/1475 1659/1659/1659 1506/1506/1506
f 1447/1447/1447 1475/1475/1475 1506/1506/1506
f 1660/1660/1660 1474/1474/1474 1473/1473/1473
f 1443/1443/1443 1472/1472/1472 1445/1445/1445
f 1661/1661/1661 1606/1606/1606 1607/1607/1607
f 1662/1662/1662 1606/1606/1606 1661/1661/1661
f 1661/1661/1661 1663/1663/1663 1662/1662/1662
f 1664/1664/1664 1663/1663/1663 1661/1661/1661
f 1664/1664/1664 1665/1665/1665 1663/1663/1663
f 1666/1666/1666 1665/1665/1665 1664/1664/1664
f 1666/1666/1666 1667/1667/1667 1665/1665/1665
f 1668/1668/1668 1667/1667/1667 1666/1666/1666
f 1667/1667/1667 1670/1670/1670 1669/1669/1669
f 1668/1668/1668 1670/1670/1670 1667/1667/1667
f 1671/1671/1671 1670/1670/1670 1668/1668/1668
f 1670/1670/1670 1672/1672/1672 1669/1669/1669
f 1673/1673/1673 1672/1672/1672 1670/1670/1670
f 1674/1674/1674 1672/1672/1672 1673/1673/1673
f 1674/1674/1674 1588/1588/1588 1675/1675/1675
f 1589/1589/1589 1588/1588/1588 1674/1674/1674
f 1517/1517/1517 1676/1676/1676 1516/1516/1516
f 1677/1677/1677 1676/1676/1676 1517/1517/1517
f 1677/1677/1677 1678/1678/1678 1676/1676/1676
f 1679/1679/1679 1678/1678/1678 1677/1677/1677
f 1679/1679/1679 1680/1680/1680 1678/1678/1678
f 1681/1681/1681 1680/1680/1680 1679/1679/1679
f 1681/1681/1681 1481/1481/1481 1680/1680/1680
f 1548/1548/1548 1682/1682/1682 1551/1551/1551
f 1683/1683/1683 1682/1682/1682 1548/1548/1548
f 1538/1538/1538 1684/1684/1684 1539/1539/1539
f 1561/1561/1561 1684/1684/1684 1538/1538/1538
f 1539/1539/1539 1685/1685/1685 1543/1543/1543
f 1684/1684/1684 1685/1685/1685 1539/1539/1539
f 1546/1546/1546 1683/1683/1683 1548/1548/1548
f 1686/1686/1686 1683/1683/1683 1546/1546/1546
f 1553/1553/1553 1682/1682/1682 1563/1563/1563
f 1551/1551/1551 1682/1682/1682 1553/1553/1553
f 1546/1546/1546 1687/1687/1687 1686/1686/1686
f 1544/1544/1544 1687/1687/1687 1546/1546/1546
f 1544/1544/1544 1685/1685/1685 1687/1687/1687
f 1543/1543/1543 1685/1685/1685 1544/1544/1544
f 1585/1585/1585 1554/1554/1554 1563/1563/1563
f 1565/1565/1565 1554/1554/1554 1585/1585/1585
f 1680/1680/1680 1482/1482/1482 1688/1688/1688
f 1481/1481/1481 1482/1482/1482 1680/1680/1680
f 1690/1690/1690 1688/1688/1688 1689/1689/1689
f 1680/1680/1680 1688/1688/1688 1690/1690/1690
f 1692/1692/1692 1689/1689/1689 1691/1691/1691
f 1690/1690/1690 1689/1689/1689 1692/1692/1692
f 1694/1694/1694 1691/1691/1691 1693/1693/1693
f 1692/1692/1692 1691/1691/1691 1694/1694/1694
f 1693/1693/1693 1695/1695/1695 1694/1694/1694
f 1696/1696/1696 1695/1695/1695 1693/1693/1693
f 1696/1696/1696 1697/1697/1697 1695/1695/1695
f 1698/1698/1698 1697/1697/1697 1696/1696/1696
f 1698/1698/1698 1699/1699/1699 1697/1697/1697
f 1700/1700/1700 1699/1699/1699 1698/1698/1698
f 1700/1700/1700 1701/1701/1701 1699/1699/1699
f 1702/1702/1702 1701/1701/1701 1700/1700/1700
f 1701/1701/1701 1704/1704/1704 1703/1703/1703
f 1702/1702/1702 1704/1704/1704 1701/1701/1701
f 1704/1704/1704 1705/1705/1705 1703/1703/1703
f 1706/1706/1706 1608/1608/1608 1614/1614/1614
f 1610/1610/1610 1608/1608/1608 1706/1706/1706
f 1709/1709/1709 1708/1708/1708 1707/1707/1707
f 1710/1710/1710 1708/1708/1708 1709/1709/1709
f 1710/1710/1710 1711/1711/1711 1708/1708/1708
f 1712/1712/1712 1711/1711/1711 1710/1710/1710
f 1712/1712/1712 1713/1713/1713 1711/1711/1711
f 1714/1714/1714 1713/1713/1713 1712/1712/1712
f 1714/1714/1714 1715/1715/1715 1713/1713/1713
f 1716/1716/1716 1715/1715/1715 1714/1714/1714
f 1716/1716/1716 1717/1717/1717 1715/1715/1715
f 1718/1718/1718 1717/1717/1717 1716/1716/1716
f 1721/1721/1721 1720/1720/1720 1719/1719/1719
f 1722/1722/1722 1720/1720/1720 1721/1721/1721
f 1722/1722/1722 1723/1723/1723 1720/1720/1720
f 1724/1724/1724 1723/1723/1723 1722/1722/1722
f 1724/1724/1724 1725/1725/1725 1723/1723/1723
f 1726/1726/1726 1725/1725/1725 1724/1724/1724
f 1726/1726/1726 1727/1727/1727 1725/1725/1725
f 1728/1728/1728 1727/1727/1727 1726/1726/1726
f 1728/1728/1728 1729/1729/1729 1727/1727/1727
f 1730/1730/1730 1729/1729/1729 1728/1728/1728
f 1733/1733/1733 1732/1732/1732 1731/1731/1731
f 1734/1734/1734 1732/1732/1732 1733/1733/1733
f 1737/1737/1737 1736/1736/1736 1735/1735/1735
f 1738/1738/1738 1736/1736/1736 1737/1737/1737
f 1741/1741/1741 1740/1740/1740 1739/1739/1739
f 1734/1734/1734 1742/1742/1742 1732/1732/1732
f 1743/1743/1743 1742/1742/1742 1734/1734/1734
f 1740/1740/1740 1744/1744/1744 1739/1739/1739
f 1747/1747/1747 1746/1746/1746 1745/1745/1745
f 1748/1748/1748 1746/1746/1746 1747/1747/1747
f 1750/1750/1750 1740/1740/1740 1749/1749/1749
f 1743/1743/1743 1751/1751/1751 1742/1742/1742
f 1752/1752/1752 1751/1751/1751 1743/1743/1743
f 1754/1754/1754 1752/1752/1752 1753/1753/1753
f 1751/1751/1751 1752/1752/1752 1754/1754/1754
f 1756/1756/1756 1748/1748/1748 1755/1755/1755
f 1746/1746/1746 1748/1748/1748 1756/1756/1756
f 1750/1750/1750 1744/1744/1744 1740/1740/1740
f 1759/1759/1759 1758/1758/1758 1757/1757/1757
f 1760/1760/1760 1758/1758/1758 1759/1759/1759
f 1737/1737/1737 1756/1756/1756 1761/1761/1761
f 1735/1735/1735 1756/1756/1756 1737/1737/1737
f 1758/1758/1758 1763/1763/1763 1762/1762/1762
f 1760/1760/1760 1763/1763/1763 1758/1758/1758
f 1764/1764/1764 1756/1756/1756 1755/1755/1755
f 1765/1765/1765 1756/1756/1756 1764/1764/1764
f 1766/1766/1766 1758/1758/1758 1762/1762/1762
f 1767/1767/1767 1758/1758/1758 1766/1766/1766
f 1757/1757/1757 1767/1767/1767 1768/1768/1768
f 1758/1758/1758 1767/1767/1767 1757/1757/1757
f 1756/1756/1756 1769/1769/1769 1761/1761/1761
f 1765/1765/1765 1769/1769/1769 1756/1756/1756
f 1765/1765/1765 1759/1759/1759 1757/1757/1757
f 1764/1764/1764 1759/1759/1759 1765/1765/1765
f 1757/1757/1757 1769/1769/1769 1765/1765/1765
f 1768/1768/1768 1769/1769/1769 1757/1757/1757
f 1772/1772/1772 1771/1771/1771 1770/1770/1770
f 1773/1773/1773 1771/1771/1771 1772/1772/1772
f 1771/1771/1771 1775/1775/1775 1774/1774/1774
f 1773/1773/1773 1775/1775/1775 1771/1771/1771
f 1775/1775/1775 1776/1776/1776 1774/1774/1774
f 1777/1777/1777 1776/1776/1776 1775/1775/1775
f 1777/1777/1777 1778/1778/1778 1776/1776/1776
f 1779/1779/1779 1778/1778/1778 1777/1777/1777
f 1779/1779/1779 1780/1780/1780 1778/1778/1778
f 1781/1781/1781 1780/1780/1780 1779/1779/1779
f 1781/1781/1781 1782/1782/1782 1780/1780/1780
f 1783/1783/1783 1782/1782/1782 1781/1781/1781
f 1783/1783/1783 1784/1784/1784 1782/1782/1782
f 1785/1785/1785 1784/1784/1784 1783/1783/1783
f 1785/1785/1785 1786/1786/1786 1784/1784/1784
f 1787/1787/1787 1786/1786/1786 1785/1785/1785
f 1787/1787/1787 1788/1788/1788 1786/1786/1786
f 1789/1789/1789 1788/1788/1788 1787/1787/1787
f 1789/1789/1789 1790/1790/1790 1788/1788/1788
f 1791/1791/1791 1790/1790/1790 1789/1789/1789
f 1791/1791/1791 1792/1792/1792 1790/1790/1790
f 1793/1793/1793 1792/1792/1792 1791/1791/1791
f 1795/1795/1795 1793/1793/1793 1794/1794/1794
f 1792/1792/1792 1793/1793/1793 1795/1795/1795
f 1798/1798/1798 1797/1797/1797 1796/1796/1796
f 1799/1799/1799 1797/1797/1797 1798/1798/1798
f 1802/1802/1802 1801/1801/1801 1800/1800/1800
f 1803/1803/1803 1801/1801/1801 1802/1802/1802
f 1805/1805/1805 1740/1740/1740 1804/1804/1804
f 1799/1799/1799 1806/1806/1806 1797/1797/1797
f 1807/1807/1807 1806/1806/1806 1799/1799/1799
f 1740/1740/1740 1808/1808/1808 1804/1804/1804
f 1738/1738/1738 1809/1809/1809 1736/1736/1736
f 1810/1810/1810 1809/1809/1809 1738/1738/1738
f 1811/1811/1811 1740/1740/1740 1741/1741/1741
f 1807/1807/1807 1812/1812/1812 1806/1806/1806
f 1813/1813/1813 1812/1812/1812 1807/1807/1807
f 1731/1731/1731 1813/1813/1813 1733/1733/1733
f 1812/1812/1812 1813/1813/1813 1731/1731/1731
f 1815/1815/1815 1810/1810/1810 1814/1814/1814
f 1809/1809/1809 1810/1810/1810 1815/1815/1815
f 1811/1811/1811 1808/1808/1808 1740/1740/1740
f 1818/1818/1818 1817/1817/1817 1816/1816/1816
f 1819/1819/1819 1817/1817/1817 1818/1818/1818
f 1802/1802/1802 1815/1815/1815 1820/1820/1820
f 1800/1800/1800 1815/1815/1815 1802/1802/1802
f 1817/1817/1817 1822/1822/1822 1821/1821/1821
f 1819/1819/1819 1822/1822/1822 1817/1817/1817
f 1823/1823/1823 1815/1815/1815 1814/1814/1814
f 1824/1824/1824 1815/1815/1815 1823/1823/1823
f 1825/1825/1825 1817/1817/1817 1821/1821/1821
f 1826/1826/1826 1817/1817/1817 1825/1825/1825
f 1816/1816/1816 1826/1826/1826 1827/1827/1827
f 1817/1817/1817 1826/1826/1826 1816/1816/1816
f 1815/1815/1815 1828/1828/1828 1820/1820/1820
f 1824/1824/1824 1828/1828/1828 1815/1815/1815
f 1824/1824/1824 1818/1818/1818 1816/1816/1816
f 1823/1823/1823 1818/1818/1818 1824/1824/1824
f 1816/1816/1816 1828/1828/1828 1824/1824/1824
f 1827/1827/1827 1828/1828/1828 1816/1816/1816
f 1831/1831/1831 1830/1830/1830 1829/1829/1829
f 1832/1832/1832 1830/1830/1830 1831/1831/1831
f 1830/1830/1830 1834/1834/1834 1833/1833/1833
f 1832/1832/1832 1834/1834/1834 1830/1830/1830
f 1834/1834/1834 1835/1835/1835 1833/1833/1833
f 1836/1836/1836 1835/1835/1835 1834/1834/1834
f 1836/1836/1836 1837/1837/1837 1835/1835/1835
f 1838/1838/1838 1837/1837/1837 1836/1836/1836
f 1838/1838/1838 1839/1839/1839 1837/1837/1837
f 1840/1840/1840 1839/1839/1839 1838/1838/1838
f 1840/1840/1840 1841/1841/1841 1839/1839/1839
f 1842/1842/1842 1841/1841/1841 1840/1840/1840
f 1842/1842/1842 1843/1843/1843 1841/1841/1841
f 1844/1844/1844 1843/1843/1843 1842/1842/1842
f 1844/1844/1844 1845/1845/1845 1843/1843/1843
f 1846/1846/1846 1845/1845/1845 1844/1844/1844
f 1846/1846/1846 1847/1847/1847 1845/1845/1845
f 1848/1848/1848 1847/1847/1847 1846/1846/1846
f 1848/1848/1848 1849/1849/1849 1847/1847/1847
f 1850/1850/1850 1849/1849/1849 1848/1848/1848
f 1850/1850/1850 1851/1851/1851 1849/1849/1849
f 1852/1852/1852 1851/1851/1851 1850/1850/1850
f 1854/1854/1854 1852/1852/1852 1853/1853/1853
f 1851/1851/1851 1852/1852/1852 1854/1854/1854
f 1753/1753/1753 1855/1855/1855 1754/1754/1754
f 1856/1856/1856 1855/1855/1855 1753/1753/1753
f 1858/1858/1858 1745/1745/1745 1857/1857/1857
f 1747/1747/1747 1745/1745/1745 1858/1858/1858
f 1749/1749/1749 1740/1740/1740 1859/1859/1859
f 1856/1856/1856 1860/1860/1860 1855/1855/1855
f 1861/1861/1861 1860/1860/1860 1856/1856/1856
f 1740/1740/1740 1862/1862/1862 1859/1859/1859
f 1865/1865/1865 1864/1864/1864 1863/1863/1863
f 1866/1866/1866 1864/1864/1864 1865/1865/1865
f 1868/1868/1868 1740/1740/1740 1867/1867/1867
f 1861/1861/1861 1869/1869/1869 1860/1860/1860
f 1870/1870/1870 1869/1869/1869 1861/1861/1861
f 1872/1872/1872 1870/1870/1870 1871/1871/1871
f 1869/1869/1869 1870/1870/1870 1872/1872/1872
f 1874/1874/1874 1866/1866/1866 1873/1873/1873
f 1864/1864/1864 1866/1866/1866 1874/1874/1874
f 1868/1868/1868 1862/1862/1862 1740/1740/1740
f 1877/1877/1877 1876/1876/1876 1875/1875/1875
f 1878/1878/1878 1876/1876/1876 1877/1877/1877
f 1858/1858/1858 1874/1874/1874 1879/1879/1879
f 1857/1857/1857 1874/1874/1874 1858/1858/1858
f 1876/1876/1876 1881/1881/1881 1880/1880/1880
f 1878/1878/1878 1881/1881/1881 1876/1876/1876
f 1882/1882/1882 1874/1874/1874 1873/1873/1873
f 1883/1883/1883 1874/1874/1874 1882/1882/1882
f 1884/1884/1884 1876/1876/1876 1880/1880/1880
f 1885/1885/1885 1876/1876/1876 1884/1884/1884
f 1875/1875/1875 1885/1885/1885 1886/1886/1886
f 1876/1876/1876 1885/1885/1885 1875/1875/1875
f 1874/1874/1874 1887/1887/1887 1879/1879/1879
f 1883/1883/1883 1887/1887/1887 1874/1874/1874
f 1883/1883/1883 1877/1877/1877 1875/1875/1875
f 1882/1882/1882 1877/1877/1877 1883/1883/1883
f 1875/1875/1875 1887/1887/1887 1883/1883/1883
f 1886/1886/1886 1887/1887/1887 1875/1875/1875
f 1890/1890/1890 1889/1889/1889 1888/1888/1888
f 1891/1891/1891 1889/1889/1889 1890/1890/1890
f 1889/1889/1889 1893/1893/1893 1892/1892/1892
f 1891/1891/1891 1893/1893/1893 1889/1889/1889
f 1893/1893/1893 1894/1894/1894 1892/1892/1892
f 1895/1895/1895 1894/1894/1894 1893/1893/1893
f 1895/1895/1895 1896/1896/1896 1894/1894/1894
f 1897/1897/1897 1896/1896/1896 1895/1895/1895
f 1897/1897/1897 1898/1898/1898 1896/1896/1896
f 1899/1899/1899 1898/1898/1898 1897/1897/1897
f 1899/1899/1899 1900/1900/1900 1898/1898/1898
f 1901/1901/1901 1900/1900/1900 1899/1899/1899
f 1901/1901/1901 1902/1902/1902 1900/1900/1900
f 1903/1903/1903 1902/1902/1902 1901/1901/1901
f 1903/1903/1903 1904/1904/1904 1902/1902/1902
f 1905/1905/1905 1904/1904/1904 1903/1903/1903
f 1905/1905/1905 1906/1906/1906 1904/1904/1904
f 1907/1907/1907 1906/1906/1906 1905/1905/1905
f 1907/1907/1907 1908/1908/1908 1906/1906/1906
f 1909/1909/1909 1908/1908/1908 1907/1907/1907
f 1909/1909/1909 1910/1910/1910 1908/1908/1908
f 1911/1911/1911 1910/1910/1910 1909/1909/1909
f 1913/1913/1913 1911/1911/1911 1912/1912/1912
f 1910/1910/1910 1911/1911/1911 1913/1913/1913
f 1871/1871/1871 1914/1914/1914 1872/1872/1872
f 1915/1915/1915 1914/1914/1914 1871/1871/1871
f 1917/1917/1917 1863/1863/1863 1916/1916/1916
f 1865/1865/1865 1863/1863/1863 1917/1917/1917
f 1867/1867/1867 1740/1740/1740 1918/1918/1918
f 1915/1915/1915 1919/1919/1919 1914/1914/1914
f 1920/1920/1920 1919/1919/1919 1915/1915/1915
f 1740/1740/1740 1921/1921/1921 1918/1918/1918
f 1924/1924/1924 1923/1923/1923 1922/1922/1922
f 1925/1925/1925 1923/1923/1923 1924/1924/1924
f 1927/1927/1927 1740/1740/1740 1926/1926/1926
f 1920/1920/1920 1928/1928/1928 1919/1919/1919
f 1929/1929/1929 1928/1928/1928 1920/1920/1920
f 1931/1931/1931 1929/1929/1929 1930/1930/1930
f 1928/1928/1928 1929/1929/1929 1931/1931/1931
f 1933/1933/1933 1925/1925/1925 1932/1932/1932
f 1923/1923/1923 1925/1925/1925 1933/1933/1933
f 1927/1927/1927 1921/1921/1921 1740/1740/1740
f 1936/1936/1936 1935/1935/1935 1934/1934/1934
f 1937/1937/1937 1935/1935/1935 1936/1936/1936
f 1917/1917/1917 1933/1933/1933 1938/1938/1938
f 1916/1916/1916 1933/1933/1933 1917/1917/1917
f 1935/1935/1935 1940/1940/1940 1939/1939/1939
f 1937/1937/1937 1940/1940/1940 1935/1935/1935
f 1941/1941/1941 1933/1933/1933 1932/1932/1932
f 1942/1942/1942 1933/1933/1933 1941/1941/1941
f 1943/1943/1943 1935/1935/1935 1939/1939/1939
f 1944/1944/1944 1935/1935/1935 1943/1943/1943
f 1934/1934/1934 1944/1944/1944 1945/1945/1945
f 1935/1935/1935 1944/1944/1944 1934/1934/1934
f 1933/1933/1933 1946/1946/1946 1938/1938/1938
f 1942/1942/1942 1946/1946/1946 1933/1933/1933
f 1942/1942/1942 1936/1936/1936 1934/1934/1934
f 1941/1941/1941 1936/1936/1936 1942/1942/1942
f 1934/1934/1934 1946/1946/1946 1942/1942/1942
f 1945/1945/1945 1946/1946/1946 1934/1934/1934
f 1949/1949/1949 1948/1948/1948 1947/1947/1947
f 1950/1950/1950 1948/1948/1948 1949/1949/1949
f 1948/1948/1948 1952/1952/1952 1951/1951/1951
f 1950/1950/1950 1952/1952/1952 1948/1948/1948
f 1952/1952/1952 1953/1953/1953 1951/1951/1951
f 1954/1954/1954 1953/1953/1953 1952/1952/1952
f 1954/1954/1954 1955/1955/1955 1953/1953/1953
f 1956/1956/1956 1955/1955/1955 1954/1954/1954
f 1956/1956/1956 1957/1957/1957 1955/1955/1955
f 1958/1958/1958 1957/1957/1957 1956/1956/1956
f 1958/1958/1958 1959/1959/1959 1957/1957/1957
f 1960/1960/1960 1959/1959/1959 1958/1958/1958
f 1960/1960/1960 1961/1961/1961 1959/1959/1959
f 1962/1962/1962 1961/1961/1961 1960/1960/1960
f 1962/1962/1962 1963/1963/1963 1961/1961/1961
f 1964/1964/1964 1963/1963/1963 1962/1962/1962
f 1964/1964/1964 1965/1965/1965 1963/1963/1963
f 1966/1966/1966 1965/1965/1965 1964/1964/1964
f 1966/1966/1966 1967/1967/1967 1965/1965/1965
f 1968/1968/1968 1967/1967/1967 1966/1966/1966
f 1968/1968/1968 1969/1969/1969 1967/1967/1967
f 1970/1970/1970 1969/1969/1969 1968/1968/1968
f 1972/1972/1972 1970/1970/1970 1971/1971/1971
f 1969/1969/1969 1970/1970/1970 1972/1972/1972
f 1930/1930/1930 1973/1973/1973 1931/1931/1931
f 1974/1974/1974 1973/1973/1973 1930/1930/1930
f 1976/1976/1976 1922/1922/1922 1975/1975/1975
f 1924/1924/1924 1922/1922/1922 1976/1976/1976
f 1926/1926/1926 1740/1740/1740 1977/1977/1977
f 1974/1974/1974 1978/1978/1978 1973/1973/1973
f 1979/1979/1979 1978/1978/1978 1974/1974/1974
f 1740/1740/1740 1980/1980/1980 1977/1977/1977
f 1803/1803/1803 1981/1981/1981 1801/1801/1801
f 1982/1982/1982 1981/1981/1981 1803/1803/1803
f 1983/1983/1983 1740/1740/1740 1805/1805/1805
f 1979/1979/1979 1984/1984/1984 1978/1978/1978
f 1985/1985/1985 1984/1984/1984 1979/1979/1979
f 1796/1796/1796 1985/1985/1985 1798/1798/1798
f 1984/1984/1984 1985/1985/1985 1796/1796/1796
f 1987/1987/1987 1982/1982/1982 1986/1986/1986
f 1981/1981/1981 1982/1982/1982 1987/1987/1987
f 1983/1983/1983 1980/1980/1980 1740/1740/1740
f 1990/1990/1990 1989/1989/1989 1988/1988/1988
f 1991/1991/1991 1989/1989/1989 1990/1990/1990
f 1976/1976/1976 1987/1987/1987 1992/1992/1992
f 1975/1975/1975 1987/1987/1987 1976/1976/1976
f 1989/1989/1989 1994/1994/1994 1993/1993/1993
f 1991/1991/1991 1994/1994/1994 1989/1989/1989
f 1995/1995/1995 1987/1987/1987 1986/1986/1986
f 1996/1996/1996 1987/1987/1987 1995/1995/1995
f 1997/1997/1997 1989/1989/1989 1993/1993/1993
f 1998/1998/1998 1989/1989/1989 1997/1997/1997
f 1988/1988/1988 1998/1998/1998 1999/1999/1999
f 1989/1989/1989 1998/1998/1998 1988/1988/1988
f 1987/1987/1987 2000/2000/2000 1992/1992/1992
f 1996/1996/1996 2000/2000/2000 1987/1987/1987
f 1996/1996/1996 1990/1990/1990 1988/1988/1988
f 1995/1995/1995 1990/1990/1990 1996/1996/1996
f 1988/1988/1988 2000/2000/2000 1996/1996/1996
f 1999/1999/1999 2000/2000/2000 1988/1988/1988
f 2003/2003/2003 2002/2002/2002 2001/2001/2001
f 2004/2004/2004 2002/2002/2002 2003/2003/2003
f 2002/2002/2002 2006/2006/2006 2005/2005/2005
f 2004/2004/2004 2006/2006/2006 2002/2002/2002
f 2006/2006/2006 2007/2007/2007 2005/2005/2005
f 2008/2008/2008 2007/2007/2007 2006/2006/2006
f 2008/2008/2008 2009/2009/2009 2007/2007/2007
f 2010/2010/2010 2009/2009/2009 2008/2008/2008
f 2010/2010/2010 2011/2011/2011 2009/2009/2009
f 2012/2012/2012 2011/2011/2011 2010/2010/2010
f 2012/2012/2012 2013/2013/2013 2011/2011/2011
f 2014/2014/2014 2013/2013/2013 2012/2012/2012
f 2014/2014/2014 2015/2015/2015 2013/2013/2013
f 2016/2016/2016 2015/2015/2015 2014/2014/2014
f 2016/2016/2016 2017/2017/2017 2015/2015/2015
f 2018/2018/2018 2017/2017/2017 2016/2016/2016
f 2018/2018/2018 2019/2019/2019 2017/2017/2017
f 2020/2020/2020 2019/2019/2019 2018/2018/2018
f 2020/2020/2020 2021/2021/2021 2019/2019/2019
f 2022/2022/2022 2021/2021/2021 2020/2020/2020
f 2022/2022/2022 2023/2023/2023 2021/2021/2021
f 2024/2024/2024 2023/2023/2023 2022/2022/2022
f 2026/2026/2026 2024/2024/2024 2025/2025/2025
f 2023/2023/2023 2024/2024/2024 2026/2026/2026
f 2029/2029/2029 2028/2028/2028 2027/2027/2027
f 2030/2030/2030 2028/2028/2028 2029/2029/2029
f 2030/2030/2030 2031/2031/2031 2028/2028/2028
f 2032/2032/2032 2031/2031/2031 2030/2030/2030
f 2031/2031/2031 2034/2034/2034 2033/2033/2033
f 2032/2032/2032 2034/2034/2034 2031/2031/2031
f 2034/2034/2034 2035/2035/2035 2033/2033/2033
f 2036/2036/2036 2035/2035/2035 2034/2034/2034
f 2036/2036/2036 2037/2037/2037 2035/2035/2035
f 2038/2038/2038 2037/2037/2037 2036/2036/2036
f 2038/2038/2038 2039/2039/2039 2037/2037/2037
f 2040/2040/2040 2039/2039/2039 2038/2038/2038
f 2039/2039/2039 2042/2042/2042 2041/2041/2041
f 2040/2040/2040 2042/2042/2042 2039/2039/2039
f 2042/2042/2042 2043/2043/2043 2041/2041/2041
f 2044/2044/2044 2043/2043/2043 2042/2042/2042
f 2044/2044/2044 2045/2045/2045 2043/2043/2043
f 2046/2046/2046 2045/2045/2045 2044/2044/2044
f 2046/2046/2046 2047/2047/2047 2045/2045/2045
f 2048/2048/2048 2047/2047/2047 2046/2046/2046
f 2047/2047/2047 2050/2050/2050 2049/2049/2049
f 2048/2048/2048 2050/2050/2050 2047/2047/2047
f 2050/2050/2050 2051/2051/2051 2049/2049/2049
f 2052/2052/2052 2051/2051/2051 2050/2050/2050
f 2052/2052/2052 2053/2053/2053 2051/2051/2051
f 2054/2054/2054 2053/2053/2053 2052/2052/2052
f 2054/2054/2054 2055/2055/2055 2053/2053/2053
f 2056/2056/2056 2055/2055/2055 2054/2054/2054
f 2055/2055/2055 2058/2058/2058 2057/2057/2057
f 2056/2056/2056 2058/2058/2058 2055/2055/2055
f 2058/2058/2058 2059/2059/2059 2057/2057/2057
f 2060/2060/2060 2059/2059/2059 2058/2058/2058
f 2060/2060/2060 2061/2061/2061 2059/2059/2059
f 2062/2062/2062 2061/2061/2061 2060/2060/2060
f 2062/2062/2062 2063/2063/2063 2061/2061/2061
f 2064/2064/2064 2063/2063/2063 2062/2062/2062
f 2063/2063/2063 2066/2066/2066 2065/2065/2065
f 2064/2064/2064 2066/2066/2066 2063/2063/2063
f 2066/2066/2066 2027/2027/2027 2065/2065/2065
f 2029/2029/2029 2027/2027/2027 2066/2066/2066
f 2069/2069/2069 2068/2068/2068 2067/2067/2067
f 2070/2070/2070 2068/2068/2068 2069/2069/2069
f 2071/2071/2071 2070/2070/2070 2069/2069/2069
f 2072/2072/2072 2070/2070/2070 2071/2071/2071
f 2073/2073/2073 2072/2072/2072 2071/2071/2071
f 2074/2074/2074 2072/2072/2072 2073/2073/2073
f 2075/2075/2075 2074/2074/2074 2073/2073/2073
f 2076/2076/2076 2074/2074/2074 2075/2075/2075
f 2079/2079/2079 2078/2078/2078 2077/2077/2077
f 2080/2080/2080 2078/2078/2078 2079/2079/2079
f 2081/2081/2081 2080/2080/2080 2079/2079/2079
f 2082/2082/2082 2080/2080/2080 2081/2081/2081
f 2083/2083/2083 2082/2082/2082 2081/2081/2081
f 2084/2084/2084 2082/2082/2082 2083/2083/2083
f 2085/2085/2085 2084/2084/2084 2083/2083/2083
f 2086/2086/2086 2084/2084/2084 2085/2085/2085
f 2087/2087/2087 2086/2086/2086 2085/2085/2085
f 2088/2088/2088 2086/2086/2086 2087/2087/2087
f 2089/2089/2089 2088/2088/2088 2087/2087/2087
f 2090/2090/2090 2088/2088/2088 2089/2089/2089
f 2091/2091/2091 2090/2090/2090 2089/2089/2089
f 2092/2092/2092 2090/2090/2090 2091/2091/2091
f 2093/2093/2093 2092/2092/2092 2091/2091/2091
f 2094/2094/2094 2092/2092/2092 2093/2093/2093
f 2095/2095/2095 2094/2094/2094 2093/2093/2093
f 2096/2096/2096 2094/2094/2094 2095/2095/2095
f 2097/2097/2097 2096/2096/2096 2095/2095/2095
f 2098/2098/2098 2096/2096/2096 2097/2097/2097
f 2101/2101/2101 2100/2100/2100 2099/2099/2099
f 2102/2102/2102 2100/2100/2100 2101/2101/2101
f 2103/2103/2103 2102/2102/2102 2101/2101/2101
f 2104/2104/2104 2102/2102/2102 2103/2103/2103
f 2105/2105/2105 2104/2104/2104 2103/2103/2103
f 2106/2106/2106 2104/2104/2104 2105/2105/2105
f 2107/2107/2107 2106/2106/2106 2105/2105/2105
f 2108/2108/2108 2106/2106/2106 2107/2107/2107
f 2109/2109/2109 2108/2108/2108 2107/2107/2107
f 2110/2110/2110 2108/2108/2108 2109/2109/2109
f 2067/2067/2067 2110/2110/2110 2109/2109/2109
f 2068/2068/2068 2110/2110/2110 2067/2067/2067
usemtl Tires
f 2113/2113/2113 2112/2112/2112 2111/2111/2111
f 2114/2114/2114 2112/2112/2112 2113/2113/2113
f 2116/2116/2116 2111/2111/2111 2115/2115/2115
f 2113/2113/2113 2111/2111/2111 2116/2116/2116
f 2118/2118/2118 2115/2115/2115 2117/2117/2117
f 2116/2116/2116 2115/2115/2115 2118/2118/2118
f 2120/2120/2120 2117/2117/2117 2119/2119/2119
f 2118/2118/2118 2117/2117/2117 2120/2120/2120
f 2122/2122/2122 2119/2119/2119 2121/2121/2121
f 2120/2120/2120 2119/2119/2119 2122/2122/2122
f 2124/2124/2124 2121/2121/2121 2123/2123/2123
f 2122/2122/2122 2121/2121/2121 2124/2124/2124
f 2126/2126/2126 2123/2123/2123 2125/2125/2125
f 2124/2124/2124 2123/2123/2123 2126/2126/2126
f 2128/2128/2128 2125/2125/2125 2127/2127/2127
f 2126/2126/2126 2125/2125/2125 2128/2128/2128
f 2130/2130/2130 2127/2127/2127 2129/2129/2129
f 2128/2128/2128 2127/2127/2127 2130/2130/2130
f 2132/2132/2132 2129/2129/2129 2131/2131/2131
f 2130/2130/2130 2129/2129/2129 2132/2132/2132
f 2134/2134/2134 2131/2131/2131 2133/2133/2133
f 2132/2132/2132 2131/2131/2131 2134/2134/2134
f 2136/2136/2136 2133/2133/2133 2135/2135/2135
f 2134/2134/2134 2133/2133/2133 2136/2136/2136
f 2139/2139/2139 2138/2138/2138 2137/2137/2137
f 2140/2140/2140 2138/2138/2138 2139/2139/2139
f 2142/2142/2142 2137/2137/2137 2141/2141/2141
f 2139/2139/2139 2137/2137/2137 2142/2142/2142
f 2144/2144/2144 2141/2141/2141 2143/2143/2143
f 2142/2142/2142 2141/2141/2141 2144/2144/2144
f 2146/2146/2146 2143/2143/2143 2145/2145/2145
f 2144/2144/2144 2143/2143/2143 2146/2146/2146
f 2148/2148/2148 2145/2145/2145 2147/2147/2147
f 2146/2146/2146 2145/2145/2145 2148/2148/2148
f 2150/2150/2150 2147/2147/2147 2149/2149/2149
f 2148/2148/2148 2147/2147/2147 2150/2150/2150
f 2152/2152/2152 2149/2149/2149 2151/2151/2151
f 2150/2150/2150 2149/2149/2149 2152/2152/2152
f 2154/2154/2154 2151/2151/2151 2153/2153/2153
f 2152/2152/2152 2151/2151/2151 2154/2154/2154
f 2156/2156/2156 2153/2153/2153 2155/2155/2155
f 2154/2154/2154 2153/2153/2153 2156/2156/2156
f 2158/2158/2158 2155/2155/2155 2157/2157/2157
f 2156/2156/2156 2155/2155/2155 2158/2158/2158
f 2160/2160/2160 2157/2157/2157 2159/2159/2159
f 2158/2158/2158 2157/2157/2157 2160/2160/2160
f 2162/2162/2162 2159/2159/2159 2161/2161/2161
f 2160/2160/2160 2159/2159/2159 2162/2162/2162
f 2164/2164/2164 2161/2161/2161 2163/2163/2163
f 2162/2162/2162 2161/2161/2161 2164/2164/2164
f 2166/2166/2166 2163/2163/2163 2165/2165/2165
f 2164/2164/2164 2163/2163/2163 2166/2166/2166
f 2168/2168/2168 2165/2165/2165 2167/2167/2167
f 2166/2166/2166 2165/2165/2165 2168/2168/2168
f 2170/2170/2170 2167/2167/2167 2169/2169/2169
f 2168/2168/2168 2167/2167/2167 2170/2170/2170
f 2172/2172/2172 2169/2169/2169 2171/2171/2171
f 2170/2170/2170 2169/2169/2169 2172/2172/2172
f 2174/2174/2174 2171/2171/2171 2173/2173/2173
f 2172/2172/2172 2171/2171/2171 2174/2174/2174
f 2176/2176/2176 2173/2173/2173 2175/2175/2175
f 2174/2174/2174 2173/2173/2173 2176/2176/2176
f 2178/2178/2178 2175/2175/2175 2177/2177/2177
f 2176/2176/2176 2175/2175/2175 2178/2178/2178
f 2180/2180/2180 2177/2177/2177 2179/2179/2179
f 2178/2178/2178 2177/2177/2177 2180/2180/2180
f 2182/2182/2182 2179/2179/2179 2181/2181/2181
f 2180/2180/2180 2179/2179/2179 2182/2182/2182
f 2184/2184/2184 2181/2181/2181 2183/2183/2183
f 2182/2182/2182 2181/2181/2181 2184/2184/2184
f 2186/2186/2186 2183/2183/2183 2185/2185/2185
f 2184/2184/2184 2183/2183/2183 2186/2186/2186
f 2188/2188/2188 2185/2185/2185 2187/2187/2187
f 2186/2186/2186 2185/2185/2185 2188/2188/2188
f 2191/2191/2191 2190/2190/2190 2189/2189/2189
f 2192/2192/2192 2190/2190/2190 2191/2191/2191
f 2194/2194/2194 2189/2189/2189 2193/2193/2193
f 2191/2191/2191 2189/2189/2189 2194/2194/2194
f 2196/2196/2196 2193/2193/2193 2195/2195/2195
f 2194/2194/2194 2193/2193/2193 2196/2196/2196
f 2198/2198/2198 2195/2195/2195 2197/2197/2197
f 2196/2196/2196 2195/2195/2195 2198/2198/2198
f 2200/2200/2200 2197/2197/2197 2199/2199/2199
f 2198/2198/2198 2197/2197/2197 2200/2200/2200
f 2202/2202/2202 2199/2199/2199 2201/2201/2201
f 2200/2200/2200 2199/2199/2199 2202/2202/2202
f 2204/2204/2204 2201/2201/2201 2203/2203/2203
f 2202/2202/2202 2201/2201/2201 2204/2204/2204
f 2206/2206/2206 2203/2203/2203 2205/2205/2205
f 2204/2204/2204 2203/2203/2203 2206/2206/2206
f 2208/2208/2208 2205/2205/2205 2207/2207/2207
f 2206/2206/2206 2205/2205/2205 2208/2208/2208
f 2210/2210/2210 2207/2207/2207 2209/2209/2209
f 2208/2208/2208 2207/2207/2207 2210/2210/2210
f 2212/2212/2212 2209/2209/2209 2211/2211/2211
f 2210/2210/2210 2209/2209/2209 2212/2212/2212
f 2214/2214/2214 2211/2211/2211 2213/2213/2213
f 2212/2212/2212 2211/2211/2211 2214/2214/2214
f 2114/2114/2114 2213/2213/2213 2112/2112/2112
f 2214/2214/2214 2213/2213/2213 2114/2114/2114
f 2215/2215/2215 2114/2114/2114 2113/2113/2113
f 2216/2216/2216 2114/2114/2114 2215/2215/2215
f 2217/2217/2217 2113/2113/2113 2116/2116/2116
f 2215/2215/2215 2113/2113/2113 2217/2217/2217
f 2218/2218/2218 2116/2116/2116 2118/2118/2118
f 2217/2217/2217 2116/2116/2116 2218/2218/2218
f 2219/2219/2219 2118/2118/2118 2120/2120/2120
f 2218/2218/2218 2118/2118/2118 2219/2219/2219
f 2220/2220/2220 2120/2120/2120 2122/2122/2122
f 2219/2219/2219 2120/2120/2120 2220/2220/2220
f 2221/2221/2221 2122/2122/2122 2124/2124/2124
f 2220/2220/2220 2122/2122/2122 2221/2221/2221
f 2222/2222/2222 2124/2124/2124 2126/2126/2126
f 2221/2221/2221 2124/2124/2124 2222/2222/2222
f 2223/2223/2223 2126/2126/2126 2128/2128/2128
f 2222/2222/2222 2126/2126/2126 2223/2223/2223
f 2224/2224/2224 2128/2128/2128 2130/2130/2130
f 2223/2223/2223 2128/2128/2128 2224/2224/2224
f 2225/2225/2225 2130/2130/2130 2132/2132/2132
f 2224/2224/2224 2130/2130/2130 2225/2225/2225
f 2226/2226/2226 2132/2132/2132 2134/2134/2134
f 2225/2225/2225 2132/2132/2132 2226/2226/2226
f 2227/2227/2227 2139/2139/2139 2142/2142/2142
f 2228/2228/2228 2139/2139/2139 2227/2227/2227
f 2229/2229/2229 2142/2142/2142 2144/2144/2144
f 2227/2227/2227 2142/2142/2142 2229/2229/2229
f 2230/2230/2230 2144/2144/2144 2146/2146/2146
f 2229/2229/2229 2144/2144/2144 2230/2230/2230
f 2231/2231/2231 2146/2146/2146 2148/2148/2148
f 2230/2230/2230 2146/2146/2146 2231/2231/2231
f 2232/2232/2232 2148/2148/2148 2150/2150/2150
f 2231/2231/2231 2148/2148/2148 2232/2232/2232
f 2233/2233/2233 2150/2150/2150 2152/2152/2152
f 2232/2232/2232 2150/2150/2150 2233/2233/2233
f 2234/2234/2234 2152/2152/2152 2154/2154/2154
f 2233/2233/2233 2152/2152/2152 2234/2234/2234
f 2235/2235/2235 2154/2154/2154 2156/2156/2156
f 2234/2234/2234 2154/2154/2154 2235/2235/2235
f 2236/2236/2236 2156/2156/2156 2158/2158/2158
f 2235/2235/2235 2156/2156/2156 2236/2236/2236
f 2237/2237/2237 2158/2158/2158 2160/2160/2160
f 2236/2236/2236 2158/2158/2158 2237/2237/2237
f 2238/2238/2238 2160/2160/2160 2162/2162/2162
f 2237/2237/2237 2160/2160/2160 2238/2238/2238
f 2239/2239/2239 2162/2162/2162 2164/2164/2164
f 2238/2238/2238 2162/2162/2162 2239/2239/2239
f 2240/2240/2240 2164/2164/2164 2166/2166/2166
f 2239/2239/2239 2164/2164/2164 2240/2240/2240
f 2241/2241/2241 2166/2166/2166 2168/2168/2168
f 2240/2240/2240 2166/2166/2166 2241/2241/2241
f 2242/2242/2242 2168/2168/2168 2170/2170/2170
f 2241/2241/2241 2168/2168/2168 2242/2242/2242
f 2243/2243/2243 2170/2170/2170 2172/2172/2172
f 2242/2242/2242 2170/2170/2170 2243/2243/2243
f 2244/2244/2244 2172/2172/2172 2174/2174/2174
f 2243/2243/2243 2172/2172/2172 2244/2244/2244
f 2245/2245/2245 2174/2174/2174 2176/2176/2176
f 2244/2244/2244 2174/2174/2174 2245/2245/2245
f 2246/2246/2246 2176/2176/2176 2178/2178/2178
f 2245/2245/2245 2176/2176/2176 2246/2246/2246
f 2247/2247/2247 2178/2178/2178 2180/2180/2180
f 2246/2246/2246 2178/2178/2178 2247/2247/2247
f 2248/2248/2248 2180/2180/2180 2182/2182/2182
f 2247/2247/2247 2180/2180/2180 2248/2248/2248
f 2249/2249/2249 2182/2182/2182 2184/2184/2184
f 2248/2248/2248 2182/2182/2182 2249/2249/2249
f 2250/2250/2250 2184/2184/2184 2186/2186/2186
f 2249/2249/2249 2184/2184/2184 2250/2250/2250
f 2251/2251/2251 2186/2186/2186 2188/2188/2188
f 2250/2250/2250 2186/2186/2186 2251/2251/2251
f 2252/2252/2252 2192/2192/2192 2191/2191/2191
f 2253/2253/2253 2192/2192/2192 2252/2252/2252
f 2254/2254/2254 2191/2191/2191 2194/2194/2194
f 2252/2252/2252 2191/2191/2191 2254/2254/2254
f 2255/2255/2255 2194/2194/2194 2196/2196/2196
f 2254/2254/2254 2194/2194/2194 2255/2255/2255
f 2256/2256/2256 2196/2196/2196 2198/2198/2198
f 2255/2255/2255 2196/2196/2196 2256/2256/2256
f 2257/2257/2257 2198/2198/2198 2200/2200/2200
f 2256/2256/2256 2198/2198/2198 2257/2257/2257
f 2258/2258/2258 2200/2200/2200 2202/2202/2202
f 2257/2257/2257 2200/2200/2200 2258/2258/2258
f 2259/2259/2259 2202/2202/2202 2204/2204/2204
f 2258/2258/2258 2202/2202/2202 2259/2259/2259
f 2260/2260/2260 2204/2204/2204 2206/2206/2206
f 2259/2259/2259 2204/2204/2204 2260/2260/2260
f 2261/2261/2261 2206/2206/2206 2208/2208/2208
f 2260/2260/2260 2206/2206/2206 2261/2261/2261
f 2262/2262/2262 2208/2208/2208 2210/2210/2210
f 2261/2261/2261 2208/2208/2208 2262/2262/2262
f 2263/2263/2263 2210/2210/2210 2212/2212/2212
f 2262/2262/2262 2210/2210/2210 2263/2263/2263
f 2264/2264/2264 2212/2212/2212 2214/2214/2214
f 2263/2263/2263 2212/2212/2212 2264/2264/2264
f 2216/2216/2216 2214/2214/2214 2114/2114/2114
f 2264/2264/2264 2214/2214/2214 2216/2216/2216
f 2265/2265/2265 2216/2216/2216 2215/2215/2215
f 2266/2266/2266 2216/2216/2216 2265/2265/2265
f 2267/2267/2267 2215/2215/2215 2217/2217/2217
f 2265/2265/2265 2215/2215/2215 2267/2267/2267
f 2268/2268/2268 2217/2217/2217 2218/2218/2218
f 2267/2267/2267 2217/2217/2217 2268/2268/2268
f 2269/2269/2269 2218/2218/2218 2219/2219/2219
f 2268/2268/2268 2218/2218/2218 2269/2269/2269
f 2270/2270/2270 2219/2219/2219 2220/2220/2220
f 2269/2269/2269 2219/2219/2219 2270/2270/2270
f 2271/2271/2271 2220/2220/2220 2221/2221/2221
f 2270/2270/2270 2220/2220/2220 2271/2271/2271
f 2272/2272/2272 2221/2221/2221 2222/2222/2222
f 2271/2271/2271 2221/2221/2221 2272/2272/2272
f 2222/2222/2222 2273/2273/2273 2272/2272/2272
f 2223/2223/2223 2273/2273/2273 2222/2222/2222
f 2273/2273/2273 2224/2224/2224 2274/2274/2274
f 2223/2223/2223 2224/2224/2224 2273/2273/2273
f 2275/2275/2275 2224/2224/2224 2225/2225/2225
f 2274/2274/2274 2224/2224/2224 2275/2275/2275
f 2276/2276/2276 2225/2225/2225 2226/2226/2226
f 2275/2275/2275 2225/2225/2225 2276/2276/2276
f 2226/2226/2226 2277/2277/2277 2276/2276/2276
f 2278/2278/2278 2277/2277/2277 2226/2226/2226
f 2280/2280/2280 2228/2228/2228 2279/2279/2279
f 2281/2281/2281 2228/2228/2228 2280/2280/2280
f 2282/2282/2282 2228/2228/2228 2227/2227/2227
f 2279/2279/2279 2228/2228/2228 2282/2282/2282
f 2283/2283/2283 2227/2227/2227 2229/2229/2229
f 2282/2282/2282 2227/2227/2227 2283/2283/2283
f 2284/2284/2284 2229/2229/2229 2230/2230/2230
f 2283/2283/2283 2229/2229/2229 2284/2284/2284
f 2285/2285/2285 2230/2230/2230 2231/2231/2231
f 2284/2284/2284 2230/2230/2230 2285/2285/2285
f 2286/2286/2286 2231/2231/2231 2232/2232/2232
f 2285/2285/2285 2231/2231/2231 2286/2286/2286
f 2287/2287/2287 2232/2232/2232 2233/2233/2233
f 2286/2286/2286 2232/2232/2232 2287/2287/2287
f 2288/2288/2288 2233/2233/2233 2234/2234/2234
f 2287/2287/2287 2233/2233/2233 2288/2288/2288
f 2289/2289/2289 2234/2234/2234 2235/2235/2235
f 2288/2288/2288 2234/2234/2234 2289/2289/2289
f 2290/2290/2290 2235/2235/2235 2236/2236/2236
f 2289/2289/2289 2235/2235/2235 2290/2290/2290
f 2291/2291/2291 2236/2236/2236 2237/2237/2237
f 2290/2290/2290 2236/2236/2236 2291/2291/2291
f 2292/2292/2292 2237/2237/2237 2238/2238/2238
f 2291/2291/2291 2237/2237/2237 2292/2292/2292
f 2293/2293/2293 2238/2238/2238 2239/2239/2239
f 2292/2292/2292 2238/2238/2238 2293/2293/2293
f 2294/2294/2294 2239/2239/2239 2240/2240/2240
f 2293/2293/2293 2239/2239/2239 2294/2294/2294
f 2295/2295/2295 2240/2240/2240 2241/2241/2241
f 2294/2294/2294 2240/2240/2240 2295/2295/2295
f 2296/2296/2296 2241/2241/2241 2242/2242/2242
f 2295/2295/2295 2241/2241/2241 2296/2296/2296
f 2297/2297/2297 2242/2242/2242 2243/2243/2243
f 2296/2296/2296 2242/2242/2242 2297/2297/2297
f 2298/2298/2298 2243/2243/2243 2244/2244/2244
f 2297/2297/2297 2243/2243/2243 2298/2298/2298
f 2299/2299/2299 2244/2244/2244 2245/2245/2245
f 2298/2298/2298 2244/2244/2244 2299/2299/2299
f 2300/2300/2300 2245/2245/2245 2246/2246/2246
f 2299/2299/2299 2245/2245/2245 2300/2300/2300
f 2301/2301/2301 2246/2246/2246 2247/2247/2247
f 2300/2300/2300 2246/2246/2246 2301/2301/2301
f 2302/2302/2302 2247/2247/2247 2248/2248/2248
f 2301/2301/2301 2247/2247/2247 2302/2302/2302
f 2303/2303/2303 2248/2248/2248 2249/2249/2249
f 2302/2302/2302 2248/2248/2248 2303/2303/2303
f 2304/2304/2304 2249/2249/2249 2250/2250/2250
f 2303/2303/2303 2249/2249/2249 2304/2304/2304
f 2305/2305/2305 2250/2250/2250 2251/2251/2251
f 2304/2304/2304 2250/2250/2250 2305/2305/2305
f 2306/2306/2306 2253/2253/2253 2252/2252/2252
f 2307/2307/2307 2253/2253/2253 2306/2306/2306
f 2308/2308/2308 2252/2252/2252 2254/2254/2254
f 2306/2306/2306 2252/2252/2252 2308/2308/2308
f 2309/2309/2309 2254/2254/2254 2255/2255/2255
f 2308/2308/2308 2254/2254/2254 2309/2309/2309
f 2310/2310/2310 2255/2255/2255 2256/2256/2256
f 2309/2309/2309 2255/2255/2255 2310/2310/2310
f 2311/2311/2311 2256/2256/2256 2257/2257/2257
f 2310/2310/2310 2256/2256/2256 2311/2311/2311
f 2312/2312/2312 2257/2257/2257 2258/2258/2258
f 2311/2311/2311 2257/2257/2257 2312/2312/2312
f 2313/2313/2313 2258/2258/2258 2259/2259/2259
f 2312/2312/2312 2258/2258/2258 2313/2313/2313
f 2314/2314/2314 2259/2259/2259 2260/2260/2260
f 2313/2313/2313 2259/2259/2259 2314/2314/2314
f 2315/2315/2315 2260/2260/2260 2261/2261/2261
f 2314/2314/2314 2260/2260/2260 2315/2315/2315
f 2316/2316/2316 2261/2261/2261 2262/2262/2262
f 2315/2315/2315 2261/2261/2261 2316/2316/2316
f 2317/2317/2317 2262/2262/2262 2263/2263/2263
f 2316/2316/2316 2262/2262/2262 2317/2317/2317
f 2318/2318/2318 2263/2263/2263 2264/2264/2264
f 2317/2317/2317 2263/2263/2263 2318/2318/2318
f 2266/2266/2266 2264/2264/2264 2216/2216/2216
f 2318/2318/2318 2264/2264/2264 2266/2266/2266
f 2266/2266/2266 2320/2320/2320 2319/2319/2319
f 2265/2265/2265 2320/2320/2320 2266/2266/2266
f 2265/2265/2265 2321/2321/2321 2320/2320/2320
f 2267/2267/2267 2321/2321/2321 2265/2265/2265
f 2267/2267/2267 2322/2322/2322 2321/2321/2321
f 2268/2268/2268 2322/2322/2322 2267/2267/2267
f 2268/2268/2268 2323/2323/2323 2322/2322/2322
f 2269/2269/2269 2323/2323/2323 2268/2268/2268
f 2269/2269/2269 2324/2324/2324 2323/2323/2323
f 2270/2270/2270 2324/2324/2324 2269/2269/2269
f 2270/2270/2270 2325/2325/2325 2324/2324/2324
f 2271/2271/2271 2325/2325/2325 2270/2270/2270
f 2271/2271/2271 2326/2326/2326 2325/2325/2325
f 2272/2272/2272 2326/2326/2326 2271/2271/2271
f 2272/2272/2272 2327/2327/2327 2326/2326/2326
f 2273/2273/2273 2327/2327/2327 2272/2272/2272
f 2273/2273/2273 2328/2328/2328 2327/2327/2327
f 2274/2274/2274 2328/2328/2328 2273/2273/2273
f 2274/2274/2274 2329/2329/2329 2328/2328/2328
f 2275/2275/2275 2329/2329/2329 2274/2274/2274
f 2275/2275/2275 2330/2330/2330 2329/2329/2329
f 2276/2276/2276 2330/2330/2330 2275/2275/2275
f 2276/2276/2276 2331/2331/2331 2330/2330/2330
f 2277/2277/2277 2331/2331/2331 2276/2276/2276
f 2280/2280/2280 2333/2333/2333 2332/2332/2332
f 2279/2279/2279 2333/2333/2333 2280/2280/2280
f 2279/2279/2279 2334/2334/2334 2333/2333/2333
f 2282/2282/2282 2334/2334/2334 2279/2279/2279
f 2282/2282/2282 2335/2335/2335 2334/2334/2334
f 2283/2283/2283 2335/2335/2335 2282/2282/2282
f 2283/2283/2283 2336/2336/2336 2335/2335/2335
f 2284/2284/2284 2336/2336/2336 2283/2283/2283
f 2284/2284/2284 2337/2337/2337 2336/2336/2336
f 2285/2285/2285 2337/2337/2337 2284/2284/2284
f 2285/2285/2285 2338/2338/2338 2337/2337/2337
f 2286/2286/2286 2338/2338/2338 2285/2285/2285
f 2286/2286/2286 2339/2339/2339 2338/2338/2338
f 2287/2287/2287 2339/2339/2339 2286/2286/2286
f 2287/2287/2287 2340/2340/2340 2339/2339/2339
f 2288/2288/2288 2340/2340/2340 2287/2287/2287
f 2288/2288/2288 2341/2341/2341 2340/2340/2340
f 2289/2289/2289 2341/2341/2341 2288/2288/2288
f 2289/2289/2289 2342/2342/2342 2341/2341/2341
f 2290/2290/2290 2342/2342/2342 2289/2289/2289
f 2290/2290/2290 2343/2343/2343 2342/2342/2342
f 2291/2291/2291 2343/2343/2343 2290/2290/2290
f 2291/2291/2291 2344/2344/2344 2343/2343/2343
f 2292/2292/2292 2344/2344/2344 2291/2291/2291
f 2292/2292/2292 2345/2345/2345 2344/2344/2344
f 2293/2293/2293 2345/2345/2345 2292/2292/2292
f 2293/2293/2293 2346/2346/2346 2345/2345/2345
f 2294/2294/2294 2346/2346/2346 2293/2293/2293
f 2294/2294/2294 2347/2347/2347 2346/2346/2346
f 2295/2295/2295 2347/2347/2347 2294/2294/2294
f 2295/2295/2295 2348/2348/2348 2347/2347/2347
f 2296/2296/2296 2348/2348/2348 2295/2295/2295
f 2296/2296/2296 2349/2349/2349 2348/2348/2348
f 2297/2297/2297 2349/2349/2349 2296/2296/2296
f 2297/2297/2297 2350/2350/2350 2349/2349/2349
f 2298/2298/2298 2350/2350/2350 2297/2297/2297
f 2298/2298/2298 2351/2351/2351 2350/2350/2350
f 2299/2299/2299 2351/2351/2351 2298/2298/2298
f 2299/2299/2299 2352/2352/2352 2351/2351/2351
f 2300/2300/2300 2352/2352/2352 2299/2299/2299
f 2300/2300/2300 2353/2353/2353 2352/2352/2352
f 2301/2301/2301 2353/2353/2353 2300/2300/2300
f 2301/2301/2301 2354/2354/2354 2353/2353/2353
f 2302/2302/2302 2354/2354/2354 2301/2301/2301
f 2302/2302/2302 2355/2355/2355 2354/2354/2354
f 2303/2303/2303 2355/2355/2355 2302/2302/2302
f 2303/2303/2303 2356/2356/2356 2355/2355/2355
f 2304/2304/2304 2356/2356/2356 2303/2303/2303
f 2304/2304/2304 2357/2357/2357 2356/2356/2356
f 2305/2305/2305 2357/2357/2357 2304/2304/2304
f 2307/2307/2307 2359/2359/2359 2358/2358/2358
f 2306/2306/2306 2359/2359/2359 2307/2307/2307
f 2306/2306/2306 2360/2360/2360 2359/2359/2359
f 2308/2308/2308 2360/2360/2360 2306/2306/2306
f 2308/2308/2308 2361/2361/2361 2360/2360/2360
f 2309/2309/2309 2361/2361/2361 2308/2308/2308
f 2309/2309/2309 2362/2362/2362 2361/2361/2361
f 2310/2310/2310 2362/2362/2362 2309/2309/2309
f 2310/2310/2310 2363/2363/2363 2362/2362/2362
f 2311/2311/2311 2363/2363/2363 2310/2310/2310
f 2311/2311/2311 2364/2364/2364 2363/2363/2363
f 2312/2312/2312 2364/2364/2364 2311/2311/2311
f 2312/2312/2312 2365/2365/2365 2364/2364/2364
f 2313/2313/2313 2365/2365/2365 2312/2312/2312
f 2313/2313/2313 2366/2366/2366 2365/2365/2365
f 2314/2314/2314 2366/2366/2366 2313/2313/2313
f 2314/2314/2314 2367/2367/2367 2366/2366/2366
f 2315/2315/2315 2367/2367/2367 2314/2314/2314
f 2315/2315/2315 2368/2368/2368 2367/2367/2367
f 2316/2316/2316 2368/2368/2368 2315/2315/2315
f 2316/2316/2316 2369/2369/2369 2368/2368/2368
f 2317/2317/2317 2369/2369/2369 2316/2316/2316
f 2317/2317/2317 2370/2370/2370 2369/2369/2369
f 2318/2318/2318 2370/2370/2370 2317/2317/2317
f 2318/2318/2318 2319/2319/2319 2370/2370/2370
f 2266/2266/2266 2319/2319/2319 2318/2318/2318
f 2372/2372/2372 2112/2112/2112 2371/2371/2371
f 2111/2111/2111 2112/2112/2112 2372/2372/2372
f 2373/2373/2373 2111/2111/2111 2372/2372/2372
f 2115/2115/2115 2111/2111/2111 2373/2373/2373
f 2374/2374/2374 2115/2115/2115 2373/2373/2373
f 2117/2117/2117 2115/2115/2115 2374/2374/2374
f 2375/2375/2375 2117/2117/2117 2374/2374/2374
f 2119/2119/2119 2117/2117/2117 2375/2375/2375
f 2376/2376/2376 2119/2119/2119 2375/2375/2375
f 2121/2121/2121 2119/2119/2119 2376/2376/2376
f 2377/2377/2377 2121/2121/2121 2376/2376/2376
f 2123/2123/2123 2121/2121/2121 2377/2377/2377
f 2378/2378/2378 2123/2123/2123 2377/2377/2377
f 2125/2125/2125 2123/2123/2123 2378/2378/2378
f 2379/2379/2379 2125/2125/2125 2378/2378/2378
f 2127/2127/2127 2125/2125/2125 2379/2379/2379
f 2380/2380/2380 2127/2127/2127 2379/2379/2379
f 2129/2129/2129 2127/2127/2127 2380/2380/2380
f 2381/2381/2381 2129/2129/2129 2380/2380/2380
f 2131/2131/2131 2129/2129/2129 2381/2381/2381
f 2382/2382/2382 2131/2131/2131 2381/2381/2381
f 2133/2133/2133 2131/2131/2131 2382/2382/2382
f 2383/2383/2383 2133/2133/2133 2382/2382/2382
f 2135/2135/2135 2133/2133/2133 2383/2383/2383
f 2385/2385/2385 2138/2138/2138 2384/2384/2384
f 2137/2137/2137 2138/2138/2138 2385/2385/2385
f 2386/2386/2386 2137/2137/2137 2385/2385/2385
f 2141/2141/2141 2137/2137/2137 2386/2386/2386
f 2387/2387/2387 2141/2141/2141 2386/2386/2386
f 2143/2143/2143 2141/2141/2141 2387/2387/2387
f 2388/2388/2388 2143/2143/2143 2387/2387/2387
f 2145/2145/2145 2143/2143/2143 2388/2388/2388
f 2389/2389/2389 2145/2145/2145 2388/2388/2388
f 2147/2147/2147 2145/2145/2145 2389/2389/2389
f 2390/2390/2390 2147/2147/2147 2389/2389/2389
f 2149/2149/2149 2147/2147/2147 2390/2390/2390
f 2391/2391/2391 2149/2149/2149 2390/2390/2390
f 2151/2151/2151 2149/2149/2149 2391/2391/2391
f 2392/2392/2392 2151/2151/2151 2391/2391/2391
f 2153/2153/2153 2151/2151/2151 2392/2392/2392
f 2393/2393/2393 2153/2153/2153 2392/2392/2392
f 2155/2155/2155 2153/2153/2153 2393/2393/2393
f 2394/2394/2394 2155/2155/2155 2393/2393/2393
f 2157/2157/2157 2155/2155/2155 2394/2394/2394
f 2395/2395/2395 2157/2157/2157 2394/2394/2394
f 2159/2159/2159 2157/2157/2157 2395/2395/2395
f 2396/2396/2396 2159/2159/2159 2395/2395/2395
f 2161/2161/2161 2159/2159/2159 2396/2396/2396
f 2397/2397/2397 2161/2161/2161 2396/2396/2396
f 2163/2163/2163 2161/2161/2161 2397/2397/2397
f 2398/2398/2398 2163/2163/2163 2397/2397/2397
f 2165/2165/2165 2163/2163/2163 2398/2398/2398
f 2399/2399/2399 2165/2165/2165 2398/2398/2398
f 2167/2167/2167 2165/2165/2165 2399/2399/2399
f 2400/2400/2400 2167/2167/2167 2399/2399/2399
f 2169/2169/2169 2167/2167/2167 2400/2400/2400
f 2401/2401/2401 2169/2169/2169 2400/2400/2400
f 2171/2171/2171 2169/2169/2169 2401/2401/2401
f 2402/2402/2402 2171/2171/2171 2401/2401/2401
f 2173/2173/2173 2171/2171/2171 2402/2402/2402
f 2403/2403/2403 2173/2173/2173 2402/2402/2402
f 2175/2175/2175 2173/2173/2173 2403/2403/2403
f 2404/2404/2404 2175/2175/2175 2403/2403/2403
f 2177/2177/2177 2175/2175/2175 2404/2404/2404
f 2405/2405/2405 2177/2177/2177 2404/2404/2404
f 2179/2179/2179 2177/2177/2177 2405/2405/2405
f 2406/2406/2406 2179/2179/2179 2405/2405/2405
f 2181/2181/2181 2179/2179/2179 2406/2406/2406
f 2407/2407/2407 2181/2181/2181 2406/2406/2406
f 2183/2183/2183 2181/2181/2181 2407/2407/2407
f 2408/2408/2408 2183/2183/2183 2407/2407/2407
f 2185/2185/2185 2183/2183/2183 2408/2408/2408
f 2409/2409/2409 2185/2185/2185 2408/2408/2408
f 2187/2187/2187 2185/2185/2185 2409/2409/2409
f 2411/2411/2411 2190/2190/2190 2410/2410/2410
f 2189/2189/2189 2190/2190/2190 2411/2411/2411
f 2412/2412/2412 2189/2189/2189 2411/2411/2411
f 2193/2193/2193 2189/2189/2189 2412/2412/2412
f 2413/2413/2413 2193/2193/2193 2412/2412/2412
f 2195/2195/2195 2193/2193/2193 2413/2413/2413
f 2414/2414/2414 2195/2195/2195 2413/2413/2413
f 2197/2197/2197 2195/2195/2195 2414/2414/2414
f 2415/2415/2415 2197/2197/2197 2414/2414/2414
f 2199/2199/2199 2197/2197/2197 2415/2415/2415
f 2416/2416/2416 2199/2199/2199 2415/2415/2415
f 2201/2201/2201 2199/2199/2199 2416/2416/2416
f 2417/2417/2417 2201/2201/2201 2416/2416/2416
f 2203/2203/2203 2201/2201/2201 2417/2417/2417
f 2418/2418/2418 2203/2203/2203 2417/2417/2417
f 2205/2205/2205 2203/2203/2203 2418/2418/2418
f 2419/2419/2419 2205/2205/2205 2418/2418/2418
f 2207/2207/2207 2205/2205/2205 2419/2419/2419
f 2420/2420/2420 2207/2207/2207 2419/2419/2419
f 2209/2209/2209 2207/2207/2207 2420/2420/2420
f 2421/2421/2421 2209/2209/2209 2420/2420/2420
f 2211/2211/2211 2209/2209/2209 2421/2421/2421
f 2422/2422/2422 2211/2211/2211 2421/2421/2421
f 2213/2213/2213 2211/2211/2211 2422/2422/2422
f 2371/2371/2371 2213/2213/2213 2422/2422/2422
f 2112/2112/2112 2213/2213/2213 2371/2371/2371
f 2423/2423/2423 2372/2372/2372 2371/2371/2371
f 2424/2424/2424 2372/2372/2372 2423/2423/2423
f 2424/2424/2424 2373/2373/2373 2372/2372/2372
f 2425/2425/2425 2373/2373/2373 2424/2424/2424
f 2425/2425/2425 2374/2374/2374 2373/2373/2373
f 2426/2426/2426 2374/2374/2374 2425/2425/2425
f 2426/2426/2426 2375/2375/2375 2374/2374/2374
f 2427/2427/2427 2375/2375/2375 2426/2426/2426
f 2427/2427/2427 2376/2376/2376 2375/2375/2375
f 2428/2428/2428 2376/2376/2376 2427/2427/2427
f 2428/2428/2428 2377/2377/2377 2376/2376/2376
f 2429/2429/2429 2377/2377/2377 2428/2428/2428
f 2429/2429/2429 2378/2378/2378 2377/2377/2377
f 2430/2430/2430 2378/2378/2378 2429/2429/2429
f 2430/2430/2430 2379/2379/2379 2378/2378/2378
f 2431/2431/2431 2379/2379/2379 2430/2430/2430
f 2431/2431/2431 2380/2380/2380 2379/2379/2379
f 2432/2432/2432 2380/2380/2380 2431/2431/2431
f 2432/2432/2432 2381/2381/2381 2380/2380/2380
f 2433/2433/2433 2381/2381/2381 2432/2432/2432
f 2433/2433/2433 2382/2382/2382 2381/2381/2381
f 2434/2434/2434 2382/2382/2382 2433/2433/2433
f 2434/2434/2434 2383/2383/2383 2382/2382/2382
f 2435/2435/2435 2383/2383/2383 2434/2434/2434
f 2436/2436/2436 2385/2385/2385 2384/2384/2384
f 2437/2437/2437 2385/2385/2385 2436/2436/2436
f 2437/2437/2437 2386/2386/2386 2385/2385/2385
f 2438/2438/2438 2386/2386/2386 2437/2437/2437
f 2438/2438/2438 2387/2387/2387 2386/2386/2386
f 2439/2439/2439 2387/2387/2387 2438/2438/2438
f 2439/2439/2439 2388/2388/2388 2387/2387/2387
f 2440/2440/2440 2388/2388/2388 2439/2439/2439
f 2440/2440/2440 2389/2389/2389 2388/2388/2388
f 2441/2441/2441 2389/2389/2389 2440/2440/2440
f 2441/2441/2441 2390/2390/2390 2389/2389/2389
f 2442/2442/2442 2390/2390/2390 2441/2441/2441
f 2442/2442/2442 2391/2391/2391 2390/2390/2390
f 2443/2443/2443 2391/2391/2391 2442/2442/2442
f 2443/2443/2443 2392/2392/2392 2391/2391/2391
f 2444/2444/2444 2392/2392/2392 2443/2443/2443
f 2444/2444/2444 2393/2393/2393 2392/2392/2392
f 2445/2445/2445 2393/2393/2393 2444/2444/2444
f 2445/2445/2445 2394/2394/2394 2393/2393/2393
f 2446/2446/2446 2394/2394/2394 2445/2445/2445
f 2446/2446/2446 2395/2395/2395 2394/2394/2394
f 2447/2447/2447 2395/2395/2395 2446/2446/2446
f 2447/2447/2447 2396/2396/2396 2395/2395/2395
f 2448/2448/2448 2396/2396/2396 2447/2447/2447
f 2448/2448/2448 2397/2397/2397 2396/2396/2396
f 2449/2449/2449 2397/2397/2397 2448/2448/2448
f 2449/2449/2449 2398/2398/2398 2397/2397/2397
f 2450/2450/2450 2398/2398/2398 2449/2449/2449
f 2450/2450/2450 2399/2399/2399 2398/2398/2398
f 2451/2451/2451 2399/2399/2399 2450/2450/2450
f 2451/2451/2451 2400/2400/2400 2399/2399/2399
f 2452/2452/2452 2400/2400/2400 2451/2451/2451
f 2452/2452/2452 2401/2401/2401 2400/2400/2400
f 2453/2453/2453 2401/2401/2401 2452/2452/2452
f 2453/2453/2453 2402/2402/2402 2401/2401/2401
f 2454/2454/2454 2402/2402/2402 2453/2453/2453
f 2454/2454/2454 2403/2403/2403 2402/2402/2402
f 2455/2455/2455 2403/2403/2403 2454/2454/2454
f 2455/2455/2455 2404/2404/2404 2403/2403/2403
f 2456/2456/2456 2404/2404/2404 2455/2455/2455
f 2456/2456/2456 2405/2405/2405 2404/2404/2404
f 2457/2457/2457 2405/2405/2405 2456/2456/2456
f 2457/2457/2457 2406/2406/2406 2405/2405/2405
f 2458/2458/2458 2406/2406/2406 2457/2457/2457
f 2458/2458/2458 2407/2407/2407 2406/2406/2406
f 2459/2459/2459 2407/2407/2407 2458/2458/2458
f 2459/2459/2459 2408/2408/2408 2407/2407/2407
f 2460/2460/2460 2408/2408/2408 2459/2459/2459
f 2460/2460/2460 2409/2409/2409 2408/2408/2408
f 2461/2461/2461 2409/2409/2409 2460/2460/2460
f 2462/2462/2462 2411/2411/2411 2410/2410/2410
f 2463/2463/2463 2411/2411/2411 2462/2462/2462
f 2463/2463/2463 2412/2412/2412 2411/2411/2411
f 2464/2464/2464 2412/2412/2412 2463/2463/2463
f 2464/2464/2464 2413/2413/2413 2412/2412/2412
f 2465/2465/2465 2413/2413/2413 2464/2464/2464
f 2465/2465/2465 2414/2414/2414 2413/2413/2413
f 2466/2466/2466 2414/2414/2414 2465/2465/2465
f 2466/2466/2466 2415/2415/2415 2414/2414/2414
f 2467/2467/2467 2415/2415/2415 2466/2466/2466
f 2467/2467/2467 2416/2416/2416 2415/2415/2415
f 2468/2468/2468 2416/2416/2416 2467/2467/2467
f 2468/2468/2468 2417/2417/2417 2416/2416/2416
f 2469/2469/2469 2417/2417/2417 2468/2468/2468
f 2469/2469/2469 2418/2418/2418 2417/2417/2417
f 2470/2470/2470 2418/2418/2418 2469/2469/2469
f 2470/2470/2470 2419/2419/2419 2418/2418/2418
f 2471/2471/2471 2419/2419/2419 2470/2470/2470
f 2471/2471/2471 2420/2420/2420 2419/2419/2419
f 2472/2472/2472 2420/2420/2420 2471/2471/2471
f 2472/2472/2472 2421/2421/2421 2420/2420/2420
f 2473/2473/2473 2421/2421/2421 2472/2472/2472
f 2473/2473/2473 2422/2422/2422 2421/2421/2421
f 2474/2474/2474 2422/2422/2422 2473/2473/2473
f 2474/2474/2474 2371/2371/2371 2422/2422/2422
f 2423/2423/2423 2371/2371/2371 2474/2474/2474
f 2476/2476/2476 2423/2423/2423 2475/2475/2475
f 2424/2424/2424 2423/2423/2423 2476/2476/2476
f 2425/2425/2425 2424/2424/2424 2476/2476/2476
f 2477/2477/2477 2425/2425/2425 2476/2476/2476
f 2426/2426/2426 2425/2425/2425 2477/2477/2477
f 2427/2427/2427 2426/2426/2426 2477/2477/2477
f 2478/2478/2478 2427/2427/2427 2477/2477/2477
f 2428/2428/2428 2427/2427/2427 2478/2478/2478
f 2429/2429/2429 2428/2428/2428 2478/2478/2478
f 2479/2479/2479 2429/2429/2429 2478/2478/2478
f 2430/2430/2430 2429/2429/2429 2479/2479/2479
f 2431/2431/2431 2430/2430/2430 2479/2479/2479
f 2480/2480/2480 2431/2431/2431 2479/2479/2479
f 2432/2432/2432 2431/2431/2431 2480/2480/2480
f 2433/2433/2433 2432/2432/2432 2480/2480/2480
f 2481/2481/2481 2433/2433/2433 2480/2480/2480
f 2434/2434/2434 2433/2433/2433 2481/2481/2481
f 2435/2435/2435 2434/2434/2434 2481/2481/2481
f 2483/2483/2483 2436/2436/2436 2482/2482/2482
f 2437/2437/2437 2436/2436/2436 2483/2483/2483
f 2438/2438/2438 2437/2437/2437 2483/2483/2483
f 2484/2484/2484 2438/2438/2438 2483/2483/2483
f 2439/2439/2439 2438/2438/2438 2484/2484/2484
f 2440/2440/2440 2439/2439/2439 2484/2484/2484
f 2485/2485/2485 2440/2440/2440 2484/2484/2484
f 2441/2441/2441 2440/2440/2440 2485/2485/2485
f 2442/2442/2442 2441/2441/2441 2485/2485/2485
f 2486/2486/2486 2442/2442/2442 2485/2485/2485
f 2443/2443/2443 2442/2442/2442 2486/2486/2486
f 2444/2444/2444 2443/2443/2443 2486/2486/2486
f 2487/2487/2487 2444/2444/2444 2486/2486/2486
f 2445/2445/2445 2444/2444/2444 2487/2487/2487
f 2446/2446/2446 2445/2445/2445 2487/2487/2487
f 2488/2488/2488 2446/2446/2446 2487/2487/2487
f 2447/2447/2447 2446/2446/2446 2488/2488/2488
f 2448/2448/2448 2447/2447/2447 2488/2488/2488
f 2489/2489/2489 2448/2448/2448 2488/2488/2488
f 2449/2449/2449 2448/2448/2448 2489/2489/2489
f 2450/2450/2450 2449/2449/2449 2489/2489/2489
f 2490/2490/2490 2450/2450/2450 2489/2489/2489
f 2451/2451/2451 2450/2450/2450 2490/2490/2490
f 2452/2452/2452 2451/2451/2451 2490/2490/2490
f 2491/2491/2491 2452/2452/2452 2490/2490/2490
f 2453/2453/2453 2452/2452/2452 2491/2491/2491
f 2454/2454/2454 2453/2453/2453 2491/2491/2491
f 2492/2492/2492 2454/2454/2454 2491/2491/2491
f 2455/2455/2455 2454/2454/2454 2492/2492/2492
f 2456/2456/2456 2455/2455/2455 2492/2492/2492
f 2493/2493/2493 2456/2456/2456 2492/2492/2492
f 2457/2457/2457 2456/2456/2456 2493/2493/2493
f 2458/2458/2458 2457/2457/2457 2493/2493/2493
f 2494/2494/2494 2458/2458/2458 2493/2493/2493
f 2459/2459/2459 2458/2458/2458 2494/2494/2494
f 2460/2460/2460 2459/2459/2459 2494/2494/2494
f 2495/2495/2495 2460/2460/2460 2494/2494/2494
f 2461/2461/2461 2460/2460/2460 2495/2495/2495
f 2463/2463/2463 2462/2462/2462 2496/2496/2496
f 2497/2497/2497 2463/2463/2463 2496/2496/2496
f 2464/2464/2464 2463/2463/2463 2497/2497/2497
f 2465/2465/2465 2464/2464/2464 2497/2497/2497
f 2498/2498/2498 2465/2465/2465 2497/2497/2497
f 2466/2466/2466 2465/2465/2465 2498/2498/2498
f 2467/2467/2467 2466/2466/2466 2498/2498/2498
f 2499/2499/2499 2467/2467/2467 2498/2498/2498
f 2468/2468/2468 2467/2467/2467 2499/2499/2499
f 2469/2469/2469 2468/2468/2468 2499/2499/2499
f 2500/2500/2500 2469/2469/2469 2499/2499/2499
f 2470/2470/2470 2469/2469/2469 2500/2500/2500
f 2471/2471/2471 2470/2470/2470 2500/2500/2500
f 2501/2501/2501 2471/2471/2471 2500/2500/2500
f 2472/2472/2472 2471/2471/2471 2501/2501/2501
f 2473/2473/2473 2472/2472/2472 2501/2501/2501
f 2475/2475/2475 2473/2473/2473 2501/2501/2501
f 2474/2474/2474 2473/2473/2473 2475/2475/2475
f 2423/2423/2423 2474/2474/2474 2475/2475/2475
f 2278/2278/2278 2134/2134/2134 2136/2136/2136
f 2226/2226/2226 2134/2134/2134 2278/2278/2278
f 2228/2228/2228 2140/2140/2140 2139/2139/2139
f 2281/2281/2281 2140/2140/2140 2228/2228/2228
