# Exported from Godot Engine
mtllib Cable.mtl
o Cable
v 0.007308 0.802646 0.551587
vt 0.018494 0.962921
vn 0.357207 0.642175 -0.678244
v 0.000000 0.799925 0.552884
vt 0.011902 0.962830
vn 0.701528 0.000000 -0.712642
v 0.007308 0.814574 0.578795
vt 0.018173 0.988007
vn 0.359241 0.653869 -0.665884
v 0.000000 0.811782 0.579966
vt 0.011559 0.987862
vn 0.695984 0.000000 -0.718057
v 0.007308 0.033383 -0.102588
vt 0.087463 0.962158
vn 0.469891 0.857684 -0.208760
v 0.000000 0.030642 -0.103795
vt 0.080872 0.962158
vn 0.707118 0.000000 -0.707096
v 0.007308 0.022496 -0.073789
vt 0.087524 0.987190
vn 0.458330 0.855024 -0.242627
v 0.000000 0.019646 -0.074709
vt 0.080933 0.987175
vn 0.707118 0.000000 -0.707096
v 0.007308 0.542504 -0.301502
vt 0.087402 0.485840
vn 0.707107 0.707107 0.000022
v 0.000000 0.542472 -0.304528
vt 0.080811 0.485840
vn 0.707118 0.000000 -0.707096
v 0.007308 0.512364 -0.301344
vt 0.087402 0.510742
vn 0.705129 0.709068 -0.003917
v 0.000000 0.512292 -0.304369
vt 0.080811 0.510742
vn 0.707118 0.000000 -0.707096
v 0.007308 0.858007 -0.301506
vt 0.087463 0.222168
vn 0.707107 0.707107 0.000022
v 0.000000 0.858007 -0.304533
vt 0.080872 0.222168
vn 0.707118 0.000000 -0.707096
v 0.007308 0.825624 -0.301506
vt 0.087463 0.249023
vn 0.707107 0.707107 0.000022
v 0.000000 0.825624 -0.304533
vt 0.080872 0.249023
vn 0.707118 0.000000 -0.707096
v 0.007308 1.019925 -0.301506
vt 0.087524 0.086426
vn 0.707107 0.707107 0.000022
v 0.000000 1.019925 -0.304533
vt 0.080872 0.086426
vn 0.707118 0.000000 -0.707096
v 0.007308 0.987542 -0.301506
vt 0.087524 0.113770
vn 0.707107 0.707107 0.000022
v 0.000000 0.987542 -0.304533
vt 0.080872 0.113770
vn 0.707118 0.000000 -0.707096
v -0.007308 1.019925 -0.286891
vt 0.113953 0.086426
vn -0.316234 0.000000 -0.948681
v 0.000000 1.019925 -0.283864
vt 0.107361 0.086426
vn -0.707118 0.000000 -0.707096
v -0.007308 0.987542 -0.286891
vt 0.113953 0.113770
vn -0.316234 0.000000 -0.948681
v 0.000000 0.987542 -0.283864
vt 0.107361 0.113770
vn -0.707118 0.000000 -0.707096
v -0.007308 1.084692 -0.286891
vt 0.113953 0.032715
vn -0.316234 0.000000 -0.948681
v 0.000000 1.084692 -0.283864
vt 0.107361 0.032715
vn -0.707118 0.000000 -0.707096
v -0.007308 1.052309 -0.286891
vt 0.113953 0.059570
vn -0.316234 0.000000 -0.948681
v 0.000000 1.052309 -0.283864
vt 0.107361 0.059570
vn -0.707118 0.000000 -0.707096
v -0.007308 1.084692 -0.301506
vt 0.127197 0.032715
vn 0.316234 0.000000 -0.948681
v -0.010335 1.084692 -0.294198
vt 0.120605 0.032715
vn 0.000000 0.000000 -1.000000
v -0.007308 1.052309 -0.301506
vt 0.127197 0.059570
vn 0.316234 0.000000 -0.948681
v -0.010335 1.052309 -0.294198
vt 0.120544 0.059570
vn 0.000000 0.000000 -1.000000
v -0.007308 1.103594 -0.301506
vt 0.127197 0.016602
vn 0.316234 0.000000 -0.948681
v -0.010335 1.103594 -0.294198
vt 0.120605 0.016602
vn 0.000000 0.000000 -1.000000
v 0.000000 1.084692 -0.304533
vt 0.133789 0.032715
vn 0.707118 0.000000 -0.707096
v 0.000000 1.103594 -0.304533
vt 0.133789 0.016602
vn 0.707118 0.000000 -0.707096
v 0.000000 1.052309 -0.304533
vt 0.133789 0.059570
vn 0.707118 0.000000 -0.707096
v -0.007308 1.103594 -0.286891
vt 0.113953 0.016602
vn -0.316234 0.000000 -0.948681
v 0.000000 1.103594 -0.283864
vt 0.107361 0.016602
vn -0.707118 0.000000 -0.707096
v -0.010335 1.019925 -0.294198
vt 0.120544 0.086426
vn 0.000000 0.000000 -1.000000
v -0.010335 0.987542 -0.294198
vt 0.120544 0.113770
vn 0.000000 0.000000 -1.000000
v -0.007308 1.019925 -0.301506
vt 0.127197 0.086426
vn 0.316234 0.000000 -0.948681
v -0.007308 0.987542 -0.301506
vt 0.127197 0.113770
vn 0.316234 0.000000 -0.948681
v 0.000000 1.019925 -0.304533
vt 0.133789 0.086426
vn 0.707118 0.000000 -0.707096
v 0.000000 0.987542 -0.304533
vt 0.133789 0.113770
vn 0.707118 0.000000 -0.707096
v 0.007308 1.084692 -0.301506
vt 0.087524 0.032715
vn 0.707107 0.707107 0.000022
v 0.000000 1.084692 -0.304533
vt 0.080933 0.032715
vn 0.707118 0.000000 -0.707096
v 0.007308 1.052309 -0.301506
vt 0.087524 0.059570
vn 0.707107 0.707107 0.000022
v 0.000000 1.052309 -0.304533
vt 0.080872 0.059570
vn 0.707118 0.000000 -0.707096
v 0.007308 1.084692 -0.286891
vt 0.100769 0.032715
vn -0.707128 0.707085 -0.000022
v 0.010335 1.084692 -0.294198
vt 0.094116 0.032715
vn -0.000022 0.707107 0.707107
v 0.007308 1.052309 -0.286891
vt 0.100708 0.059570
vn -0.707128 0.707085 -0.000022
v 0.010335 1.052309 -0.294198
vt 0.094116 0.059570
vn -0.000022 0.707107 0.707107
v 0.007308 1.103594 -0.286891
vt 0.100769 0.016602
vn -0.707128 0.707085 -0.000022
v 0.010335 1.103594 -0.294198
vt 0.094116 0.016602
vn -0.000022 0.707107 0.707107
v 0.007308 1.103594 -0.301506
vt 0.087524 0.016602
vn 0.707107 0.707107 0.000022
v 0.000000 1.103594 -0.304533
vt 0.080933 0.016602
vn 0.707118 0.000000 -0.707096
v 0.010335 1.019925 -0.294198
vt 0.094116 0.086426
vn -0.000022 0.707107 0.707107
v 0.010335 0.987542 -0.294198
vt 0.094116 0.113770
vn -0.000022 0.707107 0.707107
v 0.007308 1.019925 -0.286891
vt 0.100708 0.086426
vn -0.707128 0.707085 -0.000022
v 0.007308 0.987542 -0.286891
vt 0.100708 0.113770
vn -0.707128 0.707085 -0.000022
v 0.000000 0.858007 -0.283864
vt 0.107300 0.222168
vn -0.707118 0.000000 -0.707096
v 0.000000 0.825624 -0.283864
vt 0.107300 0.249023
vn -0.707118 0.000000 -0.707096
v -0.007308 0.858007 -0.286891
vt 0.113892 0.222168
vn -0.316234 0.000000 -0.948681
v -0.007308 0.825624 -0.286891
vt 0.113892 0.249023
vn -0.316234 0.000000 -0.948681
v -0.007308 0.955158 -0.286891
vt 0.113953 0.140625
vn -0.316234 0.000000 -0.948681
v 0.000000 0.955158 -0.283864
vt 0.107300 0.140625
vn -0.707118 0.000000 -0.707096
v -0.007308 0.922774 -0.286891
vt 0.113953 0.167969
vn -0.316234 0.000000 -0.948681
v 0.000000 0.922774 -0.283864
vt 0.107300 0.167969
vn -0.707118 0.000000 -0.707096
v -0.007308 0.922774 -0.301506
vt 0.127075 0.167969
vn 0.316234 0.000000 -0.948681
v -0.007308 0.955158 -0.301506
vt 0.127075 0.140625
vn 0.316234 0.000000 -0.948681
v -0.010335 0.922774 -0.294198
vt 0.120544 0.167969
vn 0.000000 0.000000 -1.000000
v -0.010335 0.955158 -0.294198
vt 0.120544 0.140625
vn 0.000000 0.000000 -1.000000
v 0.000000 0.955158 -0.304533
vt 0.133789 0.140625
vn 0.707118 0.000000 -0.707096
v 0.000000 0.922774 -0.304533
vt 0.133789 0.167969
vn 0.707118 0.000000 -0.707096
v -0.010335 0.858007 -0.294198
vt 0.120544 0.222168
vn 0.000000 0.000000 -1.000000
v -0.010335 0.825624 -0.294198
vt 0.120544 0.249023
vn 0.000000 0.000000 -1.000000
v -0.007308 0.858007 -0.301506
vt 0.127075 0.222168
vn 0.316234 0.000000 -0.948681
v -0.007308 0.825624 -0.301506
vt 0.127075 0.249023
vn 0.316234 0.000000 -0.948681
v -0.007308 0.890391 -0.301506
vt 0.127075 0.194824
vn 0.316234 0.000000 -0.948681
v -0.010335 0.890391 -0.294198
vt 0.120544 0.194824
vn 0.000000 0.000000 -1.000000
v 0.000000 0.890391 -0.304533
vt 0.133789 0.194824
vn 0.707118 0.000000 -0.707096
v 0.000000 0.858007 -0.304533
vt 0.133667 0.222168
vn 0.707118 0.000000 -0.707096
v 0.000000 0.825624 -0.304533
vt 0.133667 0.249023
vn 0.707118 0.000000 -0.707096
v -0.007308 0.890391 -0.286891
vt 0.113953 0.194824
vn -0.316234 0.000000 -0.948681
v 0.000000 0.890391 -0.283864
vt 0.107300 0.194824
vn -0.707118 0.000000 -0.707096
v 0.007308 0.955158 -0.301506
vt 0.087463 0.140625
vn 0.707107 0.707107 0.000022
v 0.000000 0.955158 -0.304533
vt 0.080872 0.140625
vn 0.707118 0.000000 -0.707096
v 0.007308 0.922774 -0.301506
vt 0.087463 0.167969
vn 0.707107 0.707107 0.000022
v 0.000000 0.922774 -0.304533
vt 0.080872 0.167969
vn 0.707118 0.000000 -0.707096
v 0.010335 0.955158 -0.294198
vt 0.094116 0.140625
vn -0.000022 0.707107 0.707107
v 0.010335 0.922774 -0.294198
vt 0.094116 0.167969
vn -0.000022 0.707107 0.707107
v 0.007308 0.955158 -0.286891
vt 0.100708 0.140625
vn -0.707128 0.707085 -0.000022
v 0.007308 0.922774 -0.286891
vt 0.100708 0.167969
vn -0.707128 0.707085 -0.000022
v 0.010335 0.858007 -0.294198
vt 0.094116 0.222168
vn -0.000022 0.707107 0.707107
v 0.010335 0.825624 -0.294198
vt 0.094055 0.249023
vn -0.000022 0.707107 0.707107
v 0.007308 0.858007 -0.286891
vt 0.100708 0.222168
vn -0.707128 0.707085 -0.000022
v 0.007308 0.825624 -0.286891
vt 0.100708 0.249023
vn -0.707128 0.707085 -0.000022
v 0.007308 0.890391 -0.286891
vt 0.100708 0.194824
vn -0.707128 0.707085 -0.000022
v 0.010335 0.890391 -0.294198
vt 0.094116 0.194824
vn -0.000022 0.707107 0.707107
v 0.007308 0.890391 -0.301506
vt 0.087463 0.194824
vn 0.707107 0.707107 0.000022
v 0.000000 0.890391 -0.304533
vt 0.080872 0.194824
vn 0.707118 0.000000 -0.707096
v 0.007308 0.696090 -0.301506
vt 0.087463 0.357422
vn 0.707107 0.707107 0.000022
v 0.000000 0.696090 -0.304533
vt 0.080811 0.357422
vn 0.707118 0.000000 -0.707096
v 0.007308 0.663706 -0.301506
vt 0.087463 0.384277
vn 0.707107 0.707107 0.000022
v 0.000000 0.663706 -0.304533
vt 0.080811 0.384277
vn 0.707118 0.000000 -0.707096
v 0.000000 0.696090 -0.283864
vt 0.107300 0.357422
vn -0.707118 0.000000 -0.707096
v 0.000000 0.663706 -0.283864
vt 0.107300 0.384277
vn -0.707118 0.000000 -0.707096
v -0.007308 0.696090 -0.286891
vt 0.113892 0.357422
vn -0.316234 0.000000 -0.948681
v -0.007308 0.663706 -0.286891
vt 0.113892 0.384277
vn -0.316234 0.000000 -0.948681
v -0.007308 0.793240 -0.286891
vt 0.113892 0.275879
vn -0.316234 0.000000 -0.948681
v 0.000000 0.793240 -0.283864
vt 0.107300 0.275879
vn -0.707118 0.000000 -0.707096
v -0.007308 0.760857 -0.286891
vt 0.113892 0.303223
vn -0.316234 0.000000 -0.948681
v 0.000000 0.760857 -0.283864
vt 0.107300 0.303223
vn -0.707118 0.000000 -0.707096
v -0.007308 0.760857 -0.301506
vt 0.127075 0.303223
vn 0.316234 0.000000 -0.948681
v -0.007308 0.793240 -0.301506
vt 0.127075 0.276367
vn 0.316234 0.000000 -0.948681
v -0.010335 0.760857 -0.294198
vt 0.120544 0.303223
vn 0.000000 0.000000 -1.000000
v -0.010335 0.793240 -0.294198
vt 0.120544 0.275879
vn 0.000000 0.000000 -1.000000
v 0.000000 0.793240 -0.304533
vt 0.133667 0.276367
vn 0.707118 0.000000 -0.707096
v 0.000000 0.760857 -0.304533
vt 0.133667 0.303223
vn 0.707118 0.000000 -0.707096
v -0.010335 0.696090 -0.294198
vt 0.120483 0.357422
vn 0.000000 0.000000 -1.000000
v -0.010335 0.663706 -0.294198
vt 0.120483 0.384277
vn 0.000000 0.000000 -1.000000
v -0.007308 0.696090 -0.301506
vt 0.127075 0.357422
vn 0.316234 0.000000 -0.948681
v -0.007308 0.663706 -0.301506
vt 0.127075 0.384277
vn 0.316234 0.000000 -0.948681
v -0.007308 0.728473 -0.301506
vt 0.127075 0.330078
vn 0.316234 0.000000 -0.948681
v -0.010335 0.728473 -0.294198
vt 0.120483 0.330078
vn 0.000000 0.000000 -1.000000
v 0.000000 0.728473 -0.304533
vt 0.133667 0.330078
vn 0.707118 0.000000 -0.707096
v 0.000000 0.696090 -0.304533
vt 0.133667 0.357422
vn 0.707118 0.000000 -0.707096
v 0.000000 0.663706 -0.304533
vt 0.133667 0.384277
vn 0.707118 0.000000 -0.707096
v -0.007308 0.728473 -0.286891
vt 0.113892 0.330078
vn -0.316234 0.000000 -0.948681
v 0.000000 0.728473 -0.283864
vt 0.107300 0.330078
vn -0.707118 0.000000 -0.707096
v 0.007308 0.793240 -0.301506
vt 0.087463 0.275879
vn 0.707107 0.707107 0.000022
v 0.000000 0.793240 -0.304533
vt 0.080872 0.275879
vn 0.707118 0.000000 -0.707096
v 0.007308 0.760857 -0.301506
vt 0.087463 0.303223
vn 0.707107 0.707107 0.000022
v 0.000000 0.760857 -0.304533
vt 0.080872 0.303223
vn 0.707118 0.000000 -0.707096
v 0.010335 0.793240 -0.294198
vt 0.094055 0.275879
vn -0.000022 0.707107 0.707107
v 0.010335 0.760857 -0.294198
vt 0.094055 0.303223
vn -0.000022 0.707107 0.707107
v 0.007308 0.793240 -0.286891
vt 0.100708 0.275879
vn -0.707128 0.707085 -0.000022
v 0.007308 0.760857 -0.286891
vt 0.100708 0.303223
vn -0.707128 0.707085 -0.000022
v 0.010335 0.696090 -0.294198
vt 0.094055 0.357422
vn -0.000022 0.707107 0.707107
v 0.010335 0.663706 -0.294198
vt 0.094055 0.384277
vn -0.000022 0.707107 0.707107
v 0.007308 0.696090 -0.286891
vt 0.100647 0.357422
vn -0.707128 0.707085 -0.000022
v 0.007308 0.663706 -0.286891
vt 0.100647 0.384277
vn -0.707128 0.707085 -0.000022
v 0.007308 0.728473 -0.286891
vt 0.100647 0.330078
vn -0.707128 0.707085 -0.000022
v 0.010335 0.728473 -0.294198
vt 0.094055 0.330078
vn -0.000022 0.707107 0.707107
v 0.007308 0.728473 -0.301506
vt 0.087463 0.330078
vn 0.707107 0.707107 0.000022
v 0.000000 0.728473 -0.304533
vt 0.080811 0.330078
vn 0.707118 0.000000 -0.707096
v 0.000000 0.542688 -0.283864
vt 0.107239 0.485352
vn -0.707118 0.000000 -0.707096
v 0.000000 0.512785 -0.283711
vt 0.107239 0.510498
vn -0.707118 0.000000 -0.707096
v -0.007308 0.542656 -0.286890
vt 0.113831 0.485352
vn -0.316234 0.000000 -0.948681
v -0.007308 0.512712 -0.286736
vt 0.113831 0.510498
vn -0.951460 0.007072 -0.307692
v -0.007308 0.632712 -0.286891
vt 0.113892 0.410156
vn -0.316234 0.000000 -0.948681
v 0.000000 0.632712 -0.283864
vt 0.107239 0.410156
vn -0.707118 0.000000 -0.707096
v -0.007308 0.602668 -0.286891
vt 0.113892 0.435547
vn -0.316234 0.000000 -0.948681
v 0.000000 0.602668 -0.283864
vt 0.107239 0.435547
vn -0.707118 0.000000 -0.707096
v -0.007308 0.602664 -0.301506
vt 0.127075 0.435547
vn 0.316234 0.000000 -0.948681
v -0.007308 0.632712 -0.301506
vt 0.127075 0.410156
vn 0.316234 0.000000 -0.948681
v -0.010335 0.602666 -0.294198
vt 0.120483 0.435547
vn 0.000000 0.000000 -1.000000
v -0.010335 0.632712 -0.294198
vt 0.120483 0.410156
vn 0.000000 0.000000 -1.000000
v 0.000000 0.632712 -0.304533
vt 0.133667 0.410156
vn 0.707118 0.000000 -0.707096
v 0.000000 0.602663 -0.304533
vt 0.133667 0.435547
vn 0.707118 0.000000 -0.707096
v -0.010335 0.542580 -0.294196
vt 0.120483 0.485840
vn 0.000000 0.000000 -1.000000
v -0.010335 0.512538 -0.294040
vt 0.120483 0.510498
vn 0.999874 0.000015 0.015856
v -0.007308 0.542504 -0.301502
vt 0.127075 0.485840
vn 0.316234 0.000000 -0.948681
v -0.007308 0.512364 -0.301344
vt 0.127075 0.510742
vn 0.951471 0.007110 -0.307657
v -0.007308 0.572601 -0.301505
vt 0.127075 0.460449
vn 0.316234 0.000000 -0.948681
v -0.010335 0.572622 -0.294198
vt 0.120483 0.460449
vn 0.000000 0.000000 -1.000000
v 0.000000 0.572592 -0.304532
vt 0.133667 0.460449
vn 0.707118 0.000000 -0.707096
v 0.000000 0.542472 -0.304528
vt 0.133667 0.485840
vn 0.707118 0.000000 -0.707096
v 0.000000 0.512292 -0.304369
vt 0.133667 0.510742
vn 0.707118 0.000000 -0.707096
v -0.007308 0.572643 -0.286891
vt 0.113892 0.460449
vn -0.316234 0.000000 -0.948681
v 0.000000 0.572651 -0.283864
vt 0.107239 0.460449
vn -0.707118 0.000000 -0.707096
v 0.007308 0.632712 -0.301506
vt 0.087463 0.410156
vn 0.707107 0.707107 0.000022
v 0.000000 0.632712 -0.304533
vt 0.080811 0.410156
vn 0.707118 0.000000 -0.707096
v 0.007308 0.602664 -0.301506
vt 0.087402 0.435547
vn 0.707107 0.707107 0.000022
v 0.000000 0.602663 -0.304533
vt 0.080811 0.435547
vn 0.707118 0.000000 -0.707096
v 0.010335 0.632712 -0.294198
vt 0.094055 0.410156
vn -0.000022 0.707107 0.707107
v 0.010335 0.602666 -0.294198
vt 0.094055 0.435547
vn -0.000022 0.707107 0.707107
v 0.007308 0.632712 -0.286891
vt 0.100647 0.410156
vn -0.707128 0.707085 -0.000022
v 0.007308 0.602668 -0.286891
vt 0.100647 0.435547
vn -0.707128 0.707085 -0.000022
v 0.010335 0.542580 -0.294196
vt 0.094055 0.485840
vn -0.000022 0.707107 0.707107
v 0.010335 0.512538 -0.294040
vt 0.093994 0.510498
vn -0.000022 0.718068 0.695973
v 0.007308 0.542656 -0.286890
vt 0.100647 0.485352
vn -0.707128 0.707085 -0.000022
v 0.007308 0.512712 -0.286736
vt 0.100647 0.510498
vn -0.703168 0.711023 0.000022
v 0.007308 0.572643 -0.286891
vt 0.100647 0.460449
vn -0.707128 0.707085 -0.000022
v 0.010335 0.572622 -0.294198
vt 0.094055 0.460449
vn -0.000022 0.707107 0.707107
v 0.007308 0.572601 -0.301505
vt 0.087463 0.460449
vn 0.707107 0.707107 0.000022
v 0.000000 0.572592 -0.304532
vt 0.080811 0.460449
vn 0.707118 0.000000 -0.707096
v 0.007308 0.272441 -0.274316
vt 0.087402 0.711426
vn 0.635145 0.772259 -0.014384
v 0.000000 0.271705 -0.277246
vt 0.080811 0.711426
vn 0.707118 0.000000 -0.707096
v 0.007308 0.243178 -0.266191
vt 0.087463 0.736572
vn 0.625887 0.779710 -0.017832
v 0.000000 0.242313 -0.269085
vt 0.080811 0.736572
vn 0.707118 0.000000 -0.707096
v 0.007308 0.421973 -0.296683
vt 0.087463 0.585938
vn 0.679861 0.733341 0.000022
v 0.000000 0.421735 -0.299699
vt 0.080811 0.585938
vn 0.707118 0.000000 -0.707096
v 0.007308 0.391875 -0.294002
vt 0.087463 0.611084
vn 0.678101 0.734959 -0.003740
v 0.000000 0.391565 -0.297010
vt 0.080811 0.611084
vn 0.707118 0.000000 -0.707096
v 0.000000 0.423361 -0.279104
vt 0.107239 0.585938
vn -0.707118 0.000000 -0.707096
v 0.000000 0.393682 -0.276466
vt 0.107239 0.611084
vn -0.707118 0.000000 -0.707096
v -0.007308 0.423122 -0.282120
vt 0.113831 0.585938
vn -0.965059 0.048047 -0.257591
v -0.007308 0.393372 -0.279474
vt 0.113831 0.611084
vn -0.966854 0.054649 -0.249413
v -0.007308 0.482801 -0.286036
vt 0.113892 0.535645
vn -0.957141 0.020878 -0.288870
v 0.000000 0.482924 -0.283012
vt 0.107239 0.535645
vn -0.707118 0.000000 -0.707096
v -0.007308 0.452931 -0.284440
vt 0.113831 0.561035
vn -0.961081 0.034684 -0.274082
v 0.000000 0.453109 -0.281419
vt 0.107239 0.561035
vn -0.707118 0.000000 -0.707096
v -0.007308 0.452072 -0.299025
vt 0.127075 0.560791
vn 0.960436 0.034570 -0.276347
v -0.007308 0.482206 -0.300634
vt 0.127075 0.535645
vn 0.955885 0.020965 -0.292993
v -0.010335 0.452502 -0.291733
vt 0.120483 0.560791
vn 0.998460 0.000016 0.055467
v -0.010335 0.482503 -0.293335
vt 0.120483 0.535645
vn 0.999496 0.000016 0.031739
v 0.000000 0.482083 -0.303658
vt 0.133667 0.535645
vn 0.707118 0.000000 -0.707096
v 0.000000 0.451894 -0.302046
vt 0.133667 0.560791
vn 0.707118 0.000000 -0.707096
v -0.010335 0.422548 -0.289402
vt 0.120422 0.585938
vn 0.996865 0.000016 0.079122
v -0.010335 0.392623 -0.286738
vt 0.120422 0.611084
vn 0.995495 0.000017 0.094816
v -0.007308 0.421973 -0.296683
vt 0.126953 0.585938
vn 0.965067 0.048087 -0.257554
v -0.007308 0.391875 -0.294002
vt 0.126953 0.611084
vn 0.966265 0.054443 -0.251731
v 0.000000 0.421735 -0.299699
vt 0.133545 0.585938
vn 0.707118 0.000000 -0.707096
v 0.000000 0.391565 -0.297010
vt 0.133545 0.611084
vn 0.707118 0.000000 -0.707096
v 0.007308 0.482206 -0.300634
vt 0.087341 0.535645
vn 0.697298 0.716771 -0.003873
v 0.000000 0.482083 -0.303658
vt 0.080750 0.535645
vn 0.707118 0.000000 -0.707096
v 0.007308 0.452072 -0.299025
vt 0.087402 0.560791
vn 0.689563 0.724216 -0.003829
v 0.000000 0.451894 -0.302046
vt 0.080811 0.560791
vn 0.707118 0.000000 -0.707096
v 0.010335 0.482503 -0.293335
vt 0.093994 0.535645
vn -0.000022 0.728515 0.685030
v 0.010335 0.452502 -0.291733
vt 0.093994 0.560791
vn -0.000022 0.747985 0.663715
v 0.007308 0.482801 -0.286036
vt 0.100586 0.535645
vn -0.693362 0.720579 0.003873
v 0.007308 0.452931 -0.284440
vt 0.100586 0.561035
vn -0.687559 0.726129 0.000021
v 0.010335 0.422548 -0.289402
vt 0.094055 0.585938
vn -0.000022 0.757030 0.653381
v 0.010335 0.392623 -0.286738
vt 0.094055 0.611084
vn -0.000021 0.765680 0.643222
v 0.007308 0.423122 -0.282120
vt 0.100647 0.585938
vn -0.679884 0.733320 -0.000021
v 0.007308 0.393372 -0.279474
vt 0.100647 0.611084
vn -0.676098 0.736811 0.000022
v 0.000000 0.276731 -0.257240
vt 0.107178 0.711670
vn -0.707118 0.000000 -0.707096
v 0.000000 0.248220 -0.249326
vt 0.107178 0.736572
vn -0.707118 0.000000 -0.707096
v -0.007308 0.275995 -0.260170
vt 0.113770 0.711670
vn -0.979633 0.140366 -0.143586
v -0.007308 0.247355 -0.252220
vt 0.113770 0.736572
vn -0.979843 0.157493 -0.122899
v -0.007308 0.363690 -0.276523
vt 0.113831 0.635986
vn -0.970072 0.067562 -0.233229
v 0.000000 0.364087 -0.273526
vt 0.107239 0.635986
vn -0.707118 0.000000 -0.707096
v -0.007308 0.334157 -0.272611
vt 0.113831 0.661133
vn -0.975079 0.092538 -0.201636
v 0.000000 0.334656 -0.269630
vt 0.107178 0.661133
vn -0.707118 0.000000 -0.707096
v -0.007308 0.331748 -0.287006
vt 0.127075 0.661377
vn 0.974265 0.092813 -0.205412
v -0.007308 0.361771 -0.290996
vt 0.126953 0.636230
vn 0.969105 0.067769 -0.237154
v -0.010335 0.332953 -0.279808
vt 0.120422 0.661377
vn 0.988222 0.003896 0.152977
v -0.010335 0.362731 -0.283760
vt 0.120422 0.636230
vn 0.992990 0.000017 0.118200
v 0.000000 0.361374 -0.293994
vt 0.133667 0.636230
vn 0.707118 0.000000 -0.707096
v 0.000000 0.331249 -0.289987
vt 0.133667 0.661377
vn 0.707118 0.000000 -0.707096
v -0.010335 0.274218 -0.267243
vt 0.120361 0.711670
vn 0.969671 0.000019 0.244414
v -0.010335 0.245266 -0.259205
vt 0.120361 0.736572
vn 0.960621 0.000019 0.277862
v -0.007308 0.272441 -0.274316
vt 0.126953 0.711426
vn 0.979046 0.140781 -0.147141
v -0.007308 0.243178 -0.266191
vt 0.126831 0.736572
vn 0.979328 0.157957 -0.126354
v -0.007308 0.301950 -0.281406
vt 0.126953 0.686279
vn 0.977393 0.117298 -0.175908
v -0.010335 0.303430 -0.274262
vt 0.120422 0.686523
vn 0.981310 0.003899 0.192395
v 0.000000 0.301337 -0.284364
vt 0.133667 0.686279
vn 0.707118 0.000000 -0.707096
v 0.000000 0.271705 -0.277246
vt 0.133545 0.711426
vn 0.707118 0.000000 -0.707096
v 0.000000 0.242313 -0.269085
vt 0.133423 0.736572
vn 0.707118 0.000000 -0.707096
v -0.007308 0.304909 -0.267119
vt 0.113831 0.686523
vn -0.978088 0.116953 -0.172239
v 0.000000 0.305522 -0.264160
vt 0.107178 0.686523
vn -0.707118 0.000000 -0.707096
v 0.007308 0.361771 -0.290996
vt 0.087402 0.636230
vn 0.672293 0.740246 -0.007519
v 0.000000 0.361374 -0.293994
vt 0.080811 0.636230
vn 0.707118 0.000000 -0.707096
v 0.007308 0.331748 -0.287006
vt 0.087341 0.661377
vn 0.657457 0.753457 -0.007336
v 0.000000 0.331249 -0.289987
vt 0.080750 0.661377
vn 0.707118 0.000000 -0.707096
v 0.010335 0.362731 -0.283760
vt 0.093994 0.636230
vn -0.000021 0.777944 0.628334
v 0.010335 0.332953 -0.279808
vt 0.093933 0.661377
vn 0.009612 0.801079 0.598481
v 0.007308 0.363690 -0.276523
vt 0.100586 0.635986
vn -0.668571 0.743649 0.000022
v 0.007308 0.334157 -0.272611
vt 0.100586 0.661133
vn -0.653840 0.756633 0.000021
v 0.010335 0.274218 -0.267243
vt 0.093994 0.711426
vn -0.000021 0.832743 0.553660
v 0.010335 0.245266 -0.259205
vt 0.093994 0.736572
vn -0.000021 0.844759 0.535147
v 0.007308 0.275995 -0.260170
vt 0.100586 0.711670
vn -0.628187 0.778030 -0.007138
v 0.007308 0.247355 -0.252220
vt 0.100586 0.736572
vn -0.619062 0.785270 -0.010644
v 0.007308 0.304909 -0.267119
vt 0.100586 0.686523
vn -0.637363 0.770556 -0.003597
v 0.010335 0.303430 -0.274262
vt 0.093933 0.686523
vn 0.009257 0.821134 0.570661
v 0.007308 0.301950 -0.281406
vt 0.087341 0.686279
vn 0.644429 0.764587 -0.010855
v 0.000000 0.301337 -0.284364
vt 0.080750 0.686279
vn 0.707118 0.000000 -0.707096
v 0.007308 0.130518 -0.219622
vt 0.087463 0.836914
vn 0.565559 0.822648 -0.058247
v 0.000000 0.128876 -0.222119
vt 0.080872 0.836914
vn 0.707118 0.000000 -0.707096
v 0.007308 0.105492 -0.201561
vt 0.087402 0.861938
vn 0.541155 0.837273 -0.078264
v 0.000000 0.103579 -0.203849
vt 0.080750 0.861938
vn 0.707118 0.000000 -0.707096
v 0.000000 0.140088 -0.205069
vt 0.107178 0.836670
vn -0.707118 0.000000 -0.707096
v 0.000000 0.116644 -0.188229
vt 0.107178 0.861938
vn -0.707118 0.000000 -0.707096
v -0.007308 0.138446 -0.207566
vt 0.113770 0.836792
vn -0.965304 0.260326 0.020478
v -0.007308 0.114731 -0.190516
vt 0.113770 0.861938
vn -0.959778 0.270291 0.075948
v -0.007308 0.218993 -0.243439
vt 0.113770 0.761597
vn -0.979367 0.174108 -0.102598
v 0.000000 0.219997 -0.240593
vt 0.107178 0.761475
vn -0.707118 0.000000 -0.707096
v -0.007308 0.191140 -0.233424
vt 0.113770 0.786621
vn -0.977112 0.200869 -0.070022
v 0.000000 0.192312 -0.230652
vt 0.107178 0.786499
vn -0.707118 0.000000 -0.707096
v -0.007308 0.185484 -0.246810
vt 0.126831 0.786865
vn 0.976755 0.201462 -0.073233
v -0.007308 0.214145 -0.257178
vt 0.126953 0.761719
vn 0.978919 0.174620 -0.105952
v -0.010335 0.188312 -0.240117
vt 0.120300 0.786743
vn 0.933025 0.003938 0.359790
v -0.010335 0.216569 -0.250308
vt 0.120361 0.761597
vn 0.950619 0.003918 0.310337
v 0.000000 0.213141 -0.260024
vt 0.133545 0.761719
vn 0.707118 0.000000 -0.707096
v 0.000000 0.184313 -0.249582
vt 0.133423 0.786865
vn 0.707118 0.000000 -0.707096
v -0.010335 0.134482 -0.213594
vt 0.120300 0.836792
vn 0.855370 0.007819 0.517959
v -0.010335 0.110112 -0.196039
vt 0.120361 0.861938
vn 0.777734 0.007833 0.628544
v -0.007308 0.130518 -0.219622
vt 0.126831 0.836914
vn 0.963569 0.267314 0.008834
v -0.007308 0.105492 -0.201561
vt 0.126831 0.861938
vn 0.958996 0.276154 0.063761
v -0.007308 0.157444 -0.234507
vt 0.126831 0.811890
vn 0.971653 0.233197 -0.038847
v -0.010335 0.160790 -0.228089
vt 0.120300 0.811768
vn 0.906536 0.007810 0.422057
v 0.000000 0.156058 -0.237166
vt 0.133423 0.811890
vn 0.707118 0.000000 -0.707096
v 0.000000 0.128876 -0.222119
vt 0.133423 0.836914
vn 0.707118 0.000000 -0.707096
v 0.000000 0.103579 -0.203849
vt 0.133545 0.861938
vn 0.707118 0.000000 -0.707096
v -0.007308 0.164136 -0.221671
vt 0.113770 0.811646
vn -0.971346 0.236180 -0.026571
v 0.000000 0.165522 -0.219013
vt 0.107178 0.811523
vn -0.707118 0.000000 -0.707096
v 0.007308 0.214145 -0.257178
vt 0.087402 0.761719
vn 0.613304 0.789565 -0.021098
v 0.000000 0.213141 -0.260024
vt 0.080811 0.761719
vn 0.707118 0.000000 -0.707096
v 0.007308 0.185484 -0.246810
vt 0.087463 0.786865
vn 0.601994 0.798011 -0.027956
v 0.000000 0.184313 -0.249582
vt 0.080811 0.786865
vn 0.707118 0.000000 -0.707096
v 0.010335 0.216569 -0.250308
vt 0.093994 0.761597
vn 0.008561 0.860446 0.509469
v 0.010335 0.188312 -0.240117
vt 0.093994 0.786743
vn 0.008272 0.877227 0.480005
v 0.007308 0.218993 -0.243439
vt 0.100586 0.761597
vn -0.606645 0.794851 -0.013931
v 0.007308 0.191140 -0.233424
vt 0.100586 0.786621
vn -0.595461 0.803116 -0.020770
v 0.010335 0.134482 -0.213594
vt 0.093994 0.836792
vn 0.014974 0.919019 0.393929
v 0.010335 0.110112 -0.196039
vt 0.093933 0.861938
vn 0.014377 0.939567 0.342062
v 0.007308 0.138446 -0.207566
vt 0.100525 0.836792
vn -0.550362 0.833799 -0.043369
v 0.007308 0.114731 -0.190516
vt 0.100525 0.861938
vn -0.527039 0.847220 -0.066688
v 0.007308 0.164136 -0.221671
vt 0.100586 0.811646
vn -0.575520 0.817213 -0.030646
v 0.010335 0.160790 -0.228089
vt 0.093994 0.811768
vn 0.015797 0.898209 0.439285
v 0.007308 0.157444 -0.234507
vt 0.087463 0.811890
vn 0.587263 0.808336 -0.041421
v 0.000000 0.156058 -0.237166
vt 0.080872 0.811890
vn 0.707118 0.000000 -0.707096
v 0.000000 0.049359 -0.095553
vt 0.107117 0.962219
vn -0.707118 0.000000 -0.707096
v 0.000000 0.039109 -0.068424
vt 0.107117 0.987221
vn -0.707118 0.000000 -0.707096
v -0.007308 0.046618 -0.096760
vt 0.113708 0.962219
vn -0.905276 0.324829 0.273793
v -0.007308 0.036259 -0.069345
vt 0.113708 0.987213
vn -0.889297 0.338228 0.307818
v -0.007308 0.093614 -0.170384
vt 0.113770 0.887085
vn -0.950585 0.281976 0.129917
v 0.000000 0.095787 -0.168348
vt 0.107117 0.887085
vn -0.707118 0.000000 -0.707096
v -0.007308 0.075218 -0.147722
vt 0.113708 0.912170
vn -0.936407 0.295510 0.189250
v 0.000000 0.077624 -0.145958
vt 0.107117 0.912170
vn -0.707118 0.000000 -0.707096
v -0.007308 0.063603 -0.156239
vt 0.126709 0.912048
vn 0.937876 0.302655 0.169672
v -0.007308 0.083119 -0.180219
vt 0.126709 0.887024
vn 0.950347 0.288259 0.117244
v -0.010335 0.069411 -0.151980
vt 0.120239 0.912109
vn 0.601229 0.007886 0.799038
v -0.010335 0.088366 -0.175302
vt 0.120300 0.887024
vn 0.691161 0.007831 0.722659
v 0.000000 0.080946 -0.182256
vt 0.133301 0.887024
vn 0.707118 0.000000 -0.707096
v 0.000000 0.061197 -0.158003
vt 0.133301 0.912048
vn 0.707118 0.000000 -0.707096
v -0.010335 0.040000 -0.099674
vt 0.120239 0.962189
vn 0.418504 0.007881 0.908181
v -0.010335 0.029377 -0.071567
vt 0.120239 0.987206
vn 0.325734 0.007944 0.945428
v -0.007308 0.033383 -0.102588
vt 0.126709 0.962158
vn 0.907899 0.330442 0.257929
v -0.007308 0.022496 -0.073789
vt 0.126709 0.987190
vn 0.894540 0.344930 0.284291
v -0.007308 0.047030 -0.130207
vt 0.126709 0.937134
vn 0.923263 0.315851 0.218687
v -0.010335 0.053295 -0.126619
vt 0.120239 0.937134
vn 0.512133 0.007848 0.858870
v 0.000000 0.044434 -0.131693
vt 0.133301 0.937134
vn 0.707118 0.000000 -0.707096
v 0.000000 0.030642 -0.103795
vt 0.133301 0.962158
vn 0.707118 0.000000 -0.707096
v 0.000000 0.019646 -0.074709
vt 0.133301 0.987175
vn 0.707118 0.000000 -0.707096
v -0.007308 0.059561 -0.123032
vt 0.113708 0.937195
vn -0.919818 0.310076 0.240392
v 0.000000 0.062157 -0.121546
vt 0.107117 0.937195
vn -0.707118 0.000000 -0.707096
v 0.007308 0.083119 -0.180219
vt 0.087524 0.887024
vn 0.520151 0.847377 -0.106743
v 0.000000 0.080946 -0.182256
vt 0.080933 0.887024
vn 0.707118 0.000000 -0.707096
v 0.007308 0.063603 -0.156239
vt 0.087524 0.912048
vn 0.500898 0.854668 -0.136540
v 0.000000 0.061197 -0.158003
vt 0.080933 0.912048
vn 0.707118 0.000000 -0.707096
v 0.010335 0.088366 -0.175302
vt 0.093994 0.887024
vn 0.013934 0.955975 0.293116
v 0.010335 0.069411 -0.151980
vt 0.094055 0.912109
vn 0.013809 0.968387 0.249072
v 0.007308 0.093614 -0.170384
vt 0.100525 0.887085
vn -0.506241 0.857201 -0.094481
v 0.007308 0.075218 -0.147722
vt 0.100525 0.912170
vn -0.487240 0.863852 -0.127892
v 0.010335 0.040000 -0.099674
vt 0.093994 0.962189
vn 0.013866 0.985912 0.166689
v 0.010335 0.029377 -0.071567
vt 0.093994 0.987206
vn 0.014093 0.991338 0.130580
v 0.007308 0.046618 -0.096760
vt 0.100525 0.962219
vn -0.455895 0.867617 -0.198499
v 0.007308 0.036259 -0.069345
vt 0.100525 0.987213
vn -0.447101 0.863579 -0.233091
v 0.007308 0.059561 -0.123032
vt 0.100525 0.937195
vn -0.469429 0.867688 -0.163567
v 0.010335 0.053295 -0.126619
vt 0.093994 0.937134
vn 0.013774 0.978302 0.206724
v 0.007308 0.047030 -0.130207
vt 0.087463 0.937134
vn 0.483216 0.858234 -0.173019
v 0.000000 0.044434 -0.131693
vt 0.080872 0.937073
vn 0.707118 0.000000 -0.707096
v 0.007308 0.264520 0.357072
vt 0.018646 0.461914
vn 0.323384 0.222777 -0.919670
v 0.000000 0.263439 0.359890
vt 0.012039 0.461914
vn 0.707118 0.000000 -0.707096
v 0.007308 0.293215 0.366951
vt 0.018631 0.486816
vn 0.323179 0.193899 -0.926260
v 0.000000 0.292259 0.369818
vt 0.012024 0.486816
vn 0.707118 0.000000 -0.707096
v 0.007308 0.034034 0.167392
vt 0.018799 0.210938
vn 0.374140 0.657844 -0.653652
v 0.000000 0.031302 0.168596
vt 0.012184 0.210938
vn 0.707118 0.000000 -0.707096
v 0.007308 0.048032 0.194883
vt 0.018753 0.235840
vn 0.363401 0.606981 -0.706763
v 0.000000 0.045459 0.196390
vt 0.012161 0.235840
vn 0.707118 0.000000 -0.707096
v 0.007308 0.008545 0.016879
vt 0.018860 0.085449
vn 0.418842 0.810374 -0.409714
v 0.000000 0.005552 0.016785
vt 0.012260 0.085449
vn 0.707118 0.000000 -0.707096
v 0.007308 0.009462 0.047524
vt 0.018875 0.110352
vn 0.410892 0.794653 -0.446872
v 0.000000 0.006472 0.047665
vt 0.012291 0.110352
vn 0.707118 0.000000 -0.707096
v 0.000000 0.025985 0.017427
vt 0.038513 0.085938
vn -0.707118 0.000000 -0.707096
v 0.000000 0.026889 0.046703
vt 0.038513 0.110840
vn -0.707118 0.000000 -0.707096
v -0.007308 0.022993 0.017333
vt 0.045105 0.085449
vn -0.813431 0.406678 0.415864
v -0.007308 0.023899 0.046844
vt 0.045074 0.110840
vn -0.801231 0.423101 0.423101
v -0.007308 0.028639 -0.041075
vt 0.045135 0.035156
vn -0.864447 0.359495 0.351418
v 0.000000 0.031568 -0.040448
vt 0.038513 0.035156
vn -0.707118 0.000000 -0.707096
v -0.007308 0.024301 -0.012081
vt 0.045135 0.060547
vn -0.841449 0.382076 0.382076
v 0.000000 0.027275 -0.011734
vt 0.038513 0.060547
vn -0.707118 0.000000 -0.707096
v -0.007308 0.009941 -0.013757
vt 0.058228 0.060547
vn 0.849114 0.390245 0.355970
v -0.007308 0.014500 -0.044101
vt 0.058289 0.035156
vn 0.871006 0.366924 0.326672
v -0.010335 0.017121 -0.012919
vt 0.051666 0.060547
vn 0.119123 0.007912 0.992848
v -0.010335 0.021570 -0.042588
vt 0.051697 0.035156
vn 0.214372 0.007922 0.976720
v -0.007308 0.022496 -0.073789
vt 0.058136 0.010254
vn 0.889443 0.348883 0.295249
v -0.010335 0.029377 -0.071567
vt 0.051636 0.010254
vn 0.309046 0.007913 0.951014
v 0.000000 0.011572 -0.044728
vt 0.064880 0.035156
vn 0.707118 0.000000 -0.707096
v 0.000000 0.019646 -0.074709
vt 0.064697 0.010254
vn 0.707118 0.000000 -0.707096
v 0.000000 0.006967 -0.014104
vt 0.064819 0.060059
vn 0.707118 0.000000 -0.707096
v -0.007308 0.036259 -0.069345
vt 0.045135 0.010254
vn -0.885573 0.339711 0.316792
v 0.000000 0.039109 -0.068424
vt 0.038513 0.010254
vn -0.707118 0.000000 -0.707096
v -0.010335 0.015769 0.017106
vt 0.051636 0.085449
vn 0.015918 0.003968 0.999865
v -0.010335 0.016681 0.047184
vt 0.051605 0.110840
vn 0.007747 0.030971 0.999490
v -0.007308 0.008545 0.016879
vt 0.058167 0.085449
vn 0.825288 0.412632 0.385531
v -0.007308 0.009462 0.047524
vt 0.058136 0.110352
vn 0.810366 0.427423 0.400770
v 0.000000 0.005552 0.016785
vt 0.064758 0.085449
vn 0.707118 0.000000 -0.707096
v 0.000000 0.006472 0.047665
vt 0.064697 0.110352
vn 0.707118 0.000000 -0.707096
v 0.007308 0.014500 -0.044101
vt 0.018738 0.035156
vn 0.443284 0.845817 -0.296805
v 0.000000 0.011572 -0.044728
vt 0.012154 0.035156
vn 0.707118 0.000000 -0.707096
v 0.007308 0.009941 -0.013757
vt 0.018799 0.060059
vn 0.432011 0.829410 -0.354183
v 0.000000 0.006967 -0.014104
vt 0.012207 0.060059
vn 0.707118 0.000000 -0.707096
v 0.010335 0.021570 -0.042588
vt 0.025330 0.035156
vn 0.014477 0.996414 0.083370
v 0.010335 0.017121 -0.012919
vt 0.025345 0.060547
vn 0.015006 0.999180 0.037603
v 0.007308 0.028639 -0.041075
vt 0.031891 0.035156
vn -0.430894 0.853605 -0.292726
v 0.007308 0.024301 -0.012081
vt 0.031891 0.060547
vn -0.418994 0.837891 -0.349832
v 0.007308 0.036259 -0.069345
vt 0.031891 0.010254
vn -0.443078 0.862995 -0.242738
v 0.010335 0.029377 -0.071567
vt 0.025406 0.010254
vn 0.014121 0.992231 0.123609
v 0.007308 0.022496 -0.073789
vt 0.018906 0.010254
vn 0.454344 0.854330 -0.252373
v 0.000000 0.019646 -0.074709
vt 0.012299 0.010254
vn 0.701528 0.000000 -0.712642
v 0.010335 0.015769 0.017106
vt 0.025391 0.085449
vn 0.007859 0.999969 0.000015
v 0.010335 0.016681 0.047184
vt 0.025421 0.110840
vn 0.003985 0.998228 -0.059368
v 0.007308 0.022993 0.017333
vt 0.031921 0.085449
vn -0.405254 0.819511 -0.405179
v 0.007308 0.023899 0.046844
vt 0.031921 0.110840
vn -0.400455 0.800809 -0.445355
v 0.000000 0.049958 0.160376
vt 0.038483 0.210938
vn -0.707118 0.000000 -0.707096
v 0.000000 0.063030 0.186100
vt 0.038483 0.235840
vn -0.707118 0.000000 -0.707096
v -0.007308 0.047226 0.161580
vt 0.045135 0.210938
vn -0.726244 0.509948 0.461002
v -0.007308 0.060457 0.187607
vt 0.045105 0.235840
vn -0.713822 0.537344 0.449132
v -0.007308 0.026511 0.076272
vt 0.045074 0.135742
vn -0.786005 0.437148 0.437148
v 0.000000 0.029480 0.075897
vt 0.038513 0.135742
vn -0.707118 0.000000 -0.707096
v -0.007308 0.030843 0.105419
vt 0.045074 0.160645
vn -0.767908 0.457240 0.448608
v 0.000000 0.033768 0.104794
vt 0.038513 0.160645
vn -0.707118 0.000000 -0.707096
v -0.007308 0.016720 0.108432
vt 0.058136 0.161133
vn 0.780347 0.463070 0.420269
v -0.007308 0.012178 0.078082
vt 0.058075 0.135742
vn 0.795329 0.445720 0.410835
v -0.010335 0.023781 0.106926
vt 0.051605 0.160645
vn 0.007348 0.088523 0.996047
v -0.010335 0.019345 0.077177
vt 0.051575 0.135742
vn 0.007496 0.060021 0.998169
v 0.000000 0.009209 0.078457
vt 0.064697 0.135742
vn 0.707118 0.000000 -0.707096
v 0.000000 0.013795 0.109057
vt 0.064697 0.161133
vn 0.707118 0.000000 -0.707096
v -0.010335 0.040630 0.164486
vt 0.051666 0.210938
vn 0.014068 0.179755 0.983611
v -0.010335 0.054244 0.191245
vt 0.051666 0.235840
vn 0.013866 0.229374 0.973240
v -0.007308 0.034034 0.167392
vt 0.058197 0.210938
vn 0.744138 0.515156 0.425291
v -0.007308 0.048032 0.194883
vt 0.058228 0.235840
vn 0.731152 0.542320 0.413891
v -0.007308 0.023712 0.138385
vt 0.058167 0.186035
vn 0.762394 0.485941 0.427337
v -0.010335 0.030590 0.136205
vt 0.051636 0.186035
vn 0.014404 0.133321 0.990968
v 0.000000 0.020863 0.139288
vt 0.064758 0.186035
vn 0.707118 0.000000 -0.707096
v 0.000000 0.031302 0.168596
vt 0.064819 0.210938
vn 0.707118 0.000000 -0.707096
v 0.000000 0.045459 0.196390
vt 0.064819 0.235840
vn 0.707118 0.000000 -0.707096
v -0.007308 0.037468 0.134025
vt 0.045105 0.185547
vn -0.746958 0.482554 0.457379
v 0.000000 0.040317 0.133122
vt 0.038483 0.185547
vn -0.707118 0.000000 -0.707096
v 0.007308 0.012178 0.078082
vt 0.018921 0.135742
vn 0.403466 0.771423 -0.492059
v 0.000000 0.009209 0.078457
vt 0.012344 0.135742
vn 0.707118 0.000000 -0.707096
v 0.007308 0.016720 0.108432
vt 0.018875 0.161133
vn 0.395298 0.747203 -0.534254
v 0.000000 0.013795 0.109057
vt 0.012283 0.161133
vn 0.707118 0.000000 -0.707096
v 0.010335 0.019345 0.077177
vt 0.025436 0.135742
vn 0.003960 0.992516 -0.122051
v 0.010335 0.023781 0.106926
vt 0.025406 0.160645
vn 0.003957 0.981030 -0.193814
v 0.007308 0.026511 0.076272
vt 0.031921 0.135742
vn -0.390617 0.781133 -0.487082
v 0.007308 0.030843 0.105419
vt 0.031921 0.160645
vn -0.382945 0.757180 -0.529180
v 0.010335 0.040630 0.164486
vt 0.025330 0.210938
vn 0.007930 0.915434 -0.402389
v 0.010335 0.054244 0.191245
vt 0.025314 0.235840
vn 0.007911 0.858883 -0.512110
v 0.007308 0.047226 0.161580
vt 0.031860 0.210938
vn -0.361171 0.665437 -0.653261
v 0.007308 0.060457 0.187607
vt 0.031860 0.235840
vn -0.350767 0.606843 -0.713235
v 0.007308 0.037468 0.134025
vt 0.031891 0.185547
vn -0.371554 0.717963 -0.588623
v 0.010335 0.030590 0.136205
vt 0.025360 0.186035
vn 0.007938 0.956280 -0.292345
v 0.007308 0.023712 0.138385
vt 0.018829 0.186035
vn 0.385194 0.711065 -0.588228
v 0.000000 0.020863 0.139288
vt 0.012238 0.186035
vn 0.707118 0.000000 -0.707096
v 0.007308 0.131599 0.283848
vt 0.018753 0.336426
vn 0.334883 0.394429 -0.855733
v 0.000000 0.129763 0.286235
vt 0.012161 0.336426
vn 0.707118 0.000000 -0.707096
v 0.007308 0.156546 0.301405
vt 0.018768 0.361328
vn 0.332235 0.361752 -0.871066
v 0.000000 0.154868 0.303909
vt 0.012177 0.361328
vn 0.707118 0.000000 -0.707096
v 0.000000 0.142300 0.269935
vt 0.038452 0.336426
vn -0.707118 0.000000 -0.707096
v 0.000000 0.166326 0.286806
vt 0.038452 0.361328
vn -0.707118 0.000000 -0.707096
v -0.007308 0.140464 0.272322
vt 0.045044 0.336426
vn -0.695406 0.628919 0.347665
v -0.007308 0.164648 0.289310
vt 0.045044 0.361328
vn -0.695658 0.636978 0.332143
v -0.007308 0.076793 0.211854
vt 0.045074 0.261230
vn -0.703544 0.565164 0.430830
v 0.000000 0.079179 0.210063
vt 0.038483 0.261230
vn -0.707118 0.000000 -0.707096
v -0.007308 0.095845 0.234095
vt 0.045074 0.286133
vn -0.697679 0.591798 0.403756
v 0.000000 0.098038 0.232056
vt 0.038483 0.286133
vn -0.707118 0.000000 -0.707096
v -0.007308 0.085257 0.243941
vt 0.058167 0.286133
vn 0.711420 0.594153 0.375318
v -0.007308 0.065268 0.220502
vt 0.058136 0.261230
vn 0.720182 0.569802 0.395808
v -0.010335 0.090551 0.239018
vt 0.051636 0.286133
vn 0.014093 0.314043 0.949304
v -0.010335 0.071030 0.216178
vt 0.051605 0.261230
vn 0.013921 0.271889 0.962228
v 0.000000 0.062881 0.222294
vt 0.064697 0.261230
vn 0.707118 0.000000 -0.707096
v 0.000000 0.083065 0.245980
vt 0.064758 0.286133
vn 0.707118 0.000000 -0.707096
v -0.010335 0.136032 0.278085
vt 0.051605 0.336426
vn 0.007333 0.375129 0.926943
v -0.010335 0.160597 0.295358
vt 0.051575 0.361328
vn 0.007490 0.398382 0.917189
v -0.007308 0.131599 0.283848
vt 0.058167 0.336426
vn 0.701231 0.627192 0.338975
v -0.007308 0.156546 0.301405
vt 0.058136 0.361328
vn 0.700511 0.638275 0.319201
v -0.007308 0.107596 0.264931
vt 0.058197 0.311035
vn 0.707413 0.614118 0.349894
v -0.010335 0.112442 0.259532
vt 0.051636 0.311523
vn 0.007194 0.346343 0.938080
v 0.000000 0.105588 0.267167
vt 0.064758 0.311035
vn 0.707118 0.000000 -0.707096
v 0.000000 0.129763 0.286235
vt 0.064758 0.336426
vn 0.707118 0.000000 -0.707096
v 0.000000 0.154868 0.303909
vt 0.064697 0.361328
vn 0.707118 0.000000 -0.707096
v -0.007308 0.117289 0.254134
vt 0.045074 0.311523
vn -0.696274 0.614093 0.371608
v 0.000000 0.119296 0.251898
vt 0.038452 0.311523
vn -0.707118 0.000000 -0.707096
v 0.007308 0.065268 0.220502
vt 0.018814 0.261230
vn 0.354492 0.545361 -0.759550
v 0.000000 0.062881 0.222294
vt 0.012230 0.261230
vn 0.707118 0.000000 -0.707096
v 0.007308 0.085257 0.243941
vt 0.018768 0.286133
vn 0.345998 0.486692 -0.802132
v 0.000000 0.083065 0.245980
vt 0.012177 0.286133
vn 0.707118 0.000000 -0.707096
v 0.010335 0.071030 0.216178
vt 0.025345 0.261230
vn 0.007914 0.795248 -0.606232
v 0.010335 0.090551 0.239018
vt 0.025314 0.286133
vn 0.007941 0.718864 -0.695106
v 0.007308 0.076793 0.211854
vt 0.031860 0.261230
vn -0.342138 0.545766 -0.764906
v 0.007308 0.095845 0.234095
vt 0.031860 0.286133
vn -0.335946 0.490658 -0.803987
v 0.010335 0.136032 0.278085
vt 0.025330 0.336426
vn 0.003984 0.599402 -0.800438
v 0.010335 0.160597 0.295358
vt 0.025330 0.361328
vn 0.003988 0.552913 -0.833230
v 0.007308 0.140464 0.272322
vt 0.031891 0.336426
vn -0.328411 0.391115 -0.859753
v 0.007308 0.164648 0.289310
vt 0.031860 0.361328
vn -0.325763 0.358691 -0.874768
v 0.007308 0.117289 0.254134
vt 0.031860 0.311523
vn -0.331726 0.432275 -0.838508
v 0.010335 0.112442 0.259532
vt 0.025314 0.311523
vn 0.003971 0.652125 -0.758101
v 0.007308 0.107596 0.264931
vt 0.018753 0.311035
vn 0.340432 0.433947 -0.834144
v 0.000000 0.105588 0.267167
vt 0.012154 0.311035
vn 0.707118 0.000000 -0.707096
v 0.000000 0.270821 0.340645
vt 0.038422 0.461914
vn -0.707118 0.000000 -0.707096
v 0.000000 0.298787 0.350244
vt 0.038422 0.486816
vn -0.707118 0.000000 -0.707096
v -0.007308 0.269740 0.343463
vt 0.045044 0.461914
vn -0.698953 0.679250 0.223793
v -0.007308 0.297831 0.353111
vt 0.045044 0.486816
vn -0.701115 0.685314 0.196933
v -0.007308 0.189585 0.305279
vt 0.045044 0.386230
vn -0.694777 0.647908 0.312250
v 0.000000 0.191114 0.302679
vt 0.038452 0.386230
vn -0.707118 0.000000 -0.707096
v -0.007308 0.215420 0.319790
vt 0.045074 0.411621
vn -0.695129 0.659941 0.285084
v 0.000000 0.216800 0.317108
vt 0.038452 0.411621
vn -0.707118 0.000000 -0.707096
v -0.007308 0.208754 0.332742
vt 0.058289 0.411621
vn 0.702106 0.659212 0.269233
v -0.007308 0.182202 0.317837
vt 0.058228 0.386230
vn 0.702071 0.647469 0.296446
v -0.010335 0.212087 0.326266
vt 0.051697 0.411621
vn 0.007882 0.445610 0.895192
v -0.010335 0.185893 0.311558
vt 0.051636 0.386230
vn 0.007597 0.419476 0.907735
v 0.000000 0.180673 0.320437
vt 0.064819 0.386230
vn 0.707118 0.000000 -0.707096
v 0.000000 0.207374 0.335425
vt 0.064880 0.411621
vn 0.707118 0.000000 -0.707096
v -0.010335 0.267130 0.350268
vt 0.051636 0.461914
vn 0.008415 0.501975 0.864841
v -0.010335 0.295523 0.360031
vt 0.051636 0.486816
vn -0.000021 0.518282 0.855210
v -0.007308 0.264520 0.357072
vt 0.058228 0.461914
vn 0.704088 0.676715 0.215213
v -0.007308 0.293215 0.366951
vt 0.058228 0.486816
vn 0.706119 0.682584 0.188351
v -0.007308 0.236277 0.345771
vt 0.058258 0.436523
vn 0.704056 0.668842 0.238653
v -0.010335 0.239240 0.339118
vt 0.051636 0.436523
vn 0.008089 0.474528 0.880203
v 0.000000 0.235050 0.348527
vt 0.064819 0.436523
vn 0.707118 0.000000 -0.707096
v 0.000000 0.263439 0.359890
vt 0.064819 0.461914
vn 0.707118 0.000000 -0.707096
v 0.000000 0.292259 0.369818
vt 0.064819 0.486816
vn 0.707118 0.000000 -0.707096
v -0.007308 0.242204 0.332465
vt 0.045044 0.436523
vn -0.698775 0.671233 0.247304
v 0.000000 0.243431 0.329709
vt 0.038422 0.436523
vn -0.707118 0.000000 -0.707096
v 0.007308 0.182202 0.317837
vt 0.018677 0.386230
vn 0.329195 0.329195 -0.885021
v 0.000000 0.180673 0.320437
vt 0.012062 0.386230
vn 0.707118 0.000000 -0.707096
v 0.007308 0.208754 0.332742
vt 0.018585 0.411621
vn 0.327944 0.298802 -0.896198
v 0.000000 0.207374 0.335425
vt 0.011971 0.411621
vn 0.707118 0.000000 -0.707096
v 0.010335 0.185893 0.311558
vt 0.025253 0.386230
vn 0.003977 0.504646 -0.863317
v 0.010335 0.212087 0.326266
vt 0.025208 0.411621
vn 0.003958 0.458283 -0.888797
v 0.007308 0.189585 0.305279
vt 0.031830 0.386230
vn -0.324089 0.334925 -0.884755
v 0.007308 0.215420 0.319790
vt 0.031799 0.411621
vn -0.321492 0.296167 -0.899404
v 0.010335 0.267130 0.350268
vt 0.025238 0.461914
vn 0.003975 0.348128 -0.937439
v 0.010335 0.295523 0.360031
vt 0.025223 0.486816
vn 0.000000 0.309118 -0.951024
v 0.007308 0.269740 0.343463
vt 0.031830 0.461914
vn -0.319058 0.222243 -0.921309
v 0.007308 0.297831 0.353111
vt 0.031830 0.486816
vn -0.318859 0.193425 -0.927855
v 0.007308 0.242204 0.332465
vt 0.031830 0.436523
vn -0.321117 0.252530 -0.912750
v 0.010335 0.239240 0.339118
vt 0.025223 0.436523
vn 0.003980 0.394423 -0.918920
v 0.007308 0.236277 0.345771
vt 0.018631 0.436523
vn 0.324822 0.259848 -0.909379
v 0.000000 0.235050 0.348527
vt 0.012024 0.436523
vn 0.707118 0.000000 -0.707096
v 0.007308 0.558385 0.424259
vt 0.018524 0.712646
vn 0.317257 0.085564 -0.944472
v 0.000000 0.557938 0.427252
vt 0.011909 0.712646
vn 0.707118 0.000000 -0.707096
v 0.007308 0.588102 0.428368
vt 0.018509 0.737793
vn 0.317257 0.085564 -0.944472
v 0.000000 0.587648 0.431360
vt 0.011902 0.737793
vn 0.707118 0.000000 -0.707096
v 0.007308 0.410032 0.397887
vt 0.018570 0.587158
vn 0.319770 0.135022 -0.937825
v 0.000000 0.409371 0.400839
vt 0.011963 0.587158
vn 0.707118 0.000000 -0.707096
v 0.007308 0.439535 0.404231
vt 0.018555 0.612305
vn 0.317931 0.128619 -0.939349
v 0.000000 0.438927 0.407196
vt 0.011948 0.612305
vn 0.707118 0.000000 -0.707096
v 0.000000 0.413885 0.380676
vt 0.038391 0.587158
vn -0.707118 0.000000 -0.707096
v 0.000000 0.443077 0.386954
vt 0.038391 0.612305
vn -0.707118 0.000000 -0.707096
v -0.007308 0.413224 0.383629
vt 0.044983 0.587158
vn -0.703867 0.695913 0.142392
v -0.007308 0.442469 0.389919
vt 0.044983 0.612305
vn -0.702321 0.698329 0.138135
v -0.007308 0.326334 0.361709
vt 0.045013 0.511963
vn -0.700811 0.688940 0.185001
v 0.000000 0.327192 0.358809
vt 0.038422 0.511963
vn -0.707118 0.000000 -0.707096
v -0.007308 0.355125 0.369534
vt 0.045013 0.536865
vn -0.701322 0.693371 0.165481
v 0.000000 0.355905 0.366611
vt 0.038422 0.536865
vn -0.707118 0.000000 -0.707096
v -0.007308 0.351359 0.383647
vt 0.058228 0.536865
vn 0.706140 0.690446 0.157007
v -0.007308 0.322194 0.375711
vt 0.058228 0.511719
vn 0.706680 0.687080 0.168891
v -0.010335 0.353242 0.376590
vt 0.051605 0.536865
vn -0.000021 0.548429 0.836197
v -0.010335 0.324264 0.368710
vt 0.051636 0.511963
vn -0.000021 0.536276 0.844043
v 0.000000 0.321336 0.378611
vt 0.064819 0.511719
vn 0.707118 0.000000 -0.707096
v 0.000000 0.350580 0.386569
vt 0.064819 0.536865
vn 0.707118 0.000000 -0.707096
v -0.010335 0.411628 0.390758
vt 0.051605 0.587158
vn -0.000021 0.570658 0.821188
v -0.010335 0.441002 0.397075
vt 0.051605 0.612305
vn -0.000021 0.580348 0.814369
v -0.007308 0.410032 0.397887
vt 0.058228 0.587158
vn 0.703839 0.695932 0.142443
v -0.007308 0.439535 0.404231
vt 0.058228 0.612305
vn 0.706999 0.695217 0.129712
v -0.007308 0.380643 0.391020
vt 0.058228 0.562012
vn 0.704651 0.692917 0.152749
v -0.010335 0.382372 0.383923
vt 0.051605 0.562012
vn -0.000021 0.557809 0.829969
v 0.000000 0.379926 0.393960
vt 0.064819 0.562012
vn 0.707118 0.000000 -0.707096
v 0.000000 0.409371 0.400839
vt 0.064819 0.587158
vn 0.707118 0.000000 -0.707096
v 0.000000 0.438927 0.407196
vt 0.064819 0.612305
vn 0.707118 0.000000 -0.707096
v -0.007308 0.384102 0.376826
vt 0.045013 0.562012
vn -0.702222 0.694253 0.157786
v 0.000000 0.384818 0.373886
vt 0.038391 0.562012
vn -0.707118 0.000000 -0.707096
v 0.007308 0.322194 0.375711
vt 0.018616 0.511719
vn 0.322259 0.171871 -0.930919
v 0.000000 0.321336 0.378611
vt 0.012009 0.511719
vn 0.707118 0.000000 -0.707096
v 0.007308 0.351359 0.383647
vt 0.018616 0.536865
vn 0.320901 0.156874 -0.934030
v 0.000000 0.350580 0.386569
vt 0.012001 0.536865
vn 0.707118 0.000000 -0.707096
v 0.010335 0.324264 0.368710
vt 0.025223 0.511963
vn 0.000000 0.275768 -0.961224
v 0.010335 0.353242 0.376590
vt 0.025208 0.536865
vn 0.000000 0.253720 -0.967278
v 0.007308 0.326334 0.361709
vt 0.031799 0.511963
vn -0.317989 0.171448 -0.932464
v 0.007308 0.355125 0.369534
vt 0.031799 0.536865
vn -0.316617 0.156481 -0.935557
v 0.010335 0.411628 0.390758
vt 0.025177 0.587158
vn 0.000000 0.214443 -0.976736
v 0.010335 0.441002 0.397075
vt 0.025162 0.612305
vn 0.000000 0.197640 -0.980275
v 0.007308 0.413224 0.383629
vt 0.031769 0.587158
vn -0.317593 0.135565 -0.938487
v 0.007308 0.442469 0.389919
vt 0.031769 0.612305
vn -0.316078 0.120721 -0.941022
v 0.007308 0.384102 0.376826
vt 0.031799 0.562012
vn -0.316941 0.149521 -0.936585
v 0.010335 0.382372 0.383923
vt 0.025208 0.562012
vn 0.000000 0.229493 -0.973310
v 0.007308 0.380643 0.391020
vt 0.018600 0.562012
vn 0.319127 0.148937 -0.935936
v 0.000000 0.379926 0.393960
vt 0.011993 0.562012
vn 0.707118 0.000000 -0.707096
v 0.000000 0.560993 0.406812
vt 0.038361 0.712646
vn -0.707118 0.000000 -0.707096
v 0.000000 0.590749 0.410929
vt 0.038330 0.737793
vn -0.707118 0.000000 -0.707096
v -0.007308 0.560546 0.409806
vt 0.044952 0.712646
vn -0.706146 0.702165 0.091228
v -0.007308 0.590295 0.413921
vt 0.044952 0.737793
vn -0.706146 0.702165 0.091228
v -0.007308 0.471820 0.395671
vt 0.044983 0.637451
vn -0.703753 0.699794 0.122559
v 0.000000 0.472375 0.392696
vt 0.038361 0.637451
vn -0.707118 0.000000 -0.707096
v -0.007308 0.501283 0.400870
vt 0.044983 0.662598
vn -0.705059 0.701042 0.106917
v 0.000000 0.501789 0.397886
vt 0.038361 0.662598
vn -0.707118 0.000000 -0.707096
v -0.007308 0.498838 0.415276
vt 0.058197 0.662598
vn 0.705033 0.701061 0.106966
v -0.007308 0.469142 0.410034
vt 0.058197 0.637451
vn 0.706080 0.698277 0.117730
v -0.010335 0.500060 0.408073
vt 0.051605 0.662598
vn -0.000021 0.599210 0.800592
v -0.010335 0.470481 0.402853
vt 0.051605 0.637451
vn -0.000021 0.589273 0.807934
v 0.000000 0.468587 0.413009
vt 0.064819 0.637451
vn 0.707118 0.000000 -0.707096
v 0.000000 0.498331 0.418259
vt 0.064819 0.662354
vn 0.707118 0.000000 -0.707096
v -0.010335 0.559466 0.417032
vt 0.051575 0.712646
vn -0.000021 0.613226 0.789908
v -0.010335 0.589199 0.421144
vt 0.051575 0.737793
vn -0.000021 0.613226 0.789908
v -0.007308 0.558385 0.424259
vt 0.058197 0.712646
vn 0.706120 0.702184 0.091277
v -0.007308 0.588102 0.428368
vt 0.058167 0.737793
vn 0.706120 0.702184 0.091277
v -0.007308 0.528606 0.419965
vt 0.058197 0.687500
vn 0.705597 0.701644 0.099138
v -0.010335 0.529736 0.412746
vt 0.051575 0.687500
vn -0.000021 0.608520 0.793538
v 0.000000 0.528138 0.422955
vt 0.064758 0.687500
vn 0.707118 0.000000 -0.707096
v 0.000000 0.557938 0.427252
vt 0.064758 0.712646
vn 0.707118 0.000000 -0.707096
v 0.000000 0.587648 0.431360
vt 0.064758 0.737793
vn 0.707118 0.000000 -0.707096
v -0.007308 0.530866 0.405528
vt 0.044983 0.687744
vn -0.705624 0.701624 0.099089
v 0.000000 0.531334 0.402538
vt 0.038361 0.687744
vn -0.707118 0.000000 -0.707096
v 0.007308 0.469142 0.410034
vt 0.018539 0.637451
vn 0.318457 0.113247 -0.941148
v 0.000000 0.468587 0.413009
vt 0.011925 0.637451
vn 0.707118 0.000000 -0.707096
v 0.007308 0.498838 0.415276
vt 0.018524 0.662354
vn 0.316824 0.099674 -0.943232
v 0.000000 0.498331 0.418259
vt 0.011917 0.662354
vn 0.707118 0.000000 -0.707096
v 0.010335 0.470481 0.402853
vt 0.025146 0.637451
vn 0.000000 0.182378 -0.983229
v 0.010335 0.500060 0.408073
vt 0.025131 0.662598
vn 0.000000 0.158004 -0.987438
v 0.007308 0.471820 0.395671
vt 0.031769 0.637451
vn -0.316343 0.113709 -0.941805
v 0.007308 0.501283 0.400870
vt 0.031738 0.662598
vn -0.316813 0.099629 -0.943241
v 0.010335 0.559466 0.417032
vt 0.025131 0.712646
vn 0.000000 0.134764 -0.990878
v 0.010335 0.589199 0.421144
vt 0.025116 0.737793
vn 0.000000 0.134764 -0.990878
v 0.007308 0.560546 0.409806
vt 0.031738 0.712646
vn -0.317245 0.085520 -0.944480
v 0.007308 0.590295 0.413921
vt 0.031738 0.737793
vn -0.317245 0.085520 -0.944480
v 0.007308 0.530866 0.405528
vt 0.031738 0.687744
vn -0.317019 0.092566 -0.943891
v 0.010335 0.529736 0.412746
vt 0.025131 0.687500
vn 0.000000 0.150294 -0.988641
v 0.007308 0.528606 0.419965
vt 0.018524 0.687500
vn 0.317030 0.092610 -0.943883
v 0.000000 0.528138 0.422955
vt 0.011917 0.687500
vn 0.707118 0.000000 -0.707096
v 0.007308 0.703919 0.450968
vt 0.018829 0.837646
vn 0.319068 0.222294 -0.921293
v 0.000000 0.702737 0.453686
vt 0.012245 0.837646
vn 0.707094 0.011267 -0.707029
v 0.007308 0.730365 0.462854
vt 0.018860 0.862915
vn 0.320579 0.327850 -0.888675
v 0.000000 0.728819 0.465361
vt 0.012299 0.862793
vn 0.707094 0.011267 -0.707029
v 0.000000 0.710808 0.435127
vt 0.038300 0.838379
vn -0.707118 0.000000 -0.707096
v 0.000000 0.739376 0.448244
vt 0.038300 0.863159
vn -0.707118 0.000000 -0.707096
v -0.007308 0.709626 0.437845
vt 0.044891 0.838257
vn -0.714173 0.671406 0.197916
v -0.007308 0.737830 0.450751
vt 0.044830 0.863037
vn -0.716047 0.645954 0.264612
v -0.007308 0.620087 0.418203
vt 0.044952 0.762817
vn -0.707883 0.699997 0.094374
v 0.000000 0.620595 0.415224
vt 0.038330 0.762817
vn -0.707118 0.000000 -0.707096
v -0.007308 0.649972 0.423150
vt 0.044952 0.787964
vn -0.708374 0.696553 0.114110
v 0.000000 0.650611 0.420212
vt 0.038330 0.788086
vn -0.707118 0.000000 -0.707096
v -0.007308 0.646886 0.437334
vt 0.058105 0.787598
vn 0.703057 0.699081 0.130369
v -0.007308 0.617638 0.432586
vt 0.058136 0.762695
vn 0.705033 0.701061 0.106966
v -0.010335 0.648429 0.430242
vt 0.051514 0.787842
vn -0.000021 0.589273 0.807934
v -0.010335 0.618862 0.425394
vt 0.051544 0.762817
vn -0.000021 0.608520 0.793538
v 0.000000 0.617130 0.435565
vt 0.064758 0.762695
vn 0.707118 0.000000 -0.707096
v 0.000000 0.646247 0.440272
vt 0.064697 0.787598
vn 0.707118 0.000000 -0.707096
v -0.010335 0.706772 0.444406
vt 0.051331 0.838013
vn -0.025412 0.511840 0.858705
v -0.010335 0.734097 0.456802
vt 0.051270 0.863037
vn -0.030921 0.436167 0.899334
v -0.007308 0.703919 0.450968
vt 0.057800 0.837769
vn 0.697668 0.678051 0.231314
v -0.007308 0.730365 0.462854
vt 0.057739 0.862915
vn 0.689847 0.646737 0.325334
v -0.007308 0.675773 0.443059
vt 0.057953 0.812622
vn 0.701293 0.693389 0.165532
v -0.010335 0.677873 0.436166
vt 0.051453 0.812988
vn -0.009112 0.563016 0.826396
v 0.000000 0.674904 0.445915
vt 0.064514 0.812500
vn 0.707118 0.000000 -0.707096
v 0.000000 0.702737 0.453686
vt 0.064392 0.837646
vn 0.718227 0.011265 -0.695718
v 0.000000 0.728819 0.465361
vt 0.064331 0.862915
vn 0.707118 0.000000 -0.707096
v -0.007308 0.679973 0.429273
vt 0.044922 0.813232
vn -0.710929 0.687421 0.148436
v 0.000000 0.680843 0.426418
vt 0.038330 0.813354
vn -0.707118 0.000000 -0.707096
v 0.007308 0.617638 0.432586
vt 0.018524 0.762695
vn 0.317030 0.092610 -0.943883
v 0.000000 0.617130 0.435565
vt 0.011917 0.762573
vn 0.707118 0.000000 -0.707096
v 0.007308 0.646886 0.437334
vt 0.018570 0.787598
vn 0.316354 0.113755 -0.941796
v 0.000000 0.646247 0.440272
vt 0.011963 0.787598
vn 0.707118 0.000000 -0.707096
v 0.010335 0.618862 0.425394
vt 0.025116 0.762695
vn 0.000000 0.150294 -0.988641
v 0.010335 0.648429 0.430242
vt 0.025131 0.787842
vn 0.000000 0.182378 -0.983229
v 0.007308 0.620087 0.418203
vt 0.031708 0.762817
vn -0.319175 0.092185 -0.943202
v 0.007308 0.649972 0.423150
vt 0.031708 0.787964
vn -0.320612 0.113962 -0.940330
v 0.010335 0.706772 0.444406
vt 0.025284 0.838013
vn -0.011782 0.352362 -0.935790
v 0.010335 0.734097 0.456802
vt 0.025314 0.862915
vn -0.015639 0.499443 -0.866206
v 0.007308 0.709626 0.437845
vt 0.031738 0.838257
vn -0.331934 0.223670 -0.916401
v 0.007308 0.737830 0.450751
vt 0.031738 0.863037
vn -0.340850 0.326010 -0.881782
v 0.007308 0.679973 0.429273
vt 0.031708 0.813232
vn -0.325124 0.157165 -0.932520
v 0.010335 0.677873 0.436166
vt 0.025192 0.812988
vn -0.003938 0.243438 -0.969908
v 0.007308 0.675773 0.443059
vt 0.018677 0.812622
vn 0.316951 0.149569 -0.936574
v 0.000000 0.674904 0.445915
vt 0.012085 0.812500
vn 0.707094 0.011267 -0.707029
v 0.000000 0.818503 0.544028
vt 0.038239 0.963135
vn -0.707118 0.000000 -0.707096
v 0.000000 0.830844 0.571972
vt 0.038208 0.988564
vn -0.707118 0.000000 -0.707096
v -0.007308 0.815782 0.545325
vt 0.044830 0.963104
vn -0.731877 0.524473 0.435069
v -0.007308 0.828052 0.573143
vt 0.044952 0.988472
vn -0.735013 0.518546 0.436881
v -0.007308 0.762871 0.469314
vt 0.044830 0.887817
vn -0.715841 0.610758 0.338446
v 0.000000 0.764795 0.467101
vt 0.038269 0.887817
vn -0.707118 0.000000 -0.707096
v -0.007308 0.784042 0.492275
vt 0.044830 0.912842
vn -0.725150 0.575339 0.378342
v 0.000000 0.786313 0.490395
vt 0.038239 0.912781
vn -0.707118 0.000000 -0.707096
v -0.007308 0.773076 0.501352
vt 0.057678 0.913025
vn 0.703120 0.568805 0.426713
v -0.007308 0.753578 0.480003
vt 0.057617 0.888000
vn 0.695416 0.605582 0.386869
v -0.010335 0.778559 0.496814
vt 0.051270 0.912903
vn -0.021130 0.288569 0.957226
v -0.010335 0.758224 0.474658
vt 0.051208 0.887878
vn -0.028988 0.354921 0.934447
v 0.000000 0.751654 0.482216
vt 0.064148 0.888062
vn 0.707118 0.000000 -0.707096
v 0.000000 0.770805 0.503232
vt 0.064270 0.913086
vn 0.712683 0.011266 -0.701395
v -0.010335 0.809214 0.548456
vt 0.051392 0.963013
vn -0.007002 0.198762 0.980023
v -0.010335 0.821313 0.575969
vt 0.051636 0.988258
vn -0.000018 0.184075 0.982912
v -0.007308 0.802646 0.551587
vt 0.057953 0.962952
vn 0.722799 0.523781 0.450794
v -0.007308 0.814574 0.578795
vt 0.058258 0.988029
vn 0.725863 0.517897 0.452665
v -0.007308 0.789185 0.525537
vt 0.057831 0.937988
vn 0.713517 0.541148 0.445030
v -0.010335 0.795329 0.521783
vt 0.051331 0.937958
vn -0.013886 0.235950 0.971666
v 0.000000 0.786641 0.527092
vt 0.064392 0.937958
vn 0.712683 0.011266 -0.701395
v 0.000000 0.799925 0.552884
vt 0.064575 0.962860
vn 0.712683 0.011266 -0.701395
v 0.000000 0.811782 0.579966
vt 0.064880 0.987885
vn 0.712683 0.011266 -0.701395
v -0.007308 0.801473 0.518029
vt 0.044830 0.937927
vn -0.731192 0.542311 0.413833
v 0.000000 0.804018 0.516474
vt 0.038239 0.937897
vn -0.707118 0.000000 -0.707096
v 0.007308 0.753578 0.480003
vt 0.018936 0.887939
vn 0.330626 0.438370 -0.835774
v 0.000000 0.751654 0.482216
vt 0.012337 0.888000
vn 0.707118 0.000000 -0.707096
v 0.007308 0.773076 0.501352
vt 0.018829 0.913025
vn 0.340919 0.528593 -0.777409
v 0.000000 0.770805 0.503232
vt 0.012253 0.913025
vn 0.707118 0.000000 -0.707096
v 0.010335 0.758224 0.474658
vt 0.025330 0.887878
vn -0.015717 0.658422 -0.752485
v 0.010335 0.778559 0.496814
vt 0.025253 0.912903
vn -0.011774 0.775809 -0.630859
v 0.007308 0.762871 0.469314
vt 0.031708 0.887817
vn -0.346959 0.437393 -0.829643
v 0.007308 0.784042 0.492275
vt 0.031677 0.912781
vn -0.357687 0.528672 -0.769783
v 0.010335 0.809214 0.548456
vt 0.025070 0.963013
vn -0.003983 0.894412 -0.447227
v 0.010335 0.821313 0.575969
vt 0.024811 0.988243
vn 0.000000 0.908210 -0.418515
v 0.007308 0.815782 0.545325
vt 0.031647 0.963104
vn -0.363592 0.638209 -0.678594
v 0.007308 0.828052 0.573143
vt 0.031494 0.988464
vn -0.365648 0.649944 -0.666240
v 0.007308 0.801473 0.518029
vt 0.031647 0.937897
vn -0.361004 0.595049 -0.718048
v 0.010335 0.795329 0.521783
vt 0.025162 0.937927
vn -0.007933 0.853262 -0.521422
v 0.007308 0.789185 0.525537
vt 0.018661 0.937958
vn 0.350452 0.598454 -0.720442
v 0.000000 0.786641 0.527092
vt 0.012085 0.937927
vn 0.707118 0.000000 -0.707096
usemtl Home_Charger
f 3/3/3 2/2/2 1/1/1
f 4/4/4 2/2/2 3/3/3
f 7/7/7 6/6/6 5/5/5
f 8/8/8 6/6/6 7/7/7
f 11/11/11 10/10/10 9/9/9
f 12/12/12 10/10/10 11/11/11
f 15/15/15 14/14/14 13/13/13
f 16/16/16 14/14/14 15/15/15
f 19/19/19 18/18/18 17/17/17
f 20/20/20 18/18/18 19/19/19
f 23/23/23 22/22/22 21/21/21
f 24/24/24 22/22/22 23/23/23
f 27/27/27 26/26/26 25/25/25
f 28/28/28 26/26/26 27/27/27
f 31/31/31 30/30/30 29/29/29
f 32/32/32 30/30/30 31/31/31
f 30/30/30 33/33/33 29/29/29
f 34/34/34 33/33/33 30/30/30
f 29/29/29 36/36/36 35/35/35
f 33/33/33 36/36/36 29/29/29
f 35/35/35 31/31/31 29/29/29
f 37/37/37 31/31/31 35/35/35
f 26/26/26 38/38/38 25/25/25
f 39/39/39 38/38/38 26/26/26
f 25/25/25 34/34/34 30/30/30
f 38/38/38 34/34/34 25/25/25
f 30/30/30 27/27/27 25/25/25
f 32/32/32 27/27/27 30/30/30
f 42/42/42 41/41/41 40/40/40
f 43/43/43 41/41/41 42/42/42
f 40/40/40 31/31/31 42/42/42
f 32/32/32 31/31/31 40/40/40
f 31/31/31 44/44/44 42/42/42
f 37/37/37 44/44/44 31/31/31
f 44/44/44 43/43/43 42/42/42
f 45/45/45 43/43/43 44/44/44
f 21/21/21 28/28/28 27/27/27
f 22/22/22 28/28/28 21/21/21
f 32/32/32 21/21/21 27/27/27
f 40/40/40 21/21/21 32/32/32
f 40/40/40 23/23/23 21/21/21
f 41/41/41 23/23/23 40/40/40
f 48/48/48 47/47/47 46/46/46
f 49/49/49 47/47/47 48/48/48
f 52/52/52 51/51/51 50/50/50
f 53/53/53 51/51/51 52/52/52
f 51/51/51 54/54/54 50/50/50
f 55/55/55 54/54/54 51/51/51
f 50/50/50 39/39/39 26/26/26
f 54/54/54 39/39/39 50/50/50
f 26/26/26 52/52/52 50/50/50
f 28/28/28 52/52/52 26/26/26
f 47/47/47 56/56/56 46/46/46
f 57/57/57 56/56/56 47/47/47
f 46/46/46 55/55/55 51/51/51
f 56/56/56 55/55/55 46/46/46
f 51/51/51 48/48/48 46/46/46
f 53/53/53 48/48/48 51/51/51
f 60/60/60 59/59/59 58/58/58
f 61/61/61 59/59/59 60/60/60
f 58/58/58 52/52/52 60/60/60
f 53/53/53 52/52/52 58/58/58
f 52/52/52 22/22/22 60/60/60
f 28/28/28 22/22/22 52/52/52
f 22/22/22 61/61/61 60/60/60
f 24/24/24 61/61/61 22/22/22
f 17/17/17 49/49/49 48/48/48
f 18/18/18 49/49/49 17/17/17
f 53/53/53 17/17/17 48/48/48
f 58/58/58 17/17/17 53/53/53
f 58/58/58 19/19/19 17/17/17
f 59/59/59 19/19/19 58/58/58
f 64/64/64 63/63/63 62/62/62
f 65/65/65 63/63/63 64/64/64
f 68/68/68 67/67/67 66/66/66
f 69/69/69 67/67/67 68/68/68
f 72/72/72 71/71/71 70/70/70
f 73/73/73 71/71/71 72/72/72
f 73/73/73 43/43/43 71/71/71
f 41/41/41 43/43/43 73/73/73
f 43/43/43 74/74/74 71/71/71
f 45/45/45 74/74/74 43/43/43
f 71/71/71 75/75/75 70/70/70
f 74/74/74 75/75/75 71/71/71
f 67/67/67 23/23/23 66/66/66
f 24/24/24 23/23/23 67/67/67
f 66/66/66 41/41/41 73/73/73
f 23/23/23 41/41/41 66/66/66
f 73/73/73 68/68/68 66/66/66
f 72/72/72 68/68/68 73/73/73
f 78/78/78 77/77/77 76/76/76
f 79/79/79 77/77/77 78/78/78
f 81/81/81 70/70/70 80/80/80
f 72/72/72 70/70/70 81/81/81
f 70/70/70 82/82/82 80/80/80
f 75/75/75 82/82/82 70/70/70
f 76/76/76 80/80/80 78/78/78
f 81/81/81 80/80/80 76/76/76
f 80/80/80 83/83/83 78/78/78
f 82/82/82 83/83/83 80/80/80
f 83/83/83 79/79/79 78/78/78
f 84/84/84 79/79/79 83/83/83
f 86/86/86 68/68/68 85/85/85
f 69/69/69 68/68/68 86/86/86
f 68/68/68 81/81/81 85/85/85
f 72/72/72 81/81/81 68/68/68
f 62/62/62 85/85/85 64/64/64
f 86/86/86 85/85/85 62/62/62
f 85/85/85 76/76/76 64/64/64
f 81/81/81 76/76/76 85/85/85
f 76/76/76 65/65/65 64/64/64
f 77/77/77 65/65/65 76/76/76
f 89/89/89 88/88/88 87/87/87
f 90/90/90 88/88/88 89/89/89
f 93/93/93 92/92/92 91/91/91
f 94/94/94 92/92/92 93/93/93
f 91/91/91 61/61/61 93/93/93
f 59/59/59 61/61/61 91/91/91
f 61/61/61 67/67/67 93/93/93
f 24/24/24 67/67/67 61/61/61
f 67/67/67 94/94/94 93/93/93
f 69/69/69 94/94/94 67/67/67
f 87/87/87 20/20/20 19/19/19
f 88/88/88 20/20/20 87/87/87
f 59/59/59 87/87/87 19/19/19
f 91/91/91 87/87/87 59/59/59
f 91/91/91 89/89/89 87/87/87
f 92/92/92 89/89/89 91/91/91
f 97/97/97 96/96/96 95/95/95
f 98/98/98 96/96/96 97/97/97
f 100/100/100 94/94/94 99/99/99
f 92/92/92 94/94/94 100/100/100
f 94/94/94 86/86/86 99/99/99
f 69/69/69 86/86/86 94/94/94
f 95/95/95 99/99/99 97/97/97
f 100/100/100 99/99/99 95/95/95
f 99/99/99 62/62/62 97/97/97
f 86/86/86 62/62/62 99/99/99
f 62/62/62 98/98/98 97/97/97
f 63/63/63 98/98/98 62/62/62
f 101/101/101 90/90/90 89/89/89
f 102/102/102 90/90/90 101/101/101
f 92/92/92 101/101/101 89/89/89
f 100/100/100 101/101/101 92/92/92
f 13/13/13 102/102/102 101/101/101
f 14/14/14 102/102/102 13/13/13
f 100/100/100 13/13/13 101/101/101
f 95/95/95 13/13/13 100/100/100
f 95/95/95 15/15/15 13/13/13
f 96/96/96 15/15/15 95/95/95
f 105/105/105 104/104/104 103/103/103
f 106/106/106 104/104/104 105/105/105
f 109/109/109 108/108/108 107/107/107
f 110/110/110 108/108/108 109/109/109
f 113/113/113 112/112/112 111/111/111
f 114/114/114 112/112/112 113/113/113
f 117/117/117 116/116/116 115/115/115
f 118/118/118 116/116/116 117/117/117
f 118/118/118 79/79/79 116/116/116
f 77/77/77 79/79/79 118/118/118
f 79/79/79 119/119/119 116/116/116
f 84/84/84 119/119/119 79/79/79
f 116/116/116 120/120/120 115/115/115
f 119/119/119 120/120/120 116/116/116
f 112/112/112 65/65/65 111/111/111
f 63/63/63 65/65/65 112/112/112
f 111/111/111 77/77/77 118/118/118
f 65/65/65 77/77/77 111/111/111
f 118/118/118 113/113/113 111/111/111
f 117/117/117 113/113/113 118/118/118
f 123/123/123 122/122/122 121/121/121
f 124/124/124 122/122/122 123/123/123
f 126/126/126 115/115/115 125/125/125
f 117/117/117 115/115/115 126/126/126
f 115/115/115 127/127/127 125/125/125
f 120/120/120 127/127/127 115/115/115
f 121/121/121 125/125/125 123/123/123
f 126/126/126 125/125/125 121/121/121
f 125/125/125 128/128/128 123/123/123
f 127/127/127 128/128/128 125/125/125
f 128/128/128 124/124/124 123/123/123
f 129/129/129 124/124/124 128/128/128
f 131/131/131 113/113/113 130/130/130
f 114/114/114 113/113/113 131/131/131
f 113/113/113 126/126/126 130/130/130
f 117/117/117 126/126/126 113/113/113
f 107/107/107 130/130/130 109/109/109
f 131/131/131 130/130/130 107/107/107
f 130/130/130 121/121/121 109/109/109
f 126/126/126 121/121/121 130/130/130
f 121/121/121 110/110/110 109/109/109
f 122/122/122 110/110/110 121/121/121
f 134/134/134 133/133/133 132/132/132
f 135/135/135 133/133/133 134/134/134
f 138/138/138 137/137/137 136/136/136
f 139/139/139 137/137/137 138/138/138
f 136/136/136 98/98/98 138/138/138
f 96/96/96 98/98/98 136/136/136
f 98/98/98 112/112/112 138/138/138
f 63/63/63 112/112/112 98/98/98
f 112/112/112 139/139/139 138/138/138
f 114/114/114 139/139/139 112/112/112
f 132/132/132 16/16/16 15/15/15
f 133/133/133 16/16/16 132/132/132
f 96/96/96 132/132/132 15/15/15
f 136/136/136 132/132/132 96/96/96
f 136/136/136 134/134/134 132/132/132
f 137/137/137 134/134/134 136/136/136
f 142/142/142 141/141/141 140/140/140
f 143/143/143 141/141/141 142/142/142
f 145/145/145 139/139/139 144/144/144
f 137/137/137 139/139/139 145/145/145
f 139/139/139 131/131/131 144/144/144
f 114/114/114 131/131/131 139/139/139
f 140/140/140 144/144/144 142/142/142
f 145/145/145 144/144/144 140/140/140
f 144/144/144 107/107/107 142/142/142
f 131/131/131 107/107/107 144/144/144
f 107/107/107 143/143/143 142/142/142
f 108/108/108 143/143/143 107/107/107
f 146/146/146 135/135/135 134/134/134
f 147/147/147 135/135/135 146/146/146
f 137/137/137 146/146/146 134/134/134
f 145/145/145 146/146/146 137/137/137
f 103/103/103 147/147/147 146/146/146
f 104/104/104 147/147/147 103/103/103
f 145/145/145 103/103/103 146/146/146
f 140/140/140 103/103/103 145/145/145
f 140/140/140 105/105/105 103/103/103
f 141/141/141 105/105/105 140/140/140
f 150/150/150 149/149/149 148/148/148
f 151/151/151 149/149/149 150/150/150
f 154/154/154 153/153/153 152/152/152
f 155/155/155 153/153/153 154/154/154
f 158/158/158 157/157/157 156/156/156
f 159/159/159 157/157/157 158/158/158
f 159/159/159 124/124/124 157/157/157
f 122/122/122 124/124/124 159/159/159
f 124/124/124 160/160/160 157/157/157
f 129/129/129 160/160/160 124/124/124
f 157/157/157 161/161/161 156/156/156
f 160/160/160 161/161/161 157/157/157
f 153/153/153 110/110/110 152/152/152
f 108/108/108 110/110/110 153/153/153
f 152/152/152 122/122/122 159/159/159
f 110/110/110 122/122/122 152/152/152
f 159/159/159 154/154/154 152/152/152
f 158/158/158 154/154/154 159/159/159
f 164/164/164 163/163/163 162/162/162
f 165/165/165 163/163/163 164/164/164
f 167/167/167 156/156/156 166/166/166
f 158/158/158 156/156/156 167/167/167
f 156/156/156 168/168/168 166/166/166
f 161/161/161 168/168/168 156/156/156
f 162/162/162 166/166/166 164/164/164
f 167/167/167 166/166/166 162/162/162
f 166/166/166 169/169/169 164/164/164
f 168/168/168 169/169/169 166/166/166
f 169/169/169 165/165/165 164/164/164
f 170/170/170 165/165/165 169/169/169
f 172/172/172 154/154/154 171/171/171
f 155/155/155 154/154/154 172/172/172
f 154/154/154 167/167/167 171/171/171
f 158/158/158 167/167/167 154/154/154
f 148/148/148 171/171/171 150/150/150
f 172/172/172 171/171/171 148/148/148
f 171/171/171 162/162/162 150/150/150
f 167/167/167 162/162/162 171/171/171
f 162/162/162 151/151/151 150/150/150
f 163/163/163 151/151/151 162/162/162
f 175/175/175 174/174/174 173/173/173
f 176/176/176 174/174/174 175/175/175
f 179/179/179 178/178/178 177/177/177
f 180/180/180 178/178/178 179/179/179
f 177/177/177 143/143/143 179/179/179
f 141/141/141 143/143/143 177/177/177
f 143/143/143 153/153/153 179/179/179
f 108/108/108 153/153/153 143/143/143
f 153/153/153 180/180/180 179/179/179
f 155/155/155 180/180/180 153/153/153
f 173/173/173 106/106/106 105/105/105
f 174/174/174 106/106/106 173/173/173
f 141/141/141 173/173/173 105/105/105
f 177/177/177 173/173/173 141/141/141
f 177/177/177 175/175/175 173/173/173
f 178/178/178 175/175/175 177/177/177
f 183/183/183 182/182/182 181/181/181
f 184/184/184 182/182/182 183/183/183
f 186/186/186 180/180/180 185/185/185
f 178/178/178 180/180/180 186/186/186
f 180/180/180 172/172/172 185/185/185
f 155/155/155 172/172/172 180/180/180
f 181/181/181 185/185/185 183/183/183
f 186/186/186 185/185/185 181/181/181
f 185/185/185 148/148/148 183/183/183
f 172/172/172 148/148/148 185/185/185
f 148/148/148 184/184/184 183/183/183
f 149/149/149 184/184/184 148/148/148
f 187/187/187 176/176/176 175/175/175
f 188/188/188 176/176/176 187/187/187
f 178/178/178 187/187/187 175/175/175
f 186/186/186 187/187/187 178/178/178
f 9/9/9 188/188/188 187/187/187
f 10/10/10 188/188/188 9/9/9
f 186/186/186 9/9/9 187/187/187
f 181/181/181 9/9/9 186/186/186
f 181/181/181 11/11/11 9/9/9
f 182/182/182 11/11/11 181/181/181
f 191/191/191 190/190/190 189/189/189
f 192/192/192 190/190/190 191/191/191
f 195/195/195 194/194/194 193/193/193
f 196/196/196 194/194/194 195/195/195
f 199/199/199 198/198/198 197/197/197
f 200/200/200 198/198/198 199/199/199
f 203/203/203 202/202/202 201/201/201
f 204/204/204 202/202/202 203/203/203
f 207/207/207 206/206/206 205/205/205
f 208/208/208 206/206/206 207/207/207
f 208/208/208 165/165/165 206/206/206
f 163/163/163 165/165/165 208/208/208
f 165/165/165 209/209/209 206/206/206
f 170/170/170 209/209/209 165/165/165
f 206/206/206 210/210/210 205/205/205
f 209/209/209 210/210/210 206/206/206
f 202/202/202 151/151/151 201/201/201
f 149/149/149 151/151/151 202/202/202
f 201/201/201 163/163/163 208/208/208
f 151/151/151 163/163/163 201/201/201
f 208/208/208 203/203/203 201/201/201
f 207/207/207 203/203/203 208/208/208
f 213/213/213 212/212/212 211/211/211
f 214/214/214 212/212/212 213/213/213
f 211/211/211 205/205/205 213/213/213
f 207/207/207 205/205/205 211/211/211
f 205/205/205 215/215/215 213/213/213
f 210/210/210 215/215/215 205/205/205
f 215/215/215 214/214/214 213/213/213
f 216/216/216 214/214/214 215/215/215
f 197/197/197 203/203/203 199/199/199
f 204/204/204 203/203/203 197/197/197
f 203/203/203 211/211/211 199/199/199
f 207/207/207 211/211/211 203/203/203
f 211/211/211 200/200/200 199/199/199
f 212/212/212 200/200/200 211/211/211
f 219/219/219 218/218/218 217/217/217
f 220/220/220 218/218/218 219/219/219
f 223/223/223 222/222/222 221/221/221
f 224/224/224 222/222/222 223/223/223
f 221/221/221 184/184/184 223/223/223
f 182/182/182 184/184/184 221/221/221
f 184/184/184 202/202/202 223/223/223
f 149/149/149 202/202/202 184/184/184
f 202/202/202 224/224/224 223/223/223
f 204/204/204 224/224/224 202/202/202
f 217/217/217 12/12/12 11/11/11
f 218/218/218 12/12/12 217/217/217
f 182/182/182 217/217/217 11/11/11
f 221/221/221 217/217/217 182/182/182
f 221/221/221 219/219/219 217/217/217
f 222/222/222 219/219/219 221/221/221
f 227/227/227 226/226/226 225/225/225
f 228/228/228 226/226/226 227/227/227
f 225/225/225 224/224/224 227/227/227
f 222/222/222 224/224/224 225/225/225
f 224/224/224 197/197/197 227/227/227
f 204/204/204 197/197/197 224/224/224
f 197/197/197 228/228/228 227/227/227
f 198/198/198 228/228/228 197/197/197
f 193/193/193 220/220/220 219/219/219
f 194/194/194 220/220/220 193/193/193
f 222/222/222 193/193/193 219/219/219
f 225/225/225 193/193/193 222/222/222
f 225/225/225 195/195/195 193/193/193
f 226/226/226 195/195/195 225/225/225
f 231/231/231 230/230/230 229/229/229
f 232/232/232 230/230/230 231/231/231
f 235/235/235 234/234/234 233/233/233
f 236/236/236 234/234/234 235/235/235
f 239/239/239 238/238/238 237/237/237
f 240/240/240 238/238/238 239/239/239
f 240/240/240 214/214/214 238/238/238
f 212/212/212 214/214/214 240/240/240
f 214/214/214 241/241/241 238/238/238
f 216/216/216 241/241/241 214/214/214
f 238/238/238 242/242/242 237/237/237
f 241/241/241 242/242/242 238/238/238
f 234/234/234 200/200/200 233/233/233
f 198/198/198 200/200/200 234/234/234
f 233/233/233 212/212/212 240/240/240
f 200/200/200 212/212/212 233/233/233
f 240/240/240 235/235/235 233/233/233
f 239/239/239 235/235/235 240/240/240
f 245/245/245 244/244/244 243/243/243
f 246/246/246 244/244/244 245/245/245
f 248/248/248 237/237/237 247/247/247
f 239/239/239 237/237/237 248/248/248
f 237/237/237 249/249/249 247/247/247
f 242/242/242 249/249/249 237/237/237
f 243/243/243 247/247/247 245/245/245
f 248/248/248 247/247/247 243/243/243
f 247/247/247 250/250/250 245/245/245
f 249/249/249 250/250/250 247/247/247
f 250/250/250 246/246/246 245/245/245
f 251/251/251 246/246/246 250/250/250
f 253/253/253 235/235/235 252/252/252
f 236/236/236 235/235/235 253/253/253
f 235/235/235 248/248/248 252/252/252
f 239/239/239 248/248/248 235/235/235
f 229/229/229 252/252/252 231/231/231
f 253/253/253 252/252/252 229/229/229
f 252/252/252 243/243/243 231/231/231
f 248/248/248 243/243/243 252/252/252
f 243/243/243 232/232/232 231/231/231
f 244/244/244 232/232/232 243/243/243
f 256/256/256 255/255/255 254/254/254
f 257/257/257 255/255/255 256/256/256
f 260/260/260 259/259/259 258/258/258
f 261/261/261 259/259/259 260/260/260
f 258/258/258 228/228/228 260/260/260
f 226/226/226 228/228/228 258/258/258
f 228/228/228 234/234/234 260/260/260
f 198/198/198 234/234/234 228/228/228
f 234/234/234 261/261/261 260/260/260
f 236/236/236 261/261/261 234/234/234
f 254/254/254 196/196/196 195/195/195
f 255/255/255 196/196/196 254/254/254
f 226/226/226 254/254/254 195/195/195
f 258/258/258 254/254/254 226/226/226
f 258/258/258 256/256/256 254/254/254
f 259/259/259 256/256/256 258/258/258
f 264/264/264 263/263/263 262/262/262
f 265/265/265 263/263/263 264/264/264
f 267/267/267 261/261/261 266/266/266
f 259/259/259 261/261/261 267/267/267
f 261/261/261 253/253/253 266/266/266
f 236/236/236 253/253/253 261/261/261
f 262/262/262 266/266/266 264/264/264
f 267/267/267 266/266/266 262/262/262
f 266/266/266 229/229/229 264/264/264
f 253/253/253 229/229/229 266/266/266
f 229/229/229 265/265/265 264/264/264
f 230/230/230 265/265/265 229/229/229
f 268/268/268 257/257/257 256/256/256
f 269/269/269 257/257/257 268/268/268
f 259/259/259 268/268/268 256/256/256
f 267/267/267 268/268/268 259/259/259
f 189/189/189 269/269/269 268/268/268
f 190/190/190 269/269/269 189/189/189
f 267/267/267 189/189/189 268/268/268
f 262/262/262 189/189/189 267/267/267
f 262/262/262 191/191/191 189/189/189
f 263/263/263 191/191/191 262/262/262
f 272/272/272 271/271/271 270/270/270
f 273/273/273 271/271/271 272/272/272
f 276/276/276 275/275/275 274/274/274
f 277/277/277 275/275/275 276/276/276
f 280/280/280 279/279/279 278/278/278
f 281/281/281 279/279/279 280/280/280
f 284/284/284 283/283/283 282/282/282
f 285/285/285 283/283/283 284/284/284
f 285/285/285 246/246/246 283/283/283
f 244/244/244 246/246/246 285/285/285
f 246/246/246 286/286/286 283/283/283
f 251/251/251 286/286/286 246/246/246
f 283/283/283 287/287/287 282/282/282
f 286/286/286 287/287/287 283/283/283
f 279/279/279 232/232/232 278/278/278
f 230/230/230 232/232/232 279/279/279
f 278/278/278 244/244/244 285/285/285
f 232/232/232 244/244/244 278/278/278
f 285/285/285 280/280/280 278/278/278
f 284/284/284 280/280/280 285/285/285
f 290/290/290 289/289/289 288/288/288
f 291/291/291 289/289/289 290/290/290
f 293/293/293 282/282/282 292/292/292
f 284/284/284 282/282/282 293/293/293
f 282/282/282 294/294/294 292/292/292
f 287/287/287 294/294/294 282/282/282
f 288/288/288 292/292/292 290/290/290
f 293/293/293 292/292/292 288/288/288
f 292/292/292 295/295/295 290/290/290
f 294/294/294 295/295/295 292/292/292
f 295/295/295 291/291/291 290/290/290
f 296/296/296 291/291/291 295/295/295
f 298/298/298 280/280/280 297/297/297
f 281/281/281 280/280/280 298/298/298
f 280/280/280 293/293/293 297/297/297
f 284/284/284 293/293/293 280/280/280
f 274/274/274 297/297/297 276/276/276
f 298/298/298 297/297/297 274/274/274
f 297/297/297 288/288/288 276/276/276
f 293/293/293 288/288/288 297/297/297
f 288/288/288 277/277/277 276/276/276
f 289/289/289 277/277/277 288/288/288
f 301/301/301 300/300/300 299/299/299
f 302/302/302 300/300/300 301/301/301
f 305/305/305 304/304/304 303/303/303
f 306/306/306 304/304/304 305/305/305
f 303/303/303 265/265/265 305/305/305
f 263/263/263 265/265/265 303/303/303
f 265/265/265 279/279/279 305/305/305
f 230/230/230 279/279/279 265/265/265
f 279/279/279 306/306/306 305/305/305
f 281/281/281 306/306/306 279/279/279
f 299/299/299 192/192/192 191/191/191
f 300/300/300 192/192/192 299/299/299
f 263/263/263 299/299/299 191/191/191
f 303/303/303 299/299/299 263/263/263
f 303/303/303 301/301/301 299/299/299
f 304/304/304 301/301/301 303/303/303
f 309/309/309 308/308/308 307/307/307
f 310/310/310 308/308/308 309/309/309
f 312/312/312 306/306/306 311/311/311
f 304/304/304 306/306/306 312/312/312
f 306/306/306 298/298/298 311/311/311
f 281/281/281 298/298/298 306/306/306
f 307/307/307 311/311/311 309/309/309
f 312/312/312 311/311/311 307/307/307
f 311/311/311 274/274/274 309/309/309
f 298/298/298 274/274/274 311/311/311
f 274/274/274 310/310/310 309/309/309
f 275/275/275 310/310/310 274/274/274
f 313/313/313 302/302/302 301/301/301
f 314/314/314 302/302/302 313/313/313
f 304/304/304 313/313/313 301/301/301
f 312/312/312 313/313/313 304/304/304
f 270/270/270 314/314/314 313/313/313
f 271/271/271 314/314/314 270/270/270
f 312/312/312 270/270/270 313/313/313
f 307/307/307 270/270/270 312/312/312
f 307/307/307 272/272/272 270/270/270
f 308/308/308 272/272/272 307/307/307
f 317/317/317 316/316/316 315/315/315
f 318/318/318 316/316/316 317/317/317
f 321/321/321 320/320/320 319/319/319
f 322/322/322 320/320/320 321/321/321
f 325/325/325 324/324/324 323/323/323
f 326/326/326 324/324/324 325/325/325
f 326/326/326 291/291/291 324/324/324
f 289/289/289 291/291/291 326/326/326
f 291/291/291 327/327/327 324/324/324
f 296/296/296 327/327/327 291/291/291
f 324/324/324 328/328/328 323/323/323
f 327/327/327 328/328/328 324/324/324
f 320/320/320 277/277/277 319/319/319
f 275/275/275 277/277/277 320/320/320
f 319/319/319 289/289/289 326/326/326
f 277/277/277 289/289/289 319/319/319
f 326/326/326 321/321/321 319/319/319
f 325/325/325 321/321/321 326/326/326
f 331/331/331 330/330/330 329/329/329
f 332/332/332 330/330/330 331/331/331
f 334/334/334 323/323/323 333/333/333
f 325/325/325 323/323/323 334/334/334
f 323/323/323 335/335/335 333/333/333
f 328/328/328 335/335/335 323/323/323
f 329/329/329 333/333/333 331/331/331
f 334/334/334 333/333/333 329/329/329
f 333/333/333 336/336/336 331/331/331
f 335/335/335 336/336/336 333/333/333
f 336/336/336 332/332/332 331/331/331
f 337/337/337 332/332/332 336/336/336
f 339/339/339 321/321/321 338/338/338
f 322/322/322 321/321/321 339/339/339
f 321/321/321 334/334/334 338/338/338
f 325/325/325 334/334/334 321/321/321
f 315/315/315 338/338/338 317/317/317
f 339/339/339 338/338/338 315/315/315
f 338/338/338 329/329/329 317/317/317
f 334/334/334 329/329/329 338/338/338
f 329/329/329 318/318/318 317/317/317
f 330/330/330 318/318/318 329/329/329
f 342/342/342 341/341/341 340/340/340
f 343/343/343 341/341/341 342/342/342
f 346/346/346 345/345/345 344/344/344
f 347/347/347 345/345/345 346/346/346
f 344/344/344 310/310/310 346/346/346
f 308/308/308 310/310/310 344/344/344
f 310/310/310 320/320/320 346/346/346
f 275/275/275 320/320/320 310/310/310
f 320/320/320 347/347/347 346/346/346
f 322/322/322 347/347/347 320/320/320
f 340/340/340 273/273/273 272/272/272
f 341/341/341 273/273/273 340/340/340
f 308/308/308 340/340/340 272/272/272
f 344/344/344 340/340/340 308/308/308
f 344/344/344 342/342/342 340/340/340
f 345/345/345 342/342/342 344/344/344
f 350/350/350 349/349/349 348/348/348
f 351/351/351 349/349/349 350/350/350
f 353/353/353 347/347/347 352/352/352
f 345/345/345 347/347/347 353/353/353
f 347/347/347 339/339/339 352/352/352
f 322/322/322 339/339/339 347/347/347
f 348/348/348 352/352/352 350/350/350
f 353/353/353 352/352/352 348/348/348
f 352/352/352 315/315/315 350/350/350
f 339/339/339 315/315/315 352/352/352
f 315/315/315 351/351/351 350/350/350
f 316/316/316 351/351/351 315/315/315
f 354/354/354 343/343/343 342/342/342
f 355/355/355 343/343/343 354/354/354
f 345/345/345 354/354/354 342/342/342
f 353/353/353 354/354/354 345/345/345
f 5/5/5 355/355/355 354/354/354
f 6/6/6 355/355/355 5/5/5
f 353/353/353 5/5/5 354/354/354
f 348/348/348 5/5/5 353/353/353
f 348/348/348 7/7/7 5/5/5
f 349/349/349 7/7/7 348/348/348
f 358/358/358 357/357/357 356/356/356
f 359/359/359 357/357/357 358/358/358
f 362/362/362 361/361/361 360/360/360
f 363/363/363 361/361/361 362/362/362
f 366/366/366 365/365/365 364/364/364
f 367/367/367 365/365/365 366/366/366
f 370/370/370 369/369/369 368/368/368
f 371/371/371 369/369/369 370/370/370
f 374/374/374 373/373/373 372/372/372
f 375/375/375 373/373/373 374/374/374
f 378/378/378 377/377/377 376/376/376
f 379/379/379 377/377/377 378/378/378
f 379/379/379 380/380/380 377/377/377
f 381/381/381 380/380/380 379/379/379
f 380/380/380 382/382/382 377/377/377
f 383/383/383 382/382/382 380/380/380
f 377/377/377 384/384/384 376/376/376
f 382/382/382 384/384/384 377/377/377
f 373/373/373 385/385/385 372/372/372
f 386/386/386 385/385/385 373/373/373
f 372/372/372 381/381/381 379/379/379
f 385/385/385 381/381/381 372/372/372
f 379/379/379 374/374/374 372/372/372
f 378/378/378 374/374/374 379/379/379
f 389/389/389 388/388/388 387/387/387
f 390/390/390 388/388/388 389/389/389
f 387/387/387 376/376/376 389/389/389
f 378/378/378 376/376/376 387/387/387
f 376/376/376 391/391/391 389/389/389
f 384/384/384 391/391/391 376/376/376
f 391/391/391 390/390/390 389/389/389
f 392/392/392 390/390/390 391/391/391
f 368/368/368 374/374/374 370/370/370
f 375/375/375 374/374/374 368/368/368
f 374/374/374 387/387/387 370/370/370
f 378/378/378 387/387/387 374/374/374
f 387/387/387 371/371/371 370/370/370
f 388/388/388 371/371/371 387/387/387
f 395/395/395 394/394/394 393/393/393
f 396/396/396 394/394/394 395/395/395
f 399/399/399 398/398/398 397/397/397
f 400/400/400 398/398/398 399/399/399
f 397/397/397 401/401/401 399/399/399
f 402/402/402 401/401/401 397/397/397
f 401/401/401 373/373/373 399/399/399
f 386/386/386 373/373/373 401/401/401
f 373/373/373 400/400/400 399/399/399
f 375/375/375 400/400/400 373/373/373
f 393/393/393 404/404/404 403/403/403
f 394/394/394 404/404/404 393/393/393
f 402/402/402 393/393/393 403/403/403
f 397/397/397 393/393/393 402/402/402
f 397/397/397 395/395/395 393/393/393
f 398/398/398 395/395/395 397/397/397
f 407/407/407 406/406/406 405/405/405
f 408/408/408 406/406/406 407/407/407
f 405/405/405 400/400/400 407/407/407
f 398/398/398 400/400/400 405/405/405
f 400/400/400 368/368/368 407/407/407
f 375/375/375 368/368/368 400/400/400
f 368/368/368 408/408/408 407/407/407
f 369/369/369 408/408/408 368/368/368
f 364/364/364 396/396/396 395/395/395
f 365/365/365 396/396/396 364/364/364
f 398/398/398 364/364/364 395/395/395
f 405/405/405 364/364/364 398/398/398
f 405/405/405 366/366/366 364/364/364
f 406/406/406 366/366/366 405/405/405
f 411/411/411 410/410/410 409/409/409
f 412/412/412 410/410/410 411/411/411
f 415/415/415 414/414/414 413/413/413
f 416/416/416 414/414/414 415/415/415
f 419/419/419 418/418/418 417/417/417
f 420/420/420 418/418/418 419/419/419
f 420/420/420 390/390/390 418/418/418
f 388/388/388 390/390/390 420/420/420
f 390/390/390 421/421/421 418/418/418
f 392/392/392 421/421/421 390/390/390
f 418/418/418 422/422/422 417/417/417
f 421/421/421 422/422/422 418/418/418
f 414/414/414 371/371/371 413/413/413
f 369/369/369 371/371/371 414/414/414
f 413/413/413 388/388/388 420/420/420
f 371/371/371 388/388/388 413/413/413
f 420/420/420 415/415/415 413/413/413
f 419/419/419 415/415/415 420/420/420
f 425/425/425 424/424/424 423/423/423
f 426/426/426 424/424/424 425/425/425
f 428/428/428 417/417/417 427/427/427
f 419/419/419 417/417/417 428/428/428
f 417/417/417 429/429/429 427/427/427
f 422/422/422 429/429/429 417/417/417
f 423/423/423 427/427/427 425/425/425
f 428/428/428 427/427/427 423/423/423
f 427/427/427 430/430/430 425/425/425
f 429/429/429 430/430/430 427/427/427
f 430/430/430 426/426/426 425/425/425
f 431/431/431 426/426/426 430/430/430
f 433/433/433 415/415/415 432/432/432
f 416/416/416 415/415/415 433/433/433
f 415/415/415 428/428/428 432/432/432
f 419/419/419 428/428/428 415/415/415
f 409/409/409 432/432/432 411/411/411
f 433/433/433 432/432/432 409/409/409
f 432/432/432 423/423/423 411/411/411
f 428/428/428 423/423/423 432/432/432
f 423/423/423 412/412/412 411/411/411
f 424/424/424 412/412/412 423/423/423
f 436/436/436 435/435/435 434/434/434
f 437/437/437 435/435/435 436/436/436
f 440/440/440 439/439/439 438/438/438
f 441/441/441 439/439/439 440/440/440
f 438/438/438 408/408/408 440/440/440
f 406/406/406 408/408/408 438/438/438
f 408/408/408 414/414/414 440/440/440
f 369/369/369 414/414/414 408/408/408
f 414/414/414 441/441/441 440/440/440
f 416/416/416 441/441/441 414/414/414
f 434/434/434 367/367/367 366/366/366
f 435/435/435 367/367/367 434/434/434
f 406/406/406 434/434/434 366/366/366
f 438/438/438 434/434/434 406/406/406
f 438/438/438 436/436/436 434/434/434
f 439/439/439 436/436/436 438/438/438
f 444/444/444 443/443/443 442/442/442
f 445/445/445 443/443/443 444/444/444
f 447/447/447 441/441/441 446/446/446
f 439/439/439 441/441/441 447/447/447
f 441/441/441 433/433/433 446/446/446
f 416/416/416 433/433/433 441/441/441
f 442/442/442 446/446/446 444/444/444
f 447/447/447 446/446/446 442/442/442
f 446/446/446 409/409/409 444/444/444
f 433/433/433 409/409/409 446/446/446
f 409/409/409 445/445/445 444/444/444
f 410/410/410 445/445/445 409/409/409
f 448/448/448 437/437/437 436/436/436
f 449/449/449 437/437/437 448/448/448
f 439/439/439 448/448/448 436/436/436
f 447/447/447 448/448/448 439/439/439
f 360/360/360 449/449/449 448/448/448
f 361/361/361 449/449/449 360/360/360
f 447/447/447 360/360/360 448/448/448
f 442/442/442 360/360/360 447/447/447
f 442/442/442 362/362/362 360/360/360
f 443/443/443 362/362/362 442/442/442
f 452/452/452 451/451/451 450/450/450
f 453/453/453 451/451/451 452/452/452
f 456/456/456 455/455/455 454/454/454
f 457/457/457 455/455/455 456/456/456
f 460/460/460 459/459/459 458/458/458
f 461/461/461 459/459/459 460/460/460
f 464/464/464 463/463/463 462/462/462
f 465/465/465 463/463/463 464/464/464
f 465/465/465 426/426/426 463/463/463
f 424/424/424 426/426/426 465/465/465
f 426/426/426 466/466/466 463/463/463
f 431/431/431 466/466/466 426/426/426
f 463/463/463 467/467/467 462/462/462
f 466/466/466 467/467/467 463/463/463
f 459/459/459 412/412/412 458/458/458
f 410/410/410 412/412/412 459/459/459
f 458/458/458 424/424/424 465/465/465
f 412/412/412 424/424/424 458/458/458
f 465/465/465 460/460/460 458/458/458
f 464/464/464 460/460/460 465/465/465
f 470/470/470 469/469/469 468/468/468
f 471/471/471 469/469/469 470/470/470
f 473/473/473 462/462/462 472/472/472
f 464/464/464 462/462/462 473/473/473
f 462/462/462 474/474/474 472/472/472
f 467/467/467 474/474/474 462/462/462
f 468/468/468 472/472/472 470/470/470
f 473/473/473 472/472/472 468/468/468
f 472/472/472 475/475/475 470/470/470
f 474/474/474 475/475/475 472/472/472
f 475/475/475 471/471/471 470/470/470
f 476/476/476 471/471/471 475/475/475
f 478/478/478 460/460/460 477/477/477
f 461/461/461 460/460/460 478/478/478
f 460/460/460 473/473/473 477/477/477
f 464/464/464 473/473/473 460/460/460
f 454/454/454 477/477/477 456/456/456
f 478/478/478 477/477/477 454/454/454
f 477/477/477 468/468/468 456/456/456
f 473/473/473 468/468/468 477/477/477
f 468/468/468 457/457/457 456/456/456
f 469/469/469 457/457/457 468/468/468
f 481/481/481 480/480/480 479/479/479
f 482/482/482 480/480/480 481/481/481
f 485/485/485 484/484/484 483/483/483
f 486/486/486 484/484/484 485/485/485
f 483/483/483 445/445/445 485/485/485
f 443/443/443 445/445/445 483/483/483
f 445/445/445 459/459/459 485/485/485
f 410/410/410 459/459/459 445/445/445
f 459/459/459 486/486/486 485/485/485
f 461/461/461 486/486/486 459/459/459
f 479/479/479 363/363/363 362/362/362
f 480/480/480 363/363/363 479/479/479
f 443/443/443 479/479/479 362/362/362
f 483/483/483 479/479/479 443/443/443
f 483/483/483 481/481/481 479/479/479
f 484/484/484 481/481/481 483/483/483
f 489/489/489 488/488/488 487/487/487
f 490/490/490 488/488/488 489/489/489
f 492/492/492 486/486/486 491/491/491
f 484/484/484 486/486/486 492/492/492
f 486/486/486 478/478/478 491/491/491
f 461/461/461 478/478/478 486/486/486
f 487/487/487 491/491/491 489/489/489
f 492/492/492 491/491/491 487/487/487
f 491/491/491 454/454/454 489/489/489
f 478/478/478 454/454/454 491/491/491
f 454/454/454 490/490/490 489/489/489
f 455/455/455 490/490/490 454/454/454
f 493/493/493 482/482/482 481/481/481
f 494/494/494 482/482/482 493/493/493
f 484/484/484 493/493/493 481/481/481
f 492/492/492 493/493/493 484/484/484
f 450/450/450 494/494/494 493/493/493
f 451/451/451 494/494/494 450/450/450
f 492/492/492 450/450/450 493/493/493
f 487/487/487 450/450/450 492/492/492
f 487/487/487 452/452/452 450/450/450
f 488/488/488 452/452/452 487/487/487
f 497/497/497 496/496/496 495/495/495
f 498/498/498 496/496/496 497/497/497
f 501/501/501 500/500/500 499/499/499
f 502/502/502 500/500/500 501/501/501
f 505/505/505 504/504/504 503/503/503
f 506/506/506 504/504/504 505/505/505
f 506/506/506 471/471/471 504/504/504
f 469/469/469 471/471/471 506/506/506
f 471/471/471 507/507/507 504/504/504
f 476/476/476 507/507/507 471/471/471
f 504/504/504 508/508/508 503/503/503
f 507/507/507 508/508/508 504/504/504
f 500/500/500 457/457/457 499/499/499
f 455/455/455 457/457/457 500/500/500
f 499/499/499 469/469/469 506/506/506
f 457/457/457 469/469/469 499/499/499
f 506/506/506 501/501/501 499/499/499
f 505/505/505 501/501/501 506/506/506
f 511/511/511 510/510/510 509/509/509
f 512/512/512 510/510/510 511/511/511
f 514/514/514 503/503/503 513/513/513
f 505/505/505 503/503/503 514/514/514
f 503/503/503 515/515/515 513/513/513
f 508/508/508 515/515/515 503/503/503
f 509/509/509 513/513/513 511/511/511
f 514/514/514 513/513/513 509/509/509
f 513/513/513 516/516/516 511/511/511
f 515/515/515 516/516/516 513/513/513
f 516/516/516 512/512/512 511/511/511
f 517/517/517 512/512/512 516/516/516
f 519/519/519 501/501/501 518/518/518
f 502/502/502 501/501/501 519/519/519
f 501/501/501 514/514/514 518/518/518
f 505/505/505 514/514/514 501/501/501
f 495/495/495 518/518/518 497/497/497
f 519/519/519 518/518/518 495/495/495
f 518/518/518 509/509/509 497/497/497
f 514/514/514 509/509/509 518/518/518
f 509/509/509 498/498/498 497/497/497
f 510/510/510 498/498/498 509/509/509
f 522/522/522 521/521/521 520/520/520
f 523/523/523 521/521/521 522/522/522
f 526/526/526 525/525/525 524/524/524
f 527/527/527 525/525/525 526/526/526
f 524/524/524 490/490/490 526/526/526
f 488/488/488 490/490/490 524/524/524
f 490/490/490 500/500/500 526/526/526
f 455/455/455 500/500/500 490/490/490
f 500/500/500 527/527/527 526/526/526
f 502/502/502 527/527/527 500/500/500
f 520/520/520 453/453/453 452/452/452
f 521/521/521 453/453/453 520/520/520
f 488/488/488 520/520/520 452/452/452
f 524/524/524 520/520/520 488/488/488
f 524/524/524 522/522/522 520/520/520
f 525/525/525 522/522/522 524/524/524
f 530/530/530 529/529/529 528/528/528
f 531/531/531 529/529/529 530/530/530
f 533/533/533 527/527/527 532/532/532
f 525/525/525 527/527/527 533/533/533
f 527/527/527 519/519/519 532/532/532
f 502/502/502 519/519/519 527/527/527
f 528/528/528 532/532/532 530/530/530
f 533/533/533 532/532/532 528/528/528
f 532/532/532 495/495/495 530/530/530
f 519/519/519 495/495/495 532/532/532
f 495/495/495 531/531/531 530/530/530
f 496/496/496 531/531/531 495/495/495
f 534/534/534 523/523/523 522/522/522
f 535/535/535 523/523/523 534/534/534
f 525/525/525 534/534/534 522/522/522
f 533/533/533 534/534/534 525/525/525
f 356/356/356 535/535/535 534/534/534
f 357/357/357 535/535/535 356/356/356
f 533/533/533 356/356/356 534/534/534
f 528/528/528 356/356/356 533/533/533
f 528/528/528 358/358/358 356/356/356
f 529/529/529 358/358/358 528/528/528
f 538/538/538 537/537/537 536/536/536
f 539/539/539 537/537/537 538/538/538
f 542/542/542 541/541/541 540/540/540
f 543/543/543 541/541/541 542/542/542
f 546/546/546 545/545/545 544/544/544
f 547/547/547 545/545/545 546/546/546
f 550/550/550 549/549/549 548/548/548
f 551/551/551 549/549/549 550/550/550
f 554/554/554 553/553/553 552/552/552
f 555/555/555 553/553/553 554/554/554
f 555/555/555 512/512/512 553/553/553
f 510/510/510 512/512/512 555/555/555
f 512/512/512 556/556/556 553/553/553
f 517/517/517 556/556/556 512/512/512
f 553/553/553 557/557/557 552/552/552
f 556/556/556 557/557/557 553/553/553
f 549/549/549 498/498/498 548/548/548
f 496/496/496 498/498/498 549/549/549
f 548/548/548 510/510/510 555/555/555
f 498/498/498 510/510/510 548/548/548
f 555/555/555 550/550/550 548/548/548
f 554/554/554 550/550/550 555/555/555
f 560/560/560 559/559/559 558/558/558
f 561/561/561 559/559/559 560/560/560
f 563/563/563 552/552/552 562/562/562
f 554/554/554 552/552/552 563/563/563
f 552/552/552 564/564/564 562/562/562
f 557/557/557 564/564/564 552/552/552
f 558/558/558 562/562/562 560/560/560
f 563/563/563 562/562/562 558/558/558
f 562/562/562 565/565/565 560/560/560
f 564/564/564 565/565/565 562/562/562
f 565/565/565 561/561/561 560/560/560
f 566/566/566 561/561/561 565/565/565
f 568/568/568 550/550/550 567/567/567
f 551/551/551 550/550/550 568/568/568
f 550/550/550 563/563/563 567/567/567
f 554/554/554 563/563/563 550/550/550
f 544/544/544 567/567/567 546/546/546
f 568/568/568 567/567/567 544/544/544
f 567/567/567 558/558/558 546/546/546
f 563/563/563 558/558/558 567/567/567
f 558/558/558 547/547/547 546/546/546
f 559/559/559 547/547/547 558/558/558
f 571/571/571 570/570/570 569/569/569
f 572/572/572 570/570/570 571/571/571
f 575/575/575 574/574/574 573/573/573
f 576/576/576 574/574/574 575/575/575
f 573/573/573 531/531/531 575/575/575
f 529/529/529 531/531/531 573/573/573
f 531/531/531 549/549/549 575/575/575
f 496/496/496 549/549/549 531/531/531
f 549/549/549 576/576/576 575/575/575
f 551/551/551 576/576/576 549/549/549
f 569/569/569 359/359/359 358/358/358
f 570/570/570 359/359/359 569/569/569
f 529/529/529 569/569/569 358/358/358
f 573/573/573 569/569/569 529/529/529
f 573/573/573 571/571/571 569/569/569
f 574/574/574 571/571/571 573/573/573
f 579/579/579 578/578/578 577/577/577
f 580/580/580 578/578/578 579/579/579
f 582/582/582 576/576/576 581/581/581
f 574/574/574 576/576/576 582/582/582
f 576/576/576 568/568/568 581/581/581
f 551/551/551 568/568/568 576/576/576
f 577/577/577 581/581/581 579/579/579
f 582/582/582 581/581/581 577/577/577
f 581/581/581 544/544/544 579/579/579
f 568/568/568 544/544/544 581/581/581
f 544/544/544 580/580/580 579/579/579
f 545/545/545 580/580/580 544/544/544
f 583/583/583 572/572/572 571/571/571
f 584/584/584 572/572/572 583/583/583
f 574/574/574 583/583/583 571/571/571
f 582/582/582 583/583/583 574/574/574
f 540/540/540 584/584/584 583/583/583
f 541/541/541 584/584/584 540/540/540
f 582/582/582 540/540/540 583/583/583
f 577/577/577 540/540/540 582/582/582
f 577/577/577 542/542/542 540/540/540
f 578/578/578 542/542/542 577/577/577
f 587/587/587 586/586/586 585/585/585
f 588/588/588 586/586/586 587/587/587
f 591/591/591 590/590/590 589/589/589
f 592/592/592 590/590/590 591/591/591
f 595/595/595 594/594/594 593/593/593
f 596/596/596 594/594/594 595/595/595
f 596/596/596 561/561/561 594/594/594
f 559/559/559 561/561/561 596/596/596
f 561/561/561 597/597/597 594/594/594
f 566/566/566 597/597/597 561/561/561
f 594/594/594 598/598/598 593/593/593
f 597/597/597 598/598/598 594/594/594
f 590/590/590 547/547/547 589/589/589
f 545/545/545 547/547/547 590/590/590
f 589/589/589 559/559/559 596/596/596
f 547/547/547 559/559/559 589/589/589
f 596/596/596 591/591/591 589/589/589
f 595/595/595 591/591/591 596/596/596
f 601/601/601 600/600/600 599/599/599
f 602/602/602 600/600/600 601/601/601
f 604/604/604 593/593/593 603/603/603
f 595/595/595 593/593/593 604/604/604
f 593/593/593 605/605/605 603/603/603
f 598/598/598 605/605/605 593/593/593
f 599/599/599 603/603/603 601/601/601
f 604/604/604 603/603/603 599/599/599
f 603/603/603 606/606/606 601/601/601
f 605/605/605 606/606/606 603/603/603
f 606/606/606 602/602/602 601/601/601
f 607/607/607 602/602/602 606/606/606
f 609/609/609 591/591/591 608/608/608
f 592/592/592 591/591/591 609/609/609
f 591/591/591 604/604/604 608/608/608
f 595/595/595 604/604/604 591/591/591
f 585/585/585 608/608/608 587/587/587
f 609/609/609 608/608/608 585/585/585
f 608/608/608 599/599/599 587/587/587
f 604/604/604 599/599/599 608/608/608
f 599/599/599 588/588/588 587/587/587
f 600/600/600 588/588/588 599/599/599
f 612/612/612 611/611/611 610/610/610
f 613/613/613 611/611/611 612/612/612
f 616/616/616 615/615/615 614/614/614
f 617/617/617 615/615/615 616/616/616
f 614/614/614 580/580/580 616/616/616
f 578/578/578 580/580/580 614/614/614
f 580/580/580 590/590/590 616/616/616
f 545/545/545 590/590/590 580/580/580
f 590/590/590 617/617/617 616/616/616
f 592/592/592 617/617/617 590/590/590
f 610/610/610 543/543/543 542/542/542
f 611/611/611 543/543/543 610/610/610
f 578/578/578 610/610/610 542/542/542
f 614/614/614 610/610/610 578/578/578
f 614/614/614 612/612/612 610/610/610
f 615/615/615 612/612/612 614/614/614
f 620/620/620 619/619/619 618/618/618
f 621/621/621 619/619/619 620/620/620
f 623/623/623 617/617/617 622/622/622
f 615/615/615 617/617/617 623/623/623
f 617/617/617 609/609/609 622/622/622
f 592/592/592 609/609/609 617/617/617
f 618/618/618 622/622/622 620/620/620
f 623/623/623 622/622/622 618/618/618
f 622/622/622 585/585/585 620/620/620
f 609/609/609 585/585/585 622/622/622
f 585/585/585 621/621/621 620/620/620
f 586/586/586 621/621/621 585/585/585
f 624/624/624 613/613/613 612/612/612
f 625/625/625 613/613/613 624/624/624
f 615/615/615 624/624/624 612/612/612
f 623/623/623 624/624/624 615/615/615
f 536/536/536 625/625/625 624/624/624
f 537/537/537 625/625/625 536/536/536
f 623/623/623 536/536/536 624/624/624
f 618/618/618 536/536/536 623/623/623
f 618/618/618 538/538/538 536/536/536
f 619/619/619 538/538/538 618/618/618
f 628/628/628 627/627/627 626/626/626
f 629/629/629 627/627/627 628/628/628
f 632/632/632 631/631/631 630/630/630
f 633/633/633 631/631/631 632/632/632
f 636/636/636 635/635/635 634/634/634
f 637/637/637 635/635/635 636/636/636
f 640/640/640 639/639/639 638/638/638
f 641/641/641 639/639/639 640/640/640
f 641/641/641 602/602/602 639/639/639
f 600/600/600 602/602/602 641/641/641
f 602/602/602 642/642/642 639/639/639
f 607/607/607 642/642/642 602/602/602
f 639/639/639 643/643/643 638/638/638
f 642/642/642 643/643/643 639/639/639
f 635/635/635 588/588/588 634/634/634
f 586/586/586 588/588/588 635/635/635
f 634/634/634 600/600/600 641/641/641
f 588/588/588 600/600/600 634/634/634
f 641/641/641 636/636/636 634/634/634
f 640/640/640 636/636/636 641/641/641
f 646/646/646 645/645/645 644/644/644
f 647/647/647 645/645/645 646/646/646
f 649/649/649 638/638/638 648/648/648
f 640/640/640 638/638/638 649/649/649
f 638/638/638 650/650/650 648/648/648
f 643/643/643 650/650/650 638/638/638
f 644/644/644 648/648/648 646/646/646
f 649/649/649 648/648/648 644/644/644
f 648/648/648 651/651/651 646/646/646
f 650/650/650 651/651/651 648/648/648
f 651/651/651 647/647/647 646/646/646
f 652/652/652 647/647/647 651/651/651
f 654/654/654 636/636/636 653/653/653
f 637/637/637 636/636/636 654/654/654
f 636/636/636 649/649/649 653/653/653
f 640/640/640 649/649/649 636/636/636
f 630/630/630 653/653/653 632/632/632
f 654/654/654 653/653/653 630/630/630
f 653/653/653 644/644/644 632/632/632
f 649/649/649 644/644/644 653/653/653
f 644/644/644 633/633/633 632/632/632
f 645/645/645 633/633/633 644/644/644
f 657/657/657 656/656/656 655/655/655
f 658/658/658 656/656/656 657/657/657
f 661/661/661 660/660/660 659/659/659
f 662/662/662 660/660/660 661/661/661
f 659/659/659 621/621/621 661/661/661
f 619/619/619 621/621/621 659/659/659
f 621/621/621 635/635/635 661/661/661
f 586/586/586 635/635/635 621/621/621
f 635/635/635 662/662/662 661/661/661
f 637/637/637 662/662/662 635/635/635
f 655/655/655 539/539/539 538/538/538
f 656/656/656 539/539/539 655/655/655
f 619/619/619 655/655/655 538/538/538
f 659/659/659 655/655/655 619/619/619
f 659/659/659 657/657/657 655/655/655
f 660/660/660 657/657/657 659/659/659
f 665/665/665 664/664/664 663/663/663
f 666/666/666 664/664/664 665/665/665
f 668/668/668 662/662/662 667/667/667
f 660/660/660 662/662/662 668/668/668
f 662/662/662 654/654/654 667/667/667
f 637/637/637 654/654/654 662/662/662
f 663/663/663 667/667/667 665/665/665
f 668/668/668 667/667/667 663/663/663
f 667/667/667 630/630/630 665/665/665
f 654/654/654 630/630/630 667/667/667
f 630/630/630 666/666/666 665/665/665
f 631/631/631 666/666/666 630/630/630
f 669/669/669 658/658/658 657/657/657
f 670/670/670 658/658/658 669/669/669
f 660/660/660 669/669/669 657/657/657
f 668/668/668 669/669/669 660/660/660
f 626/626/626 670/670/670 669/669/669
f 627/627/627 670/670/670 626/626/626
f 668/668/668 626/626/626 669/669/669
f 663/663/663 626/626/626 668/668/668
f 663/663/663 628/628/628 626/626/626
f 664/664/664 628/628/628 663/663/663
f 673/673/673 672/672/672 671/671/671
f 674/674/674 672/672/672 673/673/673
f 677/677/677 676/676/676 675/675/675
f 678/678/678 676/676/676 677/677/677
f 681/681/681 680/680/680 679/679/679
f 682/682/682 680/680/680 681/681/681
f 682/682/682 647/647/647 680/680/680
f 645/645/645 647/647/647 682/682/682
f 647/647/647 683/683/683 680/680/680
f 652/652/652 683/683/683 647/647/647
f 680/680/680 684/684/684 679/679/679
f 683/683/683 684/684/684 680/680/680
f 676/676/676 633/633/633 675/675/675
f 631/631/631 633/633/633 676/676/676
f 675/675/675 645/645/645 682/682/682
f 633/633/633 645/645/645 675/675/675
f 682/682/682 677/677/677 675/675/675
f 681/681/681 677/677/677 682/682/682
f 687/687/687 686/686/686 685/685/685
f 688/688/688 686/686/686 687/687/687
f 690/690/690 679/679/679 689/689/689
f 681/681/681 679/679/679 690/690/690
f 679/679/679 691/691/691 689/689/689
f 684/684/684 691/691/691 679/679/679
f 685/685/685 689/689/689 687/687/687
f 690/690/690 689/689/689 685/685/685
f 689/689/689 692/692/692 687/687/687
f 691/691/691 692/692/692 689/689/689
f 692/692/692 688/688/688 687/687/687
f 693/693/693 688/688/688 692/692/692
f 695/695/695 677/677/677 694/694/694
f 678/678/678 677/677/677 695/695/695
f 677/677/677 690/690/690 694/694/694
f 681/681/681 690/690/690 677/677/677
f 671/671/671 694/694/694 673/673/673
f 695/695/695 694/694/694 671/671/671
f 694/694/694 685/685/685 673/673/673
f 690/690/690 685/685/685 694/694/694
f 685/685/685 674/674/674 673/673/673
f 686/686/686 674/674/674 685/685/685
f 698/698/698 697/697/697 696/696/696
f 699/699/699 697/697/697 698/698/698
f 702/702/702 701/701/701 700/700/700
f 703/703/703 701/701/701 702/702/702
f 700/700/700 666/666/666 702/702/702
f 664/664/664 666/666/666 700/700/700
f 666/666/666 676/676/676 702/702/702
f 631/631/631 676/676/676 666/666/666
f 676/676/676 703/703/703 702/702/702
f 678/678/678 703/703/703 676/676/676
f 696/696/696 629/629/629 628/628/628
f 697/697/697 629/629/629 696/696/696
f 664/664/664 696/696/696 628/628/628
f 700/700/700 696/696/696 664/664/664
f 700/700/700 698/698/698 696/696/696
f 701/701/701 698/698/698 700/700/700
f 706/706/706 705/705/705 704/704/704
f 707/707/707 705/705/705 706/706/706
f 709/709/709 703/703/703 708/708/708
f 701/701/701 703/703/703 709/709/709
f 703/703/703 695/695/695 708/708/708
f 678/678/678 695/695/695 703/703/703
f 704/704/704 708/708/708 706/706/706
f 709/709/709 708/708/708 704/704/704
f 708/708/708 671/671/671 706/706/706
f 695/695/695 671/671/671 708/708/708
f 671/671/671 707/707/707 706/706/706
f 672/672/672 707/707/707 671/671/671
f 710/710/710 699/699/699 698/698/698
f 711/711/711 699/699/699 710/710/710
f 701/701/701 710/710/710 698/698/698
f 709/709/709 710/710/710 701/701/701
f 1/1/1 711/711/711 710/710/710
f 2/2/2 711/711/711 1/1/1
f 709/709/709 1/1/1 710/710/710
f 704/704/704 1/1/1 709/709/709
f 704/704/704 3/3/3 1/1/1
f 705/705/705 3/3/3 704/704/704
