# Exported from Godot Engine
mtllib Supercharger_Base.mtl
o Supercharger_Base
v 0.298976 1.783340 -0.989480
vt 0.169800 0.588867
vn 0.000000 0.000000 -1.000000
v 0.294033 1.784104 -0.963728
vt 0.160522 0.590576
vn 0.152479 0.283688 -0.946716
v 0.296621 1.792470 -0.989480
vt 0.169800 0.591797
vn 0.000000 0.000000 -1.000000
v 0.291816 1.793246 -0.964634
vt 0.161499 0.593506
vn 0.091509 0.256178 -0.962288
v 0.290123 1.799401 -0.989480
vt 0.169800 0.594971
vn 0.000000 0.000000 -1.000000
v 0.285706 1.800149 -0.967130
vt 0.162598 0.596436
vn 0.034592 0.153727 -0.987508
v 0.281054 1.802461 -0.989480
vt 0.169800 0.598145
vn 0.000000 0.000000 -1.000000
v 0.277207 1.803120 -0.970602
vt 0.163696 0.599365
vn 0.003982 0.023736 -0.999710
v 0.277310 1.803112 -0.989480
vt 0.169800 0.599365
vn 0.000000 0.000000 -1.000000
v 0.265864 1.804691 -0.989480
vt 0.169800 0.603027
vn 0.000000 0.000000 -1.000000
v 0.265748 1.804695 -0.953735
vt 0.158081 0.603027
vn 0.007894 0.031482 -0.999473
v 0.245554 1.807298 -0.989480
vt 0.169800 0.609863
vn 0.000000 0.000000 -1.000000
v 0.245479 1.807295 -0.938375
vt 0.153076 0.609619
vn 0.007899 0.023635 -0.999689
v 0.279328 1.786004 -0.941210
vt 0.152222 0.595703
vn 0.244304 0.539593 -0.805702
v 0.277522 1.795190 -0.942876
vt 0.154175 0.598145
vn 0.144126 0.468343 -0.871712
v 0.272568 1.802007 -0.947444
vt 0.156128 0.600586
vn 0.059966 0.277245 -0.958926
v 0.231117 1.809093 -0.989480
vt 0.169800 0.614502
vn 0.000000 0.000000 -1.000000
v 0.231064 1.809088 -0.930937
vt 0.150513 0.614502
vn 0.007903 0.015774 -0.999844
v 0.255221 1.789020 -0.922320
vt 0.145264 0.604004
vn 0.244530 0.733542 -0.634131
v 0.253910 1.798258 -0.924481
vt 0.147827 0.605957
vn 0.142586 0.592164 -0.793103
v 0.250336 1.804962 -0.930371
vt 0.150391 0.607910
vn 0.060302 0.331459 -0.941541
v 0.176725 1.815675 -0.914726
vt 0.145020 0.632568
vn 0.003983 0.015840 -0.999867
v 0.176732 1.815678 -0.989480
vt 0.169800 0.632568
vn 0.000000 0.000000 -1.000000
v 0.239316 1.791015 -0.913840
vt 0.142090 0.609619
vn 0.209517 0.885389 -0.414956
v 0.238200 1.800280 -0.916156
vt 0.145020 0.611328
vn 0.134909 0.711814 -0.689290
v 0.235164 1.806932 -0.922449
vt 0.147705 0.613037
vn 0.060421 0.385003 -0.920935
v 0.129851 1.820975 -0.989480
vt 0.169800 0.648193
vn 0.000000 0.000000 -1.000000
v 0.129851 1.820975 -0.904885
vt 0.141724 0.647949
vn 0.000000 0.015871 -0.999874
v 0.077056 1.825954 -0.989480
vt 0.169800 0.665527
vn 0.000000 0.000000 -1.000000
v 0.077054 1.825954 -0.895701
vt 0.138794 0.665527
vn 0.000000 0.015871 -0.999874
v 0.181396 1.797993 -0.896202
vt 0.135986 0.629395
vn 0.174727 0.929218 -0.325613
v 0.131751 1.803387 -0.885970
vt 0.132324 0.646240
vn 0.135124 0.961720 -0.238403
v 0.180757 1.807281 -0.898735
vt 0.138916 0.630615
vn 0.105566 0.753965 -0.648376
v 0.132116 1.812561 -0.888657
vt 0.135498 0.646729
vn 0.084047 0.787004 -0.611197
v 0.019750 1.830097 -0.989480
vt 0.169800 0.684570
vn 0.000000 0.000000 -1.000000
v 0.019750 1.830097 -0.888879
vt 0.136475 0.684570
vn 0.000000 0.015871 -0.999874
v 0.179030 1.813820 -0.905587
vt 0.141968 0.631592
vn 0.045851 0.397220 -0.916577
v 0.131414 1.819057 -0.895644
vt 0.138672 0.647461
vn 0.034575 0.414444 -0.909418
v -0.040687 1.832785 -0.989480
vt 0.169800 0.704590
vn 0.000000 0.000000 -1.000000
v -0.040687 1.832785 -0.883951
vt 0.134888 0.704590
vn 0.000000 0.015871 -0.999874
v 0.079785 1.808033 -0.877124
vt 0.129395 0.663818
vn 0.107038 0.975106 -0.194192
v 0.079415 1.817253 -0.879643
vt 0.132446 0.664551
vn 0.065180 0.812788 -0.578902
v 0.078409 1.823852 -0.886483
vt 0.135620 0.665039
vn 0.027180 0.442432 -0.896390
v 0.020635 1.812103 -0.870274
vt 0.127075 0.683594
vn 0.071115 0.987289 -0.142138
v 0.020860 1.821274 -0.872814
vt 0.130249 0.684082
vn 0.046695 0.832380 -0.552234
v 0.020535 1.827888 -0.879653
vt 0.133301 0.684326
vn 0.019493 0.467285 -0.883892
v -0.039666 1.814566 -0.865562
vt 0.125488 0.703857
vn 0.039450 0.993948 -0.102525
v -0.039803 1.823732 -0.868032
vt 0.128540 0.704102
vn 0.023476 0.851726 -0.523461
v -0.040178 1.830409 -0.874771
vt 0.131714 0.704346
vn 0.007894 0.487653 -0.873002
v -0.102466 1.815369 -0.863535
vt 0.124756 0.725098
vn 0.000000 0.997992 -0.063338
v -0.102466 1.824524 -0.865989
vt 0.127930 0.725098
vn 0.000000 0.865804 -0.500383
v -0.102466 1.833679 -0.881854
vt 0.134155 0.725098
vn 0.000000 0.015871 -0.999874
v -0.102466 1.831226 -0.872694
vt 0.131104 0.725098
vn 0.000000 0.500457 -0.865762
v -0.102466 1.833679 -0.989480
vt 0.169800 0.725098
vn 0.000000 0.000000 -1.000000
v 0.291816 1.793246 -1.014327
vt 0.178101 0.593506
vn -0.984397 0.085424 0.153837
v 0.294033 1.784104 -1.015233
vt 0.179077 0.590576
vn -0.983669 0.136429 0.117395
v 0.285706 1.800149 -1.011831
vt 0.177002 0.596436
vn -0.992718 0.033579 0.115688
v 0.277207 1.803120 -1.008359
vt 0.175903 0.599365
vn -0.999798 0.003920 0.019692
v 0.265748 1.804695 -1.025227
vt 0.181396 0.603027
vn -0.999695 0.007787 0.023423
v 0.245479 1.807295 -1.040586
vt 0.186523 0.609619
vn -0.999848 0.007791 0.015630
v 0.277522 1.795190 -1.036085
vt 0.185425 0.598145
vn -0.944078 0.133876 0.301321
v 0.279328 1.786004 -1.037751
vt 0.187378 0.595703
vn -0.939395 0.218493 0.264192
v 0.272568 1.802007 -1.031517
vt 0.183472 0.600586
vn -0.976394 0.057406 0.208227
v 0.231064 1.809088 -1.048025
vt 0.188965 0.614502
vn -0.999939 0.007795 0.007826
v 0.253910 1.798258 -1.054480
vt 0.191772 0.605957
vn -0.892979 0.136004 0.429058
v 0.255221 1.789020 -1.056641
vt 0.194336 0.604004
vn -0.849066 0.236209 0.472538
v 0.250336 1.804962 -1.048590
vt 0.189209 0.607910
vn -0.963645 0.057942 0.260827
v 0.238200 1.800280 -1.062805
vt 0.194580 0.611328
vn -0.814458 0.132041 0.564998
v 0.239316 1.791015 -1.065121
vt 0.197388 0.609619
vn -0.661718 0.221924 0.716156
v 0.235164 1.806932 -1.056512
vt 0.191772 0.613037
vn -0.947800 0.058292 0.313490
v 0.129851 1.820975 -1.074076
vt 0.197754 0.647949
vn 0.999874 0.000015 0.015856
v 0.176725 1.815675 -1.064235
vt 0.194458 0.632568
vn -0.999922 0.003921 0.011825
v 0.181396 1.797993 -1.082759
vt 0.203613 0.629395
vn -0.528872 0.186385 0.827983
v 0.180757 1.807281 -1.080226
vt 0.200562 0.630615
vn -0.753977 0.105542 0.648367
v 0.077054 1.825954 -1.083260
vt 0.200806 0.665527
vn 0.999874 0.000015 0.015856
v 0.179030 1.813820 -1.073374
vt 0.197510 0.631592
vn -0.938428 0.044685 0.342573
v 0.132116 1.812561 -1.090304
vt 0.204102 0.646729
vn -0.700704 0.084679 0.708409
v 0.131751 1.803387 -1.092991
vt 0.207153 0.646240
vn -0.407345 0.147320 0.901314
v 0.019750 1.830097 -1.090082
vt 0.203125 0.684570
vn 0.999874 0.000015 0.015856
v 0.131414 1.819057 -1.083317
vt 0.200928 0.647461
vn -0.927170 0.033896 0.373103
v -0.040687 1.832785 -1.095010
vt 0.204712 0.704590
vn 0.999874 0.000015 0.015856
v 0.079415 1.817254 -1.099319
vt 0.207031 0.664551
vn -0.651321 0.065885 0.755937
v 0.079785 1.808033 -1.101838
vt 0.210205 0.663818
vn -0.325677 0.115689 0.938377
v 0.078409 1.823852 -1.092478
vt 0.203979 0.665039
vn -0.911740 0.026810 0.409893
v 0.020860 1.821274 -1.106147
vt 0.209351 0.684082
vn -0.605605 0.047190 0.794365
v 0.020635 1.812104 -1.108687
vt 0.212524 0.683594
vn -0.226092 0.075325 0.971189
v 0.020535 1.827888 -1.099308
vt 0.206177 0.684326
vn -0.895803 0.019266 0.444034
v -0.039803 1.823732 -1.110929
vt 0.210938 0.704102
vn -0.550915 0.023581 0.834229
v -0.039666 1.814566 -1.113399
vt 0.214111 0.703857
vn -0.147040 0.040829 0.988288
v -0.040178 1.830409 -1.104190
vt 0.207764 0.704346
vn -0.878175 0.007807 0.478276
v -0.102466 1.824524 -1.112972
vt 0.211670 0.725098
vn 0.500392 0.000021 0.865799
v -0.102466 1.815369 -1.115426
vt 0.214844 0.725098
vn 0.063339 0.000016 0.997992
v -0.102466 1.831226 -1.106266
vt 0.208496 0.725098
vn 0.865771 0.000021 0.500441
v -0.102466 1.833679 -1.097107
vt 0.205322 0.725098
vn 0.999874 0.000015 0.015856
v -0.496747 1.793246 -0.964634
vt 0.161499 0.856445
vn -0.091507 0.256131 -0.962301
v -0.498965 1.784104 -0.963728
vt 0.160522 0.859497
vn -0.152475 0.283638 -0.946732
v -0.501552 1.792470 -0.989480
vt 0.169800 0.858154
vn 0.000000 0.000000 -1.000000
v -0.503907 1.783340 -0.989480
vt 0.169800 0.861206
vn 0.000000 0.000000 -1.000000
v -0.490637 1.800149 -0.967130
vt 0.162598 0.853516
vn -0.034591 0.153686 -0.987514
v -0.495054 1.799401 -0.989480
vt 0.169800 0.854980
vn 0.000000 0.000000 -1.000000
v -0.482139 1.803120 -0.970602
vt 0.163696 0.850586
vn -0.003982 0.023704 -0.999711
v -0.485985 1.802461 -0.989480
vt 0.169800 0.851807
vn 0.000000 0.000000 -1.000000
v -0.482242 1.803112 -0.989480
vt 0.169800 0.850586
vn 0.000000 0.000000 -1.000000
v -0.470679 1.804695 -0.953735
vt 0.158081 0.846924
vn -0.007894 0.031449 -0.999474
v -0.470796 1.804691 -0.989480
vt 0.169800 0.846802
vn 0.000000 0.000000 -1.000000
v -0.450410 1.807295 -0.938375
vt 0.153076 0.840210
vn -0.007899 0.023602 -0.999690
v -0.450485 1.807298 -0.989480
vt 0.169800 0.840088
vn 0.000000 0.000000 -1.000000
v -0.482453 1.795190 -0.942876
vt 0.154175 0.851807
vn -0.144124 0.468290 -0.871741
v -0.484259 1.786004 -0.941210
vt 0.152222 0.854370
vn -0.244300 0.539537 -0.805740
v -0.477500 1.802007 -0.947444
vt 0.156128 0.849243
vn -0.059965 0.277198 -0.958940
v -0.435995 1.809088 -0.930937
vt 0.150513 0.835449
vn -0.007902 0.015742 -0.999845
v -0.436049 1.809093 -0.989480
vt 0.169800 0.835327
vn 0.000000 0.000000 -1.000000
v -0.458841 1.798258 -0.924481
vt 0.147827 0.843872
vn -0.142584 0.592111 -0.793142
v -0.460152 1.789020 -0.922320
vt 0.145264 0.845947
vn -0.244531 0.733496 -0.634183
v -0.455267 1.804962 -0.930371
vt 0.150391 0.842041
vn -0.060301 0.331410 -0.941558
v -0.443131 1.800280 -0.916156
vt 0.145020 0.838623
vn -0.134213 0.708132 -0.693207
v -0.444248 1.791015 -0.913840
vt 0.142090 0.840210
vn -0.209521 0.885363 -0.415011
v -0.440095 1.806932 -0.922449
vt 0.147705 0.837036
vn -0.060420 0.384953 -0.920956
v -0.334783 1.820975 -0.904885
vt 0.141724 0.801880
vn 0.000000 0.015871 -0.999874
v -0.381656 1.815675 -0.914726
vt 0.145020 0.817505
vn -0.003983 0.015808 -0.999867
v -0.334783 1.820975 -0.989480
vt 0.169800 0.801758
vn 0.000000 0.000000 -1.000000
v -0.381664 1.815678 -0.989480
vt 0.169800 0.817261
vn 0.000000 0.000000 -1.000000
v -0.386327 1.797993 -0.896202
vt 0.135986 0.820557
vn -0.171532 0.933417 -0.315133
v -0.385688 1.807281 -0.898735
vt 0.138916 0.819458
vn -0.105567 0.753923 -0.648425
v -0.281986 1.825954 -0.895701
vt 0.138794 0.784302
vn 0.000000 0.015871 -0.999874
v -0.281988 1.825954 -0.989480
vt 0.169800 0.784302
vn 0.000000 0.000000 -1.000000
v -0.383961 1.813820 -0.905587
vt 0.141968 0.818359
vn -0.045850 0.397170 -0.916599
v -0.337047 1.812561 -0.888657
vt 0.135498 0.803101
vn -0.084048 0.786965 -0.611247
v -0.336682 1.803387 -0.885970
vt 0.132324 0.803711
vn -0.135128 0.961708 -0.238451
v -0.224681 1.830097 -0.888879
vt 0.136475 0.765381
vn 0.000000 0.015871 -0.999874
v -0.224681 1.830097 -0.989480
vt 0.169800 0.765381
vn 0.000000 0.000000 -1.000000
v -0.336346 1.819057 -0.895644
vt 0.138672 0.802490
vn -0.034574 0.414394 -0.909441
v -0.164244 1.832785 -0.883951
vt 0.134888 0.745361
vn 0.000000 0.015871 -0.999874
v -0.164244 1.832785 -0.989480
vt 0.169800 0.745361
vn 0.000000 0.000000 -1.000000
v -0.284346 1.817253 -0.879643
vt 0.132446 0.785522
vn -0.065180 0.812752 -0.578952
v -0.284716 1.808033 -0.877124
vt 0.129395 0.786255
vn -0.107041 0.975097 -0.194236
v -0.283340 1.823852 -0.886483
vt 0.135620 0.784912
vn -0.027180 0.442382 -0.896415
v -0.225792 1.821274 -0.872814
vt 0.130249 0.765991
vn -0.046695 0.832347 -0.552284
v -0.225567 1.812103 -0.870274
vt 0.127075 0.766357
vn -0.071117 0.987283 -0.142179
v -0.225466 1.827888 -0.879653
vt 0.133301 0.765625
vn -0.019493 0.467235 -0.883918
v -0.165128 1.823732 -0.868032
vt 0.128540 0.745850
vn -0.023477 0.851695 -0.523511
v -0.165265 1.814566 -0.865562
vt 0.125488 0.746094
vn -0.039451 0.993944 -0.102563
v -0.164754 1.830409 -0.874771
vt 0.131714 0.745605
vn -0.007894 0.487603 -0.873030
v -0.498965 1.784104 -1.015233
vt 0.179077 0.859497
vn 0.983664 0.136434 0.117437
v -0.496747 1.793246 -1.014327
vt 0.178101 0.856445
vn 0.984390 0.085426 0.153879
v -0.490637 1.800149 -1.011831
vt 0.177002 0.853516
vn 0.992713 0.033580 0.115727
v -0.482139 1.803120 -1.008359
vt 0.175903 0.850586
vn 0.999798 0.003920 0.019724
v -0.470679 1.804695 -1.025227
vt 0.181396 0.846924
vn 0.999695 0.007787 0.023455
v -0.450410 1.807295 -1.040586
vt 0.186523 0.840210
vn 0.999847 0.007792 0.015661
v -0.484259 1.786004 -1.037751
vt 0.187378 0.854370
vn 0.939379 0.218499 0.264243
v -0.482453 1.795190 -1.036085
vt 0.185425 0.851807
vn 0.944061 0.133880 0.301371
v -0.477500 1.802007 -1.031517
vt 0.183472 0.849243
vn 0.976385 0.057408 0.208271
v -0.435995 1.809088 -1.048025
vt 0.188965 0.835449
vn 0.999939 0.007795 0.007857
v -0.460152 1.789020 -1.056641
vt 0.194336 0.845947
vn 0.849034 0.236214 0.472594
v -0.458841 1.798258 -1.054480
vt 0.191772 0.843872
vn 0.892953 0.136007 0.429112
v -0.455267 1.804962 -1.048590
vt 0.189209 0.842041
vn 0.963632 0.057944 0.260873
v -0.381656 1.815675 -1.064235
vt 0.194458 0.817505
vn 0.999922 0.003921 0.011856
v -0.444248 1.791015 -1.065121
vt 0.197510 0.840210
vn 0.661668 0.221923 0.716202
v -0.443131 1.800280 -1.062805
vt 0.194580 0.838623
vn 0.811956 0.132836 0.568404
v -0.440095 1.806932 -1.056512
vt 0.191772 0.837036
vn 0.947785 0.058294 0.313539
v -0.334783 1.820975 -1.074076
vt 0.197754 0.801880
vn 0.999874 0.000015 0.015856
v -0.281986 1.825954 -1.083260
vt 0.200806 0.784302
vn 0.999874 0.000015 0.015856
v -0.386327 1.797993 -1.082759
vt 0.203613 0.820557
vn 0.542647 0.189478 0.818311
v -0.336682 1.803387 -1.092991
vt 0.207153 0.803711
vn 0.407292 0.147316 0.901339
v -0.385688 1.807281 -1.080226
vt 0.200562 0.819458
vn 0.753935 0.105542 0.648416
v -0.337047 1.812561 -1.090304
vt 0.204102 0.803101
vn 0.700659 0.084679 0.708454
v -0.224681 1.830097 -1.090082
vt 0.203125 0.765381
vn 0.999874 0.000015 0.015856
v -0.383961 1.813820 -1.073374
vt 0.197510 0.818359
vn 0.938410 0.044686 0.342621
v -0.336346 1.819057 -1.083317
vt 0.200928 0.802490
vn 0.927151 0.033897 0.373153
v -0.164244 1.832785 -1.095010
vt 0.204712 0.745361
vn 0.999874 0.000015 0.015856
v -0.284716 1.808033 -1.101838
vt 0.210205 0.786255
vn 0.325626 0.115686 0.938394
v -0.284346 1.817254 -1.099319
vt 0.207031 0.785522
vn 0.651273 0.065885 0.755978
v -0.283340 1.823852 -1.092478
vt 0.203979 0.784912
vn 0.911717 0.026811 0.409942
v -0.225567 1.812104 -1.108687
vt 0.212524 0.766357
vn 0.226047 0.075323 0.971200
v -0.225792 1.821274 -1.106147
vt 0.209351 0.765991
vn 0.605556 0.047189 0.794402
v -0.225466 1.827888 -1.099308
vt 0.206177 0.765625
vn 0.895778 0.019267 0.444084
v -0.165265 1.814566 -1.113399
vt 0.214111 0.746094
vn 0.146999 0.040828 0.988294
v -0.165128 1.823732 -1.110929
vt 0.210938 0.745850
vn 0.550865 0.023581 0.834261
v -0.164754 1.830409 -1.104190
vt 0.207764 0.745605
vn 0.878148 0.007807 0.478326
v -0.065383 0.485794 -0.864872
vt 0.455566 0.543701
vn 0.684705 0.032643 -0.728089
v -0.029560 0.495799 -0.866954
vt 0.467773 0.546631
vn 0.663422 0.031610 -0.747577
v -0.102466 0.193205 -0.863694
vt 0.441895 0.446777
vn 0.706940 0.022443 -0.706918
v -0.036599 0.193205 -0.865803
vt 0.463623 0.446289
vn 0.668849 0.021257 -0.743095
v 0.020489 0.135484 -0.881657
vt 0.482910 0.422852
vn 0.643106 0.020454 -0.765504
v -0.040300 0.135484 -0.876905
vt 0.462402 0.422852
vn 0.674152 0.021442 -0.738281
v 0.019566 0.193201 -0.881609
vt 0.482666 0.442383
vn 0.643106 0.020454 -0.765504
v -0.037232 0.193198 -0.877146
vt 0.463623 0.442383
vn 0.674152 0.021442 -0.738281
v 0.078179 0.135484 -0.888370
vt 0.502441 0.422363
vn 0.617985 0.019813 -0.785940
v 0.075678 0.193203 -0.888083
vt 0.501465 0.441895
vn 0.618053 0.009925 -0.786074
v 0.131393 0.135484 -0.897433
vt 0.520996 0.421875
vn 0.589208 0.019014 -0.807758
v 0.129585 0.193199 -0.897145
vt 0.520020 0.441406
vn 0.589290 0.009530 -0.807865
v 0.134178 1.429956 -0.891551
vt 0.529785 0.852783
vn 0.690488 0.000000 -0.723344
v 0.181396 1.384425 -0.896202
vt 0.545410 0.837402
vn 0.603880 0.009686 -0.797016
v 0.134209 0.729824 -0.891544
vt 0.524902 0.622314
vn 0.674152 0.021442 -0.738281
v 0.181396 0.720645 -0.896202
vt 0.540527 0.618896
vn 0.575886 0.018613 -0.817318
v 0.077138 0.193205 -0.876816
vt 0.501465 0.445801
vn 0.613288 0.009831 -0.789798
v 0.036147 0.530594 -0.873730
vt 0.489990 0.557617
vn 0.637925 0.030409 -0.769498
v 0.058043 0.548605 -0.876542
vt 0.497559 0.563477
vn 0.608292 0.029210 -0.793176
v 0.130924 0.689424 -0.890793
vt 0.523438 0.609131
vn 0.599002 0.028763 -0.800231
v 0.122629 0.650980 -0.888896
vt 0.520020 0.596436
vn 0.599002 0.028763 -0.800231
v 0.177319 0.193205 -0.895358
vt 0.535156 0.445312
vn 0.589290 0.009530 -0.807865
v 0.214898 0.193205 -0.905511
vt 0.547852 0.445312
vn 0.484897 0.016586 -0.874414
v 0.088797 0.583463 -0.882054
vt 0.508301 0.574707
vn 0.603638 0.029009 -0.796730
v 0.108807 0.616838 -0.886114
vt 0.515137 0.585449
vn 0.588935 0.038037 -0.807285
v 0.131657 0.193205 -0.885973
vt 0.520020 0.445312
vn 0.593861 0.009582 -0.804511
v 0.174669 0.193191 -0.906403
vt 0.535645 0.441406
vn 0.566348 0.000000 -0.824166
v 0.178746 0.135484 -0.907247
vt 0.537598 0.421875
vn 0.566323 0.009227 -0.824132
v -0.036596 0.193205 -1.113158
vt 0.152344 0.446289
vn -0.762804 0.021170 -0.646284
v -0.029546 0.495751 -1.112006
vt 0.148193 0.546631
vn -0.776390 0.031450 -0.629468
v -0.102465 0.193205 -1.115267
vt 0.174194 0.446777
vn -0.728994 0.022387 -0.684154
v -0.065377 0.485752 -1.114089
vt 0.160400 0.543701
vn -0.758891 0.032517 -0.650406
v -0.037229 0.193198 -1.101815
vt 0.152344 0.442383
vn -0.758332 0.021358 -0.651518
v -0.040300 0.135484 -1.102056
vt 0.153687 0.422852
vn -0.758332 0.021358 -0.651518
v 0.019572 0.193201 -1.097352
vt 0.133301 0.441895
vn -0.783708 0.020350 -0.620796
v 0.020489 0.135484 -1.097304
vt 0.133179 0.422852
vn -0.783708 0.020350 -0.620796
v 0.075681 0.193203 -1.090878
vt 0.114380 0.441895
vn -0.794631 0.009865 -0.607012
v 0.078179 0.135484 -1.090592
vt 0.113586 0.422363
vn -0.802806 0.019696 -0.595915
v 0.129507 0.193200 -1.081834
vt 0.096008 0.441406
vn -0.818745 0.009372 -0.574080
v 0.131219 0.135484 -1.081567
vt 0.095398 0.421875
vn -0.818745 0.009372 -0.574080
v 0.181396 1.384425 -1.082759
vt 0.070312 0.837402
vn -0.805155 0.009624 -0.592986
v 0.181396 1.470948 -1.082759
vt 0.070496 0.866943
vn -0.846835 0.017983 -0.531552
v 0.134177 1.429956 -1.087411
vt 0.085938 0.852783
vn -0.690488 0.000000 -0.723344
v 0.132434 1.490587 -1.087807
vt 0.086792 0.873413
vn -0.618072 0.000000 -0.786121
v 0.058062 0.547043 -1.102417
vt 0.118469 0.562744
vn -0.817289 0.028984 -0.575499
v 0.036183 0.530540 -1.105227
vt 0.125854 0.557617
vn -0.799651 0.029967 -0.599717
v 0.077140 0.193205 -1.102145
vt 0.114380 0.445801
vn -0.798202 0.009770 -0.602310
v 0.134213 0.729824 -1.087416
vt 0.091003 0.622070
vn -0.758332 0.021358 -0.651518
v 0.130947 0.689420 -1.088163
vt 0.092468 0.608887
vn -0.803842 0.029936 -0.594090
v 0.181396 0.720645 -1.082759
vt 0.075439 0.618896
vn -0.841469 0.027424 -0.539609
v 0.131666 0.193205 -1.092987
vt 0.096130 0.445312
vn -0.815622 0.009467 -0.578508
v 0.108877 0.616798 -1.092832
vt 0.100647 0.585205
vn -0.835982 0.027834 -0.548050
v 0.088853 0.583417 -1.096897
vt 0.107727 0.574463
vn -0.820468 0.028779 -0.570968
v -0.168336 0.193205 -0.865803
vt 0.419922 0.446777
vn 0.742301 0.089330 -0.664086
v -0.175385 0.495751 -0.866955
vt 0.418701 0.547852
vn 0.745847 0.111348 -0.656745
v -0.139554 0.485752 -0.864873
vt 0.430664 0.544189
vn 0.726993 0.078306 -0.682166
v -0.167702 0.193198 -0.877147
vt 0.419922 0.443359
vn 0.737699 0.078257 -0.670579
v -0.164631 0.135484 -0.876905
vt 0.420654 0.423828
vn 0.737699 0.078257 -0.670579
v -0.224504 0.193201 -0.881610
vt 0.400879 0.443359
vn 0.762967 0.143766 -0.630248
v -0.225420 0.135484 -0.881657
vt 0.400146 0.423828
vn 0.762967 0.143766 -0.630248
v -0.280612 0.193203 -0.888083
vt 0.381836 0.443848
vn 0.780260 0.197822 -0.593347
v -0.283111 0.135484 -0.888370
vt 0.380371 0.424316
vn 0.780260 0.197822 -0.593347
v -0.334525 0.193199 -0.897147
vt 0.363525 0.443848
vn 0.795928 0.259897 -0.546766
v -0.336324 0.135484 -0.897433
vt 0.362061 0.424316
vn 0.795928 0.259897 -0.546766
v -0.386327 1.384425 -0.896202
vt 0.350586 0.845825
vn 0.782314 0.258972 -0.566496
v -0.386327 1.470948 -0.896202
vt 0.354980 0.875183
vn 0.799879 0.365949 -0.475684
v -0.339108 1.429956 -0.891550
vt 0.367920 0.860718
vn 0.720880 0.089442 -0.687265
v -0.337365 1.490587 -0.891154
vt 0.370605 0.880066
vn 0.761824 0.289728 -0.579381
v -0.262993 0.547043 -0.876545
vt 0.389404 0.565674
vn 0.784039 0.228710 -0.577040
v -0.241114 0.530540 -0.873735
vt 0.396729 0.560059
vn 0.765314 0.165174 -0.622102
v -0.282072 0.193205 -0.876816
vt 0.382080 0.447754
vn 0.781330 0.218567 -0.584595
v -0.339144 0.729824 -0.891545
vt 0.364014 0.627197
vn 0.737030 0.089366 -0.669926
v -0.335879 0.689420 -0.890798
vt 0.365234 0.613770
vn 0.791034 0.238384 -0.563417
v -0.386328 0.720645 -0.896202
vt 0.348389 0.624268
vn 0.801592 0.288605 -0.523601
v -0.336597 0.193205 -0.885975
vt 0.363770 0.447754
vn 0.791547 0.260241 -0.552927
v -0.313808 0.616797 -0.886129
vt 0.372559 0.589355
vn 0.793617 0.269940 -0.545256
v -0.293784 0.583417 -0.882064
vt 0.379150 0.577881
vn 0.786541 0.238673 -0.569550
v -0.383677 0.135484 -0.907247
vt 0.345215 0.424316
vn 0.804951 0.309201 -0.506408
v -0.379606 0.193191 -0.906404
vt 0.347656 0.444336
vn 0.799535 0.328324 -0.502938
v -0.139548 0.485794 -1.114089
vt 0.185181 0.544189
vn -0.758528 0.078053 -0.646949
v -0.175371 0.495799 -1.112008
vt 0.197266 0.547852
vn -0.766200 0.111024 -0.632939
v -0.168333 0.193205 -1.113159
vt 0.196045 0.446777
vn -0.762089 0.100102 -0.639688
v -0.225420 0.135484 -1.097304
vt 0.215942 0.423828
vn -0.772791 0.143488 -0.618228
v -0.164631 0.135484 -1.102056
vt 0.195435 0.423828
vn -0.748186 0.078141 -0.658872
v -0.224497 0.193201 -1.097353
vt 0.215210 0.443359
vn -0.772791 0.143488 -0.618228
v -0.167699 0.193198 -1.101815
vt 0.196167 0.443359
vn -0.752712 0.089193 -0.652280
v -0.283111 0.135484 -1.090592
vt 0.235596 0.424316
vn -0.789513 0.197342 -0.581141
v -0.280610 0.193203 -1.090879
vt 0.234131 0.443848
vn -0.789513 0.197342 -0.581141
v -0.336324 0.135484 -1.081529
vt 0.253906 0.424316
vn -0.804468 0.259117 -0.534499
v -0.334516 0.193199 -1.081816
vt 0.252441 0.443848
vn -0.804468 0.259117 -0.534499
v -0.339109 1.429956 -1.087411
vt 0.248169 0.860718
vn -0.772898 0.088950 -0.628264
v -0.386327 1.384425 -1.082759
vt 0.265137 0.845825
vn -0.816403 0.256072 -0.517603
v -0.339140 0.729824 -1.087417
vt 0.251709 0.627197
vn -0.757829 0.089140 -0.646335
v -0.386328 0.720645 -1.082759
vt 0.267578 0.624268
vn -0.809776 0.287666 -0.511382
v -0.282069 0.193205 -1.102146
vt 0.233887 0.447754
vn -0.799363 0.217479 -0.560108
v -0.241079 0.530594 -1.105231
vt 0.219238 0.560059
vn -0.784480 0.164525 -0.597932
v -0.262974 0.548606 -1.102419
vt 0.226440 0.566162
vn -0.801824 0.227527 -0.552548
v -0.335855 0.689424 -1.088169
vt 0.250732 0.613525
vn -0.799797 0.237719 -0.551194
v -0.327561 0.650980 -1.090065
vt 0.248047 0.600830
vn -0.799797 0.237719 -0.551194
v -0.382250 0.193205 -1.083604
vt 0.267334 0.448242
vn -0.810497 0.268327 -0.520668
v -0.419830 0.193205 -1.073451
vt 0.279785 0.448730
vn -0.817994 0.477122 -0.321312
v -0.293729 0.583463 -1.096907
vt 0.236816 0.577881
vn -0.804080 0.237394 -0.545067
v -0.313738 0.616838 -1.092847
vt 0.243530 0.589355
vn -0.810497 0.268327 -0.520668
v -0.336589 0.193205 -1.092989
vt 0.252197 0.447754
vn -0.808677 0.258732 -0.528299
v -0.379600 0.193191 -1.072559
vt 0.268066 0.444336
vn -0.827216 0.332914 -0.452638
v -0.383677 0.135484 -1.071715
vt 0.270752 0.424316
vn -0.817987 0.316589 -0.480280
v -0.066917 0.496339 -0.875466
vt 0.991211 0.508545
vn -0.000022 0.701517 0.712652
v -0.102466 0.493624 -0.874169
vt 0.991699 0.497559
vn -0.000022 0.701517 0.712652
v -0.066917 0.496339 -1.103496
vt 0.919922 0.508545
vn -0.000022 0.712652 0.701517
v -0.102466 0.493625 -1.104792
vt 0.919434 0.497559
vn -0.000022 0.712652 0.701517
v -0.032550 0.506028 -0.877464
vt 0.990723 0.519775
vn -0.000022 0.701517 0.712652
v -0.032550 0.506028 -1.101497
vt 0.920410 0.519775
vn -0.000022 0.712652 0.701517
v 0.000389 0.520458 -0.880454
vt 0.989746 0.531006
vn -0.000022 0.701517 0.712652
v 0.000389 0.520458 -1.098508
vt 0.921387 0.531006
vn -0.000022 0.712652 0.701517
v 0.030356 0.539498 -0.884028
vt 0.988770 0.542236
vn 0.011113 0.707041 0.707085
v 0.030356 0.539498 -1.094934
vt 0.922363 0.542236
vn -0.011156 0.718109 0.695841
v 0.057870 0.562741 -0.888208
vt 0.987305 0.553711
vn 0.011113 0.707041 0.707085
v 0.057870 0.562741 -1.090754
vt 0.923828 0.553711
vn -0.000022 0.718068 0.695973
v 0.080597 0.590230 -0.891982
vt 0.986328 0.564697
vn 0.011113 0.707041 0.707085
v 0.080597 0.590230 -1.086979
vt 0.924805 0.564941
vn -0.011156 0.718109 0.695841
v 0.099576 0.622196 -0.895793
vt 0.984863 0.576416
vn 0.011200 0.712630 0.701451
v 0.099576 0.622196 -1.083169
vt 0.926270 0.576416
vn -0.011156 0.718109 0.695841
v 0.112626 0.654551 -0.898447
vt 0.984375 0.587402
vn 0.022417 0.718038 0.695643
v 0.112626 0.654551 -1.080514
vt 0.926758 0.587402
vn -0.011156 0.718109 0.695841
v 0.120519 0.691320 -0.900287
vt 0.983398 0.599365
vn 0.022417 0.718038 0.695643
v 0.120519 0.691320 -1.078674
vt 0.927734 0.599365
vn -0.022281 0.723428 0.690040
v 0.123670 0.730363 -0.901021
vt 0.983398 0.611572
vn 0.022417 0.718038 0.695643
v 0.123670 0.730363 -1.077936
vt 0.927734 0.611816
vn -0.022462 0.718059 0.695619
v 0.123637 1.429632 -0.901034
vt 0.983398 0.831299
vn 0.022417 0.718038 0.695643
v 0.123637 1.429632 -1.077929
vt 0.928223 0.831421
vn -0.022462 0.718059 0.695619
v 0.122173 1.487333 -0.900632
vt 0.983887 0.849609
vn 0.010842 0.733682 0.679406
v 0.122173 1.487333 -1.078329
vt 0.927734 0.849487
vn -0.010980 0.696021 0.717938
v 0.109978 1.509733 -0.897694
vt 0.984863 0.857666
vn 0.011112 0.718087 0.695864
v 0.109978 1.509733 -1.081267
vt 0.926758 0.857544
vn -0.022462 0.718059 0.695619
v 0.086926 1.528243 -0.892881
vt 0.986328 0.866943
vn 0.022236 0.723407 0.690064
v 0.086926 1.528243 -1.086080
vt 0.925293 0.866943
vn -0.044840 0.728449 0.683631
v 0.047084 1.532855 -0.885961
vt 0.988281 0.879578
vn 0.022236 0.723407 0.690064
v 0.047084 1.532855 -1.093000
vt 0.923340 0.879578
vn -0.033399 0.717750 0.695499
v 0.008211 1.533198 -0.880861
vt 0.989746 0.891785
vn -0.000022 0.712652 0.701517
v 0.008211 1.533198 -1.098101
vt 0.921875 0.891846
vn -0.011157 0.707063 0.707063
v -0.046127 1.533842 -0.876170
vt 0.991211 0.908875
vn -0.000022 0.712652 0.701517
v -0.046127 1.533842 -1.102794
vt 0.920410 0.908936
vn -0.000022 0.701517 0.712652
v -0.102466 1.534445 -0.874159
vt 0.991699 0.926575
vn -0.000022 0.712652 0.701517
v -0.102466 1.534446 -1.104802
vt 0.919922 0.926636
vn -0.000022 0.701517 0.712652
v -0.158804 1.533842 -0.876167
vt 0.990723 0.085449
vn -0.000022 0.712652 0.701517
v -0.102466 1.534445 -0.874159
vt 0.991699 0.067871
vn -0.000022 0.712652 0.701517
v -0.158804 1.533842 -1.102792
vt 0.919922 0.085938
vn -0.000022 0.701517 0.712652
v -0.102466 1.534446 -1.104802
vt 0.919434 0.067871
vn -0.000022 0.701517 0.712652
v -0.213142 1.533198 -0.880861
vt 0.989258 0.102539
vn -0.011156 0.718109 0.695841
v -0.213142 1.533198 -1.098101
vt 0.921387 0.102539
vn -0.000022 0.701517 0.712652
v -0.252016 1.532855 -0.885961
vt 0.987793 0.114746
vn -0.033386 0.728605 0.684120
v -0.252016 1.532855 -1.093000
vt 0.922852 0.115234
vn 0.022242 0.712454 0.701366
v -0.291857 1.528243 -0.892881
vt 0.985840 0.127441
vn -0.044840 0.728449 0.683631
v -0.291857 1.528243 -1.086080
vt 0.924805 0.127441
vn 0.022242 0.712454 0.701366
v -0.314909 1.509733 -0.897694
vt 0.984375 0.137207
vn -0.022462 0.718059 0.695619
v -0.314909 1.509733 -1.081267
vt 0.926270 0.136719
vn 0.011113 0.707041 0.707085
v -0.327104 1.487333 -0.900632
vt 0.983398 0.145020
vn -0.010976 0.728634 0.684816
v -0.327104 1.487333 -1.078329
vt 0.927246 0.145020
vn 0.010847 0.690507 0.723244
v -0.328569 1.429632 -0.901032
vt 0.982910 0.163086
vn -0.022462 0.718059 0.695619
v -0.328569 1.429632 -1.077927
vt 0.927734 0.163086
vn 0.022417 0.718038 0.695643
v -0.328601 0.730363 -0.901026
vt 0.983398 0.382812
vn -0.022462 0.718059 0.695619
v -0.328601 0.730363 -1.077941
vt 0.927734 0.382812
vn 0.022417 0.718038 0.695643
v -0.325450 0.691320 -0.900287
vt 0.983398 0.395508
vn -0.022286 0.712475 0.701343
v -0.325450 0.691320 -1.078674
vt 0.927734 0.395508
vn 0.022417 0.718038 0.695643
v -0.317558 0.654551 -0.898447
vt 0.984375 0.407227
vn -0.011157 0.707063 0.707063
v -0.317558 0.654551 -1.080514
vt 0.926758 0.407227
vn 0.022417 0.718038 0.695643
v -0.304507 0.622196 -0.895793
vt 0.984863 0.417969
vn -0.011157 0.707063 0.707063
v -0.304507 0.622196 -1.083169
vt 0.926270 0.417969
vn 0.011200 0.712630 0.701451
v -0.285528 0.590230 -0.891982
vt 0.986328 0.429688
vn -0.011157 0.707063 0.707063
v -0.285528 0.590230 -1.086979
vt 0.924805 0.429688
vn 0.011112 0.718087 0.695864
v -0.262802 0.562741 -0.888208
vt 0.987305 0.440918
vn -0.000022 0.695973 0.718068
v -0.262802 0.562741 -1.090754
vt 0.923828 0.440918
vn -0.000022 0.712652 0.701517
v -0.235288 0.539498 -0.884028
vt 0.988770 0.452637
vn -0.011157 0.707063 0.707063
v -0.235288 0.539498 -1.094934
vt 0.922363 0.452637
vn 0.011112 0.718087 0.695864
v -0.205320 0.520458 -0.880454
vt 0.989746 0.463379
vn -0.000022 0.701517 0.712652
v -0.205320 0.520458 -1.098508
vt 0.921387 0.463379
vn -0.000022 0.712652 0.701517
v -0.172381 0.506028 -0.877464
vt 0.990723 0.475098
vn -0.000022 0.701517 0.712652
v -0.172381 0.506028 -1.101497
vt 0.920410 0.475098
vn -0.000022 0.712652 0.701517
v -0.138015 0.496339 -0.875466
vt 0.991211 0.486328
vn -0.000022 0.701517 0.712652
v -0.138015 0.496339 -1.103496
vt 0.919922 0.486328
vn -0.000022 0.712652 0.701517
v -0.102466 0.490504 -0.866650
vt 0.994141 0.497559
vn -0.000019 0.307718 0.951477
v -0.102466 0.482970 -0.863535
vt 0.997070 0.497559
vn -0.007920 0.011840 0.999899
v -0.138466 0.493234 -0.867950
vt 0.994141 0.486328
vn -0.094191 0.362217 0.927322
v -0.139554 0.485752 -0.864873
vt 0.996582 0.486328
vn -0.135186 0.067566 0.988514
v -0.066467 0.493246 -0.867950
vt 0.994141 0.508545
vn 0.094146 0.362205 0.927332
v -0.065383 0.485794 -0.864872
vt 0.996582 0.508545
vn 0.116629 0.058288 0.991464
v -0.031670 0.503017 -0.869942
vt 0.993164 0.519775
vn 0.203125 0.428794 0.880270
v -0.029560 0.495799 -0.866954
vt 0.996094 0.519775
vn 0.276758 0.138389 0.950923
v 0.001703 0.517583 -0.872919
vt 0.992188 0.531006
vn 0.301139 0.482602 0.822441
v 0.004829 0.510744 -0.870058
vt 0.995117 0.531006
vn 0.448092 0.210331 0.868893
v 0.032077 0.536852 -0.876488
vt 0.991211 0.542236
vn 0.391769 0.540636 0.744466
v 0.036147 0.530594 -0.873730
vt 0.993652 0.542236
vn 0.595316 0.279016 0.753491
v 0.057921 0.558599 -0.879951
vt 0.990234 0.552734
vn 0.485804 0.585343 0.649129
v 0.058043 0.548605 -0.876542
vt 0.992676 0.550781
vn 0.746812 0.328930 0.577994
v 0.083070 0.588188 -0.884437
vt 0.988770 0.564697
vn 0.580817 0.628558 0.517268
v 0.088797 0.583463 -0.882054
vt 0.991211 0.564697
vn 0.858368 0.375024 0.350089
v -0.102466 1.537556 -0.866647
vt 0.994629 0.926575
vn -0.000019 0.949379 0.314133
v -0.102466 1.545064 -0.863535
vt 0.997070 0.926514
vn -0.011841 0.999922 -0.003921
v -0.045753 1.536949 -0.868669
vt 0.993652 0.908752
vn -0.007060 0.950755 0.309864
v -0.045597 1.544458 -0.865562
vt 0.996094 0.908630
vn -0.031259 0.999390 -0.015597
v 0.008893 1.536302 -0.873387
vt 0.992188 0.891602
vn -0.007107 0.950067 0.311964
v 0.009228 1.543809 -0.870297
vt 0.994629 0.891418
vn -0.042931 0.998704 -0.027321
v 0.047492 1.536044 -0.878388
vt 0.990723 0.879578
vn 0.027876 0.955696 0.293034
v 0.048470 1.543697 -0.875361
vt 0.993652 0.879333
vn -0.027143 0.999624 -0.003853
v 0.088403 1.531265 -0.885312
vt 0.988770 0.866943
vn 0.189471 0.967072 0.169919
v 0.091882 1.538386 -0.882636
vt 0.991699 0.866577
vn 0.124785 0.982137 -0.140836
v 0.112495 1.511963 -0.890155
vt 0.987305 0.857666
vn 0.425529 0.904289 0.034453
v 0.118280 1.517087 -0.887937
vt 0.990234 0.857422
vn 0.368311 0.805896 -0.463550
v 0.125348 1.488340 -0.893154
vt 0.986328 0.849609
vn 0.630731 0.772906 -0.069245
v 0.132553 1.490624 -0.891182
vt 0.988770 0.849609
vn 0.587624 0.320518 -0.742944
v 0.126868 1.429731 -0.893527
vt 0.985840 0.831421
vn 0.722592 0.690084 -0.040558
v 0.134178 1.429956 -0.891551
vt 0.988281 0.831421
vn 0.690471 0.011001 -0.723277
v 0.126900 0.730198 -0.893516
vt 0.985840 0.611572
vn 0.730467 0.681743 -0.040545
v 0.134209 0.729824 -0.891544
vt 0.988281 0.611572
vn 0.758353 0.021403 -0.651493
v 0.123706 0.690739 -0.892779
vt 0.986328 0.599365
vn 0.725671 0.683245 0.081100
v 0.130924 0.689424 -0.890793
vt 0.988770 0.599365
vn 0.924130 0.217981 -0.313797
v 0.115685 0.653459 -0.890928
vt 0.986816 0.587402
vn 0.706536 0.675165 0.212036
v 0.122629 0.650980 -0.888896
vt 0.989258 0.587402
vn 0.932663 0.352079 -0.078616
v 0.102386 0.620565 -0.888264
vt 0.987793 0.576416
vn 0.658348 0.658348 0.364905
v 0.108807 0.616838 -0.886114
vt 0.990234 0.576416
vn 0.911559 0.388542 0.134520
v -0.102466 0.490504 -1.112312
vt 0.916992 0.497559
vn -0.000019 0.951477 0.307718
v -0.102466 0.482970 -1.115426
vt 0.914062 0.497559
vn -0.007858 0.999961 0.003937
v -0.066465 0.493234 -1.111011
vt 0.916992 0.508545
vn -0.088837 0.963429 0.252811
v -0.065377 0.485752 -1.114089
vt 0.914551 0.508545
vn -0.063769 0.995929 -0.063718
v -0.031666 0.503003 -1.109019
vt 0.917969 0.519775
vn -0.173424 0.963621 0.203368
v -0.029546 0.495751 -1.112006
vt 0.915039 0.519775
vn -0.136599 0.980018 -0.144586
v 0.001714 0.517559 -1.106041
vt 0.918945 0.531006
vn -0.254257 0.954935 0.153145
v 0.004867 0.510661 -1.108899
vt 0.916016 0.531006
vn -0.196039 0.955490 -0.220470
v 0.032088 0.536836 -1.102472
vt 0.919922 0.542236
vn -0.323792 0.938924 0.116532
v 0.036183 0.530540 -1.105227
vt 0.917480 0.542236
vn -0.262293 0.915877 -0.303928
v 0.057927 0.558141 -1.099010
vt 0.920898 0.552734
vn -0.386853 0.919498 0.069778
v 0.058062 0.547043 -1.102417
vt 0.917969 0.550537
vn -0.331752 0.842068 -0.425279
v 0.083087 0.588175 -1.094521
vt 0.922363 0.564697
vn -0.467369 0.883483 0.032010
v 0.088853 0.583417 -1.096897
vt 0.919922 0.564697
vn -0.406282 0.750654 -0.521013
v 0.102407 0.620553 -1.090693
vt 0.923340 0.576416
vn -0.538165 0.842840 -0.000021
v 0.108877 0.616798 -1.092832
vt 0.920898 0.576416
vn -0.464906 0.607913 -0.643665
v -0.102466 1.537556 -1.112314
vt 0.916504 0.067871
vn -0.000019 0.314087 0.949394
v -0.102466 1.545065 -1.115426
vt 0.914062 0.067871
vn -0.015948 0.011934 0.999802
v -0.159179 1.536950 -1.110292
vt 0.917480 0.085938
vn -0.007092 0.318329 0.947954
v -0.159334 1.544458 -1.113399
vt 0.915039 0.085938
vn -0.048315 0.032182 0.998314
v -0.102466 1.537556 -1.112314
vt 0.916992 0.926697
vn -0.000019 0.314087 0.949394
v -0.045753 1.536949 -1.110293
vt 0.917969 0.908875
vn 0.007053 0.318318 0.947958
v -0.102466 1.545065 -1.115426
vt 0.914551 0.926636
vn 0.007920 0.007920 0.999937
v -0.045597 1.544456 -1.113399
vt 0.915039 0.908752
vn 0.040099 0.028052 0.998802
v 0.008893 1.536302 -1.105574
vt 0.919434 0.891663
vn 0.007100 0.320477 0.947230
v 0.009228 1.543810 -1.108665
vt 0.916504 0.891479
vn 0.073192 0.044697 0.996316
v 0.047484 1.535982 -1.100574
vt 0.920410 0.879639
vn -0.028617 0.328926 0.943922
v 0.048443 1.543486 -1.103604
vt 0.917969 0.879333
vn 0.048076 0.036053 0.998193
v 0.088355 1.531168 -1.093658
vt 0.922363 0.866943
vn -0.225332 0.420580 0.878828
v 0.091723 1.538060 -1.096355
vt 0.919922 0.866455
vn -0.216695 0.103983 0.970686
v 0.112441 1.511915 -1.088818
vt 0.923828 0.857544
vn -0.547877 0.591510 0.591563
v 0.118102 1.516930 -1.091064
vt 0.921387 0.857422
vn -0.763640 0.337354 0.550497
v 0.125312 1.488328 -1.085815
vt 0.924805 0.849487
vn -0.733955 0.665110 0.137618
v 0.132434 1.490587 -1.087807
vt 0.922363 0.849609
vn -0.932925 0.329687 -0.144764
v 0.126867 1.429731 -1.085435
vt 0.925293 0.831421
vn -0.726670 0.686226 -0.032307
v 0.134177 1.429956 -1.087411
vt 0.923340 0.831421
vn -0.744236 0.021876 -0.667559
v 0.123713 0.690738 -1.086180
vt 0.924805 0.599365
vn -0.662208 0.748190 -0.041131
v 0.130947 0.689420 -1.088163
vt 0.922363 0.599365
vn -0.613490 0.207750 -0.761886
v 0.126901 0.730198 -1.085443
vt 0.925293 0.611572
vn -0.726404 0.685521 -0.048975
v 0.134213 0.729824 -1.087416
vt 0.922852 0.611572
vn -0.674248 0.010686 -0.738428
v 0.115699 0.653454 -1.088030
vt 0.924316 0.587402
vn -0.602015 0.797994 -0.028000
v 0.122676 0.650964 -1.090055
vt 0.921875 0.587402
vn -0.560108 0.421245 -0.713324
v -0.173266 0.503003 -0.869942
vt 0.993164 0.475098
vn -0.194323 0.422175 0.885442
v -0.175385 0.495751 -0.866955
vt 0.996094 0.475098
vn -0.312589 0.151791 0.937682
v -0.206645 0.517559 -0.872921
vt 0.992188 0.463867
vn -0.299316 0.479576 0.824874
v -0.209799 0.510661 -0.870063
vt 0.995117 0.463867
vn -0.468981 0.220665 0.855198
v -0.237019 0.536836 -0.876490
vt 0.991211 0.452637
vn -0.393490 0.535080 0.747567
v -0.241114 0.530540 -0.873735
vt 0.993652 0.452637
vn -0.626589 0.290233 0.723292
v -0.262858 0.558141 -0.879952
vt 0.990234 0.441895
vn -0.482855 0.569870 0.664905
v -0.262993 0.547043 -0.876545
vt 0.993164 0.444336
vn -0.779333 0.341500 0.525374
v -0.288018 0.588175 -0.884440
vt 0.988770 0.429688
vn -0.583773 0.623730 0.519779
v -0.293784 0.583417 -0.882064
vt 0.991211 0.429688
vn -0.867152 0.379859 0.322108
v -0.307338 0.620553 -0.888269
vt 0.987793 0.417969
vn -0.656479 0.656428 0.371668
v -0.313808 0.616797 -0.886129
vt 0.990234 0.417969
vn -0.915579 0.387626 0.107058
v -0.102466 1.537556 -0.866647
vt 0.994141 0.067871
vn -0.000019 0.949379 0.314133
v -0.159179 1.536949 -0.868668
vt 0.993652 0.085938
vn 0.007022 0.950743 0.309899
v -0.102466 1.545064 -0.863535
vt 0.996582 0.067871
vn 0.007859 0.999969 0.000015
v -0.159334 1.544456 -0.865562
vt 0.996094 0.085938
vn 0.027353 0.999558 -0.011680
v -0.213825 1.536302 -0.873387
vt 0.992188 0.103027
vn 0.007068 0.950056 0.311999
v -0.214160 1.543809 -0.870297
vt 0.994629 0.103027
vn 0.042930 0.998705 -0.027288
v -0.252415 1.535982 -0.878387
vt 0.990723 0.114746
vn -0.028104 0.955099 0.294949
v -0.253375 1.543486 -0.875357
vt 0.993164 0.115234
vn 0.034883 0.999324 -0.011569
v -0.293287 1.531168 -0.885303
vt 0.988770 0.127930
vn -0.197028 0.965408 0.170785
v -0.296654 1.538060 -0.882607
vt 0.991211 0.127930
vn -0.095806 0.989972 -0.103811
v -0.317373 1.511915 -0.890143
vt 0.987305 0.137207
vn -0.433104 0.900681 0.034556
v -0.323033 1.516930 -0.887897
vt 0.989746 0.137207
vn -0.324123 0.852839 -0.409402
v -0.330243 1.488328 -0.893146
vt 0.986328 0.145020
vn -0.636641 0.768342 -0.065873
v -0.337365 1.490587 -0.891154
vt 0.988770 0.145020
vn -0.568098 0.394707 -0.722129
v -0.331798 1.429731 -0.893526
vt 0.985840 0.163086
vn -0.722613 0.690059 -0.040603
v -0.339108 1.429956 -0.891550
vt 0.988281 0.163086
vn -0.690331 0.021903 -0.723163
v -0.328644 0.690738 -0.892781
vt 0.986328 0.395508
vn -0.725237 0.682758 0.088728
v -0.335879 0.689420 -0.890798
vt 0.988770 0.395508
vn -0.916389 0.194736 -0.349726
v -0.331832 0.730198 -0.893518
vt 0.985840 0.382812
vn -0.730488 0.681718 -0.040590
v -0.339144 0.729824 -0.891545
vt 0.988281 0.383301
vn -0.748576 0.010677 -0.662963
v -0.320631 0.653454 -0.890932
vt 0.986816 0.407227
vn -0.705379 0.674005 0.219447
v -0.327608 0.650964 -0.888907
vt 0.989258 0.407227
vn -0.934542 0.341871 -0.098771
v -0.138465 0.493246 -1.111011
vt 0.916992 0.486328
vn 0.088797 0.963422 0.252849
v -0.139548 0.485794 -1.114089
vt 0.914551 0.486328
vn 0.055406 0.996928 -0.055355
v -0.173261 0.503017 -1.109020
vt 0.917969 0.475098
vn 0.180542 0.962885 0.200641
v -0.175371 0.495799 -1.112008
vt 0.915039 0.475098
vn 0.125060 0.984243 -0.125003
v -0.206634 0.517584 -1.106042
vt 0.918945 0.463867
vn 0.255800 0.954352 0.154204
v -0.209760 0.510744 -1.108903
vt 0.916016 0.463867
vn 0.186991 0.959360 -0.211334
v -0.237009 0.536852 -1.102473
vt 0.919922 0.452637
vn 0.323508 0.938198 0.122993
v -0.241079 0.530594 -1.105231
vt 0.917480 0.452637
vn 0.250232 0.925741 -0.283526
v -0.262852 0.558599 -1.099011
vt 0.920898 0.441895
vn 0.392259 0.916331 0.080436
v -0.262974 0.548606 -1.102419
vt 0.917969 0.443848
vn 0.312939 0.862635 -0.397403
v -0.288002 0.588188 -1.094524
vt 0.922363 0.429688
vn 0.467239 0.883294 0.038469
v -0.293729 0.583463 -1.096907
vt 0.919922 0.429688
vn 0.395325 0.764316 -0.509450
v -0.213825 1.536302 -1.105574
vt 0.918945 0.103027
vn -0.007139 0.320488 0.947226
v -0.214160 1.543810 -1.108665
vt 0.916504 0.103027
vn -0.073229 0.044699 0.996313
v -0.252423 1.536044 -1.100573
vt 0.920410 0.114746
vn 0.028382 0.326719 0.944695
v -0.253402 1.543697 -1.103600
vt 0.917969 0.115234
vn -0.031844 0.027837 0.999105
v -0.293334 1.531265 -1.093650
vt 0.922363 0.127441
vn 0.215959 0.409610 0.886330
v -0.296813 1.538386 -1.096325
vt 0.919434 0.127930
vn 0.293114 0.137680 0.946112
v -0.317427 1.511963 -1.088806
vt 0.923828 0.136719
vn 0.539609 0.583272 0.607137
v -0.323211 1.517087 -1.091024
vt 0.920898 0.137207
vn 0.824014 0.364762 0.433531
v -0.330279 1.488340 -1.085807
vt 0.924805 0.145020
vn 0.734590 0.661897 0.149229
v -0.337484 1.490624 -1.087780
vt 0.922363 0.145020
vn 0.930942 0.280557 -0.233739
v -0.331799 1.429731 -1.085434
vt 0.925293 0.163086
vn 0.726649 0.686251 -0.032262
v -0.339109 1.429956 -1.087411
vt 0.922852 0.163086
vn 0.733945 0.010995 -0.679120
v -0.331831 0.730198 -1.085445
vt 0.925293 0.382812
vn 0.726383 0.685546 -0.048929
v -0.339140 0.729824 -1.087417
vt 0.922852 0.383301
vn 0.674152 0.021442 -0.738281
v -0.328637 0.690739 -1.086182
vt 0.924805 0.395508
vn 0.665890 0.744905 -0.041324
v -0.335855 0.689424 -1.088169
vt 0.922363 0.395508
vn 0.584099 0.239418 -0.775569
v -0.320617 0.653459 -1.088033
vt 0.924316 0.407227
vn 0.605365 0.795452 -0.028105
v -0.327561 0.650980 -1.090065
vt 0.921875 0.407227
vn 0.535726 0.437874 -0.721986
v -0.307317 0.620565 -1.090697
vt 0.923340 0.417969
vn 0.541083 0.840969 0.000021
v -0.313738 0.616838 -1.092847
vt 0.920898 0.417969
vn 0.465054 0.626028 -0.625950
v 0.171405 0.193205 -1.083603
vt 0.082642 0.445312
vn -0.834135 0.009109 -0.551486
v 0.122676 0.650964 -1.090055
vt 0.095703 0.596436
vn -0.810712 0.029439 -0.584705
v 0.215982 1.369328 -0.905812
vt 0.557617 0.831909
vn 0.481358 0.024720 -0.876176
v 0.221407 1.368637 -0.912973
vt 0.560547 0.831543
vn 0.030734 0.038426 -0.998789
v 0.220328 0.193205 -0.912656
vt 0.550781 0.445312
vn 0.030748 0.030748 -0.999054
v 0.227107 1.395061 -0.915415
vt 0.562988 0.841064
vn 0.060148 0.165344 -0.984400
v 0.222049 1.397135 -0.908224
vt 0.559570 0.841919
vn 0.518267 0.017315 -0.855043
v 0.239587 1.418909 -0.922163
vt 0.567383 0.849487
vn 0.104838 0.209636 -0.972143
v 0.239582 1.425387 -0.915288
vt 0.565430 0.852295
vn 0.250380 0.055653 -0.966547
v 0.257151 1.435781 -0.930340
vt 0.573730 0.855835
vn 0.142167 0.177739 -0.973754
v 0.257117 1.442011 -0.923806
vt 0.571777 0.858032
vn 0.234448 0.000000 -0.972129
v 0.294033 1.468876 -0.963728
vt 0.590332 0.866821
vn 0.174499 0.034929 -0.984038
v 0.290014 1.460740 -0.966141
vt 0.590332 0.864014
vn 0.108127 0.115333 -0.987424
v 0.280612 1.459594 -0.943177
vt 0.582031 0.863892
vn 0.190777 0.000000 -0.981633
v 0.277773 1.451806 -0.947211
vt 0.582520 0.861450
vn 0.135037 0.142138 -0.980593
v 0.294746 1.464125 -0.989481
vt 0.598145 0.864258
vn 0.056545 0.120613 -0.991088
v 0.298976 1.472260 -0.989481
vt 0.598633 0.867676
vn 0.000000 0.039662 -0.999213
v 0.294746 1.464125 -0.989481
vt 0.017685 0.864258
vn -0.995544 0.063088 0.070081
v 0.298976 1.472260 -0.989481
vt 0.017044 0.867676
vn 0.997990 0.000016 0.063373
v 0.290014 1.460740 -1.012820
vt 0.025696 0.864014
vn -0.995418 0.095559 0.003289
v 0.294033 1.468876 -1.015233
vt 0.025742 0.866821
vn -0.988322 0.020566 -0.150986
v 0.215938 1.369250 -1.073162
vt 0.058411 0.831909
vn -0.897347 0.024026 -0.440672
v 0.221407 1.368637 -1.065993
vt 0.055389 0.831543
vn -0.999527 0.029822 0.007451
v 0.221930 1.397184 -1.070772
vt 0.056152 0.841919
vn -0.861232 0.008579 -0.508139
v 0.227107 1.395061 -1.063546
vt 0.053162 0.841064
vn -0.993573 0.060295 0.095801
v 0.220328 0.193205 -1.063521
vt 0.064636 0.444824
vn -0.999718 0.022533 -0.007527
v 0.214898 0.193205 -1.072317
vt 0.067993 0.444824
vn -0.928373 0.014844 -0.371353
v 0.239587 1.418909 -1.056798
vt 0.048431 0.849487
vn -0.991170 0.093759 0.093759
v 0.239582 1.426040 -1.063676
vt 0.050323 0.852417
vn -0.983657 0.084371 -0.159062
v 0.257117 1.442011 -1.055155
vt 0.043915 0.858032
vn -0.973671 0.006896 -0.227855
v 0.257151 1.435781 -1.048485
vt 0.042297 0.855835
vn -0.992165 0.120826 0.031774
v 0.277542 1.451626 -1.031426
vt 0.033325 0.861328
vn -0.993039 0.117745 0.003179
v 0.280612 1.459594 -1.035784
vt 0.033875 0.863892
vn -0.188105 0.000000 -0.982149
v -0.420879 1.369291 -0.905802
vt 0.337646 0.840942
vn 0.805264 0.488043 -0.336696
v -0.426338 1.368637 -0.912971
vt 0.334717 0.840698
vn 0.089217 0.747470 0.658277
v -0.426861 1.397184 -0.908189
vt 0.337646 0.851562
vn 0.784721 0.473808 -0.399647
v -0.432038 1.395061 -0.915415
vt 0.334473 0.850830
vn 0.133929 0.710922 0.690401
v -0.425259 0.193205 -0.912656
vt 0.333252 0.448730
vn 0.089217 0.747470 0.658277
v -0.419828 0.193205 -0.905510
vt 0.335938 0.448730
vn 0.806032 0.481668 -0.343959
v -0.444518 1.418909 -0.922163
vt 0.332275 0.860107
vn 0.200588 0.722141 0.662025
v -0.444513 1.426040 -0.915285
vt 0.335205 0.862915
vn 0.620842 0.765157 0.170560
v -0.462049 1.442011 -0.923806
vt 0.329834 0.868774
vn 0.515099 0.831769 0.206964
v -0.462083 1.435781 -0.930476
vt 0.327881 0.866943
vn 0.237776 0.759939 0.604943
v -0.494945 1.460740 -0.966141
vt 0.314697 0.876465
vn 0.142414 0.772359 0.619015
v -0.498965 1.468876 -0.963728
vt 0.315186 0.878662
vn 0.458914 0.835238 0.302945
v -0.482473 1.451626 -0.947535
vt 0.320801 0.873169
vn 0.205202 0.777709 0.594189
v -0.485544 1.459594 -0.943177
vt 0.321777 0.875305
vn 0.389291 0.862622 0.323011
v -0.503907 1.472260 -0.989481
vt 0.307861 0.879883
vn -0.000022 0.707107 0.707107
v -0.499677 1.464125 -0.989481
vt 0.307861 0.877625
vn -0.000022 0.707107 0.707107
v -0.498965 1.468876 -1.015233
vt 0.300781 0.878662
vn -0.476979 0.791758 0.381588
v -0.494945 1.460740 -1.012820
vt 0.301270 0.876465
vn -0.154342 0.771519 0.617201
v -0.420914 1.369328 -1.073150
vt 0.278076 0.840942
vn -0.817031 0.483418 -0.314271
v -0.426338 1.368637 -1.065989
vt 0.281250 0.840698
vn -0.089264 0.747490 0.658248
v -0.425259 0.193205 -1.066306
vt 0.282715 0.448730
vn -0.088634 0.741997 0.664518
v -0.432038 1.395061 -1.063546
vt 0.281494 0.850830
vn -0.131991 0.812048 0.568468
v -0.426981 1.397135 -1.070737
vt 0.278076 0.851562
vn -0.838944 0.454999 -0.298578
v -0.444518 1.418909 -1.056798
vt 0.283691 0.860107
vn -0.193634 0.842104 0.503355
v -0.444514 1.425387 -1.063673
vt 0.280762 0.862671
vn -0.597237 0.775428 0.204985
v -0.462083 1.435781 -1.048621
vt 0.288086 0.866943
vn -0.246942 0.839509 0.483988
v -0.462049 1.442011 -1.055155
vt 0.285889 0.868774
vn -0.532851 0.763081 0.365756
v -0.485544 1.459594 -1.035784
vt 0.294189 0.875305
vn -0.412395 0.754372 0.510739
v -0.482705 1.451806 -1.031750
vt 0.294922 0.873169
vn -0.220458 0.808330 0.545895
v 0.220328 0.193205 -0.989481
vt 0.576172 0.444336
vn 0.000000 0.031755 -0.999496
v 0.221407 1.368637 -0.989481
vt 0.585938 0.830444
vn 0.000000 0.102645 -0.994718
v 0.227107 1.395061 -0.989481
vt 0.587402 0.837036
vn 0.038095 0.220817 -0.974571
v 0.239587 1.418909 -0.989481
vt 0.589844 0.843750
vn 0.087876 0.241639 -0.966379
v 0.280634 1.454029 -0.989481
vt 0.596191 0.858521
vn 0.098018 0.152431 -0.983441
v 0.257151 1.435781 -0.989481
vt 0.592773 0.850098
vn 0.112298 0.195602 -0.974233
v 0.221407 1.368637 -0.989481
vt 0.030014 0.830444
vn 0.994720 0.000017 0.102628
v 0.220328 0.193205 -0.989481
vt 0.040161 0.444336
vn 0.999716 0.000016 0.023818
v 0.239587 1.418909 -0.989481
vt 0.026108 0.843750
vn -0.986187 0.082181 0.143812
v 0.227107 1.395061 -0.989481
vt 0.028549 0.837036
vn -0.983435 0.036939 0.177459
v 0.280634 1.454029 -0.989481
vt 0.019562 0.858521
vn -0.994674 0.090097 0.050062
v 0.257151 1.435781 -0.989481
vt 0.023239 0.850098
vn -0.991826 0.102452 0.076058
v -0.426338 1.368637 -0.989481
vt 0.307861 0.840576
vn -0.000022 0.707107 0.707107
v -0.425259 0.193205 -0.989481
vt 0.307861 0.448730
vn -0.000022 0.707107 0.707107
v -0.444518 1.418909 -0.989481
vt 0.307861 0.858032
vn -0.000022 0.707107 0.707107
v -0.432038 1.395061 -0.989481
vt 0.307861 0.849487
vn -0.000022 0.707107 0.707107
v -0.485565 1.454029 -0.989481
vt 0.307861 0.873291
vn -0.000022 0.707107 0.707107
v -0.462083 1.435781 -0.989481
vt 0.307861 0.865234
vn -0.000022 0.707107 0.707107
v -0.382256 0.193205 -0.895359
vt 0.348633 0.448242
vn 0.793617 0.269940 -0.545256
v -0.327608 0.650964 -0.888907
vt 0.367920 0.600830
vn 0.791034 0.238384 -0.563417
v 0.181396 1.470948 -0.896202
vt 0.545410 0.866943
vn 0.552622 0.009068 -0.833382
v -0.386327 1.470948 -1.082759
vt 0.260986 0.875122
vn -0.832764 0.367829 -0.413771
v 0.172069 0.135484 -1.071705
vt 0.081177 0.421875
vn -0.829052 0.018629 -0.558861
v 0.213829 0.135484 -1.065654
vt 0.067139 0.421387
vn -0.812413 0.009518 -0.583005
v 0.168771 0.193210 -1.072548
vt 0.082214 0.441406
vn -0.824840 0.009267 -0.565290
v 0.210331 0.193217 -1.063528
vt 0.066528 0.441406
vn -0.593840 0.009539 -0.804527
v -0.102466 0.193201 -0.875052
vt 0.441650 0.442871
vn 0.706940 0.022443 -0.706918
v -0.102466 0.135484 -0.874893
vt 0.441406 0.423340
vn 0.706940 0.022443 -0.706918
v 0.020663 0.193205 -0.870300
vt 0.482666 0.445801
vn 0.643189 0.010220 -0.765639
v 0.004829 0.510744 -0.870058
vt 0.479492 0.551270
vn 0.642917 0.030651 -0.765322
v -0.102466 0.482970 -0.863535
vt 0.443115 0.542969
vn 0.706738 0.033696 -0.706672
v 0.209170 0.193205 -0.915351
vt 0.549316 0.441406
vn 0.552649 0.000000 -0.833414
v 0.209445 0.135484 -0.915246
vt 0.548340 0.421387
vn 0.552541 0.018124 -0.833289
v -0.102465 0.193201 -1.103909
vt 0.174194 0.442871
vn -0.728994 0.022387 -0.684154
v -0.102466 0.135484 -1.104069
vt 0.174561 0.423340
vn -0.718205 0.011221 -0.695741
v 0.020670 0.193205 -1.108661
vt 0.133179 0.445801
vn -0.783708 0.020350 -0.620796
v 0.004867 0.510661 -1.108899
vt 0.136597 0.551270
vn -0.792263 0.030463 -0.609418
v -0.102466 0.482970 -1.115426
vt 0.172852 0.542969
vn -0.739531 0.033613 -0.672283
v -0.225602 0.193205 -0.870301
vt 0.400879 0.447266
vn 0.761716 0.154560 -0.629206
v -0.209799 0.510661 -0.870063
vt 0.407227 0.553223
vn 0.761716 0.154560 -0.629206
v -0.225595 0.193205 -1.108661
vt 0.215088 0.447266
vn -0.781112 0.153985 -0.605106
v -0.209760 0.510744 -1.108903
vt 0.208740 0.553223
vn -0.781112 0.153985 -0.605106
v -0.414101 0.193205 -1.063610
vt 0.281738 0.444824
vn -0.829107 0.360421 -0.427408
v -0.414377 0.135484 -1.063715
vt 0.281738 0.424316
vn -0.816472 0.337065 -0.468787
v 0.209170 0.193205 -0.915351
vt 0.549316 0.441406
vn 0.000000 0.055483 -0.998460
v 0.208964 0.193215 -0.989481
vt 0.575195 0.440430
vn 0.007880 0.047218 -0.998854
v 0.209445 0.135484 -0.915246
vt 0.548340 0.421387
vn 0.000000 0.047584 -0.998867
v 0.208911 0.135484 -0.989481
vt 0.573730 0.419922
vn 0.007880 0.047218 -0.998854
v 0.208964 0.193215 -0.989481
vt 0.040649 0.440430
vn 0.999206 0.007805 0.039059
v 0.210331 0.193217 -1.063528
vt 0.066528 0.441406
vn 0.999636 0.019050 0.019114
v 0.208911 0.135484 -0.989481
vt 0.041748 0.420898
vn 0.999481 0.007781 0.031266
v 0.213829 0.135484 -1.065654
vt 0.067139 0.421387
vn 0.999811 0.019055 0.003855
v -0.413896 0.193215 -0.989481
vt 0.307861 0.444824
vn -0.000022 0.707107 0.707107
v -0.414100 0.193205 -0.915351
vt 0.334229 0.444824
vn -0.000022 0.707107 0.707107
v -0.413842 0.135484 -0.989481
vt 0.307861 0.424316
vn -0.000022 0.707107 0.707107
v -0.414377 0.135484 -0.915247
vt 0.333984 0.424316
vn -0.000022 0.707107 0.707107
v -0.414100 0.193205 -0.915351
vt 0.334229 0.444824
vn 0.796798 0.374996 -0.473805
v -0.414377 0.135484 -0.915247
vt 0.333984 0.424316
vn 0.805894 0.347661 -0.479236
v -0.414101 0.193205 -1.063610
vt 0.281738 0.444824
vn -0.000022 0.712652 0.701517
v -0.414377 0.135484 -1.063715
vt 0.281738 0.424316
vn -0.000022 0.707107 0.707107
v -0.036599 0.193205 -0.865803
vt 0.463623 0.446289
vn 0.685042 0.000000 -0.728504
v 0.020663 0.193205 -0.870300
vt 0.482666 0.445801
vn 0.653393 0.000000 -0.757019
v -0.037232 0.193198 -0.877146
vt 0.463623 0.442383
vn 0.685042 0.000000 -0.728504
v 0.019566 0.193201 -0.881609
vt 0.482666 0.442383
vn 0.653393 0.000000 -0.757019
v 0.077138 0.193205 -0.876816
vt 0.501465 0.445801
vn 0.622889 0.000000 -0.782310
v 0.075678 0.193203 -0.888083
vt 0.501465 0.441895
vn 0.622889 0.000000 -0.782310
v 0.131657 0.193205 -0.885973
vt 0.520020 0.445312
vn 0.594670 0.000000 -0.803970
v 0.129585 0.193199 -0.897145
vt 0.520020 0.441406
vn 0.594670 0.000000 -0.803970
v 0.177319 0.193205 -0.895358
vt 0.535156 0.445312
vn 0.566348 0.000000 -0.824166
v 0.020670 0.193205 -1.108661
vt 0.133179 0.445801
vn -0.653393 0.000000 -0.757019
v -0.036596 0.193205 -1.113158
vt 0.152344 0.446289
vn -0.685042 0.000000 -0.728504
v 0.019572 0.193201 -1.097352
vt 0.133301 0.441895
vn -0.653393 0.000000 -0.757019
v -0.037229 0.193198 -1.101815
vt 0.152344 0.442383
vn -0.685042 0.000000 -0.728504
v 0.077140 0.193205 -1.102145
vt 0.114380 0.445801
vn -0.627783 0.000000 -0.778388
v 0.075681 0.193203 -1.090878
vt 0.114380 0.441895
vn -0.622889 0.000000 -0.782310
v 0.131666 0.193205 -1.092987
vt 0.096130 0.445312
vn -0.589335 0.000000 -0.807889
v 0.129507 0.193200 -1.081834
vt 0.096008 0.441406
vn -0.589335 0.000000 -0.807889
v -0.225602 0.193205 -0.870301
vt 0.400879 0.447266
vn 0.771531 0.154316 -0.617192
v -0.168336 0.193205 -0.865803
vt 0.419922 0.446777
vn 0.747521 0.089288 -0.658210
v -0.224504 0.193201 -0.881610
vt 0.400879 0.443359
vn 0.771531 0.154316 -0.617192
v -0.167702 0.193198 -0.877147
vt 0.419922 0.443359
vn 0.747521 0.089288 -0.658210
v -0.282072 0.193205 -0.876816
vt 0.382080 0.447754
vn 0.787762 0.207903 -0.579835
v -0.280612 0.193203 -0.888083
vt 0.381836 0.443848
vn 0.790467 0.218073 -0.572369
v -0.336597 0.193205 -0.885975
vt 0.363770 0.447754
vn 0.802176 0.269187 -0.532965
v -0.334525 0.193199 -0.897147
vt 0.363525 0.443848
vn 0.802176 0.269187 -0.532965
v -0.382256 0.193205 -0.895359
vt 0.348633 0.448242
vn 0.812655 0.337730 -0.474900
v -0.379606 0.193191 -0.906404
vt 0.347656 0.444336
vn 0.812655 0.337730 -0.474900
v -0.168333 0.193205 -1.113159
vt 0.196045 0.446777
vn -0.747501 0.089240 -0.658238
v -0.225595 0.193205 -1.108661
vt 0.215088 0.447266
vn -0.771515 0.154265 -0.617226
v -0.167699 0.193198 -1.101815
vt 0.196167 0.443359
vn -0.747501 0.089240 -0.658238
v -0.224497 0.193201 -1.097353
vt 0.215210 0.443359
vn -0.771515 0.154265 -0.617226
v -0.282069 0.193205 -1.102146
vt 0.233887 0.447754
vn -0.790453 0.218021 -0.572408
v -0.280610 0.193203 -1.090879
vt 0.234131 0.443848
vn -0.790453 0.218021 -0.572408
v -0.336589 0.193205 -1.092989
vt 0.252197 0.447754
vn -0.802166 0.269135 -0.533007
v -0.334516 0.193199 -1.081816
vt 0.252441 0.443848
vn -0.802166 0.269135 -0.533007
v -0.382250 0.193205 -1.083604
vt 0.267334 0.448242
vn -0.812649 0.337678 -0.474947
v -0.379600 0.193191 -1.072559
vt 0.268066 0.444336
vn -0.812649 0.337678 -0.474947
v 0.214898 0.193205 -1.072317
vt 0.067993 0.444824
vn -0.403016 0.000000 -0.915193
v 0.171405 0.193205 -1.083603
vt 0.082642 0.445312
vn -0.566348 0.000000 -0.824166
v 0.210331 0.193217 -1.063528
vt 0.066528 0.441406
vn -0.282565 0.000000 -0.959248
v 0.168771 0.193210 -1.072548
vt 0.082214 0.441406
vn -0.566348 0.000000 -0.824166
v -0.102466 0.193205 -0.863694
vt 0.441895 0.446777
vn 0.718070 0.022440 -0.695609
v -0.102466 0.193201 -0.875052
vt 0.441650 0.442871
vn 0.718070 0.022440 -0.695609
v 0.214898 0.193205 -0.905511
vt 0.547852 0.445312
vn 0.405832 0.000000 -0.913948
v 0.209170 0.193205 -0.915351
vt 0.549316 0.441406
vn 0.276127 0.000000 -0.961121
v -0.102465 0.193205 -1.115267
vt 0.174194 0.446777
vn -0.718049 0.022395 -0.695632
v -0.102465 0.193201 -1.103909
vt 0.174194 0.442871
vn -0.718049 0.022395 -0.695632
v -0.419830 0.193205 -1.073451
vt 0.279785 0.448730
vn -0.768338 0.623430 -0.144884
v -0.414101 0.193205 -1.063610
vt 0.281738 0.444824
vn -0.644598 0.756312 0.111738
v 0.220328 0.193205 -0.912656
vt 0.550781 0.445312
vn 0.144407 0.000000 -0.989518
v 0.220328 0.193205 -1.063521
vt 0.064636 0.444824
vn -0.111255 0.000000 -0.993792
v -0.425259 0.193205 -0.912656
vt 0.333252 0.448730
vn 0.382111 0.815942 0.433856
v -0.419828 0.193205 -0.905510
vt 0.335938 0.448730
vn 0.771523 0.617209 -0.154290
v -0.414100 0.193205 -0.915351
vt 0.334229 0.444824
vn 0.647789 0.754330 0.106564
v -0.425259 0.193205 -1.066306
vt 0.282715 0.448730
vn -0.374067 0.815559 0.441517
v 0.220328 0.193205 -0.989481
vt 0.576172 0.444336
vn 0.023259 0.000000 -0.999729
v 0.208964 0.193215 -0.989481
vt 0.575195 0.440430
vn 0.023259 0.000000 -0.999729
v 0.220328 0.193205 -0.989481
vt 0.040161 0.444336
vn -0.011795 0.000000 -0.999930
v 0.208964 0.193215 -0.989481
vt 0.040649 0.440430
vn -0.011795 0.000000 -0.999930
v -0.337484 1.490624 -1.087780
vt 0.245483 0.880127
vn -0.843301 0.281068 -0.458088
v 0.132553 1.490624 -0.891182
vt 0.529297 0.873413
vn 0.618072 0.000000 -0.786121
v 0.125728 1.490631 -1.020409
vt 0.707520 0.429688
vn -0.195786 0.910784 -0.363511
v 0.125728 1.513868 -1.023670
vt 0.728027 0.436035
vn -0.146353 0.941203 -0.304495
v 0.109326 1.490631 -1.022345
vt 0.713379 0.416992
vn -0.175208 0.931586 -0.318511
v 0.108752 1.513868 -1.025568
vt 0.732910 0.422363
vn -0.138804 0.951766 -0.273631
v 0.089311 1.490631 -1.022764
vt 0.719238 0.401367
vn -0.143458 0.956246 -0.254978
v 0.088035 1.513868 -1.025724
vt 0.738281 0.405273
vn -0.118775 0.966004 -0.229627
v 0.108476 1.537105 -1.028791
vt 0.752930 0.427734
vn -0.126838 0.958953 -0.253616
v 0.078393 1.490631 -1.020960
vt 0.721680 0.392578
vn -0.123811 0.974396 -0.187678
v 0.076734 1.513868 -1.023599
vt 0.740723 0.395508
vn -0.099111 0.982992 -0.154610
v 0.087422 1.537105 -1.028683
vt 0.758301 0.409668
vn -0.111187 0.968614 -0.222314
v 0.068480 1.490631 -1.016123
vt 0.723145 0.383301
vn -0.099336 0.985290 -0.139051
v 0.066473 1.513868 -1.018233
vt 0.742188 0.385742
vn -0.071491 0.992875 -0.095327
v 0.075937 1.537105 -1.026239
vt 0.760742 0.398926
vn -0.091452 0.986035 -0.139183
v 0.060613 1.490631 -1.008759
vt 0.724121 0.374512
vn -0.083092 0.988968 -0.122632
v 0.058330 1.513868 -1.010214
vt 0.743164 0.375488
vn -0.047467 0.996334 -0.071167
v 0.125728 1.490631 -0.958552
vt 0.702637 0.286133
vn -0.217172 0.973617 -0.070050
v 0.109326 1.490631 -0.956616
vt 0.707520 0.299316
vn -0.211292 0.973949 -0.082339
v 0.125728 1.513868 -0.955291
vt 0.721680 0.279785
vn -0.211914 0.974734 -0.070619
v 0.108752 1.513868 -0.953393
vt 0.726562 0.293457
vn -0.204441 0.975400 -0.082458
v 0.065510 1.537105 -1.020342
vt 0.762695 0.388184
vn -0.071588 0.994258 -0.079540
v 0.055562 1.490631 -0.999590
vt 0.723633 0.366211
vn -0.074987 0.986437 -0.146013
v 0.053102 1.513868 -1.000328
vt 0.743164 0.366211
vn -0.035617 0.996537 -0.075137
v 0.089311 1.490631 -0.956197
vt 0.712891 0.315430
vn -0.198082 0.975539 -0.095323
v 0.088035 1.513868 -0.953237
vt 0.732422 0.310059
vn -0.192392 0.976596 -0.096158
v 0.057234 1.537105 -1.011669
vt 0.763184 0.376953
vn -0.043586 0.998099 -0.043569
v 0.053821 1.490631 -0.989481
vt 0.722656 0.357910
vn -0.086769 0.978073 -0.189326
v 0.051301 1.513868 -0.989481
vt 0.742188 0.356934
vn -0.039451 0.993944 -0.102563
v 0.108476 1.537105 -0.950170
vt 0.745605 0.287109
vn -0.198922 0.976479 -0.083175
v 0.078393 1.490631 -0.958002
vt 0.715820 0.324219
vn -0.171817 0.976143 -0.132752
v 0.076734 1.513868 -0.955362
vt 0.735352 0.319336
vn -0.150258 0.980517 -0.126526
v 0.055562 1.490631 -0.979371
vt 0.721680 0.350098
vn -0.106870 0.973573 -0.201825
v 0.053102 1.513868 -0.978633
vt 0.741211 0.347656
vn -0.055426 0.989355 -0.134552
v 0.051922 1.537105 -1.001067
vt 0.763184 0.366211
vn -0.027756 0.998664 -0.043577
v 0.068480 1.490631 -0.962838
vt 0.718262 0.333008
vn -0.145233 0.976154 -0.161342
v 0.066473 1.513868 -0.960728
vt 0.737793 0.328613
vn -0.115806 0.982220 -0.147761
v 0.060613 1.490631 -0.970202
vt 0.720215 0.341797
vn -0.123811 0.974396 -0.187678
v 0.058330 1.513868 -0.968747
vt 0.739746 0.338379
vn -0.087265 0.983478 -0.158604
v 0.087422 1.537105 -0.950278
vt 0.751465 0.304199
vn -0.187531 0.977948 -0.091924
v 0.050091 1.537105 -0.989481
vt 0.762695 0.355469
vn -0.023742 0.995930 -0.086945
v 0.051922 1.537105 -0.977895
vt 0.761230 0.344727
vn -0.047475 0.988674 -0.142372
v 0.075937 1.537105 -0.952723
vt 0.754395 0.313965
vn -0.146318 0.980594 -0.130489
v 0.057234 1.537105 -0.967292
vt 0.759277 0.334473
vn -0.079299 0.982862 -0.166416
v 0.065510 1.537105 -0.958619
vt 0.757324 0.324219
vn -0.111647 0.980864 -0.159504
v -0.284444 1.441838 -1.011701
vt 0.520508 0.274414
vn 0.987276 0.065838 -0.144745
v -0.285256 1.444521 -1.010043
vt 0.518555 0.276855
vn 0.905559 0.031674 -0.423036
v -0.280774 1.455164 -1.013774
vt 0.522461 0.286133
vn 0.984722 0.126255 -0.119926
v -0.281786 1.457923 -1.011944
vt 0.520508 0.288086
vn 0.924854 0.196975 -0.325340
v -0.288273 1.432156 -1.006179
vt 0.515625 0.266113
vn 0.263640 0.027782 -0.964221
v -0.287674 1.430163 -1.007820
vt 0.517090 0.264648
vn 0.011772 0.031372 -0.999438
v -0.276282 1.471471 -1.013448
vt 0.521973 0.300293
vn 0.976305 0.210301 -0.051008
v -0.277981 1.472891 -1.011680
vt 0.520020 0.300781
vn 0.884928 0.462365 0.055861
v -0.290136 1.424816 -0.998387
vt 0.509277 0.259766
vn 0.128423 0.021421 -0.991488
v -0.289985 1.422194 -0.999128
vt 0.509766 0.257812
vn 0.003983 0.015840 -0.999867
v -0.273217 1.482865 -1.008045
vt 0.517578 0.310547
vn 0.965608 0.241387 0.096614
v -0.275424 1.482968 -1.006637
vt 0.515625 0.309082
vn 0.407292 0.147316 0.901339
v -0.273217 1.482865 -1.008045
vt 0.517578 0.310547
vn 0.984113 0.169015 0.054373
v -0.275424 1.482968 -1.006637
vt 0.515625 0.309082
vn 0.803736 0.003917 0.594974
v -0.272136 1.487113 -0.999984
vt 0.510742 0.314453
vn -0.997506 0.007762 0.070152
v -0.274589 1.487031 -0.998752
vt 0.509766 0.312500
vn -0.970344 0.037298 0.238834
v -0.290671 1.419860 -0.989703
vt 0.501953 0.255859
vn 0.000000 0.000000 -1.000000
v -0.290780 1.422474 -0.989703
vt 0.501953 0.257812
vn 0.000000 0.000000 -1.000000
v -0.290136 1.424816 -0.981020
vt 0.494873 0.260254
vn -0.994250 0.020991 -0.105008
v -0.289949 1.422313 -0.980348
vt 0.494385 0.257812
vn -0.999985 0.003921 0.003922
v -0.288292 1.432205 -0.973227
vt 0.488525 0.266113
vn -0.972527 0.027197 -0.231195
v -0.287667 1.430153 -0.971541
vt 0.487061 0.264648
vn -0.999925 0.011605 0.003889
v -0.271766 1.488576 -0.989703
vt 0.502441 0.315918
vn 0.000000 0.000000 -1.000000
v -0.274296 1.488400 -0.989703
vt 0.502441 0.313477
vn 0.000000 0.000000 -1.000000
v -0.272177 1.486949 -0.979474
vt 0.493652 0.314453
vn 0.003947 0.086633 -0.996232
v -0.274589 1.487031 -0.980654
vt 0.495117 0.312500
vn 0.034484 0.298767 -0.953703
v -0.273177 1.482909 -0.971340
vt 0.486816 0.310547
vn -0.172834 0.289170 -0.941546
v -0.275445 1.483022 -0.972769
vt 0.488770 0.309570
vn 0.000000 0.578282 -0.815837
v -0.284435 1.441869 -0.967867
vt 0.483887 0.274902
vn -0.232565 0.090236 -0.968386
v -0.285257 1.444516 -0.969363
vt 0.485596 0.276855
vn -0.464563 0.040371 -0.884620
v -0.281786 1.457923 -0.967462
vt 0.484131 0.288086
vn -0.570566 0.205726 -0.795067
v -0.280771 1.455174 -0.965813
vt 0.482178 0.286133
vn -0.284563 0.161577 -0.944943
v -0.278025 1.473002 -0.967726
vt 0.484619 0.301270
vn -0.578956 0.627971 -0.520059
v -0.276266 1.471529 -0.965897
vt 0.482178 0.300293
vn -0.312815 0.273239 -0.909663
v -0.273177 1.482909 -0.971340
vt 0.486816 0.310547
vn -0.280887 0.417658 -0.864097
v -0.275445 1.483022 -0.972769
vt 0.488770 0.309570
vn -0.151832 0.958885 -0.239763
v -0.281786 1.457923 -1.011944
vt 0.345947 0.139648
vn 0.518405 0.405717 -0.752762
v -0.285256 1.444521 -1.010043
vt 0.339111 0.130371
vn 0.412400 0.322046 -0.852181
v -0.307388 1.523071 -1.011943
vt 0.345947 0.198730
vn 0.566889 0.445777 -0.692763
v -0.314957 1.520097 -1.010042
vt 0.339111 0.198730
vn 0.451033 0.352631 -0.819891
v -0.288273 1.432156 -1.006179
vt 0.332031 0.121582
vn 0.236295 0.194598 -0.951996
v -0.321779 1.517416 -1.006178
vt 0.332031 0.198730
vn 0.402348 0.317235 -0.858765
v -0.277981 1.472891 -1.011680
vt 0.353760 0.150391
vn 0.641568 0.577911 -0.504390
v -0.298997 1.526368 -1.011679
vt 0.353760 0.198730
vn 0.625100 0.506304 -0.594059
v -0.275424 1.482968 -1.006637
vt 0.360352 0.157227
vn 0.599186 0.798885 -0.052526
v -0.277981 1.472891 -1.011680
vt 0.353760 0.150391
vn 0.629276 0.600247 -0.493676
v -0.293352 1.528587 -1.006636
vt 0.360352 0.198730
vn 0.593046 0.804565 -0.031154
v -0.298997 1.526368 -1.011679
vt 0.353760 0.198730
vn 0.593046 0.804565 -0.031154
v -0.290136 1.424816 -0.998387
vt 0.324463 0.116211
vn 0.118645 0.093472 -0.988527
v -0.290780 1.422474 -0.989703
vt 0.316895 0.114746
vn 0.000000 0.000000 -1.000000
v -0.325892 1.515800 -0.998386
vt 0.324463 0.198730
vn 0.138651 0.106672 -0.984580
v -0.327247 1.515267 -0.989702
vt 0.316895 0.198730
vn 0.000000 0.000000 -1.000000
v -0.290136 1.424816 -0.981020
vt 0.309570 0.116211
vn -0.996024 0.086010 -0.023189
v -0.325892 1.515800 -0.981019
vt 0.309570 0.198730
vn -0.994838 0.097208 -0.029135
v -0.274296 1.488400 -0.989703
vt 0.375000 0.161133
vn -0.000022 0.707107 0.707107
v -0.274589 1.487031 -0.998752
vt 0.367188 0.160156
vn 0.240395 0.831435 0.500925
v -0.290525 1.529697 -0.989702
vt 0.375000 0.198730
vn -0.000022 0.707107 0.707107
v -0.291245 1.529415 -0.998751
vt 0.367188 0.198730
vn 0.214630 0.822703 0.526397
v -0.274589 1.487031 -0.980654
vt 0.266846 0.160156
vn -0.245833 0.757912 0.604264
v -0.274296 1.488400 -0.989703
vt 0.259033 0.161133
vn -0.000022 0.707107 0.707107
v -0.291245 1.529414 -0.980654
vt 0.266846 0.198730
vn -0.218496 0.754304 0.619101
v -0.290525 1.529697 -0.989702
vt 0.259033 0.198730
vn -0.000022 0.707107 0.707107
v -0.288292 1.432205 -0.973227
vt 0.302002 0.121582
vn -0.985277 0.167174 -0.035810
v -0.285257 1.444516 -0.969363
vt 0.294922 0.130371
vn -0.961760 0.262872 -0.076919
v -0.321779 1.517416 -0.973226
vt 0.302002 0.198730
vn -0.963149 0.259772 -0.069726
v -0.314959 1.520096 -0.969362
vt 0.294922 0.198730
vn -0.954570 0.287024 -0.080085
v -0.281786 1.457923 -0.967462
vt 0.287842 0.139648
vn -0.939856 0.329103 -0.091441
v -0.307388 1.523071 -0.967462
vt 0.287842 0.198730
vn -0.926661 0.362752 -0.098545
v -0.278025 1.473002 -0.967726
vt 0.280273 0.150391
vn -0.876478 0.480879 -0.023279
v -0.275445 1.483022 -0.972769
vt 0.273682 0.157715
vn -0.718161 0.660162 0.220070
v -0.298997 1.526368 -0.967726
vt 0.280273 0.198730
vn -0.704089 0.668827 0.238598
v -0.293352 1.528587 -0.972769
vt 0.273682 0.198730
vn -0.704089 0.668827 0.238598
v -0.278025 1.473002 -0.967726
vt 0.280273 0.150391
vn -0.880958 0.470347 -0.051835
v -0.298997 1.526368 -0.967726
vt 0.280273 0.198730
vn -0.904128 0.415958 -0.097629
v -0.288273 1.432156 -1.006179
vt 0.332031 0.121582
vn 0.239399 0.180409 -0.954013
v -0.321779 1.517416 -1.006178
vt 0.332031 0.198730
vn 0.201863 0.153153 -0.967365
v -0.275424 1.482968 -1.006637
vt 0.360352 0.157227
vn 0.335331 0.856995 0.391296
v -0.293352 1.528587 -1.006636
vt 0.360352 0.198730
vn 0.305522 0.849721 0.429685
v -0.288292 1.432205 -0.973227
vt 0.302002 0.121582
vn -0.986298 0.156807 -0.051267
v -0.321779 1.517416 -0.973226
vt 0.302002 0.198730
vn -0.989877 0.135254 -0.043011
v -0.275445 1.483022 -0.972769
vt 0.273682 0.157715
vn -0.351084 0.760626 0.546065
v -0.293352 1.528587 -0.972769
vt 0.273682 0.198730
vn -0.316866 0.762309 0.564340
v -0.261006 1.533755 -0.957243
vt 0.474121 0.354492
vn 0.998902 0.046702 0.003634
v -0.261006 1.533755 -1.022122
vt 0.530762 0.354004
vn -0.041714 0.060641 -0.997288
v -0.302846 1.378480 -0.958108
vt 0.476318 0.219727
vn 0.034482 0.015336 -0.999288
v -0.305584 1.379638 -0.955155
vt 0.473145 0.220215
vn 0.919884 0.357513 -0.161239
v -0.287953 1.429112 -0.958111
vt 0.476074 0.263672
vn 0.996910 0.067391 -0.040371
v -0.290763 1.430018 -0.955155
vt 0.472656 0.263672
vn 0.918065 0.334655 -0.212513
v -0.332316 1.332319 -0.955155
vt 0.469238 0.175293
vn 0.916535 0.381907 -0.118789
v -0.329406 1.331467 -0.958108
vt 0.473145 0.175781
vn 0.034452 0.030621 -0.998937
v -0.302846 1.378480 -1.021257
vt 0.527344 0.219727
vn -0.027040 0.000000 -0.999634
v -0.305584 1.379638 -1.024210
vt 0.530273 0.219727
vn -0.599290 0.467174 -0.650077
v -0.329406 1.331467 -1.021257
vt 0.529785 0.174805
vn -0.999326 0.036709 -0.000016
v -0.332316 1.332319 -1.024210
vt 0.533691 0.174316
vn -0.612990 0.442950 -0.654247
v -0.290763 1.430018 -1.024210
vt 0.531738 0.263672
vn -0.624984 0.406224 -0.666616
v -0.287954 1.429113 -1.021254
vt 0.528320 0.263672
vn -0.114831 0.078915 -0.990246
v -0.276801 1.480726 -1.024210
vt 0.532227 0.307617
vn -0.631148 0.385919 -0.672844
v -0.273951 1.479973 -1.021252
vt 0.528809 0.307617
vn -0.128816 0.092987 -0.987299
v -0.263842 1.534585 -1.024210
vt 0.534180 0.354004
vn -0.631148 0.385919 -0.672844
v -0.273947 1.479972 -0.958112
vt 0.475586 0.307617
vn 0.996024 0.079697 -0.039814
v -0.276800 1.480725 -0.955155
vt 0.472168 0.307617
vn 0.916936 0.322534 -0.234948
v -0.263842 1.534585 -0.955155
vt 0.470703 0.354492
vn 0.916936 0.322534 -0.234948
v -0.387765 1.348553 -1.024210
vt 0.583984 0.170898
vn -0.629654 0.455015 -0.629680
v -0.385417 1.401787 -1.024210
vt 0.599121 0.214355
vn -0.632688 0.446591 -0.632662
v -0.372031 1.456196 -1.024210
vt 0.603516 0.262695
vn -0.642537 0.417603 -0.642459
v -0.385417 1.401787 -0.955155
vt 0.404541 0.215332
vn 0.912504 0.377626 -0.157274
v -0.387765 1.348553 -0.955155
vt 0.419189 0.171875
vn 0.912150 0.382669 -0.146790
v -0.361801 1.507811 -1.024210
vt 0.608398 0.307617
vn -0.649066 0.396898 -0.648988
v -0.372031 1.456196 -0.955155
vt 0.400635 0.263672
vn 0.912806 0.359610 -0.193562
v -0.327708 1.550682 -1.024210
vt 0.590820 0.351562
vn -0.651760 0.387794 -0.651786
v -0.361801 1.507811 -0.955155
vt 0.396484 0.309082
vn 0.912078 0.346139 -0.219776
v -0.327708 1.550682 -0.955155
vt 0.414062 0.352051
vn 0.911500 0.340053 -0.231371
v -0.284444 1.441838 -1.011701
vt 0.520508 0.274414
vn 0.000000 0.015871 -0.999874
v -0.284435 1.441869 -0.967867
vt 0.483887 0.274902
vn 0.999968 0.000015 0.007952
v -0.273177 1.482909 -0.971340
vt 0.486816 0.310547
vn 0.999874 0.000015 0.015856
v -0.273217 1.482865 -1.008045
vt 0.517578 0.310547
vn 0.000000 0.023834 -0.999716
v -0.276282 1.471471 -1.013448
vt 0.521973 0.300293
vn 0.000000 0.015871 -0.999874
v -0.280774 1.455164 -1.013774
vt 0.522461 0.286133
vn 0.000000 0.007967 -0.999968
v -0.276266 1.471529 -0.965897
vt 0.482178 0.300293
vn 0.000000 0.000000 -1.000000
v -0.280771 1.455174 -0.965813
vt 0.482178 0.286133
vn 0.000000 0.000000 -1.000000
v 0.125728 1.467394 -1.016318
vt 0.686523 0.419922
vn -0.267845 0.006953 -0.963437
v 0.125728 1.468209 -1.017262
vt 0.687988 0.420410
vn -0.320908 0.781632 -0.534855
v 0.110611 1.467394 -1.018299
vt 0.694336 0.409668
vn -0.253158 0.006930 -0.967400
v 0.110633 1.468209 -1.019234
vt 0.695312 0.410156
vn -0.276627 0.846115 -0.455595
v 0.092362 1.467394 -1.018979
vt 0.702148 0.396973
vn -0.257236 0.006947 -0.966324
v 0.092211 1.468208 -1.019908
vt 0.702637 0.397461
vn -0.235347 0.900705 -0.365161
v 0.082538 1.467394 -1.017534
vt 0.705078 0.390137
vn -0.278383 0.013915 -0.960369
v 0.082164 1.468198 -1.018412
vt 0.706055 0.390137
vn -0.190405 0.947944 -0.255242
v 0.073659 1.467394 -1.013342
vt 0.706543 0.382324
vn -0.318335 0.014145 -0.947873
v 0.073043 1.468185 -1.014085
vt 0.707520 0.382324
vn -0.157271 0.967599 -0.197527
v 0.066620 1.467394 -1.006811
vt 0.706543 0.375000
vn -0.354987 0.028969 -0.934422
v 0.065807 1.468171 -1.007353
vt 0.707520 0.375000
vn -0.123643 0.972902 -0.195381
v 0.062106 1.467394 -0.998589
vt 0.704590 0.367676
vn -0.368235 0.058885 -0.927866
v 0.061161 1.468161 -0.998876
vt 0.705566 0.367676
vn -0.106217 0.951969 -0.287180
v 0.125728 1.468209 -0.961699
vt 0.684082 0.292480
vn -0.245189 0.966761 -0.072498
v 0.125728 1.467394 -0.962643
vt 0.683105 0.292480
vn -0.412437 0.819776 0.397319
v 0.110632 1.468211 -0.959727
vt 0.688965 0.304688
vn -0.240012 0.967064 -0.084741
v 0.110611 1.467394 -0.960665
vt 0.687500 0.304688
vn -0.446387 0.818331 0.362040
v 0.092211 1.468208 -0.959053
vt 0.693848 0.319336
vn -0.229212 0.967642 -0.105504
v 0.092362 1.467394 -0.959991
vt 0.692871 0.319336
vn -0.519593 0.807681 0.278703
v 0.060554 1.467394 -0.989481
vt 0.701172 0.361328
vn -0.319600 0.215410 -0.922743
v 0.059561 1.468157 -0.989481
vt 0.702637 0.360840
vn -0.123716 0.889077 -0.440723
v 0.082164 1.468198 -0.960550
vt 0.696289 0.327637
vn -0.202469 0.970127 -0.133644
v 0.082542 1.467394 -0.961442
vt 0.695312 0.327637
vn -0.639533 0.761532 0.105198
v 0.062112 1.467394 -0.980375
vt 0.700684 0.352539
vn -0.784928 0.374253 -0.493783
v 0.061161 1.468161 -0.980086
vt 0.701660 0.352539
vn -0.145048 0.974853 -0.169183
v 0.073043 1.468185 -0.964876
vt 0.698730 0.335938
vn -0.179191 0.971480 -0.155297
v 0.073667 1.467394 -0.965631
vt 0.697754 0.335938
vn -0.729769 0.680539 -0.065604
v 0.066629 1.467394 -0.972157
vt 0.699219 0.344238
vn -0.784851 0.563192 -0.258503
v 0.065807 1.468171 -0.971608
vt 0.700195 0.344238
vn -0.158386 0.974594 -0.158367
v 0.125728 1.467394 -0.962643
vt 0.648438 0.392578
vn -0.969514 0.006896 -0.244941
v 0.110611 1.467394 -0.960665
vt 0.654785 0.380859
vn -0.969514 0.006896 -0.244941
v 0.092362 1.467394 -0.959991
vt 0.663574 0.367676
vn -0.969514 0.006896 -0.244941
v 0.082542 1.467394 -0.961442
vt 0.669922 0.361328
vn -0.967858 0.006885 -0.251404
v 0.073667 1.467394 -0.965631
vt 0.677246 0.357422
vn -0.267850 0.000000 -0.963461
v 0.066629 1.467394 -0.972157
vt 0.685547 0.355957
vn -0.274288 0.000000 -0.961648
v 0.062112 1.467394 -0.980375
vt 0.693848 0.357422
vn -0.271962 0.013941 -0.962207
v 0.254635 0.080715 -0.948341
vt 0.660645 0.490723
vn 0.377809 0.000000 -0.925883
v 0.240459 0.080715 -0.941118
vt 0.655762 0.490723
vn 0.518346 0.000000 -0.855171
v 0.254635 1.549845 -0.948340
vt 0.660645 0.952423
vn 0.377809 0.000000 -0.925883
v 0.240459 1.549845 -0.941117
vt 0.655762 0.952423
vn 0.518346 0.000000 -0.855171
v 0.265885 0.080715 -0.959591
vt 0.665527 0.490723
vn 0.257247 0.000000 -0.966346
v 0.265885 1.549845 -0.959590
vt 0.665527 0.952423
vn 0.257247 0.000000 -0.966346
v 0.273108 0.080715 -0.973767
vt 0.670898 0.490723
vn 0.138452 0.000000 -0.990369
v 0.273108 1.549845 -0.973766
vt 0.670898 0.952423
vn 0.138452 0.000000 -0.990369
v 0.275597 0.080715 -0.989481
vt 0.675781 0.490723
vn 0.000000 0.000000 -1.000000
v 0.275597 1.549845 -0.989481
vt 0.675781 0.952423
vn 0.000000 0.000000 -1.000000
v 0.273108 0.080715 -1.005195
vt 0.680664 0.490723
vn -0.138452 0.000000 -0.990369
v 0.273108 1.549845 -1.005195
vt 0.680664 0.952423
vn -0.138452 0.000000 -0.990369
v 0.265885 0.080715 -1.019371
vt 0.685547 0.490723
vn -0.257247 0.000000 -0.966346
v 0.265885 1.549845 -1.019371
vt 0.685547 0.952423
vn -0.257247 0.000000 -0.966346
v 0.254635 0.080715 -1.030621
vt 0.690918 0.490723
vn -0.377809 0.000000 -0.925883
v 0.254635 1.549845 -1.030621
vt 0.690918 0.952423
vn -0.377809 0.000000 -0.925883
v 0.240459 0.080715 -1.037844
vt 0.695801 0.490723
vn -0.518346 0.000000 -0.855171
v 0.240459 1.549845 -1.037844
vt 0.695801 0.952423
vn -0.518346 0.000000 -0.855171
v 0.224744 0.080715 -1.040333
vt 0.700684 0.490723
vn -0.707118 0.000000 -0.707096
v 0.224744 1.549845 -1.040333
vt 0.700684 0.952423
vn -0.707118 0.000000 -0.707096
v 0.209030 0.080715 -1.037844
vt 0.705566 0.490723
vn -0.787747 0.207851 -0.579872
v 0.209030 1.549845 -1.037844
vt 0.705566 0.952423
vn -0.787747 0.207851 -0.579872
v 0.224744 0.080715 -0.938629
vt 0.650879 0.490723
vn 0.707118 0.000000 -0.707096
v 0.209030 0.080715 -0.941118
vt 0.645996 0.490723
vn 0.787762 0.207903 -0.579835
v 0.224744 1.549845 -0.938628
vt 0.650879 0.952423
vn 0.707118 0.000000 -0.707096
v 0.209030 1.549845 -0.941117
vt 0.645996 0.952423
vn 0.787762 0.207903 -0.579835
v -0.183554 0.152282 -0.911609
vt 0.157837 0.265625
vn 0.707118 0.000000 -0.707096
v -0.143515 0.152282 -0.908480
vt 0.172119 0.264648
vn 0.707118 0.000000 -0.707096
v -0.249143 0.152282 -0.809943
vt 0.134521 0.229004
vn 0.712683 0.011266 -0.701395
v -0.176599 0.152282 -0.802244
vt 0.160522 0.226562
vn 0.712683 0.011266 -0.701395
v -0.221595 0.152282 -0.916038
vt 0.144165 0.267090
vn 0.707118 0.000000 -0.707096
v -0.317975 0.152281 -0.820826
vt 0.109802 0.232422
vn 0.712528 0.022442 -0.701285
v -0.256704 0.152282 -0.922014
vt 0.131470 0.269043
vn 0.707118 0.000000 -0.707096
v -0.381471 0.152282 -0.835503
vt 0.086914 0.237793
vn 0.712528 0.022442 -0.701285
v -0.288015 0.152282 -0.928508
vt 0.120300 0.271484
vn 0.707118 0.000000 -0.707096
v -0.437910 0.152282 -0.851399
vt 0.066589 0.243164
vn 0.712528 0.022442 -0.701285
v -0.314757 0.152282 -0.935938
vt 0.110657 0.273926
vn 0.707118 0.000000 -0.707096
v -0.485080 0.152284 -0.869190
vt 0.049683 0.249512
vn 0.717547 0.044880 -0.695063
v -0.336271 0.152282 -0.945581
vt 0.102905 0.277344
vn 0.707118 0.000000 -0.707096
v -0.521716 0.152284 -0.891463
vt 0.036499 0.257324
vn 0.717547 0.044880 -0.695063
v -0.352029 0.152282 -0.957928
vt 0.097229 0.281738
vn 0.707118 0.000000 -0.707096
v -0.547773 0.152282 -0.919150
vt 0.027115 0.267578
vn 0.717139 0.056040 -0.694674
v -0.361641 0.152282 -0.972648
vt 0.093750 0.287109
vn 0.707118 0.000000 -0.707096
v -0.563492 0.152282 -0.951787
vt 0.021408 0.279297
vn 0.717139 0.056040 -0.694674
v -0.364872 0.152282 -0.989481
vt 0.092529 0.292969
vn 0.712683 0.011266 -0.701395
v -0.568829 0.152284 -0.989481
vt 0.019394 0.292480
vn 0.711607 0.056045 -0.700339
v -0.361641 0.152282 -1.006314
vt 0.093628 0.299316
vn 0.712683 0.011266 -0.701395
v -0.563504 0.152282 -1.027178
vt 0.021194 0.306152
vn 0.706738 0.033696 -0.706672
v -0.352029 0.152282 -1.021033
vt 0.097046 0.304688
vn 0.712683 0.011266 -0.701395
v -0.547796 0.152282 -1.059827
vt 0.026718 0.317871
vn 0.706738 0.033696 -0.706672
v -0.336271 0.152282 -1.033381
vt 0.102661 0.309082
vn 0.712683 0.011266 -0.701395
v -0.521739 0.152284 -1.087528
vt 0.035950 0.327637
vn 0.706738 0.033696 -0.706672
v -0.314757 0.152282 -1.043023
vt 0.110352 0.312500
vn 0.712683 0.011266 -0.701395
v -0.485094 0.152284 -1.109799
vt 0.049011 0.335938
vn 0.706940 0.022443 -0.706918
v -0.288015 0.152282 -1.050453
vt 0.119934 0.315430
vn 0.712683 0.011266 -0.701395
v -0.437915 0.152282 -1.127576
vt 0.065857 0.342285
vn 0.707094 0.011267 -0.707029
v -0.256704 0.152282 -1.056947
vt 0.131104 0.317871
vn 0.707118 0.000000 -0.707096
v -0.381473 0.152282 -1.143465
vt 0.086060 0.348145
vn 0.707094 0.011267 -0.707029
v -0.221596 0.152282 -1.062924
vt 0.143799 0.319824
vn 0.707118 0.000000 -0.707096
v -0.317977 0.152281 -1.158143
vt 0.108887 0.354004
vn 0.707094 0.011267 -0.707029
v -0.183554 0.152282 -1.067353
vt 0.157349 0.321777
vn 0.707118 0.000000 -0.707096
v -0.249144 0.152284 -1.169022
vt 0.133545 0.357910
vn 0.707118 0.000000 -0.707096
v -0.143515 0.152282 -1.070482
vt 0.171753 0.322754
vn 0.707118 0.000000 -0.707096
v -0.176599 0.152282 -1.176720
vt 0.159546 0.360840
vn 0.707118 0.000000 -0.707096
v -0.102466 0.152282 -1.071806
vt 0.186523 0.323242
vn 0.707118 0.000000 -0.707096
v -0.102466 0.152282 -1.179968
vt 0.186279 0.362305
vn 0.707118 0.000000 -0.707096
v -0.061416 0.152282 -1.070482
vt 0.201294 0.323242
vn 0.707118 0.000000 -0.707096
v -0.028333 0.152284 -1.176717
vt 0.212891 0.361328
vn 0.712683 0.011266 -0.701395
v -0.021378 0.152282 -1.067353
vt 0.215576 0.321777
vn 0.707118 0.000000 -0.707096
v 0.044212 0.152284 -1.169018
vt 0.239014 0.358887
vn 0.712683 0.011266 -0.701395
v 0.016664 0.152282 -1.062924
vt 0.229248 0.320312
vn 0.707118 0.000000 -0.707096
v 0.113044 0.152284 -1.158135
vt 0.263672 0.354980
vn 0.723566 0.022436 -0.689890
v 0.051773 0.152282 -1.056947
vt 0.241943 0.318359
vn 0.707118 0.000000 -0.707096
v 0.176540 0.152284 -1.143458
vt 0.286621 0.349609
vn 0.723566 0.022436 -0.689890
v 0.083083 0.152282 -1.050453
vt 0.253174 0.316406
vn 0.707118 0.000000 -0.707096
v 0.232979 0.152282 -1.127563
vt 0.306885 0.344238
vn 0.723566 0.022436 -0.689890
v 0.109825 0.152282 -1.043023
vt 0.262695 0.313477
vn 0.707118 0.000000 -0.707096
v 0.280149 0.152282 -1.109771
vt 0.323730 0.337891
vn 0.739221 0.044835 -0.671969
v 0.131340 0.152282 -1.033381
vt 0.270508 0.310059
vn 0.707118 0.000000 -0.707096
v 0.316784 0.152282 -1.087499
vt 0.336914 0.330078
vn 0.739221 0.044835 -0.671969
v 0.147097 0.152282 -1.021033
vt 0.276123 0.305664
vn 0.707118 0.000000 -0.707096
v 0.342842 0.152282 -1.059812
vt 0.346436 0.320312
vn 0.749326 0.055935 -0.659835
v 0.156710 0.152282 -1.006314
vt 0.279541 0.300293
vn 0.707118 0.000000 -0.707096
v 0.358560 0.152282 -1.027175
vt 0.352051 0.308594
vn 0.749326 0.055935 -0.659835
v 0.159940 0.152282 -0.989481
vt 0.280762 0.294434
vn 0.707118 0.000000 -0.707096
v 0.363898 0.152282 -0.989481
vt 0.354004 0.294922
vn 0.749760 0.044796 -0.660191
v 0.156710 0.152282 -0.972648
vt 0.279785 0.288574
vn 0.707118 0.000000 -0.707096
v 0.358572 0.152282 -0.951783
vt 0.352295 0.281250
vn 0.739552 0.033658 -0.672258
v 0.147097 0.152282 -0.957928
vt 0.276367 0.283203
vn 0.707118 0.000000 -0.707096
v 0.342865 0.152282 -0.919134
vt 0.346680 0.269531
vn 0.739552 0.033658 -0.672258
v 0.131340 0.152282 -0.945581
vt 0.270752 0.278809
vn 0.707118 0.000000 -0.707096
v 0.316808 0.152282 -0.891433
vt 0.337402 0.259766
vn 0.739552 0.033658 -0.672258
v 0.109825 0.152282 -0.935938
vt 0.262939 0.274902
vn 0.707118 0.000000 -0.707096
v 0.280162 0.152281 -0.869162
vt 0.324463 0.251465
vn 0.729015 0.022431 -0.684130
v 0.083083 0.152282 -0.928508
vt 0.253418 0.272461
vn 0.707118 0.000000 -0.707096
v 0.232983 0.152282 -0.851386
vt 0.307373 0.245117
vn 0.718227 0.011265 -0.695718
v 0.051773 0.152282 -0.922014
vt 0.242310 0.270020
vn 0.707118 0.000000 -0.707096
v 0.176541 0.152284 -0.835497
vt 0.287354 0.239258
vn 0.718227 0.011265 -0.695718
v 0.016664 0.152282 -0.916038
vt 0.229614 0.267578
vn 0.707118 0.000000 -0.707096
v 0.113045 0.152284 -0.820819
vt 0.264404 0.233887
vn 0.718227 0.011265 -0.695718
v -0.021378 0.152282 -0.911609
vt 0.216064 0.266113
vn 0.707118 0.000000 -0.707096
v 0.044212 0.152284 -0.809940
vt 0.239868 0.229492
vn 0.707118 0.000000 -0.707096
v -0.061416 0.152282 -0.908480
vt 0.201660 0.264648
vn 0.707118 0.000000 -0.707096
v -0.028333 0.152284 -0.802242
vt 0.213867 0.226562
vn 0.707118 0.000000 -0.707096
v -0.102466 0.152282 -0.907155
vt 0.186890 0.264160
vn 0.707118 0.000000 -0.707096
v -0.102466 0.152282 -0.798994
vt 0.187256 0.225586
vn 0.707118 0.000000 -0.707096
v -0.251217 0.138061 -0.795277
vt 0.826172 0.547119
vn -0.015511 0.038721 0.999130
v -0.177768 0.138065 -0.787475
vt 0.826172 0.570557
vn -0.007742 0.034703 0.999368
v -0.253262 0.000000 -0.789931
vt 0.869141 0.547119
vn -0.007853 0.019577 0.999777
v -0.178804 0.000000 -0.781914
vt 0.869141 0.570557
vn -0.000016 0.019425 0.999811
v -0.321002 0.138055 -0.806323
vt 0.826172 0.524658
vn -0.023436 0.039017 0.998964
v -0.324008 0.000000 -0.801280
vt 0.869141 0.524658
vn -0.015742 0.023606 0.999597
v -0.385407 0.138054 -0.821227
vt 0.826172 0.503662
vn -0.031353 0.043044 0.998581
v -0.389298 0.000000 -0.816596
vt 0.869141 0.503662
vn -0.023712 0.027623 0.999337
v -0.442845 0.138049 -0.837422
vt 0.826172 0.484863
vn -0.039305 0.047149 0.998114
v -0.447526 0.000000 -0.833237
vt 0.869141 0.484863
vn -0.031844 0.027837 0.999105
v -0.491901 0.138069 -0.855953
vt 0.826172 0.468262
vn -0.047540 0.047507 0.997739
v -0.497257 0.000000 -0.852277
vt 0.869141 0.468262
vn -0.031844 0.027837 0.999105
v -0.531367 0.138089 -0.880000
vt 0.826172 0.453613
vn -0.055861 0.047864 0.997291
v -0.537267 0.000000 -0.876986
vt 0.869141 0.453613
vn -0.040133 0.028052 0.998801
v -0.560273 0.138105 -0.910793
vt 0.826172 0.439941
vn -0.064579 0.044363 0.996926
v -0.566571 0.000000 -0.908627
vt 0.869141 0.439941
vn -0.040133 0.028052 0.998801
v -0.577906 0.138108 -0.947501
vt 0.826172 0.426758
vn -0.073511 0.040832 0.996458
v -0.584447 0.000000 -0.946345
vt 0.869141 0.426758
vn -0.040288 0.024160 0.998896
v -0.583832 0.138118 -0.989481
vt 0.826172 0.413574
vn -0.073820 0.036884 0.996589
v -0.590455 0.000000 -0.989481
vt 0.869141 0.413574
vn -0.048710 0.024347 0.998516
v -0.577905 0.138120 -1.031460
vt 0.826172 0.399902
vn -0.090122 0.036833 0.995249
v -0.584447 0.000000 -1.032616
vt 0.869141 0.399902
vn -0.048710 0.024347 0.998516
v -0.560273 0.138105 -1.068168
vt 0.826172 0.386719
vn -0.097841 0.032602 0.994668
v -0.566571 0.000000 -1.070335
vt 0.869141 0.386719
vn -0.056832 0.024324 0.998087
v -0.531367 0.138089 -1.098961
vt 0.826172 0.373535
vn -0.097457 0.028404 0.994834
v -0.537267 0.000000 -1.101976
vt 0.869141 0.373535
vn -0.056608 0.020192 0.998192
v -0.491901 0.138069 -1.123008
vt 0.826172 0.358887
vn -0.097074 0.024239 0.994982
v -0.497257 0.000000 -1.126684
vt 0.869141 0.358887
vn -0.064635 0.020168 0.997705
v -0.442845 0.138063 -1.141539
vt 0.826172 0.342285
vn -0.096696 0.020140 0.995110
v -0.447526 0.000000 -1.145725
vt 0.869141 0.342285
vn -0.056385 0.016094 0.998279
v -0.385407 0.138060 -1.157734
vt 0.826172 0.323242
vn -0.088368 0.016035 0.995959
v -0.389298 0.000000 -1.162366
vt 0.869141 0.323242
vn -0.056163 0.012027 0.998349
v -0.321002 0.138062 -1.172639
vt 0.826172 0.302246
vn -0.088023 0.011992 0.996046
v -0.324008 0.000000 -1.177681
vt 0.869141 0.302246
vn -0.056163 0.012027 0.998349
v -0.251217 0.138067 -1.183684
vt 0.826172 0.280273
vn -0.079746 0.007960 0.996783
v -0.253262 0.000000 -1.189030
vt 0.869141 0.280273
vn -0.047944 0.007967 0.998818
v -0.177768 0.138067 -1.191486
vt 0.826172 0.256836
vn 0.063339 0.000016 0.997992
v -0.178804 0.000000 -1.197048
vt 0.869141 0.256836
vn -0.047755 0.003959 0.998851
v -0.102466 0.138067 -1.194790
vt 0.826172 0.232910
vn 0.063339 0.000016 0.997992
v -0.102466 0.000000 -1.200442
vt 0.869141 0.232910
vn 0.039646 0.000016 0.999214
v -0.027163 0.138067 -1.191486
vt 0.826172 0.208984
vn 0.071492 0.003945 0.997433
v -0.026127 0.000000 -1.197048
vt 0.869141 0.208984
vn 0.039646 0.000016 0.999214
v 0.046285 0.138063 -1.183684
vt 0.826172 0.908508
vn 0.079710 0.007959 0.996786
v -0.027163 0.138067 -1.191486
vt 0.826172 0.931763
vn 0.071492 0.003945 0.997433
v 0.048331 0.000000 -1.189030
vt 0.869141 0.908508
vn 0.039802 0.003963 0.999200
v -0.026127 0.000000 -1.197048
vt 0.869141 0.931763
vn 0.039646 0.000016 0.999214
v 0.116071 0.138059 -1.172639
vt 0.826172 0.886292
vn 0.080024 0.011978 0.996721
v 0.119077 0.000000 -1.177681
vt 0.869141 0.886292
vn 0.047911 0.007966 0.998820
v 0.180476 0.138056 -1.157734
vt 0.826172 0.865479
vn 0.088332 0.016034 0.995962
v 0.184367 0.000000 -1.162366
vt 0.869141 0.865479
vn 0.056129 0.012026 0.998351
v 0.237914 0.138049 -1.141539
vt 0.826172 0.846802
vn 0.096659 0.020139 0.995114
v 0.242594 0.000000 -1.145725
vt 0.869141 0.846802
vn 0.056351 0.016093 0.998281
v 0.286969 0.138067 -1.123008
vt 0.826172 0.830200
vn 0.097037 0.024238 0.994986
v 0.292325 0.000000 -1.126684
vt 0.869141 0.830200
vn 0.056351 0.016093 0.998281
v 0.326436 0.138087 -1.098961
vt 0.826172 0.815674
vn 0.097420 0.028403 0.994838
v 0.332336 0.000000 -1.101976
vt 0.869141 0.815674
vn 0.056573 0.020192 0.998194
v 0.355341 0.138105 -1.068168
vt 0.826172 0.802246
vn 0.089734 0.032629 0.995431
v 0.361639 0.000000 -1.070335
vt 0.869141 0.802246
vn 0.056573 0.020192 0.998194
v 0.372974 0.138108 -1.031460
vt 0.826172 0.789307
vn 0.081937 0.036861 0.995956
v 0.379515 0.000000 -1.032616
vt 0.869141 0.789307
vn 0.048484 0.020211 0.998619
v 0.378900 0.138116 -0.989481
vt 0.826172 0.775757
vn 0.073820 0.036884 0.996589
v 0.385523 0.000000 -0.989481
vt 0.869141 0.775757
vn 0.048676 0.024346 0.998518
v 0.372973 0.138120 -0.947501
vt 0.826172 0.762207
vn 0.073192 0.044697 0.996316
v 0.379515 0.000000 -0.946345
vt 0.869141 0.762207
vn 0.048676 0.024346 0.998518
v 0.355341 0.138105 -0.910793
vt 0.826172 0.749268
vn 0.064305 0.048224 0.996764
v 0.361639 0.000000 -0.908627
vt 0.869141 0.749268
vn 0.048480 0.028268 0.998424
v 0.326436 0.138087 -0.880000
vt 0.826172 0.735840
vn 0.055826 0.047863 0.997293
v 0.332336 0.000000 -0.876986
vt 0.869141 0.735840
vn 0.040099 0.028052 0.998802
v 0.286970 0.138065 -0.855953
vt 0.826172 0.721191
vn 0.047505 0.047505 0.997741
v 0.292326 0.000000 -0.852277
vt 0.869141 0.721191
vn 0.039941 0.031937 0.998692
v 0.237913 0.138063 -0.837423
vt 0.826172 0.704590
vn 0.039271 0.047148 0.998116
v 0.242594 0.000000 -0.833237
vt 0.869141 0.704590
vn 0.031810 0.027836 0.999106
v 0.180476 0.138062 -0.821228
vt 0.826172 0.685547
vn 0.031320 0.043042 0.998582
v 0.184367 0.000000 -0.816596
vt 0.869141 0.685547
vn 0.023679 0.027623 0.999338
v 0.116071 0.138066 -0.806323
vt 0.826172 0.664551
vn 0.023317 0.042717 0.998815
v 0.119077 0.000000 -0.801280
vt 0.869141 0.664551
vn 0.023679 0.027623 0.999338
v 0.046285 0.138067 -0.795278
vt 0.826172 0.642090
vn 0.015478 0.038719 0.999130
v 0.048331 0.000000 -0.789932
vt 0.869141 0.642090
vn 0.015710 0.023605 0.999598
v -0.027163 0.138069 -0.787475
vt 0.826172 0.618652
vn -0.000016 0.030735 0.999528
v -0.026127 0.000000 -0.781914
vt 0.869141 0.618652
vn 0.007787 0.023423 0.999695
v -0.102466 0.138067 -0.784172
vt 0.826172 0.594482
vn -0.000016 0.030735 0.999528
v -0.102466 0.000000 -0.778519
vt 0.869141 0.594482
vn -0.000016 0.019425 0.999811
v -0.177384 0.148153 -0.792005
vt 0.160278 0.222168
vn 0.712010 0.044884 -0.700733
v -0.102466 0.148153 -0.788721
vt 0.187256 0.221191
vn 0.707118 0.000000 -0.707096
v -0.177768 0.138065 -0.787475
vt 0.160034 0.218262
vn 0.740147 0.165702 -0.651710
v -0.177384 0.148153 -0.792005
vt 0.160278 0.222168
vn 0.728051 0.133411 -0.672416
v -0.102466 0.138067 -0.784172
vt 0.187256 0.217285
vn 0.707118 0.000000 -0.707096
v -0.250526 0.148151 -0.799768
vt 0.134033 0.225098
vn 0.734834 0.261263 -0.625908
v -0.251217 0.138061 -0.795277
vt 0.133423 0.221191
vn 0.747684 0.309765 -0.587380
v -0.250526 0.148151 -0.799768
vt 0.134033 0.225098
vn 0.716050 0.078335 -0.693639
v -0.319993 0.148148 -0.810754
vt 0.109009 0.228516
vn 0.726887 0.368708 -0.579388
v -0.321002 0.138055 -0.806323
vt 0.108215 0.225098
vn 0.737859 0.437601 -0.513877
v -0.319993 0.148148 -0.810754
vt 0.109009 0.228516
vn 0.713772 0.111556 -0.691437
v -0.384096 0.148148 -0.825575
vt 0.085938 0.233887
vn 0.713364 0.458610 -0.529894
v -0.385407 0.138054 -0.821227
vt 0.084900 0.229980
vn 0.714479 0.540708 -0.444021
v -0.384096 0.148148 -0.825575
vt 0.085938 0.233887
vn 0.714999 0.155200 -0.681681
v -0.441209 0.148147 -0.841664
vt 0.065369 0.239746
vn 0.685694 0.554416 -0.471643
v -0.442845 0.138049 -0.837422
vt 0.064026 0.235840
vn 0.678522 0.638108 -0.363904
v -0.441209 0.148147 -0.841664
vt 0.065369 0.239746
vn 0.710941 0.187404 -0.677823
v -0.489689 0.148155 -0.859956
vt 0.047882 0.246094
vn 0.625399 0.687061 -0.369895
v -0.491901 0.138069 -0.855953
vt 0.046082 0.242676
vn 0.593651 0.770572 -0.231941
v -0.489689 0.148155 -0.859956
vt 0.047882 0.246094
vn 0.700576 0.251802 -0.667674
v -0.528311 0.148163 -0.883458
vt 0.033966 0.254395
vn 0.512101 0.823986 -0.242489
v -0.531367 0.138089 -0.880000
vt 0.031403 0.251465
vn 0.456435 0.886550 -0.075474
v -0.528311 0.148163 -0.883458
vt 0.033966 0.254395
vn 0.682354 0.354605 -0.639256
v -0.556375 0.148169 -0.913311
vt 0.023819 0.265137
vn 0.393196 0.906761 -0.152257
v -0.560273 0.138105 -0.910793
vt 0.020508 0.262695
vn 0.290906 0.956345 0.027882
v -0.556375 0.148169 -0.913311
vt 0.023819 0.265137
vn 0.654578 0.443449 -0.612274
v -0.573443 0.148171 -0.948794
vt 0.017578 0.277832
vn 0.289280 0.947340 -0.137344
v -0.577906 0.138108 -0.947501
vt 0.013817 0.276855
vn 0.128486 0.990736 0.043965
v -0.573443 0.148171 -0.948794
vt 0.017578 0.277832
vn 0.631611 0.490675 -0.600254
v -0.579195 0.148175 -0.989481
vt 0.015388 0.292480
vn 0.223839 0.952277 -0.207519
v -0.583832 0.138118 -0.989481
vt 0.011406 0.292480
vn 0.035693 0.998727 -0.035644
v -0.579195 0.148175 -0.989481
vt 0.015388 0.292480
vn 0.619274 0.482801 -0.619195
v -0.573446 0.148174 -1.030168
vt 0.017349 0.307129
vn 0.235341 0.900729 -0.365106
v -0.577905 0.138120 -1.031460
vt 0.013535 0.308105
vn 0.074423 0.940032 -0.332868
v -0.573446 0.148174 -1.030168
vt 0.017349 0.307129
vn 0.621352 0.463408 -0.631803
v -0.556381 0.148169 -1.065655
vt 0.023376 0.319824
vn 0.302513 0.782386 -0.544388
v -0.560273 0.138105 -1.068168
vt 0.020035 0.322266
vn 0.177786 0.779044 -0.601234
v -0.556381 0.148169 -1.065655
vt 0.023376 0.319824
vn 0.636444 0.403112 -0.657602
v -0.528318 0.148163 -1.095512
vt 0.033356 0.331055
vn 0.400823 0.617945 -0.676376
v -0.531367 0.138089 -1.098961
vt 0.030762 0.333984
vn 0.306821 0.590917 -0.746108
v -0.528318 0.148163 -1.095512
vt 0.033356 0.331055
vn 0.661062 0.311739 -0.682507
v -0.489693 0.148155 -1.119013
vt 0.047180 0.339355
vn 0.496398 0.460904 -0.735633
v -0.491901 0.138069 -1.123008
vt 0.045288 0.342773
vn 0.421474 0.437671 -0.794231
v -0.489693 0.148155 -1.119013
vt 0.047180 0.339355
vn 0.679273 0.217404 -0.700945
v -0.441210 0.148151 -1.137301
vt 0.064514 0.346191
vn 0.557581 0.346717 -0.754248
v -0.442845 0.138063 -1.141539
vt 0.063171 0.350098
vn 0.498477 0.329466 -0.801856
v -0.441210 0.148151 -1.137301
vt 0.064514 0.346191
vn 0.691958 0.164779 -0.702881
v -0.384096 0.148150 -1.153388
vt 0.085022 0.352051
vn 0.591228 0.281104 -0.755930
v -0.385407 0.138060 -1.157734
vt 0.083923 0.355957
vn 0.541042 0.272780 -0.795528
v -0.384096 0.148150 -1.153388
vt 0.085022 0.352051
vn 0.695366 0.132453 -0.706345
v -0.319994 0.148150 -1.168210
vt 0.108032 0.357910
vn 0.620104 0.230061 -0.750029
v -0.321002 0.138062 -1.172639
vt 0.107239 0.361816
vn 0.577976 0.217930 -0.786416
v -0.319994 0.148150 -1.168210
vt 0.108032 0.357910
vn 0.703559 0.100528 -0.703490
v -0.250526 0.148154 -1.179194
vt 0.132935 0.361816
vn 0.649043 0.166183 -0.742379
v -0.251217 0.138067 -1.183684
vt 0.132446 0.365723
vn 0.619113 0.159797 -0.768872
v -0.250526 0.148154 -1.179194
vt 0.132935 0.361816
vn 0.705564 0.067218 -0.705451
v -0.177384 0.148153 -1.186957
vt 0.159302 0.364746
vn 0.676482 0.096660 -0.730088
v -0.177768 0.138067 -1.191486
vt 0.158936 0.368652
vn 0.660807 0.094427 -0.744592
v -0.177384 0.148153 -1.186957
vt 0.159302 0.364746
vn 0.706738 0.033696 -0.706672
v -0.102466 0.148153 -1.190241
vt 0.186157 0.366211
vn 0.707118 0.000000 -0.707096
v -0.102466 0.138067 -1.194790
vt 0.186157 0.370117
vn 0.707118 0.000000 -0.707096
v -0.027548 0.148154 -1.186957
vt 0.213135 0.365234
vn 0.797613 0.132047 -0.588538
v -0.027163 0.138067 -1.191486
vt 0.213379 0.369141
vn 0.817049 0.183991 -0.546423
v -0.027548 0.148154 -1.186957
vt 0.213135 0.365234
vn 0.744516 0.044817 -0.666098
v 0.045595 0.148153 -1.179193
vt 0.239502 0.362793
vn 0.852605 0.242128 -0.463076
v 0.046285 0.138063 -1.183684
vt 0.239990 0.366699
vn 0.858332 0.296339 -0.418866
v 0.045595 0.148153 -1.179193
vt 0.239502 0.362793
vn 0.764245 0.066964 -0.641440
v 0.115062 0.148152 -1.168208
vt 0.264404 0.358887
vn 0.879115 0.341873 -0.332085
v 0.116071 0.138059 -1.172639
vt 0.265137 0.362793
vn 0.874473 0.407173 -0.263644
v 0.115062 0.148152 -1.168208
vt 0.264404 0.358887
vn 0.795137 0.110461 -0.596284
v 0.179164 0.148150 -1.153386
vt 0.287598 0.353516
vn 0.883784 0.414868 -0.216357
v 0.180476 0.138056 -1.157734
vt 0.288574 0.357422
vn 0.865980 0.479243 -0.142847
v 0.179164 0.148150 -1.153386
vt 0.287598 0.353516
vn 0.818592 0.141903 -0.556570
v 0.236278 0.148147 -1.137298
vt 0.308105 0.348145
vn 0.874268 0.472386 -0.111832
v 0.237914 0.138049 -1.141539
vt 0.309326 0.351562
vn 0.841979 0.538877 -0.026128
v 0.236278 0.148147 -1.137298
vt 0.308105 0.348145
vn 0.841261 0.182208 -0.508999
v 0.284757 0.148153 -1.119005
vt 0.325684 0.341309
vn 0.847076 0.528486 0.056259
v 0.286969 0.138067 -1.123008
vt 0.327393 0.345215
vn 0.799887 0.575144 0.171436
v 0.284757 0.148153 -1.119005
vt 0.325684 0.341309
vn 0.872648 0.238972 -0.425884
v 0.323380 0.148162 -1.095504
vt 0.339600 0.333008
vn 0.780485 0.531018 0.329942
v 0.326436 0.138087 -1.098961
vt 0.342041 0.335938
vn 0.646817 0.554960 0.523113
v 0.323380 0.148162 -1.095504
vt 0.339600 0.333008
vn 0.899491 0.320909 -0.296536
v 0.351443 0.148169 -1.065650
vt 0.349609 0.322266
vn 0.644666 0.464636 0.607057
v 0.355341 0.138105 -1.068168
vt 0.353027 0.324707
vn 0.368590 0.399942 0.839159
v 0.351443 0.148169 -1.065650
vt 0.349609 0.322266
vn 0.906693 0.380840 -0.181298
v 0.368511 0.148171 -1.030167
vt 0.355957 0.309570
vn 0.510358 0.345982 0.787294
v 0.372974 0.138108 -1.031460
vt 0.359619 0.310547
vn 0.144581 0.194033 0.970282
v 0.368511 0.148171 -1.030167
vt 0.355957 0.309570
vn 0.907689 0.401471 -0.122154
v 0.374264 0.148173 -0.989481
vt 0.358154 0.294922
vn 0.492597 0.255593 0.831877
v 0.378900 0.138116 -0.989481
vt 0.362061 0.294922
vn 0.073820 0.036884 0.996589
v 0.374264 0.148173 -0.989481
vt 0.358154 0.294922
vn 0.910132 0.398714 -0.112639
v 0.368514 0.148174 -0.948793
vt 0.355957 0.280273
vn 0.653022 0.252485 0.714012
v 0.372973 0.138120 -0.947501
vt 0.359863 0.279297
vn 0.424460 0.077539 0.902120
v 0.368514 0.148174 -0.948793
vt 0.355957 0.280273
vn 0.912942 0.386277 -0.131633
v 0.351450 0.148169 -0.913307
vt 0.350098 0.267578
vn 0.833239 0.294759 0.467792
v 0.355341 0.138105 -0.910793
vt 0.353271 0.265137
vn 0.779000 0.177710 0.601314
v 0.351450 0.148169 -0.913307
vt 0.350098 0.267578
vn 0.915622 0.347963 -0.201388
v 0.323387 0.148162 -0.883449
vt 0.340088 0.256836
vn 0.920936 0.342656 0.185647
v 0.326436 0.138087 -0.880000
vt 0.342529 0.253418
vn 0.929394 0.270801 0.250786
v 0.323387 0.148162 -0.883449
vt 0.340088 0.256836
vn 0.904719 0.283661 -0.317837
v 0.284761 0.148151 -0.859948
vt 0.326172 0.248047
vn 0.932815 0.359296 -0.027609
v 0.286970 0.138065 -0.855953
vt 0.328125 0.244629
vn 0.944760 0.327520 0.012607
v 0.284761 0.148151 -0.859948
vt 0.326172 0.248047
vn 0.874057 0.206913 -0.439558
v 0.236279 0.148151 -0.841660
vt 0.308838 0.241211
vn 0.938311 0.295473 -0.179635
v 0.237913 0.138063 -0.837423
vt 0.310059 0.237793
vn 0.950393 0.276770 -0.141957
v 0.236279 0.148151 -0.841660
vt 0.308838 0.241211
vn 0.843597 0.160205 -0.512521
v 0.179165 0.148152 -0.825573
vt 0.288330 0.235352
vn 0.927324 0.251360 -0.277286
v 0.180476 0.138062 -0.821228
vt 0.289307 0.231445
vn 0.941471 0.240377 -0.236331
v 0.179165 0.148152 -0.825573
vt 0.288330 0.235352
vn 0.823356 0.130004 -0.552435
v 0.115062 0.148154 -0.810752
vt 0.265381 0.229980
vn 0.904824 0.205216 -0.373068
v 0.116071 0.138066 -0.806323
vt 0.266113 0.226074
vn 0.922307 0.200124 -0.330605
v 0.115062 0.148154 -0.810752
vt 0.265381 0.229980
vn 0.796039 0.099528 -0.597006
v 0.045595 0.148154 -0.799768
vt 0.240479 0.225586
vn 0.871787 0.159444 -0.463212
v 0.046285 0.138067 -0.795278
vt 0.240967 0.221680
vn 0.885895 0.152433 -0.438126
v 0.045595 0.148154 -0.799768
vt 0.240479 0.225586
vn 0.769268 0.066916 -0.635413
v -0.027547 0.148155 -0.792005
vt 0.214111 0.222656
vn 0.815049 0.095284 -0.571503
v -0.027163 0.138069 -0.787475
vt 0.214478 0.218750
vn 0.825300 0.092875 -0.557005
v -0.027547 0.148155 -0.792005
vt 0.214111 0.222656
vn 0.739552 0.033658 -0.672258
v -0.445219 1.549845 -0.941117
vt 0.766602 0.952606
vn 0.816457 0.400554 -0.415878
v -0.445219 0.080715 -0.941118
vt 0.766602 0.491211
vn 0.816457 0.400554 -0.415878
v -0.459395 1.549845 -0.948340
vt 0.761719 0.952606
vn 0.759743 0.638900 -0.120820
v -0.459395 0.080715 -0.948341
vt 0.761719 0.491211
vn 0.759743 0.638900 -0.120820
v -0.470645 1.549845 -0.959590
vt 0.756836 0.952606
vn 0.638863 0.759758 0.120919
v -0.470645 0.080715 -0.959591
vt 0.756836 0.491211
vn 0.638863 0.759758 0.120919
v -0.477868 1.549845 -0.973766
vt 0.751953 0.952606
vn 0.400483 0.816439 0.415981
v -0.477868 0.080715 -0.973767
vt 0.751953 0.491211
vn 0.400483 0.816439 0.415981
v -0.480357 1.549845 -0.989481
vt 0.746582 0.952606
vn -0.000022 0.707107 0.707107
v -0.480357 0.080715 -0.989481
vt 0.746582 0.491211
vn -0.000022 0.707107 0.707107
v -0.477868 1.549845 -1.005195
vt 0.741699 0.952606
vn -0.400533 0.816440 0.415932
v -0.477868 0.080715 -1.005195
vt 0.741699 0.491211
vn -0.400533 0.816440 0.415932
v -0.470645 1.549845 -1.019371
vt 0.736816 0.952606
vn -0.638894 0.759740 0.120869
v -0.470645 0.080715 -1.019371
vt 0.736816 0.491211
vn -0.638894 0.759740 0.120869
v -0.459395 1.549845 -1.030621
vt 0.731934 0.952606
vn -0.759761 0.638869 -0.120869
v -0.459395 0.080715 -1.030621
vt 0.731934 0.491211
vn -0.759761 0.638869 -0.120869
v -0.445219 1.549845 -1.037844
vt 0.727051 0.952606
vn -0.816456 0.400504 -0.415927
v -0.445219 0.080715 -1.037844
vt 0.727051 0.491211
vn -0.816456 0.400504 -0.415927
v -0.429505 1.549845 -1.040333
vt 0.721680 0.952606
vn -0.707118 0.000000 -0.707096
v -0.429505 0.080715 -1.040333
vt 0.721680 0.491211
vn -0.707118 0.000000 -0.707096
v -0.413791 1.549845 -1.037844
vt 0.716797 0.952606
vn -0.608581 0.000000 -0.793492
v -0.413791 0.080715 -1.037844
vt 0.716797 0.491211
vn -0.608581 0.000000 -0.793492
v -0.413791 1.549845 -0.941117
vt 0.776855 0.952606
vn 0.608581 0.000000 -0.793492
v -0.413791 0.080715 -0.941118
vt 0.776855 0.491211
vn 0.608581 0.000000 -0.793492
v -0.429505 1.549845 -0.938628
vt 0.771973 0.952606
vn 0.707118 0.000000 -0.707096
v -0.429505 0.080715 -0.938629
vt 0.771973 0.491211
vn 0.707118 0.000000 -0.707096
v 0.126909 1.771482 -0.885575
vt 0.528809 0.966095
vn 0.603638 0.029009 -0.796730
v 0.181396 1.765499 -0.896202
vt 0.546875 0.963806
vn 0.562090 0.009175 -0.827025
v 0.118280 1.517087 -0.887937
vt 0.524414 0.882202
vn 0.608460 0.019475 -0.793345
v 0.091882 1.538386 -0.882636
vt 0.515137 0.889404
vn 0.599002 0.028763 -0.800231
v 0.048470 1.543697 -0.875361
vt 0.500488 0.891724
vn 0.617602 0.039536 -0.785496
v 0.075909 1.775315 -0.876905
vt 0.512207 0.968048
vn 0.612808 0.039235 -0.789257
v 0.009228 1.543809 -0.870297
vt 0.487549 0.892273
vn 0.642691 0.040848 -0.765036
v 0.019209 1.778915 -0.870275
vt 0.493408 0.969727
vn 0.642917 0.030651 -0.765322
v -0.045597 1.544458 -0.865562
vt 0.469238 0.893127
vn 0.668402 0.042449 -0.742588
v -0.040400 1.781164 -0.865562
vt 0.473877 0.971024
vn 0.668673 0.031848 -0.742874
v -0.102466 1.781943 -0.863535
vt 0.453369 0.971817
vn 0.706738 0.033696 -0.706672
v -0.102466 1.545064 -0.863535
vt 0.450195 0.893982
vn 0.706427 0.044886 -0.706361
v 0.127263 1.774258 -1.093376
vt 0.086426 0.970047
vn -0.819977 0.019034 -0.572080
v 0.181396 1.768356 -1.082759
vt 0.068420 0.967804
vn -0.840274 0.009002 -0.542087
v 0.131751 1.803387 -1.092991
vt 0.084656 0.979523
vn -0.826078 0.018735 -0.563245
v 0.181396 1.797993 -1.082759
vt 0.068176 0.977463
vn -0.842884 0.008950 -0.538021
v 0.075906 1.775293 -1.102056
vt 0.103760 0.968018
vn -0.821567 0.038863 -0.568786
v 0.048443 1.543486 -1.103604
vt 0.115356 0.891663
vn -0.818381 0.039170 -0.573339
v 0.126891 1.771444 -1.093390
vt 0.086914 0.966034
vn -0.820468 0.028779 -0.570968
v 0.091723 1.538060 -1.096355
vt 0.100647 0.889282
vn -0.823561 0.028530 -0.566510
v 0.019209 1.778915 -1.108686
vt 0.122437 0.969696
vn -0.792263 0.030463 -0.609418
v 0.009228 1.543810 -1.108665
vt 0.128540 0.892273
vn -0.800563 0.040533 -0.597876
v -0.040400 1.781164 -1.113399
vt 0.142090 0.971008
vn -0.772157 0.031696 -0.634640
v -0.045597 1.544456 -1.113399
vt 0.146851 0.893127
vn -0.781216 0.042194 -0.622833
v -0.102466 1.781943 -1.115426
vt 0.162598 0.971802
vn -0.739531 0.033613 -0.672283
v -0.102466 1.545065 -1.115426
vt 0.165649 0.893982
vn -0.749740 0.044750 -0.660218
v -0.332191 1.774258 -0.885584
vt 0.377930 0.973770
vn 0.789253 0.270295 -0.551381
v -0.386327 1.768529 -0.896202
vt 0.360107 0.972473
vn 0.799879 0.365949 -0.475684
v -0.336682 1.803387 -0.885970
vt 0.376709 0.983139
vn 0.791301 0.279914 -0.543591
v -0.386327 1.797993 -0.896202
vt 0.360352 0.981888
vn 0.799879 0.365949 -0.475684
v -0.280837 1.775292 -0.876905
vt 0.394775 0.970932
vn 0.779459 0.228961 -0.583113
v -0.253375 1.543486 -0.875357
vt 0.399902 0.895325
vn 0.775408 0.249457 -0.580099
v -0.331826 1.770552 -0.885572
vt 0.378174 0.969818
vn 0.782314 0.258972 -0.566496
v -0.296654 1.538060 -0.882607
vt 0.385254 0.894287
vn 0.777657 0.300366 -0.552296
v -0.224140 1.778915 -0.870275
vt 0.413330 0.971710
vn 0.761716 0.154560 -0.629206
v -0.214160 1.543809 -0.870297
vt 0.413086 0.894897
vn 0.758977 0.176028 -0.626872
v -0.164532 1.781164 -0.865562
vt 0.432861 0.972031
vn 0.741531 0.100375 -0.663368
v -0.159334 1.544456 -0.865562
vt 0.431396 0.894409
vn 0.739670 0.122348 -0.661755
v -0.336682 1.803387 -1.092991
vt 0.239258 0.983139
vn -0.816226 0.277367 -0.506796
v -0.386327 1.797993 -1.082759
vt 0.255371 0.981888
vn -0.829107 0.360421 -0.427408
v -0.332213 1.774296 -1.093373
vt 0.238159 0.973770
vn -0.814577 0.267903 -0.514484
v -0.386327 1.768359 -1.082759
vt 0.255859 0.972412
vn -0.829107 0.360421 -0.427408
v -0.296813 1.538386 -1.096325
vt 0.230713 0.894409
vn -0.834121 0.293760 -0.466848
v -0.253402 1.543697 -1.103600
vt 0.215942 0.895386
vn -0.818616 0.246097 -0.518945
v -0.331841 1.770590 -1.093386
vt 0.237793 0.969833
vn -0.816403 0.256072 -0.517603
v -0.280840 1.775315 -1.102056
vt 0.221191 0.970932
vn -0.806122 0.227214 -0.546390
v -0.214160 1.543810 -1.108665
vt 0.202881 0.894897
vn -0.796807 0.174630 -0.578449
v -0.224141 1.778915 -1.108686
vt 0.202637 0.971695
vn -0.781112 0.153985 -0.605106
v -0.159334 1.544458 -1.113399
vt 0.184570 0.894409
vn -0.779918 0.121638 -0.613949
v -0.164532 1.781164 -1.113399
vt 0.183105 0.972015
vn -0.762089 0.100102 -0.639688
v 0.239341 1.757689 -0.913975
vt 0.566895 0.961029
vn 0.505716 0.008530 -0.862658
v 0.239582 1.425387 -0.915288
vt 0.565430 0.852295
vn 0.929671 0.136869 -0.342023
v 0.294033 1.751549 -0.963728
vt 0.592285 0.961884
vn 0.161015 0.014006 -0.986853
v 0.294033 1.784104 -0.963728
vt 0.592285 0.972580
vn 0.164962 0.014046 -0.986200
v 0.298976 1.750471 -0.989480
vt 0.600586 0.961304
vn 0.000000 0.015871 -0.999874
v 0.298976 1.783340 -0.989480
vt 0.601074 0.972183
vn 0.000000 0.007967 -0.999968
v 0.279454 1.753948 -0.941403
vt 0.583496 0.962799
vn 0.299280 0.007078 -0.954139
v 0.279328 1.786004 -0.941210
vt 0.583496 0.973297
vn 0.303520 0.007095 -0.952799
v 0.255390 1.758150 -0.922452
vt 0.573242 0.964233
vn 0.386760 0.000000 -0.922180
v 0.255221 1.789020 -0.922320
vt 0.573242 0.974350
vn 0.386760 0.000000 -0.922180
v 0.239339 1.760553 -0.913960
vt 0.567383 0.965057
vn 0.502035 0.000000 -0.864847
v 0.239316 1.791015 -0.913840
vt 0.567383 0.975037
vn 0.502076 0.008478 -0.864782
v 0.298976 1.783340 -0.989480
vt 0.014938 0.972107
vn 0.999968 0.000015 0.007952
v 0.294033 1.784104 -1.015233
vt 0.023636 0.972519
vn -0.988711 0.013849 -0.149191
v 0.298976 1.750471 -0.989480
vt 0.015160 0.961243
vn 0.999716 0.000016 0.023818
v 0.294033 1.751549 -1.015233
vt 0.023788 0.961823
vn -0.989293 0.013808 -0.145285
v 0.279454 1.753948 -1.037558
vt 0.032501 0.962738
vn -0.956742 0.007007 -0.290855
v 0.279328 1.786004 -1.037751
vt 0.032471 0.973236
vn -0.955451 0.007023 -0.295067
v 0.255390 1.758150 -1.056509
vt 0.042572 0.964203
vn -0.386760 0.000000 -0.922180
v 0.255221 1.789020 -1.056641
vt 0.042542 0.974289
vn -0.386760 0.000000 -0.922180
v 0.239339 1.760612 -1.065001
vt 0.048523 0.965027
vn -0.870550 0.008410 -0.492009
v 0.239316 1.791015 -1.065121
vt 0.048431 0.974976
vn -0.870550 0.008410 -0.492009
v -0.503907 1.783340 -0.989480
vt 0.307861 0.978775
vn -0.000022 0.707107 0.707107
v -0.498965 1.784104 -0.963728
vt 0.316406 0.978958
vn 0.462582 0.816896 0.344527
v -0.503907 1.750471 -0.989480
vt 0.307861 0.968201
vn -0.000022 0.707107 0.707107
v -0.498965 1.751549 -0.963728
vt 0.316406 0.968475
vn 0.453203 0.817769 0.354768
v -0.484385 1.753948 -0.941403
vt 0.324951 0.969070
vn 0.678269 0.734117 0.031980
v -0.484259 1.786004 -0.941210
vt 0.325195 0.979385
vn 0.682693 0.730315 0.023877
v -0.460321 1.758150 -0.922452
vt 0.334717 0.970108
vn 0.749752 0.647538 -0.136261
v -0.460152 1.789020 -0.922320
vt 0.335205 0.980026
vn 0.747434 0.649225 -0.140886
v -0.444270 1.760612 -0.913960
vt 0.340576 0.970673
vn 0.797791 0.472782 -0.374175
v -0.444248 1.791015 -0.913840
vt 0.341064 0.980423
vn 0.801871 0.458241 -0.383430
v -0.444270 1.760553 -1.065001
vt 0.275146 0.970657
vn -0.827979 0.462098 -0.317674
v -0.444248 1.791015 -1.065121
vt 0.274902 0.980423
vn -0.826747 0.450053 -0.337552
v -0.498965 1.751549 -1.015233
vt 0.299561 0.968475
vn -0.455292 0.811532 0.366232
v -0.498965 1.784104 -1.015233
vt 0.299316 0.978958
vn -0.464754 0.810736 0.355965
v -0.484385 1.753948 -1.037558
vt 0.291016 0.969070
vn -0.689580 0.721979 0.056798
v -0.484259 1.786004 -1.037751
vt 0.290771 0.979401
vn -0.694092 0.718255 0.048436
v -0.460321 1.758150 -1.056509
vt 0.281006 0.970108
vn -0.767100 0.633677 -0.100056
v -0.460152 1.789020 -1.056641
vt 0.280762 0.980026
vn -0.769119 0.631912 -0.095620
v -0.460342 1.754388 -1.056493
vt 0.280762 0.966125
vn -0.772484 0.624721 -0.113982
v -0.462049 1.442011 -1.055155
vt 0.285889 0.868774
vn -0.779032 0.626241 -0.030519
v -0.444273 1.756798 -1.064986
vt 0.274902 0.966675
vn -0.828853 0.455579 -0.324730
v -0.444514 1.425387 -1.063673
vt 0.280762 0.862671
vn -0.832076 0.554661 -0.000021
v -0.484400 1.750196 -1.037535
vt 0.290771 0.965057
vn -0.698691 0.714704 0.032093
v -0.485544 1.459594 -1.035784
vt 0.294189 0.875305
vn -0.708875 0.700925 0.078749
v -0.498965 1.747817 -1.015233
vt 0.299316 0.964447
vn -0.471380 0.810109 0.348604
v -0.503907 1.746743 -0.989480
vt 0.307861 0.964172
vn -0.000022 0.707107 0.707107
v -0.498965 1.747817 -0.963728
vt 0.316406 0.964447
vn 0.469171 0.816153 0.337301
v -0.485544 1.459594 -0.943177
vt 0.321777 0.875305
vn 0.668549 0.743631 -0.007474
v -0.484400 1.750196 -0.941426
vt 0.325195 0.965057
vn 0.690958 0.722720 0.015902
v -0.462049 1.442011 -0.923806
vt 0.329834 0.868774
vn 0.713703 0.680517 -0.165904
v -0.460342 1.754388 -0.922469
vt 0.335205 0.966125
vn 0.754799 0.638361 -0.150908
v -0.444513 1.426040 -0.915285
vt 0.335205 0.862915
vn 0.705354 0.614938 -0.352600
v -0.444273 1.756855 -0.913975
vt 0.340820 0.966705
vn 0.801871 0.458241 -0.383430
v 0.127281 1.774296 -0.885588
vt 0.529297 0.970093
vn 0.593751 0.019162 -0.804421
v 0.076348 1.779019 -0.876930
vt 0.512695 0.972061
vn 0.617773 0.029655 -0.785797
v 0.131751 1.803387 -0.885970
vt 0.531250 0.979553
vn 0.584704 0.018866 -0.811027
v 0.079785 1.808033 -0.877124
vt 0.514160 0.981537
vn 0.613049 0.029455 -0.789495
v 0.019397 1.782635 -0.870278
vt 0.493896 0.973785
vn 0.642917 0.030651 -0.765322
v 0.020635 1.812103 -0.870274
vt 0.494629 0.983505
vn 0.642917 0.030651 -0.765322
v -0.040318 1.784887 -0.865562
vt 0.474121 0.975113
vn 0.673963 0.032129 -0.738066
v -0.039666 1.814566 -0.865562
vt 0.474609 0.984962
vn 0.668673 0.031848 -0.742874
v -0.102466 1.785668 -0.863535
vt 0.453369 0.975906
vn 0.706738 0.033696 -0.706672
v -0.102466 1.815369 -0.863535
vt 0.453613 0.985786
vn 0.706940 0.022443 -0.706918
v -0.165265 1.814566 -0.865562
vt 0.432861 0.985909
vn 0.741531 0.100375 -0.663368
v -0.164613 1.784887 -0.865562
vt 0.432861 0.976105
vn 0.737030 0.089366 -0.669926
v -0.224329 1.782635 -0.870278
vt 0.413086 0.975723
vn 0.761716 0.154560 -0.629206
v -0.225567 1.812103 -0.870274
vt 0.412842 0.985352
vn 0.762967 0.143766 -0.630248
v -0.281275 1.778992 -0.876930
vt 0.394531 0.974899
vn 0.778523 0.208351 -0.592023
v -0.284716 1.808033 -0.877124
vt 0.393555 0.984299
vn 0.781330 0.218567 -0.584595
v -0.281279 1.779019 -1.102031
vt 0.221436 0.974915
vn -0.796801 0.207354 -0.567550
v -0.284716 1.808033 -1.101838
vt 0.222412 0.984299
vn -0.799363 0.217479 -0.560108
v -0.224329 1.782635 -1.108683
vt 0.202759 0.975723
vn -0.781112 0.153985 -0.605106
v -0.225567 1.812104 -1.108687
vt 0.203003 0.985352
vn -0.781112 0.153985 -0.605106
v -0.164613 1.784887 -1.113399
vt 0.183105 0.976089
vn -0.757829 0.089140 -0.646335
v -0.165265 1.814566 -1.113399
vt 0.183105 0.985893
vn -0.762089 0.100102 -0.639688
v -0.102466 1.785668 -1.115426
vt 0.162476 0.975891
vn -0.739531 0.033613 -0.672283
v -0.102466 1.815369 -1.115426
vt 0.162231 0.985764
vn -0.739531 0.033613 -0.672283
v -0.039666 1.814566 -1.113399
vt 0.141235 0.984940
vn -0.772157 0.031696 -0.634640
v -0.040318 1.784887 -1.113399
vt 0.141846 0.975082
vn -0.772157 0.031696 -0.634640
v 0.019398 1.782635 -1.108683
vt 0.122070 0.973755
vn -0.792263 0.030463 -0.609418
v 0.020635 1.812104 -1.108687
vt 0.121277 0.983475
vn -0.792263 0.030463 -0.609418
v 0.076344 1.778992 -1.102031
vt 0.103271 0.972015
vn -0.810712 0.029439 -0.584705
v 0.079785 1.808033 -1.101838
vt 0.101746 0.981506
vn -0.814062 0.029233 -0.580042
v -0.323211 1.517087 -1.091024
vt 0.240112 0.888123
vn -0.840802 0.290607 -0.456727
v -0.386327 1.764604 -1.082759
vt 0.255615 0.968445
vn -0.827874 0.341466 -0.445000
v 0.255410 1.755279 -0.922469
vt 0.572754 0.960175
vn 0.393949 0.007536 -0.919101
v 0.257117 1.442011 -0.923806
vt 0.571777 0.858032
vn 0.927820 0.030070 -0.371814
v 0.279469 1.751087 -0.941426
vt 0.583008 0.958679
vn 0.307773 0.007111 -0.951433
v 0.280612 1.459594 -0.943177
vt 0.582031 0.863892
vn 0.318366 0.000000 -0.947968
v 0.294033 1.748708 -0.963728
vt 0.591797 0.957794
vn 0.167820 0.007013 -0.985793
v 0.298976 1.747635 -0.989480
vt 0.600586 0.957306
vn 0.000000 0.015871 -0.999874
v 0.298976 1.747635 -0.989480
vt 0.015327 0.957245
vn 0.999874 0.000015 0.015856
v 0.294033 1.748708 -1.015233
vt 0.024017 0.957733
vn -0.988279 0.013807 -0.152033
v 0.280612 1.459594 -1.035784
vt 0.033875 0.863892
vn -0.318366 0.000000 -0.947968
v 0.279469 1.751087 -1.037535
vt 0.032837 0.958649
vn -0.954150 0.007039 -0.299246
v 0.257117 1.442011 -1.055155
vt 0.043915 0.858032
vn -0.405612 0.030311 -0.913543
v 0.255410 1.755280 -1.056493
vt 0.042969 0.960114
vn -0.922956 0.007466 -0.384833
v 0.239582 1.426040 -1.063676
vt 0.050323 0.852417
vn -0.510515 0.102936 -0.853686
v 0.239341 1.757746 -1.064986
vt 0.048950 0.960999
vn -0.868481 0.008462 -0.495650
v 0.181396 1.765497 -1.082759
vt 0.068848 0.963776
vn -0.834135 0.009109 -0.551486
v 0.118102 1.516930 -1.091064
vt 0.091614 0.882141
vn -0.809638 0.019354 -0.586611
v 0.181396 1.768354 -0.896202
vt 0.547363 0.967834
vn 0.552622 0.009068 -0.833382
v 0.181396 1.797993 -0.896202
vt 0.547852 0.977509
vn 0.548469 0.009016 -0.836122
v -0.386327 1.764779 -0.896202
vt 0.360352 0.968506
vn 0.797853 0.346449 -0.493360
v -0.323033 1.516930 -0.887897
vt 0.375977 0.888123
vn 0.763548 0.318170 -0.561927
v 0.116613 1.687152 -0.883043
vt 0.226074 0.154297
vn 0.663727 0.000000 -0.747975
v 0.116534 1.652722 -0.883472
vt 0.225952 0.135742
vn 0.663727 0.000000 -0.747975
v 0.105773 1.675552 -0.881306
vt 0.220581 0.147949
vn 0.663727 0.000000 -0.747975
v 0.105721 1.652614 -0.881592
vt 0.220581 0.135254
vn 0.663727 0.000000 -0.747975
v 0.055502 1.686689 -0.873414
vt 0.195679 0.153809
vn 0.674313 0.000000 -0.738446
v 0.066366 1.675213 -0.874800
vt 0.201050 0.147949
vn 0.674313 0.000000 -0.738446
v 0.055484 1.652157 -0.873654
vt 0.195557 0.135254
vn 0.674313 0.000000 -0.738446
v 0.066357 1.652249 -0.874959
vt 0.201050 0.135254
vn 0.674313 0.000000 -0.738446
v 0.053838 1.709306 -0.873056
vt 0.194824 0.166504
vn 0.674269 0.010730 -0.738408
v 0.118207 1.709810 -0.883028
vt 0.226807 0.166504
vn 0.663727 0.000000 -0.747975
v 0.116734 1.706027 -0.882821
vt 0.226074 0.164551
vn 0.663727 0.000000 -0.747975
v 0.114250 1.702558 -0.882433
vt 0.224854 0.162598
vn 0.663727 0.000000 -0.747975
v 0.065162 1.697902 -0.874497
vt 0.200439 0.160156
vn 0.674313 0.000000 -0.738446
v 0.057804 1.702147 -0.873583
vt 0.196777 0.162598
vn 0.674313 0.000000 -0.738446
v 0.055312 1.705561 -0.873259
vt 0.195557 0.164062
vn 0.674313 0.000000 -0.738446
v 0.110910 1.699804 -0.881887
vt 0.223145 0.161133
vn 0.663727 0.000000 -0.747975
v 0.106868 1.698140 -0.881206
vt 0.221191 0.160156
vn 0.663727 0.000000 -0.747975
v 0.061150 1.699469 -0.874004
vt 0.198486 0.161133
vn 0.674313 0.000000 -0.738446
v -0.114466 1.686210 -0.862466
vt 0.111145 0.153809
vn 0.707118 0.000000 -0.707096
v -0.125336 1.674975 -0.862765
vt 0.105774 0.147461
vn 0.707118 0.000000 -0.707096
v -0.125301 1.708752 -0.862764
vt 0.105774 0.166016
vn 0.707118 0.000000 -0.707096
v -0.074910 1.674979 -0.862668
vt 0.130737 0.147461
vn 0.707118 0.000000 -0.707096
v -0.114467 1.697533 -0.862466
vt 0.111145 0.160156
vn 0.707118 0.000000 -0.707096
v -0.064077 1.686223 -0.863069
vt 0.136230 0.153809
vn 0.707118 0.000000 -0.707096
v -0.074968 1.663110 -0.862666
vt 0.130737 0.141113
vn 0.707118 0.000000 -0.707096
v -0.064080 1.651600 -0.863090
vt 0.136230 0.134766
vn 0.707118 0.000000 -0.707096
v -0.076617 1.663099 -0.862605
vt 0.129883 0.141113
vn 0.707118 0.000000 -0.707096
v -0.081095 1.663094 -0.862439
vt 0.127686 0.141113
vn 0.707118 0.000000 -0.707096
v -0.094682 1.663082 -0.861936
vt 0.120972 0.141113
vn 0.707118 0.000000 -0.707096
v -0.125334 1.651590 -0.862784
vt 0.105774 0.134766
vn 0.707118 0.000000 -0.707096
v -0.108275 1.663069 -0.862295
vt 0.114258 0.141113
vn 0.707118 0.000000 -0.707096
v -0.112755 1.663067 -0.862419
vt 0.112000 0.141113
vn 0.707118 0.000000 -0.707096
v -0.118906 1.661314 -0.862588
vt 0.108948 0.140137
vn 0.707118 0.000000 -0.707096
v -0.122840 1.658738 -0.862701
vt 0.106995 0.138672
vn 0.707118 0.000000 -0.707096
v -0.126101 1.655442 -0.862804
vt 0.105408 0.137207
vn 0.707118 0.000000 -0.707096
v -0.128534 1.651531 -0.862882
vt 0.104187 0.134766
vn 0.707118 0.000000 -0.707096
v -0.114391 1.663060 -0.862464
vt 0.111206 0.141113
vn 0.707118 0.000000 -0.707096
v -0.124095 1.708757 -0.862731
vt 0.106384 0.166016
vn 0.707118 0.000000 -0.707096
v -0.118997 1.708771 -0.862590
vt 0.108887 0.166016
vn 0.707118 0.000000 -0.707096
v -0.110990 1.708788 -0.862370
vt 0.112915 0.166016
vn 0.707118 0.000000 -0.707096
v -0.090672 1.708832 -0.862085
vt 0.122986 0.166016
vn 0.707118 0.000000 -0.707096
v -0.075679 1.697547 -0.862640
vt 0.130371 0.160156
vn 0.707118 0.000000 -0.707096
v -0.071976 1.708855 -0.862777
vt 0.132202 0.166016
vn 0.707118 0.000000 -0.707096
v -0.071519 1.699335 -0.862794
vt 0.132446 0.161133
vn 0.707118 0.000000 -0.707096
v -0.067968 1.701967 -0.862925
vt 0.134277 0.162109
vn 0.707118 0.000000 -0.707096
v -0.065997 1.708861 -0.862998
vt 0.135254 0.166016
vn 0.707118 0.000000 -0.707096
v -0.065286 1.705219 -0.863025
vt 0.135620 0.164062
vn 0.707118 0.000000 -0.707096
v -0.063738 1.708865 -0.863082
vt 0.136353 0.166016
vn 0.707118 0.000000 -0.707096
v -0.030477 1.651693 -0.864712
vt 0.152832 0.134766
vn 0.695984 0.000000 -0.718057
v -0.019552 1.664776 -0.865682
vt 0.158325 0.142090
vn 0.695984 0.000000 -0.718057
v -0.019551 1.662976 -0.865686
vt 0.158325 0.141113
vn 0.695984 0.000000 -0.718057
v -0.019550 1.669518 -0.865674
vt 0.158325 0.144531
vn 0.695984 0.000000 -0.718057
v 0.019749 1.651890 -0.869101
vt 0.177856 0.135254
vn 0.685042 0.000000 -0.728504
v -0.019536 1.684177 -0.865647
vt 0.158325 0.152832
vn 0.695984 0.000000 -0.718057
v -0.030389 1.708889 -0.864611
vt 0.152954 0.166016
vn 0.695964 0.011090 -0.717991
v 0.029316 1.663181 -0.870237
vt 0.182617 0.141113
vn 0.685042 0.000000 -0.728504
v 0.023394 1.653989 -0.869495
vt 0.179688 0.136230
vn 0.685042 0.000000 -0.728504
v 0.026157 1.656636 -0.869851
vt 0.181030 0.137695
vn 0.685042 0.000000 -0.728504
v 0.028108 1.659734 -0.870094
vt 0.182007 0.139160
vn 0.685042 0.000000 -0.728504
v -0.028746 1.708898 -0.864761
vt 0.153687 0.166016
vn 0.695984 0.000000 -0.718057
v -0.024981 1.708919 -0.865104
vt 0.155640 0.166016
vn 0.695984 0.000000 -0.718057
v -0.019518 1.699639 -0.865619
vt 0.158325 0.161133
vn 0.695984 0.000000 -0.718057
v -0.019510 1.705384 -0.865609
vt 0.158325 0.164062
vn 0.695984 0.000000 -0.718057
v -0.021214 1.708943 -0.865447
vt 0.157471 0.166016
vn 0.695984 0.000000 -0.718057
v -0.019531 1.708917 -0.865601
vt 0.158325 0.166016
vn 0.695984 0.000000 -0.718057
v -0.219875 1.656116 -0.869177
vt 0.058807 0.137207
vn 0.728481 0.044863 -0.683596
v -0.222378 1.659550 -0.869469
vt 0.057556 0.139160
vn 0.728481 0.044863 -0.683596
v -0.223861 1.663305 -0.869632
vt 0.056824 0.141113
vn 0.728481 0.044863 -0.683596
v -0.212488 1.651801 -0.868284
vt 0.062469 0.135254
vn 0.723359 0.033687 -0.689650
v -0.216519 1.653406 -0.868775
vt 0.060486 0.135742
vn 0.723359 0.033687 -0.689650
v -0.160656 1.659322 -0.864190
vt 0.088196 0.139160
vn 0.718070 0.022440 -0.695609
v -0.159188 1.663075 -0.864063
vt 0.088928 0.141113
vn 0.718070 0.022440 -0.695609
v -0.163144 1.655905 -0.864399
vt 0.086975 0.137207
vn 0.718070 0.022440 -0.695609
v -0.170561 1.651648 -0.865012
vt 0.083313 0.134766
vn 0.718070 0.022440 -0.695609
v -0.166497 1.653216 -0.864677
vt 0.085327 0.135742
vn 0.718070 0.022440 -0.695609
v -0.219885 1.679298 -0.869049
vt 0.058807 0.149902
vn 0.723359 0.033687 -0.689650
v -0.222388 1.682734 -0.869341
vt 0.057556 0.151855
vn 0.728481 0.044863 -0.683596
v -0.223871 1.686492 -0.869504
vt 0.056824 0.153809
vn 0.728481 0.044863 -0.683596
v -0.212496 1.674981 -0.868156
vt 0.062469 0.147461
vn 0.723359 0.033687 -0.689650
v -0.216529 1.676584 -0.868648
vt 0.060455 0.148438
vn 0.723359 0.033687 -0.689650
v -0.160663 1.682531 -0.864146
vt 0.088196 0.151855
vn 0.718070 0.022440 -0.695609
v -0.159195 1.686288 -0.864019
vt 0.088928 0.153809
vn 0.718070 0.022440 -0.695609
v -0.163150 1.679109 -0.864355
vt 0.086975 0.149902
vn 0.718070 0.022440 -0.695609
v -0.170567 1.674843 -0.864968
vt 0.083313 0.147461
vn 0.718070 0.022440 -0.695609
v -0.166503 1.676414 -0.864634
vt 0.085327 0.148438
vn 0.718070 0.022440 -0.695609
v -0.219899 1.701901 -0.868925
vt 0.058807 0.162109
vn 0.723359 0.033687 -0.689650
v -0.222401 1.705340 -0.869217
vt 0.057556 0.164062
vn 0.728481 0.044863 -0.683596
v -0.223884 1.709103 -0.869380
vt 0.056824 0.166016
vn 0.728063 0.056019 -0.683217
v -0.212506 1.697586 -0.868065
vt 0.062469 0.160156
vn 0.723359 0.033687 -0.689650
v -0.216542 1.699186 -0.868523
vt 0.060455 0.160645
vn 0.723359 0.033687 -0.689650
v -0.160673 1.705159 -0.864104
vt 0.088196 0.164062
vn 0.718070 0.022440 -0.695609
v -0.159205 1.708922 -0.863977
vt 0.088928 0.166016
vn 0.718070 0.022440 -0.695609
v -0.163159 1.701733 -0.864313
vt 0.086975 0.162109
vn 0.718070 0.022440 -0.695609
v -0.170576 1.697463 -0.864926
vt 0.083252 0.159668
vn 0.718070 0.022440 -0.695609
v -0.166510 1.699033 -0.864592
vt 0.085327 0.160645
vn 0.718070 0.022440 -0.695609
v -0.322634 1.705905 -0.883569
vt 0.007786 0.164551
vn 0.747521 0.089288 -0.658210
v -0.324145 1.709677 -0.883786
vt 0.007034 0.166504
vn 0.747521 0.089288 -0.658210
v -0.320164 1.702499 -0.883170
vt 0.009010 0.162598
vn 0.747521 0.089288 -0.658210
v -0.312816 1.698118 -0.881903
vt 0.012657 0.160156
vn 0.747521 0.089288 -0.658210
v -0.294395 1.697654 -0.878884
vt 0.021805 0.160156
vn 0.742977 0.078225 -0.664730
v -0.253596 1.709179 -0.872729
vt 0.042053 0.166504
vn 0.738294 0.067142 -0.671129
v -0.316842 1.699786 -0.882604
vt 0.010658 0.161133
vn 0.747521 0.089288 -0.658210
v -0.283423 1.697566 -0.877084
vt 0.027252 0.160156
vn 0.742977 0.078225 -0.664730
v -0.264874 1.697767 -0.874091
vt 0.036469 0.160156
vn 0.738294 0.067142 -0.671129
v -0.260811 1.699474 -0.873594
vt 0.038483 0.161133
vn 0.738294 0.067142 -0.671129
v -0.257501 1.702124 -0.873209
vt 0.040131 0.162598
vn 0.738294 0.067142 -0.671129
v -0.255059 1.705429 -0.872916
vt 0.041321 0.164062
vn 0.738294 0.067142 -0.671129
v -0.294335 1.652462 -0.879454
vt 0.021835 0.135254
vn 0.742977 0.078225 -0.664730
v -0.283363 1.652367 -0.877656
vt 0.027283 0.135254
vn 0.742977 0.078225 -0.664730
v 0.118041 1.651208 -0.882565
vt 0.226685 0.134766
vn 0.796350 0.488570 -0.356547
v 0.118098 1.688665 -0.882116
vt 0.226807 0.155273
vn 0.763882 0.175896 -0.620922
v 0.104308 1.674039 -0.879809
vt 0.219849 0.146973
vn 0.456767 0.016047 -0.889442
v 0.104247 1.651101 -0.880166
vt 0.219849 0.134766
vn 0.936123 0.021973 -0.350986
v 0.053993 1.688202 -0.872048
vt 0.194824 0.154785
vn 0.890363 0.008097 -0.455179
v 0.067896 1.673701 -0.873743
vt 0.201782 0.146973
vn 0.821630 0.286286 -0.492914
v 0.053998 1.650643 -0.872297
vt 0.194824 0.134277
vn 0.934446 0.022020 -0.355422
v 0.067877 1.650736 -0.873964
vt 0.201782 0.134277
vn 0.800135 0.481072 -0.358265
v 0.119594 1.710770 -0.882049
vt 0.227539 0.166992
vn 0.722605 0.271692 -0.635630
v 0.052436 1.710260 -0.871695
vt 0.194092 0.166992
vn 0.905598 0.074471 -0.417547
v 0.119342 1.704586 -0.882039
vt 0.227417 0.163574
vn 0.812655 0.337730 -0.474900
v 0.116410 1.700496 -0.881583
vt 0.225952 0.161621
vn 0.778730 0.176764 -0.601942
v 0.052710 1.704105 -0.871769
vt 0.194214 0.163574
vn 0.433157 0.000000 -0.901318
v 0.055663 1.700065 -0.872152
vt 0.195679 0.161133
vn 0.481466 0.000000 -0.876465
v 0.112425 1.697228 -0.880913
vt 0.223877 0.159668
vn 0.733454 0.056003 -0.677428
v 0.064636 1.694978 -0.873226
vt 0.200195 0.158691
vn 0.599219 0.009591 -0.800528
v 0.107453 1.695224 -0.880055
vt 0.221436 0.158691
vn 0.802826 0.019740 -0.595886
v 0.059676 1.696873 -0.872656
vt 0.197754 0.159668
vn 0.522186 0.000000 -0.852832
v -0.126814 1.710267 -0.861618
vt 0.105042 0.166992
vn 0.393949 0.007536 -0.919101
v -0.126842 1.673464 -0.861657
vt 0.104980 0.146973
vn 0.527301 0.000000 -0.849678
v -0.076416 1.673473 -0.861462
vt 0.130005 0.146973
vn 0.575171 0.121587 -0.808947
v -0.112949 1.687723 -0.861273
vt 0.111938 0.154785
vn 0.761322 0.383256 -0.522976
v -0.112948 1.696021 -0.861301
vt 0.111938 0.159180
vn 0.848545 0.298284 -0.437033
v -0.062560 1.687736 -0.861976
vt 0.136963 0.154785
vn 0.811247 0.364015 -0.457572
v -0.076484 1.664631 -0.861419
vt 0.130005 0.142090
vn -0.079168 0.996699 0.018010
v -0.062563 1.650092 -0.862091
vt 0.136963 0.134277
vn 0.819125 0.295969 -0.491362
v -0.076623 1.666126 -0.861412
vt 0.129883 0.143066
vn 0.706427 0.044886 -0.706361
v -0.081092 1.666121 -0.861246
vt 0.127686 0.142578
vn 0.685042 0.000000 -0.728504
v -0.094679 1.666109 -0.860741
vt 0.120972 0.142578
vn 0.707118 0.000000 -0.707096
v -0.125301 1.648569 -0.861727
vt 0.105774 0.133301
vn 0.695630 0.033150 -0.717635
v -0.108272 1.666096 -0.861100
vt 0.114258 0.142578
vn 0.723359 0.033687 -0.689650
v -0.112756 1.666094 -0.861228
vt 0.112000 0.142578
vn 0.723359 0.033687 -0.689650
v -0.120274 1.663992 -0.861435
vt 0.108276 0.141602
vn 0.608581 0.000000 -0.793492
v -0.124738 1.661069 -0.861566
vt 0.106079 0.140137
vn 0.571643 0.000000 -0.820502
v -0.128455 1.657306 -0.861688
vt 0.104187 0.138184
vn 0.505733 0.000000 -0.862690
v -0.129785 1.650817 -0.861734
vt 0.103516 0.134277
vn 0.497064 0.008465 -0.867673
v -0.114937 1.665985 -0.861291
vt 0.110901 0.142578
vn 0.658513 0.010455 -0.752497
v -0.124100 1.711784 -0.861543
vt 0.106384 0.167480
vn 0.723574 0.011132 -0.690157
v -0.118999 1.711798 -0.861403
vt 0.108887 0.167480
vn 0.723359 0.033687 -0.689650
v -0.110991 1.711815 -0.861176
vt 0.112854 0.167480
vn 0.718070 0.022440 -0.695609
v -0.090672 1.711859 -0.860890
vt 0.122986 0.167969
vn 0.701528 0.000000 -0.712642
v -0.075076 1.694645 -0.861539
vt 0.130737 0.158203
vn 0.734203 0.033670 -0.678094
v -0.071973 1.711882 -0.861589
vt 0.132202 0.167969
vn 0.685042 0.000000 -0.728504
v -0.070016 1.696728 -0.861661
vt 0.133179 0.159668
vn 0.790467 0.218073 -0.572369
v -0.065896 1.699788 -0.861814
vt 0.135254 0.161133
vn 0.808980 0.308700 -0.500255
v -0.065996 1.711888 -0.861810
vt 0.135254 0.167969
vn 0.712324 0.033695 -0.701041
v -0.062722 1.703664 -0.861932
vt 0.136841 0.163086
vn 0.815986 0.433194 -0.382767
v -0.062343 1.709787 -0.861946
vt 0.137085 0.166504
vn 0.815490 0.442985 -0.372480
v -0.016532 1.664777 -0.864769
vt 0.159790 0.142090
vn 0.704305 0.089467 -0.704237
v -0.016529 1.669517 -0.864761
vt 0.159790 0.144531
vn 0.815575 0.374037 -0.441513
v -0.031973 1.650181 -0.863384
vt 0.152100 0.134277
vn 0.468302 0.000000 -0.883569
v 0.020511 1.649063 -0.867962
vt 0.178223 0.133301
vn 0.772178 0.031741 -0.634613
v -0.016516 1.684174 -0.864734
vt 0.159790 0.152832
vn 0.815575 0.374037 -0.441513
v -0.031899 1.710404 -0.863283
vt 0.152222 0.166992
vn 0.350764 0.000000 -0.936464
v 0.030727 1.664191 -0.869273
vt 0.183350 0.141602
vn 0.727708 0.271554 -0.629840
v 0.025183 1.651579 -0.868503
vt 0.180542 0.134766
vn 0.771531 0.154316 -0.617192
v 0.028461 1.654728 -0.868981
vt 0.182129 0.136719
vn 0.793031 0.228171 -0.564836
v 0.030794 1.658420 -0.869273
vt 0.183350 0.138672
vn 0.815079 0.365751 -0.449303
v -0.028757 1.711924 -0.863566
vt 0.153687 0.167969
vn 0.618072 0.000000 -0.786121
v -0.024993 1.711946 -0.863909
vt 0.155640 0.167969
vn 0.648279 0.000000 -0.761402
v -0.016498 1.699635 -0.864706
vt 0.159790 0.161133
vn 0.815575 0.374037 -0.441513
v -0.016490 1.705391 -0.864696
vt 0.159790 0.164062
vn 0.816505 0.408252 -0.408228
v -0.021193 1.711969 -0.864255
vt 0.157471 0.167969
vn 0.679643 0.010820 -0.733463
v -0.017995 1.710439 -0.864549
vt 0.159058 0.166992
vn 0.812655 0.337730 -0.474900
v -0.224978 1.658096 -0.868612
vt 0.056274 0.138672
vn 0.535162 0.000000 -0.844750
v -0.222019 1.654040 -0.868267
vt 0.057739 0.136230
vn 0.603861 0.000000 -0.797089
v -0.225245 1.664259 -0.868620
vt 0.056122 0.141602
vn 0.828527 0.092059 -0.552329
v -0.218003 1.650817 -0.867787
vt 0.059723 0.134277
vn 0.658527 0.000000 -0.752557
v -0.213038 1.648880 -0.867185
vt 0.062195 0.133301
vn 0.742301 0.089330 -0.664086
v -0.158028 1.657876 -0.862789
vt 0.089539 0.138184
vn 0.802460 0.531806 -0.270630
v -0.157773 1.664036 -0.862754
vt 0.089661 0.141602
vn 0.758247 0.521629 -0.391107
v -0.160978 1.653829 -0.863045
vt 0.088074 0.136230
vn 0.815986 0.433194 -0.382767
v -0.170018 1.648722 -0.863795
vt 0.083557 0.133301
vn 0.781128 0.154035 -0.605071
v -0.165008 1.650621 -0.863374
vt 0.086060 0.134277
vn 0.814279 0.354955 -0.459299
v -0.224988 1.681281 -0.868485
vt 0.056274 0.150879
vn 0.535162 0.000000 -0.844750
v -0.222030 1.677223 -0.868140
vt 0.057739 0.148926
vn 0.603861 0.000000 -0.797089
v -0.225256 1.687447 -0.868491
vt 0.056122 0.154297
vn 0.828527 0.092059 -0.552329
v -0.218013 1.673996 -0.867659
vt 0.059723 0.146973
vn 0.658527 0.000000 -0.752557
v -0.213045 1.672060 -0.867062
vt 0.062195 0.145996
vn 0.742301 0.089330 -0.664086
v -0.158034 1.681087 -0.862751
vt 0.089539 0.150879
vn 0.802460 0.531806 -0.270630
v -0.157781 1.687248 -0.862711
vt 0.089661 0.154297
vn 0.758247 0.521629 -0.391107
v -0.160982 1.677036 -0.863005
vt 0.088074 0.148926
vn 0.815986 0.433194 -0.382767
v -0.170023 1.671917 -0.863757
vt 0.083557 0.145996
vn 0.781128 0.154035 -0.605071
v -0.165011 1.673820 -0.863330
vt 0.086060 0.146973
vn 0.814279 0.354955 -0.459299
v -0.225002 1.703888 -0.868361
vt 0.056244 0.163574
vn 0.535162 0.000000 -0.844750
v -0.222048 1.699827 -0.867977
vt 0.057709 0.161133
vn 0.599272 0.000000 -0.800546
v -0.225270 1.710059 -0.868366
vt 0.056122 0.166504
vn 0.828527 0.092059 -0.552329
v -0.218034 1.696598 -0.867458
vt 0.059723 0.159180
vn 0.648279 0.000000 -0.761402
v -0.213057 1.694665 -0.866937
vt 0.062195 0.158203
vn 0.742301 0.089330 -0.664086
v -0.158042 1.703717 -0.862713
vt 0.089478 0.163086
vn 0.802460 0.531806 -0.270630
v -0.157791 1.709883 -0.862671
vt 0.089600 0.166504
vn 0.758247 0.521629 -0.391107
v -0.160989 1.699662 -0.862964
vt 0.088013 0.161133
vn 0.815986 0.433194 -0.382767
v -0.170031 1.694537 -0.863718
vt 0.083557 0.158203
vn 0.781128 0.154035 -0.605071
v -0.165018 1.696441 -0.863288
vt 0.086060 0.159180
vn 0.814279 0.354955 -0.459299
v -0.325502 1.710623 -0.882888
vt 0.006359 0.166992
vn 0.804321 0.110206 -0.583886
v -0.325204 1.704442 -0.882875
vt 0.006508 0.163574
vn 0.566348 0.000000 -0.824166
v -0.322289 1.700424 -0.882393
vt 0.007950 0.161621
vn 0.638215 0.000000 -0.769858
v -0.313391 1.695203 -0.880829
vt 0.012367 0.158691
vn 0.773575 0.175599 -0.608889
v -0.295690 1.694923 -0.877922
vt 0.021164 0.158691
vn 0.787762 0.207903 -0.579835
v -0.252175 1.710138 -0.871418
vt 0.042755 0.166992
vn 0.757515 0.555198 -0.343404
v -0.318330 1.697206 -0.881707
vt 0.009918 0.159668
vn 0.695984 0.000000 -0.718057
v -0.282080 1.694836 -0.875632
vt 0.027908 0.158691
vn 0.790467 0.218073 -0.572369
v -0.264304 1.694857 -0.872770
vt 0.036743 0.158691
vn 0.806370 0.268790 -0.526801
v -0.259290 1.696892 -0.872236
vt 0.039215 0.159668
vn 0.816243 0.390186 -0.426031
v -0.255350 1.700036 -0.871799
vt 0.041168 0.161133
vn 0.814488 0.456906 -0.357556
v -0.252446 1.703972 -0.871451
vt 0.042633 0.163574
vn 0.797521 0.550340 -0.247157
v -0.295690 1.694923 -0.877922
vt 0.021164 0.158691
vn 0.386760 0.000000 -0.922180
v -0.295833 1.650949 -0.878532
vt 0.021088 0.134766
vn 0.910482 0.039604 -0.411647
v -0.281874 1.650853 -0.876244
vt 0.028015 0.134277
vn 0.723937 0.687136 -0.061313
v -0.282080 1.694836 -0.875632
vt 0.027908 0.158691
vn 0.701047 0.713015 0.011990
v -0.321065 1.687152 -1.095317
vt 0.226074 0.154297
vn -0.751883 0.100227 -0.651634
v -0.320984 1.652722 -1.094888
vt 0.225952 0.135742
vn -0.751883 0.100227 -0.651634
v -0.310229 1.675552 -1.097082
vt 0.220581 0.147949
vn -0.751883 0.100227 -0.651634
v -0.310176 1.652614 -1.096796
vt 0.220581 0.135254
vn -0.751883 0.100227 -0.651634
v -0.259979 1.686689 -1.105106
vt 0.195679 0.153809
vn -0.742958 0.078177 -0.664757
v -0.270840 1.675213 -1.103692
vt 0.201050 0.147949
vn -0.742958 0.078177 -0.664757
v -0.259960 1.652157 -1.104866
vt 0.195557 0.135254
vn -0.742958 0.078177 -0.664757
v -0.270830 1.652249 -1.103532
vt 0.201050 0.135254
vn -0.742958 0.078177 -0.664757
v -0.322494 1.651208 -1.095791
vt 0.226685 0.134766
vn -0.493018 0.041770 -0.869016
v -0.322552 1.688665 -1.096239
vt 0.226807 0.155273
vn -0.637904 0.030364 -0.769517
v -0.308769 1.674040 -1.098583
vt 0.219849 0.146973
vn -0.797590 0.531677 -0.284903
v -0.308706 1.651101 -1.098226
vt 0.219849 0.134766
vn -0.760181 0.643181 -0.091880
v -0.258474 1.688202 -1.106476
vt 0.194824 0.154785
vn -0.808946 0.513905 -0.285495
v -0.272372 1.673701 -1.104745
vt 0.201782 0.146973
vn -0.834356 0.037890 -0.549922
v -0.258479 1.650643 -1.106227
vt 0.194824 0.134277
vn -0.763652 0.637729 -0.100688
v -0.272352 1.650737 -1.104523
vt 0.201782 0.134277
vn -0.496790 0.033654 -0.867218
v -0.258316 1.709306 -1.105468
vt 0.194824 0.166504
vn -0.742281 0.089282 -0.664114
v -0.322658 1.709810 -1.095327
vt 0.226807 0.166504
vn -0.751883 0.100227 -0.651634
v -0.321186 1.706027 -1.095538
vt 0.226074 0.164551
vn -0.751883 0.100227 -0.651634
v -0.318703 1.702558 -1.095932
vt 0.224854 0.162598
vn -0.751883 0.100227 -0.651634
v -0.269636 1.697902 -1.103998
vt 0.200439 0.160156
vn -0.742958 0.078177 -0.664757
v -0.262281 1.702147 -1.104931
vt 0.196777 0.162598
vn -0.742958 0.078177 -0.664757
v -0.259790 1.705561 -1.105261
vt 0.195557 0.164062
vn -0.742958 0.078177 -0.664757
v -0.315364 1.699804 -1.096487
vt 0.223145 0.161133
vn -0.751883 0.100227 -0.651634
v -0.311324 1.698140 -1.097179
vt 0.221191 0.160156
vn -0.751883 0.100227 -0.651634
v -0.265626 1.699469 -1.104502
vt 0.198486 0.161133
vn -0.742958 0.078177 -0.664757
v -0.324048 1.710770 -1.096303
vt 0.227539 0.166992
vn -0.652865 0.177537 -0.736374
v -0.256918 1.710260 -1.106834
vt 0.194092 0.166992
vn -0.836488 0.469891 -0.281940
v -0.323796 1.704586 -1.096313
vt 0.227417 0.163574
vn -0.552649 0.000000 -0.833414
v -0.320866 1.700496 -1.096777
vt 0.225952 0.161621
vn -0.622889 0.000000 -0.782310
v -0.257192 1.704105 -1.106759
vt 0.194214 0.163574
vn -0.795214 0.558018 -0.237171
v -0.260144 1.700065 -1.106368
vt 0.195679 0.161133
vn -0.812887 0.472927 -0.339935
v -0.316882 1.697228 -1.097457
vt 0.223877 0.159668
vn -0.685042 0.000000 -0.728504
v -0.269113 1.694978 -1.105270
vt 0.200195 0.158691
vn -0.793367 0.248238 -0.555830
v -0.311912 1.695225 -1.098328
vt 0.221436 0.158691
vn -0.796801 0.207354 -0.567550
v -0.264155 1.696873 -1.105853
vt 0.197754 0.159668
vn -0.816308 0.392609 -0.423674
v -0.090040 1.686210 -1.116502
vt 0.111145 0.153809
vn -0.707118 0.000000 -0.707096
v -0.079170 1.674976 -1.116230
vt 0.105774 0.147461
vn -0.707118 0.000000 -0.707096
v -0.079205 1.708752 -1.116232
vt 0.105774 0.166016
vn -0.707118 0.000000 -0.707096
v -0.129596 1.674979 -1.116195
vt 0.130737 0.147461
vn -0.712662 0.011222 -0.701418
v -0.090040 1.697533 -1.116502
vt 0.111145 0.160156
vn -0.707118 0.000000 -0.707096
v -0.140428 1.686223 -1.115765
vt 0.136230 0.153809
vn -0.712662 0.011222 -0.701418
v -0.129538 1.663110 -1.116197
vt 0.130737 0.141113
vn -0.712662 0.011222 -0.701418
v -0.140425 1.651600 -1.115745
vt 0.136230 0.134766
vn -0.712662 0.011222 -0.701418
v -0.127889 1.663099 -1.116262
vt 0.129883 0.141113
vn -0.712662 0.011222 -0.701418
v -0.123412 1.663094 -1.116440
vt 0.127686 0.141113
vn -0.712662 0.011222 -0.701418
v -0.109825 1.663083 -1.116979
vt 0.120972 0.141113
vn -0.712662 0.011222 -0.701418
v -0.079171 1.651590 -1.116212
vt 0.105774 0.134766
vn -0.707118 0.000000 -0.707096
v -0.096232 1.663069 -1.116656
vt 0.114258 0.141113
vn -0.707118 0.000000 -0.707096
v -0.091752 1.663067 -1.116544
vt 0.112000 0.141113
vn -0.707118 0.000000 -0.707096
v -0.085601 1.661314 -1.116391
vt 0.108948 0.140137
vn -0.707118 0.000000 -0.707096
v -0.081666 1.658739 -1.116288
vt 0.106995 0.138672
vn -0.707118 0.000000 -0.707096
v -0.078405 1.655442 -1.116194
vt 0.105408 0.137207
vn -0.707118 0.000000 -0.707096
v -0.075971 1.651531 -1.116122
vt 0.104187 0.134766
vn -0.707118 0.000000 -0.707096
v -0.090116 1.663060 -1.116503
vt 0.111206 0.141113
vn -0.707118 0.000000 -0.707096
v -0.080411 1.708757 -1.116262
vt 0.106384 0.166016
vn -0.707118 0.000000 -0.707096
v -0.085509 1.708771 -1.116389
vt 0.108887 0.166016
vn -0.707118 0.000000 -0.707096
v -0.093516 1.708788 -1.116588
vt 0.112915 0.166016
vn -0.707118 0.000000 -0.707096
v -0.113835 1.708833 -1.116820
vt 0.122986 0.166016
vn -0.712662 0.011222 -0.701418
v -0.128827 1.697547 -1.116225
vt 0.130371 0.160156
vn -0.712662 0.011222 -0.701418
v -0.132530 1.708855 -1.116079
vt 0.132202 0.166016
vn -0.712662 0.011222 -0.701418
v -0.132987 1.699335 -1.116060
vt 0.132446 0.161133
vn -0.712662 0.011222 -0.701418
v -0.136537 1.701967 -1.115920
vt 0.134277 0.162109
vn -0.712662 0.011222 -0.701418
v -0.138508 1.708861 -1.115841
vt 0.135254 0.166016
vn -0.712662 0.011222 -0.701418
v -0.139219 1.705219 -1.115813
vt 0.135620 0.164062
vn -0.712662 0.011222 -0.701418
v -0.140767 1.708865 -1.115752
vt 0.136353 0.166016
vn -0.712662 0.011222 -0.701418
v -0.077695 1.710267 -1.117382
vt 0.105042 0.166992
vn -0.765472 0.626257 -0.147837
v -0.077666 1.673464 -1.117343
vt 0.104980 0.146973
vn -0.815960 0.382133 -0.433802
v -0.128093 1.673474 -1.117405
vt 0.130005 0.146973
vn -0.766482 0.393546 -0.507570
v -0.091561 1.687723 -1.117690
vt 0.111938 0.154785
vn -0.584878 0.122613 -0.801800
v -0.091562 1.696021 -1.117662
vt 0.111938 0.159180
vn -0.864334 0.105015 -0.491832
v -0.141948 1.687736 -1.116855
vt 0.136963 0.154785
vn -0.540309 0.008827 -0.841421
v -0.128025 1.664631 -1.117448
vt 0.130005 0.142090
vn 0.043335 0.984605 -0.169338
v -0.141945 1.650092 -1.116740
vt 0.136963 0.134277
vn -0.833183 0.028083 -0.552284
v -0.127887 1.666126 -1.117456
vt 0.129883 0.143066
vn -0.711586 0.055999 -0.700364
v -0.123418 1.666121 -1.117633
vt 0.127686 0.142578
vn -0.733433 0.055957 -0.677454
v -0.109832 1.666110 -1.118175
vt 0.120972 0.142578
vn -0.712662 0.011222 -0.701418
v -0.079207 1.648569 -1.117268
vt 0.105774 0.133301
vn -0.717118 0.055993 -0.694698
v -0.096238 1.666096 -1.117851
vt 0.114258 0.142578
vn -0.690488 0.000000 -0.723344
v -0.091753 1.666094 -1.117735
vt 0.112000 0.142578
vn -0.695984 0.000000 -0.718057
v -0.084235 1.663992 -1.117548
vt 0.108276 0.141602
vn -0.787747 0.207851 -0.579872
v -0.079771 1.661070 -1.117429
vt 0.106079 0.140137
vn -0.806040 0.290163 -0.515853
v -0.076053 1.657306 -1.117316
vt 0.104187 0.138184
vn -0.815988 0.433145 -0.382818
v -0.074724 1.650817 -1.117274
vt 0.103516 0.134277
vn -0.811854 0.450997 -0.370803
v -0.089572 1.665985 -1.117678
vt 0.110901 0.142578
vn -0.751021 0.111240 -0.650840
v -0.080409 1.711784 -1.117449
vt 0.106384 0.167480
vn -0.723545 0.022392 -0.689914
v -0.085510 1.711798 -1.117576
vt 0.108887 0.167480
vn -0.690488 0.000000 -0.723344
v -0.093519 1.711815 -1.117782
vt 0.112854 0.167480
vn -0.701528 0.000000 -0.712642
v -0.113839 1.711859 -1.118014
vt 0.122986 0.167969
vn -0.712662 0.011222 -0.701418
v -0.129433 1.694645 -1.117324
vt 0.130737 0.158203
vn -0.734204 0.022247 -0.678564
v -0.132535 1.711882 -1.117267
vt 0.132202 0.167969
vn -0.733433 0.055957 -0.677454
v -0.134493 1.696728 -1.117189
vt 0.133179 0.159668
vn -0.608581 0.000000 -0.793492
v -0.138612 1.699788 -1.117025
vt 0.135254 0.161133
vn -0.566348 0.000000 -0.824166
v -0.138512 1.711888 -1.117029
vt 0.135254 0.167969
vn -0.706918 0.022398 -0.706940
v -0.141786 1.703664 -1.116899
vt 0.136841 0.163086
vn -0.502035 0.000000 -0.864847
v -0.142164 1.709787 -1.116885
vt 0.137085 0.166504
vn -0.497054 0.000000 -0.867720
v -0.174023 1.651693 -1.114035
vt 0.152832 0.134766
vn -0.723338 0.033642 -0.689674
v -0.184946 1.664776 -1.113035
vt 0.158325 0.142090
vn -0.723338 0.033642 -0.689674
v -0.184947 1.662976 -1.113031
vt 0.158325 0.141113
vn -0.723338 0.033642 -0.689674
v -0.184948 1.669518 -1.113044
vt 0.158325 0.144531
vn -0.723338 0.033642 -0.689674
v -0.224238 1.651890 -1.109514
vt 0.177856 0.135254
vn -0.733433 0.055957 -0.677454
v -0.184962 1.684177 -1.113070
vt 0.158325 0.152832
vn -0.723338 0.033642 -0.689674
v -0.174111 1.708889 -1.114135
vt 0.152954 0.166016
vn -0.723017 0.044827 -0.689374
v -0.233802 1.663182 -1.108352
vt 0.182617 0.141113
vn -0.733433 0.055957 -0.677454
v -0.227881 1.653989 -1.109109
vt 0.179688 0.136230
vn -0.733433 0.055957 -0.677454
v -0.230644 1.656637 -1.108747
vt 0.181030 0.137695
vn -0.733433 0.055957 -0.677454
v -0.232594 1.659734 -1.108498
vt 0.182007 0.139160
vn -0.733433 0.055957 -0.677454
v -0.175754 1.708898 -1.113981
vt 0.153687 0.166016
vn -0.723338 0.033642 -0.689674
v -0.179519 1.708919 -1.113628
vt 0.155640 0.166016
vn -0.723338 0.033642 -0.689674
v -0.184980 1.699639 -1.113098
vt 0.158325 0.161133
vn -0.723338 0.033642 -0.689674
v -0.184988 1.705384 -1.113108
vt 0.158325 0.164062
vn -0.723338 0.033642 -0.689674
v -0.183285 1.708943 -1.113274
vt 0.157471 0.166016
vn -0.723338 0.033642 -0.689674
v -0.184967 1.708917 -1.113117
vt 0.158325 0.166016
vn -0.723338 0.033642 -0.689674
v -0.187968 1.664777 -1.113940
vt 0.159790 0.142090
vn -0.704286 0.089419 -0.704263
v -0.187971 1.669517 -1.113949
vt 0.159790 0.144531
vn -0.531184 0.000000 -0.847257
v -0.172531 1.650182 -1.115366
vt 0.152100 0.134277
vn -0.808424 0.503439 -0.304960
v -0.225003 1.649063 -1.110650
vt 0.178223 0.133301
vn -0.771180 0.110938 -0.626877
v -0.187985 1.684175 -1.113976
vt 0.159790 0.152832
vn -0.531184 0.000000 -0.847257
v -0.172605 1.710404 -1.115468
vt 0.152222 0.166992
vn -0.737942 0.671597 -0.066322
v -0.235215 1.664191 -1.109312
vt 0.183350 0.141602
vn -0.649026 0.166130 -0.742406
v -0.229673 1.651579 -1.110097
vt 0.180542 0.134766
vn -0.633267 0.000000 -0.773933
v -0.232950 1.654728 -1.109610
vt 0.182129 0.136719
vn -0.599272 0.000000 -0.800546
v -0.235282 1.658420 -1.109312
vt 0.183350 0.138672
vn -0.540313 0.000000 -0.841464
v -0.175746 1.711924 -1.115176
vt 0.153687 0.167969
vn -0.781871 0.187164 -0.594683
v -0.179510 1.711946 -1.114823
vt 0.155640 0.167969
vn -0.764128 0.132874 -0.631231
v -0.188002 1.699635 -1.114003
vt 0.159790 0.161133
vn -0.531184 0.000000 -0.847257
v -0.188011 1.705391 -1.114013
vt 0.159790 0.164062
vn -0.514505 0.000000 -0.857487
v -0.183308 1.711969 -1.114467
vt 0.157471 0.167969
vn -0.737679 0.078209 -0.670607
v -0.186506 1.710439 -1.114164
vt 0.159058 0.166992
vn -0.552649 0.000000 -0.833414
v 0.015386 1.656116 -1.110068
vt 0.058807 0.137207
vn -0.690488 0.000000 -0.723344
v 0.017889 1.659550 -1.109783
vt 0.057556 0.139160
vn -0.690488 0.000000 -0.723344
v 0.019373 1.663305 -1.109623
vt 0.056824 0.141113
vn -0.690488 0.000000 -0.723344
v 0.007996 1.651801 -1.110941
vt 0.062469 0.135254
vn -0.695984 0.000000 -0.718057
v 0.012029 1.653406 -1.110460
vt 0.060486 0.135742
vn -0.690488 0.000000 -0.723344
v -0.043846 1.659322 -1.114899
vt 0.088196 0.139160
vn -0.701528 0.000000 -0.712642
v -0.045315 1.663075 -1.115022
vt 0.088928 0.141113
vn -0.701528 0.000000 -0.712642
v -0.041358 1.655905 -1.114696
vt 0.086975 0.137207
vn -0.701528 0.000000 -0.712642
v -0.033939 1.651648 -1.114103
vt 0.083313 0.134766
vn -0.701528 0.000000 -0.712642
v -0.038004 1.653216 -1.114426
vt 0.085327 0.135742
vn -0.701528 0.000000 -0.712642
v 0.020487 1.658096 -1.110646
vt 0.056274 0.138672
vn -0.815075 0.365699 -0.449351
v 0.017527 1.654040 -1.110983
vt 0.057739 0.136230
vn -0.790453 0.218021 -0.572408
v 0.020754 1.664260 -1.110639
vt 0.056122 0.141602
vn -0.823650 0.193753 -0.532974
v 0.013510 1.650817 -1.111453
vt 0.059723 0.134277
vn -0.751883 0.100227 -0.651634
v 0.008543 1.648880 -1.112042
vt 0.062195 0.133301
vn -0.668933 0.010595 -0.743247
v -0.046478 1.657876 -1.116293
vt 0.089539 0.138184
vn -0.448811 0.000000 -0.893627
v -0.046733 1.664036 -1.116328
vt 0.089661 0.141602
vn -0.515887 0.138699 -0.845354
v -0.043527 1.653829 -1.116045
vt 0.088074 0.136230
vn -0.502035 0.000000 -0.864847
v -0.034485 1.648722 -1.115318
vt 0.083557 0.133301
vn -0.783708 0.020350 -0.620796
v -0.039496 1.650621 -1.115726
vt 0.086060 0.134277
vn -0.544381 0.000000 -0.838838
v 0.015396 1.679298 -1.110195
vt 0.058807 0.149902
vn -0.690488 0.000000 -0.723344
v 0.017899 1.682735 -1.109910
vt 0.057556 0.151855
vn -0.690488 0.000000 -0.723344
v 0.019382 1.686492 -1.109751
vt 0.056824 0.153809
vn -0.690488 0.000000 -0.723344
v 0.008004 1.674981 -1.111069
vt 0.062469 0.147461
vn -0.695984 0.000000 -0.718057
v 0.012038 1.676584 -1.110588
vt 0.060455 0.148438
vn -0.695984 0.000000 -0.718057
v -0.043839 1.682531 -1.114943
vt 0.088196 0.151855
vn -0.701528 0.000000 -0.712642
v -0.045307 1.686288 -1.115066
vt 0.088928 0.153809
vn -0.701528 0.000000 -0.712642
v -0.041351 1.679109 -1.114740
vt 0.086975 0.149902
vn -0.701528 0.000000 -0.712642
v -0.033933 1.674843 -1.114146
vt 0.083313 0.147461
vn -0.701528 0.000000 -0.712642
v -0.037999 1.676414 -1.114470
vt 0.085327 0.148438
vn -0.701528 0.000000 -0.712642
v 0.020497 1.681281 -1.110773
vt 0.056274 0.150879
vn -0.815075 0.365699 -0.449351
v 0.017538 1.677223 -1.111110
vt 0.057739 0.148926
vn -0.790453 0.218021 -0.572408
v 0.020765 1.687447 -1.110767
vt 0.056122 0.154297
vn -0.823650 0.193753 -0.532974
v 0.013519 1.673996 -1.111580
vt 0.059723 0.146973
vn -0.751883 0.100227 -0.651634
v 0.008550 1.672060 -1.112165
vt 0.062195 0.145996
vn -0.668933 0.010595 -0.743247
v -0.046472 1.681087 -1.116331
vt 0.089539 0.150879
vn -0.448811 0.000000 -0.893627
v -0.046725 1.687248 -1.116370
vt 0.089661 0.154297
vn -0.515887 0.138699 -0.845354
v -0.043524 1.677036 -1.116085
vt 0.088074 0.148926
vn -0.502035 0.000000 -0.864847
v -0.034481 1.671917 -1.115357
vt 0.083557 0.145996
vn -0.783708 0.020350 -0.620796
v -0.039493 1.673820 -1.115770
vt 0.086060 0.146973
vn -0.544381 0.000000 -0.838838
v 0.015408 1.701901 -1.110320
vt 0.058807 0.162109
vn -0.690488 0.000000 -0.723344
v 0.017912 1.705340 -1.110035
vt 0.057556 0.164062
vn -0.690488 0.000000 -0.723344
v 0.019395 1.709103 -1.109875
vt 0.056824 0.166016
vn -0.690449 0.010957 -0.723298
v 0.008014 1.697587 -1.111160
vt 0.062469 0.160156
vn -0.695984 0.000000 -0.718057
v 0.012051 1.699186 -1.110712
vt 0.060455 0.160645
vn -0.695984 0.000000 -0.718057
v -0.043829 1.705160 -1.114985
vt 0.088196 0.164062
vn -0.701528 0.000000 -0.712642
v -0.045297 1.708922 -1.115108
vt 0.088928 0.166016
vn -0.701528 0.000000 -0.712642
v -0.041342 1.701733 -1.114782
vt 0.086975 0.162109
vn -0.701528 0.000000 -0.712642
v -0.033924 1.697463 -1.114188
vt 0.083252 0.159668
vn -0.701528 0.000000 -0.712642
v -0.037991 1.699033 -1.114512
vt 0.085327 0.160645
vn -0.701528 0.000000 -0.712642
v 0.020510 1.703888 -1.110898
vt 0.056244 0.163574
vn -0.815572 0.373986 -0.441561
v 0.017556 1.699827 -1.111274
vt 0.057709 0.161133
vn -0.793018 0.228119 -0.564875
v 0.020779 1.710059 -1.110892
vt 0.056122 0.166504
vn -0.825957 0.203772 -0.525616
v 0.013540 1.696599 -1.111781
vt 0.059723 0.159180
vn -0.760189 0.122027 -0.638139
v 0.008562 1.694665 -1.112290
vt 0.062195 0.158203
vn -0.674248 0.010686 -0.738428
v -0.046464 1.703717 -1.116369
vt 0.089478 0.163086
vn -0.448811 0.000000 -0.893627
v -0.046715 1.709883 -1.116410
vt 0.089600 0.166504
vn -0.517209 0.137907 -0.844675
v -0.043516 1.699662 -1.116125
vt 0.088013 0.161133
vn -0.502035 0.000000 -0.864847
v -0.034473 1.694537 -1.115396
vt 0.083557 0.158203
vn -0.783708 0.020350 -0.620796
v -0.039487 1.696441 -1.115812
vt 0.086060 0.159180
vn -0.544381 0.000000 -0.838838
v 0.118182 1.705905 -1.095946
vt 0.007786 0.164551
vn -0.668990 0.000000 -0.743272
v 0.119693 1.709677 -1.095733
vt 0.007034 0.166504
vn -0.668990 0.000000 -0.743272
v 0.115712 1.702499 -1.096339
vt 0.009010 0.162598
vn -0.668990 0.000000 -0.743272
v 0.108360 1.698118 -1.097586
vt 0.012657 0.160156
vn -0.668990 0.000000 -0.743272
v 0.089931 1.697654 -1.100556
vt 0.021805 0.160156
vn -0.674313 0.000000 -0.738446
v 0.049116 1.709179 -1.106604
vt 0.042053 0.166504
vn -0.679649 0.000000 -0.733537
v 0.112388 1.699786 -1.096895
vt 0.010658 0.161133
vn -0.668990 0.000000 -0.743272
v 0.078955 1.697566 -1.102328
vt 0.027252 0.160156
vn -0.674313 0.000000 -0.738446
v 0.060397 1.697767 -1.105272
vt 0.036469 0.160156
vn -0.679649 0.000000 -0.733537
v 0.056333 1.699474 -1.105758
vt 0.038483 0.161133
vn -0.679649 0.000000 -0.733537
v 0.053022 1.702124 -1.106134
vt 0.040131 0.162598
vn -0.679649 0.000000 -0.733537
v 0.050579 1.705429 -1.106421
vt 0.041321 0.164062
vn -0.679649 0.000000 -0.733537
v 0.089873 1.652462 -1.099986
vt 0.021835 0.135254
vn -0.674313 0.000000 -0.738446
v 0.078896 1.652367 -1.101755
vt 0.027283 0.135254
vn -0.674313 0.000000 -0.738446
v 0.121049 1.710623 -1.096635
vt 0.006359 0.166992
vn -0.804303 0.110158 -0.583919
v 0.120751 1.704442 -1.096646
vt 0.006508 0.163574
vn -0.808973 0.308648 -0.500300
v 0.117834 1.700424 -1.097121
vt 0.007950 0.161621
vn -0.767897 0.143606 -0.624268
v 0.108932 1.695203 -1.098662
vt 0.012367 0.158691
vn -0.628305 0.009940 -0.777904
v 0.091223 1.694923 -1.101522
vt 0.021164 0.158691
vn -0.608581 0.000000 -0.793492
v 0.047691 1.710138 -1.107911
vt 0.042755 0.166992
vn -0.493136 0.125327 -0.860877
v 0.113874 1.697206 -1.097797
vt 0.009918 0.159668
vn -0.723338 0.033642 -0.689674
v 0.077607 1.694836 -1.103776
vt 0.027908 0.158691
vn -0.603861 0.000000 -0.797089
v 0.059824 1.694857 -1.106591
vt 0.036743 0.158691
vn -0.815622 0.009467 -0.578508
v 0.054809 1.696893 -1.107113
vt 0.039215 0.159668
vn -0.527301 0.000000 -0.849678
v 0.050868 1.700037 -1.107539
vt 0.041168 0.161133
vn -0.489901 0.000000 -0.871778
v 0.047962 1.703972 -1.107880
vt 0.042633 0.163574
vn -0.440904 0.000000 -0.897554
v 0.091223 1.694923 -1.101522
vt 0.021164 0.158691
vn -0.766428 0.627026 -0.139378
v 0.091367 1.650950 -1.100912
vt 0.021088 0.134766
vn -0.811562 0.537976 -0.227924
v 0.077403 1.650853 -1.103163
vt 0.028015 0.134277
vn -0.350680 0.021685 -0.936244
v 0.077607 1.694836 -1.103776
vt 0.027908 0.158691
vn -0.309901 0.000000 -0.950769
v -0.444273 1.756798 -1.064986
vt 0.274902 0.966675
vn -0.826007 0.514529 -0.230157
v -0.386327 1.764604 -1.082759
vt 0.255615 0.968445
vn -0.849768 0.429600 -0.305513
v -0.443661 1.758593 -1.063516
vt 0.275146 0.968658
vn -0.828275 0.513143 -0.225044
v -0.385939 1.766404 -1.081204
vt 0.255615 0.970428
vn -0.848063 0.421604 -0.320997
v -0.386327 1.768359 -1.082759
vt 0.255859 0.972412
vn -0.851176 0.376037 -0.366190
v -0.444270 1.760553 -1.065001
vt 0.275146 0.970657
vn -0.841791 0.496159 -0.212636
v -0.385939 1.766404 -1.081204
vt 0.255615 0.970428
vn -0.850867 0.383588 -0.359006
v -0.443661 1.758593 -1.063516
vt 0.275146 0.968658
vn -0.839933 0.507418 -0.192455
v -0.460321 1.758150 -1.056509
vt 0.281006 0.970108
vn -0.780423 0.621128 -0.071689
v -0.459460 1.756186 -1.055160
vt 0.281006 0.968109
vn -0.776984 0.626314 -0.063450
v -0.460342 1.754388 -1.056493
vt 0.280762 0.966125
vn -0.759273 0.650762 -0.003732
v -0.459460 1.756186 -1.055160
vt 0.281006 0.968109
vn -0.762923 0.646391 -0.011250
v -0.484385 1.753948 -1.037558
vt 0.291016 0.969070
vn -0.704443 0.704398 0.087082
v -0.483224 1.751988 -1.036477
vt 0.290771 0.967072
vn -0.695259 0.711207 0.103919
v -0.484400 1.750196 -1.037535
vt 0.290771 0.965057
vn -0.676250 0.725050 0.130342
v -0.483224 1.751988 -1.036477
vt 0.290771 0.967072
vn -0.683630 0.720228 0.117990
v -0.498965 1.751549 -1.015233
vt 0.299561 0.968475
vn -0.472265 0.795037 0.380633
v -0.497504 1.749598 -1.014643
vt 0.299561 0.966461
vn -0.462975 0.795667 0.390598
v -0.498965 1.747817 -1.015233
vt 0.299316 0.964447
vn -0.439736 0.796343 0.415294
v -0.497504 1.749598 -1.014643
vt 0.299561 0.966461
vn -0.449363 0.796077 0.405381
v -0.502331 1.748522 -0.989480
vt 0.307861 0.966187
vn -0.000022 0.707107 0.707107
v -0.498965 1.751549 -0.963728
vt 0.316406 0.968475
vn 0.459826 0.830498 0.314378
v -0.497504 1.749598 -0.964318
vt 0.316406 0.966461
vn 0.451001 0.831562 0.324196
v -0.498965 1.747817 -0.963728
vt 0.316406 0.964447
vn 0.428777 0.833743 0.347883
v -0.497504 1.749598 -0.964318
vt 0.316406 0.966461
vn 0.437934 0.833025 0.338057
v -0.484385 1.753948 -0.941403
vt 0.324951 0.969070
vn 0.664828 0.746997 0.000065
v -0.483224 1.751988 -0.942484
vt 0.324951 0.967072
vn 0.656284 0.754362 0.015164
v -0.484400 1.750196 -0.941426
vt 0.325195 0.965057
vn 0.641789 0.765475 0.046427
v -0.483224 1.751988 -0.942484
vt 0.324951 0.967072
vn 0.648481 0.760435 0.034785
v -0.460321 1.758150 -0.922452
vt 0.334717 0.970108
vn 0.733899 0.657985 -0.168664
v -0.459460 1.756187 -0.923801
vt 0.334961 0.968109
vn 0.730839 0.663636 -0.159566
v -0.460342 1.754388 -0.922469
vt 0.335205 0.966125
vn 0.704297 0.700258 -0.116640
v -0.459460 1.756187 -0.923801
vt 0.334961 0.968109
vn 0.703602 0.699593 -0.124556
v -0.444270 1.760612 -0.913960
vt 0.340576 0.970673
vn 0.756963 0.539352 -0.368927
v -0.443661 1.758651 -0.915445
vt 0.340820 0.968689
vn 0.755679 0.547873 -0.358865
v -0.444273 1.756855 -0.913975
vt 0.340820 0.966705
vn 0.773333 0.546987 -0.320565
v -0.443661 1.758651 -0.915445
vt 0.340820 0.968689
vn 0.774918 0.538674 -0.330656
v -0.386327 1.768529 -0.896202
vt 0.360107 0.972473
vn 0.774705 0.392504 -0.495755
v -0.385939 1.766576 -0.897757
vt 0.360107 0.970490
vn 0.775563 0.400630 -0.487850
v -0.386327 1.764779 -0.896202
vt 0.360352 0.968506
vn 0.774293 0.452503 -0.442392
v -0.385939 1.766576 -0.897757
vt 0.360107 0.970490
vn 0.778056 0.441741 -0.446648
v 0.127281 1.774296 -0.885588
vt 0.529297 0.970093
vn 0.849005 0.076788 -0.522776
v 0.181396 1.768354 -0.896202
vt 0.547363 0.967834
vn 0.880637 0.090325 -0.465102
v 0.126800 1.772845 -0.887161
vt 0.529297 0.968109
vn 0.849005 0.076788 -0.522776
v 0.181008 1.766872 -0.897757
vt 0.547363 0.965820
vn 0.880637 0.090325 -0.465102
v 0.181396 1.765499 -0.896202
vt 0.546875 0.963806
vn 0.902900 0.093284 -0.419606
v 0.126909 1.771482 -0.885575
vt 0.528809 0.966095
vn 0.870118 0.072903 -0.487422
v 0.181008 1.766872 -0.897757
vt 0.547363 0.965820
vn 0.901328 0.094002 -0.422814
v 0.126800 1.772845 -0.887161
vt 0.529297 0.968109
vn 0.870118 0.072903 -0.487422
v 0.075909 1.775315 -0.876905
vt 0.512207 0.968048
vn 0.837637 0.047366 -0.544170
v 0.075892 1.777099 -0.878506
vt 0.512207 0.970047
vn 0.837637 0.047366 -0.544170
v 0.076348 1.779019 -0.876930
vt 0.512695 0.972061
vn 0.815422 0.049723 -0.576727
v 0.075892 1.777099 -0.878506
vt 0.512207 0.970047
vn 0.815422 0.049723 -0.576727
v 0.019209 1.778915 -0.870275
vt 0.493408 0.969727
vn 0.799671 0.030012 -0.599688
v 0.019143 1.780698 -0.871874
vt 0.493652 0.971756
vn 0.799671 0.030012 -0.599688
v 0.019397 1.782635 -0.870278
vt 0.493896 0.973785
vn 0.780524 0.031249 -0.624344
v 0.019143 1.780698 -0.871874
vt 0.493652 0.971756
vn 0.780524 0.031249 -0.624344
v -0.040400 1.781164 -0.865562
vt 0.473877 0.971024
vn 0.757733 0.010536 -0.652480
v -0.040450 1.782943 -0.867164
vt 0.473877 0.973068
vn 0.757733 0.010536 -0.652480
v -0.040318 1.784887 -0.865562
vt 0.474121 0.975113
vn 0.743825 0.010813 -0.668287
v -0.040450 1.782943 -0.867164
vt 0.473877 0.973068
vn 0.743825 0.010813 -0.668287
v -0.102466 1.781943 -0.863535
vt 0.453369 0.971817
vn 0.707118 0.000000 -0.707096
v -0.102466 1.783722 -0.865140
vt 0.453369 0.973862
vn 0.707118 0.000000 -0.707096
v -0.102466 1.785668 -0.863535
vt 0.453369 0.975906
vn 0.707118 0.000000 -0.707096
v -0.164532 1.781164 -0.865562
vt 0.432861 0.972031
vn 0.740646 0.111400 -0.662597
v -0.164481 1.782943 -0.867164
vt 0.432861 0.974060
vn 0.740646 0.111400 -0.662597
v -0.164613 1.784887 -0.865562
vt 0.432861 0.976105
vn 0.736226 0.100415 -0.669244
v -0.164481 1.782943 -0.867164
vt 0.432861 0.974060
vn 0.736226 0.100415 -0.669244
v -0.224140 1.778915 -0.870275
vt 0.413330 0.971710
vn 0.760740 0.197028 -0.618429
v -0.224074 1.780698 -0.871874
vt 0.413086 0.973709
vn 0.760740 0.197028 -0.618429
v -0.224329 1.782635 -0.870278
vt 0.413086 0.975723
vn 0.753975 0.176152 -0.632844
v -0.224074 1.780698 -0.871874
vt 0.413086 0.973709
vn 0.753975 0.176152 -0.632844
v -0.280837 1.775292 -0.876905
vt 0.394775 0.970932
vn 0.773342 0.279294 -0.569155
v -0.280820 1.777074 -0.878505
vt 0.394531 0.972916
vn 0.773342 0.279294 -0.569155
v -0.281275 1.778992 -0.876930
vt 0.394531 0.974899
vn 0.766072 0.249959 -0.592161
v -0.280820 1.777074 -0.878505
vt 0.394531 0.972916
vn 0.766072 0.249959 -0.592161
v -0.331826 1.770552 -0.885572
vt 0.378174 0.969818
vn 0.778584 0.355354 -0.517234
v -0.331713 1.772338 -0.887157
vt 0.377930 0.971786
vn 0.778584 0.355354 -0.517234
v -0.332191 1.774258 -0.885584
vt 0.377930 0.973770
vn 0.770639 0.310405 -0.556565
v -0.331713 1.772338 -0.887157
vt 0.377930 0.971786
vn 0.770639 0.310405 -0.556565
v -0.331841 1.770590 -1.093386
vt 0.237793 0.969833
vn -0.844836 0.343993 -0.409782
v -0.331732 1.772376 -1.091801
vt 0.237915 0.971802
vn -0.844836 0.343993 -0.409782
v -0.332213 1.774296 -1.093373
vt 0.238159 0.973770
vn -0.842164 0.301466 -0.447078
v -0.331732 1.772376 -1.091801
vt 0.237915 0.971802
vn -0.842164 0.301466 -0.447078
v -0.280840 1.775315 -1.102056
vt 0.221191 0.970932
vn -0.831235 0.273555 -0.483958
v -0.280823 1.777098 -1.100455
vt 0.221313 0.972916
vn -0.831235 0.273555 -0.483958
v -0.281279 1.779019 -1.102031
vt 0.221436 0.974915
vn -0.826562 0.245285 -0.506588
v -0.280823 1.777098 -1.100455
vt 0.221313 0.972916
vn -0.826562 0.245285 -0.506588
v -0.224141 1.778915 -1.108686
vt 0.202637 0.971695
vn -0.806810 0.194885 -0.557743
v -0.224074 1.780698 -1.107087
vt 0.202759 0.973709
vn -0.806810 0.194885 -0.557743
v -0.224329 1.782635 -1.108683
vt 0.202759 0.975723
vn -0.801272 0.174417 -0.572313
v -0.224074 1.780698 -1.107087
vt 0.202759 0.973709
vn -0.801272 0.174417 -0.572313
v -0.164532 1.781164 -1.113399
vt 0.183105 0.972015
vn -0.771180 0.110938 -0.626877
v -0.164481 1.782944 -1.111797
vt 0.183105 0.974060
vn -0.771180 0.110938 -0.626877
v -0.164613 1.784887 -1.113399
vt 0.183105 0.976089
vn -0.767090 0.100031 -0.633692
v -0.164481 1.782944 -1.111797
vt 0.183105 0.974060
vn -0.767090 0.100031 -0.633692
v -0.102466 1.781943 -1.115426
vt 0.162598 0.971802
vn -0.707118 0.000000 -0.707096
v -0.102466 1.783722 -1.113822
vt 0.162598 0.973846
vn -0.707118 0.000000 -0.707096
v -0.102466 1.785668 -1.115426
vt 0.162476 0.975891
vn -0.707118 0.000000 -0.707096
v -0.040400 1.781164 -1.113399
vt 0.142090 0.971008
vn -0.663680 0.010503 -0.747942
v -0.040450 1.782943 -1.111797
vt 0.141968 0.973053
vn -0.663680 0.010503 -0.747942
v -0.040318 1.784887 -1.113399
vt 0.141846 0.975082
vn -0.679622 0.010777 -0.733483
v -0.040450 1.782943 -1.111797
vt 0.141968 0.973053
vn -0.679622 0.010777 -0.733483
v 0.019209 1.778915 -1.108686
vt 0.122437 0.969696
vn -0.632987 0.030121 -0.773576
v 0.019143 1.780698 -1.107087
vt 0.122253 0.971725
vn -0.632987 0.030121 -0.773576
v 0.019398 1.782635 -1.108683
vt 0.122070 0.973755
vn -0.658217 0.031327 -0.752176
v 0.019143 1.780698 -1.107087
vt 0.122253 0.971725
vn -0.658217 0.031327 -0.752176
v 0.075906 1.775293 -1.102056
vt 0.103760 0.968018
vn -0.598819 0.038287 -0.799968
v 0.075889 1.777075 -1.100456
vt 0.103516 0.970001
vn -0.598819 0.038287 -0.799968
v 0.076344 1.778992 -1.102031
vt 0.103271 0.972015
vn -0.632425 0.050152 -0.772996
v 0.075889 1.777075 -1.100456
vt 0.103516 0.970001
vn -0.632425 0.050152 -0.772996
v 0.126891 1.771444 -1.093390
vt 0.086914 0.966034
vn -0.573432 0.074560 -0.815853
v 0.126782 1.772807 -1.091804
vt 0.086670 0.968048
vn -0.573432 0.074560 -0.815853
v 0.127263 1.774258 -1.093376
vt 0.086426 0.970047
vn -0.606710 0.077629 -0.791123
v 0.126782 1.772807 -1.091804
vt 0.086670 0.968048
vn -0.611394 0.078256 -0.787447
v 0.181396 1.765497 -1.082759
vt 0.068848 0.963776
vn -0.532643 0.096828 -0.840783
v 0.181008 1.766872 -1.081204
vt 0.068604 0.965790
vn -0.536635 0.097549 -0.838157
v 0.181396 1.768356 -1.082759
vt 0.068420 0.967804
vn -0.572557 0.093055 -0.814567
v 0.181008 1.766872 -1.081204
vt 0.068604 0.965790
vn -0.572557 0.093055 -0.814567
v 0.239339 1.760553 -0.913960
vt 0.567383 0.965057
vn 0.925221 0.121215 -0.359546
v 0.238730 1.759060 -0.915445
vt 0.566895 0.963043
vn 0.927126 0.120937 -0.354698
v 0.239341 1.757689 -0.913975
vt 0.566895 0.961029
vn 0.920085 0.070808 -0.385266
v 0.238730 1.759060 -0.915445
vt 0.566895 0.963043
vn 0.918844 0.071295 -0.388127
v 0.255390 1.758150 -0.922452
vt 0.573242 0.964233
vn 0.946364 0.080080 -0.313022
v 0.254529 1.756653 -0.923801
vt 0.573242 0.962219
vn 0.947808 0.079895 -0.308670
v 0.255410 1.755279 -0.922469
vt 0.572754 0.960175
vn 0.961821 0.096892 -0.255952
v 0.254529 1.756653 -0.923801
vt 0.573242 0.962219
vn 0.961293 0.097552 -0.257680
v 0.279454 1.753948 -0.941403
vt 0.583496 0.962799
vn 0.971507 0.073989 -0.225165
v 0.278293 1.752454 -0.942484
vt 0.583008 0.960724
vn 0.972425 0.073802 -0.221232
v 0.279469 1.751087 -0.941426
vt 0.583008 0.958679
vn 0.976325 0.066417 -0.205862
v 0.278293 1.752454 -0.942484
vt 0.583008 0.960724
vn 0.975169 0.067049 -0.211071
v 0.294033 1.751549 -0.963728
vt 0.592285 0.961884
vn 0.990943 0.040480 -0.128039
v 0.292573 1.750064 -0.964318
vt 0.591797 0.959839
vn 0.990570 0.034048 -0.132713
v 0.294033 1.748708 -0.963728
vt 0.591797 0.957794
vn 0.992619 0.034261 -0.116336
v 0.292573 1.750064 -0.964318
vt 0.591797 0.959839
vn 0.992269 0.034126 -0.119318
v 0.298976 1.750471 -0.989480
vt 0.600586 0.961304
vn 0.045615 0.083611 -0.995454
v 0.297399 1.748988 -0.989480
vt 0.600586 0.959290
vn 0.045615 0.083611 -0.995454
v 0.298976 1.747635 -0.989480
vt 0.600586 0.957306
vn 0.998089 0.050248 0.035953
v 0.297399 1.748988 -0.989480
vt 0.600586 0.959290
vn 0.998089 0.050248 0.035953
v 0.298976 1.750471 -0.989480
vt 0.015160 0.961243
vn -0.998380 0.043694 0.036453
v 0.294033 1.751549 -1.015233
vt 0.023788 0.961823
vn -0.174441 0.041861 -0.983778
v 0.297399 1.748988 -0.989480
vt 0.015244 0.959229
vn -0.998380 0.043694 0.036453
v 0.292573 1.750064 -1.014643
vt 0.023911 0.959778
vn -0.171701 0.035009 -0.984527
v 0.294033 1.748708 -1.015233
vt 0.024017 0.957733
vn -0.155154 0.035257 -0.987261
v 0.298976 1.747635 -0.989480
vt 0.015327 0.957245
vn -0.052775 0.090411 -0.994505
v 0.292573 1.750064 -1.014643
vt 0.023911 0.959778
vn -0.158004 0.042118 -0.986540
v 0.297399 1.748988 -0.989480
vt 0.015244 0.959229
vn -0.052775 0.090411 -0.994505
v 0.279454 1.753948 -1.037558
vt 0.032501 0.962738
vn -0.315309 0.077928 -0.945784
v 0.278293 1.752454 -1.036477
vt 0.032654 0.960693
vn -0.311053 0.077753 -0.947206
v 0.279469 1.751087 -1.037535
vt 0.032837 0.958649
vn -0.286041 0.069719 -0.955678
v 0.278293 1.752454 -1.036477
vt 0.032654 0.960693
vn -0.292120 0.070379 -0.953789
v 0.255390 1.758150 -1.056509
vt 0.042572 0.964203
vn -0.411780 0.083837 -0.907419
v 0.254529 1.756653 -1.055160
vt 0.042786 0.962158
vn -0.407195 0.083678 -0.909500
v 0.255410 1.755280 -1.056493
vt 0.042969 0.960114
vn -0.373885 0.103634 -0.921667
v 0.254529 1.756653 -1.055160
vt 0.042786 0.962158
vn -0.378365 0.103844 -0.919813
v 0.239339 1.760612 -1.065001
vt 0.048523 0.965027
vn -0.508972 0.128276 -0.851171
v 0.238730 1.759118 -1.063516
vt 0.048737 0.963013
vn -0.503957 0.128087 -0.854178
v 0.239341 1.757746 -1.064986
vt 0.048950 0.960999
vn -0.471901 0.073212 -0.878607
v 0.238730 1.759118 -1.063516
vt 0.048737 0.963013
vn -0.475262 0.073706 -0.876752
usemtl Supercharger1
f 3/3/3 2/2/2 1/1/1
f 4/4/4 2/2/2 3/3/3
f 5/5/5 4/4/4 3/3/3
f 6/6/6 4/4/4 5/5/5
f 7/7/7 6/6/6 5/5/5
f 8/8/8 6/6/6 7/7/7
f 8/8/8 7/7/7 9/9/9
f 11/11/11 9/9/9 10/10/10
f 8/8/8 9/9/9 11/11/11
f 12/12/12 11/11/11 10/10/10
f 13/13/13 11/11/11 12/12/12
f 4/4/4 14/14/14 2/2/2
f 15/15/15 14/14/14 4/4/4
f 6/6/6 15/15/15 4/4/4
f 16/16/16 15/15/15 6/6/6
f 8/8/8 16/16/16 6/6/6
f 11/11/11 16/16/16 8/8/8
f 17/17/17 13/13/13 12/12/12
f 18/18/18 13/13/13 17/17/17
f 15/15/15 19/19/19 14/14/14
f 20/20/20 19/19/19 15/15/15
f 16/16/16 20/20/20 15/15/15
f 21/21/21 20/20/20 16/16/16
f 18/18/18 23/23/23 22/22/22
f 17/17/17 23/23/23 18/18/18
f 11/11/11 21/21/21 16/16/16
f 13/13/13 21/21/21 11/11/11
f 19/19/19 25/25/25 24/24/24
f 20/20/20 25/25/25 19/19/19
f 20/20/20 26/26/26 25/25/25
f 21/21/21 26/26/26 20/20/20
f 27/27/27 22/22/22 23/23/23
f 28/28/28 22/22/22 27/27/27
f 21/21/21 18/18/18 26/26/26
f 13/13/13 18/18/18 21/21/21
f 29/29/29 28/28/28 27/27/27
f 30/30/30 28/28/28 29/29/29
f 33/33/33 32/32/32 31/31/31
f 34/34/34 32/32/32 33/33/33
f 35/35/35 30/30/30 29/29/29
f 36/36/36 30/30/30 35/35/35
f 22/22/22 38/38/38 37/37/37
f 28/28/28 38/38/38 22/22/22
f 37/37/37 34/34/34 33/33/33
f 38/38/38 34/34/34 37/37/37
f 39/39/39 36/36/36 35/35/35
f 40/40/40 36/36/36 39/39/39
f 34/34/34 41/41/41 32/32/32
f 42/42/42 41/41/41 34/34/34
f 28/28/28 43/43/43 38/38/38
f 30/30/30 43/43/43 28/28/28
f 38/38/38 42/42/42 34/34/34
f 43/43/43 42/42/42 38/38/38
f 42/42/42 44/44/44 41/41/41
f 45/45/45 44/44/44 42/42/42
f 30/30/30 46/46/46 43/43/43
f 36/36/36 46/46/46 30/30/30
f 43/43/43 45/45/45 42/42/42
f 46/46/46 45/45/45 43/43/43
f 45/45/45 47/47/47 44/44/44
f 48/48/48 47/47/47 45/45/45
f 36/36/36 49/49/49 46/46/46
f 40/40/40 49/49/49 36/36/36
f 46/46/46 48/48/48 45/45/45
f 49/49/49 48/48/48 46/46/46
f 48/48/48 50/50/50 47/47/47
f 51/51/51 50/50/50 48/48/48
f 52/52/52 49/49/49 40/40/40
f 53/53/53 49/49/49 52/52/52
f 49/49/49 51/51/51 48/48/48
f 53/53/53 51/51/51 49/49/49
f 52/52/52 39/39/39 54/54/54
f 40/40/40 39/39/39 52/52/52
f 22/22/22 26/26/26 18/18/18
f 37/37/37 26/26/26 22/22/22
f 37/37/37 25/25/25 26/26/26
f 33/33/33 25/25/25 37/37/37
f 25/25/25 31/31/31 24/24/24
f 33/33/33 31/31/31 25/25/25
f 3/3/3 56/56/56 55/55/55
f 1/1/1 56/56/56 3/3/3
f 5/5/5 55/55/55 57/57/57
f 3/3/3 55/55/55 5/5/5
f 7/7/7 57/57/57 58/58/58
f 5/5/5 57/57/57 7/7/7
f 9/9/9 7/7/7 58/58/58
f 59/59/59 9/9/9 58/58/58
f 10/10/10 9/9/9 59/59/59
f 12/12/12 59/59/59 60/60/60
f 10/10/10 59/59/59 12/12/12
f 55/55/55 62/62/62 61/61/61
f 56/56/56 62/62/62 55/55/55
f 57/57/57 61/61/61 63/63/63
f 55/55/55 61/61/61 57/57/57
f 58/58/58 63/63/63 59/59/59
f 57/57/57 63/63/63 58/58/58
f 17/17/17 60/60/60 64/64/64
f 12/12/12 60/60/60 17/17/17
f 61/61/61 66/66/66 65/65/65
f 62/62/62 66/66/66 61/61/61
f 63/63/63 65/65/65 67/67/67
f 61/61/61 65/65/65 63/63/63
f 59/59/59 67/67/67 60/60/60
f 63/63/63 67/67/67 59/59/59
f 66/66/66 68/68/68 65/65/65
f 69/69/69 68/68/68 66/66/66
f 65/65/65 70/70/70 67/67/67
f 68/68/68 70/70/70 65/65/65
f 27/27/27 72/72/72 71/71/71
f 23/23/23 72/72/72 27/27/27
f 67/67/67 64/64/64 60/60/60
f 70/70/70 64/64/64 67/67/67
f 74/74/74 69/69/69 73/73/73
f 68/68/68 69/69/69 74/74/74
f 29/29/29 71/71/71 75/75/75
f 27/27/27 71/71/71 29/29/29
f 76/76/76 68/68/68 74/74/74
f 70/70/70 68/68/68 76/76/76
f 72/72/72 70/70/70 76/76/76
f 64/64/64 70/70/70 72/72/72
f 74/74/74 78/78/78 77/77/77
f 73/73/73 78/78/78 74/74/74
f 35/35/35 75/75/75 79/79/79
f 29/29/29 75/75/75 35/35/35
f 72/72/72 80/80/80 71/71/71
f 76/76/76 80/80/80 72/72/72
f 76/76/76 77/77/77 80/80/80
f 74/74/74 77/77/77 76/76/76
f 39/39/39 79/79/79 81/81/81
f 35/35/35 79/79/79 39/39/39
f 77/77/77 83/83/83 82/82/82
f 78/78/78 83/83/83 77/77/77
f 71/71/71 84/84/84 75/75/75
f 80/80/80 84/84/84 71/71/71
f 80/80/80 82/82/82 84/84/84
f 77/77/77 82/82/82 80/80/80
f 82/82/82 86/86/86 85/85/85
f 83/83/83 86/86/86 82/82/82
f 75/75/75 87/87/87 79/79/79
f 84/84/84 87/87/87 75/75/75
f 84/84/84 85/85/85 87/87/87
f 82/82/82 85/85/85 84/84/84
f 85/85/85 89/89/89 88/88/88
f 86/86/86 89/89/89 85/85/85
f 79/79/79 90/90/90 81/81/81
f 87/87/87 90/90/90 79/79/79
f 87/87/87 88/88/88 90/90/90
f 85/85/85 88/88/88 87/87/87
f 88/88/88 92/92/92 91/91/91
f 89/89/89 92/92/92 88/88/88
f 94/94/94 90/90/90 93/93/93
f 81/81/81 90/90/90 94/94/94
f 90/90/90 91/91/91 93/93/93
f 88/88/88 91/91/91 90/90/90
f 94/94/94 39/39/39 81/81/81
f 54/54/54 39/39/39 94/94/94
f 64/64/64 23/23/23 17/17/17
f 72/72/72 23/23/23 64/64/64
f 97/97/97 96/96/96 95/95/95
f 98/98/98 96/96/96 97/97/97
f 100/100/100 95/95/95 99/99/99
f 97/97/97 95/95/95 100/100/100
f 102/102/102 99/99/99 101/101/101
f 100/100/100 99/99/99 102/102/102
f 103/103/103 102/102/102 101/101/101
f 104/104/104 103/103/103 101/101/101
f 105/105/105 103/103/103 104/104/104
f 107/107/107 104/104/104 106/106/106
f 105/105/105 104/104/104 107/107/107
f 95/95/95 109/109/109 108/108/108
f 96/96/96 109/109/109 95/95/95
f 99/99/99 108/108/108 110/110/110
f 95/95/95 108/108/108 99/99/99
f 101/101/101 110/110/110 104/104/104
f 99/99/99 110/110/110 101/101/101
f 112/112/112 106/106/106 111/111/111
f 107/107/107 106/106/106 112/112/112
f 108/108/108 114/114/114 113/113/113
f 109/109/109 114/114/114 108/108/108
f 110/110/110 113/113/113 115/115/115
f 108/108/108 113/113/113 110/110/110
f 104/104/104 115/115/115 106/106/106
f 110/110/110 115/115/115 104/104/104
f 114/114/114 116/116/116 113/113/113
f 117/117/117 116/116/116 114/114/114
f 113/113/113 118/118/118 115/115/115
f 116/116/116 118/118/118 113/113/113
f 121/121/121 120/120/120 119/119/119
f 122/122/122 120/120/120 121/121/121
f 115/115/115 111/111/111 106/106/106
f 118/118/118 111/111/111 115/115/115
f 124/124/124 117/117/117 123/123/123
f 116/116/116 117/117/117 124/124/124
f 126/126/126 119/119/119 125/125/125
f 121/121/121 119/119/119 126/126/126
f 127/127/127 116/116/116 124/124/124
f 118/118/118 116/116/116 127/127/127
f 120/120/120 118/118/118 127/127/127
f 111/111/111 118/118/118 120/120/120
f 124/124/124 129/129/129 128/128/128
f 123/123/123 129/129/129 124/124/124
f 131/131/131 125/125/125 130/130/130
f 126/126/126 125/125/125 131/131/131
f 120/120/120 132/132/132 119/119/119
f 127/127/127 132/132/132 120/120/120
f 127/127/127 128/128/128 132/132/132
f 124/124/124 128/128/128 127/127/127
f 134/134/134 130/130/130 133/133/133
f 131/131/131 130/130/130 134/134/134
f 128/128/128 136/136/136 135/135/135
f 129/129/129 136/136/136 128/128/128
f 119/119/119 137/137/137 125/125/125
f 132/132/132 137/137/137 119/119/119
f 132/132/132 135/135/135 137/137/137
f 128/128/128 135/135/135 132/132/132
f 135/135/135 139/139/139 138/138/138
f 136/136/136 139/139/139 135/135/135
f 125/125/125 140/140/140 130/130/130
f 137/137/137 140/140/140 125/125/125
f 137/137/137 138/138/138 140/140/140
f 135/135/135 138/138/138 137/137/137
f 138/138/138 142/142/142 141/141/141
f 139/139/139 142/142/142 138/138/138
f 130/130/130 143/143/143 133/133/133
f 140/140/140 143/143/143 130/130/130
f 140/140/140 141/141/141 143/143/143
f 138/138/138 141/141/141 140/140/140
f 141/141/141 50/50/50 51/51/51
f 142/142/142 50/50/50 141/141/141
f 52/52/52 143/143/143 53/53/53
f 133/133/133 143/143/143 52/52/52
f 143/143/143 51/51/51 53/53/53
f 141/141/141 51/51/51 143/143/143
f 52/52/52 134/134/134 133/133/133
f 54/54/54 134/134/134 52/52/52
f 120/120/120 112/112/112 111/111/111
f 122/122/122 112/112/112 120/120/120
f 97/97/97 144/144/144 98/98/98
f 145/145/145 144/144/144 97/97/97
f 100/100/100 145/145/145 97/97/97
f 146/146/146 145/145/145 100/100/100
f 102/102/102 146/146/146 100/100/100
f 147/147/147 146/146/146 102/102/102
f 147/147/147 102/102/102 103/103/103
f 148/148/148 103/103/103 105/105/105
f 147/147/147 103/103/103 148/148/148
f 107/107/107 148/148/148 105/105/105
f 149/149/149 148/148/148 107/107/107
f 145/145/145 150/150/150 144/144/144
f 151/151/151 150/150/150 145/145/145
f 146/146/146 151/151/151 145/145/145
f 152/152/152 151/151/151 146/146/146
f 147/147/147 152/152/152 146/146/146
f 148/148/148 152/152/152 147/147/147
f 112/112/112 149/149/149 107/107/107
f 153/153/153 149/149/149 112/112/112
f 151/151/151 154/154/154 150/150/150
f 155/155/155 154/154/154 151/151/151
f 152/152/152 155/155/155 151/151/151
f 156/156/156 155/155/155 152/152/152
f 157/157/157 112/112/112 122/122/122
f 153/153/153 112/112/112 157/157/157
f 148/148/148 156/156/156 152/152/152
f 149/149/149 156/156/156 148/148/148
f 154/154/154 159/159/159 158/158/158
f 155/155/155 159/159/159 154/154/154
f 155/155/155 160/160/160 159/159/159
f 156/156/156 160/160/160 155/155/155
f 121/121/121 157/157/157 122/122/122
f 161/161/161 157/157/157 121/121/121
f 156/156/156 153/153/153 160/160/160
f 149/149/149 153/153/153 156/156/156
f 126/126/126 161/161/161 121/121/121
f 162/162/162 161/161/161 126/126/126
f 165/165/165 164/164/164 163/163/163
f 166/166/166 164/164/164 165/165/165
f 131/131/131 162/162/162 126/126/126
f 167/167/167 162/162/162 131/131/131
f 157/157/157 169/169/169 168/168/168
f 161/161/161 169/169/169 157/157/157
f 168/168/168 166/166/166 165/165/165
f 169/169/169 166/166/166 168/168/168
f 134/134/134 167/167/167 131/131/131
f 170/170/170 167/167/167 134/134/134
f 166/166/166 171/171/171 164/164/164
f 172/172/172 171/171/171 166/166/166
f 161/161/161 173/173/173 169/169/169
f 162/162/162 173/173/173 161/161/161
f 169/169/169 172/172/172 166/166/166
f 173/173/173 172/172/172 169/169/169
f 172/172/172 174/174/174 171/171/171
f 175/175/175 174/174/174 172/172/172
f 162/162/162 176/176/176 173/173/173
f 167/167/167 176/176/176 162/162/162
f 173/173/173 175/175/175 172/172/172
f 176/176/176 175/175/175 173/173/173
f 175/175/175 177/177/177 174/174/174
f 178/178/178 177/177/177 175/175/175
f 167/167/167 179/179/179 176/176/176
f 170/170/170 179/179/179 167/167/167
f 176/176/176 178/178/178 175/175/175
f 179/179/179 178/178/178 176/176/176
f 178/178/178 92/92/92 177/177/177
f 91/91/91 92/92/92 178/178/178
f 94/94/94 179/179/179 170/170/170
f 93/93/93 179/179/179 94/94/94
f 179/179/179 91/91/91 178/178/178
f 93/93/93 91/91/91 179/179/179
f 94/94/94 134/134/134 54/54/54
f 170/170/170 134/134/134 94/94/94
f 157/157/157 160/160/160 153/153/153
f 168/168/168 160/160/160 157/157/157
f 168/168/168 159/159/159 160/160/160
f 165/165/165 159/159/159 168/168/168
f 159/159/159 163/163/163 158/158/158
f 165/165/165 163/163/163 159/159/159
f 182/182/182 181/181/181 180/180/180
f 183/183/183 181/181/181 182/182/182
f 186/186/186 185/185/185 184/184/184
f 187/187/187 185/185/185 186/186/186
f 189/189/189 184/184/184 188/188/188
f 186/186/186 184/184/184 189/189/189
f 191/191/191 188/188/188 190/190/190
f 189/189/189 188/188/188 191/191/191
f 194/194/194 193/193/193 192/192/192
f 195/195/195 193/193/193 194/194/194
f 198/198/198 197/197/197 196/196/196
f 194/194/194 199/199/199 195/195/195
f 200/200/200 195/195/195 199/199/199
f 201/201/201 195/195/195 200/200/200
f 202/202/202 195/195/195 201/201/201
f 205/205/205 204/204/204 203/203/203
f 191/191/191 207/207/207 206/206/206
f 190/190/190 207/207/207 191/191/191
f 210/210/210 209/209/209 208/208/208
f 211/211/211 209/209/209 210/210/210
f 214/214/214 213/213/213 212/212/212
f 215/215/215 213/213/213 214/214/214
f 216/216/216 215/215/215 214/214/214
f 217/217/217 215/215/215 216/216/216
f 218/218/218 217/217/217 216/216/216
f 219/219/219 217/217/217 218/218/218
f 222/222/222 221/221/221 220/220/220
f 223/223/223 221/221/221 222/222/222
f 226/226/226 225/225/225 224/224/224
f 229/229/229 228/228/228 227/227/227
f 232/232/232 231/231/231 230/230/230
f 182/182/182 234/234/234 233/233/233
f 235/235/235 234/234/234 182/182/182
f 238/238/238 237/237/237 236/236/236
f 239/239/239 237/237/237 238/238/238
f 240/240/240 239/239/239 238/238/238
f 241/241/241 239/239/239 240/240/240
f 242/242/242 241/241/241 240/240/240
f 243/243/243 241/241/241 242/242/242
f 246/246/246 245/245/245 244/244/244
f 247/247/247 245/245/245 246/246/246
f 250/250/250 249/249/249 248/248/248
f 253/253/253 252/252/252 251/251/251
f 256/256/256 255/255/255 254/254/254
f 242/242/242 257/257/257 243/243/243
f 258/258/258 257/257/257 242/242/242
f 210/210/210 260/260/260 259/259/259
f 261/261/261 260/260/260 210/210/210
f 264/264/264 263/263/263 262/262/262
f 265/265/265 263/263/263 264/264/264
f 267/267/267 262/262/262 266/266/266
f 264/264/264 262/262/262 267/267/267
f 269/269/269 266/266/266 268/268/268
f 267/267/267 266/266/266 269/269/269
f 272/272/272 271/271/271 270/270/270
f 273/273/273 271/271/271 272/272/272
f 276/276/276 275/275/275 274/274/274
f 272/272/272 277/277/277 273/273/273
f 278/278/278 273/273/273 277/277/277
f 279/279/279 273/273/273 278/278/278
f 280/280/280 273/273/273 279/279/279
f 283/283/283 282/282/282 281/281/281
f 269/269/269 285/285/285 284/284/284
f 268/268/268 285/285/285 269/269/269
f 288/288/288 287/287/287 286/286/286
f 289/289/289 287/287/287 288/288/288
f 291/291/291 286/286/286 290/290/290
f 288/288/288 286/286/286 291/291/291
f 293/293/293 290/290/290 292/292/292
f 291/291/291 290/290/290 293/293/293
f 295/295/295 292/292/292 294/294/294
f 293/293/293 292/292/292 295/295/295
f 297/297/297 294/294/294 296/296/296
f 295/295/295 294/294/294 297/297/297
f 299/299/299 296/296/296 298/298/298
f 297/297/297 296/296/296 299/299/299
f 301/301/301 298/298/298 300/300/300
f 299/299/299 298/298/298 301/301/301
f 303/303/303 300/300/300 302/302/302
f 301/301/301 300/300/300 303/303/303
f 305/305/305 302/302/302 304/304/304
f 303/303/303 302/302/302 305/305/305
f 307/307/307 304/304/304 306/306/306
f 305/305/305 304/304/304 307/307/307
f 309/309/309 306/306/306 308/308/308
f 307/307/307 306/306/306 309/309/309
f 311/311/311 308/308/308 310/310/310
f 309/309/309 308/308/308 311/311/311
f 313/313/313 310/310/310 312/312/312
f 311/311/311 310/310/310 313/313/313
f 315/315/315 312/312/312 314/314/314
f 313/313/313 312/312/312 315/315/315
f 317/317/317 314/314/314 316/316/316
f 315/315/315 314/314/314 317/317/317
f 319/319/319 316/316/316 318/318/318
f 317/317/317 316/316/316 319/319/319
f 321/321/321 318/318/318 320/320/320
f 319/319/319 318/318/318 321/321/321
f 323/323/323 320/320/320 322/322/322
f 321/321/321 320/320/320 323/323/323
f 326/326/326 325/325/325 324/324/324
f 327/327/327 325/325/325 326/326/326
f 329/329/329 324/324/324 328/328/328
f 326/326/326 324/324/324 329/329/329
f 331/331/331 328/328/328 330/330/330
f 329/329/329 328/328/328 331/331/331
f 333/333/333 330/330/330 332/332/332
f 331/331/331 330/330/330 333/333/333
f 335/335/335 332/332/332 334/334/334
f 333/333/333 332/332/332 335/335/335
f 337/337/337 334/334/334 336/336/336
f 335/335/335 334/334/334 337/337/337
f 339/339/339 336/336/336 338/338/338
f 337/337/337 336/336/336 339/339/339
f 341/341/341 338/338/338 340/340/340
f 339/339/339 338/338/338 341/341/341
f 343/343/343 340/340/340 342/342/342
f 341/341/341 340/340/340 343/343/343
f 345/345/345 342/342/342 344/344/344
f 343/343/343 342/342/342 345/345/345
f 347/347/347 344/344/344 346/346/346
f 345/345/345 344/344/344 347/347/347
f 349/349/349 346/346/346 348/348/348
f 347/347/347 346/346/346 349/349/349
f 351/351/351 348/348/348 350/350/350
f 349/349/349 348/348/348 351/351/351
f 353/353/353 350/350/350 352/352/352
f 351/351/351 350/350/350 353/353/353
f 355/355/355 352/352/352 354/354/354
f 353/353/353 352/352/352 355/355/355
f 357/357/357 354/354/354 356/356/356
f 355/355/355 354/354/354 357/357/357
f 359/359/359 356/356/356 358/358/358
f 357/357/357 356/356/356 359/359/359
f 289/289/289 358/358/358 287/287/287
f 359/359/359 358/358/358 289/289/289
f 362/362/362 361/361/361 360/360/360
f 363/363/363 361/361/361 362/362/362
f 358/358/358 360/360/360 287/287/287
f 362/362/362 360/360/360 358/358/358
f 364/364/364 287/287/287 360/360/360
f 286/286/286 287/287/287 364/364/364
f 365/365/365 360/360/360 361/361/361
f 364/364/364 360/360/360 365/365/365
f 366/366/366 286/286/286 364/364/364
f 290/290/290 286/286/286 366/366/366
f 367/367/367 364/364/364 365/365/365
f 366/366/366 364/364/364 367/367/367
f 368/368/368 290/290/290 366/366/366
f 292/292/292 290/290/290 368/368/368
f 369/369/369 366/366/366 367/367/367
f 368/368/368 366/366/366 369/369/369
f 370/370/370 292/292/292 368/368/368
f 294/294/294 292/292/292 370/370/370
f 371/371/371 368/368/368 369/369/369
f 370/370/370 368/368/368 371/371/371
f 372/372/372 294/294/294 370/370/370
f 296/296/296 294/294/294 372/372/372
f 373/373/373 370/370/370 371/371/371
f 372/372/372 370/370/370 373/373/373
f 374/374/374 296/296/296 372/372/372
f 298/298/298 296/296/296 374/374/374
f 375/375/375 372/372/372 373/373/373
f 374/374/374 372/372/372 375/375/375
f 378/378/378 377/377/377 376/376/376
f 379/379/379 377/377/377 378/378/378
f 320/320/320 376/376/376 322/322/322
f 378/378/378 376/376/376 320/320/320
f 380/380/380 379/379/379 378/378/378
f 381/381/381 379/379/379 380/380/380
f 318/318/318 378/378/378 320/320/320
f 380/380/380 378/378/378 318/318/318
f 382/382/382 381/381/381 380/380/380
f 383/383/383 381/381/381 382/382/382
f 316/316/316 380/380/380 318/318/318
f 382/382/382 380/380/380 316/316/316
f 384/384/384 383/383/383 382/382/382
f 385/385/385 383/383/383 384/384/384
f 314/314/314 382/382/382 316/316/316
f 384/384/384 382/382/382 314/314/314
f 386/386/386 385/385/385 384/384/384
f 387/387/387 385/385/385 386/386/386
f 312/312/312 384/384/384 314/314/314
f 386/386/386 384/384/384 312/312/312
f 388/388/388 387/387/387 386/386/386
f 389/389/389 387/387/387 388/388/388
f 310/310/310 386/386/386 312/312/312
f 388/388/388 386/386/386 310/310/310
f 390/390/390 389/389/389 388/388/388
f 391/391/391 389/389/389 390/390/390
f 308/308/308 388/388/388 310/310/310
f 390/390/390 388/388/388 308/308/308
f 392/392/392 391/391/391 390/390/390
f 393/393/393 391/391/391 392/392/392
f 306/306/306 390/390/390 308/308/308
f 392/392/392 390/390/390 306/306/306
f 396/396/396 395/395/395 394/394/394
f 397/397/397 395/395/395 396/396/396
f 302/302/302 394/394/394 304/304/304
f 396/396/396 394/394/394 302/302/302
f 392/392/392 304/304/304 394/394/394
f 306/306/306 304/304/304 392/392/392
f 393/393/393 394/394/394 395/395/395
f 392/392/392 394/394/394 393/393/393
f 398/398/398 397/397/397 396/396/396
f 399/399/399 397/397/397 398/398/398
f 300/300/300 396/396/396 302/302/302
f 398/398/398 396/396/396 300/300/300
f 398/398/398 298/298/298 374/374/374
f 300/300/300 298/298/298 398/398/398
f 399/399/399 374/374/374 375/375/375
f 398/398/398 374/374/374 399/399/399
f 402/402/402 401/401/401 400/400/400
f 403/403/403 401/401/401 402/402/402
f 288/288/288 400/400/400 289/289/289
f 402/402/402 400/400/400 288/288/288
f 404/404/404 403/403/403 402/402/402
f 405/405/405 403/403/403 404/404/404
f 291/291/291 402/402/402 288/288/288
f 404/404/404 402/402/402 291/291/291
f 406/406/406 405/405/405 404/404/404
f 407/407/407 405/405/405 406/406/406
f 293/293/293 404/404/404 291/291/291
f 406/406/406 404/404/404 293/293/293
f 408/408/408 407/407/407 406/406/406
f 409/409/409 407/407/407 408/408/408
f 295/295/295 406/406/406 293/293/293
f 408/408/408 406/406/406 295/295/295
f 410/410/410 409/409/409 408/408/408
f 411/411/411 409/409/409 410/410/410
f 297/297/297 408/408/408 295/295/295
f 410/410/410 408/408/408 297/297/297
f 412/412/412 411/411/411 410/410/410
f 413/413/413 411/411/411 412/412/412
f 299/299/299 410/410/410 297/297/297
f 412/412/412 410/410/410 299/299/299
f 414/414/414 413/413/413 412/412/412
f 415/415/415 413/413/413 414/414/414
f 301/301/301 412/412/412 299/299/299
f 414/414/414 412/412/412 301/301/301
f 418/418/418 417/417/417 416/416/416
f 419/419/419 417/417/417 418/418/418
f 326/326/326 416/416/416 327/327/327
f 418/418/418 416/416/416 326/326/326
f 421/421/421 323/323/323 420/420/420
f 321/321/321 323/323/323 421/421/421
f 423/423/423 420/420/420 422/422/422
f 421/421/421 420/420/420 423/423/423
f 424/424/424 321/321/321 421/421/421
f 319/319/319 321/321/321 424/424/424
f 425/425/425 421/421/421 423/423/423
f 424/424/424 421/421/421 425/425/425
f 426/426/426 319/319/319 424/424/424
f 317/317/317 319/319/319 426/426/426
f 427/427/427 424/424/424 425/425/425
f 426/426/426 424/424/424 427/427/427
f 428/428/428 317/317/317 426/426/426
f 315/315/315 317/317/317 428/428/428
f 429/429/429 426/426/426 427/427/427
f 428/428/428 426/426/426 429/429/429
f 430/430/430 315/315/315 428/428/428
f 313/313/313 315/315/315 430/430/430
f 431/431/431 428/428/428 429/429/429
f 430/430/430 428/428/428 431/431/431
f 432/432/432 313/313/313 430/430/430
f 311/311/311 313/313/313 432/432/432
f 433/433/433 430/430/430 431/431/431
f 432/432/432 430/430/430 433/433/433
f 434/434/434 311/311/311 432/432/432
f 309/309/309 311/311/311 434/434/434
f 435/435/435 432/432/432 433/433/433
f 434/434/434 432/432/432 435/435/435
f 438/438/438 437/437/437 436/436/436
f 439/439/439 437/437/437 438/438/438
f 307/307/307 436/436/436 305/305/305
f 438/438/438 436/436/436 307/307/307
f 438/438/438 309/309/309 434/434/434
f 307/307/307 309/309/309 438/438/438
f 439/439/439 434/434/434 435/435/435
f 438/438/438 434/434/434 439/439/439
f 440/440/440 305/305/305 436/436/436
f 303/303/303 305/305/305 440/440/440
f 441/441/441 436/436/436 437/437/437
f 440/440/440 436/436/436 441/441/441
f 414/414/414 303/303/303 440/440/440
f 301/301/301 303/303/303 414/414/414
f 415/415/415 440/440/440 441/441/441
f 414/414/414 440/440/440 415/415/415
f 442/442/442 363/363/363 362/362/362
f 443/443/443 363/363/363 442/442/442
f 356/356/356 362/362/362 358/358/358
f 442/442/442 362/362/362 356/356/356
f 444/444/444 443/443/443 442/442/442
f 445/445/445 443/443/443 444/444/444
f 354/354/354 442/442/442 356/356/356
f 444/444/444 442/442/442 354/354/354
f 446/446/446 445/445/445 444/444/444
f 447/447/447 445/445/445 446/446/446
f 352/352/352 444/444/444 354/354/354
f 446/446/446 444/444/444 352/352/352
f 448/448/448 447/447/447 446/446/446
f 449/449/449 447/447/447 448/448/448
f 350/350/350 446/446/446 352/352/352
f 448/448/448 446/446/446 350/350/350
f 450/450/450 449/449/449 448/448/448
f 451/451/451 449/449/449 450/450/450
f 348/348/348 448/448/448 350/350/350
f 450/450/450 448/448/448 348/348/348
f 452/452/452 451/451/451 450/450/450
f 453/453/453 451/451/451 452/452/452
f 346/346/346 450/450/450 348/348/348
f 452/452/452 450/450/450 346/346/346
f 455/455/455 325/325/325 454/454/454
f 324/324/324 325/325/325 455/455/455
f 457/457/457 454/454/454 456/456/456
f 455/455/455 454/454/454 457/457/457
f 458/458/458 324/324/324 455/455/455
f 328/328/328 324/324/324 458/458/458
f 459/459/459 455/455/455 457/457/457
f 458/458/458 455/455/455 459/459/459
f 460/460/460 328/328/328 458/458/458
f 330/330/330 328/328/328 460/460/460
f 461/461/461 458/458/458 459/459/459
f 460/460/460 458/458/458 461/461/461
f 462/462/462 330/330/330 460/460/460
f 332/332/332 330/330/330 462/462/462
f 463/463/463 460/460/460 461/461/461
f 462/462/462 460/460/460 463/463/463
f 464/464/464 332/332/332 462/462/462
f 334/334/334 332/332/332 464/464/464
f 465/465/465 462/462/462 463/463/463
f 464/464/464 462/462/462 465/465/465
f 466/466/466 334/334/334 464/464/464
f 336/336/336 334/334/334 466/466/466
f 467/467/467 464/464/464 465/465/465
f 466/466/466 464/464/464 467/467/467
f 468/468/468 336/336/336 466/466/466
f 338/338/338 336/336/336 468/468/468
f 469/469/469 466/466/466 467/467/467
f 468/468/468 466/466/466 469/469/469
f 472/472/472 471/471/471 470/470/470
f 473/473/473 471/471/471 472/472/472
f 340/340/340 470/470/470 342/342/342
f 472/472/472 470/470/470 340/340/340
f 472/472/472 338/338/338 468/468/468
f 340/340/340 338/338/338 472/472/472
f 473/473/473 468/468/468 469/469/469
f 472/472/472 468/468/468 473/473/473
f 474/474/474 342/342/342 470/470/470
f 344/344/344 342/342/342 474/474/474
f 475/475/475 470/470/470 471/471/471
f 474/474/474 470/470/470 475/475/475
f 452/452/452 344/344/344 474/474/474
f 346/346/346 344/344/344 452/452/452
f 453/453/453 474/474/474 475/475/475
f 452/452/452 474/474/474 453/453/453
f 476/476/476 289/289/289 400/400/400
f 359/359/359 289/289/289 476/476/476
f 477/477/477 400/400/400 401/401/401
f 476/476/476 400/400/400 477/477/477
f 478/478/478 359/359/359 476/476/476
f 357/357/357 359/359/359 478/478/478
f 479/479/479 476/476/476 477/477/477
f 478/478/478 476/476/476 479/479/479
f 480/480/480 357/357/357 478/478/478
f 355/355/355 357/357/357 480/480/480
f 481/481/481 478/478/478 479/479/479
f 480/480/480 478/478/478 481/481/481
f 482/482/482 355/355/355 480/480/480
f 353/353/353 355/355/355 482/482/482
f 483/483/483 480/480/480 481/481/481
f 482/482/482 480/480/480 483/483/483
f 484/484/484 353/353/353 482/482/482
f 351/351/351 353/353/353 484/484/484
f 485/485/485 482/482/482 483/483/483
f 484/484/484 482/482/482 485/485/485
f 486/486/486 351/351/351 484/484/484
f 349/349/349 351/351/351 486/486/486
f 487/487/487 484/484/484 485/485/485
f 486/486/486 484/484/484 487/487/487
f 488/488/488 419/419/419 418/418/418
f 489/489/489 419/419/419 488/488/488
f 329/329/329 418/418/418 326/326/326
f 488/488/488 418/418/418 329/329/329
f 490/490/490 489/489/489 488/488/488
f 491/491/491 489/489/489 490/490/490
f 331/331/331 488/488/488 329/329/329
f 490/490/490 488/488/488 331/331/331
f 492/492/492 491/491/491 490/490/490
f 493/493/493 491/491/491 492/492/492
f 333/333/333 490/490/490 331/331/331
f 492/492/492 490/490/490 333/333/333
f 494/494/494 493/493/493 492/492/492
f 495/495/495 493/493/493 494/494/494
f 335/335/335 492/492/492 333/333/333
f 494/494/494 492/492/492 335/335/335
f 496/496/496 495/495/495 494/494/494
f 497/497/497 495/495/495 496/496/496
f 337/337/337 494/494/494 335/335/335
f 496/496/496 494/494/494 337/337/337
f 498/498/498 497/497/497 496/496/496
f 499/499/499 497/497/497 498/498/498
f 339/339/339 496/496/496 337/337/337
f 498/498/498 496/496/496 339/339/339
f 500/500/500 499/499/499 498/498/498
f 501/501/501 499/499/499 500/500/500
f 341/341/341 498/498/498 339/339/339
f 500/500/500 498/498/498 341/341/341
f 504/504/504 503/503/503 502/502/502
f 505/505/505 503/503/503 504/504/504
f 345/345/345 502/502/502 343/343/343
f 504/504/504 502/502/502 345/345/345
f 500/500/500 343/343/343 502/502/502
f 341/341/341 343/343/343 500/500/500
f 501/501/501 502/502/502 503/503/503
f 500/500/500 502/502/502 501/501/501
f 506/506/506 505/505/505 504/504/504
f 507/507/507 505/505/505 506/506/506
f 347/347/347 504/504/504 345/345/345
f 506/506/506 504/504/504 347/347/347
f 506/506/506 349/349/349 486/486/486
f 347/347/347 349/349/349 506/506/506
f 507/507/507 486/486/486 487/487/487
f 506/506/506 486/486/486 507/507/507
f 230/230/230 509/509/509 508/508/508
f 231/231/231 509/509/509 230/230/230
f 202/202/202 511/511/511 510/510/510
f 512/512/512 511/511/511 202/202/202
f 513/513/513 510/510/510 511/511/511
f 514/514/514 510/510/510 513/513/513
f 517/517/517 516/516/516 515/515/515
f 518/518/518 516/516/516 517/517/517
f 514/514/514 515/515/515 516/516/516
f 513/513/513 515/515/515 514/514/514
f 521/521/521 520/520/520 519/519/519
f 522/522/522 520/520/520 521/521/521
f 523/523/523 519/519/519 520/520/520
f 524/524/524 519/519/519 523/523/523
f 527/527/527 526/526/526 525/525/525
f 528/528/528 526/526/526 527/527/527
f 518/518/518 522/522/522 521/521/521
f 517/517/517 522/522/522 518/518/518
f 531/531/531 530/530/530 529/529/529
f 532/532/532 530/530/530 531/531/531
f 533/533/533 529/529/529 530/530/530
f 534/534/534 529/529/529 533/533/533
f 532/532/532 536/536/536 535/535/535
f 531/531/531 536/536/536 532/532/532
f 537/537/537 535/535/535 536/536/536
f 538/538/538 535/535/535 537/537/537
f 539/539/539 528/528/528 527/527/527
f 540/540/540 528/528/528 539/539/539
f 538/538/538 540/540/540 539/539/539
f 537/537/537 540/540/540 538/538/538
f 543/543/543 542/542/542 541/541/541
f 544/544/544 542/542/542 543/543/543
f 545/545/545 541/541/541 542/542/542
f 546/546/546 541/541/541 545/545/545
f 544/544/544 548/548/548 547/547/547
f 543/543/543 548/548/548 544/544/544
f 549/549/549 547/547/547 548/548/548
f 550/550/550 547/547/547 549/549/549
f 553/553/553 552/552/552 551/551/551
f 554/554/554 552/552/552 553/553/553
f 555/555/555 551/551/551 552/552/552
f 556/556/556 551/551/551 555/555/555
f 557/557/557 556/556/556 555/555/555
f 558/558/558 556/556/556 557/557/557
f 550/550/550 554/554/554 553/553/553
f 549/549/549 554/554/554 550/550/550
f 280/280/280 560/560/560 559/559/559
f 561/561/561 560/560/560 280/280/280
f 562/562/562 559/559/559 560/560/560
f 563/563/563 559/559/559 562/562/562
f 566/566/566 565/565/565 564/564/564
f 567/567/567 565/565/565 566/566/566
f 563/563/563 564/564/564 565/565/565
f 562/562/562 564/564/564 563/563/563
f 568/568/568 558/558/558 557/557/557
f 569/569/569 558/558/558 568/568/568
f 567/567/567 569/569/569 568/568/568
f 566/566/566 569/569/569 567/567/567
f 570/570/570 511/511/511 512/512/512
f 571/571/571 511/511/511 570/570/570
f 572/572/572 515/515/515 513/513/513
f 573/573/573 515/515/515 572/572/572
f 571/571/571 513/513/513 511/511/511
f 572/572/572 513/513/513 571/571/571
f 520/520/520 574/574/574 523/523/523
f 522/522/522 574/574/574 520/520/520
f 573/573/573 517/517/517 515/515/515
f 575/575/575 517/517/517 573/573/573
f 575/575/575 522/522/522 517/517/517
f 574/574/574 522/522/522 575/575/575
f 577/577/577 530/530/530 576/576/576
f 533/533/533 530/530/530 577/577/577
f 220/220/220 531/531/531 529/529/529
f 221/221/221 531/531/531 220/220/220
f 579/579/579 535/535/535 578/578/578
f 532/532/532 535/535/535 579/579/579
f 576/576/576 532/532/532 579/579/579
f 530/530/530 532/532/532 576/576/576
f 527/527/527 580/580/580 539/539/539
f 525/525/525 580/580/580 527/527/527
f 578/578/578 538/538/538 581/581/581
f 535/535/535 538/538/538 578/578/578
f 581/581/581 539/539/539 580/580/580
f 538/538/538 539/539/539 581/581/581
f 509/509/509 229/229/229 534/534/534
f 228/228/228 229/229/229 509/509/509
f 583/583/583 542/542/542 582/582/582
f 545/545/545 542/542/542 583/583/583
f 244/244/244 543/543/543 541/541/541
f 245/245/245 543/543/543 244/244/244
f 585/585/585 547/547/547 584/584/584
f 544/544/544 547/547/547 585/585/585
f 582/582/582 544/544/544 585/585/585
f 542/542/542 544/544/544 582/582/582
f 551/551/551 586/586/586 553/553/553
f 556/556/556 586/586/586 551/551/551
f 584/584/584 550/550/550 587/587/587
f 547/547/547 550/550/550 584/584/584
f 587/587/587 553/553/553 586/586/586
f 550/550/550 553/553/553 587/587/587
f 588/588/588 253/253/253 546/546/546
f 589/589/589 253/253/253 588/588/588
f 252/252/252 253/253/253 589/589/589
f 583/583/583 560/560/560 561/561/561
f 582/582/582 560/560/560 583/583/583
f 585/585/585 564/564/564 562/562/562
f 584/584/584 564/564/564 585/585/585
f 582/582/582 562/562/562 560/560/560
f 585/585/585 562/562/562 582/582/582
f 558/558/558 586/586/586 556/556/556
f 569/569/569 586/586/586 558/558/558
f 584/584/584 566/566/566 564/564/564
f 587/587/587 566/566/566 584/584/584
f 587/587/587 569/569/569 566/566/566
f 586/586/586 569/569/569 587/587/587
f 273/273/273 559/559/559 271/271/271
f 280/280/280 559/559/559 273/273/273
f 193/193/193 514/514/514 590/590/590
f 510/510/510 514/514/514 193/193/193
f 271/271/271 563/563/563 591/591/591
f 559/559/559 563/563/563 271/271/271
f 253/253/253 541/541/541 546/546/546
f 244/244/244 541/541/541 253/253/253
f 229/229/229 529/529/529 534/534/534
f 220/220/220 529/529/529 229/229/229
f 594/594/594 593/593/593 592/592/592
f 595/595/595 593/593/593 594/594/594
f 597/597/597 187/187/187 596/596/596
f 185/185/185 187/187/187 597/597/597
f 599/599/599 183/183/183 598/598/598
f 181/181/181 183/183/183 599/599/599
f 197/197/197 598/598/598 196/196/196
f 599/599/599 598/598/598 197/197/197
f 203/203/203 196/196/196 205/205/205
f 198/198/198 196/196/196 203/203/203
f 600/600/600 182/182/182 180/180/180
f 207/207/207 601/601/601 206/206/206
f 602/602/602 601/601/601 207/207/207
f 200/200/200 205/205/205 201/201/201
f 204/204/204 205/205/205 200/200/200
f 213/213/213 603/603/603 212/212/212
f 604/604/604 603/603/603 213/213/213
f 209/209/209 605/605/605 208/208/208
f 606/606/606 605/605/605 209/209/209
f 606/606/606 226/226/226 605/605/605
f 225/225/225 226/226/226 606/606/606
f 224/224/224 230/230/230 226/226/226
f 232/232/232 230/230/230 224/224/224
f 211/211/211 210/210/210 607/607/607
f 237/237/237 596/596/596 236/236/236
f 597/597/597 596/596/596 237/237/237
f 234/234/234 608/608/608 233/233/233
f 609/609/609 608/608/608 234/234/234
f 609/609/609 250/250/250 608/608/608
f 249/249/249 250/250/250 609/609/609
f 248/248/248 254/254/254 250/250/250
f 256/256/256 254/254/254 248/248/248
f 235/235/235 182/182/182 600/600/600
f 255/255/255 588/588/588 254/254/254
f 589/589/589 588/588/588 255/255/255
f 604/604/604 265/265/265 603/603/603
f 263/263/263 265/265/265 604/604/604
f 611/611/611 261/261/261 610/610/610
f 260/260/260 261/261/261 611/611/611
f 275/275/275 610/610/610 274/274/274
f 611/611/611 610/610/610 275/275/275
f 281/281/281 274/274/274 283/283/283
f 276/276/276 274/274/274 281/281/281
f 607/607/607 210/210/210 259/259/259
f 285/285/285 612/612/612 284/284/284
f 613/613/613 612/612/612 285/285/285
f 278/278/278 283/283/283 279/279/279
f 282/282/282 283/283/283 278/278/278
f 592/592/592 218/218/218 594/594/594
f 219/219/219 218/218/218 592/592/592
f 616/616/616 615/615/615 614/614/614
f 617/617/617 615/615/615 616/616/616
f 193/193/193 202/202/202 510/510/510
f 195/195/195 202/202/202 193/193/193
f 620/620/620 619/619/619 618/618/618
f 621/621/621 619/619/619 620/620/620
f 624/624/624 623/623/623 622/622/622
f 625/625/625 623/623/623 624/624/624
f 627/627/627 258/258/258 626/626/626
f 257/257/257 258/258/258 627/627/627
f 629/629/629 622/622/622 628/628/628
f 624/624/624 622/622/622 629/629/629
f 509/509/509 534/534/534 508/508/508
f 632/632/632 631/631/631 630/630/630
f 633/633/633 631/631/631 632/632/632
f 633/633/633 634/634/634 631/631/631
f 635/635/635 634/634/634 633/633/633
f 635/635/635 636/636/636 634/634/634
f 637/637/637 636/636/636 635/635/635
f 637/637/637 638/638/638 636/636/636
f 206/206/206 638/638/638 637/637/637
f 641/641/641 640/640/640 639/639/639
f 642/642/642 640/640/640 641/641/641
f 644/644/644 639/639/639 643/643/643
f 641/641/641 639/639/639 644/644/644
f 646/646/646 643/643/643 645/645/645
f 644/644/644 643/643/643 646/646/646
f 649/649/649 648/648/648 647/647/647
f 650/650/650 648/648/648 649/649/649
f 652/652/652 647/647/647 651/651/651
f 649/649/649 647/647/647 652/652/652
f 654/654/654 651/651/651 653/653/653
f 652/652/652 651/651/651 654/654/654
f 656/656/656 653/653/653 655/655/655
f 654/654/654 653/653/653 656/656/656
f 659/659/659 658/658/658 657/657/657
f 660/660/660 658/658/658 659/659/659
f 660/660/660 661/661/661 658/658/658
f 662/662/662 661/661/661 660/660/660
f 662/662/662 663/663/663 661/661/661
f 664/664/664 663/663/663 662/662/662
f 664/664/664 665/665/665 663/663/663
f 666/666/666 665/665/665 664/664/664
f 669/669/669 668/668/668 667/667/667
f 670/670/670 668/668/668 669/669/669
f 672/672/672 630/630/630 671/671/671
f 632/632/632 630/630/630 672/672/672
f 206/206/206 673/673/673 638/638/638
f 674/674/674 673/673/673 206/206/206
f 642/642/642 675/675/675 640/640/640
f 676/676/676 675/675/675 642/642/642
f 650/650/650 671/671/671 648/648/648
f 672/672/672 671/671/671 650/650/650
f 676/676/676 657/657/657 675/675/675
f 659/659/659 657/657/657 676/676/676
f 666/666/666 677/677/677 665/665/665
f 678/678/678 677/677/677 666/666/666
f 670/670/670 645/645/645 668/668/668
f 646/646/646 645/645/645 670/670/670
f 674/674/674 679/679/679 673/673/673
f 669/669/669 667/667/667 680/680/680
f 683/683/683 682/682/682 681/681/681
f 678/678/678 684/684/684 677/677/677
f 674/674/674 685/685/685 679/679/679
f 686/686/686 685/685/685 674/674/674
f 688/688/688 680/680/680 687/687/687
f 669/669/669 680/680/680 688/688/688
f 622/622/622 681/681/681 583/583/583
f 683/683/683 681/681/681 622/622/622
f 683/683/683 655/655/655 682/682/682
f 656/656/656 655/655/655 683/683/683
f 678/678/678 583/583/583 684/684/684
f 622/622/622 583/583/583 678/678/678
f 229/229/229 222/222/222 220/220/220
f 227/227/227 222/222/222 229/229/229
f 591/591/591 270/270/270 271/271/271
f 689/689/689 270/270/270 591/591/591
f 253/253/253 246/246/246 244/244/244
f 251/251/251 246/246/246 253/253/253
f 590/590/590 192/192/192 193/193/193
f 690/690/690 192/192/192 590/590/590
f 693/693/693 692/692/692 691/691/691
f 694/694/694 692/692/692 693/693/693
f 695/695/695 694/694/694 693/693/693
f 696/696/696 694/694/694 695/695/695
f 694/694/694 697/697/697 692/692/692
f 698/698/698 696/696/696 695/695/695
f 699/699/699 696/696/696 698/698/698
f 696/696/696 697/697/697 694/694/694
f 700/700/700 697/697/697 696/696/696
f 701/701/701 699/699/699 698/698/698
f 702/702/702 699/699/699 701/701/701
f 699/699/699 700/700/700 696/696/696
f 703/703/703 700/700/700 699/699/699
f 704/704/704 702/702/702 701/701/701
f 705/705/705 702/702/702 704/704/704
f 708/708/708 707/707/707 706/706/706
f 709/709/709 707/707/707 708/708/708
f 710/710/710 699/699/699 702/702/702
f 703/703/703 699/699/699 710/710/710
f 711/711/711 705/705/705 704/704/704
f 712/712/712 705/705/705 711/711/711
f 709/709/709 713/713/713 707/707/707
f 714/714/714 713/713/713 709/709/709
f 715/715/715 702/702/702 705/705/705
f 710/710/710 702/702/702 715/715/715
f 716/716/716 712/712/712 711/711/711
f 717/717/717 712/712/712 716/716/716
f 718/718/718 709/709/709 708/708/708
f 714/714/714 719/719/719 713/713/713
f 720/720/720 719/719/719 714/714/714
f 722/722/722 716/716/716 721/721/721
f 717/717/717 716/716/716 722/722/722
f 723/723/723 705/705/705 712/712/712
f 715/715/715 705/705/705 723/723/723
f 720/720/720 724/724/724 719/719/719
f 725/725/725 724/724/724 720/720/720
f 727/727/727 721/721/721 726/726/726
f 722/722/722 721/721/721 727/727/727
f 718/718/718 714/714/714 709/709/709
f 728/728/728 714/714/714 718/718/718
f 725/725/725 726/726/726 724/724/724
f 727/727/727 726/726/726 725/725/725
f 729/729/729 712/712/712 717/717/717
f 723/723/723 712/712/712 729/729/729
f 722/722/722 729/729/729 717/717/717
f 730/730/730 729/729/729 722/722/722
f 728/728/728 720/720/720 714/714/714
f 731/731/731 720/720/720 728/728/728
f 727/727/727 730/730/730 722/722/722
f 732/732/732 730/730/730 727/727/727
f 720/720/720 733/733/733 725/725/725
f 731/731/731 733/733/733 720/720/720
f 725/725/725 732/732/732 727/727/727
f 733/733/733 732/732/732 725/725/725
f 736/736/736 735/735/735 734/734/734
f 737/737/737 735/735/735 736/736/736
f 738/738/738 734/734/734 735/735/735
f 739/739/739 734/734/734 738/738/738
f 740/740/740 737/737/737 736/736/736
f 741/741/741 737/737/737 740/740/740
f 742/742/742 739/739/739 738/738/738
f 743/743/743 739/739/739 742/742/742
f 744/744/744 741/741/741 740/740/740
f 745/745/745 741/741/741 744/744/744
f 748/748/748 747/747/747 746/746/746
f 749/749/749 747/747/747 748/748/748
f 743/743/743 751/751/751 750/750/750
f 742/742/742 751/751/751 743/743/743
f 752/752/752 750/750/750 751/751/751
f 753/753/753 750/750/750 752/752/752
f 754/754/754 753/753/753 752/752/752
f 755/755/755 753/753/753 754/754/754
f 756/756/756 749/749/749 748/748/748
f 757/757/757 749/749/749 756/756/756
f 758/758/758 757/757/757 756/756/756
f 759/759/759 757/757/757 758/758/758
f 760/760/760 759/759/759 758/758/758
f 761/761/761 759/759/759 760/760/760
f 755/755/755 763/763/763 762/762/762
f 754/754/754 763/763/763 755/755/755
f 764/764/764 762/762/762 763/763/763
f 765/765/765 762/762/762 764/764/764
f 766/766/766 765/765/765 764/764/764
f 767/767/767 765/765/765 766/766/766
f 767/767/767 769/769/769 768/768/768
f 766/766/766 769/769/769 767/767/767
f 772/772/772 771/771/771 770/770/770
f 773/773/773 771/771/771 772/772/772
f 773/773/773 774/774/774 771/771/771
f 775/775/775 774/774/774 773/773/773
f 777/777/777 770/770/770 776/776/776
f 772/772/772 770/770/770 777/777/777
f 780/780/780 779/779/779 778/778/778
f 781/781/781 779/779/779 780/780/780
f 784/784/784 783/783/783 782/782/782
f 785/785/785 783/783/783 784/784/784
f 785/785/785 786/786/786 783/783/783
f 787/787/787 786/786/786 785/785/785
f 790/790/790 789/789/789 788/788/788
f 791/791/791 789/789/789 790/790/790
f 794/794/794 793/793/793 792/792/792
f 795/795/795 793/793/793 794/794/794
f 798/798/798 797/797/797 796/796/796
f 799/799/799 797/797/797 798/798/798
f 799/799/799 800/800/800 797/797/797
f 801/801/801 800/800/800 799/799/799
f 804/804/804 803/803/803 802/802/802
f 805/805/805 803/803/803 804/804/804
f 801/801/801 806/806/806 800/800/800
f 807/807/807 806/806/806 801/801/801
f 808/808/808 784/784/784 782/782/782
f 809/809/809 784/784/784 808/808/808
f 789/789/789 811/811/811 810/810/810
f 791/791/791 811/811/811 789/789/789
f 786/786/786 813/813/813 812/812/812
f 787/787/787 813/813/813 786/786/786
f 814/814/814 794/794/794 792/792/792
f 815/815/815 794/794/794 814/814/814
f 758/758/758 756/756/756 816/816/816
f 756/756/756 817/817/817 816/816/816
f 748/748/748 817/817/817 756/756/756
f 820/820/820 819/819/819 818/818/818
f 821/821/821 819/819/819 820/820/820
f 822/822/822 818/818/818 819/819/819
f 823/823/823 818/818/818 822/822/822
f 826/826/826 825/825/825 824/824/824
f 827/827/827 825/825/825 826/826/826
f 828/828/828 824/824/824 825/825/825
f 829/829/829 824/824/824 828/828/828
f 830/830/830 829/829/829 828/828/828
f 831/831/831 829/829/829 830/830/830
f 832/832/832 831/831/831 830/830/830
f 817/817/817 831/831/831 832/832/832
f 833/833/833 821/821/821 820/820/820
f 834/834/834 821/821/821 833/833/833
f 816/816/816 834/834/834 833/833/833
f 835/835/835 834/834/834 816/816/816
f 823/823/823 824/824/824 818/818/818
f 826/826/826 824/824/824 823/823/823
f 836/836/836 825/825/825 827/827/827
f 837/837/837 825/825/825 836/836/836
f 837/837/837 828/828/828 825/825/825
f 838/838/838 828/828/828 837/837/837
f 839/839/839 822/822/822 819/819/819
f 840/840/840 822/822/822 839/839/839
f 838/838/838 830/830/830 828/828/828
f 841/841/841 830/830/830 838/838/838
f 842/842/842 819/819/819 821/821/821
f 839/839/839 819/819/819 842/842/842
f 841/841/841 832/832/832 830/830/830
f 843/843/843 832/832/832 841/841/841
f 844/844/844 821/821/821 834/834/834
f 842/842/842 821/821/821 844/844/844
f 845/845/845 834/834/834 835/835/835
f 844/844/844 834/834/834 845/845/845
f 743/743/743 829/829/829 739/739/739
f 824/824/824 829/829/829 743/743/743
f 739/739/739 829/829/829 846/846/846
f 755/755/755 847/847/847 820/820/820
f 833/833/833 758/758/758 816/816/816
f 848/848/848 758/758/758 833/833/833
f 850/850/850 831/831/831 849/849/849
f 851/851/851 831/831/831 850/850/850
f 829/829/829 831/831/831 851/851/851
f 852/852/852 848/848/848 833/833/833
f 847/847/847 853/853/853 820/820/820
f 820/820/820 852/852/852 833/833/833
f 853/853/853 852/852/852 820/820/820
f 846/846/846 829/829/829 851/851/851
f 748/748/748 831/831/831 817/817/817
f 849/849/849 831/831/831 748/748/748
f 750/750/750 824/824/824 743/743/743
f 818/818/818 824/824/824 750/750/750
f 755/755/755 818/818/818 753/753/753
f 820/820/820 818/818/818 755/755/755
f 753/753/753 818/818/818 750/750/750
f 856/856/856 855/855/855 854/854/854
f 857/857/857 855/855/855 856/856/856
f 858/858/858 857/857/857 856/856/856
f 859/859/859 857/857/857 858/858/858
f 860/860/860 859/859/859 858/858/858
f 861/861/861 859/859/859 860/860/860
f 862/862/862 861/861/861 860/860/860
f 863/863/863 861/861/861 862/862/862
f 864/864/864 863/863/863 862/862/862
f 865/865/865 863/863/863 864/864/864
f 866/866/866 865/865/865 864/864/864
f 867/867/867 865/865/865 866/866/866
f 870/870/870 869/869/869 868/868/868
f 871/871/871 869/869/869 870/870/870
f 872/872/872 871/871/871 870/870/870
f 873/873/873 871/871/871 872/872/872
f 874/874/874 867/867/867 866/866/866
f 875/875/875 867/867/867 874/874/874
f 876/876/876 873/873/873 872/872/872
f 877/877/877 873/873/873 876/876/876
f 878/878/878 875/875/875 874/874/874
f 879/879/879 875/875/875 878/878/878
f 880/880/880 877/877/877 876/876/876
f 881/881/881 877/877/877 880/880/880
f 882/882/882 879/879/879 878/878/878
f 883/883/883 879/879/879 882/882/882
f 883/883/883 881/881/881 880/880/880
f 882/882/882 881/881/881 883/883/883
f 857/857/857 691/691/691 855/855/855
f 693/693/693 691/691/691 857/857/857
f 859/859/859 693/693/693 857/857/857
f 695/695/695 693/693/693 859/859/859
f 861/861/861 695/695/695 859/859/859
f 698/698/698 695/695/695 861/861/861
f 863/863/863 698/698/698 861/861/861
f 701/701/701 698/698/698 863/863/863
f 865/865/865 701/701/701 863/863/863
f 704/704/704 701/701/701 865/865/865
f 706/706/706 870/870/870 868/868/868
f 707/707/707 870/870/870 706/706/706
f 867/867/867 704/704/704 865/865/865
f 711/711/711 704/704/704 867/867/867
f 707/707/707 872/872/872 870/870/870
f 713/713/713 872/872/872 707/707/707
f 875/875/875 711/711/711 867/867/867
f 716/716/716 711/711/711 875/875/875
f 713/713/713 876/876/876 872/872/872
f 719/719/719 876/876/876 713/713/713
f 721/721/721 875/875/875 879/879/879
f 716/716/716 875/875/875 721/721/721
f 719/719/719 880/880/880 876/876/876
f 724/724/724 880/880/880 719/719/719
f 726/726/726 879/879/879 883/883/883
f 721/721/721 879/879/879 726/726/726
f 724/724/724 883/883/883 880/880/880
f 726/726/726 883/883/883 724/724/724
f 884/884/884 856/856/856 854/854/854
f 885/885/885 856/856/856 884/884/884
f 885/885/885 858/858/858 856/856/856
f 886/886/886 858/858/858 885/885/885
f 886/886/886 860/860/860 858/858/858
f 887/887/887 860/860/860 886/886/886
f 887/887/887 862/862/862 860/860/860
f 888/888/888 862/862/862 887/887/887
f 888/888/888 864/864/864 862/862/862
f 889/889/889 864/864/864 888/888/888
f 889/889/889 866/866/866 864/864/864
f 890/890/890 866/866/866 889/889/889
f 874/874/874 866/866/866 890/890/890
f 893/893/893 892/892/892 891/891/891
f 894/894/894 892/892/892 893/893/893
f 896/896/896 891/891/891 895/895/895
f 893/893/893 891/891/891 896/896/896
f 898/898/898 895/895/895 897/897/897
f 896/896/896 895/895/895 898/898/898
f 900/900/900 897/897/897 899/899/899
f 898/898/898 897/897/897 900/900/900
f 902/902/902 899/899/899 901/901/901
f 900/900/900 899/899/899 902/902/902
f 904/904/904 901/901/901 903/903/903
f 902/902/902 901/901/901 904/904/904
f 906/906/906 903/903/903 905/905/905
f 904/904/904 903/903/903 906/906/906
f 908/908/908 905/905/905 907/907/907
f 906/906/906 905/905/905 908/908/908
f 910/910/910 907/907/907 909/909/909
f 908/908/908 907/907/907 910/910/910
f 912/912/912 909/909/909 911/911/911
f 910/910/910 909/909/909 912/912/912
f 915/915/915 914/914/914 913/913/913
f 916/916/916 914/914/914 915/915/915
f 894/894/894 913/913/913 892/892/892
f 915/915/915 913/913/913 894/894/894
f 919/919/919 918/918/918 917/917/917
f 920/920/920 918/918/918 919/919/919
f 922/922/922 917/917/917 921/921/921
f 919/919/919 917/917/917 922/922/922
f 924/924/924 921/921/921 923/923/923
f 922/922/922 921/921/921 924/924/924
f 926/926/926 923/923/923 925/925/925
f 924/924/924 923/923/923 926/926/926
f 928/928/928 925/925/925 927/927/927
f 926/926/926 925/925/925 928/928/928
f 930/930/930 927/927/927 929/929/929
f 928/928/928 927/927/927 930/930/930
f 932/932/932 929/929/929 931/931/931
f 930/930/930 929/929/929 932/932/932
f 934/934/934 931/931/931 933/933/933
f 932/932/932 931/931/931 934/934/934
f 936/936/936 933/933/933 935/935/935
f 934/934/934 933/933/933 936/936/936
f 938/938/938 935/935/935 937/937/937
f 936/936/936 935/935/935 938/938/938
f 940/940/940 937/937/937 939/939/939
f 938/938/938 937/937/937 940/940/940
f 942/942/942 939/939/939 941/941/941
f 940/940/940 939/939/939 942/942/942
f 944/944/944 941/941/941 943/943/943
f 942/942/942 941/941/941 944/944/944
f 946/946/946 943/943/943 945/945/945
f 944/944/944 943/943/943 946/946/946
f 948/948/948 945/945/945 947/947/947
f 946/946/946 945/945/945 948/948/948
f 950/950/950 947/947/947 949/949/949
f 948/948/948 947/947/947 950/950/950
f 952/952/952 949/949/949 951/951/951
f 950/950/950 949/949/949 952/952/952
f 954/954/954 951/951/951 953/953/953
f 952/952/952 951/951/951 954/954/954
f 956/956/956 953/953/953 955/955/955
f 954/954/954 953/953/953 956/956/956
f 958/958/958 955/955/955 957/957/957
f 956/956/956 955/955/955 958/958/958
f 960/960/960 957/957/957 959/959/959
f 958/958/958 957/957/957 960/960/960
f 962/962/962 959/959/959 961/961/961
f 960/960/960 959/959/959 962/962/962
f 964/964/964 961/961/961 963/963/963
f 962/962/962 961/961/961 964/964/964
f 966/966/966 963/963/963 965/965/965
f 964/964/964 963/963/963 966/966/966
f 968/968/968 965/965/965 967/967/967
f 966/966/966 965/965/965 968/968/968
f 970/970/970 967/967/967 969/969/969
f 968/968/968 967/967/967 970/970/970
f 972/972/972 969/969/969 971/971/971
f 970/970/970 969/969/969 972/972/972
f 974/974/974 971/971/971 973/973/973
f 972/972/972 971/971/971 974/974/974
f 976/976/976 973/973/973 975/975/975
f 974/974/974 973/973/973 976/976/976
f 978/978/978 975/975/975 977/977/977
f 976/976/976 975/975/975 978/978/978
f 980/980/980 977/977/977 979/979/979
f 978/978/978 977/977/977 980/980/980
f 982/982/982 979/979/979 981/981/981
f 980/980/980 979/979/979 982/982/982
f 984/984/984 981/981/981 983/983/983
f 982/982/982 981/981/981 984/984/984
f 986/986/986 983/983/983 985/985/985
f 984/984/984 983/983/983 986/986/986
f 988/988/988 985/985/985 987/987/987
f 986/986/986 985/985/985 988/988/988
f 990/990/990 987/987/987 989/989/989
f 988/988/988 987/987/987 990/990/990
f 992/992/992 989/989/989 991/991/991
f 990/990/990 989/989/989 992/992/992
f 994/994/994 991/991/991 993/993/993
f 992/992/992 991/991/991 994/994/994
f 996/996/996 993/993/993 995/995/995
f 994/994/994 993/993/993 996/996/996
f 920/920/920 995/995/995 918/918/918
f 996/996/996 995/995/995 920/920/920
f 999/999/999 998/998/998 997/997/997
f 1000/1000/1000 998/998/998 999/999/999
f 1002/1002/1002 997/997/997 1001/1001/1001
f 999/999/999 997/997/997 1002/1002/1002
f 1004/1004/1004 1001/1001/1001 1003/1003/1003
f 1002/1002/1002 1001/1001/1001 1004/1004/1004
f 1006/1006/1006 1003/1003/1003 1005/1005/1005
f 1004/1004/1004 1003/1003/1003 1006/1006/1006
f 1008/1008/1008 1005/1005/1005 1007/1007/1007
f 1006/1006/1006 1005/1005/1005 1008/1008/1008
f 1010/1010/1010 1007/1007/1007 1009/1009/1009
f 1008/1008/1008 1007/1007/1007 1010/1010/1010
f 1012/1012/1012 1009/1009/1009 1011/1011/1011
f 1010/1010/1010 1009/1009/1009 1012/1012/1012
f 1014/1014/1014 1011/1011/1011 1013/1013/1013
f 1012/1012/1012 1011/1011/1011 1014/1014/1014
f 1016/1016/1016 1013/1013/1013 1015/1015/1015
f 1014/1014/1014 1013/1013/1013 1016/1016/1016
f 1018/1018/1018 1015/1015/1015 1017/1017/1017
f 1016/1016/1016 1015/1015/1015 1018/1018/1018
f 1020/1020/1020 1017/1017/1017 1019/1019/1019
f 1018/1018/1018 1017/1017/1017 1020/1020/1020
f 1022/1022/1022 1019/1019/1019 1021/1021/1021
f 1020/1020/1020 1019/1019/1019 1022/1022/1022
f 1024/1024/1024 1021/1021/1021 1023/1023/1023
f 1022/1022/1022 1021/1021/1021 1024/1024/1024
f 1026/1026/1026 1023/1023/1023 1025/1025/1025
f 1024/1024/1024 1023/1023/1023 1026/1026/1026
f 1028/1028/1028 1025/1025/1025 1027/1027/1027
f 1026/1026/1026 1025/1025/1025 1028/1028/1028
f 1030/1030/1030 1027/1027/1027 1029/1029/1029
f 1028/1028/1028 1027/1027/1027 1030/1030/1030
f 1032/1032/1032 1029/1029/1029 1031/1031/1031
f 1030/1030/1030 1029/1029/1029 1032/1032/1032
f 1034/1034/1034 1031/1031/1031 1033/1033/1033
f 1032/1032/1032 1031/1031/1031 1034/1034/1034
f 1036/1036/1036 1033/1033/1033 1035/1035/1035
f 1034/1034/1034 1033/1033/1033 1036/1036/1036
f 1038/1038/1038 1035/1035/1035 1037/1037/1037
f 1036/1036/1036 1035/1035/1035 1038/1038/1038
f 1041/1041/1041 1040/1040/1040 1039/1039/1039
f 1042/1042/1042 1040/1040/1040 1041/1041/1041
f 1044/1044/1044 1039/1039/1039 1043/1043/1043
f 1041/1041/1041 1039/1039/1039 1044/1044/1044
f 1046/1046/1046 1043/1043/1043 1045/1045/1045
f 1044/1044/1044 1043/1043/1043 1046/1046/1046
f 1048/1048/1048 1045/1045/1045 1047/1047/1047
f 1046/1046/1046 1045/1045/1045 1048/1048/1048
f 1050/1050/1050 1047/1047/1047 1049/1049/1049
f 1048/1048/1048 1047/1047/1047 1050/1050/1050
f 1052/1052/1052 1049/1049/1049 1051/1051/1051
f 1050/1050/1050 1049/1049/1049 1052/1052/1052
f 1054/1054/1054 1051/1051/1051 1053/1053/1053
f 1052/1052/1052 1051/1051/1051 1054/1054/1054
f 1056/1056/1056 1053/1053/1053 1055/1055/1055
f 1054/1054/1054 1053/1053/1053 1056/1056/1056
f 1058/1058/1058 1055/1055/1055 1057/1057/1057
f 1056/1056/1056 1055/1055/1055 1058/1058/1058
f 1060/1060/1060 1057/1057/1057 1059/1059/1059
f 1058/1058/1058 1057/1057/1057 1060/1060/1060
f 1062/1062/1062 1059/1059/1059 1061/1061/1061
f 1060/1060/1060 1059/1059/1059 1062/1062/1062
f 1064/1064/1064 1061/1061/1061 1063/1063/1063
f 1062/1062/1062 1061/1061/1061 1064/1064/1064
f 1066/1066/1066 1063/1063/1063 1065/1065/1065
f 1064/1064/1064 1063/1063/1063 1066/1066/1066
f 1068/1068/1068 1065/1065/1065 1067/1067/1067
f 1066/1066/1066 1065/1065/1065 1068/1068/1068
f 1070/1070/1070 1067/1067/1067 1069/1069/1069
f 1068/1068/1068 1067/1067/1067 1070/1070/1070
f 1072/1072/1072 1069/1069/1069 1071/1071/1071
f 1070/1070/1070 1069/1069/1069 1072/1072/1072
f 1074/1074/1074 1071/1071/1071 1073/1073/1073
f 1072/1072/1072 1071/1071/1071 1074/1074/1074
f 1076/1076/1076 1073/1073/1073 1075/1075/1075
f 1074/1074/1074 1073/1073/1073 1076/1076/1076
f 1078/1078/1078 1075/1075/1075 1077/1077/1077
f 1076/1076/1076 1075/1075/1075 1078/1078/1078
f 1000/1000/1000 1077/1077/1077 998/998/998
f 1078/1078/1078 1077/1077/1077 1000/1000/1000
f 1080/1080/1080 920/920/920 1079/1079/1079
f 996/996/996 920/920/920 1080/1080/1080
f 1083/1083/1083 1082/1082/1082 1081/1081/1081
f 1080/1080/1080 1082/1082/1082 1083/1083/1083
f 1084/1084/1084 1081/1081/1081 1082/1082/1082
f 1085/1085/1085 1081/1081/1081 1084/1084/1084
f 919/919/919 1079/1079/1079 920/920/920
f 1086/1086/1086 1079/1079/1079 919/919/919
f 1087/1087/1087 1085/1085/1085 1084/1084/1084
f 1088/1088/1088 1085/1085/1085 1087/1087/1087
f 922/922/922 1086/1086/1086 919/919/919
f 1089/1089/1089 1086/1086/1086 922/922/922
f 1090/1090/1090 1088/1088/1088 1087/1087/1087
f 1091/1091/1091 1088/1088/1088 1090/1090/1090
f 924/924/924 1089/1089/1089 922/922/922
f 1092/1092/1092 1089/1089/1089 924/924/924
f 1093/1093/1093 1091/1091/1091 1090/1090/1090
f 1094/1094/1094 1091/1091/1091 1093/1093/1093
f 926/926/926 1092/1092/1092 924/924/924
f 1095/1095/1095 1092/1092/1092 926/926/926
f 1096/1096/1096 1094/1094/1094 1093/1093/1093
f 1097/1097/1097 1094/1094/1094 1096/1096/1096
f 928/928/928 1095/1095/1095 926/926/926
f 1098/1098/1098 1095/1095/1095 928/928/928
f 1099/1099/1099 1097/1097/1097 1096/1096/1096
f 1100/1100/1100 1097/1097/1097 1099/1099/1099
f 930/930/930 1098/1098/1098 928/928/928
f 1101/1101/1101 1098/1098/1098 930/930/930
f 1102/1102/1102 1100/1100/1100 1099/1099/1099
f 1103/1103/1103 1100/1100/1100 1102/1102/1102
f 932/932/932 1101/1101/1101 930/930/930
f 1104/1104/1104 1101/1101/1101 932/932/932
f 1105/1105/1105 1103/1103/1103 1102/1102/1102
f 1106/1106/1106 1103/1103/1103 1105/1105/1105
f 934/934/934 1104/1104/1104 932/932/932
f 1107/1107/1107 1104/1104/1104 934/934/934
f 1108/1108/1108 1106/1106/1106 1105/1105/1105
f 1109/1109/1109 1106/1106/1106 1108/1108/1108
f 936/936/936 1107/1107/1107 934/934/934
f 1110/1110/1110 1107/1107/1107 936/936/936
f 1111/1111/1111 1109/1109/1109 1108/1108/1108
f 1112/1112/1112 1109/1109/1109 1111/1111/1111
f 938/938/938 1110/1110/1110 936/936/936
f 1113/1113/1113 1110/1110/1110 938/938/938
f 1114/1114/1114 1112/1112/1112 1111/1111/1111
f 1115/1115/1115 1112/1112/1112 1114/1114/1114
f 940/940/940 1113/1113/1113 938/938/938
f 1116/1116/1116 1113/1113/1113 940/940/940
f 1117/1117/1117 1115/1115/1115 1114/1114/1114
f 1118/1118/1118 1115/1115/1115 1117/1117/1117
f 942/942/942 1116/1116/1116 940/940/940
f 1119/1119/1119 1116/1116/1116 942/942/942
f 1120/1120/1120 1118/1118/1118 1117/1117/1117
f 1121/1121/1121 1118/1118/1118 1120/1120/1120
f 944/944/944 1119/1119/1119 942/942/942
f 1122/1122/1122 1119/1119/1119 944/944/944
f 1123/1123/1123 1121/1121/1121 1120/1120/1120
f 1124/1124/1124 1121/1121/1121 1123/1123/1123
f 946/946/946 1122/1122/1122 944/944/944
f 1125/1125/1125 1122/1122/1122 946/946/946
f 1126/1126/1126 1124/1124/1124 1123/1123/1123
f 1127/1127/1127 1124/1124/1124 1126/1126/1126
f 948/948/948 1125/1125/1125 946/946/946
f 1128/1128/1128 1125/1125/1125 948/948/948
f 1129/1129/1129 1127/1127/1127 1126/1126/1126
f 1130/1130/1130 1127/1127/1127 1129/1129/1129
f 950/950/950 1128/1128/1128 948/948/948
f 1131/1131/1131 1128/1128/1128 950/950/950
f 1132/1132/1132 1130/1130/1130 1129/1129/1129
f 1133/1133/1133 1130/1130/1130 1132/1132/1132
f 952/952/952 1131/1131/1131 950/950/950
f 1134/1134/1134 1131/1131/1131 952/952/952
f 1135/1135/1135 1133/1133/1133 1132/1132/1132
f 1136/1136/1136 1133/1133/1133 1135/1135/1135
f 954/954/954 1134/1134/1134 952/952/952
f 1137/1137/1137 1134/1134/1134 954/954/954
f 1138/1138/1138 1136/1136/1136 1135/1135/1135
f 1139/1139/1139 1136/1136/1136 1138/1138/1138
f 956/956/956 1137/1137/1137 954/954/954
f 1138/1138/1138 1137/1137/1137 956/956/956
f 1140/1140/1140 1139/1139/1139 1138/1138/1138
f 1141/1141/1141 1139/1139/1139 1140/1140/1140
f 958/958/958 1138/1138/1138 956/956/956
f 1142/1142/1142 1138/1138/1138 958/958/958
f 1143/1143/1143 1141/1141/1141 1140/1140/1140
f 1144/1144/1144 1141/1141/1141 1143/1143/1143
f 960/960/960 1142/1142/1142 958/958/958
f 1145/1145/1145 1142/1142/1142 960/960/960
f 1146/1146/1146 1144/1144/1144 1143/1143/1143
f 1147/1147/1147 1144/1144/1144 1146/1146/1146
f 962/962/962 1145/1145/1145 960/960/960
f 1148/1148/1148 1145/1145/1145 962/962/962
f 1149/1149/1149 1147/1147/1147 1146/1146/1146
f 1150/1150/1150 1147/1147/1147 1149/1149/1149
f 964/964/964 1148/1148/1148 962/962/962
f 1151/1151/1151 1148/1148/1148 964/964/964
f 1152/1152/1152 1150/1150/1150 1149/1149/1149
f 1153/1153/1153 1150/1150/1150 1152/1152/1152
f 966/966/966 1151/1151/1151 964/964/964
f 1154/1154/1154 1151/1151/1151 966/966/966
f 1155/1155/1155 1153/1153/1153 1152/1152/1152
f 1156/1156/1156 1153/1153/1153 1155/1155/1155
f 968/968/968 1154/1154/1154 966/966/966
f 1157/1157/1157 1154/1154/1154 968/968/968
f 1158/1158/1158 1156/1156/1156 1155/1155/1155
f 1159/1159/1159 1156/1156/1156 1158/1158/1158
f 970/970/970 1157/1157/1157 968/968/968
f 1160/1160/1160 1157/1157/1157 970/970/970
f 1161/1161/1161 1159/1159/1159 1158/1158/1158
f 1162/1162/1162 1159/1159/1159 1161/1161/1161
f 972/972/972 1160/1160/1160 970/970/970
f 1163/1163/1163 1160/1160/1160 972/972/972
f 1164/1164/1164 1162/1162/1162 1161/1161/1161
f 1165/1165/1165 1162/1162/1162 1164/1164/1164
f 974/974/974 1163/1163/1163 972/972/972
f 1166/1166/1166 1163/1163/1163 974/974/974
f 1167/1167/1167 1165/1165/1165 1164/1164/1164
f 1168/1168/1168 1165/1165/1165 1167/1167/1167
f 976/976/976 1166/1166/1166 974/974/974
f 1169/1169/1169 1166/1166/1166 976/976/976
f 1170/1170/1170 1168/1168/1168 1167/1167/1167
f 1171/1171/1171 1168/1168/1168 1170/1170/1170
f 978/978/978 1169/1169/1169 976/976/976
f 1172/1172/1172 1169/1169/1169 978/978/978
f 1173/1173/1173 1171/1171/1171 1170/1170/1170
f 1174/1174/1174 1171/1171/1171 1173/1173/1173
f 980/980/980 1172/1172/1172 978/978/978
f 1175/1175/1175 1172/1172/1172 980/980/980
f 1176/1176/1176 1174/1174/1174 1173/1173/1173
f 1177/1177/1177 1174/1174/1174 1176/1176/1176
f 982/982/982 1175/1175/1175 980/980/980
f 1178/1178/1178 1175/1175/1175 982/982/982
f 1179/1179/1179 1177/1177/1177 1176/1176/1176
f 1180/1180/1180 1177/1177/1177 1179/1179/1179
f 984/984/984 1178/1178/1178 982/982/982
f 1181/1181/1181 1178/1178/1178 984/984/984
f 1182/1182/1182 1180/1180/1180 1179/1179/1179
f 1183/1183/1183 1180/1180/1180 1182/1182/1182
f 986/986/986 1181/1181/1181 984/984/984
f 1184/1184/1184 1181/1181/1181 986/986/986
f 1185/1185/1185 1183/1183/1183 1182/1182/1182
f 1186/1186/1186 1183/1183/1183 1185/1185/1185
f 988/988/988 1184/1184/1184 986/986/986
f 1187/1187/1187 1184/1184/1184 988/988/988
f 1188/1188/1188 1186/1186/1186 1185/1185/1185
f 1189/1189/1189 1186/1186/1186 1188/1188/1188
f 990/990/990 1187/1187/1187 988/988/988
f 1190/1190/1190 1187/1187/1187 990/990/990
f 1191/1191/1191 1189/1189/1189 1188/1188/1188
f 1192/1192/1192 1189/1189/1189 1191/1191/1191
f 992/992/992 1190/1190/1190 990/990/990
f 1193/1193/1193 1190/1190/1190 992/992/992
f 1194/1194/1194 1192/1192/1192 1191/1191/1191
f 1195/1195/1195 1192/1192/1192 1194/1194/1194
f 994/994/994 1193/1193/1193 992/992/992
f 1196/1196/1196 1193/1193/1193 994/994/994
f 1080/1080/1080 1195/1195/1195 1194/1194/1194
f 1083/1083/1083 1195/1195/1195 1080/1080/1080
f 996/996/996 1196/1196/1196 994/994/994
f 1080/1080/1080 1196/1196/1196 996/996/996
f 1199/1199/1199 1198/1198/1198 1197/1197/1197
f 1200/1200/1200 1198/1198/1198 1199/1199/1199
f 1201/1201/1201 1200/1200/1200 1199/1199/1199
f 1202/1202/1202 1200/1200/1200 1201/1201/1201
f 1203/1203/1203 1202/1202/1202 1201/1201/1201
f 1204/1204/1204 1202/1202/1202 1203/1203/1203
f 1205/1205/1205 1204/1204/1204 1203/1203/1203
f 1206/1206/1206 1204/1204/1204 1205/1205/1205
f 1207/1207/1207 1206/1206/1206 1205/1205/1205
f 1208/1208/1208 1206/1206/1206 1207/1207/1207
f 1209/1209/1209 1208/1208/1208 1207/1207/1207
f 1210/1210/1210 1208/1208/1208 1209/1209/1209
f 1211/1211/1211 1210/1210/1210 1209/1209/1209
f 1212/1212/1212 1210/1210/1210 1211/1211/1211
f 1213/1213/1213 1212/1212/1212 1211/1211/1211
f 1214/1214/1214 1212/1212/1212 1213/1213/1213
f 1215/1215/1215 1214/1214/1214 1213/1213/1213
f 1216/1216/1216 1214/1214/1214 1215/1215/1215
f 1217/1217/1217 1216/1216/1216 1215/1215/1215
f 1218/1218/1218 1216/1216/1216 1217/1217/1217
f 1221/1221/1221 1220/1220/1220 1219/1219/1219
f 1222/1222/1222 1220/1220/1220 1221/1221/1221
f 1197/1197/1197 1222/1222/1222 1221/1221/1221
f 1198/1198/1198 1222/1222/1222 1197/1197/1197
f 1225/1225/1225 1224/1224/1224 1223/1223/1223
f 690/690/690 1224/1224/1224 1225/1225/1225
f 590/590/590 1224/1224/1224 690/690/690
f 1223/1223/1223 1227/1227/1227 1226/1226/1226
f 1228/1228/1228 1227/1227/1227 1223/1223/1223
f 1228/1228/1228 1229/1229/1229 1227/1227/1227
f 1230/1230/1230 1229/1229/1229 1228/1228/1228
f 1230/1230/1230 1231/1231/1231 1229/1229/1229
f 1232/1232/1232 1231/1231/1231 1230/1230/1230
f 1234/1234/1234 1232/1232/1232 1233/1233/1233
f 1231/1231/1231 1232/1232/1232 1234/1234/1234
f 1225/1225/1225 1223/1223/1223 1226/1226/1226
f 1237/1237/1237 1236/1236/1236 1235/1235/1235
f 1238/1238/1238 1236/1236/1236 1237/1237/1237
f 1241/1241/1241 1240/1240/1240 1239/1239/1239
f 1242/1242/1242 1240/1240/1240 1241/1241/1241
f 1239/1239/1239 1244/1244/1244 1243/1243/1243
f 1240/1240/1240 1244/1244/1244 1239/1239/1239
f 1243/1243/1243 1246/1246/1246 1245/1245/1245
f 1244/1244/1244 1246/1246/1246 1243/1243/1243
f 1246/1246/1246 1247/1247/1247 1245/1245/1245
f 1248/1248/1248 1247/1247/1247 1246/1246/1246
f 1251/1251/1251 1250/1250/1250 1249/1249/1249
f 1252/1252/1252 1250/1250/1250 1251/1251/1251
f 1255/1255/1255 1254/1254/1254 1253/1253/1253
f 1256/1256/1256 1254/1254/1254 1255/1255/1255
f 1253/1253/1253 1258/1258/1258 1257/1257/1257
f 1254/1254/1254 1258/1258/1258 1253/1253/1253
f 1257/1257/1257 1260/1260/1260 1259/1259/1259
f 1258/1258/1258 1260/1260/1260 1257/1257/1257
f 1260/1260/1260 1233/1233/1233 1259/1259/1259
f 1234/1234/1234 1233/1233/1233 1260/1260/1260
f 1263/1263/1263 1262/1262/1262 1261/1261/1261
f 1264/1264/1264 1262/1262/1262 1263/1263/1263
f 1267/1267/1267 1266/1266/1266 1265/1265/1265
f 1268/1268/1268 1266/1266/1266 1267/1267/1267
f 1268/1268/1268 1269/1269/1269 1266/1266/1266
f 1270/1270/1270 1269/1269/1269 1268/1268/1268
f 1270/1270/1270 1271/1271/1271 1269/1269/1269
f 1272/1272/1272 1271/1271/1271 1270/1270/1270
f 1248/1248/1248 1272/1272/1272 1247/1247/1247
f 1271/1271/1271 1272/1272/1272 1248/1248/1248
f 590/590/590 1273/1273/1273 1224/1224/1224
f 514/514/514 1273/1273/1273 590/590/590
f 1274/1274/1274 1273/1273/1273 514/514/514
f 1277/1277/1277 1276/1276/1276 1275/1275/1275
f 1278/1278/1278 1276/1276/1276 1277/1277/1277
f 1276/1276/1276 1279/1279/1279 1275/1275/1275
f 1280/1280/1280 1279/1279/1279 1276/1276/1276
f 1280/1280/1280 1281/1281/1281 1279/1279/1279
f 1282/1282/1282 1281/1281/1281 1280/1280/1280
f 1282/1282/1282 1283/1283/1283 1281/1281/1281
f 1284/1284/1284 1283/1283/1283 1282/1282/1282
f 1287/1287/1287 1286/1286/1286 1285/1285/1285
f 1288/1288/1288 1286/1286/1286 1287/1287/1287
f 1290/1290/1290 1288/1288/1288 1289/1289/1289
f 1286/1286/1286 1288/1288/1288 1290/1290/1290
f 1292/1292/1292 1289/1289/1289 1291/1291/1291
f 1290/1290/1290 1289/1289/1289 1292/1292/1292
f 1294/1294/1294 1291/1291/1291 1293/1293/1293
f 1292/1292/1292 1291/1291/1291 1294/1294/1294
f 1293/1293/1293 1238/1238/1238 1294/1294/1294
f 1236/1236/1236 1238/1238/1238 1293/1293/1293
f 1297/1297/1297 1296/1296/1296 1295/1295/1295
f 1298/1298/1298 1296/1296/1296 1297/1297/1297
f 1300/1300/1300 1298/1298/1298 1299/1299/1299
f 1296/1296/1296 1298/1298/1298 1300/1300/1300
f 1302/1302/1302 1299/1299/1299 1301/1301/1301
f 1300/1300/1300 1299/1299/1299 1302/1302/1302
f 1304/1304/1304 1301/1301/1301 1303/1303/1303
f 1302/1302/1302 1301/1301/1301 1304/1304/1304
f 1303/1303/1303 1252/1252/1252 1304/1304/1304
f 1250/1250/1250 1252/1252/1252 1303/1303/1303
f 1305/1305/1305 1262/1262/1262 1264/1264/1264
f 1306/1306/1306 1262/1262/1262 1305/1305/1305
f 1297/1297/1297 1308/1308/1308 1307/1307/1307
f 1295/1295/1295 1308/1308/1308 1297/1297/1297
f 1308/1308/1308 1309/1309/1309 1307/1307/1307
f 1310/1310/1310 1309/1309/1309 1308/1308/1308
f 1310/1310/1310 1311/1311/1311 1309/1309/1309
f 1312/1312/1312 1311/1311/1311 1310/1310/1310
f 1312/1312/1312 1305/1305/1305 1311/1311/1311
f 1306/1306/1306 1305/1305/1305 1312/1312/1312
f 1315/1315/1315 1314/1314/1314 1313/1313/1313
f 1316/1316/1316 1314/1314/1314 1315/1315/1315
f 1313/1313/1313 1318/1318/1318 1317/1317/1317
f 1314/1314/1314 1318/1318/1318 1313/1313/1313
f 1317/1317/1317 557/557/557 1319/1319/1319
f 1318/1318/1318 557/557/557 1317/1317/1317
f 557/557/557 1320/1320/1320 1319/1319/1319
f 555/555/555 1320/1320/1320 557/557/557
f 555/555/555 1321/1321/1321 1320/1320/1320
f 552/552/552 1321/1321/1321 555/555/555
f 1323/1323/1323 552/552/552 1322/1322/1322
f 1321/1321/1321 552/552/552 1323/1323/1323
f 1325/1325/1325 1322/1322/1322 1324/1324/1324
f 1323/1323/1323 1322/1322/1322 1325/1325/1325
f 1327/1327/1327 1324/1324/1324 1326/1326/1326
f 1325/1325/1325 1324/1324/1324 1327/1327/1327
f 1330/1330/1330 1329/1329/1329 1328/1328/1328
f 1331/1331/1331 1329/1329/1329 1330/1330/1330
f 1331/1331/1331 1332/1332/1332 1329/1329/1329
f 1333/1333/1333 1332/1332/1332 1331/1331/1331
f 1333/1333/1333 1334/1334/1334 1332/1332/1332
f 1335/1335/1335 1334/1334/1334 1333/1333/1333
f 1334/1334/1334 1337/1337/1337 1336/1336/1336
f 1335/1335/1335 1337/1337/1337 1334/1334/1334
f 1339/1339/1339 1337/1337/1337 1338/1338/1338
f 1336/1336/1336 1337/1337/1337 1339/1339/1339
f 1338/1338/1338 1340/1340/1340 1339/1339/1339
f 1341/1341/1341 1340/1340/1340 1338/1338/1338
f 1341/1341/1341 1342/1342/1342 1340/1340/1340
f 1343/1343/1343 1342/1342/1342 1341/1341/1341
f 1343/1343/1343 1249/1249/1249 1342/1342/1342
f 1251/1251/1251 1249/1249/1249 1343/1343/1343
f 1261/1261/1261 1344/1344/1344 1263/1263/1263
f 1345/1345/1345 1344/1344/1344 1261/1261/1261
f 1345/1345/1345 1346/1346/1346 1344/1344/1344
f 1347/1347/1347 1346/1346/1346 1345/1345/1345
f 1347/1347/1347 1348/1348/1348 1346/1346/1346
f 1349/1349/1349 1348/1348/1348 1347/1347/1347
f 1348/1348/1348 1351/1351/1351 1350/1350/1350
f 1349/1349/1349 1351/1351/1351 1348/1348/1348
f 1353/1353/1353 1351/1351/1351 1352/1352/1352
f 1350/1350/1350 1351/1351/1351 1353/1353/1353
f 1352/1352/1352 1354/1354/1354 1353/1353/1353
f 1355/1355/1355 1354/1354/1354 1352/1352/1352
f 1355/1355/1355 1356/1356/1356 1354/1354/1354
f 1357/1357/1357 1356/1356/1356 1355/1355/1355
f 1357/1357/1357 1235/1235/1235 1356/1356/1356
f 1237/1237/1237 1235/1235/1235 1357/1357/1357
f 1358/1358/1358 1267/1267/1267 1265/1265/1265
f 1358/1358/1358 1359/1359/1359 1267/1267/1267
f 689/689/689 1359/1359/1359 1358/1358/1358
f 591/591/591 1359/1359/1359 689/689/689
f 591/591/591 1315/1315/1315 1359/1359/1359
f 563/563/563 1315/1315/1315 591/591/591
f 1316/1316/1316 1315/1315/1315 563/563/563
f 1273/1273/1273 1361/1361/1361 1360/1360/1360
f 1274/1274/1274 1361/1361/1361 1273/1273/1273
f 1360/1360/1360 1363/1363/1363 1362/1362/1362
f 1361/1361/1361 1363/1363/1363 1360/1360/1360
f 1362/1362/1362 519/519/519 1364/1364/1364
f 1363/1363/1363 519/519/519 1362/1362/1362
f 519/519/519 1365/1365/1365 1364/1364/1364
f 524/524/524 1365/1365/1365 519/519/519
f 526/526/526 1367/1367/1367 1366/1366/1366
f 528/528/528 1367/1367/1367 526/526/526
f 1369/1369/1369 528/528/528 1368/1368/1368
f 1367/1367/1367 528/528/528 1369/1369/1369
f 1371/1371/1371 1368/1368/1368 1370/1370/1370
f 1369/1369/1369 1368/1368/1368 1371/1371/1371
f 1373/1373/1373 1370/1370/1370 1372/1372/1372
f 1371/1371/1371 1370/1370/1370 1373/1373/1373
f 1372/1372/1372 1374/1374/1374 1373/1373/1373
f 531/531/531 1374/1374/1374 1372/1372/1372
f 221/221/221 1374/1374/1374 531/531/531
f 1241/1241/1241 223/223/223 1375/1375/1375
f 1374/1374/1374 223/223/223 1241/1241/1241
f 221/221/221 223/223/223 1374/1374/1374
f 1242/1242/1242 1241/1241/1241 1375/1375/1375
f 1283/1283/1283 1377/1377/1377 1376/1376/1376
f 1284/1284/1284 1377/1377/1377 1283/1283/1283
f 1328/1328/1328 1377/1377/1377 1330/1330/1330
f 1376/1376/1376 1377/1377/1377 1328/1328/1328
f 1326/1326/1326 1378/1378/1378 1327/1327/1327
f 543/543/543 1378/1378/1378 1326/1326/1326
f 245/245/245 1378/1378/1378 543/543/543
f 1255/1255/1255 247/247/247 1379/1379/1379
f 1378/1378/1378 247/247/247 1255/1255/1255
f 245/245/245 247/247/247 1378/1378/1378
f 1256/1256/1256 1255/1255/1255 1379/1379/1379
f 1382/1382/1382 1381/1381/1381 1380/1380/1380
f 1381/1381/1381 1382/1382/1382 1383/1383/1383
f 1384/1384/1384 1382/1382/1382 1380/1380/1380
f 1385/1385/1385 1382/1382/1382 1384/1384/1384
f 1386/1386/1386 1385/1385/1385 1384/1384/1384
f 1387/1387/1387 1385/1385/1385 1386/1386/1386
f 1390/1390/1390 1389/1389/1389 1388/1388/1388
f 1391/1391/1391 1390/1390/1390 1388/1388/1388
f 1392/1392/1392 1391/1391/1391 1388/1388/1388
f 1388/1388/1388 1394/1394/1394 1393/1393/1393
f 1392/1392/1392 1388/1388/1388 1393/1393/1393
f 1395/1395/1395 1391/1391/1391 1392/1392/1392
f 1396/1396/1396 1395/1395/1395 1392/1392/1392
f 1392/1392/1392 1393/1393/1393 1397/1397/1397
f 1400/1400/1400 1399/1399/1399 1398/1398/1398
f 1398/1398/1398 1399/1399/1399 1401/1401/1401
f 1402/1402/1402 1400/1400/1400 1398/1398/1398
f 1403/1403/1403 1398/1398/1398 1401/1401/1401
f 1404/1404/1404 1403/1403/1403 1401/1401/1401
f 1405/1405/1405 1403/1403/1403 1404/1404/1404
f 1406/1406/1406 1405/1405/1405 1404/1404/1404
f 1407/1407/1407 1405/1405/1405 1406/1406/1406
f 1405/1405/1405 1407/1407/1407 1408/1408/1408
f 1409/1409/1409 1405/1405/1405 1408/1408/1408
f 1410/1410/1410 1409/1409/1409 1408/1408/1408
f 1411/1411/1411 1409/1409/1409 1410/1410/1410
f 1412/1412/1412 1409/1409/1409 1411/1411/1411
f 1409/1409/1409 1412/1412/1412 1413/1413/1413
f 1414/1414/1414 1409/1409/1409 1413/1413/1413
f 1415/1415/1415 1409/1409/1409 1414/1414/1414
f 1416/1416/1416 1412/1412/1412 1411/1411/1411
f 1417/1417/1417 1400/1400/1400 1402/1402/1402
f 1418/1418/1418 1417/1417/1417 1402/1402/1402
f 1419/1419/1419 1418/1418/1418 1402/1402/1402
f 1420/1420/1420 1419/1419/1419 1402/1402/1402
f 1421/1421/1421 1420/1420/1420 1402/1402/1402
f 1422/1422/1422 1420/1420/1420 1421/1421/1421
f 1423/1423/1423 1422/1422/1422 1421/1421/1421
f 1424/1424/1424 1422/1422/1422 1423/1423/1423
f 1425/1425/1425 1422/1422/1422 1424/1424/1424
f 1426/1426/1426 1425/1425/1425 1424/1424/1424
f 1427/1427/1427 1425/1425/1425 1426/1426/1426
f 1430/1430/1430 1429/1429/1429 1428/1428/1428
f 1428/1428/1428 1429/1429/1429 1431/1431/1431
f 1432/1432/1432 1430/1430/1430 1428/1428/1428
f 1433/1433/1433 1428/1428/1428 1431/1431/1431
f 1434/1434/1434 1428/1428/1428 1433/1433/1433
f 1435/1435/1435 1430/1430/1430 1432/1432/1432
f 1436/1436/1436 1435/1435/1435 1432/1432/1432
f 1437/1437/1437 1435/1435/1435 1436/1436/1436
f 1435/1435/1435 1437/1437/1437 1438/1438/1438
f 1439/1439/1439 1434/1434/1434 1433/1433/1433
f 1440/1440/1440 1439/1439/1439 1433/1433/1433
f 1441/1441/1441 1440/1440/1440 1433/1433/1433
f 1442/1442/1442 1440/1440/1440 1441/1441/1441
f 1440/1440/1440 1442/1442/1442 1443/1443/1443
f 1443/1443/1443 1442/1442/1442 1444/1444/1444
f 1447/1447/1447 1446/1446/1446 1445/1445/1445
f 1448/1448/1448 1447/1447/1447 1445/1445/1445
f 1448/1448/1448 1445/1445/1445 1449/1449/1449
f 1450/1450/1450 1447/1447/1447 1448/1448/1448
f 1447/1447/1447 1450/1450/1450 1451/1451/1451
f 1452/1452/1452 1450/1450/1450 1448/1448/1448
f 1453/1453/1453 1452/1452/1452 1448/1448/1448
f 1454/1454/1454 1452/1452/1452 1453/1453/1453
f 1457/1457/1457 1456/1456/1456 1455/1455/1455
f 1458/1458/1458 1457/1457/1457 1455/1455/1455
f 1458/1458/1458 1455/1455/1455 1459/1459/1459
f 1460/1460/1460 1457/1457/1457 1458/1458/1458
f 1457/1457/1457 1460/1460/1460 1461/1461/1461
f 1462/1462/1462 1460/1460/1460 1458/1458/1458
f 1463/1463/1463 1462/1462/1462 1458/1458/1458
f 1464/1464/1464 1462/1462/1462 1463/1463/1463
f 1467/1467/1467 1466/1466/1466 1465/1465/1465
f 1468/1468/1468 1467/1467/1467 1465/1465/1465
f 1468/1468/1468 1465/1465/1465 1469/1469/1469
f 1470/1470/1470 1467/1467/1467 1468/1468/1468
f 1467/1467/1467 1470/1470/1470 1471/1471/1471
f 1472/1472/1472 1470/1470/1470 1468/1468/1468
f 1473/1473/1473 1472/1472/1472 1468/1468/1468
f 1474/1474/1474 1472/1472/1472 1473/1473/1473
f 1477/1477/1477 1476/1476/1476 1475/1475/1475
f 1478/1478/1478 1476/1476/1476 1477/1477/1477
f 1476/1476/1476 1478/1478/1478 1479/1479/1479
f 1480/1480/1480 1476/1476/1476 1479/1479/1479
f 1481/1481/1481 1478/1478/1478 1477/1477/1477
f 1482/1482/1482 1480/1480/1480 1479/1479/1479
f 1483/1483/1483 1480/1480/1480 1482/1482/1482
f 1480/1480/1480 1483/1483/1483 1484/1484/1484
f 1485/1485/1485 1480/1480/1480 1484/1484/1484
f 1486/1486/1486 1480/1480/1480 1485/1485/1485
f 1487/1487/1487 1482/1482/1482 1479/1479/1479
f 1482/1482/1482 1487/1487/1487 1488/1488/1488
f 1489/1489/1489 1380/1380/1380 1381/1381/1381
f 1490/1490/1490 1380/1380/1380 1489/1489/1489
f 1491/1491/1491 1383/1383/1383 1382/1382/1382
f 1492/1492/1492 1383/1383/1383 1491/1491/1491
f 1492/1492/1492 1381/1381/1381 1383/1383/1383
f 1489/1489/1489 1381/1381/1381 1492/1492/1492
f 1490/1490/1490 1384/1384/1384 1380/1380/1380
f 1493/1493/1493 1384/1384/1384 1490/1490/1490
f 1494/1494/1494 1382/1382/1382 1385/1385/1385
f 1491/1491/1491 1382/1382/1382 1494/1494/1494
f 1493/1493/1493 1386/1386/1386 1384/1384/1384
f 1495/1495/1495 1386/1386/1386 1493/1493/1493
f 1495/1495/1495 1387/1387/1387 1386/1386/1386
f 1496/1496/1496 1387/1387/1387 1495/1495/1495
f 1496/1496/1496 1385/1385/1385 1387/1387/1387
f 1494/1494/1494 1385/1385/1385 1496/1496/1496
f 1497/1497/1497 1388/1388/1388 1389/1389/1389
f 1498/1498/1498 1388/1388/1388 1497/1497/1497
f 1499/1499/1499 1389/1389/1389 1390/1390/1390
f 1497/1497/1497 1389/1389/1389 1499/1499/1499
f 1500/1500/1500 1390/1390/1390 1391/1391/1391
f 1499/1499/1499 1390/1390/1390 1500/1500/1500
f 1501/1501/1501 1393/1393/1393 1394/1394/1394
f 1502/1502/1502 1393/1393/1393 1501/1501/1501
f 1498/1498/1498 1394/1394/1394 1388/1388/1388
f 1501/1501/1501 1394/1394/1394 1498/1498/1498
f 1503/1503/1503 1391/1391/1391 1395/1395/1395
f 1500/1500/1500 1391/1391/1391 1503/1503/1503
f 1504/1504/1504 1396/1396/1396 1392/1392/1392
f 1505/1505/1505 1396/1396/1396 1504/1504/1504
f 1505/1505/1505 1395/1395/1395 1396/1396/1396
f 1503/1503/1503 1395/1395/1395 1505/1505/1505
f 1502/1502/1502 1397/1397/1397 1393/1393/1393
f 1506/1506/1506 1397/1397/1397 1502/1502/1502
f 1506/1506/1506 1392/1392/1392 1397/1397/1397
f 1504/1504/1504 1392/1392/1392 1506/1506/1506
f 1507/1507/1507 1399/1399/1399 1400/1400/1400
f 1508/1508/1508 1399/1399/1399 1507/1507/1507
f 1508/1508/1508 1401/1401/1401 1399/1399/1399
f 1509/1509/1509 1401/1401/1401 1508/1508/1508
f 1510/1510/1510 1402/1402/1402 1398/1398/1398
f 1511/1511/1511 1402/1402/1402 1510/1510/1510
f 1512/1512/1512 1398/1398/1398 1403/1403/1403
f 1510/1510/1510 1398/1398/1398 1512/1512/1512
f 1509/1509/1509 1404/1404/1404 1401/1401/1401
f 1513/1513/1513 1404/1404/1404 1509/1509/1509
f 1514/1514/1514 1403/1403/1403 1405/1405/1405
f 1512/1512/1512 1403/1403/1403 1514/1514/1514
f 1513/1513/1513 1406/1406/1406 1404/1404/1404
f 1515/1515/1515 1406/1406/1406 1513/1513/1513
f 1515/1515/1515 1407/1407/1407 1406/1406/1406
f 1516/1516/1516 1407/1407/1407 1515/1515/1515
f 1516/1516/1516 1408/1408/1408 1407/1407/1407
f 1517/1517/1517 1408/1408/1408 1516/1516/1516
f 1518/1518/1518 1405/1405/1405 1409/1409/1409
f 1514/1514/1514 1405/1405/1405 1518/1518/1518
f 1517/1517/1517 1410/1410/1410 1408/1408/1408
f 1519/1519/1519 1410/1410/1410 1517/1517/1517
f 1519/1519/1519 1411/1411/1411 1410/1410/1410
f 1520/1520/1520 1411/1411/1411 1519/1519/1519
f 1521/1521/1521 1413/1413/1413 1412/1412/1412
f 1522/1522/1522 1413/1413/1413 1521/1521/1521
f 1522/1522/1522 1414/1414/1414 1413/1413/1413
f 1523/1523/1523 1414/1414/1414 1522/1522/1522
f 1523/1523/1523 1415/1415/1415 1414/1414/1414
f 1524/1524/1524 1415/1415/1415 1523/1523/1523
f 1524/1524/1524 1409/1409/1409 1415/1415/1415
f 1518/1518/1518 1409/1409/1409 1524/1524/1524
f 1520/1520/1520 1416/1416/1416 1411/1411/1411
f 1525/1525/1525 1416/1416/1416 1520/1520/1520
f 1525/1525/1525 1412/1412/1412 1416/1416/1416
f 1521/1521/1521 1412/1412/1412 1525/1525/1525
f 1526/1526/1526 1400/1400/1400 1417/1417/1417
f 1507/1507/1507 1400/1400/1400 1526/1526/1526
f 1527/1527/1527 1417/1417/1417 1418/1418/1418
f 1526/1526/1526 1417/1417/1417 1527/1527/1527
f 1528/1528/1528 1418/1418/1418 1419/1419/1419
f 1527/1527/1527 1418/1418/1418 1528/1528/1528
f 1529/1529/1529 1419/1419/1419 1420/1420/1420
f 1528/1528/1528 1419/1419/1419 1529/1529/1529
f 1511/1511/1511 1421/1421/1421 1402/1402/1402
f 1530/1530/1530 1421/1421/1421 1511/1511/1511
f 1531/1531/1531 1420/1420/1420 1422/1422/1422
f 1529/1529/1529 1420/1420/1420 1531/1531/1531
f 1530/1530/1530 1423/1423/1423 1421/1421/1421
f 1532/1532/1532 1423/1423/1423 1530/1530/1530
f 1532/1532/1532 1424/1424/1424 1423/1423/1423
f 1533/1533/1533 1424/1424/1424 1532/1532/1532
f 1534/1534/1534 1422/1422/1422 1425/1425/1425
f 1531/1531/1531 1422/1422/1422 1534/1534/1534
f 1533/1533/1533 1426/1426/1426 1424/1424/1424
f 1535/1535/1535 1426/1426/1426 1533/1533/1533
f 1535/1535/1535 1427/1427/1427 1426/1426/1426
f 1536/1536/1536 1427/1427/1427 1535/1535/1535
f 1536/1536/1536 1425/1425/1425 1427/1427/1427
f 1534/1534/1534 1425/1425/1425 1536/1536/1536
f 1537/1537/1537 1429/1429/1429 1430/1430/1430
f 1537/1537/1537 1431/1431/1431 1429/1429/1429
f 1538/1538/1538 1431/1431/1431 1537/1537/1537
f 1539/1539/1539 1432/1432/1432 1428/1428/1428
f 1540/1540/1540 1432/1432/1432 1539/1539/1539
f 1538/1538/1538 1433/1433/1433 1431/1431/1431
f 1541/1541/1541 1433/1433/1433 1538/1538/1538
f 1542/1542/1542 1428/1428/1428 1434/1434/1434
f 1539/1539/1539 1428/1428/1428 1542/1542/1542
f 1543/1543/1543 1430/1430/1430 1435/1435/1435
f 1537/1537/1537 1430/1430/1430 1543/1543/1543
f 1540/1540/1540 1436/1436/1436 1432/1432/1432
f 1544/1544/1544 1436/1436/1436 1540/1540/1540
f 1544/1544/1544 1437/1437/1437 1436/1436/1436
f 1545/1545/1545 1437/1437/1437 1544/1544/1544
f 1545/1545/1545 1438/1438/1438 1437/1437/1437
f 1546/1546/1546 1438/1438/1438 1545/1545/1545
f 1546/1546/1546 1435/1435/1435 1438/1438/1438
f 1543/1543/1543 1435/1435/1435 1546/1546/1546
f 1547/1547/1547 1434/1434/1434 1439/1439/1439
f 1542/1542/1542 1434/1434/1434 1547/1547/1547
f 1548/1548/1548 1439/1439/1439 1440/1440/1440
f 1547/1547/1547 1439/1439/1439 1548/1548/1548
f 1541/1541/1541 1441/1441/1441 1433/1433/1433
f 1549/1549/1549 1441/1441/1441 1541/1541/1541
f 1549/1549/1549 1442/1442/1442 1441/1441/1441
f 1550/1550/1550 1442/1442/1442 1549/1549/1549
f 1551/1551/1551 1440/1440/1440 1443/1443/1443
f 1548/1548/1548 1440/1440/1440 1551/1551/1551
f 1550/1550/1550 1444/1444/1444 1442/1442/1442
f 1552/1552/1552 1444/1444/1444 1550/1550/1550
f 1552/1552/1552 1443/1443/1443 1444/1444/1444
f 1551/1551/1551 1443/1443/1443 1552/1552/1552
f 1553/1553/1553 1445/1445/1445 1446/1446/1446
f 1554/1554/1554 1445/1445/1445 1553/1553/1553
f 1555/1555/1555 1446/1446/1446 1447/1447/1447
f 1553/1553/1553 1446/1446/1446 1555/1555/1555
f 1554/1554/1554 1449/1449/1449 1445/1445/1445
f 1556/1556/1556 1449/1449/1449 1554/1554/1554
f 1556/1556/1556 1448/1448/1448 1449/1449/1449
f 1557/1557/1557 1448/1448/1448 1556/1556/1556
f 1558/1558/1558 1451/1451/1451 1450/1450/1450
f 1559/1559/1559 1451/1451/1451 1558/1558/1558
f 1559/1559/1559 1447/1447/1447 1451/1451/1451
f 1555/1555/1555 1447/1447/1447 1559/1559/1559
f 1560/1560/1560 1450/1450/1450 1452/1452/1452
f 1558/1558/1558 1450/1450/1450 1560/1560/1560
f 1557/1557/1557 1453/1453/1453 1448/1448/1448
f 1561/1561/1561 1453/1453/1453 1557/1557/1557
f 1561/1561/1561 1454/1454/1454 1453/1453/1453
f 1562/1562/1562 1454/1454/1454 1561/1561/1561
f 1562/1562/1562 1452/1452/1452 1454/1454/1454
f 1560/1560/1560 1452/1452/1452 1562/1562/1562
f 1563/1563/1563 1455/1455/1455 1456/1456/1456
f 1564/1564/1564 1455/1455/1455 1563/1563/1563
f 1565/1565/1565 1456/1456/1456 1457/1457/1457
f 1563/1563/1563 1456/1456/1456 1565/1565/1565
f 1564/1564/1564 1459/1459/1459 1455/1455/1455
f 1566/1566/1566 1459/1459/1459 1564/1564/1564
f 1566/1566/1566 1458/1458/1458 1459/1459/1459
f 1567/1567/1567 1458/1458/1458 1566/1566/1566
f 1568/1568/1568 1461/1461/1461 1460/1460/1460
f 1569/1569/1569 1461/1461/1461 1568/1568/1568
f 1569/1569/1569 1457/1457/1457 1461/1461/1461
f 1565/1565/1565 1457/1457/1457 1569/1569/1569
f 1570/1570/1570 1460/1460/1460 1462/1462/1462
f 1568/1568/1568 1460/1460/1460 1570/1570/1570
f 1567/1567/1567 1463/1463/1463 1458/1458/1458
f 1571/1571/1571 1463/1463/1463 1567/1567/1567
f 1571/1571/1571 1464/1464/1464 1463/1463/1463
f 1572/1572/1572 1464/1464/1464 1571/1571/1571
f 1572/1572/1572 1462/1462/1462 1464/1464/1464
f 1570/1570/1570 1462/1462/1462 1572/1572/1572
f 1573/1573/1573 1465/1465/1465 1466/1466/1466
f 1574/1574/1574 1465/1465/1465 1573/1573/1573
f 1575/1575/1575 1466/1466/1466 1467/1467/1467
f 1573/1573/1573 1466/1466/1466 1575/1575/1575
f 1574/1574/1574 1469/1469/1469 1465/1465/1465
f 1576/1576/1576 1469/1469/1469 1574/1574/1574
f 1576/1576/1576 1468/1468/1468 1469/1469/1469
f 1577/1577/1577 1468/1468/1468 1576/1576/1576
f 1578/1578/1578 1471/1471/1471 1470/1470/1470
f 1579/1579/1579 1471/1471/1471 1578/1578/1578
f 1579/1579/1579 1467/1467/1467 1471/1471/1471
f 1575/1575/1575 1467/1467/1467 1579/1579/1579
f 1580/1580/1580 1470/1470/1470 1472/1472/1472
f 1578/1578/1578 1470/1470/1470 1580/1580/1580
f 1577/1577/1577 1473/1473/1473 1468/1468/1468
f 1581/1581/1581 1473/1473/1473 1577/1577/1577
f 1581/1581/1581 1474/1474/1474 1473/1473/1473
f 1582/1582/1582 1474/1474/1474 1581/1581/1581
f 1582/1582/1582 1472/1472/1472 1474/1474/1474
f 1580/1580/1580 1472/1472/1472 1582/1582/1582
f 1583/1583/1583 1475/1475/1475 1476/1476/1476
f 1584/1584/1584 1475/1475/1475 1583/1583/1583
f 1584/1584/1584 1477/1477/1477 1475/1475/1475
f 1585/1585/1585 1477/1477/1477 1584/1584/1584
f 1586/1586/1586 1479/1479/1479 1478/1478/1478
f 1587/1587/1587 1479/1479/1479 1586/1586/1586
f 1588/1588/1588 1476/1476/1476 1480/1480/1480
f 1583/1583/1583 1476/1476/1476 1588/1588/1588
f 1585/1585/1585 1481/1481/1481 1477/1477/1477
f 1589/1589/1589 1481/1481/1481 1585/1585/1585
f 1589/1589/1589 1478/1478/1478 1481/1481/1481
f 1586/1586/1586 1478/1478/1478 1589/1589/1589
f 1590/1590/1590 1483/1483/1483 1482/1482/1482
f 1591/1591/1591 1483/1483/1483 1590/1590/1590
f 1591/1591/1591 1484/1484/1484 1483/1483/1483
f 1592/1592/1592 1484/1484/1484 1591/1591/1591
f 1592/1592/1592 1485/1485/1485 1484/1484/1484
f 1593/1593/1593 1485/1485/1485 1592/1592/1592
f 1593/1593/1593 1486/1486/1486 1485/1485/1485
f 1594/1594/1594 1486/1486/1486 1593/1593/1593
f 1594/1594/1594 1480/1480/1480 1486/1486/1486
f 1588/1588/1588 1480/1480/1480 1594/1594/1594
f 1595/1595/1595 1487/1487/1487 1479/1479/1479
f 1596/1596/1596 1487/1487/1487 1595/1595/1595
f 1596/1596/1596 1488/1488/1488 1487/1487/1487
f 1597/1597/1597 1488/1488/1488 1596/1596/1596
f 1597/1597/1597 1482/1482/1482 1488/1488/1488
f 1598/1598/1598 1482/1482/1482 1597/1597/1597
f 1601/1601/1601 1600/1600/1600 1599/1599/1599
f 1600/1600/1600 1601/1601/1601 1602/1602/1602
f 1603/1603/1603 1601/1601/1601 1599/1599/1599
f 1604/1604/1604 1601/1601/1601 1603/1603/1603
f 1605/1605/1605 1604/1604/1604 1603/1603/1603
f 1606/1606/1606 1604/1604/1604 1605/1605/1605
f 1607/1607/1607 1599/1599/1599 1600/1600/1600
f 1608/1608/1608 1599/1599/1599 1607/1607/1607
f 1609/1609/1609 1602/1602/1602 1601/1601/1601
f 1610/1610/1610 1602/1602/1602 1609/1609/1609
f 1610/1610/1610 1600/1600/1600 1602/1602/1602
f 1607/1607/1607 1600/1600/1600 1610/1610/1610
f 1608/1608/1608 1603/1603/1603 1599/1599/1599
f 1611/1611/1611 1603/1603/1603 1608/1608/1608
f 1612/1612/1612 1601/1601/1601 1604/1604/1604
f 1609/1609/1609 1601/1601/1601 1612/1612/1612
f 1611/1611/1611 1605/1605/1605 1603/1603/1603
f 1613/1613/1613 1605/1605/1605 1611/1611/1611
f 1613/1613/1613 1606/1606/1606 1605/1605/1605
f 1614/1614/1614 1606/1606/1606 1613/1613/1613
f 1614/1614/1614 1604/1604/1604 1606/1606/1606
f 1612/1612/1612 1604/1604/1604 1614/1614/1614
f 1617/1617/1617 1616/1616/1616 1615/1615/1615
f 1618/1618/1618 1617/1617/1617 1615/1615/1615
f 1619/1619/1619 1618/1618/1618 1615/1615/1615
f 1615/1615/1615 1621/1621/1621 1620/1620/1620
f 1619/1619/1619 1615/1615/1615 1620/1620/1620
f 1622/1622/1622 1618/1618/1618 1619/1619/1619
f 1623/1623/1623 1622/1622/1622 1619/1619/1619
f 1619/1619/1619 1620/1620/1620 1624/1624/1624
f 1625/1625/1625 1615/1615/1615 1616/1616/1616
f 1626/1626/1626 1615/1615/1615 1625/1625/1625
f 1627/1627/1627 1616/1616/1616 1617/1617/1617
f 1625/1625/1625 1616/1616/1616 1627/1627/1627
f 1628/1628/1628 1617/1617/1617 1618/1618/1618
f 1627/1627/1627 1617/1617/1617 1628/1628/1628
f 1629/1629/1629 1620/1620/1620 1621/1621/1621
f 1630/1630/1630 1620/1620/1620 1629/1629/1629
f 1626/1626/1626 1621/1621/1621 1615/1615/1615
f 1629/1629/1629 1621/1621/1621 1626/1626/1626
f 1631/1631/1631 1618/1618/1618 1622/1622/1622
f 1628/1628/1628 1618/1618/1618 1631/1631/1631
f 1632/1632/1632 1623/1623/1623 1619/1619/1619
f 1633/1633/1633 1623/1623/1623 1632/1632/1632
f 1633/1633/1633 1622/1622/1622 1623/1623/1623
f 1631/1631/1631 1622/1622/1622 1633/1633/1633
f 1630/1630/1630 1624/1624/1624 1620/1620/1620
f 1634/1634/1634 1624/1624/1624 1630/1630/1630
f 1634/1634/1634 1619/1619/1619 1624/1624/1624
f 1632/1632/1632 1619/1619/1619 1634/1634/1634
f 1637/1637/1637 1636/1636/1636 1635/1635/1635
f 1635/1635/1635 1636/1636/1636 1638/1638/1638
f 1639/1639/1639 1637/1637/1637 1635/1635/1635
f 1640/1640/1640 1635/1635/1635 1638/1638/1638
f 1641/1641/1641 1640/1640/1640 1638/1638/1638
f 1642/1642/1642 1640/1640/1640 1641/1641/1641
f 1643/1643/1643 1642/1642/1642 1641/1641/1641
f 1644/1644/1644 1642/1642/1642 1643/1643/1643
f 1642/1642/1642 1644/1644/1644 1645/1645/1645
f 1646/1646/1646 1642/1642/1642 1645/1645/1645
f 1647/1647/1647 1646/1646/1646 1645/1645/1645
f 1648/1648/1648 1646/1646/1646 1647/1647/1647
f 1649/1649/1649 1646/1646/1646 1648/1648/1648
f 1646/1646/1646 1649/1649/1649 1650/1650/1650
f 1651/1651/1651 1646/1646/1646 1650/1650/1650
f 1652/1652/1652 1646/1646/1646 1651/1651/1651
f 1653/1653/1653 1649/1649/1649 1648/1648/1648
f 1654/1654/1654 1637/1637/1637 1639/1639/1639
f 1655/1655/1655 1654/1654/1654 1639/1639/1639
f 1656/1656/1656 1655/1655/1655 1639/1639/1639
f 1657/1657/1657 1656/1656/1656 1639/1639/1639
f 1658/1658/1658 1657/1657/1657 1639/1639/1639
f 1659/1659/1659 1657/1657/1657 1658/1658/1658
f 1660/1660/1660 1659/1659/1659 1658/1658/1658
f 1661/1661/1661 1659/1659/1659 1660/1660/1660
f 1662/1662/1662 1659/1659/1659 1661/1661/1661
f 1663/1663/1663 1662/1662/1662 1661/1661/1661
f 1664/1664/1664 1662/1662/1662 1663/1663/1663
f 1665/1665/1665 1636/1636/1636 1637/1637/1637
f 1666/1666/1666 1636/1636/1636 1665/1665/1665
f 1666/1666/1666 1638/1638/1638 1636/1636/1636
f 1667/1667/1667 1638/1638/1638 1666/1666/1666
f 1668/1668/1668 1639/1639/1639 1635/1635/1635
f 1669/1669/1669 1639/1639/1639 1668/1668/1668
f 1670/1670/1670 1635/1635/1635 1640/1640/1640
f 1668/1668/1668 1635/1635/1635 1670/1670/1670
f 1667/1667/1667 1641/1641/1641 1638/1638/1638
f 1671/1671/1671 1641/1641/1641 1667/1667/1667
f 1672/1672/1672 1640/1640/1640 1642/1642/1642
f 1670/1670/1670 1640/1640/1640 1672/1672/1672
f 1671/1671/1671 1643/1643/1643 1641/1641/1641
f 1673/1673/1673 1643/1643/1643 1671/1671/1671
f 1673/1673/1673 1644/1644/1644 1643/1643/1643
f 1674/1674/1674 1644/1644/1644 1673/1673/1673
f 1674/1674/1674 1645/1645/1645 1644/1644/1644
f 1675/1675/1675 1645/1645/1645 1674/1674/1674
f 1676/1676/1676 1642/1642/1642 1646/1646/1646
f 1672/1672/1672 1642/1642/1642 1676/1676/1676
f 1675/1675/1675 1647/1647/1647 1645/1645/1645
f 1677/1677/1677 1647/1647/1647 1675/1675/1675
f 1677/1677/1677 1648/1648/1648 1647/1647/1647
f 1678/1678/1678 1648/1648/1648 1677/1677/1677
f 1679/1679/1679 1650/1650/1650 1649/1649/1649
f 1680/1680/1680 1650/1650/1650 1679/1679/1679
f 1680/1680/1680 1651/1651/1651 1650/1650/1650
f 1681/1681/1681 1651/1651/1651 1680/1680/1680
f 1681/1681/1681 1652/1652/1652 1651/1651/1651
f 1682/1682/1682 1652/1652/1652 1681/1681/1681
f 1682/1682/1682 1646/1646/1646 1652/1652/1652
f 1676/1676/1676 1646/1646/1646 1682/1682/1682
f 1678/1678/1678 1653/1653/1653 1648/1648/1648
f 1683/1683/1683 1653/1653/1653 1678/1678/1678
f 1683/1683/1683 1649/1649/1649 1653/1653/1653
f 1679/1679/1679 1649/1649/1649 1683/1683/1683
f 1684/1684/1684 1637/1637/1637 1654/1654/1654
f 1665/1665/1665 1637/1637/1637 1684/1684/1684
f 1685/1685/1685 1654/1654/1654 1655/1655/1655
f 1684/1684/1684 1654/1654/1654 1685/1685/1685
f 1686/1686/1686 1655/1655/1655 1656/1656/1656
f 1685/1685/1685 1655/1655/1655 1686/1686/1686
f 1687/1687/1687 1656/1656/1656 1657/1657/1657
f 1686/1686/1686 1656/1656/1656 1687/1687/1687
f 1669/1669/1669 1658/1658/1658 1639/1639/1639
f 1688/1688/1688 1658/1658/1658 1669/1669/1669
f 1689/1689/1689 1657/1657/1657 1659/1659/1659
f 1687/1687/1687 1657/1657/1657 1689/1689/1689
f 1688/1688/1688 1660/1660/1660 1658/1658/1658
f 1690/1690/1690 1660/1660/1660 1688/1688/1688
f 1690/1690/1690 1661/1661/1661 1660/1660/1660
f 1691/1691/1691 1661/1661/1661 1690/1690/1690
f 1692/1692/1692 1659/1659/1659 1662/1662/1662
f 1689/1689/1689 1659/1659/1659 1692/1692/1692
f 1691/1691/1691 1663/1663/1663 1661/1661/1661
f 1693/1693/1693 1663/1663/1663 1691/1691/1691
f 1693/1693/1693 1664/1664/1664 1663/1663/1663
f 1694/1694/1694 1664/1664/1664 1693/1693/1693
f 1694/1694/1694 1662/1662/1662 1664/1664/1664
f 1692/1692/1692 1662/1662/1662 1694/1694/1694
f 1697/1697/1697 1696/1696/1696 1695/1695/1695
f 1695/1695/1695 1696/1696/1696 1698/1698/1698
f 1699/1699/1699 1697/1697/1697 1695/1695/1695
f 1700/1700/1700 1695/1695/1695 1698/1698/1698
f 1701/1701/1701 1695/1695/1695 1700/1700/1700
f 1702/1702/1702 1697/1697/1697 1699/1699/1699
f 1703/1703/1703 1702/1702/1702 1699/1699/1699
f 1704/1704/1704 1702/1702/1702 1703/1703/1703
f 1702/1702/1702 1704/1704/1704 1705/1705/1705
f 1706/1706/1706 1701/1701/1701 1700/1700/1700
f 1707/1707/1707 1706/1706/1706 1700/1700/1700
f 1708/1708/1708 1707/1707/1707 1700/1700/1700
f 1709/1709/1709 1707/1707/1707 1708/1708/1708
f 1707/1707/1707 1709/1709/1709 1710/1710/1710
f 1710/1710/1710 1709/1709/1709 1711/1711/1711
f 1712/1712/1712 1696/1696/1696 1697/1697/1697
f 1712/1712/1712 1698/1698/1698 1696/1696/1696
f 1713/1713/1713 1698/1698/1698 1712/1712/1712
f 1714/1714/1714 1699/1699/1699 1695/1695/1695
f 1715/1715/1715 1699/1699/1699 1714/1714/1714
f 1713/1713/1713 1700/1700/1700 1698/1698/1698
f 1716/1716/1716 1700/1700/1700 1713/1713/1713
f 1717/1717/1717 1695/1695/1695 1701/1701/1701
f 1714/1714/1714 1695/1695/1695 1717/1717/1717
f 1718/1718/1718 1697/1697/1697 1702/1702/1702
f 1712/1712/1712 1697/1697/1697 1718/1718/1718
f 1715/1715/1715 1703/1703/1703 1699/1699/1699
f 1719/1719/1719 1703/1703/1703 1715/1715/1715
f 1719/1719/1719 1704/1704/1704 1703/1703/1703
f 1720/1720/1720 1704/1704/1704 1719/1719/1719
f 1720/1720/1720 1705/1705/1705 1704/1704/1704
f 1721/1721/1721 1705/1705/1705 1720/1720/1720
f 1721/1721/1721 1702/1702/1702 1705/1705/1705
f 1718/1718/1718 1702/1702/1702 1721/1721/1721
f 1722/1722/1722 1701/1701/1701 1706/1706/1706
f 1717/1717/1717 1701/1701/1701 1722/1722/1722
f 1723/1723/1723 1706/1706/1706 1707/1707/1707
f 1722/1722/1722 1706/1706/1706 1723/1723/1723
f 1716/1716/1716 1708/1708/1708 1700/1700/1700
f 1724/1724/1724 1708/1708/1708 1716/1716/1716
f 1724/1724/1724 1709/1709/1709 1708/1708/1708
f 1725/1725/1725 1709/1709/1709 1724/1724/1724
f 1726/1726/1726 1707/1707/1707 1710/1710/1710
f 1723/1723/1723 1707/1707/1707 1726/1726/1726
f 1725/1725/1725 1711/1711/1711 1709/1709/1709
f 1727/1727/1727 1711/1711/1711 1725/1725/1725
f 1727/1727/1727 1710/1710/1710 1711/1711/1711
f 1726/1726/1726 1710/1710/1710 1727/1727/1727
f 1730/1730/1730 1729/1729/1729 1728/1728/1728
f 1731/1731/1731 1730/1730/1730 1728/1728/1728
f 1731/1731/1731 1728/1728/1728 1732/1732/1732
f 1733/1733/1733 1730/1730/1730 1731/1731/1731
f 1730/1730/1730 1733/1733/1733 1734/1734/1734
f 1735/1735/1735 1733/1733/1733 1731/1731/1731
f 1736/1736/1736 1735/1735/1735 1731/1731/1731
f 1737/1737/1737 1735/1735/1735 1736/1736/1736
f 1738/1738/1738 1728/1728/1728 1729/1729/1729
f 1739/1739/1739 1728/1728/1728 1738/1738/1738
f 1740/1740/1740 1729/1729/1729 1730/1730/1730
f 1738/1738/1738 1729/1729/1729 1740/1740/1740
f 1739/1739/1739 1732/1732/1732 1728/1728/1728
f 1741/1741/1741 1732/1732/1732 1739/1739/1739
f 1741/1741/1741 1731/1731/1731 1732/1732/1732
f 1742/1742/1742 1731/1731/1731 1741/1741/1741
f 1743/1743/1743 1734/1734/1734 1733/1733/1733
f 1744/1744/1744 1734/1734/1734 1743/1743/1743
f 1744/1744/1744 1730/1730/1730 1734/1734/1734
f 1740/1740/1740 1730/1730/1730 1744/1744/1744
f 1745/1745/1745 1733/1733/1733 1735/1735/1735
f 1743/1743/1743 1733/1733/1733 1745/1745/1745
f 1742/1742/1742 1736/1736/1736 1731/1731/1731
f 1746/1746/1746 1736/1736/1736 1742/1742/1742
f 1746/1746/1746 1737/1737/1737 1736/1736/1736
f 1747/1747/1747 1737/1737/1737 1746/1746/1746
f 1747/1747/1747 1735/1735/1735 1737/1737/1737
f 1745/1745/1745 1735/1735/1735 1747/1747/1747
f 1750/1750/1750 1749/1749/1749 1748/1748/1748
f 1751/1751/1751 1750/1750/1750 1748/1748/1748
f 1751/1751/1751 1748/1748/1748 1752/1752/1752
f 1753/1753/1753 1750/1750/1750 1751/1751/1751
f 1750/1750/1750 1753/1753/1753 1754/1754/1754
f 1755/1755/1755 1753/1753/1753 1751/1751/1751
f 1756/1756/1756 1755/1755/1755 1751/1751/1751
f 1757/1757/1757 1755/1755/1755 1756/1756/1756
f 1758/1758/1758 1748/1748/1748 1749/1749/1749
f 1759/1759/1759 1748/1748/1748 1758/1758/1758
f 1760/1760/1760 1749/1749/1749 1750/1750/1750
f 1758/1758/1758 1749/1749/1749 1760/1760/1760
f 1759/1759/1759 1752/1752/1752 1748/1748/1748
f 1761/1761/1761 1752/1752/1752 1759/1759/1759
f 1761/1761/1761 1751/1751/1751 1752/1752/1752
f 1762/1762/1762 1751/1751/1751 1761/1761/1761
f 1763/1763/1763 1754/1754/1754 1753/1753/1753
f 1764/1764/1764 1754/1754/1754 1763/1763/1763
f 1764/1764/1764 1750/1750/1750 1754/1754/1754
f 1760/1760/1760 1750/1750/1750 1764/1764/1764
f 1765/1765/1765 1753/1753/1753 1755/1755/1755
f 1763/1763/1763 1753/1753/1753 1765/1765/1765
f 1762/1762/1762 1756/1756/1756 1751/1751/1751
f 1766/1766/1766 1756/1756/1756 1762/1762/1762
f 1766/1766/1766 1757/1757/1757 1756/1756/1756
f 1767/1767/1767 1757/1757/1757 1766/1766/1766
f 1767/1767/1767 1755/1755/1755 1757/1757/1757
f 1765/1765/1765 1755/1755/1755 1767/1767/1767
f 1770/1770/1770 1769/1769/1769 1768/1768/1768
f 1771/1771/1771 1770/1770/1770 1768/1768/1768
f 1771/1771/1771 1768/1768/1768 1772/1772/1772
f 1773/1773/1773 1770/1770/1770 1771/1771/1771
f 1770/1770/1770 1773/1773/1773 1774/1774/1774
f 1775/1775/1775 1773/1773/1773 1771/1771/1771
f 1776/1776/1776 1775/1775/1775 1771/1771/1771
f 1777/1777/1777 1775/1775/1775 1776/1776/1776
f 1778/1778/1778 1768/1768/1768 1769/1769/1769
f 1779/1779/1779 1768/1768/1768 1778/1778/1778
f 1780/1780/1780 1769/1769/1769 1770/1770/1770
f 1778/1778/1778 1769/1769/1769 1780/1780/1780
f 1779/1779/1779 1772/1772/1772 1768/1768/1768
f 1781/1781/1781 1772/1772/1772 1779/1779/1779
f 1781/1781/1781 1771/1771/1771 1772/1772/1772
f 1782/1782/1782 1771/1771/1771 1781/1781/1781
f 1783/1783/1783 1774/1774/1774 1773/1773/1773
f 1784/1784/1784 1774/1774/1774 1783/1783/1783
f 1784/1784/1784 1770/1770/1770 1774/1774/1774
f 1780/1780/1780 1770/1770/1770 1784/1784/1784
f 1785/1785/1785 1773/1773/1773 1775/1775/1775
f 1783/1783/1783 1773/1773/1773 1785/1785/1785
f 1782/1782/1782 1776/1776/1776 1771/1771/1771
f 1786/1786/1786 1776/1776/1776 1782/1782/1782
f 1786/1786/1786 1777/1777/1777 1776/1776/1776
f 1787/1787/1787 1777/1777/1777 1786/1786/1786
f 1787/1787/1787 1775/1775/1775 1777/1777/1777
f 1785/1785/1785 1775/1775/1775 1787/1787/1787
f 1790/1790/1790 1789/1789/1789 1788/1788/1788
f 1791/1791/1791 1789/1789/1789 1790/1790/1790
f 1789/1789/1789 1791/1791/1791 1792/1792/1792
f 1793/1793/1793 1789/1789/1789 1792/1792/1792
f 1794/1794/1794 1791/1791/1791 1790/1790/1790
f 1795/1795/1795 1793/1793/1793 1792/1792/1792
f 1796/1796/1796 1793/1793/1793 1795/1795/1795
f 1793/1793/1793 1796/1796/1796 1797/1797/1797
f 1798/1798/1798 1793/1793/1793 1797/1797/1797
f 1799/1799/1799 1793/1793/1793 1798/1798/1798
f 1800/1800/1800 1795/1795/1795 1792/1792/1792
f 1795/1795/1795 1800/1800/1800 1801/1801/1801
f 1802/1802/1802 1788/1788/1788 1789/1789/1789
f 1803/1803/1803 1788/1788/1788 1802/1802/1802
f 1803/1803/1803 1790/1790/1790 1788/1788/1788
f 1804/1804/1804 1790/1790/1790 1803/1803/1803
f 1805/1805/1805 1792/1792/1792 1791/1791/1791
f 1806/1806/1806 1792/1792/1792 1805/1805/1805
f 1807/1807/1807 1789/1789/1789 1793/1793/1793
f 1802/1802/1802 1789/1789/1789 1807/1807/1807
f 1804/1804/1804 1794/1794/1794 1790/1790/1790
f 1808/1808/1808 1794/1794/1794 1804/1804/1804
f 1808/1808/1808 1791/1791/1791 1794/1794/1794
f 1805/1805/1805 1791/1791/1791 1808/1808/1808
f 1809/1809/1809 1796/1796/1796 1795/1795/1795
f 1810/1810/1810 1796/1796/1796 1809/1809/1809
f 1810/1810/1810 1797/1797/1797 1796/1796/1796
f 1811/1811/1811 1797/1797/1797 1810/1810/1810
f 1811/1811/1811 1798/1798/1798 1797/1797/1797
f 1812/1812/1812 1798/1798/1798 1811/1811/1811
f 1812/1812/1812 1799/1799/1799 1798/1798/1798
f 1813/1813/1813 1799/1799/1799 1812/1812/1812
f 1813/1813/1813 1793/1793/1793 1799/1799/1799
f 1807/1807/1807 1793/1793/1793 1813/1813/1813
f 1814/1814/1814 1800/1800/1800 1792/1792/1792
f 1815/1815/1815 1800/1800/1800 1814/1814/1814
f 1815/1815/1815 1801/1801/1801 1800/1800/1800
f 1816/1816/1816 1801/1801/1801 1815/1815/1815
f 1816/1816/1816 1795/1795/1795 1801/1801/1801
f 1817/1817/1817 1795/1795/1795 1816/1816/1816
f 1820/1820/1820 1819/1819/1819 1818/1818/1818
f 1821/1821/1821 1819/1819/1819 1820/1820/1820
f 1824/1824/1824 1823/1823/1823 1822/1822/1822
f 1825/1825/1825 1823/1823/1823 1824/1824/1824
f 1825/1825/1825 1826/1826/1826 1823/1823/1823
f 1827/1827/1827 1826/1826/1826 1825/1825/1825
f 1829/1829/1829 1818/1818/1818 1828/1828/1828
f 1820/1820/1820 1818/1818/1818 1829/1829/1829
f 1827/1827/1827 1830/1830/1830 1826/1826/1826
f 1831/1831/1831 1830/1830/1830 1827/1827/1827
f 1833/1833/1833 1828/1828/1828 1832/1832/1832
f 1829/1829/1829 1828/1828/1828 1833/1833/1833
f 1831/1831/1831 1834/1834/1834 1830/1830/1830
f 1835/1835/1835 1834/1834/1834 1831/1831/1831
f 1837/1837/1837 1832/1832/1832 1836/1836/1836
f 1833/1833/1833 1832/1832/1832 1837/1837/1837
f 1835/1835/1835 1297/1297/1297 1834/1834/1834
f 1838/1838/1838 1297/1297/1297 1835/1835/1835
f 1838/1838/1838 1836/1836/1836 1320/1320/1320
f 1837/1837/1837 1836/1836/1836 1838/1838/1838
f 1838/1838/1838 1839/1839/1839 1297/1297/1297
f 1840/1840/1840 1839/1839/1839 1838/1838/1838
f 1842/1842/1842 1320/1320/1320 1841/1841/1841
f 1838/1838/1838 1320/1320/1320 1842/1842/1842
f 1840/1840/1840 1843/1843/1843 1839/1839/1839
f 1844/1844/1844 1843/1843/1843 1840/1840/1840
f 1846/1846/1846 1841/1841/1841 1845/1845/1845
f 1842/1842/1842 1841/1841/1841 1846/1846/1846
f 1844/1844/1844 1847/1847/1847 1843/1843/1843
f 1848/1848/1848 1847/1847/1847 1844/1844/1844
f 1850/1850/1850 1845/1845/1845 1849/1849/1849
f 1846/1846/1846 1845/1845/1845 1850/1850/1850
f 1848/1848/1848 1851/1851/1851 1847/1847/1847
f 1852/1852/1852 1851/1851/1851 1848/1848/1848
f 1854/1854/1854 1849/1849/1849 1853/1853/1853
f 1850/1850/1850 1849/1849/1849 1854/1854/1854
f 1852/1852/1852 1855/1855/1855 1851/1851/1851
f 1856/1856/1856 1855/1855/1855 1852/1852/1852
f 1858/1858/1858 1853/1853/1853 1857/1857/1857
f 1854/1854/1854 1853/1853/1853 1858/1858/1858
f 1861/1861/1861 1860/1860/1860 1859/1859/1859
f 1862/1862/1862 1860/1860/1860 1861/1861/1861
f 1865/1865/1865 1864/1864/1864 1863/1863/1863
f 1866/1866/1866 1864/1864/1864 1865/1865/1865
f 1866/1866/1866 1867/1867/1867 1864/1864/1864
f 1868/1868/1868 1867/1867/1867 1866/1866/1866
f 1870/1870/1870 1859/1859/1859 1869/1869/1869
f 1861/1861/1861 1859/1859/1859 1870/1870/1870
f 1868/1868/1868 1871/1871/1871 1867/1867/1867
f 1872/1872/1872 1871/1871/1871 1868/1868/1868
f 1874/1874/1874 1869/1869/1869 1873/1873/1873
f 1870/1870/1870 1869/1869/1869 1874/1874/1874
f 1872/1872/1872 1875/1875/1875 1871/1871/1871
f 1876/1876/1876 1875/1875/1875 1872/1872/1872
f 1878/1878/1878 1873/1873/1873 1877/1877/1877
f 1874/1874/1874 1873/1873/1873 1878/1878/1878
f 1876/1876/1876 1879/1879/1879 1875/1875/1875
f 1880/1880/1880 1879/1879/1879 1876/1876/1876
f 1880/1880/1880 1877/1877/1877 1881/1881/1881
f 1878/1878/1878 1877/1877/1877 1880/1880/1880
f 1880/1880/1880 1882/1882/1882 1879/1879/1879
f 1883/1883/1883 1882/1882/1882 1880/1880/1880
f 1885/1885/1885 1881/1881/1881 1884/1884/1884
f 1880/1880/1880 1881/1881/1881 1885/1885/1885
f 1883/1883/1883 1886/1886/1886 1882/1882/1882
f 1887/1887/1887 1886/1886/1886 1883/1883/1883
f 1889/1889/1889 1884/1884/1884 1888/1888/1888
f 1885/1885/1885 1884/1884/1884 1889/1889/1889
f 1887/1887/1887 1890/1890/1890 1886/1886/1886
f 1891/1891/1891 1890/1890/1890 1887/1887/1887
f 1893/1893/1893 1888/1888/1888 1892/1892/1892
f 1889/1889/1889 1888/1888/1888 1893/1893/1893
f 1891/1891/1891 1894/1894/1894 1890/1890/1890
f 1895/1895/1895 1894/1894/1894 1891/1891/1891
f 1897/1897/1897 1892/1892/1892 1896/1896/1896
f 1893/1893/1893 1892/1892/1892 1897/1897/1897
f 1856/1856/1856 1896/1896/1896 1855/1855/1855
f 1897/1897/1897 1896/1896/1896 1856/1856/1856
f 1895/1895/1895 1857/1857/1857 1894/1894/1894
f 1858/1858/1858 1857/1857/1857 1895/1895/1895
f 1821/1821/1821 1898/1898/1898 1819/1819/1819
f 1899/1899/1899 1898/1898/1898 1821/1821/1821
f 1901/1901/1901 1822/1822/1822 1900/1900/1900
f 1824/1824/1824 1822/1822/1822 1901/1901/1901
f 1899/1899/1899 1902/1902/1902 1898/1898/1898
f 1903/1903/1903 1902/1902/1902 1899/1899/1899
f 1905/1905/1905 1900/1900/1900 1904/1904/1904
f 1901/1901/1901 1900/1900/1900 1905/1905/1905
f 1903/1903/1903 1906/1906/1906 1902/1902/1902
f 1907/1907/1907 1906/1906/1906 1903/1903/1903
f 1909/1909/1909 1904/1904/1904 1908/1908/1908
f 1905/1905/1905 1904/1904/1904 1909/1909/1909
f 1907/1907/1907 1910/1910/1910 1906/1906/1906
f 1911/1911/1911 1910/1910/1910 1907/1907/1907
f 1913/1913/1913 1908/1908/1908 1912/1912/1912
f 1909/1909/1909 1908/1908/1908 1913/1913/1913
f 1911/1911/1911 1914/1914/1914 1910/1910/1910
f 1915/1915/1915 1914/1914/1914 1911/1911/1911
f 1915/1915/1915 1912/1912/1912 1916/1916/1916
f 1913/1913/1913 1912/1912/1912 1915/1915/1915
f 1915/1915/1915 1917/1917/1917 1914/1914/1914
f 1918/1918/1918 1917/1917/1917 1915/1915/1915
f 1920/1920/1920 1916/1916/1916 1919/1919/1919
f 1915/1915/1915 1916/1916/1916 1920/1920/1920
f 1918/1918/1918 1921/1921/1921 1917/1917/1917
f 1922/1922/1922 1921/1921/1921 1918/1918/1918
f 1924/1924/1924 1919/1919/1919 1923/1923/1923
f 1920/1920/1920 1919/1919/1919 1924/1924/1924
f 1922/1922/1922 1925/1925/1925 1921/1921/1921
f 1926/1926/1926 1925/1925/1925 1922/1922/1922
f 1928/1928/1928 1923/1923/1923 1927/1927/1927
f 1924/1924/1924 1923/1923/1923 1928/1928/1928
f 1926/1926/1926 1929/1929/1929 1925/1925/1925
f 1930/1930/1930 1929/1929/1929 1926/1926/1926
f 1932/1932/1932 1927/1927/1927 1931/1931/1931
f 1928/1928/1928 1927/1927/1927 1932/1932/1932
f 1930/1930/1930 1933/1933/1933 1929/1929/1929
f 1934/1934/1934 1933/1933/1933 1930/1930/1930
f 1936/1936/1936 1931/1931/1931 1935/1935/1935
f 1932/1932/1932 1931/1931/1931 1936/1936/1936
f 1862/1862/1862 1937/1937/1937 1860/1860/1860
f 1938/1938/1938 1937/1937/1937 1862/1862/1862
f 1940/1940/1940 1863/1863/1863 1939/1939/1939
f 1865/1865/1865 1863/1863/1863 1940/1940/1940
f 1938/1938/1938 1941/1941/1941 1937/1937/1937
f 1942/1942/1942 1941/1941/1941 1938/1938/1938
f 1944/1944/1944 1939/1939/1939 1943/1943/1943
f 1940/1940/1940 1939/1939/1939 1944/1944/1944
f 1942/1942/1942 1945/1945/1945 1941/1941/1941
f 1946/1946/1946 1945/1945/1945 1942/1942/1942
f 1948/1948/1948 1943/1943/1943 1947/1947/1947
f 1944/1944/1944 1943/1943/1943 1948/1948/1948
f 1946/1946/1946 1949/1949/1949 1945/1945/1945
f 1950/1950/1950 1949/1949/1949 1946/1946/1946
f 1952/1952/1952 1947/1947/1947 1951/1951/1951
f 1948/1948/1948 1947/1947/1947 1952/1952/1952
f 1950/1950/1950 1953/1953/1953 1949/1949/1949
f 1954/1954/1954 1953/1953/1953 1950/1950/1950
f 1956/1956/1956 1951/1951/1951 1955/1955/1955
f 1952/1952/1952 1951/1951/1951 1956/1956/1956
f 1959/1959/1959 1958/1958/1958 1957/1957/1957
f 1960/1960/1960 1958/1958/1958 1959/1959/1959
f 1963/1963/1963 1962/1962/1962 1961/1961/1961
f 1964/1964/1964 1962/1962/1962 1963/1963/1963
f 1960/1960/1960 1965/1965/1965 1958/1958/1958
f 1966/1966/1966 1965/1965/1965 1960/1960/1960
f 1968/1968/1968 1961/1961/1961 1967/1967/1967
f 1963/1963/1963 1961/1961/1961 1968/1968/1968
f 1966/1966/1966 1969/1969/1969 1965/1965/1965
f 1970/1970/1970 1969/1969/1969 1966/1966/1966
f 1972/1972/1972 1967/1967/1967 1971/1971/1971
f 1968/1968/1968 1967/1967/1967 1972/1972/1972
f 1970/1970/1970 1973/1973/1973 1969/1969/1969
f 1974/1974/1974 1973/1973/1973 1970/1970/1970
f 1976/1976/1976 1971/1971/1971 1975/1975/1975
f 1972/1972/1972 1971/1971/1971 1976/1976/1976
f 1974/1974/1974 1935/1935/1935 1973/1973/1973
f 1936/1936/1936 1935/1935/1935 1974/1974/1974
f 1934/1934/1934 1975/1975/1975 1933/1933/1933
f 1976/1976/1976 1975/1975/1975 1934/1934/1934
