# Exported from Godot Engine
mtllib Door_LF.mtl
o Door_LF
v -0.148513 0.342810 -0.942698
vt 0.525391 0.071289
vn -0.739264 0.022062 -0.673055
v -0.148318 0.350452 -0.941243
vt 0.525391 0.072754
vn -0.738947 0.010860 -0.673676
v -0.150862 0.342906 -0.942737
vt 0.525879 0.071777
vn -0.739264 0.022062 -0.673055
v -0.150668 0.350558 -0.941279
vt 0.525391 0.073242
vn -0.738947 0.010860 -0.673676
v 0.265063 0.325895 -0.935022
vt 0.446777 0.066895
vn -0.739264 0.022062 -0.673055
v 0.467576 0.317574 -0.930379
vt 0.408203 0.064941
vn -0.744236 0.021876 -0.667559
v 0.265315 0.332219 -0.934121
vt 0.446777 0.068359
vn -0.738947 0.010860 -0.673676
v 0.467866 0.323786 -0.929736
vt 0.408203 0.065918
vn -0.749039 0.021690 -0.662171
v 0.646570 0.310252 -0.925885
vt 0.374268 0.062500
vn -0.744236 0.021876 -0.667559
v 0.646883 0.316795 -0.925419
vt 0.374023 0.063965
vn -0.744236 0.021876 -0.667559
v 0.841650 0.302299 -0.920760
vt 0.337158 0.060547
vn -0.739264 0.022062 -0.673055
v 0.841300 0.296140 -0.920172
vt 0.337158 0.059082
vn -0.734204 0.022247 -0.678564
v 0.936835 0.298422 -0.918589
vt 0.319092 0.059570
vn -0.739264 0.022062 -0.673055
v 0.936512 0.292509 -0.918064
vt 0.319092 0.058105
vn -0.723553 0.011088 -0.690180
v 0.646290 0.303517 -0.925304
vt 0.374268 0.061523
vn -0.739264 0.022062 -0.673055
v 0.467360 0.310312 -0.929790
vt 0.408447 0.063477
vn -0.739264 0.022062 -0.673055
v 0.264838 0.318052 -0.934417
vt 0.447021 0.065430
vn -0.723553 0.011088 -0.690180
v 0.053297 0.326142 -0.938703
vt 0.487061 0.067871
vn -0.734204 0.022247 -0.678564
v 0.053536 0.334554 -0.939287
vt 0.487061 0.069336
vn -0.739264 0.022062 -0.673055
v -0.148670 0.333898 -0.942052
vt 0.525391 0.069824
vn -0.739531 0.033613 -0.672283
v -0.151018 0.333988 -0.942091
vt 0.525879 0.069824
vn -0.739531 0.033613 -0.672283
v 0.465596 0.244278 -0.914040
vt 0.408936 0.050293
vn -0.723553 0.011088 -0.690180
v 0.643854 0.241979 -0.910527
vt 0.375000 0.049316
vn -0.734204 0.022247 -0.678564
v 0.466378 0.281105 -0.924932
vt 0.408691 0.057617
vn -0.734204 0.022247 -0.678564
v 0.645106 0.276415 -0.920750
vt 0.374512 0.056152
vn -0.734204 0.022247 -0.678564
v 0.263115 0.246908 -0.917565
vt 0.447510 0.051758
vn -0.718205 0.011221 -0.695741
v 0.263872 0.286511 -0.929251
vt 0.447266 0.059570
vn -0.723553 0.011088 -0.690180
v 0.051570 0.249809 -0.920664
vt 0.487793 0.052734
vn -0.728994 0.022387 -0.684154
v 0.052289 0.292283 -0.933180
vt 0.487549 0.061035
vn -0.728994 0.022387 -0.684154
v -0.148818 0.253122 -0.923281
vt 0.525879 0.054199
vn -0.679281 0.129380 -0.722384
v -0.149138 0.297968 -0.936315
vt 0.525391 0.062988
vn -0.718205 0.011221 -0.695741
v 0.839840 0.271298 -0.916141
vt 0.337646 0.054688
vn -0.734204 0.022247 -0.678564
v 0.837852 0.239679 -0.907594
vt 0.338135 0.048340
vn -0.728994 0.022387 -0.684154
v 0.935103 0.268576 -0.914943
vt 0.319336 0.053711
vn -0.759670 0.055825 -0.647908
v 0.931773 0.238410 -0.908831
vt 0.319824 0.047852
vn -0.835010 0.172381 -0.522535
v 0.053793 0.341330 -0.938115
vt 0.487061 0.070312
vn -0.738947 0.010860 -0.673676
v 0.937231 0.306092 -0.918545
vt 0.318848 0.061035
vn -0.739264 0.022062 -0.673055
v 0.842013 0.309320 -0.920589
vt 0.336914 0.062012
vn -0.734204 0.022247 -0.678564
v 0.940706 0.362073 -0.918254
vt 0.317871 0.071289
vn -0.728994 0.022387 -0.684154
v 0.845880 0.371111 -0.919099
vt 0.335938 0.073730
vn -0.728994 0.022387 -0.684154
v 0.649853 0.335504 -0.922303
vt 0.373535 0.067383
vn -0.734204 0.022247 -0.678564
v 0.951240 0.519676 -0.934990
vt 0.315430 0.101562
vn -0.728994 0.022387 -0.684154
v 0.956001 0.605674 -0.938449
vt 0.314453 0.118164
vn -0.728994 0.022387 -0.684154
v 0.856141 0.523726 -0.935178
vt 0.333496 0.103027
vn -0.728994 0.022387 -0.684154
v 0.860879 0.609593 -0.938645
vt 0.332275 0.119141
vn -0.728994 0.022387 -0.684154
v 0.956609 0.678275 -0.937426
vt 0.313965 0.131836
vn -0.728994 0.022387 -0.684154
v 0.861464 0.682122 -0.937619
vt 0.332031 0.132812
vn -0.728994 0.022387 -0.684154
v -0.145915 0.823870 -0.922009
vt 0.522949 0.164062
vn -0.759299 0.043974 -0.649254
v -0.145411 0.818567 -0.924341
vt 0.522949 0.163086
vn -0.749740 0.044750 -0.660218
v -0.143558 0.823719 -0.922049
vt 0.522461 0.164062
vn -0.763927 0.043629 -0.643826
v -0.143046 0.818410 -0.924380
vt 0.522461 0.163086
vn -0.749740 0.044750 -0.660218
v 0.859174 0.755639 -0.930539
vt 0.332031 0.146973
vn -0.744236 0.021876 -0.667559
v 0.953952 0.748805 -0.930519
vt 0.314209 0.145508
vn -0.763927 0.043629 -0.643826
v 0.854928 0.803335 -0.914575
vt 0.332520 0.156738
vn -0.739264 0.022062 -0.673055
v 0.948211 0.799463 -0.915343
vt 0.314941 0.155762
vn -0.739264 0.022062 -0.673055
v 0.929529 0.879864 -0.869520
vt 0.317627 0.173340
vn -0.679649 0.000000 -0.733537
v 0.927267 0.884195 -0.864492
vt 0.317871 0.174316
vn -0.663727 0.000000 -0.747975
v 0.840881 0.880489 -0.872889
vt 0.334473 0.173340
vn -0.674313 0.000000 -0.738446
v 0.839046 0.886051 -0.867352
vt 0.334717 0.174805
vn -0.668990 0.000000 -0.743272
v 0.654358 0.903370 -0.862098
vt 0.370117 0.179199
vn -0.668990 0.000000 -0.743272
v 0.562385 0.907309 -0.864463
vt 0.387451 0.180176
vn -0.674313 0.000000 -0.738446
v 0.655079 0.889202 -0.874047
vt 0.370117 0.175781
vn -0.674313 0.000000 -0.738446
v 0.560903 0.891552 -0.876813
vt 0.387939 0.176758
vn -0.674313 0.000000 -0.738446
v 0.655253 0.885524 -0.876897
vt 0.370117 0.174805
vn -0.674313 0.000000 -0.738446
v 0.837537 0.892926 -0.859913
vt 0.334961 0.176758
vn -0.668990 0.000000 -0.743272
v 0.936408 0.858093 -0.885933
vt 0.316650 0.167969
vn -0.738947 0.010860 -0.673676
v 0.931147 0.875610 -0.873239
vt 0.317383 0.172363
vn -0.690488 0.000000 -0.723344
v 0.845390 0.859014 -0.887985
vt 0.333984 0.168457
vn -0.738947 0.010860 -0.673676
v 0.840731 0.876083 -0.876393
vt 0.334473 0.172363
vn -0.743804 0.010769 -0.668311
v 0.941107 0.839471 -0.897221
vt 0.316162 0.164062
vn -0.744236 0.021876 -0.667559
v 0.849039 0.841198 -0.898192
vt 0.333252 0.164551
vn -0.744236 0.021876 -0.667559
v 0.918227 0.896822 -0.849265
vt 0.319092 0.178223
vn -0.653393 0.000000 -0.757019
v 0.908683 0.908665 -0.838235
vt 0.320557 0.181641
vn -0.653393 0.000000 -0.757019
v 0.834716 0.902305 -0.850190
vt 0.335449 0.179688
vn -0.663680 0.010503 -0.747942
v 0.831888 0.911716 -0.842357
vt 0.335693 0.182129
vn -0.663680 0.010503 -0.747942
v 0.895734 0.923530 -0.829934
vt 0.322754 0.185059
vn -0.668652 0.031803 -0.742895
v 0.825761 0.922267 -0.835698
vt 0.336914 0.184570
vn -0.668933 0.010595 -0.743247
v 0.468467 0.339474 -0.925704
vt 0.407959 0.068848
vn -0.744236 0.021876 -0.667559
v 0.054936 0.397996 -0.922076
vt 0.486572 0.081543
vn -0.728994 0.022387 -0.684154
v 0.054542 0.378850 -0.925230
vt 0.486572 0.078125
vn -0.744236 0.021876 -0.667559
v 0.266570 0.380790 -0.922580
vt 0.446289 0.077637
vn -0.728994 0.022387 -0.684154
v 0.266089 0.364494 -0.924863
vt 0.446533 0.074707
vn -0.744236 0.021876 -0.667559
v 0.468787 0.359563 -0.922350
vt 0.407959 0.072754
vn -0.734204 0.022247 -0.678564
v -0.150107 0.391941 -0.924751
vt 0.525391 0.081543
vn -0.695984 0.000000 -0.718057
v -0.147755 0.391791 -0.924756
vt 0.524902 0.081543
vn -0.728813 0.011042 -0.684624
v -0.147496 0.414772 -0.920495
vt 0.524902 0.085938
vn -0.728994 0.022387 -0.684154
v -0.149849 0.414968 -0.920476
vt 0.525391 0.085938
vn -0.728994 0.022387 -0.684154
v 0.650521 0.388341 -0.920773
vt 0.373047 0.077637
vn -0.728994 0.022387 -0.684154
v 0.471293 0.403650 -0.921680
vt 0.407227 0.081055
vn -0.728994 0.022387 -0.684154
v 0.268459 0.420876 -0.921994
vt 0.445801 0.085449
vn -0.734182 0.033625 -0.678119
v 0.056647 0.438932 -0.921270
vt 0.486084 0.089355
vn -0.734182 0.033625 -0.678119
v 0.663088 0.620322 -0.938781
vt 0.369873 0.122070
vn -0.728994 0.022387 -0.684154
v 0.663728 0.693902 -0.937539
vt 0.369385 0.136230
vn -0.728994 0.022387 -0.684154
v 0.481548 0.630796 -0.938485
vt 0.404297 0.124512
vn -0.728994 0.022387 -0.684154
v 0.482258 0.705648 -0.937005
vt 0.403809 0.139160
vn -0.728994 0.022387 -0.684154
v 0.273215 0.556963 -0.934552
vt 0.444336 0.111328
vn -0.734182 0.033625 -0.678119
v 0.478124 0.545010 -0.935380
vt 0.405273 0.108398
vn -0.728994 0.022387 -0.684154
v 0.059478 0.569490 -0.932891
vt 0.485107 0.114258
vn -0.734182 0.033625 -0.678119
v 0.062130 0.732732 -0.933439
vt 0.483887 0.145020
vn -0.734182 0.033625 -0.678119
v 0.276624 0.718924 -0.935673
vt 0.443115 0.142090
vn -0.718205 0.011221 -0.695741
v 0.060326 0.804938 -0.927695
vt 0.484131 0.158691
vn -0.728994 0.022387 -0.684154
v 0.275793 0.790857 -0.930195
vt 0.442871 0.156250
vn -0.707118 0.000000 -0.707096
v -0.146792 0.456193 -0.919683
vt 0.524902 0.093750
vn -0.734182 0.033625 -0.678119
v -0.149157 0.456394 -0.919665
vt 0.525391 0.093750
vn -0.734182 0.033625 -0.678119
v -0.142951 0.745993 -0.930458
vt 0.522461 0.148926
vn -0.744496 0.044771 -0.666124
v -0.145335 0.746147 -0.930423
vt 0.522949 0.148926
vn -0.744496 0.044771 -0.666124
v 0.275431 0.796777 -0.927920
vt 0.442871 0.157227
vn -0.695984 0.000000 -0.718057
v 0.480288 0.782599 -0.929509
vt 0.404053 0.153809
vn -0.744236 0.021876 -0.667559
v 0.480962 0.776824 -0.931728
vt 0.403809 0.152832
vn -0.728994 0.022387 -0.684154
v 0.662309 0.769613 -0.930248
vt 0.369385 0.150391
vn -0.744236 0.021876 -0.667559
v 0.662420 0.764165 -0.932436
vt 0.369385 0.149414
vn -0.728994 0.022387 -0.684154
v 0.859626 0.750233 -0.932698
vt 0.332031 0.145996
vn -0.728994 0.022387 -0.684154
v 0.659021 0.534502 -0.935485
vt 0.370850 0.105469
vn -0.728994 0.022387 -0.684154
v 0.061256 0.655067 -0.935474
vt 0.484375 0.130371
vn -0.734182 0.033625 -0.678119
v 0.275835 0.642669 -0.937414
vt 0.443604 0.127930
vn -0.728994 0.022387 -0.684154
v -0.147247 0.581784 -0.930475
vt 0.523926 0.117676
vn -0.739201 0.044789 -0.671994
v -0.144871 0.581642 -0.930503
vt 0.523926 0.117676
vn -0.739201 0.044789 -0.671994
v -0.143981 0.667044 -0.932770
vt 0.522949 0.133789
vn -0.744496 0.044771 -0.666124
v -0.146367 0.667183 -0.932739
vt 0.523438 0.133789
vn -0.734182 0.033625 -0.678119
v 0.274752 0.809761 -0.922208
vt 0.442871 0.160156
vn -0.728813 0.011042 -0.684624
v 0.167284 0.803747 -0.926681
vt 0.463623 0.158691
vn -0.701463 0.011091 -0.712619
v 0.059136 0.810718 -0.925442
vt 0.484375 0.159668
vn -0.739264 0.022062 -0.673055
v 0.472013 0.826596 -0.911940
vt 0.405273 0.163086
vn -0.744236 0.021876 -0.667559
v 0.663837 0.813688 -0.913139
vt 0.368896 0.159668
vn -0.744236 0.021876 -0.667559
v 0.464797 0.892184 -0.880654
vt 0.406250 0.176758
vn -0.743804 0.010769 -0.668311
v 0.467040 0.877459 -0.889476
vt 0.406006 0.173340
vn -0.743804 0.010769 -0.668311
v 0.655441 0.881243 -0.879950
vt 0.370117 0.173828
vn -0.743804 0.010769 -0.668311
v 0.657533 0.865080 -0.890080
vt 0.369629 0.170410
vn -0.738947 0.010860 -0.673676
v 0.468722 0.860807 -0.897965
vt 0.405762 0.169922
vn -0.749039 0.021690 -0.662171
v 0.659797 0.848368 -0.898867
vt 0.369385 0.166504
vn -0.744236 0.021876 -0.667559
v 0.653784 0.914085 -0.852526
vt 0.370117 0.182129
vn -0.668990 0.000000 -0.743272
v 0.561209 0.914301 -0.858405
vt 0.387695 0.182129
vn -0.668990 0.000000 -0.743272
v 0.654038 0.909325 -0.856767
vt 0.370117 0.181152
vn -0.668990 0.000000 -0.743272
v 0.566266 0.910683 -0.861338
vt 0.386719 0.181152
vn -0.668990 0.000000 -0.743272
v 0.464952 0.913794 -0.864715
vt 0.406006 0.182129
vn -0.674313 0.000000 -0.738446
v 0.464272 0.925866 -0.853769
vt 0.406250 0.185059
vn -0.668990 0.000000 -0.743272
v 0.559918 0.922914 -0.850298
vt 0.387939 0.184570
vn -0.668990 0.000000 -0.743272
v 0.262930 0.923378 -0.866908
vt 0.444580 0.184570
vn -0.758332 0.021358 -0.651518
v 0.263025 0.933951 -0.858288
vt 0.444336 0.187500
vn -0.762804 0.021170 -0.646284
v 0.653217 0.921343 -0.846148
vt 0.370117 0.184082
vn -0.668990 0.000000 -0.743272
v 0.265120 0.891087 -0.887950
vt 0.444336 0.177246
vn -0.763389 0.032229 -0.645134
v 0.264407 0.898246 -0.883680
vt 0.444336 0.178711
vn -0.767825 0.031985 -0.639861
v 0.047833 0.905074 -0.884909
vt 0.485596 0.182129
vn -0.733923 0.010951 -0.679144
v -0.159096 0.917738 -0.880549
vt 0.525391 0.184082
vn -0.695984 0.000000 -0.718057
v -0.167341 0.946582 -0.861111
vt 0.527344 0.190918
vn -0.701463 0.011091 -0.712619
v -0.161443 0.917882 -0.880500
vt 0.525879 0.184082
vn -0.744236 0.021876 -0.667559
v -0.169764 0.946714 -0.861061
vt 0.527832 0.190918
vn -0.701463 0.011091 -0.712619
v 0.268335 0.874638 -0.896353
vt 0.443848 0.173828
vn -0.758891 0.032517 -0.650406
v 0.271674 0.840336 -0.910431
vt 0.443359 0.166504
vn -0.744236 0.021876 -0.667559
v 0.047999 0.889441 -0.893150
vt 0.485596 0.179199
vn -0.728813 0.011042 -0.684624
v -0.054276 0.896098 -0.891001
vt 0.505371 0.180176
vn -0.706918 0.022398 -0.706940
v 0.154059 0.825170 -0.917470
vt 0.466064 0.162598
vn -0.711830 0.133448 -0.689558
v 0.055578 0.831660 -0.916067
vt 0.484863 0.164062
vn -0.754207 0.032759 -0.655819
v -0.034950 0.852445 -0.895298
vt 0.501465 0.170410
vn -0.299781 0.249795 -0.920725
v -0.042165 0.854571 -0.906019
vt 0.503418 0.169922
vn -0.298114 0.269683 -0.915641
v -0.024951 0.845349 -0.898034
vt 0.499512 0.169434
vn -0.397779 0.316618 -0.861118
v -0.031512 0.846476 -0.908794
vt 0.501465 0.167969
vn -0.372043 0.308137 -0.875578
v -0.016315 0.841550 -0.899470
vt 0.498047 0.168457
vn -0.527861 0.193500 -0.826995
v -0.022372 0.842180 -0.910261
vt 0.499756 0.166992
vn -0.495346 0.211663 -0.842514
v 0.046176 0.934953 -0.865527
vt 0.485840 0.188965
vn -0.690488 0.000000 -0.723344
v 0.045466 0.944259 -0.858018
vt 0.485840 0.191406
vn -0.685042 0.000000 -0.728504
v -0.170313 0.955794 -0.853666
vt 0.527832 0.192871
vn -0.718312 0.122450 -0.684860
v -0.172761 0.955925 -0.853617
vt 0.528320 0.192871
vn -0.727192 0.218669 -0.650673
v -0.149344 0.851923 -0.909822
vt 0.523438 0.170410
vn -0.723553 0.011088 -0.690180
v -0.147027 0.851946 -0.909802
vt 0.522949 0.170410
vn -0.734204 0.022247 -0.678564
v -0.151480 0.298034 -0.936351
vt 0.525879 0.062988
vn -0.707118 0.000000 -0.707096
v 0.954589 0.743260 -0.932716
vt 0.314209 0.144531
vn -0.707118 0.000000 -0.707096
v -0.054359 0.862656 -0.905587
vt 0.505371 0.171875
vn -0.858811 0.154248 -0.488520
v -0.061080 0.872560 -0.901672
vt 0.506836 0.174805
vn -0.718205 0.011221 -0.695741
v -0.152495 0.885653 -0.896930
vt 0.524414 0.177246
vn -0.723553 0.011088 -0.690180
v -0.055860 0.880379 -0.898462
vt 0.505371 0.176758
vn -0.713752 0.111506 -0.691465
v -0.055257 0.878262 -0.899308
vt 0.505371 0.176270
vn -0.713113 0.241297 -0.658214
v 0.050140 0.873471 -0.900178
vt 0.485352 0.175781
vn -0.728813 0.011042 -0.684624
v 0.050497 0.870771 -0.901303
vt 0.485352 0.175293
vn -0.739264 0.022062 -0.673055
v 0.097618 0.866934 -0.902344
vt 0.476318 0.173828
vn -0.803449 0.085673 -0.589177
v 0.108063 0.869044 -0.901378
vt 0.474365 0.174316
vn -0.799068 0.074572 -0.596598
v 0.153958 0.848273 -0.909036
vt 0.465576 0.169434
vn -0.869335 0.160770 -0.467343
v 0.171051 0.834379 -0.913689
vt 0.462402 0.166016
vn -0.852218 0.143737 -0.503055
v 0.131063 0.854308 -0.893070
vt 0.470459 0.169922
vn -0.665242 0.738249 -0.111544
v 0.136301 0.855158 -0.904201
vt 0.468994 0.170898
vn -0.640549 0.765654 -0.058908
v 0.121119 0.857732 -0.891795
vt 0.472412 0.170410
vn -0.735072 0.619895 -0.274589
v 0.125721 0.859016 -0.902803
vt 0.470947 0.171875
vn -0.717380 0.662193 -0.216485
v 0.162163 0.830256 -0.902368
vt 0.464600 0.165527
vn -0.743088 0.643454 0.183813
v 0.169447 0.828812 -0.913533
vt 0.462891 0.164551
vn -0.708374 0.696553 0.114110
v 0.162336 0.831665 -0.901805
vt 0.464600 0.165527
vn -0.514368 0.762472 0.392508
v 0.169555 0.829728 -0.913109
vt 0.462891 0.165039
vn -0.570628 0.766705 0.294189
v -0.060317 0.877305 -0.899747
vt 0.506348 0.175781
vn -0.716191 0.144312 -0.682821
v -0.047551 0.866445 -0.889837
vt 0.503418 0.173340
vn -0.994033 0.108657 -0.009589
v -0.055619 0.870428 -0.900076
vt 0.505859 0.174316
vn -0.226437 0.132347 -0.964993
v -0.042594 0.860461 -0.892175
vt 0.502930 0.171875
vn -0.208828 0.083500 -0.974381
v -0.050354 0.863738 -0.902748
vt 0.504883 0.172363
vn -0.243475 0.180809 -0.952905
v 0.170987 0.825059 -0.917266
vt 0.462646 0.163574
vn -0.709084 0.100476 -0.697928
v 0.173858 0.827140 -0.916360
vt 0.462158 0.164062
vn -0.707073 0.011223 -0.707051
v 0.112787 0.865161 -0.902891
vt 0.473389 0.173340
vn -0.839660 0.124364 -0.528682
v 0.127562 0.862009 -0.903981
vt 0.470703 0.172852
vn -0.825876 0.104514 -0.554080
v 0.145293 0.853833 -0.906971
vt 0.467285 0.170898
vn -0.848994 0.132939 -0.511406
v 0.138791 0.857872 -0.905474
vt 0.468506 0.171387
vn -0.825876 0.104514 -0.554080
v 0.004304 0.834873 -0.915107
vt 0.494629 0.165039
vn -0.799068 0.074572 -0.596598
v 0.144419 0.852627 -0.907450
vt 0.467285 0.170410
vn -0.890423 0.195674 -0.410924
v 0.153013 0.847104 -0.909476
vt 0.465820 0.168945
vn -0.917186 0.255511 -0.305751
v 0.138066 0.856574 -0.905987
vt 0.468506 0.171387
vn -0.855789 0.143476 -0.497030
v 0.127103 0.860613 -0.904529
vt 0.470703 0.172363
vn -0.861460 0.152891 -0.484263
v 0.112520 0.863724 -0.903453
vt 0.473389 0.173340
vn -0.836569 0.125449 -0.533306
v 0.097458 0.865485 -0.902911
vt 0.476318 0.173828
vn -0.811432 0.096057 -0.576499
v 0.050375 0.869320 -0.901876
vt 0.485352 0.174805
vn -0.723553 0.011088 -0.690180
v 0.169854 0.833427 -0.914028
vt 0.462646 0.166016
vn -0.917186 0.255511 -0.305751
v -0.051324 0.864148 -0.904070
vt 0.504883 0.172363
vn -0.370742 0.014677 -0.928620
v -0.043067 0.854837 -0.907359
vt 0.503418 0.169922
vn -0.407444 0.076130 -0.910051
v -0.044696 0.853999 -0.908574
vt 0.503906 0.169922
vn -0.887596 0.196129 -0.416780
v -0.053123 0.863552 -0.905241
vt 0.505371 0.172363
vn -0.911488 0.243045 -0.331840
v -0.045800 0.852947 -0.908953
vt 0.503906 0.169434
vn -0.836569 0.125449 -0.533306
v -0.033670 0.845524 -0.911443
vt 0.501953 0.167969
vn -0.874333 0.169835 -0.454640
v -0.034523 0.844288 -0.911911
vt 0.501953 0.167480
vn -0.832936 0.114499 -0.541394
v -0.055284 0.876807 -0.899887
vt 0.505371 0.175781
vn -0.712336 0.271862 -0.647046
v -0.057908 0.876725 -0.899951
vt 0.505859 0.175781
vn -0.708382 0.332690 -0.622505
v -0.059444 0.875529 -0.900454
vt 0.506348 0.175293
vn -0.714966 0.230971 -0.659906
v -0.059847 0.873627 -0.901230
vt 0.506348 0.174805
vn -0.707073 0.011223 -0.707051
v -0.058597 0.870581 -0.902446
vt 0.506348 0.173828
vn -0.836569 0.125449 -0.533306
v -0.024142 0.841001 -0.912986
vt 0.500000 0.166504
vn -0.869335 0.160770 -0.467343
v -0.024697 0.839633 -0.913528
vt 0.500000 0.166504
vn -0.825876 0.104514 -0.554080
v 0.004432 0.836324 -0.914536
vt 0.494629 0.165527
vn -0.822507 0.105405 -0.558903
v 0.055681 0.833105 -0.915476
vt 0.484863 0.164062
vn -0.749457 0.033045 -0.661228
v 0.154171 0.826605 -0.916860
vt 0.466064 0.163086
vn -0.712336 0.271862 -0.647046
v 0.166836 0.825638 -0.917074
vt 0.463379 0.163574
vn -0.698726 0.399206 -0.593646
v 0.166963 0.824185 -0.917688
vt 0.463379 0.163086
vn -0.708216 0.313517 -0.632563
v 0.170302 0.826392 -0.916710
vt 0.462646 0.164062
vn -0.714751 0.197884 -0.670801
v 0.172365 0.827844 -0.916082
vt 0.462402 0.164062
vn -0.706717 0.033651 -0.706695
v 0.172561 0.829554 -0.915334
vt 0.462158 0.164551
vn -0.799612 0.086421 -0.594266
v 0.174159 0.829786 -0.915242
vt 0.461914 0.164551
vn -0.759299 0.043974 -0.649254
v 0.152827 0.828192 -0.914009
vt 0.466309 0.163574
vn -0.722663 0.133398 -0.678205
v 0.153714 0.828062 -0.915395
vt 0.466309 0.163574
vn -0.733780 0.240892 -0.635247
v 0.165105 0.827265 -0.914221
vt 0.463867 0.164062
vn -0.802920 0.482710 -0.349730
v 0.166089 0.827121 -0.915605
vt 0.463623 0.164062
vn -0.733406 0.536859 -0.417011
v 0.151615 0.846006 -0.908988
vt 0.466064 0.168945
vn -0.754867 0.655701 -0.015251
v 0.143137 0.851441 -0.907013
vt 0.467529 0.170410
vn -0.783424 0.598560 -0.167252
v 0.150839 0.846037 -0.907560
vt 0.466309 0.168945
vn -0.561671 0.819048 0.116987
v 0.142435 0.851388 -0.905606
vt 0.467773 0.170410
vn -0.603239 0.797043 0.028717
v 0.170457 0.829486 -0.914522
vt 0.462646 0.164551
vn -0.796332 0.596188 -0.102056
v 0.168128 0.832671 -0.913442
vt 0.462891 0.165527
vn -0.787965 0.615308 -0.022518
v 0.167214 0.832914 -0.912010
vt 0.463135 0.165527
vn -0.541128 0.802332 0.251881
v 0.136823 0.850965 -0.894349
vt 0.469482 0.169434
vn -0.606645 0.794851 -0.013931
v 0.160345 0.829057 -0.902862
vt 0.465088 0.165527
vn -0.853647 0.491477 -0.172448
v 0.168067 0.827903 -0.913918
vt 0.463135 0.164551
vn -0.773126 0.632518 -0.046877
v -0.056676 0.872974 -0.899059
vt 0.505859 0.174805
vn -0.239497 0.069385 -0.968415
v -0.057676 0.873470 -0.900338
vt 0.505859 0.174805
vn -0.407611 0.137122 -0.902802
v -0.056627 0.870926 -0.901355
vt 0.505859 0.174316
vn -0.388693 0.059780 -0.919426
v 0.009625 0.837569 -0.900822
vt 0.493164 0.167480
vn -0.615052 0.098370 -0.782326
v 0.005415 0.837687 -0.911755
vt 0.494385 0.166016
vn -0.599031 0.115915 -0.792291
v 0.107879 0.860380 -0.890860
vt 0.474854 0.171387
vn -0.774294 0.452453 -0.442443
v 0.111519 0.862015 -0.901762
vt 0.473633 0.172852
vn -0.770150 0.497120 -0.399675
v -0.044635 0.871607 -0.887755
vt 0.503418 0.173828
vn -0.759052 0.207475 -0.617086
v 0.051402 0.865165 -0.889460
vt 0.485352 0.172363
vn -0.762145 0.217714 -0.609701
v -0.053497 0.874768 -0.898287
vt 0.504883 0.175293
vn -0.618474 0.118696 -0.776789
v 0.050453 0.867463 -0.900222
vt 0.485352 0.174316
vn -0.762145 0.217714 -0.609701
v 0.159907 0.834857 -0.900556
vt 0.465088 0.166016
vn -0.470502 0.792099 0.388855
v 0.094196 0.861882 -0.890384
vt 0.477295 0.171387
vn -0.777460 0.298155 -0.553769
v 0.096777 0.863722 -0.901234
vt 0.476562 0.173340
vn -0.785479 0.318412 -0.530695
v 0.056208 0.834756 -0.901525
vt 0.484619 0.166504
vn -0.646564 0.071800 -0.759473
v 0.055852 0.834533 -0.912638
vt 0.484863 0.164551
vn -0.651682 0.072404 -0.755029
v -0.046982 0.871539 -0.887803
vt 0.503418 0.173828
vn -0.886280 0.118771 -0.447662
v -0.055655 0.874702 -0.898338
vt 0.505371 0.175293
vn -0.389414 0.000000 -0.921063
v 0.145738 0.829234 -0.902922
vt 0.467773 0.165527
vn -0.661907 0.073510 -0.745973
v -0.048318 0.870563 -0.888204
vt 0.503906 0.173828
vn -0.975058 0.216663 -0.048149
v -0.056480 0.874058 -0.898613
vt 0.505371 0.175293
vn -0.962730 0.013849 -0.270111
v 0.144625 0.846288 -0.896141
vt 0.468018 0.168457
vn -0.577164 0.813910 0.066571
v 0.157234 0.828418 -0.903144
vt 0.465576 0.165039
vn -0.768127 0.239636 -0.593764
v -0.048668 0.869006 -0.888827
vt 0.503906 0.173340
vn -0.986867 0.157395 0.036336
v -0.055284 0.876807 -0.899887
vt 0.505371 0.175781
vn -0.646088 0.370632 -0.667235
v -0.054605 0.875163 -0.899603
vt 0.505371 0.175781
vn -0.645341 0.260208 -0.718211
v 0.050375 0.869320 -0.901876
vt 0.485352 0.174805
vn -0.748794 0.067037 -0.659404
v 0.050334 0.867750 -0.901567
vt 0.485352 0.174805
vn -0.751021 0.111240 -0.650840
v -0.032332 0.846617 -0.910139
vt 0.501465 0.167969
vn -0.457214 0.112266 -0.882242
v 0.111974 0.862220 -0.903124
vt 0.473633 0.172852
vn -0.809776 0.287666 -0.511382
v 0.097099 0.863952 -0.902590
vt 0.476562 0.173340
vn -0.787668 0.175027 -0.590715
v 0.136956 0.855265 -0.905593
vt 0.468750 0.171387
vn -0.808424 0.503439 -0.304960
v -0.057500 0.874495 -0.899914
vt 0.505859 0.175293
vn -0.431524 0.203978 -0.878738
v -0.023129 0.842259 -0.911610
vt 0.500000 0.166992
vn -0.552404 0.027161 -0.833134
v 0.004889 0.837702 -0.913121
vt 0.494385 0.165527
vn -0.622856 0.009933 -0.782273
v 0.055807 0.834505 -0.914027
vt 0.484863 0.164551
vn -0.663587 0.021027 -0.747803
v 0.169033 0.827758 -0.915300
vt 0.462891 0.164062
vn -0.769323 0.553518 -0.318998
v 0.170357 0.828632 -0.914928
vt 0.462646 0.164551
vn -0.797590 0.531677 -0.284903
v 0.126297 0.859176 -0.904179
vt 0.470947 0.172363
vn -0.823067 0.414014 -0.388784
v -0.056739 0.875097 -0.899655
vt 0.505859 0.175293
vn -0.490850 0.307292 -0.815253
v 0.825761 0.922267 -0.835698
vt 0.336914 0.184570
vn -0.674313 0.000000 -0.738446
v 0.824746 0.922978 -0.833816
vt 0.336914 0.184570
vn -0.674313 0.000000 -0.738446
v 0.653025 0.921944 -0.844327
vt 0.370117 0.184570
vn -0.668990 0.000000 -0.743272
v 0.559918 0.922914 -0.850298
vt 0.387939 0.184570
vn -0.663680 0.010503 -0.747942
v 0.559725 0.923545 -0.848464
vt 0.387939 0.184570
vn -0.663680 0.010503 -0.747942
v 0.464272 0.925866 -0.853769
vt 0.406250 0.185059
vn -0.658387 0.020885 -0.752389
v 0.464202 0.926511 -0.851909
vt 0.406250 0.185547
vn -0.658387 0.020885 -0.752389
v 0.263025 0.933951 -0.858288
vt 0.444336 0.187500
vn -0.653345 0.010362 -0.756989
v 0.263045 0.934702 -0.856423
vt 0.444336 0.187500
vn -0.653345 0.010362 -0.756989
v 0.045466 0.944259 -0.858018
vt 0.485840 0.191406
vn -0.674131 0.021398 -0.738302
v 0.045491 0.945143 -0.856220
vt 0.485840 0.191406
vn -0.674131 0.021398 -0.738302
v -0.170313 0.955794 -0.853666
vt 0.527832 0.192871
vn -0.715396 0.089407 -0.692976
v -0.170743 0.956691 -0.851850
vt 0.527832 0.193359
vn -0.752331 0.309438 -0.581589
v -0.172761 0.955925 -0.853617
vt 0.528320 0.192871
vn -0.737062 0.536036 -0.411589
v -0.173196 0.956822 -0.851800
vt 0.528809 0.193359
vn -0.682085 0.690358 -0.241175
v -0.057908 0.876725 -0.899951
vt 0.505859 0.175781
vn -0.556025 0.315054 -0.769140
v -0.059444 0.875529 -0.900454
vt 0.506348 0.175293
vn -0.502877 0.187461 -0.843785
v 0.004432 0.836324 -0.914536
vt 0.494629 0.165527
vn -0.804160 0.040182 -0.593053
v -0.024142 0.841001 -0.912986
vt 0.500000 0.166504
vn -0.864492 0.064020 -0.498553
v 0.055681 0.833105 -0.915476
vt 0.484863 0.164062
vn -0.668990 0.000000 -0.743272
v 0.154171 0.826605 -0.916860
vt 0.466064 0.163086
vn -0.730868 0.300898 -0.612611
v -0.058597 0.870581 -0.902446
vt 0.506348 0.173828
vn -0.886138 0.008121 -0.463350
v -0.053123 0.863552 -0.905241
vt 0.505371 0.172363
vn -0.929395 0.076772 -0.361014
v 0.127103 0.860613 -0.904529
vt 0.470703 0.172363
vn -0.869678 0.376821 -0.318850
v 0.112520 0.863724 -0.903453
vt 0.473389 0.173340
vn -0.856904 0.278722 -0.433624
v 0.097458 0.865485 -0.902911
vt 0.476318 0.173828
vn -0.825342 0.183383 -0.534024
v 0.172365 0.827844 -0.916082
vt 0.462402 0.164062
vn -0.832892 0.391326 -0.391350
v 0.172561 0.829554 -0.915334
vt 0.462158 0.164551
vn -0.841647 0.502296 -0.198316
v 0.138066 0.856574 -0.905987
vt 0.468506 0.171387
vn -0.862833 0.440553 -0.247853
v 0.166836 0.825638 -0.917074
vt 0.463379 0.163574
vn -0.714004 0.528128 -0.459651
v 0.170302 0.826392 -0.916710
vt 0.462646 0.164062
vn -0.770757 0.460393 -0.440422
v -0.033670 0.845524 -0.911443
vt 0.501953 0.167969
vn -0.872659 0.025632 -0.487656
v -0.059847 0.873627 -0.901230
vt 0.506348 0.174805
vn -0.486438 0.091442 -0.868917
v 0.144419 0.852627 -0.907450
vt 0.467285 0.170410
vn -0.853429 0.498526 -0.152091
v -0.044696 0.853999 -0.908574
vt 0.503906 0.169922
vn -0.894777 0.032678 -0.445315
v 0.169854 0.833427 -0.914028
vt 0.462646 0.166016
vn -0.838029 0.543356 -0.049724
v 0.153013 0.847104 -0.909476
vt 0.465820 0.168945
vn -0.841521 0.537909 -0.049970
v -0.155622 0.902694 -0.888868
vt 0.524902 0.181152
vn -0.701528 0.000000 -0.712642
v -0.154727 0.885775 -0.896895
vt 0.524414 0.177246
vn -0.749457 0.033045 -0.661228
v -0.157962 0.902846 -0.888819
vt 0.525391 0.181152
vn -0.754207 0.032759 -0.655819
v -0.150912 0.253151 -0.923225
vt 0.526367 0.054199
vn -0.645848 0.283527 -0.708868
v 0.936951 0.268496 -0.914955
vt 0.319092 0.053711
vn -0.791354 0.099586 -0.603193
v 0.933878 0.238774 -0.908849
vt 0.319580 0.047852
vn -0.900284 0.335176 -0.277751
v 0.938425 0.292468 -0.918049
vt 0.318604 0.058105
vn -0.718205 0.011221 -0.695741
v 0.938781 0.298366 -0.918579
vt 0.318604 0.059570
vn -0.718205 0.011221 -0.695741
v 0.939191 0.305991 -0.918550
vt 0.318604 0.061035
vn -0.738774 0.055937 -0.671627
v 0.942712 0.361895 -0.918417
vt 0.317627 0.071289
vn -0.762089 0.100102 -0.639688
v 0.953291 0.519687 -0.935050
vt 0.315186 0.101562
vn -0.753404 0.078099 -0.652903
v 0.957918 0.605471 -0.938424
vt 0.313965 0.118164
vn -0.728994 0.022387 -0.684154
v 0.958596 0.678262 -0.937456
vt 0.313721 0.131836
vn -0.728994 0.022387 -0.684154
v 0.956743 0.743026 -0.932743
vt 0.313965 0.144043
vn -0.712507 0.022397 -0.701308
v 0.956161 0.748699 -0.930595
vt 0.313721 0.145508
vn -0.773762 0.066308 -0.629997
v 0.950289 0.799435 -0.915326
vt 0.314697 0.155762
vn -0.739264 0.022062 -0.673055
v 0.943111 0.839453 -0.897131
vt 0.315674 0.164062
vn -0.743804 0.010769 -0.668311
v 0.938428 0.858114 -0.885800
vt 0.316406 0.167969
vn -0.674313 0.000000 -0.738446
v 0.933192 0.875579 -0.873202
vt 0.317139 0.172363
vn -0.695817 0.022084 -0.717879
v 0.931594 0.879906 -0.869557
vt 0.317139 0.173340
vn -0.707118 0.000000 -0.707096
v 0.929543 0.884147 -0.864484
vt 0.317383 0.174316
vn -0.772157 0.031696 -0.634640
v 0.920800 0.896840 -0.849115
vt 0.318604 0.178223
vn -0.775636 0.020644 -0.630843
v 0.911387 0.908429 -0.838192
vt 0.320068 0.181152
vn -0.782787 0.010019 -0.622209
v 0.896968 0.923785 -0.829312
vt 0.322510 0.185059
vn -0.634397 0.101500 -0.766315
v 0.794108 0.947000 -0.813315
vt 0.382568 0.598145
vn -0.871494 -0.336707 -0.356548
v 0.833758 0.952103 -0.809238
vt 0.375244 0.596924
vn -0.910009 -0.316091 -0.268273
v 0.829942 0.941250 -0.803452
vt 0.376465 0.594727
vn -0.893041 -0.297680 -0.337438
v 0.751460 0.943112 -0.809904
vt 0.390625 0.598633
vn -0.790617 -0.299158 -0.534256
v 0.748923 0.944286 -0.797257
vt 0.391357 0.596436
vn -0.788061 -0.308800 -0.532543
v 0.156130 0.363608 -0.815509
vt 0.500977 0.490234
vn -0.700427 -0.055581 -0.711557
v 0.192177 0.403659 -0.808668
vt 0.494873 0.498047
vn -0.706673 -0.033651 -0.706739
v 0.239136 0.357544 -0.815732
vt 0.486572 0.489746
vn -0.706875 -0.022398 -0.706984
v 0.271754 0.401349 -0.808894
vt 0.480713 0.498047
vn -0.706875 -0.022398 -0.706984
v 0.848151 0.910287 -0.796755
vt 0.373779 0.588623
vn -0.468804 -0.725297 0.504150
v 0.850385 0.924324 -0.800205
vt 0.372803 0.591064
vn -0.524534 -0.746767 0.408905
v 0.860344 0.909714 -0.819228
vt 0.368652 0.587646
vn -0.468333 -0.729022 0.499191
v 0.859746 0.923283 -0.817680
vt 0.369141 0.590332
vn -0.534794 -0.757572 0.374272
v 0.803696 0.828687 -0.787655
vt 0.384277 0.574219
vn -0.395146 -0.752604 0.526733
v 0.806314 0.827997 -0.813414
vt 0.380127 0.572998
vn -0.404811 -0.735975 0.542650
v 0.802873 0.805165 -0.790700
vt 0.384766 0.569336
vn -0.318679 -0.786310 0.529302
v 0.809628 0.805576 -0.815203
vt 0.380127 0.569092
vn -0.295979 -0.749754 0.591832
v 0.843599 0.523791 -0.805880
vt 0.378662 0.517822
vn -0.322148 -0.775114 0.543524
v 0.853192 0.524612 -0.842951
vt 0.371582 0.517822
vn -0.339544 -0.797379 0.498895
v 0.845247 0.455452 -0.809661
vt 0.378662 0.506592
vn -0.408787 -0.691422 0.595675
v 0.858746 0.453063 -0.850703
vt 0.371338 0.504395
vn -0.434087 -0.732475 0.524450
v 0.822046 0.398174 -0.813517
vt 0.382324 0.497559
vn -0.712430 -0.650495 0.263250
v 0.840652 0.382345 -0.859285
vt 0.375732 0.491211
vn -0.711749 -0.668706 0.215046
v 0.754187 0.356807 -0.816633
vt 0.393799 0.490723
vn -0.862109 -0.451384 -0.230262
v 0.762469 0.331775 -0.867819
vt 0.390381 0.480957
vn -0.855773 -0.455205 -0.245847
v 0.677979 0.350835 -0.818039
vt 0.406738 0.489746
vn -0.718006 -0.022395 -0.695677
v 0.678661 0.326398 -0.870071
vt 0.406006 0.479004
vn -0.722974 -0.044827 -0.689420
v 0.239136 0.357544 -0.815732
vt 0.486572 0.489746
vn -0.701419 -0.011091 -0.712662
v 0.236500 0.327469 -0.868680
vt 0.487305 0.478516
vn -0.695898 -0.011046 -0.718055
v 0.156130 0.363608 -0.815509
vt 0.500977 0.490234
vn -0.601325 -0.145444 -0.785655
v 0.150291 0.335309 -0.868593
vt 0.503418 0.479492
vn -0.597577 -0.134917 -0.790379
v 0.085689 0.393364 -0.812807
vt 0.513672 0.495117
vn -0.458824 -0.235495 -0.856751
v 0.063020 0.362102 -0.869974
vt 0.520020 0.484375
vn -0.454011 -0.235110 -0.859417
v 0.023591 0.440627 -0.809417
vt 0.523926 0.502930
vn -0.325650 -0.274981 -0.904620
v -0.004384 0.419349 -0.873719
vt 0.534180 0.494141
vn -0.322796 -0.282873 -0.903208
v -0.022105 0.494822 -0.806740
vt 0.531738 0.512207
vn -0.199936 -0.287647 -0.936635
v -0.041375 0.490828 -0.877064
vt 0.542969 0.506348
vn -0.197253 -0.309982 -0.930055
v -0.046572 0.556899 -0.806010
vt 0.536133 0.522705
vn -0.135785 -0.278735 -0.950720
v -0.058440 0.553844 -0.882307
vt 0.548828 0.517578
vn -0.139834 -0.301214 -0.943248
v -0.071570 0.620352 -0.886716
vt 0.553223 0.529541
vn -0.095047 -0.270558 -0.958000
v -0.046572 0.556899 -0.806010
vt 0.536133 0.522705
vn -0.095047 -0.270558 -0.958000
v -0.058440 0.553844 -0.882307
vt 0.548828 0.517578
vn -0.095047 -0.270558 -0.958000
v -0.083647 0.825762 -0.816350
vt 0.551270 0.569580
vn -0.141945 -0.248413 -0.958198
v -0.064785 0.689693 -0.802220
vt 0.541992 0.546143
vn -0.118902 -0.245007 -0.962203
v -0.096844 0.823335 -0.856968
vt 0.558594 0.567139
vn -0.125747 -0.251534 -0.959645
v -0.080368 0.687518 -0.880357
vt 0.555664 0.541748
vn -0.118902 -0.245007 -0.962203
v -0.109875 0.869397 -0.852932
vt 0.561523 0.575684
vn -0.240292 -0.195025 -0.950907
v -0.111682 0.949326 -0.826664
vt 0.562012 0.591309
vn -0.269055 -0.283213 -0.920543
v -0.135837 0.952904 -0.844425
vt 0.567871 0.590576
vn -0.259549 -0.273578 -0.926169
v -0.115946 0.883020 -0.872039
vt 0.565918 0.576660
vn -0.091824 -0.337897 -0.936693
v -0.120558 0.895512 -0.877852
vt 0.567871 0.578369
vn -0.109469 -0.394140 -0.912508
v -0.124195 0.906717 -0.875414
vt 0.568359 0.580322
vn -0.119965 -0.479951 -0.869054
v -0.051003 0.589205 -0.805088
vt 0.537109 0.527588
vn -0.091104 -0.036421 -0.995175
v -0.046572 0.556899 -0.806010
vt 0.536133 0.522705
vn -0.097974 -0.152384 -0.983453
v -0.053818 0.591568 -0.817636
vt 0.539551 0.527832
vn -0.091150 -0.029146 -0.995411
v -0.054963 0.594087 -0.821612
vt 0.540527 0.528320
vn -0.098454 -0.204232 -0.973959
v -0.059963 0.595412 -0.845974
vt 0.544922 0.527344
vn -0.101765 -0.261722 -0.959763
v -0.071570 0.620352 -0.886716
vt 0.553223 0.529541
vn -0.101765 -0.261722 -0.959763
v 0.809628 0.805576 -0.815203
vt 0.380127 0.569092
vn -0.772038 -0.099954 -0.627667
v 0.806314 0.827997 -0.813414
vt 0.380127 0.572998
vn -0.754166 -0.032759 -0.655866
v 0.885034 0.806345 -0.814590
vt 0.366699 0.568848
vn -0.772038 -0.099954 -0.627667
v 0.876099 0.839926 -0.811308
vt 0.367676 0.574707
vn -0.754166 -0.032759 -0.655866
v 0.853192 0.524612 -0.842951
vt 0.371582 0.517822
vn -0.795050 -0.153500 -0.586799
v 0.889485 0.528940 -0.849165
vt 0.364746 0.518311
vn -0.795050 -0.153500 -0.586799
v 0.858746 0.453063 -0.850703
vt 0.371338 0.504395
vn -0.799758 -0.237721 -0.551249
v 0.885894 0.361773 -0.865395
vt 0.367676 0.487305
vn -0.782372 -0.143227 -0.606119
v 0.840652 0.382345 -0.859285
vt 0.375732 0.491211
vn -0.730953 -0.155021 -0.664587
v 0.845877 0.314603 -0.870274
vt 0.374756 0.478516
vn -0.717483 -0.044834 -0.695132
v 0.762469 0.331775 -0.867819
vt 0.390381 0.480957
vn -0.705498 -0.067171 -0.705521
v 0.773706 0.284694 -0.872082
vt 0.387939 0.472656
vn -0.705498 -0.067171 -0.705521
v 0.678661 0.326398 -0.870071
vt 0.406006 0.479004
vn -0.706362 -0.044840 -0.706429
v 0.684335 0.280712 -0.872953
vt 0.404785 0.470703
vn -0.706362 -0.044840 -0.706429
v 0.236500 0.327469 -0.868680
vt 0.487305 0.478516
vn -0.707030 -0.011223 -0.707095
v 0.234166 0.284819 -0.873259
vt 0.487549 0.470703
vn -0.707030 -0.011223 -0.707095
v 0.150291 0.335309 -0.868593
vt 0.503418 0.479492
vn -0.701094 -0.033379 -0.712287
v 0.080878 0.289016 -0.874162
vt 0.516113 0.470703
vn -0.688958 -0.065602 -0.721826
v 0.063020 0.362102 -0.869974
vt 0.520020 0.484375
vn -0.678190 -0.064587 -0.732043
v 0.016764 0.310711 -0.874725
vt 0.528320 0.474121
vn -0.671785 -0.085289 -0.735820
v -0.004384 0.419349 -0.873719
vt 0.534180 0.494141
vn -0.653357 -0.124409 -0.746757
v -0.047839 0.366713 -0.877170
vt 0.541016 0.483398
vn -0.659237 -0.115075 -0.743077
v -0.041375 0.490828 -0.877064
vt 0.542969 0.506348
vn -0.629309 -0.161089 -0.760277
v -0.083759 0.433586 -0.880210
vt 0.549316 0.495117
vn -0.641073 -0.143588 -0.753929
v -0.058440 0.553844 -0.882307
vt 0.548828 0.517578
vn -0.612325 -0.177773 -0.770360
v -0.092498 0.544089 -0.885720
vt 0.554199 0.514893
vn -0.613378 -0.168181 -0.771675
v -0.071570 0.620352 -0.886716
vt 0.553223 0.529541
vn -0.635162 -0.152414 -0.757192
v -0.058440 0.553844 -0.882307
vt 0.548828 0.517578
vn -0.633079 -0.172195 -0.754692
v -0.097201 0.619189 -0.888555
vt 0.557617 0.528564
vn -0.634150 -0.162316 -0.755981
v -0.092498 0.544089 -0.885720
vt 0.554199 0.514893
vn -0.631934 -0.181994 -0.753351
v -0.096844 0.823335 -0.856968
vt 0.558594 0.567139
vn -0.522603 -0.113207 -0.845027
v -0.080368 0.687518 -0.880357
vt 0.555664 0.541748
vn -0.536996 -0.088725 -0.838906
v -0.112205 0.824163 -0.862752
vt 0.561523 0.566895
vn -0.519260 -0.103816 -0.848287
v -0.102206 0.687838 -0.885603
vt 0.559570 0.541504
vn -0.536996 -0.088725 -0.838906
v -0.109875 0.869397 -0.852932
vt 0.561523 0.575684
vn -0.400578 -0.308107 -0.862906
v -0.117462 0.867062 -0.859453
vt 0.562988 0.574463
vn -0.373559 -0.316965 -0.871772
v -0.115946 0.883020 -0.872039
vt 0.565918 0.576660
vn -0.252998 -0.274089 -0.927830
v -0.123827 0.881091 -0.878246
vt 0.567383 0.575928
vn -0.287960 -0.263031 -0.920811
v -0.135837 0.952904 -0.844425
vt 0.567871 0.590576
vn -0.828799 -0.048470 -0.557444
v -0.124195 0.906717 -0.875414
vt 0.568359 0.580322
vn -0.866728 -0.063490 -0.494723
v -0.151496 0.954962 -0.845023
vt 0.570801 0.591309
vn -0.838503 -0.101009 -0.535453
v -0.140125 0.910643 -0.874834
vt 0.570801 0.581543
vn -0.864732 -0.073579 -0.496814
v -0.120558 0.895512 -0.877852
vt 0.567871 0.578369
vn -0.462337 -0.104508 -0.880524
v -0.130115 0.891502 -0.885363
vt 0.569824 0.577148
vn -0.472937 -0.122288 -0.872569
v -0.080368 0.687518 -0.880357
vt 0.555664 0.541748
vn -0.616097 -0.078834 -0.783715
v -0.071570 0.620352 -0.886716
vt 0.553223 0.529541
vn -0.611405 -0.138040 -0.779185
v -0.102206 0.687838 -0.885603
vt 0.559570 0.541504
vn -0.615002 -0.098369 -0.782366
v -0.097201 0.619189 -0.888555
vt 0.557617 0.528564
vn -0.609684 -0.157321 -0.776876
v 0.860344 0.909714 -0.819228
vt 0.368652 0.587646
vn -0.763349 -0.032229 -0.645182
v 0.885034 0.806345 -0.814590
vt 0.366699 0.568848
vn -0.062721 -0.689889 0.721193
v 0.876099 0.839926 -0.811308
vt 0.367676 0.574707
vn -0.256783 -0.765134 0.590451
v 0.888991 0.797285 -0.906444
vt 0.350830 0.566162
vn -0.063198 -0.695131 0.716100
v 0.889646 0.843007 -0.883069
vt 0.354492 0.574707
vn -0.222732 -0.768990 0.599204
v 0.889485 0.528940 -0.849165
vt 0.364746 0.518311
vn -0.079307 -0.658930 0.748012
v 0.891994 0.526844 -0.899393
vt 0.355713 0.516602
vn -0.091171 -0.678440 0.728976
v 0.885894 0.361773 -0.865395
vt 0.367676 0.487305
vn -0.288151 -0.650462 0.702758
v 0.896249 0.361335 -0.902086
vt 0.361328 0.484863
vn -0.287099 -0.668362 0.686197
v 0.845877 0.314603 -0.870274
vt 0.374756 0.478516
vn -0.773276 -0.628282 0.085476
v 0.862270 0.297708 -0.906793
vt 0.369385 0.472656
vn -0.762387 -0.642793 0.074723
v 0.684335 0.280712 -0.872953
vt 0.404785 0.470703
vn -0.726929 -0.078258 -0.682239
v 0.773706 0.284694 -0.872082
vt 0.387939 0.472656
vn -0.842248 -0.370987 -0.391135
v 0.684445 0.258397 -0.909848
vt 0.404297 0.462891
vn -0.726929 -0.078258 -0.682239
v 0.775202 0.262285 -0.907109
vt 0.386719 0.464844
vn -0.834240 -0.331598 -0.440553
v 0.233894 0.264891 -0.916542
vt 0.487793 0.461914
vn -0.707030 -0.011223 -0.707095
v 0.080878 0.289016 -0.874162
vt 0.516113 0.470703
vn -0.657889 -0.041730 -0.751958
v 0.078426 0.274915 -0.897164
vt 0.516602 0.465820
vn -0.663355 -0.031565 -0.747639
v 0.016764 0.310711 -0.874725
vt 0.528320 0.474121
vn -0.492632 -0.202104 -0.846444
v 0.008830 0.296961 -0.891875
vt 0.530273 0.470215
vn -0.491778 -0.210175 -0.844974
v -0.047839 0.366713 -0.877170
vt 0.541016 0.483398
vn -0.380984 -0.194194 -0.903958
v -0.061872 0.355697 -0.894985
vt 0.544434 0.480469
vn -0.378495 -0.202359 -0.903212
v -0.083759 0.433586 -0.880210
vt 0.549316 0.495117
vn -0.251109 -0.153430 -0.955721
v -0.096323 0.424482 -0.899765
vt 0.552734 0.492676
vn -0.257063 -0.166715 -0.951906
v -0.092498 0.544089 -0.885720
vt 0.554199 0.514893
vn -0.208024 -0.117864 -0.970996
v -0.111219 0.542919 -0.920697
vt 0.561523 0.513672
vn -0.205387 -0.118347 -0.971499
v -0.097201 0.619189 -0.888555
vt 0.557617 0.528564
vn -0.182040 -0.140019 -0.973271
v -0.113227 0.618176 -0.924804
vt 0.564941 0.527344
vn -0.180797 -0.139072 -0.973638
v -0.117462 0.867062 -0.859453
vt 0.562988 0.574463
vn -0.132822 -0.251301 -0.958752
v -0.112205 0.824163 -0.862752
vt 0.561523 0.566895
vn -0.131711 -0.227817 -0.964755
v -0.128819 0.863813 -0.897432
vt 0.570312 0.572021
vn -0.135198 -0.241975 -0.960817
v -0.123671 0.821674 -0.913542
vt 0.570312 0.563965
vn -0.131893 -0.221029 -0.966308
v -0.123827 0.881091 -0.878246
vt 0.567383 0.575928
vn -0.158963 -0.240246 -0.957608
v -0.102206 0.687838 -0.885603
vt 0.559570 0.541504
vn -0.142296 -0.170755 -0.974984
v -0.117105 0.687413 -0.925610
vt 0.567383 0.539795
vn -0.142296 -0.170755 -0.974984
v 0.860344 0.909714 -0.819228
vt 0.368652 0.587646
vn -0.389952 -0.794882 0.464866
v 0.887019 0.881915 -0.858530
vt 0.359131 0.582031
vn -0.404884 -0.819889 0.404785
v 0.888991 0.797285 -0.906444
vt 0.350830 0.566162
vn -0.780854 -0.374816 -0.499780
v 0.889646 0.843007 -0.883069
vt 0.354492 0.574707
vn -0.710094 -0.432213 -0.555840
v 0.952268 0.796051 -0.906133
vt 0.340332 0.567139
vn -0.718292 -0.241218 -0.652588
v 0.944720 0.834623 -0.888547
vt 0.343994 0.575684
vn -0.704948 -0.435391 -0.559896
v 0.958425 0.745580 -0.921375
vt 0.338867 0.556396
vn -0.759460 -0.280094 -0.587169
v 0.896249 0.361335 -0.902086
vt 0.361328 0.484863
vn -0.854007 -0.375144 -0.360469
v 0.891994 0.526844 -0.899393
vt 0.355713 0.516602
vn -0.843366 -0.490826 -0.218685
v 0.945250 0.362192 -0.908840
vt 0.352051 0.483887
vn -0.862065 -0.421648 -0.281170
v 0.955703 0.520370 -0.925369
vt 0.343750 0.513672
vn -0.847505 -0.488079 -0.208601
v 0.862270 0.297708 -0.906793
vt 0.369385 0.472656
vn -0.712619 -0.011222 -0.701462
v 0.940756 0.298745 -0.908811
vt 0.354736 0.472656
vn -0.796344 -0.142773 -0.587752
v 0.887019 0.881915 -0.858530
vt 0.359131 0.582031
vn -0.685652 -0.554372 -0.471755
v 0.940053 0.852673 -0.877575
vt 0.346436 0.579346
vn -0.697207 -0.514251 -0.499448
v 0.933686 0.873074 -0.862711
vt 0.349854 0.583496
vn -0.677848 -0.582354 -0.448761
v 0.684445 0.258397 -0.909848
vt 0.404297 0.462891
vn -0.680983 -0.108071 -0.724281
v 0.775202 0.262285 -0.907109
vt 0.386719 0.464844
vn -0.687816 -0.087324 -0.720614
v 0.643836 0.242261 -0.904539
vt 0.411865 0.459473
vn -0.695273 -0.044102 -0.717391
v 0.837852 0.239679 -0.902838
vt 0.374268 0.461914
vn -0.694876 -0.055112 -0.717015
v 0.233894 0.264891 -0.916542
vt 0.487793 0.461914
vn -0.759107 -0.066962 -0.647512
v 0.263229 0.247370 -0.910752
vt 0.482178 0.458496
vn -0.701311 -0.022264 -0.712508
v 0.078426 0.274915 -0.897164
vt 0.516602 0.465820
vn -0.728951 -0.022387 -0.684200
v 0.051531 0.250516 -0.913400
vt 0.521973 0.460938
vn -0.701311 -0.022264 -0.712508
v -0.021611 0.290942 -0.895495
vt 0.535645 0.468750
vn -0.695273 -0.044102 -0.717391
v -0.150908 0.253696 -0.915447
vt 0.559570 0.459961
vn -0.665881 -0.095093 -0.739972
v -0.051870 0.305299 -0.896504
vt 0.541504 0.470703
vn -0.641028 -0.081381 -0.763191
v 0.933761 0.238370 -0.903295
vt 0.356445 0.461426
vn -0.667581 -0.063562 -0.741819
v -0.082209 0.338702 -0.897734
vt 0.547852 0.476562
vn -0.463354 -0.080578 -0.882502
v -0.071232 0.323442 -0.897138
vt 0.545410 0.474121
vn -0.537450 -0.079942 -0.839498
v -0.153179 0.300128 -0.926596
vt 0.561523 0.468750
vn -0.466689 -0.081131 -0.880693
v -0.152968 0.257222 -0.913998
vt 0.560059 0.460449
vn -0.556991 -0.054319 -0.828740
v -0.150926 0.456764 -0.909666
vt 0.564453 0.496582
vn -0.658567 -0.244308 -0.711760
v -0.096323 0.424482 -0.899765
vt 0.552734 0.492676
vn -0.606596 -0.185892 -0.772972
v -0.151650 0.414025 -0.910550
vt 0.562988 0.489258
vn -0.591094 -0.192202 -0.783368
v -0.113227 0.618176 -0.924804
vt 0.564941 0.527344
vn -0.723507 -0.310823 -0.616382
v -0.111219 0.542919 -0.920697
vt 0.561523 0.513672
vn -0.675452 -0.239651 -0.697375
v -0.149010 0.582458 -0.920485
vt 0.569824 0.519531
vn -0.692910 -0.263940 -0.670978
v -0.128819 0.863813 -0.897432
vt 0.570312 0.572021
vn -0.851567 -0.212868 -0.479083
v -0.123671 0.821674 -0.913542
vt 0.570312 0.563965
vn -0.753362 -0.078100 -0.652952
v -0.151243 0.848576 -0.900405
vt 0.574707 0.569580
vn -0.835658 -0.192801 -0.514300
v -0.147565 0.818016 -0.913822
vt 0.574707 0.563477
vn -0.733390 -0.055957 -0.677501
v -0.130115 0.891502 -0.885363
vt 0.569824 0.577148
vn -0.862204 -0.211560 -0.460268
v -0.156637 0.881819 -0.887723
vt 0.574707 0.576172
vn -0.858718 -0.212005 -0.466538
v -0.117105 0.687413 -0.925610
vt 0.567383 0.539795
vn -0.728852 -0.208223 -0.652241
v -0.148141 0.667276 -0.922730
vt 0.572754 0.535645
vn -0.731768 -0.251208 -0.633569
v -0.147130 0.745686 -0.920424
vt 0.573730 0.550049
vn -0.727988 -0.133361 -0.672494
v -0.140125 0.910643 -0.874834
vt 0.570801 0.581543
vn -0.866742 -0.199588 -0.457081
v -0.175275 0.948071 -0.847680
vt 0.575195 0.590332
vn -0.849312 -0.144974 -0.507594
v -0.163378 0.912733 -0.871954
vt 0.575195 0.582764
vn -0.869332 -0.197803 -0.452920
v -0.151976 0.389224 -0.915184
vt 0.562500 0.484863
vn -0.528624 -0.140927 -0.837076
v -0.093035 0.369632 -0.898704
vt 0.550781 0.482422
vn -0.485593 -0.107900 -0.867500
v -0.152631 0.342374 -0.932858
vt 0.562500 0.476074
vn -0.473848 -0.106202 -0.874179
v 0.008830 0.296961 -0.891875
vt 0.530273 0.470215
vn -0.673275 -0.053395 -0.737462
v 0.078426 0.274915 -0.897164
vt 0.516602 0.465820
vn -0.689783 -0.043775 -0.722692
v -0.021611 0.290942 -0.895495
vt 0.535645 0.468750
vn -0.657168 -0.062575 -0.751142
v -0.051870 0.305299 -0.896504
vt 0.541504 0.470703
vn -0.656710 -0.072958 -0.750606
v -0.082209 0.338702 -0.897734
vt 0.547852 0.476562
vn -0.629429 -0.100707 -0.770505
v -0.061872 0.355697 -0.894985
vt 0.544434 0.480469
vn -0.644829 -0.102352 -0.757443
v -0.071232 0.323442 -0.897138
vt 0.545410 0.474121
vn -0.656210 -0.083322 -0.749964
v -0.093035 0.369632 -0.898704
vt 0.550781 0.482422
vn -0.628033 -0.120587 -0.768787
v -0.096323 0.424482 -0.899765
vt 0.552734 0.492676
vn -0.628033 -0.120587 -0.768787
v 0.959908 0.605392 -0.928625
vt 0.340820 0.530029
vn -0.834119 -0.498652 -0.235779
v 0.888991 0.797285 -0.906444
vt 0.350830 0.566162
vn -0.813732 -0.287208 -0.505323
v 0.960647 0.677833 -0.927721
vt 0.339355 0.543457
vn -0.821403 -0.445350 -0.356315
v 0.754187 0.356807 -0.816633
vt 0.393799 0.490723
vn -0.744454 -0.044771 -0.666171
v 0.745541 0.403798 -0.807402
vt 0.395264 0.499512
vn -0.744454 -0.044771 -0.666171
v 0.822046 0.398174 -0.813517
vt 0.382324 0.497559
vn -0.841580 -0.222303 -0.492264
v 0.784308 0.421173 -0.807076
vt 0.388916 0.501953
vn -0.833872 -0.203098 -0.513234
v 0.677979 0.350835 -0.818039
vt 0.406738 0.489746
vn -0.707074 0.000000 -0.707139
v 0.485243 0.401287 -0.807702
vt 0.441895 0.498535
vn -0.706875 -0.022398 -0.706984
v 0.845247 0.455452 -0.809661
vt 0.378662 0.506592
vn -0.846762 -0.280503 -0.452010
v 0.811160 0.457377 -0.803982
vt 0.384521 0.507568
vn -0.830430 -0.244864 -0.500427
v 0.843599 0.523791 -0.805880
vt 0.378662 0.517822
vn -0.835086 -0.302684 -0.459363
v 0.816965 0.497384 -0.803197
vt 0.383545 0.513672
vn -0.782262 -0.258922 -0.566592
v 0.794695 0.654099 -0.789889
vt 0.387207 0.541748
vn -0.818525 -0.362598 -0.445577
v 0.802873 0.805165 -0.790700
vt 0.384766 0.569336
vn -0.879052 -0.439526 -0.184623
v 0.779606 0.755691 -0.785193
vt 0.389648 0.560303
vn -0.822085 -0.361892 -0.439557
v 0.803696 0.828687 -0.787655
vt 0.384277 0.574219
vn -0.821859 -0.204098 -0.531876
v 0.762986 0.869181 -0.785547
vt 0.390869 0.582275
vn -0.838606 -0.347712 -0.419328
v 0.848151 0.910287 -0.796755
vt 0.373779 0.588623
vn -0.829389 -0.183092 -0.527817
v 0.748923 0.944286 -0.797257
vt 0.391357 0.596436
vn -0.825306 -0.183386 -0.534078
v 0.850385 0.924324 -0.800205
vt 0.372803 0.591064
vn -0.846812 -0.252422 -0.468179
v 0.829942 0.941250 -0.803452
vt 0.376465 0.594727
vn -0.845430 -0.243052 -0.475578
v 0.023591 0.440627 -0.809417
vt 0.523926 0.502930
vn -0.678190 -0.064587 -0.732043
v 0.074015 0.450794 -0.805377
vt 0.515137 0.505127
vn -0.678190 -0.064587 -0.732043
v 0.085689 0.393364 -0.812807
vt 0.513672 0.495117
vn -0.682434 -0.086633 -0.725796
v 0.130597 0.418075 -0.807134
vt 0.505859 0.500000
vn -0.693258 -0.088010 -0.715295
v -0.046572 0.556899 -0.806010
vt 0.536133 0.522705
vn -0.669333 -0.171306 -0.722944
v 0.004143 0.559561 -0.803736
vt 0.527344 0.524170
vn -0.671944 -0.149295 -0.725398
v -0.022105 0.494822 -0.806740
vt 0.531738 0.512207
vn -0.677067 -0.085938 -0.730887
v 0.022481 0.513812 -0.803731
vt 0.523926 0.516113
vn -0.678190 -0.064587 -0.732043
v -0.083647 0.825762 -0.816350
vt 0.551270 0.569580
vn -0.608545 -0.267151 -0.747197
v -0.051844 0.811820 -0.812531
vt 0.544922 0.568359
vn -0.591418 -0.252068 -0.765955
v -0.064785 0.689693 -0.802220
vt 0.541992 0.546143
vn -0.627528 -0.212506 -0.749033
v -0.033879 0.727783 -0.799958
vt 0.537598 0.553955
vn -0.597701 -0.213786 -0.772689
v -0.026506 0.694306 -0.798927
vt 0.535156 0.548096
vn -0.651553 -0.187654 -0.735027
v -0.055163 0.619538 -0.804222
vt 0.538574 0.533936
vn -0.662649 -0.136710 -0.736347
v -0.037405 0.622482 -0.803064
vt 0.535645 0.534912
vn -0.660009 -0.104745 -0.743920
v -0.010399 0.619538 -0.801666
vt 0.530762 0.534668
vn -0.663540 -0.126360 -0.737393
v -0.111682 0.949326 -0.826664
vt 0.562012 0.591309
vn -0.673254 -0.183109 -0.716380
v -0.084413 0.968164 -0.820855
vt 0.557617 0.595459
vn -0.882991 -0.211901 -0.418837
v -0.069806 0.909732 -0.824682
vt 0.552734 0.585693
vn -0.641461 -0.368023 -0.673118
v -0.130115 0.891502 -0.885363
vt 0.569824 0.577148
vn -0.212094 -0.201642 -0.956220
v 0.958425 0.745580 -0.921375
vt 0.338867 0.556396
vn -0.771971 -0.186135 -0.607795
v 0.860344 0.909714 -0.819228
vt 0.368652 0.587646
vn -0.709917 -0.556419 -0.431759
v 0.859746 0.923283 -0.817680
vt 0.369141 0.590332
vn -0.685342 -0.411184 -0.601027
v 0.901168 0.917123 -0.821914
vt 0.361084 0.591309
vn -0.694951 -0.617757 -0.367992
v 0.894129 0.927865 -0.816843
vt 0.363037 0.592773
vn -0.705547 -0.466999 -0.533025
v 0.887019 0.881915 -0.858530
vt 0.359131 0.582031
vn -0.689398 -0.630822 -0.356081
v 0.913422 0.902056 -0.830642
vt 0.357422 0.589600
vn -0.683188 -0.647705 -0.337241
v 0.922980 0.889566 -0.842480
vt 0.354004 0.587402
vn -0.669402 -0.608557 -0.426099
v 0.936196 0.242514 -0.899309
vt 0.355713 0.462402
vn -0.667581 -0.063562 -0.741819
v 0.933686 0.873074 -0.862711
vt 0.349854 0.583496
vn -0.685967 -0.586591 -0.430536
v 0.855293 0.953038 -0.807546
vt 0.371338 0.596191
vn -0.862848 -0.240549 -0.444557
v 0.833758 0.952103 -0.809238
vt 0.375244 0.596924
vn -0.862848 -0.240549 -0.444557
v 0.857150 0.952871 -0.807297
vt 0.370850 0.596191
vn -0.589651 -0.666418 0.456289
v 0.850385 0.924324 -0.800205
vt 0.372803 0.591064
vn -0.580331 -0.744921 0.329104
v 0.855293 0.953038 -0.807546
vt 0.371338 0.596191
vn -0.901457 -0.242330 -0.358680
v 0.880055 0.933152 -0.809239
vt 0.365967 0.593750
vn -0.688833 -0.399606 -0.604834
v 0.859746 0.923283 -0.817680
vt 0.369141 0.590332
vn -0.581987 -0.747032 0.321301
v 0.858288 0.952323 -0.807219
vt 0.370850 0.596191
vn -0.548702 -0.685897 0.477987
v 0.858288 0.952323 -0.807219
vt 0.370850 0.596191
vn -0.586902 -0.381461 -0.714167
v -0.077037 0.974806 -0.824838
vt 0.556641 0.597412
vn -0.645999 -0.081998 -0.758922
v -0.127768 0.975193 -0.824987
vt 0.565918 0.595947
vn -0.637935 -0.173484 -0.750295
v -0.129810 0.969601 -0.836492
vt 0.566895 0.593994
vn -0.305727 -0.302131 -0.902911
v -0.127768 0.975193 -0.824987
vt 0.565918 0.595947
vn -0.270548 -0.348913 -0.897253
v -0.180006 0.975211 -0.840389
vt 0.575684 0.595459
vn -0.607151 -0.246780 -0.755293
v -0.129810 0.969601 -0.836492
vt 0.566895 0.593994
vn -0.830236 -0.028289 -0.556694
v -0.176306 0.967946 -0.845652
vt 0.575195 0.593750
vn -0.816111 -0.019056 -0.577581
v -0.132741 0.961795 -0.840377
vt 0.567383 0.592529
vn -0.824651 -0.038555 -0.564326
v -0.179303 0.968814 -0.846814
vt 0.575684 0.593994
vn -0.426130 -0.211097 -0.879688
v -0.182146 0.975812 -0.841736
vt 0.576172 0.595459
vn -0.422235 -0.483692 -0.766654
v -0.176306 0.967946 -0.845652
vt 0.575195 0.593750
vn -0.603814 0.000000 -0.797126
v -0.176298 0.960186 -0.849346
vt 0.575684 0.592529
vn -0.011736 -0.540124 -0.841504
v -0.179303 0.968814 -0.846814
vt 0.575684 0.593994
vn -0.416442 -0.161920 -0.894627
v -0.184069 0.979693 -0.835114
vt 0.576660 0.596680
vn -0.391839 -0.666994 -0.633704
v -0.184127 0.979087 -0.832144
vt 0.576172 0.597168
vn -0.441258 -0.574051 -0.689751
v -0.129810 0.969601 -0.836492
vt 0.566895 0.593994
vn -0.557714 -0.018103 -0.829836
v -0.180006 0.975211 -0.840389
vt 0.575684 0.595459
vn -0.557714 -0.018103 -0.829836
v -0.127768 0.975193 -0.824987
vt 0.565918 0.595947
vn -0.557714 -0.018103 -0.829836
v -0.181838 0.978570 -0.825146
vt 0.575684 0.598389
vn -0.557714 -0.018103 -0.829836
v -0.127768 0.975193 -0.824987
vt 0.565918 0.595947
vn -0.877873 -0.228522 -0.420852
v -0.181838 0.978570 -0.825146
vt 0.575684 0.598389
vn -0.878611 -0.230092 -0.418450
v -0.077037 0.974806 -0.824838
vt 0.556152 0.594238
vn -0.878611 -0.230092 -0.418450
v -0.181838 0.980049 -0.825146
vt 0.575684 0.598633
vn -0.878611 -0.230092 -0.418450
v -0.181838 0.978570 -0.825146
vt 0.575684 0.598389
vn -0.451918 -0.550905 -0.701622
v -0.054237 0.567311 -0.832263
vt 0.439453 0.745361
vn 0.859458 0.299273 0.414450
v -0.055430 0.575480 -0.832054
vt 0.436523 0.744141
vn -0.414811 0.031886 0.909349
v -0.056441 0.568190 -0.829714
vt 0.438721 0.746094
vn 0.832004 0.303996 0.464064
v -0.057272 0.573881 -0.829568
vt 0.436768 0.745361
vn -0.406616 0.035841 0.912896
v -0.052521 0.563209 -0.825303
vt 0.440186 0.748291
vn 0.937521 0.290486 0.191498
v -0.055245 0.565333 -0.824866
vt 0.438965 0.748047
vn 0.933168 0.302109 0.194751
v -0.051997 0.567276 -0.818135
vt 0.437744 0.750366
vn 0.615033 0.110385 0.780737
v -0.054881 0.568166 -0.819873
vt 0.437500 0.749268
vn 0.623131 0.118303 0.773118
v -0.053190 0.575445 -0.817926
vt 0.434814 0.749512
vn -0.603616 0.244060 0.759001
v -0.055712 0.573856 -0.819727
vt 0.435791 0.748535
vn -0.535474 0.231389 0.812235
v -0.054906 0.579547 -0.824885
vt 0.434082 0.746338
vn -0.822672 0.299472 0.483246
v -0.056907 0.576714 -0.824575
vt 0.435303 0.746582
vn -0.802875 0.310333 0.509004
v -0.056441 0.568190 -0.829714
vt 0.438721 0.746094
vn 0.430780 0.039889 0.901575
v -0.057272 0.573881 -0.829568
vt 0.436768 0.745361
vn 0.430780 0.039889 0.901575
v -0.056076 0.571023 -0.824721
vt 0.437256 0.747314
vn 0.430780 0.039889 0.901575
v -0.055245 0.565333 -0.824866
vt 0.438965 0.748047
vn 0.430780 0.039889 0.901575
v -0.054881 0.568166 -0.819873
vt 0.437500 0.749268
vn 0.430780 0.039889 0.901575
v -0.055712 0.573856 -0.819727
vt 0.435791 0.748535
vn 0.430780 0.039889 0.901575
v -0.056907 0.576714 -0.824575
vt 0.435303 0.746582
vn 0.430780 0.039889 0.901575
v -0.052692 0.567510 -0.832566
vt 0.439941 0.744873
vn 0.863256 0.500983 0.061685
v -0.053894 0.575746 -0.832355
vt 0.436523 0.743652
vn -0.598040 0.066841 0.798674
v -0.054237 0.567311 -0.832263
vt 0.439453 0.745361
vn 0.852129 0.508150 0.125139
v -0.055430 0.575480 -0.832054
vt 0.436523 0.744141
vn -0.619682 0.082321 0.780524
v -0.050961 0.563375 -0.825550
vt 0.440674 0.748535
vn 0.449980 0.095587 -0.887908
v -0.052521 0.563209 -0.825303
vt 0.440186 0.748291
vn 0.482156 0.107161 -0.869507
v -0.050434 0.567475 -0.818323
vt 0.437988 0.750854
vn 0.730708 0.110370 0.673709
v -0.051997 0.567276 -0.818135
vt 0.437744 0.750366
vn 0.754151 0.124433 0.644805
v -0.051636 0.575711 -0.818113
vt 0.434326 0.749756
vn -0.647791 0.522259 0.554629
v -0.053190 0.575445 -0.817926
vt 0.434814 0.749512
vn -0.604987 0.508164 0.612994
v -0.053366 0.579846 -0.825128
vt 0.433594 0.746094
vn -0.911955 0.199591 -0.358470
v -0.054906 0.579547 -0.824885
vt 0.434082 0.746338
vn -0.900946 0.220434 -0.373771
v -0.132741 0.961795 -0.840377
vt 0.567383 0.592529
vn -0.374111 -0.231920 -0.897916
v -0.029062 0.596879 -0.803550
vt 0.533691 0.530273
vn -0.672996 -0.138871 -0.726493
v -0.033205 0.592048 -0.803968
vt 0.534668 0.529297
vn -0.661778 -0.256145 -0.704585
v -0.051003 0.589205 -0.805088
vt 0.537109 0.527588
vn -0.663593 -0.246172 -0.706430
v -0.031787 0.618085 -0.802901
vt 0.534668 0.534180
vn -0.674848 -0.117821 -0.728490
v -0.062427 0.613574 -0.845318
vt 0.545410 0.530518
vn -0.101765 -0.261722 -0.959763
v -0.060615 0.614770 -0.835281
vt 0.543945 0.531250
vn -0.102144 -0.248104 -0.963333
v -0.057249 0.619053 -0.815139
vt 0.540527 0.533203
vn -0.101550 -0.210390 -0.972329
v -0.055163 0.619538 -0.804222
vt 0.538574 0.533936
vn -0.105332 -0.276058 -0.955352
v -0.064785 0.689693 -0.802220
vt 0.541992 0.546143
vn -0.105537 -0.269330 -0.957248
v -0.080368 0.687518 -0.880357
vt 0.555664 0.541748
vn -0.101961 -0.254942 -0.961566
v -0.062210 0.604929 -0.850470
vt 0.545898 0.528809
vn -0.101765 -0.261722 -0.959763
v 0.935404 0.753564 -0.884994
vt 0.696289 0.401855
vn -0.245804 0.933113 -0.262453
v 0.935404 0.747560 -0.884989
vt 0.695801 0.402832
vn -0.251393 0.930015 -0.268092
v 0.918089 0.753563 -0.885606
vt 0.697266 0.405273
vn -0.260611 0.924728 -0.277418
v 0.918089 0.747559 -0.885601
vt 0.696289 0.406250
vn -0.260611 0.924728 -0.277418
v 0.938825 0.753559 -0.892092
vt 0.693848 0.401855
vn -0.146674 0.632347 0.760673
v 0.938825 0.747554 -0.892087
vt 0.694336 0.402344
vn -0.137491 0.623181 0.769897
v 0.938206 0.753562 -0.887366
vt 0.695312 0.401367
vn -0.136646 0.623836 0.769517
v 0.938206 0.747558 -0.887361
vt 0.695312 0.402344
vn -0.136552 0.618835 0.773561
v 0.901738 0.753555 -0.897079
vt 0.692871 0.410156
vn -0.311496 0.146826 0.938836
v 0.901738 0.747550 -0.897074
vt 0.694336 0.410156
vn -0.243938 0.117574 0.962637
v 0.935840 0.753556 -0.894769
vt 0.692871 0.402832
vn 0.134551 0.071458 0.988327
v 0.935840 0.747552 -0.894765
vt 0.693848 0.402832
vn 0.189329 0.098941 0.976916
v 0.914875 0.753565 -0.883832
vt 0.697266 0.405762
vn -0.394966 0.909047 0.132796
v 0.914875 0.747561 -0.883827
vt 0.696777 0.406738
vn -0.392551 0.910217 0.131945
v 0.898456 0.754400 -0.856477
vt 0.703613 0.408203
vn -0.375336 0.918102 0.127323
v 0.898457 0.747581 -0.856472
vt 0.702637 0.409180
vn -0.373018 0.919156 0.126533
v 0.898542 0.754299 -0.893929
vt 0.694824 0.412109
vn 0.795847 0.239862 -0.555961
v 0.898322 0.747483 -0.893944
vt 0.694824 0.410645
vn 0.489814 0.800703 -0.344902
v 0.896138 0.753557 -0.894353
vt 0.694824 0.412109
vn 0.747547 0.412471 -0.520616
v 0.896138 0.747552 -0.894348
vt 0.694824 0.411133
vn 0.384521 0.882398 -0.271141
v 0.895260 0.754402 -0.854823
vt 0.704102 0.409668
vn -0.047513 0.997332 -0.055420
v 0.895260 0.747583 -0.854817
vt 0.703125 0.409668
vn 0.111376 0.978263 -0.174917
v 0.892149 0.754352 -0.854012
vt 0.704590 0.410645
vn 0.119949 0.975601 -0.183887
v 0.887010 0.752678 -0.853827
vt 0.703613 0.411133
vn 0.235629 0.909982 -0.341192
v 0.887010 0.752678 -0.853827
vt 0.703613 0.411133
vn -0.491565 -0.299407 0.817753
v 0.895260 0.747583 -0.854817
vt 0.703125 0.409668
vn -0.491565 -0.299407 0.817753
v 0.892534 0.747517 -0.853821
vt 0.703125 0.410156
vn -0.491565 -0.299407 0.817753
v 0.888526 0.752710 -0.891730
vt 0.696289 0.412598
vn -0.850390 0.251909 -0.461929
v 0.893405 0.747638 -0.891972
vt 0.695801 0.411133
vn -0.895550 0.397967 -0.199029
v 0.893747 0.754449 -0.892123
vt 0.695312 0.413086
vn -0.884319 0.465815 -0.031562
v 0.896443 0.754363 -0.892439
vt 0.694824 0.412598
vn -0.852266 0.467858 0.233988
v 0.887010 0.752678 -0.853827
vt 0.703613 0.411133
vn -0.223006 0.859474 0.459970
v 0.892534 0.747517 -0.853821
vt 0.703125 0.410156
vn -0.214590 0.858148 0.466405
v 0.888526 0.752710 -0.891730
vt 0.696289 0.412598
vn -0.184556 0.840161 0.509970
v 0.893405 0.747638 -0.891972
vt 0.695801 0.411133
vn -0.186065 0.837283 0.514137
v 0.918089 0.753563 -0.885606
vt 0.724609 0.437500
vn 0.089217 0.747470 0.658277
v 0.901738 0.753555 -0.897079
vt 0.722168 0.434082
vn 0.089217 0.747470 0.658277
v 0.935404 0.753564 -0.884994
vt 0.725098 0.440918
vn 0.089217 0.747470 0.658277
v 0.935840 0.753556 -0.894769
vt 0.723145 0.440918
vn 0.089217 0.747470 0.658277
v 0.896138 0.753557 -0.894353
vt 0.722656 0.433105
vn 0.898990 -0.066622 -0.432872
v 0.914875 0.753565 -0.883832
vt 0.725098 0.436523
vn -0.000022 0.723355 0.690476
v 0.898542 0.754299 -0.893929
vt 0.723145 0.433594
vn 0.800916 -0.142655 -0.581535
v 0.898456 0.754400 -0.856477
vt 0.730469 0.433594
vn -0.032871 0.738789 0.673135
v 0.896443 0.754363 -0.892439
vt 0.723633 0.433105
vn -0.033664 0.723327 0.689685
v 0.895260 0.754402 -0.854823
vt 0.730957 0.433105
vn -0.033664 0.723327 0.689685
v 0.893747 0.754449 -0.892123
vt 0.723633 0.432617
vn -0.033664 0.723327 0.689685
v 0.892149 0.754352 -0.854012
vt 0.730957 0.432617
vn -0.033664 0.723327 0.689685
v 0.914875 0.753565 -0.883832
vt 0.697266 0.405762
vn -0.554255 0.816731 -0.160472
v 0.918089 0.753563 -0.885606
vt 0.697266 0.405273
vn -0.473228 0.869870 -0.139218
v 0.914875 0.747561 -0.883827
vt 0.696777 0.406738
vn -0.400324 0.909087 -0.115332
v 0.918089 0.747559 -0.885601
vt 0.696289 0.406250
vn -0.320957 0.942261 -0.095561
v 0.935404 0.753564 -0.884994
vt 0.696289 0.401855
vn -0.324611 0.945421 -0.028392
v 0.938206 0.753562 -0.887366
vt 0.695312 0.401367
vn -0.357129 0.933530 -0.031327
v 0.935404 0.747560 -0.884989
vt 0.695801 0.402832
vn -0.386228 0.921878 -0.031123
v 0.938206 0.747558 -0.887361
vt 0.695312 0.402344
vn -0.416640 0.908418 -0.034457
v 0.938825 0.753559 -0.892092
vt 0.693848 0.401855
vn 0.328286 0.308263 0.892862
v 0.935840 0.753556 -0.894769
vt 0.692871 0.402832
vn 0.280744 0.264705 0.922559
v 0.938825 0.747554 -0.892087
vt 0.694336 0.402344
vn 0.247890 0.235901 0.939628
v 0.935840 0.747552 -0.894765
vt 0.693848 0.402832
vn 0.206833 0.194917 0.958764
v 0.901738 0.753555 -0.897079
vt 0.692871 0.410156
vn -0.197131 0.147803 0.969172
v 0.896138 0.753557 -0.894353
vt 0.694824 0.412109
vn -0.489348 0.362774 0.793053
v 0.901738 0.747550 -0.897074
vt 0.694336 0.410156
vn -0.473694 0.350993 0.807724
v 0.896138 0.747552 -0.894348
vt 0.694824 0.411133
vn -0.688919 0.512538 0.512538
v 0.895260 0.754402 -0.854823
vt 0.704102 0.409668
vn -0.074981 0.996931 -0.022494
v 0.898456 0.754400 -0.856477
vt 0.703613 0.408203
vn -0.188267 0.980261 -0.060362
v 0.895260 0.747583 -0.854817
vt 0.703125 0.409668
vn -0.313650 0.944266 -0.099930
v 0.898457 0.747581 -0.856472
vt 0.702637 0.409180
vn -0.407149 0.903906 -0.131088
v 0.898542 0.754299 -0.893929
vt 0.694824 0.412109
vn -0.807685 0.587373 0.051359
v 0.896443 0.754363 -0.892439
vt 0.694824 0.412598
vn -0.800142 0.577438 0.162293
v 0.898322 0.747483 -0.893944
vt 0.694824 0.410645
vn -0.781556 0.558748 0.277436
v 0.893405 0.747638 -0.891972
vt 0.695801 0.411133
vn -0.761620 0.543428 0.353017
v 0.914875 0.753565 -0.883832
vt 0.725098 0.436523
vn 0.089217 0.747470 0.658277
v 0.896138 0.753557 -0.894353
vt 0.722656 0.433105
vn 0.089217 0.747470 0.658277
v 0.891511 0.779194 -0.859004
vt 0.704102 0.417480
vn 0.277117 0.799423 0.533038
v 0.886583 0.779353 -0.858877
vt 0.703613 0.416504
vn 0.277117 0.799423 0.533038
v 0.892920 0.779272 -0.885405
vt 0.698242 0.418457
vn 0.248216 0.793302 0.555933
v 0.888019 0.779431 -0.885933
vt 0.698242 0.417480
vn 0.238362 0.790968 0.563519
v 0.888526 0.752710 -0.891730
vt 0.696289 0.412598
vn -0.787432 0.088712 -0.609985
v 0.893747 0.754449 -0.892123
vt 0.695312 0.413086
vn -0.718205 0.011221 -0.695741
v 0.888478 0.774415 -0.891058
vt 0.697266 0.416992
vn -0.651081 0.423408 -0.629936
v 0.893256 0.774340 -0.890621
vt 0.696289 0.417480
vn -0.622048 0.501766 -0.601071
v 0.893139 0.777844 -0.888994
vt 0.697266 0.418457
vn -0.473963 0.874724 0.101075
v 0.892920 0.779272 -0.885405
vt 0.698242 0.418457
vn -0.402735 0.898894 0.172607
v 0.888273 0.777970 -0.889518
vt 0.697754 0.417480
vn -0.379196 0.904138 0.196837
v 0.888019 0.779431 -0.885933
vt 0.698242 0.417480
vn -0.300592 0.916774 0.263004
v 0.893256 0.774340 -0.890621
vt 0.696289 0.417480
vn -0.646096 0.479338 -0.593965
v 0.893139 0.777844 -0.888994
vt 0.697266 0.418457
vn -0.566973 0.707526 -0.421839
v 0.888478 0.774415 -0.891058
vt 0.697266 0.416992
vn -0.536168 0.758440 -0.370531
v 0.888273 0.777970 -0.889518
vt 0.697754 0.417480
vn -0.444940 0.866999 -0.224369
v 0.891334 0.777702 -0.855412
vt 0.705078 0.416504
vn 0.896779 0.413216 -0.158238
v 0.891325 0.774106 -0.853933
vt 0.705566 0.415039
vn 0.868331 0.230153 -0.439352
v 0.886444 0.777862 -0.855287
vt 0.704590 0.416016
vn 0.827056 0.141482 -0.544023
v 0.886521 0.774267 -0.853802
vt 0.704590 0.415527
vn 0.673701 0.042783 -0.737765
v 0.891511 0.779194 -0.859004
vt 0.704102 0.417480
vn 0.738072 0.650575 0.178891
v 0.891334 0.777702 -0.855412
vt 0.705078 0.416504
vn 0.735911 0.651599 0.183996
v 0.886583 0.779353 -0.858877
vt 0.703613 0.416504
vn 0.733549 0.653322 0.187285
v 0.886444 0.777862 -0.855287
vt 0.704590 0.416016
vn 0.731298 0.654337 0.192475
v 0.893139 0.777844 -0.888994
vt 0.724121 0.427734
vn -0.066626 0.732748 0.677230
v 0.891334 0.777702 -0.855412
vt 0.730957 0.427734
vn -0.066626 0.732748 0.677230
v 0.892920 0.779272 -0.885405
vt 0.725098 0.427734
vn -0.066626 0.732748 0.677230
v 0.891511 0.779194 -0.859004
vt 0.729980 0.427734
vn -0.066626 0.732748 0.677230
v 0.898456 0.754400 -0.856477
vt 0.730469 0.433594
vn -0.033664 0.723327 0.689685
v 0.898542 0.754299 -0.893929
vt 0.723145 0.433594
vn -0.033664 0.723327 0.689685
v 0.891325 0.774106 -0.853933
vt 0.730957 0.428711
vn -0.055578 0.727891 0.683437
v 0.893256 0.774340 -0.890621
vt 0.723633 0.428711
vn -0.055578 0.727891 0.683437
v 0.892149 0.754352 -0.854012
vt 0.730957 0.432617
vn -0.055578 0.727891 0.683437
v 0.893747 0.754449 -0.892123
vt 0.723633 0.432617
vn -0.055578 0.727891 0.683437
v 0.891325 0.774106 -0.853933
vt 0.730957 0.428711
vn -0.066626 0.732748 0.677230
v 0.893256 0.774340 -0.890621
vt 0.723633 0.428711
vn -0.066626 0.732748 0.677230
v 0.938206 0.753562 -0.887366
vt 0.724609 0.441406
vn 0.089217 0.747470 0.658277
v 0.938825 0.753559 -0.892092
vt 0.723633 0.441406
vn 0.089217 0.747470 0.658277
v 0.892149 0.754352 -0.854012
vt 0.704590 0.410645
vn 0.443907 0.767566 -0.462373
v 0.887010 0.752678 -0.853827
vt 0.703613 0.411133
vn 0.501088 0.684187 -0.529904
v 0.891325 0.774106 -0.853933
vt 0.705566 0.415039
vn 0.674572 0.172703 -0.717723
v 0.886521 0.774267 -0.853802
vt 0.704590 0.415527
vn 0.684046 0.054305 -0.727414
v 0.892534 0.747517 -0.853821
vt 0.703125 0.410156
vn -0.288147 0.805674 0.517552
v 0.895260 0.747583 -0.854817
vt 0.703125 0.409668
vn -0.278760 0.803990 0.525255
v 0.893405 0.747638 -0.891972
vt 0.695801 0.411133
vn -0.249775 0.798086 0.548335
v 0.898322 0.747483 -0.893944
vt 0.694824 0.410645
vn -0.249775 0.798086 0.548335
v 0.919374 0.696518 -0.887131
vt 0.532715 0.419434
vn -0.758017 0.360735 0.543397
v 0.936692 0.696554 -0.886628
vt 0.530762 0.422363
vn -0.727050 0.345085 0.593561
v 0.919390 0.690516 -0.887275
vt 0.533691 0.420410
vn -0.749621 0.356519 0.557640
v 0.936709 0.690552 -0.886772
vt 0.531738 0.422852
vn -0.721800 0.342384 0.601479
v 0.939479 0.696619 -0.889018
vt 0.530762 0.422852
vn -0.120024 0.561478 0.818741
v 0.940068 0.696734 -0.893746
vt 0.530762 0.422852
vn -0.153026 0.713893 0.683330
v 0.939495 0.690616 -0.889161
vt 0.530762 0.423340
vn -0.164920 0.774982 0.610085
v 0.940085 0.690732 -0.893890
vt 0.530273 0.423340
vn -0.131662 0.873091 0.469444
v 0.937067 0.696790 -0.896403
vt 0.530762 0.422363
vn 0.081037 0.995451 -0.050111
v 0.902951 0.696746 -0.898499
vt 0.530273 0.415527
vn 0.031019 0.999489 -0.007715
v 0.937083 0.690787 -0.896547
vt 0.529785 0.422363
vn 0.077210 0.995939 -0.046309
v 0.902967 0.690743 -0.898642
vt 0.529297 0.415527
vn 0.027143 0.999624 -0.003821
v 0.899927 0.695764 -0.857888
vt 0.537598 0.413574
vn -0.266384 0.350040 0.898060
v 0.916171 0.696467 -0.885338
vt 0.533203 0.418945
vn -0.297227 0.396247 0.868702
v 0.899946 0.688947 -0.858051
vt 0.538574 0.414551
vn -0.266942 0.354618 0.896096
v 0.916187 0.690464 -0.885482
vt 0.534180 0.419434
vn -0.305235 0.404334 0.862175
v 0.897368 0.696664 -0.895738
vt 0.530762 0.414551
vn 0.151451 0.984283 -0.090829
v 0.899554 0.696731 -0.895346
vt 0.530762 0.414062
vn 0.157642 0.983383 -0.090036
v 0.897384 0.690662 -0.895882
vt 0.529297 0.414062
vn 0.166052 0.981224 -0.098115
v 0.899793 0.689917 -0.895491
vt 0.529297 0.413086
vn 0.166052 0.981224 -0.098115
v 0.894021 0.695750 -0.855199
vt 0.537598 0.413086
vn -0.190097 -0.976592 -0.100657
v 0.896741 0.695715 -0.856214
vt 0.537598 0.413574
vn -0.190097 -0.976592 -0.100657
v 0.887830 0.690581 -0.855303
vt 0.537598 0.412109
vn -0.190097 -0.976592 -0.100657
v 0.887830 0.690581 -0.855303
vt 0.537598 0.412109
vn 0.917188 0.382128 0.112895
v 0.896741 0.695715 -0.856214
vt 0.537598 0.413574
vn 0.755659 0.304812 0.579715
v 0.893654 0.688919 -0.855546
vt 0.539062 0.412109
vn 0.771925 0.313055 0.553289
v 0.896759 0.688898 -0.856377
vt 0.539062 0.413574
vn 0.113489 0.028351 0.993135
v 0.897704 0.689812 -0.893989
vt 0.529785 0.412598
vn -0.359590 0.890767 -0.277901
v 0.894650 0.696516 -0.893347
vt 0.531250 0.413086
vn -0.617982 0.598279 -0.510059
v 0.895011 0.689710 -0.893658
vt 0.530273 0.411621
vn -0.520761 0.742586 -0.421158
v 0.889105 0.691431 -0.893206
vt 0.531250 0.412109
vn -0.706503 0.390116 -0.590477
v 0.894650 0.696516 -0.893347
vt 0.531250 0.413086
vn -0.022109 0.706934 0.706934
v 0.894021 0.695750 -0.855199
vt 0.537598 0.413086
vn -0.043809 0.711853 0.700961
v 0.889105 0.691431 -0.893206
vt 0.531250 0.412109
vn -0.022109 0.706934 0.706934
v 0.887830 0.690581 -0.855303
vt 0.537598 0.412109
vn -0.043809 0.711853 0.700961
v 0.937083 0.690787 -0.896547
vt 0.406006 0.550293
vn 0.087258 0.731121 0.676645
v 0.902967 0.690743 -0.898642
vt 0.405273 0.557129
vn 0.087258 0.731121 0.676645
v 0.936709 0.690552 -0.886772
vt 0.407959 0.550537
vn 0.087258 0.731121 0.676645
v 0.919390 0.690516 -0.887275
vt 0.407715 0.553955
vn 0.087258 0.731121 0.676645
v 0.899946 0.688947 -0.858051
vt 0.413574 0.557617
vn -0.032131 0.690505 0.722614
v 0.916187 0.690464 -0.885482
vt 0.407959 0.554688
vn -0.000022 0.674256 0.738498
v 0.899793 0.689917 -0.895491
vt 0.406006 0.557861
vn 0.723670 -0.122474 -0.679192
v 0.897384 0.690662 -0.895882
vt 0.405762 0.558105
vn 0.504218 -0.076283 -0.860200
v 0.893654 0.688919 -0.855546
vt 0.414062 0.558838
vn -0.044171 0.717378 0.695282
v 0.896759 0.688898 -0.856377
vt 0.413818 0.558350
vn -0.043809 0.711853 0.700961
v 0.895011 0.689710 -0.893658
vt 0.406494 0.558838
vn -0.044171 0.717378 0.695282
v 0.897704 0.689812 -0.893989
vt 0.406494 0.558350
vn -0.044171 0.717378 0.695282
v 0.919374 0.696518 -0.887131
vt 0.532715 0.419434
vn -0.567030 0.433519 0.700384
v 0.919390 0.690516 -0.887275
vt 0.533691 0.420410
vn -0.576552 0.438650 0.689329
v 0.916171 0.696467 -0.885338
vt 0.533203 0.418945
vn -0.573244 0.436138 0.693668
v 0.916187 0.690464 -0.885482
vt 0.534180 0.419434
vn -0.576552 0.438650 0.689329
v 0.939479 0.696619 -0.889018
vt 0.530762 0.422852
vn -0.403710 0.363307 0.839658
v 0.939495 0.690616 -0.889161
vt 0.530762 0.423340
vn -0.584595 0.536506 0.608613
v 0.936692 0.696554 -0.886628
vt 0.530762 0.422363
vn -0.506640 0.462369 0.727689
v 0.936709 0.690552 -0.886772
vt 0.531738 0.422852
vn -0.655216 0.603880 0.453896
v 0.937067 0.696790 -0.896403
vt 0.530762 0.422363
vn 0.168777 0.985654 0.000018
v 0.937083 0.690787 -0.896547
vt 0.529785 0.422363
vn 0.192285 0.981339 0.000018
v 0.940068 0.696734 -0.893746
vt 0.530762 0.422852
vn 0.185880 0.982572 0.000053
v 0.940085 0.690732 -0.893890
vt 0.530273 0.423340
vn 0.206845 0.978368 -0.003246
v 0.897368 0.696664 -0.895738
vt 0.530762 0.414551
vn -0.176818 0.982998 -0.049510
v 0.897384 0.690662 -0.895882
vt 0.529297 0.414062
vn -0.092197 0.995570 -0.018450
v 0.902951 0.696746 -0.898499
vt 0.530273 0.415527
vn -0.085524 0.996163 -0.018585
v 0.902967 0.690743 -0.898642
vt 0.529297 0.415527
vn 0.011840 0.999922 -0.003890
v 0.899927 0.695764 -0.857888
vt 0.537598 0.413574
vn -0.703962 0.525881 0.477375
v 0.899946 0.688947 -0.858051
vt 0.538574 0.414551
vn -0.191192 0.132982 0.972503
v 0.896741 0.695715 -0.856214
vt 0.537598 0.413574
vn -0.530619 0.395797 0.749526
v 0.896759 0.688898 -0.856377
vt 0.539062 0.413574
vn 0.121951 0.032522 0.992003
v 0.894650 0.696516 -0.893347
vt 0.531250 0.413086
vn -0.420571 0.891397 -0.168911
v 0.897704 0.689812 -0.893989
vt 0.529785 0.412598
vn -0.297300 0.945541 -0.132532
v 0.899554 0.696731 -0.895346
vt 0.530762 0.414062
vn -0.377871 0.912483 -0.156806
v 0.899793 0.689917 -0.895491
vt 0.529297 0.413086
vn -0.214846 0.970308 -0.111102
v 0.897384 0.690662 -0.895882
vt 0.405762 0.558105
vn 0.087258 0.731121 0.676645
v 0.916187 0.690464 -0.885482
vt 0.407959 0.554688
vn 0.087258 0.731121 0.676645
v 0.889390 0.664576 -0.888014
vt 0.532227 0.406738
vn -0.055173 0.722355 0.689318
v 0.888126 0.664022 -0.860955
vt 0.538086 0.406738
vn -0.055173 0.722355 0.689318
v 0.894295 0.664737 -0.887513
vt 0.532227 0.405762
vn -0.055173 0.722355 0.689318
v 0.893053 0.664198 -0.861110
vt 0.538086 0.405762
vn -0.055173 0.722355 0.689318
v 0.894584 0.669789 -0.892615
vt 0.530273 0.407227
vn -0.865661 0.211102 -0.453946
v 0.895011 0.689710 -0.893658
vt 0.530273 0.411621
vn -0.687994 0.231146 -0.687921
v 0.889803 0.669710 -0.893024
vt 0.531250 0.407227
vn -0.815468 0.131332 -0.563706
v 0.889105 0.691431 -0.893206
vt 0.531250 0.412109
vn -0.675831 0.294292 -0.675755
v 0.889390 0.664576 -0.888014
vt 0.532227 0.406738
vn -0.304034 0.616485 0.726298
v 0.894295 0.664737 -0.887513
vt 0.532227 0.405762
vn -0.586549 0.672008 0.452069
v 0.889618 0.666120 -0.891566
vt 0.531738 0.406738
vn -0.520970 0.669721 0.529211
v 0.894487 0.666248 -0.891070
vt 0.531250 0.406250
vn -0.725501 0.652124 0.219959
v 0.889618 0.666120 -0.891566
vt 0.531738 0.406738
vn -0.746866 0.486664 0.453154
v 0.894487 0.666248 -0.891070
vt 0.531250 0.406250
vn -0.886596 0.461158 -0.035784
v 0.889803 0.669710 -0.893024
vt 0.531250 0.407227
vn -0.867259 0.488781 0.094631
v 0.894584 0.669789 -0.892615
vt 0.530273 0.407227
vn -0.866977 0.174399 -0.466836
v 0.888083 0.668989 -0.855763
vt 0.538574 0.407227
vn 0.793908 0.052242 -0.605789
v 0.892885 0.669167 -0.855920
vt 0.539551 0.407227
vn 0.695556 0.323528 -0.641507
v 0.888006 0.665430 -0.857330
vt 0.538574 0.406738
vn 0.696843 0.210181 -0.685736
v 0.892894 0.665606 -0.857483
vt 0.539062 0.406250
vn 0.630027 0.605963 -0.485669
v 0.888006 0.665430 -0.857330
vt 0.538574 0.406738
vn 0.465202 0.877528 0.116328
v 0.892894 0.665606 -0.857483
vt 0.539062 0.406250
vn 0.516535 0.854014 0.062061
v 0.888126 0.664022 -0.860955
vt 0.538086 0.406738
vn 0.505843 0.859245 0.076298
v 0.893053 0.664198 -0.861110
vt 0.538086 0.405762
vn 0.554581 0.831882 0.020329
v 0.893053 0.664198 -0.861110
vt 0.413086 0.563721
vn -0.055173 0.722355 0.689318
v 0.892894 0.665606 -0.857483
vt 0.413818 0.563477
vn -0.055173 0.722355 0.689318
v 0.894295 0.664737 -0.887513
vt 0.407715 0.563721
vn -0.055173 0.722355 0.689318
v 0.894487 0.666248 -0.891070
vt 0.406982 0.563477
vn -0.055173 0.722355 0.689318
v 0.899793 0.689917 -0.895491
vt 0.406006 0.557861
vn -0.043809 0.711853 0.700961
v 0.899946 0.688947 -0.858051
vt 0.413574 0.557617
vn -0.043809 0.711853 0.700961
v 0.895011 0.689710 -0.893658
vt 0.406494 0.558838
vn -0.055173 0.722355 0.689318
v 0.894584 0.669789 -0.892615
vt 0.406738 0.562744
vn -0.055173 0.722355 0.689318
v 0.893654 0.688919 -0.855546
vt 0.414062 0.558838
vn -0.055173 0.722355 0.689318
v 0.892885 0.669167 -0.855920
vt 0.414062 0.562744
vn -0.055173 0.722355 0.689318
v 0.940085 0.690732 -0.893890
vt 0.406738 0.549805
vn 0.087258 0.731121 0.676645
v 0.939495 0.690616 -0.889161
vt 0.407471 0.550049
vn 0.087258 0.731121 0.676645
v 0.888083 0.668989 -0.855763
vt 0.538574 0.407227
vn 0.749060 0.021734 -0.662146
v 0.887830 0.690581 -0.855303
vt 0.537598 0.412109
vn 0.915092 0.393934 -0.086157
v 0.892885 0.669167 -0.855920
vt 0.539551 0.407227
vn 0.826402 0.116573 -0.550882
v 0.893654 0.688919 -0.855546
vt 0.539062 0.412109
vn 0.902714 0.430225 -0.003814
v 0.899554 0.696731 -0.895346
vt 0.530762 0.414062
vn -0.011069 0.701518 0.712565
v 0.896741 0.695715 -0.856214
vt 0.537598 0.413574
vn -0.022109 0.706934 0.706934
v 0.894650 0.696516 -0.893347
vt 0.531250 0.413086
vn -0.011069 0.701518 0.712565
v 0.894021 0.695750 -0.855199
vt 0.537598 0.413086
vn -0.022109 0.706934 0.706934
v 0.930691 0.417061 -0.894614
vt 0.528809 0.367676
vn -0.672847 0.287060 0.681816
v 0.947768 0.417061 -0.891689
vt 0.527832 0.370605
vn -0.618704 0.264515 0.739755
v 0.930691 0.411057 -0.894614
vt 0.529785 0.368652
vn -0.657499 0.283665 0.698019
v 0.947768 0.411057 -0.891689
vt 0.528809 0.371094
vn -0.599025 0.258605 0.757821
v 0.950862 0.417061 -0.893665
vt 0.527832 0.371094
vn -0.346412 0.813509 0.467121
v 0.952109 0.417061 -0.898266
vt 0.527344 0.371094
vn -0.318645 0.844882 0.429698
v 0.950862 0.411057 -0.893665
vt 0.527832 0.371582
vn -0.312898 0.853265 0.417174
v 0.952109 0.411057 -0.898266
vt 0.526855 0.371582
vn -0.283314 0.876369 0.389500
v 0.949510 0.417061 -0.901318
vt 0.526855 0.370605
vn 0.100800 0.992458 -0.069762
v 0.916024 0.417061 -0.908172
vt 0.526855 0.364258
vn 0.003999 0.999984 -0.003922
v 0.949510 0.411057 -0.901318
vt 0.525879 0.371094
vn 0.088677 0.994383 -0.057777
v 0.916024 0.411057 -0.908172
vt 0.525391 0.364258
vn -0.003999 0.999984 -0.003953
v 0.907336 0.417061 -0.868375
vt 0.535156 0.362793
vn -0.471913 0.530873 0.703898
v 0.927269 0.417061 -0.893286
vt 0.529297 0.367188
vn -0.490411 0.549705 0.676256
v 0.907336 0.410242 -0.868375
vt 0.536621 0.363770
vn -0.471913 0.530873 0.703898
v 0.927269 0.411057 -0.893286
vt 0.530273 0.368164
vn -0.490647 0.553900 0.672651
v 0.910108 0.417061 -0.906220
vt 0.526855 0.362793
vn -0.154046 0.979428 -0.130345
v 0.905346 0.417122 -0.905794
vt 0.527344 0.361816
vn -0.179191 0.971480 -0.155297
v 0.910108 0.411057 -0.906220
vt 0.525391 0.362793
vn -0.190594 0.968740 -0.158795
v 0.905346 0.410303 -0.905794
vt 0.525879 0.360840
vn -0.212155 0.960497 -0.180098
v 0.898482 0.417153 -0.866942
vt 0.535645 0.361328
vn -0.195415 0.084939 0.977036
v 0.903947 0.417061 -0.867163
vt 0.535645 0.362305
vn 0.271461 0.122591 0.954610
v 0.888426 0.412105 -0.867240
vt 0.536133 0.359375
vn 0.816421 0.399128 0.417317
v 0.897895 0.410334 -0.867196
vt 0.537109 0.360352
vn 0.789552 0.385585 0.477423
v 0.903947 0.410242 -0.867163
vt 0.537109 0.362793
vn -0.159925 0.067303 0.984832
v 0.903135 0.410303 -0.904474
vt 0.525879 0.360352
vn -0.329843 0.896430 -0.295999
v 0.900286 0.417122 -0.904216
vt 0.527832 0.360840
vn -0.618911 0.531912 -0.577944
v 0.900421 0.410303 -0.904372
vt 0.526855 0.359375
vn -0.513958 0.713750 -0.475824
v 0.894881 0.412140 -0.904216
vt 0.527832 0.359375
vn -0.702477 0.241413 -0.669512
v 0.900286 0.417122 -0.904216
vt 0.527832 0.360840
vn -0.154342 0.771519 0.617201
v 0.898482 0.417153 -0.866942
vt 0.535645 0.361328
vn -0.193814 0.769715 0.608255
v 0.894881 0.412140 -0.904216
vt 0.527832 0.359375
vn -0.164920 0.774982 0.610085
v 0.888426 0.412105 -0.867240
vt 0.536133 0.359375
vn -0.203938 0.772732 0.601078
v 0.930691 0.417061 -0.894614
vt 0.528809 0.367676
vn -0.489651 0.339277 0.803202
v 0.930691 0.411057 -0.894614
vt 0.529785 0.368652
vn -0.760708 0.525971 0.380367
v 0.927269 0.417061 -0.893286
vt 0.529297 0.367188
vn -0.658254 0.455662 0.599228
v 0.927269 0.411057 -0.893286
vt 0.530273 0.368164
vn -0.813862 0.562807 0.144491
v 0.950862 0.417061 -0.893665
vt 0.527832 0.371094
vn -0.747232 0.612404 0.258079
v 0.950862 0.411057 -0.893665
vt 0.527832 0.371582
vn -0.595830 0.489671 0.636560
v 0.947768 0.417061 -0.891689
vt 0.527832 0.370605
vn -0.684451 0.561059 0.465552
v 0.947768 0.411057 -0.891689
vt 0.528809 0.371094
vn -0.462514 0.379857 0.801118
v 0.949510 0.417061 -0.901318
vt 0.526855 0.370605
vn 0.218244 0.975704 0.019272
v 0.949510 0.411057 -0.901318
vt 0.525879 0.371094
vn 0.246175 0.968972 0.022146
v 0.952109 0.417061 -0.898266
vt 0.527344 0.371094
vn 0.234242 0.971925 0.022212
v 0.952109 0.411057 -0.898266
vt 0.526855 0.371582
vn 0.257172 0.966039 0.025125
v 0.910108 0.417061 -0.906220
vt 0.526855 0.362793
vn -0.178214 0.979950 -0.089088
v 0.910108 0.411057 -0.906220
vt 0.525391 0.362793
vn -0.094889 0.994264 -0.049355
v 0.916024 0.417061 -0.908172
vt 0.526855 0.364258
vn -0.091127 0.994796 -0.045563
v 0.907336 0.417061 -0.868375
vt 0.535156 0.362793
vn -0.669287 0.453233 0.588757
v 0.907336 0.410242 -0.868375
vt 0.536621 0.363770
vn -0.316635 0.213909 0.924113
v 0.903947 0.417061 -0.867163
vt 0.535645 0.362305
vn -0.536575 0.363455 0.761569
v 0.903947 0.410242 -0.867163
vt 0.537109 0.362793
vn -0.140231 0.094822 0.985568
v 0.900286 0.417122 -0.904216
vt 0.527832 0.360840
vn -0.407515 0.889744 -0.205638
v 0.903135 0.410303 -0.904474
vt 0.525879 0.360352
vn -0.284816 0.944297 -0.164870
v 0.905346 0.417122 -0.905794
vt 0.527344 0.361816
vn -0.365657 0.910307 -0.193999
v 0.905346 0.410303 -0.905794
vt 0.525879 0.360840
vn -0.208212 0.969069 -0.132486
v 0.892798 0.378269 -0.898518
vt 0.529785 0.352539
vn 0.408232 0.816488 0.408282
v 0.886936 0.378300 -0.872971
vt 0.535156 0.355957
vn 0.509345 0.807319 0.297999
v 0.898273 0.378269 -0.897858
vt 0.530273 0.351562
vn 0.440309 0.815626 0.375342
v 0.896859 0.378300 -0.872340
vt 0.536133 0.354004
vn 0.523543 0.804376 0.280858
v 0.899177 0.383199 -0.903008
vt 0.527832 0.352051
vn -0.896209 0.273410 -0.349365
v 0.900421 0.410303 -0.904372
vt 0.526855 0.359375
vn -0.693146 0.154006 -0.704153
v 0.894654 0.383279 -0.903323
vt 0.529297 0.352539
vn -0.873634 0.219702 -0.434160
v 0.894881 0.412140 -0.904216
vt 0.527832 0.359375
vn -0.687615 0.197974 -0.698565
v 0.892798 0.378269 -0.898518
vt 0.529785 0.352539
vn 0.033316 0.504321 0.862874
v 0.898273 0.378269 -0.897858
vt 0.530273 0.351562
vn -0.118251 0.548833 0.827526
v 0.893968 0.379729 -0.901916
vt 0.529297 0.352051
vn -0.066983 0.523147 0.849606
v 0.898820 0.379697 -0.901412
vt 0.528809 0.351562
vn -0.237281 0.601621 0.762725
v 0.893968 0.379729 -0.901916
vt 0.529297 0.352051
vn -0.573849 0.440760 0.690237
v 0.898820 0.379697 -0.901412
vt 0.528809 0.351562
vn -0.846285 0.502940 0.175651
v 0.894654 0.383279 -0.903323
vt 0.529297 0.352539
vn -0.808639 0.502299 0.306266
v 0.899177 0.383199 -0.903008
vt 0.527832 0.352051
vn -0.900462 0.305072 -0.309998
v 0.885789 0.383374 -0.868015
vt 0.536133 0.356445
vn 0.526663 0.811390 -0.253520
v 0.896436 0.383381 -0.867275
vt 0.537109 0.355957
vn 0.616136 0.699196 -0.362631
v 0.885967 0.379788 -0.869509
vt 0.535645 0.355957
vn 0.550474 0.787511 -0.277135
v 0.896446 0.379790 -0.868766
vt 0.537109 0.354980
vn 0.643866 0.652922 -0.398910
v 0.885967 0.379788 -0.869509
vt 0.535645 0.355957
vn 0.254207 0.916730 0.308195
v 0.896446 0.379790 -0.868766
vt 0.537109 0.354980
vn 0.557600 0.829529 0.031054
v 0.886936 0.378300 -0.872971
vt 0.535156 0.355957
vn 0.349763 0.907966 0.230790
v 0.896859 0.378300 -0.872340
vt 0.536133 0.354004
vn 0.617481 0.785218 -0.046367
v 0.896859 0.378300 -0.872340
vt 0.643555 0.444824
vn -0.089264 0.747490 0.658248
v 0.896446 0.379790 -0.868766
vt 0.644043 0.444336
vn -0.089264 0.747490 0.658248
v 0.898273 0.378269 -0.897858
vt 0.638184 0.444824
vn -0.089264 0.747490 0.658248
v 0.898820 0.379697 -0.901412
vt 0.637695 0.444336
vn -0.089264 0.747490 0.658248
v 0.900421 0.410303 -0.904372
vt 0.637207 0.438477
vn -0.100251 0.751871 0.651643
v 0.899177 0.383199 -0.903008
vt 0.637207 0.443848
vn -0.100251 0.751871 0.651643
v 0.897895 0.410334 -0.867196
vt 0.644531 0.438477
vn -0.100251 0.751871 0.651643
v 0.896436 0.383381 -0.867275
vt 0.644531 0.443848
vn -0.100251 0.751871 0.651643
v 0.885789 0.383374 -0.868015
vt 0.536133 0.356445
vn 0.676047 0.393943 -0.622711
v 0.888426 0.412105 -0.867240
vt 0.536133 0.359375
vn 0.895304 0.443632 -0.040259
v 0.896436 0.383381 -0.867275
vt 0.537109 0.355957
vn 0.723074 0.176666 -0.667797
v 0.897895 0.410334 -0.867196
vt 0.537109 0.360352
vn 0.872157 0.448765 0.194812
v 0.905346 0.417122 -0.905794
vt 0.527344 0.361816
vn -0.111200 0.756108 0.644931
v 0.903947 0.417061 -0.867163
vt 0.535645 0.362305
vn -0.132899 0.764116 0.631240
v 0.900286 0.417122 -0.904216
vt 0.527832 0.360840
vn -0.122102 0.760196 0.638117
v 0.898482 0.417153 -0.866942
vt 0.535645 0.361328
vn -0.132899 0.764116 0.631240
v 0.952109 0.417061 -0.898266
vt 0.527344 0.371094
vn -0.346412 0.813509 0.467121
v 0.949510 0.417061 -0.901318
vt 0.526855 0.370605
vn -0.308729 0.808965 0.500261
v 0.947768 0.417061 -0.891689
vt 0.527832 0.370605
vn -0.354984 0.814264 0.459305
v 0.916024 0.417061 -0.908172
vt 0.526855 0.364258
vn -0.164920 0.774982 0.610085
v 0.930691 0.417061 -0.894614
vt 0.528809 0.367676
vn -0.456935 0.814470 0.357559
v 0.910108 0.417061 -0.906220
vt 0.526855 0.362793
vn -0.100251 0.751871 0.651643
v 0.927269 0.417061 -0.893286
vt 0.529297 0.367188
vn -0.154342 0.771519 0.617201
v 0.907336 0.417061 -0.868375
vt 0.535156 0.362793
vn -0.122102 0.760196 0.638117
v 0.947768 0.432071 -0.891689
vt 0.656250 0.393066
vn -0.274307 0.889385 -0.365719
v 0.947768 0.426067 -0.891689
vt 0.655762 0.393555
vn -0.283214 0.882793 -0.374789
v 0.930691 0.432071 -0.894614
vt 0.658691 0.395996
vn -0.296555 0.868689 -0.396781
v 0.930691 0.426067 -0.894614
vt 0.657715 0.396973
vn -0.305312 0.861514 -0.405682
v 0.952109 0.432071 -0.898266
vt 0.655273 0.393066
vn -0.287116 0.672810 0.681829
v 0.952109 0.426067 -0.898266
vt 0.655273 0.393066
vn -0.346412 0.813509 0.467121
v 0.950862 0.432071 -0.893665
vt 0.655762 0.393066
vn -0.330706 0.776647 0.536147
v 0.950862 0.426067 -0.893665
vt 0.655273 0.393555
vn -0.283314 0.876369 0.389500
v 0.916024 0.432071 -0.908172
vt 0.653809 0.400391
vn 0.056779 0.032429 0.997860
v 0.916024 0.426067 -0.908172
vt 0.654785 0.400879
vn 0.065112 0.036606 0.997206
v 0.949510 0.432071 -0.901318
vt 0.654297 0.393555
vn 0.142086 0.083573 0.986320
v 0.949510 0.426067 -0.901318
vt 0.655762 0.393555
vn 0.159573 0.092382 0.982854
v 0.927269 0.432071 -0.893286
vt 0.659180 0.396484
vn -0.347427 0.936702 0.043411
v 0.927269 0.426067 -0.893286
vt 0.658203 0.397461
vn -0.345413 0.937458 0.043159
v 0.907336 0.432886 -0.868375
vt 0.664062 0.401367
vn -0.333539 0.941880 0.040169
v 0.907336 0.426067 -0.868375
vt 0.663086 0.402344
vn -0.327029 0.944026 0.043217
v 0.905346 0.432947 -0.905794
vt 0.653809 0.403809
vn -0.499698 0.268344 0.823586
v 0.905346 0.426128 -0.905794
vt 0.655273 0.402832
vn -0.380755 0.203954 0.901903
v 0.910108 0.432071 -0.906220
vt 0.653809 0.402344
vn -0.417337 0.226774 0.880002
v 0.910108 0.426067 -0.906220
vt 0.654785 0.401855
vn -0.291006 0.158694 0.943468
v 0.903947 0.432886 -0.867163
vt 0.664551 0.402344
vn -0.019840 0.998853 -0.043587
v 0.903947 0.426067 -0.867163
vt 0.663086 0.402344
vn 0.223264 0.942679 -0.248011
v 0.897895 0.432978 -0.867196
vt 0.664551 0.404297
vn 0.423179 0.791173 -0.441548
v 0.888426 0.431207 -0.867240
vt 0.663574 0.404785
vn 0.583931 0.553234 -0.594102
v 0.888426 0.431207 -0.867240
vt 0.663574 0.404785
vn 0.234340 -0.130189 0.963398
v 0.903947 0.426067 -0.867163
vt 0.663086 0.402344
vn 0.234340 -0.130189 0.963398
v 0.898482 0.426159 -0.866942
vt 0.663086 0.403320
vn 0.234340 -0.130189 0.963398
v 0.894881 0.431110 -0.904216
vt 0.656250 0.404785
vn -0.863693 0.221179 -0.452895
v 0.900286 0.426128 -0.904216
vt 0.655762 0.403809
vn -0.902964 0.417381 -0.102218
v 0.900421 0.432947 -0.904372
vt 0.654785 0.405273
vn -0.880449 0.456663 0.127547
v 0.903135 0.432947 -0.904474
vt 0.654297 0.404297
vn -0.746003 0.391404 0.538779
v 0.888426 0.431207 -0.867240
vt 0.663574 0.404785
vn -0.202612 0.799709 0.565166
v 0.898482 0.426159 -0.866942
vt 0.663086 0.403320
vn -0.192613 0.797028 0.572404
v 0.894881 0.431110 -0.904216
vt 0.656250 0.404785
vn -0.163501 0.779294 0.604953
v 0.900286 0.426128 -0.904216
vt 0.655762 0.403809
vn -0.154342 0.771519 0.617201
v 0.930691 0.432071 -0.894614
vt 0.477783 0.535400
vn 0.742977 0.078225 -0.664730
v 0.916024 0.432071 -0.908172
vt 0.474609 0.537842
vn 0.742977 0.078225 -0.664730
v 0.947768 0.432071 -0.891689
vt 0.481201 0.534912
vn 0.742977 0.078225 -0.664730
v 0.949510 0.432071 -0.901318
vt 0.481445 0.536865
vn 0.742977 0.078225 -0.664730
v 0.910108 0.432071 -0.906220
vt 0.473633 0.537354
vn 0.799650 0.153369 -0.580549
v 0.927269 0.432071 -0.893286
vt 0.477051 0.534912
vn 0.799650 0.153369 -0.580549
v 0.905346 0.432947 -0.905794
vt 0.472656 0.537109
vn 0.799650 0.153369 -0.580549
v 0.907336 0.432886 -0.868375
vt 0.473389 0.529785
vn 0.799650 0.153369 -0.580549
v 0.903135 0.432947 -0.904474
vt 0.472168 0.536865
vn 0.757052 0.100216 -0.645623
v 0.903947 0.432886 -0.867163
vt 0.472900 0.529541
vn 0.747521 0.089288 -0.658210
v 0.900421 0.432947 -0.904372
vt 0.471680 0.536865
vn 0.757052 0.100216 -0.645623
v 0.897895 0.432978 -0.867196
vt 0.471680 0.529541
vn 0.752732 0.089241 -0.652251
v 0.927269 0.432071 -0.893286
vt 0.659180 0.396484
vn -0.444129 0.873393 -0.199837
v 0.930691 0.432071 -0.894614
vt 0.658691 0.395996
vn -0.402061 0.898245 -0.177489
v 0.927269 0.426067 -0.893286
vt 0.658203 0.397461
vn -0.364603 0.916883 -0.162450
v 0.930691 0.426067 -0.894614
vt 0.657715 0.396973
vn -0.323729 0.935142 -0.143906
v 0.947768 0.432071 -0.891689
vt 0.656250 0.393066
vn -0.455661 0.884459 -0.100528
v 0.950862 0.432071 -0.893665
vt 0.655762 0.393066
vn -0.410537 0.907116 -0.092735
v 0.947768 0.426067 -0.891689
vt 0.655762 0.393555
vn -0.373005 0.924154 -0.082504
v 0.950862 0.426067 -0.893665
vt 0.655273 0.393555
vn -0.329222 0.941472 -0.072407
v 0.952109 0.432071 -0.898266
vt 0.655273 0.393066
vn 0.242331 0.261865 0.934185
v 0.949510 0.432071 -0.901318
vt 0.654297 0.393555
vn 0.219743 0.239335 0.945744
v 0.952109 0.426067 -0.898266
vt 0.655273 0.393066
vn 0.212013 0.227752 0.950357
v 0.949510 0.426067 -0.901318
vt 0.655762 0.393555
vn 0.187503 0.203137 0.961030
v 0.916024 0.432071 -0.908172
vt 0.653809 0.400391
vn 0.048484 0.020211 0.998619
v 0.910108 0.432071 -0.906220
vt 0.653809 0.402344
vn -0.098131 0.061299 0.993284
v 0.916024 0.426067 -0.908172
vt 0.654785 0.400879
vn -0.089685 0.057022 0.994337
v 0.910108 0.426067 -0.906220
vt 0.654785 0.401855
vn -0.236579 0.156296 0.958959
v 0.903947 0.432886 -0.867163
vt 0.664551 0.402344
vn -0.031259 0.999390 -0.015597
v 0.907336 0.432886 -0.868375
vt 0.664062 0.401367
vn -0.208529 0.973018 -0.098755
v 0.903947 0.426067 -0.867163
vt 0.663086 0.402344
vn -0.428766 0.879843 -0.205029
v 0.907336 0.426067 -0.868375
vt 0.663086 0.402344
vn -0.586500 0.760367 -0.279034
v 0.905346 0.432947 -0.905794
vt 0.653809 0.403809
vn -0.450085 0.282373 0.847166
v 0.903135 0.432947 -0.904474
vt 0.654297 0.404297
vn -0.572804 0.370058 0.731404
v 0.905346 0.426128 -0.905794
vt 0.655273 0.402832
vn -0.669714 0.442123 0.596666
v 0.900286 0.426128 -0.904216
vt 0.655762 0.403809
vn -0.716409 0.476160 0.509932
v 0.927269 0.432071 -0.893286
vt 0.477051 0.534912
vn 0.742977 0.078225 -0.664730
v 0.910108 0.432071 -0.906220
vt 0.473633 0.537354
vn 0.742977 0.078225 -0.664730
v 0.896859 0.465012 -0.872340
vt 0.663574 0.412109
vn 0.044795 0.728428 0.683656
v 0.889767 0.465012 -0.872668
vt 0.663574 0.410645
vn 0.033619 0.723306 0.689709
v 0.898273 0.464981 -0.897858
vt 0.657227 0.412598
vn 0.022417 0.718038 0.695643
v 0.892491 0.464981 -0.898738
vt 0.657227 0.411621
vn 0.011200 0.712630 0.701451
v 0.894881 0.431110 -0.904216
vt 0.656250 0.404785
vn -0.874386 0.181928 -0.449834
v 0.900421 0.432947 -0.904372
vt 0.654785 0.405273
vn -0.852218 0.143737 -0.503055
v 0.893751 0.459971 -0.903732
vt 0.656738 0.411133
vn -0.670543 0.160894 -0.724214
v 0.899177 0.460051 -0.903008
vt 0.655762 0.411621
vn -0.663926 0.212394 -0.717001
v 0.898820 0.463553 -0.901412
vt 0.656250 0.412109
vn -0.568545 0.822652 -0.000021
v 0.898273 0.464981 -0.897858
vt 0.657227 0.412598
vn -0.416771 0.894519 0.161669
v 0.893241 0.463521 -0.902253
vt 0.656738 0.411621
vn -0.281347 0.916261 0.285148
v 0.892491 0.464981 -0.898738
vt 0.657227 0.411621
vn -0.041068 0.886989 0.459962
v 0.899177 0.460051 -0.903008
vt 0.655762 0.411621
vn -0.653886 0.209211 -0.727093
v 0.898820 0.463553 -0.901412
vt 0.656250 0.412109
vn -0.594717 0.623945 -0.506955
v 0.893751 0.459971 -0.903732
vt 0.656738 0.411133
vn -0.503105 0.796496 -0.335379
v 0.893241 0.463521 -0.902253
vt 0.656738 0.411621
vn -0.364987 0.922722 -0.123967
v 0.896446 0.463522 -0.868766
vt 0.664551 0.411621
vn 0.858722 0.512221 -0.015037
v 0.896436 0.459931 -0.867275
vt 0.665039 0.410645
vn 0.878822 0.460352 -0.125492
v 0.889224 0.463524 -0.869115
vt 0.663574 0.410645
vn 0.882472 0.364488 -0.297307
v 0.889228 0.459938 -0.867610
vt 0.664062 0.410156
vn 0.855011 0.260708 -0.448316
v 0.896859 0.465012 -0.872340
vt 0.663574 0.412109
vn 0.618135 0.691302 0.374180
v 0.896446 0.463522 -0.868766
vt 0.664551 0.411621
vn 0.455081 0.674228 0.581651
v 0.889767 0.465012 -0.872668
vt 0.663574 0.410645
vn 0.186458 0.580603 0.792549
v 0.889224 0.463524 -0.869115
vt 0.663574 0.410645
vn -0.016513 0.491168 0.870908
v 0.898820 0.463553 -0.901412
vt 0.465576 0.536377
vn 0.040438 0.020195 0.998978
v 0.896446 0.463522 -0.868766
vt 0.465576 0.529785
vn 0.040438 0.020195 0.998978
v 0.898273 0.464981 -0.897858
vt 0.465332 0.535645
vn 0.040438 0.020195 0.998978
v 0.896859 0.465012 -0.872340
vt 0.465332 0.530518
vn 0.040438 0.020195 0.998978
v 0.907336 0.432886 -0.868375
vt 0.473389 0.529785
vn 0.747521 0.089288 -0.658210
v 0.905346 0.432947 -0.905794
vt 0.472656 0.537109
vn 0.742977 0.078225 -0.664730
v 0.896436 0.459931 -0.867275
vt 0.466309 0.529541
vn 0.048676 0.024346 0.998518
v 0.899177 0.460051 -0.903008
vt 0.466309 0.536621
vn 0.048676 0.024346 0.998518
v 0.897895 0.432978 -0.867196
vt 0.471680 0.529541
vn 0.048676 0.024346 0.998518
v 0.900421 0.432947 -0.904372
vt 0.471680 0.536865
vn 0.048676 0.024346 0.998518
v 0.950862 0.432071 -0.893665
vt 0.481689 0.535400
vn 0.747521 0.089288 -0.658210
v 0.952109 0.432071 -0.898266
vt 0.481934 0.536377
vn 0.742977 0.078225 -0.664730
v 0.897895 0.432978 -0.867196
vt 0.664551 0.404297
vn 0.595845 0.560230 -0.575422
v 0.888426 0.431207 -0.867240
vt 0.663574 0.404785
vn 0.634007 0.471585 -0.612898
v 0.896436 0.459931 -0.867275
vt 0.665039 0.410645
vn 0.716050 0.078335 -0.693639
v 0.889228 0.459938 -0.867610
vt 0.664062 0.410156
vn 0.790478 0.110579 -0.602426
v 0.898482 0.426159 -0.866942
vt 0.663086 0.403320
vn -0.143681 0.767903 0.624245
v 0.903947 0.426067 -0.867163
vt 0.663086 0.402344
vn -0.132899 0.764116 0.631240
v 0.900286 0.426128 -0.904216
vt 0.655762 0.403809
vn -0.122102 0.760196 0.638117
v 0.905346 0.426128 -0.905794
vt 0.655273 0.402832
vn -0.122102 0.760196 0.638117
v 0.895734 0.923530 -0.829934
vt 0.322754 0.185059
vn -0.679649 0.000000 -0.733537
v 0.894440 0.924666 -0.828018
vt 0.322998 0.185059
vn -0.679649 0.000000 -0.733537
v 0.825761 0.922267 -0.835698
vt 0.336914 0.184570
vn -0.679649 0.000000 -0.733537
v 0.824746 0.922978 -0.833816
vt 0.336914 0.184570
vn -0.679649 0.000000 -0.733537
v 0.895734 0.923530 -0.829934
vt 0.322754 0.185059
vn -0.663148 0.042067 -0.747305
v 0.896968 0.923785 -0.829312
vt 0.322510 0.185059
vn -0.663401 0.031565 -0.747598
v 0.894440 0.924666 -0.828018
vt 0.322998 0.185059
vn -0.663401 0.031565 -0.747598
v 0.895675 0.924921 -0.827396
vt 0.322510 0.185547
vn -0.658217 0.031327 -0.752176
v -0.173196 0.956822 -0.851800
vt 0.528809 0.193359
vn -0.354416 0.772700 0.526615
v -0.175275 0.948071 -0.847680
vt 0.529785 0.191406
vn -0.354416 0.772700 0.526615
v -0.172761 0.955925 -0.853617
vt 0.528320 0.192871
vn -0.354416 0.772700 0.526615
v -0.172761 0.955925 -0.853617
vt 0.528320 0.192871
vn -0.461195 0.792648 0.398758
v -0.175275 0.948071 -0.847680
vt 0.529785 0.191406
vn -0.413584 0.792611 0.448013
v -0.169764 0.946714 -0.861061
vt 0.527832 0.190918
vn -0.406064 0.792217 0.455526
v -0.163378 0.912733 -0.871954
vt 0.527344 0.183105
vn -0.383866 0.797956 0.464664
v -0.161443 0.917882 -0.880500
vt 0.525879 0.184082
vn -0.383866 0.797956 0.464664
v -0.156637 0.881819 -0.887723
vt 0.526367 0.176758
vn -0.307073 0.804649 0.508180
v -0.157962 0.902846 -0.888819
vt 0.525391 0.181152
vn -0.339549 0.797341 0.498953
v -0.154727 0.885775 -0.896895
vt 0.524414 0.177246
vn -0.297886 0.803155 0.515952
v -0.151243 0.848576 -0.900405
vt 0.525391 0.169434
vn -0.286995 0.797044 0.531371
v -0.149344 0.851923 -0.909822
vt 0.523438 0.170410
vn -0.286995 0.797044 0.531371
v -0.147565 0.818016 -0.913822
vt 0.524902 0.163086
vn -0.251935 0.776685 0.577312
v -0.145915 0.823870 -0.922009
vt 0.522949 0.164062
vn -0.269245 0.776627 0.569523
v -0.145411 0.818567 -0.924341
vt 0.522949 0.163086
vn -0.251935 0.776685 0.577312
v -0.147130 0.745686 -0.920424
vt 0.524902 0.148926
vn -0.243802 0.779028 0.577647
v -0.145335 0.746147 -0.930423
vt 0.522949 0.148926
vn -0.243802 0.779028 0.577647
v -0.148141 0.667276 -0.922730
vt 0.525391 0.133789
vn -0.235492 0.781330 0.577985
v -0.146367 0.667183 -0.932739
vt 0.523438 0.133789
vn -0.235492 0.781330 0.577985
v -0.149010 0.582458 -0.920485
vt 0.525879 0.117676
vn -0.235229 0.785806 0.571993
v -0.147247 0.581784 -0.930475
vt 0.523926 0.117676
vn -0.235229 0.785806 0.571993
v -0.150926 0.456764 -0.909666
vt 0.527344 0.093750
vn -0.233804 0.780994 0.579124
v -0.149157 0.456394 -0.919665
vt 0.525391 0.093750
vn -0.233804 0.780994 0.579124
v -0.151650 0.414025 -0.910550
vt 0.527344 0.085938
vn -0.232584 0.771652 0.591995
v -0.149849 0.414968 -0.920476
vt 0.525391 0.085938
vn -0.231151 0.766840 0.598770
v -0.151976 0.389224 -0.915184
vt 0.527344 0.081055
vn -0.217102 0.749446 0.625458
v -0.150107 0.391941 -0.924751
vt 0.525391 0.081543
vn -0.217102 0.749446 0.625458
v -0.152631 0.342374 -0.932858
vt 0.527344 0.071289
vn -0.219752 0.763806 0.606885
v -0.150668 0.350558 -0.941279
vt 0.525391 0.073242
vn -0.218496 0.754304 0.619101
v -0.150862 0.342906 -0.942737
vt 0.525879 0.071777
vn -0.231151 0.766840 0.598770
v -0.151018 0.333988 -0.942091
vt 0.525879 0.069824
vn -0.213998 0.775657 0.593769
v -0.153179 0.300128 -0.926596
vt 0.527832 0.063477
vn -0.222351 0.804648 0.550546
v -0.151480 0.298034 -0.936351
vt 0.525879 0.062988
vn -0.220150 0.812430 0.539900
v -0.150912 0.253151 -0.923225
vt 0.526367 0.054199
vn -0.195797 0.889513 0.412832
v -0.152968 0.257222 -0.913998
vt 0.527832 0.054199
vn -0.200723 0.881382 0.427640
v 0.952268 0.796051 -0.906133
vt 0.312744 0.155273
vn -0.074331 0.133730 -0.988226
v 0.944720 0.834623 -0.888547
vt 0.313965 0.163086
vn -0.052964 0.173962 -0.983327
v 0.950289 0.799435 -0.915326
vt 0.314697 0.155762
vn -0.074331 0.133730 -0.988226
v 0.943111 0.839453 -0.897131
vt 0.315674 0.164062
vn -0.052889 0.181270 -0.982010
v 0.938428 0.858114 -0.885800
vt 0.316406 0.167969
vn -0.034561 0.237867 -0.970683
v 0.940053 0.852673 -0.877575
vt 0.314453 0.167480
vn -0.034597 0.230584 -0.972437
v 0.933192 0.875579 -0.873202
vt 0.317139 0.172363
vn -0.034655 0.284683 -0.957995
v 0.933686 0.873074 -0.862711
vt 0.315430 0.172363
vn -0.015668 0.320844 -0.947002
v 0.931594 0.879906 -0.869557
vt 0.317139 0.173340
vn -0.027019 0.301005 -0.953240
v 0.929543 0.884147 -0.864484
vt 0.317383 0.174316
vn 0.003951 0.378177 -0.925725
v 0.920800 0.896840 -0.849115
vt 0.318604 0.178223
vn -0.003952 0.426551 -0.904455
v 0.922980 0.889566 -0.842480
vt 0.316650 0.177246
vn 0.000000 0.412057 -0.911158
v 0.911387 0.908429 -0.838192
vt 0.320068 0.181152
vn -0.060501 0.476372 -0.877160
v 0.920800 0.896840 -0.849115
vt 0.318604 0.178223
vn -0.015641 0.437716 -0.898977
v 0.913422 0.902056 -0.830642
vt 0.317871 0.181152
vn -0.045613 0.455830 -0.888897
v 0.922980 0.889566 -0.842480
vt 0.316650 0.177246
vn -0.007851 0.415529 -0.909546
v 0.896968 0.923785 -0.829312
vt 0.322510 0.185059
vn -0.124340 0.526498 -0.841035
v 0.901168 0.917123 -0.821914
vt 0.320068 0.184570
vn -0.114025 0.514894 -0.849636
v 0.958425 0.745580 -0.921375
vt 0.311768 0.145020
vn -0.081088 0.058954 -0.994962
v 0.956161 0.748699 -0.930595
vt 0.313721 0.145508
vn -0.081053 0.066278 -0.994504
v 0.956743 0.743026 -0.932743
vt 0.313965 0.144043
vn -0.084453 0.058721 -0.994696
v 0.960647 0.677833 -0.927721
vt 0.311768 0.131836
vn -0.996765 0.007245 -0.080045
v 0.958596 0.678262 -0.937456
vt 0.313721 0.131836
vn -0.087900 0.000000 -0.996129
v 0.959908 0.605392 -0.928625
vt 0.312012 0.117676
vn -0.997736 0.042000 -0.052517
v 0.957918 0.605471 -0.938424
vt 0.313965 0.118164
vn -0.997581 0.035249 -0.059910
v 0.955703 0.520370 -0.925369
vt 0.313232 0.101562
vn -0.997122 0.067807 -0.033920
v 0.953291 0.519687 -0.935050
vt 0.315186 0.101562
vn -0.997122 0.067807 -0.033920
v 0.945250 0.362192 -0.908840
vt 0.315674 0.071289
vn -0.997021 0.067584 -0.037171
v 0.942712 0.361895 -0.918417
vt 0.317627 0.071289
vn -0.997021 0.067584 -0.037171
v 0.940756 0.298745 -0.908811
vt 0.316650 0.059082
vn -0.997867 0.061924 -0.020658
v 0.939191 0.305991 -0.918550
vt 0.318604 0.061035
vn -0.997500 0.054833 -0.044573
v 0.938781 0.298366 -0.918579
vt 0.318604 0.059570
vn -0.997990 0.055229 -0.031089
v 0.938425 0.292468 -0.918049
vt 0.318604 0.058105
vn -0.998027 0.062791 0.000016
v 0.936196 0.242514 -0.899309
vt 0.317627 0.047852
vn -0.996289 0.075564 0.041221
v 0.936951 0.268496 -0.914955
vt 0.319092 0.053711
vn -0.996438 0.066193 0.052243
v 0.933878 0.238774 -0.908849
vt 0.319580 0.047852
vn -0.987923 0.091322 0.125174
v 0.936196 0.242514 -0.899309
vt 0.317627 0.047852
vn -0.987138 0.082235 0.137096
v 0.936951 0.268496 -0.914955
vt 0.319092 0.053711
vn -0.985427 0.070365 0.154863
v 0.643854 0.241979 -0.910527
vt 0.375000 0.049316
vn -0.712507 0.022397 -0.701308
v 0.465596 0.244278 -0.914040
vt 0.408936 0.050293
vn -0.712507 0.022397 -0.701308
v 0.643836 0.242261 -0.904539
vt 0.375000 0.048340
vn -0.712507 0.022397 -0.701308
v 0.465721 0.244577 -0.907638
vt 0.408936 0.049316
vn -0.712507 0.022397 -0.701308
v 0.263115 0.246908 -0.917565
vt 0.447510 0.051758
vn -0.712507 0.022397 -0.701308
v 0.263229 0.247370 -0.910752
vt 0.447510 0.050293
vn -0.712507 0.022397 -0.701308
v 0.263115 0.246908 -0.917565
vt 0.447510 0.051758
vn -0.712303 0.033650 -0.701065
v 0.051570 0.249809 -0.920664
vt 0.487793 0.052734
vn -0.717526 0.044834 -0.695087
v 0.263229 0.247370 -0.910752
vt 0.447510 0.050293
vn -0.712303 0.033650 -0.701065
v 0.051531 0.250516 -0.913400
vt 0.487793 0.051270
vn -0.717526 0.044834 -0.695087
v -0.148818 0.253122 -0.923281
vt 0.525879 0.054199
vn -0.722604 0.055985 -0.688991
v -0.150908 0.253696 -0.915447
vt 0.526367 0.052734
vn -0.722604 0.055985 -0.688991
v 0.931773 0.238410 -0.908831
vt 0.319824 0.047852
vn -0.728043 0.055972 -0.683243
v 0.837852 0.239679 -0.907594
vt 0.338135 0.048340
vn -0.723017 0.044827 -0.689374
v 0.933761 0.238370 -0.903295
vt 0.319336 0.046875
vn -0.728043 0.055972 -0.683243
v 0.837852 0.239679 -0.902838
vt 0.338135 0.047363
vn -0.723017 0.044827 -0.689374
v 0.837852 0.239679 -0.907594
vt 0.338135 0.048340
vn -0.712507 0.022397 -0.701308
v 0.837852 0.239679 -0.902838
vt 0.338135 0.047363
vn -0.712507 0.022397 -0.701308
v -0.148818 0.253122 -0.923281
vt 0.525879 0.054199
vn -0.562065 0.000000 -0.827093
v -0.150912 0.253151 -0.923225
vt 0.526367 0.054199
vn -0.562065 0.000000 -0.827093
v -0.150908 0.253696 -0.915447
vt 0.526367 0.052734
vn -0.562065 0.000000 -0.827093
v 0.933878 0.238774 -0.908849
vt 0.319580 0.047852
vn -0.882037 0.333186 -0.333162
v 0.931773 0.238410 -0.908831
vt 0.319824 0.047852
vn -0.882037 0.333186 -0.333162
v 0.933761 0.238370 -0.903295
vt 0.319336 0.046875
vn -0.882037 0.333186 -0.333162
v -0.150908 0.253696 -0.915447
vt 0.526367 0.052734
vn -0.176953 0.908754 0.377961
v -0.150912 0.253151 -0.923225
vt 0.526367 0.054199
vn -0.176953 0.908754 0.377961
v -0.152968 0.257222 -0.913998
vt 0.527832 0.054199
vn -0.176953 0.908754 0.377961
v 0.933878 0.238774 -0.908849
vt 0.319580 0.047852
vn -0.979031 0.082698 0.186171
v 0.933761 0.238370 -0.903295
vt 0.319336 0.046875
vn -0.979031 0.082698 0.186171
v 0.936196 0.242514 -0.899309
vt 0.317627 0.047852
vn -0.979031 0.082698 0.186171
v 0.894129 0.927865 -0.816843
vt 0.321045 0.187012
vn -0.151488 0.490403 -0.858228
v -0.176298 0.960186 -0.849346
vt 0.575684 0.592529
vn 0.015585 -0.187096 -0.982218
v -0.175275 0.948071 -0.847680
vt 0.575195 0.590332
vn 0.158909 -0.211960 -0.964272
v -0.173196 0.956822 -0.851800
vt 0.576660 0.591797
vn 0.278296 -0.225479 -0.933654
v -0.176306 0.967946 -0.845652
vt 0.575195 0.593750
vn -0.937636 -0.322541 0.129640
v 0.896968 0.923785 -0.829312
vt 0.322510 0.185059
vn -0.357027 0.319788 -0.877649
v 0.894129 0.927865 -0.816843
vt 0.321045 0.187012
vn -0.357027 0.319788 -0.877649
v 0.895675 0.924921 -0.827396
vt 0.322510 0.185547
vn -0.357027 0.319788 -0.877649
v -0.052079 0.871998 -0.901318
vt 0.922363 0.750366
vn -0.803449 0.085673 -0.589177
v -0.052550 0.873011 -0.900954
vt 0.922363 0.750610
vn -0.811432 0.096057 -0.576499
v -0.053303 0.871542 -0.901493
vt 0.922363 0.750366
vn -0.900946 0.220434 -0.373771
v -0.053648 0.872639 -0.901098
vt 0.922363 0.750610
vn -0.871939 0.171335 -0.458658
v 0.108623 0.831745 -0.909556
vt 0.888672 0.743408
vn -0.704947 0.078297 -0.704925
v 0.165952 0.829172 -0.910309
vt 0.876465 0.743652
vn -0.404457 0.160200 -0.900417
v 0.107894 0.833224 -0.913614
vt 0.888672 0.744385
vn -0.704947 0.078297 -0.704925
v 0.163960 0.829994 -0.914256
vt 0.876953 0.744385
vn -0.688485 0.076468 -0.721208
v 0.154270 0.839140 -0.911113
vt 0.879395 0.746338
vn -0.712837 0.122469 -0.690554
v 0.163605 0.831031 -0.913886
vt 0.877441 0.744629
vn -0.900946 0.220434 -0.373771
v 0.154875 0.839795 -0.910866
vt 0.878906 0.746582
vn -0.704286 0.089419 -0.704263
v 0.164740 0.831383 -0.913729
vt 0.876953 0.744629
vn -0.932767 0.348803 -0.091002
v 0.145396 0.845831 -0.908823
vt 0.881348 0.747559
vn -0.708264 0.111517 -0.697084
v 0.145939 0.846532 -0.908560
vt 0.880859 0.747803
vn -0.708264 0.111517 -0.697084
v 0.132518 0.853356 -0.906274
vt 0.883789 0.749023
vn -0.708264 0.111517 -0.697084
v 0.132931 0.854132 -0.905986
vt 0.883789 0.749268
vn -0.708264 0.111517 -0.697084
v 0.120702 0.857466 -0.904924
vt 0.886230 0.749756
vn -0.709084 0.100476 -0.697928
v 0.120957 0.858298 -0.904618
vt 0.886230 0.750000
vn -0.709084 0.100476 -0.697928
v 0.107130 0.860095 -0.904142
vt 0.889160 0.750122
vn -0.709084 0.100476 -0.697928
v 0.107270 0.860953 -0.903829
vt 0.889160 0.750244
vn -0.709084 0.100476 -0.697928
v 0.090318 0.862201 -0.903708
vt 0.892578 0.750366
vn -0.709084 0.100476 -0.697928
v 0.090403 0.863081 -0.903394
vt 0.892578 0.750488
vn -0.709084 0.100476 -0.697928
v 0.027304 0.839072 -0.912260
vt 0.905273 0.744385
vn -0.709841 0.089416 -0.698664
v -0.000373 0.841042 -0.911811
vt 0.911133 0.744629
vn -0.709841 0.089416 -0.698664
v 0.027241 0.838202 -0.912575
vt 0.905273 0.744385
vn -0.709841 0.089416 -0.698664
v -0.000466 0.840175 -0.912125
vt 0.911133 0.744385
vn -0.709084 0.100476 -0.697928
v -0.011207 0.842355 -0.911443
vt 0.913574 0.744629
vn -0.709084 0.100476 -0.697928
v -0.011378 0.841497 -0.911755
vt 0.913574 0.744385
vn -0.709084 0.100476 -0.697928
v -0.017744 0.843876 -0.910964
vt 0.914551 0.744873
vn -0.709084 0.100476 -0.697928
v -0.018021 0.843043 -0.911267
vt 0.914551 0.744629
vn -0.709084 0.100476 -0.697928
v -0.024687 0.846328 -0.910158
vt 0.916016 0.745361
vn -0.709084 0.100476 -0.697928
v -0.025088 0.845538 -0.910447
vt 0.916504 0.745117
vn -0.709084 0.100476 -0.697928
v -0.030768 0.849636 -0.909042
vt 0.917480 0.745850
vn -0.712837 0.122469 -0.690554
v -0.031306 0.848919 -0.909305
vt 0.917480 0.745850
vn -0.708264 0.111517 -0.697084
v -0.036150 0.853853 -0.907597
vt 0.918457 0.746826
vn -0.711830 0.133448 -0.689558
v -0.036784 0.853210 -0.907835
vt 0.918945 0.746582
vn -0.711830 0.133448 -0.689558
v 0.107951 0.834094 -0.913300
vt 0.888672 0.744385
vn -0.709084 0.100476 -0.697928
v 0.107894 0.833224 -0.913614
vt 0.888672 0.744385
vn -0.709084 0.100476 -0.697928
v -0.041541 0.858941 -0.905845
vt 0.919922 0.747803
vn -0.711830 0.133448 -0.689558
v -0.042243 0.858360 -0.906061
vt 0.919922 0.747559
vn -0.708264 0.111517 -0.697084
v -0.047446 0.865908 -0.903431
vt 0.921387 0.749268
vn -0.709841 0.089416 -0.698664
v -0.048184 0.865370 -0.903632
vt 0.921387 0.749023
vn -0.706717 0.033651 -0.706695
v 0.002627 0.869526 -0.897744
vt 0.911133 0.751587
vn -0.713752 0.111506 -0.691465
v -0.053514 0.872868 -0.896800
vt 0.922363 0.751465
vn -0.779327 0.565910 -0.269062
v 0.002515 0.869327 -0.901807
vt 0.911133 0.750732
vn -0.713752 0.111506 -0.691465
v -0.052550 0.873011 -0.900954
vt 0.922363 0.750610
vn -0.723697 0.122424 -0.679173
v 0.002445 0.868462 -0.902121
vt 0.911133 0.750488
vn -0.713752 0.111506 -0.691465
v -0.018330 0.841590 -0.907128
vt 0.915039 0.743896
vn -0.725507 0.587689 -0.358137
v -0.011555 0.840024 -0.907626
vt 0.913574 0.743652
vn -0.754258 0.366582 -0.544714
v -0.018021 0.843043 -0.911267
vt 0.914551 0.744629
vn -0.726503 0.577416 -0.372537
v -0.011378 0.841497 -0.911755
vt 0.913574 0.744385
vn -0.752680 0.357890 -0.552620
v 0.156471 0.839778 -0.906913
vt 0.878418 0.747070
vn -0.360287 0.409556 -0.838127
v 0.147416 0.846555 -0.904599
vt 0.880371 0.748535
vn -0.433648 0.441757 -0.785366
v 0.154875 0.839795 -0.910866
vt 0.878906 0.746582
vn -0.380559 0.450419 -0.807649
v 0.145939 0.846532 -0.908560
vt 0.880859 0.747803
vn -0.436425 0.444597 -0.782219
v -0.025549 0.844122 -0.906297
vt 0.916504 0.744385
vn -0.670732 0.718593 -0.183693
v -0.025088 0.845538 -0.910447
vt 0.916504 0.745117
vn -0.671986 0.712372 -0.202390
v 0.134210 0.854214 -0.902011
vt 0.883301 0.750000
vn -0.501238 0.404468 -0.764961
v 0.132931 0.854132 -0.905986
vt 0.883789 0.749268
vn -0.507961 0.397492 -0.764183
v 0.091127 0.863464 -0.899383
vt 0.892578 0.751343
vn -0.698056 0.099696 -0.709069
v 0.090403 0.863081 -0.903394
vt 0.892578 0.750488
vn -0.698056 0.099696 -0.709069
v -0.031927 0.847565 -0.905145
vt 0.917969 0.745117
vn -0.602015 0.797994 -0.028000
v -0.031306 0.848919 -0.909305
vt 0.917480 0.745850
vn -0.602766 0.796602 -0.045802
v 0.122028 0.858424 -0.900628
vt 0.886230 0.750732
vn -0.593897 0.292057 -0.749659
v 0.120957 0.858298 -0.904618
vt 0.886230 0.750000
vn -0.604425 0.287320 -0.743046
v -0.037524 0.851916 -0.903667
vt 0.919434 0.746094
vn -0.548634 0.833601 0.064113
v -0.036784 0.853210 -0.907835
vt 0.918945 0.746582
vn -0.552433 0.832117 0.048976
v 0.108155 0.861126 -0.899826
vt 0.889160 0.751099
vn -0.655282 0.199198 -0.728647
v 0.107270 0.860953 -0.903829
vt 0.889160 0.750244
vn -0.661667 0.190533 -0.725186
v 0.027414 0.836721 -0.908473
vt 0.905273 0.743408
vn -0.714630 0.100467 -0.692250
v 0.027241 0.838202 -0.912575
vt 0.905273 0.744385
vn -0.714630 0.100467 -0.692250
v -0.043081 0.857122 -0.901886
vt 0.920898 0.747070
vn -0.502659 0.850542 0.154638
v -0.042243 0.858360 -0.906061
vt 0.919922 0.747559
vn -0.509532 0.850403 0.131120
v -0.000505 0.838694 -0.908006
vt 0.911133 0.743408
vn -0.729679 0.165793 -0.663386
v -0.000466 0.840175 -0.912125
vt 0.911133 0.744385
vn -0.729679 0.165793 -0.663386
v 0.163960 0.829994 -0.914256
vt 0.876953 0.744385
vn -0.894187 0.204088 -0.398470
v -0.049093 0.864163 -0.899453
vt 0.922363 0.748779
vn -0.456290 0.833375 0.311908
v -0.048184 0.865370 -0.903632
vt 0.921387 0.749023
vn -0.466703 0.854192 0.229224
v -0.054391 0.871351 -0.897276
vt 0.922852 0.750732
vn -0.083125 0.523634 0.847878
v -0.053303 0.871542 -0.901493
vt 0.922363 0.750366
vn -0.121121 0.575285 0.808936
v 0.165012 0.830412 -0.914067
vt 0.876953 0.744385
vn -0.934542 0.341871 -0.098771
v -0.053648 0.872639 -0.901098
vt 0.922363 0.750610
vn -0.467171 0.554232 0.688896
v -0.054649 0.872480 -0.896925
vt 0.922852 0.751099
vn -0.432160 0.691378 0.578993
v 0.165012 0.830412 -0.914067
vt 0.876953 0.744385
vn -0.975214 0.220575 0.017420
v 0.167007 0.829642 -0.910131
vt 0.876465 0.744141
vn -0.208074 0.020771 -0.977892
v 0.164740 0.831383 -0.913729
vt 0.876953 0.744629
vn -0.191208 0.097303 -0.976715
v 0.166722 0.830671 -0.909801
vt 0.876465 0.744629
vn -0.167650 0.041885 -0.984956
v -0.181123 0.980765 -0.835771
vt 0.797852 0.749023
vn -0.700838 0.044472 -0.711933
v -0.182583 0.980845 -0.835711
vt 0.798340 0.749023
vn -0.711586 0.055999 -0.700364
v -0.179608 0.976993 -0.842567
vt 0.797852 0.747314
vn -0.690131 0.032830 -0.722939
v -0.181094 0.977078 -0.842509
vt 0.797852 0.747559
vn -0.695817 0.022084 -0.717879
v -0.176500 0.969385 -0.848112
vt 0.796875 0.745361
vn -0.706918 0.022398 -0.706940
v -0.179608 0.976993 -0.842567
vt 0.797852 0.747314
vn -0.701528 0.000000 -0.712642
v -0.178039 0.969468 -0.848056
vt 0.797363 0.745361
vn -0.716641 0.067163 -0.694201
v -0.181094 0.977078 -0.842509
vt 0.797852 0.747559
vn -0.707118 0.000000 -0.707096
v -0.172965 0.959946 -0.853249
vt 0.796387 0.743164
vn -0.763927 0.043629 -0.643826
v -0.174564 0.960032 -0.853194
vt 0.796875 0.743408
vn -0.855789 0.143476 -0.497030
v 0.035455 0.969178 -0.835883
vt 0.753418 0.747070
vn -0.672407 0.074702 -0.736402
v -0.181838 0.980049 -0.831661
vt 0.798340 0.750000
vn -0.710511 0.078295 -0.699317
v 0.036378 0.969879 -0.840085
vt 0.752930 0.746094
vn -0.672407 0.074702 -0.736402
v -0.181123 0.980765 -0.835771
vt 0.797852 0.749023
vn -0.693924 0.077098 -0.715909
v 0.254658 0.958786 -0.836182
vt 0.708008 0.744385
vn -0.667628 0.063562 -0.741777
v 0.255585 0.959447 -0.840385
vt 0.707520 0.743652
vn -0.667628 0.063562 -0.741777
v 0.453770 0.950053 -0.833161
vt 0.666504 0.742432
vn -0.667628 0.063562 -0.741777
v 0.454948 0.950783 -0.837130
vt 0.666504 0.741699
vn -0.668062 0.053007 -0.742215
v 0.554119 0.946988 -0.829997
vt 0.645996 0.741943
vn -0.663401 0.031565 -0.747598
v 0.555270 0.947693 -0.833861
vt 0.645508 0.741211
vn -0.663401 0.031565 -0.747598
v 0.659765 0.945172 -0.825385
vt 0.624023 0.741455
vn -0.637904 0.030364 -0.769517
v 0.659982 0.945816 -0.829283
vt 0.624023 0.740723
vn -0.647963 0.030847 -0.761047
v 0.260218 0.947802 -0.852697
vt 0.707031 0.739990
vn -0.685042 0.000000 -0.728504
v 0.257110 0.955628 -0.847301
vt 0.707520 0.741943
vn -0.685042 0.000000 -0.728504
v 0.041004 0.958321 -0.852396
vt 0.751953 0.742676
vn -0.695984 0.000000 -0.718057
v 0.037898 0.966123 -0.847001
vt 0.752930 0.744629
vn -0.695984 0.000000 -0.718057
v 0.459914 0.939402 -0.848980
vt 0.665527 0.738281
vn -0.679649 0.000000 -0.733537
v 0.456901 0.947053 -0.843705
vt 0.666016 0.740234
vn -0.679649 0.000000 -0.733537
v 0.560145 0.936297 -0.845497
vt 0.645020 0.737549
vn -0.674313 0.000000 -0.738446
v 0.557182 0.943913 -0.840277
vt 0.645508 0.739502
vn -0.674313 0.000000 -0.738446
v 0.664334 0.934324 -0.840736
vt 0.623047 0.737061
vn -0.668990 0.000000 -0.743272
v 0.661597 0.942278 -0.835649
vt 0.624023 0.739014
vn -0.668990 0.000000 -0.743272
v 0.667437 0.925028 -0.844801
vt 0.622559 0.735107
vn -0.679272 0.032319 -0.733174
v 0.563469 0.926955 -0.850228
vt 0.644043 0.735352
vn -0.674313 0.000000 -0.738446
v 0.463298 0.930032 -0.853733
vt 0.665039 0.736084
vn -0.679649 0.000000 -0.733537
v 0.263737 0.938305 -0.857702
vt 0.706055 0.737793
vn -0.685042 0.000000 -0.728504
v 0.044534 0.948922 -0.857584
vt 0.751465 0.740234
vn -0.695984 0.000000 -0.718057
v 0.037898 0.966123 -0.847001
vt 0.752930 0.744629
vn -0.679474 0.021537 -0.733383
v 0.036378 0.969879 -0.840085
vt 0.752930 0.746094
vn -0.679474 0.021537 -0.733383
v 0.257110 0.955628 -0.847301
vt 0.707520 0.741943
vn -0.674131 0.021398 -0.738302
v 0.255585 0.959447 -0.840385
vt 0.707520 0.743652
vn -0.674131 0.021398 -0.738302
v 0.456901 0.947053 -0.843705
vt 0.666016 0.740234
vn -0.668828 0.021213 -0.743115
v 0.454948 0.950783 -0.837130
vt 0.666504 0.741699
vn -0.668828 0.021213 -0.743115
v 0.557182 0.943913 -0.840277
vt 0.645508 0.739502
vn -0.668933 0.010595 -0.743247
v 0.555270 0.947693 -0.833861
vt 0.645508 0.741211
vn -0.668933 0.010595 -0.743247
v 0.665024 0.940782 -0.834087
vt 0.623047 0.739014
vn -0.322060 0.530390 -0.784197
v 0.663619 0.943702 -0.829078
vt 0.623047 0.740479
vn -0.359241 0.653817 -0.665935
v 0.663196 0.942253 -0.835578
vt 0.623535 0.739014
vn -0.460220 0.422147 -0.781018
v 0.661586 0.945787 -0.829213
vt 0.623535 0.740479
vn -0.521898 0.377886 -0.764738
v 0.665024 0.940782 -0.834087
vt 0.623047 0.739014
vn -0.324498 0.528172 -0.784688
v 0.663196 0.942253 -0.835578
vt 0.623535 0.739014
vn -0.469846 0.307631 -0.827410
v 0.667847 0.933229 -0.838860
vt 0.622559 0.737061
vn -0.320219 0.349313 -0.880591
v 0.665930 0.934294 -0.840663
vt 0.623047 0.737061
vn -0.437851 0.262663 -0.859822
v -0.181094 0.977078 -0.842509
vt 0.797852 0.747559
vn -0.641953 0.598340 0.479464
v -0.182151 0.975813 -0.841739
vt 0.798340 0.747314
vn -0.647941 0.608381 0.458307
v -0.178039 0.969468 -0.848056
vt 0.797363 0.745361
vn -0.635209 0.700304 0.325704
v -0.179303 0.968814 -0.846814
vt 0.797852 0.745361
vn -0.649646 0.698343 0.300462
v -0.182583 0.980845 -0.835711
vt 0.798340 0.749023
vn -0.719241 0.111489 -0.685757
v -0.183284 0.980129 -0.831596
vt 0.798340 0.750000
vn -0.745257 0.165565 -0.645895
v -0.174564 0.960032 -0.853194
vt 0.796875 0.743408
vn -0.860867 0.286924 -0.420217
v -0.173196 0.956822 -0.851800
vt 0.796387 0.742676
vn -0.840186 0.233926 -0.489250
v -0.172965 0.959946 -0.853249
vt 0.796387 0.743164
vn -0.829961 0.203439 -0.519401
v -0.170743 0.956691 -0.851850
vt 0.795898 0.742432
vn -0.779918 0.121638 -0.613949
v 0.653025 0.921944 -0.844327
vt 0.625488 0.734375
vn -0.679649 0.000000 -0.733537
v 0.667437 0.925028 -0.844801
vt 0.622559 0.735107
vn -0.674248 0.010686 -0.738428
v 0.559725 0.923545 -0.848464
vt 0.645020 0.734619
vn -0.690488 0.000000 -0.723344
v 0.563469 0.926955 -0.850228
vt 0.644043 0.735352
vn -0.685042 0.000000 -0.728504
v 0.464202 0.926511 -0.851909
vt 0.664551 0.735107
vn -0.701528 0.000000 -0.712642
v 0.463298 0.930032 -0.853733
vt 0.665039 0.736084
vn -0.701528 0.000000 -0.712642
v 0.263737 0.938305 -0.857702
vt 0.706055 0.737793
vn -0.707118 0.000000 -0.707096
v 0.263045 0.934702 -0.856423
vt 0.706543 0.736816
vn -0.712662 0.011222 -0.701418
v 0.044534 0.948922 -0.857584
vt 0.751465 0.740234
vn -0.728460 0.044817 -0.683621
v 0.045491 0.945143 -0.856220
vt 0.751465 0.739502
vn -0.723338 0.033642 -0.689674
v 0.659982 0.945816 -0.829283
vt 0.624023 0.740723
vn -0.653393 0.000000 -0.757019
v 0.661597 0.942278 -0.835649
vt 0.624023 0.739014
vn -0.663727 0.000000 -0.747975
v -0.175380 0.959231 -0.851631
vt 0.796875 0.743164
vn -0.640475 0.727733 0.245351
v -0.173196 0.956822 -0.851800
vt 0.796387 0.742676
vn -0.640475 0.727733 0.245351
v -0.174564 0.960032 -0.853194
vt 0.796875 0.743408
vn -0.640475 0.727733 0.245351
v -0.184127 0.979086 -0.832144
vt 0.798828 0.749756
vn -0.844203 0.404482 0.351733
v -0.184069 0.979692 -0.835114
vt 0.798828 0.749023
vn -0.777233 0.457652 0.431813
v -0.183284 0.980129 -0.831596
vt 0.798340 0.750000
vn -0.819056 0.427315 0.382816
v -0.182583 0.980845 -0.835711
vt 0.798340 0.749023
vn -0.765254 0.471840 0.437898
v -0.174564 0.960032 -0.853194
vt 0.796875 0.743408
vn -0.629205 0.738181 0.243291
v -0.175380 0.959231 -0.851631
vt 0.796875 0.743164
vn -0.624045 0.737841 0.257213
v -0.181094 0.977078 -0.842509
vt 0.797852 0.747559
vn -0.684036 0.601424 0.412775
v -0.182583 0.980845 -0.835711
vt 0.798340 0.749023
vn -0.694619 0.496119 0.520932
v -0.182151 0.975813 -0.841739
vt 0.798340 0.747314
vn -0.683561 0.585326 0.436048
v -0.184069 0.979692 -0.835114
vt 0.798828 0.749023
vn -0.691157 0.476184 0.543647
v 0.661586 0.945787 -0.829213
vt 0.623535 0.740479
vn -0.535718 0.437816 -0.722027
v 0.661383 0.945144 -0.825314
vt 0.623535 0.741455
vn -0.552513 0.415533 -0.722539
v 0.668406 0.921008 -0.842856
vt 0.622559 0.734131
vn -0.625530 0.150092 -0.765627
v 0.669984 0.920975 -0.842789
vt 0.622070 0.734131
vn -0.381403 0.066647 -0.922003
v 0.669030 0.924999 -0.844732
vt 0.622559 0.735107
vn -0.415894 0.123190 -0.901031
v 0.663438 0.944168 -0.826137
vt 0.623047 0.741211
vn -0.426208 0.661007 -0.617590
v 0.663619 0.943702 -0.829078
vt 0.623047 0.740479
vn -0.407905 0.630728 -0.660149
v 0.670851 0.925072 -0.842653
vt 0.622070 0.735107
vn -0.288778 0.112656 -0.950745
v 0.671612 0.922104 -0.841024
vt 0.621582 0.734375
vn -0.282377 0.034849 -0.958670
v 0.645007 0.944836 -0.811634
vt 0.044250 0.756470
vn -0.352390 0.653101 0.670284
v 0.632801 0.978525 -0.803083
vt 0.044434 0.766113
vn -0.371435 0.669344 0.643439
v 0.641479 0.943405 -0.803332
vt 0.046539 0.756958
vn -0.359900 0.655405 0.664015
v 0.629304 0.976804 -0.794849
vt 0.046539 0.766357
vn -0.373489 0.673061 0.638353
v 0.604320 1.043480 -0.772395
vt 0.046814 0.778442
vn 0.522564 0.566131 0.637513
v 0.602079 1.045670 -0.775340
vt 0.046600 0.778442
vn 0.522564 0.566131 0.637513
v 0.597952 1.060148 -0.767036
vt 0.046509 0.779053
vn 0.522564 0.566131 0.637513
v 0.597952 1.060148 -0.767036
vt 0.046509 0.779053
vn -0.254897 -0.715276 -0.650698
v 0.602079 1.045670 -0.775340
vt 0.046600 0.778442
vn -0.254897 -0.715276 -0.650698
v 0.594190 1.067293 -0.767600
vt 0.046509 0.779175
vn -0.254897 -0.715276 -0.650698
v 0.602079 1.045670 -0.775340
vt 0.046600 0.778442
vn -0.437671 0.635785 0.635785
v 0.608214 1.045459 -0.784561
vt 0.046082 0.778320
vn -0.479202 0.676661 0.559013
v 0.594190 1.067293 -0.767600
vt 0.046509 0.779175
vn -0.543724 0.745317 0.385833
v 0.596974 1.072916 -0.774363
vt 0.046478 0.779297
vn -0.567571 0.762578 0.310383
v 0.650837 1.042299 -0.780147
vt 0.051575 0.780518
vn 0.976921 0.130267 -0.169280
v 0.660261 1.014495 -0.791229
vt 0.056061 0.774414
vn 0.949890 0.021301 -0.311859
v 0.649119 1.039182 -0.779192
vt 0.051361 0.779663
vn 0.975631 0.118685 -0.184546
v 0.655714 1.016965 -0.786647
vt 0.054443 0.775024
vn 0.337744 0.000000 -0.941238
v 0.636049 1.026339 -0.778974
vt 0.049896 0.776611
vn 0.836584 0.125497 -0.533270
v 0.604320 1.043480 -0.772395
vt 0.046814 0.778442
vn 0.791175 0.075883 -0.606864
v 0.631195 1.040460 -0.773691
vt 0.048798 0.778442
vn 0.829714 0.115559 -0.546096
v 0.597952 1.060148 -0.767036
vt 0.046509 0.779053
vn 0.782391 0.065229 -0.619363
v 0.639574 0.980590 -0.807825
vt 0.042389 0.765869
vn -0.742111 0.631150 0.225656
v 0.627517 1.014136 -0.799083
vt 0.043640 0.773926
vn -0.756353 0.642871 0.121021
v 0.632801 0.978525 -0.803083
vt 0.044434 0.766113
vn -0.746809 0.632414 0.205742
v 0.620556 1.012109 -0.794187
vt 0.045135 0.773926
vn -0.759334 0.642740 0.101475
v 0.663725 0.913229 -0.824227
vt 0.042694 0.746582
vn -0.707531 0.602520 0.369282
v 0.651609 0.946946 -0.816225
vt 0.042084 0.756104
vn -0.728758 0.616306 0.298460
v 0.657180 0.910998 -0.819641
vt 0.044800 0.747070
vn -0.709539 0.604255 0.362533
v 0.645007 0.944836 -0.811634
vt 0.044250 0.756470
vn -0.727854 0.619399 0.294233
v 0.602079 1.045670 -0.775340
vt 0.046600 0.778442
vn -0.402445 0.710887 0.576782
v 0.604967 1.043173 -0.776269
vt 0.046722 0.778320
vn -0.402445 0.710887 0.576782
v 0.608214 1.045459 -0.784561
vt 0.046082 0.778320
vn -0.402445 0.710887 0.576782
v 0.602079 1.045670 -0.775340
vt 0.046600 0.778442
vn 0.579662 0.599473 0.551927
v 0.604320 1.043480 -0.772395
vt 0.046814 0.778442
vn 0.481078 0.631942 0.607629
v 0.604967 1.043173 -0.776269
vt 0.046722 0.778320
vn 0.472421 0.631250 0.615095
v 0.605778 1.042452 -0.774356
vt 0.046906 0.778320
vn 0.262021 0.668665 0.695868
v 0.605778 1.042452 -0.774356
vt 0.046906 0.778320
vn 0.772811 0.626488 0.101373
v 0.604320 1.043480 -0.772395
vt 0.046814 0.778442
vn 0.775804 0.622872 0.100788
v 0.635965 1.025901 -0.779908
vt 0.049896 0.776489
vn 0.865207 0.500898 0.022783
v 0.636049 1.026339 -0.778974
vt 0.049896 0.776611
vn 0.868619 0.495244 0.015299
v 0.636049 1.026339 -0.778974
vt 0.049896 0.776611
vn 0.553668 0.304547 -0.775050
v 0.631195 1.040460 -0.773691
vt 0.048798 0.778442
vn 0.904455 0.092568 -0.416404
v 0.655714 1.016965 -0.786647
vt 0.054443 0.775024
vn 0.912839 0.108884 -0.393534
v 0.649119 1.039182 -0.779192
vt 0.051361 0.779663
vn 0.953421 0.283298 -0.103588
v 0.635965 1.025901 -0.779908
vt 0.049896 0.776489
vn 0.887329 0.375613 -0.267511
v 0.636049 1.026339 -0.778974
vt 0.049896 0.776611
vn 0.889409 0.374522 -0.262077
v 0.655158 1.016728 -0.787371
vt 0.054352 0.774780
vn 0.920395 0.323250 -0.219960
v 0.655714 1.016965 -0.786647
vt 0.054443 0.775024
vn 0.920834 0.329194 -0.209036
v 0.597952 1.060148 -0.767036
vt 0.046509 0.779053
vn 0.902893 0.389717 0.181397
v 0.594190 1.067293 -0.767600
vt 0.046509 0.779175
vn 0.839104 0.401878 0.366604
v 0.607042 1.067800 -0.774697
vt 0.046661 0.779541
vn 0.746451 0.396273 0.534583
v 0.600065 1.071770 -0.774016
vt 0.046539 0.779419
vn 0.508840 0.353596 0.784890
v 0.600065 1.071770 -0.774016
vt 0.046539 0.779419
vn 0.574065 0.546185 0.610026
v 0.594190 1.067293 -0.767600
vt 0.046509 0.779175
vn 0.574065 0.546185 0.610026
v 0.596974 1.072916 -0.774363
vt 0.046478 0.779297
vn 0.574065 0.546185 0.610026
v 0.597952 1.060148 -0.767036
vt 0.046509 0.779053
vn 0.928530 0.156129 -0.336833
v 0.607042 1.067800 -0.774697
vt 0.046661 0.779541
vn 0.943250 0.236804 -0.232816
v 0.631195 1.040460 -0.773691
vt 0.048798 0.778442
vn 0.918550 0.395160 0.010731
v 0.635800 1.053686 -0.777903
vt 0.048340 0.779907
vn 0.907141 0.403593 0.119199
v 0.620556 1.012109 -0.794187
vt 0.045135 0.773926
vn -0.373489 0.673061 0.638353
v 0.617134 1.010098 -0.785963
vt 0.046631 0.774048
vn -0.382952 0.678803 0.626558
v 0.657180 0.910998 -0.819641
vt 0.044800 0.747070
vn -0.321468 0.625910 0.710559
v 0.645007 0.944836 -0.811634
vt 0.044250 0.756470
vn -0.335100 0.644385 0.687369
v 0.653679 0.909843 -0.811134
vt 0.047089 0.747803
vn -0.321578 0.630376 0.706550
v 0.641479 0.943405 -0.803332
vt 0.046539 0.756958
vn -0.340813 0.647507 0.681601
v 0.608214 1.045459 -0.784561
vt 0.046082 0.778320
vn -0.400588 0.703138 0.587475
v 0.604967 1.043173 -0.776269
vt 0.046722 0.778320
vn -0.400372 0.707247 0.582670
v 0.627517 1.014136 -0.799083
vt 0.043640 0.773926
vn -0.759334 0.642740 0.101475
v 0.615312 1.047401 -0.789496
vt 0.045563 0.778442
vn -0.764251 0.643974 -0.034903
v 0.620556 1.012109 -0.794187
vt 0.045135 0.773926
vn -0.758810 0.646048 0.082643
v 0.608214 1.045459 -0.784561
vt 0.046082 0.778320
vn -0.764956 0.642018 -0.051521
v 0.608214 1.045459 -0.784561
vt 0.046082 0.778320
vn -0.648901 0.754524 -0.098084
v 0.615312 1.047401 -0.789496
vt 0.045563 0.778442
vn -0.732586 0.669762 -0.121392
v 0.596974 1.072916 -0.774363
vt 0.046478 0.779297
vn -0.714171 0.592447 0.372781
v 0.601770 1.081631 -0.777047
vt 0.046539 0.779419
vn -0.684181 0.564805 0.461402
v 0.600065 1.071770 -0.774016
vt 0.046539 0.779419
vn 0.235872 0.247687 0.939689
v 0.596974 1.072916 -0.774363
vt 0.046478 0.779297
vn 0.235872 0.247687 0.939689
v 0.603351 1.080030 -0.776875
vt 0.046539 0.779541
vn 0.235872 0.247687 0.939689
v 0.603351 1.080030 -0.776875
vt 0.046539 0.779541
vn 0.011832 -0.955119 -0.295986
v 0.596974 1.072916 -0.774363
vt 0.046478 0.779297
vn 0.011832 -0.955119 -0.295986
v 0.601770 1.081631 -0.777047
vt 0.046539 0.779419
vn 0.011832 -0.955119 -0.295986
v 0.603351 1.080030 -0.776875
vt 0.046539 0.779541
vn -0.164969 -0.844040 -0.510277
v 0.601770 1.081631 -0.777047
vt 0.046539 0.779419
vn -0.164969 -0.844040 -0.510277
v 0.630705 1.066368 -0.782569
vt 0.046570 0.780273
vn -0.164969 -0.844040 -0.510277
v 0.630705 1.066368 -0.782569
vt 0.046570 0.780273
vn -0.673744 0.638432 0.372121
v 0.601770 1.081631 -0.777047
vt 0.046539 0.779419
vn -0.673744 0.638432 0.372121
v 0.629215 1.068036 -0.782832
vt 0.046417 0.780273
vn -0.673744 0.638432 0.372121
v 0.631195 1.040460 -0.773691
vt 0.048798 0.778442
vn 0.869164 0.384913 0.310476
v 0.635800 1.053686 -0.777903
vt 0.048340 0.779907
vn 0.862937 0.385405 0.326807
v 0.649119 1.039182 -0.779192
vt 0.051361 0.779663
vn 0.856057 0.381833 0.348382
v 0.649327 1.044837 -0.779787
vt 0.050720 0.780518
vn 0.843900 0.379314 0.379412
v 0.649119 1.039182 -0.779192
vt 0.051361 0.779663
vn 0.832005 0.326245 0.448701
v 0.649327 1.044837 -0.779787
vt 0.050720 0.780518
vn 0.832005 0.326245 0.448701
v 0.650837 1.042299 -0.780147
vt 0.051575 0.780518
vn 0.832005 0.326245 0.448701
v 0.638449 1.045111 -0.790502
vt 0.042908 0.779297
vn -0.532618 0.784384 -0.317900
v 0.629215 1.068036 -0.782832
vt 0.046417 0.780273
vn -0.462211 0.855606 -0.233022
v 0.615312 1.047401 -0.789496
vt 0.045563 0.778442
vn -0.478776 0.840702 -0.252969
v 0.601770 1.081631 -0.777047
vt 0.046539 0.779419
vn -0.419485 0.889575 -0.180802
v 0.615312 1.047401 -0.789496
vt 0.045563 0.778442
vn -0.667679 0.505771 -0.546261
v 0.627517 1.014136 -0.799083
vt 0.043640 0.773926
vn -0.723057 0.176614 -0.667829
v 0.638449 1.045111 -0.790502
vt 0.042908 0.779297
vn -0.705540 0.360699 -0.610007
v 0.649691 1.013768 -0.799597
vt 0.039215 0.773804
vn -0.744496 0.044771 -0.666124
v 0.663725 0.913229 -0.824227
vt 0.042694 0.746582
vn -0.915861 0.401348 -0.010923
v 0.682686 0.918309 -0.822082
vt 0.037476 0.745605
vn -0.920959 0.386528 -0.049294
v 0.651609 0.946946 -0.816225
vt 0.042084 0.756104
vn -0.924603 0.372930 -0.077662
v 0.671917 0.950465 -0.815670
vt 0.036591 0.755005
vn -0.926477 0.359356 -0.111816
v 0.639574 0.980590 -0.807825
vt 0.042389 0.765869
vn -0.889215 0.232387 -0.394073
v 0.651609 0.946946 -0.816225
vt 0.042084 0.756104
vn -0.922597 0.333857 -0.193275
v 0.660850 0.982199 -0.807909
vt 0.036926 0.765015
vn -0.913718 0.292006 -0.282582
v 0.671917 0.950465 -0.815670
vt 0.036591 0.755005
vn -0.922396 0.365578 -0.124654
v 0.627517 1.014136 -0.799083
vt 0.043640 0.773926
vn -0.728784 0.033634 -0.683917
v 0.649691 1.013768 -0.799597
vt 0.039215 0.773804
vn -0.804303 0.110158 -0.583919
v 0.655714 1.016965 -0.786647
vt 0.054443 0.775024
vn 0.960319 0.235749 -0.149031
v 0.660261 1.014495 -0.791229
vt 0.056061 0.774414
vn 0.965434 0.244602 -0.090044
v 0.655158 1.016728 -0.787371
vt 0.054352 0.774780
vn 0.960851 0.234208 -0.148030
v 0.659700 1.014279 -0.791953
vt 0.056030 0.774048
vn 0.965867 0.243072 -0.089537
v 0.600065 1.071770 -0.774016
vt 0.046539 0.779419
vn 0.216749 0.200702 0.955374
v 0.603351 1.080030 -0.776875
vt 0.046539 0.779541
vn 0.216749 0.200702 0.955374
v 0.607042 1.067800 -0.774697
vt 0.046661 0.779541
vn 0.216749 0.200702 0.955374
v 0.603351 1.080030 -0.776875
vt 0.046539 0.779541
vn 0.276782 0.272832 0.921387
v 0.630705 1.066368 -0.782569
vt 0.046570 0.780273
vn 0.824930 0.421443 0.376666
v 0.607042 1.067800 -0.774697
vt 0.046661 0.779541
vn 0.418315 0.322111 0.849268
v 0.635800 1.053686 -0.777903
vt 0.048340 0.779907
vn 0.879458 0.418782 0.226221
v 0.635800 1.053686 -0.777903
vt 0.048340 0.779907
vn 0.660299 0.409404 0.629598
v 0.630705 1.066368 -0.782569
vt 0.046570 0.780273
vn 0.660299 0.409404 0.629598
v 0.649327 1.044837 -0.779787
vt 0.050720 0.780518
vn 0.660299 0.409404 0.629598
v 0.604967 1.043173 -0.776269
vt 0.046722 0.778320
vn 0.381769 0.718143 0.581828
v 0.605778 1.042452 -0.774356
vt 0.046906 0.778320
vn 0.381769 0.718143 0.581828
v 0.617134 1.010098 -0.785963
vt 0.046631 0.774048
vn 0.369715 0.748927 0.549926
v 0.617885 1.009585 -0.784019
vt 0.046967 0.774048
vn 0.369715 0.748927 0.549926
v 0.605778 1.042452 -0.774356
vt 0.046906 0.778320
vn 0.849009 0.132987 -0.511369
v 0.635965 1.025901 -0.779908
vt 0.049896 0.776489
vn 0.699998 0.066699 -0.711024
v 0.617885 1.009585 -0.784019
vt 0.046967 0.774048
vn 0.699419 0.077723 -0.710473
v 0.646085 0.998740 -0.787960
vt 0.051941 0.770508
vn 0.682354 0.354605 -0.639256
v 0.635965 1.025901 -0.779908
vt 0.049896 0.776489
vn 0.904292 0.083754 -0.418619
v 0.655158 1.016728 -0.787371
vt 0.054352 0.774780
vn 0.535026 0.026560 -0.844418
v 0.646085 0.998740 -0.787960
vt 0.051941 0.770508
vn 0.539058 0.124749 -0.832979
v 0.663843 0.992979 -0.794334
vt 0.056305 0.767700
vn 0.534562 0.260546 -0.803965
v 0.617134 1.010098 -0.785963
vt 0.046631 0.774048
vn 0.397015 0.738617 0.544815
v 0.617885 1.009585 -0.784019
vt 0.046967 0.774048
vn 0.397015 0.738617 0.544815
v 0.629304 0.976804 -0.794849
vt 0.046539 0.766357
vn 0.387080 0.769359 0.508190
v 0.630015 0.976517 -0.792915
vt 0.047028 0.766357
vn 0.387080 0.769359 0.508190
v 0.617885 1.009585 -0.784019
vt 0.046967 0.774048
vn 0.680017 0.274201 -0.679993
v 0.646085 0.998740 -0.787960
vt 0.051941 0.770508
vn 0.668568 0.366652 -0.646980
v 0.630015 0.976517 -0.792915
vt 0.047028 0.766357
vn 0.665708 0.394123 -0.633640
v 0.656162 0.971492 -0.795390
vt 0.052734 0.762817
vn 0.642870 0.487339 -0.590948
v 0.646085 0.998740 -0.787960
vt 0.051941 0.770508
vn 0.526532 0.303439 -0.794160
v 0.663843 0.992979 -0.794334
vt 0.056305 0.767700
vn 0.522783 0.339623 -0.781891
v 0.656162 0.971492 -0.795390
vt 0.052734 0.762817
vn 0.511450 0.412775 -0.753682
v 0.672485 0.969051 -0.800667
vt 0.056641 0.760376
vn 0.503412 0.454388 -0.734920
v 0.629304 0.976804 -0.794849
vt 0.046539 0.766357
vn 0.404770 0.771045 0.491581
v 0.630015 0.976517 -0.792915
vt 0.047028 0.766357
vn 0.404770 0.771045 0.491581
v 0.641479 0.943405 -0.803332
vt 0.046539 0.756958
vn 0.404770 0.771045 0.491581
v 0.642135 0.943334 -0.801383
vt 0.047058 0.756958
vn 0.404770 0.771045 0.491581
v 0.630015 0.976517 -0.792915
vt 0.047028 0.766357
vn 0.639112 0.471520 -0.607623
v 0.656162 0.971492 -0.795390
vt 0.052734 0.762817
vn 0.642268 0.463304 -0.610607
v 0.642135 0.943334 -0.801383
vt 0.047058 0.756958
vn 0.642268 0.463304 -0.610607
v 0.666195 0.944219 -0.802552
vt 0.052826 0.755127
vn 0.642268 0.463304 -0.610607
v 0.666195 0.944219 -0.802552
vt 0.052826 0.755127
vn 0.503412 0.454388 -0.734920
v 0.681185 0.945109 -0.806887
vt 0.056458 0.753784
vn 0.505409 0.447263 -0.737914
v 0.641479 0.943405 -0.803332
vt 0.046539 0.756958
vn 0.385172 0.765589 0.515282
v 0.642135 0.943334 -0.801383
vt 0.047058 0.756958
vn 0.385172 0.765589 0.515282
v 0.653679 0.909843 -0.811134
vt 0.047089 0.747803
vn 0.387488 0.751414 0.534069
v 0.654190 0.909915 -0.809008
vt 0.047638 0.747803
vn 0.387488 0.751414 0.534069
v 0.642135 0.943334 -0.801383
vt 0.047058 0.756958
vn 0.629660 0.455071 -0.629634
v 0.666195 0.944219 -0.802552
vt 0.052826 0.755127
vn 0.636708 0.435091 -0.636630
v 0.654190 0.909915 -0.809008
vt 0.047638 0.747803
vn 0.639613 0.426409 -0.639587
v 0.676347 0.916914 -0.809407
vt 0.053009 0.747803
vn 0.649074 0.396955 -0.648945
v 0.666195 0.944219 -0.802552
vt 0.052826 0.755127
vn 0.495159 0.450941 -0.742610
v 0.681185 0.945109 -0.806887
vt 0.056458 0.753784
vn 0.500757 0.434263 -0.748771
v 0.676347 0.916914 -0.809407
vt 0.053009 0.747803
vn 0.504633 0.407260 -0.761239
v 0.690228 0.921375 -0.813478
vt 0.056580 0.747803
vn 0.506297 0.387455 -0.770416
v 0.681185 0.945109 -0.806887
vt 0.056458 0.753784
vn 0.268773 0.379896 -0.885121
v 0.684935 0.945319 -0.810843
vt 0.057648 0.753296
vn 0.271260 0.378322 -0.885037
v 0.690228 0.921375 -0.813478
vt 0.056580 0.747803
vn 0.270609 0.348978 -0.897210
v 0.693743 0.922520 -0.817425
vt 0.057800 0.747559
vn 0.273069 0.347496 -0.897039
v 0.672485 0.969051 -0.800667
vt 0.056641 0.760376
vn 0.269737 0.388446 -0.881108
v 0.676575 0.968423 -0.804882
vt 0.057983 0.759521
vn 0.264226 0.414166 -0.871006
v 0.663843 0.992979 -0.794334
vt 0.056305 0.767700
vn 0.280491 0.298238 -0.912348
v 0.668290 0.991533 -0.798861
vt 0.057922 0.766724
vn 0.281708 0.306661 -0.909175
v 0.655158 1.016728 -0.787371
vt 0.054352 0.774780
vn 0.305712 0.000000 -0.952124
v 0.659700 1.014279 -0.791953
vt 0.056030 0.774048
vn 0.305620 0.021111 -0.951920
v 0.663843 0.992979 -0.794334
vt 0.056305 0.767700
vn 0.289478 0.247111 -0.924737
v 0.668290 0.991533 -0.798861
vt 0.057922 0.766724
vn 0.286891 0.276274 -0.917260
v -0.181838 0.980049 -0.831661
vt 0.628906 0.651855
vn -0.741435 0.154887 -0.652904
v 0.035455 0.969178 -0.835883
vt 0.583496 0.651611
vn -0.705544 0.067171 -0.705476
v -0.181838 0.980049 -0.825146
vt 0.628906 0.653320
vn -0.720084 0.100451 -0.686577
v 0.035455 0.969178 -0.824506
vt 0.583496 0.653809
vn -0.705544 0.067171 -0.705476
v 0.254658 0.958786 -0.836182
vt 0.538086 0.651367
vn -0.706008 0.056000 -0.705986
v 0.254658 0.958786 -0.824805
vt 0.538086 0.653809
vn -0.706008 0.056000 -0.705986
v 0.453770 0.950053 -0.833161
vt 0.497070 0.651611
vn -0.706717 0.033651 -0.706695
v 0.453770 0.950053 -0.821784
vt 0.497070 0.654053
vn -0.706407 0.044840 -0.706384
v 0.554119 0.946988 -0.829997
vt 0.476318 0.652344
vn -0.701355 0.022264 -0.712465
v 0.554119 0.946988 -0.818620
vt 0.476318 0.654541
vn -0.701139 0.033379 -0.712243
v 0.659765 0.945172 -0.825385
vt 0.454346 0.652832
vn -0.674131 0.021398 -0.738302
v 0.659765 0.945172 -0.814008
vt 0.454346 0.655273
vn -0.695817 0.022084 -0.717879
v -0.183284 0.980129 -0.831596
vt 0.628906 0.651855
vn -0.768127 0.239636 -0.593764
v -0.184127 0.979086 -0.832144
vt 0.629395 0.651611
vn -0.354894 0.150802 0.922664
v -0.183284 0.980129 -0.831596
vt 0.628906 0.651855
vn -0.363847 0.155283 0.918424
v -0.181838 0.978570 -0.825146
vt 0.628906 0.653320
vn -0.410002 0.157002 0.898470
v -0.181838 0.980049 -0.825146
vt 0.628906 0.653320
vn -0.410002 0.157002 0.898470
v 0.661383 0.945144 -0.825314
vt 0.454102 0.652832
vn -0.643085 0.020410 -0.765522
v 0.661383 0.945144 -0.825314
vt 0.454102 0.652832
vn -0.540377 0.549970 -0.636809
v 0.663438 0.944168 -0.826137
vt 0.453613 0.652832
vn -0.540377 0.549970 -0.636809
v 0.659765 0.945172 -0.814008
vt 0.454346 0.655273
vn -0.540377 0.549970 -0.636809
v -0.176298 0.960186 -0.849346
vt 0.797363 0.743408
vn -0.093074 0.790912 0.604810
v -0.175380 0.959231 -0.851631
vt 0.796875 0.743164
vn -0.358715 0.831879 0.423439
v -0.179303 0.968814 -0.846814
vt 0.797852 0.745361
vn 0.082836 0.959504 0.269241
v -0.176298 0.960186 -0.849346
vt 0.797363 0.743408
vn -0.084246 0.779102 0.621211
v -0.173196 0.956822 -0.851800
vt 0.796387 0.742676
vn -0.687937 0.720288 0.089034
v -0.175380 0.959231 -0.851631
vt 0.796875 0.743164
vn -0.094621 0.782952 0.614843
v -0.057459 0.591175 -0.817085
vt 0.415527 0.736572
vn -0.053366 0.518223 -0.853579
v -0.053818 0.591567 -0.817636
vt 0.415527 0.738037
vn -0.053366 0.518223 -0.853579
v -0.058549 0.593727 -0.820870
vt 0.417236 0.736572
vn -0.053366 0.518223 -0.853579
v -0.054963 0.594087 -0.821612
vt 0.417236 0.737793
vn -0.053366 0.518223 -0.853579
v -0.060615 0.614770 -0.835281
vt 0.433838 0.731689
vn 0.679551 0.683777 -0.265819
v -0.057249 0.619052 -0.815139
vt 0.437744 0.725830
vn 0.710289 0.535172 -0.457253
v -0.064012 0.614346 -0.834058
vt 0.432861 0.730713
vn 0.686684 0.669523 -0.283204
v -0.060551 0.618412 -0.814421
vt 0.437012 0.725586
vn 0.709844 0.512682 -0.482989
v -0.058549 0.593727 -0.820870
vt 0.417236 0.736572
vn -0.081156 0.044239 -0.995719
v -0.054963 0.594087 -0.821612
vt 0.417236 0.737793
vn -0.081156 0.044239 -0.995719
v -0.063581 0.594844 -0.845451
vt 0.425781 0.736328
vn -0.077770 0.044430 -0.995981
v -0.059963 0.595412 -0.845974
vt 0.425781 0.737549
vn -0.077770 0.044430 -0.995981
v -0.063581 0.594844 -0.845451
vt 0.425781 0.736328
vn 0.031375 0.886034 -0.462558
v -0.059963 0.595412 -0.845974
vt 0.425781 0.737549
vn 0.035254 0.884316 -0.465555
v -0.065799 0.604380 -0.849765
vt 0.428467 0.735352
vn 0.046534 0.875798 -0.480430
v -0.062210 0.604929 -0.850470
vt 0.428955 0.736328
vn 0.050304 0.873984 -0.483344
v -0.062427 0.613574 -0.845318
vt 0.431641 0.734375
vn 0.698160 0.694093 -0.175521
v -0.060615 0.614770 -0.835281
vt 0.433838 0.731689
vn 0.709346 0.671574 -0.214050
v -0.066012 0.613131 -0.844693
vt 0.430908 0.733398
vn 0.702438 0.685916 -0.190000
v -0.064012 0.614346 -0.834058
vt 0.432861 0.730713
vn 0.710628 0.668324 -0.219888
v -0.065799 0.604380 -0.849765
vt 0.428467 0.735352
vn 0.327441 0.943803 -0.044927
v -0.062210 0.604929 -0.850470
vt 0.428955 0.736328
vn 0.343819 0.936517 -0.068735
v -0.066012 0.613131 -0.844693
vt 0.430908 0.733398
vn 0.388601 0.910169 -0.143464
v -0.062427 0.613574 -0.845318
vt 0.431641 0.734375
vn 0.408119 0.895630 -0.176880
v -0.057459 0.591175 -0.817085
vt 0.415527 0.736572
vn -0.105974 0.401792 -0.909579
v -0.058549 0.593727 -0.820870
vt 0.417236 0.736572
vn -0.098217 0.218161 -0.970958
v -0.057464 0.594809 -0.814633
vt 0.415283 0.735107
vn -0.106364 0.410607 -0.905588
v -0.058827 0.597713 -0.819489
vt 0.416992 0.735107
vn -0.101816 0.232671 -0.967211
v -0.064012 0.614346 -0.834058
vt 0.432861 0.730713
vn -0.027409 0.983003 0.181534
v -0.060551 0.618412 -0.814421
vt 0.437012 0.725586
vn -0.013760 0.976888 0.213308
v -0.063290 0.610062 -0.833502
vt 0.431641 0.729980
vn -0.020660 0.980367 0.196095
v -0.059794 0.614159 -0.813674
vt 0.436035 0.724365
vn -0.006923 0.975174 0.221331
v -0.063581 0.594844 -0.845451
vt 0.425781 0.736328
vn -0.106016 0.365474 -0.924764
v -0.063584 0.597961 -0.843339
vt 0.425293 0.735107
vn -0.106016 0.365474 -0.924764
v -0.065799 0.604380 -0.849765
vt 0.428467 0.735352
vn -0.099539 0.857260 -0.505170
v -0.064995 0.604272 -0.845962
vt 0.427734 0.734131
vn -0.099889 0.860554 -0.499469
v -0.066012 0.613131 -0.844693
vt 0.430908 0.733398
vn -0.103781 0.994594 -0.003582
v -0.065136 0.609917 -0.842665
vt 0.429932 0.732666
vn -0.092468 0.995488 0.021310
v -0.057464 0.594809 -0.814633
vt 0.415283 0.735107
vn -0.124106 0.452457 -0.883108
v -0.058827 0.597713 -0.819489
vt 0.416992 0.735107
vn -0.091479 0.095073 -0.991258
v -0.050945 0.595703 -0.815928
vt 0.415283 0.732666
vn -0.092770 0.467364 -0.879184
v -0.052307 0.598607 -0.820782
vt 0.416992 0.732910
vn -0.074022 0.103610 -0.991860
v -0.063290 0.610062 -0.833502
vt 0.431641 0.729980
vn -0.684948 0.725665 0.065241
v -0.059794 0.614159 -0.813674
vt 0.436035 0.724365
vn -0.686294 0.726606 0.032307
v -0.056783 0.610989 -0.834834
vt 0.429932 0.728516
vn -0.687405 0.723741 0.060613
v -0.053287 0.615082 -0.815012
vt 0.434082 0.723145
vn -0.684191 0.728405 0.036189
v -0.063584 0.597961 -0.843339
vt 0.425293 0.735107
vn -0.214922 0.159395 -0.963536
v -0.057070 0.598857 -0.844654
vt 0.425049 0.732910
vn -0.208051 0.166392 -0.963861
v -0.064995 0.604272 -0.845962
vt 0.427734 0.734131
vn -0.369989 0.901744 -0.223531
v -0.058488 0.605193 -0.847301
vt 0.426758 0.732178
vn -0.354668 0.909732 -0.215868
v -0.065136 0.609917 -0.842665
vt 0.429932 0.732666
vn -0.580478 0.811878 0.062445
v -0.058631 0.610853 -0.843997
vt 0.428223 0.730957
vn -0.577164 0.813910 0.066571
v -0.053818 0.591567 -0.817636
vt 0.414307 0.736816
vn -0.898752 0.390333 -0.199710
v -0.057459 0.591175 -0.817085
vt 0.415527 0.736572
vn -0.897228 0.396714 -0.193907
v -0.050945 0.595703 -0.815928
vt 0.413086 0.735596
vn -0.897228 0.396714 -0.193907
v -0.057464 0.594809 -0.814633
vt 0.415283 0.735107
vn -0.897228 0.396714 -0.193907
v -0.060551 0.618412 -0.814421
vt 0.437012 0.725586
vn 0.926241 0.262165 -0.270827
v -0.057249 0.619052 -0.815139
vt 0.437744 0.725830
vn 0.582264 0.093912 -0.807558
v -0.059794 0.614159 -0.813674
vt 0.436035 0.724365
vn 0.587169 0.085260 -0.804962
v -0.053287 0.615082 -0.815012
vt 0.438477 0.724121
vn 0.528085 0.334008 -0.780747
v -0.057249 0.619052 -0.815139
vt 0.432617 0.721924
vn 0.661333 0.625885 0.413408
v -0.060615 0.614770 -0.835281
vt 0.428467 0.727539
vn 0.661333 0.625885 0.413408
v -0.053287 0.615082 -0.815012
vt 0.434082 0.723145
vn 0.661333 0.625885 0.413408
v -0.056783 0.610989 -0.834834
vt 0.429932 0.728516
vn 0.661333 0.625885 0.413408
v -0.059963 0.595412 -0.845974
vt 0.425537 0.731445
vn -0.091181 0.021856 -0.995595
v -0.054963 0.594087 -0.821612
vt 0.417236 0.731201
vn -0.091181 0.021856 -0.995595
v -0.057070 0.598857 -0.844654
vt 0.425049 0.732910
vn -0.091181 0.021856 -0.995595
v -0.052307 0.598607 -0.820782
vt 0.416992 0.732910
vn -0.091181 0.021856 -0.995595
v -0.054963 0.594087 -0.821612
vt 0.417236 0.731201
vn -0.142848 0.342791 -0.928487
v -0.053818 0.591567 -0.817636
vt 0.415527 0.730957
vn -0.136633 0.366671 -0.920263
v -0.052307 0.598607 -0.820782
vt 0.416992 0.732910
vn -0.136633 0.366671 -0.920263
v -0.050945 0.595703 -0.815928
vt 0.415283 0.732666
vn -0.130194 0.390538 -0.911334
v -0.054930 0.610930 -0.837060
vt 0.462402 0.745117
vn 0.150855 0.703983 0.694010
v -0.056659 0.612536 -0.850916
vt 0.462402 0.750244
vn -1.000000 0.000000 -0.000015
v -0.052855 0.609003 -0.820437
vt 0.462646 0.739014
vn -1.000000 0.000000 -0.000015
v -0.052855 0.609003 -0.820437
vt 0.462646 0.739014
vn -0.130110 0.991444 -0.010520
v -0.056659 0.612536 -0.850916
vt 0.462402 0.750244
vn -0.129218 0.991610 -0.003483
v -0.054708 0.617915 -0.822199
vt 0.465820 0.740234
vn -0.126652 0.991922 -0.007025
v -0.058282 0.621860 -0.852280
vt 0.465820 0.751221
vn -0.129218 0.991610 -0.003483
v -0.053626 0.605311 -0.833187
vt 0.460693 0.743408
vn -0.136073 0.990693 -0.003467
v -0.054930 0.610930 -0.837060
vt 0.462402 0.745117
vn -0.131742 0.991260 0.006914
v -0.052855 0.609003 -0.820437
vt 0.462646 0.739014
vn -0.132649 0.991139 -0.006953
v -0.055116 0.608500 -0.842430
vt 0.461426 0.747070
vn -0.118474 0.992902 0.010459
v -0.054319 0.599101 -0.848951
vt 0.457764 0.748779
vn -0.118901 0.992882 0.006982
v -0.056659 0.612536 -0.850916
vt 0.462402 0.750244
vn -0.132180 0.991220 0.003491
v -0.052669 0.598074 -0.836891
vt 0.458008 0.744385
vn -0.135406 0.990559 -0.021412
v -0.050949 0.597004 -0.824317
vt 0.458008 0.739990
vn -0.135406 0.990559 -0.021412
v -0.056659 0.612536 -0.850916
vt 0.463867 0.751953
vn -0.078435 0.972435 -0.219584
v -0.054319 0.599101 -0.848951
vt 0.461182 0.750000
vn -0.842216 0.027591 -0.538434
v -0.050537 0.613734 -0.851642
vt 0.463867 0.753418
vn -0.082884 0.970840 -0.224945
v -0.048197 0.600298 -0.849677
vt 0.459961 0.750977
vn -0.842553 0.067395 -0.534381
v -0.054708 0.617915 -0.822199
vt 0.465820 0.740234
vn 0.454991 0.295126 -0.840169
v -0.058282 0.621860 -0.852280
vt 0.465820 0.751221
vn 0.663041 0.278069 -0.695022
v -0.048585 0.619113 -0.822925
vt 0.467773 0.739746
vn 0.552862 0.257986 -0.792330
v -0.052160 0.623057 -0.853006
vt 0.467529 0.751831
vn 0.690100 0.345050 -0.636162
v -0.052855 0.609003 -0.820437
vt 0.463867 0.738525
vn 0.143372 0.984127 -0.104587
v -0.046733 0.610201 -0.821164
vt 0.464844 0.736572
vn 0.193039 0.965115 -0.176885
v -0.052669 0.598074 -0.836891
vt 0.459473 0.739746
vn -0.872021 0.473356 -0.124552
v -0.050949 0.597004 -0.824317
vt 0.459717 0.737061
vn -0.738901 0.662698 0.121883
v -0.046547 0.599272 -0.837617
vt 0.457764 0.739502
vn -0.851016 0.524260 -0.030393
v -0.044826 0.598201 -0.825043
vt 0.458984 0.735596
vn -0.690512 0.694436 0.202365
v -0.050949 0.597004 -0.824317
vt 0.459717 0.737061
vn 0.206346 0.978389 -0.013253
v -0.044826 0.598201 -0.825043
vt 0.458984 0.735596
vn 0.173011 0.984829 0.013350
v -0.053626 0.605311 -0.833187
vt 0.459473 0.742920
vn -0.879115 0.341825 -0.332133
v -0.047504 0.606509 -0.833914
vt 0.457031 0.742676
vn -0.889849 0.394436 -0.229322
v -0.054930 0.610930 -0.837060
vt 0.459717 0.745361
vn -0.754535 0.055858 -0.653878
v -0.048807 0.612128 -0.837786
vt 0.457275 0.745850
vn -0.856091 0.241575 -0.456891
v -0.055116 0.608500 -0.842430
vt 0.459961 0.747314
vn -0.921771 0.387321 -0.017920
v -0.054930 0.610930 -0.837060
vt 0.459717 0.745361
vn -0.929235 0.305445 -0.207908
v -0.048994 0.609698 -0.843157
vt 0.458008 0.748047
vn -0.922303 0.378343 -0.078830
v -0.048807 0.612128 -0.837786
vt 0.457275 0.745850
vn -0.917750 0.302835 -0.256955
v -0.044826 0.598201 -0.825043
vt 0.456543 0.783081
vn 0.204521 0.119289 0.971567
v -0.046733 0.610201 -0.821164
vt 0.452393 0.781616
vn 0.205466 0.115586 0.971815
v -0.046547 0.599272 -0.837617
vt 0.455811 0.787354
vn 0.205466 0.115586 0.971815
v -0.047504 0.606509 -0.833914
vt 0.453613 0.786011
vn 0.205466 0.115586 0.971815
v -0.046733 0.610201 -0.821164
vt 0.452393 0.781616
vn 0.186729 0.110336 0.976196
v -0.048585 0.619113 -0.822925
vt 0.449463 0.782104
vn 0.176375 0.105002 0.978706
v -0.047504 0.606509 -0.833914
vt 0.453613 0.786011
vn 0.186729 0.110336 0.976196
v -0.048807 0.612128 -0.837786
vt 0.451416 0.787231
vn 0.187581 0.106577 0.976450
v -0.052160 0.623057 -0.853006
vt 0.447510 0.792236
vn 0.167603 0.100562 0.980712
v -0.050537 0.613734 -0.851642
vt 0.450684 0.791870
vn 0.167603 0.100562 0.980712
v -0.048994 0.609698 -0.843157
vt 0.452148 0.789062
vn 0.176375 0.105002 0.978706
v -0.048197 0.600298 -0.849677
vt 0.455322 0.791382
vn 0.167603 0.100562 0.980712
v -0.042615 0.585347 -0.825178
vt 0.462402 0.726074
vn 0.545086 0.039470 0.837451
v -0.045117 0.598543 -0.830677
vt 0.459229 0.722168
vn 0.557969 0.035357 0.829108
v -0.042215 0.590520 -0.810187
vt 0.458252 0.729736
vn 0.597142 0.031401 0.801521
v -0.042661 0.594467 -0.811316
vt 0.457764 0.728516
vn 0.639526 0.027263 0.768286
v -0.030986 0.590389 -0.811367
vt 0.454346 0.730225
vn -0.867623 0.294247 -0.400810
v -0.042284 0.588697 -0.810291
vt 0.458496 0.730225
vn -0.864047 0.286265 -0.414096
v -0.030917 0.592212 -0.811263
vt 0.454102 0.729736
vn -0.867142 0.285602 -0.408040
v -0.042215 0.590520 -0.810187
vt 0.458252 0.729736
vn -0.838486 0.224291 -0.496624
v -0.031363 0.596158 -0.812391
vt 0.454102 0.728271
vn -0.849832 0.203075 -0.486360
v -0.042661 0.594467 -0.811316
vt 0.457764 0.728516
vn -0.827041 0.141433 -0.544059
v -0.033819 0.600235 -0.831753
vt 0.455322 0.721436
vn -0.855789 0.143476 -0.497030
v -0.045117 0.598543 -0.830677
vt 0.459229 0.722168
vn -0.858031 0.130450 -0.496756
v -0.046603 0.618572 -0.810999
vt 0.438721 0.788330
vn 0.114288 0.838107 0.533399
v -0.048644 0.615813 -0.830639
vt 0.432129 0.788330
vn 0.101738 0.846427 0.522696
v -0.046811 0.621052 -0.809540
vt 0.439697 0.788696
vn 0.112482 0.843647 0.524983
v -0.049790 0.628584 -0.823841
vt 0.435303 0.792480
vn 0.102371 0.847139 0.521418
v -0.048644 0.615813 -0.830639
vt 0.432129 0.788330
vn 0.106852 0.825759 0.553810
v -0.046603 0.618572 -0.810999
vt 0.438721 0.788330
vn 0.369866 0.893179 0.255793
v -0.037395 0.617577 -0.832055
vt 0.432129 0.784424
vn 0.106852 0.825759 0.553810
v -0.035354 0.620337 -0.812415
vt 0.438965 0.784424
vn 0.221623 0.890891 0.396481
v -0.046811 0.621052 -0.809540
vt 0.439697 0.788696
vn 0.250418 0.967281 0.040728
v -0.035561 0.622817 -0.810956
vt 0.440186 0.784546
vn 0.054339 0.982133 0.180171
v -0.057249 0.619053 -0.815139
vt 0.816406 0.971786
vn 0.513847 0.827433 0.226529
v -0.055163 0.619538 -0.804222
vt 0.819336 0.972473
vn 0.474399 0.836888 0.273064
v -0.031553 0.623173 -0.811011
vt 0.820312 0.967438
vn 0.147085 0.730193 0.667221
v -0.051003 0.589205 -0.805088
vt 0.818359 0.955627
vn 0.654675 0.729260 0.198951
v -0.053818 0.591568 -0.817636
vt 0.815430 0.956787
vn 0.654675 0.729260 0.198951
v -0.026911 0.591599 -0.811984
vt 0.820312 0.960327
vn 0.654675 0.729260 0.198951
v -0.053818 0.591568 -0.817636
vt 0.815430 0.956787
vn 0.715443 0.668772 0.202202
v -0.054963 0.594087 -0.821612
vt 0.814453 0.957428
vn 0.692156 0.676431 0.251718
v -0.026911 0.591599 -0.811984
vt 0.820312 0.960327
vn 0.662808 0.682735 0.307504
v -0.031015 0.597862 -0.826665
vt 0.817383 0.961670
vn 0.654955 0.682893 0.323561
v -0.060615 0.614770 -0.835281
vt 0.812012 0.970245
vn 0.552718 0.829044 0.084791
v -0.057249 0.619053 -0.815139
vt 0.816406 0.971786
vn 0.442158 0.868220 0.225144
v -0.039063 0.617185 -0.850406
vt 0.812988 0.966034
vn 0.461628 0.863538 0.202984
v -0.031553 0.623173 -0.811011
vt 0.820312 0.967438
vn 0.371225 0.877452 0.303760
v -0.054963 0.594087 -0.821612
vt 0.814453 0.957428
vn 0.723938 0.682774 -0.098658
v -0.059963 0.595412 -0.845974
vt 0.809570 0.961182
vn 0.713229 0.697213 -0.072097
v -0.031015 0.597862 -0.826665
vt 0.817383 0.961670
vn 0.713229 0.697213 -0.072097
v -0.036423 0.598927 -0.851172
vt 0.812500 0.963287
vn 0.706306 0.706306 -0.047570
v -0.059963 0.595412 -0.845974
vt 0.809570 0.961182
vn 0.825893 0.104562 -0.554046
v -0.062210 0.604929 -0.850470
vt 0.808594 0.964600
vn 0.753206 0.010629 -0.657699
v -0.036423 0.598927 -0.851172
vt 0.812500 0.963287
vn 0.661927 0.073557 -0.745951
v -0.039063 0.617185 -0.850406
vt 0.812988 0.966034
vn 0.652066 0.135636 -0.745931
v -0.062427 0.613574 -0.845318
vt 0.809570 0.967682
vn 0.708228 0.313573 -0.632523
v -0.060615 0.614770 -0.835281
vt 0.812012 0.970245
vn 0.708228 0.313573 -0.632523
v -0.039063 0.617185 -0.850406
vt 0.812988 0.966034
vn 0.708228 0.313573 -0.632523
v -0.062210 0.604929 -0.850470
vt 0.808594 0.964600
vn 0.587044 0.414390 -0.695457
v -0.062427 0.613574 -0.845318
vt 0.809570 0.967682
vn 0.587044 0.414390 -0.695457
v -0.039063 0.617185 -0.850406
vt 0.812988 0.966034
vn 0.587044 0.414390 -0.695457
v -0.037405 0.622482 -0.803064
vt 0.821289 0.968918
vn 0.053051 0.695389 0.716672
v -0.033205 0.592048 -0.803968
vt 0.821289 0.958954
vn 0.130302 0.851794 0.507413
v -0.051003 0.589205 -0.805088
vt 0.818359 0.955627
vn 0.130302 0.851794 0.507413
v -0.026911 0.591599 -0.811984
vt 0.820312 0.960327
vn 0.130302 0.851794 0.507413
v -0.039063 0.617185 -0.850406
vt 0.812988 0.966034
vn 0.282971 0.763006 0.581162
v -0.031553 0.623173 -0.811011
vt 0.820312 0.967438
vn 0.249399 0.833004 0.493866
v -0.036423 0.598927 -0.851172
vt 0.812500 0.963287
vn 0.273952 0.811346 0.516400
v -0.031015 0.597862 -0.826665
vt 0.817383 0.961670
vn 0.197621 0.871305 0.449192
v -0.031787 0.618085 -0.802901
vt 0.822266 0.966644
vn 0.063849 0.592905 0.802737
v -0.029062 0.596879 -0.803550
vt 0.822266 0.961212
vn 0.055532 0.727870 0.683462
v -0.031553 0.623173 -0.811011
vt 0.820312 0.967438
vn 0.051483 0.674585 0.736400
v -0.031015 0.597862 -0.826665
vt 0.817383 0.961670
vn 0.043362 0.748472 0.661747
v -0.029062 0.596879 -0.803550
vt 0.822266 0.961212
vn -0.170914 0.752969 0.635473
v -0.033205 0.592048 -0.803968
vt 0.821289 0.958954
vn -0.170914 0.752969 0.635473
v -0.031015 0.597862 -0.826665
vt 0.817383 0.961670
vn -0.170914 0.752969 0.635473
v -0.031015 0.597862 -0.826665
vt 0.817383 0.961670
vn 0.063606 -0.268574 0.961157
v -0.033205 0.592048 -0.803968
vt 0.821289 0.958954
vn 0.063606 -0.268574 0.961157
v -0.026911 0.591599 -0.811984
vt 0.820312 0.960327
vn 0.063606 -0.268574 0.961157
v -0.031787 0.618085 -0.802901
vt 0.822266 0.966644
vn -0.243522 0.591955 0.768301
v 0.671612 0.922104 -0.841024
vt 0.621582 0.734375
vn -0.955183 0.274843 -0.109941
v 0.669984 0.920975 -0.842789
vt 0.622070 0.734131
vn -0.955183 0.274843 -0.109941
v 0.676441 0.922085 -0.842894
vt 0.620605 0.733643
vn -0.955183 0.274843 -0.109941
v 0.653025 0.921944 -0.844327
vt 0.625488 0.734375
vn -0.679622 0.010777 -0.733483
v 0.003508 0.603273 -0.749856
vt 0.016342 0.812500
vn 0.567526 0.281436 -0.773762
v 0.000661 0.602611 -0.749329
vt 0.016342 0.812500
vn 0.568963 0.272733 -0.775821
v -0.005454 0.642596 -0.748911
vt 0.016037 0.823853
vn 0.571832 0.255221 -0.779661
v -0.008301 0.641935 -0.748384
vt 0.016037 0.823853
vn 0.572855 0.253568 -0.779449
v -0.006466 0.645034 -0.751321
vt 0.015427 0.824585
vn 0.721905 0.526821 -0.448679
v -0.009313 0.644373 -0.750794
vt 0.015419 0.824585
vn 0.721905 0.526821 -0.448679
v -0.010045 0.644693 -0.771083
vt 0.010666 0.824707
vn 0.722074 0.533093 -0.440931
v -0.012892 0.644032 -0.770556
vt 0.010658 0.824707
vn 0.722074 0.533093 -0.440931
v -0.009927 0.642170 -0.773613
vt 0.010101 0.823975
vn 0.572801 -0.253565 -0.779490
v -0.012774 0.641509 -0.773086
vt 0.010094 0.823975
vn 0.571777 -0.255218 -0.779702
v -0.000965 0.602847 -0.774558
vt 0.010574 0.812622
vn 0.567471 -0.281433 -0.773804
v -0.003812 0.602186 -0.774031
vt 0.010567 0.812622
vn 0.567471 -0.281433 -0.773804
v 0.000047 0.600409 -0.772148
vt 0.011208 0.811890
vn -0.549871 0.758239 0.350309
v -0.002800 0.599748 -0.771621
vt 0.011208 0.811890
vn -0.549871 0.758239 0.350309
v 0.003626 0.600750 -0.752386
vt 0.015823 0.811890
vn -0.576228 0.750756 0.322997
v 0.000779 0.600088 -0.751859
vt 0.015823 0.811890
vn -0.580919 0.749934 0.316438
v 0.000661 0.602611 -0.749329
vt 0.016342 0.812500
vn 0.233679 0.807357 0.541821
v -0.003812 0.602186 -0.774031
vt 0.010567 0.812622
vn 0.231700 0.811010 0.537194
v -0.008301 0.641935 -0.748384
vt 0.016037 0.823853
vn 0.231700 0.811010 0.537194
v -0.012774 0.641509 -0.773086
vt 0.010094 0.823975
vn 0.231700 0.811010 0.537194
v 0.000779 0.600088 -0.751859
vt 0.015823 0.811890
vn 0.575835 0.285534 -0.766084
v 0.000661 0.602611 -0.749329
vt 0.016342 0.812500
vn 0.575835 0.285534 -0.766084
v 0.003626 0.600750 -0.752386
vt 0.015823 0.811890
vn 0.575835 0.285534 -0.766084
v 0.003508 0.603273 -0.749856
vt 0.016342 0.812500
vn 0.575835 0.285534 -0.766084
v -0.008301 0.641935 -0.748384
vt 0.016037 0.823853
vn 0.577091 0.255465 -0.775696
v -0.009313 0.644373 -0.750794
vt 0.015419 0.824585
vn 0.577091 0.255465 -0.775696
v -0.005454 0.642596 -0.748911
vt 0.016037 0.823853
vn 0.577091 0.255465 -0.775696
v -0.006466 0.645034 -0.751321
vt 0.015427 0.824585
vn 0.577091 0.255465 -0.775696
v -0.012892 0.644032 -0.770556
vt 0.010658 0.824707
vn 0.567586 -0.253316 -0.783375
v -0.012774 0.641509 -0.773086
vt 0.010094 0.823975
vn 0.567586 -0.253316 -0.783375
v -0.010045 0.644693 -0.771083
vt 0.010666 0.824707
vn 0.567586 -0.253316 -0.783375
v -0.009927 0.642170 -0.773613
vt 0.010101 0.823975
vn 0.567586 -0.253316 -0.783375
v -0.003812 0.602186 -0.774031
vt 0.010567 0.812622
vn -0.873242 0.462283 -0.154087
v -0.002800 0.599748 -0.771621
vt 0.011208 0.811890
vn -0.873242 0.462283 -0.154087
v -0.000965 0.602847 -0.774558
vt 0.010574 0.812622
vn -0.873242 0.462283 -0.154087
v 0.000047 0.600409 -0.772148
vt 0.011208 0.811890
vn -0.873242 0.462283 -0.154087
v 0.000779 0.600088 -0.751859
vt 0.015823 0.811890
vn 0.233679 0.807357 0.541821
v -0.002800 0.599748 -0.771621
vt 0.011208 0.811890
vn 0.233679 0.807357 0.541821
v -0.012892 0.644032 -0.770556
vt 0.010658 0.824707
vn 0.231700 0.811010 0.537194
v -0.009313 0.644373 -0.750794
vt 0.015419 0.824585
vn 0.231700 0.811010 0.537194
v 0.668314 1.027428 -0.796339
vt 0.013977 0.961884
vn 0.658958 0.560582 -0.501519
v 0.658863 1.053665 -0.787512
vt 0.014175 0.955841
vn 0.658958 0.560582 -0.501519
v 0.646781 1.005326 -0.803259
vt 0.008118 0.964813
vn 0.658958 0.560582 -0.501519
v 0.635236 1.036927 -0.794305
vt 0.008278 0.957611
vn 0.658958 0.560582 -0.501519
v 0.646781 1.005326 -0.803259
vt 0.008118 0.964813
vn 0.654514 0.561005 -0.506838
v 0.658345 0.973478 -0.811424
vt 0.007965 0.972015
vn 0.654514 0.561005 -0.506838
v 0.668314 1.027428 -0.796339
vt 0.013977 0.961884
vn 0.654514 0.561005 -0.506838
v 0.679748 0.995690 -0.804923
vt 0.013794 0.969086
vn 0.654514 0.561005 -0.506838
v 0.719466 0.941553 -0.816939
vt 0.017456 0.982712
vn 0.659701 0.566845 -0.493437
v 0.749963 0.935648 -0.816490
vt 0.022964 0.986023
vn 0.659701 0.566845 -0.493437
v 0.733139 0.959568 -0.811443
vt 0.021484 0.980072
vn 0.659701 0.566845 -0.493437
v 0.769874 0.959315 -0.809281
vt 0.028625 0.982697
vn 0.659701 0.566845 -0.493437
v 0.627757 1.071669 -0.783194
vt 0.009491 0.950012
vn 0.664629 0.572445 -0.480182
v 0.623624 1.068484 -0.784497
vt 0.008438 0.950378
vn 0.664629 0.572445 -0.480182
v 0.658863 1.053665 -0.787512
vt 0.014175 0.955841
vn 0.664629 0.572445 -0.480182
v 0.635236 1.036927 -0.794305
vt 0.008278 0.957611
vn 0.664629 0.572445 -0.480182
v 0.832948 0.938203 -0.810503
vt 0.039337 0.991310
vn 0.660902 0.578931 -0.477542
v 0.808234 0.959052 -0.805906
vt 0.036133 0.985374
vn 0.660902 0.578931 -0.477542
v 0.791020 0.936023 -0.813806
vt 0.031006 0.988815
vn 0.660902 0.578931 -0.477542
v 0.733139 0.959568 -0.811443
vt 0.021484 0.980072
vn 0.654514 0.561005 -0.506838
v 0.693232 0.960763 -0.813333
vt 0.013794 0.977020
vn 0.654514 0.561005 -0.506838
v 0.719466 0.941553 -0.816939
vt 0.017456 0.982712
vn 0.654514 0.561005 -0.506838
v 0.669965 0.941278 -0.818824
vt 0.007812 0.979248
vn 0.654514 0.561005 -0.506838
v 0.749963 0.935648 -0.816490
vt 0.022964 0.986023
vn 0.660902 0.578931 -0.477542
v 0.769874 0.959315 -0.809281
vt 0.028625 0.982697
vn 0.660902 0.578931 -0.477542
v 0.650575 0.947695 -0.895311
vt 0.976562 0.752075
vn 0.474726 0.878423 -0.054850
v 0.649292 0.941204 -0.898452
vt 0.975586 0.751221
vn 0.459582 0.888113 0.006260
v 0.643956 0.948947 -0.895707
vt 0.976074 0.753296
vn 0.456326 0.877529 -0.147340
v 0.642125 0.942582 -0.898599
vt 0.974609 0.752686
vn 0.439444 0.897723 -0.031344
v 0.647593 0.962331 -0.891296
vt 0.978516 0.754883
vn 0.508547 0.821440 -0.258102
v 0.654268 0.961635 -0.889926
vt 0.979492 0.754028
vn 0.528062 0.839299 -0.129332
v 0.645992 0.956367 -0.893058
vt 0.977539 0.754150
vn 0.485412 0.853135 -0.191144
v 0.652461 0.955382 -0.892098
vt 0.978027 0.753174
vn 0.503627 0.859503 -0.087265
v 0.662868 0.937926 -0.893579
vt 0.977539 0.748779
vn 0.461237 0.881242 0.103313
v 0.662473 0.944268 -0.889617
vt 0.978516 0.750000
vn 0.490459 0.868524 0.071531
v 0.662293 0.952306 -0.886168
vt 0.979980 0.751465
vn 0.519439 0.853381 0.043861
v 0.670671 0.940209 -0.879818
vt 0.980957 0.748535
vn 0.436195 0.845139 0.308989
v 0.669887 0.946551 -0.876977
vt 0.981934 0.749756
vn 0.469741 0.835664 0.284620
v 0.672603 0.934226 -0.883417
vt 0.980469 0.747070
vn 0.414493 0.847443 0.331716
v 0.680681 0.929867 -0.864453
vt 0.985352 0.746094
vn 0.187543 0.665812 0.722164
v 0.678547 0.935123 -0.862276
vt 0.985352 0.747314
vn 0.166937 0.649225 0.742050
v 0.675501 0.932484 -0.848885
vt 0.988281 0.748047
vn -0.342959 0.600134 0.722647
v 0.677609 0.926728 -0.851446
vt 0.988281 0.746826
vn -0.284366 0.568707 0.771822
v 0.670851 0.925072 -0.842653
vt 0.990234 0.747559
vn -0.480005 0.599999 0.639997
v 0.667847 0.933229 -0.838860
vt 0.990723 0.749268
vn -0.564158 0.644740 0.515787
v 0.670144 0.951304 -0.875476
vt 0.982422 0.750610
vn 0.522710 0.819525 0.234848
v 0.677113 0.940622 -0.860028
vt 0.985352 0.748779
vn 0.138515 0.632639 0.761959
v 0.676567 0.944708 -0.858370
vt 0.985840 0.749512
vn 0.080768 0.583531 0.808064
v 0.673571 0.938143 -0.846013
vt 0.988281 0.749512
vn -0.373246 0.621974 0.688357
v 0.672273 0.942184 -0.843766
vt 0.988770 0.750366
vn -0.453056 0.646629 0.613687
v 0.665024 0.940782 -0.834087
vt 0.991211 0.751099
vn -0.618653 0.662837 0.421801
v 0.639845 0.937144 -0.904035
vt 0.973145 0.752197
vn 0.446821 0.886706 0.118758
v 0.647746 0.936243 -0.903145
vt 0.974121 0.750732
vn 0.448773 0.883327 0.135409
v 0.637923 0.934886 -0.911086
vt 0.971680 0.751831
vn 0.493438 0.832714 0.251208
v 0.646719 0.934323 -0.909591
vt 0.972656 0.750244
vn 0.490951 0.827365 0.272826
v 0.662827 0.933077 -0.902178
vt 0.975586 0.747803
vn 0.449575 0.820991 0.351931
v 0.662533 0.934380 -0.897393
vt 0.976562 0.748291
vn 0.434111 0.879659 0.194286
v 0.674065 0.931566 -0.888576
vt 0.979492 0.746094
vn 0.302833 0.767202 0.565413
v 0.673235 0.932103 -0.885869
vt 0.979980 0.746582
vn 0.385462 0.838332 0.385511
v 0.683340 0.927378 -0.865715
vt 0.984863 0.745117
vn 0.124673 0.657064 0.743454
v 0.681755 0.928001 -0.865304
vt 0.984863 0.745605
vn 0.172797 0.676929 0.715477
v 0.678607 0.924276 -0.851625
vt 0.988281 0.746338
vn -0.176953 0.572867 0.800320
v 0.680339 0.923665 -0.851321
vt 0.988281 0.745850
vn -0.082701 0.601610 0.794497
v 0.671612 0.922104 -0.841024
vt 0.990723 0.747314
vn -0.284815 0.577701 0.764946
v 0.676441 0.922085 -0.842894
vt 0.990234 0.746338
vn -0.018212 0.568174 0.822707
v 0.735007 0.962417 -0.941430
vt 0.688965 0.720703
vn 0.672607 0.725930 0.143614
v 0.731300 0.967501 -0.940367
vt 0.688477 0.719482
vn 0.674672 0.723457 0.146379
v 0.702483 0.965575 -0.979455
vt 0.678711 0.720947
vn 0.672607 0.725930 0.143614
v 0.700938 0.970433 -0.977621
vt 0.678223 0.719971
vn 0.671802 0.725058 0.151570
v 0.892867 0.926358 -0.828414
vt 0.730957 0.725342
vn 0.834587 0.450856 -0.316533
v 0.869536 0.952160 -0.822659
vt 0.726562 0.719727
vn 0.812092 0.479453 -0.332614
v 0.834713 0.931567 -0.843579
vt 0.718750 0.724365
vn 0.811550 0.538016 -0.227872
v 0.831868 0.953137 -0.845670
vt 0.717285 0.719727
vn 0.800085 0.566375 -0.197694
v 0.680567 0.922110 -0.842641
vt 0.990234 0.745850
vn 0.116023 0.657434 0.744526
v 0.684337 0.923723 -0.851313
vt 0.988281 0.745117
vn 0.009424 0.590088 0.807284
v 0.687523 0.927618 -0.867045
vt 0.984863 0.744141
vn 0.134148 0.661289 0.738039
v 0.676472 0.931773 -0.894770
vt 0.978027 0.745361
vn 0.334130 0.761598 0.555271
v 0.664053 0.933224 -0.910962
vt 0.974121 0.746826
vn 0.445730 0.789692 0.421558
v 0.636016 0.934272 -0.921742
vt 0.969238 0.751099
vn 0.500373 0.803530 0.322439
v 0.646015 0.933971 -0.920052
vt 0.970703 0.749512
vn 0.492653 0.801822 0.338193
v 0.708802 0.934269 -0.913313
vt 0.976074 0.737793
vn 0.351909 0.741892 0.570751
v 0.726798 0.940347 -0.930095
vt 0.973633 0.733154
vn 0.373944 0.720613 0.583851
v 0.659191 0.938518 -0.970336
vt 0.961914 0.743164
vn 0.440158 0.763236 0.473003
v 0.684704 0.946019 -0.980331
vt 0.961426 0.737305
vn 0.430717 0.742323 0.513263
v 0.648215 0.936509 -0.960195
vt 0.962891 0.745850
vn 0.448966 0.783312 0.429943
v 0.670821 0.934771 -0.931013
vt 0.970215 0.743896
vn 0.450795 0.786505 0.422131
v 0.640291 0.935231 -0.948136
vt 0.964844 0.748291
vn 0.461146 0.792651 0.398809
v 0.636622 0.934433 -0.934775
vt 0.966797 0.750000
vn 0.482072 0.800201 0.356770
v 0.684704 0.946019 -0.980331
vt 0.676270 0.726074
vn 0.663491 0.733967 0.145164
v 0.726798 0.940347 -0.930095
vt 0.689941 0.725830
vn 0.668062 0.729962 0.144392
v 0.690405 0.950812 -0.980396
vt 0.676758 0.724609
vn 0.661809 0.732103 0.161353
v 0.728826 0.945638 -0.934114
vt 0.689453 0.724609
vn 0.667270 0.729046 0.152455
v 0.698291 0.932440 -0.901454
vt 0.978027 0.740723
vn 0.313488 0.749522 0.583046
v 0.747822 0.937083 -0.906377
vt 0.979004 0.730225
vn 0.270414 0.667084 0.694173
v 0.729964 0.931735 -0.890923
vt 0.981445 0.734619
vn 0.239891 0.705356 0.667027
v 0.741577 0.930258 -0.879504
vt 0.984375 0.732666
vn 0.169238 0.658255 0.733525
v 0.778379 0.925276 -0.850147
vt 0.991211 0.725830
vn 0.149693 0.645732 0.748747
v 0.758674 0.935435 -0.894916
vt 0.981445 0.728516
vn 0.191987 0.610911 0.768068
v 0.793963 0.930779 -0.864227
vt 0.988770 0.722168
vn 0.159083 0.561059 0.812346
v 0.824746 0.922978 -0.833816
vt 0.996094 0.716797
vn 0.140406 0.596838 0.789981
v 0.835308 0.926353 -0.841520
vt 0.994629 0.714355
vn 0.165613 0.496886 0.851867
v 0.715156 0.928778 -0.873263
vt 0.984375 0.738281
vn 0.182132 0.680710 0.709550
v 0.727611 0.924477 -0.851576
vt 0.989746 0.736328
vn 0.134096 0.656260 0.742523
v 0.733761 0.922430 -0.839385
vt 0.992188 0.735352
vn 0.134148 0.661289 0.738039
v 0.824746 0.922978 -0.833816
vt 0.996094 0.716797
vn 0.144569 0.665092 0.732634
v 0.835308 0.926353 -0.841520
vt 0.994629 0.714355
vn 0.148792 0.485542 0.861458
v 0.824746 0.922978 -0.833816
vt 0.996094 0.716797
vn 0.129624 0.574687 0.808042
v 0.876053 0.924221 -0.829548
vt 0.998047 0.706299
vn 0.255384 0.394382 0.882747
v 0.758674 0.935435 -0.894916
vt 0.699707 0.725830
vn 0.699704 0.703711 0.123307
v 0.793963 0.930779 -0.864227
vt 0.709473 0.725342
vn 0.753942 0.656899 0.007467
v 0.762323 0.941248 -0.897069
vt 0.699707 0.724365
vn 0.698277 0.702223 0.138894
v 0.797364 0.936978 -0.865965
vt 0.709473 0.723877
vn 0.745481 0.666431 0.011315
v 0.835308 0.926353 -0.841520
vt 0.718750 0.725342
vn 0.828848 0.455626 -0.324679
v 0.876053 0.924221 -0.829548
vt 0.727539 0.726074
vn 0.811628 0.299052 -0.501824
v 0.894440 0.924666 -0.828018
vt 0.731445 0.725586
vn 0.833015 0.550197 -0.058037
v 0.802140 0.955273 -0.869584
vt 0.709473 0.719727
vn 0.738301 0.673600 0.034270
v 0.770143 0.957905 -0.900920
vt 0.700195 0.720459
vn 0.699015 0.702992 0.131073
v 0.751744 0.942505 -0.908123
vt 0.696777 0.724365
vn 0.670051 0.723160 0.167543
v 0.734830 0.961337 -0.941116
vt 0.688965 0.720947
vn 0.664841 0.730508 0.156025
v 0.759901 0.958884 -0.912131
vt 0.696777 0.720703
vn 0.670945 0.724131 0.159582
v 0.701922 0.964324 -0.979567
vt 0.678223 0.721191
vn 0.661809 0.732103 0.161353
v 0.760388 0.964652 -0.904193
vt 0.697754 0.718750
vn 0.703912 0.703912 0.094957
v 0.770472 0.958979 -0.901056
vt 0.700195 0.720215
vn 0.712723 0.697055 0.078364
v 0.798990 0.960200 -0.866378
vt 0.708984 0.718262
vn 0.733144 0.679685 0.022983
v 0.802282 0.956416 -0.869683
vt 0.709473 0.719482
vn 0.729233 0.683184 0.038455
v 0.828335 0.957652 -0.842342
vt 0.717285 0.718262
vn 0.759533 0.648737 -0.047424
v 0.814321 0.958885 -0.853315
vt 0.713379 0.718262
vn 0.742677 0.669552 -0.011492
v 0.831614 0.954425 -0.845601
vt 0.717285 0.719482
vn 0.759934 0.646779 -0.064638
v 0.868033 0.954873 -0.816937
vt 0.727051 0.718506
vn 0.758081 0.645012 -0.096299
v 0.868683 0.953165 -0.822295
vt 0.726562 0.719482
vn 0.780938 0.609339 -0.137266
v 0.654364 0.965628 -0.889964
vt 0.979980 0.754639
vn 0.725511 0.100478 -0.680836
v 0.647644 0.965832 -0.891220
vt 0.979004 0.755493
vn 0.474897 0.777916 -0.411484
v 0.662689 0.959245 -0.884397
vt 0.980469 0.752686
vn 0.549387 0.835562 -0.003241
v 0.663856 0.962987 -0.883290
vt 0.981445 0.753296
vn 0.812168 0.576125 -0.092000
v 0.671127 0.954744 -0.874454
vt 0.982422 0.751343
vn 0.703565 0.660590 0.261948
v 0.676940 0.948206 -0.857039
vt 0.985840 0.750366
vn -0.089182 0.583940 0.806883
v 0.671764 0.945748 -0.840515
vt 0.988770 0.751343
vn -0.678008 0.714277 0.173534
v 0.663619 0.943702 -0.829078
vt 0.991699 0.752075
vn -0.700430 0.708330 0.087562
v 0.760238 0.959960 -0.912293
vt 0.696777 0.720459
vn 0.679859 0.720313 0.137624
v 0.895675 0.924921 -0.827396
vt 0.731934 0.725342
vn 0.810404 0.551807 0.196862
v 0.894514 0.926466 -0.828129
vt 0.731445 0.725342
vn 0.867767 0.412806 -0.276717
v 0.870784 0.952472 -0.821964
vt 0.726562 0.719727
vn 0.808154 0.373029 -0.455782
v 0.869943 0.953418 -0.821640
vt 0.726562 0.719482
vn 0.716779 0.618241 -0.322500
v 0.869545 0.954960 -0.817500
vt 0.727051 0.718750
vn 0.663468 0.737177 -0.127986
v 0.869545 0.954960 -0.817500
vt 0.727051 0.718750
vn 0.640541 0.612888 0.462684
v 0.869943 0.953418 -0.821640
vt 0.726562 0.719482
vn 0.653586 0.633912 0.413498
v 0.870690 0.953879 -0.817662
vt 0.727051 0.718994
vn 0.594762 0.606686 0.527437
v 0.870784 0.952472 -0.821964
vt 0.726562 0.719727
vn 0.593502 0.629604 0.501352
v 0.870537 0.953816 -0.816394
vt 0.727051 0.718750
vn 0.379184 0.456538 0.804856
v 0.893238 0.929689 -0.816668
vt 0.732422 0.722900
vn 0.429824 0.496286 0.754288
v 0.893707 0.929372 -0.817870
vt 0.732422 0.723145
vn 0.610873 0.583110 0.535553
v 0.894514 0.926466 -0.828129
vt 0.731445 0.725342
vn 0.587124 0.606972 0.535604
v 0.868769 0.954566 -0.815999
vt 0.727051 0.718506
vn 0.647462 0.631639 0.426410
v 0.869664 0.954441 -0.816552
vt 0.727051 0.718506
vn 0.579908 0.587836 0.564053
v 0.869642 0.953676 -0.815348
vt 0.727051 0.718506
vn 0.314052 0.337630 0.887343
v 0.857150 0.952871 -0.807297
vt 0.726562 0.715576
vn 0.753112 0.635221 0.171221
v 0.855293 0.953037 -0.807546
vt 0.726074 0.715332
vn 0.759227 0.646469 0.075179
v 0.858288 0.952323 -0.807219
vt 0.727051 0.715576
vn 0.539904 0.396493 0.742493
v 0.891928 0.929999 -0.815573
vt 0.732422 0.722412
vn 0.243442 0.327163 0.913072
v 0.880055 0.933152 -0.809239
vt 0.731934 0.719727
vn 0.235219 0.307315 0.922079
v 0.894129 0.927865 -0.816843
vt 0.732910 0.723145
vn 0.380526 0.450385 0.807684
v 0.895675 0.924921 -0.827396
vt 0.731934 0.725342
vn 0.332516 0.498786 0.800403
v 0.648000 0.966820 -0.892421
vt 0.979004 0.755615
vn 0.336788 0.217302 -0.916162
v 0.663856 0.962987 -0.883290
vt 0.685547 0.702881
vn 0.740909 0.653078 0.156662
v 0.654364 0.965628 -0.889964
vt 0.683105 0.702637
vn 0.825630 0.544833 -0.146602
v 0.687891 0.963198 -0.881926
vt 0.689453 0.705811
vn 0.696721 0.692778 0.186111
v 0.679981 0.965981 -0.891961
vt 0.687012 0.706055
vn 0.701084 0.685331 0.196986
v 0.648000 0.966820 -0.892421
vt 0.683105 0.702881
vn 0.845191 0.468522 -0.257177
v 0.671764 0.945748 -0.840515
vt 0.692871 0.696289
vn 0.645662 0.763059 -0.029338
v 0.688186 0.946238 -0.839874
vt 0.695801 0.698486
vn 0.733986 0.678753 -0.023650
v 0.663619 0.943702 -0.829078
vt 0.693359 0.693359
vn 0.684611 0.727176 -0.050217
v 0.663438 0.944168 -0.826137
vt 0.693848 0.692871
vn 0.713989 0.697905 -0.056113
v 0.681957 0.945914 -0.827412
vt 0.696289 0.695801
vn 0.722003 0.689562 -0.056705
v 0.687891 0.963198 -0.881926
vt 0.689453 0.705811
vn 0.752062 0.610074 0.249425
v 0.671127 0.954744 -0.874454
vt 0.687988 0.701904
vn 0.735585 0.655107 0.172477
v 0.690323 0.955343 -0.873426
vt 0.691406 0.704346
vn 0.746437 0.639840 0.182856
v 0.703646 0.962881 -0.880827
vt 0.691895 0.707764
vn 0.749945 0.616008 0.241072
v 0.703370 0.955138 -0.872251
vt 0.693359 0.705811
vn 0.745393 0.638912 0.190210
v 0.719271 0.962318 -0.878627
vt 0.694824 0.709473
vn 0.747974 0.629663 0.209904
v 0.716299 0.954700 -0.870191
vt 0.695801 0.707275
vn 0.744775 0.646017 0.167252
v 0.734415 0.961339 -0.874262
vt 0.697754 0.710693
vn 0.746622 0.647550 0.152430
v 0.728850 0.953944 -0.866510
vt 0.698242 0.708252
vn 0.741898 0.657772 0.130088
v 0.748524 0.960042 -0.867293
vt 0.701172 0.711426
vn 0.734551 0.673307 0.084217
v 0.741285 0.952839 -0.860310
vt 0.701172 0.708984
vn 0.735394 0.674121 0.068966
v 0.774165 0.956807 -0.847187
vt 0.708008 0.711914
vn 0.733144 0.679685 0.022983
v 0.765621 0.949873 -0.840881
vt 0.707520 0.709229
vn 0.731558 0.681506 0.019299
v 0.797421 0.953686 -0.825798
vt 0.714355 0.711426
vn 0.733604 0.679534 -0.007653
v 0.782159 0.946750 -0.821184
vt 0.712891 0.708252
vn 0.729788 0.683674 0.000065
v 0.833758 0.952103 -0.809238
vt 0.722168 0.713135
vn 0.762838 0.644867 -0.047175
v 0.794108 0.947000 -0.813315
vt 0.715332 0.708740
vn 0.750619 0.660564 0.015038
v 0.797421 0.953686 -0.825798
vt 0.714355 0.711426
vn 0.748833 0.662748 0.003779
v 0.782159 0.946750 -0.821184
vt 0.712891 0.708252
vn 0.736833 0.676075 0.000065
v 0.703646 0.962881 -0.880827
vt 0.691895 0.707764
vn 0.702193 0.694271 0.157837
v 0.716597 0.965058 -0.892090
vt 0.692871 0.710938
vn 0.710879 0.691392 0.128951
v 0.719271 0.962318 -0.878627
vt 0.694824 0.709473
vn 0.716678 0.689420 0.105229
v 0.734415 0.961339 -0.874262
vt 0.697754 0.710693
vn 0.721001 0.686116 0.096967
v 0.752166 0.964205 -0.892966
vt 0.698242 0.715820
vn 0.698277 0.702223 0.138894
v 0.748524 0.960042 -0.867293
vt 0.701172 0.711426
vn 0.727153 0.684630 0.050309
v 0.757635 0.964082 -0.893225
vt 0.699219 0.716797
vn 0.712261 0.696612 0.086115
v 0.793594 0.959931 -0.862356
vt 0.708984 0.717041
vn 0.735105 0.677683 0.019162
v 0.762351 0.964114 -0.895837
vt 0.699219 0.717773
vn 0.725625 0.687004 0.038643
v 0.782484 0.958595 -0.854035
vt 0.708008 0.714111
vn 0.734975 0.677562 0.026862
v 0.774165 0.956807 -0.847187
vt 0.708008 0.711914
vn 0.734975 0.677562 0.026862
v 0.809294 0.955488 -0.831048
vt 0.715820 0.713867
vn 0.751883 0.658888 -0.023216
v 0.821867 0.957007 -0.837114
vt 0.716797 0.716553
vn 0.759213 0.649668 -0.039085
v 0.855293 0.953037 -0.807546
vt 0.726074 0.715332
vn 0.768717 0.635922 -0.068398
v 0.763083 0.964320 -0.899676
vt 0.698730 0.718506
vn 0.725625 0.687004 0.038643
v 0.868033 0.954873 -0.816937
vt 0.727051 0.718506
vn 0.772201 0.630721 -0.076791
v 0.676940 0.948206 -0.857039
vt 0.691406 0.699707
vn 0.726649 0.686251 -0.032262
v 0.694044 0.948936 -0.857709
vt 0.694336 0.702148
vn 0.738493 0.669943 0.076185
v 0.706787 0.948513 -0.855779
vt 0.696289 0.703613
vn 0.736670 0.671429 0.080621
v 0.719717 0.948120 -0.853108
vt 0.698730 0.704834
vn 0.734985 0.673745 0.076583
v 0.731419 0.947659 -0.849312
vt 0.701172 0.705811
vn 0.732543 0.678576 0.053990
v 0.747921 0.945770 -0.835277
vt 0.705566 0.705811
vn 0.729788 0.683674 0.000065
v 0.733103 0.945705 -0.837010
vt 0.703125 0.704102
vn 0.730315 0.682698 -0.023743
v 0.736283 0.945934 -0.823971
vt 0.705078 0.702637
vn 0.724378 0.687966 -0.044482
v 0.753915 0.946034 -0.822883
vt 0.708008 0.704834
vn 0.730406 0.682259 -0.032076
v 0.703280 0.946111 -0.839546
vt 0.698242 0.700439
vn 0.733341 0.679861 0.000022
v 0.718577 0.945829 -0.838085
vt 0.700684 0.702393
vn 0.729788 0.683674 0.000065
v 0.700570 0.945864 -0.826287
vt 0.699219 0.697998
vn 0.730467 0.681743 -0.040545
v 0.718193 0.945896 -0.825062
vt 0.702148 0.700195
vn 0.730431 0.681212 -0.049196
v 0.659765 0.945172 -0.814008
vt 0.694824 0.690674
vn 0.733986 0.678753 -0.023650
v 0.663438 0.944168 -0.826137
vt 0.693848 0.692871
vn 0.656274 0.753197 -0.044712
v 0.681957 0.945914 -0.827412
vt 0.696289 0.695801
vn 0.732206 0.679630 -0.044466
v 0.700570 0.945864 -0.826287
vt 0.699219 0.697998
vn 0.731257 0.681219 0.034691
v 0.718193 0.945896 -0.825062
vt 0.702148 0.700195
vn 0.731019 0.681040 0.042367
v 0.751460 0.943112 -0.809904
vt 0.709473 0.702393
vn 0.731019 0.681040 0.042367
v 0.736283 0.945934 -0.823971
vt 0.705078 0.702637
vn 0.730474 0.680498 0.057707
v 0.753915 0.946034 -0.822883
vt 0.708008 0.704834
vn 0.731257 0.681219 0.034691
v 0.755459 0.965134 -0.910314
vt 0.696289 0.718994
vn 0.677851 0.722739 0.134783
v 0.747822 0.937083 -0.906377
vt 0.696777 0.725830
vn 0.673840 0.722585 0.154304
v 0.639845 0.937144 -0.904035
vt 0.973145 0.752197
vn 0.411505 0.890395 0.194575
v 0.637923 0.934886 -0.911086
vt 0.971680 0.751831
vn 0.457942 0.798967 0.389797
v 0.637269 0.939728 -0.905494
vt 0.972656 0.752930
vn 0.424950 0.880842 0.208650
v 0.635292 0.937803 -0.911622
vt 0.971191 0.752563
vn 0.448966 0.783312 0.429943
v 0.642125 0.942582 -0.898599
vt 0.974609 0.752686
vn 0.406694 0.910270 0.077517
v 0.639405 0.944360 -0.900937
vt 0.974121 0.753418
vn 0.408886 0.908671 0.084439
v 0.643956 0.948947 -0.895707
vt 0.976074 0.753296
vn 0.420916 0.906840 0.021724
v 0.641117 0.950108 -0.898334
vt 0.975586 0.754028
vn 0.419685 0.907333 0.024731
v 0.645992 0.956367 -0.893058
vt 0.977539 0.754150
vn 0.437318 0.899285 0.006208
v 0.643060 0.957163 -0.895796
vt 0.977051 0.754883
vn 0.442280 0.896856 0.006179
v 0.636016 0.934272 -0.921742
vt 0.969238 0.751099
vn 0.348842 0.693217 0.630682
v 0.633533 0.937121 -0.922112
vt 0.968750 0.751831
vn 0.337175 0.678856 0.652279
v 0.636622 0.934433 -0.934775
vt 0.966797 0.750000
vn 0.267141 0.592733 0.759805
v 0.633926 0.937253 -0.935652
vt 0.966309 0.750610
vn 0.265243 0.584432 0.766868
v 0.640291 0.935231 -0.948136
vt 0.964844 0.748291
vn 0.236319 0.515987 0.823353
v 0.637708 0.938050 -0.949727
vt 0.963867 0.748779
vn 0.243761 0.515041 0.821774
v 0.659191 0.938518 -0.970336
vt 0.961914 0.743164
vn 0.356450 0.472664 0.805936
v 0.684704 0.946019 -0.980331
vt 0.961426 0.737305
vn 0.413178 0.463859 0.783657
v 0.656240 0.941308 -0.972095
vt 0.960938 0.743408
vn 0.347431 0.470990 0.810839
v 0.680917 0.948597 -0.982417
vt 0.960449 0.737549
vn 0.414676 0.477291 0.774749
v 0.648215 0.936509 -0.960195
vt 0.962891 0.745850
vn 0.269158 0.480704 0.834553
v 0.645475 0.939329 -0.961886
vt 0.961914 0.746338
vn 0.269158 0.480704 0.834553
v 0.700938 0.970433 -0.977621
vt 0.678223 0.719971
vn 0.863277 0.494465 -0.101275
v 0.695948 0.970433 -0.979570
vt 0.677246 0.720215
vn 0.861503 0.491112 -0.128927
v 0.702483 0.965575 -0.979455
vt 0.678711 0.720947
vn 0.858678 0.490686 -0.147987
v 0.697577 0.965605 -0.981148
vt 0.677246 0.721191
vn 0.843281 0.527045 -0.105359
v 0.701922 0.964324 -0.979567
vt 0.678223 0.721191
vn 0.839111 0.535444 -0.095875
v 0.690405 0.950812 -0.980396
vt 0.676758 0.724609
vn 0.824642 0.565548 0.011011
v 0.685786 0.952739 -0.982202
vt 0.675781 0.724609
vn 0.822772 0.567950 0.021878
v 0.684704 0.946019 -0.980331
vt 0.676270 0.726074
vn 0.839145 0.542075 0.044624
v 0.680917 0.948597 -0.982417
vt 0.675293 0.725586
vn 0.838052 0.539794 0.079312
v 0.648000 0.966820 -0.892421
vt 0.567871 0.265137
vn -0.159951 -0.355495 -0.920890
v 0.647644 0.965832 -0.891220
vt 0.567871 0.264648
vn -0.237461 -0.389873 -0.889726
v 0.644264 0.967115 -0.895557
vt 0.567871 0.264160
vn -0.268011 -0.385908 -0.882749
v 0.647644 0.965832 -0.891220
vt 0.979004 0.755493
vn 0.636937 0.768991 0.054439
v 0.647593 0.962331 -0.891296
vt 0.978516 0.754883
vn 0.507801 0.861378 0.012885
v 0.644264 0.967115 -0.895557
vt 0.978516 0.755737
vn 0.523005 0.852305 0.006473
v 0.893707 0.929372 -0.817870
vt 0.732422 0.723145
vn 0.232228 0.352130 0.906683
v 0.894129 0.927865 -0.816843
vt 0.732910 0.723145
vn -0.085142 0.108301 0.990465
v 0.893238 0.929689 -0.816668
vt 0.732422 0.722900
vn 0.057245 0.204016 0.977292
v 0.891928 0.929999 -0.815573
vt 0.732422 0.722412
vn -0.185910 0.114069 0.975923
v 0.891928 0.929999 -0.815573
vt 0.732422 0.722412
vn -0.194742 0.118510 0.973669
v 0.894129 0.927865 -0.816843
vt 0.732910 0.723145
vn -0.109109 0.128561 0.985681
v 0.880055 0.933152 -0.809239
vt 0.731934 0.719727
vn -0.204566 0.119292 0.971556
v 0.762351 0.964114 -0.895837
vt 0.699219 0.717773
vn 0.726056 0.687461 0.015504
v 0.757635 0.964082 -0.893225
vt 0.699219 0.716797
vn 0.726056 0.687461 0.015504
v 0.763083 0.964320 -0.899676
vt 0.698730 0.718506
vn 0.726056 0.687461 0.015504
v 0.760388 0.964652 -0.904193
vt 0.697754 0.718750
vn 0.726056 0.687461 0.015504
v 0.757635 0.964082 -0.893225
vt 0.488037 0.580078
vn -0.516179 0.792943 0.323730
v 0.752166 0.964205 -0.892966
vt 0.488281 0.579834
vn -0.516179 0.792943 0.323730
v 0.760388 0.964652 -0.904193
vt 0.487061 0.580078
vn -0.516179 0.792943 0.323730
v 0.755459 0.965134 -0.910314
vt 0.486816 0.579346
vn -0.516179 0.792943 0.323730
v 0.731300 0.967501 -0.940367
vt 0.485352 0.576416
vn -0.510351 0.793805 0.330779
v 0.716597 0.965058 -0.892090
vt 0.489746 0.576904
vn -0.510351 0.793805 0.330779
v 0.700938 0.970433 -0.977621
vt 0.483643 0.572510
vn -0.524556 0.791448 0.313769
v 0.679981 0.965981 -0.891961
vt 0.491211 0.573975
vn -0.518858 0.792394 0.320778
v 0.648000 0.966820 -0.892421
vt 0.492432 0.571533
vn -0.577556 0.780531 0.239168
v 0.654996 0.967347 -0.905136
vt 0.491211 0.571533
vn -0.546235 0.786930 0.286999
v 0.688349 0.969860 -0.965758
vt 0.485107 0.572021
vn -0.501727 0.795082 0.340757
v 0.695948 0.970433 -0.979570
vt 0.483643 0.572021
vn -0.544972 0.789698 0.281748
v 0.685786 0.952739 -0.982202
vt 0.483643 0.569824
vn -0.293514 0.666991 0.684816
v 0.697577 0.965605 -0.981148
vt 0.483398 0.571533
vn -0.341980 0.736081 0.584152
v 0.688301 0.948597 -0.967366
vt 0.484863 0.570068
vn -0.528571 0.788162 0.315300
v 0.688349 0.969860 -0.965758
vt 0.485107 0.572021
vn -0.537245 0.801088 0.263867
v 0.680917 0.948597 -0.982417
vt 0.483887 0.569336
vn -0.179710 0.671521 0.718863
v 0.656240 0.941308 -0.972095
vt 0.485596 0.567383
vn -0.442092 0.783193 0.437222
v 0.645475 0.939329 -0.961886
vt 0.486816 0.566895
vn -0.498423 0.789858 0.357351
v 0.637708 0.938050 -0.949727
vt 0.488281 0.566895
vn -0.545229 0.798958 0.253754
v 0.633926 0.937253 -0.935652
vt 0.489502 0.567139
vn -0.545229 0.798958 0.253754
v 0.655047 0.950108 -0.907691
vt 0.490723 0.570068
vn -0.582211 0.786855 0.204668
v 0.633533 0.937121 -0.922112
vt 0.490479 0.567627
vn -0.420914 0.720840 0.550656
v 0.635292 0.937803 -0.911622
vt 0.491211 0.568115
vn -0.426134 0.714552 0.554820
v 0.637269 0.939728 -0.905494
vt 0.491699 0.568604
vn -0.574958 0.772540 0.269455
v 0.639405 0.944360 -0.900937
vt 0.491943 0.569092
vn -0.618321 0.785623 0.021821
v 0.641117 0.950108 -0.898334
vt 0.492188 0.569580
vn -0.616660 0.786718 -0.028380
v 0.643060 0.957163 -0.895796
vt 0.492188 0.570312
vn -0.616660 0.786718 -0.028380
v 0.654996 0.967347 -0.905136
vt 0.491211 0.571533
vn -0.519335 0.835715 0.178525
v 0.644264 0.967115 -0.895557
vt 0.492432 0.571289
vn -0.588956 0.808049 -0.013712
v 0.695948 0.970433 -0.979570
vt 0.483643 0.572021
vn -0.560475 0.790129 0.248121
v 0.644264 0.967115 -0.895557
vt 0.492432 0.571289
vn -0.577556 0.780531 0.239168
v -0.052002 0.937126 -0.727106
vt 2.281250 0.807739
vn 0.822854 0.141696 -0.550303
v -0.060345 0.931360 -0.733089
vt 2.279297 0.806763
vn 0.391870 0.841102 0.372808
v -0.064263 0.972198 -0.771402
vt 2.277344 0.820679
vn 0.813609 0.204761 -0.544162
v -0.076201 0.963531 -0.772825
vt 2.273438 0.819580
vn 0.163238 0.959086 0.231318
v -0.077037 0.974806 -0.824838
vt 2.273438 0.832764
vn 0.764146 0.132923 -0.631199
v -0.084413 0.968164 -0.820855
vt 2.269531 0.831421
vn 0.158166 0.985422 0.062674
v 0.035455 0.969178 -0.824506
vt 2.300781 0.833496
vn 0.768635 0.077994 -0.634915
v 0.119819 0.965516 -0.782336
vt 2.320312 0.823730
vn 0.777625 0.054019 -0.626403
v 0.129273 0.934272 -0.739564
vt 2.324219 0.810547
vn 0.781237 0.042240 -0.622804
v -0.057700 0.916724 -0.742128
vt 2.277344 0.802124
vn 0.321344 0.678438 0.660651
v -0.050196 0.917904 -0.739344
vt 2.281250 0.802490
vn 0.686403 0.108978 -0.719009
v 0.126928 0.915669 -0.756006
vt 2.322266 0.804565
vn 0.776410 0.031495 -0.629440
v -0.045634 0.907512 -0.731097
vt 2.281250 0.799561
vn 0.656278 0.083370 -0.749899
v 0.126851 0.907587 -0.747570
vt 2.322266 0.801636
vn 0.788478 0.030755 -0.614294
v 0.235586 0.929186 -0.742576
vt 2.349609 0.809814
vn 0.738968 0.010904 -0.673652
v 0.486776 0.915964 -0.744811
vt 2.410156 0.804077
vn 0.747495 0.270852 -0.606540
v 0.451415 0.921017 -0.746387
vt 2.402344 0.806274
vn 0.690488 0.000000 -0.723344
v 0.466983 0.950657 -0.781805
vt 2.406250 0.817261
vn 0.643189 0.010220 -0.765639
v 0.504030 0.949138 -0.776625
vt 2.416016 0.814819
vn 0.654228 0.114236 -0.747620
v 0.662937 0.935798 -0.731208
vt 2.451172 0.797729
vn 0.597022 0.398015 -0.696526
v 0.533076 0.903225 -0.738896
vt 2.421875 0.797729
vn 0.747547 0.412471 -0.520616
v 0.568735 0.891228 -0.734189
vt 2.429688 0.792480
vn 0.752507 0.290262 -0.591170
v 0.610913 0.877712 -0.728437
vt 2.439453 0.786743
vn 0.695126 0.363626 -0.620142
v 0.453770 0.950053 -0.821784
vt 2.404297 0.826782
vn 0.812047 0.050136 -0.581434
v 0.254658 0.958787 -0.824805
vt 2.355469 0.831543
vn 0.797728 0.051830 -0.600786
v 0.745058 0.926807 -0.757851
vt 2.470703 0.795166
vn 0.977054 0.159694 0.140938
v 0.755212 0.867286 -0.763080
vt 2.476562 0.781616
vn 0.985831 0.167321 -0.011893
v 0.737393 0.922426 -0.750468
vt 2.468750 0.793579
vn 0.922557 0.179392 -0.341625
v 0.747559 0.866713 -0.755878
vt 2.472656 0.781006
vn 0.892772 0.116650 -0.435144
v 0.729840 0.952986 -0.748059
vt 2.466797 0.799438
vn 0.493453 0.000000 -0.869773
v 0.745455 0.948471 -0.786135
vt 2.474609 0.803467
vn 0.981678 0.188694 -0.026500
v 0.762986 0.869181 -0.785547
vt 2.480469 0.783569
vn 0.987162 0.132882 0.088619
v 0.748923 0.944286 -0.797257
vt 2.476562 0.804565
vn 0.956895 0.181796 0.226501
v 0.690893 0.865898 -0.751538
vt 2.458984 0.780273
vn 0.643189 0.010220 -0.765639
v 0.691393 0.916334 -0.747362
vt 2.458984 0.791992
vn 0.607159 0.068044 -0.791662
v 0.683688 0.942011 -0.736503
vt 2.457031 0.798462
vn 0.558468 0.155656 -0.814792
v 0.669023 0.929609 -0.737864
vt 2.453125 0.795776
vn 0.540311 0.160779 -0.825962
v 0.625862 0.870322 -0.731784
vt 2.443359 0.783813
vn 0.360770 0.304962 -0.881387
v 0.623553 0.871420 -0.728715
vt 2.441406 0.784424
vn 0.536976 0.336754 -0.773468
v 0.606776 0.872815 -0.730394
vt 2.437500 0.785767
vn 0.728190 0.331981 -0.599607
v 0.680578 0.948618 -0.736691
vt 2.457031 0.800171
vn 0.653255 0.020742 -0.756854
v 0.634602 0.864755 -0.744834
vt 2.445312 0.781006
vn 0.565277 0.213169 -0.796882
v 0.641917 0.818875 -0.745198
vt 2.447266 0.769287
vn 0.689466 0.054733 -0.722247
v 0.659765 0.945172 -0.814008
vt 2.457031 0.819214
vn 0.854248 0.017623 -0.519568
v 0.665756 0.781065 -0.745778
vt 2.453125 0.759766
vn 0.695339 0.044148 -0.717324
v 0.698001 0.737858 -0.744869
vt 2.460938 0.748779
vn 0.711607 0.056045 -0.700339
v 0.765368 0.756254 -0.753736
vt 2.476562 0.753174
vn 0.823079 0.018928 -0.567612
v 0.772149 0.756363 -0.761975
vt 2.480469 0.753540
vn 0.991699 0.124750 -0.031153
v 0.776797 0.658634 -0.736028
vt 2.478516 0.727783
vn 0.598579 0.047929 -0.799628
v 0.785131 0.658168 -0.742513
vt 2.480469 0.727783
vn 0.992331 0.123245 0.009494
v 0.779606 0.755691 -0.785193
vt 2.486328 0.754395
vn 0.993143 0.115309 0.019255
v 0.794695 0.654099 -0.789889
vt 2.494141 0.728760
vn 0.995713 0.084640 0.037298
v 0.816965 0.497384 -0.803197
vt 2.501953 0.687988
vn 0.056478 0.037652 -0.997694
v 0.806252 0.497758 -0.718336
vt 2.482422 0.688477
vn 0.994097 0.047204 -0.097693
v 0.789219 0.621007 -0.732392
vt 2.480469 0.718262
vn 0.991699 0.124750 -0.031153
v 0.779985 0.619924 -0.726709
vt 2.478516 0.717773
vn 0.617773 0.029655 -0.785797
v 0.785941 0.497437 -0.712262
vt 2.478516 0.688232
vn 0.792284 0.030508 -0.609390
v 0.801094 0.458712 -0.718981
vt 2.482422 0.679443
vn 0.155521 0.155521 -0.975513
v 0.811160 0.457377 -0.803982
vt 2.501953 0.677246
vn 0.074209 0.081613 -0.993897
v 0.780326 0.467991 -0.711477
vt 2.476562 0.681152
vn 0.849931 0.087461 -0.519585
v 0.590220 0.574770 -0.708213
vt 2.431641 0.704834
vn 0.733876 0.044850 -0.677802
v 0.518739 0.566988 -0.703906
vt 2.414062 0.701660
vn 0.842163 0.111616 -0.527544
v 0.528227 0.606947 -0.766056
vt 2.417969 0.719727
vn 0.733454 0.056003 -0.677428
v 0.597437 0.615580 -0.754285
vt 2.433594 0.720215
vn 0.768058 0.320058 -0.554661
v 0.678666 0.600808 -0.716032
vt 2.453125 0.712646
vn 0.723359 0.033687 -0.689650
v 0.676889 0.634080 -0.743905
vt 2.453125 0.723389
vn 0.772517 0.319683 -0.548654
v 0.751886 0.625674 -0.725988
vt 2.470703 0.719482
vn 0.706738 0.033696 -0.706672
v 0.746458 0.648778 -0.735887
vt 2.470703 0.725830
vn 0.726920 0.144292 -0.671392
v 0.431328 0.623842 -0.769675
vt 2.394531 0.723389
vn 0.846097 0.134145 -0.515873
v 0.422039 0.588536 -0.699868
vt 2.390625 0.704590
vn 0.880853 0.154055 -0.447621
v 0.329269 0.643659 -0.768197
vt 2.371094 0.725342
vn 0.874397 0.181976 -0.449793
v 0.318234 0.608793 -0.695801
vt 2.367188 0.707031
vn 0.866216 0.138622 -0.480055
v 0.260628 0.644275 -0.756149
vt 2.355469 0.722168
vn 0.818401 0.039215 -0.573308
v 0.250980 0.618607 -0.696447
vt 2.351562 0.708984
vn 0.628347 0.000000 -0.777934
v 0.008881 0.642465 -0.713365
vt 2.296875 0.726562
vn 0.885137 0.316484 -0.341131
v 0.012157 0.632118 -0.702030
vt 2.296875 0.722900
vn 0.678495 0.184564 -0.711042
v 0.001135 0.637485 -0.721947
vt 2.292969 0.725830
vn 0.253344 0.858574 0.445722
v 0.005632 0.625013 -0.709662
vt 2.294922 0.722168
vn 0.256712 0.876477 0.407293
v 0.004420 0.666116 -0.718083
vt 2.294922 0.732178
vn 0.580379 0.549847 -0.600690
v -0.004680 0.667507 -0.722790
vt 2.292969 0.734375
vn 0.147340 0.900428 0.409293
v 0.264095 0.662140 -0.767205
vt 2.357422 0.726562
vn 0.827761 0.009215 -0.561006
v 0.336451 0.666370 -0.779563
vt 2.373047 0.731689
vn 0.866774 0.063534 -0.494638
v 0.378423 0.677797 -0.784390
vt 2.382812 0.736328
vn 0.869068 0.148990 -0.471724
v 0.424326 0.702597 -0.786413
vt 2.392578 0.743652
vn 0.762912 0.089130 -0.640329
v 0.482408 0.761204 -0.779350
vt 2.406250 0.757568
vn 0.760394 0.165299 -0.628074
v 0.573195 0.700651 -0.767456
vt 2.429688 0.741699
vn 0.768772 0.279594 -0.575167
v 0.526741 0.812704 -0.766622
vt 2.417969 0.770386
vn 0.750605 0.228485 -0.619990
v 0.617227 0.775286 -0.754727
vt 2.441406 0.759033
vn 0.772517 0.319683 -0.548654
v 0.658982 0.718222 -0.752421
vt 2.451172 0.744629
vn 0.782783 0.327945 -0.528869
v 0.272820 0.710482 -0.762041
vt 2.351562 0.758301
vn 0.637020 0.060673 -0.768456
v -0.013061 0.716157 -0.744182
vt 2.294922 0.752686
vn 0.847727 0.530317 -0.011129
v 0.275245 0.730894 -0.775521
vt 2.351562 0.762573
vn 0.646082 0.144728 -0.749422
v -0.017556 0.737644 -0.748984
vt 2.292969 0.757324
vn 0.858489 0.142246 -0.492710
v 0.255755 0.700660 -0.732912
vt 2.347656 0.753052
vn 0.668990 0.000000 -0.743272
v -0.008814 0.703783 -0.729962
vt 2.296875 0.749023
vn 0.767901 0.637419 0.063448
v 0.212520 0.814619 -0.768525
vt 2.339844 0.777588
vn 0.784559 0.031002 -0.619279
v -0.030747 0.823864 -0.743197
vt 2.291016 0.776123
vn 0.658527 0.000000 -0.752557
v 0.271536 0.902434 -0.752700
vt 2.353516 0.794434
vn 0.766055 0.308572 -0.563865
v 0.295459 0.898081 -0.748760
vt 2.359375 0.793091
vn 0.783964 0.409917 -0.466229
v 0.305591 0.832019 -0.762677
vt 2.359375 0.779297
vn 0.752326 0.468334 -0.463324
v 0.361062 0.867074 -0.723440
vt 2.373047 0.785400
vn 0.771237 0.520602 -0.366288
v 0.269942 0.812529 -0.770179
vt 2.351562 0.776489
vn 0.707752 0.210129 -0.674488
v 0.235825 0.904542 -0.752422
vt 2.345703 0.795288
vn 0.695339 0.044148 -0.717324
v 0.354775 0.815701 -0.757890
vt 2.369141 0.774170
vn 0.725216 0.496748 -0.476763
v 0.384708 0.863559 -0.720630
vt 2.376953 0.784180
vn 0.716724 0.220546 -0.661563
v 0.384839 0.809250 -0.758788
vt 2.375000 0.771484
vn 0.725864 0.322629 -0.607481
v 0.519291 0.822769 -0.756193
vt 2.402344 0.771851
vn 0.642011 0.133540 -0.754976
v 0.569075 0.886251 -0.740873
vt 2.414062 0.786011
vn 0.658893 0.210887 -0.722071
v 0.363757 0.876787 -0.727849
vt 2.380859 0.791992
vn 0.695964 0.011090 -0.717991
v 0.385676 0.873488 -0.723990
vt 2.386719 0.790527
vn 0.662823 0.052617 -0.746925
v 0.361062 0.867074 -0.723440
vt 2.380859 0.789673
vn 0.812964 0.398842 -0.424282
v 0.384708 0.863559 -0.720630
vt 2.384766 0.788208
vn 0.715416 0.089456 -0.692949
v 0.295459 0.898081 -0.748760
vt 2.363281 0.798584
vn 0.794305 0.392015 -0.464117
v 0.299883 0.905149 -0.755391
vt 2.365234 0.800903
vn 0.690488 0.000000 -0.723344
v 0.452222 0.907198 -0.762493
vt 2.402344 0.801270
vn 0.716050 0.078335 -0.693639
v 0.569075 0.886251 -0.740873
vt 2.427734 0.790405
vn 0.657408 0.220925 -0.720421
v 0.535543 0.897130 -0.748791
vt 2.419922 0.794678
vn 0.817049 0.183991 -0.546423
v 0.331917 0.735908 -0.775655
vt 2.363281 0.760010
vn 0.640931 0.405934 -0.651479
v 0.375507 0.747509 -0.774139
vt 2.373047 0.759521
vn 0.667500 0.448480 -0.594398
v 0.337622 0.711846 -0.761632
vt 2.363281 0.754395
vn 0.567641 0.253319 -0.783334
v 0.409845 0.725557 -0.763482
vt 2.378906 0.752808
vn 0.640540 0.227295 -0.733516
v 0.467860 0.775242 -0.762424
vt 2.392578 0.762451
vn 0.688931 0.142200 -0.710741
v 0.383869 0.778846 -0.769872
vt 2.375000 0.765137
vn 0.711309 0.389923 -0.584807
v 0.334507 0.783797 -0.772007
vt 2.365234 0.768677
vn 0.686018 0.436571 -0.582052
v 0.120579 0.697218 -0.695430
vt 2.322266 0.745361
vn 0.767109 0.100080 -0.633662
v -0.003398 0.697930 -0.700043
vt 2.300781 0.744141
vn 0.837909 0.508890 -0.197331
v -0.019923 0.663696 -0.800037
vt 2.273438 0.735840
vn 0.216666 0.837103 0.502309
v -0.010399 0.619538 -0.801666
vt 2.273438 0.722900
vn 0.218459 0.834133 0.506456
v 0.004143 0.559561 -0.803736
vt 2.273438 0.705566
vn 0.259517 0.800188 0.540695
v 0.030304 0.535093 -0.714291
vt 2.296875 0.699707
vn 0.363435 0.792536 0.489695
v 0.036145 0.537638 -0.704916
vt 2.298828 0.700195
vn 0.703590 0.399030 -0.587994
v 0.022481 0.513812 -0.803731
vt 2.277344 0.691895
vn 0.323873 0.779322 0.536436
v 0.074015 0.450794 -0.805377
vt 2.283203 0.672119
vn 0.384428 0.783638 0.487983
v 0.078308 0.466044 -0.717907
vt 2.304688 0.680176
vn 0.576067 0.691276 0.436216
v 0.130597 0.418075 -0.807134
vt 2.312500 0.650879
vn 0.797798 0.598377 0.073914
v 0.074015 0.450794 -0.805377
vt 2.296875 0.659424
vn 0.668671 0.601828 0.436672
v 0.129264 0.430635 -0.724543
vt 2.318359 0.669678
vn 0.795109 0.601894 0.074336
v 0.192177 0.403659 -0.808668
vt 2.328125 0.644775
vn 0.847166 0.430760 -0.311056
v 0.189049 0.413242 -0.727575
vt 2.332031 0.663574
vn 0.849463 0.407750 -0.334892
v 0.271754 0.401349 -0.808894
vt 2.349609 0.641113
vn 0.760208 0.122077 -0.638108
v 0.260301 0.410290 -0.728629
vt 2.349609 0.660400
vn 0.756138 0.111224 -0.644891
v 0.187035 0.419912 -0.719711
vt 2.332031 0.666016
vn 0.712372 0.176753 -0.679180
v 0.258584 0.417397 -0.719767
vt 2.349609 0.663086
vn 0.733371 0.133366 -0.666618
v 0.131695 0.436704 -0.716245
vt 2.318359 0.671875
vn 0.711848 0.133498 -0.689529
v 0.082529 0.469567 -0.710911
vt 2.306641 0.681396
vn 0.733587 0.176537 -0.656266
v 0.414592 0.549426 -0.689003
vt 2.390625 0.694580
vn 0.796039 0.099528 -0.597006
v 0.517439 0.482074 -0.697840
vt 2.414062 0.680420
vn 0.823014 0.117587 -0.555716
v 0.314665 0.595957 -0.689873
vt 2.365234 0.703857
vn 0.789446 0.121450 -0.601686
v 0.247135 0.604118 -0.692069
vt 2.349609 0.705811
vn 0.725345 0.197817 -0.659350
v 0.701556 0.507492 -0.707916
vt 2.458984 0.689941
vn 0.795191 0.075251 -0.601672
v 0.599339 0.497769 -0.702573
vt 2.433594 0.685791
vn 0.817897 0.082866 -0.569365
v 0.608461 0.674918 -0.761966
vt 2.437500 0.734863
vn 0.772517 0.319683 -0.548654
v 0.481953 0.762913 -0.772662
vt 2.394531 0.759155
vn 0.477151 0.267857 -0.837006
v 0.423290 0.705048 -0.777310
vt 2.382812 0.747559
vn 0.437498 0.238670 -0.866967
v 0.526741 0.812704 -0.766622
vt 2.404297 0.768799
vn 0.729692 0.359594 -0.581586
v 0.531994 0.819169 -0.764327
vt 2.406250 0.770264
vn 0.695177 0.220707 -0.684118
v 0.784308 0.421173 -0.807076
vt 2.498047 0.666260
vn 0.104770 0.050580 -0.993209
v 0.780021 0.430011 -0.722299
vt 2.478516 0.671387
vn 0.311229 0.332907 -0.890118
v 0.745541 0.403798 -0.807402
vt 2.472656 0.647461
vn 0.593426 0.038294 -0.803977
v 0.751228 0.414239 -0.725439
vt 2.470703 0.667480
vn 0.593231 0.047882 -0.803607
v 0.784308 0.421173 -0.807076
vt 2.482422 0.650635
vn 0.382190 0.579289 -0.719968
v 0.490009 0.411133 -0.725058
vt 2.408203 0.661133
vn 0.679649 0.000000 -0.733537
v 0.485243 0.401287 -0.807702
vt 2.406250 0.641113
vn 0.679649 0.000000 -0.733537
v 0.490362 0.415747 -0.719736
vt 2.408203 0.662842
vn 0.769268 0.066916 -0.635413
v 0.766206 0.448631 -0.711595
vt 2.474609 0.676514
vn 0.575958 0.000000 -0.817479
v 0.745208 0.436937 -0.711997
vt 2.468750 0.673340
vn 0.777063 0.042588 -0.627981
v 0.714195 0.434436 -0.711894
vt 2.462891 0.672363
vn 0.791595 0.087965 -0.604681
v 0.607217 0.419081 -0.718643
vt 2.435547 0.666260
vn 0.817897 0.082866 -0.569365
v -0.069806 0.909732 -0.824682
vt 2.257812 0.796631
vn 0.264955 0.705048 0.657804
v -0.076201 0.963531 -0.772825
vt 2.267578 0.811890
vn 0.297582 0.706817 0.641759
v -0.033879 0.727783 -0.799958
vt 2.281250 0.754395
vn 0.305935 0.780163 0.545664
v -0.019101 0.712053 -0.750773
vt 2.292969 0.751099
vn 0.337723 0.769885 0.541499
v -0.026506 0.694306 -0.798927
vt 2.281250 0.746826
vn 0.276302 0.807700 0.520843
v -0.012938 0.693316 -0.734958
vt 2.294922 0.745850
vn 0.259964 0.834956 0.485043
v -0.024401 0.735420 -0.755097
vt 2.291016 0.756714
vn 0.408399 0.764534 0.498696
v -0.051844 0.811820 -0.812531
vt 2.275391 0.771484
vn 0.273163 0.731725 0.624469
v -0.019923 0.663696 -0.800037
vt 2.281250 0.739258
vn 0.235225 0.823300 0.516572
v -0.004680 0.667507 -0.722790
vt 2.296875 0.738037
vn 0.207412 0.870375 0.446573
v -0.039907 0.823613 -0.747489
vt 2.289062 0.776001
vn 0.375870 0.742424 0.554552
v 0.271536 0.902434 -0.752700
vt 2.357422 0.800171
vn 0.784902 0.197615 -0.587263
v 0.275056 0.911916 -0.763563
vt 2.359375 0.803589
vn 0.707118 0.000000 -0.707096
v 0.235230 0.912468 -0.760550
vt 2.349609 0.803955
vn 0.733945 0.010995 -0.679120
v 0.235825 0.904542 -0.752422
vt 2.349609 0.801270
vn 0.695984 0.000000 -0.718057
v -0.051353 0.905061 -0.735768
vt 2.279297 0.799072
vn 0.379564 0.794165 0.474587
v 0.252077 0.696320 -0.699103
vt 2.345703 0.747070
vn 0.782808 0.010062 -0.622182
v 0.250098 0.683576 -0.698314
vt 2.345703 0.744873
vn 0.855025 0.076019 -0.512984
v 0.120440 0.685523 -0.694153
vt 2.322266 0.743164
vn 0.803956 0.097792 -0.586593
v 0.121345 0.665957 -0.704218
vt 2.324219 0.739502
vn 0.772178 0.031741 -0.634613
v 0.249090 0.664511 -0.709857
vt 2.345703 0.740967
vn 0.835471 0.018499 -0.549223
v 0.264095 0.662140 -0.767205
vt 2.351562 0.731201
vn 0.872940 0.052915 -0.484950
v 0.004420 0.666116 -0.718083
vt 2.300781 0.736084
vn 0.648956 0.207689 -0.731930
v -0.000813 0.687854 -0.698199
vt 2.300781 0.742188
vn 0.704999 0.435442 -0.559791
v -0.007920 0.689060 -0.706689
vt 2.298828 0.742920
vn 0.256524 0.905967 0.336778
v -0.005955 0.676431 -0.711816
vt 2.298828 0.740234
vn 0.289183 0.848347 0.443486
v 0.001948 0.671756 -0.703948
vt 2.300781 0.739014
vn 0.718425 0.551935 -0.423359
v 0.317792 0.695668 -0.718420
vt 2.357422 0.747803
vn 0.508565 0.059852 -0.858941
v 0.319823 0.682270 -0.722195
vt 2.359375 0.745361
vn 0.896715 0.015962 -0.442320
v 0.372265 0.706912 -0.751271
vt 2.371094 0.750000
vn 0.478770 0.140335 -0.866652
v 0.378930 0.691127 -0.756637
vt 2.371094 0.746338
vn 0.428137 0.124553 -0.895089
v 0.379076 0.679791 -0.765284
vt 2.373047 0.743408
vn 0.394738 0.204944 -0.895645
v 0.341103 0.668766 -0.747071
vt 2.365234 0.741699
vn 0.420340 0.046295 -0.906185
v 0.336451 0.666370 -0.779563
vt 2.367188 0.735596
vn 0.861022 0.054698 -0.505617
v 0.424326 0.702597 -0.786413
vt 2.382812 0.745850
vn 0.559868 0.619882 -0.549813
v 0.378423 0.677797 -0.784390
vt 2.375000 0.739502
vn 0.550291 0.478512 -0.684256
v 0.482408 0.761204 -0.779350
vt 2.394531 0.757812
vn 0.499750 0.767475 -0.401537
v 0.126851 0.907587 -0.747570
vt 2.322266 0.795654
vn 0.812927 0.060974 -0.579164
v -0.045634 0.907512 -0.731097
vt 2.289062 0.793823
vn 0.656778 0.073005 -0.750542
v -0.069806 0.909732 -0.824682
vt 2.267578 0.791260
vn 0.259352 0.715677 0.648492
v -0.051353 0.905061 -0.735768
vt 2.287109 0.793457
vn 0.380160 0.790424 0.480321
v 0.296006 0.926515 -0.744025
vt 2.365234 0.808960
vn 0.733945 0.010995 -0.679120
v 0.490658 0.905325 -0.762228
vt 2.410156 0.799438
vn 0.796814 0.207406 -0.567512
v 0.596037 0.817821 -0.754859
vt 2.435547 0.769531
vn 0.747912 0.461841 -0.476793
v 0.604361 0.822034 -0.752707
vt 2.437500 0.770386
vn 0.793174 0.289433 -0.535821
v 0.612807 0.829313 -0.750878
vt 2.441406 0.772095
vn 0.752955 0.143959 -0.642133
v 0.566113 0.816586 -0.761528
vt 2.427734 0.770508
vn 0.768531 0.298890 -0.565708
v 0.531994 0.819169 -0.764327
vt 2.419922 0.771973
vn 0.700834 0.133515 -0.700718
v 0.577950 0.825163 -0.727682
vt 2.433594 0.775635
vn 0.832466 0.312193 -0.457751
v 0.581192 0.831023 -0.725756
vt 2.433594 0.776733
vn 0.860065 0.452686 -0.235296
v 0.596993 0.825522 -0.727729
vt 2.435547 0.775635
vn 0.657196 0.136705 -0.741219
v 0.599752 0.830108 -0.725095
vt 2.435547 0.776733
vn 0.673113 0.306497 -0.673037
v 0.621182 0.866967 -0.728068
vt 2.441406 0.783569
vn 0.541113 0.357686 -0.761089
v 0.595731 0.823440 -0.733742
vt 2.435547 0.774414
vn 0.577982 0.187963 -0.794107
v 0.593306 0.823084 -0.750126
vt 2.435547 0.771118
vn 0.688010 0.231200 -0.687887
v 0.574154 0.821778 -0.734359
vt 2.431641 0.774414
vn 0.769030 0.628841 -0.114685
v 0.570810 0.821166 -0.752297
vt 2.429688 0.772461
vn 0.775748 0.600885 -0.192752
v 0.600389 0.827164 -0.736551
vt 2.437500 0.774414
vn 0.280258 0.643849 -0.711979
v 0.602050 0.828419 -0.730375
vt 2.437500 0.775635
vn 0.265049 0.658773 -0.704107
v 0.604079 0.831389 -0.727829
vt 2.437500 0.776489
vn 0.258103 0.567817 -0.781644
v 0.576556 0.834517 -0.730193
vt 2.431641 0.777100
vn 0.518814 0.764609 0.382368
v 0.573193 0.829720 -0.731611
vt 2.431641 0.776001
vn 0.421618 0.737851 0.527081
v 0.603290 0.873117 -0.734609
vt 2.435547 0.786133
vn 0.680501 0.730475 -0.057661
v 0.590867 0.854963 -0.731657
vt 2.433594 0.781860
vn 0.703080 0.711066 0.008008
v 0.594963 0.854471 -0.727077
vt 2.435547 0.781616
vn 0.770621 0.393061 -0.501643
v 0.560997 0.820689 -0.758394
vt 2.425781 0.772095
vn 0.809419 0.399631 -0.430274
v 0.548920 0.840489 -0.758292
vt 2.408203 0.775024
vn 0.579014 0.178910 -0.795446
v 0.581423 0.879974 -0.749606
vt 2.416016 0.783203
vn 0.730390 0.571207 -0.374504
v -0.084413 0.968164 -0.820855
vt 2.255859 0.810791
vn 0.182132 0.680710 0.709550
v 0.751460 0.943112 -0.809904
vt 2.478516 0.806763
vn 0.941051 0.058612 -0.333147
v 0.581423 0.879974 -0.749606
vt 2.429688 0.787109
vn 0.829110 0.360472 -0.427360
v 0.566136 0.837874 -0.757404
vt 2.425781 0.776855
vn 0.791401 0.601838 -0.107121
v 0.548920 0.840489 -0.758292
vt 2.423828 0.777588
vn 0.579014 0.178910 -0.795446
v 0.561095 0.826100 -0.758643
vt 2.425781 0.773560
vn 0.822548 0.370176 -0.431723
v 0.536168 0.824338 -0.762654
vt 2.419922 0.773315
vn 0.684595 0.130410 -0.717163
v 0.571260 0.827049 -0.736000
vt 2.431641 0.775146
vn 0.311466 0.671908 0.671959
v 0.569562 0.826785 -0.750958
vt 2.429688 0.774048
vn 0.427826 0.721968 0.543808
v 0.536168 0.824338 -0.762654
vt 2.406250 0.771362
vn 0.686672 0.163523 -0.708337
v 0.618100 0.850943 -0.736321
vt 2.441406 0.778809
vn 0.300435 0.369221 -0.879440
v 0.605019 0.835236 -0.745532
vt 2.439453 0.773804
vn 0.352546 0.490481 -0.796957
v 0.613711 0.848105 -0.728024
vt 2.439453 0.779419
vn 0.270010 0.417616 -0.867578
v 0.598158 0.826997 -0.750363
vt 2.437500 0.771606
vn 0.450457 0.442107 -0.775648
v 0.610556 0.848661 -0.724945
vt 2.439453 0.779907
vn 0.607247 0.361351 -0.707585
v 0.554119 0.946988 -0.818620
vt 2.429688 0.823120
vn 0.795080 0.019907 -0.606177
v 0.636046 1.037574 -0.795482
vt 0.532715 2.058594
vn -0.762804 0.021170 -0.646284
v 0.647597 1.005944 -0.804448
vt 0.528320 2.042969
vn -0.767194 0.020980 -0.641073
v 0.653973 1.056119 -0.788410
vt 0.523438 2.067383
vn -0.776390 0.031450 -0.629468
v 0.680248 1.040671 -0.791977
vt 0.510742 2.059570
vn -0.776390 0.031450 -0.629468
v 0.659166 0.974067 -0.812624
vt 0.523926 2.028320
vn -0.762158 0.010400 -0.647308
v 0.706396 1.024978 -0.795413
vt 0.498535 2.051758
vn -0.776390 0.031450 -0.629468
v 0.808713 0.958288 -0.807509
vt 0.450684 2.019531
vn -0.767194 0.020980 -0.641073
v 0.783522 0.975586 -0.804689
vt 0.462402 2.027344
vn -0.776390 0.031450 -0.629468
v 0.791069 0.935218 -0.814361
vt 0.460449 2.009766
vn -0.767194 0.020980 -0.641073
v 0.749911 0.934839 -0.817056
vt 0.480713 2.009766
vn -0.767194 0.020980 -0.641073
v 0.758081 0.992496 -0.801760
vt 0.474365 2.036133
vn -0.772157 0.031696 -0.634640
v 0.719415 0.940768 -0.817511
vt 0.495605 2.012695
vn -0.776390 0.031450 -0.629468
v 0.673514 0.939184 -0.819130
vt 0.518066 2.012695
vn -0.731938 0.595638 0.330882
v 0.673667 0.940287 -0.820238
vt 0.518066 2.012695
vn -0.685012 0.594394 0.421253
v 0.669965 0.941278 -0.818824
vt 0.519531 2.013672
vn -0.364408 0.503912 0.783121
v 0.670741 0.941994 -0.819996
vt 0.519531 2.013672
vn -0.355137 0.497895 0.791188
v 0.624706 1.071126 -0.783539
vt 0.537109 2.075195
vn -0.798667 0.578049 0.167301
v 0.623624 1.068484 -0.784497
vt 0.538086 2.074219
vn -0.459379 0.570159 0.681094
v 0.625309 1.070977 -0.784989
vt 0.537109 2.074219
vn -0.800142 0.577438 0.162293
v 0.624496 1.068977 -0.785720
vt 0.537598 2.074219
vn -0.461867 0.573253 0.676801
v 0.627757 1.071669 -0.783194
vt 0.535645 2.075195
vn -0.484695 0.386018 -0.784895
v 0.627592 1.071360 -0.784737
vt 0.536133 2.075195
vn -0.494647 0.393890 -0.774710
v 0.832174 0.935997 -0.811431
vt 0.439941 2.009766
vn -0.337090 0.392635 -0.855692
v 0.791069 0.935218 -0.814361
vt 0.460449 2.009766
vn -0.835010 0.172381 -0.522535
v 0.832279 0.934918 -0.810285
vt 0.439941 2.009766
vn -0.363126 0.370640 -0.854848
v 0.791007 0.934131 -0.813231
vt 0.460449 2.009766
vn -0.835010 0.172381 -0.522535
v 0.680248 1.040671 -0.791977
vt 0.510742 2.059570
vn -0.402338 0.317179 -0.858791
v 0.706396 1.024978 -0.795413
vt 0.498535 2.051758
vn -0.402338 0.317179 -0.858791
v 0.680502 1.040957 -0.790452
vt 0.510742 2.059570
vn -0.402338 0.317179 -0.858791
v 0.706696 1.025256 -0.793898
vt 0.498535 2.051758
vn -0.402338 0.317179 -0.858791
v 0.647597 1.005944 -0.804448
vt 0.528320 2.042969
vn -0.416215 0.541773 0.730238
v 0.636046 1.037574 -0.795482
vt 0.532715 2.058594
vn -0.425363 0.547382 0.720721
v 0.646781 1.005326 -0.803259
vt 0.528809 2.042969
vn -0.416215 0.541773 0.730238
v 0.635236 1.036927 -0.794305
vt 0.533203 2.058594
vn -0.425363 0.547382 0.720721
v 0.808713 0.958288 -0.807509
vt 0.450684 2.019531
vn -0.388251 0.338228 -0.857241
v 0.833654 0.940617 -0.810242
vt 0.439209 2.011719
vn -0.351772 0.325812 -0.877555
v 0.809187 0.958509 -0.806024
vt 0.450439 2.020508
vn -0.388251 0.338228 -0.857241
v 0.834164 0.940813 -0.808761
vt 0.438721 2.011719
vn -0.354102 0.327954 -0.875818
v 0.659166 0.974067 -0.812624
vt 0.523926 2.028320
vn -0.409345 0.539205 0.735999
v 0.658344 0.973478 -0.811424
vt 0.524414 2.028320
vn -0.409345 0.539205 0.735999
v 0.835373 0.937170 -0.809543
vt 0.438477 2.010742
vn -0.034925 0.643984 -0.764241
v 0.834577 0.937811 -0.811021
vt 0.438721 2.009766
vn -0.042179 0.636179 -0.770387
v 0.783522 0.975586 -0.804689
vt 0.462402 2.027344
vn -0.392825 0.338838 -0.854914
v 0.783956 0.975827 -0.803200
vt 0.462158 2.028320
vn -0.392825 0.338838 -0.854914
v 0.653973 1.056119 -0.788410
vt 0.523438 2.067383
vn -0.402338 0.317179 -0.858791
v 0.654181 1.056414 -0.786876
vt 0.523438 2.067383
vn -0.402338 0.317179 -0.858791
v 0.749911 0.934839 -0.817056
vt 0.480713 2.009766
vn -0.748648 0.601945 0.277827
v 0.749765 0.933745 -0.815939
vt 0.480713 2.009766
vn -0.748648 0.601945 0.277827
v 0.758081 0.992496 -0.801760
vt 0.474365 2.036133
vn -0.395761 0.330397 -0.856862
v 0.758473 0.992755 -0.800264
vt 0.474121 2.036133
vn -0.395761 0.330397 -0.856862
v 0.719415 0.940768 -0.817511
vt 0.495605 2.012695
vn -0.748648 0.601945 0.277827
v 0.719273 0.939668 -0.816400
vt 0.495605 2.012695
vn -0.748648 0.601945 0.277827
v 0.732361 1.008949 -0.798677
vt 0.486328 2.043945
vn -0.399443 0.325715 -0.856945
v 0.732708 1.009219 -0.797172
vt 0.486084 2.043945
vn -0.399443 0.325715 -0.856945
v 0.832174 0.935997 -0.811431
vt 0.439941 2.009766
vn -0.789247 0.041495 -0.612672
v 0.833654 0.940617 -0.810242
vt 0.439209 2.011719
vn -0.789247 0.041495 -0.612672
v 0.627592 1.071360 -0.784737
vt 0.536133 2.075195
vn -0.772157 0.031696 -0.634640
v 0.625309 1.070977 -0.784989
vt 0.537109 2.074219
vn -0.772157 0.031696 -0.634640
v 0.624496 1.068977 -0.785720
vt 0.537598 2.074219
vn -0.772157 0.031696 -0.634640
v 0.834577 0.937811 -0.811021
vt 0.438721 2.009766
vn -0.812219 0.120686 -0.570733
v 0.673667 0.940287 -0.820238
vt 0.518066 2.012695
vn -0.772157 0.031696 -0.634640
v 0.670741 0.941994 -0.819996
vt 0.519531 2.013672
vn -0.762804 0.021170 -0.646284
v 0.732361 1.008949 -0.798677
vt 0.486328 2.043945
vn -0.781216 0.042194 -0.622833
v 0.835373 0.937170 -0.809543
vt 0.438477 2.010742
vn -0.222554 0.495255 -0.839757
v 0.834577 0.937811 -0.811021
vt 0.438721 2.009766
vn -0.222554 0.495255 -0.839757
usemtl Paint
f 3/3/3 2/2/2 1/1/1
f 4/4/4 2/2/2 3/3/3
f 7/7/7 6/6/6 5/5/5
f 8/8/8 6/6/6 7/7/7
f 8/8/8 9/9/9 6/6/6
f 10/10/10 9/9/9 8/8/8
f 13/13/13 12/12/12 11/11/11
f 14/14/14 12/12/12 13/13/13
f 15/15/15 11/11/11 12/12/12
f 9/9/9 11/11/11 15/15/15
f 9/9/9 16/16/16 6/6/6
f 15/15/15 16/16/16 9/9/9
f 16/16/16 5/5/5 6/6/6
f 17/17/17 5/5/5 16/16/16
f 18/18/18 5/5/5 17/17/17
f 19/19/19 5/5/5 18/18/18
f 21/21/21 1/1/1 20/20/20
f 3/3/3 1/1/1 21/21/21
f 24/24/24 23/23/23 22/22/22
f 25/25/25 23/23/23 24/24/24
f 27/27/27 22/22/22 26/26/26
f 24/24/24 22/22/22 27/27/27
f 29/29/29 26/26/26 28/28/28
f 27/27/27 26/26/26 29/29/29
f 30/30/30 29/29/29 28/28/28
f 31/31/31 29/29/29 30/30/30
f 34/34/34 33/33/33 32/32/32
f 35/35/35 33/33/33 34/34/34
f 7/7/7 19/19/19 36/36/36
f 5/5/5 19/19/19 7/7/7
f 11/11/11 37/37/37 13/13/13
f 38/38/38 37/37/37 11/11/11
f 38/38/38 9/9/9 10/10/10
f 11/11/11 9/9/9 38/38/38
f 38/38/38 39/39/39 37/37/37
f 40/40/40 39/39/39 38/38/38
f 41/41/41 38/38/38 10/10/10
f 44/44/44 43/43/43 42/42/42
f 45/45/45 43/43/43 44/44/44
f 45/45/45 46/46/46 43/43/43
f 47/47/47 46/46/46 45/45/45
f 40/40/40 42/42/42 39/39/39
f 44/44/44 42/42/42 40/40/40
f 50/50/50 49/49/49 48/48/48
f 51/51/51 49/49/49 50/50/50
f 54/54/54 53/53/53 52/52/52
f 55/55/55 53/53/53 54/54/54
f 58/58/58 57/57/57 56/56/56
f 59/59/59 57/57/57 58/58/58
f 62/62/62 61/61/61 60/60/60
f 63/63/63 61/61/61 62/62/62
f 64/64/64 63/63/63 62/62/62
f 62/62/62 65/65/65 59/59/59
f 60/60/60 65/65/65 62/62/62
f 68/68/68 67/67/67 66/66/66
f 69/69/69 67/67/67 68/68/68
f 71/71/71 66/66/66 70/70/70
f 68/68/68 66/66/66 71/71/71
f 55/55/55 71/71/71 70/70/70
f 54/54/54 71/71/71 55/55/55
f 69/69/69 56/56/56 67/67/67
f 58/58/58 56/56/56 69/69/69
f 74/74/74 73/73/73 72/72/72
f 75/75/75 73/73/73 74/74/74
f 75/75/75 76/76/76 73/73/73
f 77/77/77 76/76/76 75/75/75
f 78/78/78 10/10/10 8/8/8
f 81/81/81 80/80/80 79/79/79
f 82/82/82 80/80/80 81/81/81
f 83/83/83 82/82/82 81/81/81
f 78/78/78 82/82/82 83/83/83
f 85/85/85 4/4/4 84/84/84
f 2/2/2 4/4/4 85/85/85
f 7/7/7 80/80/80 82/82/82
f 36/36/36 80/80/80 7/7/7
f 8/8/8 82/82/82 78/78/78
f 7/7/7 82/82/82 8/8/8
f 84/84/84 86/86/86 85/85/85
f 87/87/87 86/86/86 84/84/84
f 83/83/83 88/88/88 41/41/41
f 89/89/89 88/88/88 83/83/83
f 90/90/90 83/83/83 81/81/81
f 89/89/89 83/83/83 90/90/90
f 91/91/91 81/81/81 79/79/79
f 90/90/90 81/81/81 91/91/91
f 41/41/41 78/78/78 83/83/83
f 10/10/10 78/78/78 41/41/41
f 38/38/38 88/88/88 40/40/40
f 41/41/41 88/88/88 38/38/38
f 94/94/94 93/93/93 92/92/92
f 95/95/95 93/93/93 94/94/94
f 96/96/96 89/89/89 90/90/90
f 97/97/97 89/89/89 96/96/96
f 98/98/98 90/90/90 91/91/91
f 96/96/96 90/90/90 98/98/98
f 101/101/101 100/100/100 99/99/99
f 102/102/102 100/100/100 101/101/101
f 87/87/87 103/103/103 86/86/86
f 104/104/104 103/103/103 87/87/87
f 106/106/106 51/51/51 105/105/105
f 49/49/49 51/51/51 106/106/106
f 108/108/108 102/102/102 107/107/107
f 109/109/109 102/102/102 108/108/108
f 52/52/52 111/111/111 110/110/110
f 112/112/112 111/111/111 52/52/52
f 113/113/113 45/45/45 44/44/44
f 92/92/92 45/45/45 113/113/113
f 100/100/100 114/114/114 99/99/99
f 115/115/115 114/114/114 100/100/100
f 92/92/92 47/47/47 45/45/45
f 93/93/93 47/47/47 92/92/92
f 40/40/40 113/113/113 44/44/44
f 88/88/88 113/113/113 40/40/40
f 111/111/111 47/47/47 93/93/93
f 112/112/112 47/47/47 111/111/111
f 117/117/117 104/104/104 116/116/116
f 103/103/103 104/104/104 117/117/117
f 116/116/116 118/118/118 117/117/117
f 119/119/119 118/118/118 116/116/116
f 115/115/115 95/95/95 94/94/94
f 100/100/100 95/95/95 115/115/115
f 107/107/107 120/120/120 108/108/108
f 109/109/109 110/110/110 111/111/111
f 108/108/108 110/110/110 109/109/109
f 101/101/101 121/121/121 102/102/102
f 122/122/122 121/121/121 101/101/101
f 123/123/123 110/110/110 108/108/108
f 124/124/124 110/110/110 123/123/123
f 109/109/109 93/93/93 95/95/95
f 111/111/111 93/93/93 109/109/109
f 102/102/102 95/95/95 100/100/100
f 109/109/109 95/95/95 102/102/102
f 113/113/113 94/94/94 92/92/92
f 97/97/97 94/94/94 113/113/113
f 97/97/97 115/115/115 94/94/94
f 96/96/96 115/115/115 97/97/97
f 115/115/115 98/98/98 114/114/114
f 96/96/96 98/98/98 115/115/115
f 119/119/119 105/105/105 118/118/118
f 106/106/106 105/105/105 119/119/119
f 127/127/127 126/126/126 125/125/125
f 128/128/128 126/126/126 127/127/127
f 128/128/128 69/69/69 68/68/68
f 127/127/127 69/69/69 128/128/128
f 129/129/129 124/124/124 123/123/123
f 130/130/130 124/124/124 129/129/129
f 130/130/130 68/68/68 71/71/71
f 128/128/128 68/68/68 130/130/130
f 71/71/71 124/124/124 130/130/130
f 54/54/54 124/124/124 71/71/71
f 128/128/128 129/129/129 126/126/126
f 130/130/130 129/129/129 128/128/128
f 64/64/64 125/125/125 63/63/63
f 127/127/127 125/125/125 64/64/64
f 133/133/133 132/132/132 131/131/131
f 134/134/134 132/132/132 133/133/133
f 74/74/74 57/57/57 65/65/65
f 72/72/72 57/57/57 74/74/74
f 60/60/60 74/74/74 65/65/65
f 133/133/133 74/74/74 60/60/60
f 131/131/131 74/74/74 133/133/133
f 75/75/75 74/74/74 131/131/131
f 54/54/54 110/110/110 124/124/124
f 52/52/52 110/110/110 54/54/54
f 89/89/89 113/113/113 88/88/88
f 97/97/97 113/113/113 89/89/89
f 59/59/59 65/65/65 57/57/57
f 59/59/59 64/64/64 62/62/62
f 58/58/58 64/64/64 59/59/59
f 25/25/25 33/33/33 23/23/23
f 32/32/32 33/33/33 25/25/25
f 136/136/136 132/132/132 135/135/135
f 137/137/137 132/132/132 136/136/136
f 139/139/139 135/135/135 138/138/138
f 136/136/136 135/135/135 139/139/139
f 125/125/125 61/61/61 63/63/63
f 135/135/135 61/61/61 125/125/125
f 61/61/61 133/133/133 60/60/60
f 134/134/134 133/133/133 61/61/61
f 137/137/137 131/131/131 132/132/132
f 140/140/140 131/131/131 137/137/137
f 64/64/64 69/69/69 127/127/127
f 58/58/58 69/69/69 64/64/64
f 141/141/141 125/125/125 126/126/126
f 142/142/142 125/125/125 141/141/141
f 143/143/143 142/142/142 141/141/141
f 146/146/146 145/145/145 144/144/144
f 147/147/147 145/145/145 146/146/146
f 129/129/129 141/141/141 126/126/126
f 148/148/148 141/141/141 129/129/129
f 123/123/123 148/148/148 129/129/129
f 149/149/149 148/148/148 123/123/123
f 108/108/108 149/149/149 123/123/123
f 120/120/120 149/149/149 108/108/108
f 148/148/148 143/143/143 141/141/141
f 150/150/150 143/143/143 148/148/148
f 143/143/143 151/151/151 144/144/144
f 150/150/150 151/151/151 143/143/143
f 122/122/122 152/152/152 121/121/121
f 153/153/153 152/152/152 122/122/122
f 156/156/156 155/155/155 154/154/154
f 157/157/157 155/155/155 156/156/156
f 158/158/158 157/157/157 156/156/156
f 159/159/159 157/157/157 158/158/158
f 134/134/134 135/135/135 132/132/132
f 61/61/61 135/135/135 134/134/134
f 142/142/142 135/135/135 125/125/125
f 138/138/138 135/135/135 142/142/142
f 161/161/161 138/138/138 160/160/160
f 139/139/139 138/138/138 161/161/161
f 147/147/147 162/162/162 145/145/145
f 163/163/163 162/162/162 147/147/147
f 142/142/142 160/160/160 138/138/138
f 143/143/143 160/160/160 142/142/142
f 165/165/165 48/48/48 164/164/164
f 50/50/50 48/48/48 165/165/165
f 166/166/166 20/20/20 31/31/31
f 21/21/21 20/20/20 166/166/166
f 16/16/16 25/25/25 24/24/24
f 15/15/15 25/25/25 16/16/16
f 15/15/15 32/32/32 25/25/25
f 12/12/12 32/32/32 15/15/15
f 18/18/18 27/27/27 29/29/29
f 17/17/17 27/27/27 18/18/18
f 17/17/17 24/24/24 27/27/27
f 16/16/16 24/24/24 17/17/17
f 14/14/14 32/32/32 12/12/12
f 34/34/34 32/32/32 14/14/14
f 167/167/167 47/47/47 112/112/112
f 46/46/46 47/47/47 167/167/167
f 52/52/52 167/167/167 112/112/112
f 53/53/53 167/167/167 52/52/52
f 165/165/165 169/169/169 168/168/168
f 170/170/170 169/169/169 165/165/165
f 173/173/173 172/172/172 171/171/171
f 174/174/174 172/172/172 173/173/173
f 150/150/150 171/171/171 151/151/151
f 173/173/173 171/171/171 150/150/150
f 174/174/174 176/176/176 175/175/175
f 173/173/173 176/176/176 174/174/174
f 149/149/149 178/178/178 177/177/177
f 181/181/181 180/180/180 179/179/179
f 182/182/182 180/180/180 181/181/181
f 185/185/185 184/184/184 183/183/183
f 186/186/186 184/184/184 185/185/185
f 170/170/170 187/187/187 169/169/169
f 190/190/190 189/189/189 188/188/188
f 191/191/191 189/189/189 190/190/190
f 187/187/187 171/171/171 172/172/172
f 193/193/193 120/120/120 192/192/192
f 154/154/154 191/191/191 190/190/190
f 155/155/155 191/191/191 154/154/154
f 176/176/176 195/195/195 194/194/194
f 176/176/176 150/150/150 148/148/148
f 173/173/173 150/150/150 176/176/176
f 148/148/148 149/149/149 177/177/177
f 148/148/148 177/177/177 196/196/196
f 148/148/148 196/196/196 197/197/197
f 195/195/195 176/176/176 148/148/148
f 197/197/197 195/195/195 148/148/148
f 176/176/176 194/194/194 175/175/175
f 198/198/198 153/153/153 122/122/122
f 196/196/196 200/200/200 199/199/199
f 177/177/177 200/200/200 196/196/196
f 197/197/197 199/199/199 201/201/201
f 196/196/196 199/199/199 197/197/197
f 195/195/195 201/201/201 202/202/202
f 197/197/197 201/201/201 195/195/195
f 194/194/194 202/202/202 203/203/203
f 195/195/195 202/202/202 194/194/194
f 175/175/175 203/203/203 204/204/204
f 194/194/194 203/203/203 175/175/175
f 174/174/174 204/204/204 205/205/205
f 175/175/175 204/204/204 174/174/174
f 177/177/177 206/206/206 200/200/200
f 178/178/178 206/206/206 177/177/177
f 155/155/155 207/207/207 191/191/191
f 208/208/208 207/207/207 155/155/155
f 187/187/187 170/170/170 171/171/171
f 211/211/211 210/210/210 209/209/209
f 168/168/168 210/210/210 211/211/211
f 213/213/213 209/209/209 212/212/212
f 211/211/211 209/209/209 213/213/213
f 174/174/174 214/214/214 172/172/172
f 205/205/205 214/214/214 174/174/174
f 187/187/187 214/214/214 215/215/215
f 172/172/172 214/214/214 187/187/187
f 187/187/187 215/215/215 216/216/216
f 169/169/169 216/216/216 217/217/217
f 187/187/187 216/216/216 169/169/169
f 169/169/169 217/217/217 218/218/218
f 168/168/168 218/218/218 210/210/210
f 169/169/169 218/218/218 168/168/168
f 220/220/220 212/212/212 219/219/219
f 213/213/213 212/212/212 220/220/220
f 220/220/220 221/221/221 198/198/198
f 219/219/219 221/221/221 220/220/220
f 153/153/153 221/221/221 222/222/222
f 198/198/198 221/221/221 153/153/153
f 152/152/152 222/222/222 223/223/223
f 153/153/153 222/222/222 152/152/152
f 225/225/225 223/223/223 224/224/224
f 152/152/152 223/223/223 225/225/225
f 192/192/192 224/224/224 226/226/226
f 225/225/225 224/224/224 192/192/192
f 193/193/193 226/226/226 227/227/227
f 192/192/192 226/226/226 193/193/193
f 229/229/229 227/227/227 228/228/228
f 193/193/193 227/227/227 229/229/229
f 232/232/232 231/231/231 230/230/230
f 233/233/233 231/231/231 232/232/232
f 236/236/236 235/235/235 234/234/234
f 237/237/237 235/235/235 236/236/236
f 186/186/186 239/239/239 238/238/238
f 240/240/240 239/239/239 186/186/186
f 179/179/179 237/237/237 241/241/241
f 180/180/180 237/237/237 179/179/179
f 183/183/183 243/243/243 242/242/242
f 184/184/184 243/243/243 183/183/183
f 189/189/189 245/245/245 244/244/244
f 246/246/246 245/245/245 189/189/189
f 247/247/247 159/159/159 158/158/158
f 248/248/248 159/159/159 247/247/247
f 249/249/249 182/182/182 181/181/181
f 250/250/250 182/182/182 249/249/249
f 253/253/253 252/252/252 251/251/251
f 254/254/254 252/252/252 253/253/253
f 185/185/185 240/240/240 186/186/186
f 255/255/255 240/240/240 185/185/185
f 256/256/256 250/250/250 249/249/249
f 257/257/257 250/250/250 256/256/256
f 258/258/258 248/248/248 247/247/247
f 259/259/259 248/248/248 258/258/258
f 260/260/260 253/253/253 251/251/251
f 261/261/261 253/253/253 260/260/260
f 252/252/252 257/257/257 256/256/256
f 254/254/254 257/257/257 252/252/252
f 262/262/262 259/259/259 258/258/258
f 230/230/230 259/259/259 262/262/262
f 263/263/263 261/261/261 260/260/260
f 264/264/264 261/261/261 263/263/263
f 265/265/265 240/240/240 255/255/255
f 236/236/236 240/240/240 265/265/265
f 266/266/266 230/230/230 262/262/262
f 232/232/232 230/230/230 266/266/266
f 267/267/267 264/264/264 263/263/263
f 244/244/244 264/264/264 267/267/267
f 149/149/149 229/229/229 178/178/178
f 266/266/266 243/243/243 232/232/232
f 242/242/242 243/243/243 266/266/266
f 188/188/188 244/244/244 267/267/267
f 189/189/189 244/244/244 188/188/188
f 236/236/236 239/239/239 240/240/240
f 234/234/234 239/239/239 236/236/236
f 270/270/270 269/269/269 268/268/268
f 271/271/271 269/269/269 270/270/270
f 157/157/157 208/208/208 155/155/155
f 272/272/272 208/208/208 157/157/157
f 257/257/257 273/273/273 250/250/250
f 274/274/274 273/273/273 257/257/257
f 180/180/180 235/235/235 237/237/237
f 275/275/275 235/235/235 180/180/180
f 244/244/244 276/276/276 264/264/264
f 245/245/245 276/276/276 244/244/244
f 159/159/159 272/272/272 157/157/157
f 277/277/277 272/272/272 159/159/159
f 259/259/259 278/278/278 248/248/248
f 279/279/279 278/278/278 259/259/259
f 184/184/184 280/280/280 243/243/243
f 281/281/281 280/280/280 184/184/184
f 232/232/232 280/280/280 233/233/233
f 243/243/243 280/280/280 232/232/232
f 182/182/182 275/275/275 180/180/180
f 282/282/282 275/275/275 182/182/182
f 261/261/261 269/269/269 253/253/253
f 283/283/283 269/269/269 261/261/261
f 248/248/248 277/277/277 159/159/159
f 278/278/278 277/277/277 248/248/248
f 186/186/186 281/281/281 184/184/184
f 238/238/238 281/281/281 186/186/186
f 254/254/254 274/274/274 257/257/257
f 271/271/271 274/274/274 254/254/254
f 250/250/250 282/282/282 182/182/182
f 273/273/273 282/282/282 250/250/250
f 191/191/191 246/246/246 189/189/189
f 207/207/207 246/246/246 191/191/191
f 230/230/230 279/279/279 259/259/259
f 231/231/231 279/279/279 230/230/230
f 264/264/264 283/283/283 261/261/261
f 276/276/276 283/283/283 264/264/264
f 271/271/271 253/253/253 269/269/269
f 254/254/254 253/253/253 271/271/271
f 178/178/178 228/228/228 206/206/206
f 229/229/229 228/228/228 178/178/178
f 140/140/140 75/75/75 131/131/131
f 77/77/77 75/75/75 140/140/140
f 140/140/140 285/285/285 284/284/284
f 286/286/286 285/285/285 140/140/140
f 287/287/287 286/286/286 140/140/140
f 288/288/288 286/286/286 287/287/287
f 289/289/289 288/288/288 287/287/287
f 290/290/290 288/288/288 289/289/289
f 291/291/291 290/290/290 289/289/289
f 292/292/292 290/290/290 291/291/291
f 293/293/293 292/292/292 291/291/291
f 294/294/294 292/292/292 293/293/293
f 297/297/297 296/296/296 295/295/295
f 298/298/298 296/296/296 297/297/297
f 265/265/265 237/237/237 236/236/236
f 241/241/241 237/237/237 265/265/265
f 276/276/276 299/299/299 283/283/283
f 300/300/300 299/299/299 276/276/276
f 301/301/301 277/277/277 278/278/278
f 302/302/302 277/277/277 301/301/301
f 231/231/231 303/303/303 279/279/279
f 304/304/304 303/303/303 231/231/231
f 207/207/207 305/305/305 246/246/246
f 306/306/306 305/305/305 207/207/207
f 273/273/273 307/307/307 282/282/282
f 308/308/308 307/307/307 273/273/273
f 271/271/271 309/309/309 274/274/274
f 270/270/270 309/309/309 271/271/271
f 238/238/238 310/310/310 281/281/281
f 311/311/311 310/310/310 238/238/238
f 283/283/283 268/268/268 269/269/269
f 299/299/299 268/268/268 283/283/283
f 282/282/282 312/312/312 275/275/275
f 307/307/307 312/312/312 282/282/282
f 233/233/233 314/314/314 313/313/313
f 280/280/280 314/314/314 233/233/233
f 281/281/281 314/314/314 280/280/280
f 310/310/310 314/314/314 281/281/281
f 279/279/279 301/301/301 278/278/278
f 303/303/303 301/301/301 279/279/279
f 277/277/277 315/315/315 272/272/272
f 302/302/302 315/315/315 277/277/277
f 245/245/245 300/300/300 276/276/276
f 316/316/316 300/300/300 245/245/245
f 275/275/275 317/317/317 235/235/235
f 312/312/312 317/317/317 275/275/275
f 274/274/274 308/308/308 273/273/273
f 309/309/309 308/308/308 274/274/274
f 272/272/272 318/318/318 208/208/208
f 315/315/315 318/318/318 272/272/272
f 234/234/234 319/319/319 239/239/239
f 320/320/320 319/319/319 234/234/234
f 246/246/246 316/316/316 245/245/245
f 305/305/305 316/316/316 246/246/246
f 238/238/238 319/319/319 311/311/311
f 239/239/239 319/319/319 238/238/238
f 234/234/234 317/317/317 320/320/320
f 235/235/235 317/317/317 234/234/234
f 233/233/233 304/304/304 231/231/231
f 313/313/313 304/304/304 233/233/233
f 208/208/208 306/306/306 207/207/207
f 318/318/318 306/306/306 208/208/208
f 151/151/151 170/170/170 321/321/321
f 171/171/171 170/170/170 151/151/151
f 151/151/151 321/321/321 144/144/144
f 165/165/165 168/168/168 211/211/211
f 165/165/165 211/211/211 213/213/213
f 198/198/198 50/50/50 220/220/220
f 122/122/122 50/50/50 198/198/198
f 152/152/152 107/107/107 121/121/121
f 225/225/225 107/107/107 152/152/152
f 121/121/121 107/107/107 102/102/102
f 193/193/193 149/149/149 120/120/120
f 229/229/229 149/149/149 193/193/193
f 192/192/192 107/107/107 225/225/225
f 120/120/120 107/107/107 192/192/192
f 122/122/122 51/51/51 50/50/50
f 101/101/101 51/51/51 122/122/122
f 51/51/51 99/99/99 105/105/105
f 101/101/101 99/99/99 51/51/51
f 118/118/118 99/99/99 114/114/114
f 105/105/105 99/99/99 118/118/118
f 117/117/117 114/114/114 98/98/98
f 118/118/118 114/114/114 117/117/117
f 98/98/98 103/103/103 117/117/117
f 91/91/91 103/103/103 98/98/98
f 86/86/86 91/91/91 79/79/79
f 103/103/103 91/91/91 86/86/86
f 85/85/85 79/79/79 80/80/80
f 86/86/86 79/79/79 85/85/85
f 80/80/80 2/2/2 85/85/85
f 36/36/36 2/2/2 80/80/80
f 1/1/1 36/36/36 19/19/19
f 2/2/2 36/36/36 1/1/1
f 20/20/20 19/19/19 18/18/18
f 1/1/1 19/19/19 20/20/20
f 20/20/20 29/29/29 31/31/31
f 18/18/18 29/29/29 20/20/20
f 50/50/50 213/213/213 220/220/220
f 165/165/165 213/213/213 50/50/50
f 164/164/164 170/170/170 165/165/165
f 322/322/322 170/170/170 164/164/164
f 170/170/170 323/323/323 321/321/321
f 322/322/322 323/323/323 170/170/170
f 295/295/295 294/294/294 293/293/293
f 296/296/296 294/294/294 295/295/295
f 162/162/162 160/160/160 145/145/145
f 161/161/161 160/160/160 162/162/162
f 145/145/145 143/143/143 144/144/144
f 160/160/160 143/143/143 145/145/145
f 321/321/321 146/146/146 144/144/144
f 323/323/323 146/146/146 321/321/321
f 324/324/324 31/31/31 30/30/30
f 166/166/166 31/31/31 324/324/324
f 325/325/325 35/35/35 34/34/34
f 326/326/326 35/35/35 325/325/325
f 327/327/327 34/34/34 14/14/14
f 325/325/325 34/34/34 327/327/327
f 328/328/328 14/14/14 13/13/13
f 327/327/327 14/14/14 328/328/328
f 329/329/329 13/13/13 37/37/37
f 328/328/328 13/13/13 329/329/329
f 330/330/330 37/37/37 39/39/39
f 329/329/329 37/37/37 330/330/330
f 331/331/331 39/39/39 42/42/42
f 330/330/330 39/39/39 331/331/331
f 332/332/332 42/42/42 43/43/43
f 331/331/331 42/42/42 332/332/332
f 333/333/333 43/43/43 46/46/46
f 332/332/332 43/43/43 333/333/333
f 334/334/334 46/46/46 167/167/167
f 333/333/333 46/46/46 334/334/334
f 335/335/335 167/167/167 53/53/53
f 334/334/334 167/167/167 335/335/335
f 55/55/55 335/335/335 53/53/53
f 336/336/336 335/335/335 55/55/55
f 70/70/70 336/336/336 55/55/55
f 337/337/337 336/336/336 70/70/70
f 338/338/338 70/70/70 66/66/66
f 337/337/337 70/70/70 338/338/338
f 339/339/339 66/66/66 67/67/67
f 338/338/338 66/66/66 339/339/339
f 340/340/340 67/67/67 56/56/56
f 339/339/339 67/67/67 340/340/340
f 341/341/341 56/56/56 57/57/57
f 340/340/340 56/56/56 341/341/341
f 342/342/342 57/57/57 72/72/72
f 341/341/341 57/57/57 342/342/342
f 343/343/343 72/72/72 73/73/73
f 342/342/342 72/72/72 343/343/343
f 344/344/344 73/73/73 76/76/76
f 343/343/343 73/73/73 344/344/344
f 347/347/347 346/346/346 345/345/345
f 347/347/347 345/345/345 348/348/348
f 349/349/349 347/347/347 348/348/348
f 352/352/352 351/351/351 350/350/350
f 353/353/353 351/351/351 352/352/352
f 356/356/356 355/355/355 354/354/354
f 357/357/357 355/355/355 356/356/356
f 359/359/359 354/354/354 358/358/358
f 356/356/356 354/354/354 359/359/359
f 361/361/361 358/358/358 360/360/360
f 359/359/359 358/358/358 361/361/361
f 363/363/363 360/360/360 362/362/362
f 361/361/361 360/360/360 363/363/363
f 365/365/365 362/362/362 364/364/364
f 363/363/363 362/362/362 365/365/365
f 367/367/367 364/364/364 366/366/366
f 365/365/365 364/364/364 367/367/367
f 369/369/369 366/366/366 368/368/368
f 367/367/367 366/366/366 369/369/369
f 371/371/371 368/368/368 370/370/370
f 369/369/369 368/368/368 371/371/371
f 373/373/373 370/370/370 372/372/372
f 371/371/371 370/370/370 373/373/373
f 375/375/375 372/372/372 374/374/374
f 373/373/373 372/372/372 375/375/375
f 377/377/377 374/374/374 376/376/376
f 375/375/375 374/374/374 377/377/377
f 379/379/379 376/376/376 378/378/378
f 377/377/377 376/376/376 379/379/379
f 381/381/381 378/378/378 380/380/380
f 379/379/379 378/378/378 381/381/381
f 383/383/383 380/380/380 382/382/382
f 381/381/381 380/380/380 383/383/383
f 386/386/386 385/385/385 384/384/384
f 389/389/389 388/388/388 387/387/387
f 390/390/390 388/388/388 389/389/389
f 389/389/389 387/387/387 391/391/391
f 393/393/393 387/387/387 392/392/392
f 391/391/391 387/387/387 393/393/393
f 393/393/393 395/395/395 394/394/394
f 396/396/396 395/395/395 393/393/393
f 399/399/399 398/398/398 397/397/397
f 400/400/400 398/398/398 399/399/399
f 401/401/401 398/398/398 400/400/400
f 402/402/402 398/398/398 401/401/401
f 405/405/405 404/404/404 403/403/403
f 406/406/406 404/404/404 405/405/405
f 408/408/408 403/403/403 407/407/407
f 405/405/405 403/403/403 408/408/408
f 410/410/410 407/407/407 409/409/409
f 408/408/408 407/407/407 410/410/410
f 412/412/412 409/409/409 411/411/411
f 410/410/410 409/409/409 412/412/412
f 414/414/414 411/411/411 413/413/413
f 412/412/412 411/411/411 414/414/414
f 416/416/416 413/413/413 415/415/415
f 414/414/414 413/413/413 416/416/416
f 418/418/418 415/415/415 417/417/417
f 416/416/416 415/415/415 418/418/418
f 420/420/420 417/417/417 419/419/419
f 418/418/418 417/417/417 420/420/420
f 422/422/422 419/419/419 421/421/421
f 420/420/420 419/419/419 422/422/422
f 424/424/424 421/421/421 423/423/423
f 422/422/422 421/421/421 424/424/424
f 426/426/426 423/423/423 425/425/425
f 424/424/424 423/423/423 426/426/426
f 428/428/428 425/425/425 427/427/427
f 426/426/426 425/425/425 428/428/428
f 431/431/431 430/430/430 429/429/429
f 432/432/432 430/430/430 431/431/431
f 435/435/435 434/434/434 433/433/433
f 436/436/436 434/434/434 435/435/435
f 438/438/438 433/433/433 437/437/437
f 435/435/435 433/433/433 438/438/438
f 440/440/440 437/437/437 439/439/439
f 438/438/438 437/437/437 440/440/440
f 443/443/443 442/442/442 441/441/441
f 444/444/444 442/442/442 443/443/443
f 446/446/446 439/439/439 445/445/445
f 440/440/440 439/439/439 446/446/446
f 444/444/444 445/445/445 442/442/442
f 446/446/446 445/445/445 444/444/444
f 449/449/449 448/448/448 447/447/447
f 450/450/450 448/448/448 449/449/449
f 406/406/406 451/451/451 404/404/404
f 454/454/454 453/453/453 452/452/452
f 455/455/455 453/453/453 454/454/454
f 457/457/457 452/452/452 456/456/456
f 454/454/454 452/452/452 457/457/457
f 459/459/459 456/456/456 458/458/458
f 457/457/457 456/456/456 459/459/459
f 461/461/461 458/458/458 460/460/460
f 459/459/459 458/458/458 461/461/461
f 464/464/464 463/463/463 462/462/462
f 465/465/465 463/463/463 464/464/464
f 466/466/466 462/462/462 418/418/418
f 464/464/464 462/462/462 466/466/466
f 468/468/468 418/418/418 467/467/467
f 466/466/466 418/418/418 468/468/468
f 470/470/470 467/467/467 469/469/469
f 468/468/468 467/467/467 470/470/470
f 472/472/472 469/469/469 471/471/471
f 470/470/470 469/469/469 472/472/472
f 474/474/474 471/471/471 473/473/473
f 472/472/472 471/471/471 474/474/474
f 476/476/476 473/473/473 475/475/475
f 474/474/474 473/473/473 476/476/476
f 478/478/478 475/475/475 477/477/477
f 476/476/476 475/475/475 478/478/478
f 481/481/481 480/480/480 479/479/479
f 482/482/482 480/480/480 481/481/481
f 481/481/481 479/479/479 483/483/483
f 485/485/485 477/477/477 484/484/484
f 478/478/478 477/477/477 485/485/485
f 455/455/455 486/486/486 453/453/453
f 487/487/487 486/486/486 455/455/455
f 490/490/490 489/489/489 488/488/488
f 491/491/491 489/489/489 490/490/490
f 490/490/490 488/488/488 492/492/492
f 495/495/495 494/494/494 493/493/493
f 496/496/496 494/494/494 495/495/495
f 498/498/498 493/493/493 497/497/497
f 495/495/495 493/493/493 498/498/498
f 500/500/500 499/499/499 489/489/489
f 501/501/501 499/499/499 500/500/500
f 463/463/463 461/461/461 460/460/460
f 465/465/465 461/461/461 463/463/463
f 504/504/504 503/503/503 502/502/502
f 505/505/505 503/503/503 504/504/504
f 507/507/507 502/502/502 506/506/506
f 504/504/504 502/502/502 507/507/507
f 509/509/509 506/506/506 508/508/508
f 507/507/507 506/506/506 509/509/509
f 511/511/511 508/508/508 510/510/510
f 509/509/509 508/508/508 511/511/511
f 511/511/511 510/510/510 512/512/512
f 505/505/505 497/497/497 503/503/503
f 513/513/513 497/497/497 505/505/505
f 516/516/516 515/515/515 514/514/514
f 517/517/517 515/515/515 516/516/516
f 520/520/520 519/519/519 518/518/518
f 523/523/523 522/522/522 521/521/521
f 526/526/526 525/525/525 524/524/524
f 527/527/527 525/525/525 526/526/526
f 529/529/529 524/524/524 528/528/528
f 526/526/526 524/524/524 529/529/529
f 485/485/485 480/480/480 482/482/482
f 484/484/484 480/480/480 485/485/485
f 531/531/531 521/521/521 530/530/530
f 523/523/523 521/521/521 531/531/531
f 532/532/532 530/530/530 525/525/525
f 531/531/531 530/530/530 532/532/532
f 534/534/534 533/533/533 443/443/443
f 535/535/535 533/533/533 534/534/534
f 535/535/535 528/528/528 533/533/533
f 529/529/529 528/528/528 535/535/535
f 520/520/520 536/536/536 519/519/519
f 536/536/536 537/537/537 519/519/519
f 538/538/538 537/537/537 536/536/536
f 527/527/527 532/532/532 525/525/525
f 541/541/541 540/540/540 539/539/539
f 541/541/541 539/539/539 542/542/542
f 545/545/545 544/544/544 543/543/543
f 543/543/543 544/544/544 546/546/546
f 546/546/546 544/544/544 547/547/547
f 545/545/545 539/539/539 544/544/544
f 542/542/542 539/539/539 545/545/545
f 515/515/515 511/511/511 512/512/512
f 517/517/517 511/511/511 515/515/515
f 496/496/496 548/548/548 494/494/494
f 548/548/548 549/549/549 494/494/494
f 550/550/550 549/549/549 548/548/548
f 553/553/553 552/552/552 551/551/551
f 554/554/554 552/552/552 553/553/553
f 551/551/551 556/556/556 555/555/555
f 552/552/552 556/556/556 551/551/551
f 559/559/559 558/558/558 557/557/557
f 560/560/560 558/558/558 559/559/559
f 557/557/557 554/554/554 553/553/553
f 558/558/558 554/554/554 557/557/557
f 561/561/561 560/560/560 559/559/559
f 564/564/564 563/563/563 562/562/562
f 565/565/565 563/563/563 564/564/564
f 568/568/568 567/567/567 566/566/566
f 569/569/569 567/567/567 568/568/568
f 566/566/566 567/567/567 564/564/564
f 555/555/555 353/353/353 352/352/352
f 556/556/556 353/353/353 555/555/555
f 572/572/572 571/571/571 570/570/570
f 573/573/573 571/571/571 572/572/572
f 350/350/350 573/573/573 572/572/572
f 351/351/351 573/573/573 350/350/350
f 576/576/576 575/575/575 574/574/574
f 577/577/577 575/575/575 576/576/576
f 570/570/570 577/577/577 576/576/576
f 571/571/571 577/577/577 570/570/570
f 580/580/580 579/579/579 578/578/578
f 581/581/581 579/579/579 580/580/580
f 583/583/583 582/582/582 580/580/580
f 584/584/584 582/582/582 583/583/583
f 585/585/585 582/582/582 584/584/584
f 578/578/578 587/587/587 586/586/586
f 588/588/588 587/587/587 578/578/578
f 393/393/393 394/394/394 391/391/391
f 589/589/589 481/481/481 483/483/483
f 523/523/523 519/519/519 522/522/522
f 518/518/518 519/519/519 523/523/523
f 538/538/538 514/514/514 537/537/537
f 516/516/516 514/514/514 538/538/538
f 590/590/590 549/549/549 550/550/550
f 593/593/593 592/592/592 591/591/591
f 594/594/594 592/592/592 593/593/593
f 596/596/596 591/591/591 595/595/595
f 593/593/593 591/591/591 596/596/596
f 596/596/596 595/595/595 597/597/597
f 598/598/598 497/497/497 513/513/513
f 598/598/598 498/498/498 497/497/497
f 491/491/491 500/500/500 489/489/489
f 597/597/597 595/595/595 599/599/599
f 600/600/600 569/569/569 568/568/568
f 601/601/601 569/569/569 600/600/600
f 604/604/604 603/603/603 602/602/602
f 605/605/605 592/592/592 594/594/594
f 607/607/607 603/603/603 606/606/606
f 602/602/602 603/603/603 607/607/607
f 608/608/608 592/592/592 605/605/605
f 567/567/567 565/565/565 564/564/564
f 562/562/562 561/561/561 559/559/559
f 563/563/563 561/561/561 562/562/562
f 582/582/582 581/581/581 580/580/580
f 579/579/579 588/588/588 578/578/578
f 609/609/609 586/586/586 587/587/587
f 610/610/610 586/586/586 609/609/609
f 612/612/612 611/611/611 392/392/392
f 615/615/615 614/614/614 613/613/613
f 616/616/616 614/614/614 615/615/615
f 613/613/613 617/617/617 615/615/615
f 618/618/618 617/617/617 613/613/613
f 621/621/621 620/620/620 619/619/619
f 613/613/613 622/622/622 618/618/618
f 623/623/623 622/622/622 613/613/613
f 443/443/443 615/615/615 534/534/534
f 441/441/441 615/615/615 443/443/443
f 616/616/616 615/615/615 441/441/441
f 626/626/626 625/625/625 624/624/624
f 627/627/627 625/625/625 626/626/626
f 630/630/630 629/629/629 628/628/628
f 631/631/631 629/629/629 630/630/630
f 623/623/623 613/613/613 632/632/632
f 635/635/635 634/634/634 633/633/633
f 636/636/636 634/634/634 635/635/635
f 638/638/638 633/633/633 637/637/637
f 635/635/635 633/633/633 638/638/638
f 640/640/640 637/637/637 639/639/639
f 638/638/638 637/637/637 640/640/640
f 642/642/642 639/639/639 641/641/641
f 640/640/640 639/639/639 642/642/642
f 644/644/644 641/641/641 643/643/643
f 642/642/642 641/641/641 644/644/644
f 636/636/636 643/643/643 634/634/634
f 644/644/644 643/643/643 636/636/636
f 647/647/647 646/646/646 645/645/645
f 647/647/647 645/645/645 648/648/648
f 647/647/647 648/648/648 649/649/649
f 647/647/647 649/649/649 650/650/650
f 647/647/647 650/650/650 651/651/651
f 647/647/647 651/651/651 646/646/646
f 654/654/654 653/653/653 652/652/652
f 655/655/655 653/653/653 654/654/654
f 657/657/657 652/652/652 656/656/656
f 654/654/654 652/652/652 657/657/657
f 659/659/659 656/656/656 658/658/658
f 657/657/657 656/656/656 659/659/659
f 661/661/661 658/658/658 660/660/660
f 659/659/659 658/658/658 661/661/661
f 663/663/663 660/660/660 662/662/662
f 661/661/661 660/660/660 663/663/663
f 655/655/655 662/662/662 653/653/653
f 663/663/663 662/662/662 655/655/655
f 664/664/664 393/393/393 392/392/392
f 611/611/611 664/664/664 392/392/392
f 666/666/666 575/575/575 665/665/665
f 667/667/667 575/575/575 666/666/666
f 574/574/574 575/575/575 667/667/667
f 665/665/665 585/585/585 668/668/668
f 575/575/575 585/585/585 665/665/665
f 670/670/670 402/402/402 669/669/669
f 671/671/671 402/402/402 670/670/670
f 672/672/672 402/402/402 671/671/671
f 673/673/673 402/402/402 672/672/672
f 674/674/674 402/402/402 673/673/673
f 675/675/675 402/402/402 401/401/401
f 669/669/669 402/402/402 675/675/675
f 585/585/585 584/584/584 668/668/668
f 678/678/678 677/677/677 676/676/676
f 679/679/679 677/677/677 678/678/678
f 682/682/682 681/681/681 680/680/680
f 683/683/683 681/681/681 682/682/682
f 686/686/686 685/685/685 684/684/684
f 687/687/687 685/685/685 686/686/686
f 690/690/690 689/689/689 688/688/688
f 691/691/691 689/689/689 690/690/690
f 694/694/694 693/693/693 692/692/692
f 695/695/695 693/693/693 694/694/694
f 698/698/698 697/697/697 696/696/696
f 699/699/699 697/697/697 698/698/698
f 702/702/702 701/701/701 700/700/700
f 705/705/705 704/704/704 703/703/703
f 706/706/706 704/704/704 705/705/705
f 709/709/709 708/708/708 707/707/707
f 710/710/710 708/708/708 709/709/709
f 713/713/713 712/712/712 711/711/711
f 714/714/714 712/712/712 713/713/713
f 717/717/717 716/716/716 715/715/715
f 718/718/718 716/716/716 717/717/717
f 721/721/721 720/720/720 719/719/719
f 722/722/722 720/720/720 721/721/721
f 725/725/725 724/724/724 723/723/723
f 726/726/726 724/724/724 725/725/725
f 729/729/729 728/728/728 727/727/727
f 730/730/730 728/728/728 729/729/729
f 733/733/733 732/732/732 731/731/731
f 734/734/734 732/732/732 733/733/733
f 737/737/737 736/736/736 735/735/735
f 738/738/738 736/736/736 737/737/737
f 741/741/741 740/740/740 739/739/739
f 742/742/742 740/740/740 741/741/741
f 745/745/745 744/744/744 743/743/743
f 746/746/746 744/744/744 745/745/745
f 711/711/711 748/748/748 747/747/747
f 712/712/712 748/748/748 711/711/711
f 751/751/751 750/750/750 749/749/749
f 752/752/752 750/750/750 751/751/751
f 755/755/755 754/754/754 753/753/753
f 756/756/756 754/754/754 755/755/755
f 759/759/759 758/758/758 757/757/757
f 760/760/760 758/758/758 759/759/759
f 763/763/763 762/762/762 761/761/761
f 764/764/764 762/762/762 763/763/763
f 767/767/767 766/766/766 765/765/765
f 768/768/768 766/766/766 767/767/767
f 771/771/771 770/770/770 769/769/769
f 772/772/772 770/770/770 771/771/771
f 775/775/775 774/774/774 773/773/773
f 776/776/776 774/774/774 775/775/775
f 777/777/777 719/719/719 720/720/720
f 778/778/778 719/719/719 777/777/777
f 781/781/781 780/780/780 779/779/779
f 782/782/782 780/780/780 781/781/781
f 784/784/784 774/774/774 783/783/783
f 773/773/773 774/774/774 784/784/784
f 785/785/785 714/714/714 713/713/713
f 786/786/786 714/714/714 785/785/785
f 789/789/789 788/788/788 787/787/787
f 790/790/790 788/788/788 789/789/789
f 793/793/793 792/792/792 791/791/791
f 794/794/794 792/792/792 793/793/793
f 797/797/797 796/796/796 795/795/795
f 798/798/798 796/796/796 797/797/797
f 801/801/801 800/800/800 799/799/799
f 802/802/802 800/800/800 801/801/801
f 805/805/805 804/804/804 803/803/803
f 806/806/806 804/804/804 805/805/805
f 809/809/809 808/808/808 807/807/807
f 810/810/810 808/808/808 809/809/809
f 813/813/813 812/812/812 811/811/811
f 814/814/814 812/812/812 813/813/813
f 817/817/817 816/816/816 815/815/815
f 820/820/820 819/819/819 818/818/818
f 821/821/821 819/819/819 820/820/820
f 824/824/824 823/823/823 822/822/822
f 825/825/825 823/823/823 824/824/824
f 828/828/828 827/827/827 826/826/826
f 829/829/829 827/827/827 828/828/828
f 832/832/832 831/831/831 830/830/830
f 833/833/833 831/831/831 832/832/832
f 836/836/836 835/835/835 834/834/834
f 837/837/837 835/835/835 836/836/836
f 840/840/840 839/839/839 838/838/838
f 841/841/841 839/839/839 840/840/840
f 844/844/844 843/843/843 842/842/842
f 845/845/845 843/843/843 844/844/844
f 848/848/848 847/847/847 846/846/846
f 849/849/849 847/847/847 848/848/848
f 852/852/852 851/851/851 850/850/850
f 853/853/853 851/851/851 852/852/852
f 856/856/856 855/855/855 854/854/854
f 857/857/857 855/855/855 856/856/856
f 860/860/860 859/859/859 858/858/858
f 861/861/861 859/859/859 860/860/860
f 864/864/864 863/863/863 862/862/862
f 865/865/865 863/863/863 864/864/864
f 833/833/833 866/866/866 831/831/831
f 867/867/867 866/866/866 833/833/833
f 870/870/870 869/869/869 868/868/868
f 871/871/871 869/869/869 870/870/870
f 874/874/874 873/873/873 872/872/872
f 875/875/875 873/873/873 874/874/874
f 878/878/878 877/877/877 876/876/876
f 879/879/879 877/877/877 878/878/878
f 882/882/882 881/881/881 880/880/880
f 883/883/883 881/881/881 882/882/882
f 886/886/886 885/885/885 884/884/884
f 887/887/887 885/885/885 886/886/886
f 890/890/890 889/889/889 888/888/888
f 891/891/891 889/889/889 890/890/890
f 894/894/894 893/893/893 892/892/892
f 895/895/895 893/893/893 894/894/894
f 897/897/897 841/841/841 896/896/896
f 839/839/839 841/841/841 897/897/897
f 900/900/900 899/899/899 898/898/898
f 901/901/901 899/899/899 900/900/900
f 899/899/899 893/893/893 895/895/895
f 901/901/901 893/893/893 899/899/899
f 903/903/903 830/830/830 902/902/902
f 832/832/832 830/830/830 903/903/903
f 906/906/906 905/905/905 904/904/904
f 907/907/907 905/905/905 906/906/906
f 910/910/910 909/909/909 908/908/908
f 911/911/911 909/909/909 910/910/910
f 914/914/914 913/913/913 912/912/912
f 915/915/915 913/913/913 914/914/914
f 918/918/918 917/917/917 916/916/916
f 919/919/919 917/917/917 918/918/918
f 922/922/922 921/921/921 920/920/920
f 923/923/923 921/921/921 922/922/922
f 926/926/926 925/925/925 924/924/924
f 927/927/927 925/925/925 926/926/926
f 930/930/930 929/929/929 928/928/928
f 931/931/931 929/929/929 930/930/930
f 934/934/934 933/933/933 932/932/932
f 935/935/935 933/933/933 934/934/934
f 936/936/936 933/933/933 935/935/935
f 939/939/939 938/938/938 937/937/937
f 940/940/940 938/938/938 939/939/939
f 943/943/943 942/942/942 941/941/941
f 944/944/944 942/942/942 943/943/943
f 947/947/947 946/946/946 945/945/945
f 948/948/948 946/946/946 947/947/947
f 951/951/951 950/950/950 949/949/949
f 952/952/952 950/950/950 951/951/951
f 955/955/955 954/954/954 953/953/953
f 956/956/956 954/954/954 955/955/955
f 959/959/959 958/958/958 957/957/957
f 923/923/923 958/958/958 959/959/959
f 962/962/962 961/961/961 960/960/960
f 963/963/963 961/961/961 962/962/962
f 966/966/966 965/965/965 964/964/964
f 967/967/967 965/965/965 966/966/966
f 970/970/970 969/969/969 968/968/968
f 971/971/971 969/969/969 970/970/970
f 974/974/974 973/973/973 972/972/972
f 975/975/975 973/973/973 974/974/974
f 978/978/978 977/977/977 976/976/976
f 979/979/979 977/977/977 978/978/978
f 982/982/982 981/981/981 980/980/980
f 983/983/983 981/981/981 982/982/982
f 986/986/986 985/985/985 984/984/984
f 987/987/987 985/985/985 986/986/986
f 990/990/990 989/989/989 988/988/988
f 991/991/991 989/989/989 990/990/990
f 994/994/994 993/993/993 992/992/992
f 995/995/995 993/993/993 994/994/994
f 998/998/998 997/997/997 996/996/996
f 999/999/999 997/997/997 998/998/998
f 997/997/997 993/993/993 995/995/995
f 999/999/999 993/993/993 997/997/997
f 1002/1002/1002 1001/1001/1001 1000/1000/1000
f 1003/1003/1003 1001/1001/1001 1002/1002/1002
f 1006/1006/1006 1005/1005/1005 1004/1004/1004
f 1007/1007/1007 1005/1005/1005 1006/1006/1006
f 1009/1009/1009 916/916/916 1008/1008/1008
f 1010/1010/1010 916/916/916 1009/1009/1009
f 1011/1011/1011 1010/1010/1010 1009/1009/1009
f 1012/1012/1012 1010/1010/1010 1011/1011/1011
f 1013/1013/1013 1012/1012/1012 1011/1011/1011
f 1014/1014/1014 1012/1012/1012 1013/1013/1013
f 1015/1015/1015 1004/1004/1004 1005/1005/1005
f 1013/1013/1013 1004/1004/1004 1015/1015/1015
f 1013/1013/1013 1015/1015/1015 1014/1014/1014
f 1018/1018/1018 1017/1017/1017 1016/1016/1016
f 1019/1019/1019 1017/1017/1017 1018/1018/1018
f 1022/1022/1022 1021/1021/1021 1020/1020/1020
f 1023/1023/1023 1021/1021/1021 1022/1022/1022
f 1026/1026/1026 1025/1025/1025 1024/1024/1024
f 1027/1027/1027 1025/1025/1025 1026/1026/1026
f 1030/1030/1030 1029/1029/1029 1028/1028/1028
f 1031/1031/1031 1029/1029/1029 1030/1030/1030
f 1034/1034/1034 1033/1033/1033 1032/1032/1032
f 1035/1035/1035 1033/1033/1033 1034/1034/1034
f 1038/1038/1038 1037/1037/1037 1036/1036/1036
f 1039/1039/1039 1037/1037/1037 1038/1038/1038
f 1042/1042/1042 1041/1041/1041 1040/1040/1040
f 1045/1045/1045 1044/1044/1044 1043/1043/1043
f 1046/1046/1046 1044/1044/1044 1045/1045/1045
f 1049/1049/1049 1048/1048/1048 1047/1047/1047
f 1050/1050/1050 1048/1048/1048 1049/1049/1049
f 1053/1053/1053 1052/1052/1052 1051/1051/1051
f 1054/1054/1054 1052/1052/1052 1053/1053/1053
f 1057/1057/1057 1056/1056/1056 1055/1055/1055
f 1058/1058/1058 1056/1056/1056 1057/1057/1057
f 1061/1061/1061 1060/1060/1060 1059/1059/1059
f 1062/1062/1062 1060/1060/1060 1061/1061/1061
f 1065/1065/1065 1064/1064/1064 1063/1063/1063
f 1066/1066/1066 1064/1064/1064 1065/1065/1065
f 1069/1069/1069 1068/1068/1068 1067/1067/1067
f 1070/1070/1070 1068/1068/1068 1069/1069/1069
f 1073/1073/1073 1072/1072/1072 1071/1071/1071
f 1074/1074/1074 1072/1072/1072 1073/1073/1073
f 1077/1077/1077 1076/1076/1076 1075/1075/1075
f 1078/1078/1078 1076/1076/1076 1077/1077/1077
f 1081/1081/1081 1080/1080/1080 1079/1079/1079
f 1082/1082/1082 1080/1080/1080 1081/1081/1081
f 1085/1085/1085 1084/1084/1084 1083/1083/1083
f 1086/1086/1086 1084/1084/1084 1085/1085/1085
f 1051/1051/1051 1088/1088/1088 1087/1087/1087
f 1052/1052/1052 1088/1088/1088 1051/1051/1051
f 1091/1091/1091 1090/1090/1090 1089/1089/1089
f 1092/1092/1092 1090/1090/1090 1091/1091/1091
f 1095/1095/1095 1094/1094/1094 1093/1093/1093
f 1096/1096/1096 1094/1094/1094 1095/1095/1095
f 1099/1099/1099 1098/1098/1098 1097/1097/1097
f 1100/1100/1100 1098/1098/1098 1099/1099/1099
f 1103/1103/1103 1102/1102/1102 1101/1101/1101
f 1104/1104/1104 1102/1102/1102 1103/1103/1103
f 1107/1107/1107 1106/1106/1106 1105/1105/1105
f 1108/1108/1108 1106/1106/1106 1107/1107/1107
f 1111/1111/1111 1110/1110/1110 1109/1109/1109
f 1112/1112/1112 1110/1110/1110 1111/1111/1111
f 1115/1115/1115 1114/1114/1114 1113/1113/1113
f 1116/1116/1116 1114/1114/1114 1115/1115/1115
f 1117/1117/1117 1059/1059/1059 1060/1060/1060
f 1118/1118/1118 1059/1059/1059 1117/1117/1117
f 1121/1121/1121 1120/1120/1120 1119/1119/1119
f 1122/1122/1122 1120/1120/1120 1121/1121/1121
f 1120/1120/1120 1114/1114/1114 1119/1119/1119
f 1113/1113/1113 1114/1114/1114 1120/1120/1120
f 1123/1123/1123 1054/1054/1054 1053/1053/1053
f 1124/1124/1124 1054/1054/1054 1123/1123/1123
f 1127/1127/1127 1126/1126/1126 1125/1125/1125
f 1128/1128/1128 1126/1126/1126 1127/1127/1127
f 1131/1131/1131 1130/1130/1130 1129/1129/1129
f 1132/1132/1132 1130/1130/1130 1131/1131/1131
f 1135/1135/1135 1134/1134/1134 1133/1133/1133
f 1136/1136/1136 1134/1134/1134 1135/1135/1135
f 1139/1139/1139 1138/1138/1138 1137/1137/1137
f 1140/1140/1140 1138/1138/1138 1139/1139/1139
usemtl Paint_Rough
f 1143/1143/1143 1142/1142/1142 1141/1141/1141
f 1146/1146/1146 1145/1145/1145 1144/1144/1144
f 1146/1146/1146 1147/1147/1147 1145/1145/1145
f 1148/1148/1148 1147/1147/1147 1146/1146/1146
f 1148/1148/1148 1149/1149/1149 1147/1147/1147
f 1150/1150/1150 1149/1149/1149 1148/1148/1148
f 1151/1151/1151 1149/1149/1149 1150/1150/1150
f 1151/1151/1151 1152/1152/1152 1149/1149/1149
f 1153/1153/1153 1152/1152/1152 1151/1151/1151
f 1153/1153/1153 1154/1154/1154 1152/1152/1152
f 1155/1155/1155 1154/1154/1154 1153/1153/1153
f 1156/1156/1156 1154/1154/1154 1155/1155/1155
f 1156/1156/1156 1157/1157/1157 1154/1154/1154
f 1158/1158/1158 1157/1157/1157 1156/1156/1156
f 1158/1158/1158 1159/1159/1159 1157/1157/1157
f 1160/1160/1160 1159/1159/1159 1158/1158/1158
f 1160/1160/1160 1161/1161/1161 1159/1159/1159
f 1162/1162/1162 1161/1161/1161 1160/1160/1160
f 1162/1162/1162 1163/1163/1163 1161/1161/1161
f 1164/1164/1164 1163/1163/1163 1162/1162/1162
f 1164/1164/1164 1165/1165/1165 1163/1163/1163
f 1166/1166/1166 1165/1165/1165 1164/1164/1164
f 1166/1166/1166 1167/1167/1167 1165/1165/1165
f 1168/1168/1168 1167/1167/1167 1166/1166/1166
f 1168/1168/1168 1169/1169/1169 1167/1167/1167
f 1170/1170/1170 1169/1169/1169 1168/1168/1168
f 1171/1171/1171 1169/1169/1169 1170/1170/1170
f 1172/1172/1172 1169/1169/1169 1171/1171/1171
f 1172/1172/1172 1173/1173/1173 1169/1169/1169
f 1174/1174/1174 1173/1173/1173 1172/1172/1172
f 1176/1176/1176 1174/1174/1174 1175/1175/1175
f 1173/1173/1173 1174/1174/1174 1176/1176/1176
f 1179/1179/1179 1178/1178/1178 1177/1177/1177
f 1180/1180/1180 1178/1178/1178 1179/1179/1179
f 1182/1182/1182 1180/1180/1180 1181/1181/1181
f 1178/1178/1178 1180/1180/1180 1182/1182/1182
f 1184/1184/1184 1181/1181/1181 1183/1183/1183
f 1182/1182/1182 1181/1181/1181 1184/1184/1184
f 1184/1184/1184 1183/1183/1183 1185/1185/1185
f 1184/1184/1184 1185/1185/1185 1186/1186/1186
f 1188/1188/1188 1186/1186/1186 1187/1187/1187
f 1184/1184/1184 1186/1186/1186 1188/1188/1188
f 1191/1191/1191 1190/1190/1190 1189/1189/1189
f 1192/1192/1192 1190/1190/1190 1191/1191/1191
f 1194/1194/1194 1189/1189/1189 1193/1193/1193
f 1191/1191/1191 1189/1189/1189 1194/1194/1194
f 1196/1196/1196 1177/1177/1177 1195/1195/1195
f 1179/1179/1179 1177/1177/1177 1196/1196/1196
f 1196/1196/1196 1195/1195/1195 1197/1197/1197
f 1199/1199/1199 1195/1195/1195 1198/1198/1198
f 1197/1197/1197 1195/1195/1195 1199/1199/1199
f 1201/1201/1201 1198/1198/1198 1200/1200/1200
f 1199/1199/1199 1198/1198/1198 1201/1201/1201
f 1203/1203/1203 1200/1200/1200 1202/1202/1202
f 1201/1201/1201 1200/1200/1200 1203/1203/1203
f 1205/1205/1205 1202/1202/1202 1204/1204/1204
f 1203/1203/1203 1202/1202/1202 1205/1205/1205
f 1207/1207/1207 1204/1204/1204 1206/1206/1206
f 1205/1205/1205 1204/1204/1204 1207/1207/1207
f 1207/1207/1207 1206/1206/1206 1208/1208/1208
f 1208/1208/1208 1206/1206/1206 1209/1209/1209
f 1211/1211/1211 1206/1206/1206 1210/1210/1210
f 1209/1209/1209 1206/1206/1206 1211/1211/1211
f 1214/1214/1214 1213/1213/1213 1212/1212/1212
f 1217/1217/1217 1216/1216/1216 1215/1215/1215
f 1218/1218/1218 1216/1216/1216 1217/1217/1217
f 1218/1218/1218 1219/1219/1219 1216/1216/1216
f 1220/1220/1220 1219/1219/1219 1218/1218/1218
f 1223/1223/1223 1222/1222/1222 1221/1221/1221
f 1224/1224/1224 1222/1222/1222 1223/1223/1223
f 1224/1224/1224 1225/1225/1225 1222/1222/1222
f 1226/1226/1226 1225/1225/1225 1224/1224/1224
f 1229/1229/1229 1228/1228/1228 1227/1227/1227
f 1230/1230/1230 1228/1228/1228 1229/1229/1229
f 1232/1232/1232 1215/1215/1215 1231/1231/1231
f 1217/1217/1217 1215/1215/1215 1232/1232/1232
f 1235/1235/1235 1234/1234/1234 1233/1233/1233
f 1238/1238/1238 1237/1237/1237 1236/1236/1236
f 1241/1241/1241 1240/1240/1240 1239/1239/1239
f 1244/1244/1244 1243/1243/1243 1242/1242/1242
f 1245/1245/1245 1194/1194/1194 1193/1193/1193
f 1248/1248/1248 1247/1247/1247 1246/1246/1246
f 1246/1246/1246 1247/1247/1247 1249/1249/1249
f 1252/1252/1252 1251/1251/1251 1250/1250/1250
usemtl Exterior
f 1255/1255/1255 1254/1254/1254 1253/1253/1253
f 1256/1256/1256 1254/1254/1254 1255/1255/1255
f 1259/1259/1259 1258/1258/1258 1257/1257/1257
f 1260/1260/1260 1258/1258/1258 1259/1259/1259
f 1263/1263/1263 1262/1262/1262 1261/1261/1261
f 1264/1264/1264 1262/1262/1262 1263/1263/1263
f 1266/1266/1266 1261/1261/1261 1265/1265/1265
f 1263/1263/1263 1261/1261/1261 1266/1266/1266
f 1268/1268/1268 1265/1265/1265 1267/1267/1267
f 1266/1266/1266 1265/1265/1265 1268/1268/1268
f 1270/1270/1270 1267/1267/1267 1269/1269/1269
f 1268/1268/1268 1267/1267/1267 1270/1270/1270
f 1272/1272/1272 1269/1269/1269 1271/1271/1271
f 1270/1270/1270 1269/1269/1269 1272/1272/1272
f 1274/1274/1274 1271/1271/1271 1273/1273/1273
f 1272/1272/1272 1271/1271/1271 1274/1274/1274
f 1277/1277/1277 1276/1276/1276 1275/1275/1275
f 1278/1278/1278 1276/1276/1276 1277/1277/1277
f 1278/1278/1278 1279/1279/1279 1276/1276/1276
f 1280/1280/1280 1279/1279/1279 1278/1278/1278
f 1280/1280/1280 1281/1281/1281 1279/1279/1279
f 1282/1282/1282 1281/1281/1281 1280/1280/1280
f 1282/1282/1282 1283/1283/1283 1281/1281/1281
f 1284/1284/1284 1283/1283/1283 1282/1282/1282
f 1284/1284/1284 1285/1285/1285 1283/1283/1283
f 1286/1286/1286 1285/1285/1285 1284/1284/1284
f 1286/1286/1286 1287/1287/1287 1285/1285/1285
f 1288/1288/1288 1287/1287/1287 1286/1286/1286
f 1290/1290/1290 1275/1275/1275 1289/1289/1289
f 1277/1277/1277 1275/1275/1275 1290/1290/1290
f 1288/1288/1288 1291/1291/1291 1287/1287/1287
f 1292/1292/1292 1291/1291/1291 1288/1288/1288
f 1292/1292/1292 1293/1293/1293 1291/1291/1291
f 1294/1294/1294 1293/1293/1293 1292/1292/1292
f 1297/1297/1297 1296/1296/1296 1295/1295/1295
f 1298/1298/1298 1296/1296/1296 1297/1297/1297
f 1294/1294/1294 1253/1253/1253 1293/1293/1293
f 1255/1255/1255 1253/1253/1253 1294/1294/1294
f 1297/1297/1297 1273/1273/1273 1299/1299/1299
f 1274/1274/1274 1273/1273/1273 1297/1297/1297
f 1254/1254/1254 1299/1299/1299 1253/1253/1253
f 1297/1297/1297 1299/1299/1299 1254/1254/1254
f 1302/1302/1302 1301/1301/1301 1300/1300/1300
f 1303/1303/1303 1301/1301/1301 1302/1302/1302
f 1306/1306/1306 1305/1305/1305 1304/1304/1304
f 1307/1307/1307 1305/1305/1305 1306/1306/1306
f 1269/1269/1269 1273/1273/1273 1271/1271/1271
f 1267/1267/1267 1273/1273/1273 1269/1269/1269
f 1265/1265/1265 1273/1273/1273 1267/1267/1267
f 1261/1261/1261 1273/1273/1273 1265/1265/1265
f 1262/1262/1262 1273/1273/1273 1261/1261/1261
f 1289/1289/1289 1273/1273/1273 1262/1262/1262
f 1309/1309/1309 1300/1300/1300 1308/1308/1308
f 1302/1302/1302 1300/1300/1300 1309/1309/1309
f 1307/1307/1307 1310/1310/1310 1305/1305/1305
f 1311/1311/1311 1310/1310/1310 1307/1307/1307
f 1313/1313/1313 1295/1295/1295 1312/1312/1312
f 1297/1297/1297 1295/1295/1295 1313/1313/1313
f 1315/1315/1315 1308/1308/1308 1314/1314/1314
f 1309/1309/1309 1308/1308/1308 1315/1315/1315
f 1311/1311/1311 1316/1316/1316 1310/1310/1310
f 1317/1317/1317 1316/1316/1316 1311/1311/1311
f 1319/1319/1319 1314/1314/1314 1318/1318/1318
f 1315/1315/1315 1314/1314/1314 1319/1319/1319
f 1317/1317/1317 1320/1320/1320 1316/1316/1316
f 1321/1321/1321 1320/1320/1320 1317/1317/1317
f 1323/1323/1323 1257/1257/1257 1322/1322/1322
f 1259/1259/1259 1257/1257/1257 1323/1323/1323
f 1321/1321/1321 1312/1312/1312 1320/1320/1320
f 1313/1313/1313 1312/1312/1312 1321/1321/1321
f 1325/1325/1325 1318/1318/1318 1324/1324/1324
f 1319/1319/1319 1318/1318/1318 1325/1325/1325
f 1327/1327/1327 1322/1322/1322 1326/1326/1326
f 1323/1323/1323 1322/1322/1322 1327/1327/1327
f 1328/1328/1328 1289/1289/1289 1262/1262/1262
f 1290/1290/1290 1289/1289/1289 1328/1328/1328
f 1330/1330/1330 1324/1324/1324 1329/1329/1329
f 1325/1325/1325 1324/1324/1324 1330/1330/1330
f 1303/1303/1303 1326/1326/1326 1301/1301/1301
f 1327/1327/1327 1326/1326/1326 1303/1303/1303
f 1332/1332/1332 1329/1329/1329 1331/1331/1331
f 1330/1330/1330 1329/1329/1329 1332/1332/1332
f 1264/1264/1264 1328/1328/1328 1262/1262/1262
f 1333/1333/1333 1328/1328/1328 1264/1264/1264
f 1334/1334/1334 1296/1296/1296 1298/1298/1298
f 1335/1335/1335 1296/1296/1296 1334/1334/1334
f 1331/1331/1331 1334/1334/1334 1332/1332/1332
f 1335/1335/1335 1334/1334/1334 1331/1331/1331
f 1336/1336/1336 1258/1258/1258 1260/1260/1260
f 1337/1337/1337 1258/1258/1258 1336/1336/1336
f 1339/1339/1339 1336/1336/1336 1338/1338/1338
f 1337/1337/1337 1336/1336/1336 1339/1339/1339
f 1338/1338/1338 1304/1304/1304 1339/1339/1339
f 1306/1306/1306 1304/1304/1304 1338/1338/1338
f 1289/1289/1289 1299/1299/1299 1273/1273/1273
f 1275/1275/1275 1299/1299/1299 1289/1289/1289
f 1275/1275/1275 1253/1253/1253 1299/1299/1299
f 1276/1276/1276 1253/1253/1253 1275/1275/1275
f 1279/1279/1279 1253/1253/1253 1276/1276/1276
f 1281/1281/1281 1253/1253/1253 1279/1279/1279
f 1283/1283/1283 1253/1253/1253 1281/1281/1281
f 1285/1285/1285 1253/1253/1253 1283/1283/1283
f 1287/1287/1287 1253/1253/1253 1285/1285/1285
f 1291/1291/1291 1253/1253/1253 1287/1287/1287
f 1293/1293/1293 1253/1253/1253 1291/1291/1291
f 1342/1342/1342 1341/1341/1341 1340/1340/1340
f 1343/1343/1343 1341/1341/1341 1342/1342/1342
f 1346/1346/1346 1345/1345/1345 1344/1344/1344
f 1347/1347/1347 1345/1345/1345 1346/1346/1346
f 1348/1348/1348 1346/1346/1346 1344/1344/1344
f 1349/1349/1349 1346/1346/1346 1348/1348/1348
f 1352/1352/1352 1351/1351/1351 1350/1350/1350
f 1353/1353/1353 1351/1351/1351 1352/1352/1352
f 1355/1355/1355 1350/1350/1350 1354/1354/1354
f 1352/1352/1352 1350/1350/1350 1355/1355/1355
f 1357/1357/1357 1354/1354/1354 1356/1356/1356
f 1355/1355/1355 1354/1354/1354 1357/1357/1357
f 1359/1359/1359 1356/1356/1356 1358/1358/1358
f 1357/1357/1357 1356/1356/1356 1359/1359/1359
f 1361/1361/1361 1358/1358/1358 1360/1360/1360
f 1359/1359/1359 1358/1358/1358 1361/1361/1361
f 1364/1364/1364 1363/1363/1363 1362/1362/1362
f 1365/1365/1365 1363/1363/1363 1364/1364/1364
f 1362/1362/1362 1367/1367/1367 1366/1366/1366
f 1363/1363/1363 1367/1367/1367 1362/1362/1362
f 1366/1366/1366 1369/1369/1369 1368/1368/1368
f 1367/1367/1367 1369/1369/1369 1366/1366/1366
f 1369/1369/1369 1370/1370/1370 1368/1368/1368
f 1371/1371/1371 1370/1370/1370 1369/1369/1369
f 1372/1372/1372 1368/1368/1368 1370/1370/1370
f 1373/1373/1373 1368/1368/1368 1372/1372/1372
f 1373/1373/1373 1366/1366/1366 1368/1368/1368
f 1374/1374/1374 1366/1366/1366 1373/1373/1373
f 1374/1374/1374 1362/1362/1362 1366/1366/1366
f 1375/1375/1375 1362/1362/1362 1374/1374/1374
f 1375/1375/1375 1364/1364/1364 1362/1362/1362
f 1376/1376/1376 1364/1364/1364 1375/1375/1375
f 1376/1376/1376 1344/1344/1344 1364/1364/1364
f 1348/1348/1348 1344/1344/1344 1376/1376/1376
f 1340/1340/1340 1377/1377/1377 1342/1342/1342
f 1378/1378/1378 1377/1377/1377 1340/1340/1340
f 1364/1364/1364 1345/1345/1345 1365/1365/1365
f 1344/1344/1344 1345/1345/1345 1364/1364/1364
f 1378/1378/1378 1379/1379/1379 1377/1377/1377
f 1380/1380/1380 1379/1379/1379 1378/1378/1378
f 1380/1380/1380 1381/1381/1381 1379/1379/1379
f 1382/1382/1382 1381/1381/1381 1380/1380/1380
f 1382/1382/1382 1383/1383/1383 1381/1381/1381
f 1384/1384/1384 1383/1383/1383 1382/1382/1382
f 1387/1387/1387 1386/1386/1386 1385/1385/1385
f 1388/1388/1388 1386/1386/1386 1387/1387/1387
f 1391/1391/1391 1390/1390/1390 1389/1389/1389
f 1392/1392/1392 1390/1390/1390 1391/1391/1391
f 1395/1395/1395 1394/1394/1394 1393/1393/1393
f 1396/1396/1396 1394/1394/1394 1395/1395/1395
f 1397/1397/1397 1351/1351/1351 1353/1353/1353
f 1398/1398/1398 1351/1351/1351 1397/1397/1397
f 1401/1401/1401 1400/1400/1400 1399/1399/1399
f 1402/1402/1402 1400/1400/1400 1401/1401/1401
f 1405/1405/1405 1404/1404/1404 1403/1403/1403
f 1406/1406/1406 1404/1404/1404 1405/1405/1405
f 1408/1408/1408 1405/1405/1405 1407/1407/1407
f 1406/1406/1406 1405/1405/1405 1408/1408/1408
f 1407/1407/1407 1409/1409/1409 1408/1408/1408
f 1410/1410/1410 1409/1409/1409 1407/1407/1407
f 1410/1410/1410 1411/1411/1411 1409/1409/1409
f 1412/1412/1412 1411/1411/1411 1410/1410/1410
f 1412/1412/1412 1401/1401/1401 1411/1411/1411
f 1402/1402/1402 1401/1401/1401 1412/1412/1412
f 1413/1413/1413 1383/1383/1383 1384/1384/1384
f 1414/1414/1414 1383/1383/1383 1413/1413/1413
f 1417/1417/1417 1416/1416/1416 1415/1415/1415
f 1420/1420/1420 1419/1419/1419 1418/1418/1418
f 1421/1421/1421 1419/1419/1419 1420/1420/1420
f 1423/1423/1423 1395/1395/1395 1422/1422/1422
f 1396/1396/1396 1395/1395/1395 1423/1423/1423
f 1426/1426/1426 1425/1425/1425 1424/1424/1424
f 1427/1427/1427 1425/1425/1425 1426/1426/1426
f 1360/1360/1360 1428/1428/1428 1361/1361/1361
f 1429/1429/1429 1428/1428/1428 1360/1360/1360
f 1387/1387/1387 1413/1413/1413 1388/1388/1388
f 1414/1414/1414 1413/1413/1413 1387/1387/1387
f 1372/1372/1372 1431/1431/1431 1430/1430/1430
f 1432/1432/1432 1431/1431/1431 1372/1372/1372
f 1370/1370/1370 1432/1432/1432 1372/1372/1372
f 1392/1392/1392 1432/1432/1432 1370/1370/1370
f 1433/1433/1433 1428/1428/1428 1429/1429/1429
f 1434/1434/1434 1428/1428/1428 1433/1433/1433
f 1391/1391/1391 1432/1432/1432 1392/1392/1392
f 1435/1435/1435 1432/1432/1432 1391/1391/1391
f 1432/1432/1432 1436/1436/1436 1431/1431/1431
f 1435/1435/1435 1436/1436/1436 1432/1432/1432
f 1370/1370/1370 1390/1390/1390 1392/1392/1392
f 1371/1371/1371 1390/1390/1390 1370/1370/1370
f 1439/1439/1439 1438/1438/1438 1437/1437/1437
f 1440/1440/1440 1438/1438/1438 1439/1439/1439
f 1443/1443/1443 1442/1442/1442 1441/1441/1441
f 1446/1446/1446 1445/1445/1445 1444/1444/1444
f 1449/1449/1449 1448/1448/1448 1447/1447/1447
f 1450/1450/1450 1448/1448/1448 1449/1449/1449
f 1453/1453/1453 1452/1452/1452 1451/1451/1451
f 1454/1454/1454 1452/1452/1452 1453/1453/1453
f 1457/1457/1457 1456/1456/1456 1455/1455/1455
f 1458/1458/1458 1456/1456/1456 1457/1457/1457
f 1461/1461/1461 1460/1460/1460 1459/1459/1459
f 1462/1462/1462 1460/1460/1460 1461/1461/1461
f 1465/1465/1465 1464/1464/1464 1463/1463/1463
f 1466/1466/1466 1464/1464/1464 1465/1465/1465
f 1469/1469/1469 1468/1468/1468 1467/1467/1467
f 1472/1472/1472 1471/1471/1471 1470/1470/1470
f 1473/1473/1473 1471/1471/1471 1472/1472/1472
f 1476/1476/1476 1475/1475/1475 1474/1474/1474
f 1477/1477/1477 1475/1475/1475 1476/1476/1476
f 1480/1480/1480 1479/1479/1479 1478/1478/1478
f 1481/1481/1481 1479/1479/1479 1480/1480/1480
f 1484/1484/1484 1483/1483/1483 1482/1482/1482
f 1485/1485/1485 1483/1483/1483 1484/1484/1484
f 1488/1488/1488 1487/1487/1487 1486/1486/1486
f 1489/1489/1489 1487/1487/1487 1488/1488/1488
f 1492/1492/1492 1491/1491/1491 1490/1490/1490
f 1495/1495/1495 1494/1494/1494 1493/1493/1493
f 1496/1496/1496 1494/1494/1494 1495/1495/1495
f 1440/1440/1440 1497/1497/1497 1438/1438/1438
f 1498/1498/1498 1497/1497/1497 1440/1440/1440
f 1501/1501/1501 1500/1500/1500 1499/1499/1499
f 1502/1502/1502 1500/1500/1500 1501/1501/1501
f 1466/1466/1466 1459/1459/1459 1464/1464/1464
f 1461/1461/1461 1459/1459/1459 1466/1466/1466
f 1498/1498/1498 1503/1503/1503 1497/1497/1497
f 1504/1504/1504 1503/1503/1503 1498/1498/1498
f 1507/1507/1507 1506/1506/1506 1505/1505/1505
f 1508/1508/1508 1506/1506/1506 1507/1507/1507
f 1511/1511/1511 1510/1510/1510 1509/1509/1509
f 1512/1512/1512 1510/1510/1510 1511/1511/1511
f 1515/1515/1515 1514/1514/1514 1513/1513/1513
f 1518/1518/1518 1517/1517/1517 1516/1516/1516
f 1521/1521/1521 1520/1520/1520 1519/1519/1519
f 1524/1524/1524 1523/1523/1523 1522/1522/1522
f 1527/1527/1527 1526/1526/1526 1525/1525/1525
f 1528/1528/1528 1526/1526/1526 1527/1527/1527
f 1531/1531/1531 1530/1530/1530 1529/1529/1529
f 1534/1534/1534 1533/1533/1533 1532/1532/1532
f 1535/1535/1535 1533/1533/1533 1534/1534/1534
f 1538/1538/1538 1537/1537/1537 1536/1536/1536
f 1539/1539/1539 1537/1537/1537 1538/1538/1538
f 1542/1542/1542 1541/1541/1541 1540/1540/1540
f 1543/1543/1543 1541/1541/1541 1542/1542/1542
f 1546/1546/1546 1545/1545/1545 1544/1544/1544
f 1547/1547/1547 1545/1545/1545 1546/1546/1546
f 1549/1549/1549 1544/1544/1544 1548/1548/1548
f 1546/1546/1546 1544/1544/1544 1549/1549/1549
f 1552/1552/1552 1551/1551/1551 1550/1550/1550
f 1553/1553/1553 1551/1551/1551 1552/1552/1552
f 1556/1556/1556 1555/1555/1555 1554/1554/1554
f 1559/1559/1559 1558/1558/1558 1557/1557/1557
f 1560/1560/1560 1558/1558/1558 1559/1559/1559
f 1563/1563/1563 1562/1562/1562 1561/1561/1561
f 1566/1566/1566 1565/1565/1565 1564/1564/1564
f 1567/1567/1567 1565/1565/1565 1566/1566/1566
f 1570/1570/1570 1569/1569/1569 1568/1568/1568
f 1571/1571/1571 1569/1569/1569 1570/1570/1570
f 1574/1574/1574 1573/1573/1573 1572/1572/1572
f 1575/1575/1575 1573/1573/1573 1574/1574/1574
f 1578/1578/1578 1577/1577/1577 1576/1576/1576
f 1579/1579/1579 1577/1577/1577 1578/1578/1578
f 1582/1582/1582 1581/1581/1581 1580/1580/1580
f 1583/1583/1583 1581/1581/1581 1582/1582/1582
f 1586/1586/1586 1585/1585/1585 1584/1584/1584
f 1587/1587/1587 1585/1585/1585 1586/1586/1586
f 1590/1590/1590 1589/1589/1589 1588/1588/1588
f 1591/1591/1591 1589/1589/1589 1590/1590/1590
f 1594/1594/1594 1593/1593/1593 1592/1592/1592
f 1595/1595/1595 1593/1593/1593 1594/1594/1594
f 1596/1596/1596 1587/1587/1587 1586/1586/1586
f 1597/1597/1597 1587/1587/1587 1596/1596/1596
f 1600/1600/1600 1599/1599/1599 1598/1598/1598
f 1601/1601/1601 1599/1599/1599 1600/1600/1600
f 1604/1604/1604 1603/1603/1603 1602/1602/1602
f 1605/1605/1605 1603/1603/1603 1604/1604/1604
f 1608/1608/1608 1607/1607/1607 1606/1606/1606
f 1609/1609/1609 1607/1607/1607 1608/1608/1608
f 1612/1612/1612 1611/1611/1611 1610/1610/1610
f 1613/1613/1613 1611/1611/1611 1612/1612/1612
f 1610/1610/1610 1615/1615/1615 1614/1614/1614
f 1611/1611/1611 1615/1615/1615 1610/1610/1610
f 1614/1614/1614 1617/1617/1617 1616/1616/1616
f 1615/1615/1615 1617/1617/1617 1614/1614/1614
f 1620/1620/1620 1619/1619/1619 1618/1618/1618
f 1621/1621/1621 1619/1619/1619 1620/1620/1620
f 1624/1624/1624 1623/1623/1623 1622/1622/1622
f 1625/1625/1625 1623/1623/1623 1624/1624/1624
f 1625/1625/1625 1626/1626/1626 1623/1623/1623
f 1627/1627/1627 1626/1626/1626 1625/1625/1625
f 1627/1627/1627 1628/1628/1628 1626/1626/1626
f 1629/1629/1629 1628/1628/1628 1627/1627/1627
f 1629/1629/1629 1630/1630/1630 1628/1628/1628
f 1631/1631/1631 1630/1630/1630 1629/1629/1629
f 1631/1631/1631 1632/1632/1632 1630/1630/1630
f 1633/1633/1633 1632/1632/1632 1631/1631/1631
f 1624/1624/1624 1622/1622/1622 1634/1634/1634
f 1637/1637/1637 1636/1636/1636 1635/1635/1635
f 1638/1638/1638 1636/1636/1636 1637/1637/1637
f 1633/1633/1633 1639/1639/1639 1632/1632/1632
f 1642/1642/1642 1641/1641/1641 1640/1640/1640
f 1645/1645/1645 1644/1644/1644 1643/1643/1643
f 1648/1648/1648 1647/1647/1647 1646/1646/1646
f 1651/1651/1651 1650/1650/1650 1649/1649/1649
f 1652/1652/1652 1650/1650/1650 1651/1651/1651
f 1655/1655/1655 1654/1654/1654 1653/1653/1653
f 1656/1656/1656 1654/1654/1654 1655/1655/1655
f 1659/1659/1659 1658/1658/1658 1657/1657/1657
f 1660/1660/1660 1658/1658/1658 1659/1659/1659
f 1663/1663/1663 1662/1662/1662 1661/1661/1661
f 1664/1664/1664 1662/1662/1662 1663/1663/1663
f 1667/1667/1667 1666/1666/1666 1665/1665/1665
f 1668/1668/1668 1666/1666/1666 1667/1667/1667
f 1671/1671/1671 1670/1670/1670 1669/1669/1669
f 1672/1672/1672 1670/1670/1670 1671/1671/1671
f 1675/1675/1675 1674/1674/1674 1673/1673/1673
f 1676/1676/1676 1674/1674/1674 1675/1675/1675
f 1679/1679/1679 1678/1678/1678 1677/1677/1677
f 1680/1680/1680 1678/1678/1678 1679/1679/1679
f 1676/1676/1676 1681/1681/1681 1674/1674/1674
f 1682/1682/1682 1681/1681/1681 1676/1676/1676
f 1682/1682/1682 1683/1683/1683 1681/1681/1681
f 1684/1684/1684 1683/1683/1683 1682/1682/1682
f 1686/1686/1686 1677/1677/1677 1685/1685/1685
f 1679/1679/1679 1677/1677/1677 1686/1686/1686
f 1684/1684/1684 1685/1685/1685 1683/1683/1683
f 1686/1686/1686 1685/1685/1685 1684/1684/1684
f 1689/1689/1689 1688/1688/1688 1687/1687/1687
f 1690/1690/1690 1688/1688/1688 1689/1689/1689
f 1693/1693/1693 1692/1692/1692 1691/1691/1691
f 1694/1694/1694 1692/1692/1692 1693/1693/1693
f 1690/1690/1690 1695/1695/1695 1688/1688/1688
f 1696/1696/1696 1695/1695/1695 1690/1690/1690
f 1696/1696/1696 1697/1697/1697 1695/1695/1695
f 1698/1698/1698 1697/1697/1697 1696/1696/1696
f 1700/1700/1700 1691/1691/1691 1699/1699/1699
f 1693/1693/1693 1691/1691/1691 1700/1700/1700
f 1698/1698/1698 1699/1699/1699 1697/1697/1697
f 1700/1700/1700 1699/1699/1699 1698/1698/1698
f 1703/1703/1703 1702/1702/1702 1701/1701/1701
f 1704/1704/1704 1702/1702/1702 1703/1703/1703
f 1707/1707/1707 1706/1706/1706 1705/1705/1705
f 1708/1708/1708 1706/1706/1706 1707/1707/1707
f 1711/1711/1711 1710/1710/1710 1709/1709/1709
f 1712/1712/1712 1710/1710/1710 1711/1711/1711
f 1715/1715/1715 1714/1714/1714 1713/1713/1713
f 1716/1716/1716 1714/1714/1714 1715/1715/1715
f 1719/1719/1719 1718/1718/1718 1717/1717/1717
f 1720/1720/1720 1718/1718/1718 1719/1719/1719
f 1723/1723/1723 1722/1722/1722 1721/1721/1721
f 1726/1726/1726 1725/1725/1725 1724/1724/1724
f 1727/1727/1727 1725/1725/1725 1726/1726/1726
f 1730/1730/1730 1729/1729/1729 1728/1728/1728
f 1733/1733/1733 1732/1732/1732 1731/1731/1731
f 1729/1729/1729 1733/1733/1733 1731/1731/1731
f 1734/1734/1734 1730/1730/1730 1728/1728/1728
f 1735/1735/1735 1730/1730/1730 1734/1734/1734
f 1738/1738/1738 1737/1737/1737 1736/1736/1736
f 1739/1739/1739 1737/1737/1737 1738/1738/1738
f 1742/1742/1742 1741/1741/1741 1740/1740/1740
f 1743/1743/1743 1741/1741/1741 1742/1742/1742
f 1745/1745/1745 1740/1740/1740 1744/1744/1744
f 1742/1742/1742 1740/1740/1740 1745/1745/1745
f 1748/1748/1748 1747/1747/1747 1746/1746/1746
f 1749/1749/1749 1747/1747/1747 1748/1748/1748
f 1743/1743/1743 1736/1736/1736 1741/1741/1741
f 1738/1738/1738 1736/1736/1736 1743/1743/1743
f 1751/1751/1751 1744/1744/1744 1750/1750/1750
f 1745/1745/1745 1744/1744/1744 1751/1751/1751
f 1753/1753/1753 1746/1746/1746 1752/1752/1752
f 1748/1748/1748 1746/1746/1746 1753/1753/1753
f 1755/1755/1755 1752/1752/1752 1754/1754/1754
f 1753/1753/1753 1752/1752/1752 1755/1755/1755
f 1758/1758/1758 1757/1757/1757 1756/1756/1756
f 1759/1759/1759 1757/1757/1757 1758/1758/1758
f 1739/1739/1739 1756/1756/1756 1737/1737/1737
f 1758/1758/1758 1756/1756/1756 1739/1739/1739
f 1762/1762/1762 1761/1761/1761 1760/1760/1760
f 1763/1763/1763 1761/1761/1761 1762/1762/1762
f 1766/1766/1766 1765/1765/1765 1764/1764/1764
f 1767/1767/1767 1765/1765/1765 1766/1766/1766
f 1770/1770/1770 1769/1769/1769 1768/1768/1768
f 1771/1771/1771 1769/1769/1769 1770/1770/1770
f 1770/1770/1770 1765/1765/1765 1767/1767/1767
f 1768/1768/1768 1765/1765/1765 1770/1770/1770
f 1774/1774/1774 1773/1773/1773 1772/1772/1772
f 1775/1775/1775 1773/1773/1773 1774/1774/1774
f 1778/1778/1778 1777/1777/1777 1776/1776/1776
f 1779/1779/1779 1777/1777/1777 1778/1778/1778
f 1782/1782/1782 1781/1781/1781 1780/1780/1780
f 1783/1783/1783 1781/1781/1781 1782/1782/1782
f 1780/1780/1780 1779/1779/1779 1778/1778/1778
f 1781/1781/1781 1779/1779/1779 1780/1780/1780
f 1786/1786/1786 1785/1785/1785 1784/1784/1784
f 1787/1787/1787 1785/1785/1785 1786/1786/1786
f 1790/1790/1790 1789/1789/1789 1788/1788/1788
f 1791/1791/1791 1789/1789/1789 1790/1790/1790
f 1791/1791/1791 1792/1792/1792 1789/1789/1789
f 1793/1793/1793 1792/1792/1792 1791/1791/1791
f 1796/1796/1796 1795/1795/1795 1794/1794/1794
f 1799/1799/1799 1798/1798/1798 1797/1797/1797
f 1802/1802/1802 1801/1801/1801 1800/1800/1800
f 1803/1803/1803 1801/1801/1801 1802/1802/1802
f 1806/1806/1806 1805/1805/1805 1804/1804/1804
f 1807/1807/1807 1805/1805/1805 1806/1806/1806
f 1810/1810/1810 1809/1809/1809 1808/1808/1808
f 1811/1811/1811 1809/1809/1809 1810/1810/1810
f 1814/1814/1814 1813/1813/1813 1812/1812/1812
f 1815/1815/1815 1813/1813/1813 1814/1814/1814
f 1818/1818/1818 1817/1817/1817 1816/1816/1816
f 1821/1821/1821 1820/1820/1820 1819/1819/1819
f 1796/1796/1796 1822/1822/1822 1795/1795/1795
f 1825/1825/1825 1824/1824/1824 1823/1823/1823
f 1828/1828/1828 1827/1827/1827 1826/1826/1826
f 1829/1829/1829 1827/1827/1827 1828/1828/1828
f 1832/1832/1832 1831/1831/1831 1830/1830/1830
f 1833/1833/1833 1831/1831/1831 1832/1832/1832
f 1836/1836/1836 1835/1835/1835 1834/1834/1834
f 1839/1839/1839 1838/1838/1838 1837/1837/1837
f 1822/1822/1822 1796/1796/1796 1840/1840/1840
f 1843/1843/1843 1842/1842/1842 1841/1841/1841
f 1372/1372/1372 1430/1430/1430 1844/1844/1844
f 1847/1847/1847 1846/1846/1846 1845/1845/1845
f 1848/1848/1848 1846/1846/1846 1847/1847/1847
f 1851/1851/1851 1850/1850/1850 1849/1849/1849
f 1852/1852/1852 1850/1850/1850 1851/1851/1851
f 1855/1855/1855 1854/1854/1854 1853/1853/1853
f 1856/1856/1856 1854/1854/1854 1855/1855/1855
f 1859/1859/1859 1858/1858/1858 1857/1857/1857
f 1860/1860/1860 1858/1858/1858 1859/1859/1859
f 1863/1863/1863 1862/1862/1862 1861/1861/1861
f 1864/1864/1864 1862/1862/1862 1863/1863/1863
f 1867/1867/1867 1866/1866/1866 1865/1865/1865
f 1868/1868/1868 1866/1866/1866 1867/1867/1867
f 1871/1871/1871 1870/1870/1870 1869/1869/1869
f 1872/1872/1872 1870/1870/1870 1871/1871/1871
f 1875/1875/1875 1874/1874/1874 1873/1873/1873
f 1876/1876/1876 1874/1874/1874 1875/1875/1875
f 1879/1879/1879 1878/1878/1878 1877/1877/1877
f 1880/1880/1880 1878/1878/1878 1879/1879/1879
f 1861/1861/1861 1882/1882/1882 1881/1881/1881
f 1862/1862/1862 1882/1882/1882 1861/1861/1861
f 1864/1864/1864 1884/1884/1884 1883/1883/1883
f 1863/1863/1863 1884/1884/1884 1864/1864/1864
f 1887/1887/1887 1886/1886/1886 1885/1885/1885
f 1888/1888/1888 1886/1886/1886 1887/1887/1887
f 1891/1891/1891 1890/1890/1890 1889/1889/1889
f 1892/1892/1892 1890/1890/1890 1891/1891/1891
f 1895/1895/1895 1894/1894/1894 1893/1893/1893
f 1896/1896/1896 1894/1894/1894 1895/1895/1895
f 1899/1899/1899 1898/1898/1898 1897/1897/1897
f 1900/1900/1900 1898/1898/1898 1899/1899/1899
f 1903/1903/1903 1902/1902/1902 1901/1901/1901
f 1906/1906/1906 1905/1905/1905 1904/1904/1904
f 1907/1907/1907 1905/1905/1905 1906/1906/1906
f 1890/1890/1890 1905/1905/1905 1907/1907/1907
f 1892/1892/1892 1905/1905/1905 1890/1890/1890
f 1908/1908/1908 1902/1902/1902 1903/1903/1903
f 1909/1909/1909 1902/1902/1902 1908/1908/1908
f 1912/1912/1912 1911/1911/1911 1910/1910/1910
f 1913/1913/1913 1911/1911/1911 1912/1912/1912
f 1916/1916/1916 1915/1915/1915 1914/1914/1914
f 1917/1917/1917 1915/1915/1915 1916/1916/1916
f 1918/1918/1918 1910/1910/1910 1911/1911/1911
f 1919/1919/1919 1910/1910/1910 1918/1918/1918
f 1919/1919/1919 1917/1917/1917 1910/1910/1910
f 1920/1920/1920 1917/1917/1917 1919/1919/1919
f 1921/1921/1921 1920/1920/1920 1919/1919/1919
f 1922/1922/1922 1920/1920/1920 1921/1921/1921
f 1923/1923/1923 1919/1919/1919 1918/1918/1918
f 1921/1921/1921 1919/1919/1919 1923/1923/1923
f 1924/1924/1924 1921/1921/1921 1923/1923/1923
f 1925/1925/1925 1921/1921/1921 1924/1924/1924
f 1925/1925/1925 1927/1927/1927 1926/1926/1926
f 1924/1924/1924 1927/1927/1927 1925/1925/1925
f 1928/1928/1928 1926/1926/1926 1927/1927/1927
f 1929/1929/1929 1926/1926/1926 1928/1928/1928
f 1931/1931/1931 1930/1930/1930 1922/1922/1922
f 1932/1932/1932 1930/1930/1930 1931/1931/1931
f 1931/1931/1931 1921/1921/1921 1925/1925/1925
f 1922/1922/1922 1921/1921/1921 1931/1931/1931
f 1931/1931/1931 1926/1926/1926 1933/1933/1933
f 1925/1925/1925 1926/1926/1926 1931/1931/1931
f 1929/1929/1929 1934/1934/1934 1933/1933/1933
f 1935/1935/1935 1934/1934/1934 1929/1929/1929
f 1938/1938/1938 1937/1937/1937 1936/1936/1936
f 1939/1939/1939 1937/1937/1937 1938/1938/1938
f 1940/1940/1940 1937/1937/1937 1939/1939/1939
f 1941/1941/1941 1937/1937/1937 1940/1940/1940
f 1942/1942/1942 1941/1941/1941 1940/1940/1940
f 1943/1943/1943 1941/1941/1941 1942/1942/1942
f 1944/1944/1944 1943/1943/1943 1942/1942/1942
f 1945/1945/1945 1943/1943/1943 1944/1944/1944
f 1945/1945/1945 1947/1947/1947 1946/1946/1946
f 1944/1944/1944 1947/1947/1947 1945/1945/1945
f 1947/1947/1947 1948/1948/1948 1946/1946/1946
f 1949/1949/1949 1948/1948/1948 1947/1947/1947
f 1948/1948/1948 1927/1927/1927 1946/1946/1946
f 1928/1928/1928 1927/1927/1927 1948/1948/1948
f 1924/1924/1924 1946/1946/1946 1927/1927/1927
f 1945/1945/1945 1946/1946/1946 1924/1924/1924
f 1924/1924/1924 1943/1943/1943 1945/1945/1945
f 1923/1923/1923 1943/1943/1943 1924/1924/1924
f 1943/1943/1943 1918/1918/1918 1941/1941/1941
f 1923/1923/1923 1918/1918/1918 1943/1943/1943
f 1941/1941/1941 1911/1911/1911 1937/1937/1937
f 1918/1918/1918 1911/1911/1911 1941/1941/1941
f 1936/1936/1936 1911/1911/1911 1913/1913/1913
f 1937/1937/1937 1911/1911/1911 1936/1936/1936
f 1952/1952/1952 1951/1951/1951 1950/1950/1950
f 1953/1953/1953 1951/1951/1951 1952/1952/1952
f 1956/1956/1956 1955/1955/1955 1954/1954/1954
f 1957/1957/1957 1955/1955/1955 1956/1956/1956
f 1949/1949/1949 1959/1959/1959 1958/1958/1958
f 1947/1947/1947 1959/1959/1959 1949/1949/1949
f 1944/1944/1944 1959/1959/1959 1947/1947/1947
f 1960/1960/1960 1959/1959/1959 1944/1944/1944
f 1942/1942/1942 1960/1960/1960 1944/1944/1944
f 1961/1961/1961 1960/1960/1960 1942/1942/1942
f 1940/1940/1940 1961/1961/1961 1942/1942/1942
f 1962/1962/1962 1961/1961/1961 1940/1940/1940
f 1963/1963/1963 1939/1939/1939 1938/1938/1938
f 1964/1964/1964 1939/1939/1939 1963/1963/1963
f 1964/1964/1964 1940/1940/1940 1939/1939/1939
f 1962/1962/1962 1940/1940/1940 1964/1964/1964
f 1967/1967/1967 1966/1966/1966 1965/1965/1965
f 1968/1968/1968 1966/1966/1966 1967/1967/1967
f 1967/1967/1967 1970/1970/1970 1969/1969/1969
f 1965/1965/1965 1970/1970/1970 1967/1967/1967
f 1970/1970/1970 1971/1971/1971 1969/1969/1969
f 1970/1970/1970 1972/1972/1972 1971/1971/1971
f 1972/1972/1972 1964/1964/1964 1963/1963/1963
f 1970/1970/1970 1964/1964/1964 1972/1972/1972
f 1975/1975/1975 1974/1974/1974 1973/1973/1973
f 1976/1976/1976 1974/1974/1974 1975/1975/1975
f 1970/1970/1970 1962/1962/1962 1964/1964/1964
f 1970/1970/1970 1961/1961/1961 1962/1962/1962
f 1977/1977/1977 1961/1961/1961 1970/1970/1970
f 1979/1979/1979 1966/1966/1966 1978/1978/1978
f 1965/1965/1965 1966/1966/1966 1979/1979/1979
f 1982/1982/1982 1981/1981/1981 1980/1980/1980
f 1983/1983/1983 1981/1981/1981 1982/1982/1982
f 1983/1983/1983 1984/1984/1984 1981/1981/1981
f 1985/1985/1985 1984/1984/1984 1983/1983/1983
f 1977/1977/1977 1960/1960/1960 1961/1961/1961
f 1986/1986/1986 1960/1960/1960 1977/1977/1977
f 1986/1986/1986 1959/1959/1959 1960/1960/1960
f 1987/1987/1987 1959/1959/1959 1986/1986/1986
f 1987/1987/1987 1958/1958/1958 1959/1959/1959
f 1988/1988/1988 1958/1958/1958 1987/1987/1987
f 1965/1965/1965 1986/1986/1986 1977/1977/1977
f 1979/1979/1979 1986/1986/1986 1965/1965/1965
f 1980/1980/1980 1986/1986/1986 1979/1979/1979
f 1980/1980/1980 1987/1987/1987 1986/1986/1986
f 1981/1981/1981 1987/1987/1987 1980/1980/1980
f 1981/1981/1981 1988/1988/1988 1987/1987/1987
f 1989/1989/1989 1988/1988/1988 1981/1981/1981
f 1965/1965/1965 1977/1977/1977 1970/1970/1970
f 1992/1992/1992 1991/1991/1991 1990/1990/1990
f 1995/1995/1995 1994/1994/1994 1993/1993/1993
f 1996/1996/1996 1994/1994/1994 1995/1995/1995
f 1996/1996/1996 1997/1997/1997 1994/1994/1994
f 1956/1956/1956 1997/1997/1997 1996/1996/1996
f 1956/1956/1956 1998/1998/1998 1997/1997/1997
f 1954/1954/1954 1998/1998/1998 1956/1956/1956
f 1999/1999/1999 1998/1998/1998 1954/1954/1954
f 1996/1996/1996 1957/1957/1957 1956/1956/1956
f 2000/2000/2000 1957/1957/1957 1996/1996/1996
f 1995/1995/1995 2000/2000/2000 1996/1996/1996
f 2001/2001/2001 2000/2000/2000 1995/1995/1995
f 2003/2003/2003 2002/2002/2002 1976/1976/1976
f 2004/2004/2004 2002/2002/2002 2003/2003/2003
f 1975/1975/1975 2003/2003/2003 1976/1976/1976
f 2005/2005/2005 2003/2003/2003 1975/1975/1975
f 2008/2008/2008 2007/2007/2007 2006/2006/2006
f 2009/2009/2009 2007/2007/2007 2008/2008/2008
f 2012/2012/2012 2011/2011/2011 2010/2010/2010
f 2009/2009/2009 2011/2011/2011 2012/2012/2012
f 2008/2008/2008 2011/2011/2011 2009/2009/2009
f 2014/2014/2014 2010/2010/2010 2013/2013/2013
f 2012/2012/2012 2010/2010/2010 2014/2014/2014
f 2015/2015/2015 1914/1914/1914 1915/1915/1915
f 2016/2016/2016 1914/1914/1914 2015/2015/2015
f 2018/2018/2018 1915/1915/1915 2017/2017/2017
f 2015/2015/2015 1915/1915/1915 2018/2018/2018
f 1930/1930/1930 2018/2018/2018 2017/2017/2017
f 2019/2019/2019 2018/2018/2018 1930/1930/1930
f 1932/1932/1932 2019/2019/2019 1930/1930/1930
f 2020/2020/2020 2019/2019/2019 1932/1932/1932
f 1934/1934/1934 2020/2020/2020 1932/1932/1932
f 2021/2021/2021 2020/2020/2020 1934/1934/1934
f 1935/1935/1935 2021/2021/2021 1934/1934/1934
f 2022/2022/2022 2021/2021/2021 1935/1935/1935
f 1955/1955/1955 2012/2012/2012 2014/2014/2014
f 1957/1957/1957 2012/2012/2012 1955/1955/1955
f 1957/1957/1957 2009/2009/2009 2012/2012/2012
f 2000/2000/2000 2009/2009/2009 1957/1957/1957
f 2000/2000/2000 2007/2007/2007 2009/2009/2009
f 2001/2001/2001 2007/2007/2007 2000/2000/2000
f 2004/2004/2004 1950/1950/1950 2023/2023/2023
f 2003/2003/2003 1950/1950/1950 2004/2004/2004
f 2003/2003/2003 1952/1952/1952 1950/1950/1950
f 2005/2005/2005 1952/1952/1952 2003/2003/2003
f 1929/1929/1929 1933/1933/1933 1926/1926/1926
f 2017/2017/2017 1917/1917/1917 1920/1920/1920
f 1915/1915/1915 1917/1917/1917 2017/2017/2017
f 1922/1922/1922 2017/2017/2017 1920/1920/1920
f 1930/1930/1930 2017/2017/2017 1922/1922/1922
f 1934/1934/1934 1931/1931/1931 1933/1933/1933
f 1932/1932/1932 1931/1931/1931 1934/1934/1934
f 1912/1912/1912 1917/1917/1917 1916/1916/1916
f 1910/1910/1910 1917/1917/1917 1912/1912/1912
f 1999/1999/1999 2025/2025/2025 2024/2024/2024
f 1954/1954/1954 2025/2025/2025 1999/1999/1999
f 1955/1955/1955 2025/2025/2025 1954/1954/1954
f 2026/2026/2026 2025/2025/2025 1955/1955/1955
f 1955/1955/1955 2027/2027/2027 2026/2026/2026
f 2014/2014/2014 2027/2027/2027 1955/1955/1955
f 2013/2013/2013 2027/2027/2027 2014/2014/2014
f 2028/2028/2028 2027/2027/2027 2013/2013/2013
f 2031/2031/2031 2030/2030/2030 2029/2029/2029
f 2032/2032/2032 2030/2030/2030 2031/2031/2031
f 2034/2034/2034 2031/2031/2031 2033/2033/2033
f 2035/2035/2035 2031/2031/2031 2034/2034/2034
f 2036/2036/2036 2031/2031/2031 2035/2035/2035
f 2032/2032/2032 2031/2031/2031 2036/2036/2036
f 2037/2037/2037 2028/2028/2028 2013/2013/2013
f 2038/2038/2038 2028/2028/2028 2037/2037/2037
f 2029/2029/2029 2033/2033/2033 2031/2031/2031
f 2038/2038/2038 2033/2033/2033 2029/2029/2029
f 2038/2038/2038 2039/2039/2039 2033/2033/2033
f 2037/2037/2037 2039/2039/2039 2038/2038/2038
f 2013/2013/2013 2040/2040/2040 2037/2037/2037
f 2041/2041/2041 2040/2040/2040 2013/2013/2013
f 2040/2040/2040 2039/2039/2039 2037/2037/2037
f 2042/2042/2042 2039/2039/2039 2040/2040/2040
f 2043/2043/2043 2033/2033/2033 2039/2039/2039
f 2034/2034/2034 2033/2033/2033 2043/2043/2043
f 2044/2044/2044 2039/2039/2039 2042/2042/2042
f 2043/2043/2043 2039/2039/2039 2044/2044/2044
f 2045/2045/2045 2036/2036/2036 2035/2035/2035
f 2046/2046/2046 2036/2036/2036 2045/2045/2045
f 2015/2015/2015 2047/2047/2047 2016/2016/2016
f 2050/2050/2050 2049/2049/2049 2048/2048/2048
f 2051/2051/2051 2049/2049/2049 2050/2050/2050
f 2052/2052/2052 2049/2049/2049 2051/2051/2051
f 2055/2055/2055 2054/2054/2054 2053/2053/2053
f 2056/2056/2056 2054/2054/2054 2055/2055/2055
f 2057/2057/2057 2054/2054/2054 2056/2056/2056
f 2059/2059/2059 2058/2058/2058 2048/2048/2048
f 2060/2060/2060 2058/2058/2058 2059/2059/2059
f 2060/2060/2060 2061/2061/2061 2058/2058/2058
f 2062/2062/2062 2061/2061/2061 2060/2060/2060
f 2062/2062/2062 2063/2063/2063 2061/2061/2061
f 2064/2064/2064 2063/2063/2063 2062/2062/2062
f 2064/2064/2064 2065/2065/2065 2063/2063/2063
f 2066/2066/2066 2065/2065/2065 2064/2064/2064
f 2066/2066/2066 2067/2067/2067 2065/2065/2065
f 2068/2068/2068 2067/2067/2067 2066/2066/2066
f 2068/2068/2068 2069/2069/2069 2067/2067/2067
f 2070/2070/2070 2069/2069/2069 2068/2068/2068
f 2070/2070/2070 2071/2071/2071 2069/2069/2069
f 2072/2072/2072 2071/2071/2071 2070/2070/2070
f 2075/2075/2075 2074/2074/2074 2073/2073/2073
f 2076/2076/2076 2074/2074/2074 2075/2075/2075
f 2077/2077/2077 2051/2051/2051 2050/2050/2050
f 2078/2078/2078 2051/2051/2051 2077/2077/2077
f 2079/2079/2079 2078/2078/2078 2077/2077/2077
f 2080/2080/2080 2078/2078/2078 2079/2079/2079
f 2081/2081/2081 2078/2078/2078 2080/2080/2080
f 2082/2082/2082 2081/2081/2081 2080/2080/2080
f 2083/2083/2083 2081/2081/2081 2082/2082/2082
f 2085/2085/2085 2083/2083/2083 2084/2084/2084
f 2086/2086/2086 2084/2084/2084 2083/2083/2083
f 2086/2086/2086 2082/2082/2082 2087/2087/2087
f 2083/2083/2083 2082/2082/2082 2086/2086/2086
f 2075/2075/2075 2073/2073/2073 2088/2088/2088
f 2088/2088/2088 2084/2084/2084 2086/2086/2086
f 2089/2089/2089 2084/2084/2084 2088/2088/2088
f 2090/2090/2090 2088/2088/2088 2073/2073/2073
f 2089/2089/2089 2088/2088/2088 2090/2090/2090
f 2085/2085/2085 2008/2008/2008 2091/2091/2091
f 2084/2084/2084 2008/2008/2008 2085/2085/2085
f 2006/2006/2006 2091/2091/2091 2008/2008/2008
f 2084/2084/2084 2011/2011/2011 2008/2008/2008
f 2089/2089/2089 2011/2011/2011 2084/2084/2084
f 2010/2010/2010 2011/2011/2011 2089/2089/2089
f 2088/2088/2088 2087/2087/2087 2075/2075/2075
f 2086/2086/2086 2087/2087/2087 2088/2088/2088
f 2089/2089/2089 2092/2092/2092 2010/2010/2010
f 2090/2090/2090 2092/2092/2092 2089/2089/2089
f 2093/2093/2093 2060/2060/2060 2059/2059/2059
f 2094/2094/2094 2060/2060/2060 2093/2093/2093
f 2053/2053/2053 2094/2094/2094 2093/2093/2093
f 2054/2054/2054 2094/2094/2094 2053/2053/2053
f 2094/2094/2094 2062/2062/2062 2060/2060/2060
f 2095/2095/2095 2062/2062/2062 2094/2094/2094
f 2095/2095/2095 2064/2064/2064 2062/2062/2062
f 2096/2096/2096 2068/2068/2068 2066/2066/2066
f 2097/2097/2097 2068/2068/2068 2096/2096/2096
f 2095/2095/2095 2066/2066/2066 2064/2064/2064
f 2096/2096/2096 2066/2066/2066 2095/2095/2095
f 2068/2068/2068 2098/2098/2098 2070/2070/2070
f 2097/2097/2097 2098/2098/2098 2068/2068/2068
f 2100/2100/2100 2098/2098/2098 2099/2099/2099
f 2101/2101/2101 2098/2098/2098 2100/2100/2100
f 2104/2104/2104 2103/2103/2103 2102/2102/2102
f 2105/2105/2105 2103/2103/2103 2104/2104/2104
f 2105/2105/2105 2099/2099/2099 2103/2103/2103
f 2100/2100/2100 2099/2099/2099 2105/2105/2105
f 2097/2097/2097 2099/2099/2099 2098/2098/2098
f 2097/2097/2097 2103/2103/2103 2099/2099/2099
f 2096/2096/2096 2103/2103/2103 2097/2097/2097
f 2103/2103/2103 2095/2095/2095 2102/2102/2102
f 2096/2096/2096 2095/2095/2095 2103/2103/2103
f 2102/2102/2102 2094/2094/2094 2054/2054/2054
f 2095/2095/2095 2094/2094/2094 2102/2102/2102
f 2108/2108/2108 2107/2107/2107 2106/2106/2106
f 2106/2106/2106 2109/2109/2109 2108/2108/2108
f 2104/2104/2104 2054/2054/2054 2057/2057/2057
f 2102/2102/2102 2054/2054/2054 2104/2104/2104
f 2106/2106/2106 2110/2110/2110 2109/2109/2109
f 2111/2111/2111 2110/2110/2110 2106/2106/2106
f 2111/2111/2111 2112/2112/2112 2110/2110/2110
f 2111/2111/2111 2113/2113/2113 2112/2112/2112
f 2074/2074/2074 2113/2113/2113 2111/2111/2111
f 2072/2072/2072 2098/2098/2098 2101/2101/2101
f 2070/2070/2070 2098/2098/2098 2072/2072/2072
f 2076/2076/2076 2113/2113/2113 2074/2074/2074
f 1951/1951/1951 2023/2023/2023 1950/1950/1950
f 2114/2114/2114 2023/2023/2023 1951/1951/1951
f 2002/2002/2002 1974/1974/1974 1976/1976/1976
f 2115/2115/2115 1974/1974/1974 2002/2002/2002
f 2023/2023/2023 2006/2006/2006 2007/2007/2007
f 2114/2114/2114 2006/2006/2006 2023/2023/2023
f 2007/2007/2007 2004/2004/2004 2023/2023/2023
f 2001/2001/2001 2004/2004/2004 2007/2007/2007
f 2002/2002/2002 2001/2001/2001 1995/1995/1995
f 2004/2004/2004 2001/2001/2001 2002/2002/2002
f 2115/2115/2115 1995/1995/1995 1993/1993/1993
f 2002/2002/2002 1995/1995/1995 2115/2115/2115
f 1979/1979/1979 1982/1982/1982 1980/1980/1980
f 1978/1978/1978 1982/1982/1982 1979/1979/1979
f 2118/2118/2118 2117/2117/2117 2116/2116/2116
f 2119/2119/2119 2117/2117/2117 2118/2118/2118
f 2120/2120/2120 2118/2118/2118 2116/2116/2116
f 2121/2121/2121 2118/2118/2118 2120/2120/2120
f 2122/2122/2122 2121/2121/2121 2120/2120/2120
f 2123/2123/2123 2121/2121/2121 2122/2122/2122
f 2124/2124/2124 2123/2123/2123 2122/2122/2122
f 2125/2125/2125 2123/2123/2123 2124/2124/2124
f 2119/2119/2119 2126/2126/2126 2117/2117/2117
f 2127/2127/2127 2126/2126/2126 2119/2119/2119
f 2127/2127/2127 2128/2128/2128 2126/2126/2126
f 2129/2129/2129 2128/2128/2128 2127/2127/2127
f 2129/2129/2129 2130/2130/2130 2128/2128/2128
f 2131/2131/2131 2130/2130/2130 2129/2129/2129
f 2134/2134/2134 2133/2133/2133 2132/2132/2132
f 2135/2135/2135 2133/2133/2133 2134/2134/2134
f 2131/2131/2131 2136/2136/2136 2130/2130/2130
f 2137/2137/2137 2136/2136/2136 2131/2131/2131
f 2136/2136/2136 2134/2134/2134 2132/2132/2132
f 2137/2137/2137 2134/2134/2134 2136/2136/2136
f 2140/2140/2140 2139/2139/2139 2138/2138/2138
f 2141/2141/2141 2139/2139/2139 2140/2140/2140
f 2141/2141/2141 2140/2140/2140 2142/2142/2142
f 2143/2143/2143 2141/2141/2141 2142/2142/2142
f 2144/2144/2144 2141/2141/2141 2143/2143/2143
f 2145/2145/2145 2144/2144/2144 2143/2143/2143
f 2146/2146/2146 2144/2144/2144 2145/2145/2145
f 2149/2149/2149 2148/2148/2148 2147/2147/2147
f 2152/2152/2152 2151/2151/2151 2150/2150/2150
f 2151/2151/2151 2125/2125/2125 2124/2124/2124
f 2152/2152/2152 2125/2125/2125 2151/2151/2151
f 2155/2155/2155 2154/2154/2154 2153/2153/2153
f 2156/2156/2156 2154/2154/2154 2155/2155/2155
f 2159/2159/2159 2158/2158/2158 2157/2157/2157
f 2162/2162/2162 2161/2161/2161 2160/2160/2160
f 2163/2163/2163 2161/2161/2161 2162/2162/2162
f 2166/2166/2166 2165/2165/2165 2164/2164/2164
f 2167/2167/2167 2165/2165/2165 2166/2166/2166
f 2169/2169/2169 2167/2167/2167 2168/2168/2168
f 2165/2165/2165 2167/2167/2167 2169/2169/2169
f 2171/2171/2171 2168/2168/2168 2170/2170/2170
f 2169/2169/2169 2168/2168/2168 2171/2171/2171
f 2173/2173/2173 2172/2172/2172 2171/2171/2171
f 2170/2170/2170 2173/2173/2173 2171/2171/2171
f 2174/2174/2174 2173/2173/2173 2170/2170/2170
f 2175/2175/2175 2174/2174/2174 2170/2170/2170
f 2178/2178/2178 2177/2177/2177 2176/2176/2176
f 2179/2179/2179 2177/2177/2177 2178/2178/2178
f 2178/2178/2178 2176/2176/2176 2180/2180/2180
f 2178/2178/2178 2180/2180/2180 2181/2181/2181
f 2178/2178/2178 2181/2181/2181 2182/2182/2182
f 2178/2178/2178 2182/2182/2182 2183/2183/2183
f 2185/2185/2185 2183/2183/2183 2184/2184/2184
f 2178/2178/2178 2183/2183/2183 2185/2185/2185
f 2185/2185/2185 2184/2184/2184 2186/2186/2186
f 2185/2185/2185 2186/2186/2186 2187/2187/2187
f 2185/2185/2185 2187/2187/2187 2188/2188/2188
f 2185/2185/2185 2188/2188/2188 2189/2189/2189
f 2185/2185/2185 2189/2189/2189 2190/2190/2190
f 2192/2192/2192 2190/2190/2190 2191/2191/2191
f 2185/2185/2185 2190/2190/2190 2192/2192/2192
f 2192/2192/2192 2191/2191/2191 2193/2193/2193
f 2194/2194/2194 2177/2177/2177 2179/2179/2179
f 2172/2172/2172 2173/2173/2173 2195/2195/2195
f 2185/2185/2185 2179/2179/2179 2178/2178/2178
f 2192/2192/2192 2179/2179/2179 2185/2185/2185
usemtl Interior
f 2198/2198/2198 2197/2197/2197 2196/2196/2196
f 2199/2199/2199 2197/2197/2197 2198/2198/2198
f 2200/2200/2200 2199/2199/2199 2198/2198/2198
f 2201/2201/2201 2199/2199/2199 2200/2200/2200
f 2200/2200/2200 2203/2203/2203 2202/2202/2202
f 2198/2198/2198 2203/2203/2203 2200/2200/2200
f 2196/2196/2196 2203/2203/2203 2198/2198/2198
f 2204/2204/2204 2203/2203/2203 2196/2196/2196
f 2206/2206/2206 2197/2197/2197 2205/2205/2205
f 2196/2196/2196 2197/2197/2197 2206/2206/2206
f 2204/2204/2204 2206/2206/2206 2207/2207/2207
f 2196/2196/2196 2206/2206/2206 2204/2204/2204
f 2208/2208/2208 2207/2207/2207 2206/2206/2206
f 2209/2209/2209 2207/2207/2207 2208/2208/2208
f 2210/2210/2210 2203/2203/2203 2204/2204/2204
f 2213/2213/2213 2212/2212/2212 2211/2211/2211
f 2211/2211/2211 2214/2214/2214 2213/2213/2213
f 2215/2215/2215 2214/2214/2214 2211/2211/2211
f 2215/2215/2215 2211/2211/2211 2216/2216/2216
f 2217/2217/2217 2215/2215/2215 2216/2216/2216
f 2218/2218/2218 2215/2215/2215 2217/2217/2217
f 2220/2220/2220 2213/2213/2213 2219/2219/2219
f 2203/2203/2203 2213/2213/2213 2220/2220/2220
f 2223/2223/2223 2222/2222/2222 2221/2221/2221
f 2224/2224/2224 2222/2222/2222 2223/2223/2223
f 2221/2221/2221 2225/2225/2225 2223/2223/2223
f 2226/2226/2226 2225/2225/2225 2221/2221/2221
f 2221/2221/2221 2222/2222/2222 2227/2227/2227
f 2227/2227/2227 2226/2226/2226 2221/2221/2221
f 2228/2228/2228 2226/2226/2226 2227/2227/2227
f 2223/2223/2223 2229/2229/2229 2224/2224/2224
f 2230/2230/2230 2229/2229/2229 2223/2223/2223
f 2230/2230/2230 2223/2223/2223 2225/2225/2225
f 2231/2231/2231 2230/2230/2230 2225/2225/2225
f 2232/2232/2232 2230/2230/2230 2231/2231/2231
f 2232/2232/2232 2234/2234/2234 2233/2233/2233
f 2215/2215/2215 2234/2234/2234 2232/2232/2232
f 2218/2218/2218 2234/2234/2234 2215/2215/2215
f 2235/2235/2235 2234/2234/2234 2218/2218/2218
f 2232/2232/2232 2231/2231/2231 2236/2236/2236
f 2215/2215/2215 2232/2232/2232 2236/2236/2236
f 2237/2237/2237 2229/2229/2229 2232/2232/2232
f 2238/2238/2238 2229/2229/2229 2237/2237/2237
f 2230/2230/2230 2232/2232/2232 2229/2229/2229
f 2215/2215/2215 2236/2236/2236 2214/2214/2214
f 2226/2226/2226 2228/2228/2228 2239/2239/2239
f 2239/2239/2239 2225/2225/2225 2226/2226/2226
f 2236/2236/2236 2225/2225/2225 2239/2239/2239
f 2231/2231/2231 2225/2225/2225 2236/2236/2236
f 2240/2240/2240 2229/2229/2229 2238/2238/2238
f 2224/2224/2224 2229/2229/2229 2240/2240/2240
f 2241/2241/2241 2224/2224/2224 2240/2240/2240
f 2242/2242/2242 2224/2224/2224 2241/2241/2241
f 2222/2222/2222 2242/2242/2242 2243/2243/2243
f 2224/2224/2224 2242/2242/2242 2222/2222/2222
f 2245/2245/2245 2242/2242/2242 2244/2244/2244
f 2243/2243/2243 2242/2242/2242 2245/2245/2245
f 2243/2243/2243 2227/2227/2227 2222/2222/2222
f 2246/2246/2246 2227/2227/2227 2243/2243/2243
f 2246/2246/2246 2245/2245/2245 2247/2247/2247
f 2243/2243/2243 2245/2245/2245 2246/2246/2246
f 2249/2249/2249 2248/2248/2248 2247/2247/2247
f 2250/2250/2250 2247/2247/2247 2245/2245/2245
f 2249/2249/2249 2247/2247/2247 2250/2250/2250
f 2251/2251/2251 2249/2249/2249 2250/2250/2250
f 2252/2252/2252 2249/2249/2249 2251/2251/2251
f 2253/2253/2253 2248/2248/2248 2249/2249/2249
f 2254/2254/2254 2248/2248/2248 2253/2253/2253
f 2255/2255/2255 2249/2249/2249 2252/2252/2252
f 2253/2253/2253 2249/2249/2249 2255/2255/2255
f 2258/2258/2258 2257/2257/2257 2256/2256/2256
f 2256/2256/2256 2259/2259/2259 2258/2258/2258
f 2260/2260/2260 2259/2259/2259 2256/2256/2256
f 2260/2260/2260 2261/2261/2261 2259/2259/2259
f 2262/2262/2262 2261/2261/2261 2260/2260/2260
f 2263/2263/2263 2261/2261/2261 2262/2262/2262
f 2241/2241/2241 2261/2261/2261 2263/2263/2263
f 2264/2264/2264 2257/2257/2257 2258/2258/2258
f 2265/2265/2265 2257/2257/2257 2264/2264/2264
f 2266/2266/2266 2265/2265/2265 2264/2264/2264
f 2267/2267/2267 2265/2265/2265 2266/2266/2266
f 2268/2268/2268 2267/2267/2267 2266/2266/2266
f 2269/2269/2269 2267/2267/2267 2268/2268/2268
f 2270/2270/2270 2269/2269/2269 2268/2268/2268
f 2271/2271/2271 2269/2269/2269 2270/2270/2270
f 2273/2273/2273 2270/2270/2270 2272/2272/2272
f 2271/2271/2271 2270/2270/2270 2273/2273/2273
f 2274/2274/2274 2272/2272/2272 2270/2270/2270
f 2275/2275/2275 2272/2272/2272 2274/2274/2274
f 2268/2268/2268 2274/2274/2274 2270/2270/2270
f 2276/2276/2276 2274/2274/2274 2268/2268/2268
f 2276/2276/2276 2266/2266/2266 2277/2277/2277
f 2268/2268/2268 2266/2266/2266 2276/2276/2276
f 2264/2264/2264 2279/2279/2279 2278/2278/2278
f 2258/2258/2258 2279/2279/2279 2264/2264/2264
f 2264/2264/2264 2277/2277/2277 2266/2266/2266
f 2278/2278/2278 2277/2277/2277 2264/2264/2264
f 2258/2258/2258 2280/2280/2280 2279/2279/2279
f 2281/2281/2281 2280/2280/2280 2258/2258/2258
f 2281/2281/2281 2283/2283/2283 2282/2282/2282
f 2284/2284/2284 2283/2283/2283 2281/2281/2281
f 2280/2280/2280 2281/2281/2281 2282/2282/2282
f 2287/2287/2287 2286/2286/2286 2285/2285/2285
f 2288/2288/2288 2286/2286/2286 2287/2287/2287
f 2286/2286/2286 2289/2289/2289 2285/2285/2285
f 2290/2290/2290 2289/2289/2289 2286/2286/2286
f 2291/2291/2291 2288/2288/2288 2287/2287/2287
f 2292/2292/2292 2288/2288/2288 2291/2291/2291
f 2295/2295/2295 2294/2294/2294 2293/2293/2293
f 2296/2296/2296 2294/2294/2294 2295/2295/2295
f 2293/2293/2293 2297/2297/2297 2295/2295/2295
f 2298/2298/2298 2297/2297/2297 2293/2293/2293
f 2299/2299/2299 2296/2296/2296 2295/2295/2295
f 2300/2300/2300 2296/2296/2296 2299/2299/2299
f 2301/2301/2301 2300/2300/2300 2299/2299/2299
f 2302/2302/2302 2300/2300/2300 2301/2301/2301
f 2303/2303/2303 2300/2300/2300 2302/2302/2302
f 2306/2306/2306 2305/2305/2305 2304/2304/2304
f 2307/2307/2307 2305/2305/2305 2306/2306/2306
f 2304/2304/2304 2309/2309/2309 2308/2308/2308
f 2310/2310/2310 2309/2309/2309 2304/2304/2304
f 2306/2306/2306 2304/2304/2304 2308/2308/2308
f 2312/2312/2312 2307/2307/2307 2311/2311/2311
f 2305/2305/2305 2307/2307/2307 2312/2312/2312
f 2315/2315/2315 2314/2314/2314 2313/2313/2313
f 2316/2316/2316 2314/2314/2314 2315/2315/2315
f 2285/2285/2285 2313/2313/2313 2287/2287/2287
f 2315/2315/2315 2313/2313/2313 2285/2285/2285
f 2318/2318/2318 2316/2316/2316 2317/2317/2317
f 2314/2314/2314 2316/2316/2316 2318/2318/2318
f 2301/2301/2301 2317/2317/2317 2302/2302/2302
f 2318/2318/2318 2317/2317/2317 2301/2301/2301
f 2318/2318/2318 2299/2299/2299 2319/2319/2319
f 2301/2301/2301 2299/2299/2299 2318/2318/2318
f 2314/2314/2314 2319/2319/2319 2313/2313/2313
f 2318/2318/2318 2319/2319/2319 2314/2314/2314
f 2321/2321/2321 2320/2320/2320 2290/2290/2290
f 2322/2322/2322 2272/2272/2272 2275/2275/2275
f 2323/2323/2323 2272/2272/2272 2322/2322/2322
f 2324/2324/2324 2273/2273/2273 2323/2323/2323
f 2325/2325/2325 2273/2273/2273 2324/2324/2324
f 2272/2272/2272 2323/2323/2323 2273/2273/2273
f 2273/2273/2273 2326/2326/2326 2271/2271/2271
f 2325/2325/2325 2326/2326/2326 2273/2273/2273
f 2327/2327/2327 2325/2325/2325 2324/2324/2324
f 2329/2329/2329 2327/2327/2327 2328/2328/2328
f 2325/2325/2325 2327/2327/2327 2329/2329/2329
f 2332/2332/2332 2331/2331/2331 2330/2330/2330
f 2329/2329/2329 2331/2331/2331 2332/2332/2332
f 2334/2334/2334 2330/2330/2330 2333/2333/2333
f 2332/2332/2332 2330/2330/2330 2334/2334/2334
f 2336/2336/2336 2333/2333/2333 2335/2335/2335
f 2334/2334/2334 2333/2333/2333 2336/2336/2336
f 2334/2334/2334 2338/2338/2338 2337/2337/2337
f 2336/2336/2336 2338/2338/2338 2334/2334/2334
f 2332/2332/2332 2337/2337/2337 2339/2339/2339
f 2334/2334/2334 2337/2337/2337 2332/2332/2332
f 2329/2329/2329 2339/2339/2339 2340/2340/2340
f 2332/2332/2332 2339/2339/2339 2329/2329/2329
f 2325/2325/2325 2340/2340/2340 2326/2326/2326
f 2329/2329/2329 2340/2340/2340 2325/2325/2325
f 2341/2341/2341 2257/2257/2257 2265/2265/2265
f 2342/2342/2342 2257/2257/2257 2341/2341/2341
f 2343/2343/2343 2265/2265/2265 2267/2267/2267
f 2341/2341/2341 2265/2265/2265 2343/2343/2343
f 2269/2269/2269 2343/2343/2343 2267/2267/2267
f 2344/2344/2344 2343/2343/2343 2269/2269/2269
f 2344/2344/2344 2337/2337/2337 2338/2338/2338
f 2338/2338/2338 2343/2343/2343 2344/2344/2344
f 2341/2341/2341 2343/2343/2343 2338/2338/2338
f 2344/2344/2344 2269/2269/2269 2271/2271/2271
f 2326/2326/2326 2344/2344/2344 2271/2271/2271
f 2340/2340/2340 2344/2344/2344 2326/2326/2326
f 2339/2339/2339 2344/2344/2344 2340/2340/2340
f 2337/2337/2337 2344/2344/2344 2339/2339/2339
f 2256/2256/2256 2345/2345/2345 2260/2260/2260
f 2346/2346/2346 2345/2345/2345 2256/2256/2256
f 2257/2257/2257 2346/2346/2346 2256/2256/2256
f 2342/2342/2342 2346/2346/2346 2257/2257/2257
f 2347/2347/2347 2259/2259/2259 2261/2261/2261
f 2261/2261/2261 2284/2284/2284 2347/2347/2347
f 2241/2241/2241 2284/2284/2284 2261/2261/2261
f 2347/2347/2347 2284/2284/2284 2281/2281/2281
f 2281/2281/2281 2259/2259/2259 2347/2347/2347
f 2258/2258/2258 2259/2259/2259 2281/2281/2281
f 2316/2316/2316 2348/2348/2348 2317/2317/2317
f 2349/2349/2349 2348/2348/2348 2316/2316/2316
f 2350/2350/2350 2302/2302/2302 2317/2317/2317
f 2351/2351/2351 2302/2302/2302 2350/2350/2350
f 2348/2348/2348 2350/2350/2350 2317/2317/2317
f 2240/2240/2240 2284/2284/2284 2241/2241/2241
f 2283/2283/2283 2284/2284/2284 2240/2240/2240
f 2263/2263/2263 2242/2242/2242 2241/2241/2241
f 2244/2244/2244 2242/2242/2242 2263/2263/2263
f 2254/2254/2254 2353/2353/2353 2352/2352/2352
f 2253/2253/2253 2353/2353/2353 2254/2254/2254
f 2356/2356/2356 2355/2355/2355 2354/2354/2354
f 2353/2353/2353 2355/2355/2355 2356/2356/2356
f 2357/2357/2357 2354/2354/2354 2355/2355/2355
f 2358/2358/2358 2354/2354/2354 2357/2357/2357
f 2357/2357/2357 2335/2335/2335 2358/2358/2358
f 2336/2336/2336 2335/2335/2335 2357/2357/2357
f 2336/2336/2336 2359/2359/2359 2338/2338/2338
f 2357/2357/2357 2359/2359/2359 2336/2336/2336
f 2359/2359/2359 2341/2341/2341 2338/2338/2338
f 2342/2342/2342 2341/2341/2341 2359/2359/2359
f 2361/2361/2361 2353/2353/2353 2360/2360/2360
f 2355/2355/2355 2353/2353/2353 2361/2361/2361
f 2360/2360/2360 2253/2253/2253 2255/2255/2255
f 2353/2353/2353 2253/2253/2253 2360/2360/2360
f 2250/2250/2250 2244/2244/2244 2251/2251/2251
f 2245/2245/2245 2244/2244/2244 2250/2250/2250
f 2262/2262/2262 2244/2244/2244 2263/2263/2263
f 2251/2251/2251 2244/2244/2244 2262/2262/2262
f 2262/2262/2262 2260/2260/2260 2345/2345/2345
f 2252/2252/2252 2262/2262/2262 2345/2345/2345
f 2251/2251/2251 2262/2262/2262 2252/2252/2252
f 2361/2361/2361 2360/2360/2360 2255/2255/2255
f 2255/2255/2255 2362/2362/2362 2361/2361/2361
f 2252/2252/2252 2362/2362/2362 2255/2255/2255
f 2362/2362/2362 2355/2355/2355 2361/2361/2361
f 2363/2363/2363 2355/2355/2355 2362/2362/2362
f 2359/2359/2359 2363/2363/2363 2342/2342/2342
f 2357/2357/2357 2363/2363/2363 2359/2359/2359
f 2355/2355/2355 2363/2363/2363 2357/2357/2357
f 2363/2363/2363 2346/2346/2346 2342/2342/2342
f 2345/2345/2345 2346/2346/2346 2363/2363/2363
f 2362/2362/2362 2345/2345/2345 2363/2363/2363
f 2252/2252/2252 2345/2345/2345 2362/2362/2362
f 2287/2287/2287 2319/2319/2319 2297/2297/2297
f 2313/2313/2313 2319/2319/2319 2287/2287/2287
f 2319/2319/2319 2295/2295/2295 2297/2297/2297
f 2299/2299/2299 2295/2295/2295 2319/2319/2319
f 2205/2205/2205 2365/2365/2365 2364/2364/2364
f 2197/2197/2197 2365/2365/2365 2205/2205/2205
f 2368/2368/2368 2367/2367/2367 2366/2366/2366
f 2369/2369/2369 2367/2367/2367 2368/2368/2368
f 2370/2370/2370 2366/2366/2366 2367/2367/2367
f 2371/2371/2371 2366/2366/2366 2370/2370/2370
f 2372/2372/2372 2369/2369/2369 2368/2368/2368
f 2373/2373/2373 2369/2369/2369 2372/2372/2372
f 2370/2370/2370 2374/2374/2374 2371/2371/2371
f 2309/2309/2309 2375/2375/2375 2308/2308/2308
f 2376/2376/2376 2375/2375/2375 2309/2309/2309
f 2377/2377/2377 2375/2375/2375 2376/2376/2376
f 2378/2378/2378 2375/2375/2375 2377/2377/2377
f 2377/2377/2377 2209/2209/2209 2378/2378/2378
f 2207/2207/2207 2209/2209/2209 2377/2377/2377
f 2379/2379/2379 2206/2206/2206 2205/2205/2205
f 2208/2208/2208 2206/2206/2206 2379/2379/2379
f 2320/2320/2320 2381/2381/2381 2380/2380/2380
f 2382/2382/2382 2381/2381/2381 2320/2320/2320
f 2383/2383/2383 2381/2381/2381 2382/2382/2382
f 2384/2384/2384 2381/2381/2381 2383/2383/2383
f 2383/2383/2383 2385/2385/2385 2384/2384/2384
f 2386/2386/2386 2385/2385/2385 2383/2383/2383
f 2321/2321/2321 2388/2388/2388 2387/2387/2387
f 2389/2389/2389 2387/2387/2387 2388/2388/2388
f 2390/2390/2390 2387/2387/2387 2389/2389/2389
f 2386/2386/2386 2389/2389/2389 2373/2373/2373
f 2390/2390/2390 2389/2389/2389 2386/2386/2386
f 2290/2290/2290 2388/2388/2388 2321/2321/2321
f 2369/2369/2369 2388/2388/2388 2290/2290/2290
f 2381/2381/2381 2391/2391/2391 2380/2380/2380
f 2392/2392/2392 2391/2391/2391 2381/2381/2381
f 2392/2392/2392 2393/2393/2393 2391/2391/2391
f 2394/2394/2394 2393/2393/2393 2392/2392/2392
f 2394/2394/2394 2316/2316/2316 2393/2393/2393
f 2349/2349/2349 2316/2316/2316 2394/2394/2394
f 2394/2394/2394 2396/2396/2396 2395/2395/2395
f 2392/2392/2392 2396/2396/2396 2394/2394/2394
f 2384/2384/2384 2392/2392/2392 2381/2381/2381
f 2396/2396/2396 2392/2392/2392 2384/2384/2384
f 2396/2396/2396 2385/2385/2385 2397/2397/2397
f 2384/2384/2384 2385/2385/2385 2396/2396/2396
f 2349/2349/2349 2394/2394/2394 2395/2395/2395
f 2395/2395/2395 2398/2398/2398 2349/2349/2349
f 2399/2399/2399 2398/2398/2398 2395/2395/2395
f 2397/2397/2397 2395/2395/2395 2396/2396/2396
f 2399/2399/2399 2395/2395/2395 2397/2397/2397
f 2349/2349/2349 2400/2400/2400 2348/2348/2348
f 2398/2398/2398 2400/2400/2400 2349/2349/2349
f 2400/2400/2400 2350/2350/2350 2348/2348/2348
f 2315/2315/2315 2391/2391/2391 2393/2393/2393
f 2316/2316/2316 2315/2315/2315 2393/2393/2393
f 2391/2391/2391 2285/2285/2285 2289/2289/2289
f 2315/2315/2315 2285/2285/2285 2391/2391/2391
f 2289/2289/2289 2380/2380/2380 2391/2391/2391
f 2298/2298/2298 2291/2291/2291 2297/2297/2297
f 2401/2401/2401 2291/2291/2291 2298/2298/2298
f 2297/2297/2297 2291/2291/2291 2287/2287/2287
f 2401/2401/2401 2292/2292/2292 2291/2291/2291
f 2402/2402/2402 2292/2292/2292 2401/2401/2401
f 2374/2374/2374 2403/2403/2403 2371/2371/2371
f 2404/2404/2404 2403/2403/2403 2374/2374/2374
f 2204/2204/2204 2377/2377/2377 2210/2210/2210
f 2207/2207/2207 2377/2377/2377 2204/2204/2204
f 2210/2210/2210 2376/2376/2376 2405/2405/2405
f 2377/2377/2377 2376/2376/2376 2210/2210/2210
f 2211/2211/2211 2310/2310/2310 2406/2406/2406
f 2212/2212/2212 2310/2310/2310 2211/2211/2211
f 2405/2405/2405 2310/2310/2310 2212/2212/2212
f 2376/2376/2376 2310/2310/2310 2405/2405/2405
f 2305/2305/2305 2312/2312/2312 2406/2406/2406
f 2310/2310/2310 2305/2305/2305 2406/2406/2406
f 2304/2304/2304 2305/2305/2305 2310/2310/2310
f 2312/2312/2312 2217/2217/2217 2216/2216/2216
f 2311/2311/2311 2217/2217/2217 2312/2312/2312
f 2406/2406/2406 2216/2216/2216 2211/2211/2211
f 2312/2312/2312 2216/2216/2216 2406/2406/2406
f 2238/2238/2238 2407/2407/2407 2283/2283/2283
f 2408/2408/2408 2407/2407/2407 2238/2238/2238
f 2409/2409/2409 2408/2408/2408 2238/2238/2238
f 2240/2240/2240 2238/2238/2238 2283/2283/2283
f 2283/2283/2283 2407/2407/2407 2410/2410/2410
f 2410/2410/2410 2282/2282/2282 2283/2283/2283
f 2411/2411/2411 2282/2282/2282 2410/2410/2410
f 2238/2238/2238 2237/2237/2237 2409/2409/2409
f 2414/2414/2414 2413/2413/2413 2412/2412/2412
f 2415/2415/2415 2413/2413/2413 2414/2414/2414
f 2416/2416/2416 2234/2234/2234 2235/2235/2235
f 2419/2419/2419 2418/2418/2418 2417/2417/2417
f 2420/2420/2420 2418/2418/2418 2419/2419/2419
f 2422/2422/2422 2417/2417/2417 2421/2421/2421
f 2414/2414/2414 2417/2417/2417 2422/2422/2422
f 2415/2415/2415 2422/2422/2422 2423/2423/2423
f 2414/2414/2414 2422/2422/2422 2415/2415/2415
f 2234/2234/2234 2416/2416/2416 2233/2233/2233
f 2425/2425/2425 2413/2413/2413 2424/2424/2424
f 2412/2412/2412 2413/2413/2413 2425/2425/2425
f 2427/2427/2427 2235/2235/2235 2426/2426/2426
f 2428/2428/2428 2235/2235/2235 2427/2427/2427
f 2429/2429/2429 2411/2411/2411 2410/2410/2410
f 2217/2217/2217 2426/2426/2426 2218/2218/2218
f 2311/2311/2311 2426/2426/2426 2217/2217/2217
f 2203/2203/2203 2210/2210/2210 2405/2405/2405
f 2405/2405/2405 2213/2213/2213 2203/2203/2203
f 2212/2212/2212 2213/2213/2213 2405/2405/2405
f 2310/2310/2310 2376/2376/2376 2309/2309/2309
f 2430/2430/2430 2303/2303/2303 2302/2302/2302
f 2431/2431/2431 2303/2303/2303 2430/2430/2430
f 2369/2369/2369 2286/2286/2286 2367/2367/2367
f 2290/2290/2290 2286/2286/2286 2369/2369/2369
f 2286/2286/2286 2370/2370/2370 2367/2367/2367
f 2288/2288/2288 2370/2370/2370 2286/2286/2286
f 2374/2374/2374 2288/2288/2288 2292/2292/2292
f 2370/2370/2370 2288/2288/2288 2374/2374/2374
f 2292/2292/2292 2404/2404/2404 2374/2374/2374
f 2402/2402/2402 2404/2404/2404 2292/2292/2292
f 2389/2389/2389 2369/2369/2369 2373/2373/2373
f 2388/2388/2388 2369/2369/2369 2389/2389/2389
f 2320/2320/2320 2387/2387/2387 2382/2382/2382
f 2321/2321/2321 2387/2387/2387 2320/2320/2320
f 2382/2382/2382 2390/2390/2390 2383/2383/2383
f 2387/2387/2387 2390/2390/2390 2382/2382/2382
f 2390/2390/2390 2386/2386/2386 2383/2383/2383
f 2320/2320/2320 2289/2289/2289 2290/2290/2290
f 2380/2380/2380 2289/2289/2289 2320/2320/2320
f 2365/2365/2365 2432/2432/2432 2364/2364/2364
f 2239/2239/2239 2228/2228/2228 2433/2433/2433
f 2364/2364/2364 2379/2379/2379 2205/2205/2205
f 2436/2436/2436 2435/2435/2435 2434/2434/2434
f 2436/2436/2436 2437/2437/2437 2435/2435/2435
f 2438/2438/2438 2437/2437/2437 2436/2436/2436
f 2410/2410/2410 2420/2420/2420 2429/2429/2429
f 2407/2407/2407 2420/2420/2420 2410/2410/2410
f 2424/2424/2424 2435/2435/2435 2425/2425/2425
f 2427/2427/2427 2435/2435/2435 2424/2424/2424
f 2440/2440/2440 2419/2419/2419 2439/2439/2439
f 2420/2420/2420 2419/2419/2419 2440/2440/2440
f 2440/2440/2440 2437/2437/2437 2429/2429/2429
f 2435/2435/2435 2437/2437/2437 2440/2440/2440
f 2429/2429/2429 2438/2438/2438 2411/2411/2411
f 2437/2437/2437 2438/2438/2438 2429/2429/2429
f 2351/2351/2351 2441/2441/2441 2302/2302/2302
f 2441/2441/2441 2430/2430/2430 2302/2302/2302
f 2419/2419/2419 2414/2414/2414 2412/2412/2412
f 2417/2417/2417 2414/2414/2414 2419/2419/2419
f 2419/2419/2419 2425/2425/2425 2439/2439/2439
f 2412/2412/2412 2425/2425/2425 2419/2419/2419
f 2423/2423/2423 2443/2443/2443 2442/2442/2442
f 2422/2422/2422 2443/2443/2443 2423/2423/2423
f 2444/2444/2444 2442/2442/2442 2233/2233/2233
f 2423/2423/2423 2442/2442/2442 2444/2444/2444
f 2421/2421/2421 2418/2418/2418 2445/2445/2445
f 2417/2417/2417 2418/2418/2418 2421/2421/2421
f 2408/2408/2408 2445/2445/2445 2407/2407/2407
f 2409/2409/2409 2445/2445/2445 2408/2408/2408
f 2416/2416/2416 2428/2428/2428 2446/2446/2446
f 2235/2235/2235 2428/2428/2428 2416/2416/2416
f 2233/2233/2233 2446/2446/2446 2444/2444/2444
f 2416/2416/2416 2446/2446/2446 2233/2233/2233
f 2413/2413/2413 2427/2427/2427 2424/2424/2424
f 2428/2428/2428 2427/2427/2427 2413/2413/2413
f 2428/2428/2428 2415/2415/2415 2446/2446/2446
f 2413/2413/2413 2415/2415/2415 2428/2428/2428
f 2426/2426/2426 2235/2235/2235 2218/2218/2218
f 2434/2434/2434 2426/2426/2426 2311/2311/2311
f 2446/2446/2446 2423/2423/2423 2444/2444/2444
f 2415/2415/2415 2423/2423/2423 2446/2446/2446
f 2233/2233/2233 2237/2237/2237 2232/2232/2232
f 2442/2442/2442 2237/2237/2237 2233/2233/2233
f 2237/2237/2237 2442/2442/2442 2409/2409/2409
f 2421/2421/2421 2443/2443/2443 2422/2422/2422
f 2445/2445/2445 2443/2443/2443 2421/2421/2421
f 2434/2434/2434 2427/2427/2427 2426/2426/2426
f 2435/2435/2435 2427/2427/2427 2434/2434/2434
f 2435/2435/2435 2439/2439/2439 2425/2425/2425
f 2440/2440/2440 2439/2439/2439 2435/2435/2435
f 2409/2409/2409 2442/2442/2442 2443/2443/2443
f 2445/2445/2445 2409/2409/2409 2443/2443/2443
f 2418/2418/2418 2407/2407/2407 2445/2445/2445
f 2420/2420/2420 2407/2407/2407 2418/2418/2418
f 2440/2440/2440 2429/2429/2429 2420/2420/2420
f 2203/2203/2203 2220/2220/2220 2202/2202/2202
f 2219/2219/2219 2214/2214/2214 2447/2447/2447
f 2213/2213/2213 2214/2214/2214 2219/2219/2219
f 2214/2214/2214 2239/2239/2239 2447/2447/2447
f 2236/2236/2236 2239/2239/2239 2214/2214/2214
usemtl Glass
f 2450/2450/2450 2449/2449/2449 2448/2448/2448
f 2451/2451/2451 2449/2449/2449 2450/2450/2450
f 2451/2451/2451 2452/2452/2452 2449/2449/2449
f 2453/2453/2453 2452/2452/2452 2451/2451/2451
f 2456/2456/2456 2455/2455/2455 2454/2454/2454
f 2457/2457/2457 2455/2455/2455 2456/2456/2456
f 2457/2457/2457 2458/2458/2458 2455/2455/2455
f 2459/2459/2459 2458/2458/2458 2457/2457/2457
f 2462/2462/2462 2461/2461/2461 2460/2460/2460
f 2463/2463/2463 2461/2461/2461 2462/2462/2462
f 2466/2466/2466 2465/2465/2465 2464/2464/2464
f 2467/2467/2467 2465/2465/2465 2466/2466/2466
f 2468/2468/2468 2466/2466/2466 2464/2464/2464
f 2469/2469/2469 2466/2466/2466 2468/2468/2468
f 2472/2472/2472 2471/2471/2471 2470/2470/2470
f 2473/2473/2473 2471/2471/2471 2472/2472/2472
f 2476/2476/2476 2475/2475/2475 2474/2474/2474
f 2477/2477/2477 2475/2475/2475 2476/2476/2476
f 2480/2480/2480 2479/2479/2479 2478/2478/2478
f 2481/2481/2481 2479/2479/2479 2480/2480/2480
f 2484/2484/2484 2483/2483/2483 2482/2482/2482
f 2485/2485/2485 2483/2483/2483 2484/2484/2484
f 2462/2462/2462 2486/2486/2486 2463/2463/2463
f 2487/2487/2487 2486/2486/2486 2462/2462/2462
f 2472/2472/2472 2489/2489/2489 2488/2488/2488
f 2470/2470/2470 2489/2489/2489 2472/2472/2472
f 2491/2491/2491 2482/2482/2482 2490/2490/2490
f 2484/2484/2484 2482/2482/2482 2491/2491/2491
f 2481/2481/2481 2467/2467/2467 2479/2479/2479
f 2465/2465/2465 2467/2467/2467 2481/2481/2481
f 2468/2468/2468 2492/2492/2492 2469/2469/2469
f 2493/2493/2493 2492/2492/2492 2468/2468/2468
f 2473/2473/2473 2494/2494/2494 2471/2471/2471
f 2495/2495/2495 2494/2494/2494 2473/2473/2473
f 2497/2497/2497 2490/2490/2490 2496/2496/2496
f 2491/2491/2491 2490/2490/2490 2497/2497/2497
f 2499/2499/2499 2461/2461/2461 2498/2498/2498
f 2460/2460/2460 2461/2461/2461 2499/2499/2499
f 2493/2493/2493 2474/2474/2474 2492/2492/2492
f 2476/2476/2476 2474/2474/2474 2493/2493/2493
f 2487/2487/2487 2478/2478/2478 2486/2486/2486
f 2480/2480/2480 2478/2478/2478 2487/2487/2487
f 2495/2495/2495 2498/2498/2498 2494/2494/2494
f 2499/2499/2499 2498/2498/2498 2495/2495/2495
f 2477/2477/2477 2500/2500/2500 2475/2475/2475
f 2501/2501/2501 2500/2500/2500 2477/2477/2477
f 2456/2456/2456 2503/2503/2503 2502/2502/2502
f 2454/2454/2454 2503/2503/2503 2456/2456/2456
f 2506/2506/2506 2505/2505/2505 2504/2504/2504
f 2501/2501/2501 2496/2496/2496 2500/2500/2500
f 2497/2497/2497 2496/2496/2496 2501/2501/2501
f 2502/2502/2502 2503/2503/2503 2507/2507/2507
f 2459/2459/2459 2508/2508/2508 2458/2458/2458
f 2450/2450/2450 2506/2506/2506 2504/2504/2504
f 2448/2448/2448 2506/2506/2506 2450/2450/2450
f 2453/2453/2453 2509/2509/2509 2452/2452/2452
f 2510/2510/2510 2509/2509/2509 2453/2453/2453
f 2458/2458/2458 2509/2509/2509 2510/2510/2510
f 2508/2508/2508 2509/2509/2509 2458/2458/2458
f 2512/2512/2512 2485/2485/2485 2511/2511/2511
f 2483/2483/2483 2485/2485/2485 2512/2512/2512
