# Exported from Godot Engine
mtllib Charger_Handle_IEC.mtl
o Charger_Handle_IEC
v 0.010482 0.847697 0.765577
vt 0.126099 0.491699
vn 0.261312 0.020935 -0.965027
v 0.000315 0.847697 0.765609
vt 0.106873 0.520752
vn 0.283286 0.090927 -0.954715
v 0.010435 0.849740 0.741256
vt 0.220337 0.527832
vn 0.197416 0.027729 -0.979928
v 0.000315 0.849743 0.741222
vt 0.208252 0.561279
vn 0.232830 0.076452 -0.969508
v 0.000315 0.847697 0.765609
vt 0.107727 0.088867
vn -0.308694 0.085134 -0.947344
v -0.009851 0.847697 0.765577
vt 0.126831 0.117676
vn -0.271962 0.013941 -0.962207
v 0.000315 0.849743 0.741222
vt 0.208740 0.047852
vn -0.231279 0.075924 -0.969920
v -0.009805 0.849740 0.741256
vt 0.220947 0.081055
vn -0.188000 0.034807 -0.981552
v -0.016837 0.845451 0.765396
vt 0.139771 0.136719
vn -0.988719 0.145992 -0.033494
v -0.016973 0.847433 0.741020
vt 0.229736 0.107422
vn -0.995193 0.084825 -0.048941
v 0.017604 0.847433 0.741020
vt 0.229126 0.501465
vn 0.994346 0.096229 -0.044892
v 0.017467 0.845451 0.765396
vt 0.139160 0.472168
vn 0.990117 0.135319 -0.036836
v -0.021205 0.840053 0.764985
vt 0.149780 0.155762
vn -0.988185 0.094098 0.120978
v -0.021253 0.842178 0.740670
vt 0.236450 0.130859
vn -0.997134 0.060079 0.045972
v 0.021884 0.842178 0.740670
vt 0.235962 0.478027
vn 0.996791 0.063178 0.049165
v 0.021835 0.840053 0.764985
vt 0.149414 0.452637
vn 0.987352 0.094033 0.127646
v -0.023941 0.833918 0.739933
vt 0.244629 0.160156
vn -0.992832 0.026325 0.116581
v -0.023772 0.831852 0.764423
vt 0.160645 0.180664
vn -0.981850 0.037160 0.185985
v 0.024571 0.833918 0.739933
vt 0.244141 0.448730
vn 0.992828 0.026325 0.116619
v 0.024402 0.831852 0.764423
vt 0.160278 0.427734
vn 0.981842 0.037161 0.186027
v -0.022912 0.821756 0.763591
vt 0.172119 0.209961
vn 0.979011 0.007829 0.203657
v -0.023083 0.823623 0.739096
vt 0.251953 0.196289
vn 0.994386 0.003891 0.105744
v 0.023714 0.823623 0.739096
vt 0.251465 0.412598
vn -0.991131 0.007787 0.132661
v 0.023543 0.821756 0.763591
vt 0.171753 0.398438
vn -0.982780 0.003915 0.184737
v -0.019185 0.814459 0.763147
vt 0.177856 0.234863
vn 0.997268 0.029985 0.067505
v -0.019374 0.816247 0.738672
vt 0.256104 0.224609
vn 0.999970 0.007797 0.000046
v 0.020004 0.816247 0.738672
vt 0.255859 0.384277
vn -0.999753 0.019069 0.011429
v 0.019816 0.814459 0.763147
vt 0.177612 0.373535
vn -0.998340 0.022664 0.052948
v -0.012388 0.808208 0.762619
vt 0.183228 0.263184
vn 0.999551 0.029728 -0.003704
v -0.012437 0.809929 0.738077
vt 0.259521 0.257324
vn 0.015646 0.007839 -0.999847
v 0.013067 0.809929 0.738077
vt 0.259277 0.351562
vn -0.019473 0.000000 -0.999810
v 0.013018 0.808208 0.762619
vt 0.182983 0.345215
vn -0.999556 0.029813 -0.000016
v -0.004783 0.805174 0.762350
vt 0.185791 0.288574
vn 0.019464 0.007805 -0.999780
v -0.004783 0.806887 0.737838
vt 0.260498 0.286133
vn 0.027034 0.023158 -0.999366
v 0.005414 0.806885 0.737839
vt 0.260498 0.322754
vn -0.027033 0.023125 -0.999367
v 0.005414 0.805176 0.762350
vt 0.185547 0.320312
vn -0.030783 0.000000 -0.999526
v 0.010360 0.850430 0.740840
vt 0.223145 0.529297
vn 0.246932 0.905310 -0.345599
v 0.000315 0.850436 0.740841
vt 0.211792 0.562256
vn 0.210430 0.922489 -0.323625
v 0.010240 0.851943 0.740954
vt 0.228516 0.531982
vn 0.241773 0.886407 -0.394751
v 0.000315 0.851948 0.740954
vt 0.218506 0.564453
vn 0.213991 0.920499 -0.326940
v 0.000315 0.850436 0.740841
vt 0.212280 0.046387
vn -0.210436 0.922469 -0.323678
v -0.009730 0.850430 0.740840
vt 0.223755 0.079590
vn -0.237411 0.908546 -0.343774
v 0.000315 0.851948 0.740954
vt 0.218994 0.044434
vn -0.213996 0.920479 -0.326993
v -0.009609 0.851943 0.740954
vt 0.229126 0.076660
vn -0.243484 0.884627 -0.397682
v 0.000315 0.853667 0.722982
vt 0.322510 0.577148
vn 0.052883 0.060438 -0.996770
v 0.010401 0.853666 0.723004
vt 0.328369 0.542236
vn 0.048952 0.045186 -0.997779
v 0.000315 0.852313 0.740606
vt 0.248779 0.565186
vn 0.080953 0.080953 -0.993425
v 0.010295 0.852312 0.740608
vt 0.258545 0.532471
vn 0.074298 0.059446 -0.995463
v -0.009771 0.853666 0.723004
vt 0.329102 0.066406
vn -0.041745 0.053081 -0.997717
v 0.000315 0.853667 0.722982
vt 0.322998 0.031738
vn -0.049284 0.060634 -0.996943
v -0.009664 0.852312 0.740608
vt 0.259033 0.076172
vn -0.084453 0.058721 -0.994696
v 0.000315 0.852313 0.740606
vt 0.249268 0.043945
vn -0.094870 0.080228 -0.992252
v 0.000315 0.852017 0.716307
vt 0.349365 0.578369
vn 0.979879 0.047500 0.193859
v 0.008615 0.851164 0.716237
vt 0.356445 0.547607
vn 0.940482 0.000020 0.339843
v 0.000315 0.853288 0.721260
vt 0.329834 0.577393
vn 0.949000 0.011660 0.315061
v 0.009985 0.853189 0.721290
vt 0.335449 0.543701
vn -0.933691 0.030332 0.356793
v -0.007985 0.851164 0.716237
vt 0.357178 0.061035
vn 0.942606 0.003927 0.333883
v 0.000315 0.852017 0.716307
vt 0.349854 0.030762
vn -0.978167 0.040728 0.203790
v -0.009354 0.853189 0.721290
vt 0.336182 0.065430
vn 0.924551 0.015539 0.380740
v 0.000315 0.853288 0.721260
vt 0.330322 0.031250
vn -0.950869 0.015434 0.309210
v 0.022440 0.842504 0.740231
vt 0.238770 0.478516
vn 0.562041 0.400113 -0.723892
v 0.017966 0.848040 0.740657
vt 0.232056 0.502441
vn 0.426568 0.736346 -0.525199
v 0.023725 0.843181 0.740283
vt 0.243896 0.479004
vn 0.521953 0.408492 -0.748799
v 0.018792 0.849338 0.740744
vt 0.237427 0.503906
vn 0.402749 0.678252 -0.614628
v -0.017336 0.848040 0.740657
vt 0.232544 0.106445
vn -0.418255 0.747459 -0.516108
v -0.021809 0.842504 0.740231
vt 0.239258 0.130371
vn -0.558499 0.410494 -0.720814
v -0.018161 0.849338 0.740744
vt 0.238037 0.104980
vn -0.409854 0.665961 -0.623311
v -0.023095 0.843181 0.740283
vt 0.244507 0.129883
vn -0.527229 0.390841 -0.754501
v 0.024340 0.823468 0.738768
vt 0.253906 0.413086
vn 0.939030 0.333577 -0.083363
v 0.026874 0.830731 0.739326
vt 0.254883 0.438965
vn 0.933313 0.234405 -0.271993
v 0.025709 0.823076 0.738738
vt 0.258789 0.413574
vn 0.945812 0.320829 -0.050089
v -0.026243 0.830731 0.739326
vt 0.255371 0.169922
vn -0.933312 0.234361 -0.272037
v -0.026056 0.834153 0.739589
vt 0.252441 0.159668
vn -0.599124 0.019137 -0.800427
v -0.023710 0.823468 0.738768
vt 0.254395 0.195801
vn -0.939856 0.329103 -0.091441
v -0.024611 0.833946 0.739573
vt 0.247192 0.160156
vn -0.608271 0.029165 -0.793193
v 0.013423 0.809384 0.737686
vt 0.261475 0.351562
vn 0.739986 0.261886 0.619546
v 0.020525 0.815904 0.738187
vt 0.258301 0.384277
vn 0.901661 0.356871 0.244236
v 0.014205 0.808125 0.737588
vt 0.266113 0.351562
vn 0.777310 0.245885 0.579077
v 0.021713 0.815042 0.738121
vt 0.262939 0.384766
vn 0.917911 0.334422 0.213546
v -0.019895 0.815904 0.738187
vt 0.258789 0.224609
vn -0.905800 0.359306 0.224558
v -0.012792 0.809384 0.737686
vt 0.261719 0.257324
vn -0.748616 0.266138 0.607244
v -0.021083 0.815042 0.738120
vt 0.263428 0.224121
vn -0.917193 0.333180 0.218512
v -0.013574 0.808125 0.737588
vt 0.266357 0.257324
vn -0.777351 0.245882 0.579022
v 0.005414 0.806263 0.737446
vt 0.262695 0.322266
vn 0.437971 0.107403 0.892551
v 0.005414 0.804869 0.737339
vt 0.266846 0.320801
vn 0.505583 0.106008 0.856241
v -0.004783 0.806263 0.737446
vt 0.262695 0.286621
vn -0.449371 0.112304 0.886258
v -0.004783 0.804869 0.737339
vt 0.266846 0.288086
vn -0.513175 0.109942 0.851213
v -0.025078 0.823076 0.738738
vt 0.259033 0.195312
vn -0.945822 0.320793 -0.050130
v 0.026686 0.834153 0.739589
vt 0.251953 0.449219
vn 0.599145 0.019181 -0.800411
v 0.025241 0.833946 0.739573
vt 0.246704 0.448730
vn 0.608460 0.019475 -0.793345
v 0.024162 0.844740 0.721802
vt 0.341309 0.486816
vn 0.999854 0.015294 -0.007600
v 0.019006 0.850957 0.722229
vt 0.335938 0.512695
vn 0.041790 0.007616 -0.999097
v 0.024172 0.844895 0.719714
vt 0.348877 0.487305
vn 0.019473 0.000000 -0.999810
v -0.023532 0.844740 0.721802
vt 0.341797 0.122559
vn -0.019473 0.000000 -0.999810
v -0.018375 0.850957 0.722229
vt 0.336670 0.096191
vn -0.038142 0.007622 -0.999243
v -0.023496 0.843422 0.739945
vt 0.274414 0.129395
vn -0.999552 0.029696 -0.003736
v -0.018332 0.849615 0.740389
vt 0.267822 0.104492
vn -0.063561 0.000000 -0.997978
v 0.027296 0.832184 0.720843
vt 0.347656 0.443359
vn -0.007880 0.047184 -0.998855
v 0.026845 0.833045 0.709543
vt 0.387451 0.442871
vn -0.030687 0.145612 -0.988866
v 0.026037 0.824599 0.720283
vt 0.350098 0.417480
vn -0.011762 0.070410 -0.997449
v 0.025626 0.825932 0.708791
vt 0.389648 0.417480
vn -0.030835 0.161803 -0.986341
v -0.026339 0.835602 0.721119
vt 0.346680 0.154297
vn 0.000000 0.023834 -0.999716
v -0.026429 0.834220 0.739237
vt 0.282227 0.159180
vn -0.999903 0.007714 -0.011586
v -0.026665 0.832184 0.720843
vt 0.348145 0.165527
vn 0.003978 0.039522 -0.999211
v -0.026667 0.830774 0.738903
vt 0.285400 0.169922
vn -0.003983 0.000000 -0.999992
v 0.014469 0.809722 0.719098
vt 0.354004 0.353516
vn -0.007903 0.125961 -0.992004
v 0.022099 0.816676 0.719623
vt 0.352539 0.387695
vn -0.011732 0.101400 -0.994777
v 0.014258 0.812168 0.707813
vt 0.391357 0.354492
vn -0.019407 0.256151 -0.966442
v 0.021522 0.818223 0.708224
vt 0.390625 0.386719
vn -0.027068 0.208657 -0.977614
v -0.013838 0.809722 0.719098
vt 0.354004 0.255371
vn 0.007903 0.125999 -0.991999
v -0.021468 0.816676 0.719623
vt 0.352783 0.221191
vn 0.007854 0.101862 -0.994768
v -0.013773 0.807848 0.737202
vt 0.295898 0.257324
vn 0.003965 0.063124 -0.997998
v -0.021395 0.814838 0.737737
vt 0.292969 0.224121
vn 0.007888 0.039344 -0.999195
v 0.005414 0.806189 0.718781
vt 0.354736 0.321289
vn -0.003939 0.149661 -0.988729
v 0.005414 0.809011 0.707750
vt 0.391357 0.322266
vn -0.011749 0.289108 -0.957224
v -0.004783 0.806189 0.718781
vt 0.354736 0.287598
vn 0.000000 0.150294 -0.988641
v -0.004783 0.804381 0.736992
vt 0.296875 0.288086
vn 0.000000 0.071264 -0.997457
v -0.025407 0.824599 0.720283
vt 0.350586 0.191406
vn 0.007868 0.078515 -0.996882
v -0.025485 0.822994 0.738376
vt 0.288818 0.194824
vn 0.000000 0.015871 -0.999874
v 0.026970 0.835602 0.721119
vt 0.346191 0.455078
vn 0.003983 0.015840 -0.999867
v 0.026161 0.839900 0.715854
vt 0.364746 0.469238
vn 0.000000 0.031755 -0.999496
v 0.026613 0.836072 0.709887
vt 0.386475 0.454102
vn -0.034511 0.114965 -0.992770
v 0.018963 0.849615 0.740389
vt 0.267090 0.504150
vn 0.056514 0.007555 -0.998373
v 0.014683 0.848685 0.715566
vt 0.366211 0.522217
vn -0.967173 0.108172 0.229947
v 0.018204 0.850707 0.720680
vt 0.342285 0.514893
vn -0.952144 0.108798 0.285629
v -0.014052 0.848685 0.715566
vt 0.366943 0.086914
vn 0.972825 0.119115 0.198551
v -0.017574 0.850707 0.720680
vt 0.342773 0.094238
vn 0.946293 0.100130 0.307416
v 0.020012 0.843928 0.713571
vt 0.375488 0.494629
vn -0.984893 0.149567 0.087265
v 0.023380 0.844873 0.718156
vt 0.355225 0.489258
vn -0.979840 0.155987 0.124824
v -0.019382 0.843928 0.713571
vt 0.375977 0.114746
vn 0.985882 0.158225 0.054791
v -0.022749 0.844873 0.718156
vt 0.355713 0.120117
vn 0.978860 0.153702 0.134941
v 0.024126 0.843422 0.739945
vt 0.273926 0.479492
vn 0.999771 0.015152 -0.015136
v 0.027059 0.834220 0.739237
vt 0.281738 0.449707
vn 0.015651 0.000000 -0.999878
v 0.026116 0.822994 0.738376
vt 0.288574 0.414062
vn 0.000000 0.023834 -0.999716
v 0.027298 0.830774 0.738903
vt 0.284912 0.438965
vn 0.003983 0.000000 -0.999992
v 0.022026 0.814838 0.737737
vt 0.292725 0.384766
vn -0.003974 0.047371 -0.998869
v 0.014403 0.807848 0.737202
vt 0.295654 0.351562
vn -0.003965 0.063089 -0.998000
v 0.005414 0.804391 0.736989
vt 0.296631 0.320801
vn 0.000000 0.071264 -0.997457
v -0.023542 0.844895 0.719714
vt 0.349365 0.122070
vn -0.019473 0.000000 -0.999810
v -0.025531 0.839900 0.715854
vt 0.365234 0.140137
vn 0.000000 0.031755 -0.999496
v -0.026214 0.833045 0.709543
vt 0.387939 0.166016
vn 0.034432 0.137621 -0.989886
v -0.025982 0.836072 0.709887
vt 0.386963 0.155273
vn 0.034512 0.115004 -0.992765
v -0.020892 0.818223 0.708224
vt 0.390869 0.222168
vn 0.027069 0.208700 -0.977605
v -0.024996 0.825932 0.708791
vt 0.390137 0.191895
vn 0.030818 0.169354 -0.985073
v -0.013628 0.812168 0.707813
vt 0.391602 0.254883
vn 0.023216 0.255220 -0.966604
v -0.004783 0.809010 0.707750
vt 0.391357 0.287109
vn 0.007852 0.290242 -0.956921
v 0.022108 0.840834 0.710242
vt 0.387695 0.478516
vn -0.993819 0.060009 -0.093392
v 0.023167 0.839205 0.705219
vt 0.405518 0.466309
vn -0.111796 0.136970 -0.984246
v 0.025308 0.840266 0.714409
vt 0.370361 0.471680
vn -0.991195 0.130072 -0.024780
v 0.025767 0.837210 0.708560
vt 0.391846 0.458008
vn -0.135188 0.063987 -0.988752
v -0.021477 0.840834 0.710242
vt 0.388184 0.130859
vn 0.992377 0.046951 -0.113946
v -0.024677 0.840266 0.714409
vt 0.370850 0.137695
vn 0.990618 0.135792 -0.015384
v 0.025417 0.833923 0.698135
vt 0.428711 0.437500
vn -0.052708 0.233311 -0.970973
v 0.024084 0.827275 0.697201
vt 0.430176 0.412109
vn -0.041738 0.250351 -0.967255
v -0.024786 0.833923 0.698135
vt 0.428955 0.171875
vn 0.074237 0.222634 -0.972072
v 0.013606 0.817302 0.693556
vt 0.441650 0.355957
vn -0.030844 0.292821 -0.955670
v 0.020556 0.821205 0.697070
vt 0.429688 0.386719
vn -0.034624 0.261330 -0.964628
v -0.019925 0.821205 0.697070
vt 0.429688 0.222656
vn 0.030832 0.269552 -0.962492
v -0.012976 0.817302 0.693556
vt 0.441650 0.253418
vn 0.027020 0.301051 -0.953225
v 0.005414 0.812612 0.699025
vt 0.422119 0.323242
vn -0.019448 0.349784 -0.936629
v -0.004783 0.812612 0.699025
vt 0.422119 0.286133
vn 0.011783 0.352410 -0.935772
v -0.023453 0.827275 0.697201
vt 0.430420 0.197266
vn 0.041739 0.250396 -0.967243
v 0.019040 0.824543 0.683362
vt 0.478516 0.382812
vn -0.030666 0.260396 -0.965015
v -0.018409 0.824543 0.683362
vt 0.478516 0.226562
vn 0.030731 0.253252 -0.966912
v 0.021981 0.829147 0.683681
vt 0.478516 0.403809
vn -0.045703 0.251233 -0.966847
v -0.021350 0.829147 0.683681
vt 0.478760 0.205566
vn 0.045705 0.251279 -0.966835
v 0.023172 0.834974 0.684246
vt 0.478760 0.426270
vn -0.052812 0.256359 -0.965138
v 0.020034 0.830460 0.670230
vt 0.526855 0.395508
vn -0.045493 0.204643 -0.977779
v -0.019404 0.830460 0.670230
vt 0.526855 0.214355
vn 0.045439 0.211912 -0.976232
v 0.021146 0.835937 0.670721
vt 0.527344 0.416504
vn -0.049089 0.203829 -0.977775
v -0.022542 0.834974 0.684246
vt 0.479004 0.183105
vn 0.052813 0.256405 -0.965126
v -0.020515 0.835937 0.670721
vt 0.527344 0.192871
vn 0.049090 0.203873 -0.977766
v 0.019375 0.831808 0.662242
vt 0.556152 0.395020
vn -0.038075 0.137015 -0.989837
v 0.020052 0.836457 0.661767
vt 0.559570 0.412109
vn -0.038113 0.129541 -0.990841
v 0.022425 0.839675 0.685300
vt 0.477783 0.444336
vn -0.081011 0.250389 -0.964750
v 0.024983 0.835838 0.697860
vt 0.430420 0.444336
vn -0.098364 0.211244 -0.972471
v 0.023246 0.839240 0.697244
vt 0.434814 0.457031
vn -0.091505 0.226836 -0.969625
v -0.022615 0.839240 0.697244
vt 0.435059 0.152344
vn 0.095295 0.234574 -0.967416
v -0.022537 0.839205 0.705219
vt 0.406006 0.143066
vn 0.115654 0.144558 -0.982714
v -0.024353 0.835838 0.697860
vt 0.430664 0.165039
vn 0.098065 0.225122 -0.969383
v -0.025137 0.837210 0.708560
vt 0.392334 0.150879
vn 0.138186 0.063789 -0.988350
v 0.020616 0.840570 0.671190
vt 0.528320 0.434082
vn -0.070593 0.200617 -0.977123
v 0.023172 0.834974 0.684246
vt 0.478760 0.426270
vn -0.081171 0.243473 -0.966505
v 0.021146 0.835937 0.670721
vt 0.527344 0.416504
vn -0.067138 0.201377 -0.977210
v -0.019985 0.840570 0.671190
vt 0.528320 0.175781
vn 0.070595 0.200661 -0.977114
v -0.021794 0.839675 0.685300
vt 0.478027 0.165039
vn 0.081013 0.250436 -0.964738
v -0.020515 0.835937 0.670721
vt 0.527344 0.192871
vn 0.067140 0.201421 -0.977201
v -0.022542 0.834974 0.684246
vt 0.479004 0.183105
vn 0.081013 0.250436 -0.964738
v 0.008451 0.851038 0.714856
vt 0.361572 0.548828
vn 0.998949 0.021956 -0.040237
v 0.000315 0.852076 0.714973
vt 0.354004 0.579102
vn 0.081225 0.014771 -0.996586
v 0.008354 0.851184 0.713475
vt 0.366211 0.550537
vn 0.091144 0.036458 -0.995170
v 0.000315 0.852125 0.713638
vt 0.358643 0.580322
vn 0.091044 0.058277 -0.994140
v 0.000315 0.852076 0.714973
vt 0.354736 0.029785
vn -0.080641 0.014629 -0.996636
v -0.007820 0.851038 0.714856
vt 0.362305 0.060059
vn -0.998926 0.028933 -0.036191
v 0.000315 0.852125 0.713638
vt 0.359375 0.028809
vn -0.091041 0.058240 -0.994143
v -0.007724 0.851184 0.713475
vt 0.366943 0.058594
vn -0.087833 0.036568 -0.995464
v 0.019549 0.844053 0.712732
vt 0.378662 0.495605
vn -0.091195 0.000000 -0.995833
v 0.013822 0.848831 0.714394
vt 0.371094 0.525146
vn -0.999068 0.014737 -0.040559
v 0.019288 0.844386 0.711862
vt 0.382080 0.496582
vn -0.041744 0.182068 -0.982399
v 0.013156 0.849313 0.713194
vt 0.375977 0.527588
vn -0.038264 0.160544 -0.986287
v -0.013192 0.848831 0.714394
vt 0.371582 0.083984
vn 0.998423 0.007451 -0.055639
v -0.018918 0.844053 0.712732
vt 0.379395 0.113281
vn 0.091195 0.000000 -0.995833
v -0.012526 0.849313 0.713194
vt 0.376709 0.081543
vn 0.052891 0.181313 -0.982002
v -0.018657 0.844386 0.711862
vt 0.382568 0.112305
vn 0.049228 0.189359 -0.980673
v 0.022667 0.839930 0.704905
vt 0.406982 0.469238
vn -0.056474 0.248331 -0.967028
v 0.021643 0.841258 0.709580
vt 0.390381 0.479980
vn -0.081352 0.162630 -0.983328
v 0.022295 0.840730 0.704595
vt 0.408691 0.471680
vn -0.052708 0.263384 -0.963250
v 0.021346 0.841809 0.708911
vt 0.393066 0.481445
vn -0.042062 0.252183 -0.966765
v -0.021012 0.841258 0.709579
vt 0.390625 0.129395
vn 0.080862 0.154353 -0.984701
v -0.022037 0.839930 0.704905
vt 0.407471 0.140137
vn 0.059973 0.247399 -0.967056
v -0.020716 0.841809 0.708911
vt 0.393311 0.127441
vn 0.042064 0.252228 -0.966753
v -0.021664 0.840730 0.704595
vt 0.408936 0.137207
vn 0.053095 0.265357 -0.962687
v 0.022168 0.840537 0.685392
vt 0.478027 0.447754
vn -0.074097 0.259241 -0.962966
v 0.022970 0.839910 0.697183
vt 0.435303 0.459473
vn -0.063448 0.276104 -0.959031
v 0.021903 0.841397 0.685484
vt 0.478271 0.451172
vn -0.081011 0.250389 -0.964750
v 0.022703 0.840583 0.697122
vt 0.436035 0.461914
vn -0.067053 0.268173 -0.961034
v -0.022339 0.839910 0.697183
vt 0.435791 0.149902
vn 0.063897 0.278172 -0.958403
v -0.021538 0.840537 0.685392
vt 0.478271 0.161621
vn 0.074099 0.259288 -0.962953
v -0.022073 0.840583 0.697122
vt 0.436279 0.147461
vn 0.070873 0.276003 -0.958540
v -0.021273 0.841397 0.685484
vt 0.478760 0.158203
vn 0.081438 0.259145 -0.962399
v -0.013773 0.807848 0.737202
vt 0.267822 0.257324
vn 0.015610 0.046831 -0.998781
v -0.004783 0.804381 0.736992
vt 0.268799 0.288086
vn 0.038108 0.045736 -0.998226
v -0.021395 0.814838 0.737737
vt 0.265137 0.224121
vn 0.011781 0.023531 -0.999654
v -0.025485 0.822994 0.738376
vt 0.260986 0.194824
vn 0.998818 0.015354 0.046127
v -0.026667 0.830774 0.738903
vt 0.257324 0.169922
vn -0.003983 0.000000 -0.999992
v -0.026429 0.834220 0.739237
vt 0.254395 0.159180
vn -0.989422 0.036902 0.140293
v -0.023496 0.843422 0.739945
vt 0.246582 0.129395
vn -0.998364 0.046993 0.032584
v -0.018332 0.849615 0.740389
vt 0.239868 0.104492
vn -0.996369 0.073299 -0.043324
v -0.009664 0.852312 0.740608
vt 0.231079 0.076172
vn -0.174570 0.020921 -0.984423
v 0.000315 0.852313 0.740606
vt 0.221313 0.043945
vn -0.205018 0.069472 -0.976289
v 0.010295 0.852312 0.740608
vt 0.230469 0.532471
vn 0.174576 0.020958 -0.984421
v 0.000315 0.852313 0.740606
vt 0.220703 0.565186
vn 0.205025 0.069512 -0.976285
v 0.018963 0.849615 0.740389
vt 0.239258 0.504150
vn 0.996368 0.073333 -0.043290
v 0.024126 0.843422 0.739945
vt 0.245972 0.479492
vn 0.998572 0.047016 0.025379
v 0.027059 0.834220 0.739237
vt 0.253906 0.449707
vn 0.988196 0.037135 0.148628
v 0.027298 0.830774 0.738903
vt 0.256836 0.438965
vn 0.003983 0.000000 -0.999992
v 0.026116 0.822994 0.738376
vt 0.260498 0.414062
vn -0.998436 0.015328 0.053772
v 0.022026 0.814838 0.737737
vt 0.264648 0.384766
vn -0.011781 0.023499 -0.999654
v 0.014403 0.807848 0.737202
vt 0.267578 0.351562
vn -0.015610 0.046797 -0.998782
v 0.005414 0.804391 0.736989
vt 0.268799 0.320801
vn -0.041769 0.045512 -0.998090
v 0.000315 0.846177 0.767033
vt 0.097595 0.514404
vn 0.398894 0.631608 -0.664797
v 0.010507 0.846190 0.767017
vt 0.119507 0.485840
vn 0.401390 0.565190 -0.720726
v -0.009877 0.846190 0.767017
vt 0.120239 0.123047
vn -0.401387 0.565134 -0.720772
v 0.000315 0.846177 0.767033
vt 0.098755 0.095703
vn -0.439542 0.585969 -0.680767
v 0.016730 0.844150 0.766858
vt 0.132202 0.468262
vn 0.434300 0.278899 -0.856504
v 0.020542 0.839308 0.766533
vt 0.142090 0.450195
vn 0.435711 0.047143 -0.898851
v -0.019911 0.839308 0.766533
vt 0.142456 0.158203
vn -0.437679 0.023407 -0.898827
v -0.016100 0.844150 0.766859
vt 0.132812 0.140625
vn -0.433299 0.286160 -0.854613
v 0.022985 0.831594 0.765901
vt 0.153442 0.425781
vn 0.965275 0.164892 -0.202617
v 0.022090 0.821927 0.765185
vt 0.165039 0.395996
vn 0.956698 0.279048 0.082835
v -0.021460 0.821927 0.765185
vt 0.165405 0.212402
vn -0.957181 0.279150 0.076675
v -0.022354 0.831594 0.765901
vt 0.153809 0.182617
vn -0.965937 0.170617 -0.194565
v 0.018468 0.814995 0.764710
vt 0.171387 0.371094
vn 0.927202 0.236788 0.290221
v 0.012260 0.809330 0.764256
vt 0.176636 0.344727
vn 0.833440 0.159433 0.529112
v -0.011630 0.809330 0.764256
vt 0.177002 0.263672
vn -0.833474 0.159430 0.529058
v -0.017838 0.814995 0.764710
vt 0.171631 0.237305
vn -0.928995 0.237256 0.284038
v 0.005414 0.806503 0.763951
vt 0.179199 0.320801
vn 0.687951 0.065670 0.722780
v -0.004783 0.806503 0.763951
vt 0.179443 0.287598
vn -0.699448 0.072998 0.710946
v 0.000315 0.844252 0.767041
vt 0.089233 0.508301
vn 0.441662 0.780984 -0.441586
v 0.010546 0.844264 0.767042
vt 0.113770 0.480469
vn 0.473876 0.729788 -0.492799
v -0.009916 0.844264 0.767042
vt 0.114380 0.128418
vn -0.458939 0.749190 -0.477587
v 0.000315 0.844252 0.767041
vt 0.090820 0.102539
vn -0.493590 0.716111 -0.493512
v 0.015625 0.842550 0.766910
vt 0.125732 0.464355
vn 0.595121 0.478122 -0.645934
v 0.018925 0.838261 0.766581
vt 0.135986 0.447266
vn 0.660077 0.104795 -0.743853
v -0.018294 0.838261 0.766581
vt 0.136353 0.161133
vn -0.655142 0.157228 -0.738964
v -0.014994 0.842550 0.766910
vt 0.126099 0.144043
vn -0.578008 0.532685 -0.618186
v 0.021262 0.831230 0.766040
vt 0.148193 0.423340
vn 0.916693 0.246309 -0.314651
v 0.020321 0.822160 0.765343
vt 0.159790 0.393555
vn 0.909584 0.401724 0.106179
v -0.019691 0.822160 0.765343
vt 0.160278 0.214844
vn -0.912867 0.404445 0.055665
v -0.020632 0.831230 0.766040
vt 0.148438 0.185059
vn -0.903103 0.206929 -0.376278
v 0.017005 0.815907 0.764863
vt 0.166382 0.369629
vn 0.823093 0.352154 0.445540
v 0.011152 0.810789 0.764469
vt 0.171387 0.343262
vn 0.600960 0.226409 0.766541
v -0.010521 0.810789 0.764469
vt 0.171753 0.265137
vn -0.641554 0.250418 0.725051
v -0.016374 0.815907 0.764863
vt 0.166748 0.238770
vn -0.845927 0.364318 0.389461
v 0.005414 0.808303 0.764278
vt 0.173706 0.321777
vn 0.349620 0.091529 0.932410
v -0.004783 0.808303 0.764278
vt 0.173950 0.286621
vn -0.378057 0.104998 0.919809
v 0.005414 0.812612 0.699025
vt 0.422119 0.323242
vn -0.007852 0.337300 -0.941365
v 0.013606 0.817302 0.693556
vt 0.441650 0.355957
vn -0.015581 0.334772 -0.942170
v 0.005414 0.818644 0.682908
vt 0.480225 0.324707
vn -0.007863 0.259104 -0.965817
v 0.013014 0.820953 0.683235
vt 0.479004 0.355957
vn -0.015616 0.257118 -0.966254
v -0.012976 0.817302 0.693556
vt 0.441650 0.253418
vn 0.023259 0.325433 -0.945279
v -0.004783 0.812612 0.699025
vt 0.422119 0.286133
vn 0.003956 0.338622 -0.940914
v -0.012384 0.820953 0.683235
vt 0.479004 0.253418
vn 0.015617 0.257163 -0.966242
v -0.004783 0.818644 0.682908
vt 0.480225 0.284668
vn 0.003957 0.267483 -0.963554
v 0.019040 0.824543 0.683362
vt 0.478516 0.382812
vn -0.019502 0.241574 -0.970186
v -0.018409 0.824543 0.683362
vt 0.478516 0.226562
vn 0.023317 0.240666 -0.970328
v 0.013356 0.823675 0.669724
vt 0.527832 0.358398
vn -0.015539 0.163102 -0.986487
v 0.020034 0.830460 0.670230
vt 0.526855 0.395508
vn -0.023256 0.178124 -0.983733
v -0.019404 0.830460 0.670230
vt 0.526855 0.214355
vn 0.027016 0.177470 -0.983755
v -0.012726 0.823675 0.669724
vt 0.527832 0.251465
vn 0.011693 0.171336 -0.985143
v 0.005414 0.820989 0.669241
vt 0.529297 0.325195
vn -0.003951 0.141937 -0.989868
v -0.004783 0.820989 0.669240
vt 0.529297 0.284668
vn 0.000000 0.142546 -0.989788
v 0.013181 0.824483 0.661888
vt 0.556641 0.357910
vn -0.003960 0.070952 -0.997472
v 0.019375 0.831808 0.662242
vt 0.556152 0.395020
vn -0.011732 0.101400 -0.994777
v -0.018744 0.831808 0.662242
vt 0.556152 0.214844
vn 0.011726 0.093708 -0.995531
v -0.012551 0.824483 0.661888
vt 0.556641 0.251953
vn 0.003960 0.070987 -0.997469
v 0.005414 0.821469 0.661656
vt 0.557129 0.325195
vn 0.000000 0.031755 -0.999496
v -0.004783 0.821459 0.661655
vt 0.557129 0.284668
vn 0.000000 0.023834 -0.999716
v 0.019565 0.845056 0.705043
vt 0.409424 0.490723
vn -0.070914 0.246278 -0.966601
v 0.013260 0.850078 0.705507
vt 0.412354 0.520264
vn -0.091847 0.242374 -0.965826
v -0.012630 0.850078 0.705507
vt 0.412842 0.088867
vn 0.084698 0.235613 -0.968149
v -0.018935 0.845056 0.705043
vt 0.409912 0.118652
vn 0.070535 0.237597 -0.968800
v 0.019595 0.845794 0.697253
vt 0.439697 0.483398
vn -0.087874 0.241593 -0.966391
v -0.018964 0.845794 0.697253
vt 0.439941 0.125977
vn 0.088341 0.250273 -0.964137
v 0.018176 0.847524 0.671450
vt 0.532227 0.460449
vn -0.077637 0.184843 -0.979697
v 0.019374 0.846416 0.685872
vt 0.481201 0.471191
vn -0.091359 0.233783 -0.967987
v -0.017545 0.847524 0.671450
vt 0.532227 0.149414
vn 0.081026 0.184161 -0.979551
v -0.018744 0.846416 0.685872
vt 0.481689 0.138184
vn 0.095295 0.234574 -0.967416
v 0.019338 0.842206 0.661334
vt 0.563477 0.433105
vn -0.049044 0.120625 -0.991486
v 0.017417 0.847986 0.660989
vt 0.567871 0.455078
vn -0.056207 0.104877 -0.992896
v 0.013209 0.851861 0.686211
vt 0.488037 0.499512
vn -0.102153 0.218849 -0.970397
v 0.013251 0.850862 0.697541
vt 0.445557 0.511719
vn -0.101816 0.232671 -0.967211
v -0.012620 0.850862 0.697541
vt 0.446045 0.097656
vn 0.105615 0.240355 -0.964922
v -0.012578 0.851861 0.686211
vt 0.488525 0.109863
vn 0.105241 0.224949 -0.968670
v 0.013017 0.852745 0.671833
vt 0.537109 0.485840
vn -0.084490 0.176292 -0.980705
v 0.012573 0.853171 0.660982
vt 0.572266 0.479980
vn -0.063302 0.089337 -0.993988
v -0.012387 0.852745 0.671833
vt 0.537598 0.123535
vn 0.084492 0.176335 -0.980697
v -0.016973 0.830909 0.641684
vt 0.630859 0.221680
vn 0.999763 0.015364 0.015426
v -0.017715 0.831513 0.653044
vt 0.589844 0.219238
vn 0.030749 0.046107 -0.998463
v -0.015799 0.828292 0.642068
vt 0.628906 0.232422
vn 0.999564 0.011613 0.027140
v 0.017604 0.830909 0.641684
vt 0.630371 0.387695
vn -0.999763 0.015363 0.015395
v 0.018560 0.836495 0.640640
vt 0.635254 0.409180
vn -0.999763 0.015363 0.015395
v 0.017232 0.829490 0.631583
vt 0.666504 0.385254
vn 0.996212 0.000017 0.086956
v 0.018275 0.835147 0.630049
vt 0.672852 0.406738
vn 0.997459 0.000016 0.071248
v -0.013479 0.822445 0.625156
vt 0.689453 0.249023
vn -0.988761 0.026409 0.147155
v -0.007908 0.818117 0.626770
vt 0.684082 0.274414
vn -0.981828 0.029954 0.187392
v -0.013349 0.820421 0.618845
vt 0.711914 0.252441
vn -0.987080 0.037075 0.155879
v -0.009519 0.817017 0.620126
vt 0.707520 0.270020
vn -0.972839 0.026390 0.229972
v 0.018346 0.831513 0.653044
vt 0.589355 0.390137
vn -0.030748 0.046073 -0.998465
v 0.016430 0.828292 0.642068
vt 0.628906 0.376953
vn -0.999325 0.011601 0.034868
v 0.013263 0.823231 0.633334
vt 0.660156 0.357422
vn 0.993945 0.007818 0.109602
v -0.018561 0.836757 0.652124
vt 0.594238 0.199707
vn 0.030734 0.038426 -0.998789
v -0.017930 0.836495 0.640640
vt 0.635254 0.200684
vn 0.999763 0.015364 0.015426
v -0.016334 0.827275 0.623564
vt 0.694824 0.229004
vn -0.993190 0.015385 0.115485
v -0.016144 0.825074 0.617029
vt 0.717773 0.233887
vn -0.995990 0.018992 0.087422
v -0.017498 0.833059 0.621761
vt 0.702148 0.208008
vn -0.995919 0.003909 0.090163
v -0.017282 0.830641 0.614764
vt 0.726074 0.214355
vn -0.998478 0.007786 0.054601
v 0.008539 0.818117 0.626770
vt 0.684082 0.334961
vn 0.980948 0.026382 0.192469
v 0.014110 0.822445 0.625156
vt 0.689453 0.360352
vn 0.989349 0.029977 0.142440
v 0.005413 0.821359 0.652443
vt 0.590820 0.324707
vn 0.998868 0.000016 0.047568
v 0.012800 0.824422 0.652819
vt 0.589844 0.355957
vn 0.999968 0.000015 0.007952
v -0.012169 0.824422 0.652819
vt 0.589844 0.253906
vn 0.999968 0.000015 0.007952
v -0.004783 0.821359 0.652443
vt 0.590820 0.284668
vn 0.998868 0.000016 0.047568
v 0.005413 0.820600 0.643072
vt 0.625000 0.324707
vn 0.993885 0.000017 0.110424
v 0.012409 0.823825 0.643100
vt 0.625000 0.354004
vn 0.996591 0.003916 0.082406
v -0.011778 0.823825 0.643100
vt 0.625000 0.255371
vn -0.997208 0.003923 0.074570
v -0.004783 0.820600 0.643072
vt 0.625000 0.285156
vn 0.993885 0.000017 0.110424
v 0.005414 0.818863 0.633441
vt 0.660156 0.324219
vn 0.979011 0.007829 0.203657
v 0.013263 0.823231 0.633334
vt 0.660156 0.357422
vn 0.988521 0.011571 0.150639
v -0.012632 0.823231 0.633334
vt 0.660156 0.251953
vn -0.987794 0.007746 0.155572
v -0.004783 0.818863 0.633441
vt 0.660156 0.285645
vn -0.979020 0.007829 0.203615
v 0.005414 0.816394 0.625369
vt 0.689453 0.322754
vn 0.964309 0.019131 0.264087
v 0.008539 0.818117 0.626770
vt 0.684082 0.334961
vn 0.983418 0.063672 0.169811
v -0.007908 0.818117 0.626770
vt 0.684082 0.274414
vn -0.964686 0.026564 0.262060
v -0.004783 0.816394 0.625369
vt 0.689453 0.286621
vn -0.964321 0.019131 0.264042
v 0.005414 0.816394 0.625369
vt 0.689453 0.322754
vn 0.966243 0.019165 0.256920
v 0.005412 0.814951 0.620979
vt 0.705078 0.322266
vn 0.966243 0.019165 0.256920
v 0.010149 0.817017 0.620126
vt 0.707520 0.339844
vn 0.975565 0.029995 0.217653
v -0.004783 0.816394 0.625369
vt 0.689453 0.286621
vn -0.966254 0.019165 0.256875
v -0.004782 0.814951 0.620979
vt 0.705078 0.287598
vn -0.966254 0.019165 0.256875
v 0.016430 0.828292 0.642068
vt 0.628906 0.376953
vn 0.997990 0.000016 0.063373
v 0.018346 0.831513 0.653044
vt 0.589355 0.390137
vn 0.000000 0.015871 -0.999874
v -0.017715 0.831513 0.653044
vt 0.589844 0.219238
vn 0.000000 0.015871 -0.999874
v -0.015799 0.828292 0.642068
vt 0.628906 0.232422
vn 0.997990 0.000016 0.063373
v -0.017259 0.841876 0.639572
vt 0.640137 0.180664
vn 0.999647 0.026287 0.003787
v -0.015424 0.847302 0.638524
vt 0.645508 0.160156
vn 0.998735 0.050280 0.000048
v -0.017905 0.842315 0.651207
vt 0.599121 0.179199
vn 0.034463 0.038289 -0.998672
v -0.016152 0.847951 0.650314
vt 0.604492 0.158203
vn 0.045427 0.015164 -0.998853
v -0.011199 0.853270 0.649592
vt 0.609863 0.132324
vn 0.049021 0.000000 -0.998798
v -0.009615 0.852787 0.637312
vt 0.652344 0.131348
vn 0.998001 0.062812 0.006990
v 0.017890 0.841876 0.639572
vt 0.640137 0.428711
vn -0.999647 0.026286 0.003755
v 0.017561 0.840064 0.628812
vt 0.678223 0.424805
vn -0.999110 0.029807 0.029839
v 0.018560 0.836495 0.640640
vt 0.635254 0.409180
vn -0.999742 0.022701 0.000016
v 0.018275 0.835147 0.630049
vt 0.672852 0.406738
vn -0.998939 0.019036 0.041937
v 0.016054 0.847302 0.638524
vt 0.645508 0.449707
vn -0.998735 0.050278 0.000016
v 0.010246 0.852787 0.637312
vt 0.652344 0.478027
vn -0.998001 0.062810 0.006957
v 0.015682 0.844973 0.627613
vt 0.684082 0.443359
vn -0.997651 0.066248 0.017441
v 0.008063 0.851317 0.626214
vt 0.694824 0.478027
vn -0.996312 0.084135 0.016827
v -0.006110 0.850626 0.621531
vt 0.713867 0.131348
vn 0.996120 0.085764 -0.019752
v -0.014299 0.842894 0.618699
vt 0.716309 0.171387
vn 0.997327 0.067868 -0.027084
v -0.006163 0.849005 0.616782
vt 0.731934 0.138184
vn 0.995166 0.078569 -0.058918
v -0.016647 0.838040 0.620181
vt 0.708984 0.190430
vn 0.998735 0.050280 0.000048
v -0.016168 0.835450 0.612802
vt 0.734863 0.198242
vn 0.998926 0.028966 -0.036158
v -0.013910 0.840228 0.610973
vt 0.744141 0.181152
vn 0.995629 0.034704 -0.086708
v 0.017278 0.838040 0.620181
vt 0.708984 0.419434
vn -0.999045 0.043104 -0.007189
v 0.016799 0.835450 0.612802
vt 0.734863 0.411133
vn -0.999031 0.036048 -0.025256
v 0.018128 0.833059 0.621761
vt 0.702148 0.401367
vn -0.999110 0.029807 0.029839
v 0.017913 0.830641 0.614764
vt 0.726074 0.395020
vn -0.999031 0.043422 0.007224
v 0.014541 0.840228 0.610973
vt 0.744141 0.428223
vn -0.996729 0.047921 -0.065075
v 0.014929 0.842894 0.618699
vt 0.716309 0.437988
vn -0.997420 0.061249 -0.037449
v 0.007870 0.845419 0.608983
vt 0.759277 0.454102
vn -0.993984 0.090626 -0.061508
v 0.006793 0.849005 0.616782
vt 0.731934 0.471680
vn -0.995103 0.079077 -0.059308
v -0.007240 0.845419 0.608983
vt 0.759277 0.155273
vn 0.993383 0.077944 -0.084345
v 0.019191 0.836757 0.652124
vt 0.594238 0.410156
vn -0.030733 0.038392 -0.998790
v 0.018536 0.842315 0.651207
vt 0.599121 0.430176
vn -0.034462 0.038255 -0.998674
v 0.019191 0.836757 0.652124
vt 0.594238 0.410156
vn -0.034433 0.045889 -0.998353
v 0.016783 0.847951 0.650314
vt 0.604492 0.451660
vn -0.045417 0.022692 -0.998710
v 0.011830 0.853270 0.649592
vt 0.609375 0.477051
vn -0.052580 0.000000 -0.998617
v -0.018744 0.831808 0.662242
vt 0.556152 0.214844
vn 0.038114 0.129580 -0.990836
v -0.019422 0.836457 0.661767
vt 0.559570 0.197266
vn 0.038183 0.122107 -0.991782
v -0.018707 0.842206 0.661334
vt 0.563965 0.176270
vn 0.048996 0.128066 -0.990555
v -0.016787 0.847986 0.660989
vt 0.568359 0.154785
vn 0.056208 0.104915 -0.992891
v -0.011943 0.853171 0.660982
vt 0.572754 0.129883
vn 0.059824 0.089702 -0.994170
v 0.020052 0.836457 0.661767
vt 0.559570 0.412109
vn -0.052922 0.128478 -0.990299
v -0.019422 0.836457 0.661767
vt 0.559570 0.197266
vn 0.052889 0.135944 -0.989304
v 0.016964 0.827275 0.623564
vt 0.694824 0.380859
vn 0.993186 0.015386 0.115523
v 0.018128 0.833059 0.621761
vt 0.702148 0.401367
vn 0.995916 0.003909 0.090199
v 0.006741 0.850626 0.621531
vt 0.713867 0.478516
vn -0.996069 0.086319 -0.019898
v -0.016602 0.829490 0.631583
vt 0.666504 0.224121
vn 0.995495 0.000017 0.094816
v -0.012632 0.823231 0.633334
vt 0.660156 0.251953
vn -0.992508 0.003908 0.122120
v -0.017645 0.835147 0.630049
vt 0.672852 0.203125
vn 0.996865 0.000016 0.079122
v -0.016930 0.840064 0.628812
vt 0.678223 0.185059
vn 0.999109 0.029808 0.029873
v -0.015052 0.844973 0.627613
vt 0.684082 0.166016
vn 0.997650 0.066250 0.017474
v -0.007433 0.851317 0.626214
vt 0.694336 0.131836
vn 0.996311 0.084138 0.016861
v 0.013979 0.820421 0.618845
vt 0.711914 0.356934
vn 0.985216 0.033556 0.167997
v 0.016775 0.825074 0.617029
vt 0.717773 0.375488
vn 0.995225 0.019124 0.095720
v 0.017913 0.830641 0.614764
vt 0.726074 0.395020
vn 0.998476 0.007787 0.054635
v 0.003554 0.849730 0.616433
vt 0.738770 0.481934
vn -0.984537 0.174950 0.008896
v 0.000315 0.846993 0.608306
vt 0.774902 0.477051
vn -0.980243 0.186402 0.066160
v 0.000315 0.850052 0.616267
vt 0.744629 0.491699
vn -0.980590 0.183457 0.069194
v -0.002968 0.849730 0.616433
vt 0.738281 0.127930
vn 0.985198 0.170138 0.020946
v 0.005270 0.850312 0.619033
vt 0.726074 0.480469
vn -0.989040 0.146508 0.018329
v 0.000315 0.850479 0.617462
vt 0.740234 0.115234
vn 0.980585 0.183463 0.069234
v -0.001849 0.850436 0.617712
vt 0.735840 0.121582
vn 0.984929 0.172039 0.017837
v 0.000315 0.850052 0.616267
vt 0.744629 0.117676
vn 0.980163 0.183368 0.075211
v -0.004640 0.850312 0.619033
vt 0.725586 0.129395
vn 0.989288 0.144384 0.021523
v 0.000315 0.850479 0.617462
vt 0.740723 0.494141
vn -0.980590 0.183457 0.069194
v 0.002479 0.850436 0.617712
vt 0.735840 0.487793
vn -0.984747 0.173068 0.017886
v 0.012046 0.815818 0.602111
vt 0.794922 0.346191
vn 0.996295 0.007765 0.085650
v 0.008595 0.812825 0.603050
vt 0.791504 0.331543
vn 0.991857 0.019064 0.125923
v 0.013979 0.820421 0.618845
vt 0.737793 0.356934
vn 0.992990 0.000017 0.118200
v 0.010149 0.817017 0.620126
vt 0.733887 0.339844
vn 0.987788 0.007746 0.155611
v -0.007965 0.812825 0.603050
vt 0.791504 0.277832
vn -0.987794 0.007746 0.155572
v -0.011416 0.815818 0.602111
vt 0.794922 0.263672
vn -0.994390 0.003891 0.105707
v -0.009519 0.817017 0.620126
vt 0.733887 0.270020
vn -0.989647 0.011576 0.143054
v -0.013349 0.820421 0.618845
vt 0.737793 0.252441
vn -0.994390 0.003891 0.105707
v 0.015144 0.824472 0.598544
vt 0.809082 0.374512
vn -0.067011 0.029749 -0.997309
v 0.014303 0.819673 0.600522
vt 0.800781 0.359863
vn -0.999852 0.015375 0.007695
v 0.017913 0.830641 0.614764
vt 0.752441 0.395020
vn -0.998570 0.014653 -0.051417
v 0.016775 0.825074 0.617029
vt 0.744141 0.375488
vn -0.999026 0.022683 0.037849
v -0.013672 0.819673 0.600522
vt 0.800781 0.249512
vn 0.999461 0.019060 0.026748
v -0.014514 0.824472 0.598544
vt 0.809082 0.234863
vn 0.067013 0.007460 -0.997724
v -0.016144 0.825074 0.617029
vt 0.744141 0.233887
vn 0.999461 0.019060 0.026748
v -0.017282 0.830641 0.614764
vt 0.752441 0.214355
vn 0.067038 0.000000 -0.997750
v 0.005203 0.811227 0.603647
vt 0.789551 0.320312
vn 0.983232 0.011582 0.181993
v 0.005412 0.814951 0.620979
vt 0.730957 0.322266
vn 0.982298 0.007778 0.187162
v -0.004573 0.811227 0.603647
vt 0.789551 0.289551
vn -0.982306 0.007778 0.187120
v -0.004782 0.814951 0.620979
vt 0.730957 0.287598
vn -0.982306 0.007778 0.187120
v -0.013508 0.829093 0.596636
vt 0.818359 0.221191
vn 0.125311 0.028671 -0.991703
v -0.010933 0.833297 0.595174
vt 0.828613 0.207520
vn 0.983286 0.013740 -0.181547
v -0.016168 0.835450 0.612802
vt 0.760742 0.198242
vn 0.121401 0.014289 -0.992501
v -0.013910 0.840228 0.610973
vt 0.770020 0.181152
vn 0.985728 0.020482 -0.167093
v 0.014138 0.829093 0.596636
vt 0.818359 0.388184
vn -0.128284 0.049859 -0.990483
v 0.016799 0.835450 0.612802
vt 0.760742 0.411133
vn -0.121404 0.000000 -0.992603
v 0.006307 0.836866 0.593657
vt 0.843262 0.417969
vn -0.981413 0.090959 -0.168980
v 0.011564 0.833297 0.595174
vt 0.828613 0.401855
vn -0.208130 0.006918 -0.978077
v 0.007870 0.845419 0.608983
vt 0.785645 0.454102
vn -0.987289 0.130768 -0.090332
v 0.014541 0.840228 0.610973
vt 0.770020 0.428223
vn -0.989540 0.040510 -0.138452
v -0.005677 0.836866 0.593657
vt 0.843262 0.191406
vn 0.985266 0.114453 -0.127089
v -0.007240 0.845419 0.608983
vt 0.785645 0.155273
vn 0.986653 0.119790 -0.110303
v 0.000315 0.838015 0.593141
vt 0.857910 0.433105
vn -0.965174 0.261609 0.000019
v 0.000315 0.846993 0.608306
vt 0.800781 0.477051
vn -0.969615 0.239411 0.050288
v 0.000315 0.838015 0.593141
vt 0.857910 0.176270
vn 0.968423 0.247922 0.026300
v 0.000315 0.846993 0.608306
vt 0.800781 0.132324
vn 0.969417 0.240872 0.047023
v -0.017498 0.833059 0.621761
vt 0.702148 0.208008
vn 0.999274 0.033281 0.018557
v -0.017282 0.830641 0.614764
vt 0.726074 0.214355
vn 0.999135 0.040110 0.010945
v -0.017645 0.835147 0.630049
vt 0.672852 0.203125
vn 0.998588 0.019037 0.049587
v -0.017930 0.836495 0.640640
vt 0.635254 0.200684
vn 0.999742 0.022701 0.000047
v -0.018561 0.836757 0.652124
vt 0.594238 0.199707
vn 0.034434 0.045923 -0.998351
v 0.008354 0.851184 0.713475
vt 0.991211 0.596680
vn -0.000021 0.638155 0.769908
v 0.000315 0.852125 0.713638
vt 0.991699 0.566650
vn -0.000021 0.638155 0.769908
v 0.008203 0.852027 0.705563
vt 0.961914 0.596191
vn -0.000021 0.643176 0.765718
v 0.000315 0.852940 0.706018
vt 0.963379 0.566650
vn -0.000021 0.643176 0.765718
v -0.007724 0.851184 0.713475
vt 0.991211 0.536865
vn -0.000021 0.638155 0.769908
v -0.007572 0.852027 0.705563
vt 0.961914 0.537354
vn -0.000021 0.643176 0.765718
v 0.013156 0.849313 0.713194
vt 0.990723 0.615723
vn -0.000021 0.643176 0.765718
v -0.012526 0.849313 0.713194
vt 0.990723 0.517822
vn -0.000021 0.643176 0.765718
v 0.013260 0.850078 0.705507
vt 0.962402 0.615967
vn -0.000021 0.643176 0.765718
v -0.012630 0.850078 0.705507
vt 0.962402 0.517334
vn -0.000021 0.643176 0.765718
v 0.013209 0.851861 0.686211
vt 0.890625 0.615723
vn -0.000022 0.663715 0.747985
v 0.013251 0.850862 0.697541
vt 0.932617 0.615967
vn -0.000022 0.648221 0.761452
v 0.007892 0.853827 0.686445
vt 0.891113 0.594971
vn -0.000022 0.663715 0.747985
v 0.008072 0.852833 0.697558
vt 0.932129 0.595459
vn -0.000022 0.648221 0.761452
v -0.012620 0.850862 0.697541
vt 0.932617 0.517334
vn -0.000022 0.648221 0.761452
v -0.012578 0.851861 0.686211
vt 0.890625 0.517578
vn -0.000022 0.663715 0.747985
v -0.007441 0.852833 0.697558
vt 0.932129 0.537842
vn -0.000022 0.648221 0.761452
v -0.007261 0.853827 0.686445
vt 0.891113 0.538574
vn -0.000022 0.663715 0.747985
v 0.012573 0.853171 0.660982
vt 0.796875 0.613281
vn -0.000022 0.707107 0.707107
v 0.013017 0.852745 0.671833
vt 0.837402 0.614990
vn -0.000022 0.679593 0.733589
v 0.007239 0.855068 0.660733
vt 0.795898 0.592529
vn -0.000022 0.707107 0.707107
v 0.007826 0.854658 0.671968
vt 0.837402 0.594727
vn -0.000022 0.679593 0.733589
v -0.012387 0.852745 0.671833
vt 0.837402 0.518311
vn -0.000022 0.679593 0.733589
v -0.007196 0.854658 0.671968
vt 0.837402 0.538818
vn -0.000022 0.679593 0.733589
v -0.011943 0.853171 0.660982
vt 0.796875 0.520020
vn -0.000022 0.707107 0.707107
v -0.006608 0.855068 0.660733
vt 0.795898 0.541016
vn -0.000022 0.707107 0.707107
v 0.008063 0.851317 0.626214
vt 0.666992 0.596191
vn -0.000021 0.814369 0.580348
v 0.010246 0.852787 0.637312
vt 0.708984 0.604248
vn -0.000021 0.777944 0.628334
v 0.004410 0.852479 0.625818
vt 0.666504 0.581787
vn -0.000021 0.814369 0.580348
v 0.005520 0.854248 0.636800
vt 0.707520 0.585938
vn -0.000021 0.777944 0.628334
v -0.009615 0.852787 0.637312
vt 0.708984 0.529053
vn -0.000021 0.777944 0.628334
v -0.007433 0.851317 0.626214
vt 0.666992 0.537354
vn -0.000021 0.814369 0.580348
v -0.004890 0.854248 0.636800
vt 0.707520 0.547363
vn -0.000021 0.777944 0.628334
v -0.003779 0.852479 0.625818
vt 0.666504 0.551514
vn -0.000021 0.814369 0.580348
v -0.006110 0.850626 0.621531
vt 0.649414 0.542480
vn -0.000021 0.838848 0.544366
v 0.011830 0.853270 0.649592
vt 0.754395 0.610352
vn -0.000022 0.738457 0.674301
v 0.006593 0.855006 0.648963
vt 0.752441 0.590088
vn -0.000022 0.733548 0.679638
v -0.011199 0.853270 0.649592
vt 0.754395 0.522949
vn -0.000022 0.738457 0.674301
v -0.005963 0.855006 0.648963
vt 0.752441 0.543457
vn -0.000022 0.733548 0.679638
v 0.006741 0.850626 0.621531
vt 0.649414 0.590820
vn -0.000021 0.838848 0.544366
v 0.005270 0.850312 0.619033
vt 0.640137 0.585205
vn -0.000021 0.841474 0.540298
v -0.004640 0.850312 0.619033
vt 0.640137 0.548096
vn -0.000021 0.841474 0.540298
v 0.002479 0.850436 0.617712
vt 0.635742 0.574707
vn -0.000021 0.841474 0.540298
v 0.000315 0.852813 0.625767
vt 0.666504 0.566650
vn -0.000021 0.814369 0.580348
v -0.001849 0.850436 0.617712
vt 0.635742 0.558594
vn -0.000021 0.841474 0.540298
v 0.000315 0.850479 0.617462
vt 0.634766 0.566650
vn -0.000021 0.841474 0.540298
v 0.000315 0.853755 0.697547
vt 0.931641 0.566650
vn -0.000022 0.648221 0.761452
v 0.000315 0.855473 0.672111
vt 0.837891 0.566650
vn -0.000022 0.679593 0.733589
v 0.000315 0.854651 0.686589
vt 0.891113 0.566650
vn -0.000022 0.663715 0.747985
v 0.000315 0.855564 0.649090
vt 0.752930 0.566650
vn -0.000022 0.733548 0.679638
v 0.000315 0.855722 0.660963
vt 0.796875 0.566650
vn -0.000022 0.701517 0.712652
v 0.000315 0.854649 0.636674
vt 0.707031 0.566650
vn -0.000021 0.773944 0.633254
v -0.024786 0.833923 0.698135
vt 0.428955 0.171875
vn 0.053001 0.242208 -0.968776
v -0.026214 0.833045 0.709543
vt 0.387939 0.166016
vn 0.030640 0.153165 -0.987725
v -0.026665 0.832184 0.720843
vt 0.348145 0.165527
vn 0.007871 0.055066 -0.998452
v 0.026845 0.833045 0.709543
vt 0.387451 0.442871
vn -0.034451 0.130080 -0.990905
v 0.025417 0.833923 0.698135
vt 0.428711 0.437500
vn -0.074235 0.222588 -0.972082
v 0.027296 0.832184 0.720843
vt 0.347656 0.443359
vn -0.003980 0.031588 -0.999493
v -0.024640 0.835020 0.698006
vt 0.429688 0.167969
vn 0.091645 0.219933 -0.971201
v -0.025748 0.836732 0.709185
vt 0.389648 0.153320
vn 0.101243 0.094006 -0.990410
v -0.025279 0.840204 0.715068
vt 0.367920 0.138672
vn 0.996464 0.079724 -0.026535
v -0.023319 0.845046 0.718844
vt 0.352539 0.121094
vn 0.990741 0.102345 0.089211
v -0.018083 0.851032 0.721370
vt 0.339600 0.095215
vn 0.976983 0.054253 0.206304
v -0.009587 0.853606 0.722095
vt 0.332520 0.065918
vn 0.970103 0.007803 0.242568
v 0.000315 0.853625 0.722084
vt 0.326660 0.031738
vn -0.976428 0.015343 0.215296
v 0.000315 0.853625 0.722084
vt 0.326172 0.577393
vn 0.976419 0.015343 0.215338
v 0.010218 0.853606 0.722095
vt 0.332031 0.542969
vn -0.970114 0.007803 0.242524
v 0.018713 0.851032 0.721370
vt 0.339111 0.513672
vn -0.977835 0.057498 0.201326
v 0.023949 0.845046 0.718844
vt 0.352051 0.488281
vn -0.990744 0.102342 0.089172
v 0.025910 0.840204 0.715068
vt 0.367676 0.470215
vn -0.996466 0.079690 -0.026569
v 0.026378 0.836732 0.709185
vt 0.389160 0.456055
vn -0.098060 0.087145 -0.991358
v 0.025270 0.835020 0.698006
vt 0.429443 0.441406
vn -0.088446 0.213702 -0.972887
v 0.000315 0.806335 0.737860
vt 0.260742 0.304199
vn 0.000000 0.047584 -0.998867
v 0.000315 0.804630 0.762275
vt 0.186035 0.304199
vn -0.007902 0.015742 -0.999845
v 0.000315 0.805941 0.763970
vt 0.179688 0.304199
vn -0.552908 0.003924 0.833233
v 0.000315 0.807781 0.764238
vt 0.174194 0.304199
vn 0.166294 0.003935 0.986068
v 0.000315 0.803889 0.736858
vt 0.297363 0.304688
vn 0.000000 0.071264 -0.997457
v 0.000315 0.805692 0.718746
vt 0.354736 0.304688
vn 0.000000 0.150294 -0.988641
v 0.000315 0.804299 0.737295
vt 0.267578 0.304688
vn 0.261077 0.000019 0.965318
v 0.000315 0.803889 0.736858
vt 0.269531 0.304688
vn -0.003960 0.070952 -0.997472
v 0.000315 0.805948 0.737422
vt 0.262451 0.304199
vn 0.244370 0.000019 0.969682
v 0.000315 0.811868 0.699888
vt 0.418945 0.304688
vn -0.003930 0.345509 -0.938407
v 0.000315 0.818160 0.682777
vt 0.480713 0.304688
vn 0.000000 0.268475 -0.963287
v 0.000315 0.808578 0.707781
vt 0.391113 0.304688
vn 0.000000 0.309118 -0.951024
v 0.000315 0.811868 0.699888
vt 0.418945 0.304688
vn 0.003951 0.378177 -0.925725
v 0.000315 0.815559 0.625249
vt 0.689941 0.304688
vn 0.952895 0.003903 0.303275
v 0.000315 0.814204 0.621197
vt 0.704590 0.304688
vn -0.952910 0.003903 0.303229
v 0.000315 0.818080 0.633381
vt 0.660156 0.304688
vn 0.971525 0.000018 0.236939
v 0.000315 0.815559 0.625249
vt 0.689941 0.304688
vn -0.958031 0.003906 0.286638
v 0.000315 0.819967 0.642997
vt 0.625488 0.304688
vn 0.990880 0.000017 0.134748
v 0.000315 0.820812 0.652468
vt 0.590820 0.304688
vn 0.997459 0.000016 0.071248
v 0.000315 0.821858 0.661662
vt 0.557129 0.304688
vn 0.000000 0.015871 -0.999874
v 0.000315 0.820624 0.669198
vt 0.529785 0.304688
vn 0.000000 0.150294 -0.988641
v 0.008595 0.812825 0.603050
vt 0.791504 0.331543
vn -0.156717 0.561194 -0.812712
v 0.012046 0.815818 0.602111
vt 0.794922 0.346191
vn -0.225610 0.465477 -0.855822
v 0.007533 0.813822 0.601770
vt 0.797363 0.330566
vn -0.177944 0.537404 -0.824338
v 0.010568 0.816386 0.600764
vt 0.801270 0.344238
vn -0.243371 0.436587 -0.866119
v -0.011416 0.815818 0.602111
vt 0.794922 0.263672
vn 0.243376 0.436643 -0.866090
v -0.007965 0.812825 0.603050
vt 0.791504 0.277832
vn 0.177947 0.537458 -0.824302
v -0.010005 0.816501 0.600718
vt 0.801270 0.265137
vn 0.229070 0.458092 -0.858882
v -0.007010 0.813853 0.601757
vt 0.797363 0.278809
vn 0.159811 0.559268 -0.813437
v 0.014303 0.819673 0.600522
vt 0.800781 0.359863
vn -0.296160 0.368384 -0.881239
v 0.015144 0.824472 0.598544
vt 0.809082 0.374512
vn -0.379785 0.248168 -0.891165
v 0.012614 0.819784 0.599430
vt 0.806641 0.357422
vn -0.311221 0.332852 -0.890141
v 0.013401 0.824115 0.597731
vt 0.814941 0.372070
vn -0.389541 0.211750 -0.896337
v -0.014514 0.824472 0.598544
vt 0.809082 0.234863
vn 0.386325 0.217566 -0.896336
v -0.013672 0.819673 0.600522
vt 0.800781 0.249512
vn 0.310489 0.339351 -0.887940
v -0.012760 0.824094 0.597739
vt 0.814941 0.237793
vn 0.380503 0.241113 -0.892794
v -0.012021 0.819920 0.599377
vt 0.807129 0.251465
vn 0.299309 0.360584 -0.883398
v 0.005203 0.811227 0.603647
vt 0.789551 0.320312
vn -0.082509 0.629848 -0.772324
v 0.004610 0.812407 0.602325
vt 0.795410 0.319336
vn -0.107926 0.610083 -0.784953
v -0.004573 0.811227 0.603647
vt 0.789551 0.289551
vn 0.093261 0.619264 -0.779624
v -0.004054 0.812445 0.602310
vt 0.795410 0.290039
vn 0.093261 0.619264 -0.779624
v -0.013508 0.829093 0.596636
vt 0.818359 0.221191
vn 0.452919 0.055649 -0.889813
v -0.011890 0.828300 0.596088
vt 0.824219 0.224121
vn 0.450574 0.079753 -0.889170
v 0.011564 0.833297 0.595174
vt 0.828613 0.401855
vn -0.925317 0.112626 -0.362082
v 0.006307 0.836866 0.593657
vt 0.843262 0.417969
vn -0.941316 0.318696 -0.111163
v 0.010071 0.832079 0.594605
vt 0.834961 0.398438
vn -0.937218 0.149608 -0.315023
v 0.005461 0.835142 0.593403
vt 0.849609 0.413086
vn -0.939821 0.325585 -0.103591
v -0.005677 0.836866 0.593657
vt 0.843262 0.191406
vn 0.942360 0.309110 -0.128094
v -0.010933 0.833297 0.595174
vt 0.828613 0.207520
vn 0.932036 0.126419 -0.339599
v -0.005029 0.835098 0.593421
vt 0.848633 0.196777
vn 0.942318 0.307866 -0.131355
v -0.009560 0.832032 0.594623
vt 0.834961 0.210938
vn 0.928257 0.120044 -0.352033
v 0.000315 0.838015 0.593141
vt 0.857910 0.433105
vn -0.910932 0.405769 -0.074535
v 0.000268 0.836098 0.593029
vt 0.863281 0.425293
vn -0.913320 0.395572 -0.096802
v 0.000315 0.838015 0.593141
vt 0.857910 0.176270
vn 0.908105 0.415387 -0.052905
v 0.000268 0.836098 0.593029
vt 0.863281 0.184082
vn 0.908246 0.416123 -0.043951
v 0.014138 0.829093 0.596636
vt 0.818359 0.388184
vn -0.450558 0.079706 -0.889182
v 0.012497 0.828366 0.596062
vt 0.824219 0.385742
vn -0.456477 0.040037 -0.888834
v 0.000313 0.810460 0.604045
vt 0.788086 0.304688
vn 0.000000 0.674673 -0.738117
v 0.000272 0.811747 0.602583
vt 0.793945 0.304688
vn 0.000000 0.674673 -0.738117
v 0.000315 0.844252 0.767041
vt 0.089233 0.508301
vn 0.763615 0.640435 -0.082067
v 0.010546 0.844264 0.767042
vt 0.113770 0.480469
vn 0.748645 0.661663 0.041630
v 0.000315 0.846160 0.742207
vt 0.009140 0.412598
vn 0.822981 0.380639 -0.421683
v 0.010546 0.846172 0.742208
vt 0.037354 0.407227
vn 0.858290 0.417302 -0.298660
v -0.009916 0.844264 0.767042
vt 0.114380 0.128418
vn -0.712880 0.693270 0.105729
v 0.000315 0.844252 0.767041
vt 0.090820 0.102539
vn -0.770520 0.629614 -0.099421
v -0.009916 0.846172 0.742208
vt 0.039062 0.200684
vn -0.853595 0.456454 -0.251048
v 0.000315 0.846160 0.742207
vt 0.009972 0.192871
vn -0.808117 0.278257 -0.519154
v 0.015625 0.842550 0.766910
vt 0.125732 0.464355
vn 0.548751 0.637508 0.540792
v 0.018925 0.838261 0.766581
vt 0.135986 0.447266
vn 0.256509 0.505251 0.823969
v 0.015625 0.844459 0.742077
vt 0.050415 0.404297
vn 0.717926 0.568039 0.402386
v 0.018925 0.840169 0.741747
vt 0.061340 0.395508
vn 0.307963 0.461982 0.831704
v -0.018294 0.838261 0.766581
vt 0.136353 0.161133
vn -0.228913 0.516953 0.824838
v -0.014994 0.842550 0.766910
vt 0.126099 0.144043
vn -0.500388 0.648005 0.574196
v -0.018294 0.840169 0.741747
vt 0.063293 0.212891
vn -0.329425 0.448078 0.831087
v -0.014994 0.844459 0.742077
vt 0.052338 0.204102
vn -0.726744 0.564743 0.391035
v 0.021262 0.831230 0.766040
vt 0.148193 0.423340
vn 0.037749 0.411750 0.910515
v 0.020321 0.822160 0.765343
vt 0.159790 0.393555
vn -0.104744 0.503366 0.857701
v 0.021262 0.833138 0.741207
vt 0.073669 0.381836
vn 0.043886 0.376659 0.925312
v 0.020321 0.824069 0.740510
vt 0.084961 0.363281
vn -0.111567 0.490005 0.864551
v -0.019691 0.822160 0.765343
vt 0.160278 0.214844
vn 0.091467 0.528096 0.844244
v -0.020632 0.831230 0.766040
vt 0.148438 0.185059
vn -0.031128 0.439189 0.897855
v -0.019691 0.824069 0.740510
vt 0.086121 0.246094
vn 0.130568 0.457134 0.879762
v -0.020632 0.833138 0.741207
vt 0.075439 0.227051
vn -0.050476 0.345925 0.936904
v 0.017005 0.815907 0.764863
vt 0.166382 0.369629
vn -0.203226 0.622902 0.755442
v 0.011152 0.810789 0.764469
vt 0.171387 0.343262
vn -0.190185 0.679797 0.708312
v 0.017005 0.817815 0.740029
vt 0.091187 0.347656
vn -0.203226 0.622902 0.755442
v 0.011152 0.812697 0.739636
vt 0.095703 0.330566
vn -0.163559 0.678084 0.716555
v -0.010521 0.810789 0.764469
vt 0.171753 0.265137
vn 0.138031 0.680297 0.719822
v -0.016374 0.815907 0.764863
vt 0.166748 0.238770
vn 0.163420 0.631100 0.758292
v -0.010521 0.812697 0.739636
vt 0.096008 0.279297
vn 0.275554 0.684257 0.675176
v -0.016374 0.817815 0.740029
vt 0.092102 0.261719
vn 0.278717 0.608104 0.743321
v 0.005414 0.808303 0.764278
vt 0.173706 0.321777
vn -0.122057 0.696703 0.706900
v 0.005414 0.810211 0.739445
vt 0.097900 0.316406
vn -0.051529 0.674606 0.736378
v -0.004783 0.808303 0.764278
vt 0.173950 0.286621
vn 0.061760 0.679494 0.731077
v -0.004783 0.810211 0.739445
vt 0.097961 0.293457
vn 0.199264 0.717354 0.667605
v 0.000315 0.807781 0.764238
vt 0.174194 0.304199
vn -0.020925 0.669356 0.742647
v 0.000315 0.809689 0.739405
vt 0.098206 0.304688
vn 0.073087 0.694635 0.715640
v 0.007533 0.813822 0.601770
vt 0.797363 0.330566
vn 0.129204 0.923542 0.361076
v 0.010568 0.816386 0.600764
vt 0.801270 0.344238
vn 0.151193 0.943358 0.295323
v 0.007533 0.818273 0.613309
vt 0.836426 0.321777
vn 0.238789 0.941233 0.238875
v 0.010568 0.820837 0.612303
vt 0.838867 0.331055
vn 0.236487 0.955895 0.174180
v -0.010005 0.816501 0.600718
vt 0.801270 0.265137
vn -0.186365 0.952337 0.241501
v -0.007010 0.813853 0.601757
vt 0.797363 0.278809
vn -0.184130 0.935358 0.301996
v -0.010005 0.820952 0.612258
vt 0.839355 0.278320
vn -0.193295 0.952653 0.234713
v -0.007010 0.818304 0.613296
vt 0.836426 0.287109
vn -0.177848 0.933564 0.311173
v 0.012614 0.819784 0.599430
vt 0.806641 0.357422
vn 0.103766 0.958256 0.266418
v 0.013401 0.824115 0.597731
vt 0.814941 0.372070
vn -0.000019 0.960465 0.278402
v 0.012614 0.824234 0.610970
vt 0.843262 0.340332
vn 0.151041 0.975332 0.160981
v 0.013401 0.828565 0.609270
vt 0.849609 0.350098
vn -0.006964 0.981610 0.190772
v -0.012760 0.824094 0.597739
vt 0.814941 0.237793
vn 0.006894 0.968461 0.249070
v -0.012021 0.819920 0.599377
vt 0.807129 0.251465
vn -0.122055 0.966181 0.227149
v -0.012760 0.828545 0.609278
vt 0.849609 0.259766
vn 0.006886 0.975167 0.221366
v -0.012021 0.824371 0.610916
vt 0.843262 0.269043
vn -0.133369 0.969988 0.203313
v 0.004610 0.812407 0.602325
vt 0.795410 0.319336
vn 0.072703 0.896827 0.436367
v 0.004610 0.816858 0.613864
vt 0.834961 0.314453
vn 0.198424 0.923523 0.328228
v -0.004054 0.812445 0.602310
vt 0.795410 0.290039
vn -0.141966 0.914664 0.378466
v -0.004054 0.816896 0.613849
vt 0.834961 0.294922
vn -0.088939 0.901153 0.424279
v -0.011890 0.828300 0.596088
vt 0.824219 0.224121
vn 0.181199 0.977266 0.110082
v -0.011890 0.832751 0.607628
vt 0.857910 0.250977
vn 0.204970 0.976872 0.060890
v 0.010071 0.832079 0.594605
vt 0.834961 0.398438
vn -0.366123 0.930521 0.009146
v 0.005461 0.835142 0.593403
vt 0.849609 0.413086
vn -0.514727 0.849742 -0.113995
v 0.010071 0.836530 0.606145
vt 0.867676 0.366699
vn -0.381875 0.912203 -0.148519
v 0.005461 0.839593 0.604943
vt 0.882324 0.374512
vn -0.569684 0.748195 -0.340095
v -0.005029 0.835098 0.593421
vt 0.848633 0.196777
vn 0.525892 0.835665 -0.158436
v -0.009560 0.832032 0.594623
vt 0.834961 0.210938
vn 0.370728 0.928319 -0.028005
v -0.005029 0.839549 0.604960
vt 0.881836 0.234863
vn 0.561939 0.771121 -0.299327
v -0.009560 0.836483 0.606162
vt 0.867676 0.242676
vn 0.373444 0.921779 -0.104230
v 0.000268 0.836098 0.593029
vt 0.863281 0.425293
vn -0.695838 0.691641 -0.193500
v 0.000268 0.840549 0.604568
vt 0.898926 0.379395
vn -0.779519 0.399977 -0.482046
v 0.000268 0.836098 0.593029
vt 0.863281 0.184082
vn 0.682117 0.710361 -0.173504
v 0.000268 0.840549 0.604568
vt 0.898926 0.229980
vn 0.751771 0.554426 -0.357004
v 0.012497 0.828366 0.596062
vt 0.824219 0.385742
vn -0.174894 0.974689 0.139258
v 0.012497 0.832817 0.607602
vt 0.857910 0.358887
vn -0.223672 0.974409 0.022328
v 0.000272 0.811747 0.602583
vt 0.793945 0.304688
vn -0.041450 0.882609 0.468276
v 0.000272 0.816198 0.614123
vt 0.834473 0.304688
vn 0.065844 0.889140 0.452873
v 0.007533 0.818273 0.613309
vt 0.836426 0.321777
vn -0.031444 0.919086 -0.392802
v 0.010568 0.820837 0.612303
vt 0.838867 0.331055
vn -0.081408 0.899064 -0.430181
v 0.000276 0.827357 0.609744
vt 0.881348 0.304688
vn 0.000000 0.931715 -0.363190
v -0.010005 0.820952 0.612258
vt 0.839355 0.278320
vn 0.085103 0.897299 -0.433141
v -0.007010 0.818304 0.613296
vt 0.836426 0.287109
vn 0.031443 0.919107 -0.392752
v 0.012614 0.824234 0.610970
vt 0.843262 0.340332
vn -0.161749 0.854908 -0.492919
v 0.013401 0.828565 0.609270
vt 0.849609 0.350098
vn -0.263385 0.778301 -0.569979
v -0.012760 0.828545 0.609278
vt 0.849609 0.259766
vn 0.263382 0.778342 -0.569924
v -0.012021 0.824371 0.610916
vt 0.843262 0.269043
vn 0.165213 0.852763 -0.495479
v 0.004610 0.816858 0.613864
vt 0.834961 0.314453
vn -0.007897 0.928987 -0.370027
v -0.004054 0.816896 0.613849
vt 0.834961 0.294922
vn 0.003970 0.930375 -0.366588
v -0.011890 0.832751 0.607628
vt 0.857910 0.250977
vn 0.376110 0.669526 -0.640529
v 0.010071 0.836530 0.606145
vt 0.867676 0.366699
vn -0.509327 0.500196 -0.700279
v 0.005461 0.839593 0.604943
vt 0.882324 0.374512
vn -0.648939 0.207635 -0.731960
v -0.005029 0.839549 0.604960
vt 0.881836 0.234863
vn 0.648956 0.207689 -0.731930
v -0.009560 0.836483 0.606162
vt 0.867676 0.242676
vn 0.509332 0.500253 -0.700234
v 0.000268 0.840549 0.604568
vt 0.898926 0.379395
vn -0.706918 0.022398 -0.706940
v 0.000268 0.840549 0.604568
vt 0.898926 0.229980
vn 0.706940 0.022443 -0.706918
v 0.012497 0.832817 0.607602
vt 0.857910 0.358887
vn -0.380635 0.670194 -0.637148
v 0.000272 0.816198 0.614123
vt 0.834473 0.304688
vn 0.000000 0.931715 -0.363190
v -0.002533 0.839491 0.762847
vt 0.519531 0.584717
vn 0.000000 -0.071264 -0.997457
v -0.002533 0.841187 0.740781
vt 0.601562 0.584717
vn 0.000000 -0.071264 -0.997457
v -0.002533 0.835706 0.762556
vt 0.519531 0.598877
vn 0.000000 -0.071264 -0.997457
v -0.002533 0.837402 0.740490
vt 0.601562 0.598877
vn 0.000000 -0.071264 -0.997457
v -0.005821 0.833813 0.762410
vt 0.519531 0.612793
vn 0.000000 -0.071264 -0.997457
v -0.005821 0.835509 0.740345
vt 0.601562 0.612793
vn 0.000000 -0.071264 -0.997457
v -0.005821 0.833813 0.762410
vt 0.519531 0.528809
vn 0.000000 -0.071264 -0.997457
v -0.005821 0.835509 0.740345
vt 0.601562 0.528809
vn 0.000000 -0.071264 -0.997457
v -0.009108 0.835706 0.762556
vt 0.519531 0.542725
vn 0.000000 -0.071264 -0.997457
v -0.009108 0.837402 0.740490
vt 0.601562 0.542725
vn 0.000000 -0.071264 -0.997457
v -0.009108 0.839491 0.762847
vt 0.519531 0.556885
vn 0.000000 -0.071264 -0.997457
v -0.009108 0.841187 0.740781
vt 0.601562 0.556885
vn 0.000000 -0.071264 -0.997457
v -0.005821 0.841384 0.762992
vt 0.519531 0.570801
vn 0.000000 -0.071264 -0.997457
v -0.005821 0.843080 0.740927
vt 0.601562 0.570801
vn 0.000000 -0.071264 -0.997457
v -0.005821 0.837599 0.762701
vt 0.507812 0.605957
vn 0.647053 -0.287092 0.706329
v -0.002533 0.839491 0.762847
vt 0.507812 0.591797
vn 0.647053 -0.287092 0.706329
v -0.002533 0.835706 0.762556
vt 0.519531 0.598877
vn 0.647053 -0.287092 0.706329
v -0.005821 0.833813 0.762410
vt 0.519531 0.612793
vn 0.647053 -0.287092 0.706329
v -0.009108 0.835706 0.762556
vt 0.507812 0.619873
vn 0.647053 -0.287092 0.706329
v -0.009108 0.839491 0.762847
vt 0.495605 0.612793
vn 0.647053 -0.287092 0.706329
v -0.005821 0.841384 0.762992
vt 0.495605 0.598877
vn 0.647053 -0.287092 0.706329
v -0.004406 0.828181 0.739781
vt 0.993652 0.452637
vn 0.000000 0.071264 -0.997457
v -0.004406 0.833616 0.740199
vt 0.993652 0.432617
vn 0.000000 0.071264 -0.997457
v -0.004406 0.826485 0.761847
vt 0.912109 0.452637
vn 0.000000 0.071264 -0.997457
v -0.004406 0.831921 0.762265
vt 0.912109 0.432617
vn 0.000000 0.071264 -0.997457
v 0.000315 0.825463 0.739573
vt 0.993652 0.472656
vn 0.000000 0.071264 -0.997457
v 0.000315 0.823768 0.761638
vt 0.912109 0.472656
vn 0.000000 0.071264 -0.997457
v 0.005036 0.828181 0.739781
vt 0.993652 0.372070
vn 0.000000 0.071264 -0.997457
v 0.000315 0.825463 0.739573
vt 0.993652 0.352051
vn 0.000000 0.071264 -0.997457
v 0.005036 0.826485 0.761847
vt 0.912109 0.372070
vn 0.000000 0.071264 -0.997457
v 0.000315 0.823768 0.761638
vt 0.912109 0.352051
vn 0.000000 0.071264 -0.997457
v 0.005036 0.833616 0.740199
vt 0.993652 0.392090
vn 0.000000 0.071264 -0.997457
v 0.005036 0.831921 0.762265
vt 0.912109 0.392090
vn 0.000000 0.071264 -0.997457
v 0.000315 0.836334 0.740408
vt 0.993652 0.412598
vn 0.000000 0.071264 -0.997457
v 0.000315 0.834638 0.762474
vt 0.912109 0.412598
vn 0.000000 0.071264 -0.997457
v -0.004406 0.826485 0.761847
vt 0.912109 0.452637
vn -0.647091 0.287037 0.706316
v -0.004406 0.831921 0.762265
vt 0.894531 0.442871
vn -0.647091 0.287037 0.706316
v 0.000315 0.829203 0.762056
vt 0.894531 0.462891
vn -0.647091 0.287037 0.706316
v 0.000315 0.823768 0.761638
vt 0.912109 0.472656
vn -0.647091 0.287037 0.706316
v 0.005036 0.826485 0.761847
vt 0.894531 0.482910
vn -0.647091 0.287037 0.706316
v 0.005036 0.831921 0.762265
vt 0.877441 0.472656
vn -0.647091 0.287037 0.706316
v 0.000315 0.834638 0.762474
vt 0.877441 0.452637
vn -0.647091 0.287037 0.706316
v -0.007496 0.831921 0.762265
vt 0.827148 0.084473
vn 0.647053 -0.287092 0.706329
v -0.007496 0.833616 0.740199
vt 0.827148 0.002441
vn 0.647053 -0.287092 0.706329
v -0.007496 0.826485 0.761847
vt 0.847168 0.084473
vn -0.647105 -0.287093 0.706281
v -0.007496 0.828181 0.739781
vt 0.847168 0.002441
vn -0.647105 -0.287093 0.706281
v -0.012217 0.823768 0.761638
vt 0.867676 0.084473
vn -0.707074 0.000000 -0.707139
v -0.012217 0.825463 0.739573
vt 0.867676 0.002441
vn -0.707074 0.000000 -0.707139
v -0.012217 0.823768 0.761638
vt 0.746582 0.084473
vn -0.707074 0.000000 -0.707139
v -0.012217 0.825463 0.739573
vt 0.746582 0.002441
vn -0.707074 0.000000 -0.707139
v -0.016938 0.826485 0.761847
vt 0.766602 0.084473
vn -0.283258 -0.933587 -0.219501
v -0.016938 0.828181 0.739781
vt 0.766602 0.002441
vn -0.283258 -0.933587 -0.219501
v -0.016938 0.831921 0.762265
vt 0.787109 0.084473
vn 0.283249 -0.933601 -0.219451
v -0.016938 0.833616 0.740199
vt 0.787109 0.002441
vn 0.283249 -0.933601 -0.219451
v -0.012217 0.834638 0.762474
vt 0.807129 0.084473
vn 0.707074 0.000000 -0.707139
v -0.012217 0.836334 0.740408
vt 0.807129 0.002441
vn 0.707074 0.000000 -0.707139
v -0.012217 0.829203 0.762056
vt 0.857422 0.101562
vn -0.898645 -0.433444 0.067553
v -0.007496 0.831921 0.762265
vt 0.837402 0.101562
vn -0.898645 -0.433444 0.067553
v -0.007496 0.826485 0.761847
vt 0.847168 0.084473
vn -0.898645 -0.433444 0.067553
v -0.012217 0.823768 0.761638
vt 0.867676 0.084473
vn -0.898645 -0.433444 0.067553
v -0.016938 0.826485 0.761847
vt 0.877441 0.101562
vn -0.898645 -0.433444 0.067553
v -0.016938 0.831921 0.762265
vt 0.867676 0.119141
vn -0.898645 -0.433444 0.067553
v -0.012217 0.834638 0.762474
vt 0.847168 0.119141
vn -0.898645 -0.433444 0.067553
v -0.001100 0.821117 0.761434
vt 0.912598 0.130371
vn 0.000000 -0.071264 -0.997457
v -0.001100 0.822813 0.739369
vt 0.994141 0.130371
vn 0.000000 -0.071264 -0.997457
v -0.001100 0.815682 0.761017
vt 0.912598 0.150879
vn 0.000000 -0.071264 -0.997457
v -0.001100 0.817377 0.738951
vt 0.994141 0.150879
vn 0.000000 -0.071264 -0.997457
v -0.005821 0.812964 0.760808
vt 0.912598 0.170898
vn 0.000000 -0.071264 -0.997457
v -0.005821 0.814660 0.738742
vt 0.994141 0.170898
vn 0.000000 -0.071264 -0.997457
v -0.005821 0.812964 0.760808
vt 0.912598 0.050293
vn 0.000000 -0.071264 -0.997457
v -0.005821 0.814660 0.738742
vt 0.994141 0.050293
vn 0.000000 -0.071264 -0.997457
v -0.010542 0.815682 0.761017
vt 0.912598 0.070312
vn 0.000000 -0.071264 -0.997457
v -0.010542 0.817377 0.738951
vt 0.994141 0.070312
vn 0.000000 -0.071264 -0.997457
v -0.010542 0.821117 0.761434
vt 0.912598 0.090332
vn 0.000000 -0.071264 -0.997457
v -0.010542 0.822813 0.739369
vt 0.994141 0.090332
vn 0.000000 -0.071264 -0.997457
v -0.005821 0.823834 0.761643
vt 0.912598 0.110352
vn 0.000000 -0.071264 -0.997457
v -0.005821 0.825530 0.739578
vt 0.994141 0.110352
vn 0.000000 -0.071264 -0.997457
v -0.005821 0.818399 0.761226
vt 0.895020 0.160645
vn 0.647053 -0.287092 0.706329
v -0.001100 0.821117 0.761434
vt 0.895020 0.140625
vn 0.647053 -0.287092 0.706329
v -0.001100 0.815682 0.761017
vt 0.912598 0.150879
vn 0.647053 -0.287092 0.706329
v -0.005821 0.812964 0.760808
vt 0.912598 0.170898
vn 0.647053 -0.287092 0.706329
v -0.010542 0.815682 0.761017
vt 0.895020 0.181152
vn 0.647053 -0.287092 0.706329
v -0.010542 0.821117 0.761434
vt 0.877441 0.170898
vn 0.647053 -0.287092 0.706329
v -0.005821 0.823834 0.761643
vt 0.877441 0.150879
vn 0.647053 -0.287092 0.706329
v 0.001730 0.817377 0.738951
vt 0.994141 0.150879
vn 0.000000 0.071264 -0.997457
v 0.001730 0.822813 0.739369
vt 0.994141 0.130371
vn 0.000000 0.071264 -0.997457
v 0.001730 0.815682 0.761017
vt 0.912598 0.150879
vn 0.000000 0.071264 -0.997457
v 0.001730 0.821117 0.761434
vt 0.912598 0.130371
vn 0.000000 0.071264 -0.997457
v 0.006451 0.814660 0.738742
vt 0.994141 0.170898
vn 0.000000 0.071264 -0.997457
v 0.006451 0.812964 0.760808
vt 0.912598 0.170898
vn 0.000000 0.071264 -0.997457
v 0.011172 0.817377 0.738951
vt 0.994141 0.070312
vn 0.000000 0.071264 -0.997457
v 0.006451 0.814660 0.738742
vt 0.994141 0.050293
vn 0.000000 0.071264 -0.997457
v 0.011172 0.815682 0.761017
vt 0.912598 0.070312
vn 0.000000 0.071264 -0.997457
v 0.006451 0.812964 0.760808
vt 0.912598 0.050293
vn 0.000000 0.071264 -0.997457
v 0.011172 0.822813 0.739369
vt 0.994141 0.090332
vn 0.000000 0.071264 -0.997457
v 0.011172 0.821117 0.761434
vt 0.912598 0.090332
vn 0.000000 0.071264 -0.997457
v 0.006451 0.825530 0.739578
vt 0.994141 0.110352
vn 0.000000 0.071264 -0.997457
v 0.006451 0.823834 0.761643
vt 0.912598 0.110352
vn 0.000000 0.071264 -0.997457
v 0.001730 0.815682 0.761017
vt 0.912598 0.150879
vn -0.647091 0.287037 0.706316
v 0.001730 0.821117 0.761434
vt 0.895020 0.140625
vn -0.647091 0.287037 0.706316
v 0.006451 0.818399 0.761226
vt 0.895020 0.160645
vn -0.647091 0.287037 0.706316
v 0.006451 0.812964 0.760808
vt 0.912598 0.170898
vn -0.647091 0.287037 0.706316
v 0.011172 0.815682 0.761017
vt 0.895020 0.181152
vn -0.647091 0.287037 0.706316
v 0.011172 0.821117 0.761434
vt 0.877441 0.170898
vn -0.647091 0.287037 0.706316
v 0.006451 0.823834 0.761643
vt 0.877441 0.150879
vn -0.647091 0.287037 0.706316
v 0.008127 0.828181 0.739781
vt 0.847168 0.002441
vn 0.647039 0.287036 0.706364
v 0.008127 0.833616 0.740199
vt 0.827148 0.002441
vn -0.647091 0.287037 0.706316
v 0.008127 0.826485 0.761847
vt 0.847168 0.084473
vn 0.647039 0.287036 0.706364
v 0.008127 0.831921 0.762265
vt 0.827148 0.084473
vn -0.647091 0.287037 0.706316
v 0.012848 0.825463 0.739573
vt 0.867676 0.002441
vn 0.707118 0.000000 -0.707096
v 0.012848 0.823768 0.761638
vt 0.867676 0.084473
vn 0.707118 0.000000 -0.707096
v 0.017569 0.828181 0.739781
vt 0.766602 0.002441
vn 0.283293 0.933599 -0.219406
v 0.012848 0.825463 0.739573
vt 0.746582 0.002441
vn 0.707118 0.000000 -0.707096
v 0.017569 0.826485 0.761847
vt 0.766602 0.084473
vn 0.283293 0.933599 -0.219406
v 0.012848 0.823768 0.761638
vt 0.746582 0.084473
vn 0.707118 0.000000 -0.707096
v 0.017569 0.833616 0.740199
vt 0.787109 0.002441
vn -0.283301 0.933584 -0.219457
v 0.017569 0.831921 0.762265
vt 0.787109 0.084473
vn -0.283301 0.933584 -0.219457
v 0.012848 0.836334 0.740408
vt 0.807129 0.002441
vn -0.707118 0.000000 -0.707096
v 0.012848 0.834638 0.762474
vt 0.807129 0.084473
vn -0.707118 0.000000 -0.707096
v 0.008127 0.826485 0.761847
vt 0.847168 0.084473
vn 0.898648 0.433423 0.067642
v 0.008127 0.831921 0.762265
vt 0.837402 0.101562
vn 0.898648 0.433423 0.067642
v 0.012848 0.829203 0.762056
vt 0.857422 0.101562
vn 0.898648 0.433423 0.067642
v 0.012848 0.823768 0.761638
vt 0.867676 0.084473
vn 0.898648 0.433423 0.067642
v 0.017569 0.826485 0.761847
vt 0.877441 0.101562
vn 0.898648 0.433423 0.067642
v 0.017569 0.831921 0.762265
vt 0.867676 0.119141
vn 0.898648 0.433423 0.067642
v 0.012848 0.834638 0.762474
vt 0.847168 0.119141
vn 0.898648 0.433423 0.067642
v 0.003163 0.837402 0.740490
vt 0.601562 0.598877
vn 0.000000 0.071264 -0.997457
v 0.003163 0.841187 0.740781
vt 0.601562 0.584717
vn 0.000000 0.071264 -0.997457
v 0.003163 0.835706 0.762556
vt 0.519531 0.598877
vn 0.000000 0.071264 -0.997457
v 0.003163 0.839491 0.762847
vt 0.519531 0.584717
vn 0.000000 0.071264 -0.997457
v 0.006451 0.835509 0.740345
vt 0.601562 0.612793
vn 0.000000 0.071264 -0.997457
v 0.006451 0.833813 0.762410
vt 0.519531 0.612793
vn 0.000000 0.071264 -0.997457
v 0.009739 0.837402 0.740490
vt 0.601562 0.542725
vn 0.000000 0.071264 -0.997457
v 0.006451 0.835509 0.740345
vt 0.601562 0.528809
vn 0.000000 0.071264 -0.997457
v 0.009739 0.835706 0.762556
vt 0.519531 0.542725
vn 0.000000 0.071264 -0.997457
v 0.006451 0.833813 0.762410
vt 0.519531 0.528809
vn 0.000000 0.071264 -0.997457
v 0.009739 0.841187 0.740781
vt 0.601562 0.556885
vn 0.000000 0.071264 -0.997457
v 0.009739 0.839491 0.762847
vt 0.519531 0.556885
vn 0.000000 0.071264 -0.997457
v 0.006451 0.843080 0.740927
vt 0.601562 0.570801
vn 0.000000 0.071264 -0.997457
v 0.006451 0.841384 0.762992
vt 0.519531 0.570801
vn 0.000000 0.071264 -0.997457
v 0.003163 0.835706 0.762556
vt 0.519531 0.598877
vn -0.647091 0.287037 0.706316
v 0.003163 0.839491 0.762847
vt 0.507812 0.591797
vn -0.647091 0.287037 0.706316
v 0.006451 0.837599 0.762701
vt 0.507812 0.605957
vn -0.647091 0.287037 0.706316
v 0.006451 0.833813 0.762410
vt 0.519531 0.612793
vn -0.647091 0.287037 0.706316
v 0.009739 0.835706 0.762556
vt 0.507812 0.619873
vn -0.647091 0.287037 0.706316
v 0.009739 0.839491 0.762847
vt 0.495605 0.612793
vn -0.647091 0.287037 0.706316
v 0.006451 0.841384 0.762992
vt 0.495605 0.598877
vn -0.647091 0.287037 0.706316
v 0.000315 0.846160 0.742207
vt 0.009140 0.412598
vn 0.702750 0.111570 -0.702634
v 0.010546 0.846172 0.742208
vt 0.037354 0.407227
vn 0.819814 0.131196 -0.557399
v 0.000315 0.828466 0.740848
vt 0.025269 0.303711
vn -0.087676 0.007946 0.996117
v -0.009916 0.846172 0.742208
vt 0.039062 0.200684
vn -0.804303 0.110158 -0.583919
v 0.000315 0.846160 0.742207
vt 0.009972 0.192871
vn -0.702790 0.165970 -0.691765
v 0.015625 0.844459 0.742077
vt 0.050415 0.404297
vn 0.909801 0.409837 -0.065544
v 0.018925 0.840169 0.741747
vt 0.061340 0.395508
vn 0.875303 0.412398 0.252534
v -0.018294 0.840169 0.741747
vt 0.063293 0.212891
vn -0.878454 0.414079 0.238448
v -0.014994 0.844459 0.742077
vt 0.052338 0.204102
vn -0.911351 0.404100 -0.078374
v 0.021262 0.833138 0.741207
vt 0.073669 0.381836
vn 0.734683 0.335568 0.589606
v 0.020321 0.824069 0.740510
vt 0.084961 0.363281
vn 0.482104 0.200851 0.852780
v -0.019691 0.824069 0.740510
vt 0.086121 0.246094
vn -0.503721 0.215853 0.836464
v -0.020632 0.833138 0.741207
vt 0.075439 0.227051
vn -0.756784 0.346812 0.554075
v 0.017005 0.817815 0.740029
vt 0.091187 0.347656
vn 0.254483 0.089054 0.962968
v 0.011152 0.812697 0.739636
vt 0.095703 0.330566
vn 0.104247 0.016005 0.994423
v -0.010521 0.812697 0.739636
vt 0.096008 0.279297
vn -0.146471 0.036595 0.988538
v -0.016374 0.817815 0.740029
vt 0.092102 0.261719
vn -0.281152 0.102235 0.954202
v 0.005414 0.810211 0.739445
vt 0.097900 0.316406
vn -0.079431 0.003939 0.996833
v -0.004783 0.810211 0.739445
vt 0.097961 0.293457
vn -0.104284 0.016006 0.994419
v 0.000315 0.809689 0.739405
vt 0.098206 0.304688
vn -0.095937 0.011969 0.995315
v 0.000315 0.846993 0.608306
vt 0.774414 0.132324
vn 0.980113 0.188253 0.062763
v 0.000315 0.814204 0.621197
vt 0.730469 0.304688
vn 0.979804 0.003919 0.199920
v 0.000313 0.810460 0.604045
vt 0.788086 0.304688
vn -0.979813 0.003919 0.199878
usemtl Charging_Cable.002
f 3/3/3 2/2/2 1/1/1
f 4/4/4 2/2/2 3/3/3
f 7/7/7 6/6/6 5/5/5
f 8/8/8 6/6/6 7/7/7
f 8/8/8 9/9/9 6/6/6
f 10/10/10 9/9/9 8/8/8
f 1/1/1 11/11/11 3/3/3
f 12/12/12 11/11/11 1/1/1
f 10/10/10 13/13/13 9/9/9
f 14/14/14 13/13/13 10/10/10
f 12/12/12 15/15/15 11/11/11
f 16/16/16 15/15/15 12/12/12
f 17/17/17 13/13/13 14/14/14
f 18/18/18 13/13/13 17/17/17
f 15/15/15 20/20/20 19/19/19
f 16/16/16 20/20/20 15/15/15
f 17/17/17 21/21/21 18/18/18
f 22/22/22 21/21/21 17/17/17
f 20/20/20 23/23/23 19/19/19
f 24/24/24 23/23/23 20/20/20
f 22/22/22 25/25/25 21/21/21
f 26/26/26 25/25/25 22/22/22
f 24/24/24 27/27/27 23/23/23
f 28/28/28 27/27/27 24/24/24
f 26/26/26 29/29/29 25/25/25
f 30/30/30 29/29/29 26/26/26
f 28/28/28 31/31/31 27/27/27
f 32/32/32 31/31/31 28/28/28
f 29/29/29 34/34/34 33/33/33
f 30/30/30 34/34/34 29/29/29
f 31/31/31 36/36/36 35/35/35
f 32/32/32 36/36/36 31/31/31
f 39/39/39 38/38/38 37/37/37
f 40/40/40 38/38/38 39/39/39
f 43/43/43 42/42/42 41/41/41
f 44/44/44 42/42/42 43/43/43
f 47/47/47 46/46/46 45/45/45
f 48/48/48 46/46/46 47/47/47
f 51/51/51 50/50/50 49/49/49
f 52/52/52 50/50/50 51/51/51
f 55/55/55 54/54/54 53/53/53
f 56/56/56 54/54/54 55/55/55
f 59/59/59 58/58/58 57/57/57
f 60/60/60 58/58/58 59/59/59
f 63/63/63 62/62/62 61/61/61
f 64/64/64 62/62/62 63/63/63
f 67/67/67 66/66/66 65/65/65
f 68/68/68 66/66/66 67/67/67
f 71/71/71 70/70/70 69/69/69
f 74/74/74 73/73/73 72/72/72
f 75/75/75 73/73/73 74/74/74
f 78/78/78 77/77/77 76/76/76
f 79/79/79 77/77/77 78/78/78
f 82/82/82 81/81/81 80/80/80
f 83/83/83 81/81/81 82/82/82
f 85/85/85 76/76/76 84/84/84
f 78/78/78 76/76/76 85/85/85
f 83/83/83 86/86/86 81/81/81
f 87/87/87 86/86/86 83/83/83
f 79/79/79 69/69/69 77/77/77
f 71/71/71 69/69/69 79/79/79
f 88/88/88 80/80/80 74/74/74
f 82/82/82 80/80/80 88/88/88
f 61/61/61 89/89/89 63/63/63
f 90/90/90 89/89/89 61/61/61
f 64/64/64 37/37/37 62/62/62
f 39/39/39 37/37/37 64/64/64
f 44/44/44 65/65/65 42/42/42
f 67/67/67 65/65/65 44/44/44
f 93/93/93 92/92/92 91/91/91
f 96/96/96 95/95/95 94/94/94
f 97/97/97 95/95/95 96/96/96
f 100/100/100 99/99/99 98/98/98
f 101/101/101 99/99/99 100/100/100
f 104/104/104 103/103/103 102/102/102
f 105/105/105 103/103/103 104/104/104
f 108/108/108 107/107/107 106/106/106
f 109/109/109 107/107/107 108/108/108
f 112/112/112 111/111/111 110/110/110
f 113/113/113 111/111/111 112/112/112
f 115/115/115 106/106/106 114/114/114
f 108/108/108 106/106/106 115/115/115
f 117/117/117 110/110/110 116/116/116
f 112/112/112 110/110/110 117/117/117
f 109/109/109 100/100/100 107/107/107
f 101/101/101 100/100/100 109/109/109
f 113/113/113 118/118/118 111/111/111
f 119/119/119 118/118/118 113/113/113
f 122/122/122 121/121/121 120/120/120
f 103/103/103 94/94/94 102/102/102
f 96/96/96 94/94/94 103/103/103
f 48/48/48 92/92/92 46/46/46
f 123/123/123 92/92/92 48/48/48
f 97/97/97 49/49/49 95/95/95
f 51/51/51 49/49/49 97/97/97
f 56/56/56 124/124/124 54/54/54
f 125/125/125 124/124/124 56/56/56
f 127/127/127 57/57/57 126/126/126
f 59/59/59 57/57/57 127/127/127
f 125/125/125 128/128/128 124/124/124
f 129/129/129 128/128/128 125/125/125
f 131/131/131 126/126/126 130/130/130
f 127/127/127 126/126/126 131/131/131
f 123/123/123 91/91/91 92/92/92
f 132/132/132 91/91/91 123/123/123
f 132/132/132 120/120/120 91/91/91
f 133/133/133 120/120/120 132/132/132
f 98/98/98 134/134/134 100/100/100
f 135/135/135 134/134/134 98/98/98
f 134/134/134 107/107/107 100/100/100
f 136/136/136 107/107/107 134/134/134
f 136/136/136 106/106/106 107/107/107
f 137/137/137 106/106/106 136/136/136
f 137/137/137 114/114/114 106/106/106
f 138/138/138 114/114/114 137/137/137
f 139/139/139 94/94/94 95/95/95
f 140/140/140 94/94/94 139/139/139
f 102/102/102 94/94/94 140/140/140
f 102/102/102 141/141/141 104/104/104
f 142/142/142 141/141/141 102/102/102
f 118/118/118 143/143/143 111/111/111
f 144/144/144 143/143/143 118/118/118
f 143/143/143 110/110/110 111/111/111
f 145/145/145 110/110/110 143/143/143
f 145/145/145 116/116/116 110/110/110
f 146/146/146 116/116/116 145/145/145
f 149/149/149 148/148/148 147/147/147
f 150/150/150 148/148/148 149/149/149
f 152/152/152 130/130/130 151/151/151
f 131/131/131 130/130/130 152/152/152
f 101/101/101 153/153/153 99/99/99
f 154/154/154 153/153/153 101/101/101
f 142/142/142 155/155/155 141/141/141
f 156/156/156 109/109/109 108/108/108
f 157/157/157 109/109/109 156/156/156
f 158/158/158 145/145/145 143/143/143
f 159/159/159 145/145/145 158/158/158
f 160/160/160 108/108/108 115/115/115
f 156/156/156 108/108/108 160/160/160
f 159/159/159 146/146/146 145/145/145
f 161/161/161 146/146/146 159/159/159
f 154/154/154 109/109/109 157/157/157
f 101/101/101 109/109/109 154/154/154
f 144/144/144 158/158/158 143/143/143
f 162/162/162 158/158/158 144/144/144
f 163/163/163 157/157/157 156/156/156
f 164/164/164 159/159/159 158/158/158
f 165/165/165 157/157/157 163/163/163
f 154/154/154 157/157/157 165/165/165
f 162/162/162 164/164/164 158/158/158
f 166/166/166 164/164/164 162/162/162
f 167/167/167 154/154/154 165/165/165
f 153/153/153 154/154/154 167/167/167
f 168/168/168 165/165/165 163/163/163
f 169/169/169 164/164/164 166/166/166
f 170/170/170 165/165/165 168/168/168
f 167/167/167 165/165/165 170/170/170
f 171/171/171 169/169/169 166/166/166
f 172/172/172 169/169/169 171/171/171
f 173/173/173 170/170/170 168/168/168
f 174/174/174 170/170/170 173/173/173
f 177/177/177 176/176/176 175/175/175
f 150/150/150 177/177/177 148/148/148
f 176/176/176 177/177/177 150/150/150
f 180/180/180 179/179/179 178/178/178
f 181/181/181 179/179/179 180/180/180
f 183/183/183 182/182/182 175/175/175
f 184/184/184 182/182/182 183/183/183
f 187/187/187 186/186/186 185/185/185
f 188/188/188 186/186/186 187/187/187
f 129/129/129 147/147/147 128/128/128
f 149/149/149 147/147/147 129/129/129
f 93/93/93 120/120/120 121/121/121
f 91/91/91 120/120/120 93/93/93
f 181/181/181 151/151/151 179/179/179
f 152/152/152 151/151/151 181/181/181
f 140/140/140 142/142/142 102/102/102
f 191/191/191 190/190/190 189/189/189
f 192/192/192 190/190/190 191/191/191
f 195/195/195 194/194/194 193/193/193
f 196/196/196 194/194/194 195/195/195
f 199/199/199 198/198/198 197/197/197
f 200/200/200 198/198/198 199/199/199
f 203/203/203 202/202/202 201/201/201
f 204/204/204 202/202/202 203/203/203
f 207/207/207 206/206/206 205/205/205
f 208/208/208 206/206/206 207/207/207
f 211/211/211 210/210/210 209/209/209
f 212/212/212 210/210/210 211/211/211
f 215/215/215 214/214/214 213/213/213
f 216/216/216 214/214/214 215/215/215
f 219/219/219 218/218/218 217/217/217
f 220/220/220 218/218/218 219/219/219
f 216/216/216 205/205/205 214/214/214
f 207/207/207 205/205/205 216/216/216
f 212/212/212 217/217/217 210/210/210
f 219/219/219 217/217/217 212/212/212
f 208/208/208 197/197/197 206/206/206
f 199/199/199 197/197/197 208/208/208
f 204/204/204 209/209/209 202/202/202
f 211/211/211 209/209/209 204/204/204
f 189/189/189 200/200/200 191/191/191
f 198/198/198 200/200/200 189/189/189
f 201/201/201 196/196/196 203/203/203
f 194/194/194 196/196/196 201/201/201
f 215/215/215 213/213/213 182/182/182
f 218/218/218 185/185/185 186/186/186
f 221/221/221 87/87/87 83/83/83
f 222/222/222 87/87/87 221/221/221
f 223/223/223 83/83/83 82/82/82
f 221/221/221 83/83/83 223/223/223
f 82/82/82 224/224/224 223/223/223
f 88/88/88 224/224/224 82/82/82
f 73/73/73 225/225/225 72/72/72
f 226/226/226 225/225/225 73/73/73
f 226/226/226 68/68/68 227/227/227
f 73/73/73 68/68/68 226/226/226
f 228/228/228 68/68/68 67/67/67
f 227/227/227 68/68/68 228/228/228
f 67/67/67 229/229/229 228/228/228
f 44/44/44 229/229/229 67/67/67
f 230/230/230 44/44/44 43/43/43
f 229/229/229 44/44/44 230/230/230
f 231/231/231 40/40/40 39/39/39
f 232/232/232 40/40/40 231/231/231
f 231/231/231 64/64/64 233/233/233
f 39/39/39 64/64/64 231/231/231
f 234/234/234 64/64/64 63/63/63
f 233/233/233 64/64/64 234/234/234
f 234/234/234 89/89/89 235/235/235
f 63/63/63 89/89/89 234/234/234
f 71/71/71 236/236/236 70/70/70
f 237/237/237 236/236/236 71/71/71
f 237/237/237 79/79/79 238/238/238
f 71/71/71 79/79/79 237/237/237
f 239/239/239 79/79/79 78/78/78
f 238/238/238 79/79/79 239/239/239
f 240/240/240 78/78/78 85/85/85
f 239/239/239 78/78/78 240/240/240
f 81/81/81 34/34/34 30/30/30
f 86/86/86 34/34/34 81/81/81
f 80/80/80 30/30/30 26/26/26
f 81/81/81 30/30/30 80/80/80
f 74/74/74 26/26/26 22/22/22
f 80/80/80 26/26/26 74/74/74
f 17/17/17 74/74/74 22/22/22
f 75/75/75 74/74/74 17/17/17
f 75/75/75 14/14/14 66/66/66
f 17/17/17 14/14/14 75/75/75
f 65/65/65 14/14/14 10/10/10
f 66/66/66 14/14/14 65/65/65
f 42/42/42 10/10/10 8/8/8
f 65/65/65 10/10/10 42/42/42
f 41/41/41 8/8/8 7/7/7
f 42/42/42 8/8/8 41/41/41
f 37/37/37 4/4/4 3/3/3
f 38/38/38 4/4/4 37/37/37
f 62/62/62 3/3/3 11/11/11
f 37/37/37 3/3/3 62/62/62
f 61/61/61 11/11/11 15/15/15
f 62/62/62 11/11/11 61/61/61
f 19/19/19 69/69/69 90/90/90
f 23/23/23 69/69/69 19/19/19
f 77/77/77 23/23/23 27/27/27
f 69/69/69 23/23/23 77/77/77
f 76/76/76 27/27/27 31/31/31
f 77/77/77 27/27/27 76/76/76
f 84/84/84 31/31/31 35/35/35
f 76/76/76 31/31/31 84/84/84
f 241/241/241 1/1/1 2/2/2
f 242/242/242 1/1/1 241/241/241
f 243/243/243 5/5/5 6/6/6
f 244/244/244 5/5/5 243/243/243
f 245/245/245 16/16/16 12/12/12
f 246/246/246 16/16/16 245/245/245
f 247/247/247 9/9/9 13/13/13
f 248/248/248 9/9/9 247/247/247
f 249/249/249 24/24/24 20/20/20
f 250/250/250 24/24/24 249/249/249
f 251/251/251 18/18/18 21/21/21
f 252/252/252 18/18/18 251/251/251
f 253/253/253 32/32/32 28/28/28
f 254/254/254 32/32/32 253/253/253
f 255/255/255 25/25/25 29/29/29
f 256/256/256 25/25/25 255/255/255
f 254/254/254 36/36/36 32/32/32
f 257/257/257 36/36/36 254/254/254
f 258/258/258 29/29/29 33/33/33
f 255/255/255 29/29/29 258/258/258
f 250/250/250 28/28/28 24/24/24
f 253/253/253 28/28/28 250/250/250
f 256/256/256 21/21/21 25/25/25
f 251/251/251 21/21/21 256/256/256
f 16/16/16 249/249/249 20/20/20
f 246/246/246 249/249/249 16/16/16
f 18/18/18 247/247/247 13/13/13
f 252/252/252 247/247/247 18/18/18
f 12/12/12 242/242/242 245/245/245
f 1/1/1 242/242/242 12/12/12
f 6/6/6 248/248/248 243/243/243
f 9/9/9 248/248/248 6/6/6
f 259/259/259 242/242/242 241/241/241
f 260/260/260 242/242/242 259/259/259
f 261/261/261 244/244/244 243/243/243
f 262/262/262 244/244/244 261/261/261
f 263/263/263 246/246/246 245/245/245
f 264/264/264 246/246/246 263/263/263
f 265/265/265 248/248/248 247/247/247
f 266/266/266 248/248/248 265/265/265
f 267/267/267 250/250/250 249/249/249
f 268/268/268 250/250/250 267/267/267
f 269/269/269 252/252/252 251/251/251
f 270/270/270 252/252/252 269/269/269
f 271/271/271 254/254/254 253/253/253
f 272/272/272 254/254/254 271/271/271
f 273/273/273 256/256/256 255/255/255
f 274/274/274 256/256/256 273/273/273
f 272/272/272 257/257/257 254/254/254
f 275/275/275 257/257/257 272/272/272
f 276/276/276 255/255/255 258/258/258
f 273/273/273 255/255/255 276/276/276
f 268/268/268 253/253/253 250/250/250
f 271/271/271 253/253/253 268/268/268
f 274/274/274 251/251/251 256/256/256
f 269/269/269 251/251/251 274/274/274
f 249/249/249 264/264/264 267/267/267
f 246/246/246 264/264/264 249/249/249
f 247/247/247 270/270/270 265/265/265
f 252/252/252 270/270/270 247/247/247
f 245/245/245 260/260/260 263/263/263
f 242/242/242 260/260/260 245/245/245
f 243/243/243 266/266/266 261/261/261
f 248/248/248 266/266/266 243/243/243
f 279/279/279 278/278/278 277/277/277
f 280/280/280 278/278/278 279/279/279
f 283/283/283 282/282/282 281/281/281
f 284/284/284 282/282/282 283/283/283
f 285/285/285 278/278/278 280/280/280
f 286/286/286 283/283/283 281/281/281
f 287/287/287 285/285/285 280/280/280
f 288/288/288 285/285/285 287/287/287
f 289/289/289 283/283/283 286/286/286
f 290/290/290 283/283/283 289/289/289
f 291/291/291 280/280/280 279/279/279
f 287/287/287 280/280/280 291/291/291
f 290/290/290 284/284/284 283/283/283
f 292/292/292 284/284/284 290/290/290
f 293/293/293 288/288/288 287/287/287
f 294/294/294 288/288/288 293/293/293
f 295/295/295 290/290/290 289/289/289
f 296/296/296 290/290/290 295/295/295
f 297/297/297 287/287/287 291/291/291
f 293/293/293 287/287/287 297/297/297
f 296/296/296 292/292/292 290/290/290
f 298/298/298 292/292/292 296/296/296
f 299/299/299 200/200/200 199/199/199
f 300/300/300 200/200/200 299/299/299
f 301/301/301 204/204/204 203/203/203
f 302/302/302 204/204/204 301/301/301
f 299/299/299 208/208/208 207/207/207
f 199/199/199 208/208/208 299/299/299
f 212/212/212 204/204/204 302/302/302
f 211/211/211 204/204/204 212/212/212
f 303/303/303 207/207/207 216/216/216
f 299/299/299 207/207/207 303/303/303
f 219/219/219 302/302/302 304/304/304
f 212/212/212 302/302/302 219/219/219
f 305/305/305 215/215/215 182/182/182
f 306/306/306 215/215/215 305/305/305
f 185/185/185 308/308/308 307/307/307
f 220/220/220 308/308/308 185/185/185
f 306/306/306 216/216/216 215/215/215
f 303/303/303 216/216/216 306/306/306
f 220/220/220 304/304/304 308/308/308
f 219/219/219 304/304/304 220/220/220
f 310/310/310 182/182/182 309/309/309
f 305/305/305 182/182/182 310/310/310
f 311/311/311 303/303/303 306/306/306
f 312/312/312 303/303/303 311/311/311
f 313/313/313 308/308/308 304/304/304
f 314/314/314 308/308/308 313/313/313
f 305/305/305 316/316/316 315/315/315
f 310/310/310 316/316/316 305/305/305
f 306/306/306 315/315/315 311/311/311
f 305/305/305 315/315/315 306/306/306
f 307/307/307 314/314/314 317/317/317
f 308/308/308 314/314/314 307/307/307
f 312/312/312 299/299/299 303/303/303
f 300/300/300 299/299/299 312/312/312
f 301/301/301 304/304/304 302/302/302
f 313/313/313 304/304/304 301/301/301
f 320/320/320 319/319/319 318/318/318
f 323/323/323 322/322/322 321/321/321
f 324/324/324 322/322/322 323/323/323
f 327/327/327 326/326/326 325/325/325
f 328/328/328 326/326/326 327/327/327
f 330/330/330 321/321/321 329/329/329
f 321/321/321 331/331/331 323/323/323
f 330/330/330 331/331/331 321/321/321
f 333/333/333 319/319/319 332/332/332
f 318/318/318 319/319/319 333/333/333
f 336/336/336 335/335/335 334/334/334
f 337/337/337 335/335/335 336/336/336
f 339/339/339 331/331/331 338/338/338
f 334/334/334 327/327/327 325/325/325
f 335/335/335 327/327/327 334/334/334
f 340/340/340 293/293/293 297/297/297
f 341/341/341 293/293/293 340/340/340
f 342/342/342 298/298/298 296/296/296
f 343/343/343 298/298/298 342/342/342
f 344/344/344 341/341/341 340/340/340
f 345/345/345 341/341/341 344/344/344
f 346/346/346 343/343/343 342/342/342
f 347/347/347 343/343/343 346/346/346
f 348/348/348 345/345/345 344/344/344
f 349/349/349 345/345/345 348/348/348
f 350/350/350 347/347/347 346/346/346
f 351/351/351 347/347/347 350/350/350
f 352/352/352 349/349/349 348/348/348
f 353/353/353 349/349/349 352/352/352
f 354/354/354 351/351/351 350/350/350
f 355/355/355 351/351/351 354/354/354
f 357/357/357 338/338/338 356/356/356
f 358/358/358 338/338/338 357/357/357
f 328/328/328 359/359/359 326/326/326
f 360/360/360 359/359/359 328/328/328
f 361/361/361 341/341/341 345/345/345
f 362/362/362 341/341/341 361/361/361
f 363/363/363 346/346/346 342/342/342
f 364/364/364 346/346/346 363/363/363
f 361/361/361 345/345/345 349/349/349
f 364/364/364 350/350/350 346/346/346
f 362/362/362 293/293/293 341/341/341
f 294/294/294 293/293/293 362/362/362
f 295/295/295 342/342/342 296/296/296
f 363/363/363 342/342/342 295/295/295
f 367/367/367 366/366/366 365/365/365
f 368/368/368 366/366/366 367/367/367
f 370/370/370 368/368/368 369/369/369
f 366/366/366 368/368/368 370/370/370
f 373/373/373 372/372/372 371/371/371
f 374/374/374 372/372/372 373/373/373
f 377/377/377 376/376/376 375/375/375
f 378/378/378 376/376/376 377/377/377
f 381/381/381 380/380/380 379/379/379
f 380/380/380 383/383/383 382/382/382
f 384/384/384 383/383/383 380/380/380
f 387/387/387 386/386/386 385/385/385
f 388/388/388 386/386/386 387/387/387
f 391/391/391 390/390/390 389/389/389
f 392/392/392 390/390/390 391/391/391
f 381/381/381 384/384/384 380/380/380
f 393/393/393 384/384/384 381/381/381
f 321/321/321 394/394/394 329/329/329
f 322/322/322 394/394/394 321/321/321
f 396/396/396 371/371/371 395/395/395
f 373/373/373 371/371/371 396/396/396
f 375/375/375 398/398/398 397/397/397
f 376/376/376 398/398/398 375/375/375
f 399/399/399 332/332/332 319/319/319
f 400/400/400 332/332/332 399/399/399
f 401/401/401 368/368/368 367/367/367
f 402/402/402 368/368/368 401/401/401
f 369/369/369 402/402/402 403/403/403
f 368/368/368 402/402/402 369/369/369
f 329/329/329 174/174/174 173/173/173
f 394/394/394 174/174/174 329/329/329
f 404/404/404 395/395/395 309/309/309
f 396/396/396 395/395/395 404/404/404
f 310/310/310 398/398/398 316/316/316
f 397/397/397 398/398/398 310/310/310
f 399/399/399 172/172/172 400/400/400
f 169/169/169 172/172/172 399/399/399
f 405/405/405 185/185/185 401/401/401
f 187/187/187 185/185/185 405/405/405
f 402/402/402 317/317/317 403/403/403
f 307/307/307 317/317/317 402/402/402
f 331/331/331 406/406/406 323/323/323
f 339/339/339 406/406/406 331/331/331
f 323/323/323 407/407/407 324/324/324
f 406/406/406 407/407/407 323/323/323
f 374/374/374 385/385/385 372/372/372
f 387/387/387 385/385/385 374/374/374
f 378/378/378 390/390/390 408/408/408
f 377/377/377 390/390/390 378/378/378
f 409/409/409 320/320/320 318/318/318
f 410/410/410 320/320/320 409/409/409
f 318/318/318 411/411/411 409/409/409
f 333/333/333 411/411/411 318/318/318
f 366/366/366 412/412/412 365/365/365
f 413/413/413 412/412/412 366/366/366
f 414/414/414 366/366/366 370/370/370
f 413/413/413 366/366/366 414/414/414
f 338/338/338 415/415/415 339/339/339
f 358/358/358 415/415/415 338/338/338
f 339/339/339 416/416/416 406/406/406
f 415/415/415 416/416/416 339/339/339
f 416/416/416 407/407/407 406/406/406
f 417/417/417 407/407/407 416/416/416
f 326/326/326 410/410/410 325/325/325
f 410/410/410 334/334/334 325/325/325
f 409/409/409 334/334/334 410/410/410
f 409/409/409 336/336/336 334/334/334
f 411/411/411 336/336/336 409/409/409
f 412/412/412 380/380/380 382/382/382
f 413/413/413 380/380/380 412/412/412
f 419/419/419 418/418/418 391/391/391
f 420/420/420 418/418/418 419/419/419
f 421/421/421 393/393/393 381/381/381
f 390/390/390 392/392/392 408/408/408
f 380/380/380 414/414/414 379/379/379
f 413/413/413 414/414/414 380/380/380
f 422/422/422 408/408/408 392/392/392
f 425/425/425 424/424/424 423/423/423
f 421/421/421 424/424/424 425/425/425
f 426/426/426 381/381/381 379/379/379
f 428/428/428 420/420/420 427/427/427
f 418/418/418 420/420/420 428/428/428
f 431/431/431 430/430/430 429/429/429
f 432/432/432 430/430/430 431/431/431
f 435/435/435 434/434/434 433/433/433
f 436/436/436 434/434/434 435/435/435
f 439/439/439 438/438/438 437/437/437
f 440/440/440 438/438/438 439/439/439
f 443/443/443 442/442/442 441/441/441
f 444/444/444 442/442/442 443/443/443
f 440/440/440 429/429/429 438/438/438
f 431/431/431 429/429/429 440/440/440
f 436/436/436 441/441/441 434/434/434
f 443/443/443 441/441/441 436/436/436
f 432/432/432 445/445/445 430/430/430
f 446/446/446 445/445/445 432/432/432
f 448/448/448 433/433/433 447/447/447
f 435/435/435 433/433/433 448/448/448
f 451/451/451 450/450/450 449/449/449
f 452/452/452 450/450/450 451/451/451
f 454/454/454 437/437/437 453/453/453
f 439/439/439 437/437/437 454/454/454
f 457/457/457 456/456/456 455/455/455
f 458/458/458 456/456/456 457/457/457
f 452/452/452 459/459/459 450/450/450
f 460/460/460 459/459/459 452/452/452
f 462/462/462 455/455/455 461/461/461
f 457/457/457 455/455/455 462/462/462
f 460/460/460 463/463/463 459/459/459
f 464/464/464 463/463/463 460/460/460
f 458/458/458 453/453/453 456/456/456
f 454/454/454 453/453/453 458/458/458
f 385/385/385 389/389/389 390/390/390
f 386/386/386 389/389/389 385/385/385
f 372/372/372 390/390/390 377/377/377
f 385/385/385 390/390/390 372/372/372
f 377/377/377 371/371/371 372/372/372
f 375/375/375 371/371/371 377/377/377
f 375/375/375 395/395/395 371/371/371
f 397/397/397 395/395/395 375/375/375
f 397/397/397 309/309/309 395/395/395
f 310/310/310 309/309/309 397/397/397
f 444/444/444 449/449/449 442/442/442
f 451/451/451 449/449/449 444/444/444
f 383/383/383 465/465/465 382/382/382
f 466/466/466 465/465/465 383/383/383
f 465/465/465 412/412/412 382/382/382
f 467/467/467 412/412/412 465/465/465
f 467/467/467 365/365/365 412/412/412
f 468/468/468 365/365/365 467/467/467
f 468/468/468 367/367/367 365/365/365
f 469/469/469 367/367/367 468/468/468
f 469/469/469 401/401/401 367/367/367
f 405/405/405 401/401/401 469/469/469
f 184/184/184 309/309/309 182/182/182
f 404/404/404 309/309/309 184/184/184
f 401/401/401 307/307/307 402/402/402
f 185/185/185 307/307/307 401/401/401
f 472/472/472 471/471/471 470/470/470
f 473/473/473 471/471/471 472/472/472
f 473/473/473 474/474/474 471/471/471
f 475/475/475 474/474/474 473/473/473
f 472/472/472 470/470/470 476/476/476
f 475/475/475 477/477/477 474/474/474
f 472/472/472 476/476/476 478/478/478
f 475/475/475 479/479/479 477/477/477
f 482/482/482 481/481/481 480/480/480
f 483/483/483 481/481/481 482/482/482
f 486/486/486 485/485/485 484/484/484
f 487/487/487 485/485/485 486/486/486
f 490/490/490 489/489/489 488/488/488
f 491/491/491 489/489/489 490/490/490
f 491/491/491 480/480/480 489/489/489
f 482/482/482 480/480/480 491/491/491
f 487/487/487 492/492/492 485/485/485
f 493/493/493 492/492/492 487/487/487
f 483/483/483 478/478/478 481/481/481
f 472/472/472 478/478/478 483/483/483
f 475/475/475 484/484/484 479/479/479
f 486/486/486 484/484/484 475/475/475
f 493/493/493 494/494/494 492/492/492
f 495/495/495 494/494/494 493/493/493
f 498/498/498 497/497/497 496/496/496
f 499/499/499 497/497/497 498/498/498
f 502/502/502 501/501/501 500/500/500
f 503/503/503 501/501/501 502/502/502
f 503/503/503 504/504/504 501/501/501
f 499/499/499 505/505/505 497/497/497
f 506/506/506 505/505/505 499/499/499
f 508/508/508 500/500/500 507/507/507
f 502/502/502 500/500/500 508/508/508
f 506/506/506 488/488/488 505/505/505
f 490/490/490 488/488/488 506/506/506
f 495/495/495 507/507/507 494/494/494
f 508/508/508 507/507/507 495/495/495
f 498/498/498 496/496/496 509/509/509
f 498/498/498 509/509/509 510/510/510
f 503/503/503 511/511/511 504/504/504
f 513/513/513 510/510/510 512/512/512
f 498/498/498 510/510/510 513/513/513
f 503/503/503 514/514/514 511/511/511
f 513/513/513 514/514/514 503/503/503
f 513/513/513 512/512/512 515/515/515
f 513/513/513 515/515/515 514/514/514
f 516/516/516 472/472/472 483/483/483
f 473/473/473 472/472/472 516/516/516
f 473/473/473 486/486/486 475/475/475
f 516/516/516 486/486/486 473/473/473
f 517/517/517 482/482/482 491/491/491
f 518/518/518 482/482/482 517/517/517
f 518/518/518 493/493/493 487/487/487
f 517/517/517 493/493/493 518/518/518
f 519/519/519 490/490/490 506/506/506
f 520/520/520 490/490/490 519/519/519
f 520/520/520 508/508/508 495/495/495
f 519/519/519 508/508/508 520/520/520
f 513/513/513 499/499/499 498/498/498
f 521/521/521 499/499/499 513/513/513
f 521/521/521 503/503/503 502/502/502
f 513/513/513 503/503/503 521/521/521
f 483/483/483 518/518/518 516/516/516
f 482/482/482 518/518/518 483/483/483
f 487/487/487 516/516/516 518/518/518
f 486/486/486 516/516/516 487/487/487
f 521/521/521 506/506/506 499/499/499
f 519/519/519 506/506/506 521/521/521
f 519/519/519 502/502/502 508/508/508
f 521/521/521 502/502/502 519/519/519
f 520/520/520 491/491/491 490/490/490
f 517/517/517 491/491/491 520/520/520
f 517/517/517 495/495/495 493/493/493
f 520/520/520 495/495/495 517/517/517
f 522/522/522 166/166/166 162/162/162
f 171/171/171 166/166/166 522/522/522
f 522/522/522 144/144/144 523/523/523
f 162/162/162 144/144/144 522/522/522
f 523/523/523 118/118/118 524/524/524
f 144/144/144 118/118/118 523/523/523
f 119/119/119 524/524/524 118/118/118
f 105/105/105 524/524/524 119/119/119
f 526/526/526 122/122/122 525/525/525
f 525/525/525 120/120/120 527/527/527
f 122/122/122 120/120/120 525/525/525
f 133/133/133 527/527/527 120/120/120
f 135/135/135 527/527/527 133/133/133
f 155/155/155 528/528/528 188/188/188
f 528/528/528 181/181/181 180/180/180
f 529/529/529 181/181/181 528/528/528
f 529/529/529 152/152/152 181/181/181
f 530/530/530 152/152/152 529/529/529
f 530/530/530 131/131/131 152/152/152
f 531/531/531 131/131/131 530/530/530
f 531/531/531 127/127/127 131/131/131
f 532/532/532 127/127/127 531/531/531
f 532/532/532 59/59/59 127/127/127
f 533/533/533 59/59/59 532/532/532
f 533/533/533 60/60/60 59/59/59
f 534/534/534 60/60/60 533/533/533
f 535/535/535 56/56/56 55/55/55
f 536/536/536 56/56/56 535/535/535
f 536/536/536 125/125/125 56/56/56
f 537/537/537 125/125/125 536/536/536
f 537/537/537 129/129/129 125/125/125
f 538/538/538 129/129/129 537/537/537
f 538/538/538 149/149/149 129/129/129
f 539/539/539 149/149/149 538/538/538
f 539/539/539 150/150/150 149/149/149
f 540/540/540 150/150/150 539/539/539
f 540/540/540 176/176/176 150/150/150
f 541/541/541 176/176/176 540/540/540
f 541/541/541 175/175/175 176/176/176
f 183/183/183 175/175/175 541/541/541
f 180/180/180 178/178/178 186/186/186
f 155/155/155 529/529/529 528/528/528
f 142/142/142 529/529/529 155/155/155
f 142/142/142 530/530/530 529/529/529
f 140/140/140 530/530/530 142/142/142
f 140/140/140 531/531/531 530/530/530
f 139/139/139 531/531/531 140/140/140
f 139/139/139 532/532/532 531/531/531
f 95/95/95 532/532/532 139/139/139
f 95/95/95 533/533/533 532/532/532
f 49/49/49 533/533/533 95/95/95
f 49/49/49 534/534/534 533/533/533
f 50/50/50 534/534/534 49/49/49
f 45/45/45 536/536/536 535/535/535
f 46/46/46 536/536/536 45/45/45
f 46/46/46 537/537/537 536/536/536
f 92/92/92 537/537/537 46/46/46
f 92/92/92 538/538/538 537/537/537
f 93/93/93 538/538/538 92/92/92
f 93/93/93 539/539/539 538/538/538
f 121/121/121 539/539/539 93/93/93
f 121/121/121 540/540/540 539/539/539
f 122/122/122 540/540/540 121/121/121
f 122/122/122 541/541/541 540/540/540
f 526/526/526 541/541/541 122/122/122
f 526/526/526 183/183/183 541/541/541
f 186/186/186 528/528/528 180/180/180
f 188/188/188 528/528/528 186/186/186
f 217/217/217 186/186/186 178/178/178
f 218/218/218 186/186/186 217/217/217
f 210/210/210 178/178/178 179/179/179
f 217/217/217 178/178/178 210/210/210
f 209/209/209 179/179/179 151/151/151
f 210/210/210 179/179/179 209/209/209
f 209/209/209 130/130/130 202/202/202
f 151/151/151 130/130/130 209/209/209
f 201/201/201 130/130/130 126/126/126
f 202/202/202 130/130/130 201/201/201
f 126/126/126 194/194/194 201/201/201
f 57/57/57 194/194/194 126/126/126
f 193/193/193 57/57/57 58/58/58
f 194/194/194 57/57/57 193/193/193
f 189/189/189 53/53/53 54/54/54
f 190/190/190 53/53/53 189/189/189
f 54/54/54 198/198/198 189/189/189
f 124/124/124 198/198/198 54/54/54
f 197/197/197 124/124/124 128/128/128
f 198/198/198 124/124/124 197/197/197
f 197/197/197 147/147/147 206/206/206
f 128/128/128 147/147/147 197/197/197
f 205/205/205 147/147/147 148/148/148
f 206/206/206 147/147/147 205/205/205
f 214/214/214 148/148/148 177/177/177
f 205/205/205 148/148/148 214/214/214
f 213/213/213 177/177/177 175/175/175
f 214/214/214 177/177/177 213/213/213
f 213/213/213 175/175/175 182/182/182
f 220/220/220 185/185/185 218/218/218
f 542/542/542 33/33/33 34/34/34
f 543/543/543 33/33/33 542/542/542
f 258/258/258 543/543/543 544/544/544
f 33/33/33 543/543/543 258/258/258
f 276/276/276 544/544/544 545/545/545
f 258/258/258 544/544/544 276/276/276
f 117/117/117 547/547/547 546/546/546
f 116/116/116 547/547/547 117/117/117
f 87/87/87 549/549/549 548/548/548
f 222/222/222 549/549/549 87/87/87
f 548/548/548 86/86/86 87/87/87
f 550/550/550 86/86/86 548/548/548
f 34/34/34 550/550/550 542/542/542
f 86/86/86 550/550/550 34/34/34
f 282/282/282 552/552/552 551/551/551
f 284/284/284 552/552/552 282/282/282
f 146/146/146 554/554/554 553/553/553
f 161/161/161 554/554/554 146/146/146
f 116/116/116 553/553/553 547/547/547
f 146/146/146 553/553/553 116/116/116
f 359/359/359 556/556/556 555/555/555
f 360/360/360 556/556/556 359/359/359
f 351/351/351 558/558/558 557/557/557
f 355/355/355 558/558/558 351/351/351
f 347/347/347 557/557/557 559/559/559
f 351/351/351 557/557/557 347/347/347
f 343/343/343 559/559/559 560/560/560
f 347/347/347 559/559/559 343/343/343
f 298/298/298 560/560/560 561/561/561
f 343/343/343 560/560/560 298/298/298
f 292/292/292 561/561/561 562/562/562
f 298/298/298 561/561/561 292/292/292
f 284/284/284 562/562/562 552/552/552
f 292/292/292 562/562/562 284/284/284
f 225/225/225 88/88/88 72/72/72
f 224/224/224 88/88/88 225/225/225
f 88/88/88 74/74/74 72/72/72
f 236/236/236 89/89/89 70/70/70
f 235/235/235 89/89/89 236/236/236
f 565/565/565 564/564/564 563/563/563
f 566/566/566 564/564/564 565/565/565
f 569/569/569 568/568/568 567/567/567
f 570/570/570 568/568/568 569/569/569
f 573/573/573 572/572/572 571/571/571
f 574/574/574 572/572/572 573/573/573
f 577/577/577 576/576/576 575/575/575
f 578/578/578 576/576/576 577/577/577
f 566/566/566 571/571/571 564/564/564
f 573/573/573 571/571/571 566/566/566
f 578/578/578 567/567/567 576/576/576
f 569/569/569 567/567/567 578/578/578
f 580/580/580 563/563/563 579/579/579
f 565/565/565 563/563/563 580/580/580
f 570/570/570 581/581/581 568/568/568
f 582/582/582 581/581/581 570/570/570
f 584/584/584 575/575/575 583/583/583
f 577/577/577 575/575/575 584/584/584
f 587/587/587 586/586/586 585/585/585
f 588/588/588 586/586/586 587/587/587
f 591/591/591 590/590/590 589/589/589
f 592/592/592 590/590/590 591/591/591
f 588/588/588 593/593/593 586/586/586
f 594/594/594 593/593/593 588/588/588
f 596/596/596 589/589/589 595/595/595
f 591/591/591 589/589/589 596/596/596
f 598/598/598 585/585/585 597/597/597
f 587/587/587 585/585/585 598/598/598
f 592/592/592 583/583/583 590/590/590
f 584/584/584 583/583/583 592/592/592
f 574/574/574 597/597/597 572/572/572
f 598/598/598 597/597/597 574/574/574
f 581/581/581 600/600/600 599/599/599
f 582/582/582 600/600/600 581/581/581
f 600/600/600 579/579/579 599/599/599
f 580/580/580 579/579/579 600/600/600
f 555/555/555 357/357/357 356/356/356
f 556/556/556 357/357/357 555/555/555
f 557/557/557 352/352/352 348/348/348
f 558/558/558 352/352/352 557/557/557
f 559/559/559 348/348/348 344/344/344
f 557/557/557 348/348/348 559/559/559
f 560/560/560 344/344/344 340/340/340
f 559/559/559 344/344/344 560/560/560
f 561/561/561 340/340/340 297/297/297
f 560/560/560 340/340/340 561/561/561
f 562/562/562 297/297/297 291/291/291
f 561/561/561 297/297/297 562/562/562
f 552/552/552 291/291/291 279/279/279
f 562/562/562 291/291/291 552/552/552
f 551/551/551 279/279/279 277/277/277
f 552/552/552 279/279/279 551/551/551
f 553/553/553 160/160/160 115/115/115
f 554/554/554 160/160/160 553/553/553
f 547/547/547 115/115/115 114/114/114
f 553/553/553 115/115/115 547/547/547
f 546/546/546 114/114/114 138/138/138
f 547/547/547 114/114/114 546/546/546
f 548/548/548 240/240/240 85/85/85
f 549/549/549 240/240/240 548/548/548
f 85/85/85 550/550/550 548/548/548
f 84/84/84 550/550/550 85/85/85
f 542/542/542 84/84/84 35/35/35
f 550/550/550 84/84/84 542/542/542
f 35/35/35 543/543/543 542/542/542
f 36/36/36 543/543/543 35/35/35
f 544/544/544 36/36/36 257/257/257
f 543/543/543 36/36/36 544/544/544
f 545/545/545 257/257/257 275/275/275
f 544/544/544 257/257/257 545/545/545
f 603/603/603 602/602/602 601/601/601
f 604/604/604 602/602/602 603/603/603
f 607/607/607 606/606/606 605/605/605
f 608/608/608 606/606/606 607/607/607
f 611/611/611 610/610/610 609/609/609
f 612/612/612 610/610/610 611/611/611
f 615/615/615 614/614/614 613/613/613
f 616/616/616 614/614/614 615/615/615
f 619/619/619 618/618/618 617/617/617
f 620/620/620 618/618/618 619/619/619
f 623/623/623 622/622/622 621/621/621
f 624/624/624 622/622/622 623/623/623
f 627/627/627 626/626/626 625/625/625
f 628/628/628 626/626/626 627/627/627
f 631/631/631 630/630/630 629/629/629
f 632/632/632 630/630/630 631/631/631
f 628/628/628 633/633/633 626/626/626
f 634/634/634 633/633/633 628/628/628
f 636/636/636 629/629/629 635/635/635
f 631/631/631 629/629/629 636/636/636
f 620/620/620 625/625/625 618/618/618
f 627/627/627 625/625/625 620/620/620
f 632/632/632 621/621/621 630/630/630
f 623/623/623 621/621/621 632/632/632
f 604/604/604 609/609/609 602/602/602
f 611/611/611 609/609/609 604/604/604
f 616/616/616 605/605/605 614/614/614
f 607/607/607 605/605/605 616/616/616
f 612/612/612 617/617/617 610/610/610
f 619/619/619 617/617/617 612/612/612
f 624/624/624 613/613/613 622/622/622
f 615/615/615 613/613/613 624/624/624
f 634/634/634 637/637/637 633/633/633
f 638/638/638 637/637/637 634/634/634
f 638/638/638 635/635/635 637/637/637
f 636/636/636 635/635/635 638/638/638
f 641/641/641 640/640/640 639/639/639
f 642/642/642 640/640/640 641/641/641
f 645/645/645 644/644/644 643/643/643
f 646/646/646 644/644/644 645/645/645
f 649/649/649 648/648/648 647/647/647
f 650/650/650 648/648/648 649/649/649
f 653/653/653 652/652/652 651/651/651
f 654/654/654 652/652/652 653/653/653
f 642/642/642 647/647/647 640/640/640
f 649/649/649 647/647/647 642/642/642
f 654/654/654 643/643/643 652/652/652
f 645/645/645 643/643/643 654/654/654
f 656/656/656 639/639/639 655/655/655
f 641/641/641 639/639/639 656/656/656
f 646/646/646 657/657/657 644/644/644
f 658/658/658 657/657/657 646/646/646
f 660/660/660 651/651/651 659/659/659
f 653/653/653 651/651/651 660/660/660
f 663/663/663 662/662/662 661/661/661
f 664/664/664 662/662/662 663/663/663
f 667/667/667 666/666/666 665/665/665
f 668/668/668 666/666/666 667/667/667
f 664/664/664 669/669/669 662/662/662
f 670/670/670 669/669/669 664/664/664
f 672/672/672 665/665/665 671/671/671
f 667/667/667 665/665/665 672/672/672
f 674/674/674 661/661/661 673/673/673
f 663/663/663 661/661/661 674/674/674
f 668/668/668 659/659/659 666/666/666
f 660/660/660 659/659/659 668/668/668
f 650/650/650 673/673/673 648/648/648
f 674/674/674 673/673/673 650/650/650
f 658/658/658 675/675/675 657/657/657
f 676/676/676 675/675/675 658/658/658
f 676/676/676 655/655/655 675/675/675
f 656/656/656 655/655/655 676/676/676
f 679/679/679 678/678/678 677/677/677
f 679/679/679 681/681/681 680/680/680
f 679/679/679 683/683/683 682/682/682
f 679/679/679 685/685/685 684/684/684
f 679/679/679 682/682/682 678/678/678
f 679/679/679 680/680/680 685/685/685
f 679/679/679 677/677/677 686/686/686
f 679/679/679 687/687/687 681/681/681
f 679/679/679 684/684/684 688/688/688
f 679/679/679 690/690/690 689/689/689
f 679/679/679 692/692/692 691/691/691
f 679/679/679 693/693/693 690/690/690
f 679/679/679 691/691/691 694/694/694
f 679/679/679 689/689/689 695/695/695
f 679/679/679 688/688/688 692/692/692
f 679/679/679 695/695/695 683/683/683
f 679/679/679 696/696/696 687/687/687
f 679/679/679 686/686/686 696/696/696
f 699/699/699 698/698/698 697/697/697
f 700/700/700 698/698/698 699/699/699
f 701/701/701 700/700/700 699/699/699
f 702/702/702 700/700/700 701/701/701
f 705/705/705 704/704/704 703/703/703
f 706/706/706 704/704/704 705/705/705
f 707/707/707 706/706/706 705/705/705
f 708/708/708 706/706/706 707/707/707
f 709/709/709 708/708/708 707/707/707
f 710/710/710 708/708/708 709/709/709
f 697/697/697 710/710/710 709/709/709
f 698/698/698 710/710/710 697/697/697
f 713/713/713 712/712/712 711/711/711
f 714/714/714 713/713/713 711/711/711
f 715/715/715 714/714/714 711/711/711
f 716/716/716 715/715/715 711/711/711
f 717/717/717 716/716/716 711/711/711
f 712/712/712 717/717/717 711/711/711
f 720/720/720 719/719/719 718/718/718
f 721/721/721 719/719/719 720/720/720
f 723/723/723 718/718/718 722/722/722
f 720/720/720 718/718/718 723/723/723
f 726/726/726 725/725/725 724/724/724
f 727/727/727 725/725/725 726/726/726
f 729/729/729 724/724/724 728/728/728
f 726/726/726 724/724/724 729/729/729
f 731/731/731 728/728/728 730/730/730
f 729/729/729 728/728/728 731/731/731
f 721/721/721 730/730/730 719/719/719
f 731/731/731 730/730/730 721/721/721
f 734/734/734 733/733/733 732/732/732
f 734/734/734 732/732/732 735/735/735
f 734/734/734 735/735/735 736/736/736
f 734/734/734 736/736/736 737/737/737
f 734/734/734 737/737/737 738/738/738
f 734/734/734 738/738/738 733/733/733
f 741/741/741 740/740/740 739/739/739
f 742/742/742 740/740/740 741/741/741
f 743/743/743 742/742/742 741/741/741
f 744/744/744 742/742/742 743/743/743
f 747/747/747 746/746/746 745/745/745
f 748/748/748 746/746/746 747/747/747
f 749/749/749 748/748/748 747/747/747
f 750/750/750 748/748/748 749/749/749
f 751/751/751 750/750/750 749/749/749
f 752/752/752 750/750/750 751/751/751
f 739/739/739 752/752/752 751/751/751
f 740/740/740 752/752/752 739/739/739
f 755/755/755 754/754/754 753/753/753
f 756/756/756 755/755/755 753/753/753
f 757/757/757 756/756/756 753/753/753
f 758/758/758 757/757/757 753/753/753
f 759/759/759 758/758/758 753/753/753
f 754/754/754 759/759/759 753/753/753
f 762/762/762 761/761/761 760/760/760
f 763/763/763 761/761/761 762/762/762
f 764/764/764 763/763/763 762/762/762
f 765/765/765 763/763/763 764/764/764
f 768/768/768 767/767/767 766/766/766
f 769/769/769 767/767/767 768/768/768
f 770/770/770 769/769/769 768/768/768
f 771/771/771 769/769/769 770/770/770
f 772/772/772 771/771/771 770/770/770
f 773/773/773 771/771/771 772/772/772
f 760/760/760 773/773/773 772/772/772
f 761/761/761 773/773/773 760/760/760
f 776/776/776 775/775/775 774/774/774
f 777/777/777 776/776/776 774/774/774
f 778/778/778 777/777/777 774/774/774
f 779/779/779 778/778/778 774/774/774
f 780/780/780 779/779/779 774/774/774
f 775/775/775 780/780/780 774/774/774
f 783/783/783 782/782/782 781/781/781
f 784/784/784 782/782/782 783/783/783
f 786/786/786 781/781/781 785/785/785
f 783/783/783 781/781/781 786/786/786
f 789/789/789 788/788/788 787/787/787
f 790/790/790 788/788/788 789/789/789
f 792/792/792 787/787/787 791/791/791
f 789/789/789 787/787/787 792/792/792
f 794/794/794 791/791/791 793/793/793
f 792/792/792 791/791/791 794/794/794
f 784/784/784 793/793/793 782/782/782
f 794/794/794 793/793/793 784/784/784
f 797/797/797 796/796/796 795/795/795
f 797/797/797 795/795/795 798/798/798
f 797/797/797 798/798/798 799/799/799
f 797/797/797 799/799/799 800/800/800
f 797/797/797 800/800/800 801/801/801
f 797/797/797 801/801/801 796/796/796
f 804/804/804 803/803/803 802/802/802
f 805/805/805 803/803/803 804/804/804
f 807/807/807 802/802/802 806/806/806
f 804/804/804 802/802/802 807/807/807
f 810/810/810 809/809/809 808/808/808
f 811/811/811 809/809/809 810/810/810
f 813/813/813 808/808/808 812/812/812
f 810/810/810 808/808/808 813/813/813
f 815/815/815 812/812/812 814/814/814
f 813/813/813 812/812/812 815/815/815
f 805/805/805 814/814/814 803/803/803
f 815/815/815 814/814/814 805/805/805
f 818/818/818 817/817/817 816/816/816
f 818/818/818 816/816/816 819/819/819
f 818/818/818 819/819/819 820/820/820
f 818/818/818 820/820/820 821/821/821
f 818/818/818 821/821/821 822/822/822
f 818/818/818 822/822/822 817/817/817
f 825/825/825 824/824/824 823/823/823
f 826/826/826 824/824/824 825/825/825
f 828/828/828 823/823/823 827/827/827
f 825/825/825 823/823/823 828/828/828
f 831/831/831 830/830/830 829/829/829
f 832/832/832 830/830/830 831/831/831
f 834/834/834 829/829/829 833/833/833
f 831/831/831 829/829/829 834/834/834
f 836/836/836 833/833/833 835/835/835
f 834/834/834 833/833/833 836/836/836
f 826/826/826 835/835/835 824/824/824
f 836/836/836 835/835/835 826/826/826
f 839/839/839 838/838/838 837/837/837
f 839/839/839 837/837/837 840/840/840
f 839/839/839 840/840/840 841/841/841
f 839/839/839 841/841/841 842/842/842
f 839/839/839 842/842/842 843/843/843
f 839/839/839 843/843/843 838/838/838
f 846/846/846 845/845/845 844/844/844
f 846/846/846 848/848/848 847/847/847
f 846/846/846 850/850/850 849/849/849
f 846/846/846 852/852/852 851/851/851
f 846/846/846 854/854/854 853/853/853
f 846/846/846 856/856/856 855/855/855
f 846/846/846 858/858/858 857/857/857
f 846/846/846 860/860/860 859/859/859
f 846/846/846 861/861/861 858/858/858
f 846/846/846 859/859/859 862/862/862
f 846/846/846 857/857/857 854/854/854
f 846/846/846 855/855/855 860/860/860
f 846/846/846 849/849/849 845/845/845
f 846/846/846 847/847/847 852/852/852
f 846/846/846 853/853/853 850/850/850
f 846/846/846 851/851/851 856/856/856
f 846/846/846 863/863/863 861/861/861
f 846/846/846 862/862/862 863/863/863
f 381/381/381 424/424/424 421/421/421
f 426/426/426 424/424/424 381/381/381
f 425/425/425 393/393/393 421/421/421
f 864/864/864 393/393/393 425/425/425
f 392/392/392 428/428/428 422/422/422
f 418/418/418 428/428/428 392/392/392
f 418/418/418 392/392/392 391/391/391
f 448/448/448 866/866/866 865/865/865
f 447/447/447 866/866/866 448/448/448
f 865/865/865 445/445/445 446/446/446
f 866/866/866 445/445/445 865/865/865
f 69/69/69 89/89/89 90/90/90
f 70/70/70 89/89/89 69/69/69
f 66/66/66 73/73/73 75/75/75
f 68/68/68 73/73/73 66/66/66
f 61/61/61 19/19/19 90/90/90
f 15/15/15 19/19/19 61/61/61
