# Exported from Godot Engine
mtllib Door_RF.mtl
o Door_RF
v 1.036498 1.030220 0.875284
vt 0.970820 0.930072
vn 0.026490 0.392736 0.919270
v 0.996690 1.031877 0.876841
vt 0.961131 0.927146
vn 0.056482 0.384481 0.921403
v 1.032301 1.034771 0.878669
vt 0.969857 0.928356
vn 0.007466 -0.656162 0.754583
v 0.987566 1.035607 0.880659
vt 0.959275 0.925496
vn 0.002398 -0.727229 0.686391
v 0.953564 1.037482 0.882999
vt 0.951777 0.923391
vn -0.087220 -0.989288 0.117052
v 0.986327 1.036371 0.881855
vt 0.959051 0.925111
vn 0.028496 -0.965007 0.260671
v 0.954260 1.036911 0.881874
vt 0.951925 0.923718
vn -0.008039 -0.745031 0.666981
v 1.031737 1.036590 0.880448
vt 0.969754 0.927747
vn 0.036994 -0.939590 0.340297
v 1.030057 1.037745 0.883405
vt 0.969374 0.926920
vn 0.102997 -0.936329 0.335678
v 1.013276 1.042300 0.902024
vt 0.966022 0.921557
vn 0.167868 -0.921857 0.349284
v 0.976137 1.038564 0.896088
vt 0.957348 0.921295
vn 0.031898 -0.981847 0.186974
v 0.931856 1.034457 0.879121
vt 0.946964 0.923713
vn -0.452887 -0.613775 0.646664
v 0.931452 1.038823 0.882611
vt 0.946498 0.922564
vn -0.349744 -0.734236 0.581873
v 0.930427 1.040148 0.884057
vt 0.946220 0.922112
vn -0.444305 -0.895858 0.005565
v 0.999051 1.045785 0.919137
vt 0.963707 0.916805
vn 0.238577 -0.909253 0.341086
v 0.966744 1.040333 0.909275
vt 0.955718 0.917790
vn 0.064181 -0.981534 0.180197
v 0.970869 1.051240 0.953839
vt 0.958883 0.907563
vn 0.281175 -0.893856 0.349230
v 0.946795 1.043272 0.936194
vt 0.952282 0.910621
vn 0.117970 -0.969901 0.213013
v 1.007951 1.056598 0.926697
vt 0.966884 0.914665
vn 0.458387 -0.728994 0.508379
v 0.981688 1.061470 0.958079
vt 0.962349 0.906482
vn 0.487940 -0.712179 0.504693
v 0.933791 1.041909 0.924876
vt 0.948632 0.912599
vn -0.104425 -0.993665 0.041544
v 0.919803 1.046723 0.913043
vt 0.944603 0.914666
vn -0.369199 -0.925460 -0.084942
v 0.918093 1.053217 0.908639
vt 0.943008 0.915759
vn -0.884688 -0.372073 -0.280873
v 0.932424 1.038824 0.865863
vt 0.945977 0.926492
vn -0.933798 -0.299564 -0.195661
v 0.911832 1.060215 1.024966
vt 0.950220 0.888012
vn 0.288755 -0.895591 0.338434
v 0.928091 1.070573 1.022803
vt 0.954599 0.888780
vn 0.497080 -0.704899 0.505993
v 1.037287 1.050792 0.898323
vt 0.971079 0.922720
vn 0.599759 0.483383 0.637675
v 1.022012 1.053919 0.911728
vt 0.969129 0.918770
vn 0.663770 0.461665 0.588451
v 1.033935 1.060076 0.894549
vt 0.973028 0.921382
vn 0.580294 0.571256 0.580453
v 1.018947 1.062873 0.908112
vt 0.971154 0.917383
vn 0.636087 0.553647 0.537465
v 1.017832 1.063201 0.907092
vt 0.971469 0.917178
vn 0.247989 0.966385 0.067833
v 1.032987 1.060384 0.893326
vt 0.973362 0.921261
vn 0.223489 0.972631 0.063566
v 1.004873 1.065405 0.923669
vt 0.968850 0.913334
vn 0.675774 0.544188 0.497182
v 1.003739 1.065825 0.922924
vt 0.969121 0.913121
vn 0.152525 0.987620 -0.036650
v 1.007951 1.056598 0.926697
vt 0.966884 0.914665
vn 0.713342 0.437957 0.547116
v 0.981688 1.061470 0.958079
vt 0.962349 0.906482
vn 0.730482 0.412912 0.543967
v 0.978845 1.069652 0.955487
vt 0.964169 0.905388
vn 0.656572 0.592901 0.466242
v 0.976731 1.070363 0.954091
vt 0.964679 0.905041
vn 0.168768 0.984993 0.036150
v 0.926629 1.075974 1.021233
vt 0.955792 0.888165
vn 0.581666 0.705347 0.405155
v 0.921871 1.076251 1.022639
vt 0.955977 0.887041
vn 0.142988 0.989341 0.027557
v 1.022012 1.053919 0.911728
vt 0.969129 0.918770
vn 0.391393 -0.752628 0.529493
v 0.912267 1.043296 0.942500
vt 0.944722 0.907128
vn -0.058497 -0.996792 -0.054619
v 0.906577 1.049104 0.927113
vt 0.942101 0.910423
vn -0.266099 -0.886171 -0.379330
v 0.918781 1.044842 0.960575
vt 0.947412 0.903385
vn 0.118287 -0.973289 0.196765
v 0.881792 1.044275 0.947587
vt 0.938316 0.903566
vn -0.033978 -0.990557 -0.132822
v 0.884596 1.050697 0.933702
vt 0.937656 0.907086
vn -0.132584 -0.855913 -0.499835
v 0.881009 1.043935 0.967512
vt 0.939478 0.899117
vn 0.036087 -0.995599 0.086489
v 0.974753 1.070691 0.953394
vt 0.965023 0.904686
vn 0.154479 0.987545 0.029844
v 0.983168 1.069376 0.939499
vt 0.967264 0.907434
vn 0.161303 0.986764 -0.016653
v 0.985656 1.068947 0.939013
vt 0.967179 0.908021
vn 0.162606 0.986600 -0.013394
v 0.985135 1.068448 0.932279
vt 0.968707 0.908343
vn 0.084304 0.990231 -0.111061
v 0.982427 1.068919 0.933343
vt 0.968685 0.907655
vn 0.130607 0.982215 -0.134890
v 0.979159 1.068321 0.927784
vt 0.970247 0.907374
vn 0.064810 0.990043 -0.124957
v 0.977723 1.068972 0.930184
vt 0.969843 0.906840
vn 0.079514 0.977737 -0.194184
v 0.966729 1.068632 0.925165
vt 0.971995 0.904868
vn 0.038328 0.990688 -0.130644
v 0.965433 1.069155 0.927589
vt 0.971591 0.904355
vn 0.036122 0.989216 -0.141940
v 0.909143 1.069902 0.918473
vt 0.978852 0.893130
vn 0.017417 0.989063 -0.146459
v 0.912206 1.070377 0.923589
vt 0.977468 0.893297
vn 0.034530 0.991046 -0.128977
v 0.889526 1.071344 0.926613
vt 0.978970 0.888162
vn -0.032138 0.962430 -0.269620
v 0.902258 1.070992 0.926797
vt 0.977721 0.890855
vn 0.029119 0.993263 -0.112165
v 0.931103 1.067010 0.902998
vt 0.980126 0.899298
vn 0.038619 0.984812 -0.169274
v 0.919609 1.067487 0.903607
vt 0.981069 0.896785
vn 0.016518 0.983714 -0.178983
v 0.925990 1.058537 0.864919
vt 0.988939 0.901883
vn 0.028734 0.974910 -0.220738
v 0.983626 1.065943 0.910040
vt 0.973781 0.909821
vn 0.060503 0.990795 -0.121094
v 0.965897 1.066386 0.907533
vt 0.975945 0.906313
vn 0.039133 0.988402 -0.146732
v 0.965897 1.066386 0.907533
vt 0.975945 0.906313
vn 0.013825 0.983742 -0.179056
v 0.925990 1.058537 0.864919
vt 0.988939 0.901883
vn 0.013825 0.983742 -0.179056
v 0.983626 1.065943 0.910040
vt 0.973781 0.909821
vn 0.013825 0.983742 -0.179056
v 1.001288 1.056029 0.853354
vt 0.984534 0.919198
vn 0.013825 0.983742 -0.179056
v 0.925990 1.058537 0.864919
vt 0.988939 0.901883
vn 0.046511 0.973740 -0.222863
v 0.907106 1.063618 0.917899
vt 0.939505 0.913601
vn -0.573352 -0.297048 -0.763564
v 0.907137 1.068184 0.916619
vt 0.938651 0.914303
vn -0.588577 0.028174 -0.807950
v 0.887858 1.064778 0.925516
vt 0.936120 0.910523
vn -0.280831 -0.322928 -0.903798
v 0.888334 1.069598 0.924428
vt 0.935416 0.911426
vn -0.294796 -0.006791 -0.955536
v 0.917246 1.061513 0.905003
vt 0.941041 0.916733
vn -0.920222 -0.268188 -0.285074
v 0.916919 1.065820 0.903422
vt 0.940037 0.917149
vn -0.911600 0.047188 -0.408361
v 0.925990 1.058537 0.864919
vt 0.941252 0.926225
vn -0.968600 -0.147087 -0.200448
v 0.906905 1.055166 0.921759
vt 0.941052 0.912060
vn -0.530856 -0.444072 -0.721798
v 0.886692 1.056315 0.929294
vt 0.937233 0.908718
vn -0.247766 -0.485986 -0.838111
v 0.918041 1.067170 0.903290
vt 0.981301 0.896483
vn -0.421232 0.843684 -0.332807
v 0.925990 1.058537 0.864919
vt 0.988939 0.901883
vn -0.144135 0.958622 -0.245498
v 0.925990 1.058537 0.864919
vt 0.941252 0.926225
vn -0.749922 0.594981 -0.289162
v 0.918041 1.067170 0.903290
vt 0.939660 0.917294
vn -0.421232 0.843684 -0.332807
v 0.908046 1.069523 0.917340
vt 0.979211 0.893009
vn -0.254243 0.846360 -0.468011
v 0.908046 1.069523 0.917340
vt 0.938365 0.914567
vn -0.254243 0.846360 -0.468011
v 0.888903 1.070703 0.925356
vt 0.979330 0.888159
vn -0.136449 0.815042 -0.563106
v 0.888903 1.070703 0.925356
vt 0.935209 0.911714
vn -0.136449 0.815042 -0.563106
v 0.925990 1.058537 0.864919
vt 0.941252 0.926225
vn -0.939024 -0.277279 -0.203346
v 0.859474 1.043955 0.969052
vt 0.934802 0.897197
vn -0.080512 -0.996678 0.012285
v 0.863798 1.044867 0.948090
vt 0.934370 0.902033
vn -0.024166 -0.990087 -0.138363
v 0.870064 1.050377 0.935877
vt 0.934714 0.905258
vn -0.052991 -0.865884 -0.497430
v 0.864191 1.045704 0.992110
vt 0.937358 0.892455
vn 0.028897 -0.989790 0.139571
v 0.879316 1.049849 1.012223
vt 0.942023 0.888992
vn 0.132877 -0.972555 0.190998
v 0.928091 1.070573 1.022803
vt 0.954599 0.888780
vn 0.728943 0.386176 0.565252
v 0.873995 1.056437 0.930638
vt 0.934736 0.907117
vn -0.099877 -0.528844 -0.842822
v 0.879356 1.070069 0.925353
vt 0.933790 0.910240
vn -0.101698 -0.072093 -0.992200
v 0.879810 1.071076 0.926102
vt 0.933639 0.910492
vn -0.022434 0.815186 -0.578765
v 0.879810 1.071076 0.926102
vt 0.979994 0.886136
vn -0.022434 0.815186 -0.578765
v 0.878937 1.071368 0.927068
vt 0.979859 0.885855
vn -0.005135 0.921898 -0.387400
v 0.877846 1.065060 0.926519
vt 0.934273 0.909193
vn -0.103076 -0.350163 -0.931000
v 1.041400 1.030642 0.877731
vt 0.972552 0.929753
vn 0.075766 -0.544707 0.835197
v 1.041512 1.034796 0.878668
vt 0.972570 0.928745
vn 0.124973 -0.579115 0.805610
v 1.042196 1.036942 0.880235
vt 0.972507 0.928126
vn 0.198887 -0.826782 0.526190
v 1.043227 1.038411 0.882367
vt 0.972373 0.927616
vn 0.240561 -0.760213 0.603495
v 1.044561 1.058414 0.886678
vt 0.973766 0.923836
vn 0.573056 0.582254 0.576704
v 1.047418 1.049171 0.891541
vt 0.972512 0.924678
vn 0.597574 0.492681 0.632591
v 1.043882 1.058632 0.885364
vt 0.973997 0.923883
vn 0.872819 0.378036 -0.308668
v 1.044061 1.057182 0.886105
vt 0.973809 0.924140
vn 0.886030 -0.056107 -0.460220
v 1.041352 1.030040 0.876466
vt 0.972921 0.930004
vn 0.464681 -0.849101 0.251194
v 1.041460 1.035429 0.877269
vt 0.973152 0.928743
vn 0.992847 -0.076318 -0.091819
v 1.046743 1.049239 0.890270
vt 0.972654 0.924855
vn 0.845752 -0.007704 -0.533521
v 1.046743 1.049239 0.890270
vt 0.972654 0.924855
vn 0.926846 -0.027618 -0.374425
v 1.043075 1.039699 0.881490
vt 0.972749 0.927616
vn 0.930314 -0.051130 -0.363184
v 1.047418 1.049171 0.891541
vt 0.972512 0.924678
vn 0.223955 -0.743533 0.630081
v 1.042114 1.038049 0.879168
vt 0.973030 0.928071
vn 0.959004 -0.157331 -0.235707
v 1.041352 1.030040 0.876466
vt 0.972921 0.930004
vn 0.865139 -0.051806 -0.498849
v 1.041460 1.035429 0.877269
vt 0.973152 0.928743
vn 0.907964 0.052542 -0.415741
v 1.029237 1.054150 0.852950
vt 0.981394 0.925484
vn 0.889211 0.007438 -0.457437
v 1.042114 1.038049 0.879168
vt 0.973030 0.928071
vn 0.909986 0.059414 -0.410359
v 1.043075 1.039699 0.881490
vt 0.972749 0.927616
vn 0.906883 0.058703 -0.417274
v 1.031843 1.031134 0.861540
vt 0.977393 0.930573
vn 0.834971 -0.106943 -0.539803
v 0.066450 0.973465 0.933392
vt 0.728415 0.901260
vn 0.003990 0.307862 0.951423
v -0.152329 0.985033 0.930572
vt 0.779442 0.901260
vn 0.003990 0.307862 0.951423
v 0.044478 0.993749 0.926920
vt 0.733770 0.905944
vn 0.003990 0.307862 0.951423
v 0.033698 0.999219 0.925195
vt 0.736349 0.907143
vn 0.003990 0.307862 0.951423
v 0.021388 1.001697 0.924445
vt 0.739247 0.907590
vn 0.003990 0.307862 0.951423
v -0.155620 1.011780 0.921928
vt 0.780528 0.907769
vn 0.003990 0.307862 0.951423
v 0.070480 0.970484 0.931145
vt 0.727266 0.900709
vn 0.719585 -0.085045 0.689177
v 0.068292 0.972583 0.933670
vt 0.728002 0.901063
vn 0.721000 -0.082118 0.688052
v 0.070001 0.974664 0.929638
vt 0.727301 0.902041
vn 0.605196 0.703261 0.373042
v 0.068031 0.974744 0.932971
vt 0.728064 0.901571
vn 0.604969 0.703492 0.372977
v 0.046707 0.995849 0.923273
vt 0.733086 0.906966
vn 0.519863 0.777942 0.352914
v 0.045494 0.995092 0.926481
vt 0.733548 0.906284
vn 0.519759 0.777989 0.352963
v 0.035003 1.001771 0.921361
vt 0.735991 0.908316
vn 0.274500 0.903570 0.328954
v 0.034292 1.000776 0.924688
vt 0.736230 0.907532
vn 0.274554 0.903551 0.328963
v 0.021893 1.004396 0.920518
vt 0.739168 0.908826
vn 0.059276 0.957247 0.283134
v 0.021619 1.003327 0.923916
vt 0.739215 0.907993
vn 0.059276 0.957247 0.283134
v 0.067129 0.968740 0.931814
vt 0.728178 0.899986
vn -0.036710 -0.608932 0.792373
v 0.066670 0.971689 0.933966
vt 0.728339 0.900830
vn -0.036620 -0.608940 0.792370
v -0.152124 0.983252 0.931147
vt 0.779404 0.900834
vn -0.042811 -0.609600 0.791552
v -0.153078 0.980677 0.929018
vt 0.779714 0.900065
vn -0.042811 -0.609600 0.791552
v -0.155837 1.013687 0.921312
vt 0.780645 0.908214
vn 0.051383 0.958349 0.280941
v -0.157144 1.014699 0.917796
vt 0.781128 0.909015
vn 0.051383 0.958349 0.280941
v 0.068292 0.972583 0.933670
vt 0.728002 0.901063
vn 0.004068 0.307885 0.951415
v 0.068031 0.974744 0.932971
vt 0.728064 0.901571
vn 0.003990 0.307862 0.951423
v 0.045494 0.995092 0.926481
vt 0.733548 0.906284
vn 0.003990 0.307862 0.951423
v 0.034292 1.000776 0.924688
vt 0.736230 0.907532
vn 0.003990 0.307862 0.951423
v 0.021619 1.003327 0.923916
vt 0.739215 0.907993
vn 0.003990 0.307862 0.951423
v 0.066670 0.971689 0.933966
vt 0.728339 0.900830
vn 0.004068 0.307977 0.951385
v -0.152124 0.983252 0.931147
vt 0.779404 0.900834
vn 0.003990 0.307955 0.951393
v -0.155837 1.013687 0.921312
vt 0.780645 0.908214
vn 0.003990 0.307955 0.951393
v -0.157144 1.014699 0.917796
vt 0.781128 0.909015
vn -0.929251 0.008196 0.369359
v -0.155620 1.011780 0.921928
vt 0.780528 0.907769
vn -0.929251 0.008196 0.369359
v -0.153078 0.980677 0.929018
vt 0.779714 0.900065
vn -0.929251 0.008196 0.369359
v -0.152329 0.985033 0.930572
vt 0.779442 0.901260
vn -0.929251 0.008196 0.369359
v -0.157144 1.014699 0.917796
vt 0.781128 0.909015
vn -0.936688 0.006770 0.350101
v -0.155837 1.013687 0.921312
vt 0.780645 0.908214
vn -0.936688 0.006770 0.350101
v -0.155620 1.011780 0.921928
vt 0.780528 0.907769
vn -0.936688 0.006770 0.350101
v -0.153078 0.980677 0.929018
vt 0.779714 0.900065
vn -0.920924 0.019498 0.389255
v -0.152329 0.985033 0.930572
vt 0.779442 0.901260
vn -0.920924 0.019498 0.389255
v -0.152124 0.983252 0.931147
vt 0.779404 0.900834
vn -0.920924 0.019498 0.389255
v 0.983626 1.065943 0.910040
vt 0.973781 0.909821
vn 0.067016 0.987688 -0.141351
v 1.001288 1.056029 0.853354
vt 0.984534 0.919198
vn 0.067016 0.987688 -0.141351
v 1.003739 1.065825 0.922924
vt 0.969121 0.913121
vn 0.067016 0.987688 -0.141351
v 1.017832 1.063201 0.907092
vt 0.971469 0.917178
vn 0.067016 0.987688 -0.141351
v 1.017832 1.063201 0.907092
vt 0.971469 0.917178
vn 0.049904 0.987847 -0.147199
v 1.001288 1.056029 0.853354
vt 0.984534 0.919198
vn 0.049904 0.987847 -0.147199
v 1.032987 1.060384 0.893326
vt 0.973362 0.921261
vn 0.049904 0.987847 -0.147199
v 1.001288 1.056029 0.853354
vt 0.984534 0.919198
vn 0.058232 0.985792 -0.157552
v 1.029237 1.054150 0.852950
vt 0.981394 0.925484
vn 0.058232 0.985792 -0.157552
v 1.032987 1.060384 0.893326
vt 0.973362 0.921261
vn 0.058232 0.985792 -0.157552
v 1.043882 1.058632 0.885364
vt 0.973997 0.923883
vn 0.058232 0.985792 -0.157552
v 1.029237 1.054150 0.852950
vt 0.981394 0.925484
vn 0.912193 -0.091236 -0.399475
v 1.044061 1.057182 0.886105
vt 0.973809 0.924140
vn 0.906748 0.059104 -0.417510
v 1.046743 1.049239 0.890270
vt 0.972654 0.924855
vn 0.906748 0.059104 -0.417510
v 1.037287 1.050792 0.898323
vt 0.971079 0.922720
vn 0.308560 -0.762029 0.569301
v 0.924531 1.075528 1.022885
vt 0.955559 0.887621
vn 0.470256 0.486895 0.736065
v 0.925817 1.070890 1.024177
vt 0.954294 0.888253
vn 0.413896 -0.198532 0.888412
v 0.911832 1.060215 1.024966
vt 0.950220 0.888012
vn 0.103889 -0.500460 0.859504
v 0.910790 1.061108 1.025452
vt 0.950103 0.887697
vn 0.007094 -0.537440 0.843272
v 0.879316 1.049849 1.012223
vt 0.942023 0.888992
vn -0.291237 -0.644160 0.707276
v 0.878569 1.050831 1.012798
vt 0.941914 0.888693
vn -0.292700 -0.644613 0.706258
v 0.863383 1.046670 0.992626
vt 0.937161 0.892204
vn -0.590396 -0.705379 0.392266
v 0.858516 1.044902 0.969080
vt 0.934505 0.897090
vn -0.706203 -0.707607 0.023890
v 0.863798 1.044867 0.948090
vt 0.934370 0.902033
vn -0.697911 -0.611615 -0.372621
v 0.862792 1.045812 0.948349
vt 0.934057 0.901940
vn -0.700987 -0.642992 -0.308510
v 0.870064 1.050377 0.935877
vt 0.934714 0.905258
vn -0.678063 -0.327962 -0.657778
v 0.869003 1.051097 0.936602
vt 0.934398 0.905129
vn -0.673809 -0.409572 -0.615006
v 0.873995 1.056437 0.930638
vt 0.934736 0.907117
vn -0.690472 -0.077995 -0.719142
v 0.873002 1.056921 0.931534
vt 0.934436 0.906976
vn -0.684665 -0.111781 -0.720236
v 0.877846 1.065060 0.926519
vt 0.934273 0.909193
vn -0.769971 0.081968 -0.632792
v 0.876901 1.065373 0.927484
vt 0.934000 0.909021
vn -0.751411 0.051672 -0.657808
v 0.879356 1.070069 0.925353
vt 0.837897 0.976546
vn -0.824446 0.188870 -0.533495
v 0.878937 1.071368 0.927068
vt 0.838339 0.977022
vn -0.824446 0.188870 -0.533495
v 0.877846 1.065060 0.926519
vt 0.837813 0.976675
vn -0.769971 0.081968 -0.632792
v 0.876901 1.065373 0.927484
vt 0.837813 0.976675
vn -0.751411 0.051672 -0.657808
v 0.928060 1.034698 0.853010
vt 0.946487 0.929750
vn -0.351132 0.934428 0.059586
v 0.932424 1.038824 0.865863
vt 0.945977 0.926492
vn -0.351132 0.934428 0.059586
v 0.923053 1.034457 0.879121
vt 0.949009 0.924250
vn -0.351132 0.934428 0.059586
v 0.931856 1.034457 0.879121
vt 0.946964 0.923713
vn -0.351132 0.934428 0.059586
v 0.926803 1.058085 0.853010
vt 0.941105 0.929020
vn -0.970671 -0.169495 0.170495
v 0.925990 1.058537 0.864919
vt 0.941252 0.926225
vn -0.970671 -0.169495 0.170495
v 0.928060 1.034698 0.853010
vt 0.946487 0.929750
vn -0.970671 -0.169495 0.170495
v 0.932424 1.038824 0.865863
vt 0.945977 0.926492
vn -0.970671 -0.169495 0.170495
v 0.925990 1.058537 0.864919
vt 0.731538 0.841520
vn 0.027727 0.998969 -0.035949
v 0.926803 1.058085 0.853010
vt 0.730927 0.844224
vn 0.027727 0.998969 -0.035949
v 1.001288 1.056029 0.853354
vt 0.713858 0.841537
vn 0.027727 0.998969 -0.035949
v 0.829892 1.055276 0.878480
vt 0.694930 0.892546
vn 0.051475 0.771105 0.634624
v 0.830144 1.062015 0.870284
vt 0.694940 0.895010
vn 0.051476 0.771065 0.634672
v 0.925700 1.051261 0.875142
vt 0.672825 0.892670
vn 0.054075 0.768350 0.637741
v 0.925914 1.058055 0.866990
vt 0.672390 0.895056
vn 0.054075 0.768350 0.637741
v 0.831050 1.062011 0.856305
vt 0.694976 0.898263
vn 0.039701 0.998596 -0.035066
v 0.926803 1.058085 0.853010
vt 0.672554 0.898389
vn 0.039701 0.998596 -0.035066
v 0.925990 1.058537 0.864919
vt 0.672796 0.895628
vn 0.039701 0.998596 -0.035066
v 0.925639 1.036766 0.882771
vt 0.672695 0.888871
vn -0.017634 -0.855421 0.517633
v 0.925814 1.034698 0.879334
vt 0.672593 0.887931
vn -0.017634 -0.855421 0.517633
v 0.829787 1.040832 0.886204
vt 0.694925 0.888747
vn -0.021927 -0.852875 0.521655
v 0.829970 1.038741 0.882781
vt 0.694931 0.887805
vn -0.021621 -0.853114 0.521276
v 0.829787 1.040832 0.886204
vt 0.694925 0.888747
vn 0.046066 0.471646 0.880584
v 0.829892 1.055276 0.878480
vt 0.694930 0.892546
vn 0.045979 0.471714 0.880552
v 0.925639 1.036766 0.882771
vt 0.672695 0.888871
vn 0.050860 0.467877 0.882329
v 0.925700 1.051261 0.875142
vt 0.672825 0.892670
vn 0.050860 0.467877 0.882329
v 0.588670 1.065828 0.884847
vt 0.750960 0.892392
vn 0.046960 0.774251 0.631133
v 0.589073 1.072516 0.876615
vt 0.750973 0.894856
vn 0.047097 0.774272 0.631098
v 0.830144 1.062015 0.870284
vt 0.694940 0.895010
vn 0.043477 0.999053 0.001545
v 0.589073 1.072516 0.876615
vt 0.750973 0.894856
vn 0.043477 0.999053 0.001545
v 0.831050 1.062011 0.856305
vt 0.694976 0.898263
vn 0.043477 0.999053 0.001545
v 0.590051 1.072480 0.862639
vt 0.751008 0.898111
vn 0.043477 0.999053 0.001545
v 0.589073 1.072516 0.876615
vt 0.750973 0.894856
vn 0.047611 0.998866 -0.000559
v 0.357850 1.083553 0.878951
vt 0.804724 0.894665
vn 0.049608 0.998766 -0.002389
v 0.590051 1.072480 0.862639
vt 0.751008 0.898111
vn 0.047611 0.998866 -0.000559
v 0.358905 1.083477 0.864978
vt 0.804759 0.897919
vn 0.049402 0.998776 -0.002292
v 0.357285 1.076927 0.887223
vt 0.804710 0.892202
vn 0.040189 0.779646 0.624929
v 0.589073 1.072516 0.876615
vt 0.750973 0.894856
vn 0.047097 0.774233 0.631146
v 0.357850 1.083553 0.878951
vt 0.804724 0.894665
vn 0.040280 0.779570 0.625018
v 0.588376 1.051432 0.892655
vt 0.750953 0.888593
vn -0.029618 -0.850117 0.525760
v 0.588595 1.049319 0.889247
vt 0.750957 0.887650
vn -0.028915 -0.850324 0.525464
v 0.588376 1.051432 0.892655
vt 0.750953 0.888593
vn 0.038192 0.476051 0.878588
v 0.588670 1.065828 0.884847
vt 0.750960 0.892392
vn 0.038061 0.476051 0.878594
v 0.356787 1.062590 0.895129
vt 0.804699 0.888403
vn 0.026565 0.483475 0.874955
v 0.357285 1.076927 0.887223
vt 0.804710 0.892202
vn 0.026266 0.483756 0.874809
v 0.356787 1.062590 0.895129
vt 0.804699 0.888403
vn -0.041705 -0.845044 0.533068
v 0.357044 1.060451 0.891740
vt 0.804703 0.887461
vn -0.041031 -0.845412 0.532537
v 0.104117 1.090114 0.885789
vt 0.863542 0.891949
vn 0.035376 0.784139 0.619577
v 0.104857 1.096617 0.877434
vt 0.863558 0.894410
vn 0.035376 0.784100 0.619625
v 0.104857 1.096617 0.877434
vt 0.863558 0.894410
vn 0.053615 0.998550 -0.004887
v 0.105994 1.096464 0.863468
vt 0.863592 0.897659
vn 0.053508 0.998556 -0.004790
v 0.103399 1.075895 0.893890
vt 0.863529 0.888154
vn -0.050337 -0.841160 0.538438
v 0.103695 1.073706 0.890536
vt 0.863532 0.887214
vn -0.049838 -0.841321 0.538233
v 0.103399 1.075895 0.893890
vt 0.863529 0.888154
vn 0.017699 0.489864 0.871619
v 0.104117 1.090114 0.885789
vt 0.863542 0.891949
vn 0.017486 0.489975 0.871561
v -0.028462 1.097458 0.883374
vt 0.894540 0.892117
vn 0.030293 0.787378 0.615725
v -0.027631 1.103978 0.875040
vt 0.894512 0.894578
vn 0.030382 0.787381 0.615718
v -0.027631 1.103978 0.875040
vt 0.894512 0.894578
vn 0.056416 0.998391 -0.005778
v -0.031822 1.104144 0.860930
vt 0.895611 0.897821
vn 0.058331 0.997990 -0.024761
v -0.029294 1.083222 0.891434
vt 0.894450 0.888320
vn -0.059427 -0.838156 0.542184
v -0.028977 1.081040 0.888078
vt 0.894353 0.887381
vn -0.059106 -0.838230 0.542105
v -0.029294 1.083222 0.891434
vt 0.894450 0.888320
vn 0.008185 0.494492 0.869144
v -0.028462 1.097458 0.883374
vt 0.894540 0.892117
vn 0.008185 0.494492 0.869144
v -0.169156 1.092330 0.864054
vt 0.930749 0.887721
vn 0.672049 -0.711333 -0.205805
v -0.168800 1.089100 0.876380
vt 0.928254 0.887194
vn 0.672049 -0.711333 -0.205805
v -0.166442 1.089007 0.884405
vt 0.926644 0.886474
vn 0.672049 -0.711333 -0.205805
v -0.168800 1.089100 0.876380
vt 0.928254 0.887194
vn -0.683401 -0.695324 0.222458
v -0.168910 1.091691 0.885217
vt 0.926631 0.887777
vn -0.684094 -0.693490 0.226025
v -0.166442 1.089007 0.884405
vt 0.926644 0.886474
vn -0.683401 -0.695324 0.222458
v -0.166666 1.090422 0.887067
vt 0.926203 0.887203
vn -0.688104 -0.681534 0.249045
v -0.166747 1.091204 0.887758
vt 0.926081 0.887594
vn -0.700077 -0.512123 0.497617
v -0.166666 1.090422 0.887067
vt 0.926203 0.887203
vn -0.688124 -0.681554 0.248936
v -0.168910 1.091691 0.885217
vt 0.926631 0.887777
vn -0.684112 -0.693508 0.225917
v -0.168281 1.105537 0.879515
vt 0.927038 0.891284
vn -0.719512 0.292058 0.630083
v -0.166747 1.091204 0.887758
vt 0.926081 0.887594
vn -0.719512 0.292058 0.630083
v -0.170507 1.104354 0.877367
vt 0.927911 0.890848
vn -0.719512 0.292058 0.630083
v -0.168910 1.091691 0.885217
vt 0.926631 0.887777
vn -0.719512 0.292058 0.630083
v -0.168945 1.112091 0.871076
vt 0.929593 0.892686
vn -0.746905 0.503669 0.434108
v -0.168281 1.105537 0.879515
vt 0.927038 0.891284
vn -0.746905 0.503669 0.434108
v -0.171146 1.110056 0.869342
vt 0.930021 0.891910
vn -0.746905 0.503669 0.434108
v -0.170507 1.104354 0.877367
vt 0.927911 0.890848
vn -0.746905 0.503669 0.434108
v -0.169117 1.111964 0.850354
vt 0.934474 0.891846
vn -0.703914 0.710275 -0.003830
v -0.168945 1.112091 0.871076
vt 0.929593 0.892686
vn -0.703914 0.710275 -0.003830
v -0.171309 1.109646 0.852049
vt 0.933958 0.891164
vn -0.703914 0.710275 -0.003830
v -0.171146 1.110056 0.869342
vt 0.930021 0.891910
vn -0.703914 0.710275 -0.003830
v -0.166747 1.091204 0.887758
vt 0.926081 0.887594
vn -0.062140 -0.837449 0.542972
v -0.166666 1.090422 0.887067
vt 0.926203 0.887203
vn -0.062140 -0.837449 0.542972
v -0.164179 1.088871 0.884478
vt 0.925624 0.886526
vn -0.062140 -0.837449 0.542972
v -0.168945 1.112091 0.871076
vt 0.927399 0.893740
vn 0.028282 0.788245 0.614711
v -0.168281 1.105537 0.879515
vt 0.927038 0.891284
vn 0.028282 0.788245 0.614711
v -0.168945 1.112091 0.871076
vt 0.927399 0.893740
vn 0.057422 0.998332 -0.006076
v -0.169117 1.111964 0.850354
vt 0.927700 0.898545
vn 0.057518 0.998314 -0.007774
v -0.166747 1.091204 0.887758
vt 0.926081 0.887594
vn 0.005077 0.495649 0.868508
v -0.168281 1.105537 0.879515
vt 0.927038 0.891284
vn 0.005077 0.495649 0.868508
v -0.031639 1.102635 0.852019
vt 0.895662 0.899918
vn 0.068832 0.983864 -0.165148
v -0.169117 1.111964 0.850354
vt 0.927700 0.898545
vn 0.057523 0.998313 -0.007872
v -0.169156 1.092330 0.864054
vt 0.930749 0.887721
vn -0.997213 -0.074017 0.009349
v -0.168910 1.091691 0.885217
vt 0.926631 0.887777
vn -0.997213 -0.074017 0.009349
v -0.168800 1.089100 0.876380
vt 0.928254 0.887194
vn -0.997213 -0.074017 0.009349
v -0.169156 1.092330 0.864054
vt 0.930749 0.887721
vn -0.992694 -0.120403 0.007885
v -0.170507 1.104354 0.877367
vt 0.927911 0.890848
vn -0.992694 -0.120403 0.007885
v -0.168910 1.091691 0.885217
vt 0.926631 0.887777
vn -0.992694 -0.120403 0.007885
v -0.169156 1.092330 0.864054
vt 0.930749 0.887721
vn -0.993768 -0.111468 -0.000253
v -0.171146 1.110056 0.869342
vt 0.930021 0.891910
vn -0.993768 -0.111468 -0.000253
v -0.170507 1.104354 0.877367
vt 0.927911 0.890848
vn -0.993768 -0.111468 -0.000253
v -0.171146 1.110056 0.869342
vt 0.930021 0.891910
vn -0.993279 -0.115113 0.012053
v -0.169156 1.092330 0.864054
vt 0.930749 0.887721
vn -0.993279 -0.115113 0.012053
v -0.171309 1.109646 0.852049
vt 0.933958 0.891164
vn -0.993279 -0.115113 0.012053
v -0.166442 1.089007 0.884405
vt 0.926644 0.886474
vn -0.067912 -0.883239 0.463980
v -0.166666 1.090422 0.887067
vt 0.926203 0.887203
vn -0.062138 -0.837515 0.542869
v -0.164179 1.088871 0.884478
vt 0.925624 0.886526
vn -0.062138 -0.837515 0.542869
v 0.928060 1.034698 0.853010
vt 0.666434 0.891880
vn 0.996378 0.053590 0.066021
v 0.925990 1.058537 0.864919
vt 0.671601 0.895313
vn 0.996378 0.053590 0.066021
v 0.926803 1.058085 0.853010
vt 0.669141 0.896593
vn 0.996378 0.053590 0.066021
v 0.928060 1.034698 0.853010
vt 0.666434 0.891880
vn 0.996834 0.061297 0.050638
v 0.925914 1.058055 0.866990
vt 0.672390 0.895056
vn 0.996834 0.061297 0.050638
v 0.925990 1.058537 0.864919
vt 0.671601 0.895313
vn 0.996834 0.061297 0.050638
v 0.925914 1.058055 0.866990
vt 0.672390 0.895056
vn 0.996373 0.050565 0.068435
v 0.928060 1.034698 0.853010
vt 0.666434 0.891880
vn 0.996373 0.050565 0.068435
v 0.925700 1.051261 0.875142
vt 0.672825 0.892670
vn 0.996373 0.050565 0.068435
v 0.925700 1.051261 0.875142
vt 0.672825 0.892670
vn 0.996219 0.037070 0.078569
v 0.928060 1.034698 0.853010
vt 0.666434 0.891880
vn 0.996219 0.037070 0.078569
v 0.925639 1.036766 0.882771
vt 0.672695 0.888871
vn 0.996219 0.037070 0.078569
v 0.925639 1.036766 0.882771
vt 0.672695 0.888871
vn 0.994750 -0.057121 0.084909
v 0.928060 1.034698 0.853010
vt 0.666434 0.891880
vn 0.994750 -0.057121 0.084909
v 0.925814 1.034698 0.879334
vt 0.671761 0.888848
vn 0.994750 -0.057121 0.084909
v -0.082536 0.252558 0.885083
vt 0.569686 0.214999
vn -0.002884 -0.013272 -0.999908
v 0.005417 0.251112 0.887627
vt 0.551036 0.214725
vn 0.002807 0.019527 -0.999805
v -0.072006 0.272291 0.887573
vt 0.567454 0.218731
vn -0.029907 0.085280 -0.995908
v 0.039752 0.270993 0.884477
vt 0.543756 0.218485
vn -0.019914 0.078185 -0.996740
v -0.135303 1.080339 0.869950
vt 0.580875 0.371551
vn 0.002998 -0.200930 -0.979601
v -0.156724 1.081681 0.869608
vt 0.585418 0.371805
vn -0.058085 -0.241202 -0.968735
v -0.111080 1.056506 0.874913
vt 0.575739 0.367044
vn -0.060577 -0.242853 -0.968170
v -0.148401 1.021514 0.886091
vt 0.583653 0.360426
vn -0.083770 -0.245973 -0.965650
v -0.109897 1.019706 0.882217
vt 0.575488 0.360084
vn -0.087070 -0.246270 -0.965282
v -0.141669 0.969352 0.898969
vt 0.582226 0.350561
vn -0.109782 -0.221270 -0.969014
v -0.108144 0.970285 0.894638
vt 0.575117 0.350737
vn -0.109598 -0.219869 -0.969353
v -0.135557 0.917613 0.907699
vt 0.580929 0.340776
vn -0.075465 -0.144779 -0.986582
v -0.104503 0.920981 0.904184
vt 0.574344 0.341413
vn -0.069000 -0.135778 -0.988334
v -0.082226 0.922982 0.907380
vt 0.569621 0.341791
vn -0.008523 0.873305 -0.487098
v -0.103429 0.922449 0.907010
vt 0.574117 0.341690
vn -0.008523 0.873305 -0.487098
v -0.082388 0.921144 0.904301
vt 0.569655 0.341444
vn -0.008523 0.873305 -0.487098
v -0.104503 0.920981 0.904184
vt 0.574344 0.341413
vn -0.008523 0.873305 -0.487098
v -0.052978 0.727972 0.917065
vt 0.563419 0.304910
vn -0.076894 -0.008889 -0.997000
v -0.068999 0.821580 0.913216
vt 0.566816 0.322614
vn -0.070798 -0.068479 -0.995137
v -0.115752 0.730897 0.921763
vt 0.576730 0.305463
vn -0.075965 -0.017876 -0.996950
v -0.125468 0.824151 0.916817
vt 0.578790 0.323100
vn -0.069085 -0.074190 -0.994848
v -0.037222 0.632787 0.913219
vt 0.560078 0.286909
vn -0.081206 0.039989 -0.995895
v -0.105869 0.631067 0.919106
vt 0.574634 0.286583
vn -0.081002 0.037271 -0.996017
v -0.020663 0.553850 0.907790
vt 0.556567 0.271980
vn -0.074428 0.055873 -0.995660
v -0.098401 0.553137 0.913859
vt 0.573050 0.271845
vn -0.075705 0.055790 -0.995568
v 0.009128 0.467694 0.901480
vt 0.550250 0.255686
vn -0.065412 0.063284 -0.995850
v -0.090539 0.470697 0.907977
vt 0.571383 0.256254
vn -0.066705 0.061184 -0.995895
v 0.020854 0.439457 0.898939
vt 0.547763 0.250345
vn -0.057106 0.073083 -0.995690
v -0.084404 0.405829 0.902919
vt 0.570083 0.243986
vn -0.059534 0.073204 -0.995538
v 0.033978 0.325815 0.889939
vt 0.544980 0.228853
vn -0.053211 0.087980 -0.994700
v -0.077159 0.328588 0.896431
vt 0.568546 0.229378
vn -0.052622 0.091073 -0.994453
v -0.109279 1.056618 0.879989
vt 0.575357 0.367065
vn 0.973529 -0.030033 -0.226582
v -0.111080 1.056506 0.874913
vt 0.575739 0.367044
vn 0.973529 -0.030033 -0.226582
v -0.109763 1.019982 0.885403
vt 0.575460 0.360136
vn 0.983210 -0.010334 -0.182186
v -0.109897 1.019706 0.882217
vt 0.575488 0.360084
vn 0.982002 -0.013111 -0.188415
v -0.107253 0.971167 0.898336
vt 0.574928 0.350904
vn 0.975061 0.011430 -0.221643
v -0.108144 0.970285 0.894638
vt 0.575117 0.350737
vn 0.975012 0.011431 -0.221859
v -0.103429 0.922449 0.907010
vt 0.574117 0.341690
vn 0.955557 0.018109 -0.294251
v -0.104503 0.920981 0.904184
vt 0.574344 0.341413
vn 0.955557 0.018109 -0.294251
v -0.082388 0.921144 0.904301
vt 0.569655 0.341444
vn -0.059781 -0.110692 -0.992055
v -0.135303 1.080339 0.869950
vt 0.580875 0.371551
vn 0.700887 0.618820 -0.354710
v -0.111080 1.056506 0.874913
vt 0.575739 0.367044
vn 0.700887 0.618820 -0.354710
v -0.133791 1.082881 0.876047
vt 0.580555 0.372032
vn 0.700887 0.618820 -0.354710
v -0.109279 1.056618 0.879989
vt 0.575357 0.367065
vn 0.700887 0.618820 -0.354710
v -0.164593 1.057238 0.892963
vt 0.587086 0.367182
vn -0.814417 -0.281765 -0.507280
v -0.156724 1.081681 0.869608
vt 0.585418 0.371805
vn -0.758736 -0.331478 -0.560751
v -0.168800 1.089100 0.876380
vt 0.587978 0.373208
vn -0.626870 -0.423149 -0.654201
v -0.156724 1.081681 0.869608
vt 0.585418 0.371805
vn 0.111031 0.828054 -0.549545
v -0.135303 1.080339 0.869950
vt 0.580875 0.371551
vn 0.111031 0.828054 -0.549545
v -0.168800 1.089100 0.876380
vt 0.587978 0.373208
vn 0.111031 0.828054 -0.549545
v -0.133791 1.082881 0.876047
vt 0.580555 0.372032
vn 0.111031 0.828054 -0.549545
v -0.082536 0.252558 0.885083
vt 0.569686 0.214999
vn -0.667811 0.155873 -0.727826
v -0.072006 0.272291 0.887573
vt 0.567454 0.218731
vn -0.667811 0.155873 -0.727826
v -0.089149 0.326940 0.915006
vt 0.571089 0.229066
vn -0.872292 0.038184 -0.487491
v -0.077159 0.328588 0.896431
vt 0.568546 0.229378
vn -0.852485 0.052853 -0.520073
v -0.148401 1.021514 0.886091
vt 0.583653 0.360426
vn -0.820663 -0.275682 -0.500512
v -0.158604 1.014816 0.909521
vt 0.585817 0.359159
vn -0.820663 -0.275682 -0.500512
v -0.154440 0.980747 0.920457
vt 0.584933 0.352716
vn -0.876300 -0.227892 -0.424458
v -0.141669 0.969352 0.898969
vt 0.582226 0.350561
vn -0.876300 -0.227892 -0.424458
v -0.158604 1.014816 0.909521
vt 0.585817 0.359159
vn -0.876300 -0.227892 -0.424458
v -0.148401 1.021514 0.886091
vt 0.583653 0.360426
vn -0.876300 -0.227892 -0.424458
v -0.151688 0.958493 0.928523
vt 0.584350 0.348507
vn -0.923483 -0.209588 -0.321328
v -0.141669 0.969352 0.898969
vt 0.582226 0.350561
vn -0.921374 -0.212196 -0.325643
v -0.154440 0.980747 0.920457
vt 0.584933 0.352716
vn -0.884700 -0.251605 -0.392430
v -0.148830 0.933608 0.943442
vt 0.583744 0.343801
vn -0.940613 -0.160686 -0.299043
v -0.135557 0.917613 0.907699
vt 0.580929 0.340776
vn -0.943247 -0.151064 -0.295743
v -0.143257 0.887101 0.946924
vt 0.582562 0.335005
vn -0.947791 -0.130986 -0.290749
v -0.125468 0.824151 0.916817
vt 0.578790 0.323100
vn -0.937920 -0.111694 -0.328375
v -0.135740 0.821529 0.948609
vt 0.580968 0.322604
vn -0.935078 -0.106480 -0.338070
v -0.125571 0.729296 0.945184
vt 0.578812 0.305161
vn -0.916371 -0.084372 -0.391338
v -0.115752 0.730897 0.921763
vt 0.576730 0.305463
vn -0.916303 -0.084289 -0.391515
v -0.115646 0.629083 0.935274
vt 0.576707 0.286208
vn -0.863092 -0.043585 -0.503162
v -0.105869 0.631067 0.919106
vt 0.574634 0.286583
vn -0.862174 -0.043074 -0.504778
v -0.108273 0.550571 0.924057
vt 0.575144 0.271360
vn -0.787481 -0.004470 -0.616322
v -0.098401 0.553137 0.913859
vt 0.573050 0.271845
vn -0.777264 -0.007291 -0.629132
v -0.104629 0.511663 0.918331
vt 0.574371 0.264001
vn -0.626670 -0.014258 -0.779155
v -0.100938 0.469907 0.917609
vt 0.573589 0.256104
vn -0.826367 -0.097459 -0.554634
v -0.090539 0.470697 0.907977
vt 0.571383 0.256254
vn -0.825583 -0.097056 -0.555871
v -0.094807 0.403663 0.937317
vt 0.572289 0.243576
vn -0.911662 -0.055663 -0.407152
v -0.084404 0.405829 0.902919
vt 0.570083 0.243986
vn -0.911658 -0.055793 -0.407146
v 0.275175 0.250246 0.897889
vt 0.457925 0.043463
vn 0.000490 -0.344706 0.938710
v 0.096056 0.252782 0.898685
vt 0.488263 0.043752
vn -0.000412 -0.348745 0.937217
v 0.272805 0.315636 0.921997
vt 0.458369 0.055244
vn 0.000490 -0.344943 0.938624
v 0.091801 0.319738 0.923696
vt 0.488994 0.055842
vn -0.000530 -0.348831 0.937185
v 0.878609 0.304268 0.916693
vt 0.355922 0.053649
vn -0.018807 -0.273310 0.961742
v 0.923839 0.303515 0.917318
vt 0.348269 0.053562
vn -0.034523 -0.259337 0.965170
v 0.874653 0.245549 0.900069
vt 0.356581 0.043318
vn -0.018308 -0.273818 0.961607
v 0.919385 0.245393 0.901670
vt 0.349024 0.043372
vn -0.033705 -0.259824 0.965068
v 1.013030 0.245031 0.908635
vt 0.333136 0.043537
vn -0.101438 -0.238522 0.965825
v 0.952376 0.245208 0.903382
vt 0.343443 0.043405
vn -0.066724 -0.246022 0.966965
v 1.018660 0.301924 0.923078
vt 0.332219 0.053499
vn -0.105523 -0.237951 0.965528
v 0.957303 0.303001 0.918489
vt 0.342606 0.053520
vn -0.068512 -0.245529 0.966965
v 1.049307 0.244960 0.913887
vt 0.326949 0.043790
vn -0.154012 -0.230844 0.960724
v 1.055296 0.301037 0.928390
vt 0.326000 0.053587
vn -0.157119 -0.230506 0.960302
v 0.624867 0.246696 0.897284
vt 0.398787 0.043190
vn -0.000407 -0.324837 0.945770
v 0.456509 0.248139 0.897301
vt 0.427249 0.043272
vn 0.000566 -0.335692 0.941971
v 0.626188 0.308306 0.918270
vt 0.398605 0.054198
vn -0.000407 -0.324744 0.945802
v 0.456026 0.311650 0.920042
vt 0.427380 0.054677
vn 0.000566 -0.335927 0.941888
v 0.721956 0.246183 0.897797
vt 0.382379 0.043208
vn -0.002103 -0.312531 0.949905
v 0.724329 0.306627 0.917402
vt 0.382012 0.053954
vn -0.002103 -0.312439 0.949935
v 0.815668 0.245744 0.898768
vt 0.366544 0.043253
vn -0.009324 -0.287745 0.957662
v 0.819017 0.305255 0.916771
vt 0.366002 0.053771
vn -0.009514 -0.287158 0.957836
v 0.761541 0.246057 0.898136
vt 0.375690 0.043232
vn -0.004626 -0.299300 0.954148
v 0.764342 0.306166 0.917119
vt 0.375246 0.053887
vn -0.004626 -0.299117 0.954205
v 0.006734 0.254066 0.899040
vt 0.503464 0.043881
vn -0.000020 -0.348428 0.937336
v 0.001536 0.321905 0.924386
vt 0.504254 0.056218
vn 0.000177 -0.348243 0.937404
v 0.456026 0.311650 0.920042
vt 0.427380 0.054677
vn 0.022469 0.663649 0.747707
v 0.272805 0.315636 0.921997
vt 0.458369 0.055244
vn 0.022469 0.663418 0.747912
v 0.456146 0.314600 0.917396
vt 0.427353 0.055347
vn 0.022469 0.663649 0.747707
v 0.273150 0.318553 0.919420
vt 0.458305 0.055902
vn 0.022098 0.655410 0.754950
v 1.064601 0.245092 0.916870
vt 0.324449 0.044087
vn -0.188339 -0.227551 0.955379
v 1.072052 0.300539 0.931550
vt 0.323160 0.053644
vn -0.189406 -0.227426 0.955198
v 1.018660 0.301924 0.923078
vt 0.332219 0.053499
vn -0.076813 0.756660 0.649280
v 1.019056 0.304548 0.920009
vt 0.332207 0.054185
vn -0.076813 0.756660 0.649280
v 1.055296 0.301037 0.928390
vt 0.326000 0.053587
vn -0.076813 0.756660 0.649280
v 1.055518 0.303748 0.925315
vt 0.326041 0.054272
vn -0.076813 0.756660 0.649280
v 0.957303 0.303001 0.918489
vt 0.342606 0.053520
vn -0.035029 0.755759 0.653912
v 0.957643 0.305710 0.915433
vt 0.342581 0.054214
vn -0.035029 0.755759 0.653912
v 1.018660 0.301924 0.923078
vt 0.332219 0.053499
vn -0.035029 0.755759 0.653912
v 1.019056 0.304548 0.920009
vt 0.332207 0.054185
vn -0.035029 0.755759 0.653912
v 0.923839 0.303515 0.917318
vt 0.348269 0.053562
vn -0.011227 0.745398 0.666526
v 0.925246 0.306234 0.914332
vt 0.348042 0.054250
vn -0.011227 0.745398 0.666526
v 0.957303 0.303001 0.918489
vt 0.342606 0.053520
vn -0.011227 0.745398 0.666526
v 0.957643 0.305710 0.915433
vt 0.342581 0.054214
vn -0.011227 0.745398 0.666526
v 0.878609 0.304268 0.916693
vt 0.355922 0.053649
vn 0.003784 0.731344 0.681998
v 0.878949 0.307063 0.913755
vt 0.355865 0.054336
vn 0.012380 0.727462 0.686036
v 0.923839 0.303515 0.917318
vt 0.348269 0.053562
vn 0.003697 0.731385 0.681955
v 0.925246 0.306234 0.914332
vt 0.348042 0.054250
vn 0.003697 0.731385 0.681955
v 0.819017 0.305255 0.916771
vt 0.366002 0.053771
vn 0.012600 0.727358 0.686143
v 0.819459 0.307979 0.913845
vt 0.365924 0.054447
vn 0.012600 0.727358 0.686143
v 0.764342 0.306166 0.917119
vt 0.375246 0.053887
vn 0.015279 0.732485 0.680612
v 0.762428 0.308798 0.914223
vt 0.375565 0.054550
vn 0.015671 0.737063 0.675643
v 0.819017 0.305255 0.916771
vt 0.366002 0.053771
vn 0.015758 0.737812 0.674822
v 0.819459 0.307979 0.913845
vt 0.365924 0.054447
vn 0.015758 0.737812 0.674822
v 0.724329 0.306627 0.917402
vt 0.382012 0.053954
vn 0.015191 0.731645 0.681516
v 0.724816 0.309374 0.914554
vt 0.381923 0.054623
vn 0.015191 0.731645 0.681516
v 0.626188 0.308306 0.918270
vt 0.398605 0.054198
vn 0.019178 0.703074 0.710858
v 0.625867 0.311205 0.915528
vt 0.398653 0.054874
vn 0.019178 0.703074 0.710858
v 0.724329 0.306627 0.917402
vt 0.382012 0.053954
vn 0.019178 0.703074 0.710858
v 0.724816 0.309374 0.914554
vt 0.381923 0.054623
vn 0.019178 0.703074 0.710858
v 0.456026 0.311650 0.920042
vt 0.427380 0.054677
vn 0.021291 0.677745 0.734988
v 0.456146 0.314600 0.917396
vt 0.427353 0.055347
vn 0.021291 0.677745 0.734988
v 0.626188 0.308306 0.918270
vt 0.398605 0.054198
vn 0.021291 0.677745 0.734988
v 0.625867 0.311205 0.915528
vt 0.398653 0.054874
vn 0.021291 0.677745 0.734988
v 0.091801 0.319738 0.923696
vt 0.488994 0.055842
vn 0.021780 0.651764 0.758109
v 0.091724 0.322683 0.921178
vt 0.489000 0.056499
vn 0.021780 0.651671 0.758189
v 0.001536 0.321905 0.924386
vt 0.504254 0.056218
vn 0.020480 0.644879 0.764010
v 0.002590 0.324807 0.921895
vt 0.504064 0.056861
vn 0.020792 0.645824 0.763203
v 1.074741 0.300550 0.932238
vt 0.322739 0.053722
vn -0.128000 0.864366 0.486300
v 1.072052 0.300539 0.931550
vt 0.323160 0.053644
vn -0.072537 0.801402 0.593711
v 1.076300 0.303120 0.928079
vt 0.321969 0.054128
vn -0.072813 0.801663 0.593325
v 0.275175 0.250246 0.897889
vt 0.457925 0.043463
vn -0.008738 -0.848119 0.529733
v 0.274912 0.247340 0.893226
vt 0.457969 0.042534
vn -0.008134 -0.850593 0.525761
v 0.096056 0.252782 0.898685
vt 0.488263 0.043752
vn -0.009431 -0.845407 0.534040
v 0.096479 0.249784 0.894005
vt 0.488192 0.042812
vn -0.009915 -0.841904 0.539536
v 0.456509 0.248139 0.897301
vt 0.427249 0.043272
vn -0.007138 -0.856302 0.516426
v 0.457147 0.245293 0.892663
vt 0.427141 0.042352
vn -0.008005 -0.850843 0.525359
v 0.624867 0.246696 0.897284
vt 0.398787 0.043190
vn -0.007428 -0.858126 0.513386
v 0.627142 0.243760 0.892367
vt 0.398403 0.042222
vn -0.007136 -0.856720 0.515733
v 0.721956 0.246183 0.897797
vt 0.382379 0.043208
vn -0.007427 -0.858333 0.513039
v 0.722269 0.243085 0.892658
vt 0.382328 0.042193
vn -0.007427 -0.858333 0.513039
v 0.761541 0.246057 0.898136
vt 0.375690 0.043232
vn -0.010540 -0.845582 0.533741
v 0.762530 0.242879 0.893359
vt 0.375527 0.042261
vn -0.010540 -0.845582 0.533741
v 0.721956 0.246183 0.897797
vt 0.382379 0.043208
vn -0.010540 -0.845582 0.533741
v 0.722269 0.243085 0.892658
vt 0.382328 0.042193
vn -0.010540 -0.845582 0.533741
v 0.815668 0.245744 0.898768
vt 0.366544 0.043253
vn -0.014142 -0.819949 0.572262
v 0.815185 0.242551 0.894431
vt 0.366632 0.042343
vn -0.014142 -0.819949 0.572262
v 0.761541 0.246057 0.898136
vt 0.375690 0.043232
vn -0.014142 -0.819949 0.572262
v 0.762530 0.242879 0.893359
vt 0.375527 0.042261
vn -0.014142 -0.819949 0.572262
v 0.874653 0.245549 0.900069
vt 0.356581 0.043318
vn -0.017920 -0.792402 0.609735
v 0.873755 0.242259 0.895941
vt 0.356744 0.042427
vn -0.017920 -0.792402 0.609735
v 0.815668 0.245744 0.898768
vt 0.366544 0.043253
vn -0.017920 -0.792402 0.609735
v 0.815185 0.242551 0.894431
vt 0.366632 0.042343
vn -0.017920 -0.792402 0.609735
v 0.919385 0.245393 0.901670
vt 0.349024 0.043372
vn -0.029123 -0.760854 0.648270
v 0.917101 0.242060 0.897882
vt 0.349427 0.042527
vn -0.029123 -0.760854 0.648270
v 0.874653 0.245549 0.900069
vt 0.356581 0.043318
vn -0.029123 -0.760854 0.648270
v 0.873755 0.242259 0.895941
vt 0.356744 0.042427
vn -0.029123 -0.760854 0.648270
v 0.952376 0.245208 0.903382
vt 0.343443 0.043405
vn -0.041229 -0.729945 0.682262
v 0.951883 0.241951 0.899953
vt 0.343555 0.042609
vn -0.041229 -0.729945 0.682262
v 0.919385 0.245393 0.901670
vt 0.349024 0.043372
vn -0.041229 -0.729945 0.682262
v 0.917101 0.242060 0.897882
vt 0.349427 0.042527
vn -0.041229 -0.729945 0.682262
v 1.013030 0.245031 0.908635
vt 0.333136 0.043537
vn -0.068113 -0.686976 0.723481
v 1.020588 0.241707 0.906483
vt 0.331879 0.042811
vn -0.068113 -0.686976 0.723481
v 0.952376 0.245208 0.903382
vt 0.343443 0.043405
vn -0.068113 -0.686976 0.723481
v 0.951883 0.241951 0.899953
vt 0.343555 0.042609
vn -0.068113 -0.686976 0.723481
v 1.049307 0.244960 0.913887
vt 0.326949 0.043790
vn -0.109328 -0.681691 0.723426
v 1.048721 0.241680 0.910871
vt 0.327011 0.043009
vn -0.109328 -0.681691 0.723426
v 1.013030 0.245031 0.908635
vt 0.333136 0.043537
vn -0.109328 -0.681691 0.723426
v 1.020588 0.241707 0.906483
vt 0.331879 0.042811
vn -0.109328 -0.681691 0.723426
v 1.064601 0.245092 0.916870
vt 0.324449 0.044087
vn -0.114807 -0.703613 0.701248
v 1.067996 0.241829 0.913809
vt 0.323699 0.043412
vn -0.114807 -0.703520 0.701341
v 1.049307 0.244960 0.913887
vt 0.326949 0.043790
vn -0.114708 -0.702045 0.702833
v 1.048721 0.241680 0.910871
vt 0.327011 0.043009
vn -0.114708 -0.702045 0.702833
v 0.006734 0.254066 0.899040
vt 0.503464 0.043881
vn -0.008020 -0.833170 0.552958
v 0.005417 0.251112 0.894423
vt 0.503699 0.042942
vn -0.007429 -0.830146 0.557497
v 1.067197 0.245100 0.917337
vt 0.324042 0.044116
vn 0.930965 -0.202308 0.303933
v 1.074741 0.300550 0.932238
vt 0.322739 0.053722
vn 0.930965 -0.202308 0.303933
v 1.067996 0.241829 0.913809
vt 0.323699 0.043412
vn 0.930965 -0.202308 0.303933
v 1.076300 0.303120 0.928079
vt 0.321969 0.054128
vn 0.930965 -0.202308 0.303933
v 0.096479 0.249784 0.887209
vt 0.488202 0.041663
vn -0.014081 -0.999901 -0.000046
v 0.096479 0.249784 0.894005
vt 0.488192 0.042812
vn -0.014081 -0.999901 -0.000046
v 0.274912 0.247340 0.886430
vt 0.457978 0.041385
vn -0.012483 -0.999922 -0.000046
v 0.274912 0.247340 0.893226
vt 0.457969 0.042534
vn -0.012483 -0.999922 -0.000046
v 0.457147 0.245293 0.885867
vt 0.427148 0.041203
vn -0.010080 -0.999949 -0.000046
v 0.457147 0.245293 0.892663
vt 0.427141 0.042352
vn -0.010080 -0.999949 -0.000046
v 0.627142 0.243760 0.885571
vt 0.398409 0.041073
vn -0.008091 -0.999967 -0.000015
v 0.627142 0.243760 0.892367
vt 0.398403 0.042222
vn -0.008091 -0.999967 -0.000015
v 0.722269 0.243085 0.885862
vt 0.382335 0.041044
vn -0.006080 -0.999982 -0.000046
v 0.722269 0.243085 0.892658
vt 0.382328 0.042193
vn -0.006080 -0.999982 -0.000046
v 0.762530 0.242879 0.886563
vt 0.375538 0.041112
vn -0.005678 -0.999984 -0.000046
v 0.762530 0.242879 0.893359
vt 0.375527 0.042261
vn -0.005678 -0.999984 -0.000046
v 0.815185 0.242551 0.887635
vt 0.366647 0.041194
vn -0.005585 -0.999984 -0.000015
v 0.815185 0.242551 0.894431
vt 0.366632 0.042343
vn -0.005585 -0.999984 -0.000015
v 0.873755 0.242259 0.889145
vt 0.356767 0.041278
vn -0.004784 -0.999989 -0.000046
v 0.873755 0.242259 0.895941
vt 0.356744 0.042427
vn -0.004784 -0.999989 -0.000046
v 0.917101 0.242060 0.891086
vt 0.349462 0.041379
vn -0.003891 -0.999992 -0.000015
v 0.917101 0.242060 0.897882
vt 0.349427 0.042527
vn -0.003799 -0.999993 -0.000015
v 0.951883 0.241951 0.893156
vt 0.343615 0.041462
vn -0.003276 -0.999995 -0.000046
v 0.951883 0.241951 0.899953
vt 0.343555 0.042609
vn -0.003399 -0.999994 -0.000015
v 1.020588 0.241707 0.899687
vt 0.331956 0.041667
vn -0.001100 -0.999999 -0.000015
v 1.020588 0.241707 0.906483
vt 0.331879 0.042811
vn -0.003399 -0.999994 -0.000015
v 1.048721 0.241680 0.904075
vt 0.326997 0.041880
vn 0.007270 -0.999974 0.000015
v 1.048721 0.241680 0.910871
vt 0.327011 0.043009
vn -0.000489 -1.000000 -0.000015
v 1.067996 0.241829 0.907013
vt 0.322809 0.042791
vn 0.007673 -0.999971 0.000015
v 1.067996 0.241829 0.913809
vt 0.323699 0.043412
vn 0.007673 -0.999971 0.000015
v 0.005417 0.251112 0.887627
vt 0.503725 0.041777
vn -0.015494 -0.999880 -0.000015
v 0.005417 0.251112 0.894423
vt 0.503699 0.042942
vn -0.015494 -0.999880 -0.000015
v -0.082536 0.252558 0.885083
vt 0.519574 0.042545
vn -0.016471 -0.999864 -0.000047
v -0.078052 0.252483 0.896001
vt 0.517986 0.044010
vn -0.016471 -0.999864 -0.000047
v -0.080294 0.252521 0.896016
vt 0.518281 0.043960
vn -0.951334 -0.239223 0.194256
v -0.082536 0.252558 0.885083
vt 0.519574 0.042545
vn -0.951334 -0.239223 0.194256
v -0.080247 0.255571 0.900004
vt 0.518029 0.044689
vn -0.951334 -0.239223 0.194256
v -0.080294 0.252521 0.896016
vt 0.518281 0.043960
vn -0.009930 -0.794424 0.607283
v -0.080247 0.255571 0.900004
vt 0.518029 0.044689
vn -0.009930 -0.794424 0.607283
v -0.078052 0.252483 0.896001
vt 0.517986 0.044010
vn -0.005312 -0.819211 0.573467
v -0.078000 0.255532 0.899992
vt 0.517715 0.044755
vn -0.005312 -0.819211 0.573467
v -0.078000 0.255532 0.899992
vt 0.517715 0.044755
vn 0.001393 -0.346416 0.938080
v -0.083391 0.323824 0.924947
vt 0.518708 0.056842
vn 0.001393 -0.346416 0.938080
v -0.083391 0.323824 0.924947
vt 0.518708 0.056842
vn 0.019900 0.642398 0.766113
v -0.083897 0.326813 0.922482
vt 0.518811 0.057448
vn 0.019856 0.642330 0.766171
v -0.080294 0.252521 0.896016
vt 0.518281 0.043960
vn -0.016596 -0.999862 -0.000016
v -0.085651 0.323879 0.924960
vt 0.519085 0.056909
vn -0.001901 -0.343320 0.939216
v -0.080247 0.255571 0.900004
vt 0.518029 0.044689
vn -0.001901 -0.343320 0.939216
v -0.085651 0.323879 0.924960
vt 0.519085 0.056909
vn -0.960446 -0.166739 0.223027
v -0.080247 0.255571 0.900004
vt 0.518029 0.044689
vn -0.960446 -0.166739 0.223027
v -0.089149 0.326940 0.915006
vt 0.520967 0.057059
vn -0.960446 -0.166739 0.223027
v -0.082536 0.252558 0.885083
vt 0.519574 0.042545
vn -0.960446 -0.166739 0.223027
v -0.086161 0.326868 0.922495
vt 0.519468 0.057438
vn 0.019890 0.638061 0.769729
v -0.085651 0.323879 0.924960
vt 0.519085 0.056909
vn 0.019890 0.638061 0.769729
v -0.086161 0.326868 0.922495
vt 0.519468 0.057438
vn -0.918347 0.146380 0.367711
v -0.085651 0.323879 0.924960
vt 0.519085 0.056909
vn -0.918347 0.146380 0.367711
v -0.089149 0.326940 0.915006
vt 0.520967 0.057059
vn -0.918347 0.146380 0.367711
v 1.067996 0.241829 0.907013
vt 0.322809 0.042791
vn 0.990937 -0.134326 0.000017
v 1.067996 0.241829 0.913809
vt 0.323699 0.043412
vn 0.990937 -0.134326 0.000017
v 1.076300 0.303120 0.928079
vt 0.321969 0.054128
vn 0.990937 -0.134326 0.000017
v 1.074741 0.300550 0.932238
vt 0.322739 0.053722
vn -0.207120 -0.225928 0.951871
v 1.067197 0.245100 0.917337
vt 0.324042 0.044116
vn -0.207120 -0.225928 0.951871
v 1.067197 0.245100 0.917337
vt 0.324042 0.044116
vn -0.116601 -0.741299 0.660969
v 1.055296 0.301037 0.928390
vt 0.326000 0.053587
vn -0.070432 0.798703 0.597589
v 1.055518 0.303748 0.925315
vt 0.326041 0.054272
vn -0.070432 0.798703 0.597589
v 0.723583 1.323256 0.789609
vt 0.166437 0.890278
vn 0.036067 0.310675 0.949832
v 0.770340 1.300945 0.795413
vt 0.158131 0.898358
vn 0.036067 0.310675 0.949832
v 0.744282 1.265121 0.808123
vt 0.152109 0.890057
vn 0.036190 0.302383 0.952499
v 0.790490 1.246063 0.812320
vt 0.144637 0.898317
vn 0.036263 0.289845 0.956386
v 0.766866 1.198532 0.827264
vt 0.135881 0.889767
vn 0.035968 0.271649 0.961724
v 0.811982 1.185033 0.829219
vt 0.129794 0.898309
vn 0.035381 0.256960 0.965774
v 0.789777 1.131313 0.843635
vt 0.119704 0.889636
vn 0.034083 0.227466 0.973189
v 0.833642 1.123484 0.843872
vt 0.114938 0.898314
vn 0.033498 0.214796 0.976084
v 0.823613 1.032644 0.863156
vt 0.096131 0.889516
vn 0.032995 0.204070 0.978400
v 0.865548 1.032580 0.861671
vt 0.093163 0.898354
vn 0.032995 0.204070 0.978400
v 0.829544 1.032635 0.856302
vt 0.096016 0.906711
vn -0.115372 -0.230064 -0.966312
v 0.795981 1.130206 0.837024
vt 0.119356 0.906539
vn -0.149362 -0.260967 -0.953723
v 0.823613 1.032644 0.860258
vt 0.096288 0.908273
vn -0.525149 -0.334978 -0.782310
v 0.789777 1.131313 0.840737
vt 0.119869 0.908080
vn -0.525568 -0.350883 -0.775022
v 0.826722 1.124719 0.837191
vt 0.115989 0.900463
vn 0.056998 -0.186008 -0.980894
v 0.858932 1.032590 0.855262
vt 0.093907 0.900531
vn 0.109473 -0.154608 -0.981892
v 0.833642 1.123484 0.840974
vt 0.115067 0.898944
vn 0.475409 -0.014926 -0.879638
v 0.865548 1.032580 0.858774
vt 0.093281 0.898989
vn 0.474007 -0.006521 -0.880497
v 0.804864 1.187163 0.822267
vt 0.131105 0.900420
vn 0.065881 -0.225206 -0.972081
v 0.811982 1.185033 0.826322
vt 0.129946 0.898938
vn 0.481599 -0.049520 -0.874992
v 0.783200 1.249070 0.805014
vt 0.146198 0.900382
vn 0.060095 -0.257518 -0.964403
v 0.790490 1.246063 0.809422
vt 0.144805 0.898938
vn 0.487157 -0.074914 -0.870095
v 0.766243 1.295739 0.790704
vt 0.157672 0.900367
vn 0.060789 -0.274735 -0.959597
v 0.770340 1.300945 0.792516
vt 0.158306 0.898979
vn 0.490507 -0.087307 -0.867052
v 0.733649 1.311040 0.786835
vt 0.163374 0.906039
vn -0.284246 -0.376656 -0.881666
v 0.723583 1.323256 0.786712
vt 0.166574 0.907506
vn -0.512884 -0.418895 -0.749317
v 0.750817 1.262426 0.802073
vt 0.151415 0.906200
vn -0.155175 -0.332505 -0.930248
v 0.744282 1.265121 0.805226
vt 0.152248 0.907706
vn -0.518367 -0.409458 -0.750759
v 0.766866 1.198532 0.824366
vt 0.136043 0.907935
vn -0.526453 -0.384282 -0.758403
v 0.773247 1.196623 0.820897
vt 0.135379 0.906404
vn -0.143560 -0.301476 -0.942604
v 0.865548 1.032580 0.858774
vt 0.093281 0.898989
vn 0.943570 0.331174 0.000058
v 0.865548 1.032580 0.861671
vt 0.093163 0.898354
vn 0.943570 0.331174 0.000058
v 0.833642 1.123484 0.840974
vt 0.115067 0.898944
vn 0.943422 0.331595 0.000058
v 0.833642 1.123484 0.843872
vt 0.114938 0.898314
vn 0.943455 0.331502 0.000058
v 0.790490 1.246063 0.809422
vt 0.144805 0.898938
vn 0.940614 0.339479 0.000059
v 0.790490 1.246063 0.812320
vt 0.144637 0.898317
vn 0.941509 0.336988 0.000059
v 0.770340 1.300945 0.792516
vt 0.158306 0.898979
vn 0.938714 0.344696 0.000020
v 0.770340 1.300945 0.795413
vt 0.158131 0.898358
vn 0.938714 0.344696 0.000020
v 0.811982 1.185033 0.826322
vt 0.129946 0.898938
vn 0.943257 0.332064 0.000058
v 0.811982 1.185033 0.829219
vt 0.129794 0.898309
vn 0.943290 0.331970 0.000058
v 0.789777 1.131313 0.843635
vt 0.119744 0.908714
vn -0.946090 -0.323903 -0.000019
v 0.823613 1.032644 0.863156
vt 0.096174 0.908907
vn -0.945927 -0.324381 -0.000058
v 0.789777 1.131313 0.840737
vt 0.119869 0.908080
vn -0.946265 -0.323391 -0.000019
v 0.823613 1.032644 0.860258
vt 0.096288 0.908273
vn -0.945927 -0.324381 -0.000058
v 0.744282 1.265121 0.808123
vt 0.152081 0.908327
vn -0.945172 -0.326572 -0.000058
v 0.766866 1.198532 0.827264
vt 0.135893 0.908563
vn -0.946741 -0.321995 -0.000019
v 0.744282 1.265121 0.805226
vt 0.152248 0.907706
vn -0.944302 -0.329081 -0.000019
v 0.766866 1.198532 0.824366
vt 0.136043 0.907935
vn -0.946816 -0.321774 -0.000058
v 0.723583 1.323256 0.786712
vt 0.166574 0.907506
vn -0.942087 -0.335368 -0.000058
v 0.723583 1.323256 0.789609
vt 0.166398 0.908125
vn -0.942087 -0.335368 -0.000058
v -0.024863 0.880269 0.826043
vt 0.495952 0.976092
vn 0.173410 0.261234 -0.949571
v -0.022847 0.881515 0.826754
vt 0.496061 0.976952
vn 0.173410 0.261234 -0.949571
v -0.028606 0.882742 0.826562
vt 0.496222 0.974654
vn -0.008624 0.381390 -0.924374
v -0.028093 0.884982 0.827482
vt 0.496449 0.974943
vn -0.008624 0.381390 -0.924374
v -0.033026 0.881841 0.826768
vt 0.495967 0.972837
vn -0.223620 0.337546 -0.914361
v -0.034289 0.883718 0.827770
vt 0.496090 0.972407
vn -0.223620 0.337546 -0.914361
v -0.035535 0.878092 0.826539
vt 0.495336 0.971706
vn -0.345618 0.155267 -0.925441
v -0.037805 0.878464 0.827450
vt 0.495196 0.970830
vn -0.345618 0.155267 -0.925441
v -0.034662 0.873693 0.826011
vt 0.494699 0.971924
vn -0.303091 -0.058575 -0.951160
v -0.036582 0.872297 0.826709
vt 0.494292 0.971136
vn -0.303091 -0.058575 -0.951160
v -0.030919 0.871220 0.825492
vt 0.494429 0.973362
vn -0.121059 -0.178862 -0.976398
v -0.031336 0.868831 0.825981
vt 0.493908 0.973144
vn -0.121059 -0.178862 -0.976398
v -0.026499 0.872122 0.825286
vt 0.494685 0.975177
vn 0.093868 -0.134997 -0.986390
v -0.025140 0.870095 0.825693
vt 0.494265 0.975676
vn 0.093868 -0.134997 -0.986390
v -0.023990 0.875870 0.825515
vt 0.495314 0.976308
vn 0.215935 0.047322 -0.975260
v -0.021624 0.875349 0.826013
vt 0.495156 0.977253
vn 0.215935 0.047322 -0.975260
v -0.029887 0.877175 0.824208
vt 0.495710 0.973917
vn -0.067722 0.105674 -0.992092
v -0.026130 0.879696 0.824221
vt 0.496211 0.975466
vn -0.067722 0.105674 -0.992092
v -0.029000 0.881592 0.824619
vt 0.496447 0.974393
vn -0.067722 0.105674 -0.992092
v -0.032389 0.880901 0.824776
vt 0.496251 0.973041
vn -0.067722 0.105674 -0.992092
v -0.034312 0.878027 0.824601
vt 0.495738 0.972203
vn -0.067722 0.105674 -0.992092
v -0.033643 0.874654 0.824196
vt 0.495207 0.972369
vn -0.067722 0.105674 -0.992092
v -0.030773 0.872758 0.823798
vt 0.494973 0.973442
vn -0.067722 0.105674 -0.992092
v -0.027384 0.873449 0.823641
vt 0.495169 0.974792
vn -0.067722 0.105674 -0.992092
v -0.025461 0.876323 0.823816
vt 0.495682 0.975631
vn -0.067722 0.105674 -0.992092
v -0.022847 0.881515 0.826754
vt 0.496061 0.976952
vn 0.830303 0.557305 0.002737
v -0.022748 0.881361 0.828206
vt 0.495703 0.977130
vn 0.830303 0.557305 0.002737
v -0.028093 0.884982 0.827482
vt 0.496449 0.974943
vn 0.195997 0.976399 0.090722
v -0.027994 0.884827 0.828933
vt 0.496031 0.975055
vn 0.195997 0.976399 0.090722
v -0.034289 0.883718 0.827770
vt 0.496090 0.972407
vn -0.553141 0.823580 0.125500
v -0.034190 0.883563 0.829221
vt 0.495677 0.972428
vn -0.553141 0.823580 0.125500
v -0.037805 0.878464 0.827450
vt 0.495196 0.970830
vn -0.978275 0.188281 0.086768
v -0.037706 0.878309 0.828901
vt 0.494850 0.970790
vn -0.978275 0.188281 0.086768
v -0.036582 0.872297 0.826709
vt 0.494292 0.971136
vn -0.830320 -0.557280 -0.002737
v -0.036483 0.872142 0.828160
vt 0.494036 0.971102
vn -0.830320 -0.557280 -0.002737
v -0.031336 0.868831 0.825981
vt 0.493908 0.973144
vn -0.196006 -0.976405 -0.090641
v -0.031237 0.868676 0.827433
vt 0.493711 0.973175
vn -0.196006 -0.976405 -0.090641
v -0.025140 0.870095 0.825693
vt 0.494265 0.975676
vn 0.553062 -0.823634 -0.125498
v -0.025041 0.869940 0.827145
vt 0.494064 0.975798
vn 0.553168 -0.823562 -0.125501
v -0.021624 0.875349 0.826013
vt 0.495156 0.977253
vn 0.978266 -0.188309 -0.086810
v -0.021524 0.875194 0.827465
vt 0.494888 0.977437
vn 0.978266 -0.188309 -0.086810
v -0.025461 0.876323 0.823816
vt 0.495682 0.975631
vn 0.741618 -0.087123 -0.665141
v -0.023990 0.875870 0.825515
vt 0.495314 0.976308
vn 0.741618 -0.087123 -0.665141
v -0.026130 0.879696 0.824221
vt 0.496211 0.975466
vn 0.623333 0.509138 -0.593494
v -0.024863 0.880269 0.826043
vt 0.495952 0.976092
vn 0.623333 0.509138 -0.593494
v -0.027384 0.873449 0.823641
vt 0.495169 0.974792
vn 0.401674 -0.595098 -0.696072
v -0.026499 0.872122 0.825286
vt 0.494685 0.975177
vn 0.401674 -0.595098 -0.696072
v -0.030773 0.872758 0.823798
vt 0.494973 0.973442
vn -0.197383 -0.717266 -0.668258
v -0.030919 0.871220 0.825492
vt 0.494429 0.973362
vn -0.197383 -0.717266 -0.668258
v -0.033643 0.874654 0.824196
vt 0.495207 0.972369
vn -0.704601 -0.382094 -0.597947
v -0.034662 0.873693 0.826011
vt 0.494699 0.971924
vn -0.704601 -0.382094 -0.597947
v -0.034312 0.878027 0.824601
vt 0.495738 0.972203
vn -0.822917 0.214066 -0.526292
v -0.035535 0.878092 0.826539
vt 0.495336 0.971706
vn -0.822917 0.214066 -0.526292
v -0.032389 0.880901 0.824776
vt 0.496251 0.973041
vn -0.483011 0.722077 -0.495283
v -0.033026 0.881841 0.826768
vt 0.495967 0.972837
vn -0.483011 0.722077 -0.495283
v -0.029000 0.881592 0.824619
vt 0.496447 0.974393
vn 0.116132 0.844299 -0.523137
v -0.028606 0.882742 0.826562
vt 0.496222 0.974654
vn 0.116132 0.844299 -0.523137
v -0.036417 0.921952 0.831275
vt 0.491374 0.934499
vn 0.173410 0.261234 -0.949571
v -0.034400 0.923198 0.831986
vt 0.490832 0.934773
vn 0.173410 0.261234 -0.949571
v -0.040159 0.924425 0.831794
vt 0.492252 0.935228
vn -0.008624 0.381390 -0.924374
v -0.039647 0.926665 0.832713
vt 0.492072 0.935794
vn -0.008624 0.381390 -0.924374
v -0.044580 0.923523 0.831999
vt 0.493345 0.934905
vn -0.223620 0.337546 -0.914361
v -0.045843 0.925401 0.833001
vt 0.493613 0.935343
vn -0.223620 0.337546 -0.914361
v -0.047088 0.919775 0.831771
vt 0.494014 0.933717
vn -0.345618 0.155267 -0.925441
v -0.049359 0.920147 0.832681
vt 0.494550 0.933686
vn -0.345618 0.155267 -0.925441
v -0.046215 0.915376 0.831242
vt 0.493864 0.932363
vn -0.303187 -0.058578 -0.951129
v -0.048135 0.913980 0.831940
vt 0.494336 0.931796
vn -0.303187 -0.058578 -0.951129
v -0.042472 0.912903 0.830723
vt 0.492986 0.931634
vn -0.121059 -0.178862 -0.976398
v -0.042889 0.910513 0.831213
vt 0.493097 0.930777
vn -0.121059 -0.178862 -0.976398
v -0.038052 0.913805 0.830518
vt 0.491894 0.931958
vn 0.093868 -0.134997 -0.986390
v -0.036693 0.911777 0.830925
vt 0.491560 0.931226
vn 0.093868 -0.134997 -0.986390
v -0.035544 0.917553 0.830746
vt 0.491226 0.933144
vn 0.215935 0.047322 -0.975260
v -0.033177 0.917032 0.831245
vt 0.490621 0.932880
vn 0.215935 0.047322 -0.975260
v -0.041440 0.918858 0.829440
vt 0.492708 0.933810
vn -0.067722 0.105674 -0.992092
v -0.037684 0.921379 0.829452
vt 0.491714 0.934613
vn -0.067722 0.105674 -0.992092
v -0.040553 0.923275 0.829850
vt 0.492410 0.935149
vn -0.067722 0.105674 -0.992092
v -0.043942 0.922584 0.830008
vt 0.493282 0.934901
vn -0.067722 0.105674 -0.992092
v -0.045866 0.919710 0.829833
vt 0.493817 0.934013
vn -0.067722 0.105674 -0.992092
v -0.045196 0.916337 0.829428
vt 0.493701 0.933008
vn -0.067722 0.105674 -0.992092
v -0.042327 0.914441 0.829030
vt 0.493005 0.932473
vn -0.067729 0.105790 -0.992079
v -0.038938 0.915132 0.828872
vt 0.492137 0.932721
vn -0.067722 0.105674 -0.992092
v -0.037015 0.918006 0.829047
vt 0.491600 0.933607
vn -0.067722 0.105674 -0.992092
v -0.034400 0.923198 0.831986
vt 0.490832 0.934773
vn 0.830303 0.557305 0.002737
v -0.034301 0.923043 0.833437
vt 0.490841 0.934512
vn 0.830303 0.557305 0.002737
v -0.039647 0.926665 0.832713
vt 0.492072 0.935794
vn 0.195997 0.976399 0.090722
v -0.039548 0.926510 0.834164
vt 0.492026 0.935579
vn 0.195997 0.976399 0.090722
v -0.045843 0.925401 0.833001
vt 0.493613 0.935343
vn -0.553141 0.823580 0.125500
v -0.045744 0.925246 0.834453
vt 0.493498 0.935121
vn -0.553194 0.823545 0.125502
v -0.049359 0.920147 0.832681
vt 0.494550 0.933686
vn -0.978275 0.188281 0.086768
v -0.049260 0.919992 0.834132
vt 0.494392 0.933409
vn -0.978275 0.188281 0.086768
v -0.048135 0.913980 0.831940
vt 0.494336 0.931796
vn -0.830320 -0.557280 -0.002737
v -0.048036 0.913825 0.833392
vt 0.494184 0.931448
vn -0.830320 -0.557280 -0.002737
v -0.042889 0.910513 0.831213
vt 0.493097 0.930777
vn -0.195981 -0.976398 -0.090763
v -0.042790 0.910359 0.832664
vt 0.493000 0.930386
vn -0.195981 -0.976398 -0.090763
v -0.036693 0.911777 0.830925
vt 0.491560 0.931226
vn 0.553062 -0.823634 -0.125498
v -0.036594 0.911623 0.832376
vt 0.491532 0.930842
vn 0.553062 -0.823634 -0.125498
v -0.033177 0.917032 0.831245
vt 0.490621 0.932880
vn 0.978266 -0.188309 -0.086810
v -0.033078 0.916877 0.832696
vt 0.490637 0.932551
vn 0.978266 -0.188309 -0.086810
v -0.037015 0.918006 0.829047
vt 0.491600 0.933607
vn 0.741618 -0.087123 -0.665141
v -0.035544 0.917553 0.830746
vt 0.491226 0.933144
vn 0.741618 -0.087123 -0.665141
v -0.037684 0.921379 0.829452
vt 0.491714 0.934613
vn 0.623333 0.509138 -0.593494
v -0.036417 0.921952 0.831275
vt 0.491374 0.934499
vn 0.623333 0.509138 -0.593494
v -0.038938 0.915132 0.828872
vt 0.492137 0.932721
vn 0.401674 -0.595098 -0.696072
v -0.038052 0.913805 0.830518
vt 0.491894 0.931958
vn 0.401674 -0.595098 -0.696072
v -0.042327 0.914441 0.829030
vt 0.493005 0.932473
vn -0.197384 -0.717219 -0.668308
v -0.042472 0.912903 0.830723
vt 0.492986 0.931634
vn -0.197384 -0.717219 -0.668308
v -0.045196 0.916337 0.829428
vt 0.493701 0.933008
vn -0.704601 -0.382094 -0.597947
v -0.046215 0.915376 0.831242
vt 0.493864 0.932363
vn -0.704601 -0.382094 -0.597947
v -0.045866 0.919710 0.829833
vt 0.493817 0.934013
vn -0.822917 0.214066 -0.526292
v -0.047088 0.919775 0.831771
vt 0.494014 0.933717
vn -0.822917 0.214066 -0.526292
v -0.043942 0.922584 0.830008
vt 0.493282 0.934901
vn -0.483011 0.722077 -0.495283
v -0.044580 0.923523 0.831999
vt 0.493345 0.934905
vn -0.483011 0.722077 -0.495283
v -0.040553 0.923275 0.829850
vt 0.492410 0.935149
vn 0.116130 0.844332 -0.523084
v -0.040159 0.924425 0.831794
vt 0.492252 0.935228
vn 0.116130 0.844332 -0.523084
v -0.023597 0.775732 0.836391
vt 0.593163 0.905271
vn 0.157815 0.038822 -0.986705
v -0.011604 0.777079 0.838180
vt 0.593549 0.914554
vn 0.157815 0.038822 -0.986705
v -0.026925 0.791115 0.836281
vt 0.590721 0.899644
vn 0.157815 0.038822 -0.986705
v -0.014825 0.792740 0.838462
vt 0.591182 0.912214
vn 0.157815 0.038822 -0.986705
v -0.023597 0.775732 0.836391
vt 0.593163 0.905271
vn -0.923270 -0.200058 -0.327946
v -0.026925 0.791115 0.836281
vt 0.590721 0.899644
vn -0.923270 -0.200058 -0.327946
v -0.033907 0.774628 0.866006
vt 0.593103 0.897544
vn -0.923270 -0.200058 -0.327946
v -0.036942 0.790008 0.865258
vt 0.590721 0.896438
vn -0.923270 -0.200058 -0.327946
v -0.011604 0.777079 0.838180
vt 0.593549 0.914554
vn -0.282445 0.199901 -0.938224
v -0.010320 0.775728 0.837484
vt 0.593800 0.915509
vn -0.171831 0.301965 -0.937705
v -0.014825 0.792740 0.838462
vt 0.591182 0.912214
vn -0.212158 -0.273290 -0.938244
v -0.014140 0.794409 0.837826
vt 0.590953 0.912909
vn -0.061181 -0.335152 -0.940175
v -0.026925 0.791115 0.836281
vt 0.590721 0.899644
vn 0.215595 -0.424049 -0.879603
v -0.027686 0.792522 0.835416
vt 0.590455 0.899041
vn 0.215595 -0.424049 -0.879603
v -0.023597 0.775732 0.836391
vt 0.593163 0.905271
vn 0.071648 0.492580 -0.867313
v -0.023884 0.774176 0.835518
vt 0.593397 0.905393
vn 0.071648 0.492580 -0.867313
v -0.026925 0.791115 0.836281
vt 0.590721 0.899644
vn -0.720754 -0.635370 -0.277161
v -0.027686 0.792522 0.835416
vt 0.590455 0.899041
vn -0.720754 -0.635370 -0.277161
v -0.036942 0.790008 0.865258
vt 0.590721 0.896438
vn -0.661583 -0.516981 -0.543175
v -0.038313 0.791215 0.865678
vt 0.590471 0.895434
vn -0.693586 -0.572200 -0.437637
v -0.033907 0.774628 0.866006
vt 0.593103 0.897544
vn -0.787729 0.255968 -0.560324
v -0.034812 0.773127 0.866425
vt 0.593318 0.897174
vn -0.830891 0.309377 -0.462500
v -0.023597 0.775732 0.836391
vt 0.593163 0.905271
vn -0.875046 0.384996 -0.293381
v -0.023884 0.774176 0.835518
vt 0.593397 0.905393
vn -0.875046 0.384996 -0.293381
v -0.041569 0.812927 0.837250
vt 0.502819 0.877001
vn -0.838401 -0.003768 -0.545041
v -0.040524 0.814481 0.835632
vt 0.503305 0.876644
vn -0.838401 -0.003768 -0.545041
v -0.043290 0.815136 0.840792
vt 0.501143 0.876834
vn -0.922121 0.103582 -0.372779
v -0.042938 0.817577 0.840598
vt 0.500978 0.876411
vn -0.922121 0.103582 -0.372779
v -0.044570 0.813975 0.844965
vt 0.500151 0.877267
vn -0.984349 0.047071 -0.169826
v -0.044731 0.815950 0.846447
vt 0.499598 0.877034
vn -0.984349 0.047071 -0.169826
v -0.044657 0.810124 0.847323
vt 0.500421 0.878044
vn -0.988599 -0.140077 -0.055225
v -0.044853 0.810553 0.849752
vt 0.499977 0.878145
vn -0.988599 -0.140077 -0.055225
v -0.043501 0.805840 0.846485
vt 0.501796 0.878709
vn -0.932385 -0.348499 -0.095949
v -0.043233 0.804547 0.848578
vt 0.501889 0.879091
vn -0.932385 -0.348499 -0.095949
v -0.041780 0.803631 0.842943
vt 0.503473 0.878871
vn -0.848655 -0.455886 -0.268238
v -0.040820 0.801451 0.843612
vt 0.504216 0.879315
vn -0.848655 -0.455886 -0.268238
v -0.040500 0.804792 0.838770
vt 0.504463 0.878440
vn -0.786407 -0.399499 -0.471131
v -0.039027 0.803078 0.837763
vt 0.505592 0.878694
vn -0.786407 -0.399499 -0.471131
v -0.040413 0.808642 0.836412
vt 0.504192 0.877666
vn -0.782148 -0.212186 -0.585851
v -0.038904 0.808475 0.834458
vt 0.505216 0.877590
vn -0.782148 -0.212186 -0.585851
v -0.044229 0.809046 0.841254
vt 0.501560 0.877823
vn -0.924271 -0.183859 -0.334543
v -0.043488 0.811763 0.837714
vt 0.501920 0.877006
vn -0.924231 -0.183869 -0.334649
v -0.044808 0.813457 0.840430
vt 0.500761 0.876904
vn -0.924271 -0.183859 -0.334543
v -0.045789 0.812567 0.843629
vt 0.500067 0.877343
vn -0.924271 -0.183859 -0.334543
v -0.045856 0.809614 0.845437
vt 0.500250 0.878063
vn -0.924271 -0.183859 -0.334543
v -0.044970 0.806329 0.844795
vt 0.501201 0.878642
vn -0.924271 -0.183859 -0.334543
v -0.043650 0.804636 0.842079
vt 0.502360 0.878741
vn -0.924271 -0.183859 -0.334543
v -0.042669 0.805526 0.838879
vt 0.503051 0.878304
vn -0.924271 -0.183859 -0.334543
v -0.042602 0.808478 0.837071
vt 0.502871 0.877587
vn -0.924231 -0.183869 -0.334649
v -0.040524 0.814481 0.835632
vt 0.503305 0.876644
vn 0.163824 0.600579 -0.782603
v -0.039172 0.814750 0.836121
vt 0.503953 0.877004
vn 0.163826 0.600631 -0.782562
v -0.042938 0.817577 0.840598
vt 0.500978 0.876411
vn -0.128009 0.974895 -0.182190
v -0.041585 0.817846 0.841087
vt 0.501375 0.876711
vn -0.128009 0.974895 -0.182190
v -0.044731 0.815950 0.846447
vt 0.499598 0.877034
vn -0.344821 0.778180 0.524914
v -0.043379 0.816219 0.846936
vt 0.499860 0.877109
vn -0.344821 0.778180 0.524914
v -0.044853 0.810553 0.849752
vt 0.499977 0.878145
vn -0.359618 0.125566 0.924612
v -0.043501 0.810822 0.850241
vt 0.500301 0.877969
vn -0.359618 0.125566 0.924612
v -0.043233 0.804547 0.848578
vt 0.501889 0.879091
vn -0.163849 -0.600561 0.782611
v -0.041881 0.804816 0.849067
vt 0.502436 0.878780
vn -0.163849 -0.600561 0.782611
v -0.040820 0.801451 0.843612
vt 0.504216 0.879315
vn 0.127988 -0.974899 0.182187
v -0.039468 0.801720 0.844101
vt 0.505013 0.879067
vn 0.127988 -0.974899 0.182187
v -0.039027 0.803078 0.837763
vt 0.505592 0.878694
vn 0.344788 -0.778237 -0.524851
v -0.037675 0.803347 0.838253
vt 0.506524 0.878667
vn 0.344788 -0.778237 -0.524851
v -0.038904 0.808475 0.834458
vt 0.505216 0.877590
vn 0.359663 -0.125639 -0.924585
v -0.037552 0.808744 0.834947
vt 0.506086 0.877815
vn 0.359663 -0.125639 -0.924585
v -0.042602 0.808478 0.837071
vt 0.502871 0.877587
vn -0.267384 -0.210764 -0.940258
v -0.040413 0.808642 0.836412
vt 0.504192 0.877666
vn -0.267384 -0.210764 -0.940258
v -0.043488 0.811763 0.837714
vt 0.501920 0.877006
vn -0.424029 0.369777 -0.826719
v -0.041569 0.812927 0.837250
vt 0.502819 0.877001
vn -0.424029 0.369777 -0.826719
v -0.042669 0.805526 0.838879
vt 0.503051 0.878304
vn -0.279203 -0.732685 -0.620660
v -0.040500 0.804792 0.838770
vt 0.504463 0.878440
vn -0.279203 -0.732685 -0.620660
v -0.043650 0.804636 0.842079
vt 0.502360 0.878741
vn -0.452580 -0.890018 -0.055133
v -0.041780 0.803631 0.842943
vt 0.503473 0.878871
vn -0.452580 -0.890018 -0.055133
v -0.044970 0.806329 0.844795
vt 0.501201 0.878642
vn -0.685903 -0.590717 0.424960
v -0.043501 0.805840 0.846485
vt 0.501796 0.878709
vn -0.685903 -0.590717 0.424960
v -0.045856 0.809614 0.845437
vt 0.500250 0.878063
vn -0.842625 -0.010040 0.538408
v -0.044657 0.810124 0.847323
vt 0.500421 0.878044
vn -0.842625 -0.010040 0.538408
v -0.045789 0.812567 0.843629
vt 0.500067 0.877343
vn -0.830746 0.511809 0.218891
v -0.044570 0.813975 0.844965
vt 0.500151 0.877267
vn -0.830746 0.511809 0.218891
v -0.044808 0.813457 0.840430
vt 0.500761 0.876904
vn -0.657335 0.669181 -0.346564
v -0.043290 0.815136 0.840792
vt 0.501143 0.876834
vn -0.657335 0.669181 -0.346564
v -0.053571 0.813088 0.870323
vt 0.516631 0.965153
vn -0.838337 -0.003768 -0.545139
v -0.052527 0.814642 0.868705
vt 0.517136 0.964723
vn -0.838337 -0.003768 -0.545139
v -0.055293 0.815297 0.873866
vt 0.515158 0.965120
vn -0.922121 0.103582 -0.372779
v -0.054940 0.817738 0.873671
vt 0.515088 0.964684
vn -0.922121 0.103582 -0.372779
v -0.056572 0.814136 0.878038
vt 0.514214 0.965716
vn -0.984349 0.047071 -0.169826
v -0.056733 0.816111 0.879520
vt 0.513773 0.965536
vn -0.984349 0.047071 -0.169826
v -0.056660 0.810286 0.880396
vt 0.514353 0.966591
vn -0.988599 -0.140077 -0.055225
v -0.056856 0.810714 0.882826
vt 0.513962 0.966781
vn -0.988599 -0.140077 -0.055225
v -0.055504 0.806001 0.879559
vt 0.515495 0.967229
vn -0.932385 -0.348499 -0.095949
v -0.055236 0.804708 0.881651
vt 0.515544 0.967685
vn -0.932385 -0.348499 -0.095949
v -0.053782 0.803792 0.876016
vt 0.516968 0.967258
vn -0.848655 -0.455886 -0.268238
v -0.052823 0.801612 0.876686
vt 0.517591 0.967717
vn -0.848655 -0.455886 -0.268238
v -0.052503 0.804953 0.871844
vt 0.517911 0.966662
vn -0.786407 -0.399499 -0.471131
v -0.051029 0.803239 0.870837
vt 0.518904 0.966865
vn -0.786407 -0.399499 -0.471131
v -0.052416 0.808803 0.869485
vt 0.517771 0.965791
vn -0.782148 -0.212186 -0.585851
v -0.050907 0.808636 0.867531
vt 0.518716 0.965627
vn -0.782148 -0.212186 -0.585851
v -0.056232 0.809207 0.874328
vt 0.515348 0.966161
vn -0.924271 -0.183859 -0.334543
v -0.055491 0.811924 0.870787
vt 0.515743 0.965236
vn -0.924271 -0.183859 -0.334543
v -0.056811 0.813618 0.873503
vt 0.514716 0.965220
vn -0.924271 -0.183859 -0.334543
v -0.057792 0.812728 0.876702
vt 0.514059 0.965756
vn -0.924271 -0.183859 -0.334543
v -0.057859 0.809776 0.878510
vt 0.514157 0.966527
vn -0.924231 -0.183869 -0.334649
v -0.056973 0.806491 0.877868
vt 0.514954 0.967086
vn -0.924231 -0.183869 -0.334649
v -0.055653 0.804797 0.875152
vt 0.515982 0.967099
vn -0.924271 -0.183859 -0.334543
v -0.054672 0.805687 0.871953
vt 0.516637 0.966565
vn -0.924271 -0.183859 -0.334543
v -0.054605 0.808639 0.870145
vt 0.516538 0.965794
vn -0.924271 -0.183859 -0.334543
v -0.052527 0.814642 0.868705
vt 0.517136 0.964723
vn 0.163824 0.600579 -0.782603
v -0.051175 0.814911 0.869195
vt 0.517771 0.965020
vn 0.163824 0.600579 -0.782603
v -0.054940 0.817738 0.873671
vt 0.515088 0.964684
vn -0.128009 0.974895 -0.182190
v -0.053588 0.818007 0.874161
vt 0.515512 0.964947
vn -0.128009 0.974895 -0.182190
v -0.056733 0.816111 0.879520
vt 0.513773 0.965536
vn -0.344821 0.778180 0.524914
v -0.055381 0.816380 0.880009
vt 0.514071 0.965624
vn -0.344821 0.778180 0.524914
v -0.056856 0.810714 0.882826
vt 0.513962 0.966781
vn -0.359618 0.125566 0.924612
v -0.055504 0.810983 0.883315
vt 0.514294 0.966659
vn -0.359618 0.125566 0.924612
v -0.055236 0.804708 0.881651
vt 0.515544 0.967685
vn -0.163849 -0.600561 0.782611
v -0.053884 0.804977 0.882141
vt 0.516050 0.967437
vn -0.163800 -0.600648 0.782554
v -0.052823 0.801612 0.876686
vt 0.517591 0.967717
vn 0.127988 -0.974899 0.182187
v -0.051470 0.801881 0.877175
vt 0.518308 0.967504
vn 0.127988 -0.974899 0.182187
v -0.051029 0.803239 0.870837
vt 0.518904 0.966865
vn 0.344904 -0.778170 -0.524874
v -0.049677 0.803508 0.871326
vt 0.519746 0.966824
vn 0.344846 -0.778203 -0.524863
v -0.050907 0.808636 0.867531
vt 0.518716 0.965627
vn 0.359663 -0.125639 -0.924585
v -0.049555 0.808905 0.868021
vt 0.519525 0.965797
vn 0.359663 -0.125639 -0.924585
v -0.054605 0.808639 0.870145
vt 0.516538 0.965794
vn -0.267384 -0.210764 -0.940258
v -0.052416 0.808803 0.869485
vt 0.517771 0.965791
vn -0.267384 -0.210764 -0.940258
v -0.055491 0.811924 0.870787
vt 0.515743 0.965236
vn -0.424029 0.369777 -0.826719
v -0.053571 0.813088 0.870323
vt 0.516631 0.965153
vn -0.424029 0.369777 -0.826719
v -0.054672 0.805687 0.871953
vt 0.516637 0.966565
vn -0.279150 -0.732627 -0.620752
v -0.052503 0.804953 0.871844
vt 0.517911 0.966662
vn -0.279150 -0.732627 -0.620752
v -0.055653 0.804797 0.875152
vt 0.515982 0.967099
vn -0.452578 -0.890011 -0.055266
v -0.053782 0.803792 0.876016
vt 0.516968 0.967258
vn -0.452578 -0.890011 -0.055266
v -0.056973 0.806491 0.877868
vt 0.514954 0.967086
vn -0.685951 -0.590662 0.424958
v -0.055504 0.806001 0.879559
vt 0.515495 0.967229
vn -0.686000 -0.590607 0.424956
v -0.057859 0.809776 0.878510
vt 0.514157 0.966527
vn -0.842625 -0.010040 0.538408
v -0.056660 0.810286 0.880396
vt 0.514353 0.966591
vn -0.842625 -0.010040 0.538408
v -0.057792 0.812728 0.876702
vt 0.514059 0.965756
vn -0.830746 0.511809 0.218891
v -0.056572 0.814136 0.878038
vt 0.514214 0.965716
vn -0.830746 0.511809 0.218891
v -0.056811 0.813618 0.873503
vt 0.514716 0.965220
vn -0.657335 0.669181 -0.346564
v -0.055293 0.815297 0.873866
vt 0.515158 0.965120
vn -0.657335 0.669181 -0.346564
v -0.031134 0.761139 0.836890
vt 0.513882 0.852189
vn -0.838401 -0.003768 -0.545041
v -0.030090 0.762693 0.835273
vt 0.513554 0.851916
vn -0.838401 -0.003768 -0.545041
v -0.032856 0.763348 0.840433
vt 0.513252 0.853810
vn -0.922121 0.103582 -0.372779
v -0.032503 0.765789 0.840238
vt 0.512691 0.854165
vn -0.922121 0.103582 -0.372779
v -0.034135 0.762187 0.844605
vt 0.513424 0.854423
vn -0.984349 0.047071 -0.169826
v -0.034296 0.764162 0.846087
vt 0.512968 0.855023
vn -0.984349 0.047071 -0.169826
v -0.034223 0.758337 0.846963
vt 0.514305 0.853666
vn -0.988599 -0.140077 -0.055225
v -0.034419 0.758765 0.849393
vt 0.514231 0.853986
vn -0.988599 -0.140077 -0.055225
v -0.033067 0.754052 0.846126
vt 0.515371 0.851985
vn -0.932385 -0.348499 -0.095949
v -0.032799 0.752759 0.848219
vt 0.515731 0.851664
vn -0.932385 -0.348499 -0.095949
v -0.031345 0.751844 0.842583
vt 0.516004 0.850365
vn -0.848655 -0.455886 -0.268238
v -0.030386 0.749663 0.843253
vt 0.516587 0.849418
vn -0.848655 -0.455886 -0.268238
v -0.030066 0.753004 0.838411
vt 0.515828 0.849754
vn -0.786407 -0.399499 -0.471131
v -0.028592 0.751290 0.837404
vt 0.516308 0.848565
vn -0.786407 -0.399499 -0.471131
v -0.029979 0.756855 0.836053
vt 0.514951 0.850509
vn -0.782148 -0.212186 -0.585851
v -0.028470 0.756688 0.834098
vt 0.515053 0.849598
vn -0.782148 -0.212186 -0.585851
v -0.033795 0.757259 0.840895
vt 0.514594 0.852852
vn -0.924271 -0.183859 -0.334543
v -0.033054 0.759975 0.837354
vt 0.513850 0.852901
vn -0.924231 -0.183869 -0.334649
v -0.034374 0.761669 0.840070
vt 0.513432 0.854030
vn -0.924271 -0.183859 -0.334543
v -0.035355 0.760779 0.843270
vt 0.513700 0.854466
vn -0.924271 -0.183859 -0.334543
v -0.035422 0.757827 0.845077
vt 0.514490 0.853956
vn -0.924271 -0.183859 -0.334543
v -0.034536 0.754542 0.844435
vt 0.515341 0.852800
vn -0.924271 -0.183859 -0.334543
v -0.033216 0.752848 0.841719
vt 0.515756 0.851675
vn -0.924271 -0.183859 -0.334543
v -0.032235 0.753738 0.838520
vt 0.515488 0.851237
vn -0.924271 -0.183859 -0.334543
v -0.032168 0.756690 0.836712
vt 0.514698 0.851746
vn -0.924231 -0.183869 -0.334649
v -0.030090 0.762693 0.835273
vt 0.513554 0.851916
vn 0.163824 0.600579 -0.782603
v -0.028738 0.762962 0.835762
vt 0.513957 0.851392
vn 0.163824 0.600579 -0.782603
v -0.032503 0.765789 0.840238
vt 0.512691 0.854165
vn -0.128009 0.974895 -0.182190
v -0.031151 0.766058 0.840728
vt 0.512923 0.853881
vn -0.128009 0.974895 -0.182190
v -0.034296 0.764162 0.846087
vt 0.512968 0.855023
vn -0.344821 0.778180 0.524914
v -0.032944 0.764431 0.846577
vt 0.512910 0.854788
vn -0.344821 0.778180 0.524914
v -0.034419 0.758765 0.849393
vt 0.514231 0.853986
vn -0.359618 0.125566 0.924612
v -0.033067 0.759034 0.849882
vt 0.513933 0.853581
vn -0.359618 0.125566 0.924612
v -0.032799 0.752759 0.848219
vt 0.515731 0.851664
vn -0.163849 -0.600561 0.782611
v -0.031447 0.753028 0.848708
vt 0.515381 0.850968
vn -0.163800 -0.600648 0.782554
v -0.030386 0.749663 0.843253
vt 0.516587 0.849418
vn 0.127988 -0.974899 0.182187
v -0.029033 0.749932 0.843742
vt 0.516410 0.848483
vn 0.127988 -0.974899 0.182187
v -0.028592 0.751290 0.837404
vt 0.516308 0.848565
vn 0.344788 -0.778237 -0.524851
v -0.027240 0.751559 0.837893
vt 0.516418 0.847579
vn 0.344788 -0.778237 -0.524851
v -0.028470 0.756688 0.834098
vt 0.515053 0.849598
vn 0.359611 -0.125636 -0.924606
v -0.027118 0.756957 0.834588
vt 0.515405 0.848784
vn 0.359611 -0.125636 -0.924606
v -0.032168 0.756690 0.836712
vt 0.514698 0.851746
vn -0.267384 -0.210764 -0.940258
v -0.029979 0.756855 0.836053
vt 0.514951 0.850509
vn -0.267384 -0.210764 -0.940258
v -0.033054 0.759975 0.837354
vt 0.513850 0.852901
vn -0.424029 0.369777 -0.826719
v -0.031134 0.761139 0.836890
vt 0.513882 0.852189
vn -0.424029 0.369777 -0.826719
v -0.032235 0.753738 0.838520
vt 0.515488 0.851237
vn -0.279150 -0.732627 -0.620752
v -0.030066 0.753004 0.838411
vt 0.515828 0.849754
vn -0.279203 -0.732685 -0.620660
v -0.033216 0.752848 0.841719
vt 0.515756 0.851675
vn -0.452578 -0.890011 -0.055266
v -0.031345 0.751844 0.842583
vt 0.516004 0.850365
vn -0.452578 -0.890011 -0.055266
v -0.034536 0.754542 0.844435
vt 0.515341 0.852800
vn -0.685903 -0.590717 0.424960
v -0.033067 0.754052 0.846126
vt 0.515371 0.851985
vn -0.685903 -0.590717 0.424960
v -0.035422 0.757827 0.845077
vt 0.514490 0.853956
vn -0.842625 -0.010040 0.538408
v -0.034223 0.758337 0.846963
vt 0.514305 0.853666
vn -0.842625 -0.010040 0.538408
v -0.035355 0.760779 0.843270
vt 0.513700 0.854466
vn -0.830746 0.511809 0.218891
v -0.034135 0.762187 0.844605
vt 0.513424 0.854423
vn -0.830746 0.511809 0.218891
v -0.034374 0.761669 0.840070
vt 0.513432 0.854030
vn -0.657335 0.669181 -0.346564
v -0.032856 0.763348 0.840433
vt 0.513252 0.853810
vn -0.657335 0.669181 -0.346564
v 0.037492 0.735273 0.765907
vt 0.547916 0.972934
vn 0.164026 0.073812 -0.983691
v 0.044528 0.695553 0.766498
vt 0.547916 0.963214
vn 0.184477 -0.041318 -0.981968
v 0.040370 0.735791 0.766426
vt 0.548275 0.973019
vn 0.164111 0.073816 -0.983676
v 0.047405 0.696071 0.767017
vt 0.549040 0.963130
vn 0.184477 -0.041318 -0.981968
v 0.033102 0.737411 0.788116
vt 0.542037 0.973446
vn -0.192812 0.976567 0.095605
v 0.036610 0.737738 0.768341
vt 0.547171 0.973477
vn -0.153732 0.980201 -0.124787
v 0.035980 0.737928 0.788635
vt 0.542280 0.974118
vn -0.192812 0.976567 0.095605
v 0.039488 0.738255 0.768860
vt 0.547385 0.974146
vn -0.153721 0.980214 -0.124702
v 0.040143 0.695144 0.791216
vt 0.542320 0.963246
vn -0.164214 -0.073802 0.983660
v 0.033107 0.734865 0.790625
vt 0.541704 0.972888
vn -0.184489 0.041262 0.981968
v 0.043021 0.695662 0.791735
vt 0.541949 0.963159
vn -0.164214 -0.073802 0.983660
v 0.035985 0.735382 0.791144
vt 0.540580 0.972973
vn -0.184489 0.041262 0.981968
v 0.044533 0.693007 0.769007
vt 0.547612 0.962661
vn 0.192783 -0.976577 -0.095562
v 0.041025 0.692680 0.788782
vt 0.542966 0.962689
vn 0.153786 -0.980203 0.124708
v 0.047411 0.693524 0.769526
vt 0.547334 0.961985
vn 0.192783 -0.976577 -0.095562
v 0.043903 0.693197 0.789301
vt 0.542730 0.962018
vn 0.153786 -0.980203 0.124708
v 0.033107 0.734865 0.790625
vt 0.541704 0.972888
vn -0.969069 -0.174176 -0.174839
v 0.040143 0.695144 0.791216
vt 0.542320 0.963246
vn -0.969069 -0.174176 -0.174839
v 0.037492 0.735273 0.765907
vt 0.547916 0.972934
vn -0.969069 -0.174176 -0.174839
v 0.044528 0.695553 0.766498
vt 0.547916 0.963214
vn -0.969069 -0.174176 -0.174839
v 0.041025 0.692680 0.788782
vt 0.542966 0.962689
vn -0.969069 -0.174176 -0.174839
v 0.044533 0.693007 0.769007
vt 0.547612 0.962661
vn -0.969069 -0.174176 -0.174839
v 0.036610 0.737738 0.768341
vt 0.547171 0.973477
vn -0.969050 -0.174267 -0.174851
v 0.033102 0.737411 0.788116
vt 0.542037 0.973446
vn -0.969050 -0.174267 -0.174851
v 0.910790 1.061108 1.025452
vt 0.950103 0.887697
vn -0.062629 0.232382 0.970606
v 0.921871 1.076251 1.022639
vt 0.955977 0.887041
vn -0.062629 0.232382 0.970606
v 0.925817 1.070890 1.024177
vt 0.954294 0.888253
vn -0.062629 0.232382 0.970606
v 0.924531 1.075528 1.022885
vt 0.955559 0.887621
vn -0.062629 0.232382 0.970606
v 0.879810 1.071076 0.926102
vt 0.838401 0.976823
vn -0.452264 0.654380 -0.606007
v 0.878937 1.071368 0.927068
vt 0.838339 0.977022
vn -0.452264 0.654380 -0.606007
v 0.879356 1.070069 0.925353
vt 0.837897 0.976546
vn -0.452264 0.654380 -0.606007
v 0.977723 1.068972 0.930184
vt 0.845404 0.979898
vn 0.034229 0.996998 -0.069448
v 0.983168 1.069376 0.939499
vt 0.845548 0.980699
vn 0.034229 0.996998 -0.069448
v 0.965433 1.069155 0.927589
vt 0.844603 0.979395
vn 0.025701 0.997759 -0.061784
v 0.974753 1.070691 0.953394
vt 0.844596 0.981483
vn 0.025701 0.997759 -0.061784
v 0.982427 1.068919 0.933343
vt 0.845655 0.980243
vn 0.066208 0.994449 -0.081776
v 0.983168 1.069376 0.939499
vt 0.845548 0.980699
vn 0.066208 0.994449 -0.081776
v 0.977723 1.068972 0.930184
vt 0.845404 0.979898
vn 0.066208 0.994449 -0.081776
v 0.900427 1.073812 0.974906
vt 0.838884 0.980929
vn 0.023401 0.997913 -0.060185
v 0.878937 1.071368 0.927068
vt 0.838339 0.977022
vn -0.005011 0.998795 -0.048812
v 0.889526 1.071344 0.926613
vt 0.839147 0.977239
vn 0.013501 0.998445 -0.054086
v 0.910421 1.076514 1.025605
vt 0.837870 0.984617
vn -0.306122 -0.003716 0.951985
v 0.910790 1.061108 1.025452
vt 0.836934 0.985410
vn -0.345131 -0.003713 0.938547
v 0.878430 1.075513 1.012598
vt 0.836291 0.982750
vn -0.604116 0.000877 0.796896
v 0.878569 1.050831 1.012798
vt 0.834563 0.983285
vn -0.637796 0.001570 0.770204
v 0.863470 1.075153 0.992264
vt 0.835924 0.981111
vn -0.913896 0.007595 0.405877
v 0.863383 1.046670 0.992626
vt 0.833914 0.981050
vn -0.921261 0.007783 0.388868
v 0.858826 1.074141 0.968699
vt 0.836152 0.979510
vn -0.999813 0.010385 0.016306
v 0.858516 1.044902 0.969080
vt 0.834241 0.978940
vn -0.999887 0.010393 0.010892
v 0.863271 1.072857 0.948063
vt 0.836862 0.978234
vn -0.954896 0.012499 -0.296676
v 0.862792 1.045812 0.948349
vt 0.835100 0.977307
vn -0.959490 0.012277 -0.281475
v 0.869565 1.071956 0.936420
vt 0.837495 0.977533
vn -0.861320 0.016064 -0.507809
v 0.869003 1.051097 0.936602
vt 0.836152 0.976624
vn -0.872090 0.015376 -0.489104
v 0.873595 1.071506 0.931415
vt 0.837866 0.977241
vn -0.760612 0.038059 -0.648090
v 0.873002 1.056921 0.931534
vt 0.836910 0.976518
vn -0.778742 0.026172 -0.626799
v 0.878937 1.071368 0.927068
vt 0.838339 0.977022
vn -0.705301 0.071652 -0.705278
v 0.876901 1.065373 0.927484
vt 0.837813 0.976675
vn -0.705301 0.071652 -0.705278
v 0.921871 1.076251 1.022639
vt 0.838722 0.984912
vn 0.250658 -0.003600 0.968069
v 0.910421 1.076514 1.025605
vt 0.837870 0.984617
vn -0.003121 0.998611 -0.052592
v 0.878430 1.075513 1.012598
vt 0.836291 0.982750
vn 0.000606 0.999002 -0.044665
v 0.863470 1.075153 0.992264
vt 0.835924 0.981111
vn 0.017824 0.999071 -0.039242
v 0.858826 1.074141 0.968699
vt 0.836152 0.979510
vn 0.015827 0.998481 -0.052772
v 0.863271 1.072857 0.948063
vt 0.836862 0.978234
vn 0.019131 0.997896 -0.061955
v 0.869565 1.071956 0.936420
vt 0.837495 0.977533
vn 0.023404 0.997487 -0.066874
v 0.873595 1.071506 0.931415
vt 0.837866 0.977241
vn 0.003127 0.998489 -0.054859
v 0.921871 1.076251 1.022639
vt 0.838722 0.984912
vn 0.024230 0.997839 -0.061070
v 0.902258 1.070992 0.926797
vt 0.840106 0.977561
vn 0.025723 0.997790 -0.061261
v 0.925914 1.058055 0.866990
vt 0.672390 0.895056
vn 0.037986 0.998762 0.032114
v 0.830144 1.062015 0.870284
vt 0.694940 0.895010
vn 0.037986 0.998762 0.032114
v 0.925990 1.058537 0.864919
vt 0.672796 0.895628
vn 0.037986 0.998762 0.032114
v 0.831050 1.062011 0.856305
vt 0.694976 0.898263
vn 0.037986 0.998762 0.032114
v 1.041352 1.030040 0.876466
vt 0.971964 0.930294
vn 0.464681 -0.849101 0.251194
v 1.038756 1.030120 0.875174
vt 0.971290 0.930308
vn -0.109735 -0.945519 0.306515
v 1.041352 1.030040 0.876466
vt 0.971964 0.930294
vn 0.008569 -0.996868 -0.078623
v 1.031843 1.031134 0.861540
vt 0.968478 0.932496
vn 0.008569 -0.996868 -0.078623
v 1.038756 1.030120 0.875174
vt 0.971290 0.930308
vn 0.008569 -0.996868 -0.078623
v 0.931338 0.355771 0.929579
vt 0.347008 0.077293
vn -0.019806 -0.213030 0.976845
v 0.929975 0.363486 0.930977
vt 0.347243 0.078622
vn -0.016114 -0.091717 0.995655
v 0.963033 0.354509 0.930283
vt 0.341633 0.077117
vn -0.061910 -0.204627 0.976880
v 0.962638 0.362540 0.931740
vt 0.341700 0.078501
vn -0.069315 -0.143629 0.987201
v 1.023758 0.350179 0.934074
vt 0.331311 0.076498
vn -0.102733 -0.199602 0.974477
v 1.025210 0.361126 0.936310
vt 0.331060 0.078382
vn -0.112007 -0.160619 0.980641
v 0.765182 0.361319 0.931573
vt 0.375135 0.078161
vn 0.008096 -0.233699 0.972275
v 0.765930 0.368858 0.932898
vt 0.375014 0.079455
vn 0.018479 -0.000202 0.999829
v 0.824570 0.359411 0.930462
vt 0.365088 0.077847
vn 0.005397 -0.228216 0.973596
v 0.824565 0.366923 0.931859
vt 0.365095 0.079138
vn 0.014778 -0.019131 0.999708
v 0.457422 0.372566 0.937715
vt 0.427177 0.079983
vn 0.007787 -0.255025 0.966903
v 0.457585 0.380379 0.939070
vt 0.427154 0.081324
vn 0.021966 0.079468 0.996595
v 0.628746 0.366219 0.934290
vt 0.398207 0.078955
vn 0.008465 -0.247242 0.968917
v 0.629234 0.373900 0.935646
vt 0.398130 0.080275
vn 0.021277 0.052089 0.998416
v 0.272371 0.379863 0.941262
vt 0.458470 0.081160
vn 0.005775 -0.261989 0.965053
v 0.088246 0.387653 0.944377
vt 0.489587 0.082426
vn 0.003782 -0.265319 0.964153
v 0.272198 0.387793 0.942628
vt 0.458503 0.082521
vn 0.021983 0.106865 0.994030
v 0.087753 0.395589 0.945819
vt 0.489672 0.083791
vn 0.021472 0.128294 0.991504
v 0.827055 0.398779 0.926954
vt 0.364676 0.084588
vn -0.003829 0.038082 0.999267
v 0.823171 0.373799 0.930655
vt 0.365330 0.080319
vn 0.014473 0.149359 0.988677
v 0.770538 0.403923 0.926938
vt 0.374224 0.085466
vn 0.006880 0.055574 0.998431
v 0.766776 0.376493 0.931446
vt 0.374868 0.080768
vn 0.019784 0.162894 0.986445
v 0.879577 0.371186 0.930271
vt 0.355786 0.079893
vn 0.001787 0.120961 0.992656
v 0.879754 0.391490 0.927951
vt 0.355768 0.083352
vn -0.026403 0.013273 0.999563
v 0.923797 0.369934 0.930583
vt 0.348296 0.079711
vn -0.014125 0.079477 0.996737
v 0.924303 0.383114 0.929867
vt 0.348224 0.081948
vn -0.060399 -0.024705 0.997868
v 0.730284 0.370148 0.933630
vt 0.381043 0.079665
vn 0.020373 0.029079 0.999370
v 0.731068 0.378159 0.931993
vt 0.380906 0.081047
vn 0.021768 0.178390 0.983719
v 0.457794 0.390823 0.936257
vt 0.427110 0.083153
vn 0.023293 0.219672 0.975296
v 0.458951 0.429504 0.928079
vt 0.426891 0.089839
vn 0.012269 0.102061 0.994702
v 0.629830 0.382866 0.933551
vt 0.398022 0.081832
vn 0.022576 0.197291 0.980085
v 0.632601 0.415554 0.927499
vt 0.397538 0.087453
vn 0.011594 0.085396 0.996280
v 0.271950 0.399484 0.939113
vt 0.458533 0.084586
vn 0.023464 0.244170 0.969449
v 0.087038 0.408225 0.941734
vt 0.489779 0.086039
vn 0.023084 0.261089 0.965039
v 0.084328 0.457013 0.928839
vt 0.490210 0.094579
vn 0.011467 0.126762 0.991867
v 0.271198 0.443692 0.928618
vt 0.458628 0.092272
vn 0.012297 0.118799 0.992842
v 0.775510 0.430987 0.928030
vt 0.373383 0.090045
vn -0.012428 -0.107635 0.994113
v 0.739209 0.434521 0.928121
vt 0.379516 0.090649
vn -0.007828 -0.105821 0.994354
v 0.734593 0.406997 0.927085
vt 0.380299 0.085992
vn 0.010574 0.069575 0.997521
v 0.082431 0.498024 0.929686
vt 0.490530 0.101511
vn -0.006910 -0.088125 0.996085
v 0.271216 0.480924 0.929411
vt 0.458616 0.098571
vn -0.006518 -0.090035 0.995917
v 0.840528 0.424573 0.928391
vt 0.362400 0.088953
vn -0.030925 -0.111139 0.993324
v 1.059575 0.344501 0.938442
vt 0.325152 0.075657
vn -0.163113 -0.191526 0.967839
v 1.061734 0.360117 0.941737
vt 0.324788 0.078339
vn -0.162848 -0.169335 0.972011
v 0.955785 0.369314 0.931616
vt 0.342871 0.079639
vn -0.080911 -0.055731 0.995162
v 0.904320 0.414542 0.930321
vt 0.351619 0.087268
vn -0.068115 -0.111132 0.991469
v 0.967648 0.400643 0.934467
vt 0.340883 0.084979
vn -0.106312 -0.112129 0.987990
v 1.026989 0.372974 0.938333
vt 0.330760 0.080411
vn -0.135437 -0.132234 0.981922
v 0.883961 0.357460 0.929597
vt 0.355035 0.077541
vn -0.003129 -0.220607 0.975358
v 0.883202 0.364987 0.931004
vt 0.355169 0.078837
vn 0.004181 -0.055324 0.998460
v 1.035992 0.431314 0.947961
vt 0.329224 0.090395
vn -0.142435 -0.114913 0.983111
v 1.074043 0.428178 0.954086
vt 0.322707 0.089984
vn -0.166018 -0.110903 0.979867
v 1.064420 0.377491 0.945202
vt 0.324340 0.081321
vn -0.166510 -0.142322 0.975715
v 0.973153 0.439475 0.940503
vt 0.339928 0.091635
vn -0.108736 -0.122711 0.986468
v 0.910206 0.448703 0.935839
vt 0.350602 0.093123
vn -0.068605 -0.135228 0.988437
v 0.988810 0.508752 0.949952
vt 0.337263 0.103466
vn -0.094438 -0.083725 0.992004
v 0.928169 0.519552 0.946365
vt 0.347536 0.105241
vn -0.056634 -0.102524 0.993117
v 0.847450 0.457381 0.933786
vt 0.361214 0.094572
vn -0.034509 -0.146908 0.988548
v 0.783835 0.465715 0.933689
vt 0.371964 0.095992
vn -0.017936 -0.151920 0.988230
v 0.867478 0.530520 0.945149
vt 0.357799 0.107085
vn -0.027406 -0.115708 0.992905
v 0.806831 0.541726 0.945609
vt 0.368050 0.108997
vn -0.013609 -0.121416 0.992508
v 0.747053 0.470045 0.933851
vt 0.378179 0.096732
vn -0.013222 -0.152344 0.988239
v 0.460837 0.462390 0.928915
vt 0.426566 0.095403
vn -0.006614 -0.095328 0.995424
v 0.465095 0.502165 0.935088
vt 0.425833 0.102210
vn -0.012708 -0.150725 0.988494
v 0.636201 0.444685 0.928381
vt 0.396925 0.092382
vn -0.007117 -0.100632 0.994898
v 0.642697 0.482192 0.934316
vt 0.395816 0.098804
vn -0.012931 -0.151747 0.988335
v 0.670667 0.560148 0.946601
vt 0.391064 0.112145
vn -0.009311 -0.121933 0.992495
v 0.487286 0.581562 0.947428
vt 0.422057 0.115795
vn -0.009908 -0.123029 0.992354
v 0.272947 0.521464 0.935609
vt 0.458309 0.105507
vn -0.012623 -0.149212 0.988725
v 0.081508 0.537924 0.935695
vt 0.490675 0.108328
vn -0.012504 -0.147815 0.988936
v 1.049428 0.499363 0.956420
vt 0.326959 0.101973
vn -0.130415 -0.069425 0.989026
v 0.974652 0.613404 0.956458
vt 0.339661 0.121204
vn -0.041608 -0.054526 0.997645
v 1.032263 0.596019 0.959082
vt 0.329899 0.118295
vn -0.076730 -0.038730 0.996299
v 0.916931 0.630675 0.956076
vt 0.349424 0.124122
vn -0.016929 -0.067932 0.997546
v 0.860316 0.651129 0.957158
vt 0.358993 0.127598
vn -0.005220 -0.069524 0.997567
v 0.931365 0.745311 0.960217
vt 0.346991 0.143528
vn 0.005979 -0.006504 0.999961
v 0.969535 0.725533 0.959916
vt 0.340544 0.140175
vn -0.002621 -0.013724 0.999902
v 1.067048 0.775293 0.958643
vt 0.324082 0.148575
vn -0.020122 0.040099 0.998993
v 1.049909 0.694812 0.960929
vt 0.326956 0.134988
vn -0.043607 0.006870 0.999025
v 1.044610 0.786242 0.958137
vt 0.327875 0.150422
vn 0.000585 0.036681 0.999327
v 1.009591 0.709776 0.959990
vt 0.333774 0.137510
vn -0.019328 -0.006526 0.999792
v 1.069666 0.837426 0.954244
vt 0.323674 0.159049
vn 0.012785 0.080087 0.996706
v 1.022495 0.798020 0.957828
vt 0.331610 0.152414
vn 0.009772 0.039168 0.999185
v 1.064768 0.856027 0.952524
vt 0.324492 0.162200
vn 0.017968 0.083075 0.996381
v 1.003296 0.813908 0.957218
vt 0.334848 0.155110
vn 0.015681 0.055298 0.998347
v 1.072545 0.805952 0.956672
vt 0.323165 0.153747
vn 0.004668 0.071194 0.997452
v 0.591112 0.896823 0.955660
vt 0.404445 0.169303
vn 0.032480 0.455660 0.889561
v 0.839133 0.879956 0.953730
vt 0.362507 0.166431
vn 0.036577 0.430589 0.901807
v 0.591501 0.889602 0.958055
vt 0.404387 0.168016
vn 0.012898 0.106568 0.994222
v 0.839572 0.873681 0.955578
vt 0.362442 0.165323
vn 0.018194 0.104988 0.994307
v 0.094937 0.919733 0.957572
vt 0.488351 0.173205
vn 0.000492 0.118667 0.992934
v 0.094513 0.927159 0.954436
vt 0.488423 0.174572
vn 0.021869 0.493276 0.869598
v 0.342612 0.904986 0.958755
vt 0.446467 0.170659
vn 0.005886 0.111997 0.993691
v 0.342223 0.912627 0.955930
vt 0.446527 0.172037
vn 0.026795 0.480261 0.876716
v 0.335152 0.861747 0.961663
vt 0.447731 0.163329
vn 0.001093 0.038077 0.999274
v 0.093558 0.875771 0.960598
vt 0.488567 0.165730
vn -0.003705 0.039099 0.999228
v 0.284817 0.601125 0.947744
vt 0.456274 0.119131
vn -0.010701 -0.122516 0.992409
v 0.083006 0.616995 0.947400
vt 0.490384 0.121833
vn -0.011522 -0.121209 0.992560
v -0.011278 0.544228 0.935466
vt 0.506389 0.109400
vn -0.012803 -0.145734 0.989241
v -0.014214 0.623032 0.946966
vt 0.506818 0.122849
vn -0.012410 -0.119721 0.992730
v -0.022833 0.881424 0.959548
vt 0.508223 0.166548
vn -0.008406 0.041872 0.999088
v -0.024924 0.926706 0.956322
vt 0.508622 0.174188
vn -0.005005 0.121987 0.992519
v -0.009066 0.504761 0.929597
vt 0.506036 0.102670
vn -0.007212 -0.082817 0.996539
v -0.001502 0.399557 0.947176
vt 0.504694 0.084478
vn 0.019767 0.134980 0.990651
v -0.000859 0.391652 0.945704
vt 0.504583 0.083116
vn 0.001185 -0.268401 0.963306
v -0.006111 0.463403 0.928849
vt 0.505514 0.095704
vn 0.010973 0.142580 0.989722
v -0.002441 0.412622 0.942846
vt 0.504846 0.086808
vn 0.022478 0.277061 0.960589
v -0.017202 0.723928 0.957194
vt 0.507267 0.139974
vn -0.011223 -0.071408 0.997384
v -0.020469 0.815349 0.960941
vt 0.507803 0.155411
vn -0.009826 -0.014107 0.999852
v 0.087119 0.718649 0.957921
vt 0.489651 0.139110
vn -0.009212 -0.073515 0.997252
v 0.090835 0.809195 0.961835
vt 0.489014 0.154447
vn -0.006316 -0.015829 0.999855
v 0.304704 0.703745 0.958705
vt 0.452890 0.136585
vn -0.007128 -0.074524 0.997194
v 0.322208 0.794345 0.962804
vt 0.449923 0.151926
vn -0.002815 -0.016500 0.999860
v 0.554623 0.777536 0.962629
vt 0.410641 0.149048
vn 0.001690 -0.014622 0.999892
v 0.523126 0.685742 0.958611
vt 0.415977 0.133511
vn -0.004613 -0.073919 0.997254
v 0.767495 0.760151 0.961540
vt 0.374664 0.146085
vn 0.005278 -0.009116 0.999945
v 0.719315 0.666681 0.957971
vt 0.382820 0.130262
vn -0.002631 -0.070911 0.997479
v 0.807399 0.829440 0.959450
vt 0.367901 0.157813
vn 0.012182 0.046389 0.998849
v 0.577867 0.846051 0.961183
vt 0.406701 0.160635
vn 0.007268 0.040397 0.999157
v 1.001924 0.863050 0.953256
vt 0.335041 0.163451
vn 0.020876 0.105369 0.994214
v 0.951142 0.818138 0.957861
vt 0.343641 0.155850
vn 0.015670 0.054577 0.998387
v 0.889090 0.749253 0.960575
vt 0.354129 0.144207
vn 0.008092 -0.002019 0.999965
v 0.824784 0.655199 0.957387
vt 0.364997 0.128295
vn -0.001024 -0.066813 0.997765
v 0.772125 0.546624 0.945873
vt 0.373916 0.109835
vn -0.008821 -0.121004 0.992613
v 0.729602 0.362587 0.932274
vt 0.381153 0.078366
vn 0.008578 -0.240122 0.970705
v 1.064010 0.864008 0.950918
vt 0.324593 0.163580
vn 0.042690 0.412964 0.909746
v 1.001406 0.868523 0.951816
vt 0.335117 0.164409
vn 0.040558 0.413673 0.909522
v 1.058940 0.888611 0.938776
vt 0.325283 0.168203
vn 0.044493 0.424749 0.904217
v 0.999669 0.892493 0.940051
vt 0.335323 0.168928
vn 0.041279 0.428773 0.902469
v 1.058312 0.893259 0.937567
vt 0.325391 0.169008
vn 0.015470 0.024768 0.999574
v 0.999412 0.896436 0.938885
vt 0.335358 0.169624
vn 0.019966 0.155487 0.987636
v 1.059058 0.900460 0.938971
vt 0.325286 0.170236
vn 0.002293 -0.049822 0.998755
v 1.000188 0.903509 0.938897
vt 0.335217 0.170820
vn 0.011999 0.113080 0.993513
v 1.000107 0.906444 0.938306
vt 0.335226 0.171326
vn 0.013373 0.265764 0.963946
v 1.058768 0.903255 0.938505
vt 0.325340 0.170714
vn 0.007994 0.258669 0.965933
v 1.064569 0.858921 0.952249
vt 0.324520 0.162691
vn 0.020273 0.102591 0.994517
v 0.840315 0.902525 0.942124
vt 0.362244 0.170726
vn 0.037473 0.451469 0.891500
v 0.840614 0.906324 0.940852
vt 0.362187 0.171404
vn 0.022473 0.261886 0.964837
v 0.841351 0.912744 0.939037
vt 0.362052 0.172533
vn 0.019786 0.257292 0.966131
v 0.841429 0.915542 0.938149
vt 0.362035 0.173030
vn 0.017497 0.278062 0.960404
v 0.591941 0.917126 0.943749
vt 0.404257 0.173282
vn 0.032080 0.462077 0.886259
v 0.094662 0.945369 0.942916
vt 0.488384 0.178231
vn 0.021863 0.498569 0.866574
v 0.343104 0.930794 0.944543
vt 0.446345 0.175662
vn 0.026864 0.488154 0.872344
v 0.094997 0.951062 0.940611
vt 0.488325 0.179278
vn 0.011384 0.314841 0.949076
v 0.343476 0.937260 0.942001
vt 0.446276 0.176837
vn 0.015590 0.308975 0.950942
v 0.346364 0.964043 0.933649
vt 0.445769 0.181580
vn 0.014764 0.294492 0.955540
v 0.096345 0.975697 0.932872
vt 0.488067 0.183702
vn 0.010298 0.295975 0.955140
v 0.839146 0.940920 0.931002
vt 0.362386 0.177497
vn 0.017768 0.289558 0.956995
v 1.001605 0.931671 0.931277
vt 0.334924 0.175757
vn 0.015392 0.290298 0.956813
v 0.591724 0.953499 0.932154
vt 0.404257 0.179739
vn 0.019283 0.291988 0.956228
v 0.592292 0.929003 0.939535
vt 0.404183 0.175412
vn 0.019494 0.289790 0.956892
v 0.592279 0.923429 0.941396
vt 0.404191 0.174419
vn 0.022286 0.326352 0.944986
v 1.054290 0.928792 0.931412
vt 0.326061 0.175178
vn 0.011281 0.291796 0.956414
v 1.003389 0.960186 0.921840
vt 0.334544 0.180837
vn 0.020380 0.347850 0.937329
v 1.047129 0.958359 0.921583
vt 0.327189 0.180433
vn 0.018797 0.355980 0.934305
v 0.841076 0.966227 0.922972
vt 0.362021 0.181991
vn 0.020974 0.334966 0.941997
v 0.839898 0.997834 0.910236
vt 0.362166 0.187760
vn 0.030300 0.445176 0.894930
v 0.840455 0.993202 0.912377
vt 0.362080 0.186896
vn 0.023759 0.374467 0.926936
v 0.589905 0.991775 0.919622
vt 0.404527 0.186551
vn 0.023779 0.365060 0.930680
v 0.589707 1.019662 0.908334
vt 0.404525 0.191637
vn 0.028867 0.409680 0.911772
v 0.836338 1.013754 0.901933
vt 0.362736 0.190803
vn 0.036684 0.470583 0.881593
v 0.992745 1.009445 0.897258
vt 0.336120 0.190217
vn 0.041082 0.533162 0.845015
v 0.997722 0.995353 0.906277
vt 0.335357 0.187369
vn 0.033195 0.505327 0.862289
v 0.999206 0.990640 0.908883
vt 0.335129 0.186453
vn 0.024391 0.394812 0.918438
v 1.038396 0.994663 0.905266
vt 0.328487 0.187178
vn 0.031361 0.545786 0.837338
v 1.040120 0.989973 0.907927
vt 0.328233 0.186258
vn 0.024471 0.410494 0.911535
v 1.031933 1.008480 0.895913
vt 0.329442 0.190041
vn 0.039860 0.572744 0.818765
v 0.590818 0.974217 0.925722
vt 0.404391 0.183407
vn 0.020674 0.318245 0.947783
v 0.589114 1.047656 0.894830
vt 0.404579 0.196893
vn 0.034175 0.471272 0.881326
v 0.829732 1.036941 0.888571
vt 0.363804 0.195342
vn 0.041975 0.517966 0.854371
v 0.984798 1.030340 0.883187
vt 0.337357 0.194499
vn 0.046675 0.556540 0.829509
v 0.096513 0.995190 0.926856
vt 0.488010 0.187200
vn 0.011187 0.328267 0.944519
v 0.348272 0.982510 0.927983
vt 0.445431 0.184846
vn 0.015870 0.328598 0.944337
v 0.353204 1.025504 0.912376
vt 0.444553 0.192577
vn 0.018978 0.376468 0.926235
v 0.099268 1.039339 0.910822
vt 0.487506 0.195211
vn 0.012564 0.372857 0.927804
v 0.070596 0.975015 0.933146
vt 0.492279 0.183807
vn -0.558652 -0.256238 0.788828
v 0.072648 0.976315 0.932839
vt 0.491959 0.183973
vn 0.004385 0.294972 0.955496
v 0.071120 0.970225 0.934654
vt 0.492350 0.182671
vn -0.382627 0.466907 0.797242
v 0.073397 0.968895 0.935033
vt 0.492016 0.182424
vn 0.003978 0.302147 0.953253
v 0.048235 0.998088 0.926240
vt 0.496114 0.188042
vn 0.006978 0.341301 0.939928
v 0.021153 1.044811 0.909145
vt 0.500846 0.196497
vn 0.003577 0.381732 0.924266
v 0.036214 1.004126 0.924295
vt 0.498228 0.189160
vn 0.007386 0.344745 0.938667
v 0.035223 1.002426 0.924870
vt 0.498394 0.188874
vn -0.308837 -0.649584 0.694738
v 0.023200 1.006660 0.923490
vt 0.500527 0.189680
vn 0.000572 0.356955 0.934121
v 0.021979 1.005082 0.924027
vt 0.500740 0.189401
vn -0.060135 -0.591993 0.803697
v 0.067295 0.968069 0.935322
vt 0.493144 0.182115
vn 0.027069 0.790407 0.611984
v 0.068041 0.965891 0.935978
vt 0.493003 0.181745
vn 0.004267 0.310346 0.950614
v 0.024286 0.954911 0.939847
vt 0.500357 0.179746
vn 0.004276 0.332254 0.943180
v -0.003522 0.950752 0.941819
vt 0.505046 0.178938
vn 0.015690 0.496851 0.867694
v -0.024999 0.933737 0.953135
vt 0.508644 0.175488
vn 0.015660 0.508285 0.861047
v 1.022030 1.028733 0.881870
vt 0.330913 0.194273
vn 0.046683 0.599342 0.799130
v 0.103809 1.071373 0.896382
vt 0.486694 0.201169
vn 0.015668 0.438592 0.898550
v 0.356982 1.058216 0.897678
vt 0.443868 0.198636
vn 0.023375 0.441172 0.897118
v -0.030341 1.079212 0.893644
vt 0.509625 0.202852
vn 0.004370 0.444228 0.895903
v 0.047091 0.996423 0.926781
vt 0.496285 0.187750
vn -0.539410 -0.466739 0.700851
v 1.055740 0.306458 0.929985
vt 0.325893 0.069137
vn -0.161915 -0.196211 0.967101
v 1.019453 0.307172 0.924687
vt 0.332078 0.069070
vn -0.099236 -0.203714 0.973988
v 0.091648 0.325628 0.926406
vt 0.489006 0.071499
vn 0.002897 -0.277323 0.960773
v 0.273495 0.321471 0.924590
vt 0.458244 0.070891
vn 0.005282 -0.273404 0.961885
v 0.003645 0.327709 0.927151
vt 0.503873 0.071860
vn 0.000776 -0.278424 0.960458
v 0.456266 0.317549 0.922496
vt 0.427332 0.070329
vn 0.007080 -0.266423 0.963830
v 0.625545 0.314104 0.920532
vt 0.398708 0.069836
vn 0.007763 -0.257902 0.966140
v 0.725304 0.312120 0.919453
vt 0.381841 0.069558
vn 0.007875 -0.249788 0.968269
v 0.957984 0.308419 0.920123
vt 0.342485 0.069114
vn -0.059815 -0.208927 0.976100
v 0.819900 0.310702 0.918665
vt 0.365848 0.069368
vn 0.004865 -0.235619 0.971833
v 0.879289 0.309857 0.918562
vt 0.355801 0.069262
vn -0.003215 -0.226919 0.973908
v 0.760513 0.311430 0.919073
vt 0.375889 0.069466
vn 0.007464 -0.242139 0.970213
v 0.926653 0.308954 0.919092
vt 0.347787 0.069159
vn -0.019423 -0.218318 0.975684
v 0.103781 1.071946 0.894944
vt 0.486689 0.201430
vn 0.046670 0.933209 0.356292
v 0.103695 1.073706 0.890536
vt 0.486676 0.202233
vn 0.046580 0.933298 0.356069
v 0.356997 1.058765 0.896218
vt 0.443856 0.198899
vn 0.047290 0.938816 0.341157
v 0.357044 1.060451 0.891740
vt 0.443817 0.199707
vn 0.047460 0.938772 0.341255
v 0.588986 1.048065 0.893457
vt 0.404589 0.197136
vn 0.048894 0.951503 0.303729
v 0.588595 1.049319 0.889247
vt 0.404621 0.197881
vn 0.048968 0.951099 0.304979
v 0.829791 1.037384 0.887147
vt 0.363781 0.195594
vn 0.050286 0.954843 0.292824
v 0.829970 1.038741 0.882781
vt 0.363712 0.196364
vn 0.050165 0.954830 0.292887
v -0.030005 1.079661 0.892275
vt 0.509562 0.203094
vn 0.044678 0.934994 0.351839
v -0.028977 1.081040 0.888078
vt 0.509367 0.203838
vn 0.045001 0.935198 0.351255
v 0.925814 1.034698 0.879334
vt 0.347369 0.195865
vn 0.050866 0.952941 0.298856
v 0.996690 1.031877 0.876841
vt 0.335262 0.195493
vn 0.056482 0.384481 0.921403
v 0.970294 1.031412 0.882239
vt 0.339822 0.194836
vn 0.050287 0.948570 0.312548
v 1.015799 1.029506 0.880634
vt 0.331978 0.194576
vn 0.050569 0.946058 0.320027
v 0.021893 1.004396 0.920518
vt 0.500820 0.188810
vn -0.071500 -0.966870 0.245052
v -0.154451 1.015415 0.920402
vt 0.530550 0.190918
vn -0.060632 -0.966540 0.249246
v -0.157144 1.014699 0.917796
vt 0.531053 0.190514
vn -0.060517 -0.966495 0.249449
v 0.070480 0.970484 0.931145
vt 0.492643 0.183000
vn -0.899406 0.387758 0.201774
v 0.067129 0.968740 0.931814
vt 0.493188 0.182693
vn 0.037178 0.963544 0.264955
v -0.153078 0.980677 0.929018
vt 0.530334 0.184435
vn 0.047475 0.962649 0.266557
v -0.149944 0.979367 0.932081
vt 0.529791 0.183874
vn 0.047472 0.962675 0.266465
v 0.035003 1.001771 0.921361
vt 0.498642 0.188357
vn -0.329940 -0.923907 0.193741
v 0.070001 0.974664 0.929638
vt 0.492768 0.183649
vn -0.731845 -0.654114 0.191149
v 0.046707 0.995849 0.923273
vt 0.496684 0.187347
vn -0.618398 -0.762295 0.191023
v 0.925814 1.034698 0.879334
vt 0.347369 0.195865
vn 0.050901 0.953011 0.298629
v -0.149944 0.979367 0.932081
vt 0.529791 0.183874
vn 0.001089 0.295281 0.955410
v -0.149787 0.978219 0.932452
vt 0.529759 0.183673
vn 0.002771 0.319364 0.947628
v -0.152243 0.979490 0.932038
vt 0.530026 0.184030
vn -0.001135 0.308091 0.951356
v -0.152079 0.978289 0.932428
vt 0.530060 0.183793
vn -0.000601 0.323080 0.946371
v -0.164179 1.088871 0.884478
vt 0.532603 0.204902
vn 0.041764 0.919893 0.389938
v -0.164096 1.087009 0.888867
vt 0.532537 0.204104
vn 0.041764 0.919893 0.389938
v -0.166442 1.089007 0.884405
vt 0.533389 0.204631
vn 0.041764 0.919893 0.389938
v -0.166359 1.087141 0.888792
vt 0.532979 0.204061
vn 0.041764 0.919893 0.389938
v -0.090246 0.403451 0.948388
vt 0.519515 0.085180
vn 0.019869 0.156273 0.987514
v -0.089558 0.395618 0.946815
vt 0.519389 0.083909
vn 0.000282 -0.267633 0.963521
v -0.144256 0.933371 0.954645
vt 0.528624 0.175259
vn -0.006327 0.132203 0.991202
v -0.144849 0.939965 0.951489
vt 0.528774 0.176460
vn 0.014886 0.516803 0.855975
v -0.147105 0.958245 0.939736
vt 0.529292 0.180093
vn 0.013480 0.497169 0.867549
v -0.147841 0.964046 0.937317
vt 0.529425 0.181153
vn 0.003895 0.337495 0.941319
v -0.154653 1.017213 0.919773
vt 0.530570 0.191227
vn 0.000099 0.357272 0.934000
v -0.154451 1.015415 0.920402
vt 0.530550 0.190918
vn -0.000408 0.326797 0.945095
v -0.100061 0.511382 0.929468
vt 0.521508 0.103786
vn -0.007915 -0.088033 0.996086
v -0.096372 0.469635 0.928737
vt 0.520926 0.096681
vn 0.009567 0.133199 0.991043
v -0.138680 0.886919 0.958115
vt 0.527752 0.167439
vn -0.010026 0.045787 0.998901
v -0.131166 0.821328 0.959790
vt 0.526489 0.156400
vn -0.010917 -0.009827 0.999892
v -0.121006 0.729113 0.956354
vt 0.524796 0.140855
vn -0.011819 -0.067806 0.997629
v -0.111141 0.629504 0.946508
vt 0.523189 0.123974
vn -0.012729 -0.116922 0.993059
v -0.103708 0.550352 0.935207
vt 0.522035 0.110466
vn -0.012830 -0.144913 0.989361
v -0.159992 1.056944 0.904233
vt 0.531631 0.198385
vn 0.000980 0.387761 0.921759
v -0.164034 1.086400 0.890300
vt 0.532506 0.203844
vn 0.001887 0.420160 0.907448
v -0.091587 0.416880 0.943884
vt 0.519856 0.087435
vn 0.021861 0.280874 0.959496
v -0.083824 0.329794 0.927762
vt 0.518685 0.072374
vn -0.000321 -0.278348 0.960480
v -0.164179 1.088871 0.884478
vt 0.532603 0.204902
vn 0.043275 0.933115 0.356965
v -0.164096 1.087009 0.888867
vt 0.532537 0.204104
vn 0.042476 0.933189 0.356867
v -0.164034 1.086400 0.890300
vt 0.532506 0.203844
vn 0.041677 0.933282 0.356719
v -0.146543 0.933490 0.954605
vt 0.528988 0.175310
vn -0.009628 0.131975 0.991206
v -0.147133 0.940079 0.951449
vt 0.529159 0.176430
vn 0.011263 0.518565 0.854964
v -0.149397 0.958369 0.939691
vt 0.529710 0.180078
vn 0.010191 0.501987 0.864815
v -0.140969 0.887010 0.958081
vt 0.528140 0.167457
vn -0.012611 0.046779 0.998826
v -0.156951 1.017340 0.919718
vt 0.530897 0.191143
vn -0.004221 0.362702 0.931895
v -0.156749 1.015540 0.920349
vt 0.530742 0.190769
vn -0.004115 0.330093 0.943939
v -0.162292 1.057091 0.904160
vt 0.532023 0.198397
vn -0.003921 0.395396 0.918502
v -0.166315 1.086532 0.890223
vt 0.532838 0.203881
vn -0.003524 0.427294 0.904106
v -0.105990 0.550462 0.935194
vt 0.522420 0.110488
vn -0.012007 -0.143818 0.989531
v -0.113393 0.629294 0.946453
vt 0.523570 0.123939
vn -0.013408 -0.118814 0.992826
v -0.123288 0.729204 0.956331
vt 0.525181 0.140871
vn -0.013717 -0.067826 0.997603
v -0.133453 0.821428 0.959762
vt 0.526876 0.156417
vn -0.012804 -0.009404 0.999874
v -0.091838 0.395722 0.946839
vt 0.519765 0.083969
vn -0.001336 -0.268440 0.963295
v -0.086093 0.329849 0.927775
vt 0.519049 0.072337
vn -0.001722 -0.278226 0.960514
v -0.092526 0.403557 0.948414
vt 0.519865 0.085184
vn 0.018885 0.158169 0.987231
v -0.093862 0.416952 0.943923
vt 0.520245 0.087393
vn 0.021290 0.285488 0.958146
v -0.102348 0.511536 0.929463
vt 0.521897 0.103817
vn -0.008009 -0.087034 0.996173
v -0.098655 0.469771 0.928735
vt 0.521321 0.096697
vn 0.009288 0.138070 0.990379
v -0.150137 0.964175 0.937271
vt 0.529823 0.181192
vn 0.000371 0.339767 0.940510
v -0.164096 1.087009 0.888867
vt 0.532537 0.204104
vn 0.040573 0.919988 0.389841
v -0.164034 1.086400 0.890300
vt 0.532506 0.203844
vn 0.040573 0.919988 0.389841
v -0.166359 1.087141 0.888792
vt 0.532979 0.204061
vn 0.040573 0.919988 0.389841
v -0.166315 1.086532 0.890223
vt 0.532838 0.203881
vn 0.040573 0.919988 0.389841
v -0.156749 1.015540 0.920349
vt 0.530742 0.190769
vn -0.058720 -0.945404 0.320566
v -0.152243 0.979490 0.932038
vt 0.530026 0.184030
vn 0.042864 0.933758 0.355329
v 1.038391 1.028613 0.879880
vt 0.328022 0.194399
vn 0.050095 0.945199 0.322628
v 1.036498 1.030220 0.875284
vt 0.328047 0.195171
vn 0.026490 0.392736 0.919270
v 1.040661 1.028517 0.879799
vt 0.327616 0.194347
vn 0.052877 0.949280 0.309953
v 1.038756 1.030120 0.875174
vt 0.327680 0.195184
vn 0.054372 0.949718 0.308349
v 1.038965 1.028088 0.881369
vt 0.327986 0.194120
vn 0.040467 0.586229 0.809134
v 1.048668 1.007793 0.895702
vt 0.326607 0.189827
vn 0.034286 0.580851 0.813287
v 1.076512 0.343118 0.941548
vt 0.322203 0.075491
vn -0.194538 -0.183809 0.963519
v 1.078127 0.360204 0.944788
vt 0.321962 0.078429
vn -0.181616 -0.168335 0.968855
v 1.079571 0.379135 0.948296
vt 0.321736 0.081668
vn -0.173619 -0.142736 0.974414
v 1.083403 0.428019 0.955537
vt 0.321108 0.089985
vn -0.166542 -0.116543 0.979123
v 1.087386 0.499594 0.962859
vt 0.320471 0.102084
vn -0.165943 -0.060116 0.984301
v 1.088364 0.577207 0.964280
vt 0.320357 0.115162
vn -0.111339 -0.033212 0.993227
v 1.088078 0.835192 0.954295
vt 0.320566 0.158696
vn 0.004698 0.087073 0.996191
v 1.089177 0.802386 0.957048
vt 0.320349 0.153157
vn -0.006619 0.072381 0.997355
v 1.090067 0.765543 0.959560
vt 0.320190 0.146937
vn -0.036113 0.045772 0.998299
v 1.089459 0.629453 0.963876
vt 0.320210 0.123974
vn -0.078021 0.001692 0.996950
v 1.090489 0.682664 0.963482
vt 0.320085 0.132950
vn -0.062714 0.014985 0.997919
v 1.086774 0.857415 0.952109
vt 0.320883 0.162377
vn 0.013966 0.128565 0.991603
v 1.085777 0.862780 0.950548
vt 0.321014 0.163281
vn 0.039578 0.413980 0.909425
v 1.079440 0.887281 0.938436
vt 0.321666 0.167964
vn 0.040983 0.426464 0.903576
v 1.078955 0.892115 0.937247
vt 0.321780 0.168815
vn 0.007781 -0.035625 0.999335
v 1.079668 0.902272 0.938756
vt 0.321921 0.170544
vn 0.001066 0.258152 0.966104
v 1.079765 0.899826 0.939200
vt 0.321876 0.170135
vn -0.007004 -0.122908 0.992393
v 1.074607 0.928009 0.931580
vt 0.322648 0.175011
vn 0.004686 0.292361 0.956297
v 1.067053 0.957429 0.921660
vt 0.323837 0.180224
vn 0.013592 0.356365 0.934248
v 1.057016 0.989647 0.907538
vt 0.325398 0.186143
vn 0.021688 0.412162 0.910852
v 1.055161 0.994496 0.904949
vt 0.325677 0.187065
vn 0.027286 0.548161 0.835928
v 1.072763 0.306201 0.933624
vt 0.322951 0.069123
vn -0.199123 -0.189605 0.961457
v 1.038965 1.028088 0.881369
vt 0.327986 0.194120
vn 0.047569 0.943356 0.328355
v 1.050974 1.007706 0.895661
vt 0.326215 0.189795
vn 0.036466 0.585657 0.809738
v 1.041257 1.027993 0.881299
vt 0.327615 0.194091
vn 0.042665 0.590347 0.806021
v 1.057414 0.994465 0.904901
vt 0.325301 0.187044
vn 0.028592 0.546438 0.837012
v 1.081667 0.378916 0.948635
vt 0.321376 0.081640
vn -0.166618 -0.141424 0.975827
v 1.085515 0.427965 0.955864
vt 0.320747 0.089982
vn -0.169205 -0.106996 0.979756
v 1.089481 0.499481 0.963258
vt 0.320111 0.102069
vn -0.161514 -0.050415 0.985582
v 1.080222 0.359962 0.945125
vt 0.321601 0.078398
vn -0.177303 -0.166399 0.969987
v 1.092201 0.765578 0.959623
vt 0.319829 0.146943
vn -0.035516 0.053698 0.997925
v 1.091311 0.802449 0.957066
vt 0.319988 0.153169
vn -0.012300 0.075574 0.997064
v 1.090210 0.835287 0.954277
vt 0.320205 0.158719
vn 0.001377 0.089973 0.995943
v 1.091817 0.630970 0.964084
vt 0.319810 0.124231
vn -0.087807 0.009897 0.996088
v 1.092619 0.682221 0.963619
vt 0.319725 0.132876
vn -0.059120 0.029867 0.997804
v 1.088940 0.857275 0.952097
vt 0.320531 0.162371
vn 0.011570 0.130493 0.991382
v 1.087969 0.862675 0.950499
vt 0.320660 0.163230
vn 0.041000 0.417070 0.907949
v 1.081630 0.887129 0.938398
vt 0.321272 0.167915
vn 0.042687 0.427770 0.902879
v 1.081101 0.891979 0.937214
vt 0.321360 0.168852
vn 0.006500 -0.051921 0.998630
v 1.081905 0.899740 0.939224
vt 0.321564 0.170154
vn -0.009407 -0.150008 0.988640
v 1.059251 0.989615 0.907496
vt 0.325024 0.186134
vn 0.019286 0.413562 0.910272
v 1.078601 0.342843 0.941896
vt 0.321838 0.075452
vn -0.186857 -0.180754 0.965615
v 1.074877 0.306210 0.934053
vt 0.322624 0.069107
vn -0.190141 -0.187317 0.963721
v 1.076794 0.927924 0.931595
vt 0.322279 0.174991
vn 0.005380 0.293284 0.956010
v 1.069266 0.957352 0.921659
vt 0.323465 0.180206
vn 0.013290 0.359479 0.933059
v 1.081822 0.902158 0.938786
vt 0.321582 0.170517
vn 0.001667 0.259896 0.965635
v 1.090857 0.576834 0.964576
vt 0.319932 0.115100
vn -0.134323 -0.005504 0.990922
v 1.041257 1.027993 0.881299
vt 0.327615 0.194091
vn 0.050092 0.948425 0.313019
v 1.053280 1.007619 0.885270
vt 0.320351 0.360718
vn 0.144755 -0.524295 -0.839143
v 1.043430 1.027898 0.870878
vt 0.322439 0.364553
vn 0.173644 -0.569500 -0.803441
v 1.022917 1.001289 0.884441
vt 0.326789 0.359521
vn 0.145391 -0.525193 -0.838471
v 1.020739 1.018193 0.872126
vt 0.327251 0.362718
vn 0.192062 -0.586936 -0.786523
v 1.059668 0.994434 0.894502
vt 0.318996 0.358225
vn 0.123352 -0.483695 -0.866501
v 1.021056 0.978963 0.897402
vt 0.327184 0.355299
vn 0.118275 -0.472520 -0.873347
v 1.063380 0.984536 0.899810
vt 0.318209 0.356353
vn 0.084769 -0.413810 -0.906408
v 1.004767 0.954960 0.907947
vt 0.330637 0.350759
vn 0.049161 -0.357119 -0.932764
v 1.078981 0.927839 0.921259
vt 0.314901 0.345630
vn 0.032078 -0.320505 -0.946704
v 1.071478 0.957274 0.911306
vt 0.316492 0.351197
vn 0.045695 -0.351294 -0.935150
v 1.005549 0.913562 0.924461
vt 0.330472 0.342930
vn 0.027466 -0.258692 -0.965569
v 1.084044 0.899610 0.928899
vt 0.313827 0.340291
vn 0.007389 -0.158118 -0.987393
v 1.083820 0.886978 0.928010
vt 0.313875 0.337902
vn 0.021987 -0.238695 -0.970846
v 1.008449 0.880587 0.930525
vt 0.329857 0.336693
vn 0.022292 -0.241408 -0.970168
v 1.091106 0.857135 0.941734
vt 0.312330 0.332258
vn 0.061494 -0.163331 -0.984653
v 1.008103 0.857091 0.935899
vt 0.329930 0.332250
vn 0.059263 -0.177419 -0.982349
v 1.092343 0.835381 0.943908
vt 0.312067 0.328144
vn 0.076594 -0.076909 -0.994092
v 1.010227 0.792526 0.940545
vt 0.329480 0.320039
vn 0.124275 -0.025433 -0.991922
v 1.093445 0.802512 0.946733
vt 0.311834 0.321928
vn 0.082895 -0.075337 -0.993707
v 1.094335 0.765614 0.949335
vt 0.311645 0.314949
vn 0.136890 -0.011926 -0.990514
v 1.094792 0.682151 0.953411
vt 0.311548 0.299165
vn 0.146178 -0.007218 -0.989232
v 1.004156 0.633927 0.937257
vt 0.330768 0.290044
vn 0.808797 -0.007629 -0.588039
v 1.094038 0.632682 0.953949
vt 0.311708 0.289809
vn 0.182376 -0.013420 -0.983137
v 0.996930 0.629505 0.865287
vt 0.332299 0.289208
vn 0.993629 -0.006929 -0.112485
v 1.001720 0.494525 0.886738
vt 0.331284 0.263680
vn 0.995243 0.018314 -0.095682
v 1.005782 0.495190 0.938336
vt 0.330422 0.263806
vn 0.662957 0.035531 -0.747813
v 1.001542 0.439994 0.886739
vt 0.331321 0.253367
vn 0.943649 0.228008 -0.239875
v 1.008064 0.457373 0.933506
vt 0.329939 0.256654
vn 0.585846 0.157045 -0.795060
v 1.083764 0.378698 0.938623
vt 0.313887 0.241775
vn 0.209704 0.131805 -0.968840
v 1.087625 0.427875 0.945838
vt 0.313068 0.251075
vn 0.196419 0.125626 -0.972439
v 1.031461 0.397871 0.928975
vt 0.324978 0.245401
vn 0.212214 0.138406 -0.967372
v 1.082316 0.359720 0.935112
vt 0.314194 0.238186
vn 0.199613 0.117422 -0.972814
v 1.052919 0.338831 0.927485
vt 0.320427 0.234235
vn 0.191347 0.110917 -0.975235
v 1.080689 0.342568 0.931893
vt 0.314539 0.234942
vn 0.164431 0.120123 -0.979047
v 1.076300 0.303120 0.928079
vt 0.315469 0.227481
vn 0.245913 0.174831 -0.953394
v 1.057188 0.308530 0.924176
vt 0.319522 0.228504
vn 0.190623 0.135734 -0.972234
v 1.056734 0.298153 0.918324
vt 0.319618 0.226542
vn 0.325174 0.264170 -0.908007
v 1.067996 0.241829 0.907013
vt 0.317230 0.215890
vn 0.225542 0.231924 -0.946225
v 1.053895 0.278615 0.913383
vt 0.320220 0.222847
vn 0.293208 0.243226 -0.924592
v 1.048721 0.241680 0.904075
vt 0.321317 0.215861
vn 0.154536 0.215618 -0.964172
v 1.042726 0.265331 0.908178
vt 0.322589 0.220334
vn 0.154738 0.215836 -0.964091
v 1.020588 0.241707 0.899687
vt 0.327283 0.215867
vn 0.105702 0.228009 -0.967905
v 1.019842 0.260153 0.903698
vt 0.327441 0.219355
vn 0.107034 0.227422 -0.967896
v 0.951883 0.241951 0.893157
vt 0.341851 0.215913
vn 0.075503 0.246998 -0.966070
v 0.951225 0.259250 0.897737
vt 0.341991 0.219184
vn 0.075229 0.247355 -0.966000
v 0.917101 0.242060 0.891086
vt 0.349227 0.215933
vn 0.042636 0.288429 -0.956551
v 0.917091 0.259026 0.896098
vt 0.349229 0.219142
vn 0.042829 0.288012 -0.956668
v 0.873755 0.242259 0.889145
vt 0.358419 0.215971
vn 0.027232 0.324132 -0.945620
v 0.873407 0.258366 0.894638
vt 0.358492 0.219017
vn 0.027114 0.324335 -0.945554
v 0.815185 0.242551 0.887635
vt 0.370838 0.216026
vn 0.020819 0.345333 -0.938249
v 0.814473 0.258585 0.893749
vt 0.370989 0.219058
vn 0.018010 0.361040 -0.932376
v 0.762530 0.242879 0.886563
vt 0.382003 0.216088
vn 0.008940 0.411037 -0.911575
v 0.722269 0.243085 0.885862
vt 0.390541 0.216127
vn 0.008414 0.412604 -0.910871
v 0.625846 0.259827 0.892942
vt 0.410987 0.219293
vn 0.002637 0.418758 -0.908094
v 0.627142 0.243760 0.885571
vt 0.410712 0.216255
vn 0.002637 0.418807 -0.908071
v 0.457147 0.245293 0.885867
vt 0.446759 0.216545
vn 0.002028 0.419212 -0.907886
v 0.271028 0.265162 0.894682
vt 0.486225 0.220302
vn 0.001705 0.421630 -0.906766
v 0.096479 0.249784 0.887209
vt 0.523238 0.217394
vn 0.001706 0.423244 -0.906014
v 0.274912 0.247340 0.886430
vt 0.485401 0.216932
vn 0.001705 0.421826 -0.906675
v 0.095618 0.267135 0.895346
vt 0.523420 0.220676
vn 0.001706 0.423195 -0.906037
v 0.005417 0.251112 0.887627
vt 0.542547 0.217645
vn 0.002807 0.019527 -0.999805
v 0.046578 0.267359 0.895360
vt 0.533819 0.220718
vn 0.031115 0.363706 -0.930994
v 1.034189 0.318669 0.882616
vt 0.324399 0.230422
vn 0.884983 0.136613 -0.445132
v 1.057188 0.308530 0.924176
vt 0.319522 0.228504
vn 0.884123 0.136122 -0.446987
v 1.032497 0.338994 0.883351
vt 0.324757 0.234266
vn 0.880881 0.259698 -0.395735
v 1.052919 0.338831 0.927485
vt 0.320427 0.234235
vn 0.881452 0.255442 -0.397231
v 1.034815 0.304629 0.882197
vt 0.324266 0.227767
vn 0.862710 0.062132 -0.501868
v 1.056734 0.298153 0.918324
vt 0.319618 0.226542
vn 0.863306 0.066240 -0.500315
v 1.034068 0.294321 0.881825
vt 0.324424 0.225817
vn 0.815415 -0.130396 -0.563999
v 1.053895 0.278615 0.913383
vt 0.320220 0.222847
vn 0.809860 -0.146296 -0.568088
v 1.030926 0.286463 0.881545
vt 0.325091 0.224331
vn 0.543528 -0.518407 -0.660175
v 1.042726 0.265331 0.908178
vt 0.322589 0.220334
vn 0.547092 -0.515401 -0.659585
v 1.023400 0.283063 0.881521
vt 0.326687 0.223688
vn 0.098094 -0.647441 -0.755776
v 1.019842 0.260153 0.903698
vt 0.327441 0.219355
vn 0.079583 -0.642326 -0.762289
v 0.953385 0.284156 0.881518
vt 0.341533 0.223894
vn 0.033457 -0.601213 -0.798388
v 0.951225 0.259250 0.897737
vt 0.341991 0.219184
vn 0.033571 -0.597894 -0.800872
v 0.911464 0.282040 0.881453
vt 0.350423 0.223494
vn 0.051196 -0.550714 -0.833122
v 0.917091 0.259026 0.896098
vt 0.349229 0.219142
vn 0.047276 -0.547930 -0.835187
v 0.872682 0.296411 0.867899
vt 0.358646 0.226212
vn 0.029692 -0.575345 -0.817372
v 0.873407 0.258366 0.894638
vt 0.358492 0.219017
vn 0.033184 -0.573130 -0.818792
v 0.816536 0.293803 0.867942
vt 0.370552 0.225719
vn 0.002388 -0.582118 -0.813101
v 0.814473 0.258585 0.893749
vt 0.370989 0.219058
vn 0.001876 -0.582118 -0.813102
v 0.623869 0.295423 0.868088
vt 0.411406 0.226026
vn -0.007159 -0.590453 -0.807040
v 0.625846 0.259827 0.892942
vt 0.410987 0.219293
vn -0.006986 -0.590131 -0.807278
v 0.270924 0.295320 0.870856
vt 0.486247 0.226006
vn -0.015875 -0.577870 -0.815974
v 0.271028 0.265162 0.894682
vt 0.486225 0.220302
vn -0.016092 -0.577578 -0.816177
v 0.097572 0.291531 0.884968
vt 0.523005 0.225289
vn -0.017189 -0.536985 -0.843417
v 0.095618 0.267135 0.895346
vt 0.523420 0.220676
vn -0.009681 -0.540147 -0.841515
v 0.039752 0.270993 0.884477
vt 0.535266 0.221405
vn 0.115280 -0.587504 -0.800968
v 0.046578 0.267359 0.895360
vt 0.533819 0.220718
vn 0.115280 -0.587504 -0.800968
v 1.015655 1.002975 0.857487
vt 0.328329 0.359840
vn 0.944815 -0.160540 -0.285571
v 1.022917 1.001289 0.884441
vt 0.326789 0.359521
vn 0.935032 -0.211517 -0.284563
v 1.014796 1.029209 0.852728
vt 0.328511 0.364801
vn 0.957380 -0.045522 -0.285221
v 1.020739 1.018193 0.872126
vt 0.327251 0.362718
vn 0.957380 -0.045522 -0.285221
v 1.011307 0.988337 0.858560
vt 0.329251 0.357071
vn 0.869338 -0.422383 -0.256601
v 1.021056 0.978963 0.897402
vt 0.327184 0.355299
vn 0.846596 -0.471721 -0.246486
v 0.999373 0.961590 0.859549
vt 0.331781 0.352013
vn 0.950104 -0.260013 -0.172322
v 1.004767 0.954960 0.907947
vt 0.330637 0.350759
vn 0.975532 -0.164623 -0.145728
v 0.999943 0.938792 0.860464
vt 0.331660 0.347701
vn 0.995433 -0.003507 -0.095399
v 1.005549 0.913562 0.924461
vt 0.330472 0.342930
vn 0.995118 0.036510 -0.091685
v 0.999472 0.911980 0.854225
vt 0.331760 0.342631
vn 0.992641 -0.022920 -0.118908
v 1.008449 0.880587 0.930525
vt 0.329857 0.336693
vn 0.991365 -0.027516 -0.128213
v 0.997302 0.864014 0.854941
vt 0.332221 0.333559
vn 0.990155 -0.012407 -0.139422
v 1.008103 0.857091 0.935899
vt 0.329930 0.332250
vn 0.990134 -0.006033 -0.139994
v 0.998395 0.794392 0.863818
vt 0.331989 0.320392
vn 0.991230 -0.011913 -0.131613
v 1.010227 0.792526 0.940545
vt 0.329480 0.320039
vn 0.991285 -0.013133 -0.131075
v 1.016128 0.391491 0.885467
vt 0.328229 0.244194
vn 0.883440 0.319150 -0.343041
v 1.031461 0.397871 0.928975
vt 0.324978 0.245401
vn 0.884246 0.319933 -0.340223
v 0.816625 0.330600 0.863331
vt 0.370533 0.232678
vn 0.004998 -0.124617 -0.992192
v 0.816536 0.293803 0.867942
vt 0.370552 0.225719
vn 0.004691 -0.125224 -0.992117
v 0.872812 0.336447 0.864889
vt 0.358618 0.233784
vn 0.027472 -0.080697 -0.996360
v 0.872682 0.296411 0.867899
vt 0.358646 0.226212
vn 0.025782 -0.085421 -0.996011
v 0.623896 0.330562 0.863039
vt 0.411400 0.232671
vn -0.008198 -0.107693 -0.994150
v 0.623869 0.295423 0.868088
vt 0.411406 0.226026
vn -0.008198 -0.107693 -0.994150
v 0.269132 0.329010 0.869493
vt 0.486627 0.232377
vn -0.040488 -0.058490 -0.997467
v 0.270924 0.295320 0.870856
vt 0.486247 0.226006
vn -0.037096 -0.059467 -0.997541
v 0.097779 0.321109 0.887729
vt 0.522962 0.230883
vn -0.083732 0.025089 -0.996172
v 0.097572 0.291531 0.884968
vt 0.523005 0.225289
vn -0.069103 0.047665 -0.996470
v 0.033978 0.325815 0.889939
vt 0.536491 0.231773
vn -0.053211 0.087980 -0.994700
v 0.039752 0.270993 0.884477
vt 0.535266 0.221405
vn -0.019914 0.078185 -0.996740
v 0.907451 0.351174 0.865745
vt 0.351273 0.236569
vn 0.040468 -0.048428 -0.998007
v 0.908434 0.306295 0.867978
vt 0.351065 0.228082
vn 0.034191 -0.059026 -0.997671
v 0.982782 0.351275 0.883074
vt 0.335299 0.236588
vn 0.016418 0.030823 -0.999390
v 1.034189 0.318669 0.882616
vt 0.324399 0.230422
vn 0.012015 0.032922 -0.999386
v 1.032497 0.338994 0.883351
vt 0.324757 0.234266
vn 0.023200 0.036512 -0.999064
v 1.034815 0.304629 0.882197
vt 0.324266 0.227767
vn 0.002915 0.024512 -0.999695
v 0.968808 0.327309 0.882595
vt 0.338263 0.232056
vn 0.004516 0.023331 -0.999718
v 1.034068 0.294321 0.881825
vt 0.324424 0.225817
vn 0.003015 0.026412 -0.999647
v 1.030926 0.286463 0.881545
vt 0.325091 0.224331
vn 0.001318 0.027719 -0.999615
v 1.023400 0.283063 0.881521
vt 0.326687 0.223688
vn 0.002906 0.021408 -0.999767
v 0.943196 0.302318 0.881461
vt 0.343694 0.227330
vn 0.005502 0.019102 -0.999802
v 0.953385 0.284156 0.881518
vt 0.341533 0.223894
vn 0.005729 0.020222 -0.999779
v 0.911464 0.282040 0.881453
vt 0.350423 0.223494
vn 0.001685 -0.002206 -0.999996
v 0.995481 0.384845 0.883953
vt 0.332606 0.242937
vn 0.049233 0.035322 -0.998163
v 1.016128 0.391491 0.885467
vt 0.328229 0.244194
vn 0.065513 0.034733 -0.997247
v 1.000473 0.418106 0.883593
vt 0.331548 0.249228
vn 0.170620 0.031032 -0.984848
v 1.001542 0.439994 0.886739
vt 0.331321 0.253367
vn 0.170620 0.031032 -0.984848
v 0.954630 0.342876 0.868338
vt 0.341269 0.235000
vn 0.455188 -0.344445 -0.821074
v 0.968808 0.327309 0.882595
vt 0.338263 0.232056
vn 0.446816 -0.350915 -0.822930
v 0.967488 0.362581 0.868680
vt 0.338542 0.238727
vn 0.561845 -0.249693 -0.788659
v 0.982782 0.351275 0.883074
vt 0.335299 0.236588
vn 0.555044 -0.256513 -0.791282
v 0.933513 0.321644 0.868026
vt 0.345747 0.230984
vn 0.347536 -0.412116 -0.842246
v 0.943196 0.302318 0.881461
vt 0.343694 0.227330
vn 0.334353 -0.418539 -0.844413
v 0.908434 0.306295 0.867978
vt 0.351065 0.228082
vn 0.234379 -0.452843 -0.860232
v 0.911464 0.282040 0.881453
vt 0.350423 0.223494
vn 0.230147 -0.453599 -0.860976
v 0.987095 0.423089 0.869413
vt 0.334385 0.250170
vn 0.725780 -0.098918 -0.680778
v 1.000473 0.418106 0.883593
vt 0.331548 0.249228
vn 0.716518 -0.104421 -0.689709
v 0.991045 0.445969 0.868746
vt 0.333547 0.254497
vn 0.834565 -0.025612 -0.550314
v 1.001542 0.439994 0.886739
vt 0.331321 0.253367
vn 0.828698 -0.030024 -0.558890
v 0.979478 0.392960 0.868922
vt 0.336000 0.244472
vn 0.632599 -0.174112 -0.754654
v 0.995481 0.384845 0.883953
vt 0.332606 0.242937
vn 0.626031 -0.181501 -0.758382
v 0.872682 0.296411 0.867899
vt 0.358646 0.226212
vn 0.131561 -0.468805 -0.873449
v 0.929294 0.368734 0.866191
vt 0.346641 0.239890
vn 0.057871 -0.032922 -0.997781
v 0.954630 0.342876 0.868338
vt 0.341269 0.235000
vn 0.051892 -0.031624 -0.998152
v 0.967488 0.362581 0.868680
vt 0.338542 0.238727
vn 0.068398 -0.030920 -0.997179
v 0.933513 0.321644 0.868026
vt 0.345747 0.230984
vn 0.043274 -0.039217 -0.998293
v 0.951411 0.400025 0.866317
vt 0.341952 0.245808
vn 0.082081 -0.033728 -0.996055
v 0.987095 0.423089 0.869413
vt 0.334385 0.250170
vn 0.120667 -0.048713 -0.991497
v 0.963055 0.434084 0.865721
vt 0.339483 0.252250
vn 0.228813 0.020028 -0.973264
v 0.991045 0.445969 0.868746
vt 0.333547 0.254497
vn 0.300631 0.075137 -0.950776
v 0.979478 0.392960 0.868922
vt 0.336000 0.244472
vn 0.076372 -0.024932 -0.996768
v 1.001720 0.494525 0.886738
vt 0.331284 0.263680
vn 0.863315 -0.002803 -0.504657
v 0.966996 0.798671 0.860147
vt 0.338647 0.321201
vn 0.112468 -0.047005 -0.992543
v 0.998395 0.794392 0.863818
vt 0.331989 0.320392
vn 0.114495 -0.038025 -0.992696
v 0.965605 0.863383 0.852080
vt 0.338942 0.333440
vn 0.084981 -0.075507 -0.993517
v 0.997302 0.864014 0.854941
vt 0.332221 0.333559
vn 0.084579 -0.073611 -0.993694
v 0.967100 0.628523 0.861468
vt 0.338625 0.289022
vn 0.259596 -0.040018 -0.964888
v 0.996930 0.629505 0.865287
vt 0.332299 0.289208
vn 0.256349 -0.039305 -0.965785
v 0.968049 0.480816 0.864336
vt 0.338424 0.261088
vn 0.378965 -0.014529 -0.925297
v 1.001720 0.494525 0.886738
vt 0.331284 0.263680
vn 0.388499 -0.048029 -0.920196
v 0.967262 0.907846 0.852657
vt 0.338590 0.341849
vn 0.101921 0.023515 -0.994515
v 0.999472 0.911980 0.854225
vt 0.331760 0.342631
vn 0.112612 0.032835 -0.993096
v 0.988317 1.045794 0.851430
vt 0.334125 0.367938
vn 0.108033 0.013206 -0.994060
v 1.015655 1.002975 0.857487
vt 0.328329 0.359840
vn 0.168575 -0.056032 -0.984095
v 1.014796 1.029209 0.852728
vt 0.328511 0.364801
vn 0.109368 -0.130913 -0.985343
v 0.972103 0.947541 0.852449
vt 0.337564 0.349356
vn 0.127917 0.029735 -0.991339
v 0.999373 0.961590 0.859549
vt 0.331781 0.352013
vn 0.313383 -0.133098 -0.940253
v 1.011307 0.988337 0.858560
vt 0.329251 0.357071
vn 0.181681 -0.053602 -0.981896
v 0.999943 0.938792 0.860464
vt 0.331660 0.347701
vn 0.182236 0.056537 -0.981628
v 0.112910 0.364891 0.885483
vt 0.519754 0.239163
vn -0.099267 -0.006078 -0.995042
v 0.180294 0.342082 0.875127
vt 0.505465 0.234850
vn -0.124572 -0.102673 -0.986884
v 0.056737 0.408188 0.895898
vt 0.531665 0.247352
vn -0.055112 0.063895 -0.996434
v 0.020854 0.439457 0.898939
vt 0.539274 0.253266
vn -0.057106 0.073083 -0.995690
v -0.053589 0.920721 0.834349
vt 0.555059 0.344284
vn -0.926033 -0.130581 -0.354135
v -0.082226 0.922982 0.907380
vt 0.561131 0.344711
vn -0.924949 -0.129378 -0.357395
v -0.030674 0.796424 0.822927
vt 0.550200 0.320776
vn -0.924203 -0.139876 -0.355364
v -0.068999 0.821580 0.913216
vt 0.558326 0.325534
vn -0.923953 -0.144578 -0.354129
v -0.052978 0.727972 0.917065
vt 0.554929 0.307831
vn -0.919603 -0.159771 -0.358892
v -0.025120 0.768562 0.822930
vt 0.549022 0.315507
vn -0.919294 -0.158284 -0.360341
v -0.041877 0.768242 0.867608
vt 0.552575 0.315446
vn -0.922103 -0.172985 -0.346124
v -0.000769 0.638946 0.822969
vt 0.543859 0.290994
vn -0.915240 -0.161874 -0.368960
v -0.037222 0.632787 0.913219
vt 0.551588 0.289829
vn -0.915356 -0.161759 -0.368724
v 0.011668 0.564700 0.826935
vt 0.541222 0.276952
vn -0.887429 -0.230376 -0.399246
v -0.020663 0.553850 0.907790
vt 0.548077 0.274900
vn -0.887590 -0.229998 -0.399105
v 0.036948 0.502097 0.825677
vt 0.535861 0.265112
vn -0.830986 -0.331078 -0.447044
v 0.009128 0.467694 0.901480
vt 0.541760 0.258606
vn -0.820151 -0.342991 -0.457940
v 0.069519 0.450955 0.824886
vt 0.528954 0.255440
vn -0.630937 -0.565350 -0.531317
v 0.020854 0.439457 0.898939
vt 0.539274 0.253266
vn -0.723601 -0.465379 -0.509729
v 0.815118 0.356479 0.823922
vt 0.370852 0.237573
vn 0.017489 -0.837534 -0.546105
v 0.816625 0.330600 0.863331
vt 0.370533 0.232678
vn 0.018181 -0.837643 -0.545916
v 0.866957 0.359337 0.824889
vt 0.359860 0.238113
vn 0.175376 -0.837510 -0.517513
v 0.872812 0.336447 0.864889
vt 0.358618 0.233784
vn 0.180390 -0.836827 -0.516895
v 0.623824 0.356564 0.823853
vt 0.411416 0.237589
vn -0.008080 -0.818870 -0.573923
v 0.623896 0.330562 0.863039
vt 0.411400 0.232671
vn -0.008080 -0.818870 -0.573923
v 0.270363 0.364513 0.823366
vt 0.486366 0.239092
vn -0.042900 -0.807196 -0.588722
v 0.269132 0.329010 0.869493
vt 0.486627 0.232377
vn -0.042087 -0.807282 -0.588664
v 0.896248 0.369954 0.825745
vt 0.353649 0.240121
vn 0.423156 -0.765104 -0.485340
v 0.907451 0.351174 0.865745
vt 0.351273 0.236569
vn 0.427081 -0.763215 -0.484876
v 0.913990 0.383145 0.826190
vt 0.349886 0.242616
vn 0.654679 -0.595034 -0.466188
v 0.929294 0.368734 0.866191
vt 0.346641 0.239890
vn 0.656282 -0.593345 -0.466084
v 0.933038 0.409399 0.826316
vt 0.345847 0.247581
vn 0.786786 -0.409940 -0.461429
v 0.951411 0.400025 0.866317
vt 0.341952 0.245808
vn 0.786400 -0.410738 -0.461378
v 0.942683 0.438561 0.825720
vt 0.343802 0.253096
vn 0.865081 -0.174500 -0.470302
v 0.963055 0.434084 0.865721
vt 0.339483 0.252250
vn 0.864572 -0.177936 -0.469951
v 0.949231 0.798499 0.824799
vt 0.342414 0.321169
vn 0.886964 -0.006826 -0.461788
v 0.966996 0.798671 0.860147
vt 0.338647 0.321201
vn 0.887197 -0.006700 -0.461342
v 0.948829 0.863553 0.825585
vt 0.342499 0.333472
vn 0.862469 -0.011412 -0.505981
v 0.965605 0.863383 0.852080
vt 0.338942 0.333440
vn 0.860186 -0.010533 -0.509872
v 0.948388 0.628498 0.825053
vt 0.342592 0.289017
vn 0.885795 -0.006623 -0.464030
v 0.967100 0.628523 0.861468
vt 0.338625 0.289022
vn 0.885795 -0.006623 -0.464030
v 0.945562 0.481922 0.824336
vt 0.343192 0.261297
vn 0.879483 -0.028835 -0.475057
v 0.968049 0.480816 0.864336
vt 0.338424 0.261088
vn 0.879421 -0.029525 -0.475128
v 0.959707 0.908559 0.843573
vt 0.340192 0.341984
vn 0.817618 -0.012008 -0.575635
v 0.967262 0.907846 0.852657
vt 0.338590 0.341849
vn 0.814208 -0.017626 -0.580306
v 0.190746 0.378444 0.823594
vt 0.503248 0.241727
vn -0.243576 -0.764378 -0.596990
v 0.180294 0.342082 0.875127
vt 0.505465 0.234850
vn -0.249258 -0.762747 -0.596731
v 0.130920 0.407113 0.823074
vt 0.515934 0.247149
vn -0.455757 -0.688901 -0.563649
v 0.112910 0.364891 0.885483
vt 0.519754 0.239163
vn -0.455979 -0.688869 -0.563509
v 0.056737 0.408188 0.895898
vt 0.531665 0.247352
vn -0.550685 -0.646870 -0.527546
v -0.082226 0.922982 0.907380
vt 0.561131 0.344711
vn -0.065688 -0.216852 -0.973992
v -0.107253 0.971167 0.898336
vt 0.566438 0.353824
vn -0.140773 -0.253259 -0.957101
v -0.103429 0.922449 0.907010
vt 0.565627 0.344610
vn 0.021493 -0.173598 -0.984582
v -0.082751 1.019257 0.881429
vt 0.561243 0.362919
vn -0.145668 -0.189189 -0.971076
v -0.109763 1.019982 0.885403
vt 0.566970 0.363056
vn -0.144655 -0.185179 -0.972000
v -0.077797 1.057426 0.875433
vt 0.560192 0.370138
vn -0.125685 -0.134066 -0.982970
v -0.109279 1.056618 0.879989
vt 0.566868 0.369985
vn -0.120088 -0.138581 -0.983043
v -0.082388 0.921144 0.904301
vt 0.561165 0.344364
vn 0.984815 0.121314 -0.124186
v -0.107221 1.082151 0.875395
vt 0.566431 0.374814
vn -0.084066 -0.142084 -0.986278
v -0.074004 1.080071 0.873113
vt 0.559388 0.374421
vn -0.106695 -0.128497 -0.985954
v -0.133791 1.082881 0.876047
vt 0.572066 0.374952
vn -0.028964 -0.174652 -0.984204
v -0.002184 0.903051 0.829150
vt 0.544158 0.340942
vn -0.097226 0.095565 -0.990664
v -0.053589 0.920721 0.834349
vt 0.555059 0.344284
vn -0.131627 0.110282 -0.985146
v -0.030674 0.796424 0.822927
vt 0.550200 0.320776
vn 0.030417 0.054916 -0.998028
v 0.016344 0.803735 0.827021
vt 0.540230 0.322159
vn 0.086029 0.042106 -0.995402
v -0.008167 0.799762 0.824125
vt 0.545427 0.321408
vn 0.083222 0.042929 -0.995606
v 0.064773 0.544127 0.821456
vt 0.529961 0.273061
vn -0.065291 -0.021984 -0.997624
v -0.000769 0.638946 0.822969
vt 0.543859 0.290994
vn 0.027824 0.014627 -0.999506
v 0.011668 0.564700 0.826935
vt 0.541222 0.276952
vn -0.126698 -0.063493 -0.989907
v 0.036948 0.502097 0.825677
vt 0.535861 0.265112
vn -0.115273 -0.039568 -0.992545
v 0.113974 0.455430 0.818679
vt 0.519528 0.256286
vn -0.111658 -0.098268 -0.988876
v 0.069519 0.450955 0.824886
vt 0.528954 0.255440
vn -0.116789 -0.051773 -0.991806
v 0.808598 0.401614 0.821449
vt 0.372235 0.246109
vn 0.006684 -0.086831 -0.996201
v 0.815118 0.356479 0.823922
vt 0.370852 0.237573
vn 0.005489 -0.053918 -0.998530
v 0.866957 0.359337 0.824889
vt 0.359860 0.238113
vn 0.018074 -0.082202 -0.996452
v 0.623824 0.356564 0.823853
vt 0.411416 0.237589
vn 0.005581 -0.132126 -0.991217
v 0.217570 0.405326 0.814965
vt 0.497560 0.246811
vn -0.020985 -0.152461 -0.988087
v 0.270363 0.364513 0.823366
vt 0.486366 0.239092
vn 0.004969 -0.135003 -0.990833
v 0.869239 0.424213 0.819320
vt 0.359376 0.250383
vn 0.059296 -0.074912 -0.995426
v 0.896248 0.369954 0.825745
vt 0.353649 0.240121
vn 0.029296 -0.084502 -0.995993
v 0.913990 0.383145 0.826190
vt 0.349886 0.242616
vn 0.089496 -0.068721 -0.993613
v 0.933038 0.409399 0.826316
vt 0.345847 0.247581
vn 0.098175 -0.063805 -0.993122
v 0.904987 0.494546 0.818049
vt 0.351796 0.263684
vn 0.147991 -0.018618 -0.988813
v 0.942683 0.438561 0.825720
vt 0.343802 0.253096
vn 0.102082 -0.062111 -0.992835
v 0.910426 0.784164 0.820929
vt 0.350643 0.318458
vn 0.111207 0.016703 -0.993657
v 0.949231 0.798499 0.824799
vt 0.342414 0.321169
vn 0.087819 0.024830 -0.995827
v 0.913529 0.891124 0.828163
vt 0.349984 0.338686
vn 0.156229 0.115032 -0.981000
v 0.948829 0.863553 0.825585
vt 0.342499 0.333472
vn 0.048613 0.086021 -0.995107
v 0.910080 0.632821 0.818115
vt 0.350715 0.289835
vn 0.150322 0.003102 -0.988632
v 0.948388 0.628498 0.825053
vt 0.342592 0.289017
vn 0.151640 0.002720 -0.988432
v 0.945562 0.481922 0.824336
vt 0.343192 0.261297
vn 0.160479 -0.009000 -0.986998
v 0.959707 0.908559 0.843573
vt 0.340192 0.341984
vn 0.282829 0.131318 -0.950139
v 0.190746 0.378444 0.823594
vt 0.503248 0.241727
vn -0.087463 -0.175267 -0.980628
v 0.130920 0.407113 0.823074
vt 0.515934 0.247149
vn -0.097561 -0.155659 -0.982981
v -0.082751 1.019257 0.881429
vt 0.561243 0.362919
vn -0.935641 -0.080463 -0.343660
v -0.072512 1.014901 0.853151
vt 0.559071 0.362095
vn -0.934804 -0.085262 -0.344778
v -0.072512 1.014901 0.853151
vt 0.559071 0.362095
vn -0.148228 0.107400 -0.983104
v -0.026020 1.039249 0.844553
vt 0.549213 0.366700
vn -0.149813 0.096858 -0.983959
v -0.071091 1.073842 0.853767
vt 0.558770 0.373242
vn -0.155137 0.060588 -0.986033
v -0.031344 1.086027 0.851047
vt 0.550342 0.375547
vn -0.155137 0.060588 -0.986033
v -0.071091 1.073842 0.853767
vt 0.558770 0.373242
vn -0.949280 0.045062 -0.311187
v -0.077797 1.057426 0.875433
vt 0.560192 0.370138
vn -0.949280 0.045062 -0.311187
v -0.074004 1.080071 0.873113
vt 0.559388 0.374421
vn -0.440762 0.561305 -0.700475
v -0.071091 1.073842 0.853767
vt 0.558770 0.373242
vn -0.440762 0.561305 -0.700475
v -0.031639 1.102635 0.852019
vt 0.550404 0.378688
vn -0.440762 0.561305 -0.700475
v -0.031344 1.086027 0.851047
vt 0.550342 0.375547
vn -0.440762 0.561305 -0.700475
v -0.074004 1.080071 0.873113
vt 0.559388 0.374421
vn -0.970897 0.142884 -0.192207
v -0.077797 1.057426 0.875433
vt 0.560192 0.370138
vn -0.970897 0.142884 -0.192207
v -0.071091 1.073842 0.853767
vt 0.558770 0.373242
vn -0.970897 0.142884 -0.192207
v -0.031639 1.102635 0.852019
vt 0.550404 0.378688
vn -0.035772 -0.668362 -0.742975
v -0.171618 1.112134 0.850324
vt 0.580087 0.380484
vn -0.018590 -0.606266 -0.795044
v -0.134145 1.092266 0.864596
vt 0.572140 0.376727
vn -0.037966 -0.676846 -0.735145
v -0.107221 1.082151 0.875395
vt 0.566431 0.374814
vn -0.037173 -0.691061 -0.721840
v -0.074004 1.080071 0.873113
vt 0.559388 0.374421
vn -0.037170 -0.688844 -0.723956
v -0.133791 1.082881 0.876047
vt 0.572066 0.374952
vn -0.065078 -0.851368 -0.520517
v -0.169156 1.092330 0.864054
vt 0.579564 0.376739
vn -0.034355 -0.748617 -0.662112
v -0.168800 1.089100 0.876380
vt 0.579489 0.376128
vn -0.077657 -0.881665 -0.465443
v 0.937576 0.974899 0.843740
vt 0.344885 0.354530
vn 0.296320 0.101227 -0.949709
v 0.972103 0.947541 0.852449
vt 0.337564 0.349356
vn 0.296320 0.101227 -0.949709
v 0.936269 1.048249 0.853923
vt 0.345163 0.368402
vn 0.087119 0.045607 -0.995153
v 0.937576 0.974899 0.843740
vt 0.344885 0.354530
vn 0.087119 0.045607 -0.995153
v 0.972103 0.947541 0.852449
vt 0.337564 0.349356
vn 0.761573 -0.096231 -0.640895
v 1.029237 1.054150 0.852846
vt 0.325449 0.369518
vn -0.005031 0.190807 -0.981615
v 1.001288 1.056029 0.853354
vt 0.331375 0.369874
vn -0.005031 0.190807 -0.981615
v 0.988317 1.045794 0.851430
vt 0.334125 0.367938
vn -0.005031 0.190807 -0.981615
v 0.936269 1.048249 0.853923
vt 0.345163 0.368402
vn -0.015103 0.052991 -0.998481
v 0.988317 1.045794 0.851430
vt 0.334125 0.367938
vn -0.015103 0.052991 -0.998481
v 0.926803 1.058085 0.853010
vt 0.347170 0.370262
vn -0.015103 0.052991 -0.998481
v 1.001288 1.056029 0.853354
vt 0.331375 0.369874
vn -0.015103 0.052991 -0.998481
v 1.031843 1.031134 0.861540
vt 0.324896 0.365165
vn 0.324671 -0.750008 -0.576261
v 1.014796 1.029209 0.852728
vt 0.328511 0.364801
vn 0.365459 -0.756922 -0.541765
v 1.029237 1.054150 0.852846
vt 0.325449 0.369518
vn 0.190957 -0.106005 -0.975858
v 1.031843 1.031134 0.861540
vt 0.324896 0.365165
vn 0.190957 -0.106005 -0.975858
v -0.002525 0.771795 0.823827
vt 0.544231 0.316119
vn 0.036416 0.018530 -0.999165
v -0.025120 0.768562 0.822930
vt 0.549022 0.315507
vn 0.033403 0.017727 -0.999285
v 0.021591 0.775605 0.826418
vt 0.539117 0.316839
vn 0.038705 0.019127 -0.999068
v -0.046510 0.793415 0.866945
vt 0.553558 0.320207
vn -0.922481 -0.173092 -0.345062
v -0.005364 0.772339 0.824661
vt 0.544833 0.316221
vn -0.100539 0.901419 -0.421112
v -0.024911 0.769975 0.824179
vt 0.548978 0.315774
vn -0.100539 0.901419 -0.421112
v -0.005210 0.771999 0.823810
vt 0.544800 0.316157
vn -0.100539 0.901419 -0.421112
v -0.025159 0.769498 0.823302
vt 0.549030 0.315684
vn -0.100539 0.901419 -0.421112
v -0.007714 0.773361 0.837702
vt 0.545331 0.316415
vn -0.512707 0.843992 -0.157509
v -0.005364 0.772339 0.824661
vt 0.544833 0.316221
vn -0.512707 0.843992 -0.157509
v -0.006950 0.773834 0.837837
vt 0.545169 0.316504
vn -0.512707 0.843992 -0.157509
v -0.004587 0.772843 0.824748
vt 0.544668 0.316316
vn -0.512707 0.843992 -0.157509
v -0.006950 0.773834 0.837837
vt 0.545169 0.316504
vn -0.960258 0.205587 -0.188782
v -0.004587 0.772843 0.824748
vt 0.544668 0.316316
vn -0.960258 0.205587 -0.188782
v -0.006766 0.774741 0.837895
vt 0.545130 0.316675
vn -0.960258 0.205587 -0.188782
v -0.004402 0.773753 0.824794
vt 0.544629 0.316489
vn -0.960258 0.205587 -0.188782
v -0.009041 0.797177 0.825171
vt 0.545613 0.320919
vn -0.842308 -0.158902 -0.515042
v -0.004402 0.773753 0.824794
vt 0.544629 0.316489
vn -0.842308 -0.158902 -0.515042
v -0.008573 0.797283 0.824355
vt 0.545514 0.320939
vn -0.842308 -0.158902 -0.515042
v -0.003920 0.773862 0.823988
vt 0.544527 0.316509
vn -0.842308 -0.158902 -0.515042
v -0.044303 0.792689 0.865260
vt 0.553090 0.320070
vn -0.288295 -0.944221 -0.159161
v -0.029969 0.795155 0.824207
vt 0.550050 0.320536
vn -0.288295 -0.944221 -0.159161
v -0.045090 0.792910 0.864937
vt 0.553257 0.320112
vn -0.288295 -0.944221 -0.159161
v -0.030364 0.795504 0.823289
vt 0.550134 0.320602
vn -0.288295 -0.944221 -0.159161
v -0.011199 0.796457 0.838330
vt 0.546070 0.320783
vn -0.821687 -0.545672 -0.164538
v -0.009041 0.797177 0.825171
vt 0.545613 0.320919
vn -0.821687 -0.545672 -0.164538
v -0.011708 0.797238 0.838286
vt 0.546178 0.320930
vn -0.821687 -0.545672 -0.164538
v -0.009551 0.797948 0.825155
vt 0.545721 0.321065
vn -0.821687 -0.545672 -0.164538
v -0.011708 0.797238 0.838286
vt 0.546178 0.320930
vn -0.202795 -0.975432 -0.086061
v -0.009551 0.797948 0.825155
vt 0.545721 0.321065
vn -0.202795 -0.975432 -0.086061
v -0.012607 0.797438 0.838147
vt 0.546369 0.320968
vn -0.202795 -0.975432 -0.086061
v -0.010456 0.798142 0.825086
vt 0.545913 0.321101
vn -0.202795 -0.975432 -0.086061
v -0.039466 0.793533 0.867551
vt 0.552064 0.320230
vn 0.332067 -0.861536 -0.384041
v -0.044303 0.792689 0.865260
vt 0.553090 0.320070
vn 0.332067 -0.861536 -0.384041
v -0.039770 0.793070 0.868324
vt 0.552128 0.320142
vn 0.332067 -0.861536 -0.384041
v -0.044589 0.792244 0.866013
vt 0.553150 0.319986
vn 0.332067 -0.861536 -0.384041
v -0.039770 0.793070 0.868324
vt 0.552128 0.320142
vn 0.453913 -0.296621 -0.840225
v -0.044589 0.792244 0.866013
vt 0.553150 0.319986
vn 0.453913 -0.296621 -0.840225
v -0.039772 0.792177 0.868639
vt 0.552129 0.319973
vn 0.453913 -0.296621 -0.840225
v -0.044593 0.791375 0.866317
vt 0.553151 0.319821
vn 0.453913 -0.296621 -0.840225
v -0.040677 0.770697 0.867052
vt 0.552321 0.315911
vn 0.042177 -0.027119 -0.998742
v -0.044593 0.791375 0.866317
vt 0.553151 0.319821
vn 0.042177 -0.027119 -0.998742
v -0.041570 0.770553 0.867010
vt 0.552510 0.315884
vn 0.042177 -0.027119 -0.998742
v -0.045469 0.791234 0.866293
vt 0.553337 0.319795
vn 0.042177 -0.027119 -0.998742
v -0.035842 0.771579 0.869387
vt 0.551295 0.316078
vn 0.331114 0.420359 -0.844785
v -0.040677 0.770697 0.867052
vt 0.552321 0.315911
vn 0.331114 0.420359 -0.844785
v -0.035547 0.770723 0.869075
vt 0.551233 0.315916
vn 0.331114 0.420359 -0.844785
v -0.040397 0.769877 0.866754
vt 0.552262 0.315756
vn 0.331114 0.420359 -0.844785
v -0.035547 0.770723 0.869075
vt 0.551233 0.315916
vn 0.039338 0.909587 -0.413647
v -0.040397 0.769877 0.866754
vt 0.552262 0.315756
vn 0.039338 0.909587 -0.413647
v -0.035103 0.770354 0.868308
vt 0.551139 0.315846
vn 0.039338 0.909587 -0.413647
v -0.039983 0.769523 0.866017
vt 0.552174 0.315689
vn 0.039338 0.909587 -0.413647
v -0.023333 0.771352 0.835435
vt 0.548643 0.316035
vn -0.059315 0.919233 -0.389219
v -0.007714 0.773361 0.837702
vt 0.545331 0.316415
vn -0.059315 0.919233 -0.389219
v -0.022922 0.771833 0.836409
vt 0.548556 0.316125
vn -0.059315 0.919233 -0.389219
v -0.007923 0.773666 0.838552
vt 0.545376 0.316472
vn -0.059315 0.919233 -0.389219
v -0.022922 0.771833 0.836409
vt 0.548556 0.316125
vn 0.078136 0.419735 -0.904277
v -0.007923 0.773666 0.838552
vt 0.545376 0.316472
vn 0.078136 0.419735 -0.904277
v -0.022885 0.772718 0.836821
vt 0.548548 0.316293
vn 0.078136 0.419735 -0.904277
v -0.008149 0.774488 0.838916
vt 0.545423 0.316628
vn 0.078136 0.419735 -0.904277
v -0.012568 0.796189 0.839317
vt 0.546360 0.320732
vn -0.222872 -0.027168 -0.974469
v -0.008149 0.774488 0.838916
vt 0.545423 0.316628
vn -0.222872 -0.027168 -0.974469
v -0.011682 0.796353 0.839113
vt 0.546172 0.320763
vn -0.222872 -0.027168 -0.974469
v -0.007254 0.774633 0.838704
vt 0.545233 0.316655
vn -0.222872 -0.027168 -0.974469
v -0.011682 0.796353 0.839113
vt 0.546172 0.320763
vn -0.833383 -0.159662 -0.529133
v -0.007254 0.774633 0.838704
vt 0.545233 0.316655
vn -0.833383 -0.159662 -0.529133
v -0.011199 0.796457 0.838330
vt 0.546070 0.320783
vn -0.833383 -0.159662 -0.529133
v -0.006766 0.774741 0.837895
vt 0.545130 0.316675
vn -0.833383 -0.159662 -0.529133
v -0.027162 0.794026 0.836727
vt 0.549455 0.320323
vn 0.210664 -0.320635 -0.923479
v -0.012568 0.796189 0.839317
vt 0.546360 0.320732
vn 0.210664 -0.320635 -0.923479
v -0.027462 0.794916 0.836361
vt 0.549519 0.320491
vn 0.210664 -0.320635 -0.923479
v -0.012677 0.797045 0.838983
vt 0.546383 0.320894
vn 0.210664 -0.320635 -0.923479
v -0.027462 0.794916 0.836361
vt 0.549519 0.320491
vn 0.200046 -0.892970 -0.403220
v -0.012677 0.797045 0.838983
vt 0.546383 0.320894
vn 0.200046 -0.892970 -0.403220
v -0.027844 0.795249 0.835437
vt 0.549600 0.320554
vn 0.200046 -0.892970 -0.403220
v -0.012607 0.797438 0.838147
vt 0.546369 0.320968
vn 0.200046 -0.892970 -0.403220
v -0.034225 0.771735 0.868822
vt 0.550953 0.316107
vn -0.645880 -0.150180 -0.748522
v -0.038192 0.792529 0.868076
vt 0.551794 0.320040
vn -0.645880 -0.150180 -0.748522
v -0.034926 0.771706 0.869436
vt 0.551101 0.316102
vn -0.645880 -0.150180 -0.748522
v -0.038865 0.792355 0.868689
vt 0.551937 0.320007
vn -0.645880 -0.150180 -0.748522
v -0.034926 0.771706 0.869436
vt 0.551101 0.316102
vn 0.058693 -0.025022 -0.997962
v -0.038865 0.792355 0.868689
vt 0.551937 0.320007
vn 0.058693 -0.025022 -0.997962
v -0.035842 0.771579 0.869387
vt 0.551295 0.316078
vn 0.058693 -0.025022 -0.997962
v -0.039772 0.792177 0.868639
vt 0.552129 0.319973
vn 0.058693 -0.025022 -0.997962
v -0.022885 0.772718 0.836821
vt 0.548548 0.316293
vn 0.152704 0.037933 -0.987544
v -0.008149 0.774488 0.838916
vt 0.545423 0.316628
vn 0.152704 0.037933 -0.987544
v -0.027162 0.794026 0.836727
vt 0.549455 0.320323
vn 0.152704 0.037933 -0.987544
v -0.012568 0.796189 0.839317
vt 0.546360 0.320732
vn 0.152704 0.037933 -0.987544
v -0.022885 0.772718 0.836821
vt 0.548548 0.316293
vn -0.923862 -0.187462 -0.333671
v -0.027162 0.794026 0.836727
vt 0.549455 0.320323
vn -0.923862 -0.187462 -0.333671
v -0.034225 0.771735 0.868822
vt 0.550953 0.316107
vn -0.923862 -0.187462 -0.333671
v -0.038192 0.792529 0.868076
vt 0.551794 0.320040
vn -0.923862 -0.187462 -0.333671
v -0.006766 0.774741 0.837895
vt 0.545130 0.316675
vn -0.967589 -0.191482 -0.164638
v -0.004402 0.773753 0.824794
vt 0.544629 0.316489
vn -0.967589 -0.191482 -0.164638
v -0.011199 0.796457 0.838330
vt 0.546070 0.320783
vn -0.967589 -0.191482 -0.164638
v -0.009041 0.797177 0.825171
vt 0.545613 0.320919
vn -0.967589 -0.191482 -0.164638
v -0.012607 0.797438 0.838147
vt 0.546369 0.320968
vn 0.149685 -0.988425 -0.024717
v -0.010456 0.798142 0.825086
vt 0.545913 0.321101
vn 0.149685 -0.988425 -0.024717
v -0.027844 0.795249 0.835437
vt 0.549600 0.320554
vn 0.149685 -0.988425 -0.024717
v -0.029969 0.795155 0.824207
vt 0.550050 0.320536
vn 0.149685 -0.988425 -0.024717
v -0.023333 0.771352 0.835435
vt 0.548643 0.316035
vn -0.115011 0.988195 -0.101209
v -0.024911 0.769975 0.824179
vt 0.548978 0.315774
vn -0.115011 0.988195 -0.101209
v -0.007714 0.773361 0.837702
vt 0.545331 0.316415
vn -0.115011 0.988195 -0.101209
v -0.005364 0.772339 0.824661
vt 0.544833 0.316221
vn -0.115011 0.988195 -0.101209
v -0.027844 0.795249 0.835437
vt 0.549600 0.320554
vn 0.144061 -0.989553 -0.005510
v -0.029969 0.795155 0.824207
vt 0.550050 0.320536
vn 0.144061 -0.989553 -0.005510
v -0.039466 0.793533 0.867551
vt 0.552064 0.320230
vn 0.144061 -0.989553 -0.005510
v -0.044303 0.792689 0.865260
vt 0.553090 0.320070
vn 0.144061 -0.989553 -0.005510
v -0.039772 0.792177 0.868639
vt 0.552129 0.319973
vn 0.426910 0.048720 -0.902981
v -0.044593 0.791375 0.866317
vt 0.553151 0.319821
vn 0.426910 0.048720 -0.902981
v -0.035842 0.771579 0.869387
vt 0.551295 0.316078
vn 0.426910 0.048720 -0.902981
v -0.040677 0.770697 0.867052
vt 0.552321 0.315911
vn 0.426910 0.048720 -0.902981
v -0.035103 0.770354 0.868308
vt 0.551139 0.315846
vn -0.212818 0.975398 -0.057501
v -0.039983 0.769523 0.866017
vt 0.552174 0.315689
vn -0.212818 0.975398 -0.057501
v -0.023333 0.771352 0.835435
vt 0.548643 0.316035
vn -0.212818 0.975398 -0.057501
v -0.024911 0.769975 0.824179
vt 0.548978 0.315774
vn -0.212818 0.975398 -0.057501
v -0.040686 0.769053 0.865687
vt 0.552323 0.315600
vn -0.557751 0.806988 -0.194123
v -0.025159 0.769498 0.823302
vt 0.549030 0.315684
vn -0.557751 0.806988 -0.194123
v -0.039983 0.769523 0.866017
vt 0.552174 0.315689
vn -0.557751 0.806988 -0.194123
v -0.024911 0.769975 0.824179
vt 0.548978 0.315774
vn -0.557751 0.806988 -0.194123
v -0.005210 0.771999 0.823810
vt 0.544800 0.316157
vn -0.006517 0.283282 -0.959015
v -0.025159 0.769498 0.823302
vt 0.549030 0.315684
vn -0.006517 0.283282 -0.959015
v -0.002525 0.771795 0.823827
vt 0.544231 0.316119
vn -0.006517 0.283282 -0.959015
v -0.025120 0.768562 0.822930
vt 0.549022 0.315507
vn -0.006517 0.283282 -0.959015
v -0.010443 0.798514 0.824242
vt 0.545910 0.321171
vn 0.155781 -0.901923 -0.402823
v -0.030364 0.795504 0.823289
vt 0.550134 0.320602
vn 0.155781 -0.901923 -0.402823
v -0.010456 0.798142 0.825086
vt 0.545913 0.321101
vn 0.155781 -0.901923 -0.402823
v -0.029969 0.795155 0.824207
vt 0.550050 0.320536
vn 0.155781 -0.901923 -0.402823
v -0.008573 0.797283 0.824355
vt 0.545514 0.320939
vn -0.205865 -0.028569 -0.978163
v -0.003920 0.773862 0.823988
vt 0.544527 0.316509
vn -0.205865 -0.028569 -0.978163
v -0.008167 0.799762 0.824125
vt 0.545427 0.321408
vn -0.205865 -0.028569 -0.978163
v -0.002525 0.771795 0.823827
vt 0.544231 0.316119
vn -0.205865 -0.028569 -0.978163
v -0.008167 0.799762 0.824125
vt 0.545427 0.321408
vn 0.092159 -0.293824 -0.951407
v -0.030674 0.796424 0.822927
vt 0.550200 0.320776
vn 0.092159 -0.293824 -0.951407
v -0.010443 0.798514 0.824242
vt 0.545910 0.321171
vn 0.092159 -0.293824 -0.951407
v -0.030364 0.795504 0.823289
vt 0.550134 0.320602
vn 0.092159 -0.293824 -0.951407
v -0.045090 0.792910 0.864937
vt 0.553257 0.320112
vn -0.762402 -0.568398 -0.309300
v -0.030364 0.795504 0.823289
vt 0.550134 0.320602
vn -0.762402 -0.568398 -0.309300
v -0.046510 0.793415 0.866945
vt 0.553558 0.320207
vn -0.762402 -0.568398 -0.309300
v -0.030674 0.796424 0.822927
vt 0.550200 0.320776
vn -0.762402 -0.568398 -0.309300
v -0.041570 0.770553 0.867010
vt 0.552510 0.315884
vn -0.665450 -0.145769 -0.732071
v -0.045469 0.791234 0.866293
vt 0.553337 0.319795
vn -0.665450 -0.145769 -0.732071
v -0.041877 0.768242 0.867608
vt 0.552575 0.315446
vn -0.665450 -0.145769 -0.732071
v -0.046510 0.793415 0.866945
vt 0.553558 0.320207
vn -0.665450 -0.145769 -0.732071
v -0.041877 0.768242 0.867608
vt 0.552575 0.315446
vn -0.895760 0.298385 -0.329516
v -0.025120 0.768562 0.822930
vt 0.549022 0.315507
vn -0.895760 0.298385 -0.329516
v -0.040686 0.769053 0.865687
vt 0.552323 0.315600
vn -0.895760 0.298385 -0.329516
v -0.025159 0.769498 0.823302
vt 0.549030 0.315684
vn -0.895760 0.298385 -0.329516
v -0.038192 0.792529 0.868076
vt 0.551794 0.320040
vn -0.825294 -0.468987 -0.314549
v -0.027162 0.794026 0.836727
vt 0.549455 0.320323
vn -0.825294 -0.468987 -0.314549
v -0.038646 0.793317 0.867920
vt 0.551890 0.320189
vn -0.825294 -0.468987 -0.314549
v -0.027462 0.794916 0.836361
vt 0.549519 0.320491
vn -0.825294 -0.468987 -0.314549
v -0.038646 0.793317 0.867920
vt 0.551890 0.320189
vn -0.275106 -0.949943 -0.148071
v -0.027462 0.794916 0.836361
vt 0.549519 0.320491
vn -0.275106 -0.949943 -0.148071
v -0.039466 0.793533 0.867551
vt 0.552064 0.320230
vn -0.275106 -0.949943 -0.148071
v -0.027844 0.795249 0.835437
vt 0.549600 0.320554
vn -0.275106 -0.949943 -0.148071
v -0.035103 0.770354 0.868308
vt 0.551139 0.315846
vn -0.525550 0.835192 -0.162024
v -0.023333 0.771352 0.835435
vt 0.548643 0.316035
vn -0.525550 0.835192 -0.162024
v -0.034399 0.770834 0.868669
vt 0.550989 0.315937
vn -0.525550 0.835192 -0.162024
v -0.022922 0.771833 0.836409
vt 0.548556 0.316125
vn -0.525550 0.835192 -0.162024
v -0.034399 0.770834 0.868669
vt 0.550989 0.315937
vn -0.923330 0.210286 -0.321312
v -0.022922 0.771833 0.836409
vt 0.548556 0.316125
vn -0.923330 0.210286 -0.321312
v -0.034225 0.771735 0.868822
vt 0.550953 0.316107
vn -0.923330 0.210286 -0.321312
v -0.022885 0.772718 0.836821
vt 0.548548 0.316293
vn -0.923330 0.210286 -0.321312
v -0.004171 0.772670 0.823926
vt 0.544579 0.316284
vn -0.854066 0.201395 -0.479595
v -0.003920 0.773862 0.823988
vt 0.544527 0.316509
vn -0.854066 0.201395 -0.479595
v -0.004587 0.772843 0.824748
vt 0.544668 0.316316
vn -0.854066 0.201395 -0.479595
v -0.004402 0.773753 0.824794
vt 0.544629 0.316489
vn -0.854066 0.201395 -0.479595
v -0.004171 0.772670 0.823926
vt 0.544579 0.316284
vn -0.465737 0.789060 -0.400592
v -0.004587 0.772843 0.824748
vt 0.544668 0.316316
vn -0.465737 0.789060 -0.400592
v -0.005210 0.771999 0.823810
vt 0.544800 0.316157
vn -0.465737 0.789060 -0.400592
v -0.005364 0.772339 0.824661
vt 0.544833 0.316221
vn -0.465737 0.789060 -0.400592
v -0.004171 0.772670 0.823926
vt 0.544579 0.316284
vn 0.017328 0.145127 -0.989261
v -0.005210 0.771999 0.823810
vt 0.544800 0.316157
vn 0.017328 0.145127 -0.989261
v -0.002525 0.771795 0.823827
vt 0.544231 0.316119
vn 0.017328 0.145127 -0.989261
v -0.004171 0.772670 0.823926
vt 0.544579 0.316284
vn -0.029602 0.057482 -0.997908
v -0.002525 0.771795 0.823827
vt 0.544231 0.316119
vn -0.029602 0.057482 -0.997908
v -0.003920 0.773862 0.823988
vt 0.544527 0.316509
vn -0.029602 0.057482 -0.997908
v -0.009246 0.798269 0.824333
vt 0.545656 0.321125
vn -0.156877 -0.900917 -0.404645
v -0.010443 0.798514 0.824242
vt 0.545910 0.321171
vn -0.156877 -0.900917 -0.404645
v -0.009551 0.797948 0.825155
vt 0.545721 0.321065
vn -0.156877 -0.900917 -0.404645
v -0.010456 0.798142 0.825086
vt 0.545913 0.321101
vn -0.156877 -0.900917 -0.404645
v -0.009246 0.798269 0.824333
vt 0.545656 0.321125
vn -0.725944 -0.498734 -0.473571
v -0.009551 0.797948 0.825155
vt 0.545721 0.321065
vn -0.725944 -0.498734 -0.473571
v -0.008573 0.797283 0.824355
vt 0.545514 0.320939
vn -0.725944 -0.498734 -0.473571
v -0.009041 0.797177 0.825171
vt 0.545613 0.320919
vn -0.725944 -0.498734 -0.473571
v -0.009246 0.798269 0.824333
vt 0.545656 0.321125
vn -0.082573 -0.078767 -0.993467
v -0.008573 0.797283 0.824355
vt 0.545514 0.320939
vn -0.082573 -0.078767 -0.993467
v -0.008167 0.799762 0.824125
vt 0.545427 0.321408
vn -0.082573 -0.078767 -0.993467
v -0.009246 0.798269 0.824333
vt 0.545656 0.321125
vn 0.040768 -0.166821 -0.985144
v -0.008167 0.799762 0.824125
vt 0.545427 0.321408
vn 0.040768 -0.166821 -0.985144
v -0.010443 0.798514 0.824242
vt 0.545910 0.321171
vn 0.040768 -0.166821 -0.985144
v -0.045460 0.792342 0.865903
vt 0.553335 0.320004
vn 0.080369 -0.330423 -0.940405
v -0.045469 0.791234 0.866293
vt 0.553337 0.319795
vn 0.080369 -0.330423 -0.940405
v -0.044589 0.792244 0.866013
vt 0.553150 0.319986
vn 0.080369 -0.330423 -0.940405
v -0.044593 0.791375 0.866317
vt 0.553151 0.319821
vn 0.080369 -0.330423 -0.940405
v -0.045460 0.792342 0.865903
vt 0.553335 0.320004
vn -0.030470 -0.856378 -0.515449
v -0.044589 0.792244 0.866013
vt 0.553150 0.319986
vn -0.030470 -0.856378 -0.515449
v -0.045090 0.792910 0.864937
vt 0.553257 0.320112
vn -0.030470 -0.856378 -0.515449
v -0.044303 0.792689 0.865260
vt 0.553090 0.320070
vn -0.030470 -0.856378 -0.515449
v -0.045460 0.792342 0.865903
vt 0.553335 0.320004
vn -0.810758 -0.313259 -0.494511
v -0.045090 0.792910 0.864937
vt 0.553257 0.320112
vn -0.810758 -0.313259 -0.494511
v -0.046510 0.793415 0.866945
vt 0.553558 0.320207
vn -0.810758 -0.313259 -0.494511
v -0.045460 0.792342 0.865903
vt 0.553335 0.320004
vn -0.785288 -0.199270 -0.586186
v -0.046510 0.793415 0.866945
vt 0.553558 0.320207
vn -0.785288 -0.199270 -0.586186
v -0.045469 0.791234 0.866293
vt 0.553337 0.319795
vn -0.785288 -0.199270 -0.586186
v -0.041215 0.769504 0.866627
vt 0.552435 0.315685
vn -0.278919 0.795274 -0.538278
v -0.040686 0.769053 0.865687
vt 0.552323 0.315600
vn -0.278919 0.795274 -0.538278
v -0.040397 0.769877 0.866754
vt 0.552262 0.315756
vn -0.278919 0.795274 -0.538278
v -0.039983 0.769523 0.866017
vt 0.552174 0.315689
vn -0.278919 0.795274 -0.538278
v -0.041215 0.769504 0.866627
vt 0.552435 0.315685
vn -0.009205 0.338998 -0.940742
v -0.040397 0.769877 0.866754
vt 0.552262 0.315756
vn -0.009205 0.338998 -0.940742
v -0.041570 0.770553 0.867010
vt 0.552510 0.315884
vn -0.009205 0.338998 -0.940742
v -0.040677 0.770697 0.867052
vt 0.552321 0.315911
vn -0.009205 0.338998 -0.940742
v -0.041215 0.769504 0.866627
vt 0.552435 0.315685
vn -0.796783 -0.049968 -0.602197
v -0.041570 0.770553 0.867010
vt 0.552510 0.315884
vn -0.796783 -0.049968 -0.602197
v -0.041877 0.768242 0.867608
vt 0.552575 0.315446
vn -0.796783 -0.049968 -0.602197
v -0.041215 0.769504 0.866627
vt 0.552435 0.315685
vn -0.858753 0.054356 -0.509499
v -0.041877 0.768242 0.867608
vt 0.552575 0.315446
vn -0.858753 0.054356 -0.509499
v -0.040686 0.769053 0.865687
vt 0.552323 0.315600
vn -0.858753 0.054356 -0.509499
v -0.007248 0.773928 0.838513
vt 0.545232 0.316522
vn -0.227002 0.302684 -0.925663
v -0.007254 0.774633 0.838704
vt 0.545233 0.316655
vn -0.227002 0.302684 -0.925663
v -0.007923 0.773666 0.838552
vt 0.545376 0.316472
vn -0.227002 0.302684 -0.925663
v -0.008149 0.774488 0.838916
vt 0.545423 0.316628
vn -0.227002 0.302684 -0.925663
v -0.007248 0.773928 0.838513
vt 0.545232 0.316522
vn -0.406599 0.841633 -0.355432
v -0.007923 0.773666 0.838552
vt 0.545376 0.316472
vn -0.406599 0.841633 -0.355432
v -0.006950 0.773834 0.837837
vt 0.545169 0.316504
vn -0.406599 0.841633 -0.355432
v -0.007714 0.773361 0.837702
vt 0.545331 0.316415
vn -0.406599 0.841633 -0.355432
v -0.007248 0.773928 0.838513
vt 0.545232 0.316522
vn -0.871809 0.167552 -0.460298
v -0.006950 0.773834 0.837837
vt 0.545169 0.316504
vn -0.871809 0.167552 -0.460298
v -0.007254 0.774633 0.838704
vt 0.545233 0.316655
vn -0.871809 0.167552 -0.460298
v -0.006766 0.774741 0.837895
vt 0.545130 0.316675
vn -0.871809 0.167552 -0.460298
v -0.011944 0.797020 0.838944
vt 0.546228 0.320889
vn -0.102066 -0.913516 -0.393790
v -0.011708 0.797238 0.838286
vt 0.546178 0.320930
vn -0.102066 -0.913516 -0.393790
v -0.012677 0.797045 0.838983
vt 0.546383 0.320894
vn -0.102066 -0.913516 -0.393790
v -0.012607 0.797438 0.838147
vt 0.546369 0.320968
vn -0.102066 -0.913516 -0.393790
v -0.011944 0.797020 0.838944
vt 0.546228 0.320889
vn -0.111386 -0.335803 -0.935323
v -0.012677 0.797045 0.838983
vt 0.546383 0.320894
vn -0.111386 -0.335803 -0.935323
v -0.011682 0.796353 0.839113
vt 0.546172 0.320763
vn -0.111386 -0.335803 -0.935323
v -0.012568 0.796189 0.839317
vt 0.546360 0.320732
vn -0.111386 -0.335803 -0.935323
v -0.011944 0.797020 0.838944
vt 0.546228 0.320889
vn -0.745734 -0.466902 -0.475272
v -0.011682 0.796353 0.839113
vt 0.546172 0.320763
vn -0.745734 -0.466902 -0.475272
v -0.011708 0.797238 0.838286
vt 0.546178 0.320930
vn -0.745734 -0.466902 -0.475272
v -0.011199 0.796457 0.838330
vt 0.546070 0.320783
vn -0.745734 -0.466902 -0.475272
v -0.039056 0.793042 0.868482
vt 0.551977 0.320137
vn 0.148576 -0.293809 -0.944247
v -0.039770 0.793070 0.868324
vt 0.552128 0.320142
vn 0.148576 -0.293809 -0.944247
v -0.038865 0.792355 0.868689
vt 0.551937 0.320007
vn 0.148576 -0.293809 -0.944247
v -0.039772 0.792177 0.868639
vt 0.552129 0.319973
vn 0.148576 -0.293809 -0.944247
v -0.039056 0.793042 0.868482
vt 0.551977 0.320137
vn -0.579443 -0.424454 -0.695762
v -0.038865 0.792355 0.868689
vt 0.551937 0.320007
vn -0.579443 -0.424454 -0.695762
v -0.038646 0.793317 0.867920
vt 0.551890 0.320189
vn -0.579443 -0.424454 -0.695762
v -0.038192 0.792529 0.868076
vt 0.551794 0.320040
vn -0.579443 -0.424454 -0.695762
v -0.039056 0.793042 0.868482
vt 0.551977 0.320137
vn 0.022775 -0.880335 -0.473805
v -0.038646 0.793317 0.867920
vt 0.551890 0.320189
vn 0.022775 -0.880335 -0.473805
v -0.039770 0.793070 0.868324
vt 0.552128 0.320142
vn 0.022775 -0.880335 -0.473805
v -0.039466 0.793533 0.867551
vt 0.552064 0.320230
vn 0.022775 -0.880335 -0.473805
v -0.034882 0.770983 0.869231
vt 0.551092 0.315965
vn -0.257730 0.825963 -0.501358
v -0.035547 0.770723 0.869075
vt 0.551233 0.315916
vn -0.257730 0.825963 -0.501358
v -0.034399 0.770834 0.868669
vt 0.550989 0.315937
vn -0.257730 0.825963 -0.501358
v -0.035103 0.770354 0.868308
vt 0.551139 0.315846
vn -0.257730 0.825963 -0.501358
v -0.034882 0.770983 0.869231
vt 0.551092 0.315965
vn -0.677903 0.209561 -0.704650
v -0.034399 0.770834 0.868669
vt 0.550989 0.315937
vn -0.677903 0.209561 -0.704650
v -0.034926 0.771706 0.869436
vt 0.551101 0.316102
vn -0.677903 0.209561 -0.704650
v -0.034225 0.771735 0.868822
vt 0.550953 0.316107
vn -0.677903 0.209561 -0.704650
v -0.034882 0.770983 0.869231
vt 0.551092 0.315965
vn 0.044220 0.319257 -0.946636
v -0.034926 0.771706 0.869436
vt 0.551101 0.316102
vn 0.044220 0.319257 -0.946636
v -0.035547 0.770723 0.869075
vt 0.551233 0.315916
vn 0.044220 0.319257 -0.946636
v -0.035842 0.771579 0.869387
vt 0.551295 0.316078
vn 0.044220 0.319257 -0.946636
v 1.093167 0.575836 0.954553
vt 0.311892 0.279058
vn 0.181809 -0.000925 -0.983333
v 1.091576 0.499367 0.953306
vt 0.312230 0.264596
vn 0.180800 0.032830 -0.982972
v 1.039961 0.908225 0.907600
vt 0.456422 0.880519
vn -0.119527 0.000000 -0.992831
v 1.058750 0.908225 0.905340
vt 0.457184 0.884728
vn -0.119527 0.000000 -0.992831
v 1.039961 0.914229 0.907600
vt 0.455424 0.880027
vn -0.119527 0.000000 -0.992831
v 1.058750 0.914229 0.905340
vt 0.456359 0.884138
vn -0.119527 0.000000 -0.992831
v 1.061844 0.908225 0.907315
vt 0.456857 0.885540
vn 0.965211 0.000000 -0.261471
v 1.063090 0.908225 0.911916
vt 0.454554 0.885449
vn 0.965211 0.000000 -0.261471
v 1.061844 0.914229 0.907315
vt 0.455627 0.884575
vn 0.965211 0.000000 -0.261471
v 1.063090 0.914229 0.911916
vt 0.454240 0.884703
vn 0.965211 0.000000 -0.261471
v 1.060491 0.908225 0.914969
vt 0.452958 0.884604
vn 0.200492 -0.000018 0.979695
v 1.027005 0.908225 0.921823
vt 0.451144 0.877102
vn 0.200492 -0.000018 0.979695
v 1.060491 0.914229 0.914969
vt 0.454641 0.884138
vn 0.200492 -0.000018 0.979695
v 1.027005 0.914229 0.921823
vt 0.451758 0.877099
vn 0.200492 -0.000018 0.979695
v 1.016623 0.908225 0.881419
vt 0.469070 0.873594
vn 0.746499 0.000000 -0.665386
v 1.039961 0.908225 0.907600
vt 0.456422 0.880519
vn 0.746499 0.000000 -0.665386
v 1.016623 0.915044 0.881419
vt 0.465125 0.874512
vn 0.746499 0.000000 -0.665386
v 1.039961 0.914229 0.907600
vt 0.455424 0.880027
vn 0.746499 0.000000 -0.665386
v 1.021090 0.908225 0.919871
vt 0.452635 0.875222
vn -0.876419 -0.000021 0.481549
v 1.014971 0.908225 0.908735
vt 0.456302 0.872143
vn -0.876419 -0.000021 0.481549
v 1.021090 0.914229 0.919871
vt 0.451614 0.875860
vn -0.876419 -0.000021 0.481549
v 1.014971 0.915044 0.908735
vt 0.450669 0.874615
vn -0.876419 -0.000021 0.481549
v 1.007508 0.908225 0.880841
vt 0.483882 0.925792
vn 0.026118 0.023302 -0.999387
v 1.016623 0.908225 0.881419
vt 0.482370 0.926899
vn 0.026118 0.023302 -0.999387
v 1.001755 0.912072 0.881255
vt 0.485088 0.925678
vn 0.026118 0.023302 -0.999387
v 1.006921 0.915044 0.881094
vt 0.486028 0.926932
vn 0.026118 0.023302 -0.999387
v 1.016623 0.915044 0.881419
vt 0.487629 0.928736
vn 0.026118 0.023302 -0.999387
v 1.012760 0.915044 0.907415
vt 0.487294 0.932900
vn -0.028409 -0.022320 0.999347
v 1.009911 0.908225 0.907158
vt 0.483882 0.934601
vn -0.028409 -0.022320 0.999347
v 1.010046 0.915044 0.907313
vt 0.486741 0.932939
vn -0.028409 -0.022320 0.999347
v 1.004928 0.912058 0.907126
vt 0.485271 0.932483
vn -0.028409 -0.022320 0.999347
v 1.009911 0.908225 0.907158
vt 0.483882 0.934601
vn -0.579293 -0.812785 0.061645
v 1.007508 0.908225 0.880841
vt 0.483882 0.925792
vn -0.579293 -0.812785 0.061645
v 1.004928 0.912058 0.907126
vt 0.485271 0.932483
vn -0.579293 -0.812785 0.061645
v 1.001755 0.912072 0.881255
vt 0.485088 0.925678
vn -0.579293 -0.812785 0.061645
v 1.060491 0.914229 0.914969
vt 0.454641 0.884138
vn 0.000000 1.000000 -0.000015
v 1.027005 0.914229 0.921823
vt 0.451758 0.877099
vn 0.000000 1.000000 -0.000015
v 1.058750 0.914229 0.905340
vt 0.456359 0.884138
vn 0.000000 1.000000 -0.000015
v 1.039961 0.914229 0.907600
vt 0.455424 0.880027
vn 0.000000 1.000000 -0.000015
v 1.016623 0.915044 0.881419
vt 0.465125 0.874512
vn 0.033374 0.999292 0.017352
v 1.039961 0.914229 0.907600
vt 0.455424 0.880027
vn 0.033374 0.999292 0.017352
v 1.014971 0.915044 0.908735
vt 0.450669 0.874615
vn 0.033374 0.999292 0.017352
v 1.021090 0.914229 0.919871
vt 0.451614 0.875860
vn 0.033374 0.999292 0.017352
v 1.006921 0.915044 0.881094
vt 0.486028 0.926932
vn 0.000000 1.000000 -0.000015
v 1.016623 0.915044 0.881419
vt 0.487629 0.928736
vn 0.000000 1.000000 -0.000015
v 1.010046 0.915044 0.907313
vt 0.486741 0.932939
vn 0.000000 1.000000 -0.000015
v 1.012760 0.915044 0.907415
vt 0.487294 0.932900
vn 0.000000 1.000000 -0.000015
v 1.061844 0.908225 0.907315
vt 0.456857 0.885540
vn 0.538253 0.000000 -0.842783
v 1.061844 0.914229 0.907315
vt 0.455627 0.884575
vn 0.538253 0.000000 -0.842783
v 1.058750 0.908225 0.905340
vt 0.457184 0.884728
vn 0.538253 0.000000 -0.842783
v 1.058750 0.914229 0.905340
vt 0.456359 0.884138
vn 0.538253 0.000000 -0.842783
v 1.060491 0.908225 0.914969
vt 0.452958 0.884604
vn 0.761374 -0.000022 0.648313
v 1.060491 0.914229 0.914969
vt 0.454641 0.884138
vn 0.761374 -0.000022 0.648313
v 1.063090 0.908225 0.911916
vt 0.454554 0.885449
vn 0.761374 -0.000022 0.648313
v 1.063090 0.914229 0.911916
vt 0.454240 0.884703
vn 0.761374 -0.000022 0.648313
v 1.021090 0.908225 0.919871
vt 0.452635 0.875222
vn -0.313440 -0.000019 0.949608
v 1.021090 0.914229 0.919871
vt 0.451614 0.875860
vn -0.313440 -0.000019 0.949608
v 1.027005 0.908225 0.921823
vt 0.451144 0.877102
vn -0.313440 -0.000019 0.949608
v 1.027005 0.914229 0.921823
vt 0.451758 0.877099
vn -0.313440 -0.000019 0.949608
v 1.009911 0.908225 0.907158
vt 0.483882 0.934601
vn -0.369540 0.059675 0.927297
v 1.012760 0.915044 0.907415
vt 0.487294 0.932900
vn -0.369540 0.059675 0.927297
v 1.014971 0.908225 0.908735
vt 0.482742 0.935404
vn -0.369540 0.059675 0.927297
v 1.014971 0.915044 0.908735
vt 0.487896 0.934024
vn -0.369540 0.059675 0.927297
v 1.021090 0.914229 0.919871
vt 0.451614 0.875860
vn 0.000000 1.000000 -0.000015
v 1.003050 0.947078 0.901714
vt 0.459913 0.975245
vn 0.000000 1.000000 -0.000015
v 1.000960 0.947078 0.886502
vt 0.459857 0.978603
vn 0.000000 1.000000 -0.000015
v 1.007898 0.947078 0.900800
vt 0.458829 0.975257
vn 0.000000 1.000000 -0.000015
v 1.005885 0.947078 0.886239
vt 0.458853 0.978433
vn 0.000000 1.000000 -0.000015
v 1.008802 0.942148 0.905950
vt 0.457734 0.973927
vn 0.053392 0.032194 0.998055
v 1.010046 0.915044 0.907313
vt 0.451374 0.973475
vn 0.053392 0.032194 0.998055
v 1.004073 0.942068 0.906762
vt 0.458125 0.972796
vn 0.053392 0.032194 0.998055
v 1.004928 0.912058 0.907126
vt 0.450868 0.971916
vn 0.053392 0.032194 0.998055
v 1.008802 0.942148 0.905950
vt 0.457734 0.973927
vn 0.116989 0.722197 0.681722
v 1.004073 0.942068 0.906762
vt 0.458125 0.972796
vn 0.116989 0.722197 0.681722
v 1.007898 0.947078 0.900800
vt 0.458829 0.975257
vn 0.116989 0.722197 0.681722
v 1.003050 0.947078 0.901714
vt 0.459913 0.975245
vn 0.116989 0.722197 0.681722
v 1.005885 0.947078 0.886239
vt 0.458853 0.978433
vn -0.036728 0.707525 -0.705733
v 1.000960 0.947078 0.886502
vt 0.459857 0.978603
vn -0.036728 0.707525 -0.705733
v 1.005461 0.941997 0.881174
vt 0.457734 0.979635
vn -0.036728 0.707525 -0.705733
v 1.000660 0.942004 0.881424
vt 0.458068 0.980809
vn -0.036728 0.707525 -0.705733
v 1.005461 0.941997 0.881174
vt 0.457734 0.979635
vn 0.989949 0.046416 -0.133589
v 1.008802 0.942148 0.905950
vt 0.457734 0.973927
vn 0.989955 0.046415 -0.133549
v 1.005885 0.947078 0.886239
vt 0.458853 0.978433
vn 0.989777 0.046424 -0.134859
v 1.007898 0.947078 0.900800
vt 0.458829 0.975257
vn 0.989777 0.046424 -0.134859
v 1.014971 0.915044 0.908735
vt 0.487896 0.934024
vn 0.000000 1.000000 -0.000015
v 1.010046 0.915044 0.907313
vt 0.451374 0.973475
vn 0.990964 0.046616 -0.125770
v 1.006921 0.915044 0.881094
vt 0.451260 0.979557
vn 0.990964 0.046616 -0.125770
v 1.063090 0.914229 0.911916
vt 0.454240 0.884703
vn 0.000000 1.000000 -0.000015
v 1.061844 0.914229 0.907315
vt 0.455627 0.884575
vn 0.000000 1.000000 -0.000015
v 1.000660 0.942004 0.881424
vt 0.458068 0.980809
vn -0.041909 0.002484 -0.999118
v 1.001755 0.912072 0.881255
vt 0.450669 0.981261
vn -0.041909 0.002484 -0.999118
v 1.005461 0.941997 0.881174
vt 0.457734 0.979635
vn -0.041909 0.002484 -0.999118
v 1.006921 0.915044 0.881094
vt 0.451260 0.979557
vn -0.041909 0.002484 -0.999118
v 1.014971 0.908225 0.908735
vt 0.482742 0.935404
vn 0.000000 -1.000000 -0.000015
v 1.016623 0.908225 0.881419
vt 0.482370 0.926899
vn 0.000000 -1.000000 -0.000015
v 1.009911 0.908225 0.907158
vt 0.483882 0.934601
vn 0.000000 -1.000000 -0.000015
v 1.007508 0.908225 0.880841
vt 0.483882 0.925792
vn 0.000000 -1.000000 -0.000015
v 1.058750 0.833862 0.905340
vt 0.577474 0.848345
vn -0.119527 0.000000 -0.992831
v 1.058750 0.839866 0.905340
vt 0.578552 0.848160
vn -0.119527 0.000000 -0.992831
v 1.039961 0.833862 0.907600
vt 0.579557 0.852110
vn -0.119527 0.000000 -0.992831
v 1.039961 0.839866 0.907600
vt 0.580834 0.851901
vn -0.119527 0.000000 -0.992831
v 1.063090 0.833862 0.911916
vt 0.578956 0.844104
vn 0.965211 0.000000 -0.261471
v 1.063090 0.839866 0.911916
vt 0.579163 0.845582
vn 0.965211 0.000000 -0.261471
v 1.061844 0.833862 0.907315
vt 0.577805 0.847046
vn 0.965211 0.000000 -0.261471
v 1.061844 0.839866 0.907315
vt 0.578511 0.846513
vn 0.965211 0.000000 -0.261471
v 1.027005 0.833861 0.921823
vt 0.585924 0.851926
vn 0.200492 -0.000018 0.979695
v 1.027005 0.839866 0.921823
vt 0.584943 0.852520
vn 0.200492 -0.000018 0.979695
v 1.060491 0.833861 0.914969
vt 0.580325 0.844634
vn 0.200492 -0.000018 0.979695
v 1.060491 0.839866 0.914969
vt 0.579819 0.846152
vn 0.200492 -0.000018 0.979695
v 1.039961 0.833862 0.907600
vt 0.579557 0.852110
vn 0.746499 0.000000 -0.665386
v 1.039961 0.839866 0.907600
vt 0.580834 0.851901
vn 0.746499 0.000000 -0.665386
v 1.016623 0.833047 0.881419
vt 0.579632 0.861332
vn 0.746499 0.000000 -0.665386
v 1.016623 0.839866 0.881419
vt 0.580834 0.859015
vn 0.746499 0.000000 -0.665386
v 1.013448 0.833047 0.908735
vt 0.586588 0.860954
vn -0.848008 0.100669 0.520335
v 1.014971 0.839866 0.908735
vt 0.584945 0.855943
vn -0.848008 0.100669 0.520335
v 1.021090 0.833861 0.919871
vt 0.586655 0.854346
vn -0.848008 0.100669 0.520335
v 1.021090 0.839866 0.919871
vt 0.585498 0.853976
vn -0.848008 0.100669 0.520335
v 1.016623 0.833047 0.881419
vt 0.579632 0.861332
vn 0.023091 -0.022517 -0.999480
v 1.016623 0.839866 0.881419
vt 0.580834 0.859015
vn 0.023091 -0.022517 -0.999480
v 1.005398 0.833047 0.881094
vt 0.583073 0.870538
vn 0.023091 -0.022517 -0.999480
v 1.000688 0.836301 0.881255
vt 0.582856 0.859371
vn 0.023091 -0.022517 -0.999480
v 1.005985 0.839866 0.880841
vt 0.582086 0.863150
vn 0.023091 -0.022517 -0.999480
v 1.003861 0.836315 0.907126
vt 0.585583 0.856311
vn -0.029330 0.022274 0.999322
v 1.008388 0.839866 0.907158
vt 0.585311 0.855957
vn -0.029330 0.022274 0.999322
v 1.008524 0.833047 0.907313
vt 0.587109 0.868411
vn -0.029330 0.022274 0.999322
v 1.011237 0.833047 0.907415
vt 0.586875 0.864524
vn -0.029330 0.022274 0.999322
v 1.000688 0.836301 0.881255
vt 0.582856 0.859371
vn -0.583884 0.809450 0.062211
v 1.005985 0.839866 0.880841
vt 0.582086 0.863150
vn -0.583884 0.809450 0.062211
v 1.003861 0.836315 0.907126
vt 0.585583 0.856311
vn -0.583884 0.809450 0.062211
v 1.008388 0.839866 0.907158
vt 0.585311 0.855957
vn -0.583884 0.809450 0.062211
v 1.058750 0.833862 0.905340
vt 0.577474 0.848345
vn 0.538253 0.000000 -0.842783
v 1.061844 0.833862 0.907315
vt 0.577805 0.847046
vn 0.538253 0.000000 -0.842783
v 1.058750 0.839866 0.905340
vt 0.578552 0.848160
vn 0.538253 0.000000 -0.842783
v 1.061844 0.839866 0.907315
vt 0.578511 0.846513
vn 0.538253 0.000000 -0.842783
v 1.063090 0.833862 0.911916
vt 0.578956 0.844104
vn 0.761374 -0.000022 0.648313
v 1.060491 0.833861 0.914969
vt 0.580325 0.844634
vn 0.761374 -0.000022 0.648313
v 1.063090 0.839866 0.911916
vt 0.579163 0.845582
vn 0.761374 -0.000022 0.648313
v 1.060491 0.839866 0.914969
vt 0.579819 0.846152
vn 0.761374 -0.000022 0.648313
v 1.027005 0.833861 0.921823
vt 0.585924 0.851926
vn -0.313440 -0.000019 0.949608
v 1.021090 0.833861 0.919871
vt 0.586655 0.854346
vn -0.313440 -0.000019 0.949608
v 1.027005 0.839866 0.921823
vt 0.584943 0.852520
vn -0.313440 -0.000019 0.949608
v 1.021090 0.839866 0.919871
vt 0.585498 0.853976
vn -0.313440 -0.000019 0.949608
v 1.013448 0.833047 0.908735
vt 0.586588 0.860954
vn -0.312932 -0.012511 0.949693
v 1.011237 0.833047 0.907415
vt 0.586875 0.864524
vn -0.312932 -0.012511 0.949693
v 1.014971 0.839866 0.908735
vt 0.584945 0.855943
vn -0.312932 -0.012511 0.949693
v 1.008388 0.839866 0.907158
vt 0.585311 0.855957
vn -0.312932 -0.012511 0.949693
v 1.005885 0.801013 0.886239
vt 0.513416 0.909771
vn 0.000000 -1.000000 -0.000015
v 1.000960 0.801013 0.886502
vt 0.513841 0.911196
vn 0.000000 -1.000000 -0.000015
v 1.007898 0.801013 0.900800
vt 0.510098 0.909799
vn 0.000000 -1.000000 -0.000015
v 1.003050 0.801013 0.901714
vt 0.509739 0.910493
vn 0.000000 -1.000000 -0.000015
v 1.003861 0.836315 0.907126
vt 0.506761 0.901558
vn 0.055969 -0.029613 0.997993
v 1.008524 0.833047 0.907313
vt 0.508021 0.902036
vn 0.055969 -0.029613 0.997993
v 1.004073 0.806023 0.906762
vt 0.507924 0.909280
vn 0.055969 -0.029613 0.997993
v 1.008802 0.805943 0.905949
vt 0.508928 0.908586
vn 0.055969 -0.029613 0.997993
v 1.008802 0.805943 0.905949
vt 0.508928 0.908586
vn 0.116989 -0.722242 0.681675
v 1.007898 0.801013 0.900800
vt 0.510098 0.909799
vn 0.116989 -0.722242 0.681675
v 1.004073 0.806023 0.906762
vt 0.507924 0.909280
vn 0.116989 -0.722242 0.681675
v 1.003050 0.801013 0.901714
vt 0.509739 0.910493
vn 0.116989 -0.722242 0.681675
v 1.005885 0.801013 0.886239
vt 0.513416 0.909771
vn -0.036683 -0.707504 -0.705756
v 1.005461 0.806094 0.881174
vt 0.514530 0.908586
vn -0.036683 -0.707504 -0.705756
v 1.000960 0.801013 0.886502
vt 0.513841 0.911196
vn -0.036683 -0.707504 -0.705756
v 1.000660 0.806087 0.881424
vt 0.515606 0.908819
vn -0.036683 -0.707504 -0.705756
v 1.008802 0.805943 0.905949
vt 0.508928 0.908586
vn 0.989771 -0.046426 -0.134899
v 1.005461 0.806094 0.881174
vt 0.514530 0.908586
vn 0.989771 -0.046426 -0.134899
v 1.007898 0.801013 0.900800
vt 0.510098 0.909799
vn 0.989771 -0.046426 -0.134899
v 1.005885 0.801013 0.886239
vt 0.513416 0.909771
vn 0.989771 -0.046426 -0.134899
v 1.005461 0.806094 0.881174
vt 0.514530 0.908586
vn 0.992018 0.009218 -0.125761
v 1.008802 0.805943 0.905949
vt 0.508928 0.908586
vn 0.992018 0.009218 -0.125761
v 1.005398 0.833047 0.881094
vt 0.514672 0.902399
vn 0.992018 0.009218 -0.125761
v 1.008524 0.833047 0.907313
vt 0.508021 0.902036
vn 0.992018 0.009218 -0.125761
v 1.005398 0.833047 0.881094
vt 0.514672 0.902399
vn -0.044582 -0.004381 -0.998996
v 1.000688 0.836301 0.881255
vt 0.515944 0.901480
vn -0.044582 -0.004381 -0.998996
v 1.005461 0.806094 0.881174
vt 0.514530 0.908586
vn -0.044582 -0.004381 -0.998996
v 1.000660 0.806087 0.881424
vt 0.515606 0.908819
vn -0.044582 -0.004381 -0.998996
v 1.005985 0.839866 0.880841
vt 0.582086 0.863150
vn 0.000000 1.000000 -0.000015
v 1.016623 0.839866 0.881419
vt 0.580834 0.859015
vn 0.000000 1.000000 -0.000015
v 1.008388 0.839866 0.907158
vt 0.585311 0.855957
vn 0.000000 1.000000 -0.000015
v 1.014971 0.839866 0.908735
vt 0.584945 0.855943
vn 0.000000 1.000000 -0.000015
v 1.058750 0.839866 0.905340
vt 0.578552 0.848160
vn 0.000000 1.000000 -0.000015
v 1.061844 0.839866 0.907315
vt 0.578511 0.846513
vn 0.000000 1.000000 -0.000015
v 1.060491 0.839866 0.914969
vt 0.579819 0.846152
vn 0.000000 1.000000 -0.000015
v 1.063090 0.839866 0.911916
vt 0.579163 0.845582
vn 0.000000 1.000000 -0.000015
v 1.039961 0.839866 0.907600
vt 0.580834 0.851901
vn 0.000000 1.000000 -0.000015
v 1.027005 0.839866 0.921823
vt 0.584943 0.852520
vn 0.000000 1.000000 -0.000015
v 1.021090 0.839866 0.919871
vt 0.585498 0.853976
vn 0.000000 1.000000 -0.000015
v 1.039405 0.521262 0.926889
vt 0.465016 0.919737
vn -0.032277 -0.054490 -0.997992
v 1.058319 0.521229 0.926279
vt 0.463880 0.920492
vn -0.032277 -0.054490 -0.997992
v 1.039405 0.527257 0.926562
vt 0.463844 0.920117
vn -0.032277 -0.054490 -0.997992
v 1.058319 0.527224 0.925952
vt 0.463691 0.919754
vn -0.032277 -0.054490 -0.997992
v 1.061229 0.521351 0.928515
vt 0.463363 0.920349
vn 0.984357 -0.009604 -0.175925
v 1.062069 0.521606 0.933199
vt 0.462320 0.919466
vn 0.984357 -0.009604 -0.175925
v 1.061229 0.527346 0.928187
vt 0.463384 0.920067
vn 0.984357 -0.009604 -0.175925
v 1.062069 0.527602 0.932872
vt 0.462907 0.920173
vn 0.984357 -0.009604 -0.175925
v 1.059213 0.521760 0.936009
vt 0.462246 0.918726
vn 0.114175 0.054087 0.991987
v 1.025256 0.521972 0.939906
vt 0.462246 0.922687
vn 0.114175 0.054087 0.991987
v 1.059213 0.527755 0.935682
vt 0.462593 0.919086
vn 0.114175 0.054087 0.991987
v 1.025256 0.527968 0.939579
vt 0.461440 0.921694
vn 0.114175 0.054087 0.991987
v 1.018443 0.519729 0.898811
vt 0.462719 0.908005
vn 0.659978 -0.034123 -0.750510
v 1.039405 0.521262 0.926889
vt 0.465016 0.919737
vn 0.801718 -0.032626 -0.596812
v 1.018443 0.526538 0.898439
vt 0.462275 0.912543
vn 0.658154 -0.034118 -0.752110
v 1.039405 0.527257 0.926562
vt 0.463844 0.920117
vn 0.801718 -0.032626 -0.596812
v 1.019534 0.521838 0.937448
vt 0.458339 0.922146
vn -0.915106 0.021976 0.402614
v 1.014411 0.521204 0.925838
vt 0.453675 0.913416
vn -0.915106 0.021976 0.402614
v 1.019534 0.527834 0.937121
vt 0.459295 0.920503
vn -0.915106 0.021976 0.402614
v 1.014411 0.528013 0.925466
vt 0.457419 0.916949
vn -0.915106 0.021976 0.402614
v 1.003510 0.525098 0.896935
vt 0.456437 0.910362
vn 0.119980 -0.030230 -0.992316
v 1.009414 0.519655 0.897441
vt 0.457869 0.909820
vn 0.119980 -0.030230 -0.992316
v 1.008807 0.526475 0.897270
vt 0.457510 0.915649
vn 0.119980 -0.030230 -0.992316
v 1.005373 0.526504 0.922947
vt 0.456579 0.912418
vn -0.150818 0.032366 0.988032
v 1.009630 0.527913 0.923622
vt 0.459008 0.915598
vn -0.150818 0.032366 0.988032
v 1.009508 0.521095 0.923827
vt 0.455337 0.912533
vn -0.150818 0.032366 0.988032
v 1.012324 0.527931 0.923961
vt 0.457716 0.916233
vn -0.150818 0.032366 0.988032
v 1.005373 0.526504 0.922947
vt 0.456579 0.912418
vn -0.736653 -0.673228 0.064077
v 1.009508 0.521095 0.923827
vt 0.455337 0.912533
vn -0.736653 -0.673228 0.064077
v 1.003510 0.525098 0.896935
vt 0.456437 0.910362
vn -0.736653 -0.673228 0.064077
v 1.009414 0.519655 0.897441
vt 0.457869 0.909820
vn -0.736653 -0.673228 0.064077
v 1.059213 0.527755 0.935682
vt 0.462593 0.919086
vn 0.000000 0.998515 -0.054486
v 1.025256 0.527968 0.939579
vt 0.461440 0.921694
vn 0.000000 0.998515 -0.054486
v 1.058319 0.527224 0.925952
vt 0.463691 0.919754
vn 0.000000 0.998515 -0.054486
v 1.039405 0.527257 0.926562
vt 0.463844 0.920117
vn 0.000000 0.998515 -0.054486
v 1.018443 0.526538 0.898439
vt 0.462275 0.912543
vn 0.031719 0.998909 -0.034270
v 1.039405 0.527257 0.926562
vt 0.463844 0.920117
vn 0.031719 0.998909 -0.034270
v 1.014411 0.528013 0.925466
vt 0.457419 0.916949
vn 0.031719 0.998909 -0.034270
v 1.019534 0.527834 0.937121
vt 0.459295 0.920503
vn 0.031719 0.998909 -0.034270
v 1.008807 0.526475 0.897270
vt 0.457510 0.915649
vn 0.000000 0.998515 -0.054486
v 1.018443 0.526538 0.898439
vt 0.462275 0.912543
vn 0.000000 0.998515 -0.054486
v 1.009630 0.527913 0.923622
vt 0.459008 0.915598
vn 0.000000 0.998515 -0.054486
v 1.012324 0.527931 0.923961
vt 0.457716 0.916233
vn 0.000000 0.998515 -0.054486
v 1.061229 0.521351 0.928515
vt 0.463363 0.920349
vn 0.609767 -0.043243 -0.791400
v 1.061229 0.527346 0.928187
vt 0.463384 0.920067
vn 0.609767 -0.043243 -0.791400
v 1.058319 0.521229 0.926279
vt 0.463880 0.920492
vn 0.609767 -0.043243 -0.791400
v 1.058319 0.527224 0.925952
vt 0.463691 0.919754
vn 0.609767 -0.043243 -0.791400
v 1.059213 0.521760 0.936009
vt 0.462246 0.918726
vn 0.701795 0.038793 0.711322
v 1.059213 0.527755 0.935682
vt 0.462593 0.919086
vn 0.701795 0.038793 0.711322
v 1.062069 0.521606 0.933199
vt 0.462320 0.919466
vn 0.701795 0.038793 0.711322
v 1.062069 0.527602 0.932872
vt 0.462907 0.920173
vn 0.701795 0.038793 0.711322
v 1.019534 0.521838 0.937448
vt 0.458339 0.922146
vn -0.395110 0.050083 0.917267
v 1.019534 0.527834 0.937121
vt 0.459295 0.920503
vn -0.395110 0.050083 0.917267
v 1.025256 0.521972 0.939906
vt 0.462246 0.922687
vn -0.395110 0.050083 0.917267
v 1.025256 0.527968 0.939579
vt 0.461440 0.921694
vn -0.395110 0.050083 0.917267
v 1.009508 0.521095 0.923827
vt 0.455337 0.912533
vn -0.449193 0.108183 0.886861
v 1.012324 0.527931 0.923961
vt 0.457716 0.916233
vn -0.449193 0.108183 0.886861
v 1.014411 0.521204 0.925838
vt 0.453675 0.913416
vn -0.449193 0.108183 0.886861
v 1.014411 0.528013 0.925466
vt 0.457419 0.916949
vn -0.449193 0.108183 0.886861
v 1.019534 0.527834 0.937121
vt 0.459295 0.920503
vn 0.000000 0.998515 -0.054486
v 1.003150 0.559561 0.915697
vt 0.463414 0.923781
vn 0.000000 0.998515 -0.054486
v 1.002396 0.558726 0.900383
vt 0.459458 0.925019
vn 0.000000 0.998515 -0.054486
v 1.008058 0.559535 0.915210
vt 0.462925 0.922458
vn 0.000000 0.998515 -0.054486
v 1.007325 0.558735 0.900551
vt 0.459088 0.923711
vn 0.000000 0.998515 -0.054486
v 1.008509 0.554896 0.920680
vt 0.463629 0.920655
vn -0.044018 0.084280 0.995469
v 1.009630 0.527913 0.923622
vt 0.459008 0.915598
vn -0.044018 0.084280 0.995469
v 1.003727 0.554838 0.921081
vt 0.464937 0.920345
vn -0.044018 0.084280 0.995469
v 1.005373 0.526504 0.922947
vt 0.456579 0.912418
vn -0.044018 0.084280 0.995469
v 1.008509 0.554896 0.920680
vt 0.463629 0.920655
vn 0.056967 0.758627 0.649029
v 1.003727 0.554838 0.921081
vt 0.464937 0.920345
vn 0.056967 0.758627 0.649029
v 1.008058 0.559535 0.915210
vt 0.462925 0.922458
vn 0.056967 0.758627 0.649029
v 1.003150 0.559561 0.915697
vt 0.464545 0.922849
vn 0.056967 0.758627 0.649029
v 1.007325 0.558735 0.900551
vt 0.459088 0.923711
vn 0.025126 0.668062 -0.743682
v 1.002396 0.558726 0.900383
vt 0.457768 0.924968
vn 0.025126 0.668062 -0.743682
v 1.007346 0.553385 0.895753
vt 0.457601 0.922559
vn 0.025126 0.668062 -0.743682
v 1.002541 0.553382 0.895582
vt 0.457454 0.922168
vn 0.025126 0.668062 -0.743682
v 1.007346 0.553385 0.895753
vt 0.457601 0.922559
vn 0.997834 0.043805 -0.049081
v 1.008509 0.554896 0.920680
vt 0.463629 0.920655
vn 0.997839 0.043801 -0.048977
v 1.007325 0.558735 0.900551
vt 0.459088 0.923711
vn 0.997779 0.043713 -0.050260
v 1.008058 0.559535 0.915210
vt 0.462925 0.922458
vn 0.997779 0.043713 -0.050260
v 1.014411 0.528013 0.925466
vt 0.457419 0.916949
vn 0.000000 0.998515 -0.054486
v 1.009630 0.527913 0.923622
vt 0.459008 0.915598
vn 0.998165 0.044418 -0.041160
v 1.008807 0.526475 0.897270
vt 0.457510 0.915649
vn 0.998165 0.044418 -0.041160
v 1.062069 0.527602 0.932872
vt 0.462907 0.920173
vn 0.000000 0.998515 -0.054486
v 1.061229 0.527346 0.928187
vt 0.463384 0.920067
vn 0.000000 0.998515 -0.054486
v 1.002541 0.553382 0.895582
vt 0.457454 0.922168
vn 0.056696 -0.049323 -0.997172
v 1.003510 0.525098 0.896935
vt 0.456437 0.910362
vn 0.056696 -0.049323 -0.997172
v 1.007346 0.553385 0.895753
vt 0.457601 0.922559
vn 0.056696 -0.049323 -0.997172
v 1.008807 0.526475 0.897270
vt 0.457510 0.915649
vn 0.056696 -0.049323 -0.997172
v 1.014411 0.521204 0.925838
vt 0.453675 0.913416
vn -0.000016 -0.998516 0.054453
v 1.018443 0.519729 0.898811
vt 0.462719 0.908005
vn -0.000016 -0.998516 0.054453
v 1.009508 0.521095 0.923827
vt 0.455337 0.912533
vn -0.000016 -0.998516 0.054453
v 1.009414 0.519655 0.897441
vt 0.457869 0.909820
vn -0.000016 -0.998516 0.054453
v 1.058319 0.506240 0.927097
vt 0.517096 0.881600
vn -0.032277 -0.054490 -0.997992
v 1.058319 0.512236 0.926770
vt 0.516129 0.882015
vn -0.032277 -0.054490 -0.997992
v 1.039405 0.506274 0.927707
vt 0.517724 0.879456
vn -0.032277 -0.054490 -0.997992
v 1.039405 0.512269 0.927380
vt 0.516540 0.879147
vn -0.032277 -0.054490 -0.997992
v 1.062069 0.506618 0.934017
vt 0.514433 0.884301
vn 0.984357 -0.009604 -0.175925
v 1.062069 0.512613 0.933690
vt 0.514926 0.882358
vn 0.984357 -0.009604 -0.175925
v 1.061229 0.506362 0.929333
vt 0.516041 0.883121
vn 0.984357 -0.009604 -0.175925
v 1.061229 0.512358 0.929005
vt 0.515759 0.881505
vn 0.984357 -0.009604 -0.175925
v 1.025256 0.506984 0.940724
vt 0.512227 0.879379
vn 0.114175 0.054087 0.991987
v 1.025256 0.512979 0.940397
vt 0.513502 0.879052
vn 0.114175 0.054087 0.991987
v 1.059213 0.506771 0.936827
vt 0.513409 0.882487
vn 0.114175 0.054087 0.991987
v 1.059213 0.512767 0.936500
vt 0.514461 0.882003
vn 0.114175 0.054087 0.991987
v 1.039405 0.506274 0.927707
vt 0.517724 0.879456
vn 0.801718 -0.032626 -0.596812
v 1.039405 0.512269 0.927380
vt 0.516540 0.879147
vn 0.801718 -0.032626 -0.596812
v 1.018443 0.503928 0.899673
vt 0.521805 0.861809
vn 0.658002 -0.047718 -0.751503
v 1.018443 0.510737 0.899302
vt 0.520538 0.863486
vn 0.659853 -0.047542 -0.749889
v 1.014411 0.505403 0.926700
vt 0.515079 0.873809
vn -0.915106 0.021976 0.402614
v 1.014411 0.512212 0.926329
vt 0.515689 0.875956
vn -0.915106 0.021976 0.402614
v 1.019534 0.506850 0.938266
vt 0.512787 0.877381
vn -0.915106 0.021976 0.402614
v 1.019534 0.512845 0.937939
vt 0.513766 0.878951
vn -0.915106 0.021976 0.402614
v 1.008807 0.503864 0.898504
vt 0.519244 0.849913
vn 0.112499 -0.077233 -0.990646
v 1.003754 0.505620 0.898194
vt 0.519265 0.863989
vn 0.112499 -0.077233 -0.990646
v 1.009414 0.510662 0.897932
vt 0.520059 0.857315
vn 0.112499 -0.077233 -0.990646
v 1.005669 0.507114 0.924335
vt 0.516606 0.876516
vn -0.107402 0.076593 0.991261
v 1.009508 0.512102 0.924318
vt 0.516197 0.876850
vn -0.107402 0.076593 0.991261
v 1.009630 0.505302 0.924857
vt 0.516524 0.882097
vn -0.107402 0.076593 0.991261
v 1.012324 0.505321 0.925195
vt 0.515676 0.876257
vn -0.107402 0.076593 0.991261
v 1.003754 0.505620 0.898194
vt 0.519265 0.863989
vn -0.726228 0.687372 -0.010583
v 1.009414 0.510662 0.897932
vt 0.520059 0.857315
vn -0.726228 0.687372 -0.010583
v 1.005669 0.507114 0.924335
vt 0.516606 0.876516
vn -0.726228 0.687372 -0.010583
v 1.009508 0.512102 0.924318
vt 0.516197 0.876850
vn -0.726228 0.687372 -0.010583
v 1.058319 0.506240 0.927097
vt 0.517096 0.881600
vn 0.609767 -0.043243 -0.791400
v 1.061229 0.506362 0.929333
vt 0.516041 0.883121
vn 0.609767 -0.043243 -0.791400
v 1.058319 0.512236 0.926770
vt 0.516129 0.882015
vn 0.609767 -0.043243 -0.791400
v 1.061229 0.512358 0.929005
vt 0.515759 0.881505
vn 0.609767 -0.043243 -0.791400
v 1.062069 0.506618 0.934017
vt 0.514433 0.884301
vn 0.701840 0.038793 0.711278
v 1.059213 0.506771 0.936827
vt 0.513409 0.882487
vn 0.701840 0.038793 0.711278
v 1.062069 0.512613 0.933690
vt 0.514926 0.882358
vn 0.701840 0.038793 0.711278
v 1.059213 0.512767 0.936500
vt 0.514461 0.882003
vn 0.701840 0.038793 0.711278
v 1.025256 0.506984 0.940724
vt 0.512227 0.879379
vn -0.395110 0.050083 0.917267
v 1.019534 0.506850 0.938266
vt 0.512787 0.877381
vn -0.395110 0.050083 0.917267
v 1.025256 0.512979 0.940397
vt 0.513502 0.879052
vn -0.395110 0.050083 0.917267
v 1.019534 0.512845 0.937939
vt 0.513766 0.878951
vn -0.395110 0.050083 0.917267
v 1.014411 0.505403 0.926700
vt 0.515079 0.873809
vn -0.449209 -0.011009 0.893359
v 1.012324 0.505321 0.925195
vt 0.515676 0.876257
vn -0.449209 -0.011009 0.893359
v 1.014411 0.512212 0.926329
vt 0.515689 0.875956
vn -0.449209 -0.011009 0.893359
v 1.009508 0.512102 0.924318
vt 0.516197 0.876850
vn -0.449209 -0.011009 0.893359
v 1.007325 0.472152 0.905277
vt 0.512797 0.847494
vn -0.000016 -0.998516 0.054453
v 1.002396 0.472143 0.905109
vt 0.509537 0.847923
vn -0.000016 -0.998516 0.054453
v 1.008058 0.472952 0.919935
vt 0.506678 0.847481
vn -0.000016 -0.998516 0.054453
v 1.003150 0.472979 0.920422
vt 0.511551 0.847948
vn -0.000016 -0.998516 0.054453
v 1.005669 0.507114 0.924335
vt 0.509395 0.844206
vn -0.011124 0.017274 0.999789
v 1.009630 0.505302 0.924857
vt 0.513514 0.844305
vn -0.011124 0.017274 0.999789
v 1.003727 0.478260 0.925260
vt 0.510467 0.847204
vn -0.011124 0.017274 0.999789
v 1.008509 0.478159 0.924868
vt 0.504453 0.847011
vn -0.011124 0.017274 0.999789
v 1.008509 0.478159 0.924868
vt 0.504453 0.847011
vn 0.056971 -0.683500 0.727724
v 1.008058 0.472952 0.919935
vt 0.506678 0.847481
vn 0.056971 -0.683500 0.727724
v 1.003727 0.478260 0.925260
vt 0.510467 0.847204
vn 0.056971 -0.683500 0.727724
v 1.003150 0.472979 0.920422
vt 0.511551 0.847948
vn 0.056971 -0.683500 0.727724
v 1.007325 0.472152 0.905277
vt 0.512797 0.847494
vn 0.025079 -0.745004 -0.666588
v 1.007346 0.476948 0.899925
vt 0.509637 0.847011
vn 0.025079 -0.745004 -0.666588
v 1.002396 0.472143 0.905109
vt 0.509537 0.847923
vn 0.025079 -0.745004 -0.666588
v 1.002541 0.476933 0.899754
vt 0.506812 0.847170
vn 0.025079 -0.745004 -0.666588
v 1.008509 0.478159 0.924868
vt 0.504453 0.847011
vn 0.997838 -0.048928 -0.043886
v 1.007346 0.476948 0.899925
vt 0.509637 0.847011
vn 0.997833 -0.048933 -0.043990
v 1.008058 0.472952 0.919935
vt 0.506678 0.847481
vn 0.997771 -0.049025 -0.045276
v 1.007325 0.472152 0.905277
vt 0.512797 0.847494
vn 0.997771 -0.049025 -0.045276
v 1.008807 0.503864 0.898504
vt 0.499314 0.844216
vn 0.998165 -0.048613 -0.036104
v 1.009630 0.505302 0.924857
vt 0.513514 0.844305
vn 0.998165 -0.048613 -0.036104
v 1.008807 0.503864 0.898504
vt 0.499314 0.844216
vn 0.038892 -0.055422 -0.997705
v 1.003754 0.505620 0.898194
vt 0.506741 0.844104
vn 0.038892 -0.055422 -0.997705
v 1.007346 0.476948 0.899925
vt 0.509637 0.847011
vn 0.038892 -0.055422 -0.997705
v 1.002541 0.476933 0.899754
vt 0.506812 0.847170
vn 0.038892 -0.055422 -0.997705
v 1.009414 0.510662 0.897932
vt 0.520059 0.857315
vn 0.000000 0.998515 -0.054486
v 1.018443 0.510737 0.899302
vt 0.520538 0.863486
vn 0.000000 0.998515 -0.054486
v 1.009508 0.512102 0.924318
vt 0.516197 0.876850
vn 0.000000 0.998515 -0.054486
v 1.014411 0.512212 0.926329
vt 0.515689 0.875956
vn 0.000000 0.998515 -0.054486
v 1.058319 0.512236 0.926770
vt 0.516129 0.882015
vn 0.000000 0.998515 -0.054486
v 1.061229 0.512358 0.929005
vt 0.515759 0.881505
vn 0.000000 0.998515 -0.054486
v 1.059213 0.512767 0.936500
vt 0.514461 0.882003
vn 0.000000 0.998515 -0.054486
v 1.062069 0.512613 0.933690
vt 0.514926 0.882358
vn 0.000000 0.998515 -0.054486
v 1.039405 0.512269 0.927380
vt 0.516540 0.879147
vn 0.000000 0.998515 -0.054486
v 1.025256 0.512979 0.940397
vt 0.513502 0.879052
vn 0.000000 0.998515 -0.054486
v 1.019534 0.512845 0.937939
vt 0.513766 0.878951
vn 0.000000 0.998515 -0.054486
v 1.055518 0.303748 0.925315
vt 0.326041 0.068257
vn -0.093515 -0.868039 0.487610
v 1.055740 0.306458 0.929985
vt 0.325893 0.069137
vn -0.094403 -0.869742 0.484393
v 1.076300 0.303120 0.928079
vt 0.321969 0.068113
vn -0.099333 -0.879362 0.465677
v 1.072763 0.306201 0.933624
vt 0.322951 0.069123
vn -0.099030 -0.879725 0.465055
v 0.002590 0.324807 0.921895
vt 0.504064 0.070846
vn -0.016925 -0.872373 0.488548
v 0.003645 0.327709 0.927151
vt 0.503873 0.071860
vn -0.016924 -0.872429 0.488448
v 0.091724 0.322683 0.921178
vt 0.489000 0.070483
vn -0.015615 -0.871499 0.490149
v 0.091648 0.325628 0.926406
vt 0.489006 0.071499
vn -0.015742 -0.871551 0.490052
v 0.273495 0.321471 0.924590
vt 0.458244 0.070891
vn -0.014018 -0.869370 0.493963
v 0.273150 0.318553 0.919420
vt 0.458305 0.069887
vn -0.014103 -0.869405 0.493899
v 0.456146 0.314600 0.917396
vt 0.427353 0.069332
vn -0.012425 -0.866764 0.498564
v 0.456266 0.317549 0.922496
vt 0.427332 0.070329
vn -0.012425 -0.866764 0.498564
v 0.625545 0.314104 0.920532
vt 0.398708 0.069836
vn -0.011705 -0.866605 0.498857
v 0.625867 0.311205 0.915528
vt 0.398653 0.068859
vn -0.011705 -0.866634 0.498807
v 0.725304 0.312120 0.919453
vt 0.381841 0.069558
vn -0.011340 -0.870775 0.491552
v 0.724816 0.309374 0.914554
vt 0.381923 0.068608
vn -0.011342 -0.870494 0.492049
v 0.762428 0.308798 0.914223
vt 0.375565 0.068535
vn -0.009203 -0.875699 0.482771
v 0.760513 0.311430 0.919073
vt 0.375889 0.069466
vn -0.009707 -0.875851 0.482483
v 0.819459 0.307979 0.913845
vt 0.365924 0.068432
vn -0.010111 -0.871443 0.490392
v 0.819900 0.310702 0.918665
vt 0.365848 0.069368
vn -0.010324 -0.871111 0.490978
v 0.878949 0.307063 0.913755
vt 0.355865 0.068321
vn -0.016217 -0.866012 0.499760
v 0.879289 0.309857 0.918562
vt 0.355801 0.069262
vn -0.016601 -0.865941 0.499871
v 0.925246 0.306234 0.914332
vt 0.348042 0.068235
vn -0.025122 -0.864407 0.502165
v 0.926653 0.308954 0.919092
vt 0.347787 0.069159
vn -0.026420 -0.864348 0.502200
v 0.957643 0.305710 0.915433
vt 0.342581 0.068199
vn -0.045503 -0.865339 0.499117
v 0.957984 0.308419 0.920123
vt 0.342485 0.069114
vn -0.046832 -0.865433 0.498831
v 1.019453 0.307172 0.924687
vt 0.332078 0.069070
vn -0.069404 -0.864587 0.497667
v 1.019056 0.304548 0.920009
vt 0.332207 0.068170
vn -0.065842 -0.864930 0.497555
v -0.152243 0.979490 0.932038
vt 0.530026 0.184030
vn -0.981089 -0.076829 0.177658
v -0.152079 0.978289 0.932428
vt 0.530060 0.183793
vn -0.979374 -0.057904 0.193583
v -0.154440 0.980747 0.920457
vt 0.531748 0.184755
vn -0.979349 -0.057715 0.193766
v -0.166442 1.089007 0.884405
vt 0.533389 0.204631
vn -0.807720 0.536872 0.243632
v -0.166359 1.087141 0.888792
vt 0.532979 0.204061
vn -0.807720 0.536872 0.243632
v -0.168800 1.089100 0.876380
vt 0.534798 0.205020
vn -0.807720 0.536872 0.243632
v -0.083897 0.326813 0.922482
vt 0.518811 0.071433
vn -0.017225 -0.872186 0.488871
v -0.083824 0.329794 0.927762
vt 0.518685 0.072374
vn -0.017225 -0.872130 0.488971
v -0.146543 0.933490 0.954605
vt 0.528988 0.175310
vn -0.975190 -0.097125 0.198925
v -0.148830 0.933608 0.943442
vt 0.530827 0.175552
vn -0.977663 -0.065132 0.199833
v -0.147133 0.940079 0.951449
vt 0.529159 0.176430
vn -0.979575 0.008180 0.200914
v -0.149397 0.958369 0.939691
vt 0.529710 0.180078
vn -0.979560 0.004794 0.201093
v -0.151688 0.958493 0.928523
vt 0.531510 0.180641
vn -0.979925 -0.026511 0.197594
v -0.143257 0.887101 0.946924
vt 0.530069 0.167387
vn -0.974424 -0.104616 0.198878
v -0.140969 0.887010 0.958081
vt 0.528140 0.167457
vn -0.974392 -0.104911 0.198881
v -0.156951 1.017340 0.919718
vt 0.530897 0.191143
vn -0.980329 -0.061434 0.187565
v -0.156749 1.015540 0.920349
vt 0.530742 0.190769
vn -0.983845 -0.050102 0.171871
v -0.158604 1.014816 0.909521
vt 0.532504 0.190771
vn -0.980236 -0.061726 0.187955
v -0.164593 1.057238 0.892963
vt 0.533866 0.198811
vn -0.981449 -0.049302 0.185275
v -0.168800 1.089100 0.876380
vt 0.534798 0.205020
vn -0.982228 -0.040617 0.183246
v -0.162292 1.057091 0.904160
vt 0.532023 0.198397
vn -0.980886 -0.055206 0.186588
v -0.166315 1.086532 0.890223
vt 0.532838 0.203881
vn -0.982228 -0.040617 0.183246
v -0.108273 0.550571 0.924057
vt 0.524306 0.110177
vn -0.972814 -0.120019 0.198061
v -0.115646 0.629083 0.935274
vt 0.525460 0.123598
vn -0.973021 -0.118020 0.198248
v -0.105990 0.550462 0.935194
vt 0.522420 0.110488
vn -0.972805 -0.119899 0.198177
v -0.113393 0.629294 0.946453
vt 0.523570 0.123939
vn -0.973057 -0.117720 0.198246
v -0.123288 0.729204 0.956331
vt 0.525181 0.140871
vn -0.973327 -0.115335 0.198326
v -0.125571 0.729296 0.945184
vt 0.527087 0.140639
vn -0.973314 -0.115421 0.198339
v -0.133453 0.821428 0.959762
vt 0.526876 0.156417
vn -0.973721 -0.111321 0.198685
v -0.135740 0.821529 0.948609
vt 0.528794 0.156259
vn -0.973742 -0.111110 0.198697
v -0.086161 0.326868 0.922495
vt 0.519468 0.071423
vn -0.018222 -0.870532 0.491774
v -0.086093 0.329849 0.927775
vt 0.519049 0.072337
vn -0.018222 -0.870532 0.491774
v -0.086161 0.326868 0.922495
vt 0.519468 0.071423
vn -0.789145 -0.530447 0.309637
v -0.089149 0.326940 0.915006
vt 0.520967 0.071044
vn -0.789145 -0.530447 0.309637
v -0.086093 0.329849 0.927775
vt 0.519049 0.072337
vn -0.789145 -0.530447 0.309637
v -0.091838 0.395722 0.946839
vt 0.519765 0.083969
vn -0.963339 -0.142712 0.227179
v -0.086093 0.329849 0.927775
vt 0.519049 0.072337
vn -0.963088 -0.143226 0.227920
v -0.094807 0.403663 0.937317
vt 0.521736 0.085083
vn -0.970527 -0.102630 0.218048
v -0.089149 0.326940 0.915006
vt 0.520967 0.071044
vn -0.963088 -0.143226 0.227920
v -0.092526 0.403557 0.948414
vt 0.519865 0.085184
vn -0.977342 -0.068825 0.200162
v -0.093862 0.416952 0.943923
vt 0.520245 0.087393
vn -0.979100 -0.030727 0.201045
v -0.104629 0.511663 0.918331
vt 0.523817 0.103612
vn -0.974545 -0.104008 0.198604
v -0.102348 0.511536 0.929463
vt 0.521897 0.103817
vn -0.974398 -0.105518 0.198531
v -0.100938 0.469907 0.917609
vt 0.523221 0.096812
vn -0.977991 -0.059030 0.200121
v -0.098655 0.469771 0.928735
vt 0.521321 0.096697
vn -0.978284 -0.053135 0.200341
v -0.150137 0.964175 0.937271
vt 0.529823 0.181192
vn -0.979303 -0.055706 0.194585
v -0.166359 1.087141 0.888792
vt 0.532979 0.204061
vn -0.825135 0.510078 0.242843
v -0.166315 1.086532 0.890223
vt 0.532838 0.203881
vn -0.825135 0.510078 0.242843
v -0.168800 1.089100 0.876380
vt 0.534798 0.205020
vn -0.825135 0.510078 0.242843
v -0.154440 0.980747 0.920457
vt 0.531748 0.184755
vn -0.945874 -0.288819 0.148007
v -0.153078 0.980677 0.929018
vt 0.530334 0.184435
vn -0.945874 -0.288819 0.148007
v -0.152243 0.979490 0.932038
vt 0.530026 0.184030
vn -0.945874 -0.288819 0.148007
v -0.156951 1.017340 0.919718
vt 0.530897 0.191143
vn -0.980236 -0.061726 0.187955
v -0.156749 1.015540 0.920349
vt 0.530742 0.190769
vn -0.983017 -0.062429 0.172568
v -0.157144 1.014699 0.917796
vt 0.531053 0.190514
vn -0.984142 -0.065204 0.164965
v -0.158604 1.014816 0.909521
vt 0.532504 0.190771
vn -0.983364 -0.063302 0.170260
v 1.040661 1.028517 0.879799
vt 0.327616 0.194347
vn 0.501481 0.859805 0.096186
v 1.038756 1.030120 0.875174
vt 0.327680 0.195184
vn 0.396195 0.917156 -0.043072
v 1.043430 1.027898 0.870878
vt 0.326341 0.195256
vn 0.367615 0.926603 -0.079152
v 1.050974 1.007706 0.895661
vt 0.326215 0.189795
vn 0.831286 0.526883 0.177080
v 1.041257 1.027993 0.881299
vt 0.327615 0.194091
vn 0.832731 0.525395 0.174695
v 1.053280 1.007619 0.885270
vt 0.324868 0.190875
vn 0.831781 0.526369 0.176284
v 1.043430 1.027898 0.870878
vt 0.326341 0.195256
vn 0.832731 0.525395 0.174695
v 1.057414 0.994465 0.904901
vt 0.325301 0.187044
vn 0.855888 0.483298 0.184064
v 1.059668 0.994434 0.894502
vt 0.323939 0.188060
vn 0.843103 0.506170 0.181571
v 1.081667 0.378916 0.948635
vt 0.321376 0.081640
vn 0.972589 -0.108031 0.205912
v 1.085515 0.427965 0.955864
vt 0.320747 0.089982
vn 0.974657 -0.087033 0.206082
v 1.083764 0.378698 0.938623
vt 0.319692 0.081296
vn 0.972534 -0.108539 0.205905
v 1.087625 0.427875 0.945838
vt 0.319042 0.089724
vn 0.974438 -0.089431 0.206088
v 1.091576 0.499367 0.953306
vt 0.318405 0.101928
vn 0.976163 -0.049120 0.211409
v 1.089481 0.499481 0.963258
vt 0.320111 0.102069
vn 0.976183 -0.046901 0.211819
v 1.080222 0.359962 0.945125
vt 0.321601 0.078398
vn 0.971157 -0.120135 0.205966
v 1.082316 0.359720 0.935112
vt 0.319924 0.078009
vn 0.970886 -0.122211 0.206023
v 1.092201 0.765578 0.959623
vt 0.319829 0.146943
vn 0.978560 0.021792 0.204804
v 1.091311 0.802449 0.957066
vt 0.319988 0.153169
vn 0.978346 0.043583 0.202335
v 1.094335 0.765614 0.949335
vt 0.318057 0.147046
vn 0.978554 0.022465 0.204763
v 1.093445 0.802512 0.946733
vt 0.318213 0.153335
vn 0.978316 0.044164 0.202354
v 1.092343 0.835381 0.943908
vt 0.318427 0.158965
vn 0.977443 0.061172 0.202145
v 1.090210 0.835287 0.954277
vt 0.320205 0.158719
vn 0.977526 0.059784 0.202163
v 1.091817 0.630970 0.964084
vt 0.319810 0.124231
vn 0.976500 -0.013516 0.215094
v 1.092619 0.682221 0.963619
vt 0.319725 0.132876
vn 0.978258 0.004376 0.207345
v 1.094038 0.632682 0.953949
vt 0.318055 0.124520
vn 0.976702 -0.013433 0.214180
v 1.094792 0.682151 0.953411
vt 0.317964 0.132913
vn 0.978257 0.004777 0.207342
v 1.088940 0.857275 0.952097
vt 0.320531 0.162371
vn 0.975201 0.090589 0.201935
v 1.087969 0.862675 0.950499
vt 0.320660 0.163230
vn 0.936128 0.308592 0.168627
v 1.091106 0.857135 0.941734
vt 0.318845 0.162842
vn 0.960073 0.210678 0.184051
v 1.083820 0.886978 0.928010
vt 0.319592 0.168488
vn 0.954141 0.231678 0.189577
v 1.081630 0.887129 0.938398
vt 0.321272 0.167915
vn 0.937179 0.305258 0.168855
v 1.081101 0.891979 0.937214
vt 0.321360 0.168852
vn 0.965514 -0.054436 0.254598
v 1.084044 0.899610 0.928899
vt 0.319879 0.170492
vn 0.967973 0.146386 0.203959
v 1.081905 0.899740 0.939224
vt 0.321564 0.170154
vn 0.964660 -0.067122 0.254804
v 1.059251 0.989615 0.907496
vt 0.325024 0.186134
vn 0.899509 0.384802 0.206907
v 1.063380 0.984536 0.899810
vt 0.323297 0.186041
vn 0.901799 0.378058 0.209356
v 1.078601 0.342843 0.941896
vt 0.321838 0.075452
vn 0.964683 -0.135638 0.225807
v 1.080689 0.342568 0.931893
vt 0.320155 0.075002
vn 0.963708 -0.136525 0.229408
v 1.074877 0.306210 0.934053
vt 0.322624 0.069107
vn 0.960626 -0.139342 0.240376
v 1.076300 0.303120 0.928079
vt 0.321969 0.068113
vn 0.960626 -0.139342 0.240376
v 1.076794 0.927924 0.931595
vt 0.322279 0.174991
vn 0.946664 0.262585 0.186751
v 1.069266 0.957352 0.921659
vt 0.323465 0.180206
vn 0.921623 0.330587 0.203283
v 1.078981 0.927839 0.921259
vt 0.320637 0.175607
vn 0.943021 0.273679 0.189239
v 1.071478 0.957274 0.911306
vt 0.321902 0.180983
vn 0.916986 0.341481 0.206221
v 1.081822 0.902158 0.938786
vt 0.321582 0.170517
vn 0.958320 0.221891 0.179966
v 1.090857 0.576834 0.964576
vt 0.319932 0.115100
vn 0.975883 -0.018736 0.217490
v 1.093167 0.575836 0.954553
vt 0.318194 0.114905
vn 0.975897 -0.019111 0.217394
v 1.094038 0.632682 0.953949
vt 0.318055 0.124520
vn 0.976721 -0.013433 0.214095
v 1.041257 1.027993 0.881299
vt 0.327615 0.194091
vn 0.506226 0.856833 0.097839
v 1.074877 0.306210 0.934053
vt 0.322624 0.069107
vn -0.086123 -0.893248 0.441237
v -0.154440 0.980747 0.920457
vt 0.531748 0.184755
vn -0.984253 -0.065518 0.164175
v -0.153078 0.980677 0.929018
vt 0.530334 0.184435
vn -0.984253 -0.065518 0.164175
v 1.031843 1.031134 0.861540
vt 0.326841 0.195906
vn 0.345686 0.932360 -0.105860
v 0.299087 1.060917 0.786798
vt 1.450537 1.817369
vn 0.020332 0.788497 -0.614702
v 0.289021 1.090776 0.822943
vt 1.446560 1.828507
vn 0.031715 0.933646 -0.356790
v -0.020339 1.066491 0.780411
vt 1.371876 1.803103
vn 0.021233 0.793840 -0.607756
v -0.031051 1.097792 0.823420
vt 1.365083 1.813387
vn 0.021809 0.861883 -0.506637
v 0.306962 1.043073 0.780157
vt 1.454072 1.811116
vn 0.010934 0.436211 -0.899778
v 0.299087 1.060917 0.786798
vt 1.450537 1.817369
vn 0.021616 0.425304 -0.904792
v -0.015935 1.050378 0.771839
vt 1.375219 1.798618
vn 0.029234 0.417465 -0.908223
v -0.020339 1.066491 0.780411
vt 1.371876 1.803103
vn 0.029234 0.417465 -0.908223
v -0.015935 1.050378 0.771839
vt 1.387469 1.797968
vn 0.026109 0.010020 -0.999609
v -0.006961 1.010825 0.771625
vt 1.388624 1.791063
vn 0.026403 0.010118 -0.999600
v 0.306962 1.043073 0.780157
vt 1.451353 1.807051
vn 0.010228 0.005424 -0.999933
v 0.320802 0.994676 0.780087
vt 1.454001 1.798910
vn 0.012811 0.006219 -0.999899
v 0.166687 0.857819 0.710647
vt 1.423177 1.758204
vn 0.041525 0.846397 -0.530931
v 0.345064 0.844813 0.703244
vt 1.458210 1.759149
vn 0.067932 0.896130 -0.438562
v 0.353290 0.881062 0.779922
vt 1.460931 1.775965
vn 0.066511 0.883877 -0.462966
v 0.029021 0.873050 0.742851
vt 1.395502 1.760717
vn 0.040905 0.841011 -0.539469
v 0.017317 0.903830 0.771046
vt 1.389930 1.768521
vn 0.040905 0.841011 -0.539469
v 0.404624 1.012475 0.745646
vt 1.473866 1.802366
vn -0.364883 -0.222380 -0.904106
v 0.405410 0.966559 0.761722
vt 1.472817 1.794664
vn -0.191065 -0.166282 -0.967391
v 0.436349 1.005331 0.737667
vt 1.479917 1.801515
vn -0.130982 -0.300263 -0.944821
v 0.438483 0.957772 0.753061
vt 1.480533 1.792856
vn -0.149494 -0.294794 -0.943794
v 0.348636 0.989989 0.774380
vt 1.459741 1.798454
vn -0.214197 -0.120590 -0.969318
v 0.358060 1.031207 0.769877
vt 1.461340 1.806261
vn -0.318054 -0.126377 -0.939612
v 0.486016 1.056428 0.785326
vt 1.500452 1.822306
vn 0.043839 0.610567 -0.790751
v 0.388845 1.058809 0.786706
vt 1.474281 1.820790
vn -0.027617 0.632261 -0.774263
v 0.436349 1.005331 0.737667
vt 1.487050 1.804206
vn -0.008241 0.677572 -0.735410
v 0.404624 1.012475 0.745646
vt 1.480916 1.805196
vn -0.016525 0.670523 -0.741705
v 0.358060 1.031207 0.769877
vt 1.465981 1.810481
vn -0.057203 0.517965 -0.853487
v 0.479533 1.009326 0.739333
vt 1.489340 1.802072
vn 0.166206 0.105010 -0.980484
v 0.471991 0.956046 0.753292
vt 1.487506 1.792269
vn 0.167064 -0.204619 -0.964480
v 0.479533 1.009326 0.739333
vt 1.498873 1.805828
vn 0.166206 0.105010 -0.980484
v 0.646434 1.037437 0.766326
vt 1.540558 1.811693
vn -0.194413 0.452304 -0.870416
v 0.654650 1.082535 0.791632
vt 1.546619 1.824311
vn -0.184149 0.534876 -0.824620
v 0.574322 1.053242 0.778344
vt 1.524238 1.818759
vn -0.062929 0.688486 -0.722514
v 0.581515 1.081363 0.808694
vt 1.526389 1.829332
vn -0.025933 0.908945 -0.416109
v 0.486016 1.056428 0.785326
vt 1.500452 1.822306
vn -0.013116 0.758536 -0.651499
v 0.490035 1.084602 0.818113
vt 1.501064 1.832825
vn 0.026318 0.986099 -0.164063
v 0.388845 1.058809 0.786706
vt 1.474281 1.820790
vn 0.010825 0.769820 -0.638169
v 0.389034 1.088199 0.822598
vt 1.473429 1.831948
vn 0.035727 0.986413 -0.160354
v 0.778129 1.080981 0.748515
vt 1.576909 1.812744
vn -0.027202 0.197362 -0.979953
v 0.737427 1.025718 0.746536
vt 1.566468 1.802203
vn -0.102134 0.181208 -0.978127
v 0.590051 1.072480 0.862639
vt 1.528828 1.840698
vn 0.050798 0.986697 0.154431
v 0.105994 1.096464 0.863468
vt 1.397764 1.827171
vn 0.043481 0.998731 0.025431
v 0.358905 1.083477 0.864978
vt 1.465211 1.838514
vn 0.044396 0.992185 0.116613
v -0.031639 1.102635 0.852019
vt 1.361719 1.818454
vn 0.033228 0.996941 -0.070740
v -0.031822 1.104144 0.860930
vt 1.361671 1.818477
vn 0.043482 0.998930 0.015743
v -0.031344 1.086027 0.851047
vt 1.358327 1.812510
vn -0.995026 -0.087371 -0.047859
v -0.026020 1.039249 0.844553
vt 1.357355 1.799170
vn -0.983256 -0.130391 -0.127305
v -0.031051 1.097792 0.823420
vt 1.365083 1.813387
vn -0.984876 -0.124461 -0.120538
v -0.031822 1.104144 0.860930
vt 1.361671 1.818477
vn -0.999704 -0.016695 -0.017721
v -0.031639 1.102635 0.852019
vt 1.361719 1.818454
vn -0.999704 -0.016695 -0.017721
v -0.015935 1.050378 0.771839
vt 1.375219 1.798618
vn -0.953533 -0.199408 -0.225855
v -0.020339 1.066491 0.780411
vt 1.371876 1.803103
vn -0.970419 -0.178979 -0.162030
v -0.016716 1.049517 0.777468
vt 1.373836 1.798660
vn -0.966189 -0.192385 -0.171661
v -0.020339 1.066491 0.780411
vt 1.371876 1.803103
vn -0.979996 -0.136497 -0.144830
v 0.016495 0.856651 0.777109
vt 1.387734 1.757913
vn -0.965550 -0.160972 -0.204455
v 0.017317 0.903830 0.771046
vt 1.389930 1.768521
vn -0.937563 -0.117586 -0.327337
v 0.010945 0.903575 0.790033
vt 1.385400 1.768226
vn -0.955057 -0.152866 -0.253966
v 0.064773 0.544127 0.821455
vt 1.384921 1.670306
vn -0.936523 -0.286602 -0.201948
v 0.016495 0.856651 0.777109
vt 1.378955 1.752870
vn -0.965550 -0.160972 -0.204455
v -0.002184 0.903051 0.829150
vt 1.364778 1.764234
vn -0.961779 -0.167162 -0.216880
v 0.073878 0.567613 0.742772
vt 1.401241 1.682390
vn -0.199755 -0.063794 -0.977767
v 0.193959 0.590854 0.719498
vt 1.429492 1.689517
vn -0.123286 -0.064195 -0.990293
v 0.029191 0.840797 0.741948
vt 1.388502 1.748826
vn -0.213772 -0.037689 -0.976156
v 0.164206 0.820408 0.709848
vt 1.421150 1.745176
vn -0.129695 -0.045390 -0.990515
v 0.222641 0.416164 0.744447
vt 1.434332 1.646753
vn -0.049094 -0.257577 -0.965010
v 0.232774 0.492134 0.723652
vt 1.437887 1.665514
vn -0.043080 -0.117071 -0.992189
v 0.125197 0.462653 0.744138
vt 1.412798 1.658232
vn -0.159867 -0.117090 -0.980170
v 0.113974 0.455430 0.818679
vt 1.400060 1.646408
vn -0.698908 -0.688584 -0.193337
v 0.125197 0.462653 0.744138
vt 1.412798 1.658232
vn -0.684362 -0.703452 -0.191844
v 0.073878 0.567613 0.742772
vt 1.401241 1.682390
vn -0.948321 -0.245902 -0.200548
v 0.222641 0.416164 0.744447
vt 1.434332 1.646753
vn -0.180672 -0.970648 -0.158743
v 0.217570 0.405326 0.814965
vt 1.428281 1.629721
vn -0.173593 -0.972217 -0.157033
v 0.321696 0.561361 0.725459
vt 1.459661 1.680982
vn 0.029786 -0.023809 -0.999273
v 0.293850 0.601675 0.720299
vt 1.453291 1.693876
vn 0.029698 -0.050902 -0.998262
v 0.545459 0.415527 0.734504
vt 1.515684 1.646622
vn 0.003280 -0.041015 -0.999153
v 0.563423 0.508896 0.732832
vt 1.521169 1.666966
vn -0.004779 -0.032787 -0.999451
v 0.810748 0.416584 0.731434
vt 1.579121 1.649085
vn -0.022487 -0.048368 -0.998576
v 0.881534 0.488560 0.723208
vt 1.594076 1.666663
vn -0.019295 -0.037076 -0.999126
v 0.890842 0.627112 0.722778
vt 1.598707 1.698317
vn -0.003996 -0.011090 -0.999931
v 0.714380 0.702109 0.719285
vt 1.555884 1.718082
vn 0.007220 0.003826 -0.999967
v 0.884508 0.733451 0.735516
vt 1.599496 1.724989
vn 0.075001 0.106613 -0.991468
v 0.749716 0.768240 0.727275
vt 1.564758 1.734199
vn 0.074208 0.101033 -0.992112
v 0.650354 0.786903 0.721715
vt 1.539861 1.742018
vn 0.066512 0.062222 -0.995844
v 0.632663 0.730893 0.715736
vt 1.534770 1.731124
vn 0.065206 0.057217 -0.996230
v 0.507596 0.786860 0.710366
vt 1.503651 1.747187
vn 0.048032 0.026324 -0.998499
v 0.509417 0.724820 0.710588
vt 1.503459 1.733507
vn 0.042629 0.005401 -0.999076
v 0.459739 0.869494 0.775969
vt 1.483481 1.772514
vn 0.083918 0.869162 -0.487354
v 0.427853 0.840463 0.714606
vt 1.475080 1.760154
vn 0.096240 0.887820 -0.450015
v 0.891267 0.773463 0.727832
vt 1.600721 1.735384
vn -0.091731 0.109394 -0.989757
v 0.809058 0.835081 0.742262
vt 1.582106 1.753688
vn -0.109117 0.003479 -0.994023
v 0.773336 0.786870 0.765335
vt 1.571484 1.743178
vn -0.270066 -0.186144 -0.944677
v 0.884508 0.733451 0.735516
vt 1.599496 1.724989
vn -0.207827 0.109975 -0.971964
v 0.891267 0.773463 0.727832
vt 1.600721 1.735384
vn -0.313683 -0.127692 -0.940902
v 0.773336 0.786870 0.765335
vt 1.571484 1.743178
vn 0.163149 0.787171 -0.594764
v 0.749716 0.768240 0.727275
vt 1.564758 1.734199
vn 0.188524 0.841535 -0.506239
v 0.656283 0.819758 0.787691
vt 1.543346 1.757740
vn 0.166212 0.788623 -0.591986
v 0.650354 0.786903 0.721715
vt 1.539861 1.742018
vn 0.168822 0.788670 -0.591184
v 0.808598 0.401614 0.821449
vt 1.584368 1.628258
vn 0.089997 -0.983235 -0.158585
v 0.810748 0.416584 0.731434
vt 1.579121 1.649085
vn 0.117079 -0.979621 -0.163200
v 0.545459 0.415527 0.734504
vt 1.515684 1.646622
vn -0.004277 -0.989297 -0.145856
v 0.861666 0.436947 0.731509
vt 1.589992 1.654551
vn 0.708426 -0.684098 -0.173617
v 0.869239 0.424213 0.819320
vt 1.601742 1.638186
vn 0.680354 -0.712128 -0.173182
v 0.881534 0.488560 0.723208
vt 1.594076 1.666663
vn 0.963555 -0.174020 -0.203173
v 0.904987 0.494546 0.818049
vt 1.615015 1.658525
vn 0.965826 -0.158719 -0.204911
v 0.890842 0.627112 0.722778
vt 1.598707 1.698317
vn 0.972611 -0.012931 -0.232079
v 0.910080 0.632821 0.818115
vt 1.621081 1.696547
vn 0.972116 -0.007633 -0.234377
v 0.910426 0.784164 0.820929
vt 1.623773 1.736233
vn 0.977688 -0.008432 -0.209893
v 0.891267 0.773463 0.727832
vt 1.600721 1.735384
vn 0.981460 -0.061007 -0.181696
v 0.884508 0.733451 0.735516
vt 1.599496 1.724989
vn 0.968761 0.018117 -0.247332
v 0.861666 0.436947 0.731509
vt 1.589992 1.654551
vn 0.076179 -0.186901 -0.979421
v 0.913529 0.891124 0.828163
vt 1.625223 1.764039
vn 0.975528 -0.114809 -0.187521
v 0.902585 0.918133 0.756492
vt 1.607396 1.770874
vn 0.971240 -0.144814 -0.189003
v 0.902585 0.918133 0.756492
vt 1.607396 1.770874
vn 0.072215 0.018527 -0.997217
v 0.930598 0.994770 0.760043
vt 1.611688 1.787947
vn 0.072215 0.018527 -0.997217
v 0.739134 0.941371 0.745199
vt 1.565870 1.781893
vn 0.041835 0.014428 -0.999020
v 0.737427 1.025718 0.746536
vt 1.566468 1.802203
vn 0.005100 0.007820 -0.999956
v 0.902585 0.918133 0.756492
vt 1.607396 1.770874
vn 0.036415 0.128830 -0.990998
v 0.739134 0.941371 0.745199
vt 1.565870 1.781893
vn -0.171385 -0.082186 -0.981770
v 0.646434 1.037437 0.766326
vt 1.523484 1.805453
vn -0.249465 -0.070390 -0.965822
v 0.625188 0.970345 0.780217
vt 1.517632 1.791698
vn -0.056895 -0.131078 -0.989738
v 0.737427 1.025718 0.746536
vt 1.539861 1.798842
vn 0.005100 0.007820 -0.999956
v 0.693496 0.986065 0.756375
vt 1.531235 1.793653
vn -0.268752 -0.050271 -0.961897
v 0.940852 1.048518 0.757702
vt 1.611872 1.799345
vn 0.051484 -0.056204 -0.997091
v 0.930598 0.994770 0.760043
vt 1.611688 1.787947
vn 0.058194 -0.030506 -0.997839
v 0.940852 1.048518 0.757702
vt 1.611872 1.799345
vn 0.999960 0.008906 -0.000878
v 0.936269 1.048249 0.853923
vt 1.624110 1.814442
vn 0.998352 0.051873 0.024551
v 0.932618 1.091571 0.750456
vt 1.606997 1.806025
vn 0.924679 0.358251 0.128939
v 0.793219 1.093030 0.766855
vt 1.581501 1.817596
vn -0.082125 0.824476 -0.559907
v 0.926050 1.101720 0.761469
vt 1.605877 1.808334
vn 0.812204 0.539396 0.222209
v 0.926803 1.058085 0.853010
vt 1.621459 1.815886
vn 0.812204 0.539396 0.222209
v 0.509417 0.724820 0.710588
vt 1.503459 1.733507
vn 0.085857 -0.892783 -0.442229
v 0.554344 0.686860 0.793425
vt 1.513710 1.716364
vn 0.073482 -0.892121 -0.445781
v 0.632663 0.730893 0.715736
vt 1.534770 1.731124
vn -0.001265 -0.899741 -0.436422
v 0.663951 0.692504 0.792389
vt 1.536631 1.713047
vn -0.834048 0.197491 -0.515132
v 0.551742 0.530774 0.830194
vt 1.512875 1.686263
vn -0.423312 0.827645 -0.368526
v 0.444583 0.560665 0.793889
vt 1.491937 1.686262
vn 0.253716 0.920472 -0.297252
v 0.563423 0.508896 0.732832
vt 1.521169 1.666966
vn -0.426631 0.826004 -0.368380
v 0.321696 0.561361 0.725459
vt 1.459661 1.680982
vn 0.354709 0.866692 -0.350750
v 0.363613 0.667845 0.793700
vt 1.475880 1.707839
vn 0.362771 -0.827229 -0.429056
v 0.387335 0.707602 0.713314
vt 1.474151 1.726405
vn 0.159966 -0.894104 -0.418316
v 0.323297 0.653970 0.717914
vt 1.458918 1.709504
vn 0.778875 -0.527353 -0.339490
v 0.656283 0.819758 0.787691
vt 1.543346 1.757740
vn -0.194980 -0.087268 -0.976917
v 0.625188 0.970345 0.780217
vt 1.535714 1.793086
vn -0.056895 -0.131078 -0.989738
v 0.578113 0.884152 0.789378
vt 1.523871 1.773848
vn 0.020568 -0.094400 -0.995322
v 0.401140 0.806014 0.708073
vt 1.477168 1.748619
vn 0.123035 0.588118 -0.799362
v 0.507596 0.786860 0.710366
vt 1.503651 1.747187
vn 0.153409 0.722388 -0.674256
v 0.502174 0.842433 0.750413
vt 1.503329 1.762532
vn 0.154001 0.725198 -0.671097
v 0.502174 0.842433 0.750413
vt 1.503329 1.762532
vn 0.268616 0.349520 -0.897598
v 0.930598 0.994770 0.760043
vt 1.611688 1.787947
vn 0.939720 -0.281929 -0.193502
v 0.937576 0.974899 0.843740
vt 1.631577 1.786914
vn 0.939720 -0.281929 -0.193502
v 0.930598 0.994770 0.760043
vt 1.611688 1.787947
vn 0.997401 -0.068920 -0.020988
v 0.937576 0.974899 0.843740
vt 1.631577 1.786914
vn 0.997401 -0.068920 -0.020988
v 0.926050 1.101720 0.761469
vt 1.605877 1.808334
vn -0.061113 0.804565 -0.590712
v 0.932618 1.091571 0.750456
vt 1.606997 1.806025
vn -0.007627 0.210598 -0.977543
v 0.714380 0.702109 0.719285
vt 1.555884 1.718082
vn -0.842828 0.376456 -0.384606
v 0.551742 0.530774 0.830194
vt 1.084531 1.509070
vn 0.178073 -0.228428 -0.957137
v 0.663951 0.692504 0.792389
vt 1.109037 1.536701
vn 0.002575 -0.229336 -0.973344
v 0.554344 0.686860 0.793425
vt 1.085392 1.540123
vn 0.058586 -0.165908 -0.984399
v 0.444583 0.560665 0.793889
vt 1.062929 1.509069
vn 0.093189 -0.084230 -0.992079
v 0.323297 0.653970 0.717914
vt 1.458918 1.709504
vn -0.014466 -0.065064 -0.997776
v 0.326819 0.593904 0.793700
vt 1.468685 1.693627
vn 0.813465 0.194723 -0.548049
v 0.293850 0.601675 0.720299
vt 1.453291 1.693876
vn 0.877601 -0.268749 -0.396976
v 0.363613 0.667845 0.793700
vt 1.046366 1.531328
vn -0.000398 -0.001988 -0.999998
v 0.326819 0.593904 0.793700
vt 1.038942 1.516668
vn 0.001376 -0.000703 -0.999999
v 0.493758 0.849153 0.750512
vt 1.490020 1.765534
vn 0.036410 0.803864 -0.593697
v 0.387335 0.707602 0.713314
vt 1.474151 1.726405
vn 0.015676 -0.070607 -0.997381
v 0.350727 0.805613 0.703203
vt 1.464808 1.747018
vn -0.004874 -0.046977 -0.998884
v 0.590051 1.072480 0.862639
vt 1.528828 1.840698
vn 0.021289 0.987014 0.159214
v 0.831050 1.062011 0.856305
vt 1.595674 1.829926
vn -0.004821 0.924060 0.382216
v 0.793219 1.093030 0.766855
vt 1.581501 1.817596
vn -0.004821 0.924060 0.382216
v 0.926803 1.058085 0.853010
vt 1.621459 1.815886
vn -0.004821 0.924060 0.382216
v 0.926050 1.101720 0.761469
vt 1.605877 1.808334
vn -0.004821 0.924060 0.382216
v 0.793219 1.093030 0.766855
vt 1.581501 1.817596
vn 0.020481 0.967727 0.251165
v 0.831050 1.062011 0.856305
vt 1.595674 1.829926
vn 0.020481 0.967727 0.251165
v 0.654650 1.082535 0.791632
vt 1.546619 1.824311
vn 0.020481 0.967727 0.251165
v 0.590051 1.072480 0.862639
vt 1.528828 1.840698
vn 0.020481 0.967727 0.251165
v 0.590051 1.072480 0.862639
vt 1.528828 1.840698
vn 0.046475 0.986984 0.153955
v 0.574322 1.053242 0.778344
vt 1.524238 1.818759
vn 0.070039 0.542839 -0.836911
v 0.600825 1.027799 0.776767
vt 1.532378 1.808776
vn 0.146749 0.016528 -0.989036
v 0.646434 1.037437 0.766326
vt 1.540558 1.811693
vn -0.249465 -0.070390 -0.965822
v 0.600825 1.027799 0.776767
vt 1.515268 1.803881
vn 0.146749 0.016528 -0.989036
v 0.029191 0.840797 0.741948
vt 1.395646 1.754391
vn -0.213772 -0.037689 -0.976156
v 0.164206 0.820408 0.709848
vt 1.422856 1.750849
vn -0.129695 -0.045390 -0.990515
v 0.029021 0.873050 0.742851
vt 1.395502 1.760717
vn -0.225508 0.031282 -0.973739
v 0.166687 0.857819 0.710647
vt 1.423177 1.758204
vn -0.117423 0.018675 -0.992906
v 0.350727 0.805613 0.703203
vt 1.459343 1.751726
vn -0.004874 -0.046977 -0.998884
v 0.345064 0.844813 0.703244
vt 1.458210 1.759149
vn -0.003213 0.018995 -0.999814
v 0.493758 0.849153 0.750512
vt 1.490020 1.765534
vn 0.418032 0.001621 -0.908431
v 0.502174 0.842433 0.750413
vt 1.491748 1.764100
vn 0.386246 0.088908 -0.918101
v 0.578113 0.884152 0.789378
vt 1.509073 1.773238
vn 0.268616 0.349520 -0.897598
v 0.401140 0.806014 0.708073
vt 1.477168 1.748619
vn 0.018267 -0.052126 -0.998473
v 0.427853 0.840463 0.714606
vt 1.475080 1.760154
vn 0.320999 -0.010024 -0.947026
v 0.401140 0.806014 0.708073
vt 1.469689 1.752876
vn 0.170639 0.038507 -0.984581
v 0.578113 0.884152 0.789378
vt 1.509073 1.773238
vn -0.022223 0.766394 -0.641987
v 0.010945 0.903575 0.790033
vt 1.375937 1.765164
vn -0.955057 -0.152866 -0.253966
v 0.029191 0.840797 0.741948
vt 1.395646 1.754391
vn -0.965648 -0.161760 -0.203368
v 0.029021 0.873050 0.742851
vt 1.395502 1.760717
vn -0.936713 -0.014974 -0.349778
v 0.029191 0.840797 0.741948
vt 1.388502 1.748826
vn -0.965648 -0.161760 -0.203368
v -0.009099 1.013044 0.776466
vt 1.385494 1.790876
vn -0.956463 -0.177157 -0.231937
v -0.006961 1.010825 0.771625
vt 1.388624 1.791063
vn -0.928246 -0.208188 -0.308247
v -0.016716 1.049517 0.777468
vt 1.384413 1.797685
vn -0.966189 -0.192385 -0.171661
v -0.015935 1.050378 0.771839
vt 1.387469 1.797968
vn -0.953533 -0.199408 -0.225855
v -0.009099 1.013044 0.776466
vt 1.385330 1.789066
vn -0.956463 -0.177157 -0.231937
v -0.006961 1.010825 0.771625
vt 1.386555 1.788711
vn -0.928246 -0.208188 -0.308247
v -0.006961 1.010825 0.771625
vt 1.386555 1.788711
vn 0.026403 0.010118 -0.999600
v 0.017317 0.903830 0.771046
vt 1.389930 1.768521
vn 0.026730 0.010217 -0.999590
v 0.320802 0.994676 0.780087
vt 1.454464 1.796603
vn 0.012811 0.006219 -0.999899
v 0.353290 0.881062 0.779922
vt 1.460931 1.775965
vn -0.011496 -0.023686 -0.999653
v 0.348636 0.989989 0.774380
vt 1.460322 1.796002
vn -0.214197 -0.120590 -0.969318
v 0.459739 0.869494 0.775969
vt 1.483481 1.772514
vn 0.062381 -0.205912 -0.976580
v 0.405410 0.966559 0.761722
vt 1.474754 1.791118
vn -0.191065 -0.166282 -0.967391
v 0.438483 0.957772 0.753061
vt 1.479677 1.789794
vn -0.149494 -0.294794 -0.943794
v 0.471991 0.956046 0.753292
vt 1.486650 1.789727
vn 0.167064 -0.204619 -0.964480
v 0.578113 0.884152 0.789378
vt 1.509073 1.773238
vn 0.020568 -0.094400 -0.995322
v 0.625188 0.970345 0.780217
vt 1.519255 1.789125
vn -0.056895 -0.131078 -0.989738
v 0.693496 0.986065 0.756375
vt 1.553245 1.795915
vn -0.268752 -0.050271 -0.961897
v -0.026020 1.039249 0.844553
vt 1.357355 1.799170
vn -0.959821 -0.172004 -0.221718
v -0.009099 1.013044 0.776466
vt 1.375402 1.790110
vn -0.956463 -0.177157 -0.231937
usemtl Exterior.004
f 3/3/3 2/2/2 1/1/1
f 4/4/4 2/2/2 3/3/3
f 7/7/7 6/6/6 5/5/5
f 4/4/4 6/6/6 7/7/7
f 9/9/9 6/6/6 8/8/8
f 10/10/10 6/6/6 9/9/9
f 11/11/11 6/6/6 10/10/10
f 13/13/13 12/12/12 7/7/7
f 5/5/5 13/13/13 7/7/7
f 14/14/14 13/13/13 5/5/5
f 8/8/8 4/4/4 3/3/3
f 6/6/6 4/4/4 8/8/8
f 17/17/17 16/16/16 15/15/15
f 18/18/18 16/16/16 17/17/17
f 15/15/15 11/11/11 10/10/10
f 16/16/16 11/11/11 15/15/15
f 20/20/20 15/15/15 19/19/19
f 17/17/17 15/15/15 20/20/20
f 16/16/16 18/18/18 21/21/21
f 6/6/6 11/11/11 5/5/5
f 12/12/12 4/4/4 7/7/7
f 2/2/2 4/4/4 12/12/12
f 23/23/23 14/14/14 22/22/22
f 24/24/24 14/14/14 23/23/23
f 14/14/14 21/21/21 22/22/22
f 5/5/5 21/21/21 14/14/14
f 17/17/17 26/26/26 25/25/25
f 20/20/20 26/26/26 17/17/17
f 29/29/29 28/28/28 27/27/27
f 30/30/30 28/28/28 29/29/29
f 29/29/29 31/31/31 30/30/30
f 32/32/32 31/31/31 29/29/29
f 30/30/30 34/34/34 33/33/33
f 31/31/31 34/34/34 30/30/30
f 30/30/30 35/35/35 28/28/28
f 33/33/33 35/35/35 30/30/30
f 33/33/33 36/36/36 35/35/35
f 37/37/37 36/36/36 33/33/33
f 37/37/37 34/34/34 38/38/38
f 33/33/33 34/34/34 37/37/37
f 37/37/37 40/40/40 39/39/39
f 38/38/38 40/40/40 37/37/37
f 19/19/19 10/10/10 41/41/41
f 15/15/15 10/10/10 19/19/19
f 43/43/43 21/21/21 42/42/42
f 22/22/22 21/21/21 43/43/43
f 42/42/42 18/18/18 44/44/44
f 21/21/21 18/18/18 42/42/42
f 45/45/45 43/43/43 42/42/42
f 46/46/46 43/43/43 45/45/45
f 42/42/42 47/47/47 45/45/45
f 44/44/44 47/47/47 42/42/42
f 40/40/40 38/38/38 48/48/48
f 38/38/38 49/49/49 48/48/48
f 50/50/50 49/49/49 38/38/38
f 34/34/34 50/50/50 38/38/38
f 52/52/52 50/50/50 51/51/51
f 49/49/49 50/50/50 52/52/52
f 54/54/54 51/51/51 53/53/53
f 52/52/52 51/51/51 54/54/54
f 56/56/56 53/53/53 55/55/55
f 54/54/54 53/53/53 56/56/56
f 59/59/59 58/58/58 57/57/57
f 60/60/60 58/58/58 59/59/59
f 50/50/50 34/34/34 51/51/51
f 60/60/60 55/55/55 58/58/58
f 56/56/56 55/55/55 60/60/60
f 62/62/62 58/58/58 61/61/61
f 57/57/57 58/58/58 62/62/62
f 61/61/61 63/63/63 62/62/62
f 51/51/51 64/64/64 53/53/53
f 34/34/34 64/64/64 51/51/51
f 53/53/53 65/65/65 55/55/55
f 64/64/64 65/65/65 53/53/53
f 68/68/68 67/67/67 66/66/66
f 69/69/69 67/67/67 68/68/68
f 70/70/70 61/61/61 65/65/65
f 61/61/61 55/55/55 65/65/65
f 58/58/58 55/55/55 61/61/61
f 73/73/73 72/72/72 71/71/71
f 74/74/74 72/72/72 73/73/73
f 71/71/71 76/76/76 75/75/75
f 72/72/72 76/76/76 71/71/71
f 76/76/76 77/77/77 75/75/75
f 24/24/24 12/12/12 13/13/13
f 24/24/24 13/13/13 14/14/14
f 78/78/78 22/22/22 43/43/43
f 23/23/23 22/22/22 78/78/78
f 79/79/79 43/43/43 46/46/46
f 78/78/78 43/43/43 79/79/79
f 62/62/62 81/81/81 80/80/80
f 83/83/83 82/82/82 76/76/76
f 57/57/57 80/80/80 84/84/84
f 62/62/62 80/80/80 57/57/57
f 83/83/83 72/72/72 85/85/85
f 76/76/76 72/72/72 83/83/83
f 59/59/59 84/84/84 86/86/86
f 57/57/57 84/84/84 59/59/59
f 85/85/85 74/74/74 87/87/87
f 72/72/72 74/74/74 85/85/85
f 78/78/78 73/73/73 71/71/71
f 79/79/79 73/73/73 78/78/78
f 23/23/23 71/71/71 75/75/75
f 78/78/78 71/71/71 23/23/23
f 75/75/75 24/24/24 23/23/23
f 88/88/88 24/24/24 75/75/75
f 21/21/21 11/11/11 16/16/16
f 5/5/5 11/11/11 21/21/21
f 90/90/90 47/47/47 89/89/89
f 45/45/45 47/47/47 90/90/90
f 91/91/91 45/45/45 90/90/90
f 46/46/46 45/45/45 91/91/91
f 44/44/44 92/92/92 47/47/47
f 93/93/93 92/92/92 44/44/44
f 47/47/47 92/92/92 89/89/89
f 17/17/17 44/44/44 18/18/18
f 25/25/25 44/44/44 17/17/17
f 37/37/37 94/94/94 36/36/36
f 39/39/39 94/94/94 37/37/37
f 79/79/79 91/91/91 95/95/95
f 46/46/46 91/91/91 79/79/79
f 97/97/97 74/74/74 96/96/96
f 87/87/87 74/74/74 97/97/97
f 99/99/99 86/86/86 98/98/98
f 59/59/59 86/86/86 99/99/99
f 96/96/96 73/73/73 100/100/100
f 74/74/74 73/73/73 96/96/96
f 100/100/100 79/79/79 95/95/95
f 73/73/73 79/79/79 100/100/100
f 102/102/102 1/1/1 101/101/101
f 3/3/3 1/1/1 102/102/102
f 104/104/104 8/8/8 103/103/103
f 9/9/9 8/8/8 104/104/104
f 103/103/103 3/3/3 102/102/102
f 8/8/8 3/3/3 103/103/103
f 27/27/27 105/105/105 29/29/29
f 106/106/106 105/105/105 27/27/27
f 32/32/32 105/105/105 107/107/107
f 29/29/29 105/105/105 32/32/32
f 107/107/107 105/105/105 108/108/108
f 110/110/110 101/101/101 109/109/109
f 102/102/102 101/101/101 110/110/110
f 106/106/106 108/108/108 105/105/105
f 111/111/111 108/108/108 106/106/106
f 114/114/114 113/113/113 112/112/112
f 104/104/104 113/113/113 114/114/114
f 113/113/113 103/103/103 115/115/115
f 104/104/104 103/103/103 113/113/113
f 115/115/115 102/102/102 110/110/110
f 103/103/103 102/102/102 115/115/115
f 118/118/118 117/117/117 116/116/116
f 118/118/118 120/120/120 119/119/119
f 118/118/118 119/119/119 117/117/117
f 118/118/118 116/116/116 121/121/121
f 124/124/124 123/123/123 122/122/122
f 125/125/125 123/123/123 124/124/124
f 126/126/126 123/123/123 125/125/125
f 127/127/127 123/123/123 126/126/126
f 130/130/130 129/129/129 128/128/128
f 131/131/131 129/129/129 130/130/130
f 132/132/132 131/131/131 130/130/130
f 133/133/133 131/131/131 132/132/132
f 136/136/136 135/135/135 134/134/134
f 137/137/137 135/135/135 136/136/136
f 134/134/134 133/133/133 132/132/132
f 135/135/135 133/133/133 134/134/134
f 128/128/128 139/139/139 138/138/138
f 129/129/129 139/139/139 128/128/128
f 141/141/141 139/139/139 140/140/140
f 138/138/138 139/139/139 141/141/141
f 137/137/137 143/143/143 142/142/142
f 136/136/136 143/143/143 137/137/137
f 145/145/145 122/122/122 144/144/144
f 146/146/146 122/122/122 145/145/145
f 124/124/124 122/122/122 146/146/146
f 148/148/148 125/125/125 147/147/147
f 126/126/126 125/125/125 148/148/148
f 147/147/147 124/124/124 146/146/146
f 125/125/125 124/124/124 147/147/147
f 144/144/144 122/122/122 149/149/149
f 149/149/149 123/123/123 150/150/150
f 122/122/122 123/123/123 149/149/149
f 126/126/126 151/151/151 127/127/127
f 148/148/148 151/151/151 126/126/126
f 154/154/154 153/153/153 152/152/152
f 155/155/155 153/153/153 154/154/154
f 158/158/158 157/157/157 156/156/156
f 161/161/161 160/160/160 159/159/159
f 164/164/164 163/163/163 162/162/162
f 165/165/165 163/163/163 164/164/164
f 168/168/168 167/167/167 166/166/166
f 171/171/171 170/170/170 169/169/169
f 172/172/172 170/170/170 171/171/171
f 108/108/108 173/173/173 107/107/107
f 174/174/174 120/120/120 118/118/118
f 175/175/175 120/120/120 174/174/174
f 114/114/114 9/9/9 104/104/104
f 176/176/176 9/9/9 114/114/114
f 176/176/176 10/10/10 9/9/9
f 41/41/41 10/10/10 176/176/176
f 40/40/40 177/177/177 39/39/39
f 39/39/39 178/178/178 94/94/94
f 177/177/177 178/178/178 39/39/39
f 94/94/94 180/180/180 179/179/179
f 178/178/178 180/180/180 94/94/94
f 179/179/179 182/182/182 181/181/181
f 180/180/180 182/182/182 179/179/179
f 181/181/181 183/183/183 92/92/92
f 182/182/182 183/183/183 181/181/181
f 89/89/89 183/183/183 184/184/184
f 92/92/92 183/183/183 89/89/89
f 89/89/89 186/186/186 185/185/185
f 184/184/184 186/186/186 89/89/89
f 185/185/185 188/188/188 187/187/187
f 186/186/186 188/188/188 185/185/185
f 187/187/187 190/190/190 189/189/189
f 188/188/188 190/190/190 187/187/187
f 190/190/190 191/191/191 189/189/189
f 192/192/192 191/191/191 190/190/190
f 195/195/195 194/194/194 193/193/193
f 196/196/196 194/194/194 195/195/195
f 93/93/93 44/44/44 25/25/25
f 199/199/199 198/198/198 197/197/197
f 200/200/200 198/198/198 199/199/199
f 203/203/203 202/202/202 201/201/201
f 204/204/204 202/202/202 203/203/203
f 207/207/207 206/206/206 205/205/205
f 210/210/210 209/209/209 208/208/208
f 211/211/211 209/209/209 210/210/210
f 214/214/214 213/213/213 212/212/212
f 217/217/217 216/216/216 215/215/215
f 218/218/218 216/216/216 217/217/217
f 221/221/221 220/220/220 219/219/219
f 222/222/222 220/220/220 221/221/221
f 208/208/208 224/224/224 223/223/223
f 209/209/209 224/224/224 208/208/208
f 227/227/227 226/226/226 225/225/225
f 228/228/228 226/226/226 227/227/227
f 231/231/231 230/230/230 229/229/229
f 232/232/232 230/230/230 231/231/231
f 234/234/234 233/233/233 223/223/223
f 235/235/235 233/233/233 234/234/234
f 237/237/237 217/217/217 236/236/236
f 218/218/218 217/217/217 237/237/237
f 220/220/220 238/238/238 219/219/219
f 239/239/239 238/238/238 220/220/220
f 239/239/239 240/240/240 238/238/238
f 241/241/241 240/240/240 239/239/239
f 243/243/243 236/236/236 242/242/242
f 237/237/237 236/236/236 243/243/243
f 233/233/233 245/245/245 244/244/244
f 235/235/235 245/245/245 233/233/233
f 232/232/232 246/246/246 230/230/230
f 247/247/247 246/246/246 232/232/232
f 248/248/248 243/243/243 242/242/242
f 249/249/249 243/243/243 248/248/248
f 241/241/241 250/250/250 240/240/240
f 251/251/251 250/250/250 241/241/241
f 244/244/244 253/253/253 252/252/252
f 245/245/245 253/253/253 244/244/244
f 246/246/246 255/255/255 254/254/254
f 247/247/247 255/255/255 246/246/246
f 257/257/257 248/248/248 256/256/256
f 249/249/249 248/248/248 257/257/257
f 250/250/250 259/259/259 258/258/258
f 251/251/251 259/259/259 250/250/250
f 262/262/262 261/261/261 260/260/260
f 265/265/265 264/264/264 263/263/263
f 266/266/266 264/264/264 265/265/265
f 269/269/269 268/268/268 267/267/267
f 272/272/272 271/271/271 270/270/270
f 273/273/273 271/271/271 272/272/272
f 276/276/276 275/275/275 274/274/274
f 277/277/277 275/275/275 276/276/276
f 280/280/280 279/279/279 278/278/278
f 281/281/281 279/279/279 280/280/280
f 283/283/283 256/256/256 282/282/282
f 284/284/284 256/256/256 283/283/283
f 257/257/257 256/256/256 284/284/284
f 286/286/286 253/253/253 285/285/285
f 252/252/252 253/253/253 286/286/286
f 255/255/255 287/287/287 254/254/254
f 288/288/288 287/287/287 255/255/255
f 259/259/259 289/289/289 258/258/258
f 290/290/290 289/289/289 259/259/259
f 292/292/292 255/255/255 291/291/291
f 295/295/295 294/294/294 293/293/293
f 298/298/298 297/297/297 296/296/296
f 301/301/301 300/300/300 299/299/299
f 304/304/304 303/303/303 302/302/302
f 307/307/307 306/306/306 305/305/305
f 310/310/310 309/309/309 308/308/308
f 313/313/313 312/312/312 311/311/311
f 316/316/316 315/315/315 314/314/314
f 319/319/319 318/318/318 317/317/317
f 322/322/322 321/321/321 320/320/320
f 325/325/325 324/324/324 323/323/323
f 326/326/326 324/324/324 325/325/325
f 329/329/329 328/328/328 327/327/327
f 329/329/329 330/330/330 328/328/328
f 331/331/331 330/330/330 329/329/329
f 331/331/331 332/332/332 330/330/330
f 333/333/333 332/332/332 331/331/331
f 333/333/333 334/334/334 332/332/332
f 335/335/335 334/334/334 333/333/333
f 338/338/338 337/337/337 336/336/336
f 339/339/339 337/337/337 338/338/338
f 342/342/342 341/341/341 340/340/340
f 343/343/343 341/341/341 342/342/342
f 345/345/345 340/340/340 344/344/344
f 342/342/342 340/340/340 345/345/345
f 347/347/347 344/344/344 346/346/346
f 345/345/345 344/344/344 347/347/347
f 349/349/349 346/346/346 348/348/348
f 347/347/347 346/346/346 349/349/349
f 351/351/351 348/348/348 350/350/350
f 349/349/349 348/348/348 351/351/351
f 353/353/353 350/350/350 352/352/352
f 351/351/351 350/350/350 353/353/353
f 325/325/325 352/352/352 326/326/326
f 353/353/353 352/352/352 325/325/325
f 356/356/356 355/355/355 354/354/354
f 357/357/357 355/355/355 356/356/356
f 360/360/360 359/359/359 358/358/358
f 361/361/361 359/359/359 360/360/360
f 357/357/357 358/358/358 359/359/359
f 356/356/356 358/358/358 357/357/357
f 334/334/334 362/362/362 343/343/343
f 335/335/335 362/362/362 334/334/334
f 362/362/362 341/341/341 343/343/343
f 365/365/365 364/364/364 363/363/363
f 366/366/366 364/364/364 365/365/365
f 369/369/369 368/368/368 367/367/367
f 372/372/372 371/371/371 370/370/370
f 373/373/373 371/371/371 372/372/372
f 376/376/376 375/375/375 374/374/374
f 377/377/377 375/375/375 376/376/376
f 378/378/378 367/367/367 368/368/368
f 379/379/379 367/367/367 378/378/378
f 382/382/382 381/381/381 380/380/380
f 383/383/383 381/381/381 382/382/382
f 386/386/386 385/385/385 384/384/384
f 384/384/384 388/388/388 387/387/387
f 385/385/385 388/388/388 384/384/384
f 387/387/387 390/390/390 389/389/389
f 388/388/388 390/390/390 387/387/387
f 389/389/389 390/390/390 391/391/391
f 391/391/391 393/393/393 392/392/392
f 390/390/390 393/393/393 391/391/391
f 392/392/392 395/395/395 394/394/394
f 393/393/393 395/395/395 392/392/392
f 394/394/394 397/397/397 396/396/396
f 395/395/395 397/397/397 394/394/394
f 396/396/396 397/397/397 398/398/398
f 398/398/398 400/400/400 399/399/399
f 397/397/397 400/400/400 398/398/398
f 399/399/399 402/402/402 401/401/401
f 400/400/400 402/402/402 399/399/399
f 401/401/401 377/377/377 376/376/376
f 402/402/402 377/377/377 401/401/401
f 405/405/405 404/404/404 403/403/403
f 406/406/406 404/404/404 405/405/405
f 409/409/409 408/408/408 407/407/407
f 410/410/410 408/408/408 409/409/409
f 413/413/413 412/412/412 411/411/411
f 414/414/414 412/412/412 413/413/413
f 416/416/416 411/411/411 415/415/415
f 413/413/413 411/411/411 416/416/416
f 419/419/419 418/418/418 417/417/417
f 420/420/420 418/418/418 419/419/419
f 422/422/422 417/417/417 421/421/421
f 419/419/419 417/417/417 422/422/422
f 407/407/407 423/423/423 409/409/409
f 424/424/424 423/423/423 407/407/407
f 412/412/412 408/408/408 410/410/410
f 414/414/414 408/408/408 412/412/412
f 423/423/423 426/426/426 425/425/425
f 424/424/424 426/426/426 423/423/423
f 420/420/420 403/403/403 418/418/418
f 405/405/405 403/403/403 420/420/420
f 406/406/406 427/427/427 404/404/404
f 428/428/428 427/427/427 406/406/406
f 431/431/431 430/430/430 429/429/429
f 432/432/432 430/430/430 431/431/431
f 434/434/434 415/415/415 433/433/433
f 416/416/416 415/415/415 434/434/434
f 437/437/437 436/436/436 435/435/435
f 438/438/438 436/436/436 437/437/437
f 441/441/441 440/440/440 439/439/439
f 442/442/442 440/440/440 441/441/441
f 445/445/445 444/444/444 443/443/443
f 446/446/446 444/444/444 445/445/445
f 449/449/449 448/448/448 447/447/447
f 450/450/450 448/448/448 449/449/449
f 447/447/447 452/452/452 451/451/451
f 448/448/448 452/452/452 447/447/447
f 455/455/455 454/454/454 453/453/453
f 456/456/456 454/454/454 455/455/455
f 421/421/421 426/426/426 422/422/422
f 425/425/425 426/426/426 421/421/421
f 453/453/453 458/458/458 457/457/457
f 454/454/454 458/458/458 453/453/453
f 461/461/461 460/460/460 459/459/459
f 462/462/462 460/460/460 461/461/461
f 465/465/465 464/464/464 463/463/463
f 466/466/466 464/464/464 465/465/465
f 430/430/430 468/468/468 467/467/467
f 432/432/432 468/468/468 430/430/430
f 467/467/467 470/470/470 469/469/469
f 468/468/468 470/470/470 467/467/467
f 473/473/473 472/472/472 471/471/471
f 476/476/476 475/475/475 474/474/474
f 477/477/477 475/475/475 476/476/476
f 474/474/474 479/479/479 478/478/478
f 475/475/475 479/479/479 474/474/474
f 478/478/478 481/481/481 480/480/480
f 479/479/479 481/481/481 478/478/478
f 480/480/480 483/483/483 482/482/482
f 481/481/481 483/483/483 480/480/480
f 486/486/486 485/485/485 484/484/484
f 487/487/487 485/485/485 486/486/486
f 490/490/490 489/489/489 488/488/488
f 491/491/491 489/489/489 490/490/490
f 494/494/494 493/493/493 492/492/492
f 495/495/495 493/493/493 494/494/494
f 498/498/498 497/497/497 496/496/496
f 499/499/499 497/497/497 498/498/498
f 502/502/502 501/501/501 500/500/500
f 503/503/503 501/501/501 502/502/502
f 506/506/506 505/505/505 504/504/504
f 507/507/507 505/505/505 506/506/506
f 510/510/510 509/509/509 508/508/508
f 511/511/511 509/509/509 510/510/510
f 514/514/514 513/513/513 512/512/512
f 515/515/515 513/513/513 514/514/514
f 517/517/517 476/476/476 516/516/516
f 477/477/477 476/476/476 517/517/517
f 520/520/520 519/519/519 518/518/518
f 521/521/521 519/519/519 520/520/520
f 524/524/524 523/523/523 522/522/522
f 525/525/525 523/523/523 524/524/524
f 526/526/526 525/525/525 524/524/524
f 527/527/527 525/525/525 526/526/526
f 528/528/528 527/527/527 526/526/526
f 529/529/529 527/527/527 528/528/528
f 530/530/530 529/529/529 528/528/528
f 531/531/531 529/529/529 530/530/530
f 532/532/532 531/531/531 530/530/530
f 533/533/533 531/531/531 532/532/532
f 534/534/534 533/533/533 532/532/532
f 535/535/535 533/533/533 534/534/534
f 536/536/536 535/535/535 534/534/534
f 537/537/537 535/535/535 536/536/536
f 538/538/538 537/537/537 536/536/536
f 539/539/539 537/537/537 538/538/538
f 540/540/540 539/539/539 538/538/538
f 541/541/541 539/539/539 540/540/540
f 542/542/542 541/541/541 540/540/540
f 543/543/543 541/541/541 542/542/542
f 544/544/544 543/543/543 542/542/542
f 545/545/545 543/543/543 544/544/544
f 546/546/546 545/545/545 544/544/544
f 547/547/547 545/545/545 546/546/546
f 522/522/522 549/549/549 548/548/548
f 523/523/523 549/549/549 522/522/522
f 549/549/549 550/550/550 548/548/548
f 551/551/551 550/550/550 549/549/549
f 554/554/554 553/553/553 552/552/552
f 557/557/557 556/556/556 555/555/555
f 558/558/558 556/556/556 557/557/557
f 428/428/428 559/559/559 427/427/427
f 560/560/560 559/559/559 428/428/428
f 470/470/470 561/561/561 469/469/469
f 562/562/562 561/561/561 470/470/470
f 558/558/558 517/517/517 516/516/516
f 557/557/557 517/517/517 558/558/558
f 563/563/563 550/550/550 551/551/551
f 564/564/564 559/559/559 560/560/560
f 565/565/565 559/559/559 564/564/564
f 568/568/568 567/567/567 566/566/566
f 569/569/569 567/567/567 568/568/568
f 570/570/570 561/561/561 562/562/562
f 571/571/571 561/561/561 570/570/570
f 574/574/574 573/573/573 572/572/572
f 577/577/577 576/576/576 575/575/575
f 433/433/433 578/578/578 434/434/434
f 579/579/579 578/578/578 433/433/433
f 512/512/512 513/513/513 580/580/580
f 472/472/472 582/582/582 581/581/581
f 473/473/473 582/582/582 472/472/472
f 585/585/585 584/584/584 583/583/583
f 586/586/586 584/584/584 585/585/585
f 587/587/587 586/586/586 585/585/585
f 588/588/588 586/586/586 587/587/587
f 589/589/589 588/588/588 587/587/587
f 590/590/590 588/588/588 589/589/589
f 591/591/591 590/590/590 589/589/589
f 592/592/592 590/590/590 591/591/591
f 595/595/595 594/594/594 593/593/593
f 596/596/596 594/594/594 595/595/595
f 599/599/599 598/598/598 597/597/597
f 600/600/600 598/598/598 599/599/599
f 601/601/601 599/599/599 597/597/597
f 602/602/602 599/599/599 601/601/601
f 603/603/603 602/602/602 601/601/601
f 604/604/604 602/602/602 603/603/603
f 605/605/605 604/604/604 603/603/603
f 606/606/606 604/604/604 605/605/605
f 609/609/609 608/608/608 607/607/607
f 610/610/610 608/608/608 609/609/609
f 610/610/610 612/612/612 611/611/611
f 609/609/609 612/612/612 610/610/610
f 611/611/611 594/594/594 596/596/596
f 612/612/612 594/594/594 611/611/611
f 597/597/597 593/593/593 594/594/594
f 598/598/598 593/593/593 597/597/597
f 597/597/597 612/612/612 601/601/601
f 594/594/594 612/612/612 597/597/597
f 601/601/601 609/609/609 603/603/603
f 612/612/612 609/609/609 601/601/601
f 603/603/603 607/607/607 605/605/605
f 609/609/609 607/607/607 603/603/603
f 615/615/615 614/614/614 613/613/613
f 616/616/616 614/614/614 615/615/615
f 619/619/619 618/618/618 617/617/617
f 620/620/620 618/618/618 619/619/619
f 618/618/618 621/621/621 617/617/617
f 622/622/622 621/621/621 618/618/618
f 621/621/621 616/616/616 615/615/615
f 622/622/622 616/616/616 621/621/621
f 625/625/625 624/624/624 623/623/623
f 626/626/626 624/624/624 625/625/625
f 629/629/629 628/628/628 627/627/627
f 630/630/630 628/628/628 629/629/629
f 627/627/627 631/631/631 629/629/629
f 632/632/632 631/631/631 627/627/627
f 623/623/623 630/630/630 625/625/625
f 628/628/628 630/630/630 623/623/623
f 635/635/635 634/634/634 633/633/633
f 636/636/636 634/634/634 635/635/635
f 637/637/637 636/636/636 635/635/635
f 638/638/638 636/636/636 637/637/637
f 639/639/639 638/638/638 637/637/637
f 640/640/640 638/638/638 639/639/639
f 641/641/641 640/640/640 639/639/639
f 642/642/642 640/640/640 641/641/641
f 643/643/643 642/642/642 641/641/641
f 644/644/644 642/642/642 643/643/643
f 645/645/645 644/644/644 643/643/643
f 646/646/646 644/644/644 645/645/645
f 647/647/647 646/646/646 645/645/645
f 648/648/648 646/646/646 647/647/647
f 633/633/633 648/648/648 647/647/647
f 634/634/634 648/648/648 633/633/633
f 651/651/651 650/650/650 649/649/649
f 652/652/652 651/651/651 649/649/649
f 653/653/653 652/652/652 649/649/649
f 654/654/654 653/653/653 649/649/649
f 655/655/655 654/654/654 649/649/649
f 656/656/656 655/655/655 649/649/649
f 657/657/657 656/656/656 649/649/649
f 650/650/650 657/657/657 649/649/649
f 660/660/660 659/659/659 658/658/658
f 661/661/661 659/659/659 660/660/660
f 662/662/662 661/661/661 660/660/660
f 663/663/663 661/661/661 662/662/662
f 664/664/664 663/663/663 662/662/662
f 665/665/665 663/663/663 664/664/664
f 666/666/666 665/665/665 664/664/664
f 667/667/667 665/665/665 666/666/666
f 668/668/668 667/667/667 666/666/666
f 669/669/669 667/667/667 668/668/668
f 670/670/670 669/669/669 668/668/668
f 671/671/671 669/669/669 670/670/670
f 672/672/672 671/671/671 670/670/670
f 673/673/673 671/671/671 672/672/672
f 658/658/658 673/673/673 672/672/672
f 659/659/659 673/673/673 658/658/658
f 676/676/676 675/675/675 674/674/674
f 677/677/677 675/675/675 676/676/676
f 674/674/674 679/679/679 678/678/678
f 675/675/675 679/679/679 674/674/674
f 678/678/678 681/681/681 680/680/680
f 679/679/679 681/681/681 678/678/678
f 680/680/680 683/683/683 682/682/682
f 681/681/681 683/683/683 680/680/680
f 682/682/682 685/685/685 684/684/684
f 683/683/683 685/685/685 682/682/682
f 684/684/684 687/687/687 686/686/686
f 685/685/685 687/687/687 684/684/684
f 686/686/686 689/689/689 688/688/688
f 687/687/687 689/689/689 686/686/686
f 688/688/688 677/677/677 676/676/676
f 689/689/689 677/677/677 688/688/688
f 692/692/692 691/691/691 690/690/690
f 693/693/693 691/691/691 692/692/692
f 694/694/694 693/693/693 692/692/692
f 695/695/695 693/693/693 694/694/694
f 696/696/696 695/695/695 694/694/694
f 697/697/697 695/695/695 696/696/696
f 698/698/698 697/697/697 696/696/696
f 699/699/699 697/697/697 698/698/698
f 700/700/700 699/699/699 698/698/698
f 701/701/701 699/699/699 700/700/700
f 702/702/702 701/701/701 700/700/700
f 703/703/703 701/701/701 702/702/702
f 704/704/704 703/703/703 702/702/702
f 705/705/705 703/703/703 704/704/704
f 690/690/690 705/705/705 704/704/704
f 691/691/691 705/705/705 690/690/690
f 708/708/708 707/707/707 706/706/706
f 709/709/709 708/708/708 706/706/706
f 710/710/710 709/709/709 706/706/706
f 711/711/711 710/710/710 706/706/706
f 712/712/712 711/711/711 706/706/706
f 713/713/713 712/712/712 706/706/706
f 714/714/714 713/713/713 706/706/706
f 707/707/707 714/714/714 706/706/706
f 717/717/717 716/716/716 715/715/715
f 718/718/718 716/716/716 717/717/717
f 719/719/719 718/718/718 717/717/717
f 720/720/720 718/718/718 719/719/719
f 721/721/721 720/720/720 719/719/719
f 722/722/722 720/720/720 721/721/721
f 723/723/723 722/722/722 721/721/721
f 724/724/724 722/722/722 723/723/723
f 725/725/725 724/724/724 723/723/723
f 726/726/726 724/724/724 725/725/725
f 727/727/727 726/726/726 725/725/725
f 728/728/728 726/726/726 727/727/727
f 729/729/729 728/728/728 727/727/727
f 730/730/730 728/728/728 729/729/729
f 715/715/715 730/730/730 729/729/729
f 716/716/716 730/730/730 715/715/715
f 733/733/733 732/732/732 731/731/731
f 734/734/734 732/732/732 733/733/733
f 731/731/731 736/736/736 735/735/735
f 732/732/732 736/736/736 731/731/731
f 735/735/735 738/738/738 737/737/737
f 736/736/736 738/738/738 735/735/735
f 737/737/737 740/740/740 739/739/739
f 738/738/738 740/740/740 737/737/737
f 739/739/739 742/742/742 741/741/741
f 740/740/740 742/742/742 739/739/739
f 741/741/741 744/744/744 743/743/743
f 742/742/742 744/744/744 741/741/741
f 743/743/743 746/746/746 745/745/745
f 744/744/744 746/746/746 743/743/743
f 745/745/745 734/734/734 733/733/733
f 746/746/746 734/734/734 745/745/745
f 749/749/749 748/748/748 747/747/747
f 750/750/750 748/748/748 749/749/749
f 753/753/753 752/752/752 751/751/751
f 754/754/754 752/752/752 753/753/753
f 757/757/757 756/756/756 755/755/755
f 758/758/758 756/756/756 757/757/757
f 759/759/759 758/758/758 757/757/757
f 760/760/760 758/758/758 759/759/759
f 755/755/755 762/762/762 761/761/761
f 756/756/756 762/762/762 755/755/755
f 765/765/765 764/764/764 763/763/763
f 766/766/766 764/764/764 765/765/765
f 767/767/767 766/766/766 765/765/765
f 768/768/768 766/766/766 767/767/767
f 769/769/769 768/768/768 767/767/767
f 770/770/770 768/768/768 769/769/769
f 773/773/773 772/772/772 771/771/771
f 774/774/774 772/772/772 773/773/773
f 775/775/775 774/774/774 773/773/773
f 776/776/776 774/774/774 775/775/775
f 777/777/777 776/776/776 775/775/775
f 778/778/778 776/776/776 777/777/777
f 779/779/779 778/778/778 777/777/777
f 780/780/780 778/778/778 779/779/779
f 781/781/781 780/780/780 779/779/779
f 782/782/782 780/780/780 781/781/781
f 783/783/783 782/782/782 781/781/781
f 784/784/784 782/782/782 783/783/783
f 785/785/785 784/784/784 783/783/783
f 786/786/786 784/784/784 785/785/785
f 771/771/771 786/786/786 785/785/785
f 772/772/772 786/786/786 771/771/771
f 789/789/789 788/788/788 787/787/787
f 790/790/790 789/789/789 787/787/787
f 791/791/791 790/790/790 787/787/787
f 792/792/792 791/791/791 787/787/787
f 793/793/793 792/792/792 787/787/787
f 794/794/794 793/793/793 787/787/787
f 795/795/795 794/794/794 787/787/787
f 788/788/788 795/795/795 787/787/787
f 798/798/798 797/797/797 796/796/796
f 799/799/799 797/797/797 798/798/798
f 800/800/800 799/799/799 798/798/798
f 801/801/801 799/799/799 800/800/800
f 802/802/802 801/801/801 800/800/800
f 803/803/803 801/801/801 802/802/802
f 804/804/804 803/803/803 802/802/802
f 805/805/805 803/803/803 804/804/804
f 806/806/806 805/805/805 804/804/804
f 807/807/807 805/805/805 806/806/806
f 808/808/808 807/807/807 806/806/806
f 809/809/809 807/807/807 808/808/808
f 810/810/810 809/809/809 808/808/808
f 811/811/811 809/809/809 810/810/810
f 796/796/796 811/811/811 810/810/810
f 797/797/797 811/811/811 796/796/796
f 814/814/814 813/813/813 812/812/812
f 815/815/815 813/813/813 814/814/814
f 812/812/812 817/817/817 816/816/816
f 813/813/813 817/817/817 812/812/812
f 816/816/816 819/819/819 818/818/818
f 817/817/817 819/819/819 816/816/816
f 818/818/818 821/821/821 820/820/820
f 819/819/819 821/821/821 818/818/818
f 820/820/820 823/823/823 822/822/822
f 821/821/821 823/823/823 820/820/820
f 822/822/822 825/825/825 824/824/824
f 823/823/823 825/825/825 822/822/822
f 824/824/824 827/827/827 826/826/826
f 825/825/825 827/827/827 824/824/824
f 826/826/826 815/815/815 814/814/814
f 827/827/827 815/815/815 826/826/826
f 830/830/830 829/829/829 828/828/828
f 831/831/831 829/829/829 830/830/830
f 832/832/832 831/831/831 830/830/830
f 833/833/833 831/831/831 832/832/832
f 834/834/834 833/833/833 832/832/832
f 835/835/835 833/833/833 834/834/834
f 836/836/836 835/835/835 834/834/834
f 837/837/837 835/835/835 836/836/836
f 838/838/838 837/837/837 836/836/836
f 839/839/839 837/837/837 838/838/838
f 840/840/840 839/839/839 838/838/838
f 841/841/841 839/839/839 840/840/840
f 842/842/842 841/841/841 840/840/840
f 843/843/843 841/841/841 842/842/842
f 828/828/828 843/843/843 842/842/842
f 829/829/829 843/843/843 828/828/828
f 846/846/846 845/845/845 844/844/844
f 847/847/847 846/846/846 844/844/844
f 848/848/848 847/847/847 844/844/844
f 849/849/849 848/848/848 844/844/844
f 850/850/850 849/849/849 844/844/844
f 851/851/851 850/850/850 844/844/844
f 852/852/852 851/851/851 844/844/844
f 845/845/845 852/852/852 844/844/844
f 855/855/855 854/854/854 853/853/853
f 856/856/856 854/854/854 855/855/855
f 857/857/857 856/856/856 855/855/855
f 858/858/858 856/856/856 857/857/857
f 859/859/859 858/858/858 857/857/857
f 860/860/860 858/858/858 859/859/859
f 861/861/861 860/860/860 859/859/859
f 862/862/862 860/860/860 861/861/861
f 863/863/863 862/862/862 861/861/861
f 864/864/864 862/862/862 863/863/863
f 865/865/865 864/864/864 863/863/863
f 866/866/866 864/864/864 865/865/865
f 867/867/867 866/866/866 865/865/865
f 868/868/868 866/866/866 867/867/867
f 853/853/853 868/868/868 867/867/867
f 854/854/854 868/868/868 853/853/853
f 871/871/871 870/870/870 869/869/869
f 872/872/872 870/870/870 871/871/871
f 869/869/869 874/874/874 873/873/873
f 870/870/870 874/874/874 869/869/869
f 873/873/873 876/876/876 875/875/875
f 874/874/874 876/876/876 873/873/873
f 875/875/875 878/878/878 877/877/877
f 876/876/876 878/878/878 875/875/875
f 877/877/877 880/880/880 879/879/879
f 878/878/878 880/880/880 877/877/877
f 879/879/879 882/882/882 881/881/881
f 880/880/880 882/882/882 879/879/879
f 881/881/881 884/884/884 883/883/883
f 882/882/882 884/884/884 881/881/881
f 883/883/883 872/872/872 871/871/871
f 884/884/884 872/872/872 883/883/883
f 887/887/887 886/886/886 885/885/885
f 888/888/888 886/886/886 887/887/887
f 889/889/889 888/888/888 887/887/887
f 890/890/890 888/888/888 889/889/889
f 891/891/891 890/890/890 889/889/889
f 892/892/892 890/890/890 891/891/891
f 893/893/893 892/892/892 891/891/891
f 894/894/894 892/892/892 893/893/893
f 895/895/895 894/894/894 893/893/893
f 896/896/896 894/894/894 895/895/895
f 897/897/897 896/896/896 895/895/895
f 898/898/898 896/896/896 897/897/897
f 899/899/899 898/898/898 897/897/897
f 900/900/900 898/898/898 899/899/899
f 885/885/885 900/900/900 899/899/899
f 886/886/886 900/900/900 885/885/885
f 903/903/903 902/902/902 901/901/901
f 904/904/904 903/903/903 901/901/901
f 905/905/905 904/904/904 901/901/901
f 906/906/906 905/905/905 901/901/901
f 907/907/907 906/906/906 901/901/901
f 908/908/908 907/907/907 901/901/901
f 909/909/909 908/908/908 901/901/901
f 902/902/902 909/909/909 901/901/901
f 912/912/912 911/911/911 910/910/910
f 913/913/913 911/911/911 912/912/912
f 914/914/914 913/913/913 912/912/912
f 915/915/915 913/913/913 914/914/914
f 916/916/916 915/915/915 914/914/914
f 917/917/917 915/915/915 916/916/916
f 918/918/918 917/917/917 916/916/916
f 919/919/919 917/917/917 918/918/918
f 920/920/920 919/919/919 918/918/918
f 921/921/921 919/919/919 920/920/920
f 922/922/922 921/921/921 920/920/920
f 923/923/923 921/921/921 922/922/922
f 924/924/924 923/923/923 922/922/922
f 925/925/925 923/923/923 924/924/924
f 910/910/910 925/925/925 924/924/924
f 911/911/911 925/925/925 910/910/910
f 928/928/928 927/927/927 926/926/926
f 929/929/929 927/927/927 928/928/928
f 926/926/926 931/931/931 930/930/930
f 927/927/927 931/931/931 926/926/926
f 930/930/930 933/933/933 932/932/932
f 931/931/931 933/933/933 930/930/930
f 932/932/932 935/935/935 934/934/934
f 933/933/933 935/935/935 932/932/932
f 934/934/934 937/937/937 936/936/936
f 935/935/935 937/937/937 934/934/934
f 936/936/936 939/939/939 938/938/938
f 937/937/937 939/939/939 936/936/936
f 938/938/938 941/941/941 940/940/940
f 939/939/939 941/941/941 938/938/938
f 940/940/940 929/929/929 928/928/928
f 941/941/941 929/929/929 940/940/940
f 944/944/944 943/943/943 942/942/942
f 945/945/945 943/943/943 944/944/944
f 948/948/948 947/947/947 946/946/946
f 949/949/949 947/947/947 948/948/948
f 952/952/952 951/951/951 950/950/950
f 953/953/953 951/951/951 952/952/952
f 956/956/956 955/955/955 954/954/954
f 957/957/957 955/955/955 956/956/956
f 960/960/960 959/959/959 958/958/958
f 961/961/961 959/959/959 960/960/960
f 956/956/956 943/943/943 945/945/945
f 954/954/954 943/943/943 956/956/956
f 944/944/944 947/947/947 949/949/949
f 942/942/942 947/947/947 944/944/944
f 948/948/948 951/951/951 953/953/953
f 946/946/946 951/951/951 948/948/948
f 952/952/952 955/955/955 957/957/957
f 950/950/950 955/955/955 952/952/952
f 961/961/961 962/962/962 959/959/959
f 963/963/963 962/962/962 961/961/961
f 958/958/958 964/964/964 960/960/960
f 965/965/965 964/964/964 958/958/958
f 968/968/968 967/967/967 966/966/966
f 969/969/969 967/967/967 968/968/968
f 972/972/972 971/971/971 970/970/970
f 975/975/975 974/974/974 973/973/973
f 976/976/976 974/974/974 975/975/975
f 979/979/979 978/978/978 977/977/977
f 982/982/982 981/981/981 980/980/980
f 985/985/985 984/984/984 983/983/983
f 986/986/986 984/984/984 985/985/985
f 987/987/987 986/986/986 985/985/985
f 988/988/988 986/986/986 987/987/987
f 991/991/991 990/990/990 989/989/989
f 992/992/992 990/990/990 991/991/991
f 993/993/993 992/992/992 991/991/991
f 994/994/994 992/992/992 993/993/993
f 995/995/995 994/994/994 993/993/993
f 996/996/996 994/994/994 995/995/995
f 997/997/997 996/996/996 995/995/995
f 998/998/998 996/996/996 997/997/997
f 984/984/984 999/999/999 983/983/983
f 990/990/990 987/987/987 989/989/989
f 988/988/988 987/987/987 990/990/990
f 1001/1001/1001 1000/1000/1000 980/980/980
f 1002/1002/1002 1001/1001/1001 980/980/980
f 1004/1004/1004 1003/1003/1003 980/980/980
f 1005/1005/1005 1004/1004/1004 980/980/980
f 1006/1006/1006 1005/1005/1005 980/980/980
f 981/981/981 1006/1006/1006 980/980/980
f 1000/1000/1000 1007/1007/1007 980/980/980
f 1003/1003/1003 1002/1002/1002 980/980/980
f 975/975/975 1007/1007/1007 976/976/976
f 1008/1008/1008 1007/1007/1007 975/975/975
f 980/980/980 1007/1007/1007 1008/1008/1008
f 982/982/982 980/980/980 1008/1008/1008
f 1011/1011/1011 1010/1010/1010 1009/1009/1009
f 1012/1012/1012 1010/1010/1010 1011/1011/1011
f 1/1/1 1013/1013/1013 101/101/101
f 1014/1014/1014 1013/1013/1013 1/1/1
f 1017/1017/1017 1016/1016/1016 1015/1015/1015
usemtl Paint.004
f 1020/1020/1020 1019/1019/1019 1018/1018/1018
f 1021/1021/1021 1019/1019/1019 1020/1020/1020
f 1023/1023/1023 1020/1020/1020 1022/1022/1022
f 1021/1021/1021 1020/1020/1020 1023/1023/1023
f 1026/1026/1026 1025/1025/1025 1024/1024/1024
f 1027/1027/1027 1025/1025/1025 1026/1026/1026
f 1030/1030/1030 1029/1029/1029 1028/1028/1028
f 1031/1031/1031 1029/1029/1029 1030/1030/1030
f 1034/1034/1034 1033/1033/1033 1032/1032/1032
f 1035/1035/1035 1033/1033/1033 1034/1034/1034
f 1038/1038/1038 1037/1037/1037 1036/1036/1036
f 1039/1039/1039 1037/1037/1037 1038/1038/1038
f 1042/1042/1042 1041/1041/1041 1040/1040/1040
f 1043/1043/1043 1041/1041/1041 1042/1042/1042
f 1025/1025/1025 1045/1045/1045 1044/1044/1044
f 1039/1039/1039 1045/1045/1045 1025/1025/1025
f 1048/1048/1048 1047/1047/1047 1046/1046/1046
f 1049/1049/1049 1047/1047/1047 1048/1048/1048
f 1029/1029/1029 1050/1050/1050 1034/1034/1034
f 1046/1046/1046 1050/1050/1050 1029/1029/1029
f 1050/1050/1050 1052/1052/1052 1051/1051/1051
f 1053/1053/1053 1052/1052/1052 1050/1050/1050
f 1034/1034/1034 1051/1051/1051 1035/1035/1035
f 1050/1050/1050 1051/1051/1051 1034/1034/1034
f 1055/1055/1055 1038/1038/1038 1054/1054/1054
f 1056/1056/1056 1038/1038/1038 1055/1055/1055
f 1052/1052/1052 1058/1058/1058 1057/1057/1057
f 1053/1053/1053 1058/1058/1058 1052/1052/1052
f 1059/1059/1059 1038/1038/1038 1036/1036/1036
f 1054/1054/1054 1038/1038/1038 1059/1059/1059
f 1060/1060/1060 1023/1023/1023 1022/1022/1022
f 1061/1061/1061 1023/1023/1023 1060/1060/1060
f 1042/1042/1042 1062/1062/1062 1043/1043/1043
f 1043/1043/1043 1063/1063/1063 1041/1041/1041
f 1064/1064/1064 1063/1063/1063 1043/1043/1043
f 1041/1041/1041 1037/1037/1037 1040/1040/1040
f 1036/1036/1036 1037/1037/1037 1041/1041/1041
f 1064/1064/1064 1062/1062/1062 1065/1065/1065
f 1043/1043/1043 1062/1062/1062 1064/1064/1064
f 1018/1018/1018 1067/1067/1067 1066/1066/1066
f 1019/1019/1019 1067/1067/1067 1018/1018/1018
f 1065/1065/1065 1069/1069/1069 1068/1068/1068
f 1070/1070/1070 1069/1069/1069 1065/1065/1065
f 1064/1064/1064 1068/1068/1068 1071/1071/1071
f 1065/1065/1065 1068/1068/1068 1064/1064/1064
f 1072/1072/1072 1064/1064/1064 1071/1071/1071
f 1063/1063/1063 1064/1064/1064 1072/1072/1072
f 1074/1074/1074 1071/1071/1071 1073/1073/1073
f 1072/1072/1072 1071/1071/1071 1074/1074/1074
f 1059/1059/1059 1072/1072/1072 1075/1075/1075
f 1063/1063/1063 1072/1072/1072 1059/1059/1059
f 1059/1059/1059 1076/1076/1076 1054/1054/1054
f 1075/1075/1075 1076/1076/1076 1059/1059/1059
f 1078/1078/1078 1075/1075/1075 1077/1077/1077
f 1076/1076/1076 1075/1075/1075 1078/1078/1078
f 1055/1055/1055 1076/1076/1076 1079/1079/1079
f 1054/1054/1054 1076/1076/1076 1055/1055/1055
f 1082/1082/1082 1081/1081/1081 1080/1080/1080
f 1083/1083/1083 1081/1081/1081 1082/1082/1082
f 1085/1085/1085 1083/1083/1083 1084/1084/1084
f 1081/1081/1081 1083/1083/1083 1085/1085/1085
f 1058/1058/1058 1081/1081/1081 1086/1086/1086
f 1080/1080/1080 1081/1081/1081 1058/1058/1058
f 1058/1058/1058 1087/1087/1087 1057/1057/1057
f 1086/1086/1086 1087/1087/1087 1058/1058/1058
f 1077/1077/1077 1072/1072/1072 1074/1074/1074
f 1075/1075/1075 1072/1072/1072 1077/1077/1077
f 1041/1041/1041 1059/1059/1059 1036/1036/1036
f 1063/1063/1063 1059/1059/1059 1041/1041/1041
f 1073/1073/1073 1068/1068/1068 1088/1088/1088
f 1071/1071/1071 1068/1068/1068 1073/1073/1073
f 1066/1066/1066 1027/1027/1027 1026/1026/1026
f 1067/1067/1067 1027/1027/1027 1066/1066/1066
f 1074/1074/1074 1090/1090/1090 1089/1089/1089
f 1073/1073/1073 1090/1090/1090 1074/1074/1074
f 1091/1091/1091 1074/1074/1074 1089/1089/1089
f 1077/1077/1077 1074/1074/1074 1091/1091/1091
f 1092/1092/1092 1077/1077/1077 1091/1091/1091
f 1078/1078/1078 1077/1077/1077 1092/1092/1092
f 1091/1091/1091 1093/1093/1093 1092/1092/1092
f 1094/1094/1094 1093/1093/1093 1091/1091/1091
f 1097/1097/1097 1096/1096/1096 1095/1095/1095
f 1098/1098/1098 1096/1096/1096 1097/1097/1097
f 1101/1101/1101 1100/1100/1100 1099/1099/1099
f 1102/1102/1102 1100/1100/1100 1101/1101/1101
f 1098/1098/1098 1100/1100/1100 1094/1094/1094
f 1097/1097/1097 1100/1100/1100 1098/1098/1098
f 1097/1097/1097 1095/1095/1095 1103/1103/1103
f 1090/1090/1090 1098/1098/1098 1089/1089/1089
f 1096/1096/1096 1098/1098/1098 1090/1090/1090
f 1093/1093/1093 1100/1100/1100 1102/1102/1102
f 1094/1094/1094 1100/1100/1100 1093/1093/1093
f 1100/1100/1100 1103/1103/1103 1099/1099/1099
f 1097/1097/1097 1103/1103/1103 1100/1100/1100
f 1091/1091/1091 1098/1098/1098 1094/1094/1094
f 1089/1089/1089 1098/1098/1098 1091/1091/1091
f 1106/1106/1106 1105/1105/1105 1104/1104/1104
f 1107/1107/1107 1105/1105/1105 1106/1106/1106
f 1110/1110/1110 1109/1109/1109 1108/1108/1108
f 1111/1111/1111 1109/1109/1109 1110/1110/1110
f 1110/1110/1110 1113/1113/1113 1112/1112/1112
f 1108/1108/1108 1113/1113/1113 1110/1110/1110
f 1047/1047/1047 1082/1082/1082 1080/1080/1080
f 1049/1049/1049 1082/1082/1082 1047/1047/1047
f 1031/1031/1031 1046/1046/1046 1029/1029/1029
f 1048/1048/1048 1046/1046/1046 1031/1031/1031
f 1085/1085/1085 1086/1086/1086 1081/1081/1081
f 1114/1114/1114 1086/1086/1086 1085/1085/1085
f 1086/1086/1086 1115/1115/1115 1087/1087/1087
f 1114/1114/1114 1115/1115/1115 1086/1086/1086
f 1087/1087/1087 1117/1117/1117 1116/1116/1116
f 1115/1115/1115 1117/1117/1117 1087/1087/1087
f 1113/1113/1113 1119/1119/1119 1118/1118/1118
f 1108/1108/1108 1119/1119/1119 1113/1113/1113
f 1120/1120/1120 1087/1087/1087 1116/1116/1116
f 1057/1057/1057 1087/1087/1087 1120/1120/1120
f 1121/1121/1121 1033/1033/1033 1035/1035/1035
f 1122/1122/1122 1033/1033/1033 1121/1121/1121
f 1120/1120/1120 1052/1052/1052 1057/1057/1057
f 1123/1123/1123 1052/1052/1052 1120/1120/1120
f 1035/1035/1035 1124/1124/1124 1121/1121/1121
f 1051/1051/1051 1124/1124/1124 1035/1035/1035
f 1127/1127/1127 1126/1126/1126 1125/1125/1125
f 1128/1128/1128 1126/1126/1126 1127/1127/1127
f 1130/1130/1130 1127/1127/1127 1129/1129/1129
f 1128/1128/1128 1127/1127/1127 1130/1130/1130
f 1115/1115/1115 1125/1125/1125 1117/1117/1117
f 1127/1127/1127 1125/1125/1125 1115/1115/1115
f 1129/1129/1129 1115/1115/1115 1114/1114/1114
f 1127/1127/1127 1115/1115/1115 1129/1129/1129
f 1129/1129/1129 1131/1131/1131 1130/1130/1130
f 1132/1132/1132 1131/1131/1131 1129/1129/1129
f 1114/1114/1114 1132/1132/1132 1129/1129/1129
f 1085/1085/1085 1132/1132/1132 1114/1114/1114
f 1131/1131/1131 1134/1134/1134 1133/1133/1133
f 1132/1132/1132 1134/1134/1134 1131/1131/1131
f 1132/1132/1132 1084/1084/1084 1134/1134/1134
f 1085/1085/1085 1084/1084/1084 1132/1132/1132
f 1112/1112/1112 1128/1128/1128 1130/1130/1130
f 1113/1113/1113 1128/1128/1128 1112/1112/1112
f 1128/1128/1128 1118/1118/1118 1126/1126/1126
f 1113/1113/1113 1118/1118/1118 1128/1128/1128
f 1136/1136/1136 1133/1133/1133 1135/1135/1135
f 1131/1131/1131 1133/1133/1133 1136/1136/1136
f 1130/1130/1130 1136/1136/1136 1112/1112/1112
f 1131/1131/1131 1136/1136/1136 1130/1130/1130
f 1112/1112/1112 1106/1106/1106 1110/1110/1110
f 1136/1136/1136 1106/1106/1106 1112/1112/1112
f 1106/1106/1106 1135/1135/1135 1107/1107/1107
f 1136/1136/1136 1135/1135/1135 1106/1106/1106
f 1047/1047/1047 1058/1058/1058 1053/1053/1053
f 1080/1080/1080 1058/1058/1058 1047/1047/1047
f 1056/1056/1056 1082/1082/1082 1049/1049/1049
f 1055/1055/1055 1082/1082/1082 1056/1056/1056
f 1135/1135/1135 1137/1137/1137 1107/1107/1107
f 1138/1138/1138 1137/1137/1137 1135/1135/1135
f 1138/1138/1138 1133/1133/1133 1139/1139/1139
f 1135/1135/1135 1133/1133/1133 1138/1138/1138
f 1139/1139/1139 1134/1134/1134 1140/1140/1140
f 1133/1133/1133 1134/1134/1134 1139/1139/1139
f 1140/1140/1140 1084/1084/1084 1141/1141/1141
f 1134/1134/1134 1084/1084/1084 1140/1140/1140
f 1141/1141/1141 1083/1083/1083 1079/1079/1079
f 1084/1084/1084 1083/1083/1083 1141/1141/1141
f 1142/1142/1142 1031/1031/1031 1030/1030/1030
f 1044/1044/1044 1031/1031/1031 1142/1142/1142
f 1045/1045/1045 1049/1049/1049 1048/1048/1048
f 1056/1056/1056 1049/1049/1049 1045/1045/1045
f 1055/1055/1055 1083/1083/1083 1082/1082/1082
f 1079/1079/1079 1083/1083/1083 1055/1055/1055
f 1044/1044/1044 1048/1048/1048 1031/1031/1031
f 1045/1045/1045 1048/1048/1048 1044/1044/1044
f 1145/1145/1145 1144/1144/1144 1143/1143/1143
f 1146/1146/1146 1144/1144/1144 1145/1145/1145
f 1149/1149/1149 1148/1148/1148 1147/1147/1147
f 1150/1150/1150 1148/1148/1148 1149/1149/1149
f 1148/1148/1148 1145/1145/1145 1147/1147/1147
f 1146/1146/1146 1145/1145/1145 1148/1148/1148
f 1149/1149/1149 1151/1151/1151 1150/1150/1150
f 1152/1152/1152 1151/1151/1151 1149/1149/1149
f 1144/1144/1144 1153/1153/1153 1143/1143/1143
f 1137/1137/1137 1153/1153/1153 1144/1144/1144
f 1079/1079/1079 1078/1078/1078 1141/1141/1141
f 1076/1076/1076 1078/1078/1078 1079/1079/1079
f 1039/1039/1039 1056/1056/1056 1045/1045/1045
f 1038/1038/1038 1056/1056/1056 1039/1039/1039
f 1024/1024/1024 1044/1044/1044 1142/1142/1142
f 1025/1025/1025 1044/1044/1044 1024/1024/1024
f 1141/1141/1141 1092/1092/1092 1140/1140/1140
f 1078/1078/1078 1092/1092/1092 1141/1141/1141
f 1140/1140/1140 1093/1093/1093 1139/1139/1139
f 1092/1092/1092 1093/1093/1093 1140/1140/1140
f 1139/1139/1139 1102/1102/1102 1138/1138/1138
f 1093/1093/1093 1102/1102/1102 1139/1139/1139
f 1137/1137/1137 1101/1101/1101 1153/1153/1153
f 1138/1138/1138 1101/1101/1101 1137/1137/1137
f 1102/1102/1102 1101/1101/1101 1138/1138/1138
f 1154/1154/1154 1144/1144/1144 1146/1146/1146
f 1105/1105/1105 1144/1144/1144 1154/1154/1154
f 1137/1137/1137 1105/1105/1105 1107/1107/1107
f 1144/1144/1144 1105/1105/1105 1137/1137/1137
f 1148/1148/1148 1154/1154/1154 1146/1146/1146
f 1155/1155/1155 1154/1154/1154 1148/1148/1148
f 1156/1156/1156 1148/1148/1148 1150/1150/1150
f 1155/1155/1155 1148/1148/1148 1156/1156/1156
f 1156/1156/1156 1151/1151/1151 1157/1157/1157
f 1150/1150/1150 1151/1151/1151 1156/1156/1156
f 1158/1158/1158 1105/1105/1105 1154/1154/1154
f 1104/1104/1104 1105/1105/1105 1158/1158/1158
f 1155/1155/1155 1158/1158/1158 1154/1154/1154
f 1111/1111/1111 1159/1159/1159 1109/1109/1109
f 1160/1160/1160 1159/1159/1159 1111/1111/1111
f 1159/1159/1159 1162/1162/1162 1161/1161/1161
f 1160/1160/1160 1162/1162/1162 1159/1159/1159
f 1164/1164/1164 1162/1162/1162 1163/1163/1163
f 1161/1161/1161 1162/1162/1162 1164/1164/1164
f 1157/1157/1157 1166/1166/1166 1165/1165/1165
f 1151/1151/1151 1166/1166/1166 1157/1157/1157
f 1168/1168/1168 1165/1165/1165 1167/1167/1167
f 1157/1157/1157 1165/1165/1165 1168/1168/1168
f 1156/1156/1156 1168/1168/1168 1169/1169/1169
f 1157/1157/1157 1168/1168/1168 1156/1156/1156
f 1155/1155/1155 1169/1169/1169 1158/1158/1158
f 1156/1156/1156 1169/1169/1169 1155/1155/1155
f 1152/1152/1152 1166/1166/1166 1151/1151/1151
f 1170/1170/1170 1166/1166/1166 1152/1152/1152
f 1170/1170/1170 1171/1171/1171 1166/1166/1166
f 1172/1172/1172 1171/1171/1171 1170/1170/1170
f 1165/1165/1165 1171/1171/1171 1173/1173/1173
f 1166/1166/1166 1171/1171/1171 1165/1165/1165
f 1176/1176/1176 1175/1175/1175 1174/1174/1174
f 1176/1176/1176 1178/1178/1178 1177/1177/1177
f 1174/1174/1174 1178/1178/1178 1176/1176/1176
f 1178/1178/1178 1180/1180/1180 1179/1179/1179
f 1174/1174/1174 1180/1180/1180 1178/1178/1178
f 1180/1180/1180 1175/1175/1175 1181/1181/1181
f 1174/1174/1174 1175/1175/1175 1180/1180/1180
f 1181/1181/1181 1182/1182/1182 1180/1180/1180
f 1183/1183/1183 1182/1182/1182 1181/1181/1181
f 1179/1179/1179 1182/1182/1182 1184/1184/1184
f 1180/1180/1180 1182/1182/1182 1179/1179/1179
f 1173/1173/1173 1181/1181/1181 1175/1175/1175
f 1171/1171/1171 1181/1181/1181 1173/1173/1173
f 1181/1181/1181 1172/1172/1172 1183/1183/1183
f 1171/1171/1171 1172/1172/1172 1181/1181/1181
f 1185/1185/1185 1175/1175/1175 1176/1176/1176
f 1173/1173/1173 1175/1175/1175 1185/1185/1185
f 1167/1167/1167 1173/1173/1173 1185/1185/1185
f 1165/1165/1165 1173/1173/1173 1167/1167/1167
f 1178/1178/1178 1186/1186/1186 1177/1177/1177
f 1187/1187/1187 1186/1186/1186 1178/1178/1178
f 1179/1179/1179 1187/1187/1187 1178/1178/1178
f 1188/1188/1188 1187/1187/1187 1179/1179/1179
f 1167/1167/1167 1162/1162/1162 1168/1168/1168
f 1163/1163/1163 1162/1162/1162 1167/1167/1167
f 1164/1164/1164 1190/1190/1190 1189/1189/1189
f 1163/1163/1163 1190/1190/1190 1164/1164/1164
f 1192/1192/1192 1190/1190/1190 1191/1191/1191
f 1189/1189/1189 1190/1190/1190 1192/1192/1192
f 1177/1177/1177 1190/1190/1190 1176/1176/1176
f 1191/1191/1191 1190/1190/1190 1177/1177/1177
f 1195/1195/1195 1194/1194/1194 1193/1193/1193
f 1196/1196/1196 1194/1194/1194 1195/1195/1195
f 1164/1164/1164 1197/1197/1197 1194/1194/1194
f 1189/1189/1189 1197/1197/1197 1164/1164/1164
f 1192/1192/1192 1197/1197/1197 1189/1189/1189
f 1198/1198/1198 1197/1197/1197 1192/1192/1192
f 1199/1199/1199 1197/1197/1197 1198/1198/1198
f 1201/1201/1201 1200/1200/1200 1199/1199/1199
f 1202/1202/1202 1200/1200/1200 1201/1201/1201
f 1203/1203/1203 1196/1196/1196 1195/1195/1195
f 1204/1204/1204 1196/1196/1196 1203/1203/1203
f 1163/1163/1163 1185/1185/1185 1190/1190/1190
f 1167/1167/1167 1185/1185/1185 1163/1163/1163
f 1160/1160/1160 1169/1169/1169 1162/1162/1162
f 1158/1158/1158 1169/1169/1169 1160/1160/1160
f 1158/1158/1158 1111/1111/1111 1104/1104/1104
f 1160/1160/1160 1111/1111/1111 1158/1158/1158
f 1110/1110/1110 1104/1104/1104 1111/1111/1111
f 1106/1106/1106 1104/1104/1104 1110/1110/1110
f 1046/1046/1046 1053/1053/1053 1050/1050/1050
f 1047/1047/1047 1053/1053/1053 1046/1046/1046
f 1028/1028/1028 1034/1034/1034 1032/1032/1032
f 1029/1029/1029 1034/1034/1034 1028/1028/1028
f 1206/1206/1206 1161/1161/1161 1205/1205/1205
f 1159/1159/1159 1161/1161/1161 1206/1206/1206
f 1109/1109/1109 1206/1206/1206 1207/1207/1207
f 1159/1159/1159 1206/1206/1206 1109/1109/1109
f 1108/1108/1108 1207/1207/1207 1119/1119/1119
f 1109/1109/1109 1207/1207/1207 1108/1108/1108
f 1051/1051/1051 1123/1123/1123 1124/1124/1124
f 1052/1052/1052 1123/1123/1123 1051/1051/1051
f 1204/1204/1204 1161/1161/1161 1196/1196/1196
f 1205/1205/1205 1161/1161/1161 1204/1204/1204
f 1208/1208/1208 1179/1179/1179 1184/1184/1184
f 1188/1188/1188 1179/1179/1179 1208/1208/1208
f 1191/1191/1191 1209/1209/1209 1192/1192/1192
f 1210/1210/1210 1209/1209/1209 1191/1191/1191
f 1192/1192/1192 1211/1211/1211 1198/1198/1198
f 1209/1209/1209 1211/1211/1211 1192/1192/1192
f 1177/1177/1177 1210/1210/1210 1191/1191/1191
f 1186/1186/1186 1210/1210/1210 1177/1177/1177
f 1037/1037/1037 1067/1067/1067 1040/1040/1040
f 1027/1027/1027 1067/1067/1067 1037/1037/1037
f 1040/1040/1040 1019/1019/1019 1042/1042/1042
f 1067/1067/1067 1019/1019/1019 1040/1040/1040
f 1065/1065/1065 1061/1061/1061 1070/1070/1070
f 1023/1023/1023 1061/1061/1061 1065/1065/1065
f 1039/1039/1039 1027/1027/1027 1037/1037/1037
f 1025/1025/1025 1027/1027/1027 1039/1039/1039
f 1062/1062/1062 1023/1023/1023 1065/1065/1065
f 1021/1021/1021 1023/1023/1023 1062/1062/1062
f 1042/1042/1042 1021/1021/1021 1062/1062/1062
f 1019/1019/1019 1021/1021/1021 1042/1042/1042
f 1194/1194/1194 1212/1212/1212 1193/1193/1193
f 1197/1197/1197 1212/1212/1212 1194/1194/1194
f 1196/1196/1196 1164/1164/1164 1194/1194/1194
f 1161/1161/1161 1164/1164/1164 1196/1196/1196
f 1212/1212/1212 1199/1199/1199 1200/1200/1200
f 1197/1197/1197 1199/1199/1199 1212/1212/1212
f 1201/1201/1201 1199/1199/1199 1198/1198/1198
f 1022/1022/1022 1213/1213/1213 1060/1060/1060
f 1214/1214/1214 1213/1213/1213 1022/1022/1022
f 1215/1215/1215 1032/1032/1032 1033/1033/1033
f 1216/1216/1216 1032/1032/1032 1215/1215/1215
f 1217/1217/1217 1033/1033/1033 1122/1122/1122
f 1215/1215/1215 1033/1033/1033 1217/1217/1217
f 1218/1218/1218 1032/1032/1032 1216/1216/1216
f 1028/1028/1028 1032/1032/1032 1218/1218/1218
f 1028/1028/1028 1219/1219/1219 1030/1030/1030
f 1218/1218/1218 1219/1219/1219 1028/1028/1028
f 1219/1219/1219 1142/1142/1142 1030/1030/1030
f 1220/1220/1220 1142/1142/1142 1219/1219/1219
f 1214/1214/1214 1020/1020/1020 1221/1221/1221
f 1022/1022/1022 1020/1020/1020 1214/1214/1214
f 1222/1222/1222 1066/1066/1066 1026/1026/1026
f 1223/1223/1223 1066/1066/1066 1222/1222/1222
f 1224/1224/1224 1142/1142/1142 1220/1220/1220
f 1024/1024/1024 1142/1142/1142 1224/1224/1224
f 1024/1024/1024 1222/1222/1222 1026/1026/1026
f 1224/1224/1224 1222/1222/1222 1024/1024/1024
f 1225/1225/1225 1066/1066/1066 1223/1223/1223
f 1018/1018/1018 1066/1066/1066 1225/1225/1225
f 1221/1221/1221 1018/1018/1018 1225/1225/1225
f 1020/1020/1020 1018/1018/1018 1221/1221/1221
f 1228/1228/1228 1227/1227/1227 1226/1226/1226
f 1229/1229/1229 1227/1227/1227 1228/1228/1228
f 1232/1232/1232 1231/1231/1231 1230/1230/1230
f 1233/1233/1233 1231/1231/1231 1232/1232/1232
f 1230/1230/1230 1229/1229/1229 1228/1228/1228
f 1231/1231/1231 1229/1229/1229 1230/1230/1230
f 1226/1226/1226 1235/1235/1235 1234/1234/1234
f 1227/1227/1227 1235/1235/1235 1226/1226/1226
f 1238/1238/1238 1237/1237/1237 1236/1236/1236
f 1239/1239/1239 1237/1237/1237 1238/1238/1238
f 1241/1241/1241 1240/1240/1240 1202/1202/1202
f 1242/1242/1242 1240/1240/1240 1241/1241/1241
f 1244/1244/1244 1195/1195/1195 1243/1243/1243
f 1203/1203/1203 1195/1195/1195 1244/1244/1244
f 1245/1245/1245 1203/1203/1203 1244/1244/1244
f 1246/1246/1246 1203/1203/1203 1245/1245/1245
f 1247/1247/1247 1202/1202/1202 1240/1240/1240
f 1200/1200/1200 1202/1202/1202 1247/1247/1247
f 1243/1243/1243 1193/1193/1193 1248/1248/1248
f 1195/1195/1195 1193/1193/1193 1243/1243/1243
f 1249/1249/1249 1200/1200/1200 1247/1247/1247
f 1212/1212/1212 1200/1200/1200 1249/1249/1249
f 1248/1248/1248 1212/1212/1212 1249/1249/1249
f 1193/1193/1193 1212/1212/1212 1248/1248/1248
f 1176/1176/1176 1190/1190/1190 1185/1185/1185
f 1168/1168/1168 1162/1162/1162 1169/1169/1169
f 1238/1238/1238 1233/1233/1233 1232/1232/1232
f 1250/1250/1250 1233/1233/1233 1238/1238/1238
f 1208/1208/1208 1238/1238/1238 1188/1188/1188
f 1239/1239/1239 1238/1238/1238 1208/1208/1208
f 1188/1188/1188 1232/1232/1232 1187/1187/1187
f 1238/1238/1238 1232/1232/1232 1188/1188/1188
f 1187/1187/1187 1230/1230/1230 1186/1186/1186
f 1232/1232/1232 1230/1230/1230 1187/1187/1187
f 1186/1186/1186 1228/1228/1228 1210/1210/1210
f 1230/1230/1230 1228/1228/1228 1186/1186/1186
f 1210/1210/1210 1226/1226/1226 1209/1209/1209
f 1228/1228/1228 1226/1226/1226 1210/1210/1210
f 1209/1209/1209 1234/1234/1234 1211/1211/1211
f 1226/1226/1226 1234/1234/1234 1209/1209/1209
f 1253/1253/1253 1252/1252/1252 1251/1251/1251
f 1254/1254/1254 1252/1252/1252 1253/1253/1253
f 1257/1257/1257 1256/1256/1256 1255/1255/1255
f 1258/1258/1258 1256/1256/1256 1257/1257/1257
f 1259/1259/1259 1122/1122/1122 1121/1121/1121
f 1260/1260/1260 1122/1122/1122 1259/1259/1259
f 1207/1207/1207 1261/1261/1261 1119/1119/1119
f 1262/1262/1262 1261/1261/1261 1207/1207/1207
f 1206/1206/1206 1262/1262/1262 1207/1207/1207
f 1263/1263/1263 1262/1262/1262 1206/1206/1206
f 1205/1205/1205 1263/1263/1263 1206/1206/1206
f 1264/1264/1264 1263/1263/1263 1205/1205/1205
f 1266/1266/1266 1201/1201/1201 1265/1265/1265
f 1202/1202/1202 1201/1201/1201 1266/1266/1266
f 1264/1264/1264 1204/1204/1204 1252/1252/1252
f 1205/1205/1205 1204/1204/1204 1264/1264/1264
f 1268/1268/1268 1120/1120/1120 1267/1267/1267
f 1123/1123/1123 1120/1120/1120 1268/1268/1268
f 1118/1118/1118 1261/1261/1261 1269/1269/1269
f 1119/1119/1119 1261/1261/1261 1118/1118/1118
f 1270/1270/1270 1118/1118/1118 1269/1269/1269
f 1126/1126/1126 1118/1118/1118 1270/1270/1270
f 1272/1272/1272 1125/1125/1125 1271/1271/1271
f 1117/1117/1117 1125/1125/1125 1272/1272/1272
f 1271/1271/1271 1126/1126/1126 1270/1270/1270
f 1125/1125/1125 1126/1126/1126 1271/1271/1271
f 1120/1120/1120 1273/1273/1273 1267/1267/1267
f 1116/1116/1116 1273/1273/1273 1120/1120/1120
f 1273/1273/1273 1117/1117/1117 1272/1272/1272
f 1116/1116/1116 1117/1117/1117 1273/1273/1273
f 1211/1211/1211 1274/1274/1274 1198/1198/1198
f 1275/1275/1275 1274/1274/1274 1211/1211/1211
f 1124/1124/1124 1259/1259/1259 1121/1121/1121
f 1276/1276/1276 1259/1259/1259 1124/1124/1124
f 1124/1124/1124 1268/1268/1268 1276/1276/1276
f 1123/1123/1123 1268/1268/1268 1124/1124/1124
f 1251/1251/1251 1204/1204/1204 1203/1203/1203
f 1252/1252/1252 1204/1204/1204 1251/1251/1251
f 1274/1274/1274 1201/1201/1201 1198/1198/1198
f 1265/1265/1265 1201/1201/1201 1274/1274/1274
f 1277/1277/1277 1122/1122/1122 1260/1260/1260
f 1217/1217/1217 1122/1122/1122 1277/1277/1277
f 1278/1278/1278 1234/1234/1234 1235/1235/1235
f 1279/1279/1279 1234/1234/1234 1278/1278/1278
f 1234/1234/1234 1280/1280/1280 1211/1211/1211
f 1279/1279/1279 1280/1280/1280 1234/1234/1234
f 1261/1261/1261 1282/1282/1282 1281/1281/1281
f 1262/1262/1262 1282/1282/1282 1261/1261/1261
f 1283/1283/1283 1262/1262/1262 1263/1263/1263
f 1282/1282/1282 1262/1262/1262 1283/1283/1283
f 1269/1269/1269 1281/1281/1281 1284/1284/1284
f 1261/1261/1261 1281/1281/1281 1269/1269/1269
f 1285/1285/1285 1266/1266/1266 1265/1265/1265
f 1286/1286/1286 1266/1266/1266 1285/1285/1285
f 1274/1274/1274 1288/1288/1288 1287/1287/1287
f 1275/1275/1275 1288/1288/1288 1274/1274/1274
f 1273/1273/1273 1290/1290/1290 1289/1289/1289
f 1272/1272/1272 1290/1290/1290 1273/1273/1273
f 1291/1291/1291 1272/1272/1272 1271/1271/1271
f 1290/1290/1290 1272/1272/1272 1291/1291/1291
f 1292/1292/1292 1271/1271/1271 1270/1270/1270
f 1291/1291/1291 1271/1271/1271 1292/1292/1292
f 1284/1284/1284 1270/1270/1270 1269/1269/1269
f 1292/1292/1292 1270/1270/1270 1284/1284/1284
f 1293/1293/1293 1277/1277/1277 1260/1260/1260
f 1294/1294/1294 1277/1277/1277 1293/1293/1293
f 1259/1259/1259 1296/1296/1296 1295/1295/1295
f 1276/1276/1276 1296/1296/1296 1259/1259/1259
f 1295/1295/1295 1260/1260/1260 1259/1259/1259
f 1293/1293/1293 1260/1260/1260 1295/1295/1295
f 1267/1267/1267 1289/1289/1289 1297/1297/1297
f 1273/1273/1273 1289/1289/1289 1267/1267/1267
f 1268/1268/1268 1297/1297/1297 1298/1298/1298
f 1267/1267/1267 1297/1297/1297 1268/1268/1268
f 1298/1298/1298 1276/1276/1276 1268/1268/1268
f 1296/1296/1296 1276/1276/1276 1298/1298/1298
f 1299/1299/1299 1263/1263/1263 1264/1264/1264
f 1283/1283/1283 1263/1263/1263 1299/1299/1299
f 1302/1302/1302 1301/1301/1301 1300/1300/1300
f 1303/1303/1303 1301/1301/1301 1302/1302/1302
f 1304/1304/1304 1242/1242/1242 1241/1241/1241
f 1305/1305/1305 1246/1246/1246 1245/1245/1245
f 1264/1264/1264 1254/1254/1254 1299/1299/1299
f 1252/1252/1252 1254/1254/1254 1264/1264/1264
f 1274/1274/1274 1285/1285/1285 1265/1265/1265
f 1287/1287/1287 1285/1285/1285 1274/1274/1274
f 1308/1308/1308 1307/1307/1307 1306/1306/1306
f 1309/1309/1309 1307/1307/1307 1308/1308/1308
f 1184/1184/1184 1310/1310/1310 1208/1208/1208
f 1311/1311/1311 1310/1310/1310 1184/1184/1184
f 1313/1313/1313 1060/1060/1060 1312/1312/1312
f 1061/1061/1061 1060/1060/1060 1313/1313/1313
f 1315/1315/1315 1070/1070/1070 1314/1314/1314
f 1069/1069/1069 1070/1070/1070 1315/1315/1315
f 1315/1315/1315 1316/1316/1316 1069/1069/1069
f 1088/1088/1088 1069/1069/1069 1316/1316/1316
f 1068/1068/1068 1069/1069/1069 1088/1088/1088
f 1088/1088/1088 1090/1090/1090 1073/1073/1073
f 1317/1317/1317 1090/1090/1090 1088/1088/1088
f 1088/1088/1088 1316/1316/1316 1317/1317/1317
f 1103/1103/1103 1318/1318/1318 1099/1099/1099
f 1319/1319/1319 1318/1318/1318 1103/1103/1103
f 1319/1319/1319 1095/1095/1095 1320/1320/1320
f 1103/1103/1103 1095/1095/1095 1319/1319/1319
f 1090/1090/1090 1317/1317/1317 1321/1321/1321
f 1322/1322/1322 1095/1095/1095 1096/1096/1096
f 1320/1320/1320 1095/1095/1095 1322/1322/1322
f 1153/1153/1153 1318/1318/1318 1323/1323/1323
f 1101/1101/1101 1318/1318/1318 1153/1153/1153
f 1099/1099/1099 1318/1318/1318 1101/1101/1101
f 1324/1324/1324 1153/1153/1153 1323/1323/1323
f 1143/1143/1143 1153/1153/1153 1324/1324/1324
f 1326/1326/1326 1145/1145/1145 1325/1325/1325
f 1147/1147/1147 1145/1145/1145 1326/1326/1326
f 1152/1152/1152 1328/1328/1328 1327/1327/1327
f 1149/1149/1149 1328/1328/1328 1152/1152/1152
f 1325/1325/1325 1143/1143/1143 1324/1324/1324
f 1145/1145/1145 1143/1143/1143 1325/1325/1325
f 1329/1329/1329 1152/1152/1152 1327/1327/1327
f 1170/1170/1170 1152/1152/1152 1329/1329/1329
f 1330/1330/1330 1170/1170/1170 1329/1329/1329
f 1172/1172/1172 1170/1170/1170 1330/1330/1330
f 1332/1332/1332 1183/1183/1183 1331/1331/1331
f 1182/1182/1182 1183/1183/1183 1332/1332/1332
f 1331/1331/1331 1172/1172/1172 1330/1330/1330
f 1183/1183/1183 1172/1172/1172 1331/1331/1331
f 1182/1182/1182 1311/1311/1311 1184/1184/1184
f 1332/1332/1332 1311/1311/1311 1182/1182/1182
f 1313/1313/1313 1070/1070/1070 1061/1061/1061
f 1314/1314/1314 1070/1070/1070 1313/1313/1313
f 1328/1328/1328 1147/1147/1147 1326/1326/1326
f 1149/1149/1149 1147/1147/1147 1328/1328/1328
f 1333/1333/1333 1060/1060/1060 1213/1213/1213
f 1312/1312/1312 1060/1060/1060 1333/1333/1333
f 1237/1237/1237 1306/1306/1306 1307/1307/1307
f 1239/1239/1239 1306/1306/1306 1237/1237/1237
f 1239/1239/1239 1334/1334/1334 1306/1306/1306
f 1208/1208/1208 1334/1334/1334 1239/1239/1239
f 1096/1096/1096 1321/1321/1321 1322/1322/1322
f 1090/1090/1090 1321/1321/1321 1096/1096/1096
f 1335/1335/1335 1310/1310/1310 1311/1311/1311
f 1336/1336/1336 1310/1310/1310 1335/1335/1335
f 1337/1337/1337 1311/1311/1311 1332/1332/1332
f 1335/1335/1335 1311/1311/1311 1337/1337/1337
f 1338/1338/1338 1315/1315/1315 1314/1314/1314
f 1339/1339/1339 1315/1315/1315 1338/1338/1338
f 1316/1316/1316 1339/1339/1339 1340/1340/1340
f 1315/1315/1315 1339/1339/1339 1316/1316/1316
f 1341/1341/1341 1314/1314/1314 1313/1313/1313
f 1338/1338/1338 1314/1314/1314 1341/1341/1341
f 1342/1342/1342 1319/1319/1319 1320/1320/1320
f 1343/1343/1343 1319/1319/1319 1342/1342/1342
f 1318/1318/1318 1343/1343/1343 1344/1344/1344
f 1319/1319/1319 1343/1343/1343 1318/1318/1318
f 1345/1345/1345 1322/1322/1322 1321/1321/1321
f 1346/1346/1346 1322/1322/1322 1345/1345/1345
f 1320/1320/1320 1346/1346/1346 1342/1342/1342
f 1322/1322/1322 1346/1346/1346 1320/1320/1320
f 1347/1347/1347 1324/1324/1324 1323/1323/1323
f 1348/1348/1348 1324/1324/1324 1347/1347/1347
f 1325/1325/1325 1348/1348/1348 1349/1349/1349
f 1324/1324/1324 1348/1348/1348 1325/1325/1325
f 1326/1326/1326 1349/1349/1349 1350/1350/1350
f 1325/1325/1325 1349/1349/1349 1326/1326/1326
f 1328/1328/1328 1350/1350/1350 1351/1351/1351
f 1326/1326/1326 1350/1350/1350 1328/1328/1328
f 1352/1352/1352 1332/1332/1332 1331/1331/1331
f 1337/1337/1337 1332/1332/1332 1352/1352/1352
f 1353/1353/1353 1313/1313/1313 1312/1312/1312
f 1341/1341/1341 1313/1313/1313 1353/1353/1353
f 1354/1354/1354 1312/1312/1312 1333/1333/1333
f 1353/1353/1353 1312/1312/1312 1354/1354/1354
f 1355/1355/1355 1330/1330/1330 1329/1329/1329
f 1356/1356/1356 1330/1330/1330 1355/1355/1355
f 1331/1331/1331 1356/1356/1356 1352/1352/1352
f 1330/1330/1330 1356/1356/1356 1331/1331/1331
f 1357/1357/1357 1329/1329/1329 1327/1327/1327
f 1355/1355/1355 1329/1329/1329 1357/1357/1357
f 1327/1327/1327 1351/1351/1351 1357/1357/1357
f 1328/1328/1328 1351/1351/1351 1327/1327/1327
f 1323/1323/1323 1344/1344/1344 1347/1347/1347
f 1318/1318/1318 1344/1344/1344 1323/1323/1323
f 1358/1358/1358 1321/1321/1321 1317/1317/1317
f 1345/1345/1345 1321/1321/1321 1358/1358/1358
f 1317/1317/1317 1340/1340/1340 1358/1358/1358
f 1316/1316/1316 1340/1340/1340 1317/1317/1317
f 1306/1306/1306 1359/1359/1359 1308/1308/1308
f 1334/1334/1334 1359/1359/1359 1306/1306/1306
f 1362/1362/1362 1361/1361/1361 1360/1360/1360
f 1363/1363/1363 1361/1361/1361 1362/1362/1362
f 1365/1365/1365 1360/1360/1360 1364/1364/1364
f 1362/1362/1362 1360/1360/1360 1365/1365/1365
f 1367/1367/1367 1364/1364/1364 1366/1366/1366
f 1365/1365/1365 1364/1364/1364 1367/1367/1367
f 1370/1370/1370 1369/1369/1369 1368/1368/1368
f 1367/1367/1367 1369/1369/1369 1370/1370/1370
f 1370/1370/1370 1368/1368/1368 1371/1371/1371
f 1373/1373/1373 1371/1371/1371 1372/1372/1372
f 1370/1370/1370 1371/1371/1371 1373/1373/1373
f 1375/1375/1375 1372/1372/1372 1374/1374/1374
f 1373/1373/1373 1372/1372/1372 1375/1375/1375
f 1377/1377/1377 1374/1374/1374 1376/1376/1376
f 1375/1375/1375 1374/1374/1374 1377/1377/1377
f 1377/1377/1377 1376/1376/1376 1378/1378/1378
f 1377/1377/1377 1378/1378/1378 1379/1379/1379
f 1381/1381/1381 1379/1379/1379 1380/1380/1380
f 1377/1377/1377 1379/1379/1379 1381/1381/1381
f 1381/1381/1381 1380/1380/1380 1382/1382/1382
f 1381/1381/1381 1384/1384/1384 1383/1383/1383
f 1385/1385/1385 1384/1384/1384 1381/1381/1381
f 1384/1384/1384 1387/1387/1387 1386/1386/1386
f 1385/1385/1385 1387/1387/1387 1384/1384/1384
f 1390/1390/1390 1389/1389/1389 1388/1388/1388
f 1387/1387/1387 1389/1389/1389 1390/1390/1390
f 1392/1392/1392 1388/1388/1388 1391/1391/1391
f 1390/1390/1390 1388/1388/1388 1392/1392/1392
f 1392/1392/1392 1391/1391/1391 1393/1393/1393
f 1395/1395/1395 1393/1393/1393 1394/1394/1394
f 1392/1392/1392 1393/1393/1393 1395/1395/1395
f 1395/1395/1395 1394/1394/1394 1396/1396/1396
f 1398/1398/1398 1394/1394/1394 1397/1397/1397
f 1396/1396/1396 1394/1394/1394 1398/1398/1398
f 1400/1400/1400 1397/1397/1397 1399/1399/1399
f 1398/1398/1398 1397/1397/1397 1400/1400/1400
f 1402/1402/1402 1399/1399/1399 1401/1401/1401
f 1400/1400/1400 1399/1399/1399 1402/1402/1402
f 1404/1404/1404 1401/1401/1401 1403/1403/1403
f 1402/1402/1402 1401/1401/1401 1404/1404/1404
f 1406/1406/1406 1403/1403/1403 1405/1405/1405
f 1404/1404/1404 1403/1403/1403 1406/1406/1406
f 1408/1408/1408 1405/1405/1405 1407/1407/1407
f 1406/1406/1406 1405/1405/1405 1408/1408/1408
f 1410/1410/1410 1407/1407/1407 1409/1409/1409
f 1408/1408/1408 1407/1407/1407 1410/1410/1410
f 1410/1410/1410 1409/1409/1409 1411/1411/1411
f 1413/1413/1413 1411/1411/1411 1412/1412/1412
f 1410/1410/1410 1411/1411/1411 1413/1413/1413
f 1413/1413/1413 1412/1412/1412 1414/1414/1414
f 1416/1416/1416 1414/1414/1414 1415/1415/1415
f 1413/1413/1413 1414/1414/1414 1416/1416/1416
f 1419/1419/1419 1418/1418/1418 1417/1417/1417
f 1416/1416/1416 1418/1418/1418 1419/1419/1419
f 1421/1421/1421 1417/1417/1417 1420/1420/1420
f 1419/1419/1419 1417/1417/1417 1421/1421/1421
f 1416/1416/1416 1415/1415/1415 1418/1418/1418
f 1424/1424/1424 1423/1423/1423 1422/1422/1422
f 1425/1425/1425 1423/1423/1423 1424/1424/1424
f 1422/1422/1422 1427/1427/1427 1426/1426/1426
f 1423/1423/1423 1427/1427/1427 1422/1422/1422
f 1426/1426/1426 1429/1429/1429 1428/1428/1428
f 1427/1427/1427 1429/1429/1429 1426/1426/1426
f 1428/1428/1428 1431/1431/1431 1430/1430/1430
f 1429/1429/1429 1431/1431/1431 1428/1428/1428
f 1430/1430/1430 1433/1433/1433 1432/1432/1432
f 1431/1431/1431 1433/1433/1433 1430/1430/1430
f 1432/1432/1432 1435/1435/1435 1434/1434/1434
f 1433/1433/1433 1435/1435/1435 1432/1432/1432
f 1434/1434/1434 1437/1437/1437 1436/1436/1436
f 1435/1435/1435 1437/1437/1437 1434/1434/1434
f 1436/1436/1436 1439/1439/1439 1438/1438/1438
f 1437/1437/1437 1439/1439/1439 1436/1436/1436
f 1438/1438/1438 1441/1441/1441 1440/1440/1440
f 1439/1439/1439 1441/1441/1441 1438/1438/1438
f 1440/1440/1440 1443/1443/1443 1442/1442/1442
f 1441/1441/1441 1443/1443/1443 1440/1440/1440
f 1442/1442/1442 1445/1445/1445 1444/1444/1444
f 1443/1443/1443 1445/1445/1445 1442/1442/1442
f 1444/1444/1444 1447/1447/1447 1446/1446/1446
f 1445/1445/1445 1447/1447/1447 1444/1444/1444
f 1446/1446/1446 1449/1449/1449 1448/1448/1448
f 1447/1447/1447 1449/1449/1449 1446/1446/1446
f 1452/1452/1452 1451/1451/1451 1450/1450/1450
f 1453/1453/1453 1451/1451/1451 1452/1452/1452
f 1450/1450/1450 1455/1455/1455 1454/1454/1454
f 1451/1451/1451 1455/1455/1455 1450/1450/1450
f 1454/1454/1454 1457/1457/1457 1456/1456/1456
f 1455/1455/1455 1457/1457/1457 1454/1454/1454
f 1456/1456/1456 1459/1459/1459 1458/1458/1458
f 1457/1457/1457 1459/1459/1459 1456/1456/1456
f 1458/1458/1458 1459/1459/1459 1460/1460/1460
f 1459/1459/1459 1461/1461/1461 1460/1460/1460
f 1460/1460/1460 1463/1463/1463 1462/1462/1462
f 1461/1461/1461 1463/1463/1463 1460/1460/1460
f 1462/1462/1462 1465/1465/1465 1464/1464/1464
f 1463/1463/1463 1465/1465/1465 1462/1462/1462
f 1464/1464/1464 1381/1381/1381 1383/1383/1383
f 1465/1465/1465 1381/1381/1381 1464/1464/1464
f 1386/1386/1386 1467/1467/1467 1466/1466/1466
f 1387/1387/1387 1467/1467/1467 1386/1386/1386
f 1466/1466/1466 1425/1425/1425 1424/1424/1424
f 1467/1467/1467 1425/1425/1425 1466/1466/1466
f 1470/1470/1470 1469/1469/1469 1468/1468/1468
f 1471/1471/1471 1469/1469/1469 1470/1470/1470
f 1468/1468/1468 1473/1473/1473 1472/1472/1472
f 1469/1469/1469 1473/1473/1473 1468/1468/1468
f 1472/1472/1472 1475/1475/1475 1474/1474/1474
f 1473/1473/1473 1475/1475/1475 1472/1472/1472
f 1474/1474/1474 1477/1477/1477 1476/1476/1476
f 1475/1475/1475 1477/1477/1477 1474/1474/1474
f 1476/1476/1476 1479/1479/1479 1478/1478/1478
f 1477/1477/1477 1479/1479/1479 1476/1476/1476
f 1480/1480/1480 1471/1471/1471 1470/1470/1470
f 1481/1481/1481 1471/1471/1471 1480/1480/1480
f 1484/1484/1484 1483/1483/1483 1482/1482/1482
f 1483/1483/1483 1485/1485/1485 1482/1482/1482
f 1482/1482/1482 1487/1487/1487 1486/1486/1486
f 1485/1485/1485 1487/1487/1487 1482/1482/1482
f 1487/1487/1487 1488/1488/1488 1486/1486/1486
f 1488/1488/1488 1489/1489/1489 1486/1486/1486
f 1486/1486/1486 1491/1491/1491 1490/1490/1490
f 1489/1489/1489 1491/1491/1491 1486/1486/1486
f 1491/1491/1491 1492/1492/1492 1490/1490/1490
f 1495/1495/1495 1494/1494/1494 1493/1493/1493
f 1496/1496/1496 1494/1494/1494 1495/1495/1495
f 1493/1493/1493 1484/1484/1484 1482/1482/1482
f 1494/1494/1494 1484/1484/1484 1493/1493/1493
f 1499/1499/1499 1498/1498/1498 1497/1497/1497
f 1500/1500/1500 1498/1498/1498 1499/1499/1499
f 1497/1497/1497 1502/1502/1502 1501/1501/1501
f 1498/1498/1498 1502/1502/1502 1497/1497/1497
f 1501/1501/1501 1504/1504/1504 1503/1503/1503
f 1502/1502/1502 1504/1504/1504 1501/1501/1501
f 1507/1507/1507 1506/1506/1506 1505/1505/1505
f 1508/1508/1508 1506/1506/1506 1507/1507/1507
f 1505/1505/1505 1510/1510/1510 1509/1509/1509
f 1506/1506/1506 1510/1510/1510 1505/1505/1505
f 1509/1509/1509 1500/1500/1500 1499/1499/1499
f 1510/1510/1510 1500/1500/1500 1509/1509/1509
f 1504/1504/1504 1511/1511/1511 1503/1503/1503
f 1514/1514/1514 1513/1513/1513 1512/1512/1512
f 1512/1512/1512 1515/1515/1515 1480/1480/1480
f 1513/1513/1513 1515/1515/1515 1512/1512/1512
f 1515/1515/1515 1481/1481/1481 1480/1480/1480
f 1518/1518/1518 1517/1517/1517 1516/1516/1516
f 1519/1519/1519 1517/1517/1517 1518/1518/1518
f 1517/1517/1517 1520/1520/1520 1516/1516/1516
f 1516/1516/1516 1514/1514/1514 1512/1512/1512
f 1520/1520/1520 1514/1514/1514 1516/1516/1516
f 1508/1508/1508 1507/1507/1507 1521/1521/1521
f 1524/1524/1524 1523/1523/1523 1522/1522/1522
f 1525/1525/1525 1523/1523/1523 1524/1524/1524
f 1522/1522/1522 1527/1527/1527 1526/1526/1526
f 1523/1523/1523 1527/1527/1527 1522/1522/1522
f 1526/1526/1526 1529/1529/1529 1528/1528/1528
f 1527/1527/1527 1529/1529/1529 1526/1526/1526
f 1528/1528/1528 1519/1519/1519 1518/1518/1518
f 1529/1529/1529 1519/1519/1519 1528/1528/1528
f 1531/1531/1531 1524/1524/1524 1530/1530/1530
f 1525/1525/1525 1524/1524/1524 1531/1531/1531
f 1534/1534/1534 1533/1533/1533 1532/1532/1532
f 1537/1537/1537 1536/1536/1536 1535/1535/1535
f 1536/1536/1536 1538/1538/1538 1535/1535/1535
f 1535/1535/1535 1531/1531/1531 1530/1530/1530
f 1538/1538/1538 1531/1531/1531 1535/1535/1535
f 1540/1540/1540 1476/1476/1476 1539/1539/1539
f 1474/1474/1474 1476/1476/1476 1540/1540/1540
f 1539/1539/1539 1478/1478/1478 1541/1541/1541
f 1476/1476/1476 1478/1478/1478 1539/1539/1539
f 1478/1478/1478 1542/1542/1542 1541/1541/1541
f 1545/1545/1545 1544/1544/1544 1543/1543/1543
f 1546/1546/1546 1544/1544/1544 1545/1545/1545
f 1549/1549/1549 1548/1548/1548 1547/1547/1547
f 1550/1550/1550 1547/1547/1547 1548/1548/1548
f 1551/1551/1551 1547/1547/1547 1550/1550/1550
f 1552/1552/1552 1551/1551/1551 1550/1550/1550
f 1553/1553/1553 1551/1551/1551 1552/1552/1552
f 1554/1554/1554 1553/1553/1553 1552/1552/1552
f 1555/1555/1555 1553/1553/1553 1554/1554/1554
f 1556/1556/1556 1555/1555/1555 1554/1554/1554
f 1557/1557/1557 1555/1555/1555 1556/1556/1556
f 1560/1560/1560 1559/1559/1559 1558/1558/1558
f 1561/1561/1561 1559/1559/1559 1560/1560/1560
f 1558/1558/1558 1563/1563/1563 1562/1562/1562
f 1559/1559/1559 1563/1563/1563 1558/1558/1558
f 1562/1562/1562 1565/1565/1565 1564/1564/1564
f 1563/1563/1563 1565/1565/1565 1562/1562/1562
f 1566/1566/1566 1561/1561/1561 1560/1560/1560
f 1567/1567/1567 1561/1561/1561 1566/1566/1566
f 1568/1568/1568 1567/1567/1567 1566/1566/1566
f 1569/1569/1569 1567/1567/1567 1568/1568/1568
f 1572/1572/1572 1571/1571/1571 1570/1570/1570
f 1573/1573/1573 1571/1571/1571 1572/1572/1572
f 1570/1570/1570 1569/1569/1569 1568/1568/1568
f 1571/1571/1571 1569/1569/1569 1570/1570/1570
f 1576/1576/1576 1575/1575/1575 1574/1574/1574
f 1577/1577/1577 1575/1575/1575 1576/1576/1576
f 1574/1574/1574 1579/1579/1579 1578/1578/1578
f 1575/1575/1575 1579/1579/1579 1574/1574/1574
f 1578/1578/1578 1581/1581/1581 1580/1580/1580
f 1579/1579/1579 1581/1581/1581 1578/1578/1578
f 1580/1580/1580 1573/1573/1573 1572/1572/1572
f 1581/1581/1581 1573/1573/1573 1580/1580/1580
f 1582/1582/1582 1577/1577/1577 1576/1576/1576
f 1583/1583/1583 1577/1577/1577 1582/1582/1582
f 1564/1564/1564 1585/1585/1585 1584/1584/1584
f 1565/1565/1565 1585/1585/1585 1564/1564/1564
f 1584/1584/1584 1587/1587/1587 1586/1586/1586
f 1585/1585/1585 1587/1587/1587 1584/1584/1584
f 1586/1586/1586 1588/1588/1588 1556/1556/1556
f 1587/1587/1587 1588/1588/1588 1586/1586/1586
f 1588/1588/1588 1557/1557/1557 1556/1556/1556
f 1591/1591/1591 1590/1590/1590 1589/1589/1589
f 1589/1589/1589 1590/1590/1590 1592/1592/1592
f 1593/1593/1593 1592/1592/1592 1590/1590/1590
f 1592/1592/1592 1595/1595/1595 1594/1594/1594
f 1593/1593/1593 1595/1595/1595 1592/1592/1592
f 1544/1544/1544 1546/1546/1546 1596/1596/1596
f 1598/1598/1598 1595/1595/1595 1597/1597/1597
f 1594/1594/1594 1595/1595/1595 1598/1598/1598
f 1595/1595/1595 1599/1599/1599 1597/1597/1597
f 1420/1420/1420 1479/1479/1479 1421/1421/1421
f 1602/1602/1602 1601/1601/1601 1600/1600/1600
f 1603/1603/1603 1602/1602/1602 1600/1600/1600
f 1604/1604/1604 1602/1602/1602 1603/1603/1603
f 1607/1607/1607 1606/1606/1606 1605/1605/1605
f 1608/1608/1608 1607/1607/1607 1605/1605/1605
f 1609/1609/1609 1608/1608/1608 1605/1605/1605
f 1610/1610/1610 1608/1608/1608 1609/1609/1609
f 1613/1613/1613 1612/1612/1612 1611/1611/1611
f 1612/1612/1612 1614/1614/1614 1611/1611/1611
f 1611/1611/1611 1616/1616/1616 1615/1615/1615
f 1614/1614/1614 1616/1616/1616 1611/1611/1611
f 1617/1617/1617 1613/1613/1613 1611/1611/1611
f 1618/1618/1618 1613/1613/1613 1617/1617/1617
f 1619/1619/1619 1618/1618/1618 1617/1617/1617
f 1621/1621/1621 1620/1620/1620 1617/1617/1617
f 1622/1622/1622 1620/1620/1620 1621/1621/1621
f 1620/1620/1620 1619/1619/1619 1617/1617/1617
f 1625/1625/1625 1624/1624/1624 1623/1623/1623
f 1626/1626/1626 1624/1624/1624 1625/1625/1625
f 1623/1623/1623 1628/1628/1628 1627/1627/1627
f 1624/1624/1624 1628/1628/1628 1623/1623/1623
f 1627/1627/1627 1629/1629/1629 1621/1621/1621
f 1628/1628/1628 1629/1629/1629 1627/1627/1627
f 1629/1629/1629 1622/1622/1622 1621/1621/1621
f 1630/1630/1630 1626/1626/1626 1625/1625/1625
f 1616/1616/1616 1631/1631/1631 1615/1615/1615
f 1615/1615/1615 1632/1632/1632 1609/1609/1609
f 1631/1631/1631 1632/1632/1632 1615/1615/1615
f 1632/1632/1632 1610/1610/1610 1609/1609/1609
f 1634/1634/1634 1544/1544/1544 1633/1633/1633
f 1543/1543/1543 1544/1544/1544 1634/1634/1634
f 1636/1636/1636 1601/1601/1601 1635/1635/1635
f 1600/1600/1600 1601/1601/1601 1636/1636/1636
f 1638/1638/1638 1635/1635/1635 1637/1637/1637
f 1636/1636/1636 1635/1635/1635 1638/1638/1638
f 1634/1634/1634 1640/1640/1640 1639/1639/1639
f 1633/1633/1633 1640/1640/1640 1634/1634/1634
f 1643/1643/1643 1642/1642/1642 1641/1641/1641
f 1644/1644/1644 1642/1642/1642 1643/1643/1643
f 1647/1647/1647 1646/1646/1646 1645/1645/1645
f 1650/1650/1650 1649/1649/1649 1648/1648/1648
f 1648/1648/1648 1651/1651/1651 1650/1650/1650
f 1652/1652/1652 1651/1651/1651 1648/1648/1648
f 1651/1651/1651 1653/1653/1653 1650/1650/1650
f 1654/1654/1654 1649/1649/1649 1650/1650/1650
f 1655/1655/1655 1650/1650/1650 1653/1653/1653
f 1654/1654/1654 1650/1650/1650 1655/1655/1655
f 1657/1657/1657 1625/1625/1625 1656/1656/1656
f 1630/1630/1630 1625/1625/1625 1657/1657/1657
f 1532/1532/1532 1659/1659/1659 1658/1658/1658
f 1535/1535/1535 1659/1659/1659 1532/1532/1532
f 1582/1582/1582 1660/1660/1660 1583/1583/1583
f 1663/1663/1663 1662/1662/1662 1661/1661/1661
f 1666/1666/1666 1665/1665/1665 1664/1664/1664
f 1667/1667/1667 1665/1665/1665 1666/1666/1666
f 1361/1361/1361 1363/1363/1363 1668/1668/1668
f 1669/1669/1669 1668/1668/1668 1363/1363/1363
f 1671/1671/1671 1532/1532/1532 1670/1670/1670
f 1534/1534/1534 1532/1532/1532 1671/1671/1671
f 1537/1537/1537 1532/1532/1532 1533/1533/1533
f 1535/1535/1535 1532/1532/1532 1537/1537/1537
f 1367/1367/1367 1366/1366/1366 1369/1369/1369
f 1674/1674/1674 1673/1673/1673 1672/1672/1672
f 1605/1605/1605 1673/1673/1673 1674/1674/1674
f 1606/1606/1606 1673/1673/1673 1605/1605/1605
f 1675/1675/1675 1546/1546/1546 1545/1545/1545
f 1672/1672/1672 1603/1603/1603 1674/1674/1674
f 1604/1604/1604 1603/1603/1603 1672/1672/1672
f 1675/1675/1675 1547/1547/1547 1546/1546/1546
f 1549/1549/1549 1547/1547/1547 1675/1675/1675
f 1678/1678/1678 1677/1677/1677 1676/1676/1676
f 1679/1679/1679 1677/1677/1677 1678/1678/1678
f 1682/1682/1682 1681/1681/1681 1680/1680/1680
f 1683/1683/1683 1681/1681/1681 1682/1682/1682
f 1686/1686/1686 1685/1685/1685 1684/1684/1684
f 1687/1687/1687 1685/1685/1685 1686/1686/1686
f 1690/1690/1690 1689/1689/1689 1688/1688/1688
f 1691/1691/1691 1689/1689/1689 1690/1690/1690
f 1694/1694/1694 1693/1693/1693 1692/1692/1692
f 1695/1695/1695 1693/1693/1693 1694/1694/1694
f 1698/1698/1698 1697/1697/1697 1696/1696/1696
f 1699/1699/1699 1697/1697/1697 1698/1698/1698
f 1702/1702/1702 1701/1701/1701 1700/1700/1700
f 1703/1703/1703 1701/1701/1701 1702/1702/1702
f 1706/1706/1706 1705/1705/1705 1704/1704/1704
f 1707/1707/1707 1705/1705/1705 1706/1706/1706
f 1710/1710/1710 1709/1709/1709 1708/1708/1708
f 1711/1711/1711 1709/1709/1709 1710/1710/1710
f 1714/1714/1714 1713/1713/1713 1712/1712/1712
f 1715/1715/1715 1713/1713/1713 1714/1714/1714
f 1718/1718/1718 1717/1717/1717 1716/1716/1716
f 1719/1719/1719 1717/1717/1717 1718/1718/1718
f 1722/1722/1722 1721/1721/1721 1720/1720/1720
f 1723/1723/1723 1721/1721/1721 1722/1722/1722
f 1726/1726/1726 1725/1725/1725 1724/1724/1724
f 1727/1727/1727 1725/1725/1725 1726/1726/1726
f 1730/1730/1730 1729/1729/1729 1728/1728/1728
f 1731/1731/1731 1729/1729/1729 1730/1730/1730
f 1734/1734/1734 1733/1733/1733 1732/1732/1732
f 1735/1735/1735 1733/1733/1733 1734/1734/1734
f 1738/1738/1738 1737/1737/1737 1736/1736/1736
f 1739/1739/1739 1737/1737/1737 1738/1738/1738
f 1742/1742/1742 1741/1741/1741 1740/1740/1740
f 1743/1743/1743 1741/1741/1741 1742/1742/1742
f 1746/1746/1746 1745/1745/1745 1744/1744/1744
f 1747/1747/1747 1745/1745/1745 1746/1746/1746
f 1750/1750/1750 1749/1749/1749 1748/1748/1748
f 1751/1751/1751 1749/1749/1749 1750/1750/1750
f 1754/1754/1754 1753/1753/1753 1752/1752/1752
f 1755/1755/1755 1753/1753/1753 1754/1754/1754
f 1758/1758/1758 1757/1757/1757 1756/1756/1756
f 1759/1759/1759 1757/1757/1757 1758/1758/1758
f 1762/1762/1762 1761/1761/1761 1760/1760/1760
f 1763/1763/1763 1761/1761/1761 1762/1762/1762
f 1766/1766/1766 1765/1765/1765 1764/1764/1764
f 1767/1767/1767 1765/1765/1765 1766/1766/1766
f 1770/1770/1770 1769/1769/1769 1768/1768/1768
f 1771/1771/1771 1769/1769/1769 1770/1770/1770
f 1774/1774/1774 1773/1773/1773 1772/1772/1772
f 1775/1775/1775 1773/1773/1773 1774/1774/1774
f 1778/1778/1778 1777/1777/1777 1776/1776/1776
f 1779/1779/1779 1777/1777/1777 1778/1778/1778
f 1782/1782/1782 1781/1781/1781 1780/1780/1780
f 1783/1783/1783 1781/1781/1781 1782/1782/1782
f 1786/1786/1786 1785/1785/1785 1784/1784/1784
f 1787/1787/1787 1785/1785/1785 1786/1786/1786
f 1790/1790/1790 1789/1789/1789 1788/1788/1788
f 1791/1791/1791 1789/1789/1789 1790/1790/1790
f 1794/1794/1794 1793/1793/1793 1792/1792/1792
f 1795/1795/1795 1793/1793/1793 1794/1794/1794
f 1798/1798/1798 1797/1797/1797 1796/1796/1796
f 1799/1799/1799 1797/1797/1797 1798/1798/1798
f 1802/1802/1802 1801/1801/1801 1800/1800/1800
f 1803/1803/1803 1801/1801/1801 1802/1802/1802
f 1806/1806/1806 1805/1805/1805 1804/1804/1804
f 1807/1807/1807 1805/1805/1805 1806/1806/1806
f 1810/1810/1810 1809/1809/1809 1808/1808/1808
f 1811/1811/1811 1809/1809/1809 1810/1810/1810
f 1814/1814/1814 1813/1813/1813 1812/1812/1812
f 1815/1815/1815 1813/1813/1813 1814/1814/1814
f 1818/1818/1818 1817/1817/1817 1816/1816/1816
f 1819/1819/1819 1817/1817/1817 1818/1818/1818
f 1822/1822/1822 1821/1821/1821 1820/1820/1820
f 1823/1823/1823 1821/1821/1821 1822/1822/1822
f 1826/1826/1826 1825/1825/1825 1824/1824/1824
f 1827/1827/1827 1825/1825/1825 1826/1826/1826
f 1830/1830/1830 1829/1829/1829 1828/1828/1828
f 1831/1831/1831 1829/1829/1829 1830/1830/1830
f 1834/1834/1834 1833/1833/1833 1832/1832/1832
f 1835/1835/1835 1833/1833/1833 1834/1834/1834
f 1838/1838/1838 1837/1837/1837 1836/1836/1836
f 1839/1839/1839 1837/1837/1837 1838/1838/1838
f 1842/1842/1842 1841/1841/1841 1840/1840/1840
f 1843/1843/1843 1841/1841/1841 1842/1842/1842
f 1846/1846/1846 1845/1845/1845 1844/1844/1844
f 1849/1849/1849 1848/1848/1848 1847/1847/1847
f 1852/1852/1852 1851/1851/1851 1850/1850/1850
f 1853/1853/1853 1851/1851/1851 1852/1852/1852
f 1856/1856/1856 1855/1855/1855 1854/1854/1854
f 1857/1857/1857 1855/1855/1855 1856/1856/1856
f 1860/1860/1860 1859/1859/1859 1858/1858/1858
f 1863/1863/1863 1862/1862/1862 1861/1861/1861
f 1866/1866/1866 1865/1865/1865 1864/1864/1864
f 1867/1867/1867 1865/1865/1865 1866/1866/1866
f 1870/1870/1870 1869/1869/1869 1868/1868/1868
f 1871/1871/1871 1869/1869/1869 1870/1870/1870
f 1874/1874/1874 1873/1873/1873 1872/1872/1872
f 1877/1877/1877 1876/1876/1876 1875/1875/1875
f 1880/1880/1880 1879/1879/1879 1878/1878/1878
f 1881/1881/1881 1879/1879/1879 1880/1880/1880
f 1884/1884/1884 1883/1883/1883 1882/1882/1882
f 1885/1885/1885 1883/1883/1883 1884/1884/1884
f 1888/1888/1888 1887/1887/1887 1886/1886/1886
f 1891/1891/1891 1890/1890/1890 1889/1889/1889
f 1894/1894/1894 1893/1893/1893 1892/1892/1892
f 1895/1895/1895 1893/1893/1893 1894/1894/1894
f 1898/1898/1898 1897/1897/1897 1896/1896/1896
f 1899/1899/1899 1897/1897/1897 1898/1898/1898
f 1902/1902/1902 1901/1901/1901 1900/1900/1900
f 1903/1903/1903 1901/1901/1901 1902/1902/1902
f 1906/1906/1906 1905/1905/1905 1904/1904/1904
f 1907/1907/1907 1905/1905/1905 1906/1906/1906
f 1910/1910/1910 1909/1909/1909 1908/1908/1908
f 1911/1911/1911 1909/1909/1909 1910/1910/1910
f 1914/1914/1914 1913/1913/1913 1912/1912/1912
f 1915/1915/1915 1913/1913/1913 1914/1914/1914
f 1918/1918/1918 1917/1917/1917 1916/1916/1916
f 1919/1919/1919 1917/1917/1917 1918/1918/1918
f 1922/1922/1922 1921/1921/1921 1920/1920/1920
f 1923/1923/1923 1921/1921/1921 1922/1922/1922
f 1926/1926/1926 1925/1925/1925 1924/1924/1924
f 1927/1927/1927 1925/1925/1925 1926/1926/1926
f 1930/1930/1930 1929/1929/1929 1928/1928/1928
f 1931/1931/1931 1929/1929/1929 1930/1930/1930
f 1934/1934/1934 1933/1933/1933 1932/1932/1932
f 1935/1935/1935 1933/1933/1933 1934/1934/1934
f 1938/1938/1938 1937/1937/1937 1936/1936/1936
f 1939/1939/1939 1937/1937/1937 1938/1938/1938
f 1381/1381/1381 1382/1382/1382 1940/1940/1940
f 1387/1387/1387 1941/1941/1941 1389/1389/1389
f 1385/1385/1385 1941/1941/1941 1387/1387/1387
f 1385/1385/1385 1940/1940/1940 1941/1941/1941
f 1381/1381/1381 1940/1940/1940 1385/1385/1385
f 1944/1944/1944 1943/1943/1943 1942/1942/1942
f 1945/1945/1945 1943/1943/1943 1944/1944/1944
f 1948/1948/1948 1947/1947/1947 1946/1946/1946
f 1949/1949/1949 1947/1947/1947 1948/1948/1948
f 1952/1952/1952 1951/1951/1951 1950/1950/1950
f 1953/1953/1953 1951/1951/1951 1952/1952/1952
f 1956/1956/1956 1955/1955/1955 1954/1954/1954
f 1957/1957/1957 1955/1955/1955 1956/1956/1956
f 1960/1960/1960 1959/1959/1959 1958/1958/1958
f 1961/1961/1961 1959/1959/1959 1960/1960/1960
f 1964/1964/1964 1963/1963/1963 1962/1962/1962
f 1965/1965/1965 1963/1963/1963 1964/1964/1964
f 1966/1966/1966 1963/1963/1963 1965/1965/1965
f 1969/1969/1969 1968/1968/1968 1967/1967/1967
f 1970/1970/1970 1968/1968/1968 1969/1969/1969
f 1973/1973/1973 1972/1972/1972 1971/1971/1971
f 1974/1974/1974 1972/1972/1972 1973/1973/1973
f 1977/1977/1977 1976/1976/1976 1975/1975/1975
f 1978/1978/1978 1976/1976/1976 1977/1977/1977
f 1981/1981/1981 1980/1980/1980 1979/1979/1979
f 1982/1982/1982 1980/1980/1980 1981/1981/1981
f 1985/1985/1985 1984/1984/1984 1983/1983/1983
f 1986/1986/1986 1984/1984/1984 1985/1985/1985
f 1989/1989/1989 1988/1988/1988 1987/1987/1987
f 1990/1990/1990 1988/1988/1988 1989/1989/1989
f 1993/1993/1993 1992/1992/1992 1991/1991/1991
f 1994/1994/1994 1992/1992/1992 1993/1993/1993
f 1997/1997/1997 1996/1996/1996 1995/1995/1995
f 1998/1998/1998 1996/1996/1996 1997/1997/1997
f 2001/2001/2001 2000/2000/2000 1999/1999/1999
f 2002/2002/2002 2000/2000/2000 2001/2001/2001
f 1978/1978/1978 2003/2003/2003 1976/1976/1976
f 2006/2006/2006 2005/2005/2005 2004/2004/2004
f 2007/2007/2007 2005/2005/2005 2006/2006/2006
f 2010/2010/2010 2009/2009/2009 2008/2008/2008
f 2011/2011/2011 2009/2009/2009 2010/2010/2010
f 2014/2014/2014 2013/2013/2013 2012/2012/2012
f 2015/2015/2015 2013/2013/2013 2014/2014/2014
f 2018/2018/2018 2017/2017/2017 2016/2016/2016
f 2019/2019/2019 2017/2017/2017 2018/2018/2018
f 2022/2022/2022 2021/2021/2021 2020/2020/2020
f 2023/2023/2023 2021/2021/2021 2022/2022/2022
f 1984/1984/1984 1986/1986/1986 2024/2024/2024
f 2026/2026/2026 2021/2021/2021 2025/2025/2025
f 2020/2020/2020 2021/2021/2021 2026/2026/2026
f 2028/2028/2028 1975/1975/1975 2027/2027/2027
f 1977/1977/1977 1975/1975/1975 2028/2028/2028
f 2031/2031/2031 2030/2030/2030 2029/2029/2029
f 2032/2032/2032 2030/2030/2030 2031/2031/2031
f 2035/2035/2035 2034/2034/2034 2033/2033/2033
f 2036/2036/2036 2034/2034/2034 2035/2035/2035
f 2039/2039/2039 2038/2038/2038 2037/2037/2037
f 2040/2040/2040 2038/2038/2038 2039/2039/2039
f 2043/2043/2043 2042/2042/2042 2041/2041/2041
f 2044/2044/2044 2042/2042/2042 2043/2043/2043
f 2047/2047/2047 2046/2046/2046 2045/2045/2045
f 2048/2048/2048 2046/2046/2046 2047/2047/2047
f 2051/2051/2051 2050/2050/2050 2049/2049/2049
f 2052/2052/2052 2050/2050/2050 2051/2051/2051
f 2055/2055/2055 2054/2054/2054 2053/2053/2053
f 2056/2056/2056 2054/2054/2054 2055/2055/2055
f 2059/2059/2059 2058/2058/2058 2057/2057/2057
f 2060/2060/2060 2058/2058/2058 2059/2059/2059
f 2061/2061/2061 2058/2058/2058 2060/2060/2060
f 2064/2064/2064 2063/2063/2063 2062/2062/2062
f 2065/2065/2065 2063/2063/2063 2064/2064/2064
f 2068/2068/2068 2067/2067/2067 2066/2066/2066
f 2069/2069/2069 2067/2067/2067 2068/2068/2068
f 2072/2072/2072 2071/2071/2071 2070/2070/2070
f 2073/2073/2073 2071/2071/2071 2072/2072/2072
f 2076/2076/2076 2075/2075/2075 2074/2074/2074
f 2077/2077/2077 2075/2075/2075 2076/2076/2076
f 2080/2080/2080 2079/2079/2079 2078/2078/2078
f 2081/2081/2081 2079/2079/2079 2080/2080/2080
f 2084/2084/2084 2083/2083/2083 2082/2082/2082
f 2085/2085/2085 2083/2083/2083 2084/2084/2084
f 2088/2088/2088 2087/2087/2087 2086/2086/2086
f 2089/2089/2089 2087/2087/2087 2088/2088/2088
f 2092/2092/2092 2091/2091/2091 2090/2090/2090
f 2093/2093/2093 2091/2091/2091 2092/2092/2092
f 2096/2096/2096 2095/2095/2095 2094/2094/2094
f 2097/2097/2097 2095/2095/2095 2096/2096/2096
f 2100/2100/2100 2099/2099/2099 2098/2098/2098
f 2101/2101/2101 2099/2099/2099 2100/2100/2100
f 2104/2104/2104 2103/2103/2103 2102/2102/2102
f 2105/2105/2105 2103/2103/2103 2104/2104/2104
f 2108/2108/2108 2107/2107/2107 2106/2106/2106
f 2109/2109/2109 2107/2107/2107 2108/2108/2108
f 2112/2112/2112 2111/2111/2111 2110/2110/2110
f 2113/2113/2113 2111/2111/2111 2112/2112/2112
f 2116/2116/2116 2115/2115/2115 2114/2114/2114
f 2117/2117/2117 2115/2115/2115 2116/2116/2116
f 2120/2120/2120 2119/2119/2119 2118/2118/2118
f 2121/2121/2121 2119/2119/2119 2120/2120/2120
f 2123/2123/2123 2118/2118/2118 2122/2122/2122
f 2120/2120/2120 2118/2118/2118 2123/2123/2123
f 2123/2123/2123 2122/2122/2122 2124/2124/2124
f 2115/2115/2115 2117/2117/2117 2124/2124/2124
f 2122/2122/2122 2115/2115/2115 2124/2124/2124
f 2127/2127/2127 2126/2126/2126 2125/2125/2125
f 2128/2128/2128 2126/2126/2126 2127/2127/2127
f 2131/2131/2131 2130/2130/2130 2129/2129/2129
f 2132/2132/2132 2130/2130/2130 2131/2131/2131
f 2135/2135/2135 2134/2134/2134 2133/2133/2133
f 2136/2136/2136 2134/2134/2134 2135/2135/2135
f 2139/2139/2139 2138/2138/2138 2137/2137/2137
f 2140/2140/2140 2138/2138/2138 2139/2139/2139
f 2143/2143/2143 2142/2142/2142 2141/2141/2141
f 2144/2144/2144 2142/2142/2142 2143/2143/2143
f 2147/2147/2147 2146/2146/2146 2145/2145/2145
f 2139/2139/2139 2146/2146/2146 2147/2147/2147
f 2137/2137/2137 2146/2146/2146 2139/2139/2139
f 2150/2150/2150 2149/2149/2149 2148/2148/2148
f 2151/2151/2151 2149/2149/2149 2150/2150/2150
f 2154/2154/2154 2153/2153/2153 2152/2152/2152
f 2155/2155/2155 2153/2153/2153 2154/2154/2154
f 2158/2158/2158 2157/2157/2157 2156/2156/2156
f 2159/2159/2159 2157/2157/2157 2158/2158/2158
f 2162/2162/2162 2161/2161/2161 2160/2160/2160
f 2163/2163/2163 2161/2161/2161 2162/2162/2162
f 2166/2166/2166 2165/2165/2165 2164/2164/2164
f 2167/2167/2167 2165/2165/2165 2166/2166/2166
f 2170/2170/2170 2169/2169/2169 2168/2168/2168
f 2171/2171/2171 2169/2169/2169 2170/2170/2170
f 2174/2174/2174 2173/2173/2173 2172/2172/2172
f 2175/2175/2175 2173/2173/2173 2174/2174/2174
f 2178/2178/2178 2177/2177/2177 2176/2176/2176
f 2179/2179/2179 2177/2177/2177 2178/2178/2178
f 2182/2182/2182 2181/2181/2181 2180/2180/2180
f 2183/2183/2183 2181/2181/2181 2182/2182/2182
f 2159/2159/2159 2184/2184/2184 2157/2157/2157
f 2187/2187/2187 2186/2186/2186 2185/2185/2185
f 2188/2188/2188 2186/2186/2186 2187/2187/2187
f 2191/2191/2191 2190/2190/2190 2189/2189/2189
f 2192/2192/2192 2190/2190/2190 2191/2191/2191
f 2195/2195/2195 2194/2194/2194 2193/2193/2193
f 2196/2196/2196 2194/2194/2194 2195/2195/2195
f 2199/2199/2199 2198/2198/2198 2197/2197/2197
f 2200/2200/2200 2198/2198/2198 2199/2199/2199
f 2203/2203/2203 2202/2202/2202 2201/2201/2201
f 2204/2204/2204 2202/2202/2202 2203/2203/2203
f 2165/2165/2165 2167/2167/2167 2205/2205/2205
f 2207/2207/2207 2202/2202/2202 2206/2206/2206
f 2201/2201/2201 2202/2202/2202 2207/2207/2207
f 2209/2209/2209 2156/2156/2156 2208/2208/2208
f 2158/2158/2158 2156/2156/2156 2209/2209/2209
f 2212/2212/2212 2211/2211/2211 2210/2210/2210
f 2213/2213/2213 2211/2211/2211 2212/2212/2212
f 2216/2216/2216 2215/2215/2215 2214/2214/2214
f 2217/2217/2217 2215/2215/2215 2216/2216/2216
f 2220/2220/2220 2219/2219/2219 2218/2218/2218
f 2221/2221/2221 2219/2219/2219 2220/2220/2220
f 2224/2224/2224 2223/2223/2223 2222/2222/2222
f 2225/2225/2225 2223/2223/2223 2224/2224/2224
f 2228/2228/2228 2227/2227/2227 2226/2226/2226
f 2229/2229/2229 2227/2227/2227 2228/2228/2228
f 2232/2232/2232 2231/2231/2231 2230/2230/2230
f 2233/2233/2233 2231/2231/2231 2232/2232/2232
f 2236/2236/2236 2235/2235/2235 2234/2234/2234
f 2237/2237/2237 2235/2235/2235 2236/2236/2236
f 2238/2238/2238 2233/2233/2233 2232/2232/2232
f 2239/2239/2239 2233/2233/2233 2238/2238/2238
f 2240/2240/2240 2233/2233/2233 2239/2239/2239
f 2243/2243/2243 2242/2242/2242 2241/2241/2241
f 2244/2244/2244 2242/2242/2242 2243/2243/2243
f 2247/2247/2247 2246/2246/2246 2245/2245/2245
f 2248/2248/2248 2246/2246/2246 2247/2247/2247
f 2251/2251/2251 2250/2250/2250 2249/2249/2249
f 2252/2252/2252 2250/2250/2250 2251/2251/2251
f 2255/2255/2255 2254/2254/2254 2253/2253/2253
f 2256/2256/2256 2254/2254/2254 2255/2255/2255
f 2259/2259/2259 2258/2258/2258 2257/2257/2257
f 2260/2260/2260 2258/2258/2258 2259/2259/2259
f 2263/2263/2263 2262/2262/2262 2261/2261/2261
f 2264/2264/2264 2262/2262/2262 2263/2263/2263
f 2267/2267/2267 2266/2266/2266 2265/2265/2265
f 2268/2268/2268 2266/2266/2266 2267/2267/2267
f 2271/2271/2271 2270/2270/2270 2269/2269/2269
f 2272/2272/2272 2270/2270/2270 2271/2271/2271
f 2275/2275/2275 2274/2274/2274 2273/2273/2273
f 2276/2276/2276 2274/2274/2274 2275/2275/2275
f 2279/2279/2279 2278/2278/2278 2277/2277/2277
f 2280/2280/2280 2278/2278/2278 2279/2279/2279
f 2283/2283/2283 2282/2282/2282 2281/2281/2281
f 2284/2284/2284 2282/2282/2282 2283/2283/2283
f 2285/2285/2285 2281/2281/2281 2282/2282/2282
f 2286/2286/2286 2281/2281/2281 2285/2285/2285
f 2289/2289/2289 2288/2288/2288 2287/2287/2287
f 2290/2290/2290 2288/2288/2288 2289/2289/2289
f 2293/2293/2293 2292/2292/2292 2291/2291/2291
f 2294/2294/2294 2292/2292/2292 2293/2293/2293
f 2297/2297/2297 2296/2296/2296 2295/2295/2295
f 2298/2298/2298 2296/2296/2296 2297/2297/2297
f 2300/2300/2300 2295/2295/2295 2299/2299/2299
f 2297/2297/2297 2295/2295/2295 2300/2300/2300
f 2300/2300/2300 2299/2299/2299 2301/2301/2301
f 2292/2292/2292 2294/2294/2294 2301/2301/2301
f 2299/2299/2299 2292/2292/2292 2301/2301/2301
usemtl Paint_Rough.003
f 2304/2304/2304 2303/2303/2303 2302/2302/2302
f 2305/2305/2305 2303/2303/2303 2304/2304/2304
f 2308/2308/2308 2307/2307/2307 2306/2306/2306
f 2309/2309/2309 2307/2307/2307 2308/2308/2308
f 2309/2309/2309 2311/2311/2311 2310/2310/2310
f 2308/2308/2308 2311/2311/2311 2309/2309/2309
f 2312/2312/2312 2310/2310/2310 2311/2311/2311
f 2313/2313/2313 2310/2310/2310 2312/2312/2312
f 2313/2313/2313 2315/2315/2315 2314/2314/2314
f 2312/2312/2312 2315/2315/2315 2313/2313/2313
f 2314/2314/2314 2317/2317/2317 2316/2316/2316
f 2315/2315/2315 2317/2317/2317 2314/2314/2314
f 2318/2318/2318 2316/2316/2316 2317/2317/2317
f 2319/2319/2319 2316/2316/2316 2318/2318/2318
f 2320/2320/2320 2319/2319/2319 2318/2318/2318
f 2321/2321/2321 2319/2319/2319 2320/2320/2320
f 2322/2322/2322 2321/2321/2321 2320/2320/2320
f 2323/2323/2323 2321/2321/2321 2322/2322/2322
f 2324/2324/2324 2323/2323/2323 2322/2322/2322
f 2325/2325/2325 2323/2323/2323 2324/2324/2324
f 2326/2326/2326 2325/2325/2325 2324/2324/2324
f 2327/2327/2327 2325/2325/2325 2326/2326/2326
f 2327/2327/2327 2329/2329/2329 2328/2328/2328
f 2326/2326/2326 2329/2329/2329 2327/2327/2327
f 2302/2302/2302 2328/2328/2328 2329/2329/2329
f 2303/2303/2303 2328/2328/2328 2302/2302/2302
f 2332/2332/2332 2331/2331/2331 2330/2330/2330
f 2335/2335/2335 2334/2334/2334 2333/2333/2333
f 2306/2306/2306 2337/2337/2337 2336/2336/2336
f 2307/2307/2307 2337/2337/2337 2306/2306/2306
f 2340/2340/2340 2339/2339/2339 2338/2338/2338
f 2342/2342/2342 2340/2340/2340 2341/2341/2341
f 2339/2339/2339 2340/2340/2340 2342/2342/2342
f 2344/2344/2344 2339/2339/2339 2343/2343/2343
f 2338/2338/2338 2339/2339/2339 2344/2344/2344
f 2347/2347/2347 2346/2346/2346 2345/2345/2345
f 2350/2350/2350 2349/2349/2349 2348/2348/2348
f 2351/2351/2351 2349/2349/2349 2350/2350/2350
f 2354/2354/2354 2353/2353/2353 2352/2352/2352
f 2355/2355/2355 2353/2353/2353 2354/2354/2354
f 2357/2357/2357 2355/2355/2355 2356/2356/2356
f 2353/2353/2353 2355/2355/2355 2357/2357/2357
f 2359/2359/2359 2356/2356/2356 2358/2358/2358
f 2357/2357/2357 2356/2356/2356 2359/2359/2359
f 2343/2343/2343 2358/2358/2358 2344/2344/2344
f 2359/2359/2359 2358/2358/2358 2343/2343/2343
f 2336/2336/2336 2361/2361/2361 2360/2360/2360
f 2337/2337/2337 2361/2361/2361 2336/2336/2336
f 2364/2364/2364 2363/2363/2363 2362/2362/2362
f 2367/2367/2367 2366/2366/2366 2365/2365/2365
f 2368/2368/2368 2366/2366/2366 2367/2367/2367
f 2370/2370/2370 2367/2367/2367 2369/2369/2369
f 2367/2367/2367 2365/2365/2365 2369/2369/2369
f 2372/2372/2372 2352/2352/2352 2371/2371/2371
f 2354/2354/2354 2352/2352/2352 2372/2372/2372
f 2374/2374/2374 2371/2371/2371 2373/2373/2373
f 2372/2372/2372 2371/2371/2371 2374/2374/2374
f 2373/2373/2373 2370/2370/2370 2374/2374/2374
f 2367/2367/2367 2370/2370/2370 2373/2373/2373
f 2342/2342/2342 2341/2341/2341 2375/2375/2375
f 2378/2378/2378 2377/2377/2377 2376/2376/2376
f 2381/2381/2381 2380/2380/2380 2379/2379/2379
f 2375/2375/2375 2332/2332/2332 2342/2342/2342
f 2331/2331/2331 2332/2332/2332 2375/2375/2375
f 2350/2350/2350 2347/2347/2347 2382/2382/2382
f 2348/2348/2348 2347/2347/2347 2350/2350/2350
f 2385/2385/2385 2384/2384/2384 2383/2383/2383
f 2388/2388/2388 2387/2387/2387 2386/2386/2386
f 2391/2391/2391 2390/2390/2390 2389/2389/2389
f 2392/2392/2392 2390/2390/2390 2391/2391/2391
f 2394/2394/2394 2389/2389/2389 2393/2393/2393
f 2391/2391/2391 2389/2389/2389 2394/2394/2394
f 2397/2397/2397 2396/2396/2396 2395/2395/2395
f 2398/2398/2398 2396/2396/2396 2397/2397/2397
f 2400/2400/2400 2398/2398/2398 2399/2399/2399
f 2396/2396/2396 2398/2398/2398 2400/2400/2400
f 2402/2402/2402 2395/2395/2395 2401/2401/2401
f 2397/2397/2397 2395/2395/2395 2402/2402/2402
f 2405/2405/2405 2404/2404/2404 2403/2403/2403
f 2406/2406/2406 2404/2404/2404 2405/2405/2405
f 2408/2408/2408 2406/2406/2406 2407/2407/2407
f 2404/2404/2404 2406/2406/2406 2408/2408/2408
f 2411/2411/2411 2410/2410/2410 2409/2409/2409
f 2412/2412/2412 2410/2410/2410 2411/2411/2411
f 2403/2403/2403 2412/2412/2412 2405/2405/2405
f 2410/2410/2410 2412/2412/2412 2403/2403/2403
f 2415/2415/2415 2414/2414/2414 2413/2413/2413
f 2417/2417/2417 2415/2415/2415 2416/2416/2416
f 2414/2414/2414 2415/2415/2415 2417/2417/2417
f 2417/2417/2417 2416/2416/2416 2418/2418/2418
f 2420/2420/2420 2416/2416/2416 2419/2419/2419
f 2418/2418/2418 2416/2416/2416 2420/2420/2420
f 2422/2422/2422 2393/2393/2393 2421/2421/2421
f 2394/2394/2394 2393/2393/2393 2422/2422/2422
f 2424/2424/2424 2401/2401/2401 2423/2423/2423
f 2402/2402/2402 2401/2401/2401 2424/2424/2424
f 2426/2426/2426 2423/2423/2423 2425/2425/2425
f 2424/2424/2424 2423/2423/2423 2426/2426/2426
f 2429/2429/2429 2428/2428/2428 2427/2427/2427
f 2430/2430/2430 2428/2428/2428 2429/2429/2429
f 2421/2421/2421 2430/2430/2430 2422/2422/2422
f 2428/2428/2428 2430/2430/2430 2421/2421/2421
f 2419/2419/2419 2427/2427/2427 2431/2431/2431
f 2429/2429/2429 2427/2427/2427 2419/2419/2419
f 2420/2420/2420 2419/2419/2419 2431/2431/2431
f 2413/2413/2413 2407/2407/2407 2415/2415/2415
f 2408/2408/2408 2407/2407/2407 2413/2413/2413
f 2433/2433/2433 2409/2409/2409 2432/2432/2432
f 2434/2434/2434 2409/2409/2409 2433/2433/2433
f 2432/2432/2432 2399/2399/2399 2433/2433/2433
f 2400/2400/2400 2399/2399/2399 2432/2432/2432
f 2435/2435/2435 2388/2388/2388 2386/2386/2386
f 2436/2436/2436 2305/2305/2305 2304/2304/2304
f 2437/2437/2437 2384/2384/2384 2385/2385/2385
f 2438/2438/2438 2384/2384/2384 2437/2437/2437
f 2439/2439/2439 2387/2387/2387 2388/2388/2388
usemtl Interior.004
f 2442/2442/2442 2441/2441/2441 2440/2440/2440
f 2443/2443/2443 2441/2441/2441 2442/2442/2442
f 2446/2446/2446 2445/2445/2445 2444/2444/2444
f 2447/2447/2447 2445/2445/2445 2446/2446/2446
f 2450/2450/2450 2449/2449/2449 2448/2448/2448
f 2451/2451/2451 2449/2449/2449 2450/2450/2450
f 2454/2454/2454 2453/2453/2453 2452/2452/2452
f 2456/2456/2456 2452/2452/2452 2455/2455/2455
f 2454/2454/2454 2452/2452/2452 2456/2456/2456
f 2459/2459/2459 2458/2458/2458 2457/2457/2457
f 2460/2460/2460 2458/2458/2458 2459/2459/2459
f 2461/2461/2461 2457/2457/2457 2458/2458/2458
f 2462/2462/2462 2457/2457/2457 2461/2461/2461
f 2462/2462/2462 2451/2451/2451 2450/2450/2450
f 2461/2461/2461 2451/2451/2451 2462/2462/2462
f 2465/2465/2465 2464/2464/2464 2463/2463/2463
f 2466/2466/2466 2464/2464/2464 2465/2465/2465
f 2466/2466/2466 2467/2467/2467 2464/2464/2464
f 2468/2468/2468 2460/2460/2460 2459/2459/2459
f 2469/2469/2469 2460/2460/2460 2468/2468/2468
f 2463/2463/2463 2470/2470/2470 2465/2465/2465
f 2473/2473/2473 2472/2472/2472 2471/2471/2471
f 2474/2474/2474 2472/2472/2472 2473/2473/2473
f 2476/2476/2476 2473/2473/2473 2475/2475/2475
f 2474/2474/2474 2473/2473/2473 2476/2476/2476
f 2440/2440/2440 2478/2478/2478 2477/2477/2477
f 2441/2441/2441 2478/2478/2478 2440/2440/2440
f 2478/2478/2478 2475/2475/2475 2477/2477/2477
f 2476/2476/2476 2475/2475/2475 2478/2478/2478
f 2480/2480/2480 2472/2472/2472 2479/2479/2479
f 2471/2471/2471 2472/2472/2472 2480/2480/2480
f 2476/2476/2476 2481/2481/2481 2474/2474/2474
f 2483/2483/2483 2441/2441/2441 2482/2482/2482
f 2478/2478/2478 2441/2441/2441 2483/2483/2483
f 2485/2485/2485 2441/2441/2441 2484/2484/2484
f 2482/2482/2482 2441/2441/2441 2485/2485/2485
f 2488/2488/2488 2487/2487/2487 2486/2486/2486
f 2490/2490/2490 2486/2486/2486 2489/2489/2489
f 2493/2493/2493 2492/2492/2492 2491/2491/2491
f 2494/2494/2494 2487/2487/2487 2488/2488/2488
f 2497/2497/2497 2496/2496/2496 2495/2495/2495
f 2500/2500/2500 2499/2499/2499 2498/2498/2498
f 2503/2503/2503 2502/2502/2502 2501/2501/2501
f 2504/2504/2504 2502/2502/2502 2503/2503/2503
f 2507/2507/2507 2506/2506/2506 2505/2505/2505
f 2502/2502/2502 2507/2507/2507 2501/2501/2501
f 2506/2506/2506 2507/2507/2507 2502/2502/2502
f 2498/2498/2498 2509/2509/2509 2508/2508/2508
f 2510/2510/2510 2509/2509/2509 2498/2498/2498
f 2512/2512/2512 2509/2509/2509 2511/2511/2511
f 2508/2508/2508 2509/2509/2509 2512/2512/2512
f 2506/2506/2506 2514/2514/2514 2513/2513/2513
f 2502/2502/2502 2514/2514/2514 2506/2506/2506
f 2515/2515/2515 2505/2505/2505 2506/2506/2506
f 2515/2515/2515 2513/2513/2513 2516/2516/2516
f 2506/2506/2506 2513/2513/2513 2515/2515/2515
f 2516/2516/2516 2517/2517/2517 2515/2515/2515
f 2518/2518/2518 2517/2517/2517 2516/2516/2516
f 2518/2518/2518 2520/2520/2520 2519/2519/2519
f 2516/2516/2516 2520/2520/2520 2518/2518/2518
f 2519/2519/2519 2522/2522/2522 2521/2521/2521
f 2520/2520/2520 2522/2522/2522 2519/2519/2519
f 2520/2520/2520 2523/2523/2523 2522/2522/2522
f 2524/2524/2524 2523/2523/2523 2520/2520/2520
f 2524/2524/2524 2525/2525/2525 2523/2523/2523
f 2526/2526/2526 2525/2525/2525 2524/2524/2524
f 2528/2528/2528 2454/2454/2454 2527/2527/2527
f 2453/2453/2453 2454/2454/2454 2528/2528/2528
f 2531/2531/2531 2530/2530/2530 2529/2529/2529
f 2534/2534/2534 2533/2533/2533 2532/2532/2532
f 2536/2536/2536 2534/2534/2534 2535/2535/2535
f 2536/2536/2536 2535/2535/2535 2537/2537/2537
f 2540/2540/2540 2539/2539/2539 2538/2538/2538
f 2540/2540/2540 2538/2538/2538 2512/2512/2512
f 2540/2540/2540 2512/2512/2512 2511/2511/2511
f 2542/2542/2542 2539/2539/2539 2541/2541/2541
f 2538/2538/2538 2539/2539/2539 2542/2542/2542
f 2544/2544/2544 2541/2541/2541 2543/2543/2543
f 2542/2542/2542 2541/2541/2541 2544/2544/2544
f 2545/2545/2545 2544/2544/2544 2543/2543/2543
f 2546/2546/2546 2544/2544/2544 2545/2545/2545
f 2549/2549/2549 2548/2548/2548 2547/2547/2547
f 2550/2550/2550 2517/2517/2517 2518/2518/2518
f 2547/2547/2547 2552/2552/2552 2551/2551/2551
f 2548/2548/2548 2552/2552/2552 2547/2547/2547
f 2555/2555/2555 2554/2554/2554 2553/2553/2553
f 2556/2556/2556 2554/2554/2554 2555/2555/2555
f 2558/2558/2558 2557/2557/2557 2530/2530/2530
f 2561/2561/2561 2560/2560/2560 2559/2559/2559
f 2562/2562/2562 2560/2560/2560 2561/2561/2561
f 2563/2563/2563 2480/2480/2480 2479/2479/2479
f 2564/2564/2564 2480/2480/2480 2563/2563/2563
f 2567/2567/2567 2566/2566/2566 2565/2565/2565
f 2479/2479/2479 2472/2472/2472 2568/2568/2568
f 2569/2569/2569 2566/2566/2566 2567/2567/2567
f 2570/2570/2570 2566/2566/2566 2569/2569/2569
f 2573/2573/2573 2572/2572/2572 2571/2571/2571
f 2574/2574/2574 2572/2572/2572 2573/2573/2573
f 2577/2577/2577 2576/2576/2576 2575/2575/2575
f 2578/2578/2578 2576/2576/2576 2577/2577/2577
f 2581/2581/2581 2580/2580/2580 2579/2579/2579
f 2558/2558/2558 2530/2530/2530 2531/2531/2531
f 2558/2558/2558 2531/2531/2531 2582/2582/2582
f 2582/2582/2582 2583/2583/2583 2558/2558/2558
f 2584/2584/2584 2583/2583/2583 2582/2582/2582
f 2535/2535/2535 2534/2534/2534 2532/2532/2532
f 2549/2549/2549 2546/2546/2546 2545/2545/2545
f 2547/2547/2547 2546/2546/2546 2549/2549/2549
f 2587/2587/2587 2586/2586/2586 2585/2585/2585
f 2582/2582/2582 2588/2588/2588 2584/2584/2584
f 2590/2590/2590 2552/2552/2552 2589/2589/2589
f 2551/2551/2551 2552/2552/2552 2590/2590/2590
f 2530/2530/2530 2557/2557/2557 2529/2529/2529
f 2565/2565/2565 2592/2592/2592 2591/2591/2591
f 2566/2566/2566 2592/2592/2592 2565/2565/2565
f 2594/2594/2594 2568/2568/2568 2593/2593/2593
f 2479/2479/2479 2568/2568/2568 2594/2594/2594
f 2572/2572/2572 2580/2580/2580 2571/2571/2571
f 2579/2579/2579 2580/2580/2580 2572/2572/2572
f 2574/2574/2574 2577/2577/2577 2575/2575/2575
f 2595/2595/2595 2577/2577/2577 2574/2574/2574
f 2598/2598/2598 2597/2597/2597 2596/2596/2596
f 2598/2598/2598 2596/2596/2596 2599/2599/2599
f 2600/2600/2600 2514/2514/2514 2502/2502/2502
f 2574/2574/2574 2573/2573/2573 2595/2595/2595
f 2601/2601/2601 2581/2581/2581 2579/2579/2579
f 2602/2602/2602 2581/2581/2581 2601/2601/2601
f 2601/2601/2601 2578/2578/2578 2602/2602/2602
f 2603/2603/2603 2598/2598/2598 2599/2599/2599
f 2603/2603/2603 2599/2599/2599 2604/2604/2604
f 2601/2601/2601 2576/2576/2576 2578/2578/2578
f 2605/2605/2605 2528/2528/2528 2527/2527/2527
f 2600/2600/2600 2607/2607/2607 2606/2606/2606
f 2479/2479/2479 2594/2594/2594 2563/2563/2563
f 2608/2608/2608 2472/2472/2472 2474/2474/2474
f 2611/2611/2611 2610/2610/2610 2609/2609/2609
f 2612/2612/2612 2610/2610/2610 2611/2611/2611
f 2615/2615/2615 2614/2614/2614 2613/2613/2613
f 2616/2616/2616 2614/2614/2614 2615/2615/2615
f 2617/2617/2617 2478/2478/2478 2483/2483/2483
f 2476/2476/2476 2478/2478/2478 2617/2617/2617
f 2484/2484/2484 2441/2441/2441 2443/2443/2443
f 2488/2488/2488 2486/2486/2486 2490/2490/2490
f 2620/2620/2620 2619/2619/2619 2618/2618/2618
f 2559/2559/2559 2560/2560/2560 2621/2621/2621
f 2560/2560/2560 2468/2468/2468 2621/2621/2621
f 2469/2469/2469 2468/2468/2468 2560/2560/2560
f 2624/2624/2624 2623/2623/2623 2622/2622/2622
f 2625/2625/2625 2623/2623/2623 2624/2624/2624
f 2625/2625/2625 2626/2626/2626 2623/2623/2623
f 2627/2627/2627 2626/2626/2626 2625/2625/2625
f 2630/2630/2630 2629/2629/2629 2628/2628/2628
f 2525/2525/2525 2526/2526/2526 2631/2631/2631
f 2502/2502/2502 2607/2607/2607 2600/2600/2600
f 2504/2504/2504 2607/2607/2607 2502/2502/2502
f 2631/2631/2631 2606/2606/2606 2607/2607/2607
f 2526/2526/2526 2606/2606/2606 2631/2631/2631
f 2633/2633/2633 2627/2627/2627 2632/2632/2632
f 2626/2626/2626 2627/2627/2627 2633/2633/2633
f 2536/2536/2536 2586/2586/2586 2587/2587/2587
f 2537/2537/2537 2586/2586/2586 2536/2536/2536
f 2628/2628/2628 2633/2633/2633 2632/2632/2632
f 2629/2629/2629 2633/2633/2633 2628/2628/2628
f 2605/2605/2605 2527/2527/2527 2634/2634/2634
f 2470/2470/2470 2618/2618/2618 2619/2619/2619
f 2463/2463/2463 2618/2618/2618 2470/2470/2470
f 2467/2467/2467 2445/2445/2445 2464/2464/2464
f 2444/2444/2444 2445/2445/2445 2467/2467/2467
f 2500/2500/2500 2635/2635/2635 2499/2499/2499
f 2496/2496/2496 2636/2636/2636 2495/2495/2495
f 2637/2637/2637 2636/2636/2636 2496/2496/2496
f 2498/2498/2498 2638/2638/2638 2510/2510/2510
f 2499/2499/2499 2638/2638/2638 2498/2498/2498
f 2641/2641/2641 2640/2640/2640 2639/2639/2639
f 2642/2642/2642 2640/2640/2640 2641/2641/2641
f 2644/2644/2644 2497/2497/2497 2643/2643/2643
f 2496/2496/2496 2497/2497/2497 2644/2644/2644
f 2647/2647/2647 2646/2646/2646 2645/2645/2645
f 2648/2648/2648 2646/2646/2646 2647/2647/2647
f 2649/2649/2649 2648/2648/2648 2647/2647/2647
f 2648/2648/2648 2651/2651/2651 2650/2650/2650
f 2649/2649/2649 2651/2651/2651 2648/2648/2648
f 2652/2652/2652 2650/2650/2650 2651/2651/2651
f 2653/2653/2653 2650/2650/2650 2652/2652/2652
f 2653/2653/2653 2654/2654/2654 2650/2650/2650
f 2655/2655/2655 2654/2654/2654 2653/2653/2653
f 2555/2555/2555 2656/2656/2656 2556/2556/2556
f 2555/2555/2555 2583/2583/2583 2656/2656/2656
f 2657/2657/2657 2492/2492/2492 2493/2493/2493
f 2658/2658/2658 2657/2657/2657 2493/2493/2493
f 2658/2658/2658 2500/2500/2500 2657/2657/2657
f 2635/2635/2635 2500/2500/2500 2658/2658/2658
