# Exported from Godot Engine
mtllib Interior_6_Seater.mtl
o Interior_6_Seater
v -0.491158 0.666543 0.640848
vt 1.262632 1.455777
vn 0.399497 0.820493 0.408892
v -0.574159 0.684984 0.651956
vt 1.265385 1.472902
vn -0.041216 0.980998 0.189587
v -0.443750 0.677298 0.572461
vt 1.249627 1.455078
vn 0.404698 0.621224 0.671044
v -0.487702 0.694271 0.562887
vt 1.249044 1.459438
vn 0.068391 0.924611 0.374724
v -0.574418 0.694506 0.601336
vt 1.256285 1.474330
vn -0.147106 0.942946 -0.298684
v -0.721613 0.663947 0.642481
vt 1.269707 1.498551
vn -0.185734 0.981987 0.034695
v -0.707546 0.670443 0.592809
vt 1.258747 1.497977
vn -0.167026 0.936775 -0.307499
v -0.848018 0.643218 0.629061
vt 1.273319 1.528383
vn -0.039415 0.725850 0.686723
v -0.874674 0.630494 0.568023
vt 1.259960 1.537167
vn -0.113816 0.873302 -0.473698
v -0.712196 0.628770 0.539992
vt 1.243298 1.507116
vn -0.258516 0.957097 -0.130902
v -0.875543 0.599237 0.533106
vt 1.249660 1.540533
vn 0.056818 0.983825 -0.169882
v -0.709819 0.630271 0.387438
vt 1.212406 1.502510
vn -0.282029 0.959406 -0.000019
v -0.477124 0.714725 0.387438
vt 1.218570 1.452899
vn -0.179207 0.983811 -0.000018
v -0.478861 0.714385 0.563001
vt 1.242548 1.461147
vn -0.165509 0.984979 0.049226
v -0.431797 0.624365 0.578847
vt 1.257830 1.438609
vn 0.967694 -0.192925 0.162322
v -0.445445 0.595652 0.582782
vt 1.266382 1.432238
vn 0.721340 -0.683105 0.114171
v -0.459067 0.624771 0.621352
vt 1.263704 1.446049
vn 0.837072 0.106494 0.536628
v -0.477341 0.579211 0.643032
vt 1.279826 1.440140
vn 0.611270 -0.779790 0.135193
v -0.523555 0.616174 0.648577
vt 1.280140 1.454813
vn 0.166287 0.105781 0.980387
v -0.491158 0.666543 0.640848
vt 1.262632 1.455777
vn 0.176176 -0.009408 0.984314
v -0.459067 0.624771 0.621352
vt 1.263704 1.446049
vn 0.324634 0.118357 0.938405
v -0.477341 0.579211 0.643032
vt 1.279826 1.440140
vn 0.286148 0.217862 0.933089
v -0.542631 0.537756 0.667307
vt 1.295887 1.445695
vn 0.227992 -0.955012 0.189662
v -0.602236 0.604205 0.653793
vt 1.286070 1.471150
vn -0.003234 0.140074 0.990136
v -0.574159 0.684984 0.651956
vt 1.265385 1.472902
vn 0.023571 0.070878 0.997207
v -0.714970 0.585814 0.656950
vt 1.290032 1.498915
vn -0.022310 0.192074 0.981127
v -0.721613 0.663947 0.642481
vt 1.269707 1.498551
vn -0.046303 0.202570 0.978173
v -0.842793 0.606339 0.655915
vt 1.284075 1.526763
vn -0.018123 0.197895 0.980056
v -0.605015 0.527546 0.670613
vt 1.305288 1.464250
vn 0.143462 -0.978279 0.149631
v -0.710335 0.513890 0.670077
vt 1.310349 1.498111
vn 0.128655 -0.960766 0.245718
v -0.836114 0.521447 0.664979
vt 1.308426 1.530208
vn -0.036804 0.103179 0.993982
v -0.899658 0.924774 0.596359
vt 1.719087 1.528923
vn 0.874301 0.459204 0.157254
v -0.978301 1.036634 0.589655
vt 1.733117 1.557253
vn 0.797563 0.477795 0.368247
v -0.908710 0.921537 0.563162
vt 1.713284 1.533460
vn 0.774238 0.349122 -0.527892
v -0.966206 0.973989 0.532271
vt 1.714124 1.556154
vn 0.899101 0.378533 -0.219840
v -0.859443 0.803083 0.602136
vt 1.707419 1.507872
vn 0.947635 0.238600 0.212267
v -0.867607 0.790285 0.566455
vt 1.700026 1.510005
vn 0.839018 0.212740 -0.500790
v -0.855636 0.721954 0.598874
vt 1.697033 1.490428
vn 0.998247 0.049030 -0.033154
v -0.925710 0.917714 0.636676
vt 1.728210 1.525188
vn 0.374167 0.268036 0.887781
v -0.885316 0.800783 0.641086
vt 1.715504 1.503019
vn 0.484775 0.098178 0.869111
v -1.023287 1.066402 0.621173
vt 1.746309 1.560384
vn -0.026404 0.106975 0.993911
v -0.872506 0.717528 0.631630
vt 1.706538 1.481464
vn 0.526791 0.020659 0.849744
v -0.928433 0.722057 0.632562
vt 1.728680 1.481378
vn -0.235839 0.092173 0.967411
v -0.931840 0.811623 0.642811
vt 1.732776 1.500808
vn -0.246825 -0.065116 0.966870
v -0.978657 0.891033 0.635364
vt 1.743558 1.519807
vn -0.313027 -0.071031 0.947084
v -1.053150 1.002186 0.616042
vt 1.756330 1.546087
vn -0.385845 -0.069923 0.919910
v -0.974536 1.040752 0.575401
vt 1.730527 1.560436
vn 0.903704 0.375421 -0.205861
v -0.986755 1.091434 0.608630
vt 1.739678 1.566840
vn 0.878760 0.467761 0.094766
v -1.061034 1.203681 0.571305
vt 1.751840 1.593652
vn 0.749203 0.624607 0.220365
v -1.021059 1.089248 0.482723
vt 1.721750 1.587288
vn 0.929605 0.340419 -0.141245
v -1.040032 1.172072 0.600256
vt 1.750234 1.583439
vn 0.269863 0.461334 0.845189
v -1.026076 1.085953 0.387438
vt 1.706366 1.601677
vn 0.954668 0.297673 0.000019
v -0.993259 0.960759 0.387438
vt 1.687605 1.577726
vn 0.931949 0.362590 0.000059
v -1.086099 1.143560 0.613121
vt 1.757910 1.577672
vn -0.305914 0.144855 0.940975
v -1.112648 1.187873 0.585399
vt 1.762117 1.588449
vn -0.579827 0.507194 0.637617
v -1.110880 1.262900 0.489255
vt 1.766439 1.612041
vn -0.574333 0.449901 0.683909
v -1.066802 1.240888 0.496129
vt 1.753212 1.610762
vn 0.625161 0.520945 0.581197
v -1.044996 1.171764 0.448315
vt 1.730679 1.608272
vn 0.977878 0.198269 0.066658
v -1.060968 1.386774 0.457937
vt 1.765592 1.642471
vn 0.365992 0.340698 0.866011
v -1.061527 1.408714 0.437843
vt 1.768285 1.647558
vn 0.256459 0.892865 0.370163
v -1.031771 1.373770 0.419464
vt 1.758857 1.649358
vn 0.933356 0.225072 0.279623
v -1.101191 1.400923 0.429354
vt 1.775709 1.646393
vn -0.543922 0.778768 0.312520
v -1.101863 1.380302 0.448336
vt 1.773557 1.640612
vn -0.471361 0.347299 0.810680
v -1.110880 1.262900 0.489255
vt 1.766973 1.613913
vn -0.574333 0.449901 0.683909
v -1.066802 1.240888 0.496129
vt 1.753747 1.612633
vn 0.625161 0.520945 0.581197
v -1.168446 1.235932 0.433435
vt 1.787723 1.611837
vn -0.873592 0.295882 0.386382
v -1.149965 1.339804 0.409621
vt 1.786873 1.634747
vn -0.843550 0.313156 0.436299
v -1.168375 1.183243 0.474131
vt 1.785056 1.595746
vn -0.962571 0.100786 0.251593
v -1.168446 1.235932 0.433435
vt 1.787188 1.609966
vn -0.873592 0.295882 0.386382
v -1.145508 1.159915 0.539206
vt 1.774636 1.585948
vn -0.832018 0.286466 0.475060
v -1.114604 1.107321 0.584898
vt 1.766502 1.572059
vn -0.649212 -0.048114 0.759084
v -1.089261 0.966538 0.581441
vt 1.774194 1.538699
vn -0.865898 -0.343311 0.363809
v -1.053150 1.002186 0.616042
vt 1.764255 1.542689
vn -0.385845 -0.069923 0.919910
v -1.039886 0.859908 0.592850
vt 1.768077 1.516499
vn -0.844331 -0.345957 0.409169
v -0.978657 0.891033 0.635364
vt 1.753237 1.520020
vn -0.313027 -0.071031 0.947084
v -0.931840 0.811623 0.642811
vt 1.743937 1.503631
vn -0.246825 -0.065116 0.966870
v -1.009173 0.778000 0.595519
vt 1.762852 1.499756
vn -0.870119 -0.289231 0.399045
v -0.991656 0.713536 0.607246
vt 1.758436 1.487111
vn -0.963335 -0.004319 0.268269
v -0.928433 0.722057 0.632562
vt 1.740403 1.486871
vn -0.235839 0.092173 0.967411
v -1.074905 0.844300 0.387438
vt 1.809790 1.516446
vn -0.920993 -0.389580 -0.000060
v -1.115411 0.938431 0.387438
vt 1.812212 1.537447
vn -0.922036 -0.387105 -0.000020
v -1.015949 0.692469 0.387438
vt 1.805524 1.486236
vn -0.999135 -0.041576 -0.000048
v -1.039469 0.764985 0.387438
vt 1.806751 1.499774
vn -0.943742 -0.330683 -0.000058
v -1.031546 1.182816 0.444203
vt 1.731998 1.614353
vn 0.855896 -0.349907 0.380799
v -1.044996 1.171764 0.448315
vt 1.731213 1.610143
vn 0.977878 0.198269 0.066658
v -1.046886 1.244838 0.488239
vt 1.749963 1.616598
vn 0.754387 0.022277 0.656052
v -1.024906 1.263427 0.446586
vt 1.744529 1.627664
vn 0.928592 0.099789 0.357434
v -1.060865 1.416505 0.387438
vt 1.769274 1.658626
vn 0.345794 0.938310 0.000059
v -1.030275 1.376153 0.387438
vt 1.755926 1.655925
vn 0.971343 0.237684 0.000055
v -1.100579 1.407564 0.387438
vt 1.779341 1.654533
vn -0.562513 0.826788 -0.000021
v -1.172962 1.232495 0.387438
vt 1.798059 1.614818
vn -0.993028 0.117882 -0.000017
v -1.150164 1.347890 0.387438
vt 1.790844 1.638890
vn -0.908509 0.417864 -0.000020
v -1.014413 0.618420 0.622606
vt 1.760953 1.468543
vn -0.993593 -0.096110 0.059462
v -1.014169 0.616393 0.387438
vt 1.806716 1.472988
vn -0.995305 -0.096788 -0.000017
v -0.989593 0.683789 0.644746
vt 1.752601 1.479184
vn -0.408053 0.264806 0.873711
v -0.933565 0.704757 0.644526
vt 1.741274 1.482789
vn -0.075032 0.291367 0.953664
v -0.933565 0.704757 0.644526
vt 1.729689 1.476646
vn -0.075032 0.291367 0.953664
v -0.884947 0.676664 0.647727
vt 1.716872 1.469014
vn 0.173760 0.182082 0.967809
v -1.008356 0.620140 0.647178
vt 1.756534 1.467921
vn -0.406794 0.051589 0.912062
v -0.989593 0.683789 0.644746
vt 1.742820 1.472467
vn -0.408053 0.264806 0.873711
v -1.008356 0.620140 0.647178
vt 1.747379 1.459411
vn -0.406794 0.051589 0.912062
v -0.842793 0.606339 0.655915
vt 1.714212 1.448276
vn -0.018123 0.197895 0.980056
v -0.848018 0.643218 0.629061
vt 1.710049 1.457898
vn -0.039415 0.725850 0.686723
v -0.974796 0.536300 0.655719
vt 1.748446 1.440030
vn -0.219122 0.023777 0.975408
v -0.911572 0.526120 0.661290
vt 1.739314 1.428896
vn -0.050906 0.096396 0.994040
v -0.984013 0.537959 0.614319
vt 1.765799 1.452650
vn -0.945112 -0.324117 0.041377
v -0.974796 0.536300 0.655719
vt 1.757454 1.451203
vn -0.219122 0.023777 0.975408
v -0.991927 0.539887 0.387438
vt 1.809073 1.457736
vn -0.947853 -0.318708 -0.000058
v -0.860811 0.663416 0.591720
vt 1.702111 1.463426
vn 0.982795 -0.179815 0.042192
v -0.874674 0.630494 0.568023
vt 1.671272 1.483811
vn 0.982706 -0.184940 -0.009285
v -0.860811 0.663416 0.591720
vt 1.682446 1.483106
vn 0.982795 -0.179815 0.042192
v -0.866163 0.650573 0.527559
vt 1.670221 1.494362
vn 0.993218 0.059229 -0.100046
v -0.875543 0.599237 0.533106
vt 1.661367 1.485924
vn 0.056818 0.983825 -0.169882
v -0.860811 0.663416 0.591720
vt 1.702111 1.463426
vn 0.949538 0.249202 -0.190463
v -0.874674 0.630494 0.568023
vt 1.696182 1.456008
vn -0.113816 0.873302 -0.473698
v -0.836114 0.521447 0.664979
vt 1.728944 1.423501
vn -0.036804 0.103179 0.993982
v -1.021878 1.228499 0.420698
vt 1.734933 1.626380
vn 0.981431 -0.080712 0.174006
v -0.413311 0.690189 0.387438
vt 1.216705 1.435151
vn 0.883933 0.467613 0.000062
v -0.420537 0.684447 0.572806
vt 1.249627 1.455078
vn 0.905711 0.413200 0.094624
v -0.882377 0.598368 0.387438
vt 1.218787 1.545460
vn 0.121989 0.992531 0.000017
v -0.422373 0.617487 0.387438
vt 1.225903 1.418404
vn 0.964873 -0.262718 0.000019
v -0.875234 0.649741 0.387438
vt 1.644808 1.515631
vn 0.996105 0.088172 0.000050
v -0.882377 0.598368 0.387438
vt 1.637424 1.507226
vn 0.121989 0.992531 0.000017
v -0.900951 0.758561 0.387438
vt 1.659101 1.535633
vn 0.944793 0.327669 0.000058
v -0.886744 0.761281 0.525715
vt 1.683943 1.515512
vn 0.930519 0.293732 -0.218758
v -1.046026 1.162508 0.387438
vt 1.718246 1.615847
vn 0.990957 0.134178 0.000052
v -1.140101 1.074906 0.559654
vt 1.779659 1.560762
vn -0.921919 -0.253013 0.293341
v -1.159244 1.055658 0.387438
vt 1.811985 1.563877
vn -0.958591 -0.284785 -0.000019
v -1.168375 1.183243 0.474131
vt 1.789034 1.585526
vn -0.962571 0.100786 0.251593
v -1.173829 1.186433 0.387438
vt 1.803729 1.591508
vn -0.994033 -0.109079 -0.000050
v -1.172962 1.232495 0.387438
vt 1.797525 1.612947
vn -0.993028 0.117882 -0.000017
v -1.173829 1.186433 0.387438
vt 1.802091 1.602682
vn -0.994033 -0.109079 -0.000050
v -1.023200 1.263515 0.387438
vt 1.736110 1.637751
vn 0.997807 0.066194 0.000016
v -1.020897 1.226853 0.387438
vt 1.729660 1.631836
vn 0.996328 -0.085619 -0.000017
v -1.030670 1.174717 0.387438
vt 1.721270 1.621662
vn 0.909627 -0.415426 -0.000020
v -1.046026 1.162508 0.387438
vt 1.718781 1.617718
vn 0.990957 0.134178 0.000052
v -0.498802 0.551100 0.538288
vt 1.275513 1.414459
vn 0.407874 -0.912680 0.025573
v -0.439400 0.590570 0.387438
vt 1.234229 1.408054
vn 0.714832 -0.699296 0.000021
v -0.495486 0.548516 0.387438
vt 1.247953 1.393657
vn 0.414869 -0.909878 0.002491
v -1.114604 1.107321 0.584898
vt 1.773030 1.565093
vn -0.649212 -0.048114 0.759084
v -1.145508 1.159915 0.539206
vt 1.780046 1.577074
vn -0.832018 0.286466 0.475060
v -0.487702 0.694271 0.211988
vt 1.249044 1.459438
vn 0.068412 0.924627 -0.374680
v -0.574159 0.684985 0.122920
vt 1.265385 1.472902
vn -0.041235 0.980997 -0.189591
v -0.443750 0.677298 0.202414
vt 1.249627 1.455078
vn 0.404727 0.621255 -0.670998
v -0.491158 0.666543 0.134027
vt 1.262632 1.455777
vn 0.399509 0.820543 -0.408780
v -0.574418 0.694506 0.173539
vt 1.256285 1.474330
vn -0.147130 0.942941 0.298689
v -0.707546 0.670443 0.182066
vt 1.258747 1.497977
vn -0.167002 0.936781 0.307494
v -0.721613 0.663947 0.132394
vt 1.269707 1.498551
vn -0.185713 0.981991 -0.034695
v -0.874674 0.630494 0.206852
vt 1.259960 1.537167
vn -0.113840 0.873294 0.473706
v -0.848018 0.643218 0.145815
vt 1.273319 1.528383
vn -0.039438 0.725882 -0.686688
v -0.712196 0.628769 0.234883
vt 1.243298 1.507116
vn -0.258540 0.957090 0.130904
v -0.875543 0.599237 0.241770
vt 1.249660 1.540533
vn 0.056800 0.983819 0.169921
v -0.478861 0.714385 0.211875
vt 1.242548 1.461147
vn -0.165405 0.984997 -0.049222
v -0.477341 0.579211 0.131843
vt 1.279826 1.440140
vn 0.641293 -0.565574 -0.518526
v -0.445445 0.595652 0.192093
vt 1.266382 1.432238
vn 0.721337 -0.683101 -0.114221
v -0.459067 0.624771 0.153523
vt 1.263704 1.446049
vn 0.837130 0.106516 -0.536532
v -0.431798 0.624365 0.196028
vt 1.257830 1.438609
vn 0.967698 -0.192942 -0.162279
v -0.459067 0.624771 0.153523
vt 1.263704 1.446049
vn 0.324727 0.118431 -0.938364
v -0.491158 0.666543 0.134027
vt 1.262632 1.455777
vn 0.176200 -0.009426 -0.984309
v -0.523555 0.616174 0.126298
vt 1.280140 1.454813
vn 0.166398 0.105810 -0.980365
v -0.542631 0.537756 0.107568
vt 1.295887 1.445695
vn 0.228167 -0.953745 -0.195731
v -0.574159 0.684985 0.122920
vt 1.265385 1.472902
vn 0.023623 0.070935 -0.997201
v -0.602236 0.604205 0.121082
vt 1.286070 1.471150
vn -0.003321 0.140106 -0.990131
v -0.721613 0.663947 0.132394
vt 1.269707 1.498551
vn -0.046323 0.202595 -0.978166
v -0.714971 0.585814 0.117925
vt 1.290032 1.498915
vn -0.022329 0.192098 -0.981122
v -0.842793 0.606339 0.118960
vt 1.284075 1.526763
vn -0.018104 0.197870 -0.980061
v -0.710335 0.513890 0.104798
vt 1.310349 1.498111
vn 0.128674 -0.960774 -0.245674
v -0.605015 0.527546 0.104263
vt 1.305288 1.464250
vn 0.143392 -0.978297 -0.149580
v -0.836114 0.521447 0.109896
vt 1.308426 1.530208
vn -0.036822 0.103199 -0.993979
v -0.966206 0.973989 0.242605
vt 1.714124 1.556154
vn 0.899102 0.378474 0.219937
v -0.978301 1.036634 0.185220
vt 1.733117 1.557253
vn 0.797610 0.477803 -0.368133
v -0.908710 0.921537 0.211714
vt 1.713284 1.533460
vn 0.774214 0.349098 0.527943
v -0.899658 0.924774 0.178517
vt 1.719087 1.528923
vn 0.874321 0.459201 -0.157154
v -0.867607 0.790285 0.208420
vt 1.700026 1.510005
vn 0.838950 0.212669 0.500934
v -0.859443 0.803083 0.172739
vt 1.707419 1.507872
vn 0.939619 0.201041 -0.276945
v -0.855636 0.721954 0.176002
vt 1.697033 1.490428
vn 0.995797 0.001928 -0.091568
v -0.885316 0.800784 0.133790
vt 1.715504 1.503019
vn 0.517339 0.081648 -0.851877
v -0.925710 0.917714 0.138199
vt 1.728210 1.525188
vn 0.374100 0.268108 -0.887788
v -1.023287 1.066402 0.153703
vt 1.746309 1.560384
vn -0.026422 0.106996 -0.993908
v -0.896597 0.717528 0.143245
vt 1.706538 1.481464
vn 0.466431 0.018724 -0.884359
v -0.931840 0.811623 0.132065
vt 1.732776 1.500808
vn -0.255458 -0.063463 -0.964735
v -0.928433 0.722057 0.142314
vt 1.728680 1.481378
vn -0.263225 0.093180 -0.960224
v -0.978657 0.891033 0.139512
vt 1.743558 1.519807
vn -0.312964 -0.070879 -0.947117
v -1.053150 1.002187 0.158834
vt 1.756330 1.546087
vn -0.385762 -0.069898 -0.919947
v -0.986755 1.091434 0.166246
vt 1.739678 1.566840
vn 0.878759 0.467792 -0.094627
v -0.974536 1.040752 0.199475
vt 1.730527 1.560436
vn 0.903706 0.375364 0.205957
v -1.021059 1.089248 0.292152
vt 1.721750 1.587288
vn 0.929599 0.340376 0.141384
v -1.061034 1.203681 0.203570
vt 1.751840 1.593652
vn 0.749240 0.624601 -0.220257
v -1.040032 1.172072 0.174620
vt 1.750234 1.583439
vn 0.269898 0.461425 -0.845128
v -1.086099 1.143560 0.161754
vt 1.757910 1.577672
vn -0.305894 0.144877 -0.940978
v -1.112648 1.187873 0.189476
vt 1.762117 1.588449
vn -0.579852 0.507167 -0.637616
v -1.066802 1.240888 0.278747
vt 1.753212 1.610762
vn 0.625187 0.520972 -0.581145
v -1.110880 1.262901 0.285620
vt 1.766439 1.612041
vn -0.574357 0.449873 -0.683906
v -1.044996 1.171764 0.326561
vt 1.730679 1.608272
vn 0.977877 0.198314 -0.066541
v -1.031771 1.373770 0.355411
vt 1.758857 1.649358
vn 0.933366 0.225091 -0.279575
v -1.061527 1.408715 0.337033
vt 1.768285 1.647558
vn 0.256521 0.892909 -0.370013
v -1.060968 1.386774 0.316938
vt 1.765592 1.642471
vn 0.366025 0.340730 -0.865984
v -1.101863 1.380303 0.326539
vt 1.773557 1.640612
vn -0.471327 0.347267 -0.810713
v -1.101191 1.400923 0.345522
vt 1.775709 1.646393
vn -0.543938 0.778779 -0.312465
v -1.066802 1.240888 0.278747
vt 1.753747 1.612633
vn 0.625187 0.520972 -0.581145
v -1.110880 1.262901 0.285620
vt 1.766973 1.613913
vn -0.574357 0.449873 -0.683906
v -1.149965 1.339804 0.365255
vt 1.786873 1.634747
vn -0.843537 0.313184 -0.436304
v -1.168446 1.235932 0.341441
vt 1.787723 1.611837
vn -0.873604 0.295854 -0.386377
v -1.168446 1.235932 0.341441
vt 1.787188 1.609966
vn -0.873604 0.295854 -0.386377
v -1.145508 1.159915 0.235669
vt 1.774636 1.585948
vn -0.831998 0.286443 -0.475111
v -1.168375 1.183243 0.300745
vt 1.785056 1.595746
vn -0.962575 0.100764 -0.251589
v -1.114604 1.107321 0.189977
vt 1.766502 1.572059
vn -0.649178 -0.048090 -0.759115
v -0.978657 0.891033 0.139512
vt 1.753237 1.520020
vn -0.312964 -0.070879 -0.947117
v -1.053150 1.002187 0.158834
vt 1.764255 1.542689
vn -0.385762 -0.069898 -0.919947
v -1.039886 0.859908 0.182025
vt 1.768077 1.516499
vn -0.844311 -0.345886 -0.409269
v -1.089261 0.966538 0.193435
vt 1.774194 1.538699
vn -0.865857 -0.343251 -0.363966
v -1.009173 0.778000 0.179356
vt 1.762852 1.499756
vn -0.870099 -0.289161 -0.399142
v -0.931840 0.811623 0.132065
vt 1.743937 1.503631
vn -0.255458 -0.063463 -0.964735
v -0.928433 0.722057 0.142314
vt 1.740403 1.486871
vn -0.263225 0.093180 -0.960224
v -0.991656 0.713537 0.167630
vt 1.758436 1.487111
vn -0.963323 -0.004300 -0.268309
v -1.044996 1.171764 0.326561
vt 1.731213 1.610143
vn 0.977877 0.198314 -0.066541
v -1.046886 1.244838 0.286636
vt 1.749963 1.616598
vn 0.754438 0.022344 -0.655991
v -1.031546 1.182816 0.330672
vt 1.731998 1.614353
vn 0.855882 -0.349935 -0.380804
v -1.024906 1.263427 0.328289
vt 1.744529 1.627664
vn 0.928607 0.099809 -0.357389
v -1.014413 0.618420 0.152270
vt 1.760953 1.468543
vn -0.993590 -0.096097 -0.059535
v -0.933565 0.704757 0.130350
vt 1.741274 1.482789
vn -0.079713 0.289698 -0.953793
v -0.989593 0.683790 0.130129
vt 1.752601 1.479184
vn -0.408019 0.264776 -0.873736
v -0.884947 0.676664 0.127149
vt 1.716872 1.469014
vn 0.193700 0.219104 -0.956281
v -0.933565 0.704757 0.130350
vt 1.729689 1.476646
vn -0.079713 0.289698 -0.953793
v -1.008356 0.620140 0.127697
vt 1.756534 1.467921
vn -0.406812 0.051568 -0.912055
v -1.008356 0.620140 0.127697
vt 1.747379 1.459411
vn -0.406812 0.051568 -0.912055
v -0.989593 0.683790 0.130129
vt 1.742820 1.472467
vn -0.408019 0.264776 -0.873736
v -0.848018 0.643218 0.145815
vt 1.710049 1.457898
vn -0.039438 0.725882 -0.686688
v -0.842793 0.606339 0.118960
vt 1.714212 1.448276
vn -0.018104 0.197870 -0.980061
v -0.911572 0.526120 0.113586
vt 1.739314 1.428896
vn -0.050924 0.096379 -0.994041
v -0.974796 0.536300 0.119157
vt 1.748446 1.440030
vn -0.219105 0.023796 -0.975411
v -0.974796 0.536300 0.119157
vt 1.757454 1.451203
vn -0.219105 0.023796 -0.975411
v -0.984013 0.537959 0.160556
vt 1.765799 1.452650
vn -0.945114 -0.324104 -0.041418
v -0.860811 0.663416 0.183155
vt 1.702111 1.463426
vn 0.985595 -0.138521 -0.097024
v -0.860811 0.663416 0.183155
vt 1.682446 1.483106
vn 0.985595 -0.138521 -0.097024
v -0.866163 0.650573 0.247316
vt 1.670221 1.494362
vn 0.993210 0.059179 0.100156
v -0.874674 0.630494 0.206852
vt 1.671272 1.483811
vn 0.982710 -0.184919 0.009285
v -0.875543 0.599237 0.241770
vt 1.661367 1.485924
vn 0.056800 0.983819 0.169921
v -0.874674 0.630494 0.206852
vt 1.696182 1.456008
vn -0.113840 0.873294 0.473706
v -0.860811 0.663416 0.183155
vt 1.702111 1.463426
vn 0.949521 0.249193 0.190557
v -0.836114 0.521447 0.109896
vt 1.728944 1.423501
vn -0.036822 0.103199 -0.993979
v -1.021878 1.228499 0.354177
vt 1.734933 1.626380
vn 0.981429 -0.080733 -0.174009
v -0.420537 0.684447 0.202070
vt 1.249627 1.455078
vn 0.905710 0.413212 -0.094579
v -0.886744 0.761281 0.249160
vt 1.683943 1.515512
vn 0.930517 0.293672 0.218850
v -0.498802 0.551100 0.236587
vt 1.275513 1.414459
vn 0.553800 -0.831334 -0.046780
v -1.140101 1.074906 0.215221
vt 1.779659 1.560762
vn -0.921890 -0.253001 -0.293443
v -1.114604 1.107321 0.189977
vt 1.773030 1.565093
vn -0.649178 -0.048090 -0.759115
v -1.145508 1.159915 0.235669
vt 1.780046 1.577074
vn -0.831998 0.286443 -0.475111
v -1.168375 1.183243 0.300745
vt 1.789034 1.585526
vn -0.962575 0.100764 -0.251589
v -0.495486 0.548516 0.387438
vt 1.275513 1.414459
vn 0.414869 -0.909878 0.002491
v -0.487702 0.694271 -0.562887
vt 1.247677 2.461945
vn 0.068412 0.924627 -0.374680
v -0.574159 0.684985 -0.651955
vt 1.265385 2.472902
vn -0.041235 0.980997 -0.189591
v -0.443750 0.677298 -0.572461
vt 1.249627 2.455079
vn 0.404726 0.621202 -0.671048
v -0.491158 0.666543 -0.640848
vt 1.262632 2.455777
vn 0.399509 0.820543 -0.408780
v -0.574418 0.694506 -0.601336
vt 1.256285 2.474330
vn -0.147130 0.942941 0.298689
v -0.707546 0.670443 -0.592809
vt 1.258747 2.497977
vn -0.167002 0.936781 0.307494
v -0.721613 0.663947 -0.642481
vt 1.269707 2.498551
vn -0.185713 0.981991 -0.034695
v -0.874674 0.630495 -0.568023
vt 1.259960 2.537167
vn -0.113840 0.873294 0.473706
v -0.848018 0.643218 -0.629060
vt 1.273319 2.528383
vn -0.039438 0.725882 -0.686688
v -0.712196 0.628770 -0.539992
vt 1.243298 2.507116
vn -0.258540 0.957090 0.130904
v -0.875543 0.599237 -0.533105
vt 1.249660 2.540533
vn 0.056800 0.983819 0.169921
v -0.478861 0.714385 -0.563000
vt 1.242548 2.461147
vn -0.165405 0.984997 -0.049222
v -0.477124 0.714725 -0.387437
vt 1.218570 2.452899
vn -0.179207 0.983811 -0.000018
v -0.709819 0.630271 -0.387437
vt 1.212406 2.502510
vn -0.282029 0.959406 -0.000019
v -0.477341 0.579212 -0.643032
vt 1.279826 2.440140
vn 0.611244 -0.779810 -0.135193
v -0.445445 0.595652 -0.582782
vt 1.266382 2.432238
vn 0.721337 -0.683101 -0.114221
v -0.459067 0.624771 -0.621352
vt 1.263704 2.446049
vn 0.837130 0.106516 -0.536532
v -0.431797 0.624366 -0.578847
vt 1.257830 2.438609
vn 0.967698 -0.192942 -0.162279
v -0.459067 0.624771 -0.621352
vt 1.263704 2.446049
vn 0.324727 0.118431 -0.938364
v -0.491158 0.666543 -0.640848
vt 1.262632 2.455777
vn 0.176200 -0.009426 -0.984309
v -0.523555 0.616174 -0.648577
vt 1.280140 2.454813
vn 0.166398 0.105810 -0.980365
v -0.542631 0.537756 -0.667307
vt 1.295887 2.445695
vn 0.227975 -0.955007 -0.189707
v -0.477341 0.579212 -0.643032
vt 1.279826 2.440140
vn 0.286239 0.217947 -0.933041
v -0.574159 0.684985 -0.651955
vt 1.265385 2.472902
vn 0.023623 0.070935 -0.997201
v -0.602236 0.604205 -0.653793
vt 1.286070 2.471150
vn -0.003217 0.140091 -0.990133
v -0.721613 0.663947 -0.642481
vt 1.269707 2.498551
vn -0.046323 0.202595 -0.978166
v -0.714970 0.585815 -0.656950
vt 1.290032 2.498914
vn -0.022329 0.192098 -0.981122
v -0.842793 0.606339 -0.655915
vt 1.284075 2.526763
vn -0.018104 0.197870 -0.980061
v -0.710335 0.513890 -0.670077
vt 1.310349 2.498111
vn 0.128674 -0.960774 -0.245674
v -0.605015 0.527546 -0.670613
vt 1.305288 2.464249
vn 0.143392 -0.978297 -0.149580
v -0.836114 0.521447 -0.664979
vt 1.308426 2.530208
vn -0.036822 0.103199 -0.993979
v -0.966206 0.973989 -0.532271
vt 1.714124 2.556153
vn 0.899102 0.378474 0.219937
v -0.978301 1.036634 -0.589655
vt 1.733117 2.557253
vn 0.797610 0.477803 -0.368133
v -0.908710 0.921538 -0.563161
vt 1.713284 2.533460
vn 0.774214 0.349098 0.527943
v -0.899658 0.924775 -0.596358
vt 1.719087 2.528923
vn 0.874321 0.459201 -0.157154
v -0.867607 0.790285 -0.566455
vt 1.700026 2.510005
vn 0.838950 0.212669 0.500934
v -0.859443 0.803083 -0.602136
vt 1.707419 2.507871
vn 0.947654 0.238610 -0.212171
v -0.855636 0.721954 -0.598874
vt 1.697033 2.490428
vn 0.998246 0.048983 0.033255
v -0.885316 0.800784 -0.641085
vt 1.715504 2.503019
vn 0.484809 0.098203 -0.869089
v -0.925710 0.917714 -0.636676
vt 1.728210 2.525188
vn 0.374100 0.268108 -0.887788
v -1.023287 1.066402 -0.621173
vt 1.746309 2.560384
vn -0.026422 0.106996 -0.993908
v -0.872506 0.717528 -0.631630
vt 1.706538 2.481464
vn 0.526844 0.020724 -0.849709
v -0.931840 0.811623 -0.642810
vt 1.732776 2.500808
vn -0.246752 -0.065093 -0.966890
v -0.928433 0.722057 -0.632561
vt 1.728680 2.481378
vn -0.235820 0.092193 -0.967414
v -0.978657 0.891033 -0.635363
vt 1.743558 2.519807
vn -0.312986 -0.070965 -0.947103
v -1.053150 1.002187 -0.616041
vt 1.756330 2.546087
vn -0.385762 -0.069898 -0.919947
v -0.986755 1.091434 -0.608629
vt 1.739678 2.566840
vn 0.878759 0.467792 -0.094627
v -0.974536 1.040752 -0.575400
vt 1.730527 2.560436
vn 0.903706 0.375364 0.205957
v -1.021059 1.089248 -0.482723
vt 1.721750 2.587288
vn 0.929599 0.340376 0.141384
v -1.061034 1.203681 -0.571305
vt 1.751840 2.593652
vn 0.749240 0.624601 -0.220257
v -1.040032 1.172072 -0.600255
vt 1.750234 2.583439
vn 0.269898 0.461425 -0.845128
v -0.993259 0.960759 -0.387437
vt 1.687605 2.577726
vn 0.931949 0.362590 0.000059
v -1.026076 1.085953 -0.387437
vt 1.706366 2.601677
vn 0.954668 0.297673 0.000019
v -1.086099 1.143560 -0.613121
vt 1.757910 2.577672
vn -0.305894 0.144877 -0.940978
v -1.112648 1.187873 -0.585399
vt 1.762117 2.588449
vn -0.579852 0.507167 -0.637616
v -1.066802 1.240888 -0.496128
vt 1.753212 2.610762
vn 0.625187 0.520972 -0.581145
v -1.110880 1.262901 -0.489255
vt 1.766439 2.612041
vn -0.574357 0.449873 -0.683906
v -1.044996 1.171764 -0.448314
vt 1.730679 2.608272
vn 0.977877 0.198314 -0.066541
v -1.031771 1.373770 -0.419464
vt 1.758857 2.649358
vn 0.933366 0.225091 -0.279575
v -1.061527 1.408715 -0.437842
vt 1.768285 2.647558
vn 0.256521 0.892909 -0.370013
v -1.060968 1.386774 -0.457937
vt 1.765592 2.642471
vn 0.366025 0.340730 -0.865984
v -1.101863 1.380303 -0.448336
vt 1.773557 2.640612
vn -0.471327 0.347267 -0.810713
v -1.101191 1.400923 -0.429353
vt 1.775709 2.646393
vn -0.543925 0.778811 -0.312408
v -1.066802 1.240888 -0.496128
vt 1.753747 2.612633
vn 0.625187 0.520972 -0.581145
v -1.110880 1.262901 -0.489255
vt 1.766973 2.613913
vn -0.574357 0.449873 -0.683906
v -1.149965 1.339804 -0.409620
vt 1.786873 2.634747
vn -0.843537 0.313184 -0.436304
v -1.168446 1.235932 -0.433434
vt 1.787723 2.611837
vn -0.873604 0.295854 -0.386377
v -1.168446 1.235932 -0.433434
vt 1.787188 2.609966
vn -0.873604 0.295854 -0.386377
v -1.145508 1.159915 -0.539206
vt 1.774636 2.585948
vn -0.831998 0.286443 -0.475111
v -1.168375 1.183243 -0.474131
vt 1.785056 2.595746
vn -0.962575 0.100764 -0.251589
v -1.114604 1.107321 -0.584898
vt 1.766502 2.572059
vn -0.649178 -0.048090 -0.759115
v -0.978657 0.891033 -0.635363
vt 1.753237 2.520020
vn -0.312986 -0.070965 -0.947103
v -1.053150 1.002187 -0.616041
vt 1.764255 2.542689
vn -0.385762 -0.069898 -0.919947
v -1.039886 0.859908 -0.592850
vt 1.768077 2.516499
vn -0.844311 -0.345886 -0.409269
v -1.089261 0.966539 -0.581440
vt 1.774194 2.538698
vn -0.865857 -0.343251 -0.363966
v -1.009173 0.778000 -0.595519
vt 1.762852 2.499757
vn -0.870099 -0.289161 -0.399142
v -0.931840 0.811623 -0.642810
vt 1.743937 2.503631
vn -0.246752 -0.065093 -0.966890
v -0.928433 0.722057 -0.632561
vt 1.740403 2.486871
vn -0.235820 0.092193 -0.967414
v -0.991656 0.713537 -0.607245
vt 1.758436 2.487111
vn -0.963323 -0.004300 -0.268309
v -1.115411 0.938431 -0.387437
vt 1.812212 2.537446
vn -0.921914 -0.387394 -0.000020
v -1.074905 0.844300 -0.387437
vt 1.809790 2.516445
vn -0.920993 -0.389580 -0.000060
v -1.039469 0.764985 -0.387437
vt 1.806751 2.499774
vn -0.943742 -0.330683 -0.000058
v -1.015949 0.692469 -0.387437
vt 1.805524 2.486236
vn -0.999135 -0.041576 -0.000048
v -1.044996 1.171764 -0.448314
vt 1.731213 2.610143
vn 0.977877 0.198314 -0.066541
v -1.046886 1.244838 -0.488239
vt 1.749963 2.616598
vn 0.754438 0.022344 -0.655991
v -1.031546 1.182816 -0.444203
vt 1.731998 2.614353
vn 0.855882 -0.349935 -0.380804
v -1.024906 1.263428 -0.446586
vt 1.744529 2.627664
vn 0.928607 0.099809 -0.357389
v -1.030275 1.376153 -0.387437
vt 1.755926 2.655925
vn 0.971343 0.237684 0.000055
v -1.060865 1.416506 -0.387437
vt 1.769274 2.658626
vn 0.345794 0.938310 0.000059
v -1.100579 1.407565 -0.387437
vt 1.779341 2.654533
vn -0.562513 0.826788 -0.000021
v -1.150164 1.347890 -0.387437
vt 1.790844 2.638890
vn -0.908509 0.417864 -0.000020
v -1.172962 1.232495 -0.387437
vt 1.798059 2.614818
vn -0.993028 0.117882 -0.000017
v -1.014169 0.616393 -0.387437
vt 1.806716 2.472989
vn -0.995305 -0.096788 -0.000017
v -1.014413 0.618420 -0.622605
vt 1.760953 2.468543
vn -0.993590 -0.096097 -0.059535
v -0.933565 0.704757 -0.644525
vt 1.741274 2.482789
vn -0.075012 0.291385 -0.953660
v -0.989593 0.683790 -0.644746
vt 1.752601 2.479184
vn -0.408019 0.264776 -0.873736
v -0.884947 0.676664 -0.647726
vt 1.716872 2.469013
vn 0.173832 0.182113 -0.967790
v -0.933565 0.704757 -0.644525
vt 1.729689 2.476646
vn -0.075012 0.291385 -0.953660
v -1.008356 0.620140 -0.647178
vt 1.756534 2.467921
vn -0.406812 0.051568 -0.912055
v -1.008356 0.620140 -0.647178
vt 1.747379 2.459411
vn -0.406812 0.051568 -0.912055
v -0.989593 0.683790 -0.644746
vt 1.742820 2.472467
vn -0.408019 0.264776 -0.873736
v -0.848018 0.643218 -0.629060
vt 1.710049 2.457899
vn -0.039438 0.725882 -0.686688
v -0.842793 0.606339 -0.655915
vt 1.714212 2.448276
vn -0.018104 0.197870 -0.980061
v -0.911572 0.526120 -0.661290
vt 1.739314 2.428896
vn -0.050924 0.096379 -0.994041
v -0.974796 0.536301 -0.655719
vt 1.748446 2.440030
vn -0.219105 0.023796 -0.975411
v -0.974796 0.536301 -0.655719
vt 1.757454 2.451203
vn -0.219105 0.023796 -0.975411
v -0.984013 0.537959 -0.614319
vt 1.765799 2.452650
vn -0.945114 -0.324104 -0.041418
v -0.991927 0.539888 -0.387437
vt 1.809073 2.457736
vn -0.947853 -0.318708 -0.000058
v -0.860811 0.663417 -0.591720
vt 1.702111 2.463426
vn 0.982791 -0.179836 -0.042192
v -0.860811 0.663417 -0.591720
vt 1.682446 2.483106
vn 0.982791 -0.179836 -0.042192
v -0.866163 0.650574 -0.527559
vt 1.670221 2.494362
vn 0.993210 0.059179 0.100156
v -0.874674 0.630495 -0.568023
vt 1.671272 2.483811
vn 0.982710 -0.184919 0.009285
v -0.875543 0.599237 -0.533105
vt 1.661367 2.485924
vn 0.056800 0.983819 0.169921
v -0.874674 0.630495 -0.568023
vt 1.696182 2.456008
vn -0.113840 0.873294 0.473706
v -0.860811 0.663417 -0.591720
vt 1.702111 2.463426
vn 0.949521 0.249193 0.190557
v -0.836114 0.521447 -0.664979
vt 1.728944 2.423501
vn -0.036822 0.103199 -0.993979
v -1.021878 1.228499 -0.420698
vt 1.734933 2.626380
vn 0.981429 -0.080733 -0.174009
v -0.420537 0.684447 -0.572805
vt 1.249627 2.455079
vn 0.905710 0.413212 -0.094579
v -0.413311 0.690189 -0.387437
vt 1.216705 2.435150
vn 0.883933 0.467613 0.000062
v -0.882377 0.598368 -0.387437
vt 1.218787 2.545460
vn 0.122004 0.992530 -0.000289
v -0.422373 0.617487 -0.387437
vt 1.225903 2.418405
vn 0.964873 -0.262718 0.000019
v -0.882377 0.598368 -0.387437
vt 1.637424 2.507226
vn 0.122004 0.992530 -0.000289
v -0.875234 0.649741 -0.387437
vt 1.644808 2.515630
vn 0.996105 0.088172 0.000050
v -0.886744 0.761281 -0.525715
vt 1.683943 2.515512
vn 0.930517 0.293672 0.218850
v -0.900951 0.758561 -0.387437
vt 1.659101 2.535633
vn 0.944793 0.327669 0.000058
v -1.046026 1.162508 -0.387437
vt 1.718246 2.615847
vn 0.990957 0.134178 0.000052
v -1.173829 1.186433 -0.387437
vt 1.803729 2.591508
vn -0.994033 -0.109079 -0.000050
v -1.159244 1.055658 -0.387437
vt 1.811985 2.563877
vn -0.958591 -0.284785 -0.000019
v -1.168375 1.183243 -0.474131
vt 1.789034 2.585526
vn -0.962575 0.100764 -0.251589
v -1.140101 1.074906 -0.559654
vt 1.779659 2.560762
vn -0.921890 -0.253001 -0.293443
v -1.173829 1.186433 -0.387437
vt 1.802091 2.602682
vn -0.994033 -0.109079 -0.000050
v -1.172962 1.232495 -0.387437
vt 1.797525 2.612947
vn -0.993028 0.117882 -0.000017
v -1.023200 1.263515 -0.387437
vt 1.736110 2.637751
vn 0.997814 0.066090 0.000016
v -1.030670 1.174717 -0.387437
vt 1.721270 2.621663
vn 0.909627 -0.415426 -0.000020
v -1.020897 1.226853 -0.387437
vt 1.729660 2.631836
vn 0.996328 -0.085619 -0.000017
v -1.046026 1.162508 -0.387437
vt 1.718781 2.617718
vn 0.990957 0.134178 0.000052
v -0.498802 0.551101 -0.538288
vt 1.275513 2.414459
vn 0.407865 -0.912683 -0.025615
v -0.439400 0.590570 -0.387437
vt 1.234229 2.408054
vn 0.714832 -0.699296 0.000021
v -0.495486 0.548516 -0.387437
vt 1.247953 2.393657
vn 0.414845 -0.909889 -0.002491
v -1.114604 1.107321 -0.584898
vt 1.773030 2.565093
vn -0.649178 -0.048090 -0.759115
v -1.145508 1.159915 -0.539206
vt 1.780046 2.577074
vn -0.831998 0.286443 -0.475111
v -0.491158 0.666543 -0.134027
vt 1.262632 2.455777
vn 0.399497 0.820493 0.408892
v -0.574159 0.684985 -0.122920
vt 1.265385 2.472902
vn -0.041216 0.980998 0.189587
v -0.443750 0.677298 -0.202414
vt 1.249627 2.455079
vn 0.404698 0.621224 0.671044
v -0.487702 0.694271 -0.211988
vt 1.247677 2.461945
vn 0.068391 0.924611 0.374724
v -0.574418 0.694506 -0.173539
vt 1.256285 2.474330
vn -0.147106 0.942946 -0.298684
v -0.721613 0.663947 -0.132394
vt 1.269707 2.498551
vn -0.185734 0.981987 0.034695
v -0.707546 0.670443 -0.182066
vt 1.258747 2.497977
vn -0.167026 0.936775 -0.307499
v -0.848018 0.643218 -0.145815
vt 1.273319 2.528383
vn -0.039415 0.725850 0.686723
v -0.874674 0.630495 -0.206852
vt 1.259960 2.537167
vn -0.113816 0.873302 -0.473698
v -0.712196 0.628770 -0.234883
vt 1.243298 2.507116
vn -0.258516 0.957097 -0.130902
v -0.875543 0.599237 -0.241769
vt 1.249660 2.540533
vn 0.056818 0.983825 -0.169882
v -0.478861 0.714386 -0.211874
vt 1.242548 2.461147
vn -0.165509 0.984979 0.049226
v -0.431798 0.624366 -0.196028
vt 1.257830 2.438609
vn 0.967694 -0.192925 0.162322
v -0.445445 0.595652 -0.192093
vt 1.266382 2.432238
vn 0.721340 -0.683105 0.114171
v -0.459067 0.624771 -0.153523
vt 1.263704 2.446049
vn 0.837072 0.106494 0.536628
v -0.477341 0.579211 -0.131843
vt 1.279826 2.440140
vn 0.641318 -0.565547 0.518525
v -0.523555 0.616174 -0.126298
vt 1.280140 2.454813
vn 0.166374 0.105787 0.980372
v -0.491158 0.666543 -0.134027
vt 1.262632 2.455777
vn 0.176176 -0.009408 0.984314
v -0.459067 0.624771 -0.153523
vt 1.263704 2.446049
vn 0.324634 0.118357 0.938405
v -0.542631 0.537756 -0.107568
vt 1.295887 2.445695
vn 0.228059 -0.953754 0.195813
v -0.602236 0.604205 -0.121082
vt 1.286070 2.471150
vn -0.003234 0.140074 0.990136
v -0.574159 0.684985 -0.122920
vt 1.265385 2.472902
vn 0.023571 0.070878 0.997207
v -0.714971 0.585814 -0.117925
vt 1.290032 2.498914
vn -0.022310 0.192074 0.981127
v -0.721613 0.663947 -0.132394
vt 1.269707 2.498551
vn -0.046303 0.202570 0.978173
v -0.842793 0.606339 -0.118960
vt 1.284075 2.526763
vn -0.018123 0.197895 0.980056
v -0.605015 0.527546 -0.104262
vt 1.305288 2.464249
vn 0.143462 -0.978279 0.149631
v -0.710335 0.513890 -0.104798
vt 1.310349 2.498111
vn 0.128655 -0.960766 0.245718
v -0.836114 0.521447 -0.109896
vt 1.308426 2.530208
vn -0.036804 0.103179 0.993982
v -0.899658 0.924774 -0.178517
vt 1.719087 2.528923
vn 0.874301 0.459204 0.157254
v -0.978301 1.036634 -0.185220
vt 1.733117 2.557253
vn 0.797563 0.477795 0.368247
v -0.908710 0.921538 -0.211713
vt 1.713284 2.533460
vn 0.774238 0.349122 -0.527892
v -0.966206 0.973989 -0.242604
vt 1.714124 2.556154
vn 0.899101 0.378533 -0.219840
v -0.859443 0.803083 -0.172739
vt 1.707419 2.507871
vn 0.939606 0.200978 0.277034
v -0.867607 0.790285 -0.208420
vt 1.700026 2.510005
vn 0.839018 0.212740 -0.500790
v -0.855636 0.721954 -0.176001
vt 1.697033 2.490428
vn 0.995791 0.001878 0.091636
v -0.925710 0.917714 -0.138199
vt 1.728210 2.525188
vn 0.374067 0.268078 0.887811
v -0.885316 0.800784 -0.133790
vt 1.715504 2.503019
vn 0.517286 0.081576 0.851916
v -1.023287 1.066402 -0.153702
vt 1.746309 2.560384
vn -0.026404 0.106975 0.993911
v -0.896597 0.717528 -0.143245
vt 1.706538 2.481464
vn 0.466331 0.018660 0.884413
v -0.928433 0.722057 -0.142313
vt 1.728680 2.481378
vn -0.263254 0.093203 0.960214
v -0.931840 0.811623 -0.132065
vt 1.732776 2.500808
vn -0.255514 -0.063404 0.964724
v -0.978657 0.891033 -0.139511
vt 1.743558 2.519807
vn -0.313042 -0.070903 0.947089
v -1.053150 1.002187 -0.158833
vt 1.756330 2.546087
vn -0.385845 -0.069923 0.919910
v -0.974536 1.040752 -0.199475
vt 1.730527 2.560436
vn 0.903704 0.375421 -0.205861
v -0.986755 1.091434 -0.166245
vt 1.739678 2.566840
vn 0.878760 0.467761 0.094766
v -1.061034 1.203681 -0.203570
vt 1.751840 2.593652
vn 0.749203 0.624607 0.220365
v -1.021059 1.089248 -0.292152
vt 1.721750 2.587288
vn 0.929605 0.340419 -0.141245
v -1.040032 1.172072 -0.174619
vt 1.750234 2.583439
vn 0.269863 0.461334 0.845189
v -1.086099 1.143560 -0.161754
vt 1.757910 2.577672
vn -0.305914 0.144855 0.940975
v -1.112648 1.187873 -0.189476
vt 1.762117 2.588449
vn -0.579827 0.507194 0.637617
v -1.110880 1.262901 -0.285620
vt 1.766439 2.612041
vn -0.574333 0.449901 0.683909
v -1.066802 1.240888 -0.278746
vt 1.753212 2.610762
vn 0.625161 0.520945 0.581197
v -1.044996 1.171764 -0.326560
vt 1.730679 2.608272
vn 0.977878 0.198269 0.066658
v -1.060968 1.386774 -0.316938
vt 1.765592 2.642471
vn 0.365992 0.340698 0.866011
v -1.061527 1.408715 -0.337032
vt 1.768285 2.647558
vn 0.256459 0.892865 0.370163
v -1.031771 1.373770 -0.355411
vt 1.758857 2.649358
vn 0.933356 0.225072 0.279623
v -1.101191 1.400923 -0.345521
vt 1.775709 2.646393
vn -0.543922 0.778768 0.312520
v -1.101863 1.380303 -0.326539
vt 1.773557 2.640612
vn -0.471361 0.347299 0.810680
v -1.110880 1.262901 -0.285620
vt 1.766973 2.613913
vn -0.574333 0.449901 0.683909
v -1.066802 1.240888 -0.278746
vt 1.753747 2.612633
vn 0.625161 0.520945 0.581197
v -1.168446 1.235932 -0.341440
vt 1.787723 2.611837
vn -0.873592 0.295882 0.386382
v -1.149965 1.339804 -0.365254
vt 1.786873 2.634747
vn -0.843550 0.313156 0.436299
v -1.168375 1.183243 -0.300744
vt 1.785056 2.595746
vn -0.962571 0.100786 0.251593
v -1.168446 1.235932 -0.341440
vt 1.787188 2.609966
vn -0.873592 0.295882 0.386382
v -1.145508 1.159915 -0.235669
vt 1.774636 2.585948
vn -0.832018 0.286466 0.475060
v -1.114604 1.107321 -0.189977
vt 1.766502 2.572059
vn -0.649212 -0.048114 0.759084
v -1.089261 0.966538 -0.193434
vt 1.774194 2.538698
vn -0.865898 -0.343311 0.363809
v -1.053150 1.002187 -0.158833
vt 1.764255 2.542689
vn -0.385845 -0.069923 0.919910
v -1.039886 0.859908 -0.182025
vt 1.768077 2.516499
vn -0.844331 -0.345957 0.409169
v -0.978657 0.891033 -0.139511
vt 1.753237 2.520020
vn -0.313042 -0.070903 0.947089
v -0.931840 0.811623 -0.132065
vt 1.743937 2.503631
vn -0.255514 -0.063404 0.964724
v -1.009173 0.778000 -0.179356
vt 1.762852 2.499757
vn -0.870119 -0.289231 0.399045
v -0.991656 0.713537 -0.167629
vt 1.758436 2.487111
vn -0.963335 -0.004319 0.268269
v -0.928433 0.722057 -0.142313
vt 1.740403 2.486871
vn -0.263254 0.093203 0.960214
v -1.031546 1.182816 -0.330672
vt 1.731998 2.614353
vn 0.855896 -0.349907 0.380799
v -1.044996 1.171764 -0.326560
vt 1.731213 2.610143
vn 0.977878 0.198269 0.066658
v -1.046886 1.244838 -0.286636
vt 1.749963 2.616598
vn 0.754387 0.022277 0.656052
v -1.024906 1.263427 -0.328289
vt 1.744529 2.627664
vn 0.928592 0.099789 0.357434
v -1.014413 0.618420 -0.152269
vt 1.760953 2.468543
vn -0.993593 -0.096110 0.059462
v -0.989593 0.683790 -0.130129
vt 1.752601 2.479184
vn -0.408053 0.264806 0.873711
v -0.933565 0.704757 -0.130349
vt 1.741274 2.482789
vn -0.079734 0.289679 0.953797
v -0.933565 0.704757 -0.130349
vt 1.729689 2.476646
vn -0.079734 0.289679 0.953797
v -0.884947 0.676664 -0.127149
vt 1.716872 2.469013
vn 0.193673 0.219076 0.956293
v -1.008356 0.620140 -0.127697
vt 1.756534 2.467921
vn -0.406794 0.051589 0.912062
v -0.989593 0.683790 -0.130129
vt 1.742820 2.472467
vn -0.408053 0.264806 0.873711
v -1.008356 0.620140 -0.127697
vt 1.747379 2.459411
vn -0.406794 0.051589 0.912062
v -0.842793 0.606339 -0.118960
vt 1.714212 2.448276
vn -0.018123 0.197895 0.980056
v -0.848018 0.643218 -0.145815
vt 1.710049 2.457899
vn -0.039415 0.725850 0.686723
v -0.974796 0.536300 -0.119156
vt 1.748446 2.440030
vn -0.219122 0.023777 0.975408
v -0.911572 0.526120 -0.113585
vt 1.739314 2.428896
vn -0.050906 0.096396 0.994040
v -0.984013 0.537959 -0.160556
vt 1.765799 2.452650
vn -0.945112 -0.324117 0.041377
v -0.974796 0.536300 -0.119156
vt 1.757454 2.451203
vn -0.219122 0.023777 0.975408
v -0.860811 0.663417 -0.183155
vt 1.702111 2.463426
vn 0.985597 -0.138537 0.096985
v -0.874674 0.630495 -0.206852
vt 1.671272 2.483811
vn 0.982706 -0.184940 -0.009285
v -0.860811 0.663417 -0.183155
vt 1.682446 2.483106
vn 0.985597 -0.138537 0.096985
v -0.866163 0.650574 -0.247316
vt 1.670221 2.494362
vn 0.993218 0.059229 -0.100046
v -0.875543 0.599237 -0.241769
vt 1.661367 2.485924
vn 0.056818 0.983825 -0.169882
v -0.860811 0.663417 -0.183155
vt 1.702111 2.463426
vn 0.949538 0.249202 -0.190463
v -0.874674 0.630495 -0.206852
vt 1.696182 2.456008
vn -0.113816 0.873302 -0.473698
v -0.836114 0.521447 -0.109896
vt 1.728944 2.423501
vn -0.036804 0.103179 0.993982
v -1.021878 1.228499 -0.354177
vt 1.734933 2.626380
vn 0.981431 -0.080712 0.174006
v -0.420537 0.684447 -0.202069
vt 1.249627 2.455079
vn 0.905711 0.413200 0.094624
v -0.886744 0.761281 -0.249160
vt 1.683943 2.515512
vn 0.930519 0.293732 -0.218758
v -0.498802 0.551101 -0.236587
vt 1.275513 2.414459
vn 0.553794 -0.831336 0.046825
v -1.140101 1.074906 -0.215221
vt 1.779659 2.560762
vn -0.921919 -0.253013 0.293341
v -1.114604 1.107321 -0.189977
vt 1.773030 2.565093
vn -0.649212 -0.048114 0.759084
v -1.168375 1.183243 -0.300744
vt 1.789034 2.585526
vn -0.962571 0.100786 0.251593
v -1.145508 1.159915 -0.235669
vt 1.780046 2.577074
vn -0.832018 0.286466 0.475060
v -0.495486 0.548516 -0.387437
vt 1.275513 2.414459
vn 0.414845 -0.909889 -0.002491
v 1.642923 1.018621 0.000000
vt 1.820271 1.662766
vn 0.147469 0.989067 0.000052
v 1.610369 1.015068 -0.345572
vt 1.891150 1.669868
vn 0.163709 0.985968 -0.032673
v 1.784670 0.986043 0.000000
vt 1.820490 1.632836
vn 0.327809 0.944744 0.000058
v 1.786444 0.978645 -0.350636
vt 1.892157 1.633204
vn 0.318104 0.947500 -0.032464
v 1.793784 0.963929 -0.573062
vt 1.937517 1.631224
vn 0.294620 0.953994 -0.055624
v 1.567604 1.013495 -0.515956
vt 1.926224 1.678699
vn 0.154121 0.986991 -0.045765
v 1.564760 1.000723 -0.729452
vt 1.970130 1.679310
vn 0.203799 0.971159 -0.123758
v 1.483252 1.016626 -0.734316
vt 1.971499 1.696697
vn 0.165692 0.978366 -0.123882
v 1.896596 0.925610 0.000000
vt 1.820925 1.606670
vn 0.512488 0.858694 0.000063
v 1.897394 0.919752 -0.346096
vt 1.891428 1.607508
vn 0.502928 0.864109 -0.019443
v 1.913847 0.906198 -0.559833
vt 1.934347 1.603875
vn 0.461455 0.886962 0.018924
v 1.950941 0.885092 -0.577117
vt 1.864201 1.192087
vn 0.517214 0.361835 0.775606
v 1.926027 0.893096 -0.550719
vt 1.871832 1.191684
vn 0.942616 0.302570 0.141163
v 1.945068 0.897713 -0.594310
vt 1.863632 1.187505
vn 0.245153 0.904536 0.348876
v 1.913847 0.906198 -0.559833
vt 1.872843 1.187818
vn 0.461455 0.886962 0.018924
v 1.896596 0.925610 0.000000
vt 1.995359 1.198838
vn 0.512488 0.858694 0.000063
v 1.897394 0.919752 -0.346096
vt 1.924433 1.198993
vn 0.502928 0.864109 -0.019443
v 1.907887 0.911925 0.000000
vt 1.995259 1.202469
vn 0.962099 0.272702 0.000019
v 1.911439 0.904402 -0.345426
vt 1.924263 1.202782
vn 0.962011 0.272585 0.015238
v 1.926027 0.893096 -0.550719
vt 1.881172 1.204926
vn 0.942616 0.302570 0.141163
v 1.913847 0.906198 -0.559833
vt 1.880518 1.201391
vn 0.461455 0.886962 0.018924
v 2.263184 0.781315 -0.359009
vt 1.795169 1.234795
vn -0.702631 0.293543 0.648183
v 2.145761 0.830812 -0.486589
vt 1.823580 1.214936
vn -0.611950 0.308000 0.728459
v 2.298507 0.835804 -0.382997
vt 1.790569 1.223040
vn -0.145817 0.913314 0.380257
v 2.156552 0.842158 -0.497609
vt 1.821918 1.211525
vn -0.368768 0.711593 0.598035
v 2.064116 0.858475 -0.552732
vt 1.841253 1.202736
vn -0.462530 0.266160 0.845710
v 1.989878 0.877771 -0.581719
vt 1.856245 1.194539
vn -0.296805 0.300890 0.906296
v 2.075187 0.869356 -0.565174
vt 1.838984 1.199358
vn -0.186922 0.789257 0.584922
v 1.990594 0.888314 -0.598737
vt 1.855347 1.190587
vn 0.006761 0.840466 0.541821
v 2.293593 0.765324 -0.294838
vt 1.784083 1.242722
vn -0.940616 0.302996 0.153086
v 2.331113 0.818942 -0.307306
vt 1.778700 1.231787
vn -0.350503 0.927978 0.126510
v 2.308802 0.756487 0.000000
vt 1.737629 1.270542
vn -0.960125 0.279572 0.000019
v 2.345906 0.808704 0.000000
vt 1.731758 1.260646
vn -0.439023 0.898476 0.000020
v 2.280548 0.576272 0.000000
vt 1.819662 1.532609
vn -0.478836 0.877904 0.000021
v 1.992161 0.583064 0.000000
vt 1.819800 1.592840
vn 0.702495 0.711688 0.000065
v 2.263138 0.580614 -0.277036
vt 1.875200 1.539537
vn -0.467346 0.880981 0.073894
v 1.993902 0.583548 -0.354175
vt 1.892408 1.592319
vn 0.774703 0.632098 0.016967
v 2.022349 0.588018 -0.507930
vt 1.923954 1.586417
vn -0.223433 0.316867 0.921777
v 2.129519 0.583748 -0.433129
vt 1.908540 1.564485
vn -0.483789 0.628724 0.608814
v 1.996441 0.585227 -0.491451
vt 1.920551 1.591743
vn 0.881197 0.452811 0.135850
v 2.233486 0.582952 -0.327972
vt 1.886940 1.543213
vn -0.655119 0.486085 0.578395
v 1.945068 0.897713 -0.594310
vt 1.940173 1.598003
vn 0.245153 0.904536 0.348876
v 1.895815 0.941594 -0.677616
vt 1.959059 1.609499
vn 0.249508 0.968353 0.006145
v 1.839968 0.952008 -0.667300
vt 1.956871 1.621184
vn 0.190931 0.981536 -0.011545
v 1.804767 0.958911 -0.624105
vt 1.948030 1.628654
vn 0.201225 0.978424 -0.046844
v 1.959866 0.932779 -0.666134
vt 1.956570 1.596330
vn 0.178677 0.982117 0.059335
v 1.990594 0.888314 -0.598737
vt 1.940130 1.589321
vn 0.006761 0.840466 0.541821
v 1.618367 0.975247 -0.853873
vt 1.994799 1.666970
vn 0.177301 0.972729 0.149539
v 1.562503 0.988103 -0.729256
vt 1.970329 1.679449
vn 0.147717 0.974934 -0.166383
v 1.534080 0.983345 -0.857217
vt 1.995774 1.683875
vn 0.081202 0.995743 0.043619
v 1.416214 0.991435 -0.843370
vt 1.995216 1.703630
vn 0.663507 0.401262 0.631464
v 1.395293 1.015567 -0.779587
vt 1.979251 1.715686
vn 0.489249 0.478219 -0.729343
v 1.413647 0.993514 -0.842442
vt 1.995155 1.704206
vn 0.469882 0.126099 0.873676
v 2.075187 0.869356 -0.565174
vt 1.931726 1.573017
vn -0.186922 0.789257 0.584922
v 2.098293 0.902992 -0.604780
vt 1.943407 1.567965
vn 0.107865 0.964247 0.242059
v 2.021470 0.923040 -0.648090
vt 1.952732 1.583716
vn 0.140984 0.979839 0.141562
v 2.189334 0.876989 -0.517607
vt 1.926270 1.548249
vn 0.130676 0.969136 0.209046
v 2.156552 0.842158 -0.497609
vt 1.918596 1.555818
vn -0.368768 0.711593 0.598035
v 2.351577 0.795266 -0.314129
vt 1.883372 1.513137
vn 0.231188 0.972652 -0.022359
v 2.334595 0.804100 -0.360263
vt 1.893068 1.516487
vn 0.408690 0.912570 0.013709
v 2.455043 0.771545 -0.366084
vt 1.893857 1.490256
vn 0.142590 0.989157 -0.035167
v 2.455414 0.769695 -0.409086
vt 1.902908 1.489925
vn 0.357325 0.933978 -0.001756
v 2.364311 0.787528 0.000000
vt 1.817394 1.513031
vn 0.297810 0.954625 0.000019
v 2.472813 0.790217 -0.101828
vt 1.838762 1.488854
vn 0.099618 0.994463 -0.033464
v 2.558898 0.774112 -0.108759
vt 1.840055 1.473944
vn 0.155496 0.985691 -0.065066
v 2.561422 0.775533 -0.046543
vt 1.827487 1.473954
vn 0.179793 0.983477 -0.021164
v 2.298507 0.835804 -0.382997
vt 1.897563 1.526249
vn -0.145817 0.913314 0.380257
v 2.425946 0.787360 -0.474308
vt 1.916912 1.496238
vn 0.327498 0.935414 0.133211
v 2.442475 0.779393 -0.470280
vt 1.915927 1.492741
vn 0.406572 0.912502 0.045151
v 2.308946 0.816757 -0.404215
vt 1.902427 1.521821
vn 0.384973 0.922488 0.028478
v 1.833914 0.961076 -0.840996
vt 1.992437 1.623135
vn 0.096872 0.980986 0.168172
v 1.939561 0.941644 -0.833095
vt 1.991302 1.601188
vn 0.165487 0.970661 0.174446
v 1.826151 0.939375 -0.720078
vt 1.968118 1.623683
vn 0.100972 0.989855 0.099954
v 1.955620 0.916795 -0.705437
vt 1.965384 1.596608
vn 0.185996 0.982089 0.030113
v 1.724714 0.963262 -0.849264
vt 1.993510 1.645237
vn 0.115571 0.976885 0.179830
v 1.708374 0.947808 -0.727943
vt 1.969398 1.647895
vn 0.131069 0.991062 0.024835
v 1.426218 0.986455 -0.846925
vt 1.995521 1.701705
vn 0.136128 0.987651 -0.077559
v 1.447369 1.001485 -0.745954
vt 1.973382 1.704330
vn 0.139912 0.970938 -0.194176
v 1.356542 1.060720 -0.820751
vt 1.994801 1.719780
vn 0.737190 0.234560 0.633666
v 1.343363 1.083181 -0.811253
vt 1.995360 1.724206
vn 0.795861 0.108567 0.595666
v 1.538963 1.014674 -0.171449
vt 1.855354 1.683938
vn -0.029109 0.999570 -0.003607
v 1.548247 1.014521 0.000057
vt 1.820120 1.681950
vn -0.031328 0.999501 -0.003995
v 1.513118 1.015148 -0.358175
vt 1.893707 1.689291
vn 0.010207 0.999942 -0.003387
v 1.475369 1.015954 -0.524665
vt 1.927803 1.697526
vn 0.019331 0.999813 -0.000856
v 1.430693 1.017129 -0.662552
vt 1.955827 1.707323
vn 0.020380 0.999760 0.008049
v 1.437697 1.023159 -0.771185
vt 1.979129 1.706393
vn -0.110804 0.454470 0.883843
v 1.438218 1.023184 -0.771132
vt 1.979119 1.706283
vn 0.534722 -0.529044 -0.658927
v 2.518146 0.737093 -0.419219
vt 1.904659 1.475991
vn 0.348484 0.909600 -0.226245
v 2.514748 0.733738 -0.426006
vt 1.906840 1.476361
vn 0.226804 0.695342 -0.681953
v 2.506211 0.726945 -0.433393
vt 1.908022 1.476982
vn 0.559254 0.783743 -0.270150
v 2.551978 0.770248 -0.210791
vt 1.860913 1.474567
vn 0.153319 0.985481 -0.072943
v 2.533243 0.757816 -0.351844
vt 1.889970 1.476245
vn 0.193598 0.973116 -0.124763
v 2.527865 0.752517 -0.378964
vt 1.895768 1.476316
vn 0.196894 0.940671 -0.276354
v 1.992161 0.583064 0.000000
vt 1.993837 1.271727
vn 0.702495 0.711688 0.000065
v 1.993902 0.583548 -0.354175
vt 1.921242 1.270212
vn 0.774703 0.632098 0.016967
v 1.996441 0.585227 -0.491451
vt 1.893104 1.269434
vn 0.881197 0.452811 0.135850
v 2.022349 0.588018 -0.507930
vt 1.858413 1.256106
vn -0.223433 0.316867 0.921777
v 2.129519 0.583748 -0.433129
vt 1.831978 1.264535
vn -0.483789 0.628724 0.608814
v 2.233486 0.582952 -0.327972
vt 1.806658 1.271038
vn -0.655119 0.486085 0.578395
v 2.263138 0.580614 -0.277036
vt 1.797102 1.275028
vn -0.467346 0.880981 0.073894
v 2.280548 0.576272 0.000000
vt 1.753605 1.299375
vn -0.478836 0.877904 0.000021
v 2.213380 0.858089 -0.542780
vt 1.931864 1.542169
vn 0.302382 0.953118 0.011464
v 2.367417 0.820234 -0.523734
vt 1.927871 1.509791
vn 0.240779 0.958306 0.153865
v 2.315847 0.840584 -0.572929
vt 1.938398 1.520903
vn 0.217774 0.965550 0.142438
v 2.121559 0.884813 -0.629938
vt 1.949373 1.562051
vn 0.254113 0.966943 -0.021173
v 2.187393 0.874384 -0.715964
vt 1.967783 1.548382
vn 0.199175 0.979084 0.041525
v 2.293121 0.847472 -0.596816
vt 1.943623 1.525804
vn 0.200191 0.977535 0.065946
v 2.041727 0.902914 -0.678017
vt 1.959459 1.578696
vn 0.234807 0.971398 -0.035371
v 2.114599 0.889839 -0.793973
vt 1.983814 1.563824
vn 0.201586 0.979207 0.022717
v 1.991724 0.929118 -0.828598
vt 1.990301 1.590376
vn 0.188983 0.974477 0.121160
v 1.751524 0.954058 -0.661843
vt 1.956217 1.639344
vn 0.232522 0.954841 -0.184967
v 1.710611 0.960374 -0.726440
vt 1.969381 1.647893
vn 0.237626 0.907586 -0.346153
v 1.996441 0.585227 -0.491451
vt 1.864706 1.256695
vn 0.881197 0.452811 0.135850
v 2.331113 0.818942 -0.307306
vt 1.882005 1.519923
vn -0.350503 0.927978 0.126510
v 2.345906 0.808704 0.000000
vt 1.817583 1.519146
vn -0.439023 0.898476 0.000020
v 2.477304 0.791809 0.000000
vt 1.817248 1.488621
vn 0.080603 0.996746 0.000016
v 2.092348 0.895474 -0.818300
vt 1.987764 1.568662
vn 0.303976 0.950830 0.059335
v 2.044134 0.913701 -0.823460
vt 1.988997 1.579208
vn 0.222686 0.969579 0.101619
v 1.420311 0.988840 -0.845128
vt 1.995394 1.702776
vn 0.422532 0.894531 -0.145881
v 1.384764 1.021273 -0.835343
vt 1.993787 1.710837
vn 0.631774 0.255373 0.731878
v 1.346537 1.083131 -0.803287
vt 1.994823 1.724670
vn 0.306059 -0.107899 -0.945878
v 2.412614 0.795710 -0.485699
vt 1.919543 1.499405
vn 0.346287 0.915639 0.204184
v 2.522897 0.745659 -0.400772
vt 1.900366 1.475784
vn 0.316310 0.924394 -0.213173
v 2.562299 0.775905 0.000000
vt 1.817993 1.474219
vn 0.179512 0.983756 0.000018
v 2.449984 0.762588 -0.476994
vt 1.918200 1.490403
vn 0.704422 0.511454 -0.492142
v 1.386062 1.020705 -0.776398
vt 1.978548 1.717432
vn -0.055709 0.743405 0.666517
v 1.535682 0.996068 -0.858233
vt 1.995771 1.683826
vn 0.014695 0.258971 0.965773
v 1.620292 0.987929 -0.853802
vt 1.994792 1.666866
vn -0.049924 -0.011927 0.998682
v 1.456952 1.007339 -0.853317
vt 1.996153 1.699578
vn 0.221755 -0.189202 0.956571
v 1.459488 1.005809 -0.854788
vt 1.996267 1.699035
vn 0.375875 -0.395620 0.837976
v 1.726951 0.975829 -0.847761
vt 1.993505 1.645122
vn -0.063406 -0.071235 0.995442
v 1.468224 1.002084 -0.861632
vt 1.996517 1.697283
vn 0.066188 0.402760 0.912910
v 1.438218 1.023184 -0.776066
vt 1.980219 1.706125
vn 0.404886 -0.264503 -0.875274
v 1.353128 1.096635 -0.800866
vt 1.994418 1.725020
vn 0.406947 0.117836 -0.905819
v 1.348858 1.098122 -0.804371
vt 1.994649 1.724821
vn 0.909278 -0.400016 0.114896
v 1.357208 1.089703 -0.811745
vt 1.995260 1.723419
vn 0.207673 -0.328109 0.921529
v 1.383494 1.065754 -0.822589
vt 1.994392 1.716555
vn 0.118466 -0.274407 0.954289
v 1.463109 1.003868 -0.859226
vt 1.996453 1.698149
vn 0.357753 -0.157008 0.920522
v 1.427177 1.028073 -0.838527
vt 1.994671 1.706067
vn 0.176582 -0.213733 0.960800
v 1.438115 1.023272 -0.771163
vt 1.979137 1.706306
vn 0.013997 0.333507 0.942644
v 1.348915 1.099592 -0.797621
vt 1.993959 1.725416
vn 0.174091 0.501449 0.847491
v 1.438085 1.023271 -0.771179
vt 1.979139 1.706312
vn 0.641358 0.765355 0.053775
v 0.450518 0.450195 -0.634981
vt 1.712215 1.062639
vn 0.627188 -0.265444 -0.732240
v 0.436691 0.498272 -0.633329
vt 1.713689 1.071534
vn 0.517822 0.815891 -0.257260
v 0.384914 0.499741 -0.642251
vt 1.723073 1.072794
vn 0.042424 0.345219 -0.937563
v 0.317185 0.431178 -0.642669
vt 1.736501 1.061788
vn -0.002379 -0.067785 -0.997697
v 0.383614 0.362895 -0.637850
vt 1.725878 1.048282
vn 0.453844 -0.338496 -0.824285
v 0.077858 0.472814 -0.644178
vt 1.778563 1.073789
vn -0.015631 0.171292 -0.985096
v 0.066168 0.411804 -0.642706
vt 1.781878 1.063104
vn 0.060077 -0.112195 -0.991868
v -0.027581 0.464057 -0.641953
vt 1.797578 1.074482
vn -0.674884 0.568976 -0.469893
v -0.027379 0.359339 -0.643543
vt 1.799754 1.055733
vn -0.715282 0.022574 -0.698471
v 0.046365 0.359855 -0.647281
vt 1.786533 1.054193
vn 0.121466 -0.015825 -0.992469
v 0.295293 0.361500 -0.638233
vt 1.741729 1.049687
vn -0.423757 0.072099 -0.902902
v 0.436691 0.498272 -0.633329
vt 1.491249 1.077107
vn 0.517822 0.815891 -0.257260
v 0.450518 0.450195 -0.634981
vt 1.491302 1.089107
vn 0.627188 -0.265444 -0.732240
v 0.437764 0.497163 -0.582044
vt 1.499746 1.079261
vn 0.529698 0.803377 0.272038
v 0.450692 0.452243 -0.580065
vt 1.499732 1.085727
vn 0.595085 -0.254657 0.762249
v 0.383614 0.362895 -0.637850
vt 1.503572 1.106178
vn 0.453844 -0.338496 -0.824285
v 0.385074 0.362660 -0.578841
vt 1.512583 1.099803
vn 0.412881 -0.332410 0.847958
v 0.386102 0.496095 -0.573118
vt 1.507916 1.074521
vn 0.110488 0.224894 0.968099
v 0.302299 0.425275 -0.575164
vt 1.525341 1.085172
vn -0.002028 -0.063226 0.997997
v 0.284018 0.363301 -0.582648
vt 1.530848 1.095926
vn -0.446207 0.021179 0.894679
v 0.370430 0.523525 -0.577331
vt 1.509929 1.069037
vn 0.121387 0.086188 0.988856
v 0.122743 0.496306 -0.573623
vt 1.556095 1.067153
vn -0.037616 0.245774 0.968597
v 0.080925 0.409194 -0.573731
vt 1.566739 1.082446
vn 0.036293 -0.080619 0.996084
v -0.029701 0.471863 -0.575521
vt 1.581260 1.067441
vn -0.491206 0.493960 0.717440
v -0.028266 0.363132 -0.572592
vt 1.590977 1.082055
vn -0.615844 0.002296 0.787865
v 0.066601 0.360916 -0.577526
vt 1.573504 1.089555
vn 0.370707 -0.227207 0.900529
v -0.027581 0.464057 -0.641953
vt 1.586924 1.057705
vn -0.674884 0.568976 -0.469893
v -0.027379 0.359339 -0.643543
vt 1.600766 1.072752
vn -0.715282 0.022574 -0.698471
v 0.302299 0.425275 -0.575164
vt 1.750367 1.086373
vn -0.002028 -0.063226 0.997997
v 0.284018 0.363301 -0.582648
vt 1.744284 1.087690
vn -0.446207 0.021179 0.894679
v 0.277552 0.403306 -0.607537
vt 1.751485 1.092656
vn -0.969057 -0.007391 -0.246725
v 0.268640 0.362379 -0.608250
vt 1.743637 1.090808
vn -0.947213 0.221395 -0.231888
v 0.077541 0.359205 -0.609696
vt 1.791481 1.092173
vn 0.875119 -0.369464 -0.312512
v 0.066601 0.360916 -0.577526
vt 1.792341 1.087399
vn 0.370707 -0.227207 0.900529
v 0.097295 0.390400 -0.606344
vt 1.784586 1.093032
vn 0.797484 -0.571532 -0.193316
v 0.080925 0.409194 -0.573731
vt 1.785206 1.086881
vn 0.036293 -0.080619 0.996084
v 0.125847 0.401730 -0.607161
vt 1.778571 1.093310
vn 0.086687 -0.992920 -0.081214
v 0.252243 0.412792 -0.608715
vt 1.757217 1.093325
vn 0.070069 -0.993845 -0.085806
v 0.066168 0.411804 -0.642706
vt 1.787810 1.100583
vn 0.060077 -0.112195 -0.991868
v 0.046365 0.359855 -0.647281
vt 1.796774 1.098341
vn 0.121466 -0.015825 -0.992469
v 0.295293 0.361500 -0.638233
vt 1.741690 1.094915
vn -0.423757 0.072099 -0.902902
v 0.317185 0.431178 -0.642669
vt 1.747097 1.100462
vn -0.002379 -0.067785 -0.997697
v 0.384914 0.499741 -0.642251
vt 1.496008 1.068024
vn 0.042424 0.345219 -0.937563
v 0.369928 0.523640 -0.616223
vt 1.503085 1.065624
vn 0.104402 0.785919 -0.609452
v 0.123776 0.497577 -0.618501
vt 1.769818 1.079540
vn -0.115041 0.877975 -0.464678
v 0.369928 0.523640 -0.616223
vt 1.725237 1.079362
vn 0.104402 0.785919 -0.609452
v 0.123776 0.497577 -0.618501
vt 1.556550 1.058134
vn -0.115041 0.877975 -0.464678
v 0.450518 0.450195 -0.135022
vt 1.577312 1.107611
vn 0.919896 -0.392122 0.005610
v 0.436691 0.498272 -0.136674
vt 1.578288 1.120344
vn 0.509608 0.860154 -0.020859
v 0.450692 0.452243 -0.189938
vt 1.586391 1.110512
vn 0.595105 -0.254630 -0.762243
v 0.437764 0.497163 -0.187959
vt 1.587037 1.117309
vn 0.529643 0.803452 -0.271924
v 0.383614 0.362895 -0.132153
vt 1.588826 1.088595
vn 0.800273 -0.599633 0.001904
v 0.385074 0.362660 -0.191162
vt 1.598795 1.094543
vn 0.412857 -0.332435 -0.847960
v 0.386102 0.496095 -0.196885
vt 1.596078 1.121494
vn 0.110512 0.224922 -0.968090
v 0.302299 0.425275 -0.194839
vt 1.613469 1.108748
vn -0.001979 -0.063171 -0.998001
v 0.284018 0.363301 -0.187355
vt 1.618391 1.097064
vn -0.446240 0.021200 -0.894662
v 0.370430 0.523525 -0.192672
vt 1.598553 1.127190
vn 0.121409 0.086209 -0.988852
v 0.122743 0.496306 -0.196380
vt 1.647297 1.124978
vn -0.037636 0.245801 -0.968589
v -0.029701 0.471863 -0.194482
vt 1.677176 1.122436
vn -0.491237 0.493991 -0.717397
v 0.080925 0.409194 -0.196272
vt 1.656637 1.108691
vn 0.036275 -0.080600 -0.996086
v -0.028266 0.363132 -0.197411
vt 1.678465 1.101341
vn -0.615810 0.002274 -0.787891
v 0.066601 0.360916 -0.192477
vt 1.660091 1.099505
vn 0.370685 -0.227231 -0.900532
v -0.027581 0.464057 -0.128050
vt 1.678305 1.135391
vn -0.285830 0.361861 0.887332
v -0.028266 0.363132 -0.197411
vt 1.698314 1.122517
vn -0.615810 0.002274 -0.787891
v -0.027379 0.359339 -0.126460
vt 1.698631 1.136320
vn -0.250444 0.054380 0.966603
v 0.302299 0.425275 -0.194839
vt 1.688757 1.113006
vn -0.001979 -0.063171 -0.998001
v 0.277552 0.403306 -0.162466
vt 1.693381 1.105371
vn -0.792078 -0.018382 -0.610143
v 0.284018 0.363301 -0.187355
vt 1.685356 1.100935
vn -0.446240 0.021200 -0.894662
v 0.268640 0.362379 -0.161753
vt 1.690266 1.097919
vn -0.840697 0.181495 -0.510184
v 0.077541 0.359205 -0.160307
vt 1.734622 1.101355
vn 0.800689 -0.384610 -0.459318
v 0.097295 0.390400 -0.163659
vt 1.728865 1.105591
vn 0.691495 -0.506061 -0.515497
v 0.066601 0.360916 -0.192477
vt 1.738736 1.106463
vn 0.370685 -0.227231 -0.900532
v 0.080925 0.409194 -0.196272
vt 1.731552 1.113035
vn 0.036275 -0.080600 -0.996086
v 0.125847 0.401729 -0.162842
vt 1.722984 1.106310
vn 0.084683 -0.953393 -0.289604
v 0.252243 0.412792 -0.161288
vt 1.698520 1.106263
vn 0.067083 -0.954076 -0.291957
v 0.384914 0.499741 -0.127752
vt 1.584073 1.129392
vn 0.241306 0.969859 -0.033834
v 0.369928 0.523640 -0.153780
vt 1.591546 1.131312
vn 0.859316 0.511427 -0.004343
v 0.123776 0.497577 -0.151502
vt 1.647902 1.133682
vn 0.003765 0.521663 0.853143
v 0.123776 0.497577 -0.151502
vt 1.670348 1.164797
vn 0.003765 0.521663 0.853143
v 0.123776 0.356372 -0.138460
vt 1.697883 1.165778
vn 0.110293 0.059072 0.992142
v 2.433846 0.772495 -0.489496
vt 1.920961 1.493633
vn 0.701324 0.510238 -0.497797
v 2.432574 0.773055 -0.490743
vt 1.920483 1.494198
vn 0.708138 0.500895 -0.497639
v 1.786444 0.978644 0.350636
vt 1.892157 2.633204
vn 0.318104 0.947497 0.032545
v 1.610369 1.015068 0.345572
vt 1.891150 2.669868
vn 0.163694 0.985969 0.032710
v 1.784670 0.986043 0.000000
vt 1.820490 2.632836
vn 0.327809 0.944744 0.000058
v 1.642923 1.018621 0.000000
vt 1.820271 2.662766
vn 0.147469 0.989067 0.000052
v 1.483252 1.016626 0.734316
vt 1.971499 2.696697
vn 0.165764 0.978347 0.123931
v 1.567604 1.013495 0.515956
vt 1.926224 2.678699
vn 0.154070 0.986996 0.045839
v 1.564760 1.000722 0.729452
vt 1.970130 2.679310
vn 0.203790 0.971150 0.123844
v 1.793784 0.963929 0.573063
vt 1.937517 2.631224
vn 0.294581 0.953999 0.055748
v 1.897394 0.919752 0.346096
vt 1.891428 2.607508
vn 0.502907 0.864119 0.019571
v 1.896596 0.925610 0.000000
vt 1.820925 2.606670
vn 0.512488 0.858694 0.000063
v 1.913847 0.906198 0.559833
vt 1.934347 2.603875
vn 0.461497 0.886942 -0.018840
v 1.913847 0.906198 0.559833
vt 1.872843 2.187818
vn 0.461497 0.886942 -0.018840
v 1.926027 0.893095 0.550719
vt 1.871832 2.191684
vn 0.942632 0.302605 -0.140980
v 1.945068 0.897712 0.594310
vt 1.863632 2.187505
vn 0.245214 0.904576 -0.348728
v 1.950941 0.885092 0.577117
vt 1.864201 2.192087
vn 0.517316 0.361929 -0.775494
v 1.911439 0.904401 0.345426
vt 1.924263 2.202782
vn 0.962005 0.272614 -0.015084
v 1.897394 0.919752 0.346096
vt 1.924433 2.198993
vn 0.502907 0.864119 0.019571
v 1.907887 0.911925 0.000000
vt 1.995259 2.202469
vn 0.962099 0.272702 0.000019
v 1.896596 0.925610 0.000000
vt 1.995359 2.198838
vn 0.512488 0.858694 0.000063
v 1.913847 0.906198 0.559833
vt 1.880518 2.201391
vn 0.461497 0.886942 -0.018840
v 1.926027 0.893095 0.550719
vt 1.881172 2.204926
vn 0.942632 0.302605 -0.140980
v 2.156552 0.842158 0.497609
vt 1.821918 2.211525
vn -0.368739 0.711612 -0.598030
v 2.145761 0.830812 0.486590
vt 1.823580 2.214936
vn -0.611917 0.307971 -0.728500
v 2.298507 0.835804 0.382998
vt 1.790569 2.223040
vn -0.145838 0.913330 -0.380210
v 2.263184 0.781314 0.359010
vt 1.795169 2.234795
vn -0.702614 0.293571 -0.648190
v 1.990594 0.888314 0.598737
vt 1.855347 2.190587
vn 0.006825 0.840511 -0.541752
v 1.989878 0.877771 0.581719
vt 1.856245 2.194539
vn -0.296828 0.300867 -0.906296
v 2.075187 0.869355 0.565174
vt 1.838984 2.199358
vn -0.186947 0.789284 -0.584877
v 2.064116 0.858474 0.552732
vt 1.841253 2.202736
vn -0.462609 0.266139 -0.845673
v 2.345906 0.808704 0.000000
vt 1.731758 2.260646
vn -0.439023 0.898476 0.000020
v 2.331113 0.818942 0.307307
vt 1.778700 2.231787
vn -0.350529 0.927968 -0.126512
v 2.308802 0.756487 0.000000
vt 1.737629 2.270542
vn -0.960125 0.279572 0.000019
v 2.293593 0.765324 0.294838
vt 1.784083 2.242722
vn -0.940624 0.302971 -0.153084
v 1.993902 0.583548 0.354175
vt 1.892408 2.592319
vn 0.774699 0.632106 -0.016836
v 1.992161 0.583064 0.000000
vt 1.819800 2.592840
vn 0.702495 0.711688 0.000065
v 2.263138 0.580614 0.277036
vt 1.875200 2.539537
vn -0.467320 0.880995 -0.073894
v 2.280548 0.576272 0.000000
vt 1.819662 2.532609
vn -0.478836 0.877904 0.000021
v 1.996441 0.585227 0.491451
vt 1.920551 2.591743
vn 0.881213 0.452807 -0.135752
v 2.129519 0.583748 0.433129
vt 1.908540 2.564485
vn -0.483817 0.628752 -0.608763
v 2.022349 0.588018 0.507931
vt 1.923954 2.586417
vn -0.223411 0.316889 -0.921775
v 2.233486 0.582952 0.327972
vt 1.886940 2.543213
vn -0.655043 0.486060 -0.578502
v 1.839968 0.952008 0.667300
vt 1.956871 2.621184
vn 0.190888 0.981543 0.011654
v 1.895815 0.941594 0.677617
vt 1.959059 2.609499
vn 0.249512 0.968353 -0.006070
v 1.945068 0.897712 0.594310
vt 1.940173 2.598003
vn 0.245214 0.904576 -0.348728
v 1.804767 0.958911 0.624105
vt 1.948030 2.628654
vn 0.201181 0.978428 0.046959
v 1.990594 0.888314 0.598737
vt 1.940130 2.589321
vn 0.006825 0.840511 -0.541752
v 1.959866 0.932779 0.666135
vt 1.956570 2.596330
vn 0.178728 0.982112 -0.059260
v 1.534080 0.983344 0.857218
vt 1.995774 2.683875
vn 0.081217 0.995743 -0.043584
v 1.562503 0.988103 0.729257
vt 1.970329 2.679449
vn 0.147572 0.974944 0.166454
v 1.618367 0.975246 0.853874
vt 1.994799 2.666970
vn 0.177222 0.972758 -0.149443
v 1.413647 0.993513 0.842443
vt 1.995155 2.704206
vn 0.469970 0.126127 -0.873625
v 1.395293 1.015567 0.779587
vt 1.979251 2.715686
vn 0.489159 0.478182 0.729428
v 1.416214 0.991435 0.843370
vt 1.995216 2.703630
vn 0.663544 0.401346 -0.631371
v 2.021470 0.923039 0.648091
vt 1.952732 2.583716
vn 0.141035 0.979849 -0.141440
v 2.098293 0.902992 0.604780
vt 1.943407 2.567965
vn 0.107921 0.964273 -0.241930
v 2.075187 0.869355 0.565174
vt 1.931726 2.573017
vn -0.186947 0.789284 -0.584877
v 2.156552 0.842158 0.497609
vt 1.918596 2.555818
vn -0.368739 0.711612 -0.598030
v 2.189334 0.876989 0.517608
vt 1.926270 2.548249
vn 0.130735 0.969145 -0.208964
v 2.455414 0.769695 0.409086
vt 1.902908 2.489925
vn 0.357280 0.933995 0.001835
v 2.334595 0.804100 0.360263
vt 1.893068 2.516487
vn 0.408749 0.912545 -0.013669
v 2.455043 0.771545 0.366085
vt 1.893857 2.490256
vn 0.142580 0.989156 0.035240
v 2.351577 0.795266 0.314129
vt 1.883372 2.513137
vn 0.231183 0.972652 0.022435
v 2.472813 0.790217 0.101828
vt 1.838762 2.488854
vn 0.099569 0.994465 0.033534
v 2.364311 0.787528 0.000000
vt 1.817394 2.513031
vn 0.297810 0.954625 0.000019
v 2.561422 0.775533 0.046543
vt 1.827487 2.473954
vn 0.179785 0.983477 0.021237
v 2.558898 0.774112 0.108759
vt 1.840055 2.473944
vn 0.155486 0.985688 0.065143
v 2.298507 0.835804 0.382998
vt 1.897563 2.526249
vn -0.145838 0.913330 -0.380210
v 2.442475 0.779393 0.470280
vt 1.915927 2.492741
vn 0.406618 0.912486 -0.045066
v 2.308946 0.816757 0.404215
vt 1.902427 2.521821
vn 0.385005 0.922479 -0.028354
v 2.425946 0.787360 0.474308
vt 1.916912 2.496238
vn 0.327513 0.935416 -0.133165
v 1.955620 0.916795 0.705438
vt 1.965384 2.596608
vn 0.186011 0.982087 -0.030075
v 1.939561 0.941644 0.833095
vt 1.991302 2.601188
vn 0.165499 0.970675 -0.174358
v 1.826151 0.939375 0.720079
vt 1.968118 2.623683
vn 0.101021 0.989862 -0.099840
v 1.833914 0.961075 0.840996
vt 1.992437 2.623135
vn 0.096925 0.981002 -0.168051
v 1.708374 0.947807 0.727943
vt 1.969398 2.647895
vn 0.131119 0.991057 -0.024764
v 1.724714 0.963262 0.849264
vt 1.993510 2.645237
vn 0.115628 0.976893 -0.179751
v 1.447369 1.001484 0.745955
vt 1.973382 2.704330
vn 0.139773 0.970926 0.194336
v 1.426218 0.986454 0.846925
vt 1.995521 2.701705
vn 0.136171 0.987629 0.077757
v 1.343363 1.083181 0.811253
vt 1.995360 2.724206
vn 0.795946 0.108638 -0.595540
v 1.356542 1.060720 0.820752
vt 1.994801 2.719780
vn 0.737218 0.234748 -0.633564
v 1.548247 1.014521 -0.000056
vt 1.820120 2.681950
vn -0.031312 0.999502 0.003995
v 1.538963 1.014674 0.171449
vt 1.855354 2.683938
vn -0.029124 0.999569 0.003576
v 1.513118 1.015148 0.358176
vt 1.893707 2.689291
vn 0.010192 0.999942 0.003418
v 1.475369 1.015954 0.524666
vt 1.927803 2.697526
vn 0.019284 0.999814 0.000918
v 1.430693 1.017129 0.662552
vt 1.955827 2.707323
vn 0.020426 0.999760 -0.007954
v 1.438218 1.023184 0.771132
vt 1.979119 2.706283
vn 0.534584 -0.529064 0.659023
v 1.437697 1.023159 0.771185
vt 1.979129 2.706393
vn -0.110829 0.454504 -0.883823
v 2.514748 0.733738 0.426007
vt 1.906840 2.476361
vn 0.226777 0.695261 0.682044
v 2.518146 0.737093 0.419219
vt 1.904659 2.475991
vn 0.348478 0.909577 0.226347
v 2.506211 0.726945 0.433393
vt 1.908022 2.476982
vn 0.559199 0.783745 0.270258
v 2.551978 0.770248 0.210791
vt 1.860913 2.474567
vn 0.153272 0.985480 0.073058
v 2.533243 0.757816 0.351845
vt 1.889970 2.476245
vn 0.193589 0.973107 0.124848
v 2.527865 0.752517 0.378964
vt 1.895768 2.476316
vn 0.196880 0.940645 0.276452
v 1.993902 0.583548 0.354175
vt 1.921242 2.270212
vn 0.774699 0.632106 -0.016836
v 1.992161 0.583064 0.000000
vt 1.993837 2.271727
vn 0.702495 0.711688 0.000065
v 1.996441 0.585227 0.491451
vt 1.893104 2.269434
vn 0.881213 0.452807 -0.135752
v 2.022349 0.588018 0.507931
vt 1.858413 2.256106
vn -0.223411 0.316889 -0.921775
v 2.129519 0.583748 0.433129
vt 1.831978 2.264535
vn -0.483817 0.628752 -0.608763
v 2.233486 0.582952 0.327972
vt 1.806658 2.271038
vn -0.655043 0.486060 -0.578502
v 2.263138 0.580614 0.277036
vt 1.797102 2.275028
vn -0.467320 0.880995 -0.073894
v 2.280548 0.576272 0.000000
vt 1.753605 2.299375
vn -0.478836 0.877904 0.000021
v 2.315847 0.840583 0.572930
vt 1.938398 2.520903
vn 0.217783 0.965560 -0.142350
v 2.213380 0.858089 0.542780
vt 1.931864 2.542169
vn 0.302418 0.953108 -0.011347
v 2.367417 0.820234 0.523734
vt 1.927871 2.509791
vn 0.240828 0.958315 -0.153732
v 2.293121 0.847471 0.596816
vt 1.943623 2.525804
vn 0.200236 0.977534 -0.065828
v 2.187393 0.874384 0.715965
vt 1.967783 2.548382
vn 0.199225 0.979077 -0.041449
v 2.121559 0.884812 0.629939
vt 1.949373 2.562051
vn 0.254083 0.966947 0.021327
v 2.114599 0.889839 0.793973
vt 1.983814 2.563824
vn 0.201600 0.979205 -0.022680
v 2.041727 0.902914 0.678017
vt 1.959459 2.578696
vn 0.234793 0.971400 0.035409
v 1.991724 0.929117 0.828599
vt 1.990301 2.590376
vn 0.188993 0.974486 -0.121076
v 1.751524 0.954058 0.661843
vt 1.956217 2.639344
vn 0.232505 0.954836 0.185012
v 1.710611 0.960374 0.726440
vt 1.969381 2.647893
vn 0.237559 0.907568 0.346246
v 1.996441 0.585227 0.491451
vt 1.864706 2.256695
vn 0.881213 0.452807 -0.135752
v 2.331113 0.818942 0.307307
vt 1.882005 2.519923
vn -0.350529 0.927968 -0.126512
v 2.345906 0.808704 0.000000
vt 1.817583 2.519146
vn -0.439023 0.898476 0.000020
v 2.477304 0.791809 0.000000
vt 1.817248 2.488621
vn 0.080603 0.996746 0.000016
v 2.044134 0.913701 0.823461
vt 1.988997 2.579208
vn 0.222701 0.969580 -0.101578
v 2.092348 0.895473 0.818301
vt 1.987764 2.568662
vn 0.304026 0.950819 -0.059253
v 1.420311 0.988840 0.845128
vt 1.995394 2.702776
vn 0.422519 0.894529 0.145929
v 1.384764 1.021273 0.835344
vt 1.993787 2.710837
vn 0.631808 0.255401 -0.731839
v 1.346537 1.083131 0.803287
vt 1.994823 2.724670
vn 0.306089 -0.107923 0.945866
v 2.412614 0.795710 0.485699
vt 1.919543 2.499405
vn 0.346334 0.915653 -0.204038
v 2.522897 0.745659 0.400773
vt 1.900366 2.475784
vn 0.316294 0.924389 0.213222
v 2.562299 0.775905 0.000000
vt 1.817993 2.474219
vn 0.179512 0.983756 0.000018
v 2.449984 0.762588 0.476994
vt 1.918200 2.490403
vn 0.704401 0.511380 0.492250
v 1.386062 1.020705 0.776398
vt 1.978548 2.717432
vn -0.055732 0.743394 -0.666528
v 1.620292 0.987929 0.853802
vt 1.994792 2.666866
vn -0.049870 -0.011877 -0.998685
v 1.535682 0.996068 0.858233
vt 1.995771 2.683826
vn 0.014715 0.258998 -0.965766
v 1.459488 1.005809 0.854788
vt 1.996267 2.699035
vn 0.375891 -0.395538 -0.838007
v 1.456952 1.007339 0.853317
vt 1.996153 2.699578
vn 0.221783 -0.189229 -0.956559
v 1.726951 0.975829 0.847761
vt 1.993505 2.645122
vn -0.063391 -0.071289 -0.995439
v 1.468224 1.002084 0.861632
vt 1.996517 2.697283
vn 0.066213 0.402843 -0.912871
v 1.353128 1.096635 0.800866
vt 1.994418 2.725020
vn 0.406900 0.117763 0.905850
v 1.438218 1.023184 0.776066
vt 1.980219 2.706125
vn 0.404897 -0.264424 0.875293
v 1.348858 1.098122 0.804371
vt 1.994649 2.724821
vn 0.909266 -0.400042 -0.114897
v 1.383494 1.065754 0.822590
vt 1.994392 2.716555
vn 0.118491 -0.274436 -0.954277
v 1.357208 1.089702 0.811745
vt 1.995260 2.723419
vn 0.207701 -0.328141 -0.921512
v 1.463109 1.003867 0.859226
vt 1.996453 2.698149
vn 0.357757 -0.157129 -0.920500
v 1.427177 1.028073 0.838527
vt 1.994671 2.706067
vn 0.176556 -0.213706 -0.960811
v 1.438115 1.023271 0.771164
vt 1.979137 2.706306
vn 0.012122 0.335507 -0.941960
v 1.348915 1.099592 0.797621
vt 1.993959 2.725416
vn 0.174121 0.501538 -0.847432
v 1.438085 1.023270 0.771179
vt 1.979139 2.706312
vn 0.641432 0.765316 -0.053453
v 0.384914 0.499741 0.642251
vt 1.723073 2.072794
vn 0.042277 0.345151 0.937595
v 0.436691 0.498272 0.633329
vt 1.713689 2.071534
vn 0.517766 0.815893 0.257365
v 0.450518 0.450195 0.634982
vt 1.712215 2.062639
vn 0.627207 -0.265417 0.732233
v 0.383614 0.362895 0.637850
vt 1.725878 2.048282
vn 0.453878 -0.338528 0.824253
v 0.317185 0.431178 0.642669
vt 1.736501 2.061788
vn -0.002428 -0.067806 0.997696
v 0.066168 0.411804 0.642706
vt 1.781878 2.063104
vn 0.060096 -0.112217 0.991865
v 0.077858 0.472813 0.644178
vt 1.778563 2.073789
vn -0.015612 0.171268 0.985101
v 0.046365 0.359855 0.647282
vt 1.786533 2.054193
vn 0.121483 -0.015808 0.992468
v -0.027379 0.359338 0.643543
vt 1.799754 2.055733
vn -0.715314 0.022597 0.698438
v -0.027581 0.464057 0.641953
vt 1.797578 2.074482
vn -0.674908 0.568948 0.469891
v 0.295293 0.361500 0.638233
vt 1.741729 2.049687
vn -0.423724 0.072076 0.902919
v 0.450692 0.452243 0.580065
vt 1.499732 2.085727
vn 0.595105 -0.254630 -0.762243
v 0.450518 0.450195 0.634982
vt 1.491302 2.089107
vn 0.627207 -0.265417 0.732233
v 0.437764 0.497163 0.582044
vt 1.499746 2.079261
vn 0.529643 0.803452 -0.271924
v 0.436691 0.498272 0.633329
vt 1.491249 2.077107
vn 0.517766 0.815893 0.257365
v 0.385074 0.362660 0.578841
vt 1.512583 2.099803
vn 0.412857 -0.332435 -0.847960
v 0.383614 0.362895 0.637850
vt 1.503572 2.106178
vn 0.453878 -0.338528 0.824253
v 0.386102 0.496095 0.573119
vt 1.507916 2.074521
vn 0.110512 0.224922 -0.968090
v 0.302299 0.425275 0.575164
vt 1.525341 2.085172
vn -0.001979 -0.063171 -0.998001
v 0.284018 0.363301 0.582648
vt 1.530848 2.095926
vn -0.446240 0.021200 -0.894662
v 0.370430 0.523524 0.577331
vt 1.509929 2.069037
vn 0.121409 0.086209 -0.988852
v -0.028266 0.363131 0.572592
vt 1.590977 2.082055
vn -0.615810 0.002274 -0.787891
v 0.080925 0.409194 0.573731
vt 1.566739 2.082446
vn 0.036275 -0.080600 -0.996086
v -0.029701 0.471863 0.575521
vt 1.581260 2.067441
vn -0.491237 0.493991 -0.717397
v 0.122743 0.496306 0.573623
vt 1.556095 2.067153
vn -0.037636 0.245801 -0.968589
v 0.066601 0.360916 0.577526
vt 1.573504 2.089555
vn 0.370685 -0.227231 -0.900532
v -0.027379 0.359338 0.643543
vt 1.600766 2.072752
vn -0.715314 0.022597 0.698438
v -0.027581 0.464057 0.641953
vt 1.586924 2.057705
vn -0.674908 0.568948 0.469891
v 0.268640 0.362378 0.608250
vt 1.743637 2.090808
vn -0.947219 0.221370 0.231885
v 0.284018 0.363301 0.582648
vt 1.744284 2.087690
vn -0.446240 0.021200 -0.894662
v 0.277552 0.403305 0.607537
vt 1.751485 2.092656
vn -0.969078 -0.007410 0.246642
v 0.302299 0.425275 0.575164
vt 1.750367 2.086373
vn -0.001979 -0.063171 -0.998001
v 0.080925 0.409194 0.573731
vt 1.785206 2.086881
vn 0.036275 -0.080600 -0.996086
v 0.066601 0.360916 0.577526
vt 1.792341 2.087399
vn 0.370685 -0.227231 -0.900532
v 0.097295 0.390399 0.606344
vt 1.784586 2.093032
vn 0.797489 -0.571542 0.193264
v 0.077541 0.359205 0.609696
vt 1.791481 2.092173
vn 0.875132 -0.369436 0.312508
v 0.125847 0.401729 0.607161
vt 1.778571 2.093310
vn 0.086668 -0.992922 0.081213
v 0.252243 0.412792 0.608715
vt 1.757217 2.093325
vn 0.070088 -0.993843 0.085807
v 0.046365 0.359855 0.647282
vt 1.796774 2.098341
vn 0.121483 -0.015808 0.992468
v 0.066168 0.411804 0.642706
vt 1.787810 2.100583
vn 0.060096 -0.112217 0.991865
v 0.317185 0.431178 0.642669
vt 1.747097 2.100462
vn -0.002428 -0.067806 0.997696
v 0.295293 0.361500 0.638233
vt 1.741690 2.094915
vn -0.423724 0.072076 0.902919
v 0.384914 0.499741 0.642251
vt 1.496008 2.068024
vn 0.042277 0.345151 0.937595
v 0.369928 0.523640 0.616223
vt 1.503085 2.065624
vn 0.104379 0.785851 0.609544
v 0.123776 0.497577 0.618501
vt 1.769818 2.079540
vn -0.115014 0.878011 0.464617
v 0.369928 0.523640 0.616223
vt 1.725237 2.079362
vn 0.104379 0.785851 0.609544
v 0.123776 0.497577 0.618501
vt 1.556550 2.058134
vn -0.115014 0.878011 0.464617
v 0.437764 0.497163 0.187959
vt 1.587037 2.117309
vn 0.529698 0.803377 0.272038
v 0.436691 0.498272 0.136674
vt 1.578288 2.120344
vn 0.509569 0.860175 0.020945
v 0.450692 0.452243 0.189938
vt 1.586391 2.110512
vn 0.595085 -0.254657 0.762249
v 0.450518 0.450195 0.135022
vt 1.577312 2.107611
vn 0.919892 -0.392131 -0.005569
v 0.385074 0.362660 0.191162
vt 1.598795 2.094543
vn 0.412881 -0.332410 0.847958
v 0.383614 0.362895 0.132153
vt 1.588826 2.088595
vn 0.800291 -0.599609 -0.001904
v 0.386102 0.496095 0.196885
vt 1.596078 2.121494
vn 0.110488 0.224894 0.968099
v 0.302299 0.425275 0.194839
vt 1.613469 2.108748
vn -0.002028 -0.063226 0.997997
v 0.284018 0.363301 0.187355
vt 1.618391 2.097064
vn -0.446207 0.021179 0.894679
v 0.370430 0.523524 0.192672
vt 1.598553 2.127190
vn 0.121387 0.086188 0.988856
v -0.028266 0.363132 0.197411
vt 1.678465 2.101341
vn -0.615844 0.002296 0.787865
v -0.029701 0.471863 0.194482
vt 1.677176 2.122436
vn -0.491206 0.493960 0.717440
v 0.080925 0.409194 0.196272
vt 1.656637 2.108691
vn 0.036293 -0.080619 0.996084
v 0.122743 0.496306 0.196381
vt 1.647297 2.124978
vn -0.037616 0.245774 0.968597
v 0.066601 0.360916 0.192478
vt 1.660091 2.099505
vn 0.370707 -0.227207 0.900529
v -0.027379 0.359338 0.126460
vt 1.698631 2.136320
vn -0.250426 0.054400 -0.966606
v -0.027581 0.464057 0.128050
vt 1.678305 2.135391
vn -0.285806 0.361884 -0.887330
v -0.028266 0.363132 0.197411
vt 1.698314 2.122517
vn -0.615844 0.002296 0.787865
v 0.268640 0.362378 0.161753
vt 1.690266 2.097919
vn -0.840707 0.181469 0.510176
v 0.277552 0.403306 0.162466
vt 1.693381 2.105371
vn -0.792144 -0.018404 0.610057
v 0.284018 0.363301 0.187355
vt 1.685356 2.100935
vn -0.446207 0.021179 0.894679
v 0.302299 0.425275 0.194839
vt 1.688757 2.113006
vn -0.002028 -0.063226 0.997997
v 0.080925 0.409194 0.196272
vt 1.731552 2.113035
vn 0.036293 -0.080619 0.996084
v 0.097295 0.390400 0.163659
vt 1.728865 2.105591
vn 0.691564 -0.506133 0.515334
v 0.066601 0.360916 0.192478
vt 1.738736 2.106463
vn 0.370707 -0.227207 0.900529
v 0.077541 0.359205 0.160307
vt 1.734622 2.101355
vn 0.800672 -0.384639 0.459323
v 0.125847 0.401729 0.162842
vt 1.722984 2.106310
vn 0.084661 -0.953397 0.289599
v 0.252243 0.412792 0.161288
vt 1.698520 2.106263
vn 0.067064 -0.954064 0.292000
v 0.384914 0.499741 0.127752
vt 1.584073 2.129392
vn 0.241265 0.969865 0.033951
v 0.369928 0.523640 0.153780
vt 1.591546 2.131312
vn 0.859327 0.511408 0.004470
v 0.123776 0.497577 0.151502
vt 1.647902 2.133682
vn 0.003829 0.521765 -0.853081
v 0.123776 0.356372 0.138460
vt 1.697883 2.165778
vn 0.110318 0.059129 -0.992136
v 0.123776 0.497577 0.151502
vt 1.670348 2.164797
vn 0.003829 0.521765 -0.853081
v 2.433846 0.772495 0.489496
vt 1.920961 2.493633
vn 0.701258 0.510065 0.498067
v 2.432574 0.773055 0.490743
vt 1.920483 2.494198
vn 0.708072 0.500877 0.497752
v 0.587677 0.819728 0.104598
vt 1.831746 1.833432
vn -0.857404 0.466884 -0.216514
v 0.621953 0.816292 -0.132033
vt 1.818811 1.833432
vn -0.883681 0.465260 -0.051389
v 0.589725 0.818778 0.104914
vt 1.831745 1.834186
vn -0.894301 0.422461 -0.147486
v 0.624001 0.815343 -0.131717
vt 1.818811 1.834186
vn -0.897217 0.422581 -0.128171
v 0.728142 1.130780 0.125000
vt 1.865925 1.833432
vn -0.821318 0.397667 -0.409020
v 0.730190 1.129831 0.125316
vt 1.865925 1.834186
vn -0.900544 0.409197 -0.146897
v 0.764649 1.132538 -0.102845
vt 1.790182 1.833432
vn -0.977667 0.141389 -0.155489
v 0.728142 1.130780 0.125000
vt 1.762271 1.833432
vn -0.977568 0.142076 -0.155482
v 0.766697 1.131589 -0.102529
vt 1.790182 1.834186
vn -0.903108 0.408946 -0.130994
v 0.730190 1.129831 0.125316
vt 1.762271 1.834186
vn -0.900544 0.409197 -0.146897
v 0.764649 1.132538 -0.102845
vt 1.790182 1.833432
vn -0.907023 0.395969 0.143244
v 0.613896 0.796712 -0.138818
vt 1.820291 1.833432
vn -0.904286 0.359681 -0.229993
v 0.614505 0.795422 -0.139719
vt 1.820291 1.832753
vn -0.258373 -0.415086 -0.872323
v 0.767493 1.137160 -0.107399
vt 1.790182 1.833432
vn -0.793033 0.400173 -0.459304
v 0.768901 1.137643 -0.108136
vt 1.790182 1.832753
vn 0.041725 0.073409 -0.996429
v 0.578574 0.799301 0.109346
vt 1.829979 1.832753
vn -0.516633 -0.418733 0.746829
v 0.578244 0.800561 0.108319
vt 1.829979 1.833432
vn -0.931561 0.359876 -0.051794
v 0.730535 1.135785 0.131438
vt 1.865925 1.832753
vn -0.276105 0.061561 0.959154
v 0.729435 1.135327 0.130290
vt 1.865925 1.833432
vn -0.898342 0.392788 0.196723
v 0.730535 1.135785 0.131438
vt 1.762271 1.832753
vn 0.291899 0.954909 0.054258
v 0.729435 1.135327 0.130290
vt 1.762271 1.833432
vn -0.712029 0.693681 -0.108727
v 0.768901 1.137643 -0.108136
vt 1.790182 1.832753
vn 0.290368 0.955392 0.053964
v 0.767493 1.137160 -0.107399
vt 1.790182 1.833432
vn -0.712120 0.693587 -0.108727
v 0.582036 0.797696 0.109879
vt 1.829979 1.832307
vn -0.362929 -0.501435 0.785395
v 0.617965 0.793817 -0.139186
vt 1.820291 1.832307
vn -0.098488 -0.498584 -0.861228
v 0.733989 1.134175 0.132048
vt 1.865925 1.832307
vn -0.159815 0.007167 0.987121
v 0.772362 1.136039 -0.107604
vt 1.790182 1.832307
vn 0.410471 0.908959 0.072848
v 0.733989 1.134175 0.132048
vt 1.762271 1.832307
vn 0.410471 0.908959 0.072848
v 0.772362 1.136039 -0.107604
vt 1.790182 1.832307
vn 0.160639 0.018612 -0.986838
v -0.394381 0.364420 -0.864524
vt 1.521861 1.036057
vn -0.000069 -0.145467 -0.989363
v -0.396617 0.364599 -0.863982
vt 1.522440 1.036057
vn -0.653479 -0.095191 -0.750935
v -0.394381 0.357335 -0.858398
vt 1.521861 1.035085
vn 0.000000 -0.818382 -0.574674
v -0.396617 0.357844 -0.858082
vt 1.522440 1.035085
vn -0.647116 -0.630610 -0.428452
v -0.394381 0.355237 -0.851572
vt 1.521861 1.033674
vn 0.000000 -0.986063 -0.166372
v -0.396617 0.355846 -0.851447
vt 1.522440 1.033674
vn -0.692304 -0.711732 -0.118963
v -0.394381 0.352101 -0.827609
vt 1.521861 1.028055
vn 0.000000 -0.991557 -0.129668
v -0.396617 0.352719 -0.827528
vt 1.522440 1.028055
vn -0.703957 -0.704277 -0.091857
v -0.398854 0.365325 -0.860177
vt 1.523538 1.036057
vn -0.986372 -0.044385 -0.158431
v -0.398854 0.361152 -0.856068
vt 1.523538 1.035085
vn -0.983310 -0.140295 -0.115840
v -0.398854 0.359578 -0.850409
vt 1.523538 1.033674
vn -0.998597 -0.051984 -0.010050
v -0.398854 0.356569 -0.827109
vt 1.523538 1.028055
vn -0.999899 -0.013987 -0.002341
v -0.396617 0.366050 -0.856372
vt 1.524617 1.036057
vn -0.582056 0.057486 0.811115
v -0.396617 0.364461 -0.854055
vt 1.524617 1.035085
vn -0.565713 0.757546 0.325719
v -0.396617 0.363309 -0.849370
vt 1.524617 1.033674
vn -0.519604 0.845082 0.125892
v -0.396617 0.360420 -0.826690
vt 1.524617 1.028055
vn -0.503952 0.856775 0.109405
v -0.392145 0.366050 -0.856372
vt 1.525693 1.036057
vn 0.582005 0.057486 0.811151
v -0.392145 0.364461 -0.854055
vt 1.525693 1.035085
vn 0.565669 0.757555 0.325774
v -0.392145 0.363309 -0.849370
vt 1.525693 1.033674
vn 0.519568 0.845097 0.125940
v -0.392145 0.360420 -0.826690
vt 1.525693 1.028055
vn 0.503916 0.856790 0.109451
v -0.392145 0.366050 -0.856372
vt 1.519105 1.036057
vn 0.582005 0.057486 0.811151
v -0.389909 0.365324 -0.860177
vt 1.520183 1.036057
vn 0.986389 -0.044419 -0.158314
v -0.392145 0.364461 -0.854055
vt 1.519105 1.035085
vn 0.565669 0.757555 0.325774
v -0.389909 0.361152 -0.856068
vt 1.520183 1.035085
vn 0.983309 -0.140332 -0.115803
v -0.392145 0.363309 -0.849370
vt 1.519105 1.033674
vn 0.519568 0.845097 0.125940
v -0.389909 0.359578 -0.850409
vt 1.520183 1.033674
vn 0.998596 -0.052016 -0.010018
v -0.392145 0.360420 -0.826690
vt 1.519105 1.028055
vn 0.503916 0.856790 0.109451
v -0.389909 0.356569 -0.827109
vt 1.520183 1.028055
vn 0.999899 -0.014018 -0.002310
v -0.392145 0.364599 -0.863982
vt 1.521282 1.036057
vn 0.653498 -0.095240 -0.750912
v -0.392145 0.357843 -0.858082
vt 1.521282 1.035085
vn 0.647058 -0.630708 -0.428396
v -0.392145 0.355846 -0.851447
vt 1.521282 1.033674
vn 0.692285 -0.711759 -0.118913
v -0.392145 0.352719 -0.827528
vt 1.521282 1.028055
vn 0.703885 -0.704343 -0.091906
v -0.396617 0.385076 -0.862036
vt 1.522440 1.040457
vn -0.653504 0.234961 -0.719532
v -0.394381 0.385354 -0.862534
vt 1.521861 1.040457
vn 0.000000 0.329262 -0.944239
v -0.394381 0.391159 -0.855183
vt 1.521861 1.041471
vn 0.000000 0.912003 -0.410183
v -0.396617 0.390600 -0.854968
vt 1.522440 1.041471
vn -0.647112 0.700056 -0.301940
v -0.396617 0.391311 -0.848076
vt 1.522440 1.042861
vn -0.692332 0.721373 0.017272
v -0.394381 0.391933 -0.848084
vt 1.521861 1.042861
vn -0.000016 0.999752 0.022286
v -0.394381 0.390499 -0.823959
vt 1.521861 1.048499
vn -0.000016 0.998234 0.059407
v -0.396617 0.389877 -0.823997
vt 1.522440 1.048499
vn -0.703932 0.708996 0.042484
v -0.398854 0.383647 -0.858436
vt 1.523538 1.040457
vn -0.986380 0.073374 -0.147207
v -0.398854 0.386971 -0.853614
vt 1.523538 1.041471
vn -0.983318 0.159594 -0.087268
v -0.398854 0.387451 -0.847759
vt 1.523538 1.042861
vn -0.998595 0.052988 -0.000080
v -0.398854 0.386017 -0.824310
vt 1.523538 1.048499
vn -0.999899 0.014195 0.000387
v -0.396617 0.382219 -0.854836
vt 1.524617 1.040457
vn -0.582024 -0.209346 0.785762
v -0.396617 0.383342 -0.852261
vt 1.524617 1.041471
vn -0.565700 -0.805379 0.177054
v -0.396617 0.383591 -0.847443
vt 1.524617 1.042861
vn -0.519583 -0.853675 -0.035667
v -0.396617 0.382156 -0.824624
vt 1.524617 1.048499
vn -0.503870 -0.862086 -0.054062
v -0.392145 0.382219 -0.854836
vt 1.525693 1.040457
vn 0.581970 -0.209344 0.785803
v -0.392145 0.383342 -0.852261
vt 1.525693 1.041471
vn 0.565663 -0.805394 0.177105
v -0.392145 0.383591 -0.847443
vt 1.525693 1.042861
vn 0.519565 -0.853688 -0.035622
v -0.392145 0.382156 -0.824624
vt 1.525693 1.048499
vn 0.503988 -0.862023 -0.053974
v -0.389909 0.383648 -0.858436
vt 1.520183 1.040457
vn 0.986396 0.073406 -0.147088
v -0.392145 0.382219 -0.854836
vt 1.519105 1.040457
vn 0.581970 -0.209344 0.785803
v -0.392145 0.383342 -0.852261
vt 1.519105 1.041471
vn 0.565663 -0.805394 0.177105
v -0.389909 0.386971 -0.853614
vt 1.520183 1.041471
vn 0.983315 0.159631 -0.087230
v -0.389909 0.387451 -0.847759
vt 1.520183 1.042861
vn 0.998593 0.053020 -0.000048
v -0.392145 0.383591 -0.847443
vt 1.519105 1.042861
vn 0.519565 -0.853688 -0.035622
v -0.392145 0.382156 -0.824624
vt 1.519105 1.048499
vn 0.503988 -0.862023 -0.053974
v -0.389909 0.386017 -0.824310
vt 1.520183 1.048499
vn 0.999899 0.014196 0.000418
v -0.392145 0.385076 -0.862036
vt 1.521282 1.040457
vn 0.653520 0.235016 -0.719500
v -0.392145 0.390600 -0.854968
vt 1.521282 1.041471
vn 0.647099 0.700092 -0.301884
v -0.392145 0.391311 -0.848076
vt 1.521282 1.042861
vn 0.692308 0.721394 0.017316
v -0.392145 0.389877 -0.823997
vt 1.521282 1.048499
vn 0.703908 0.709016 0.042530
v -0.396617 0.357843 0.858082
vt 1.522440 2.035085
vn -0.647135 -0.630630 0.428395
v -0.396617 0.364599 0.863982
vt 1.522440 2.036057
vn -0.653562 -0.095216 0.750860
v -0.394381 0.357335 0.858398
vt 1.521861 2.035085
vn -0.000021 -0.818409 0.574636
v -0.394381 0.364420 0.864524
vt 1.521861 2.036057
vn -0.000017 -0.145517 0.989356
v -0.396617 0.355846 0.851447
vt 1.522440 2.033674
vn -0.692337 -0.711717 0.118864
v -0.394381 0.355237 0.851572
vt 1.521861 2.033674
vn -0.000018 -0.986063 0.166375
v -0.396617 0.352718 0.827529
vt 1.522440 2.028055
vn -0.703986 -0.704261 0.091761
v -0.394381 0.352100 0.827609
vt 1.521861 2.028055
vn -0.000017 -0.991557 0.129670
v -0.398854 0.361152 0.856068
vt 1.523538 2.035085
vn -0.983318 -0.140306 0.115759
v -0.398854 0.365324 0.860178
vt 1.523538 2.036057
vn -0.986384 -0.044401 0.158352
v -0.398854 0.359577 0.850409
vt 1.523538 2.033674
vn -0.998596 -0.052030 0.009953
v -0.398854 0.356569 0.827109
vt 1.523538 2.028055
vn -0.999899 -0.014002 0.002279
v -0.396617 0.364461 0.854055
vt 1.524617 2.035085
vn -0.565728 0.757558 -0.325664
v -0.396617 0.366049 0.856373
vt 1.524617 2.036057
vn -0.582121 0.057464 -0.811069
v -0.396617 0.363309 0.849371
vt 1.524617 2.033674
vn -0.519631 0.845065 -0.125893
v -0.396617 0.360419 0.826690
vt 1.524617 2.028055
vn -0.503926 0.856790 -0.109404
v -0.392145 0.364461 0.854055
vt 1.525693 2.035085
vn 0.565716 0.757592 -0.325606
v -0.392145 0.366049 0.856373
vt 1.525693 2.036057
vn 0.582140 0.057510 -0.811052
v -0.392145 0.363309 0.849371
vt 1.525693 2.033674
vn 0.519614 0.845083 -0.125843
v -0.392145 0.360419 0.826690
vt 1.525693 2.028055
vn 0.503909 0.856806 -0.109355
v -0.389909 0.361152 0.856068
vt 1.520183 2.035085
vn 0.983312 -0.140311 0.115801
v -0.389909 0.365324 0.860177
vt 1.520183 2.036057
vn 0.986395 -0.044436 0.158275
v -0.392145 0.364461 0.854055
vt 1.519105 2.035085
vn 0.565716 0.757592 -0.325606
v -0.392145 0.366049 0.856373
vt 1.519105 2.036057
vn 0.582140 0.057510 -0.811052
v -0.389909 0.359577 0.850409
vt 1.520183 2.033674
vn 0.998596 -0.052031 0.009985
v -0.392145 0.363309 0.849371
vt 1.519105 2.033674
vn 0.519614 0.845083 -0.125843
v -0.389909 0.356569 0.827109
vt 1.520183 2.028055
vn 0.999899 -0.014002 0.002310
v -0.392145 0.360419 0.826690
vt 1.519105 2.028055
vn 0.503909 0.856806 -0.109355
v -0.392145 0.357843 0.858082
vt 1.521282 2.035085
vn 0.647077 -0.630728 0.428339
v -0.392145 0.364599 0.863982
vt 1.521282 2.036057
vn 0.653513 -0.095216 0.750903
v -0.392145 0.355846 0.851447
vt 1.521282 2.033674
vn 0.692309 -0.711736 0.118913
v -0.392145 0.352718 0.827529
vt 1.521282 2.028055
vn 0.703914 -0.704326 0.091809
v -0.394381 0.385354 0.862534
vt 1.521861 2.040457
vn -0.000019 0.329198 0.944261
v -0.396617 0.385076 0.862036
vt 1.522440 2.040457
vn -0.653537 0.234989 0.719492
v -0.396617 0.390599 0.854968
vt 1.522440 2.041471
vn -0.647047 0.700093 0.301995
v -0.394381 0.391158 0.855183
vt 1.521861 2.041471
vn -0.000020 0.912000 0.410191
v -0.394381 0.391933 0.848084
vt 1.521861 2.042861
vn 0.000000 0.999752 -0.022286
v -0.396617 0.391311 0.848076
vt 1.522440 2.042861
vn -0.692331 0.721373 -0.017316
v -0.396617 0.389877 0.823997
vt 1.522440 2.048499
vn -0.703931 0.708994 -0.042530
v -0.394381 0.390499 0.823960
vt 1.521861 2.048499
vn 0.000000 0.998236 -0.059372
v -0.398854 0.383647 0.858436
vt 1.523538 2.040457
vn -0.986385 0.073391 0.147169
v -0.398854 0.386970 0.853615
vt 1.523538 2.041471
vn -0.983303 0.159663 0.087312
v -0.398854 0.387451 0.847760
vt 1.523538 2.042861
vn -0.998596 0.052973 0.000112
v -0.398854 0.386016 0.824311
vt 1.523538 2.048499
vn -0.999899 0.014180 -0.000418
v -0.396617 0.382218 0.854836
vt 1.524617 2.040457
vn -0.582027 -0.209266 -0.785782
v -0.396617 0.383341 0.852261
vt 1.524617 2.041471
vn -0.565653 -0.805389 -0.177156
v -0.396617 0.383590 0.847443
vt 1.524617 2.042861
vn -0.519604 -0.853668 0.035535
v -0.396617 0.382156 0.824624
vt 1.524617 2.048499
vn -0.503893 -0.862081 0.053927
v -0.392145 0.382218 0.854836
vt 1.525693 2.040457
vn 0.582043 -0.209320 -0.785755
v -0.392145 0.383341 0.852261
vt 1.525693 2.041471
vn 0.565636 -0.805413 -0.177104
v -0.392145 0.383590 0.847443
vt 1.525693 2.042861
vn 0.519572 -0.853686 0.035578
v -0.392145 0.382156 0.824624
vt 1.525693 2.048499
vn 0.503980 -0.862025 0.054019
v -0.392145 0.382218 0.854836
vt 1.519105 2.040457
vn 0.582043 -0.209320 -0.785755
v -0.389909 0.383647 0.858436
vt 1.520183 2.040457
vn 0.986391 0.073389 0.147127
v -0.389909 0.386970 0.853614
vt 1.520183 2.041471
vn 0.983313 0.159583 0.087348
v -0.392145 0.383341 0.852261
vt 1.519105 2.041471
vn 0.565636 -0.805413 -0.177104
v -0.392145 0.383590 0.847443
vt 1.519105 2.042861
vn 0.519572 -0.853686 0.035578
v -0.389909 0.387451 0.847759
vt 1.520183 2.042861
vn 0.998596 0.052975 0.000144
v -0.389909 0.386016 0.824310
vt 1.520183 2.048499
vn 0.999899 0.014211 -0.000387
v -0.392145 0.382156 0.824624
vt 1.519105 2.048499
vn 0.503980 -0.862025 0.054019
v -0.392145 0.385076 0.862036
vt 1.521282 2.040457
vn 0.653486 0.234988 0.719539
v -0.392145 0.390599 0.854968
vt 1.521282 2.041471
vn 0.647086 0.700080 0.301940
v -0.392145 0.391311 0.848076
vt 1.521282 2.042861
vn 0.692309 0.721394 -0.017272
v -0.392145 0.389877 0.823997
vt 1.521282 2.048499
vn 0.703910 0.709018 -0.042484
v 0.401518 0.699906 -0.562887
vt 1.249044 1.459438
vn -0.095536 0.995417 0.004194
v 0.300325 0.705828 -0.651955
vt 1.265385 1.472902
vn 0.018405 0.476319 -0.879080
v 0.451204 0.683991 -0.572461
vt 1.249627 1.455079
vn 0.776780 0.607699 -0.165274
v 0.397612 0.672094 -0.640848
vt 1.262632 1.455777
vn 0.341571 0.481264 -0.807288
v 0.300032 0.715344 -0.601336
vt 1.256285 1.474330
vn -0.105911 0.874677 0.472993
v 0.171441 0.691532 -0.592809
vt 1.258747 1.497977
vn -0.178439 0.885175 0.429679
v 0.155539 0.684697 -0.642481
vt 1.269707 1.498551
vn -0.167713 0.629684 -0.758532
v -0.015967 0.630495 -0.568023
vt 1.259960 1.537167
vn 0.045991 0.814867 0.577821
v 0.010689 0.643218 -0.629060
vt 1.273319 1.528383
vn -0.111815 0.705802 -0.699529
v 0.147740 0.628996 -0.539992
vt 1.243298 1.507116
vn -0.218699 0.958956 0.180484
v -0.016835 0.599237 -0.533105
vt 1.249660 1.540533
vn 0.045985 0.975789 0.213823
v 0.403450 0.699773 -0.387437
vt 1.218570 1.452899
vn -0.174409 0.984673 0.000018
v 0.150427 0.630555 -0.387437
vt 1.212406 1.502510
vn -0.235014 0.971992 -0.000018
v 0.411516 0.540680 -0.643032
vt 1.279826 1.440140
vn 0.647261 -0.469135 -0.600804
v 0.444411 0.566321 -0.582782
vt 1.266382 1.432238
vn 0.824801 -0.547450 -0.141424
v 0.433889 0.631096 -0.621352
vt 1.263704 1.446049
vn 0.693232 0.087721 -0.715356
v 0.460940 0.619482 -0.578847
vt 1.257830 1.438609
vn 0.984810 -0.042735 -0.168295
v 0.356012 0.591091 -0.648577
vt 1.280140 1.454813
vn 0.157919 0.092816 -0.983080
v 0.349353 0.506573 -0.667307
vt 1.295887 1.445695
vn 0.328664 -0.154401 -0.931740
v 0.274176 0.594997 -0.653793
vt 1.286070 1.471150
vn 0.014000 0.105103 -0.994363
v 0.144603 0.585975 -0.656950
vt 1.290032 1.498915
vn -0.020617 0.154363 -0.987799
v 0.015914 0.606339 -0.655915
vt 1.284075 1.526763
vn -0.025608 0.171357 -0.984876
v 0.137688 0.487837 -0.670077
vt 1.310349 1.498111
vn -0.004724 0.124773 -0.992174
v 0.275009 0.495057 -0.670613
vt 1.305288 1.464250
vn 0.010933 0.157227 -0.987502
v -0.007212 0.493136 -0.664979
vt 1.308426 1.530208
vn -0.040429 0.087888 -0.995310
v -0.107499 0.973989 -0.532271
vt 1.714124 1.556154
vn 0.878270 0.392669 0.272859
v -0.119593 1.036634 -0.589655
vt 1.733117 1.557253
vn 0.763590 0.573191 -0.297292
v -0.028366 0.921538 -0.563161
vt 1.713284 1.533460
vn 0.603202 0.356376 0.713543
v -0.019314 0.924775 -0.596358
vt 1.719088 1.528923
vn 0.809352 0.579081 -0.098056
v 0.027286 0.804453 -0.566455
vt 1.700027 1.510005
vn 0.682134 0.169442 0.711324
v 0.035450 0.817251 -0.602136
vt 1.707419 1.507872
vn 0.934014 0.263919 -0.240759
v 0.027162 0.721954 -0.598874
vt 1.697033 1.490428
vn 0.971251 -0.122736 0.203979
v 0.009577 0.814952 -0.641085
vt 1.715504 1.503019
vn 0.411552 0.087641 -0.907162
v -0.045366 0.917714 -0.636676
vt 1.728210 1.525188
vn 0.306514 0.298318 -0.903911
v -0.164579 1.066402 -0.621173
vt 1.746309 1.560384
vn -0.034215 0.114666 -0.992815
v 0.000844 0.717528 -0.631630
vt 1.706538 1.481464
vn 0.392214 -0.111326 -0.913113
v -0.073133 0.811623 -0.642810
vt 1.732776 1.500808
vn -0.193471 -0.057369 -0.979427
v -0.069726 0.722057 -0.632561
vt 1.728680 1.481378
vn -0.188033 0.067087 -0.979869
v -0.119950 0.891033 -0.635363
vt 1.743558 1.519807
vn -0.275063 -0.051761 -0.960032
v -0.194443 1.002187 -0.616041
vt 1.756330 1.546087
vn -0.358810 -0.058882 -0.931552
v -0.128047 1.091434 -0.608629
vt 1.739678 1.566840
vn 0.878759 0.467792 -0.094627
v -0.115829 1.040752 -0.575400
vt 1.730527 1.560436
vn 0.903706 0.375364 0.205957
v -0.162352 1.089248 -0.482723
vt 1.721750 1.587288
vn 0.929599 0.340376 0.141384
v -0.202326 1.203681 -0.571305
vt 1.751841 1.593652
vn 0.749240 0.624601 -0.220257
v -0.181325 1.172072 -0.600255
vt 1.750235 1.583439
vn 0.269898 0.461425 -0.845128
v -0.134552 0.960759 -0.387437
vt 1.687605 1.577726
vn 0.931949 0.362590 0.000059
v -0.167368 1.085953 -0.387437
vt 1.706366 1.601677
vn 0.954668 0.297673 0.000019
v -0.227392 1.143560 -0.613121
vt 1.757910 1.577672
vn -0.305894 0.144877 -0.940978
v -0.253941 1.187873 -0.585399
vt 1.762117 1.588449
vn -0.579852 0.507167 -0.637616
v -0.208094 1.240888 -0.496128
vt 1.753212 1.610762
vn 0.625187 0.520972 -0.581145
v -0.252173 1.262901 -0.489255
vt 1.766439 1.612041
vn -0.574357 0.449873 -0.683906
v -0.186289 1.171764 -0.448314
vt 1.730679 1.608272
vn 0.977877 0.198314 -0.066541
v -0.173063 1.373770 -0.419464
vt 1.758857 1.649358
vn 0.933366 0.225091 -0.279575
v -0.202819 1.408715 -0.437842
vt 1.768285 1.647558
vn 0.256521 0.892909 -0.370013
v -0.202261 1.386774 -0.457937
vt 1.765592 1.642471
vn 0.366025 0.340730 -0.865984
v -0.243155 1.380303 -0.448336
vt 1.773557 1.640612
vn -0.471327 0.347267 -0.810713
v -0.242483 1.400923 -0.429353
vt 1.775709 1.646393
vn -0.543938 0.778779 -0.312465
v -0.208094 1.240888 -0.496128
vt 1.753747 1.612633
vn 0.625187 0.520972 -0.581145
v -0.252173 1.262901 -0.489255
vt 1.766973 1.613913
vn -0.574357 0.449873 -0.683906
v -0.291258 1.339804 -0.409620
vt 1.786873 1.634748
vn -0.843537 0.313184 -0.436304
v -0.309738 1.235932 -0.433434
vt 1.787723 1.611837
vn -0.873604 0.295854 -0.386377
v -0.309738 1.235932 -0.433434
vt 1.787188 1.609966
vn -0.873604 0.295854 -0.386377
v -0.286800 1.159915 -0.539206
vt 1.774636 1.585948
vn -0.831998 0.286443 -0.475111
v -0.309668 1.183243 -0.474131
vt 1.785056 1.595746
vn -0.962575 0.100764 -0.251589
v -0.255897 1.107321 -0.584898
vt 1.766502 1.572059
vn -0.649178 -0.048090 -0.759115
v -0.119950 0.891033 -0.635363
vt 1.753237 1.520020
vn -0.275063 -0.051761 -0.960032
v -0.194443 1.002187 -0.616041
vt 1.764255 1.542689
vn -0.358810 -0.058882 -0.931552
v -0.181178 0.859908 -0.592850
vt 1.768077 1.516499
vn -0.844311 -0.345886 -0.409269
v -0.230554 0.966539 -0.581440
vt 1.774194 1.538699
vn -0.865857 -0.343251 -0.363966
v -0.150465 0.778000 -0.595519
vt 1.762853 1.499757
vn -0.870099 -0.289161 -0.399142
v -0.073133 0.811623 -0.642810
vt 1.743937 1.503631
vn -0.193471 -0.057369 -0.979427
v -0.069726 0.722057 -0.632561
vt 1.740403 1.486871
vn -0.188033 0.067087 -0.979869
v -0.132948 0.713537 -0.607245
vt 1.758437 1.487111
vn -0.963323 -0.004300 -0.268309
v -0.256704 0.938431 -0.387437
vt 1.812212 1.537447
vn -0.921914 -0.387394 -0.000020
v -0.216198 0.844300 -0.387437
vt 1.809790 1.516446
vn -0.921033 -0.389483 -0.000060
v -0.180761 0.764985 -0.387437
vt 1.806752 1.499774
vn -0.943742 -0.330683 -0.000058
v -0.157241 0.692469 -0.387437
vt 1.805524 1.486236
vn -0.999135 -0.041576 -0.000048
v -0.186289 1.171764 -0.448314
vt 1.731213 1.610143
vn 0.977877 0.198314 -0.066541
v -0.188178 1.244838 -0.488239
vt 1.749963 1.616598
vn 0.754498 0.022299 -0.655923
v -0.172839 1.182816 -0.444203
vt 1.731998 1.614353
vn 0.855882 -0.349935 -0.380804
v -0.166198 1.263428 -0.446586
vt 1.744529 1.627664
vn 0.928607 0.099809 -0.357389
v -0.171567 1.376153 -0.387437
vt 1.755926 1.655925
vn 0.971343 0.237684 0.000055
v -0.202158 1.416506 -0.387437
vt 1.769274 1.658627
vn 0.345794 0.938310 0.000059
v -0.241872 1.407565 -0.387437
vt 1.779341 1.654533
vn -0.562513 0.826788 -0.000021
v -0.291457 1.347890 -0.387437
vt 1.790844 1.638890
vn -0.908509 0.417864 -0.000020
v -0.314255 1.232495 -0.387437
vt 1.798059 1.614818
vn -0.993028 0.117882 -0.000017
v -0.155462 0.616393 -0.387437
vt 1.806716 1.472989
vn -0.995305 -0.096788 -0.000017
v -0.155706 0.618420 -0.622605
vt 1.760953 1.468543
vn -0.993590 -0.096097 -0.059535
v -0.074858 0.704757 -0.644525
vt 1.741274 1.482789
vn -0.072331 0.292261 -0.953599
v -0.130886 0.683790 -0.644746
vt 1.752601 1.479184
vn -0.408019 0.264776 -0.873736
v -0.026239 0.676664 -0.647726
vt 1.716872 1.469014
vn 0.163117 0.168009 -0.972196
v -0.074858 0.704757 -0.644525
vt 1.729689 1.476646
vn -0.072331 0.292261 -0.953599
v -0.149649 0.620140 -0.647178
vt 1.756534 1.467921
vn -0.379408 0.048091 -0.923979
v -0.149649 0.620140 -0.647178
vt 1.747379 1.459411
vn -0.379408 0.048091 -0.923979
v -0.130886 0.683790 -0.644746
vt 1.742820 1.472467
vn -0.408019 0.264776 -0.873736
v 0.010689 0.643218 -0.629060
vt 1.710049 1.457899
vn -0.111815 0.705802 -0.699529
v 0.015914 0.606339 -0.655915
vt 1.714212 1.448276
vn -0.025608 0.171357 -0.984876
v -0.060684 0.498398 -0.661290
vt 1.739314 1.428896
vn -0.047410 0.083784 -0.995355
v -0.116088 0.536301 -0.655719
vt 1.748446 1.440030
vn -0.167333 0.030996 -0.985413
v -0.116088 0.536301 -0.655719
vt 1.757454 1.451203
vn -0.167333 0.030996 -0.985413
v -0.125306 0.537959 -0.614319
vt 1.765799 1.452650
vn -0.945114 -0.324104 -0.041418
v -0.133219 0.539888 -0.387437
vt 1.809073 1.457736
vn -0.947853 -0.318708 -0.000058
v -0.002103 0.663417 -0.591720
vt 1.702111 1.463426
vn 0.949153 -0.310405 -0.052515
v -0.002103 0.663417 -0.591720
vt 1.682446 1.483106
vn 0.949153 -0.310405 -0.052515
v -0.007456 0.650574 -0.527559
vt 1.670221 1.494362
vn 0.988058 0.018992 0.152909
v -0.015967 0.630495 -0.568023
vt 1.671272 1.483811
vn 0.045991 0.814867 0.577821
v -0.016835 0.599237 -0.533105
vt 1.661367 1.485924
vn 0.045985 0.975789 0.213823
v -0.015967 0.630495 -0.568023
vt 1.696182 1.456008
vn 0.045991 0.814867 0.577821
v -0.007212 0.493136 -0.664979
vt 1.728944 1.423501
vn -0.040429 0.087888 -0.995310
v -0.163170 1.228499 -0.420698
vt 1.734933 1.626380
vn 0.981429 -0.080733 -0.174009
v 0.458038 0.688808 -0.387437
vt 1.216705 1.435151
vn 0.803589 0.595184 0.000021
v -0.023669 0.598368 -0.387437
vt 1.218787 1.545460
vn 0.119489 0.992836 0.000153
v 0.471594 0.612830 -0.387437
vt 1.225903 1.418405
vn 0.998113 -0.061404 -0.000016
v -0.023669 0.598368 -0.387437
vt 1.637424 1.507226
vn 0.119489 0.992836 0.000153
v -0.016527 0.649741 -0.387437
vt 1.644808 1.515631
vn 0.996105 0.088172 0.000050
v -0.028037 0.761281 -0.525715
vt 1.683943 1.515512
vn 0.902815 0.271275 0.333669
v -0.042243 0.758561 -0.387437
vt 1.659101 1.535633
vn 0.944793 0.327669 0.000058
v -0.187318 1.162508 -0.387437
vt 1.718246 1.615847
vn 0.990957 0.134178 0.000052
v -0.315122 1.186433 -0.387437
vt 1.803729 1.591508
vn -0.994033 -0.109079 -0.000050
v -0.300537 1.055658 -0.387437
vt 1.811985 1.563877
vn -0.958591 -0.284785 -0.000019
v -0.309668 1.183243 -0.474131
vt 1.789034 1.585526
vn -0.962575 0.100764 -0.251589
v -0.281393 1.074906 -0.559654
vt 1.779659 1.560762
vn -0.921890 -0.253001 -0.293443
v -0.315122 1.186433 -0.387437
vt 1.802091 1.602682
vn -0.994033 -0.109079 -0.000050
v -0.314255 1.232495 -0.387437
vt 1.797525 1.612947
vn -0.993028 0.117882 -0.000017
v -0.164492 1.263515 -0.387437
vt 1.736110 1.637751
vn 0.997807 0.066194 0.000016
v -0.171963 1.174717 -0.387437
vt 1.721271 1.621663
vn 0.909627 -0.415426 -0.000020
v -0.162190 1.226853 -0.387437
vt 1.729660 1.631836
vn 0.996328 -0.085619 -0.000017
v -0.187318 1.162508 -0.387437
vt 1.718781 1.617718
vn 0.990957 0.134178 0.000052
v 0.381544 0.499600 -0.538288
vt 1.275513 1.414459
vn 0.684667 -0.726409 -0.059674
v 0.451244 0.561385 -0.387437
vt 1.234229 1.408054
vn 0.821828 -0.569735 0.000021
v 0.385293 0.497095 -0.387437
vt 1.247953 1.393657
vn 0.706783 -0.707430 -0.000022
v -0.255897 1.107321 -0.584898
vt 1.773030 1.565093
vn -0.649178 -0.048090 -0.759115
v -0.286800 1.159915 -0.539206
vt 1.780046 1.577074
vn -0.831998 0.286443 -0.475111
v 0.397612 0.672094 -0.134027
vt 1.262632 1.455777
vn 0.341476 0.481161 0.807390
v 0.300325 0.705828 -0.122919
vt 1.265385 1.472902
vn 0.018384 0.476286 0.879098
v 0.451204 0.683991 -0.202414
vt 1.249627 1.455079
vn 0.776776 0.607690 0.165325
v 0.401518 0.699906 -0.211988
vt 1.249044 1.459438
vn -0.095518 0.995419 -0.004194
v 0.300032 0.715344 -0.173539
vt 1.256285 1.474330
vn -0.105935 0.874670 -0.473001
v 0.155539 0.684697 -0.132394
vt 1.269707 1.498551
vn -0.167740 0.629719 0.758497
v 0.171441 0.691532 -0.182066
vt 1.258747 1.497977
vn -0.178417 0.885157 -0.429727
v 0.010689 0.643218 -0.145815
vt 1.273319 1.528383
vn -0.111840 0.705881 0.699445
v -0.015967 0.630495 -0.206852
vt 1.259960 1.537167
vn 0.046013 0.814894 -0.577780
v 0.147740 0.628996 -0.234883
vt 1.243298 1.507116
vn -0.218723 0.958950 -0.180487
v -0.016835 0.599237 -0.241769
vt 1.249660 1.540533
vn 0.046003 0.975797 -0.213783
v 0.460940 0.619482 -0.196028
vt 1.257830 1.438609
vn 0.984803 -0.042830 0.168310
v 0.444411 0.566321 -0.192093
vt 1.266382 1.432238
vn 0.824804 -0.547459 0.141374
v 0.433889 0.631096 -0.153523
vt 1.263704 1.446049
vn 0.693152 0.087697 0.715436
v 0.411516 0.540679 -0.131843
vt 1.279826 1.440140
vn 0.647285 -0.469106 0.600801
v 0.356012 0.591090 -0.126298
vt 1.280140 1.454813
vn 0.157895 0.092794 0.983086
v 0.349353 0.506573 -0.107568
vt 1.295887 1.445695
vn 0.328696 -0.154428 0.931725
v 0.274176 0.594996 -0.121082
vt 1.286070 1.471150
vn 0.013983 0.105082 0.994365
v 0.144603 0.585974 -0.117925
vt 1.290032 1.498915
vn -0.020636 0.154386 0.987795
v 0.015914 0.606339 -0.118960
vt 1.284075 1.526763
vn -0.025627 0.171380 0.984872
v 0.275009 0.495057 -0.104262
vt 1.305288 1.464250
vn 0.010880 0.157279 0.987494
v 0.137688 0.487837 -0.104798
vt 1.310349 1.498111
vn -0.004707 0.124790 0.992172
v -0.007212 0.493136 -0.109896
vt 1.308426 1.530208
vn -0.040410 0.087868 0.995312
v -0.019314 0.924774 -0.178517
vt 1.719088 1.528923
vn 0.809332 0.579092 0.098152
v -0.119593 1.036634 -0.185220
vt 1.733117 1.557253
vn 0.763579 0.573177 0.297348
v -0.028366 0.921538 -0.211713
vt 1.713284 1.533460
vn 0.603245 0.356463 -0.713463
v -0.107499 0.973989 -0.242604
vt 1.714124 1.556154
vn 0.878296 0.392720 -0.272704
v 0.035450 0.817251 -0.172739
vt 1.707419 1.507872
vn 0.933977 0.263874 0.240953
v 0.027286 0.804453 -0.208420
vt 1.700027 1.510005
vn 0.682185 0.169521 -0.711257
v 0.027162 0.721954 -0.176001
vt 1.697033 1.490428
vn 0.971258 -0.122630 -0.204007
v -0.045366 0.917714 -0.138199
vt 1.728210 1.525188
vn 0.306483 0.298287 0.903932
v 0.009577 0.814951 -0.133790
vt 1.715504 1.503019
vn 0.411453 0.087569 0.907214
v -0.164579 1.066402 -0.153702
vt 1.746309 1.560384
vn -0.034234 0.114687 0.992812
v 0.000844 0.717528 -0.143245
vt 1.706538 1.481464
vn 0.392181 -0.111301 0.913130
v -0.069726 0.722057 -0.142313
vt 1.728680 1.481378
vn -0.188008 0.067066 0.979875
v -0.073133 0.811623 -0.132065
vt 1.732776 1.500808
vn -0.193546 -0.057431 0.979409
v -0.119950 0.891033 -0.139511
vt 1.743558 1.519807
vn -0.275148 -0.051825 0.960004
v -0.194443 1.002187 -0.158833
vt 1.756330 1.546087
vn -0.358841 -0.058904 0.931538
v -0.115829 1.040752 -0.199475
vt 1.730527 1.560436
vn 0.903704 0.375421 -0.205861
v -0.128047 1.091434 -0.166245
vt 1.739678 1.566840
vn 0.878760 0.467761 0.094766
v -0.202326 1.203681 -0.203570
vt 1.751841 1.593652
vn 0.749203 0.624607 0.220365
v -0.162352 1.089248 -0.292152
vt 1.721750 1.587288
vn 0.929605 0.340419 -0.141245
v -0.181325 1.172072 -0.174619
vt 1.750235 1.583439
vn 0.269863 0.461334 0.845189
v -0.227392 1.143560 -0.161754
vt 1.757910 1.577672
vn -0.305914 0.144855 0.940975
v -0.253941 1.187873 -0.189476
vt 1.762117 1.588449
vn -0.579827 0.507194 0.637617
v -0.252173 1.262901 -0.285620
vt 1.766439 1.612041
vn -0.574333 0.449901 0.683909
v -0.208094 1.240888 -0.278746
vt 1.753212 1.610762
vn 0.625161 0.520945 0.581197
v -0.186289 1.171764 -0.326560
vt 1.730679 1.608272
vn 0.977878 0.198269 0.066658
v -0.202261 1.386774 -0.316938
vt 1.765592 1.642471
vn 0.365992 0.340698 0.866011
v -0.202819 1.408715 -0.337032
vt 1.768285 1.647558
vn 0.256459 0.892865 0.370163
v -0.173063 1.373770 -0.355411
vt 1.758857 1.649358
vn 0.933356 0.225072 0.279623
v -0.242483 1.400923 -0.345521
vt 1.775709 1.646393
vn -0.543922 0.778768 0.312520
v -0.243155 1.380303 -0.326539
vt 1.773557 1.640612
vn -0.471361 0.347299 0.810680
v -0.252173 1.262901 -0.285620
vt 1.766973 1.613913
vn -0.574333 0.449901 0.683909
v -0.208094 1.240888 -0.278746
vt 1.753747 1.612633
vn 0.625161 0.520945 0.581197
v -0.309738 1.235932 -0.341440
vt 1.787723 1.611837
vn -0.873592 0.295882 0.386382
v -0.291258 1.339804 -0.365254
vt 1.786873 1.634748
vn -0.843550 0.313156 0.436299
v -0.309668 1.183243 -0.300744
vt 1.785056 1.595746
vn -0.962571 0.100786 0.251593
v -0.309738 1.235932 -0.341440
vt 1.787188 1.609966
vn -0.873592 0.295882 0.386382
v -0.286800 1.159915 -0.235669
vt 1.774636 1.585948
vn -0.832018 0.286466 0.475060
v -0.255897 1.107321 -0.189977
vt 1.766502 1.572059
vn -0.649212 -0.048114 0.759084
v -0.230554 0.966538 -0.193434
vt 1.774194 1.538699
vn -0.865898 -0.343311 0.363809
v -0.194443 1.002187 -0.158833
vt 1.764255 1.542689
vn -0.358841 -0.058904 0.931538
v -0.181178 0.859908 -0.182025
vt 1.768077 1.516499
vn -0.844331 -0.345957 0.409169
v -0.119950 0.891033 -0.139511
vt 1.753237 1.520020
vn -0.275148 -0.051825 0.960004
v -0.073133 0.811623 -0.132065
vt 1.743937 1.503631
vn -0.193546 -0.057431 0.979409
v -0.150465 0.778000 -0.179356
vt 1.762853 1.499757
vn -0.870119 -0.289231 0.399045
v -0.132948 0.713537 -0.167629
vt 1.758437 1.487111
vn -0.963335 -0.004319 0.268269
v -0.069726 0.722057 -0.142313
vt 1.740403 1.486871
vn -0.188008 0.067066 0.979875
v -0.172839 1.182816 -0.330672
vt 1.731998 1.614353
vn 0.855896 -0.349907 0.380799
v -0.186289 1.171764 -0.326560
vt 1.731213 1.610143
vn 0.977878 0.198269 0.066658
v -0.188178 1.244838 -0.286636
vt 1.749963 1.616598
vn 0.754387 0.022277 0.656052
v -0.166198 1.263427 -0.328289
vt 1.744529 1.627664
vn 0.928592 0.099789 0.357434
v -0.155706 0.618420 -0.152269
vt 1.760953 1.468543
vn -0.993593 -0.096110 0.059462
v -0.130886 0.683790 -0.130129
vt 1.752601 1.479184
vn -0.408053 0.264806 0.873711
v -0.074858 0.704757 -0.130349
vt 1.741274 1.482789
vn -0.072311 0.292280 0.953595
v -0.074858 0.704757 -0.130349
vt 1.729689 1.476646
vn -0.072311 0.292280 0.953595
v -0.026239 0.676664 -0.127149
vt 1.716872 1.469014
vn 0.163081 0.167893 0.972222
v -0.149649 0.620140 -0.127697
vt 1.756534 1.467921
vn -0.379426 0.048070 0.923973
v -0.130886 0.683790 -0.130129
vt 1.742820 1.472467
vn -0.408053 0.264806 0.873711
v -0.149649 0.620140 -0.127697
vt 1.747379 1.459411
vn -0.379426 0.048070 0.923973
v 0.015914 0.606339 -0.118960
vt 1.714212 1.448276
vn -0.025627 0.171380 0.984872
v 0.010689 0.643218 -0.145815
vt 1.710049 1.457899
vn -0.111840 0.705881 0.699445
v -0.116088 0.536300 -0.119156
vt 1.748446 1.440030
vn -0.167310 0.030977 0.985418
v -0.060684 0.498398 -0.113585
vt 1.739314 1.428896
vn -0.047429 0.083804 0.995353
v -0.125306 0.537959 -0.160556
vt 1.765799 1.452650
vn -0.945112 -0.324117 0.041377
v -0.116088 0.536300 -0.119156
vt 1.757454 1.451203
vn -0.167310 0.030977 0.985418
v -0.002103 0.663417 -0.183155
vt 1.702111 1.463426
vn 0.949151 -0.310418 0.052474
v -0.015967 0.630495 -0.206852
vt 1.671272 1.483811
vn 0.046013 0.814894 -0.577780
v -0.002103 0.663417 -0.183155
vt 1.682446 1.483106
vn 0.949151 -0.310418 0.052474
v -0.007456 0.650574 -0.247316
vt 1.670221 1.494362
vn 0.988063 0.019009 -0.152872
v -0.016835 0.599237 -0.241769
vt 1.661367 1.485924
vn 0.046003 0.975797 -0.213783
v -0.015967 0.630495 -0.206852
vt 1.696182 1.456008
vn 0.046013 0.814894 -0.577780
v -0.007212 0.493136 -0.109896
vt 1.728944 1.423501
vn -0.040410 0.087868 0.995312
v -0.163170 1.228499 -0.354177
vt 1.734933 1.626380
vn 0.981431 -0.080712 0.174006
v -0.028037 0.761281 -0.249160
vt 1.683943 1.515512
vn 0.902830 0.271341 -0.333574
v 0.381544 0.499599 -0.236587
vt 1.275513 1.414459
vn 0.684664 -0.726408 0.059720
v -0.281393 1.074906 -0.215221
vt 1.779659 1.560762
vn -0.921919 -0.253013 0.293341
v -0.255897 1.107321 -0.189977
vt 1.773030 1.565093
vn -0.649212 -0.048114 0.759084
v -0.309668 1.183243 -0.300744
vt 1.789034 1.585526
vn -0.962571 0.100786 0.251593
v -0.286800 1.159915 -0.235669
vt 1.780046 1.577074
vn -0.832018 0.286466 0.475060
v 0.397612 0.672094 0.640848
vt 1.262632 2.455777
vn 0.341476 0.481161 0.807390
v 0.300325 0.705828 0.651956
vt 1.265385 2.472902
vn 0.018384 0.476286 0.879098
v 0.451204 0.683991 0.572461
vt 1.249627 2.447503
vn 0.776776 0.607690 0.165325
v 0.401518 0.699906 0.562887
vt 1.249044 2.459438
vn -0.095518 0.995419 -0.004194
v 0.300032 0.715343 0.601336
vt 1.256285 2.474330
vn -0.105935 0.874670 -0.473001
v 0.155539 0.684697 0.642481
vt 1.269707 2.498551
vn -0.167740 0.629719 0.758497
v 0.171441 0.691532 0.592809
vt 1.258747 2.497977
vn -0.178417 0.885157 -0.429727
v 0.010689 0.643218 0.629061
vt 1.273319 2.528383
vn -0.111840 0.705789 0.699538
v -0.015967 0.630494 0.568023
vt 1.259960 2.537167
vn 0.046013 0.814894 -0.577780
v 0.147740 0.628996 0.539992
vt 1.243298 2.507116
vn -0.218723 0.958950 -0.180487
v -0.016835 0.599237 0.533106
vt 1.249660 2.540533
vn 0.046003 0.975797 -0.213783
v 0.150427 0.630555 0.387438
vt 1.212406 2.502510
vn -0.235014 0.971992 -0.000018
v 0.403450 0.699773 0.387438
vt 1.218570 2.452899
vn -0.174409 0.984673 0.000018
v 0.460940 0.619482 0.578847
vt 1.257830 2.438609
vn 0.984803 -0.042830 0.168310
v 0.444411 0.566321 0.582783
vt 1.266382 2.432238
vn 0.824804 -0.547459 0.141374
v 0.433889 0.631095 0.621352
vt 1.263704 2.446049
vn 0.693152 0.087697 0.715436
v 0.411516 0.540679 0.643032
vt 1.279826 2.440140
vn 0.647285 -0.469106 0.600801
v 0.356012 0.591090 0.648577
vt 1.280140 2.454813
vn 0.157895 0.092794 0.983086
v 0.349353 0.506573 0.667307
vt 1.295887 2.445695
vn 0.328696 -0.154428 0.931725
v 0.274176 0.594996 0.653793
vt 1.286070 2.471150
vn 0.013983 0.105082 0.994365
v 0.144603 0.585974 0.656950
vt 1.290032 2.498915
vn -0.020636 0.154386 0.987795
v 0.015914 0.606339 0.655915
vt 1.284075 2.526763
vn -0.025627 0.171380 0.984872
v 0.275009 0.495057 0.670613
vt 1.305288 2.464250
vn 0.010880 0.157279 0.987494
v 0.137688 0.487837 0.670077
vt 1.310349 2.498111
vn -0.004707 0.124790 0.992172
v -0.007212 0.493136 0.664979
vt 1.308426 2.530208
vn -0.040410 0.087868 0.995312
v -0.019314 0.924774 0.596359
vt 1.719088 2.528923
vn 0.809332 0.579092 0.098152
v -0.119593 1.036634 0.589655
vt 1.733117 2.557253
vn 0.763579 0.573177 0.297348
v -0.028366 0.921537 0.563162
vt 1.713284 2.533460
vn 0.603245 0.356463 -0.713463
v -0.107499 0.973989 0.532271
vt 1.714124 2.556154
vn 0.878296 0.392720 -0.272704
v 0.035450 0.817251 0.602136
vt 1.707419 2.507872
vn 0.934007 0.263901 0.240807
v 0.027286 0.804453 0.566455
vt 1.700027 2.510005
vn 0.682185 0.169521 -0.711257
v 0.027162 0.721954 0.598874
vt 1.697033 2.490428
vn 0.971258 -0.122630 -0.204007
v -0.045366 0.917714 0.636676
vt 1.728210 2.525188
vn 0.306583 0.298249 0.903911
v 0.009577 0.814951 0.641086
vt 1.715504 2.503019
vn 0.411453 0.087569 0.907214
v -0.164579 1.066402 0.621173
vt 1.746309 2.560384
vn -0.034234 0.114687 0.992812
v 0.000844 0.717528 0.631630
vt 1.706538 2.481464
vn 0.392181 -0.111301 0.913130
v -0.069726 0.722057 0.632562
vt 1.728680 2.481378
vn -0.188008 0.067066 0.979875
v -0.073133 0.811623 0.642811
vt 1.732776 2.500808
vn -0.193546 -0.057431 0.979409
v -0.119950 0.891033 0.635364
vt 1.743558 2.519807
vn -0.275148 -0.051825 0.960004
v -0.194443 1.002186 0.616042
vt 1.756330 2.546087
vn -0.358841 -0.058904 0.931538
v -0.115829 1.040752 0.575401
vt 1.730527 2.560436
vn 0.903704 0.375421 -0.205861
v -0.128047 1.091434 0.608630
vt 1.739678 2.566840
vn 0.878760 0.467761 0.094766
v -0.202326 1.203681 0.571305
vt 1.751841 2.593652
vn 0.749203 0.624607 0.220365
v -0.162352 1.089248 0.482723
vt 1.721750 2.587288
vn 0.929605 0.340419 -0.141245
v -0.181325 1.172072 0.600256
vt 1.750235 2.583439
vn 0.269863 0.461334 0.845189
v -0.167368 1.085953 0.387438
vt 1.706366 2.601677
vn 0.954668 0.297673 0.000019
v -0.134552 0.960759 0.387438
vt 1.687605 2.577726
vn 0.931949 0.362590 0.000059
v -0.227392 1.143560 0.613121
vt 1.757910 2.577672
vn -0.305914 0.144855 0.940975
v -0.253941 1.187873 0.585399
vt 1.762117 2.588449
vn -0.579827 0.507194 0.637617
v -0.252173 1.262900 0.489255
vt 1.766439 2.612041
vn -0.574333 0.449901 0.683909
v -0.208094 1.240888 0.496129
vt 1.753212 2.610762
vn 0.625161 0.520945 0.581197
v -0.186289 1.171764 0.448315
vt 1.730679 2.608272
vn 0.977878 0.198269 0.066658
v -0.202261 1.386774 0.457937
vt 1.765592 2.642471
vn 0.365992 0.340698 0.866011
v -0.202819 1.408714 0.437843
vt 1.768285 2.647558
vn 0.256459 0.892865 0.370163
v -0.173063 1.373770 0.419464
vt 1.758857 2.649358
vn 0.933356 0.225072 0.279623
v -0.242483 1.400923 0.429354
vt 1.775709 2.646393
vn -0.543922 0.778768 0.312520
v -0.243155 1.380302 0.448336
vt 1.773557 2.640612
vn -0.471361 0.347299 0.810680
v -0.252173 1.262900 0.489255
vt 1.766973 2.613913
vn -0.574333 0.449901 0.683909
v -0.208094 1.240888 0.496129
vt 1.753747 2.612633
vn 0.625161 0.520945 0.581197
v -0.309738 1.235932 0.433435
vt 1.787723 2.611837
vn -0.873592 0.295882 0.386382
v -0.291258 1.339804 0.409621
vt 1.786873 2.634748
vn -0.843550 0.313156 0.436299
v -0.309668 1.183243 0.474131
vt 1.785056 2.595746
vn -0.962571 0.100786 0.251593
v -0.309738 1.235932 0.433435
vt 1.787188 2.609966
vn -0.873592 0.295882 0.386382
v -0.286800 1.159915 0.539206
vt 1.774636 2.585948
vn -0.832018 0.286466 0.475060
v -0.255897 1.107321 0.584898
vt 1.766502 2.572059
vn -0.649212 -0.048114 0.759084
v -0.230554 0.966538 0.581441
vt 1.774194 2.538699
vn -0.865898 -0.343311 0.363809
v -0.194443 1.002186 0.616042
vt 1.764255 2.542689
vn -0.358841 -0.058904 0.931538
v -0.181178 0.859908 0.592850
vt 1.768077 2.516499
vn -0.844331 -0.345957 0.409169
v -0.119950 0.891033 0.635364
vt 1.753237 2.520020
vn -0.275148 -0.051825 0.960004
v -0.073133 0.811623 0.642811
vt 1.743937 2.503631
vn -0.193546 -0.057431 0.979409
v -0.150465 0.778000 0.595519
vt 1.762853 2.499757
vn -0.870119 -0.289231 0.399045
v -0.132948 0.713536 0.607246
vt 1.758437 2.487111
vn -0.963335 -0.004319 0.268269
v -0.069726 0.722057 0.632562
vt 1.740403 2.486871
vn -0.188008 0.067066 0.979875
v -0.216198 0.844300 0.387438
vt 1.809790 2.516446
vn -0.921033 -0.389483 -0.000060
v -0.256704 0.938431 0.387438
vt 1.812212 2.537447
vn -0.921914 -0.387394 -0.000020
v -0.157241 0.692469 0.387438
vt 1.805524 2.486236
vn -0.999135 -0.041576 -0.000048
v -0.180761 0.764985 0.387438
vt 1.806752 2.499774
vn -0.943742 -0.330683 -0.000058
v -0.172839 1.182816 0.444203
vt 1.731998 2.614353
vn 0.855896 -0.349907 0.380799
v -0.186289 1.171764 0.448315
vt 1.731213 2.610143
vn 0.977878 0.198269 0.066658
v -0.188178 1.244838 0.488239
vt 1.749963 2.616598
vn 0.754387 0.022277 0.656052
v -0.166198 1.263427 0.446586
vt 1.744529 2.627664
vn 0.928592 0.099789 0.357434
v -0.202158 1.416505 0.387438
vt 1.769274 2.658627
vn 0.345794 0.938310 0.000059
v -0.171567 1.376153 0.387438
vt 1.755926 2.655925
vn 0.971343 0.237684 0.000055
v -0.241872 1.407564 0.387438
vt 1.779341 2.654533
vn -0.562513 0.826788 -0.000021
v -0.314255 1.232495 0.387438
vt 1.798059 2.614818
vn -0.993028 0.117882 -0.000017
v -0.291457 1.347890 0.387438
vt 1.790844 2.638890
vn -0.908509 0.417864 -0.000020
v -0.155706 0.618420 0.622606
vt 1.760953 2.468543
vn -0.993593 -0.096110 0.059462
v -0.155462 0.616393 0.387438
vt 1.806716 2.472989
vn -0.995305 -0.096788 -0.000017
v -0.130886 0.683789 0.644746
vt 1.752601 2.479184
vn -0.408053 0.264806 0.873711
v -0.074858 0.704757 0.644526
vt 1.741274 2.482789
vn -0.072311 0.292280 0.953595
v -0.074858 0.704757 0.644526
vt 1.729689 2.476646
vn -0.072311 0.292280 0.953595
v -0.026239 0.676664 0.647727
vt 1.716872 2.469014
vn 0.163081 0.167893 0.972222
v -0.149649 0.620140 0.647178
vt 1.756534 2.467921
vn -0.379426 0.048070 0.923973
v -0.130886 0.683789 0.644746
vt 1.742820 2.472467
vn -0.408053 0.264806 0.873711
v -0.149649 0.620140 0.647178
vt 1.747379 2.459411
vn -0.379426 0.048070 0.923973
v 0.015914 0.606339 0.655915
vt 1.714212 2.448276
vn -0.025627 0.171380 0.984872
v 0.010689 0.643218 0.629061
vt 1.710049 2.457899
vn -0.111840 0.705789 0.699538
v -0.116088 0.536300 0.655719
vt 1.748446 2.440030
vn -0.167310 0.030977 0.985418
v -0.060684 0.498398 0.661290
vt 1.739314 2.428896
vn -0.047429 0.083804 0.995353
v -0.125306 0.537959 0.614319
vt 1.765799 2.452650
vn -0.945112 -0.324117 0.041377
v -0.116088 0.536300 0.655719
vt 1.757454 2.451203
vn -0.167310 0.030977 0.985418
v -0.133219 0.539887 0.387438
vt 1.809073 2.457736
vn -0.947853 -0.318708 -0.000058
v -0.002103 0.663416 0.591720
vt 1.702111 2.463426
vn 0.949151 -0.310418 0.052474
v -0.015967 0.630494 0.568023
vt 1.671272 2.483811
vn 0.046013 0.814894 -0.577780
v -0.002103 0.663416 0.591720
vt 1.682446 2.483106
vn 0.949151 -0.310418 0.052474
v -0.007456 0.650573 0.527559
vt 1.670221 2.494362
vn 0.988063 0.019009 -0.152872
v -0.016835 0.599237 0.533106
vt 1.661367 2.485924
vn 0.046003 0.975797 -0.213783
v -0.015967 0.630494 0.568023
vt 1.696182 2.456008
vn 0.046013 0.814894 -0.577780
v -0.007212 0.493136 0.664979
vt 1.728944 2.423501
vn -0.040410 0.087868 0.995312
v -0.163170 1.228499 0.420698
vt 1.734933 2.626380
vn 0.981431 -0.080712 0.174006
v 0.458038 0.688808 0.387438
vt 1.216705 2.435151
vn 0.803589 0.595184 0.000021
v -0.023669 0.598368 0.387438
vt 1.218787 2.545460
vn 0.119477 0.992837 0.000051
v 0.471594 0.612830 0.387438
vt 1.225903 2.418405
vn 0.998113 -0.061404 -0.000016
v -0.016527 0.649741 0.387438
vt 1.644808 2.515631
vn 0.996105 0.088172 0.000050
v -0.023669 0.598368 0.387438
vt 1.637424 2.507226
vn 0.119477 0.992837 0.000051
v -0.042243 0.758561 0.387438
vt 1.659101 2.535633
vn 0.944793 0.327669 0.000058
v -0.028037 0.761281 0.525715
vt 1.683943 2.515512
vn 0.902830 0.271341 -0.333574
v -0.187318 1.162508 0.387438
vt 1.718246 2.615847
vn 0.990957 0.134178 0.000052
v -0.281393 1.074906 0.559654
vt 1.779659 2.560762
vn -0.921919 -0.253013 0.293341
v -0.300537 1.055658 0.387438
vt 1.811985 2.563877
vn -0.958591 -0.284785 -0.000019
v -0.309668 1.183243 0.474131
vt 1.789034 2.585526
vn -0.962571 0.100786 0.251593
v -0.315122 1.186433 0.387438
vt 1.803729 2.591508
vn -0.994033 -0.109079 -0.000050
v -0.314255 1.232495 0.387438
vt 1.797525 2.612947
vn -0.993028 0.117882 -0.000017
v -0.315122 1.186433 0.387438
vt 1.802091 2.602682
vn -0.994033 -0.109079 -0.000050
v -0.164492 1.263515 0.387438
vt 1.736110 2.637751
vn 0.997807 0.066194 0.000016
v -0.162190 1.226853 0.387438
vt 1.729660 2.631836
vn 0.996328 -0.085619 -0.000017
v -0.171963 1.174717 0.387438
vt 1.721271 2.621663
vn 0.909627 -0.415426 -0.000020
v -0.187318 1.162508 0.387438
vt 1.718781 2.617718
vn 0.990957 0.134178 0.000052
v 0.381544 0.499599 0.538288
vt 1.275513 2.414459
vn 0.684664 -0.726408 0.059720
v 0.451244 0.561384 0.387438
vt 1.234229 2.408054
vn 0.821828 -0.569735 0.000021
v 0.385293 0.497095 0.387438
vt 1.247953 2.393657
vn 0.706783 -0.707430 -0.000022
v -0.255897 1.107321 0.584898
vt 1.773030 2.565093
vn -0.649212 -0.048114 0.759084
v -0.286800 1.159915 0.539206
vt 1.780046 2.577074
vn -0.832018 0.286466 0.475060
v 0.401518 0.699906 0.211988
vt 1.249044 2.459438
vn -0.095536 0.995417 0.004194
v 0.300325 0.705828 0.122920
vt 1.265385 2.472902
vn 0.018405 0.476319 -0.879080
v 0.451204 0.683991 0.202414
vt 1.249627 2.447503
vn 0.776780 0.607699 -0.165274
v 0.397612 0.672094 0.134027
vt 1.262632 2.455777
vn 0.341571 0.481264 -0.807288
v 0.300032 0.715344 0.173539
vt 1.256285 2.474330
vn -0.105911 0.874677 0.472993
v 0.171441 0.691532 0.182066
vt 1.258747 2.497977
vn -0.178439 0.885175 0.429679
v 0.155539 0.684697 0.132394
vt 1.269707 2.498551
vn -0.167713 0.629684 -0.758532
v -0.015967 0.630494 0.206852
vt 1.259960 2.537167
vn 0.045991 0.814867 0.577821
v 0.010689 0.643218 0.145815
vt 1.273319 2.528383
vn -0.111815 0.705802 -0.699529
v 0.147740 0.628996 0.234883
vt 1.243298 2.507116
vn -0.218699 0.958956 0.180484
v -0.016835 0.599237 0.241770
vt 1.249660 2.540533
vn 0.045985 0.975789 0.213823
v 0.411516 0.540679 0.131843
vt 1.279826 2.440140
vn 0.647261 -0.469135 -0.600804
v 0.444411 0.566321 0.192093
vt 1.266382 2.432238
vn 0.824801 -0.547450 -0.141424
v 0.433889 0.631096 0.153523
vt 1.263704 2.446049
vn 0.693232 0.087721 -0.715356
v 0.460940 0.619482 0.196028
vt 1.257830 2.438609
vn 0.984810 -0.042735 -0.168295
v 0.356012 0.591090 0.126298
vt 1.280140 2.454813
vn 0.158004 0.092822 -0.983066
v 0.349353 0.506573 0.107568
vt 1.295887 2.445695
vn 0.328664 -0.154401 -0.931740
v 0.274176 0.594996 0.121082
vt 1.286070 2.471150
vn 0.014000 0.105103 -0.994363
v 0.144603 0.585974 0.117925
vt 1.290032 2.498915
vn -0.020617 0.154363 -0.987799
v 0.015914 0.606339 0.118960
vt 1.284075 2.526763
vn -0.025608 0.171357 -0.984876
v 0.137688 0.487837 0.104798
vt 1.310349 2.498111
vn -0.004724 0.124773 -0.992174
v 0.275009 0.495057 0.104262
vt 1.305288 2.464250
vn 0.010933 0.157227 -0.987502
v -0.007212 0.493136 0.109896
vt 1.308426 2.530208
vn -0.040429 0.087888 -0.995310
v -0.107499 0.973989 0.242605
vt 1.714124 2.556154
vn 0.878270 0.392669 0.272859
v -0.119593 1.036634 0.185220
vt 1.733117 2.557253
vn 0.763590 0.573191 -0.297292
v -0.028366 0.921537 0.211714
vt 1.713284 2.533460
vn 0.603202 0.356376 0.713543
v -0.019314 0.924774 0.178517
vt 1.719088 2.528923
vn 0.809352 0.579081 -0.098056
v 0.027286 0.804453 0.208420
vt 1.700027 2.510005
vn 0.682134 0.169442 0.711324
v 0.035450 0.817251 0.172739
vt 1.707419 2.507872
vn 0.934014 0.263919 -0.240759
v 0.027162 0.721954 0.176002
vt 1.697033 2.490428
vn 0.971251 -0.122736 0.203979
v 0.009577 0.814951 0.133790
vt 1.715504 2.503019
vn 0.411552 0.087641 -0.907162
v -0.045366 0.917714 0.138199
vt 1.728210 2.525188
vn 0.306514 0.298318 -0.903911
v -0.164579 1.066402 0.153703
vt 1.746309 2.560384
vn -0.034215 0.114666 -0.992815
v 0.000844 0.717528 0.143245
vt 1.706538 2.481464
vn 0.392214 -0.111326 -0.913113
v -0.073133 0.811623 0.132065
vt 1.732776 2.500808
vn -0.193471 -0.057369 -0.979427
v -0.069726 0.722057 0.142314
vt 1.728680 2.481378
vn -0.188033 0.067087 -0.979869
v -0.119950 0.891033 0.139512
vt 1.743558 2.519807
vn -0.275063 -0.051761 -0.960032
v -0.194443 1.002187 0.158834
vt 1.756330 2.546087
vn -0.358810 -0.058882 -0.931552
v -0.128047 1.091434 0.166246
vt 1.739678 2.566840
vn 0.878759 0.467792 -0.094627
v -0.115829 1.040752 0.199475
vt 1.730527 2.560436
vn 0.903706 0.375364 0.205957
v -0.162352 1.089248 0.292152
vt 1.721750 2.587288
vn 0.929599 0.340376 0.141384
v -0.202326 1.203681 0.203570
vt 1.751841 2.593652
vn 0.749240 0.624601 -0.220257
v -0.181325 1.172072 0.174620
vt 1.750235 2.583439
vn 0.269898 0.461425 -0.845128
v -0.227392 1.143560 0.161754
vt 1.757910 2.577672
vn -0.305894 0.144877 -0.940978
v -0.253941 1.187873 0.189476
vt 1.762117 2.588449
vn -0.579852 0.507167 -0.637616
v -0.208094 1.240888 0.278747
vt 1.753212 2.610762
vn 0.625187 0.520972 -0.581145
v -0.252173 1.262901 0.285620
vt 1.766439 2.612041
vn -0.574357 0.449873 -0.683906
v -0.186289 1.171764 0.326561
vt 1.730679 2.608272
vn 0.977877 0.198314 -0.066541
v -0.173063 1.373770 0.355411
vt 1.758857 2.649358
vn 0.933366 0.225091 -0.279575
v -0.202819 1.408715 0.337033
vt 1.768285 2.647558
vn 0.256521 0.892909 -0.370013
v -0.202261 1.386774 0.316938
vt 1.765592 2.642471
vn 0.366025 0.340730 -0.865984
v -0.243155 1.380303 0.326539
vt 1.773557 2.640612
vn -0.471327 0.347267 -0.810713
v -0.242483 1.400923 0.345522
vt 1.775709 2.646393
vn -0.543938 0.778779 -0.312465
v -0.208094 1.240888 0.278747
vt 1.753747 2.612633
vn 0.625187 0.520972 -0.581145
v -0.252173 1.262901 0.285620
vt 1.766973 2.613913
vn -0.574357 0.449873 -0.683906
v -0.291258 1.339804 0.365255
vt 1.786873 2.634748
vn -0.843537 0.313184 -0.436304
v -0.309738 1.235932 0.341441
vt 1.787723 2.611837
vn -0.873604 0.295854 -0.386377
v -0.309738 1.235932 0.341441
vt 1.787188 2.609966
vn -0.873604 0.295854 -0.386377
v -0.286800 1.159915 0.235669
vt 1.774636 2.585948
vn -0.831998 0.286443 -0.475111
v -0.309668 1.183243 0.300745
vt 1.785056 2.595746
vn -0.962575 0.100764 -0.251589
v -0.255897 1.107321 0.189977
vt 1.766502 2.572059
vn -0.649178 -0.048090 -0.759115
v -0.119950 0.891033 0.139512
vt 1.753237 2.520020
vn -0.275063 -0.051761 -0.960032
v -0.194443 1.002187 0.158834
vt 1.764255 2.542689
vn -0.358810 -0.058882 -0.931552
v -0.181178 0.859908 0.182025
vt 1.768077 2.516499
vn -0.844311 -0.345886 -0.409269
v -0.230554 0.966538 0.193435
vt 1.774194 2.538699
vn -0.865857 -0.343251 -0.363966
v -0.150465 0.778000 0.179356
vt 1.762853 2.499757
vn -0.870099 -0.289161 -0.399142
v -0.073133 0.811623 0.132065
vt 1.743937 2.503631
vn -0.193471 -0.057369 -0.979427
v -0.069726 0.722057 0.142314
vt 1.740403 2.486871
vn -0.188033 0.067087 -0.979869
v -0.132948 0.713537 0.167630
vt 1.758437 2.487111
vn -0.963323 -0.004300 -0.268309
v -0.186289 1.171764 0.326561
vt 1.731213 2.610143
vn 0.977877 0.198314 -0.066541
v -0.188178 1.244838 0.286636
vt 1.749963 2.616598
vn 0.754438 0.022344 -0.655991
v -0.172839 1.182816 0.330672
vt 1.731998 2.614353
vn 0.855882 -0.349935 -0.380804
v -0.166198 1.263427 0.328289
vt 1.744529 2.627664
vn 0.928607 0.099809 -0.357389
v -0.155706 0.618420 0.152270
vt 1.760953 2.468543
vn -0.993590 -0.096097 -0.059535
v -0.074858 0.704757 0.130350
vt 1.741274 2.482789
vn -0.072331 0.292261 -0.953599
v -0.130886 0.683790 0.130129
vt 1.752601 2.479184
vn -0.408019 0.264776 -0.873736
v -0.026239 0.676664 0.127149
vt 1.716872 2.469014
vn 0.163117 0.168009 -0.972196
v -0.074858 0.704757 0.130350
vt 1.729689 2.476646
vn -0.072331 0.292261 -0.953599
v -0.149649 0.620140 0.127697
vt 1.756534 2.467921
vn -0.379408 0.048091 -0.923979
v -0.149649 0.620140 0.127697
vt 1.747379 2.459411
vn -0.379408 0.048091 -0.923979
v -0.130886 0.683790 0.130129
vt 1.742820 2.472467
vn -0.408019 0.264776 -0.873736
v 0.010689 0.643218 0.145815
vt 1.710049 2.457899
vn -0.111815 0.705802 -0.699529
v 0.015914 0.606339 0.118960
vt 1.714212 2.448276
vn -0.025608 0.171357 -0.984876
v -0.060684 0.498398 0.113586
vt 1.739314 2.428896
vn -0.047410 0.083784 -0.995355
v -0.116088 0.536300 0.119157
vt 1.748446 2.440030
vn -0.167333 0.030996 -0.985413
v -0.116088 0.536300 0.119157
vt 1.757454 2.451203
vn -0.167333 0.030996 -0.985413
v -0.125306 0.537959 0.160556
vt 1.765799 2.452650
vn -0.945114 -0.324104 -0.041418
v -0.002103 0.663416 0.183155
vt 1.702111 2.463426
vn 0.949153 -0.310405 -0.052515
v -0.002103 0.663416 0.183155
vt 1.682446 2.483106
vn 0.949153 -0.310405 -0.052515
v -0.007456 0.650573 0.247316
vt 1.670221 2.494362
vn 0.988058 0.018992 0.152909
v -0.015967 0.630494 0.206852
vt 1.671272 2.483811
vn 0.045991 0.814867 0.577821
v -0.016835 0.599237 0.241770
vt 1.661367 2.485924
vn 0.045985 0.975789 0.213823
v -0.015967 0.630494 0.206852
vt 1.696182 2.456008
vn 0.045991 0.814867 0.577821
v -0.007212 0.493136 0.109896
vt 1.728944 2.423501
vn -0.040429 0.087888 -0.995310
v -0.163170 1.228499 0.354177
vt 1.734933 2.626380
vn 0.981429 -0.080733 -0.174009
v -0.028037 0.761281 0.249160
vt 1.683943 2.515512
vn 0.902815 0.271275 0.333669
v 0.381544 0.499599 0.236587
vt 1.275513 2.414459
vn 0.684667 -0.726409 -0.059674
v -0.281393 1.074906 0.215221
vt 1.779659 2.560762
vn -0.921890 -0.253001 -0.293443
v -0.255897 1.107321 0.189977
vt 1.773030 2.565093
vn -0.649178 -0.048090 -0.759115
v -0.286800 1.159915 0.235669
vt 1.780046 2.577074
vn -0.831998 0.286443 -0.475111
v -0.309668 1.183243 0.300745
vt 1.789034 2.585526
vn -0.962575 0.100764 -0.251589
v 0.081544 0.850967 -0.097868
vt 1.168631 1.125004
vn -0.021007 0.054566 -0.998289
v -0.145708 0.860496 -0.095747
vt 1.209688 1.148281
vn -0.021007 0.054566 -0.998289
v 0.078417 0.819822 -0.102691
vt 1.172128 1.119499
vn 0.007008 0.000215 -0.999975
v -0.164525 0.775404 -0.096817
vt 1.219707 1.134016
vn -0.061998 -0.098401 -0.993214
v 0.202094 0.798688 -0.100080
vt 1.151588 1.104033
vn 0.064370 -0.075802 -0.995043
v 0.194155 0.817037 -0.101031
vt 1.151320 1.108135
vn 0.013174 -0.046012 -0.998854
v 0.053347 0.710146 -0.103329
vt 1.187098 1.101651
vn -0.021493 -0.048595 -0.998587
v -0.166761 0.632233 -0.060814
vt 1.236576 1.110008
vn -0.138892 -0.170498 -0.975520
v -0.008652 0.608517 -0.099007
vt 1.208629 1.089367
vn -0.157681 -0.031479 -0.986988
v -0.105376 0.607342 -0.067233
vt 1.227752 1.098862
vn -0.235630 0.001771 -0.971841
v 0.178443 0.625630 -0.089293
vt 1.172498 1.074182
vn 0.023836 0.093407 -0.995343
v 0.140108 0.696600 -0.088806
vt 1.172466 1.090770
vn 0.121611 0.005811 -0.992561
v 0.148277 0.613765 -0.102403
vt 1.179641 1.074937
vn 0.048315 0.041806 -0.997957
v 0.053483 0.517460 -0.100232
vt 1.206385 1.066891
vn -0.054981 -0.058267 -0.996786
v 0.196934 0.544370 -0.102668
vt 1.192021 1.071212
vn -0.032489 -0.000599 -0.999472
v -0.040730 0.567721 -0.073697
vt 1.219779 1.085155
vn -0.345029 -0.289241 -0.892914
v 0.024927 0.498363 -0.080220
vt 1.214535 1.066201
vn -0.492426 -0.160061 -0.855510
v -0.108415 0.603196 0.000000
vt 1.022213 1.373343
vn -0.480999 -0.876721 -0.000062
v -0.169525 0.631111 -0.018242
vt 1.018307 1.387071
vn -0.391979 -0.917991 -0.060367
v -0.170116 0.630871 0.000000
vt 1.022049 1.387297
vn -0.409291 -0.912404 -0.000020
v -0.040730 0.567721 -0.073697
vt 1.007418 1.357381
vn -0.657095 -0.748482 -0.089448
v -0.105376 0.607342 -0.067233
vt 1.008395 1.372951
vn -0.479311 -0.874413 -0.075248
v -0.043897 0.562216 0.000000
vt 1.022579 1.357679
vn -0.656729 -0.754127 -0.000065
v 0.018727 0.492652 0.000000
vt 1.023467 1.338511
vn -0.888436 -0.459001 -0.000021
v 0.024927 0.498363 -0.080220
vt 1.006948 1.337762
vn -0.889088 -0.452466 -0.069254
v 0.036031 0.419797 -0.088805
vt 1.006820 1.321401
vn -0.990505 0.128185 -0.049687
v 0.036517 0.420735 0.000000
vt 1.024918 1.323393
vn -0.995287 0.096969 -0.000017
v 0.036031 0.419797 -0.088805
vt 1.407016 1.219231
vn -0.107718 0.163774 -0.980599
v 0.053483 0.517460 -0.100232
vt 1.399674 1.238418
vn -0.054981 -0.058267 -0.996786
v 0.024927 0.498363 -0.080220
vt 1.407372 1.235648
vn -0.492426 -0.160061 -0.855510
v 0.196934 0.544370 -0.102668
vt 1.369606 1.238391
vn -0.032489 -0.000599 -0.999472
v 0.279386 0.481211 -0.103030
vt 1.355303 1.222423
vn -0.078105 0.130602 -0.988354
v 0.148277 0.613765 -0.102403
vt 1.376970 1.254271
vn 0.048315 0.041806 -0.997957
v 0.178443 0.625630 -0.089293
vt 1.370016 1.255810
vn 0.023836 0.093407 -0.995343
v 0.385000 0.661908 -0.104252
vt 1.327173 1.254090
vn -0.092131 0.052269 -0.994374
v 0.385249 0.660767 -0.077766
vt 1.397397 1.051779
vn -0.110717 0.993604 0.022192
v 0.385000 0.661908 -0.104252
vt 1.396836 1.046588
vn -0.120424 0.992490 0.021481
v 0.577116 0.662603 -0.080372
vt 1.356933 1.054495
vn 0.051204 0.998661 -0.007373
v 0.576822 0.662299 -0.123149
vt 1.355931 1.045847
vn 0.068502 0.997565 -0.013091
v 0.576822 0.662299 -0.123149
vt 1.287811 1.247892
vn -0.099707 0.049679 -0.993776
v 0.741201 0.481419 -0.148735
vt 1.261006 1.206965
vn -0.085815 0.103792 -0.990890
v 0.791996 0.637786 -0.148993
vt 1.241340 1.238248
vn -0.262333 0.255482 -0.930543
v 1.029845 0.347553 -0.180951
vt 1.217399 1.160052
vn -0.660633 0.693595 -0.287211
v 0.977036 0.561573 -0.168080
vt 1.211231 1.204531
vn -0.045506 0.029486 -0.998529
v 0.747204 0.345396 -0.164399
vt 1.267784 1.179272
vn -0.004404 0.968152 -0.250323
v 1.148712 0.684545 -0.160788
vt 1.168224 1.210889
vn -0.905826 0.348486 -0.240910
v 0.825998 0.700364 -0.173000
vt 1.225985 1.243224
vn -0.500317 0.182986 -0.846286
v 0.790457 0.640376 -0.086789
vt 1.311174 1.055527
vn -0.391645 0.919708 -0.027394
v 0.791996 0.637786 -0.148993
vt 1.307313 1.042607
vn -0.262333 0.255482 -0.930543
v 0.916559 0.348654 -0.522335
vt 1.105149 1.923287
vn -0.169728 0.982432 0.077593
v 0.778770 0.346136 -0.524615
vt 1.127917 1.921959
vn 0.011877 0.999914 0.005636
v 0.911411 0.355189 -0.669169
vt 1.106073 1.899391
vn -0.413309 0.896209 0.161199
v 0.765779 0.348327 -0.689784
vt 1.127593 1.893878
vn 0.008068 0.994859 0.100946
v 0.747204 0.345396 -0.164399
vt 1.135271 1.982217
vn -0.004404 0.968152 -0.250323
v 1.029845 0.347553 -0.180951
vt 1.084578 1.982074
vn -0.660633 0.693595 -0.287211
v 1.035733 0.350399 -0.496567
vt 1.087110 1.931937
vn -0.831708 0.547550 0.091928
v 1.154153 0.596164 -0.513354
vt 1.046562 1.914724
vn -0.939709 0.336181 0.062685
v 1.148712 0.684545 -0.160788
vt 1.014862 1.966181
vn -0.905826 0.348486 -0.240910
v 1.141536 0.593288 -0.599924
vt 1.051682 1.901615
vn -0.662512 0.257667 0.703339
v 0.846544 0.380373 -0.694009
vt 1.115299 1.891049
vn -0.211755 0.542480 0.812943
v 0.907328 0.411058 -0.687048
vt 1.101446 1.891515
vn -0.496453 0.342899 0.797467
v 0.795688 0.377760 -0.701266
vt 1.127618 1.888602
vn -0.059113 0.600000 0.797813
v 0.975812 0.573824 -0.675089
vt 1.072764 1.880790
vn -0.424423 0.027265 0.905053
v 0.961057 0.488175 -0.677390
vt 1.085761 1.888717
vn -0.504526 0.177168 0.845024
v 0.982724 0.757980 -0.675395
vt 1.045740 1.863321
vn -0.411812 0.028177 0.910833
v 1.132788 0.767834 -0.617695
vt 1.028697 1.885847
vn -0.603536 0.033582 0.796628
v 1.156250 0.739791 -0.517692
vt 1.024899 1.904729
vn -0.997340 0.006389 0.072610
v 0.385742 0.376904 -0.702737
vt 1.188599 1.883990
vn 0.045966 0.661047 0.748935
v 0.192838 0.359221 -0.665953
vt 1.221456 1.888519
vn 0.019500 0.997299 0.070815
v 0.192156 0.358768 -0.524102
vt 1.224340 1.912417
vn 0.016579 0.999856 0.003752
v 0.191476 0.358353 -0.129914
vt 1.230961 1.978366
vn -0.007507 0.976367 -0.215988
v 0.286434 0.376554 -0.694043
vt 1.205219 1.884152
vn 0.062768 0.721345 0.689725
v -0.772137 0.376098 -0.647076
vt 1.382652 1.875158
vn 0.093186 0.986036 0.138023
v -0.724390 0.375998 -0.673873
vt 1.374243 1.871506
vn 0.038093 0.986747 0.157730
v -0.746776 0.370147 -0.326235
vt 1.383886 1.929011
vn 0.010483 0.999891 0.010421
v -1.010705 0.379310 -0.501285
vt 1.424866 1.895379
vn 0.113873 0.982537 0.147156
v -0.659095 0.378561 -0.687194
vt 1.363129 1.870386
vn 0.007887 0.995538 0.094029
v -0.737678 0.370147 0.000000
vt 1.387951 1.983469
vn 0.006373 0.999980 0.000046
v -0.291149 0.370147 -0.310889
vt 1.308319 1.939333
vn 0.023682 0.999713 0.003746
v -0.291149 0.370147 0.000000
vt 1.313696 1.991152
vn 0.014473 0.999895 0.000046
v -1.005423 0.374820 0.000000
vt 1.432519 1.978913
vn 0.023594 0.999722 0.000016
v 0.016647 0.358147 -0.101219
vt 1.260676 1.979843
vn -0.016112 0.996640 -0.080310
v 0.005556 0.359105 0.000000
vt 1.264295 1.996474
vn -0.266919 0.963719 -0.000019
v 0.035950 0.358147 -0.522196
vt 1.250264 1.909945
vn 0.023988 0.999707 0.003118
v -0.270564 0.370147 -0.675500
vt 1.298531 1.878880
vn 0.029471 0.999255 0.024937
v 0.191476 0.358353 -0.129914
vt 1.377387 1.199790
vn -0.007507 0.976367 -0.215988
v 0.016647 0.358147 -0.101219
vt 1.413120 1.207137
vn -0.016112 0.996640 -0.080310
v 0.043124 0.360473 -0.667454
vt 1.246384 1.885860
vn 0.010495 0.964351 0.264418
v 0.005556 0.359105 0.000000
vt 1.026297 1.309321
vn -0.266919 0.963719 -0.000019
v 0.016647 0.358147 -0.101219
vt 1.005465 1.307979
vn -0.016112 0.996640 -0.080310
v 0.203574 0.377550 -0.679146
vt 1.219303 1.884830
vn 0.062398 0.674696 0.735454
v 0.136672 0.384296 -0.675903
vt 1.230365 1.883143
vn -0.007522 0.328373 0.944518
v -0.181349 0.387704 -0.682678
vt 1.283308 1.877139
vn -0.029709 0.359307 0.932746
v -0.267320 0.381597 -0.691729
vt 1.297716 1.875613
vn -0.019124 0.729913 0.683273
v -0.835034 0.485121 -0.873116
vt 1.144725 1.714900
vn 0.888014 0.390215 -0.243234
v -0.807710 0.414168 -0.872074
vt 1.156696 1.706107
vn 0.321224 0.261937 -0.910057
v -0.792310 0.420413 -0.862658
vt 1.155106 1.702411
vn 0.674881 0.592826 -0.439423
v -0.483095 0.395935 -0.862611
vt 1.764896 1.340580
vn 0.002030 0.682848 -0.730558
v -0.441785 0.392810 -0.863198
vt 1.773381 1.341368
vn 0.164218 0.046502 -0.985327
v -0.441637 0.396062 -0.862611
vt 1.773417 1.340693
vn -0.001401 0.991951 -0.126617
v -0.696234 0.397773 -0.862343
vt 1.721255 1.340618
vn 0.016325 0.703742 -0.710268
v -0.482310 0.342223 -0.872588
vt 1.764959 1.351730
vn 0.000000 0.179732 -0.983716
v -0.698053 0.348687 -0.871135
vt 1.721123 1.350842
vn 0.007129 0.183816 -0.982935
v -0.749083 0.401787 -0.862505
vt 1.710318 1.340433
vn 0.214135 0.768129 -0.603426
v -0.751874 0.366425 -0.871952
vt 1.710059 1.347872
vn 0.093611 0.237652 -0.966829
v -0.745321 0.404961 -0.815561
vt 1.154795 1.688202
vn 0.184518 0.982821 -0.003950
v -0.785376 0.420944 -0.815255
vt 1.148028 1.694481
vn 0.561974 0.825373 0.054268
v -0.749083 0.401787 -0.862505
vt 1.161097 1.694690
vn 0.214135 0.768129 -0.603426
v -0.693397 0.401588 -0.815851
vt 1.721869 1.331024
vn 0.017518 0.999540 -0.024752
v -0.745321 0.404961 -0.815561
vt 1.711197 1.330953
vn 0.184518 0.982821 -0.003950
v -0.483916 0.401572 -0.815743
vt 1.764783 1.330959
vn 0.001418 0.999958 -0.009050
v -0.290803 0.401587 -0.816395
vt 1.804589 1.331514
vn -0.012302 0.999890 -0.008300
v -0.347051 0.396351 -0.862611
vt 1.792859 1.340953
vn -0.001403 0.991810 -0.127718
v -0.214499 0.411117 -0.862272
vt 1.821026 1.341061
vn -0.428095 0.676538 -0.599192
v -0.247745 0.400120 -0.862581
vt 1.813542 1.341365
vn -0.149648 0.691509 -0.706697
v -0.197037 0.387875 -0.871475
vt 1.822818 1.347037
vn -0.203905 0.230165 -0.951550
v -0.237086 0.358991 -0.870611
vt 1.814175 1.350295
vn -0.062036 0.180095 -0.981691
v -0.218093 0.413608 -0.815853
vt 1.819969 1.331322
vn -0.374129 0.926983 0.027015
v -0.251529 0.403751 -0.816199
vt 1.812781 1.331528
vn -0.153826 0.988052 0.009576
v -0.289553 0.396526 -0.862611
vt 1.804678 1.341110
vn -0.030211 0.612523 -0.789875
v -0.282719 0.344056 -0.870874
vt 1.805142 1.352147
vn -0.013231 0.162500 -0.986620
v -0.190102 0.439203 -0.815941
vt 1.827774 1.331021
vn -0.841317 0.539451 0.034311
v -0.187530 0.433882 -0.861562
vt 1.828208 1.339744
vn -0.766035 0.456758 -0.452285
v -0.187530 0.433882 -0.861562
vt 1.367754 1.556134
vn -0.766035 0.456758 -0.452285
v -0.172328 0.478180 -0.860080
vt 1.358301 1.556816
vn -0.926590 0.102558 -0.361819
v -0.190102 0.439203 -0.815941
vt 1.366508 1.564785
vn -0.841317 0.539451 0.034311
v -0.176991 0.483709 -0.816231
vt 1.357948 1.566395
vn -0.989671 0.094378 0.107910
v -0.170986 0.424344 -0.874969
vt 1.830550 1.343637
vn -0.476175 0.235067 -0.847350
v -0.157647 0.472856 -0.874817
vt 1.358768 1.552429
vn -0.650122 0.088597 -0.754647
v -0.170986 0.424344 -0.874969
vt 1.368596 1.551440
vn -0.476175 0.235067 -0.847350
v -1.286696 1.286645 -0.639030
vt 1.400035 1.395848
vn 0.994520 0.012715 -0.103768
v -1.308718 1.300574 -0.689042
vt 1.411821 1.395999
vn 0.924819 0.110611 -0.363970
v -1.289884 1.165675 -0.675987
vt 1.406784 1.368490
vn 0.996968 0.013101 -0.076696
v -1.311656 1.180573 -0.726489
vt 1.418459 1.371668
vn 0.924523 0.110242 -0.364833
v -1.283508 1.400975 -0.585532
vt 1.397596 1.424111
vn 0.990391 0.062128 -0.123557
v -1.305029 1.425141 -0.636198
vt 1.410090 1.422345
vn 0.933738 0.163436 -0.318468
v -1.288498 1.112578 -0.693735
vt 1.411989 1.357044
vn 0.990737 0.126437 -0.049546
v -1.309341 1.138342 -0.741512
vt 1.421855 1.363807
vn 0.922612 0.211238 -0.322747
v -1.276118 1.036501 -0.726597
vt 1.421909 1.341896
vn 0.966561 0.254364 0.032534
v -1.299686 1.056624 -0.772595
vt 1.430713 1.349234
vn 0.897258 0.314333 -0.310038
v -1.255774 0.969559 -0.757828
vt 1.432439 1.329469
vn 0.937257 0.348256 0.016349
v -1.280830 0.983222 -0.806501
vt 1.441227 1.337274
vn 0.836929 0.464324 -0.289747
v -1.226302 0.917485 -0.780620
vt 1.441592 1.319564
vn 0.664085 0.745192 0.060673
v -1.249703 0.924641 -0.833301
vt 1.450622 1.327558
vn 0.656706 0.734142 -0.172550
v -1.156031 0.871296 -0.792865
vt 1.452082 1.305179
vn 0.551292 0.830386 0.080854
v -1.159256 0.868374 -0.852160
vt 1.463040 1.310769
vn 0.503202 0.857059 -0.110628
v -1.060498 0.820275 -0.799220
vt 1.464486 1.286908
vn 0.560015 0.817519 0.134335
v -1.065380 0.811021 -0.855621
vt 1.475159 1.292308
vn 0.555216 0.813288 -0.174064
v -0.958048 0.722094 -0.861256
vt 1.104950 1.753345
vn 0.743246 0.644306 -0.180154
v -0.969728 0.749567 -0.804628
vt 1.092605 1.748673
vn 0.728795 0.643605 0.233733
v -1.065380 0.811021 -0.855621
vt 1.082821 1.771767
vn 0.555216 0.813288 -0.174064
v -1.060498 0.820275 -0.799220
vt 1.074422 1.763250
vn 0.560015 0.817519 0.134335
v -0.868493 0.613250 -0.812612
vt 1.117930 1.725660
vn 0.849953 0.458885 0.258854
v -0.881148 0.610634 -0.867823
vt 1.125584 1.734458
vn 0.853883 0.478024 -0.205856
v -0.818447 0.487823 -0.814945
vt 1.136775 1.705091
vn 0.889101 0.394300 0.232435
v -1.282058 1.436280 -0.540317
vt 1.395494 1.436061
vn 0.983953 0.137695 -0.113477
v -1.305041 1.486470 -0.588791
vt 1.410907 1.435462
vn 0.951355 0.246552 -0.184756
v -0.303056 1.508740 -0.649243
vt 1.145967 1.555234
vn -0.944543 0.025378 -0.327405
v -0.312131 1.557162 -0.604296
vt 1.134715 1.553864
vn -0.943289 0.193594 -0.269680
v -0.305854 1.482144 -0.599601
vt 1.142567 1.566586
vn -0.959392 -0.259132 0.111434
v -0.311685 1.508411 -0.572896
vt 1.134982 1.565834
vn -0.980323 -0.196778 -0.015634
v -0.179940 0.545995 -0.811817
vt 1.345726 1.568295
vn -0.978803 -0.107709 0.174192
v -0.144863 0.498771 -0.718262
vt 1.357935 1.589731
vn -0.332924 0.104473 0.937149
v -0.267018 0.398243 -0.708236
vt 1.809313 1.309227
vn -0.040810 0.942211 0.332525
v -0.206226 0.404761 -0.702515
vt 1.821749 1.308017
vn -0.375125 0.713094 0.592266
v -0.657066 0.398637 -0.706193
vt 1.729198 1.308414
vn 0.017297 0.960593 0.277419
v -0.717804 0.398952 -0.687196
vt 1.716602 1.304855
vn 0.205280 0.957729 0.201532
v -0.659095 0.378561 -0.687194
vt 1.728930 1.302728
vn 0.007887 0.995538 0.094029
v -0.267320 0.381597 -0.691729
vt 1.809091 1.304420
vn -0.019124 0.729913 0.683273
v -0.181349 0.387704 -0.682678
vt 1.826294 1.302192
vn -0.029709 0.359307 0.932746
v -0.090456 0.411212 -0.683695
vt 1.377808 1.603299
vn 0.015765 0.283944 0.958711
v -0.206226 0.404761 -0.702515
vt 1.379216 1.580762
vn -0.375125 0.713094 0.592266
v -0.205562 0.814352 -0.797284
vt 1.289841 1.568166
vn -0.979079 -0.114700 0.168074
v -0.227937 1.011316 -0.770668
vt 1.248518 1.568507
vn -0.981815 -0.130427 0.137943
v -0.197204 0.895312 -0.718468
vt 1.271633 1.582896
vn -0.319320 -0.077206 0.944497
v -0.218926 1.118595 -0.689683
vt 1.223213 1.581784
vn -0.485704 -0.222102 0.845437
v 0.005860 0.870182 -0.742066
vt 1.282143 1.622242
vn 0.353048 0.104194 0.929785
v 0.058048 0.574325 -0.739559
vt 1.340695 1.633486
vn 0.360738 0.171756 0.916716
v 0.088190 0.477838 -0.732500
vt 1.360540 1.641383
vn 0.339681 0.514569 0.787296
v 0.156098 0.422560 -0.722972
vt 1.373740 1.654669
vn 0.470867 0.875058 0.112060
v 0.147476 0.422411 -0.801238
vt 1.363144 1.664523
vn 0.543304 0.837707 -0.055387
v 0.084552 0.483166 -0.802076
vt 1.351243 1.653276
vn 0.851005 0.523429 -0.042574
v 0.049724 0.583419 -0.804875
vt 1.333963 1.646014
vn 0.971552 0.220944 -0.085262
v 0.140096 0.403191 -0.680937
vt 1.380120 1.649200
vn 0.059556 0.513672 0.855917
v -0.249636 1.178015 -0.733087
vt 1.212561 1.569479
vn -0.974174 -0.175906 0.141572
v -0.235481 1.218838 -0.667751
vt 1.200257 1.580604
vn -0.481812 -0.352027 0.802455
v -0.003058 0.901798 -0.766464
vt 1.274145 1.624209
vn 0.663873 0.113063 0.739249
v -0.002864 0.867345 -0.821283
vt 1.278328 1.637071
vn 0.974752 0.186124 -0.123358
v -0.044387 1.069319 -0.805980
vt 1.239427 1.629958
vn 0.964254 0.216011 -0.153471
v -0.045435 1.112646 -0.755379
vt 1.230724 1.619088
vn 0.597249 0.018275 0.801847
v 0.216315 0.405066 -0.725531
vt 1.018390 1.023993
vn 0.171682 0.984602 0.032936
v 0.156098 0.422560 -0.722972
vt 1.005510 1.024480
vn 0.470867 0.875058 0.112060
v 0.210154 0.395589 -0.798776
vt 1.018526 1.039688
vn 0.192019 0.975394 -0.108332
v 0.147476 0.422411 -0.801238
vt 1.004663 1.040541
vn 0.543304 0.837707 -0.055387
v 0.206409 0.396310 -0.687490
vt 1.016117 1.015993
vn 0.164843 0.780506 0.603023
v 0.140096 0.403191 -0.680937
vt 1.002415 1.015019
vn 0.059556 0.513672 0.855917
v 0.136672 0.384296 -0.675903
vt 1.002247 1.010955
vn -0.007522 0.328373 0.944518
v 0.203574 0.377550 -0.679146
vt 1.015965 1.011734
vn 0.062398 0.674696 0.735454
v 0.136672 0.384296 -0.675903
vt 1.383987 1.648563
vn -0.007522 0.328373 0.944518
v -0.181349 0.387704 -0.682678
vt 1.383095 1.585719
vn -0.029709 0.359307 0.932746
v 0.794730 0.389696 -0.798506
vt 1.137602 1.034019
vn -0.009630 0.990854 -0.134595
v 0.839832 0.395725 -0.797662
vt 1.146182 1.033733
vn -0.279732 0.947300 -0.156117
v 0.792589 0.401125 -0.726418
vt 1.136895 1.018700
vn -0.013204 0.999823 0.013423
v 0.836016 0.406255 -0.725161
vt 1.146250 1.017919
vn -0.305337 0.933057 0.190195
v 0.795688 0.377760 -0.701266
vt 1.136805 1.011703
vn -0.059113 0.600000 0.797813
v 0.846544 0.380373 -0.694009
vt 1.145691 1.009473
vn -0.211755 0.542480 0.812943
v 0.294212 0.399741 -0.724553
vt 1.034510 1.022771
vn 0.013404 0.996232 -0.085691
v 0.386006 0.387325 -0.706020
vt 1.053185 1.017376
vn 0.014400 0.730632 0.682619
v 0.287476 0.390735 -0.700031
vt 1.032894 1.017468
vn 0.105686 0.786065 0.609043
v 0.385742 0.376904 -0.702737
vt 1.053097 1.015145
vn 0.045966 0.661047 0.748935
v 0.286434 0.376554 -0.694043
vt 1.032826 1.014300
vn 0.062768 0.721345 0.689725
v -0.137217 1.113979 -0.709624
vt 1.226623 1.598583
vn 0.330987 -0.077801 0.940423
v -0.081342 1.216899 -0.775846
vt 1.210295 1.625199
vn 0.928148 0.288144 -0.235615
v -0.076908 1.241416 -0.731869
vt 1.204162 1.616303
vn 0.803625 -0.006325 0.595102
v -0.111381 1.332031 -0.738093
vt 1.187632 1.622971
vn 0.910834 0.329316 -0.248862
v -0.108904 1.360044 -0.687789
vt 1.178443 1.614732
vn 0.807381 -0.155837 0.569079
v -0.123535 1.377966 -0.720411
vt 1.177778 1.622469
vn 0.932423 0.272412 -0.237441
v -0.103090 1.469712 -0.640257
vt 1.154282 1.620645
vn 0.708274 -0.691916 0.140000
v -0.107900 1.486624 -0.674679
vt 1.160200 1.626953
vn 0.737044 -0.533830 -0.414478
v -0.111741 1.445860 -0.651667
vt 1.159554 1.618365
vn 0.957783 -0.286733 -0.020873
v -0.125537 1.468026 -0.684786
vt 1.162637 1.625105
vn 0.905897 -0.141440 -0.399180
v -0.165574 1.225101 -0.681865
vt 1.201381 1.595355
vn 0.402807 -0.230318 0.885833
v -0.176405 1.341105 -0.612533
vt 1.172120 1.595094
vn 0.369956 -0.348026 0.861400
v -0.249393 1.343450 -0.620722
vt 1.170614 1.580492
vn -0.444625 -0.435136 0.782921
v -0.277162 1.346448 -0.676098
vt 1.175048 1.568464
vn -0.963416 -0.229534 0.138362
v -0.282135 1.469901 -0.560736
vt 1.139097 1.576312
vn -0.391842 -0.592619 0.703749
v -0.203958 1.460650 -0.570472
vt 1.143740 1.593713
vn 0.154895 -0.500608 0.851704
v -0.138088 1.464770 -0.600604
vt 1.148891 1.609650
vn 0.559800 -0.442658 0.700484
v 0.295192 0.391584 -0.798687
vt 1.035550 1.038265
vn 0.008316 0.991337 -0.131078
v 0.867805 0.422739 -0.722975
vt 1.154020 1.017328
vn -0.673032 0.686502 0.275214
v 0.879829 0.415414 -0.798584
vt 1.154333 1.034242
vn -0.691550 0.702701 -0.167241
v 0.893789 0.461031 -0.720789
vt 1.164185 1.017312
vn -0.861865 0.351054 0.365991
v 0.908923 0.462152 -0.799387
vt 1.164667 1.034588
vn -0.920517 0.357375 -0.157896
v 0.907328 0.411058 -0.687048
vt 1.157463 1.006803
vn -0.496453 0.342899 0.797467
v 0.961057 0.488175 -0.677390
vt 1.174737 1.003220
vn -0.504526 0.177168 0.845024
v 0.906982 0.514174 -0.714981
vt 1.176115 1.017586
vn -0.944513 0.043970 0.325518
v 0.975812 0.573824 -0.675089
vt 1.191544 1.003641
vn -0.424423 0.027265 0.905053
v 0.912496 0.758953 -0.706367
vt 1.226583 1.023238
vn -0.944965 0.003094 0.327156
v 0.982724 0.757980 -0.675395
vt 1.228716 1.007646
vn -0.411812 0.028177 0.910833
v 0.916174 0.511822 -0.800074
vt 1.173969 1.035101
vn -0.994323 0.047469 -0.095234
v 0.918725 0.761443 -0.801798
vt 1.224452 1.042811
vn -0.995675 0.004369 -0.092800
v 0.907967 0.860962 -0.738819
vt 1.246451 1.032474
vn -0.986753 0.026278 -0.160085
v 0.919819 0.852608 -0.797101
vt 1.243145 1.044456
vn -0.986568 0.027579 -0.161009
v 0.956858 1.001257 -0.822567
vt 1.273299 1.055257
vn -0.960224 0.235271 -0.150392
v 0.943830 1.003142 -0.746850
vt 1.276091 1.039710
vn -0.958720 0.240072 -0.152385
v 0.934938 0.942071 -0.814928
vt 1.260973 1.051013
vn -0.949301 0.230297 -0.213987
v 0.920019 0.948249 -0.749350
vt 1.264004 1.037477
vn -0.951561 0.220004 -0.214779
v 0.957440 1.069198 -0.821141
vt 1.286968 1.057027
vn -0.992879 0.084069 -0.084406
v 0.953999 1.066908 -0.744061
vt 1.289215 1.041474
vn -0.983267 -0.148472 -0.105558
v 0.953056 1.034919 -0.745864
vt 1.282730 1.040831
vn -0.992455 0.088590 -0.084765
v -1.166899 0.843574 -0.680772
vt 1.431324 1.292651
vn 0.561678 0.797068 0.221811
v -1.036071 0.762034 -0.690382
vt 1.449065 1.268066
vn 0.654870 0.662872 0.362968
v -0.969728 0.749567 -0.804628
vt 1.456745 1.277449
vn 0.728795 0.643605 0.233733
v -1.260184 0.927494 -0.671226
vt 1.416824 1.315717
vn 0.825584 0.421246 0.375450
v -1.313571 1.098387 -0.609362
vt 1.394072 1.351708
vn 0.843201 0.114380 0.525289
v -1.366475 1.100247 -0.555466
vt 1.378726 1.349119
vn 0.440160 0.103365 0.891950
v -1.328887 0.921523 -0.553983
vt 1.388502 1.309636
vn 0.389664 0.185892 0.902001
v -1.049919 0.755288 -0.631031
vt 1.435634 1.265701
vn 0.648180 0.660182 0.379502
v -1.049919 0.755288 -0.631031
vt 1.056367 1.720111
vn 0.648180 0.660182 0.379502
v -1.036071 0.762034 -0.690382
vt 1.067403 1.739267
vn 0.654870 0.662872 0.362968
v -1.038411 0.585206 -0.616879
vt 1.070747 1.699728
vn 0.660300 0.505501 0.555402
v -0.923755 0.601627 -0.715993
vt 1.099234 1.712481
vn 0.728608 0.399065 0.556666
v -0.870301 0.462871 -0.698042
vt 1.116327 1.685917
vn 0.675146 0.646176 0.355858
v -0.861200 0.440122 -0.636722
vt 1.111432 1.672587
vn 0.565485 0.730090 0.383660
v -1.032668 0.557115 -0.574324
vt 1.068543 1.689425
vn 0.623007 0.653781 0.429458
v -0.770964 0.409965 -0.670384
vt 1.132192 1.667848
vn 0.433552 0.864570 0.254068
v -0.717804 0.398952 -0.687196
vt 1.143377 1.664248
vn 0.205280 0.957729 0.201532
v -1.042366 0.534862 -0.549626
vt 1.065390 1.683042
vn 0.545185 0.415763 0.727952
v -0.874268 0.414413 -0.606752
vt 1.106853 1.664830
vn 0.513090 0.444878 0.734045
v -0.772137 0.376098 -0.647076
vt 1.130167 1.659736
vn 0.093186 0.986036 0.138023
v -0.724390 0.375998 -0.673873
vt 1.140895 1.659423
vn 0.038093 0.986747 0.157730
v -1.468437 0.746898 -0.503754
vt 1.357878 1.270636
vn -0.038905 0.160088 0.986336
v -1.477684 0.918198 -0.518706
vt 1.356635 1.306506
vn -0.025606 0.084481 0.996096
v -1.258594 0.751890 -0.538773
vt 1.398504 1.271653
vn 0.289368 0.186157 0.938942
v -1.493670 1.105776 -0.535847
vt 1.350858 1.345595
vn 0.008583 0.121582 0.992544
v -1.313722 1.159650 -0.601614
vt 1.390841 1.366583
vn 0.814346 -0.018433 0.580087
v -1.377412 1.158621 -0.567071
vt 1.376360 1.362431
vn 0.303179 0.151366 0.940835
v -1.591917 1.156835 -0.551946
vt 1.328478 1.353243
vn 0.078595 -0.088223 0.992995
v -1.567121 0.917241 -0.559531
vt 1.336206 1.304564
vn -0.145107 0.057487 0.987744
v -1.544285 1.105043 -0.544541
vt 1.339661 1.344100
vn -0.378505 -0.006218 0.925578
v -1.602278 0.755547 -0.566120
vt 1.328657 1.270689
vn -0.131529 0.231770 0.963837
v -1.612925 1.098835 -0.590346
vt 1.323080 1.338802
vn -0.077423 0.023396 0.996724
v -1.602278 0.755547 -0.566120
vt 1.511618 1.505659
vn -0.131529 0.231770 0.963837
v -1.468437 0.746898 -0.503754
vt 1.484209 1.518648
vn -0.038905 0.160088 0.986336
v -1.741600 0.734087 -0.496603
vt 1.540239 1.520408
vn -0.003727 0.999824 0.018385
v -2.048268 0.742428 -0.579480
vt 1.603161 1.503640
vn 0.046292 0.221456 0.974071
v -2.066697 0.742220 -0.529056
vt 1.606906 1.513995
vn 0.018270 0.999201 0.035559
v -2.048268 0.742428 -0.579480
vt 1.235144 1.264570
vn 0.046292 0.221456 0.974071
v -2.048018 0.838775 -0.593283
vt 1.235689 1.284466
vn 0.066971 0.019974 0.997555
v -2.031037 0.969330 -0.592701
vt 1.239016 1.310555
vn 0.105964 0.013167 0.994283
v -1.973554 1.098263 -0.591511
vt 1.250225 1.335647
vn 0.039469 -0.112712 0.992844
v -2.049525 0.974715 -0.541452
vt 1.228792 1.314031
vn 0.503360 -0.149808 0.850991
v -2.068597 0.852241 -0.539830
vt 1.223773 1.287541
vn 0.434868 0.007891 0.900460
v -2.066697 0.742220 -0.529056
vt 1.223829 1.264290
vn 0.018270 0.999201 0.035559
v -2.161074 0.850862 -0.534059
vt 1.204171 1.287644
vn 0.012482 0.058591 0.998204
v -2.140469 0.981240 -0.535972
vt 1.210259 1.315517
vn -0.013005 -0.002930 0.999911
v -2.163365 0.738320 -0.524400
vt 1.203985 1.263950
vn 0.060876 0.535459 0.842364
v -1.988968 1.102378 -0.543278
vt 1.242781 1.342366
vn 0.259058 -0.608631 0.749972
v -2.108445 1.052190 -0.532002
vt 1.217295 1.330670
vn 0.029199 -0.044215 0.998595
v -2.083997 1.106356 -0.528971
vt 1.222610 1.342412
vn 0.026486 -0.067106 0.997394
v -2.171268 1.099458 -0.535122
vt 1.204584 1.340245
vn -0.072517 -0.013003 0.997282
v -2.138816 1.144485 -0.534502
vt 1.211248 1.349836
vn -0.103227 0.041288 0.993801
v -2.205480 1.007869 -0.540377
vt 1.197180 1.321094
vn -0.072701 0.000376 0.997354
v -2.237120 0.864714 -0.540608
vt 1.189068 1.292162
vn -0.039809 0.067303 0.996938
v -2.250639 0.796056 -0.526844
vt 1.183951 1.279119
vn 0.052877 0.192088 0.979952
v -2.189738 0.740023 -0.447307
vt 1.190945 1.256575
vn 0.011093 0.999410 0.032515
v -2.265041 0.764186 -0.502955
vt 1.179830 1.272506
vn 0.198578 0.920919 0.335374
v -2.284631 0.745480 -0.459820
vt 1.172988 1.264483
vn 0.111870 0.980848 0.159446
v -2.284631 0.745480 -0.459820
vt 1.651547 1.528310
vn 0.111870 0.980848 0.159446
v -2.189738 0.740023 -0.447307
vt 1.632061 1.530865
vn 0.011093 0.999410 0.032515
v -2.302001 0.738506 -0.387267
vt 1.655025 1.543273
vn -0.000109 0.999687 0.025004
v -2.339008 0.736861 0.000000
vt 1.662279 1.622705
vn -0.002509 0.999997 -0.000015
v -1.750254 0.745234 0.000000
vt 1.541537 1.622166
vn -0.000107 1.000000 0.000015
v -2.339278 0.736856 0.000000
vt 1.662334 1.622705
vn -0.005909 0.999983 0.000015
v -2.338937 0.738182 -0.119646
vt 1.662363 1.598174
vn 0.009790 0.999899 0.010319
v -2.341664 0.736800 0.000000
vt 1.662825 1.622707
vn 0.011498 0.999934 0.000015
v -2.330335 0.738270 -0.215442
vt 1.660684 1.578526
vn -0.012829 0.999918 -0.000201
v -2.317290 0.738437 -0.306836
vt 1.658089 1.559776
vn -0.012705 0.999919 -0.000325
v -2.163365 0.738320 -0.524400
vt 1.626735 1.515028
vn 0.060876 0.535459 0.842364
v -1.856005 1.105070 -0.540642
vt 1.271559 1.347972
vn 0.041355 -0.787068 0.615479
v -1.613667 1.105862 -0.561265
vt 1.323530 1.344249
vn 0.063768 -0.464123 0.883472
v -1.855600 1.158672 -0.520750
vt 1.270422 1.359734
vn 0.063384 -0.199923 0.977759
v -1.990317 1.159997 -0.515146
vt 1.241817 1.355778
vn -0.030308 -0.110620 0.993401
v -2.062547 1.164450 -0.524766
vt 1.226873 1.354897
vn -0.097533 -0.009130 0.995190
v -2.068483 1.200153 -0.535791
vt 1.224958 1.362508
vn -0.141837 0.181684 0.973074
v -1.811573 1.238039 -0.548079
vt 1.280334 1.377984
vn 0.553788 0.033281 0.831992
v -1.675187 1.287158 -0.698999
vt 1.315337 1.389375
vn 0.456845 0.653558 0.603452
v -1.763904 1.216967 -0.550036
vt 1.290545 1.370860
vn 0.215498 0.775265 0.593737
v -1.670566 1.281549 -0.701538
vt 1.316491 1.388738
vn 0.454782 0.673466 0.582766
v -1.654195 1.272133 -0.706837
vt 1.319706 1.388092
vn 0.170763 0.896082 0.409727
v -1.586244 1.201251 -0.571694
vt 1.329611 1.362929
vn 0.133370 0.888562 0.438942
v -1.607629 1.256221 -0.718018
vt 1.327809 1.387179
vn 0.329871 0.898592 0.289340
v -1.580717 1.249261 -0.723582
vt 1.332356 1.386667
vn 0.160177 0.944914 0.285449
v -1.484380 1.233963 -0.739568
vt 1.346828 1.388345
vn 0.094062 0.966758 0.237761
v -1.431075 1.197372 -0.605580
vt 1.364124 1.372863
vn -0.036908 0.916293 0.398804
v -1.505332 1.236930 -0.736343
vt 1.343724 1.387899
vn 0.117089 0.963624 0.240246
v -1.508659 1.199312 -0.588637
vt 1.346868 1.367896
vn 0.104390 0.929303 0.354257
v -1.593580 1.183558 -0.548773
vt 1.327814 1.358041
vn 0.118759 0.398554 0.909423
v -1.813193 1.195103 -0.525895
vt 1.279266 1.366612
vn 0.130667 0.109977 0.985308
v -1.392327 1.182058 -0.571285
vt 1.372841 1.366969
vn 0.099373 0.378992 0.920049
v -1.382105 1.216809 -0.602900
vt 1.374975 1.380105
vn -0.285465 -0.048934 0.957139
v -1.404552 1.229910 -0.617783
vt 1.369578 1.382874
vn -0.871279 0.038491 0.489276
v -1.456097 1.246462 -0.738861
vt 1.350578 1.391006
vn -0.891696 0.198477 0.406799
v -1.459616 1.239979 -0.740459
vt 1.350082 1.390149
vn -0.672340 0.648583 0.356791
v -1.343683 1.223918 -0.595613
vt 1.382597 1.382382
vn 0.133472 -0.148724 0.979830
v -1.337915 1.190079 -0.587548
vt 1.384002 1.373038
vn 0.271757 0.180567 0.945274
v -1.869505 1.229073 -0.523765
vt 1.266217 1.374090
vn 0.059675 0.070672 0.995713
v -1.962607 1.239831 -0.523330
vt 1.246102 1.372926
vn -0.076525 0.213796 0.973876
v -1.980503 1.251555 -0.538428
vt 1.241341 1.375646
vn -0.213508 0.356991 0.909380
v -1.675187 1.292901 -0.697034
vt 1.314999 1.391658
vn 0.650450 -0.677634 0.343114
v -1.671127 1.297654 -0.695966
vt 1.315424 1.392652
vn 0.621643 -0.721205 0.305652
v -1.766649 1.278091 -0.546517
vt 1.285700 1.391011
vn 0.396195 -0.721012 0.568481
v -1.597076 1.324699 -0.696152
vt 1.327357 1.399027
vn 0.348776 -0.929992 0.116060
v -1.576181 1.353012 -0.547867
vt 1.320534 1.424596
vn 0.303790 -0.874806 0.377393
v -1.561334 1.335912 -0.696499
vt 1.333118 1.401962
vn 0.279188 -0.950390 0.137164
v -1.508643 1.375989 -0.530645
vt 1.336862 1.432846
vn 0.097463 -0.963534 0.249205
v -1.419436 1.383609 -0.525151
vt 1.360466 1.431767
vn 0.032686 -0.966095 0.256110
v -1.460308 1.360830 -0.698815
vt 1.350382 1.408537
vn 0.123968 -0.983877 0.128913
v -1.583195 1.377382 -0.541694
vt 1.317400 1.428465
vn -0.030329 0.171598 0.984700
v -1.797705 1.308789 -0.531980
vt 1.277266 1.394377
vn -0.014505 0.217394 0.975976
v -1.803217 1.326157 -0.547555
vt 1.274454 1.398479
vn -0.181336 0.629286 0.755722
v -1.519256 1.397066 -0.528691
vt 1.332591 1.435781
vn -0.614743 -0.211449 0.759855
v -1.551872 1.386058 -0.537072
vt 1.324792 1.431815
vn -0.276837 0.082262 0.957389
v -1.525523 1.345654 -0.697152
vt 1.338936 1.404565
vn 0.267184 -0.952748 0.144512
v -1.442978 1.352358 -0.703929
vt 1.352848 1.405919
vn -0.577571 -0.779781 0.241564
v -1.398758 1.364030 -0.570741
vt 1.365849 1.420580
vn -0.791505 -0.378721 0.479677
v -1.441843 1.345886 -0.706485
vt 1.353197 1.404925
vn -0.952241 -0.019220 0.304743
v -1.445434 1.318826 -0.716242
vt 1.352478 1.401103
vn -0.938614 -0.046217 0.341861
v -1.373067 1.364355 -0.552316
vt 1.372211 1.422330
vn -0.182833 -0.453204 0.872456
v -1.338198 1.369383 -0.550143
vt 1.379965 1.423131
vn 0.195493 -0.424842 0.883907
v -1.334882 1.401127 -0.520127
vt 1.379873 1.434025
vn 0.263674 -0.894926 0.359977
v -1.293459 1.418124 -0.520915
vt 1.389294 1.436976
vn 0.669479 -0.697216 0.256296
v -1.297113 1.390429 -0.553010
vt 1.389467 1.426572
vn 0.713070 -0.357851 0.602888
v -1.297089 1.261259 -0.605367
vt 1.391960 1.391984
vn 0.774819 -0.213243 0.595132
v -0.080907 1.501365 -0.667429
vt 1.156648 1.630249
vn 0.383359 -0.842508 -0.378439
v -0.080668 1.484304 -0.630024
vt 1.150385 1.624866
vn 0.492956 -0.815990 0.301919
v -0.048876 1.505047 -0.665053
vt 1.154480 1.635117
vn 0.105991 -0.943433 -0.314165
v -0.051727 1.489960 -0.621970
vt 1.148110 1.631307
vn -0.014928 -0.968993 0.246637
v -0.017395 1.504234 -0.666968
vt 1.151993 1.640269
vn -0.120670 -0.961180 -0.248139
v -0.018070 1.491193 -0.613670
vt 1.145439 1.637598
vn 0.009099 -0.715946 0.698096
v -0.063497 1.550682 -0.583169
vt 1.134930 1.629378
vn 0.437083 -0.591412 0.677636
v -1.010705 0.379310 -0.501285
vt 1.072943 1.649971
vn 0.113873 0.982537 0.147156
v -0.724390 0.375998 -0.673873
vt 1.715860 1.299299
vn 0.038093 0.986747 0.157730
v -1.584872 1.394790 -0.556988
vt 1.314882 1.432418
vn -0.187822 0.627902 0.755290
v -1.550394 1.405367 -0.550220
vt 1.322483 1.435753
vn -0.401511 0.445802 0.800031
v -0.014197 1.607546 -0.566338
vt 1.127066 1.641423
vn 0.180903 -0.395635 0.900415
v -0.001493 1.605617 -0.571196
vt 1.132647 1.640309
vn 0.162168 -0.373307 0.913424
v 0.110217 1.473969 -0.629329
vt 1.962940 1.152507
vn -0.028918 -0.737159 0.675100
v 0.222072 1.454291 -0.642983
vt 1.939415 1.150720
vn -0.091334 -0.789221 0.607280
v 0.098926 1.487809 -0.676404
vt 1.963884 1.162697
vn -0.173280 -0.956683 -0.233947
v 0.209822 1.466623 -0.686262
vt 1.940815 1.160182
vn -0.225989 -0.946705 -0.229519
v 0.328390 1.425326 -0.655870
vt 1.916470 1.149916
vn -0.097240 -0.703687 0.703825
v 0.437419 1.394518 -0.669077
vt 1.892876 1.149261
vn -0.254441 -0.910396 0.326248
v 0.320008 1.440220 -0.697157
vt 1.917531 1.158844
vn -0.277883 -0.927992 -0.248217
v 0.427988 1.408687 -0.709179
vt 1.894535 1.157983
vn -0.320204 -0.912202 -0.255650
v 0.643240 1.315627 -0.695085
vt 1.846957 1.150811
vn -0.249821 -0.719651 0.647836
v 0.741460 1.270374 -0.707631
vt 1.824334 1.152446
vn -0.290247 -0.742137 0.604143
v 0.637044 1.328928 -0.735611
vt 1.848642 1.159380
vn -0.411400 -0.883022 -0.225882
v 0.737240 1.281961 -0.748535
vt 1.825835 1.160947
vn -0.455090 -0.869293 -0.192932
v 0.904319 1.186495 -0.771536
vt 1.788151 1.166095
vn -0.675594 -0.712972 -0.187732
v 0.920971 1.159356 -0.732591
vt 1.779453 1.159455
vn -0.245128 -0.334832 0.909835
v 0.918413 1.169640 -0.776399
vt 1.783713 1.167747
vn -0.876186 -0.470696 -0.103652
v 0.938340 1.110667 -0.738732
vt 1.770193 1.165173
vn -0.377813 -0.294506 0.877795
v 0.871666 1.203254 -0.724286
vt 1.793606 1.155398
vn -0.265908 -0.611917 0.744883
v 0.856466 1.218562 -0.763168
vt 1.798613 1.163506
vn -0.476398 -0.862073 -0.172844
v 0.469775 1.499502 -0.643150
vt 1.894197 1.126476
vn 0.058399 -0.273036 0.960229
v 0.487541 1.435737 -0.661163
vt 1.885973 1.137832
vn 0.045991 -0.239533 0.969798
v 0.355083 1.535191 -0.624676
vt 1.918837 1.126465
vn 0.055300 -0.284135 0.957188
v 0.706060 1.340118 -0.680169
vt 1.836967 1.140961
vn 0.041568 -0.175414 0.983617
v 0.891124 1.248823 -0.705164
vt 1.794241 1.144513
vn 0.026472 -0.155921 0.987415
v 0.995658 1.262531 -0.717145
vt 1.777223 1.131814
vn 0.100989 0.051062 0.993576
v 0.991601 1.196390 -0.712499
vt 1.771282 1.144076
vn -0.039525 -0.115633 0.992505
v 0.896169 1.315098 -0.707788
vt 1.799153 1.131662
vn 0.136275 0.037376 0.989966
v -0.025407 1.609606 -0.557744
vt 1.125280 1.639851
vn 0.538521 -0.602354 0.589207
v -0.034562 1.611901 -0.543358
vt 1.123219 1.637730
vn 0.785474 -0.554024 0.275841
v 0.686527 1.415467 -0.677910
vt 1.846416 1.128282
vn 0.085297 -0.070318 0.993871
v 0.579452 1.459527 -0.660808
vt 1.870196 1.127005
vn 0.074490 -0.093622 0.992817
v -0.176877 0.542867 -0.858199
vt 1.346033 1.558631
vn -0.945106 -0.068682 -0.319464
v -0.202393 0.811452 -0.845032
vt 1.291248 1.558458
vn -0.949951 -0.072282 -0.303922
v -0.225733 1.015990 -0.817887
vt 1.249328 1.558882
vn -0.950142 -0.060175 -0.305955
v -0.248472 1.195251 -0.778839
vt 1.212149 1.559505
vn -0.947634 -0.047860 -0.315751
v -0.275514 1.363750 -0.721805
vt 1.176655 1.558367
vn -0.946639 -0.030663 -0.320835
v -0.118582 1.412019 -0.666026
vt 1.166714 1.615767
vn 0.886365 -0.185235 0.424317
v -0.127520 1.408808 -0.710127
vt 1.172445 1.623485
vn 0.942693 0.236914 -0.234950
v -0.130592 1.438702 -0.697696
vt 1.167849 1.624070
vn 0.940134 0.036122 -0.338884
v 0.240822 1.563785 -0.607805
vt 1.942904 1.127063
vn 0.066474 -0.315504 0.946593
v -0.159743 0.542423 -0.873355
vt 1.346207 1.553909
vn -0.679640 -0.027066 -0.733047
v -1.524684 1.416275 -0.531869
vt 1.329226 1.438640
vn -0.745804 -0.138334 0.651644
v -0.751874 0.366425 -0.871952
vt 1.168488 1.696733
vn 0.093611 0.237652 -0.966829
v -0.186835 0.816055 -0.860223
vt 1.290854 1.553903
vn -0.684759 -0.007982 -0.728725
v -0.208698 1.019583 -0.833771
vt 1.249580 1.554017
vn -0.682934 0.045274 -0.729075
v -0.232031 1.196746 -0.792833
vt 1.213243 1.555151
vn -0.664113 0.106690 -0.739981
v -0.257672 1.365199 -0.737466
vt 1.178608 1.553834
vn -0.652348 0.180987 -0.735993
v -0.286750 1.514624 -0.661673
vt 1.147449 1.551077
vn -0.648990 0.302446 -0.698097
v -0.291203 1.576307 -0.612079
vt 1.134541 1.547791
vn -0.680441 0.547870 -0.486661
v 0.788309 0.643989 0.000000
vt 1.317090 1.074170
vn -0.332613 0.943063 0.000019
v 0.829061 0.706319 0.000000
vt 1.304279 1.080113
vn -0.948160 0.317711 -0.007285
v 0.825998 0.700364 -0.173000
vt 1.292401 1.049837
vn -0.500317 0.182986 -0.846286
v 0.120297 1.587963 -0.590651
vt 1.968114 1.128667
vn 0.071297 -0.327146 0.942280
v -0.001493 1.605617 -0.571196
vt 1.993571 1.130376
vn 0.162168 -0.373307 0.913424
v 0.025261 1.601859 -0.577800
vt 1.987871 1.130094
vn 0.083396 -0.333315 0.939120
v -0.018070 1.491193 -0.613670
vt 1.990051 1.154114
vn 0.009099 -0.715946 0.698096
v 0.792003 1.367110 -0.694318
vt 1.822716 1.129725
vn 0.149092 0.031188 0.988331
v 1.094788 1.207834 -0.721240
vt 1.754651 1.130656
vn 0.065076 0.090363 0.993780
v 1.198832 1.148701 -0.716038
vt 1.730048 1.130439
vn -0.119826 0.290673 0.949290
v 1.214263 1.141047 -0.708629
vt 1.726923 1.130620
vn -0.204314 0.436289 0.876304
v 1.173245 1.135666 -0.715514
vt 1.732676 1.134434
vn -0.069324 0.202256 0.976876
v 1.139663 1.132431 -0.716687
vt 1.738403 1.138040
vn 0.059286 0.096285 0.993587
v 1.175259 1.161656 -0.720488
vt 1.735434 1.130128
vn -0.034130 0.161095 0.986349
v 1.154231 1.173876 -0.720837
vt 1.740703 1.129823
vn 0.061967 0.093099 0.993727
v 1.106903 1.126777 -0.714284
vt 1.743484 1.142663
vn 0.013379 0.014696 0.999802
v 0.936899 1.135198 -0.785118
vt 1.777314 1.172513
vn -0.925020 -0.341119 -0.167257
v 0.930168 1.150362 -0.781397
vt 1.780068 1.170349
vn -0.871755 -0.430580 -0.233760
v -0.410600 0.356593 -0.869562
vt 1.779634 1.348996
vn 0.005742 0.503825 -0.863787
v -0.443428 0.356600 -0.869730
vt 1.772977 1.348870
vn 0.082015 0.246125 -0.965762
v -0.415779 0.342834 -0.872017
vt 1.778354 1.351870
vn 0.006329 0.174049 -0.984717
v -0.346877 0.393073 -0.863156
vt 1.792889 1.341631
vn -0.110508 0.065087 -0.991742
v -0.344944 0.356578 -0.869226
vt 1.792842 1.349266
vn -0.061405 0.216274 -0.974400
v -0.410149 0.392897 -0.863184
vt 1.779884 1.341455
vn 0.002074 -0.720767 -0.693175
v -0.441785 0.392580 -0.855255
vt 1.925705 1.296057
vn 0.554685 -0.749104 -0.362172
v -0.441785 0.392810 -0.863198
vt 1.924167 1.296230
vn 0.164218 0.046502 -0.985327
v -0.443428 0.355740 -0.861787
vt 1.925428 1.303351
vn 0.506490 0.804108 -0.311254
v -0.443428 0.356600 -0.869730
vt 1.923875 1.303401
vn 0.082015 0.246125 -0.965762
v -0.346216 0.380723 -0.838437
vt 1.952974 1.297512
vn -0.624319 -0.691997 -0.362444
v -0.346223 0.379610 -0.831266
vt 1.951572 1.297564
vn -0.186476 -0.324664 -0.927265
v -0.345537 0.367509 -0.840460
vt 1.953224 1.300143
vn -0.630117 0.720791 -0.288812
v -0.345568 0.366395 -0.833289
vt 1.951815 1.300354
vn -0.197505 0.599906 -0.775309
v -0.442316 0.380662 -0.838615
vt 1.930653 1.296279
vn 0.624310 -0.690653 -0.365014
v -0.410283 0.380718 -0.838550
vt 1.936560 1.296135
vn 0.412557 -0.799302 -0.436936
v -0.441785 0.392580 -0.855255
vt 1.931092 1.291957
vn 0.554685 -0.749104 -0.362172
v -0.410149 0.392668 -0.855241
vt 1.937531 1.291816
vn 0.044578 -0.978246 -0.202601
v -0.378513 0.392985 -0.863170
vt 1.786386 1.341543
vn 0.002074 -0.720809 -0.693131
v -0.378249 0.380667 -0.838502
vt 1.945664 1.295976
vn -0.406273 -0.801491 -0.438810
v -0.346216 0.380723 -0.838437
vt 1.951549 1.296017
vn -0.624319 -0.691997 -0.362444
v -0.378513 0.392755 -0.855227
vt 1.944500 1.291844
vn -0.039573 -0.978062 -0.204523
v -0.346877 0.392843 -0.855213
vt 1.950963 1.291681
vn -0.548183 -0.752531 -0.364955
v -0.377772 0.356585 -0.869394
vt 1.786239 1.349131
vn 0.005620 0.506097 -0.862458
v -0.349249 0.343445 -0.871445
vt 1.791748 1.352008
vn 0.006326 0.165539 -0.986183
v -0.410149 0.391749 -0.823471
vt 1.938452 1.296734
vn 0.149089 -0.796854 -0.585489
v -0.378513 0.391837 -0.823457
vt 1.943749 1.296540
vn -0.144592 -0.797380 -0.585900
v -0.410374 0.372021 -0.826660
vt 1.937869 1.299350
vn 0.077027 0.156434 -0.984680
v -0.378142 0.372061 -0.826569
vt 1.944440 1.298997
vn -0.071924 0.155879 -0.985154
v -0.410600 0.355733 -0.861619
vt 1.937653 1.306991
vn 0.048125 0.994103 -0.097171
v -0.377772 0.355726 -0.861451
vt 1.944856 1.307042
vn -0.046933 0.994334 -0.095375
v -0.410600 0.352295 -0.829854
vt 1.938499 1.301972
vn 0.177530 0.894707 -0.409857
v -0.377772 0.352287 -0.829686
vt 1.943912 1.301789
vn -0.174049 0.894638 -0.411497
v -0.344944 0.355718 -0.861283
vt 1.951542 1.306840
vn -0.510166 0.801207 -0.312726
v -0.377968 0.367485 -0.840576
vt 1.945966 1.301961
vn -0.402215 0.854507 -0.328696
v -0.345537 0.367509 -0.840460
vt 1.951827 1.301960
vn -0.630117 0.720791 -0.288812
v -0.443428 0.355740 -0.861787
vt 1.930975 1.307077
vn 0.506490 0.804108 -0.311254
v -0.442829 0.367541 -0.840793
vt 1.930551 1.302210
vn 0.624227 0.726048 -0.288434
v -0.410399 0.367566 -0.840676
vt 1.936417 1.302112
vn 0.404514 0.854586 -0.325657
v -0.377999 0.366371 -0.833406
vt 1.945542 1.300510
vn -0.661832 0.445693 -0.602774
v -0.378256 0.379554 -0.831331
vt 1.945417 1.297498
vn -0.619540 -0.277166 -0.734404
v -0.442860 0.366369 -0.833631
vt 1.930556 1.300650
vn 0.200011 0.607344 -0.768849
v -0.410429 0.366394 -0.833515
vt 1.936799 1.300689
vn 0.667383 0.451606 -0.592159
v -0.442322 0.379489 -0.831454
vt 1.930660 1.297862
vn 0.192391 -0.318338 -0.928249
v -0.410289 0.379545 -0.831389
vt 1.936850 1.297691
vn 0.621050 -0.265718 -0.737354
v -0.377772 0.356585 -0.869394
vt 1.944838 1.308591
vn 0.005620 0.506097 -0.862458
v -0.344944 0.356578 -0.869226
vt 1.951546 1.308401
vn -0.061405 0.216274 -0.974400
v -0.410600 0.356593 -0.869562
vt 1.937676 1.308546
vn 0.005742 0.503825 -0.863787
v -0.443428 0.356600 -0.869730
vt 1.931017 1.308634
vn 0.082015 0.246125 -0.965762
v -0.410149 0.392897 -0.863184
vt 1.937545 1.290271
vn 0.002074 -0.720767 -0.693175
v -0.441785 0.392810 -0.863198
vt 1.931095 1.290406
vn 0.164218 0.046502 -0.985327
v -0.378513 0.392985 -0.863170
vt 1.944456 1.290298
vn 0.002074 -0.720809 -0.693131
v -0.346877 0.393073 -0.863156
vt 1.950891 1.290135
vn -0.110508 0.065087 -0.991742
v -0.346877 0.392843 -0.855213
vt 1.956322 1.295320
vn -0.548183 -0.752531 -0.364955
v -0.344944 0.355718 -0.861283
vt 1.957187 1.302602
vn -0.510166 0.801207 -0.312726
v -0.346877 0.393073 -0.863156
vt 1.957866 1.295339
vn -0.110508 0.065087 -0.991742
v -0.344944 0.356578 -0.869226
vt 1.958739 1.302497
vn -0.061405 0.216274 -0.974400
v -0.442316 0.380662 -0.838615
vt 1.929240 1.297900
vn 0.624310 -0.690653 -0.365014
v -0.442829 0.367541 -0.840793
vt 1.929154 1.300517
vn 0.624227 0.726048 -0.288434
v -0.017395 1.504234 -0.666968
vt 1.987974 1.165357
vn -0.120670 -0.961180 -0.248139
v 0.541073 1.357003 -0.682056
vt 1.869899 1.149735
vn -0.218332 -0.710342 0.669138
v 0.534202 1.371097 -0.722589
vt 1.871363 1.158372
vn -0.371298 -0.896577 -0.241429
v 0.884515 1.202250 -0.767692
vt 1.792649 1.164742
vn -0.636988 -0.747489 -0.188432
v 0.953999 1.066908 -0.744061
vt 1.761858 1.170275
vn -0.983267 -0.148472 -0.105558
v 0.947437 1.111400 -0.790488
vt 1.771587 1.176670
vn -0.929059 -0.329870 -0.167438
v 0.956022 1.087448 -0.794295
vt 1.768813 1.178310
vn -0.984902 -0.142693 -0.098015
v 0.957440 1.069198 -0.821141
vt 1.767440 1.184696
vn -0.992879 0.084069 -0.084406
v -1.464963 1.235523 -0.741232
vt 1.349440 1.389481
vn -0.598017 0.720743 0.350578
v -1.472291 1.233543 -0.741032
vt 1.348764 1.388780
vn -0.037531 0.962585 0.268369
v -1.548603 1.242902 -0.729482
vt 1.337313 1.386978
vn 0.140380 0.951529 0.273654
v -1.640256 1.266840 -0.710423
vt 1.322165 1.387815
vn 0.175980 0.905607 0.385885
v -1.453590 1.258729 -0.735375
vt 1.350901 1.392716
vn -0.936549 -0.041628 0.348056
v -1.451109 1.360855 -0.699832
vt 1.351297 1.407565
vn -0.166126 -0.973548 0.156867
v -1.445986 1.358064 -0.701451
vt 1.352052 1.406765
vn -0.473211 -0.855584 0.209875
v -1.489600 1.354339 -0.697984
vt 1.344889 1.406879
vn 0.255895 -0.955445 0.147111
v -1.633085 1.313205 -0.695601
vt 1.321545 1.396066
vn 0.354086 -0.928521 0.111674
v -1.665905 1.301459 -0.695383
vt 1.316185 1.393335
vn 0.357854 -0.928790 0.096380
v 0.385981 0.657418 0.000000
vt 1.399914 1.068035
vn -0.100913 0.994895 0.000017
v 0.178443 0.625630 -0.089293
vt 1.440645 1.042284
vn -0.162111 0.986443 0.025493
v 0.182272 0.625912 0.000000
vt 1.442924 1.061005
vn -0.162110 0.986773 0.000018
v 0.385249 0.660767 -0.077766
vt 1.390360 1.060858
vn -0.110717 0.993604 0.022192
v 0.577116 0.662603 -0.080372
vt 1.358172 1.063113
vn 0.051204 0.998661 -0.007373
v 0.385981 0.657418 0.000000
vt 1.392027 1.069762
vn -0.100913 0.994895 0.000017
v 0.577668 0.663176 0.000000
vt 1.359840 1.072504
vn 0.043578 0.999050 0.000048
v 0.790457 0.640376 -0.086789
vt 1.322782 1.064132
vn -0.391645 0.919708 -0.027394
v 0.788309 0.643989 0.000000
vt 1.326677 1.074608
vn -0.332613 0.943063 0.000019
v -0.164525 0.775404 0.096817
vt 1.219707 2.134016
vn -0.062017 -0.098422 0.993210
v -0.145708 0.860496 0.095748
vt 1.209688 2.148281
vn -0.021024 0.054584 0.998288
v 0.078417 0.819822 0.102692
vt 1.172128 2.119499
vn 0.006993 0.000200 0.999976
v 0.081544 0.850967 0.097869
vt 1.168631 2.125004
vn -0.021024 0.054584 0.998288
v 0.194155 0.817037 0.101031
vt 1.151320 2.108135
vn 0.013191 -0.046030 0.998853
v 0.202094 0.798688 0.100081
vt 1.151588 2.104033
vn 0.064389 -0.075822 0.995040
v 0.053347 0.710146 0.103329
vt 1.187098 2.101651
vn -0.021510 -0.048613 0.998586
v -0.166761 0.632233 0.060814
vt 1.236576 2.110008
vn -0.138916 -0.170523 0.975512
v -0.105376 0.607342 0.067233
vt 1.227752 2.098862
vn -0.235613 0.001790 0.971845
v -0.008652 0.608517 0.099007
vt 1.208629 2.089367
vn -0.157710 -0.031535 0.986982
v 0.140108 0.696600 0.088806
vt 1.172466 2.090770
vn 0.121590 0.005793 0.992563
v 0.148277 0.613765 0.102403
vt 1.179641 2.074937
vn 0.048297 0.041788 0.997958
v 0.178443 0.625630 0.089293
vt 1.172498 2.074182
vn 0.023783 0.093384 0.995346
v 0.196934 0.544370 0.102668
vt 1.192021 2.071212
vn -0.032505 -0.000614 0.999471
v 0.053483 0.517460 0.100232
vt 1.206385 2.066891
vn -0.055001 -0.058321 0.996782
v -0.040730 0.567721 0.073697
vt 1.219779 2.085155
vn -0.345127 -0.289334 0.892846
v 0.024927 0.498363 0.080220
vt 1.214535 2.066201
vn -0.492531 -0.160142 0.855434
v -0.169525 0.631111 0.018242
vt 1.018307 2.387071
vn -0.392013 -0.917986 0.060237
v -0.108415 0.603196 0.000000
vt 1.022213 2.373343
vn -0.480999 -0.876721 -0.000062
v -0.170116 0.630871 0.000000
vt 1.022049 2.387297
vn -0.409291 -0.912404 -0.000020
v -0.105376 0.607342 0.067233
vt 1.008395 2.372951
vn -0.479304 -0.874425 0.075156
v -0.043897 0.562216 0.000000
vt 1.022579 2.357679
vn -0.656729 -0.754127 -0.000065
v -0.040730 0.567721 0.073697
vt 1.007418 2.357381
vn -0.657079 -0.748507 0.089352
v 0.024927 0.498363 0.080220
vt 1.006948 2.337762
vn -0.889075 -0.452492 0.069255
v 0.018727 0.492652 0.000000
vt 1.023467 2.338511
vn -0.888436 -0.459001 -0.000021
v 0.036517 0.420735 0.000000
vt 1.024918 2.323393
vn -0.995287 0.096969 -0.000017
v 0.036031 0.419797 0.088806
vt 1.006820 2.321401
vn -0.990505 0.128170 0.049724
v 0.024927 0.498363 0.080220
vt 1.407372 2.235648
vn -0.492531 -0.160142 0.855434
v 0.053483 0.517460 0.100232
vt 1.399674 2.238418
vn -0.055001 -0.058321 0.996782
v 0.036031 0.419797 0.088806
vt 1.407016 2.219231
vn -0.107740 0.163798 0.980593
v 0.279386 0.481211 0.103030
vt 1.355303 2.222423
vn -0.078124 0.130584 0.988354
v 0.196934 0.544370 0.102668
vt 1.369606 2.238391
vn -0.032505 -0.000614 0.999471
v 0.178443 0.625630 0.089293
vt 1.370016 2.255810
vn 0.023783 0.093384 0.995346
v 0.148277 0.613765 0.102403
vt 1.376970 2.254271
vn 0.048297 0.041788 0.997958
v 0.385000 0.661908 0.104252
vt 1.327173 2.254090
vn -0.092113 0.052286 0.994375
v 0.576822 0.662299 0.123149
vt 1.355931 2.045847
vn 0.068487 0.997566 0.013124
v 0.385000 0.661908 0.104252
vt 1.396836 2.046588
vn -0.120423 0.992479 -0.021975
v 0.577116 0.662603 0.080372
vt 1.356933 2.053427
vn 0.051191 0.998661 0.007437
v 0.385249 0.660767 0.077766
vt 1.397397 2.050711
vn -0.110736 0.993602 -0.022192
v 0.791996 0.637786 0.148993
vt 1.241340 2.238248
vn -0.262303 0.255453 0.930559
v 0.741201 0.481419 0.148735
vt 1.261006 2.206965
vn -0.085833 0.103774 0.990890
v 0.576822 0.662299 0.123149
vt 1.287811 2.247892
vn -0.099728 0.049698 0.993773
v 0.977036 0.561573 0.168080
vt 1.211231 2.204531
vn -0.045522 0.029469 0.998529
v 1.029845 0.347553 0.180951
vt 1.217399 2.160052
vn -0.660761 0.693472 0.287212
v 0.747204 0.345396 0.164399
vt 1.267784 2.179272
vn -0.004422 0.968162 0.250284
v 0.825998 0.700364 0.173000
vt 1.225957 2.243146
vn -0.614639 0.088992 0.783772
v 1.148712 0.684545 0.160788
vt 1.168407 2.210983
vn -0.929618 -0.200313 0.309331
v 0.791996 0.637786 0.148993
vt 1.307313 2.042607
vn -0.262303 0.255453 0.930559
v 0.790457 0.640376 0.086789
vt 1.311174 2.054459
vn -0.391641 0.919713 0.027310
v 0.765779 0.348327 0.689784
vt 1.127593 2.893878
vn 0.008017 0.994868 -0.100868
v 0.778770 0.346136 0.524615
vt 1.127917 2.921959
vn 0.011923 0.999913 -0.005573
v 0.911411 0.355188 0.669169
vt 1.106073 2.899391
vn -0.413336 0.896196 -0.161200
v 0.916559 0.348654 0.522335
vt 1.105149 2.923287
vn -0.169712 0.982431 -0.077631
v 1.029845 0.347553 0.180951
vt 1.084578 2.982074
vn -0.660761 0.693472 0.287212
v 0.747204 0.345396 0.164399
vt 1.135271 2.982217
vn -0.004422 0.968162 0.250284
v 1.035733 0.350399 0.496567
vt 1.087110 2.931937
vn -0.831708 0.547558 -0.091881
v 1.148712 0.684545 0.160788
vt 1.014862 2.966181
vn -0.929618 -0.200313 0.309331
v 1.154153 0.596164 0.513354
vt 1.046562 2.914724
vn -0.939711 0.336168 -0.062728
v 1.141536 0.593288 0.599924
vt 1.051682 2.901615
vn -0.662545 0.257695 -0.703298
v 0.907328 0.411058 0.687048
vt 1.101446 2.891515
vn -0.496419 0.342868 -0.797502
v 0.846544 0.380372 0.694010
vt 1.115299 2.891049
vn -0.211729 0.542499 -0.812936
v 0.795688 0.377759 0.701266
vt 1.127618 2.888602
vn -0.059136 0.599985 -0.797823
v 0.961057 0.488175 0.677391
vt 1.085761 2.888717
vn -0.504561 0.177195 -0.844997
v 0.975812 0.573823 0.675089
vt 1.072764 2.880790
vn -0.424306 0.027285 -0.905108
v 1.132788 0.767833 0.617696
vt 1.028697 2.885847
vn -0.454472 -0.885384 -0.097725
v 0.982724 0.757980 0.675395
vt 1.045740 2.863321
vn -0.402900 0.029478 -0.914769
v 1.156250 0.739791 0.517692
vt 1.024899 2.904729
vn -0.505621 -0.853837 0.123729
v 0.385742 0.376904 0.702737
vt 1.188599 2.883990
vn 0.046035 0.661149 -0.748841
v 0.192156 0.358767 0.524102
vt 1.224340 2.912417
vn 0.016625 0.999855 -0.003658
v 0.192838 0.359221 0.665953
vt 1.221456 2.888519
vn 0.019617 0.997301 -0.070752
v 0.191476 0.358353 0.129914
vt 1.230961 2.978366
vn -0.007525 0.976366 0.215992
v 0.286434 0.376554 0.694043
vt 1.205219 2.884152
vn 0.062838 0.721442 -0.689618
v -0.746776 0.370147 0.326235
vt 1.383886 2.929011
vn 0.010529 0.999891 -0.010358
v -0.724390 0.375998 0.673873
vt 1.374243 2.871506
vn 0.037998 0.986760 -0.157676
v -0.772137 0.376098 0.647077
vt 1.382652 2.875158
vn 0.093122 0.986048 -0.137975
v -1.010705 0.379310 0.501285
vt 1.424866 2.895379
vn 0.113928 0.982542 -0.147078
v -0.659095 0.378561 0.687194
vt 1.363129 2.870386
vn 0.007904 0.995541 -0.093995
v -0.291149 0.370147 0.310889
vt 1.308319 2.939333
vn 0.023824 0.999709 -0.003652
v -0.737678 0.370147 0.000000
vt 1.387951 2.983469
vn 0.006373 0.999980 0.000046
v -0.291149 0.370147 0.000000
vt 1.313696 2.991152
vn 0.014473 0.999895 0.000046
v -1.005423 0.374820 0.000000
vt 1.432519 2.978913
vn 0.023594 0.999722 0.000016
v 0.016647 0.358147 0.101219
vt 1.260676 2.979843
vn -0.016129 0.996639 0.080311
v 0.005556 0.359105 0.000000
vt 1.264295 2.996474
vn -0.266919 0.963719 -0.000019
v -0.270564 0.370147 0.675501
vt 1.298531 2.878880
vn 0.029519 0.999255 -0.024872
v 0.035950 0.358147 0.522196
vt 1.250264 2.909945
vn 0.024003 0.999707 -0.003087
v 0.016647 0.358147 0.101219
vt 1.413120 2.207137
vn -0.016129 0.996639 0.080311
v 0.191476 0.358353 0.129914
vt 1.377387 2.199790
vn -0.007525 0.976366 0.215992
v 0.043124 0.360473 0.667454
vt 1.246384 2.885860
vn 0.010514 0.964374 -0.264333
v 0.016647 0.358147 0.101219
vt 1.005465 2.307979
vn -0.016129 0.996639 0.080311
v 0.005556 0.359105 0.000000
vt 1.026297 2.309321
vn -0.266919 0.963719 -0.000019
v 0.203574 0.377550 0.679147
vt 1.219303 2.884830
vn 0.062422 0.674776 -0.735378
v 0.136672 0.384296 0.675903
vt 1.230365 2.883143
vn -0.007503 0.328390 -0.944512
v -0.181349 0.387704 0.682679
vt 1.283308 2.877139
vn -0.029729 0.359289 -0.932753
v -0.267320 0.381597 0.691729
vt 1.297716 2.875613
vn -0.019102 0.729965 -0.683217
v -0.792310 0.420413 0.862658
vt 1.155106 2.702411
vn 0.674867 0.592759 0.439535
v -0.807710 0.414168 0.872075
vt 1.156696 2.706107
vn 0.321182 0.261853 0.910096
v -0.835034 0.485120 0.873116
vt 1.144725 2.714900
vn 0.887993 0.390167 0.243387
v -0.441637 0.396061 0.862611
vt 1.773417 2.340693
vn -0.001316 0.991938 0.126720
v -0.441785 0.392809 0.863198
vt 1.773381 2.341368
vn 0.164294 0.046600 0.985310
v -0.483095 0.395935 0.862611
vt 1.764896 2.340580
vn 0.001965 0.682749 0.730651
v -0.698053 0.348687 0.871135
vt 1.721123 2.350842
vn 0.007184 0.183887 0.982921
v -0.696234 0.397773 0.862344
vt 1.721255 2.340618
vn 0.016259 0.703644 0.710366
v -0.482310 0.342223 0.872588
vt 1.764959 2.351730
vn -0.000018 0.179674 0.983726
v -0.751874 0.366425 0.871952
vt 1.710059 2.347872
vn 0.093585 0.237578 0.966850
v -0.749083 0.401787 0.862506
vt 1.710318 2.340433
vn 0.214059 0.768044 0.603562
v -0.785376 0.420944 0.815255
vt 1.148028 2.694481
vn 0.561992 0.825369 -0.054132
v -0.749083 0.401787 0.862506
vt 1.161097 2.694690
vn 0.214059 0.768044 0.603562
v -0.745321 0.404960 0.815561
vt 1.154795 2.688202
vn 0.184476 0.982829 0.004057
v -0.745321 0.404960 0.815561
vt 1.711197 2.330953
vn 0.184476 0.982829 0.004057
v -0.693397 0.401588 0.815851
vt 1.721869 2.331024
vn 0.017472 0.999539 0.024848
v -0.483916 0.401572 0.815743
vt 1.764783 2.330959
vn 0.001372 0.999957 0.009143
v -0.347051 0.396350 0.862611
vt 1.792859 2.340953
vn -0.001420 0.991809 0.127720
v -0.290803 0.401587 0.816395
vt 1.804589 2.331514
vn -0.012317 0.999890 0.008300
v -0.237086 0.358991 0.870612
vt 1.814175 2.350295
vn -0.062015 0.180071 0.981697
v -0.247745 0.400120 0.862581
vt 1.813542 2.341365
vn -0.149623 0.691477 0.706734
v -0.197037 0.387875 0.871475
vt 1.822818 2.347037
vn -0.203933 0.230193 0.951537
v -0.214499 0.411116 0.862272
vt 1.821026 2.341061
vn -0.428122 0.676566 0.599142
v -0.251529 0.403750 0.816199
vt 1.812781 2.331528
vn -0.153811 0.988054 -0.009611
v -0.218093 0.413608 0.815853
vt 1.819969 2.331322
vn -0.374105 0.926993 -0.027014
v -0.289553 0.396526 0.862611
vt 1.804678 2.341110
vn -0.030099 0.612545 0.789862
v -0.282719 0.344056 0.870874
vt 1.805142 2.352147
vn -0.013213 0.162478 0.986624
v -0.187530 0.433881 0.861562
vt 1.828208 2.339744
vn -0.766016 0.456788 0.452289
v -0.190102 0.439203 0.815942
vt 1.827774 2.331021
vn -0.841301 0.539476 -0.034311
v -0.176991 0.483709 0.816231
vt 1.357948 2.566395
vn -0.989673 0.094395 -0.107872
v -0.172328 0.478180 0.860080
vt 1.358301 2.556816
vn -0.926565 0.102584 0.361877
v -0.190102 0.439203 0.815942
vt 1.366508 2.564785
vn -0.841301 0.539476 -0.034311
v -0.187530 0.433881 0.861562
vt 1.367754 2.556134
vn -0.766016 0.456788 0.452289
v -0.170986 0.424343 0.874970
vt 1.830550 2.343637
vn -0.476238 0.234992 0.847335
v -0.170986 0.424343 0.874970
vt 1.368596 2.551440
vn -0.476238 0.234992 0.847335
v -0.157647 0.472856 0.874817
vt 1.358768 2.552429
vn -0.650088 0.088573 0.754680
v -1.311656 1.180573 0.726490
vt 1.418459 2.371668
vn 0.924477 0.110180 0.364968
v -1.308718 1.300574 0.689043
vt 1.411821 2.395999
vn 0.924804 0.110590 0.364015
v -1.289884 1.165674 0.675988
vt 1.406784 2.368490
vn 0.996966 0.013084 0.076731
v -1.286696 1.286645 0.639030
vt 1.400035 2.395848
vn 0.994513 0.012698 0.103841
v -1.305029 1.425141 0.636199
vt 1.410090 2.422345
vn 0.933720 0.163371 0.318556
v -1.283508 1.400975 0.585532
vt 1.397596 2.424111
vn 0.990385 0.062075 0.123630
v -1.309341 1.138341 0.741512
vt 1.421855 2.363807
vn 0.922595 0.211173 0.322838
v -1.288498 1.112578 0.693735
vt 1.411989 2.357044
vn 0.990737 0.126390 0.049655
v -1.299686 1.056623 0.772595
vt 1.430713 2.349234
vn 0.897225 0.314276 0.310190
v -1.276118 1.036501 0.726598
vt 1.421909 2.341896
vn 0.966551 0.254414 -0.032457
v -1.280830 0.983222 0.806502
vt 1.441227 2.337274
vn 0.836893 0.464320 0.289857
v -1.255774 0.969558 0.757828
vt 1.432439 2.329469
vn 0.937241 0.348302 -0.016269
v -1.249703 0.924641 0.833301
vt 1.450622 2.327558
vn 0.656716 0.734108 0.172654
v -1.226302 0.917485 0.780620
vt 1.441592 2.319564
vn 0.664094 0.745194 -0.060533
v -1.159256 0.868374 0.852160
vt 1.463040 2.310769
vn 0.503173 0.857057 0.110771
v -1.156031 0.871296 0.792865
vt 1.452082 2.305179
vn 0.551281 0.830402 -0.080760
v -1.065380 0.811021 0.855621
vt 1.475159 2.292308
vn 0.555169 0.813298 0.174166
v -1.060498 0.820275 0.799221
vt 1.464486 2.286908
vn 0.560024 0.817521 -0.134285
v -1.060498 0.820275 0.799221
vt 1.074422 2.763250
vn 0.560024 0.817521 -0.134285
v -0.969728 0.749567 0.804628
vt 1.092605 2.748673
vn 0.728803 0.643615 -0.233679
v -1.065380 0.811021 0.855621
vt 1.082821 2.771767
vn 0.555169 0.813298 0.174166
v -0.958048 0.722093 0.861256
vt 1.104950 2.753345
vn 0.743212 0.644315 0.180259
v -0.881148 0.610633 0.867824
vt 1.125584 2.734458
vn 0.853889 0.477970 0.205957
v -0.868493 0.613250 0.812612
vt 1.117930 2.725660
vn 0.849984 0.458887 -0.258746
v -0.818447 0.487822 0.814945
vt 1.136775 2.705091
vn 0.889108 0.394316 -0.232385
v -1.305041 1.486470 0.588791
vt 1.410907 2.435462
vn 0.951353 0.246494 0.184844
v -1.282058 1.436280 0.540317
vt 1.395494 2.436061
vn 0.983951 0.137678 0.113516
v -0.311685 1.508410 0.572896
vt 1.134982 2.565834
vn -0.980298 -0.196911 0.015561
v -0.312131 1.557162 0.604296
vt 1.134715 2.553864
vn -0.943295 0.193570 0.269675
v -0.305854 1.482143 0.599601
vt 1.142567 2.566586
vn -0.959389 -0.259087 -0.111562
v -0.303056 1.508739 0.649243
vt 1.145967 2.555234
vn -0.944541 0.025399 0.327411
v -0.144863 0.498771 0.718262
vt 1.357935 2.589731
vn -0.332904 0.104494 -0.937153
v -0.179940 0.545995 0.811817
vt 1.345726 2.568295
vn -0.978798 -0.107691 -0.174233
v -0.206226 0.404761 0.702515
vt 1.821749 2.308017
vn -0.375151 0.713121 -0.592216
v -0.267018 0.398242 0.708236
vt 1.809313 2.309227
vn -0.040830 0.942225 -0.332483
v -0.657066 0.398637 0.706194
vt 1.729198 2.308414
vn 0.017316 0.960605 -0.277378
v -0.717804 0.398952 0.687196
vt 1.716602 2.304855
vn 0.205201 0.957758 -0.201474
v -0.267320 0.381597 0.691729
vt 1.809091 2.304420
vn -0.019102 0.729965 -0.683217
v -0.659095 0.378561 0.687194
vt 1.728930 2.302728
vn 0.007904 0.995541 -0.093995
v -0.181349 0.387704 0.682679
vt 1.826294 2.302192
vn -0.029729 0.359289 -0.932753
v -0.206226 0.404761 0.702515
vt 1.379216 2.580762
vn -0.375151 0.713121 -0.592216
v -0.090456 0.411212 0.683695
vt 1.377808 2.603299
vn 0.015824 0.284028 -0.958685
v -0.218926 1.118595 0.689684
vt 1.223213 2.581784
vn -0.485669 -0.222073 -0.845464
v -0.227937 1.011316 0.770669
vt 1.248518 2.568507
vn -0.981805 -0.130376 -0.138064
v -0.197204 0.895312 0.718468
vt 1.271633 2.582896
vn -0.319290 -0.077183 -0.944509
v -0.205562 0.814352 0.797285
vt 1.289841 2.568166
vn -0.979074 -0.114682 -0.168115
v 0.058048 0.574324 0.739560
vt 1.340695 2.633486
vn 0.360835 0.171837 -0.916662
v 0.005860 0.870181 0.742066
vt 1.282143 2.622242
vn 0.353106 0.104129 -0.929771
v 0.088190 0.477838 0.732500
vt 1.360540 2.641383
vn 0.339712 0.514603 -0.787260
v 0.084552 0.483165 0.802076
vt 1.351243 2.653276
vn 0.851025 0.523390 0.042663
v 0.147476 0.422411 0.801238
vt 1.363144 2.664523
vn 0.543297 0.837708 0.055432
v 0.156098 0.422560 0.722972
vt 1.373740 2.654669
vn 0.470898 0.875059 -0.111918
v 0.049724 0.583418 0.804875
vt 1.333963 2.646014
vn 0.971557 0.220891 0.085342
v 0.140096 0.403190 0.680937
vt 1.380120 2.649200
vn 0.059534 0.513740 -0.855878
v -0.235481 1.218837 0.667751
vt 1.200257 2.580604
vn -0.481767 -0.351938 -0.802521
v -0.249636 1.178014 0.733087
vt 1.212561 2.569479
vn -0.974171 -0.175889 -0.141614
v -0.003058 0.901798 0.766464
vt 1.274145 2.624209
vn 0.663927 0.113138 -0.739190
v -0.045435 1.112645 0.755379
vt 1.230724 2.619088
vn 0.597353 0.018342 -0.801769
v -0.044387 1.069319 0.805981
vt 1.239427 2.629958
vn 0.964242 0.216001 0.153560
v -0.002864 0.867345 0.821284
vt 1.278328 2.637071
vn 0.974752 0.186069 0.123439
v 0.147476 0.422411 0.801238
vt 1.004663 2.040541
vn 0.543297 0.837708 0.055432
v 0.156098 0.422560 0.722972
vt 1.005510 2.024480
vn 0.470898 0.875059 -0.111918
v 0.210154 0.395588 0.798776
vt 1.018526 2.039688
vn 0.191971 0.975390 0.108455
v 0.216315 0.405066 0.725531
vt 1.018390 2.023993
vn 0.171733 0.984595 -0.032862
v 0.140096 0.403190 0.680937
vt 1.002415 2.015019
vn 0.059534 0.513740 -0.855878
v 0.206409 0.396309 0.687490
vt 1.016117 2.015993
vn 0.164919 0.780551 -0.602944
v 0.203574 0.377550 0.679147
vt 1.015965 2.011734
vn 0.062422 0.674776 -0.735378
v 0.136672 0.384296 0.675903
vt 1.002247 2.010955
vn -0.007503 0.328390 -0.944512
v -0.181349 0.387704 0.682679
vt 1.383095 2.585719
vn -0.029729 0.359289 -0.932753
v 0.136672 0.384296 0.675903
vt 1.383987 2.648563
vn -0.007503 0.328390 -0.944512
v 0.836016 0.406254 0.725161
vt 1.146250 2.017919
vn -0.305311 0.933066 -0.190193
v 0.839832 0.395725 0.797662
vt 1.146182 2.033733
vn -0.279707 0.947308 0.156115
v 0.792589 0.401125 0.726418
vt 1.136895 2.018700
vn -0.013218 0.999824 -0.013296
v 0.794730 0.389696 0.798506
vt 1.137602 2.034019
vn -0.009613 0.990854 0.134593
v 0.846544 0.380372 0.694010
vt 1.145691 2.009473
vn -0.211729 0.542499 -0.812936
v 0.795688 0.377759 0.701266
vt 1.136805 2.011703
vn -0.059136 0.599985 -0.797823
v 0.287476 0.390735 0.700031
vt 1.032894 2.017468
vn 0.105709 0.786133 -0.608951
v 0.386006 0.387325 0.706020
vt 1.053185 2.017376
vn 0.014421 0.730706 -0.682540
v 0.294212 0.399741 0.724553
vt 1.034510 2.022771
vn 0.013388 0.996229 0.085725
v 0.286434 0.376554 0.694043
vt 1.032826 2.014300
vn 0.062838 0.721442 -0.689618
v 0.385742 0.376904 0.702737
vt 1.053097 2.015145
vn 0.046035 0.661149 -0.748841
v -0.137217 1.113978 0.709625
vt 1.226623 2.598583
vn 0.330968 -0.077822 -0.940427
v -0.076908 1.241416 0.731870
vt 1.204162 2.616303
vn 0.803592 -0.006217 -0.595148
v -0.081342 1.216899 0.775847
vt 1.210295 2.625199
vn 0.928107 0.288188 0.235721
v -0.123535 1.377966 0.720411
vt 1.177778 2.622469
vn 0.932401 0.272402 0.237540
v -0.108904 1.360044 0.687790
vt 1.178443 2.614732
vn 0.807386 -0.155912 -0.569051
v -0.111381 1.332031 0.738093
vt 1.187632 2.622971
vn 0.910809 0.329309 0.248964
v -0.125537 1.468025 0.684786
vt 1.162637 2.625105
vn 0.905880 -0.141419 0.399227
v -0.107900 1.486624 0.674679
vt 1.160200 2.626953
vn 0.737066 -0.533801 0.414476
v -0.111741 1.445860 0.651667
vt 1.159554 2.618365
vn 0.958093 -0.285736 0.020312
v -0.103090 1.469712 0.640258
vt 1.154282 2.620645
vn 0.708241 -0.691930 -0.140102
v -0.249393 1.343450 0.620722
vt 1.170614 2.580492
vn -0.444526 -0.435038 -0.783032
v -0.176405 1.341105 0.612533
vt 1.172120 2.595094
vn 0.369980 -0.348001 -0.861400
v -0.165574 1.225101 0.681865
vt 1.201381 2.595355
vn 0.402786 -0.230342 -0.885836
v -0.277162 1.346448 0.676099
vt 1.175048 2.568464
vn -0.963417 -0.229478 -0.138447
v -0.282135 1.469900 0.560736
vt 1.139097 2.576312
vn -0.391754 -0.592577 -0.703833
v -0.203958 1.460650 0.570473
vt 1.143740 2.593713
vn 0.154871 -0.500627 -0.851697
v -0.138088 1.464770 0.600604
vt 1.148891 2.609650
vn 0.559768 -0.442628 -0.700529
v 0.295192 0.391584 0.798687
vt 1.035550 2.038265
vn 0.008299 0.991333 0.131114
v 0.908923 0.462152 0.799387
vt 1.164667 2.034588
vn -0.920507 0.357402 0.157898
v 0.879829 0.415414 0.798584
vt 1.154333 2.034242
vn -0.691556 0.702707 0.167189
v 0.893789 0.461030 0.720789
vt 1.164185 2.017312
vn -0.861879 0.351074 -0.365939
v 0.867805 0.422739 0.722975
vt 1.154020 2.017328
vn -0.673021 0.686491 -0.275270
v 0.961057 0.488175 0.677391
vt 1.174737 2.003220
vn -0.504561 0.177195 -0.844997
v 0.907328 0.411058 0.687048
vt 1.157463 2.006803
vn -0.496419 0.342868 -0.797502
v 0.975812 0.573823 0.675089
vt 1.191544 2.003641
vn -0.424306 0.027285 -0.905108
v 0.906982 0.514174 0.714981
vt 1.176115 2.017586
vn -0.944527 0.043990 -0.325475
v 0.982724 0.757980 0.675395
vt 1.228716 2.007646
vn -0.402900 0.029478 -0.914769
v 0.912496 0.758952 0.706367
vt 1.226583 2.023238
vn -0.923250 0.002879 -0.384188
v 0.916174 0.511822 0.800074
vt 1.173969 2.035101
vn -0.994325 0.047486 0.095198
v 0.918725 0.761443 0.801799
vt 1.224452 2.042811
vn -0.995675 0.004386 0.092802
v 0.919819 0.852607 0.797101
vt 1.243145 2.044456
vn -0.986573 0.027597 0.160971
v 0.907967 0.860961 0.738820
vt 1.246451 2.032474
vn -0.986752 0.026296 0.160088
v 0.920019 0.948249 0.749350
vt 1.264004 2.037477
vn -0.951555 0.219987 0.214825
v 0.943830 1.003142 0.746850
vt 1.276091 2.039710
vn -0.958714 0.240096 0.152387
v 0.934938 0.942071 0.814928
vt 1.260973 2.051013
vn -0.949308 0.230272 0.213984
v 0.956858 1.001257 0.822568
vt 1.273299 2.055257
vn -0.960218 0.235295 0.150394
v 0.953056 1.034919 0.745864
vt 1.282730 2.040831
vn -0.992453 0.088573 0.084802
v 0.953999 1.066908 0.744061
vt 1.289215 2.041474
vn -0.983272 -0.148521 0.105439
v 0.957440 1.069197 0.821141
vt 1.286968 2.057027
vn -0.992877 0.084088 0.084407
v -0.969728 0.749567 0.804628
vt 1.456745 2.277449
vn 0.728803 0.643615 -0.233679
v -1.036071 0.762033 0.690382
vt 1.449065 2.268066
vn 0.654918 0.662919 -0.362797
v -1.166899 0.843574 0.680773
vt 1.431324 2.292651
vn 0.561690 0.797074 -0.221758
v -1.260184 0.927494 0.671226
vt 1.416824 2.315717
vn 0.825597 0.421314 -0.375346
v -1.313571 1.098386 0.609362
vt 1.394072 2.351708
vn 0.843274 0.114449 -0.525157
v -1.328887 0.921523 0.553983
vt 1.388502 2.309636
vn 0.389751 0.185924 -0.901957
v -1.366475 1.100247 0.555467
vt 1.378726 2.349119
vn 0.440261 0.103439 -0.891892
v -1.049919 0.755287 0.631032
vt 1.435634 2.265701
vn 0.648197 0.660199 -0.379445
v -1.038411 0.585206 0.616879
vt 1.070747 2.699728
vn 0.660326 0.505527 -0.555349
v -1.036071 0.762033 0.690382
vt 1.067403 2.739267
vn 0.654918 0.662919 -0.362797
v -1.049919 0.755287 0.631032
vt 1.056367 2.720111
vn 0.648197 0.660199 -0.379445
v -0.923755 0.601626 0.715993
vt 1.099234 2.712481
vn 0.728639 0.399145 -0.556568
v -0.870301 0.462871 0.698042
vt 1.116327 2.685917
vn 0.675201 0.646180 -0.355745
v -1.032668 0.557115 0.574324
vt 1.068543 2.689425
vn 0.623019 0.653844 -0.429344
v -0.861200 0.440122 0.636722
vt 1.111432 2.672587
vn 0.565605 0.730054 -0.383552
v -0.770964 0.409965 0.670384
vt 1.132192 2.667848
vn 0.433599 0.864593 -0.253912
v -0.717804 0.398952 0.687196
vt 1.143377 2.664248
vn 0.205201 0.957758 -0.201474
v -0.874268 0.414412 0.606752
vt 1.106853 2.664830
vn 0.513123 0.444910 -0.734003
v -1.042366 0.534861 0.549626
vt 1.065390 2.683042
vn 0.545226 0.415852 -0.727870
v -0.772137 0.376098 0.647077
vt 1.130167 2.659736
vn 0.093122 0.986048 -0.137975
v -0.724390 0.375998 0.673873
vt 1.140895 2.659423
vn 0.037998 0.986760 -0.157676
v -1.477684 0.918198 0.518707
vt 1.356635 2.306506
vn -0.025624 0.084500 -0.996094
v -1.258594 0.751890 0.538773
vt 1.398504 2.271653
vn 0.289459 0.186238 -0.938898
v -1.468437 0.746898 0.503754
vt 1.357878 2.270636
vn -0.038923 0.160070 -0.986338
v -1.493670 1.105776 0.535847
vt 1.350858 2.345595
vn 0.008531 0.121633 -0.992539
v -1.377412 1.158621 0.567071
vt 1.376360 2.362431
vn 0.303219 0.151439 -0.940810
v -1.313722 1.159650 0.601615
vt 1.390841 2.366583
vn 0.814354 -0.018411 -0.580077
v -1.591917 1.156834 0.551946
vt 1.328478 2.353243
vn 0.078575 -0.088202 -0.992999
v -1.544285 1.105043 0.544541
vt 1.339661 2.344100
vn -0.378474 -0.006198 -0.925591
v -1.567121 0.917241 0.559531
vt 1.336206 2.304564
vn -0.145125 0.057469 -0.987743
v -1.602278 0.755547 0.566120
vt 1.328657 2.270689
vn -0.131509 0.231790 -0.963835
v -1.612925 1.098835 0.590346
vt 1.323080 2.338802
vn -0.077404 0.023379 -0.996726
v -1.741600 0.734086 0.496603
vt 1.540239 2.520408
vn -0.003711 0.999823 -0.018417
v -1.468437 0.746898 0.503754
vt 1.484209 2.518648
vn -0.038923 0.160070 -0.986338
v -1.602278 0.755547 0.566120
vt 1.511618 2.505659
vn -0.131509 0.231790 -0.963835
v -2.048268 0.742428 0.579480
vt 1.603161 2.503640
vn 0.046314 0.221527 -0.974054
v -2.066697 0.742220 0.529056
vt 1.606906 2.513995
vn 0.018317 0.999203 -0.035461
v -2.048018 0.838775 0.593284
vt 1.235689 2.284466
vn 0.067027 0.020025 -0.997550
v -2.048268 0.742428 0.579480
vt 1.235144 2.264570
vn 0.046314 0.221527 -0.974054
v -2.031037 0.969330 0.592702
vt 1.239016 2.310555
vn 0.106025 0.013219 -0.994276
v -1.973554 1.098262 0.591512
vt 1.250225 2.335647
vn 0.039488 -0.112733 -0.992840
v -2.068597 0.852240 0.539831
vt 1.223773 2.287541
vn 0.434900 0.007912 -0.900444
v -2.049525 0.974715 0.541452
vt 1.228792 2.314031
vn 0.503395 -0.149834 -0.850966
v -2.066697 0.742220 0.529056
vt 1.223829 2.264290
vn 0.018317 0.999203 -0.035461
v -2.140469 0.981240 0.535972
vt 1.210259 2.315517
vn -0.012989 -0.002883 -0.999911
v -2.161074 0.850861 0.534059
vt 1.204171 2.287644
vn 0.012532 0.058611 -0.998202
v -2.163365 0.738320 0.524400
vt 1.203985 2.263950
vn 0.060899 0.535494 -0.842340
v -1.988968 1.102377 0.543278
vt 1.242781 2.342366
vn 0.258975 -0.608636 -0.749996
v -2.083997 1.106356 0.528972
vt 1.222610 2.342412
vn 0.026469 -0.067122 -0.997394
v -2.108445 1.052190 0.532002
vt 1.217295 2.330670
vn 0.029182 -0.044231 -0.998595
v -2.138816 1.144485 0.534502
vt 1.211248 2.349836
vn -0.103207 0.041269 -0.993803
v -2.171268 1.099458 0.535123
vt 1.204584 2.340245
vn -0.072463 -0.012986 -0.997286
v -2.237120 0.864714 0.540608
vt 1.189068 2.292162
vn -0.039826 0.067286 -0.996939
v -2.205480 1.007869 0.540377
vt 1.197180 2.321094
vn -0.072720 0.000392 -0.997352
v -2.250639 0.796056 0.526844
vt 1.183951 2.279119
vn 0.052937 0.192119 -0.979943
v -2.284631 0.745480 0.459820
vt 1.172988 2.264483
vn 0.111926 0.980854 -0.159368
v -2.189738 0.740022 0.447307
vt 1.190945 2.256575
vn 0.011109 0.999411 -0.032483
v -2.265041 0.764186 0.502955
vt 1.179830 2.272506
vn 0.198639 0.920958 -0.335231
v -2.302001 0.738506 0.387267
vt 1.655025 2.543273
vn -0.000219 0.999687 -0.025007
v -2.189738 0.740022 0.447307
vt 1.632061 2.530865
vn 0.011109 0.999411 -0.032483
v -2.284631 0.745480 0.459820
vt 1.651547 2.528310
vn 0.111926 0.980854 -0.159368
v -1.750254 0.745234 0.000000
vt 1.541537 2.622166
vn -0.000107 1.000000 0.000015
v -2.339008 0.736861 0.000000
vt 1.662279 2.622705
vn -0.002509 0.999997 -0.000015
v -2.339278 0.736856 0.000000
vt 1.662334 2.622705
vn -0.005909 0.999983 0.000015
v -2.341664 0.736800 0.000000
vt 1.662825 2.622707
vn 0.011498 0.999934 0.000015
v -2.338937 0.738182 0.119646
vt 1.662363 2.598174
vn 0.009805 0.999899 -0.010288
v -2.330335 0.738269 0.215442
vt 1.660684 2.578526
vn -0.012813 0.999918 0.000201
v -2.317290 0.738437 0.306836
vt 1.658089 2.559776
vn -0.012721 0.999919 0.000294
v -2.163365 0.738320 0.524400
vt 1.626735 2.515028
vn 0.060899 0.535494 -0.842340
v -1.856005 1.105070 0.540642
vt 1.271559 2.347972
vn 0.041377 -0.787097 -0.615440
v -1.613667 1.105862 0.561266
vt 1.323530 2.344249
vn 0.063880 -0.464087 -0.883483
v -1.855600 1.158671 0.520751
vt 1.270422 2.359734
vn 0.063363 -0.199897 -0.977766
v -1.990317 1.159996 0.515146
vt 1.241817 2.355778
vn -0.030288 -0.110561 -0.993408
v -2.062547 1.164450 0.524766
vt 1.226873 2.354897
vn -0.097474 -0.009078 -0.995197
v -2.068483 1.200153 0.535792
vt 1.224958 2.362508
vn -0.141813 0.181658 -0.973083
v -1.670566 1.281549 0.701539
vt 1.316491 2.388738
vn 0.454807 0.673542 -0.582659
v -1.675187 1.287158 0.699000
vt 1.315337 2.389375
vn 0.456928 0.653591 -0.603353
v -1.763904 1.216967 0.550036
vt 1.290545 2.370860
vn 0.215521 0.775335 -0.593638
v -1.811573 1.238038 0.548079
vt 1.280334 2.377984
vn 0.553923 0.033305 -0.831902
v -1.654195 1.272133 0.706837
vt 1.319706 2.388092
vn 0.170831 0.896110 -0.409639
v -1.580717 1.249261 0.723583
vt 1.332356 2.386667
vn 0.160240 0.944929 -0.285363
v -1.607629 1.256221 0.718018
vt 1.327809 2.387179
vn 0.329934 0.898600 -0.289243
v -1.586244 1.201251 0.571695
vt 1.329611 2.362929
vn 0.133438 0.888593 -0.438857
v -1.508659 1.199311 0.588637
vt 1.346868 2.367896
vn 0.104408 0.929338 -0.354161
v -1.431075 1.197372 0.605580
vt 1.364124 2.372863
vn -0.036929 0.916289 -0.398811
v -1.505332 1.236930 0.736343
vt 1.343724 2.387899
vn 0.117108 0.963633 -0.240203
v -1.484380 1.233963 0.739569
vt 1.346828 2.388345
vn 0.094118 0.966784 -0.237634
v -1.813193 1.195103 0.525896
vt 1.279266 2.366612
vn 0.130732 0.110003 -0.985296
v -1.593580 1.183557 0.548773
vt 1.327814 2.358041
vn 0.118834 0.398654 -0.909370
v -1.392327 1.182058 0.571285
vt 1.372841 2.366969
vn 0.099443 0.379037 -0.920023
v -1.382105 1.216809 0.602901
vt 1.374975 2.380105
vn -0.285473 -0.048873 -0.957140
v -1.404552 1.229910 0.617784
vt 1.369578 2.382874
vn -0.871285 0.038469 -0.489268
v -1.459616 1.239979 0.740459
vt 1.350082 2.390149
vn -0.672325 0.648567 -0.356848
v -1.456097 1.246461 0.738861
vt 1.350578 2.391006
vn -0.891705 0.198451 -0.406793
v -1.337915 1.190079 0.587549
vt 1.384002 2.373038
vn 0.271837 0.180599 -0.945245
v -1.343683 1.223918 0.595613
vt 1.382597 2.382382
vn 0.133492 -0.148705 -0.979830
v -1.869505 1.229072 0.523765
vt 1.266217 2.374090
vn 0.059732 0.070730 -0.995705
v -1.962607 1.239831 0.523331
vt 1.246102 2.372926
vn -0.076503 0.213769 -0.973884
v -1.980503 1.251554 0.538429
vt 1.241341 2.375646
vn -0.213531 0.356970 -0.909383
v -1.766649 1.278090 0.546517
vt 1.285700 2.391011
vn 0.396166 -0.721032 -0.568476
v -1.671127 1.297654 0.695967
vt 1.315424 2.392652
vn 0.621629 -0.721193 -0.305708
v -1.675187 1.292901 0.697034
vt 1.314999 2.391658
vn 0.650476 -0.677609 -0.343114
v -1.561334 1.335912 0.696500
vt 1.333118 2.401962
vn 0.279172 -0.950388 -0.137209
v -1.576181 1.353012 0.547868
vt 1.320534 2.424596
vn 0.303762 -0.874818 -0.377388
v -1.597076 1.324699 0.696153
vt 1.327357 2.399027
vn 0.348763 -0.929991 -0.116105
v -1.460308 1.360830 0.698816
vt 1.350382 2.408537
vn 0.123985 -0.983880 -0.128873
v -1.419436 1.383609 0.525151
vt 1.360466 2.431767
vn 0.032667 -0.966097 -0.256105
v -1.508643 1.375989 0.530645
vt 1.336862 2.432846
vn 0.097485 -0.963531 -0.249210
v -1.797705 1.308789 0.531980
vt 1.277266 2.394377
vn -0.014523 0.217290 -0.975999
v -1.583195 1.377381 0.541695
vt 1.317400 2.428465
vn -0.030310 0.171574 -0.984705
v -1.803217 1.326157 0.547556
vt 1.274454 2.398479
vn -0.181310 0.629304 -0.755714
v -1.551872 1.386058 0.537073
vt 1.324792 2.431815
vn -0.276818 0.082282 -0.957393
v -1.519256 1.397065 0.528691
vt 1.332591 2.435781
vn -0.614640 -0.211366 -0.759962
v -1.525523 1.345654 0.697153
vt 1.338936 2.404565
vn 0.267200 -0.952750 -0.144468
v -1.441843 1.345886 0.706486
vt 1.353197 2.404925
vn -0.952202 -0.019162 -0.304866
v -1.398758 1.364030 0.570742
vt 1.365849 2.420580
vn -0.791442 -0.378652 -0.479835
v -1.442978 1.352358 0.703930
vt 1.352848 2.405919
vn -0.577559 -0.779773 -0.241618
v -1.445434 1.318825 0.716243
vt 1.352478 2.401103
vn -0.938599 -0.046197 -0.341903
v -1.373067 1.364355 0.552316
vt 1.372211 2.422330
vn -0.182753 -0.453155 -0.872498
v -1.338198 1.369383 0.550144
vt 1.379965 2.423131
vn 0.195465 -0.424808 -0.883930
v -1.334882 1.401127 0.520128
vt 1.379873 2.434025
vn 0.263654 -0.894912 -0.360027
v -1.297113 1.390429 0.553011
vt 1.389467 2.426572
vn 0.713089 -0.357822 -0.602882
v -1.293459 1.418124 0.520916
vt 1.389294 2.436976
vn 0.669469 -0.697206 -0.256351
v -1.297089 1.261259 0.605368
vt 1.391960 2.391984
vn 0.774833 -0.213216 -0.595124
v -0.080668 1.484303 0.630024
vt 1.150385 2.624866
vn 0.492972 -0.816000 -0.301864
v -0.080907 1.501365 0.667430
vt 1.156648 2.630249
vn 0.383379 -0.842523 0.378385
v -0.018070 1.491193 0.613670
vt 1.145439 2.637598
vn 0.008990 -0.715957 -0.698087
v -0.051727 1.489960 0.621971
vt 1.148110 2.631307
vn -0.014872 -0.968963 -0.246757
v -0.017395 1.504234 0.666969
vt 1.151993 2.640269
vn -0.120730 -0.961193 0.248056
v -0.048876 1.505046 0.665053
vt 1.154480 2.635117
vn 0.105971 -0.943420 0.314210
v -0.063497 1.550681 0.583169
vt 1.134930 2.629378
vn 0.437055 -0.591435 -0.677633
v -1.010705 0.379310 0.501285
vt 1.072943 2.649971
vn 0.113928 0.982542 -0.147078
v -0.724390 0.375998 0.673873
vt 1.715860 2.299299
vn 0.037998 0.986760 -0.157676
v -1.584872 1.394790 0.556989
vt 1.314882 2.432418
vn -0.187847 0.627884 -0.755298
v -1.550394 1.405366 0.550221
vt 1.322483 2.435753
vn -0.401537 0.445778 -0.800032
v -0.001493 1.605617 0.571196
vt 1.132647 2.640309
vn 0.162195 -0.373340 -0.913406
v -0.014197 1.607546 0.566339
vt 1.127066 2.641423
vn 0.180880 -0.395655 -0.900411
v 0.209822 1.466622 0.686263
vt 1.940815 2.160182
vn -0.226007 -0.946712 0.229473
v 0.222072 1.454291 0.642983
vt 1.939415 2.150720
vn -0.091263 -0.789174 -0.607352
v 0.098926 1.487809 0.676405
vt 1.963884 2.162697
vn -0.173209 -0.956699 0.233935
v 0.110217 1.473969 0.629330
vt 1.962940 2.152507
vn -0.028896 -0.737127 -0.675136
v 0.427988 1.408687 0.709179
vt 1.894535 2.157983
vn -0.320212 -0.912228 0.255547
v 0.437419 1.394518 0.669077
vt 1.892876 2.149261
vn -0.254375 -0.910381 -0.326342
v 0.320008 1.440220 0.697157
vt 1.917531 2.158844
vn -0.278205 -0.927830 0.248464
v 0.328390 1.425325 0.655871
vt 1.916470 2.149916
vn -0.097167 -0.703635 -0.703887
v 0.737240 1.281961 0.748536
vt 1.825835 2.160947
vn -0.455118 -0.869278 0.192934
v 0.741460 1.270374 0.707631
vt 1.824334 2.152446
vn -0.290167 -0.742097 -0.604231
v 0.637044 1.328928 0.735612
vt 1.848642 2.159380
vn -0.411445 -0.883040 0.225730
v 0.643240 1.315626 0.695086
vt 1.846957 2.150811
vn -0.249795 -0.719574 -0.647932
v 0.918413 1.169640 0.776399
vt 1.783713 2.167747
vn -0.876200 -0.470690 0.103558
v 0.920971 1.159356 0.732592
vt 1.779453 2.159455
vn -0.245085 -0.334691 -0.909898
v 0.904319 1.186495 0.771536
vt 1.788151 2.166095
vn -0.675585 -0.713009 0.187626
v 0.938340 1.110667 0.738732
vt 1.770193 2.165173
vn -0.377780 -0.294475 -0.877819
v 0.856466 1.218561 0.763168
vt 1.798613 2.163506
vn -0.476395 -0.862095 0.172742
v 0.871666 1.203253 0.724286
vt 1.793606 2.155398
vn -0.265879 -0.611883 -0.744921
v 0.487541 1.435737 0.661164
vt 1.885973 2.137832
vn 0.045973 -0.239596 -0.969783
v 0.355083 1.535191 0.624676
vt 1.918837 2.126465
vn 0.055275 -0.284012 -0.957226
v 0.469775 1.499502 0.643151
vt 1.894197 2.126476
vn 0.058378 -0.273008 -0.960239
v 0.706060 1.340117 0.680169
vt 1.836967 2.140961
vn 0.041588 -0.175438 -0.983612
v 0.891124 1.248823 0.705164
vt 1.794241 2.144513
vn 0.026490 -0.155903 -0.987417
v 0.991601 1.196389 0.712499
vt 1.771282 2.144076
vn -0.039469 -0.115570 -0.992515
v 0.896169 1.315097 0.707788
vt 1.799153 2.131662
vn 0.136301 0.037431 -0.989960
v 0.995658 1.262530 0.717146
vt 1.777223 2.131814
vn 0.100936 0.051115 -0.993579
v -0.034562 1.611900 0.543359
vt 1.123219 2.637730
vn 0.785483 -0.554038 -0.275787
v -0.025407 1.609606 0.557744
vt 1.125280 2.639851
vn 0.538494 -0.602327 -0.589259
v 0.579452 1.459526 0.660809
vt 1.870196 2.127005
vn 0.074470 -0.093601 -0.992821
v 0.686527 1.415466 0.677911
vt 1.846416 2.128282
vn 0.085277 -0.070298 -0.993874
v -0.202393 0.811451 0.845032
vt 1.291248 2.558458
vn -0.949963 -0.072302 0.303879
v -0.176877 0.542867 0.858199
vt 1.346033 2.558631
vn -0.945146 -0.068741 0.319334
v -0.225733 1.015990 0.817887
vt 1.249328 2.558882
vn -0.950180 -0.060234 0.305827
v -0.248472 1.195251 0.778840
vt 1.212149 2.559505
vn -0.947689 -0.047918 0.315576
v -0.275514 1.363749 0.721805
vt 1.176655 2.558367
vn -0.946663 -0.030723 0.320757
v -0.118582 1.412019 0.666027
vt 1.166714 2.615767
vn 0.886374 -0.185209 -0.424310
v -0.130592 1.438702 0.697697
vt 1.167849 2.624070
vn 0.940108 0.036062 0.338962
v -0.127520 1.408808 0.710127
vt 1.172445 2.623485
vn 0.942686 0.236896 0.234997
v 0.240822 1.563784 0.607805
vt 1.942904 2.127063
vn 0.066496 -0.315534 -0.946582
v -0.159743 0.542423 0.873355
vt 1.346207 2.553909
vn -0.679740 -0.027133 0.732952
v -1.524684 1.416275 0.531869
vt 1.329226 2.438640
vn -0.745755 -0.138259 -0.651716
v -0.751874 0.366425 0.871952
vt 1.168488 2.696733
vn 0.093585 0.237578 0.966850
v -0.186835 0.816055 0.860224
vt 1.290854 2.553903
vn -0.684837 -0.008004 0.728652
v -0.208698 1.019583 0.833771
vt 1.249580 2.554017
vn -0.682922 0.045297 0.729086
v -0.232031 1.196746 0.792833
vt 1.213243 2.555151
vn -0.664118 0.106763 0.739966
v -0.257672 1.365199 0.737466
vt 1.178608 2.553834
vn -0.652298 0.181065 0.736018
v -0.286750 1.514623 0.661674
vt 1.147449 2.551077
vn -0.649022 0.302474 0.698054
v -0.291203 1.576307 0.612080
vt 1.134541 2.547791
vn -0.680419 0.547847 0.486716
v 0.825998 0.700364 0.173000
vt 1.292401 2.049837
vn -0.614639 0.088992 0.783772
v 0.829061 0.706319 0.000000
vt 1.304279 2.080113
vn -0.948160 0.317711 -0.007285
v 0.788309 0.643989 0.000000
vt 1.317090 2.074170
vn -0.332613 0.943063 0.000019
v 0.120297 1.587963 0.590652
vt 1.968114 2.128667
vn 0.071274 -0.327115 -0.942293
v -0.018070 1.491193 0.613670
vt 1.990051 2.154114
vn 0.008990 -0.715957 -0.698087
v 0.025261 1.601859 0.577800
vt 1.987871 2.130094
vn 0.083375 -0.333334 -0.939115
v -0.001493 1.605617 0.571196
vt 1.993571 2.130376
vn 0.162195 -0.373340 -0.913406
v 0.792003 1.367110 0.694319
vt 1.822716 2.129725
vn 0.149115 0.031207 -0.988327
v 1.094788 1.207834 0.721240
vt 1.754651 2.130656
vn 0.065023 0.090415 -0.993779
v 1.173245 1.135665 0.715514
vt 1.732676 2.134434
vn -0.069304 0.202275 -0.976874
v 1.214263 1.141047 0.708629
vt 1.726923 2.130620
vn -0.204338 0.436268 -0.876308
v 1.198832 1.148701 0.716038
vt 1.730048 2.130439
vn -0.119805 0.290693 -0.949286
v 1.175259 1.161655 0.720488
vt 1.735434 2.130128
vn -0.034111 0.161072 -0.986353
v 1.139663 1.132430 0.716687
vt 1.738403 2.138040
vn 0.059305 0.096305 -0.993583
v 1.154231 1.173875 0.720837
vt 1.740703 2.129823
vn 0.062023 0.093122 -0.993721
v 1.106903 1.126777 0.714284
vt 1.743484 2.142663
vn 0.013427 0.014713 -0.999802
v 0.930168 1.150362 0.781397
vt 1.780068 2.170349
vn -0.871782 -0.430582 0.233655
v 0.936899 1.135198 0.785118
vt 1.777314 2.172513
vn -0.925036 -0.341123 0.167161
v -0.443428 0.356600 0.869730
vt 1.772977 2.348870
vn 0.081991 0.246051 0.965783
v -0.415779 0.342834 0.872017
vt 1.778354 2.351870
vn 0.006275 0.173979 0.984729
v -0.410600 0.356592 0.869562
vt 1.779634 2.348996
vn 0.005595 0.503786 0.863810
v -0.344944 0.356578 0.869226
vt 1.792842 2.349266
vn -0.061430 0.216389 0.974373
v -0.346877 0.393073 0.863156
vt 1.792889 2.341631
vn -0.110526 0.065069 0.991741
v -0.410149 0.392897 0.863184
vt 1.779884 2.341455
vn 0.002096 -0.720799 0.693141
v -0.378513 0.392985 0.863170
vt 1.786386 2.341543
vn 0.002096 -0.720841 0.693097
v -0.349249 0.343445 0.871445
vt 1.791748 2.352008
vn 0.006273 0.165470 0.986195
v -0.377772 0.356585 0.869394
vt 1.786239 2.349131
vn 0.005599 0.506063 0.862478
v -0.017395 1.504234 0.666969
vt 1.987974 2.165357
vn -0.120730 -0.961193 0.248056
v 0.541073 1.357002 0.682056
vt 1.869899 2.149735
vn -0.218199 -0.710279 -0.669248
v 0.534202 1.371096 0.722590
vt 1.871363 2.158372
vn -0.371303 -0.896603 0.241325
v 0.884515 1.202250 0.767692
vt 1.792649 2.164742
vn -0.636997 -0.747495 0.188380
v 0.947437 1.111400 0.790488
vt 1.771587 2.176670
vn -0.929107 -0.329811 0.167288
v 0.953999 1.066908 0.744061
vt 1.761858 2.170275
vn -0.983272 -0.148521 0.105439
v 0.956022 1.087447 0.794295
vt 1.768813 2.178310
vn -0.984916 -0.142626 0.097970
v 0.957440 1.069197 0.821141
vt 1.767440 2.184696
vn -0.992877 0.084088 0.084407
v -1.464963 1.235523 0.741232
vt 1.349440 2.389481
vn -0.597990 0.720767 -0.350576
v -1.472291 1.233543 0.741032
vt 1.348764 2.388780
vn -0.037512 0.962574 -0.268410
v -1.548603 1.242901 0.729483
vt 1.337313 2.386978
vn 0.140442 0.951544 -0.273569
v -1.640256 1.266839 0.710423
vt 1.322165 2.387815
vn 0.176044 0.905655 -0.385742
v -1.453590 1.258729 0.735375
vt 1.350901 2.392716
vn -0.936504 -0.041568 -0.348184
v -1.445986 1.358064 0.701452
vt 1.352052 2.406765
vn -0.473198 -0.855579 -0.209927
v -1.451109 1.360855 0.699833
vt 1.351297 2.407565
vn -0.166069 -0.973544 -0.156949
v -1.489600 1.354338 0.697985
vt 1.344889 2.406879
vn 0.255871 -0.955452 -0.147109
v -1.665905 1.301458 0.695384
vt 1.316185 2.393335
vn 0.357879 -0.928781 -0.096381
v -1.633085 1.313205 0.695602
vt 1.321545 2.396066
vn 0.354073 -0.928521 -0.111720
v 0.178443 0.625630 0.089293
vt 1.440645 2.042284
vn -0.162096 0.986445 -0.025529
v 0.385981 0.657418 0.000000
vt 1.399914 2.068035
vn -0.100913 0.994895 0.000017
v 0.182272 0.625912 0.000000
vt 1.442924 2.061005
vn -0.162110 0.986773 0.000018
v 0.577668 0.663176 0.000000
vt 1.359840 2.072504
vn 0.043578 0.999050 0.000048
v 0.577116 0.662603 0.080372
vt 1.358069 2.061587
vn 0.051191 0.998661 0.007437
v 0.385981 0.657418 0.000000
vt 1.392681 2.069706
vn -0.100913 0.994895 0.000017
v 0.385249 0.660767 0.077766
vt 1.390911 2.059316
vn -0.110736 0.993602 -0.022192
v 0.788309 0.643989 0.000000
vt 1.326578 2.074614
vn -0.332613 0.943063 0.000019
v 0.790457 0.640376 0.086789
vt 1.322436 2.062542
vn -0.391641 0.919713 0.027310
v -0.443428 0.356600 0.869730
vt 1.923875 2.303401
vn 0.081991 0.246051 0.965783
v -0.441785 0.392809 0.863198
vt 1.924167 2.296230
vn 0.164294 0.046600 0.985310
v -0.443428 0.355740 0.861787
vt 1.925428 2.303351
vn 0.506486 0.804067 0.311366
v -0.441785 0.392580 0.855255
vt 1.925705 2.296057
vn 0.554656 -0.749125 0.362170
v -0.345568 0.366395 0.833289
vt 1.951815 2.300354
vn -0.197531 0.599888 0.775316
v -0.346223 0.379609 0.831266
vt 1.951572 2.297565
vn -0.186558 -0.324759 0.927215
v -0.345537 0.367509 0.840460
vt 1.953224 2.300143
vn -0.630143 0.720768 0.288813
v -0.346216 0.380723 0.838437
vt 1.952974 2.297512
vn -0.624325 -0.692052 0.362330
v -0.410149 0.392667 0.855241
vt 1.937531 2.291816
vn 0.044596 -0.978254 0.202562
v -0.410283 0.380718 0.838550
vt 1.936560 2.296134
vn 0.412579 -0.799320 0.436882
v -0.441785 0.392580 0.855255
vt 1.931092 2.291957
vn 0.554656 -0.749125 0.362170
v -0.442316 0.380662 0.838615
vt 1.930653 2.296279
vn 0.624284 -0.690678 0.365013
v -0.346877 0.392843 0.855214
vt 1.950963 2.291681
vn -0.548246 -0.752539 0.364845
v -0.346216 0.380723 0.838437
vt 1.951549 2.296017
vn -0.624325 -0.692052 0.362330
v -0.378513 0.392755 0.855227
vt 1.944500 2.291843
vn -0.039629 -0.978075 0.204447
v -0.378249 0.380667 0.838502
vt 1.945664 2.295976
vn -0.406295 -0.801510 0.438756
v -0.378513 0.391836 0.823458
vt 1.943749 2.296540
vn -0.144619 -0.797330 0.585961
v -0.410149 0.391748 0.823471
vt 1.938452 2.296734
vn 0.148965 -0.796793 0.585602
v -0.378142 0.372061 0.826569
vt 1.944440 2.298997
vn -0.071903 0.155855 0.985159
v -0.410374 0.372021 0.826660
vt 1.937869 2.299350
vn 0.076964 0.156363 0.984697
v -0.377772 0.352287 0.829686
vt 1.943912 2.301789
vn -0.174027 0.894620 0.411545
v -0.377772 0.355725 0.861451
vt 1.944856 2.307043
vn -0.046916 0.994332 0.095411
v -0.410600 0.352294 0.829854
vt 1.938499 2.301972
vn 0.177461 0.894680 0.409946
v -0.410600 0.355733 0.861619
vt 1.937653 2.306991
vn 0.048073 0.994099 0.097242
v -0.345537 0.367509 0.840460
vt 1.951827 2.301960
vn -0.630143 0.720768 0.288813
v -0.344944 0.355718 0.861284
vt 1.951542 2.306840
vn -0.510125 0.801257 0.312667
v -0.377968 0.367485 0.840576
vt 1.945966 2.301961
vn -0.402243 0.854492 0.328699
v -0.410399 0.367565 0.840676
vt 1.936417 2.302112
vn 0.404449 0.854577 0.325759
v -0.442829 0.367541 0.840793
vt 1.930551 2.302210
vn 0.624228 0.726003 0.288546
v -0.443428 0.355740 0.861787
vt 1.930975 2.307077
vn 0.506486 0.804067 0.311366
v -0.378256 0.379553 0.831331
vt 1.945417 2.297498
vn -0.619627 -0.277196 0.734319
v -0.377999 0.366370 0.833406
vt 1.945542 2.300510
vn -0.661804 0.445666 0.602824
v -0.410289 0.379545 0.831389
vt 1.936850 2.297691
vn 0.621016 -0.265689 0.737393
v -0.410429 0.366393 0.833515
vt 1.936799 2.300689
vn 0.667356 0.451579 0.592210
v -0.442322 0.379489 0.831454
vt 1.930660 2.297862
vn 0.192363 -0.318307 0.928266
v -0.442860 0.366369 0.833631
vt 1.930556 2.300650
vn 0.199982 0.607257 0.768926
v -0.344944 0.356578 0.869226
vt 1.951546 2.308401
vn -0.061430 0.216389 0.974373
v -0.377772 0.356585 0.869394
vt 1.944838 2.308591
vn 0.005599 0.506063 0.862478
v -0.410600 0.356592 0.869562
vt 1.937676 2.308547
vn 0.005595 0.503786 0.863810
v -0.443428 0.356600 0.869730
vt 1.931017 2.308634
vn 0.081991 0.246051 0.965783
v -0.441785 0.392809 0.863198
vt 1.931095 2.290406
vn 0.164294 0.046600 0.985310
v -0.410149 0.392897 0.863184
vt 1.937545 2.290271
vn 0.002096 -0.720799 0.693141
v -0.378513 0.392985 0.863170
vt 1.944456 2.290298
vn 0.002096 -0.720841 0.693097
v -0.346877 0.393073 0.863156
vt 1.950891 2.290135
vn -0.110526 0.065069 0.991741
v -0.344944 0.355718 0.861284
vt 1.957187 2.302602
vn -0.510125 0.801257 0.312667
v -0.346877 0.392843 0.855214
vt 1.956322 2.295320
vn -0.548246 -0.752539 0.364845
v -0.344944 0.356578 0.869226
vt 1.958739 2.302497
vn -0.061430 0.216389 0.974373
v -0.346877 0.393073 0.863156
vt 1.957866 2.295339
vn -0.110526 0.065069 0.991741
v -0.442829 0.367541 0.840793
vt 1.929154 2.300517
vn 0.624228 0.726003 0.288546
v -0.442316 0.380662 0.838615
vt 1.929240 2.297900
vn 0.624284 -0.690678 0.365013
v 1.157121 0.726164 -0.258251
vt 1.011796 1.936412
vn -0.972427 0.232690 0.015515
v 0.825998 0.786644 0.173000
vt 1.223663 2.246861
vn -0.452793 -0.846000 0.281534
v 0.829061 0.706319 0.000000
vt 1.230218 2.245194
vn -0.948160 0.317711 -0.007285
v 0.829061 0.792599 0.000000
vt 1.225969 2.248774
vn -0.999844 0.000000 -0.017685
v 1.132788 0.767833 0.617696
vt 1.166836 2.217609
vn -0.454472 -0.885384 -0.097725
v 1.156250 0.739791 0.517692
vt 1.166711 2.214540
vn -0.505621 -0.853837 0.123729
v 0.912497 0.845233 0.706367
vt 1.218565 2.248784
vn -0.307692 -0.945376 0.107658
v 0.912496 0.758952 0.706367
vt 1.203038 2.244130
vn -0.923250 0.002879 -0.384188
v 0.982724 0.757980 0.675395
vt 1.187311 2.233849
vn -0.402900 0.029478 -0.914769
v 0.492770 1.061598 -0.370646
vt 1.990726 1.511037
vn -0.929960 0.367660 -0.000020
v 0.491845 1.059258 -0.371183
vt 1.988099 1.510518
vn -0.929960 0.367660 -0.000020
v 0.493265 1.062850 -0.385250
vt 1.991865 1.493721
vn -0.929960 0.367660 -0.000020
v 0.492308 1.060430 -0.385250
vt 1.989160 1.493761
vn -0.929960 0.367660 -0.000020
v 0.490498 1.055853 -0.357711
vt 1.983946 1.526744
vn -0.929960 0.367660 -0.000020
v 0.491420 1.058183 -0.356679
vt 1.986568 1.527857
vn -0.929960 0.367660 -0.000020
v 0.491818 1.059190 -0.399352
vt 1.988021 1.510520
vn -0.929960 0.367660 -0.000020
v 0.492747 1.061539 -0.399884
vt 1.990649 1.511032
vn -0.929960 0.367660 -0.000020
v 0.491389 1.058105 -0.413856
vt 1.986479 1.527812
vn -0.929960 0.367660 -0.000020
v 0.490461 1.055758 -0.412829
vt 1.983843 1.526706
vn -0.929960 0.367660 -0.000020
v 0.488545 1.050914 -0.367008
vt 1.978009 1.514660
vn -0.929951 0.367684 0.000020
v 0.490483 1.055815 -0.365514
vt 1.981948 1.516031
vn -0.929951 0.367684 0.000020
v 0.487560 1.048421 -0.364892
vt 1.975502 1.516721
vn -0.929951 0.367684 0.000020
v 0.489694 1.053820 -0.358488
vt 1.980032 1.522779
vn -0.929951 0.367684 0.000020
v 0.488843 1.051668 -0.376635
vt 1.978581 1.503507
vn -0.929951 0.367684 0.000020
v 0.474333 1.014971 -0.385252
vt 1.933457 1.495922
vn -0.929951 0.367684 0.000020
v 0.488925 1.051875 -0.385250
vt 1.975648 1.495290
vn -0.929951 0.367684 0.000020
v 0.491260 1.057780 -0.379507
vt 1.983707 1.502128
vn -0.929951 0.367684 0.000020
v 0.488500 1.050800 -0.403539
vt 1.977867 1.514665
vn -0.929951 0.367684 0.000020
v 0.487507 1.048288 -0.405657
vt 1.975343 1.516726
vn -0.929951 0.367684 0.000020
v 0.490444 1.055716 -0.405029
vt 1.981817 1.516030
vn -0.929951 0.367684 0.000020
v 0.489646 1.053698 -0.412056
vt 1.979879 1.522774
vn -0.929951 0.367684 0.000020
v 0.488826 1.051625 -0.393902
vt 1.978511 1.503514
vn -0.929951 0.367684 0.000020
v 0.491248 1.057748 -0.391027
vt 1.983644 1.502133
vn -0.929951 0.367684 0.000020
v -0.174498 0.781897 0.000000
vt 1.936893 2.853484
vn -0.996773 0.080268 -0.000016
v -0.173465 0.781225 0.018242
vt 1.933188 2.853368
vn -0.991864 0.092676 0.087276
v -0.170116 0.630871 0.000000
vt 1.932180 2.821416
vn -0.999619 -0.027587 -0.000016
v -0.169525 0.631111 0.018242
vt 1.928419 2.822057
vn -0.996337 -0.019913 0.083158
v -0.173465 0.781225 -0.018242
vt 1.933188 1.853368
vn -0.991862 0.092660 -0.087313
v -0.174498 0.781897 0.000000
vt 1.936893 1.853484
vn -0.996773 0.080268 -0.000016
v -0.169525 0.631111 -0.018242
vt 1.928419 1.822057
vn -0.996332 -0.019897 -0.083229
v -0.170116 0.630871 0.000000
vt 1.932180 1.821416
vn -0.999619 -0.027587 -0.000016
v -0.164525 0.775404 -0.096817
vt 1.917228 1.852865
vn -0.990320 0.097667 -0.098626
v -0.145708 0.860496 -0.095747
vt 1.915799 1.870280
vn -0.965600 0.239776 -0.100617
v -0.151578 0.860496 -0.018242
vt 1.932229 1.871446
vn -0.965175 0.245078 -0.091512
v -0.166761 0.632233 -0.060814
vt 1.919640 1.823553
vn -0.995273 -0.017486 -0.095533
v -0.151578 0.860496 -0.018242
vt 1.709815 1.446267
vn 0.040319 0.999187 -0.000778
v -0.145708 0.860496 -0.095747
vt 1.706880 1.423172
vn 0.040521 0.999178 -0.000873
v 0.090909 0.850967 -0.018242
vt 1.637148 1.449588
vn 0.040220 0.999191 -0.000778
v 0.081544 0.850967 -0.097868
vt 1.638800 1.425966
vn 0.040521 0.999178 -0.000873
v 0.090638 0.823406 -0.018242
vt 1.628008 1.448715
vn 0.992129 -0.039930 -0.118683
v 0.090909 0.850967 -0.018242
vt 1.637148 1.449588
vn 0.992187 -0.039627 -0.118302
v 0.078417 0.819822 -0.102691
vt 1.630138 1.422876
vn 0.990503 -0.046707 -0.129318
v 0.081544 0.850967 -0.097868
vt 1.638800 1.425966
vn 0.990503 -0.046707 -0.129318
v 0.205222 0.818501 -0.018242
vt 1.608234 1.488750
vn 0.035622 0.998870 -0.031474
v 0.090638 0.823406 -0.018242
vt 1.642268 1.487051
vn 0.035204 0.998866 -0.032065
v 0.194155 0.817037 -0.101031
vt 1.610390 1.463994
vn 0.033611 0.998830 -0.034768
v 0.078417 0.819822 -0.102691
vt 1.644397 1.461212
vn 0.033611 0.998830 -0.034768
v 0.194155 0.817037 -0.101031
vt 1.610390 1.463994
vn 0.930988 0.345086 -0.119067
v 0.202094 0.798688 -0.100080
vt 1.604508 1.464376
vn 0.930988 0.345086 -0.119067
v 0.205222 0.818501 -0.018242
vt 1.608234 1.488750
vn 0.935230 0.337011 -0.108482
v 0.211592 0.798581 -0.018242
vt 1.602026 1.488915
vn 0.935428 0.336629 -0.107963
v -0.151578 0.860496 0.018242
vt 1.932229 2.871446
vn -0.965181 0.245054 0.091511
v -0.145708 0.860496 0.095748
vt 1.915799 2.870280
vn -0.965601 0.239791 0.100575
v -0.164525 0.775404 0.096817
vt 1.917228 2.852865
vn -0.990322 0.097683 0.098589
v -0.166761 0.632233 0.060814
vt 1.919640 2.823553
vn -0.995279 -0.017503 0.095461
v 0.081544 0.850967 0.097869
vt 1.638800 2.425966
vn 0.040474 0.999180 0.000937
v -0.145708 0.860496 0.095748
vt 1.706880 2.423172
vn 0.040474 0.999180 0.000937
v 0.090909 0.850967 0.018242
vt 1.637148 2.449588
vn 0.040173 0.999192 0.000841
v -0.151578 0.860496 0.018242
vt 1.709815 2.446268
vn 0.040272 0.999188 0.000841
v 0.081544 0.850967 0.097869
vt 1.638800 2.425966
vn 0.990507 -0.046725 0.129280
v 0.090909 0.850967 0.018242
vt 1.637148 2.449588
vn 0.992188 -0.039609 0.118300
v 0.078417 0.819822 0.102692
vt 1.630138 2.422876
vn 0.990507 -0.046725 0.129280
v 0.090638 0.823406 0.018242
vt 1.628008 2.448714
vn 0.992125 -0.039913 0.118719
v 0.078417 0.819822 0.102692
vt 1.644397 2.461212
vn 0.033597 0.998828 0.034834
v 0.090638 0.823406 0.018242
vt 1.642268 2.487051
vn 0.035190 0.998864 0.032131
v 0.194155 0.817037 0.101031
vt 1.610390 2.463994
vn 0.033597 0.998828 0.034834
v 0.205222 0.818501 0.018242
vt 1.608234 2.488750
vn 0.035573 0.998869 0.031539
v 0.211592 0.798581 0.018242
vt 1.602026 2.488915
vn 0.935436 0.336577 0.108051
v 0.202094 0.798688 0.100081
vt 1.604508 2.464376
vn 0.930977 0.345085 0.119158
v 0.205222 0.818501 0.018242
vt 1.608234 2.488750
vn 0.935230 0.336998 0.108526
v 0.194155 0.817037 0.101031
vt 1.610390 2.463994
vn 0.930977 0.345085 0.119158
v -0.152268 0.860496 0.000000
vt 1.710506 1.451704
vn 0.039087 0.999236 0.000016
v 0.091978 0.850967 0.000000
vt 1.636770 1.455000
vn 0.039087 0.999236 0.000016
v -0.152268 0.860496 0.000000
vt 1.710506 2.451704
vn 0.039087 0.999236 0.000016
v 0.091978 0.850967 0.000000
vt 1.636770 2.455000
vn 0.039087 0.999236 0.000016
v -0.152268 0.860496 0.000000
vt 1.936096 2.871720
vn -0.963117 0.269082 0.000019
v -0.152268 0.860496 0.000000
vt 1.936096 1.871720
vn -0.963117 0.269082 0.000019
v 0.182272 0.625912 0.000000
vt 1.946539 1.826237
vn 0.890840 0.454318 0.000062
v 0.148940 0.695529 0.000000
vt 1.947057 1.841972
vn 0.890840 0.454318 0.000062
v 0.178443 0.625630 -0.089293
vt 1.964875 1.825939
vn 0.889169 0.453474 -0.061156
v 0.140108 0.696600 -0.088806
vt 1.965401 1.842469
vn 0.889169 0.453474 -0.061156
v 0.182272 0.625912 0.000000
vt 1.946539 2.826237
vn 0.890840 0.454318 0.000062
v 0.178443 0.625630 0.089293
vt 1.964875 2.825939
vn 0.889159 0.453480 0.061245
v 0.148940 0.695529 0.000000
vt 1.947057 2.841972
vn 0.890840 0.454318 0.000062
v 0.140108 0.696600 0.088806
vt 1.965401 2.842469
vn 0.889159 0.453480 0.061245
v 0.211592 0.798581 0.018242
vt 1.948966 2.867057
vn 0.845189 -0.526751 0.090488
v 0.148940 0.695529 0.000000
vt 1.947057 2.841972
vn 0.848679 -0.528908 0.000021
v 0.202094 0.798688 0.100081
vt 1.965808 2.867359
vn 0.844705 -0.526847 0.094373
v 0.140108 0.696600 0.088806
vt 1.965401 2.842469
vn 0.844705 -0.526847 0.094373
v 0.148940 0.695529 0.000000
vt 1.947057 1.841972
vn 0.848679 -0.528908 0.000021
v 0.211592 0.798581 -0.018242
vt 1.948966 1.867057
vn 0.845206 -0.526725 -0.090488
v 0.140108 0.696600 -0.088806
vt 1.965401 1.842469
vn 0.844705 -0.526839 -0.094420
v 0.202094 0.798688 -0.100080
vt 1.965808 1.867359
vn 0.844705 -0.526839 -0.094420
v 0.091978 0.850967 0.000000
vt 1.636770 1.455000
vn 0.999985 -0.005400 -0.000015
v 0.091951 0.823791 0.000000
vt 1.627548 1.454296
vn 0.999985 -0.005400 -0.000015
v 0.091978 0.850967 0.000000
vt 1.636770 2.455000
vn 0.999985 -0.005400 -0.000015
v 0.091951 0.823791 0.000000
vt 1.627548 2.454296
vn 0.999985 -0.005400 -0.000015
v 0.091951 0.823791 0.000000
vt 1.641887 1.490293
vn 0.043777 0.999041 0.000048
v 0.206436 0.818662 0.000000
vt 1.607841 1.491887
vn 0.043777 0.999041 0.000048
v 0.091951 0.823791 0.000000
vt 1.641920 2.490012
vn 0.043777 0.999041 0.000048
v 0.206436 0.818662 0.000000
vt 1.607875 2.491616
vn 0.043777 0.999041 0.000048
v 0.212647 0.798569 0.000000
vt 1.601608 2.491791
vn 0.953948 0.299971 0.000057
v 0.206436 0.818662 0.000000
vt 1.607875 2.491616
vn 0.953948 0.299971 0.000057
v 0.212647 0.798569 0.000000
vt 1.601568 1.492064
vn 0.953948 0.299971 0.000057
v 0.206436 0.818662 0.000000
vt 1.607841 1.491887
vn 0.953948 0.299971 0.000057
v 0.212647 0.798569 0.000000
vt 1.945211 1.866990
vn 0.850541 -0.525909 0.000021
v 0.212647 0.798569 0.000000
vt 1.945211 2.866990
vn 0.850541 -0.525909 0.000021
v -0.166761 0.632233 -0.060814
vt 1.009575 1.386542
vn -0.389808 -0.918619 -0.064724
v -0.166761 0.632233 0.060814
vt 1.009575 2.386542
vn -0.389820 -0.918617 0.064680
v -0.702182 0.471696 -0.430000
vt 1.364175 2.035904
vn 0.603705 0.797208 0.000021
v -0.563206 0.343109 -0.430000
vt 1.344340 2.026868
vn 0.694701 0.719298 0.000022
v -0.704646 0.462461 -0.360260
vt 1.368989 2.028721
vn 0.563890 0.077894 0.822168
v -0.582042 0.343813 -0.382159
vt 1.348631 2.022347
vn 0.642171 0.562871 0.520377
v -0.708294 0.346003 -0.361226
vt 1.361177 2.016762
vn 0.148685 -0.116113 0.982044
v -0.808280 0.453338 -0.325160
vt 1.378446 2.017807
vn -0.031104 -0.708240 0.705286
v -0.757287 0.487024 -0.220803
vt 1.387250 2.029410
vn 0.351390 -0.887100 0.299298
v -0.803421 0.481561 -0.207612
vt 1.390863 2.025183
vn -0.008636 -0.961882 0.273329
v -0.806749 0.497153 -0.183593
vt 1.393819 2.026590
vn 0.025300 -0.678920 0.733776
v -0.771316 0.499124 -0.191249
vt 1.391221 2.029688
vn 0.413690 -0.591722 0.691900
v -0.856038 0.491693 -0.209171
vt 1.394705 2.020188
vn -0.224031 -0.936846 0.268571
v -0.853093 0.506691 -0.182863
vt 1.397871 2.022749
vn -0.175729 -0.564904 0.806227
v -0.821962 0.596567 -0.182215
vt 1.403635 2.033215
vn 0.262977 0.241682 0.934041
v -0.784316 0.523261 -0.181053
vt 1.394349 2.030567
vn 0.445177 0.058480 0.893531
v -0.816050 0.523203 -0.173941
vt 1.396895 2.027681
vn 0.084469 -0.066230 0.994223
v -0.849827 0.607764 -0.182067
vt 1.406856 2.031698
vn -0.001922 0.222909 0.974837
v -0.849923 0.530864 -0.173097
vt 1.400079 2.025220
vn -0.066106 -0.053202 0.996393
v -0.898815 0.554330 -0.180112
vt 1.406251 2.022964
vn -0.217617 -0.030032 0.975572
v -0.898800 0.577868 -0.181319
vt 1.408304 2.024972
vn -0.471243 0.229191 0.851705
v -0.879465 0.601437 -0.181812
vt 1.408735 2.028616
vn -0.128942 0.214397 0.968198
v -0.865495 0.468341 -0.331550
vt 1.382936 2.012153
vn -0.237600 -0.783587 0.574053
v -0.805655 0.346933 -0.382330
vt 1.367379 2.008121
vn -0.201307 -0.467523 0.860754
v -0.705075 0.480582 -0.373576
vt 1.368683 2.031406
vn 0.462106 0.886793 -0.007430
v -0.756179 0.501164 -0.224968
vt 1.387238 2.031129
vn 0.600407 0.796287 0.073752
v -0.767001 0.511138 -0.200893
vt 1.390936 2.031512
vn 0.453997 0.863781 -0.218559
v -0.911679 0.558117 -0.191286
vt 1.408025 2.021840
vn -0.561931 0.105575 -0.820419
v -0.910731 0.537629 -0.196815
vt 1.406236 2.019820
vn -0.084714 0.892853 -0.442310
v -0.899510 0.527939 -0.188073
vt 1.404106 2.020361
vn -0.331233 -0.291339 0.897444
v -0.908351 0.580946 -0.190746
vt 1.409785 2.024279
vn -0.375928 0.163358 -0.912136
v -0.887048 0.607548 -0.191531
vt 1.410402 2.028605
vn -0.182715 0.277091 -0.943311
v -0.850579 0.616052 -0.190620
vt 1.407938 2.032669
vn 0.034304 0.322135 -0.946072
v -0.818240 0.603006 -0.190009
vt 1.403904 2.034506
vn 0.342650 0.303620 -0.889048
v -0.777190 0.528284 -0.192328
vt 1.393805 2.032166
vn 0.479545 0.583436 -0.655468
v -0.773945 0.503397 -0.273120
vt 1.458646 2.016953
vn 0.310117 0.946567 -0.088531
v -0.804198 0.506241 -0.309983
vt 1.456059 2.022032
vn 0.211095 0.930874 -0.298183
v -0.775589 0.497133 -0.382947
vt 1.446647 2.022281
vn 0.151441 0.980255 -0.127142
v -0.705075 0.480582 -0.373576
vt 1.444182 2.013922
vn 0.462106 0.886793 -0.007430
v -0.756179 0.501164 -0.224968
vt 1.463033 2.012688
vn 0.600407 0.796287 0.073752
v -0.767001 0.511138 -0.200893
vt 1.466380 2.012871
vn 0.453997 0.863781 -0.218559
v -0.844805 0.521472 -0.226151
vt 1.467355 2.022662
vn 0.162004 0.974471 -0.155440
v -0.845291 0.525357 -0.208819
vt 1.469376 2.021980
vn 0.149033 0.888672 -0.433649
v -0.777190 0.528284 -0.192328
vt 1.468848 2.013594
vn 0.479545 0.583436 -0.655468
v -0.847928 0.535993 -0.195162
vt 1.471471 2.021697
vn 0.058328 0.295348 -0.953608
v -0.818240 0.603006 -0.190009
vt 1.478501 2.016376
vn 0.342650 0.303620 -0.889048
v -0.845534 0.518923 -0.255976
vt 1.464038 2.024060
vn 0.140500 0.899713 0.413251
v -0.780325 0.505888 -0.257277
vt 1.460713 2.016921
vn 0.319302 0.930041 0.181850
v -0.803965 0.543728 -0.265550
vt 1.492889 2.025943
vn 0.283380 0.356460 0.890299
v -0.799767 0.544212 -0.277472
vt 1.491621 2.026744
vn 0.774814 0.487923 -0.401988
v -0.780325 0.505888 -0.257277
vt 1.490156 2.021305
vn 0.319302 0.930041 0.181850
v -0.773945 0.503397 -0.273120
vt 1.488258 2.022075
vn 0.310117 0.946567 -0.088531
v -0.845534 0.518923 -0.255976
vt 1.497885 2.022892
vn 0.140500 0.899713 0.413251
v -0.845917 0.543142 -0.261538
vt 1.497889 2.025841
vn 0.018896 0.243576 0.969698
v -0.804198 0.506241 -0.309983
vt 1.485678 2.027121
vn 0.211095 0.930874 -0.298183
v -0.821175 0.543675 -0.299863
vt 1.489826 2.029953
vn 0.342822 0.350654 -0.871502
v -0.893707 0.506520 -0.386484
vt 1.451858 2.035435
vn 0.075619 0.984530 -0.158059
v -0.890991 0.515868 -0.318965
vt 1.459239 2.032010
vn 0.122514 0.932709 -0.339181
v -0.890991 0.515868 -0.318965
vt 1.484528 2.037472
vn 0.122514 0.932709 -0.339181
v -0.884184 0.544428 -0.310498
vt 1.488150 2.037346
vn 0.144002 0.288804 -0.946496
v -0.918347 0.528039 -0.224382
vt 1.470572 2.030894
vn 0.099135 0.973721 -0.205036
v -0.910731 0.537629 -0.196815
vt 1.473565 2.028936
vn -0.084714 0.892853 -0.442310
v -0.886460 0.523468 -0.260141
vt 1.465281 2.028779
vn 0.062971 0.968969 0.239028
v -0.883444 0.543879 -0.265390
vt 1.502357 2.026095
vn -0.082730 0.239180 0.967444
v -0.886460 0.523468 -0.260141
vt 1.502745 2.023599
vn 0.062971 0.968969 0.239028
v -0.850579 0.616052 -0.190620
vt 1.480905 2.019722
vn 0.034304 0.322135 -0.946072
v -0.887048 0.607548 -0.191531
vt 1.480969 2.024148
vn -0.182715 0.277091 -0.943311
v -0.767721 0.491131 -0.430000
vt 1.441054 2.023560
vn 0.145172 0.989406 0.000052
v -0.702182 0.471696 -0.430000
vt 1.437722 2.016118
vn 0.603705 0.797208 0.000021
v -0.882823 0.490525 -0.430000
vt 1.446239 2.036273
vn 0.041195 0.999151 0.000016
v -0.908351 0.580946 -0.190746
vt 1.478545 2.027369
vn -0.375928 0.163358 -0.912136
v -0.911679 0.558117 -0.191286
vt 1.476022 2.028420
vn -0.561931 0.105575 -0.820419
v -0.582042 0.343813 -0.477841
vt 1.348692 2.022449
vn 0.642242 0.562943 -0.520212
v -0.704646 0.462461 -0.499740
vt 1.369102 2.028714
vn 0.564041 0.077827 -0.822071
v -0.808280 0.453338 -0.534840
vt 1.378507 2.017737
vn -0.031081 -0.708164 -0.705364
v -0.708294 0.346003 -0.498774
vt 1.361216 2.016788
vn 0.148709 -0.116136 -0.982038
v -0.803421 0.481561 -0.652388
vt 1.390978 2.025048
vn -0.008579 -0.961848 -0.273450
v -0.757287 0.487024 -0.639196
vt 1.387384 2.029300
vn 0.351399 -0.887132 -0.299191
v -0.771316 0.499125 -0.668750
vt 1.391362 2.029556
vn 0.413662 -0.591745 -0.691897
v -0.806749 0.497153 -0.676407
vt 1.393944 2.026442
vn 0.025277 -0.678887 -0.733808
v -0.853093 0.506691 -0.677137
vt 1.397977 2.022573
vn -0.175649 -0.564852 -0.806281
v -0.856038 0.491693 -0.650829
vt 1.394795 2.020029
vn -0.223968 -0.936835 -0.268661
v -0.816050 0.523203 -0.686058
vt 1.397030 2.027514
vn 0.084487 -0.066213 -0.994222
v -0.784316 0.523261 -0.678947
vt 1.394496 2.030416
vn 0.445230 0.058415 -0.893509
v -0.821962 0.596567 -0.677785
vt 1.403806 2.033014
vn 0.263058 0.241719 -0.934009
v -0.849923 0.530864 -0.686903
vt 1.400202 2.025034
vn -0.066087 -0.053183 -0.996396
v -0.849827 0.607764 -0.677933
vt 1.407021 2.031480
vn -0.001904 0.222884 -0.974843
v -0.879465 0.601438 -0.678187
vt 1.408884 2.028384
vn -0.128918 0.214370 -0.968207
v -0.898800 0.577868 -0.678681
vt 1.408433 2.024738
vn -0.471208 0.229162 -0.851732
v -0.898815 0.554330 -0.679888
vt 1.406366 2.022739
vn -0.217584 -0.029974 -0.975581
v -0.805655 0.346933 -0.477669
vt 1.367376 2.008106
vn -0.201275 -0.467433 -0.860811
v -0.865495 0.468342 -0.528450
vt 1.382970 2.012053
vn -0.237575 -0.783561 -0.574100
v -0.705075 0.480582 -0.486424
vt 1.368814 2.031402
vn 0.462083 0.886803 0.007680
v -0.756179 0.501164 -0.635032
vt 1.387383 2.031018
vn 0.600393 0.796306 -0.073658
v -0.767001 0.511138 -0.659107
vt 1.391088 2.031381
vn 0.453983 0.863776 0.218611
v -0.899510 0.527939 -0.671927
vt 1.404204 2.020148
vn -0.331201 -0.291308 -0.897466
v -0.910731 0.537629 -0.663185
vt 1.406334 2.019594
vn -0.084735 0.892872 0.442266
v -0.911679 0.558117 -0.668714
vt 1.408136 2.021605
vn -0.561966 0.105600 0.820392
v -0.908351 0.580946 -0.669253
vt 1.409910 2.024036
vn -0.375933 0.163481 0.912112
v -0.887048 0.607548 -0.668469
vt 1.410554 2.028363
vn -0.182736 0.277070 0.943313
v -0.850579 0.616052 -0.669380
vt 1.408111 2.032444
vn 0.034364 0.322081 0.946088
v -0.818240 0.603006 -0.669991
vt 1.404083 2.034306
vn 0.342562 0.303580 0.889095
v -0.777190 0.528284 -0.667672
vt 1.393961 2.032022
vn 0.479459 0.583401 0.655563
v -0.775589 0.497133 -0.477053
vt 1.446647 2.022281
vn 0.151391 0.980247 0.127264
v -0.804198 0.506241 -0.550017
vt 1.456059 2.022032
vn 0.211075 0.930863 0.298230
v -0.773945 0.503397 -0.586880
vt 1.458646 2.016953
vn 0.310076 0.946569 0.088661
v -0.756179 0.501164 -0.635032
vt 1.463033 2.012688
vn 0.600393 0.796306 -0.073658
v -0.705075 0.480582 -0.486424
vt 1.444182 2.013922
vn 0.462083 0.886803 0.007680
v -0.845291 0.525357 -0.651181
vt 1.469376 2.021980
vn 0.148967 0.888615 0.433789
v -0.767001 0.511138 -0.659107
vt 1.466380 2.012871
vn 0.453983 0.863776 0.218611
v -0.844805 0.521472 -0.633849
vt 1.467355 2.022662
vn 0.161993 0.974459 0.155526
v -0.847928 0.535993 -0.664837
vt 1.471471 2.021697
vn 0.058262 0.295261 0.953639
v -0.777190 0.528284 -0.667672
vt 1.468848 2.013594
vn 0.479459 0.583401 0.655563
v -0.818240 0.603006 -0.669991
vt 1.478501 2.016376
vn 0.342562 0.303580 0.889095
v -0.780325 0.505888 -0.602722
vt 1.460713 2.016921
vn 0.319422 0.930102 -0.181326
v -0.845534 0.518923 -0.604024
vt 1.464038 2.024060
vn 0.140519 0.899756 -0.413151
v -0.773945 0.503397 -0.586880
vt 1.488258 2.022075
vn 0.310076 0.946569 0.088661
v -0.799767 0.544212 -0.582528
vt 1.491621 2.026744
vn 0.774765 0.487864 0.402154
v -0.780325 0.505888 -0.602722
vt 1.490156 2.021305
vn 0.319422 0.930102 -0.181326
v -0.803965 0.543728 -0.594450
vt 1.492889 2.025943
vn 0.283418 0.356549 -0.890251
v -0.845917 0.543142 -0.598461
vt 1.497889 2.025841
vn 0.018915 0.243602 -0.969691
v -0.845534 0.518923 -0.604024
vt 1.497885 2.022892
vn 0.140519 0.899756 -0.413151
v -0.821175 0.543675 -0.560137
vt 1.489826 2.029953
vn 0.342781 0.350565 0.871554
v -0.804198 0.506241 -0.550017
vt 1.485678 2.027121
vn 0.211075 0.930863 0.298230
v -0.890991 0.515868 -0.541035
vt 1.459239 2.032010
vn 0.122494 0.932696 0.339226
v -0.893707 0.506520 -0.473515
vt 1.451858 2.035435
vn 0.075603 0.984518 0.158141
v -0.884184 0.544428 -0.549502
vt 1.488150 2.037346
vn 0.143977 0.288775 0.946509
v -0.890991 0.515868 -0.541035
vt 1.484528 2.037472
vn 0.122494 0.932696 0.339226
v -0.910731 0.537629 -0.663185
vt 1.473565 2.028936
vn -0.084735 0.892872 0.442266
v -0.918347 0.528039 -0.635618
vt 1.470572 2.030894
vn 0.099080 0.973700 0.205161
v -0.886460 0.523469 -0.599859
vt 1.465281 2.028779
vn 0.063029 0.968984 -0.238949
v -0.886460 0.523469 -0.599859
vt 1.502745 2.023599
vn 0.063029 0.968984 -0.238949
v -0.883444 0.543879 -0.594610
vt 1.502357 2.026095
vn -0.082710 0.239199 -0.967441
v -0.887048 0.607548 -0.668469
vt 1.480969 2.024148
vn -0.182736 0.277070 0.943313
v -0.850579 0.616052 -0.669380
vt 1.480905 2.019722
vn 0.034364 0.322081 0.946088
v -0.911679 0.558117 -0.668714
vt 1.476022 2.028420
vn -0.561966 0.105600 0.820392
v -0.908351 0.580946 -0.669253
vt 1.478545 2.027369
vn -0.375933 0.163481 0.912112
v -0.582042 0.343813 0.382159
vt 1.348631 1.022347
vn 0.642242 0.562943 -0.520212
v -0.563206 0.343109 0.430000
vt 1.344340 1.026868
vn 0.694701 0.719298 0.000022
v -0.704646 0.462461 0.360260
vt 1.368989 1.028721
vn 0.563976 0.077919 -0.822106
v -0.702182 0.471696 0.430000
vt 1.364175 1.035904
vn 0.603582 0.797301 0.000064
v -0.808280 0.453338 0.325160
vt 1.378446 1.017807
vn -0.031081 -0.708164 -0.705364
v -0.708294 0.346003 0.361226
vt 1.361177 1.016762
vn 0.148709 -0.116136 -0.982038
v -0.803421 0.481561 0.207612
vt 1.390863 1.025183
vn -0.008579 -0.961848 -0.273450
v -0.757287 0.487024 0.220804
vt 1.387250 1.029410
vn 0.351399 -0.887132 -0.299191
v -0.771316 0.499124 0.191250
vt 1.391221 1.029688
vn 0.413662 -0.591745 -0.691897
v -0.806749 0.497153 0.183593
vt 1.393819 1.026590
vn 0.025277 -0.678887 -0.733808
v -0.853093 0.506691 0.182863
vt 1.397871 1.022749
vn -0.175649 -0.564852 -0.806281
v -0.856038 0.491693 0.209171
vt 1.394705 1.020188
vn -0.223968 -0.936835 -0.268661
v -0.816050 0.523203 0.173942
vt 1.396895 1.027681
vn 0.084487 -0.066213 -0.994222
v -0.784316 0.523261 0.181053
vt 1.394349 1.030567
vn 0.445230 0.058415 -0.893509
v -0.821962 0.596567 0.182215
vt 1.403635 1.033214
vn 0.263058 0.241719 -0.934009
v -0.849923 0.530864 0.173097
vt 1.400079 1.025220
vn -0.066087 -0.053183 -0.996396
v -0.849827 0.607764 0.182067
vt 1.406856 1.031698
vn -0.001904 0.222884 -0.974843
v -0.879465 0.601437 0.181812
vt 1.408735 1.028616
vn -0.128918 0.214370 -0.968207
v -0.898800 0.577868 0.181319
vt 1.408304 1.024972
vn -0.471208 0.229162 -0.851732
v -0.898815 0.554330 0.180112
vt 1.406251 1.022963
vn -0.217584 -0.029974 -0.975581
v -0.805655 0.346932 0.382331
vt 1.367379 1.008121
vn -0.201275 -0.467433 -0.860811
v -0.865495 0.468341 0.331550
vt 1.382936 1.012153
vn -0.237575 -0.783561 -0.574100
v -0.705075 0.480582 0.373576
vt 1.368683 1.031406
vn 0.462083 0.886803 0.007680
v -0.756179 0.501164 0.224968
vt 1.387238 1.031129
vn 0.600393 0.796306 -0.073658
v -0.767001 0.511138 0.200893
vt 1.390936 1.031512
vn 0.453983 0.863776 0.218611
v -0.899510 0.527938 0.188073
vt 1.404106 1.020361
vn -0.331201 -0.291308 -0.897466
v -0.910731 0.537629 0.196815
vt 1.406236 1.019820
vn -0.084735 0.892872 0.442266
v -0.911679 0.558117 0.191286
vt 1.408025 1.021840
vn -0.561966 0.105600 0.820392
v -0.908351 0.580945 0.190747
vt 1.409785 1.024279
vn -0.375933 0.163481 0.912112
v -0.887048 0.607548 0.191531
vt 1.410402 1.028605
vn -0.182736 0.277070 0.943313
v -0.850579 0.616052 0.190620
vt 1.407938 1.032669
vn 0.034364 0.322081 0.946088
v -0.818240 0.603005 0.190009
vt 1.403904 1.034506
vn 0.342562 0.303580 0.889095
v -0.777190 0.528284 0.192328
vt 1.393805 1.032166
vn 0.479459 0.583401 0.655563
v -0.775589 0.497133 0.382947
vt 1.446647 1.022281
vn 0.151391 0.980247 0.127264
v -0.804198 0.506241 0.309983
vt 1.456059 1.022032
vn 0.211075 0.930863 0.298230
v -0.773945 0.503397 0.273120
vt 1.458646 1.016953
vn 0.310076 0.946569 0.088661
v -0.756179 0.501164 0.224968
vt 1.463033 1.012688
vn 0.600393 0.796306 -0.073658
v -0.705075 0.480582 0.373576
vt 1.444182 1.013922
vn 0.462083 0.886803 0.007680
v -0.845291 0.525356 0.208820
vt 1.469376 1.021980
vn 0.148967 0.888615 0.433789
v -0.767001 0.511138 0.200893
vt 1.466380 1.012871
vn 0.453983 0.863776 0.218611
v -0.844805 0.521472 0.226151
vt 1.467355 1.022662
vn 0.161993 0.974459 0.155526
v -0.847928 0.535993 0.195163
vt 1.471471 1.021697
vn 0.058262 0.295261 0.953639
v -0.777190 0.528284 0.192328
vt 1.468848 1.013594
vn 0.479459 0.583401 0.655563
v -0.818240 0.603005 0.190009
vt 1.478501 1.016376
vn 0.342562 0.303580 0.889095
v -0.780325 0.505888 0.257278
vt 1.460713 1.016921
vn 0.319422 0.930102 -0.181326
v -0.845534 0.518922 0.255976
vt 1.464038 1.024060
vn 0.140519 0.899756 -0.413151
v -0.773945 0.503397 0.273120
vt 1.488258 1.022075
vn 0.310076 0.946569 0.088661
v -0.799767 0.544212 0.277472
vt 1.491621 1.026744
vn 0.774765 0.487864 0.402154
v -0.780325 0.505888 0.257278
vt 1.490156 1.021305
vn 0.319422 0.930102 -0.181326
v -0.803965 0.543728 0.265550
vt 1.492889 1.025943
vn 0.283418 0.356549 -0.890251
v -0.845917 0.543142 0.261539
vt 1.497889 1.025841
vn 0.018915 0.243602 -0.969691
v -0.845534 0.518922 0.255976
vt 1.497885 1.022892
vn 0.140519 0.899756 -0.413151
v -0.821175 0.543675 0.299863
vt 1.489826 1.029953
vn 0.342781 0.350565 0.871554
v -0.804198 0.506241 0.309983
vt 1.485678 1.027121
vn 0.211075 0.930863 0.298230
v -0.890991 0.515868 0.318965
vt 1.459239 1.032010
vn 0.122494 0.932696 0.339226
v -0.893707 0.506519 0.386485
vt 1.451858 1.035435
vn 0.075603 0.984518 0.158141
v -0.884184 0.544427 0.310498
vt 1.488150 1.037346
vn 0.143977 0.288775 0.946509
v -0.890991 0.515868 0.318965
vt 1.484528 1.037472
vn 0.122494 0.932696 0.339226
v -0.910731 0.537629 0.196815
vt 1.473565 1.028936
vn -0.084735 0.892872 0.442266
v -0.918347 0.528039 0.224382
vt 1.470572 1.030894
vn 0.099080 0.973700 0.205161
v -0.886460 0.523468 0.260141
vt 1.465281 1.028779
vn 0.063029 0.968984 -0.238949
v -0.886460 0.523468 0.260141
vt 1.502745 1.023599
vn 0.063029 0.968984 -0.238949
v -0.883444 0.543879 0.265390
vt 1.502357 1.026095
vn -0.082710 0.239199 -0.967441
v -0.887048 0.607548 0.191531
vt 1.480969 1.024148
vn -0.182736 0.277070 0.943313
v -0.850579 0.616052 0.190620
vt 1.480905 1.019722
vn 0.034364 0.322081 0.946088
v -0.702182 0.471696 0.430000
vt 1.437722 1.016118
vn 0.603582 0.797301 0.000064
v -0.767721 0.491130 0.430000
vt 1.441054 1.023560
vn 0.145172 0.989406 0.000052
v -0.882823 0.490524 0.430000
vt 1.446239 1.036273
vn 0.041195 0.999151 0.000016
v -0.911679 0.558117 0.191286
vt 1.476022 1.028420
vn -0.561966 0.105600 0.820392
v -0.908351 0.580945 0.190747
vt 1.478545 1.027369
vn -0.375933 0.163481 0.912112
v -0.704646 0.462461 0.499740
vt 1.369102 1.028714
vn 0.563890 0.077894 0.822168
v -0.582042 0.343813 0.477841
vt 1.348692 1.022449
vn 0.642171 0.562871 0.520377
v -0.708294 0.346002 0.498774
vt 1.361216 1.016788
vn 0.148685 -0.116113 0.982044
v -0.808280 0.453338 0.534840
vt 1.378507 1.017737
vn -0.031104 -0.708240 0.705286
v -0.757287 0.487024 0.639197
vt 1.387384 1.029300
vn 0.351390 -0.887100 0.299298
v -0.803421 0.481561 0.652388
vt 1.390978 1.025048
vn -0.008712 -0.961875 0.273349
v -0.806749 0.497152 0.676407
vt 1.393944 1.026442
vn 0.025300 -0.678920 0.733776
v -0.771316 0.499124 0.668750
vt 1.391362 1.029556
vn 0.413745 -0.591675 0.691907
v -0.856038 0.491693 0.650829
vt 1.394795 1.020029
vn -0.224031 -0.936846 0.268571
v -0.853093 0.506691 0.677137
vt 1.397977 1.022573
vn -0.175729 -0.564904 0.806227
v -0.821962 0.596567 0.677785
vt 1.403806 1.033014
vn 0.262977 0.241682 0.934041
v -0.784316 0.523261 0.678947
vt 1.394496 1.030416
vn 0.445177 0.058480 0.893531
v -0.816050 0.523203 0.686058
vt 1.397030 1.027514
vn 0.084469 -0.066230 0.994223
v -0.849827 0.607764 0.677933
vt 1.407021 1.031480
vn -0.001922 0.222909 0.974837
v -0.849923 0.530864 0.686903
vt 1.400202 1.025034
vn -0.066106 -0.053202 0.996393
v -0.898815 0.554330 0.679888
vt 1.406366 1.022739
vn -0.217617 -0.030032 0.975572
v -0.898800 0.577868 0.678681
vt 1.408433 1.024738
vn -0.471243 0.229191 0.851705
v -0.879465 0.601437 0.678188
vt 1.408884 1.028384
vn -0.128942 0.214397 0.968198
v -0.865495 0.468341 0.528450
vt 1.382970 1.012053
vn -0.237600 -0.783587 0.574053
v -0.805655 0.346932 0.477670
vt 1.367376 1.008106
vn -0.201307 -0.467523 0.860754
v -0.705075 0.480582 0.486424
vt 1.368814 1.031402
vn 0.462106 0.886793 -0.007430
v -0.756179 0.501163 0.635032
vt 1.387383 1.031018
vn 0.600407 0.796287 0.073752
v -0.767001 0.511138 0.659107
vt 1.391088 1.031381
vn 0.453997 0.863781 -0.218559
v -0.911679 0.558117 0.668714
vt 1.408136 1.021605
vn -0.561931 0.105575 -0.820419
v -0.910731 0.537629 0.663185
vt 1.406334 1.019594
vn -0.084714 0.892853 -0.442310
v -0.899510 0.527938 0.671927
vt 1.404204 1.020148
vn -0.331233 -0.291339 0.897444
v -0.908351 0.580945 0.669254
vt 1.409910 1.024036
vn -0.376034 0.163366 -0.912091
v -0.887048 0.607547 0.668469
vt 1.410554 1.028363
vn -0.182753 0.276998 -0.943331
v -0.850579 0.616052 0.669380
vt 1.408111 1.032444
vn 0.034304 0.322135 -0.946072
v -0.818240 0.603005 0.669991
vt 1.404083 1.034306
vn 0.342650 0.303620 -0.889048
v -0.777190 0.528284 0.667672
vt 1.393961 1.032022
vn 0.479601 0.583387 -0.655472
v -0.773945 0.503397 0.586880
vt 1.458646 1.016953
vn 0.310117 0.946567 -0.088531
v -0.804198 0.506241 0.550017
vt 1.456059 1.022032
vn 0.211095 0.930874 -0.298183
v -0.775589 0.497133 0.477053
vt 1.446647 1.022281
vn 0.151441 0.980255 -0.127142
v -0.705075 0.480582 0.486424
vt 1.444182 1.013922
vn 0.462106 0.886793 -0.007430
v -0.756179 0.501163 0.635032
vt 1.463033 1.012688
vn 0.600407 0.796287 0.073752
v -0.767001 0.511138 0.659107
vt 1.466380 1.012871
vn 0.453997 0.863781 -0.218559
v -0.844805 0.521472 0.633849
vt 1.467355 1.022662
vn 0.162004 0.974471 -0.155440
v -0.845291 0.525356 0.651181
vt 1.469376 1.021980
vn 0.149033 0.888672 -0.433649
v -0.777190 0.528284 0.667672
vt 1.468848 1.013594
vn 0.479601 0.583387 -0.655472
v -0.847928 0.535993 0.664838
vt 1.471471 1.021697
vn 0.058328 0.295348 -0.953608
v -0.818240 0.603005 0.669991
vt 1.478501 1.016376
vn 0.342650 0.303620 -0.889048
v -0.845534 0.518922 0.604024
vt 1.464038 1.024060
vn 0.140500 0.899713 0.413251
v -0.780324 0.505888 0.602723
vt 1.460713 1.016921
vn 0.319302 0.930041 0.181850
v -0.803965 0.543728 0.594450
vt 1.492889 1.025943
vn 0.283380 0.356460 0.890299
v -0.799767 0.544212 0.582528
vt 1.491621 1.026744
vn 0.774814 0.487923 -0.401988
v -0.780324 0.505888 0.602723
vt 1.490156 1.021305
vn 0.319302 0.930041 0.181850
v -0.773945 0.503397 0.586880
vt 1.488258 1.022075
vn 0.310117 0.946567 -0.088531
v -0.845534 0.518922 0.604024
vt 1.497885 1.022892
vn 0.140500 0.899713 0.413251
v -0.845917 0.543142 0.598461
vt 1.497889 1.025841
vn 0.018896 0.243576 0.969698
v -0.804198 0.506241 0.550017
vt 1.485678 1.027121
vn 0.211095 0.930874 -0.298183
v -0.821175 0.543675 0.560137
vt 1.489826 1.029953
vn 0.342822 0.350654 -0.871502
v -0.893707 0.506519 0.473516
vt 1.451858 1.035435
vn 0.075619 0.984530 -0.158059
v -0.890991 0.515868 0.541035
vt 1.459239 1.032010
vn 0.122514 0.932709 -0.339181
v -0.890991 0.515868 0.541035
vt 1.484528 1.037472
vn 0.122514 0.932709 -0.339181
v -0.884184 0.544427 0.549502
vt 1.488150 1.037346
vn 0.144002 0.288804 -0.946496
v -0.918347 0.528039 0.635618
vt 1.470572 1.030894
vn 0.099135 0.973721 -0.205036
v -0.910731 0.537629 0.663185
vt 1.473565 1.028936
vn -0.084714 0.892853 -0.442310
v -0.886460 0.523468 0.599859
vt 1.465281 1.028779
vn 0.062971 0.968969 0.239028
v -0.883444 0.543879 0.594610
vt 1.502357 1.026095
vn -0.082730 0.239180 0.967444
v -0.886460 0.523468 0.599859
vt 1.502745 1.023599
vn 0.062971 0.968969 0.239028
v -0.850579 0.616052 0.669380
vt 1.480905 1.019722
vn 0.034304 0.322135 -0.946072
v -0.887048 0.607547 0.668469
vt 1.480969 1.024148
vn -0.182753 0.276998 -0.943331
v -0.908351 0.580945 0.669254
vt 1.478545 1.027369
vn -0.376034 0.163366 -0.912091
v -0.911679 0.558117 0.668714
vt 1.476022 1.028420
vn -0.561931 0.105575 -0.820419
v -0.743834 0.447858 -0.415551
vt 1.951360 2.003206
vn 0.339608 -0.506849 0.792319
v -0.764545 0.479450 -0.415551
vt 1.936307 2.003206
vn -0.336926 0.502656 0.796127
v -0.618315 0.531959 -0.415551
vt 1.951360 2.018260
vn 0.336873 -0.502701 0.796121
v -0.639025 0.563552 -0.415551
vt 1.936307 2.018260
vn -0.339661 0.506804 0.792326
v -0.618315 0.531959 -0.444449
vt 1.966414 2.018260
vn 0.336799 -0.502827 -0.796072
v -0.639025 0.563552 -0.444449
vt 1.981467 2.018260
vn -0.339630 0.506769 -0.792361
v -0.743834 0.447858 -0.444449
vt 1.966414 2.003206
vn 0.339577 -0.506815 -0.792355
v -0.764545 0.479450 -0.444449
vt 1.981467 2.003206
vn -0.336957 0.502690 -0.796092
v -0.764545 0.479450 -0.444449
vt 1.921254 2.003206
vn -0.336957 0.502690 -0.796092
v -0.639025 0.563552 -0.444449
vt 1.921254 2.018260
vn -0.339630 0.506769 -0.792361
v -0.743834 0.447858 0.444449
vt 1.951360 1.003206
vn 0.339608 -0.506849 0.792319
v -0.764545 0.479450 0.444449
vt 1.936307 1.003206
vn -0.336926 0.502656 0.796127
v -0.618315 0.531959 0.444449
vt 1.951360 1.018260
vn 0.336873 -0.502701 0.796121
v -0.639025 0.563551 0.444449
vt 1.936307 1.018260
vn -0.339661 0.506804 0.792326
v -0.618315 0.531959 0.415551
vt 1.966414 1.018260
vn 0.336799 -0.502827 -0.796072
v -0.639025 0.563551 0.415551
vt 1.981467 1.018260
vn -0.339630 0.506769 -0.792361
v -0.743834 0.447858 0.415551
vt 1.966414 1.003206
vn -0.929951 0.367684 0.000020
v -0.764545 0.479450 0.415551
vt 1.981467 1.003206
vn -0.929960 0.367660 -0.000020
v -0.764545 0.479450 0.415551
vt 1.921254 1.003206
vn -0.929960 0.367660 -0.000020
v -0.639025 0.563551 0.415551
vt 1.921254 1.018260
vn -0.339630 0.506769 -0.792361
v 0.513090 1.080331 -0.431742
vt 1.548423 1.129760
vn -0.283721 0.949068 -0.137011
v 0.553455 1.083319 -0.427905
vt 1.558628 1.131460
vn -0.065206 0.992705 -0.101418
v 0.510873 1.083913 -0.385268
vt 1.550344 1.117631
vn -0.265829 0.964020 0.000019
v 0.558372 1.086034 -0.385268
vt 1.562679 1.120908
vn -0.055011 0.998486 -0.000016
v 0.520349 1.070502 -0.470696
vt 1.546953 1.140421
vn -0.371816 0.895340 -0.245193
v 0.543352 1.079483 -0.449770
vt 1.554475 1.136500
vn -0.100122 0.971759 -0.213682
v 0.559105 1.072191 -0.460901
vt 1.557365 1.140934
vn 0.139611 0.911728 -0.386344
v 0.543352 1.079483 -0.449770
vt 1.554475 1.136500
vn 0.140237 0.911934 -0.385629
v 0.529239 1.064807 -0.480099
vt 1.547813 1.144082
vn -0.010437 0.854108 -0.519990
v 0.520349 1.070502 -0.470696
vt 1.546953 1.140421
vn -0.031406 0.845898 -0.532419
v 0.566563 1.075142 -0.446197
vt 1.560287 1.137485
vn 0.229432 0.935833 -0.267540
v 0.553455 1.083319 -0.427905
vt 1.558628 1.131460
vn 0.262124 0.950293 -0.168030
v 0.576846 1.078938 -0.408622
vt 1.565518 1.128263
vn 0.274396 0.957875 -0.084747
v 0.558372 1.086034 -0.385268
vt 1.562679 1.120908
vn 0.274793 0.961502 0.001833
v 0.577845 1.079859 -0.385268
vt 1.567826 1.122491
vn 0.274783 0.961505 0.001454
v 0.576269 1.068439 -0.448539
vt 1.472296 1.119703
vn 0.444538 0.801413 -0.400154
v 0.567260 1.064999 -0.465294
vt 1.474852 1.115927
vn 0.437123 0.806195 -0.398713
v 0.653163 1.037044 -0.426699
vt 1.450104 1.122121
vn 0.460043 0.806737 -0.370858
v 0.582669 1.051409 -0.473595
vt 1.471039 1.111500
vn 0.576801 0.522088 -0.628271
v 0.535028 1.055140 -0.520832
vt 1.487269 1.107195
vn 0.426655 0.845629 -0.320745
v 0.544067 1.051751 -0.523364
vt 1.485304 1.105529
vn 0.815704 0.407403 -0.410669
v 0.484913 1.039045 -0.422966
vt 1.535782 1.126244
vn -0.928466 0.359447 -0.093530
v 0.483813 1.022064 -0.449932
vt 1.531487 1.133327
vn -0.951601 0.270383 -0.146110
v 0.489722 1.034336 -0.457724
vt 1.534950 1.135558
vn -0.895070 0.406455 -0.183423
v 0.499720 1.068148 -0.429996
vt 1.543955 1.128665
vn -0.826525 0.548773 -0.125320
v 0.498875 1.070547 -0.385268
vt 1.545490 1.117012
vn -0.837174 0.546936 -0.000021
v 0.485792 1.042337 -0.385268
vt 1.537096 1.116398
vn -0.923044 0.384695 -0.000020
v 0.509051 1.063749 -0.471688
vt 1.543742 1.139981
vn -0.614107 0.747679 -0.252683
v 0.467708 0.989923 -0.400040
vt 1.522235 1.119734
vn -0.956779 0.279047 -0.081896
v 0.463365 0.967867 -0.404461
vt 1.516336 1.120868
vn -0.975080 0.217284 -0.044797
v 0.465335 0.972624 -0.412477
vt 1.517730 1.122995
vn -0.956605 0.255983 -0.139213
v 0.461837 0.965829 -0.385268
vt 1.515490 1.115907
vn -0.946936 -0.321419 -0.001337
v 0.471868 0.943847 -0.385268
vt 1.509113 1.116487
vn -0.946940 -0.321408 -0.001453
v 0.463365 0.967867 -0.404461
vt 1.516336 1.120868
vn -0.956233 -0.274487 -0.101367
v 0.468085 0.946140 -0.412345
vt 1.510353 1.123617
vn -0.955675 -0.282875 -0.081647
v 0.448280 0.899225 -0.403391
vt 1.610017 1.140028
vn -0.896003 0.344488 -0.280190
v 0.447202 0.897540 -0.385268
vt 1.608963 1.135473
vn -0.899821 0.436260 0.000102
v 0.445042 0.891555 -0.401928
vt 1.607852 1.139909
vn -0.893422 0.369962 -0.254804
v 0.443499 0.890588 -0.385268
vt 1.606956 1.135705
vn -0.904794 0.425849 0.000020
v 0.465994 0.896044 -0.415833
vt 1.611271 1.145497
vn -0.607339 0.080383 -0.790366
v 0.508947 1.016147 -0.531009
vt 1.530010 1.156061
vn -0.300994 -0.901411 -0.311226
v 0.504962 1.017651 -0.543363
vt 1.529491 1.159306
vn -0.638364 -0.224517 0.736263
v 0.500257 1.029247 -0.541664
vt 1.532903 1.159687
vn -0.924637 0.020282 0.380309
v 0.493654 1.029256 -0.558376
vt 1.531096 1.164585
vn -0.959783 0.277386 0.043277
v 0.529239 1.064807 -0.480099
vt 1.547813 1.144082
vn -0.246742 0.956015 -0.158602
v 0.528007 1.057772 -0.518866
vt 1.544426 1.154366
vn -0.409222 0.902574 -0.133782
v 0.559105 1.072191 -0.460901
vt 1.557365 1.140934
vn -0.130225 0.976274 -0.173002
v 0.526635 1.070481 -0.543833
vt 1.545872 1.161640
vn -0.273416 0.483259 0.831688
v 0.513193 1.078543 -0.552591
vt 1.545179 1.166348
vn -0.948816 0.280793 0.144580
v 0.519274 1.096721 -0.545817
vt 1.550739 1.166955
vn -0.923638 0.205502 0.323514
v 0.534074 1.086883 -0.537783
vt 1.551009 1.161826
vn -0.302807 -0.375231 0.876076
v 0.526210 1.112402 -0.535809
vt 1.556167 1.166435
vn -0.947427 0.152884 0.281085
v 0.497983 1.027221 -0.575452
vt 1.530163 1.169198
vn -0.578234 0.122058 -0.806689
v 0.498344 1.044478 -0.557443
vt 1.535357 1.165162
vn -0.929632 0.358383 0.085713
v 0.504233 1.044299 -0.576165
vt 1.534716 1.169864
vn -0.513418 0.220077 -0.829439
v 0.465994 0.896044 -0.415833
vt 1.498291 1.127004
vn -0.054416 0.462369 -0.885016
v 0.445042 0.891555 -0.401928
vt 1.493334 1.122400
vn -0.443741 0.895581 0.032080
v 0.464817 0.896919 -0.429811
vt 1.497835 1.130674
vn -0.105937 0.994039 0.025784
v 0.459393 0.897546 -0.446291
vt 1.497379 1.134345
vn -0.138816 0.982862 0.121291
v 0.438756 0.889458 -0.454561
vt 1.491912 1.136852
vn -0.762820 0.645286 0.041382
v 0.447217 0.911533 -0.494925
vt 1.497744 1.147693
vn -0.761609 0.609340 0.220583
v 0.467749 0.913981 -0.485500
vt 1.502201 1.143957
vn -0.006638 0.820438 0.571697
v 0.443211 0.899395 -0.476212
vt 1.494828 1.142272
vn -0.776029 0.612773 0.149291
v 0.461434 0.903362 -0.466844
vt 1.499790 1.139151
vn -0.067711 0.917114 0.392833
v 0.473251 0.927262 -0.502131
vt 1.505968 1.147810
vn -0.006612 0.715281 0.698806
v 0.453702 0.927366 -0.512047
vt 1.502448 1.151916
vn -0.767078 0.582046 0.269840
v 0.478735 0.943266 -0.516071
vt 1.509735 1.151662
vn -0.022237 0.610871 0.791418
v 0.461329 0.945593 -0.526264
vt 1.507153 1.156139
vn -0.787715 0.535962 0.303727
v 0.484809 0.960921 -0.527900
vt 1.514551 1.154407
vn -0.054112 0.518291 0.853491
v 0.467831 0.963125 -0.538127
vt 1.512243 1.158844
vn -0.828615 0.481900 0.284904
v 0.435565 0.881704 -0.385268
vt 1.489265 1.118370
vn -0.961685 0.274158 -0.000019
v 0.435962 0.882629 -0.403226
vt 1.489887 1.123056
vn -0.976012 0.217390 -0.011899
v 0.443499 0.890588 -0.385268
vt 1.492481 1.118097
vn -0.722997 0.690851 -0.000022
v 0.437253 0.885501 -0.428268
vt 1.490900 1.129954
vn -0.980220 0.197275 -0.015824
v 0.436962 0.867323 -0.430439
vt 1.486613 1.130418
vn -0.824479 -0.555778 -0.106514
v 0.436810 0.865914 -0.401873
vt 1.485384 1.123099
vn -0.821013 -0.569827 -0.035141
v 0.436650 0.865789 -0.385268
vt 1.484957 1.118789
vn -0.817881 -0.575387 -0.000021
v 0.441916 0.884098 -0.481634
vt 1.491171 1.143754
vn -0.773178 -0.476268 -0.418765
v 0.447263 0.898934 -0.502995
vt 1.494500 1.149772
vn -0.743297 -0.404190 -0.533048
v 0.454129 0.915419 -0.522472
vt 1.499360 1.154649
vn -0.713060 -0.324381 -0.621548
v 0.469983 0.952794 -0.552812
vt 1.509740 1.162677
vn -0.662643 -0.182168 -0.726443
v 0.462157 0.934134 -0.539155
vt 1.504219 1.159527
vn -0.693894 -0.246977 -0.676397
v 0.488763 0.944949 -0.554315
vt 1.507043 1.167214
vn 0.079952 -0.537966 -0.839166
v 0.480841 0.925239 -0.540578
vt 1.500824 1.163717
vn 0.020698 -0.619020 -0.785102
v 0.473122 0.905958 -0.524373
vt 1.495457 1.158457
vn -0.040266 -0.693928 -0.718917
v 0.466278 0.889126 -0.505228
vt 1.490089 1.153197
vn -0.070674 -0.784377 -0.616245
v 0.460126 0.874363 -0.483372
vt 1.486562 1.146368
vn -0.078386 -0.869296 -0.488037
v 0.453976 0.858210 -0.431772
vt 1.481681 1.131947
vn -0.133379 -0.982175 -0.132446
v 0.453814 0.856657 -0.403561
vt 1.480328 1.124353
vn -0.090080 -0.995108 -0.040557
v 0.485443 1.004012 -0.554266
vt 1.524214 1.163066
vn -0.893802 0.382755 0.233700
v 0.487946 0.999423 -0.571858
vt 1.522712 1.167513
vn -0.599139 0.046386 -0.799300
v 0.497940 1.002143 -0.545435
vt 1.524429 1.158229
vn -0.272714 0.252881 0.928266
v 0.532882 1.127946 -0.522926
vt 1.561594 1.165915
vn -0.956245 0.167868 0.239618
v 0.544450 1.118577 -0.508747
vt 1.562432 1.160581
vn -0.475221 -0.376944 0.795034
v 0.537275 1.103091 -0.525874
vt 1.556147 1.162013
vn -0.505836 -0.453953 0.733523
v 0.540975 1.110777 -0.517265
vt 1.559289 1.161297
vn -0.528642 -0.490555 0.692744
v 0.531468 1.118212 -0.553315
vt 1.555558 1.171272
vn -0.508086 0.563138 -0.651709
v 0.524575 1.098790 -0.562003
vt 1.549867 1.171096
vn -0.516133 0.486171 -0.705156
v 0.544365 1.153169 -0.528481
vt 1.566933 1.170670
vn -0.437026 0.682264 -0.586110
v 0.550247 1.168051 -0.512826
vt 1.572617 1.169890
vn -0.347505 0.759283 -0.550208
v 0.538554 1.145600 -0.512521
vt 1.567021 1.165899
vn -0.952640 0.195889 0.232602
v 0.543842 1.160694 -0.500958
vt 1.572448 1.165884
vn -0.964397 0.184678 0.189293
v 0.552239 1.149125 -0.493199
vt 1.571712 1.161672
vn -0.515824 -0.470421 0.715982
v 0.548719 1.134068 -0.501262
vt 1.567072 1.161126
vn -0.480116 -0.329014 0.813165
v 0.537728 1.076209 -0.572395
vt 1.545410 1.177202
vn 0.451646 0.080332 -0.888573
v 0.517689 1.080349 -0.569086
vt 1.544568 1.170813
vn -0.548654 0.401165 -0.733516
v 0.530710 1.058012 -0.576042
vt 1.541068 1.177099
vn 0.462744 -0.023411 -0.886183
v 0.510479 1.061243 -0.573799
vt 1.539269 1.170530
vn -0.507811 0.322186 -0.798952
v 0.544556 1.093669 -0.566272
vt 1.549752 1.177306
vn 0.429624 0.186347 -0.883571
v 0.551745 1.112767 -0.557490
vt 1.555655 1.177212
vn 0.419439 0.310039 -0.853198
v 0.565430 1.148084 -0.531406
vt 1.567809 1.176251
vn 0.528559 0.441647 -0.724964
v 0.571589 1.163835 -0.514918
vt 1.574059 1.175386
vn 0.516727 0.545632 -0.659757
v 0.632566 1.014961 -0.455519
vt 1.451383 1.111258
vn 0.247358 0.297958 -0.921973
v 0.577693 1.025157 -0.479882
vt 1.469309 1.104800
vn 0.602696 -0.008601 -0.797925
v 0.542127 1.031298 -0.528038
vt 1.484262 1.100901
vn 0.844651 -0.192254 -0.499602
v 0.733615 0.988374 -0.432305
vt 1.426610 1.124838
vn 0.432825 0.814755 -0.385794
v 0.734116 0.973413 -0.463493
vt 1.423281 1.117587
vn 0.062716 0.287044 -0.955862
v 0.616678 0.979864 -0.458991
vt 1.450059 1.100985
vn -0.037579 -0.186792 -0.981680
v 0.783523 0.911646 -0.471351
vt 1.403784 1.112889
vn -0.173669 -0.220484 -0.959805
v 0.562320 0.991235 -0.481577
vt 1.468466 1.095133
vn 0.303300 -0.540940 -0.784470
v 0.534823 1.013985 -0.528338
vt 1.483914 1.096797
vn 0.550085 -0.647995 -0.526792
v 0.540849 0.976341 -0.458668
vt 1.466835 1.086206
vn -0.069373 -0.718523 -0.692034
v 0.606093 0.945739 -0.444536
vt 1.446622 1.091541
vn -0.233397 -0.560008 -0.794932
v 0.599914 0.924299 -0.416514
vt 1.443430 1.082854
vn -0.328802 -0.836660 -0.438051
v 0.522906 0.937963 -0.425115
vt 1.461947 1.073123
vn -0.043292 -0.624072 -0.780167
v 0.482670 0.944794 -0.427850
vt 1.471493 1.067878
vn -0.070385 -0.607195 -0.791429
v 0.494438 0.985405 -0.460213
vt 1.476879 1.078448
vn -0.082196 -0.641463 -0.762738
v 0.472780 0.888844 -0.428368
vt 1.819343 1.185137
vn 0.952109 0.287617 -0.103751
v 0.464817 0.896919 -0.429811
vt 1.822161 1.187675
vn -0.105937 0.994039 0.025784
v 0.472500 0.890883 -0.446298
vt 1.823420 1.182612
vn 0.954460 0.291987 0.061239
v 0.459393 0.897546 -0.446291
vt 1.825550 1.185817
vn -0.138816 0.982862 0.121291
v 0.477115 0.885913 -0.410397
vt 1.464531 1.054525
vn 0.601064 -0.546345 -0.583291
v 0.465994 0.896044 -0.415833
vt 1.468476 1.055228
vn -0.054416 0.462369 -0.885016
v 0.480087 0.936739 -0.424059
vt 1.470762 1.065785
vn 0.031593 -0.274441 -0.961085
v 0.526071 0.913298 -0.385268
vt 1.452761 1.064164
vn 0.292361 -0.956308 -0.000019
v 0.597172 0.916860 -0.385268
vt 1.440989 1.075019
vn -0.338891 -0.940826 -0.000059
v 0.527837 0.919352 -0.408776
vt 1.457291 1.068620
vn 0.220805 -0.876144 -0.428505
v 0.477115 0.885913 -0.410397
vt 1.815266 1.187661
vn 0.601064 -0.546345 -0.583291
v 0.469890 0.867325 -0.450686
vt 1.820023 1.177362
vn 0.784189 -0.607552 -0.126212
v 0.470086 0.865010 -0.429599
vt 1.815640 1.180245
vn 0.700899 -0.706728 -0.096316
v 0.469399 0.863547 -0.409491
vt 1.811258 1.183128
vn 0.736364 -0.671621 -0.081816
v 0.482285 0.883269 -0.385268
vt 1.809959 1.191671
vn 0.653381 -0.757030 0.000022
v 0.453976 0.858210 -0.431772
vt 1.813438 1.176857
vn -0.133379 -0.982175 -0.132446
v 0.453814 0.856657 -0.403561
vt 1.807446 1.180513
vn -0.090080 -0.995108 -0.040557
v 0.474229 0.879128 -0.476264
vt 1.826547 1.175089
vn 0.830061 -0.545329 -0.116684
v 0.479825 0.892226 -0.498690
vt 1.833071 1.172816
vn 0.817858 -0.551525 -0.164100
v 0.460126 0.874363 -0.483372
vt 1.825805 1.171089
vn -0.078386 -0.869296 -0.488037
v 0.466278 0.889126 -0.505228
vt 1.832179 1.168977
vn -0.070674 -0.784377 -0.616245
v 0.479826 0.906439 -0.487355
vt 1.834007 1.177300
vn 0.891548 0.217067 0.397523
v 0.475094 0.896516 -0.467963
vt 1.828713 1.179956
vn 0.924176 0.261768 0.278166
v 0.461434 0.903362 -0.466844
vt 1.830351 1.183305
vn -0.067711 0.917114 0.392833
v 0.467749 0.913981 -0.485500
vt 1.835152 1.180794
vn -0.006638 0.820438 0.571697
v 0.473251 0.927262 -0.502131
vt 1.840565 1.179790
vn -0.006612 0.715281 0.698806
v 0.485318 0.919933 -0.504791
vt 1.839868 1.176188
vn 0.861504 0.162975 0.480885
v 0.486039 0.907811 -0.516642
vt 1.839221 1.171906
vn 0.826692 -0.523239 -0.206887
v 0.473122 0.905958 -0.524373
vt 1.838727 1.168024
vn -0.040266 -0.693928 -0.718917
v 0.500869 0.945486 -0.545450
vt 1.851633 1.171018
vn 0.858555 -0.463037 -0.220179
v 0.488763 0.944949 -0.554315
vt 1.851565 1.167056
vn 0.079952 -0.537966 -0.839166
v 0.493169 0.926194 -0.531453
vt 1.845371 1.170996
vn 0.848490 -0.488224 -0.204210
v 0.480841 0.925239 -0.540578
vt 1.845276 1.167071
vn 0.020698 -0.619020 -0.785102
v 0.498120 0.954026 -0.530782
vt 1.851560 1.175113
vn 0.780725 0.067982 0.621166
v 0.491529 0.936450 -0.519087
vt 1.845728 1.175076
vn 0.817289 0.120178 0.563557
v 0.484809 0.960921 -0.527900
vt 1.851474 1.178893
vn -0.054112 0.518291 0.853491
v 0.478735 0.943266 -0.516071
vt 1.845978 1.178787
vn -0.022237 0.610871 0.791418
v 0.504962 1.017651 -0.543363
vt 1.865810 1.181706
vn -0.638364 -0.224517 0.736263
v 0.518788 1.011006 -0.544432
vt 1.868092 1.178118
vn 0.405184 -0.818903 0.406478
v 0.497940 1.002143 -0.545435
vt 1.861391 1.180353
vn -0.272714 0.252881 0.928266
v 0.512161 0.994883 -0.547368
vt 1.862742 1.176634
vn 0.642744 -0.143435 0.752533
v 0.517123 0.991639 -0.559087
vt 1.864685 1.173027
vn 0.895402 -0.384242 -0.224975
v 0.528858 1.017810 -0.558836
vt 1.871475 1.175014
vn 0.843751 -0.420706 -0.333302
v 0.508947 1.016147 -0.531009
vt 1.867798 1.183087
vn -0.300994 -0.901411 -0.311226
v 0.522196 1.011235 -0.529007
vt 1.870252 1.182085
vn -0.103956 -0.917153 -0.384739
v 0.534823 1.013985 -0.528338
vt 1.872844 1.181958
vn 0.550085 -0.647995 -0.526792
v 0.542127 1.031298 -0.528038
vt 1.877114 1.181293
vn 0.844651 -0.192254 -0.499602
v 0.535960 1.036119 -0.558080
vt 1.877601 1.174356
vn 0.863696 -0.313531 -0.394623
v 0.523713 1.038754 -0.578273
vt 1.877183 1.169088
vn 0.450461 -0.130522 -0.883204
v 0.516797 1.019395 -0.577230
vt 1.871691 1.169333
vn 0.389441 -0.225602 -0.892995
v 0.523713 1.038754 -0.578273
vt 1.534955 1.176281
vn 0.450461 -0.130522 -0.883204
v 0.516797 1.019395 -0.577230
vt 1.528841 1.175463
vn 0.389441 -0.225602 -0.892995
v 0.506869 0.992098 -0.573408
vt 1.864773 1.168187
vn 0.288378 -0.293802 -0.911328
v 0.506869 0.992098 -0.573408
vt 1.521051 1.173087
vn 0.288378 -0.293802 -0.911328
v 0.530710 1.058012 -0.576042
vt 1.882675 1.168843
vn 0.462744 -0.023411 -0.886183
v 0.543061 1.054428 -0.556477
vt 1.883726 1.173699
vn 0.928476 -0.182132 -0.323667
v 0.537728 1.076209 -0.572395
vt 1.886227 1.167803
vn 0.451646 0.080332 -0.888573
v 0.549811 1.072533 -0.552284
vt 1.888044 1.172787
vn 0.917913 -0.282244 -0.278881
v 0.526635 1.070481 -0.543833
vt 1.888344 1.179780
vn -0.273416 0.483259 0.831688
v 0.542098 1.066564 -0.547060
vt 1.886232 1.175990
vn 0.853158 0.117457 0.508257
v 0.527670 1.060894 -0.524998
vt 1.885727 1.183427
vn -0.023715 0.875944 0.481829
v 0.544067 1.051751 -0.523364
vt 1.881966 1.182107
vn 0.815704 0.407403 -0.410669
v 0.547130 1.081745 -0.543106
vt 1.891463 1.175319
vn 0.352051 -0.541844 0.763194
v 0.534074 1.086883 -0.537783
vt 1.892910 1.179421
vn -0.302807 -0.375231 0.876076
v 0.540975 1.110777 -0.517265
vt 1.900496 1.178882
vn -0.528642 -0.490555 0.692744
v 0.555615 1.106227 -0.521644
vt 1.899596 1.174886
vn 0.455472 -0.677688 0.577307
v 0.537275 1.103091 -0.525874
vt 1.897476 1.179062
vn -0.505836 -0.453953 0.733523
v 0.553754 1.098219 -0.528990
vt 1.896694 1.174647
vn 0.361372 -0.653813 0.664785
v 0.562586 1.129157 -0.505433
vt 1.907146 1.174620
vn 0.492089 -0.590533 0.639624
v 0.548719 1.134068 -0.501262
vt 1.907869 1.178609
vn -0.480116 -0.329014 0.813165
v 0.568147 1.143107 -0.495926
vt 1.911795 1.174114
vn 0.356655 -0.693744 0.625713
v 0.552239 1.149125 -0.493199
vt 1.912222 1.178516
vn -0.515824 -0.470421 0.715982
v 0.556428 1.089136 -0.547076
vt 1.892362 1.171876
vn 0.922771 -0.284636 -0.259763
v 0.561168 1.101135 -0.541677
vt 1.895889 1.171187
vn 0.936905 -0.201026 -0.286004
v 0.573406 1.132078 -0.520447
vt 1.905926 1.170229
vn 0.963694 -0.224512 -0.144530
v 0.580279 1.150147 -0.504129
vt 1.912436 1.169960
vn 0.968761 -0.215223 -0.123209
v 0.551745 1.112767 -0.557490
vt 1.895113 1.165844
vn 0.419439 0.310039 -0.853198
v 0.544556 1.093669 -0.566272
vt 1.889779 1.166763
vn 0.429624 0.186347 -0.883571
v 0.565430 1.148084 -0.531406
vt 1.906426 1.164933
vn 0.528559 0.441647 -0.724964
v 0.571589 1.163835 -0.514918
vt 1.912405 1.164941
vn 0.516727 0.545632 -0.659757
v 0.548894 1.174712 -0.484801
vt 1.578034 1.164425
vn -0.976179 0.165588 0.140197
v 0.552838 1.185322 -0.465937
vt 1.583620 1.162967
vn -0.980444 0.166689 0.104613
v 0.556125 1.164080 -0.477390
vt 1.577433 1.160360
vn -0.556328 -0.616726 0.556909
v 0.559596 1.174582 -0.457840
vt 1.583154 1.159047
vn -0.580417 -0.692716 0.428090
v 0.556102 1.193758 -0.445487
vt 1.588911 1.160434
vn -0.982208 0.170195 0.079374
v 0.558341 1.199578 -0.424018
vt 1.594202 1.157902
vn -0.989426 0.133877 0.055793
v 0.562920 1.181353 -0.439902
vt 1.587691 1.156655
vn -0.599980 -0.734776 0.316430
v 0.565348 1.185737 -0.421131
vt 1.592228 1.154263
vn -0.603902 -0.766807 0.217506
v 0.566222 1.188910 -0.403284
vt 1.596208 1.151655
vn -0.624678 -0.772850 0.111717
v 0.559791 1.203867 -0.404738
vt 1.598573 1.155159
vn -0.988779 0.148062 0.019820
v 0.568663 1.213652 -0.406087
vt 1.600516 1.157869
vn -0.202722 0.973612 -0.104802
v 0.567008 1.209589 -0.426692
vt 1.595847 1.160692
vn -0.253712 0.947501 -0.194608
v 0.564310 1.203246 -0.450702
vt 1.590128 1.163544
vn -0.267435 0.921276 -0.282363
v 0.555879 1.182426 -0.494206
vt 1.578513 1.168143
vn -0.293427 0.826861 -0.479793
v 0.560413 1.193862 -0.473564
vt 1.584409 1.166396
vn -0.272652 0.882597 -0.382994
v 0.588081 1.210443 -0.408858
vt 1.602930 1.162767
vn 0.552622 0.823983 -0.125140
v 0.586007 1.206428 -0.432134
vt 1.597633 1.166131
vn 0.512048 0.824934 -0.239355
v 0.583685 1.199645 -0.455179
vt 1.591808 1.168941
vn 0.477996 0.804725 -0.352049
v 0.576630 1.177983 -0.496925
vt 1.580021 1.173568
vn 0.481843 0.658732 -0.577840
v 0.580478 1.189542 -0.477040
vt 1.585983 1.171750
vn 0.469041 0.748767 -0.468346
v 0.586007 1.206428 -0.432134
vt 1.935850 1.169045
vn 0.512048 0.824934 -0.239355
v 0.595432 1.190868 -0.428146
vt 1.934646 1.173668
vn 0.994871 -0.061609 -0.080220
v 0.588081 1.210443 -0.408858
vt 1.941387 1.171370
vn 0.552622 0.823983 -0.125140
v 0.596865 1.194427 -0.406797
vt 1.939759 1.175728
vn 0.998160 -0.036824 -0.048179
v 0.593181 1.185811 -0.450019
vt 1.929172 1.172130
vn 0.992063 -0.060722 -0.110105
v 0.583685 1.199645 -0.455179
vt 1.929936 1.167686
vn 0.477996 0.804725 -0.352049
v 0.589766 1.177318 -0.470506
vt 1.923698 1.170592
vn 0.985306 -0.113521 -0.127613
v 0.580478 1.189542 -0.477040
vt 1.924022 1.166327
vn 0.469041 0.748767 -0.468346
v 0.585585 1.165328 -0.488478
vt 1.918067 1.170276
vn 0.976018 -0.177035 -0.126674
v 0.576630 1.177983 -0.496925
vt 1.918213 1.165634
vn 0.481843 0.658732 -0.577840
v 0.566222 1.188910 -0.403284
vt 1.936786 1.184420
vn -0.624678 -0.772850 0.111717
v 0.585579 1.183530 -0.403930
vt 1.938450 1.179572
vn 0.225965 -0.970073 0.088876
v 0.565348 1.185737 -0.421131
vt 1.932563 1.182645
vn -0.603902 -0.766807 0.217506
v 0.583670 1.180521 -0.422408
vt 1.933886 1.177869
vn 0.228682 -0.957479 0.175892
v 0.581752 1.175762 -0.441059
vt 1.928956 1.176547
vn 0.254183 -0.930516 0.263687
v 0.562920 1.181353 -0.439902
vt 1.927839 1.181509
vn -0.599980 -0.734776 0.316430
v 0.559596 1.174582 -0.457840
vt 1.923115 1.180373
vn -0.580417 -0.692716 0.428090
v 0.578978 1.168555 -0.458845
vt 1.924026 1.175224
vn 0.253469 -0.891282 0.375991
v 0.556125 1.164080 -0.477390
vt 1.917668 1.179445
vn -0.556328 -0.616726 0.556909
v 0.574337 1.157754 -0.479038
vt 1.917911 1.174669
vn 0.264856 -0.819019 0.508979
v 0.522196 1.011235 -0.529007
vt 1.485624 1.094371
vn -0.103956 -0.917153 -0.384739
v 0.587187 1.074361 -0.408324
vt 1.468725 1.128768
vn 0.431448 0.887734 -0.160563
v 0.587996 1.075340 -0.385268
vt 1.467710 1.134056
vn 0.432702 0.901533 0.002673
v 0.656473 1.044854 -0.385268
vt 1.450777 1.133016
vn 0.494817 0.868997 0.000937
v 0.468736 0.994751 -0.385268
vt 1.523519 1.115899
vn -0.950322 0.311268 0.000019
v 0.453646 0.856248 -0.385268
vt 1.479771 1.119487
vn -0.042370 -0.999102 -0.000048
v 0.733297 0.993917 -0.385268
vt 1.428818 1.136342
vn 0.531286 0.847193 0.000063
v 0.482285 0.883269 -0.385268
vt 1.458496 1.052064
vn 0.653381 -0.757030 0.000022
v 0.469053 0.862627 -0.385268
vt 1.806155 1.186672
vn 0.617468 -0.786596 -0.000021
v 0.453646 0.856248 -0.385268
vt 1.803616 1.183231
vn -0.042370 -0.999102 -0.000048
v 0.815957 0.825762 -0.431219
vt 1.383385 1.096136
vn -0.405210 -0.851087 -0.333850
v 0.819671 0.817250 -0.385268
vt 1.379534 1.084646
vn -0.416791 -0.909002 -0.000020
v 0.798383 0.860282 -0.462169
vt 1.392866 1.104600
vn -0.330406 -0.607611 -0.722247
v 0.468085 0.946140 -0.412345
vt 1.623257 1.140758
vn -0.872615 0.277562 -0.401873
v 0.480087 0.936739 -0.424059
vt 1.622514 1.145635
vn -0.627588 0.056798 -0.776471
v 0.508947 1.016147 -0.531009
vt 1.654289 1.161948
vn -0.821798 -0.465294 -0.328862
v 0.500257 1.029247 -0.541664
vt 1.659155 1.161742
vn -0.899242 0.231979 0.370877
v 0.503054 1.029243 -0.534585
vt 1.657749 1.160388
vn -0.941679 -0.303881 -0.144559
v 0.535028 1.055140 -0.520832
vt 1.883603 1.183519
vn 0.426655 0.845629 -0.320745
v 0.527670 1.060894 -0.524998
vt 1.661029 1.150123
vn -0.514630 0.750168 0.415216
v 0.535028 1.055140 -0.520832
vt 1.659700 1.147862
vn 0.381837 0.842871 -0.379170
v 0.528007 1.057772 -0.518866
vt 1.659291 1.149807
vn 0.308309 0.899407 -0.309860
v 0.567260 1.064999 -0.465294
vt 1.635372 1.166732
vn 0.398733 0.828135 -0.393960
v 0.559105 1.072191 -0.460901
vt 1.635080 1.169810
vn 0.403304 0.825633 -0.394559
v 0.535028 1.055140 -0.520832
vt 1.650271 1.169642
vn 0.381837 0.842871 -0.379170
v 0.528007 1.057772 -0.518866
vt 1.650395 1.171639
vn 0.308309 0.899407 -0.309860
v 0.576269 1.068439 -0.448539
vt 1.630877 1.167504
vn 0.464824 0.815476 -0.344874
v 0.566563 1.075142 -0.446197
vt 1.631692 1.170193
vn 0.464738 0.813527 -0.349559
v 0.587187 1.074361 -0.408324
vt 1.621866 1.171206
vn 0.414218 0.902579 -0.117363
v 0.576846 1.078938 -0.408622
vt 1.623640 1.173315
vn 0.415291 0.900882 -0.126273
v 0.582721 1.071431 -0.430880
vt 1.626383 1.168275
vn 0.437908 0.870623 -0.224169
v 0.571998 1.076666 -0.431516
vt 1.628304 1.170575
vn 0.444597 0.863129 -0.239462
v 0.553455 1.083319 -0.342630
vt 1.558628 1.131460
vn -0.065223 0.992707 0.101381
v 0.513090 1.080331 -0.338793
vt 1.548423 1.129760
vn -0.283696 0.949076 0.137009
v 0.543352 1.079483 -0.320765
vt 1.554475 1.136500
vn -0.100104 0.971752 0.213724
v 0.520349 1.070502 -0.299839
vt 1.546953 1.140421
vn -0.371733 0.895377 0.245184
v 0.520349 1.070502 -0.299839
vt 1.546953 1.140421
vn -0.031428 0.845892 0.532428
v 0.543352 1.079483 -0.320765
vt 1.554475 1.136500
vn 0.140173 0.911885 0.385768
v 0.529239 1.064807 -0.290436
vt 1.547813 1.144082
vn -0.010415 0.854084 0.520031
v 0.559105 1.072191 -0.309634
vt 1.557365 1.140934
vn 0.139593 0.911688 0.386443
v 0.553455 1.083319 -0.342630
vt 1.558628 1.131460
vn 0.264775 0.949429 0.168758
v 0.566563 1.075142 -0.324338
vt 1.560287 1.137485
vn 0.229376 0.935806 0.267682
v 0.576509 1.078819 -0.361878
vt 1.565518 1.128263
vn 0.279857 0.956069 0.087242
v 0.582669 1.051409 -0.296940
vt 1.471039 1.111500
vn 0.576772 0.522060 0.628321
v 0.567260 1.064999 -0.305241
vt 1.474852 1.115927
vn 0.437063 0.806147 0.398877
v 0.653163 1.037044 -0.343836
vt 1.450104 1.122121
vn 0.459477 0.806827 0.371365
v 0.576269 1.068439 -0.321996
vt 1.472296 1.119703
vn 0.444468 0.801399 0.400260
v 0.544067 1.051751 -0.247171
vt 1.485304 1.105529
vn 0.815687 0.407382 0.410723
v 0.535028 1.055140 -0.249703
vt 1.487269 1.107195
vn 0.426591 0.845622 0.320849
v 0.484913 1.039045 -0.347569
vt 1.535782 1.126244
vn -0.928466 0.359460 0.093485
v 0.499720 1.068148 -0.340539
vt 1.543955 1.128665
vn -0.826527 0.548781 0.125271
v 0.509051 1.063749 -0.298847
vt 1.543742 1.139981
vn -0.614133 0.747657 0.252684
v 0.489722 1.034336 -0.312811
vt 1.534950 1.135558
vn -0.895074 0.406469 0.183374
v 0.483813 1.022064 -0.320603
vt 1.531487 1.133327
vn -0.951609 0.270358 0.146108
v 0.463365 0.967867 -0.366074
vt 1.516336 1.120868
vn -0.975085 0.217262 0.044797
v 0.461837 0.965829 -0.385268
vt 1.515490 1.115907
vn -0.975952 0.217985 0.000018
v 0.467708 0.989923 -0.370496
vt 1.522235 1.119734
vn -0.956772 0.279071 0.081898
v 0.445042 0.891555 -0.368607
vt 1.607852 1.139909
vn -0.893410 0.369990 0.254807
v 0.448280 0.899225 -0.367144
vt 1.610017 1.140028
vn -0.895932 0.344500 0.280404
v 0.465994 0.896044 -0.354702
vt 1.611271 1.145497
vn -0.607265 0.080264 0.790435
v 0.493654 1.029255 -0.212159
vt 1.531096 1.164585
vn -0.959785 0.277373 -0.043317
v 0.504962 1.017651 -0.227172
vt 1.529491 1.159306
vn -0.638279 -0.224488 -0.736346
v 0.500257 1.029247 -0.228872
vt 1.532903 1.159687
vn -0.924640 0.020262 -0.380302
v 0.508947 1.016147 -0.239526
vt 1.530010 1.156061
vn -0.301013 -0.901422 0.311175
v 0.498344 1.044478 -0.213092
vt 1.535357 1.165162
vn -0.929631 0.358395 -0.085669
v 0.485443 1.004012 -0.216269
vt 1.524214 1.163066
vn -0.893790 0.382783 -0.233703
v 0.497940 1.002143 -0.225100
vt 1.524429 1.158229
vn -0.272736 0.252859 -0.928266
v 0.559105 1.072191 -0.309634
vt 1.557365 1.140934
vn -0.130203 0.976278 0.172999
v 0.528007 1.057772 -0.251669
vt 1.544426 1.154366
vn -0.409209 0.902573 0.133830
v 0.529239 1.064807 -0.290436
vt 1.547813 1.144082
vn -0.246717 0.956021 0.158599
v 0.526210 1.112402 -0.234726
vt 1.556167 1.166435
vn -0.947416 0.152865 -0.281131
v 0.534074 1.086883 -0.232752
vt 1.551009 1.161826
vn -0.302769 -0.375141 -0.876128
v 0.532882 1.127945 -0.247609
vt 1.561594 1.165915
vn -0.956240 0.167891 -0.239622
v 0.537275 1.103091 -0.244661
vt 1.556147 1.162013
vn -0.505739 -0.453858 -0.733649
v 0.497983 1.027221 -0.195084
vt 1.530163 1.169198
vn -0.578217 0.122082 0.806698
v 0.487946 0.999423 -0.198677
vt 1.522712 1.167513
vn -0.599104 0.046363 0.799328
v 0.519274 1.096721 -0.224718
vt 1.550739 1.166955
vn -0.923646 0.205476 -0.323509
v 0.524575 1.098790 -0.208532
vt 1.549867 1.171096
vn -0.516101 0.486139 0.705201
v 0.513193 1.078543 -0.217944
vt 1.545179 1.166348
vn -0.948814 0.280777 -0.144625
v 0.517689 1.080349 -0.201449
vt 1.544568 1.170813
vn -0.548630 0.401192 0.733519
v 0.438756 0.889458 -0.315974
vt 1.491912 1.136852
vn -0.762820 0.645276 -0.041519
v 0.445042 0.891555 -0.368607
vt 1.493334 1.122400
vn -0.443732 0.895584 -0.032123
v 0.459393 0.897546 -0.324244
vt 1.497379 1.134345
vn -0.138799 0.982860 -0.121331
v 0.464817 0.896919 -0.340724
vt 1.497835 1.130674
vn -0.105921 0.994039 -0.025819
v 0.465994 0.896044 -0.354702
vt 1.498291 1.127004
vn -0.054439 0.462403 0.884997
v 0.461434 0.903362 -0.303691
vt 1.499790 1.139151
vn -0.067732 0.917131 -0.392789
v 0.443211 0.899395 -0.294323
vt 1.494828 1.142272
vn -0.776009 0.612799 -0.149292
v 0.453702 0.927366 -0.258489
vt 1.502448 1.151916
vn -0.767087 0.582059 -0.269785
v 0.473251 0.927262 -0.268404
vt 1.505968 1.147810
vn -0.006634 0.715271 -0.698816
v 0.461329 0.945593 -0.244271
vt 1.507153 1.156139
vn -0.787726 0.535977 -0.303672
v 0.478735 0.943266 -0.254464
vt 1.509735 1.151662
vn -0.022215 0.610885 -0.791407
v 0.467831 0.963125 -0.232408
vt 1.512243 1.158844
vn -0.828632 0.481872 -0.284902
v 0.484809 0.960921 -0.242635
vt 1.514551 1.154407
vn -0.054134 0.518274 -0.853499
v 0.475049 0.981628 -0.223013
vt 1.517333 1.161548
vn -0.860107 0.446878 -0.245999
v 0.491096 0.979910 -0.233184
vt 1.519366 1.157152
vn -0.102118 0.418897 -0.902274
v 0.435962 0.882629 -0.367309
vt 1.489887 1.123056
vn -0.976017 0.217369 0.011899
v 0.437253 0.885502 -0.342267
vt 1.490900 1.129954
vn -0.980218 0.197289 0.015787
v 0.436962 0.867323 -0.340096
vt 1.486613 1.130418
vn -0.824480 -0.555786 0.106466
v 0.438631 0.873421 -0.312910
vt 1.487843 1.137736
vn -0.812294 -0.524616 0.254864
v 0.436810 0.865914 -0.368662
vt 1.485384 1.123099
vn -0.821027 -0.569812 0.035052
v 0.441916 0.884098 -0.288901
vt 1.491171 1.143754
vn -0.773230 -0.476330 0.418599
v 0.462157 0.934134 -0.231380
vt 1.504219 1.159527
vn -0.693989 -0.247058 0.676270
v 0.454129 0.915419 -0.248063
vt 1.499360 1.154649
vn -0.713137 -0.324406 0.621447
v 0.469983 0.952794 -0.217723
vt 1.509740 1.162677
vn -0.662744 -0.182248 0.726331
v 0.478073 0.973043 -0.207035
vt 1.515262 1.165828
vn -0.625477 -0.067742 0.777296
v 0.488763 0.944949 -0.216220
vt 1.507043 1.167214
vn 0.079976 -0.538001 0.839141
v 0.497080 0.966114 -0.205391
vt 1.513262 1.170711
vn 0.168976 -0.408300 0.897072
v 0.473122 0.905958 -0.246162
vt 1.495457 1.158457
vn -0.040335 -0.694027 0.718818
v 0.480841 0.925239 -0.229957
vt 1.500824 1.163717
vn 0.020676 -0.619034 0.785092
v 0.460126 0.874363 -0.287164
vt 1.486562 1.146368
vn -0.078408 -0.869318 0.487993
v 0.455920 0.864072 -0.311872
vt 1.483034 1.139540
vn -0.107403 -0.941919 0.318202
v 0.453976 0.858210 -0.338763
vt 1.481681 1.131947
vn -0.133430 -0.982185 0.132325
v 0.540975 1.110777 -0.253270
vt 1.559289 1.161297
vn -0.528548 -0.490463 -0.692880
v 0.544450 1.118577 -0.261788
vt 1.562432 1.160581
vn -0.475177 -0.376854 -0.795103
v 0.537884 1.136177 -0.228748
vt 1.561249 1.171449
vn -0.509197 0.621082 0.595798
v 0.531468 1.118211 -0.217220
vt 1.555558 1.171272
vn -0.508056 0.563108 0.651758
v 0.538554 1.145600 -0.258014
vt 1.567021 1.165899
vn -0.952646 0.195865 -0.232598
v 0.544365 1.153169 -0.242054
vt 1.566933 1.170670
vn -0.437052 0.682291 0.586059
v 0.548719 1.134068 -0.269273
vt 1.567072 1.161126
vn -0.480082 -0.328983 -0.813199
v 0.537728 1.076209 -0.198140
vt 1.545410 1.177202
vn 0.451544 0.080261 0.888632
v 0.544556 1.093669 -0.204263
vt 1.549752 1.177306
vn 0.429576 0.186268 0.883611
v 0.551745 1.112767 -0.213045
vt 1.555655 1.177212
vn 0.419405 0.310007 0.853226
v 0.558380 1.130352 -0.224938
vt 1.561559 1.177117
vn 0.491341 0.375536 0.785848
v 0.565430 1.148084 -0.239129
vt 1.567809 1.176251
vn 0.528462 0.441553 0.725093
v 0.577693 1.025157 -0.290653
vt 1.469309 1.104800
vn 0.602682 -0.008623 0.797935
v 0.632566 1.014961 -0.315016
vt 1.451383 1.111258
vn 0.247269 0.297865 0.922027
v 0.542127 1.031298 -0.242497
vt 1.484262 1.100901
vn 0.844629 -0.192231 0.499650
v 0.734116 0.973413 -0.307043
vt 1.423281 1.117587
vn 0.062693 0.286967 0.955887
v 0.733615 0.988374 -0.338230
vt 1.426610 1.124838
vn 0.432805 0.814740 0.385848
v 0.783523 0.911646 -0.299185
vt 1.403784 1.112889
vn -0.173742 -0.220519 0.959784
v 0.616678 0.979864 -0.311544
vt 1.450059 1.100985
vn -0.037637 -0.186823 0.981672
v 0.562320 0.991235 -0.288958
vt 1.468466 1.095133
vn 0.303270 -0.540905 0.784505
v 0.534823 1.013985 -0.242197
vt 1.483914 1.096797
vn 0.550057 -0.648019 0.526790
v 0.606093 0.945739 -0.325999
vt 1.446622 1.091541
vn -0.233426 -0.560043 0.794899
v 0.540849 0.976341 -0.311867
vt 1.466835 1.086206
vn -0.069443 -0.718620 0.691927
v 0.522906 0.937963 -0.345420
vt 1.461947 1.073123
vn -0.043316 -0.624155 0.780099
v 0.599914 0.924299 -0.354022
vt 1.443430 1.082854
vn -0.328817 -0.836712 0.437942
v 0.494438 0.985405 -0.310322
vt 1.476879 1.078448
vn -0.082220 -0.641546 0.762665
v 0.482670 0.944794 -0.342685
vt 1.471493 1.067878
vn -0.071344 -0.606974 0.791513
v 0.464817 0.896919 -0.340724
vt 1.822161 1.187675
vn -0.105921 0.994039 -0.025819
v 0.465994 0.896044 -0.354702
vt 1.818772 1.189533
vn -0.054439 0.462403 0.884997
v 0.472780 0.888844 -0.342167
vt 1.819343 1.185137
vn 0.952108 0.287574 0.103881
v 0.477115 0.885913 -0.360139
vt 1.815266 1.187661
vn 0.601090 -0.546318 0.583290
v 0.480087 0.936739 -0.346476
vt 1.470762 1.065785
vn 0.031573 -0.274413 0.961093
v 0.465994 0.896044 -0.354702
vt 1.468476 1.055228
vn -0.054439 0.462403 0.884997
v 0.477115 0.885913 -0.360139
vt 1.464531 1.054525
vn 0.601090 -0.546318 0.583290
v 0.527837 0.919352 -0.361759
vt 1.457291 1.068620
vn 0.220779 -0.876154 0.428499
v 0.469890 0.867325 -0.319849
vt 1.820023 1.177362
vn 0.784208 -0.607526 0.126212
v 0.472500 0.890883 -0.324237
vt 1.823420 1.182612
vn 0.954464 0.291990 -0.061155
v 0.469399 0.863547 -0.361044
vt 1.811258 1.183128
vn 0.736366 -0.671624 0.081768
v 0.470086 0.865010 -0.340936
vt 1.815640 1.180245
vn 0.700876 -0.706751 0.096316
v 0.455920 0.864072 -0.311872
vt 1.819431 1.173201
vn -0.107403 -0.941919 0.318202
v 0.453976 0.858210 -0.338763
vt 1.813438 1.176857
vn -0.133430 -0.982185 0.132325
v 0.460126 0.874363 -0.287164
vt 1.825805 1.171089
vn -0.078408 -0.869318 0.487993
v 0.474229 0.879128 -0.294271
vt 1.826547 1.175089
vn 0.830078 -0.545303 0.116683
v 0.475094 0.896516 -0.302572
vt 1.828713 1.179956
vn 0.924204 0.261824 -0.278021
v 0.459393 0.897546 -0.324244
vt 1.825550 1.185817
vn -0.138799 0.982860 -0.121331
v 0.461434 0.903362 -0.303691
vt 1.830351 1.183305
vn -0.067732 0.917131 -0.392789
v 0.491529 0.936450 -0.251448
vt 1.845728 1.175076
vn 0.817252 0.119911 -0.563667
v 0.478735 0.943266 -0.254464
vt 1.845978 1.178787
vn -0.022215 0.610885 -0.791407
v 0.485318 0.919933 -0.265744
vt 1.839868 1.176188
vn 0.861569 0.163043 -0.480745
v 0.473251 0.927262 -0.268404
vt 1.840565 1.179790
vn -0.006634 0.715271 -0.698816
v 0.493169 0.926194 -0.239082
vt 1.845371 1.170996
vn 0.848495 -0.488237 0.204159
v 0.486039 0.907811 -0.253893
vt 1.839221 1.171906
vn 0.826686 -0.523227 0.206939
v 0.480841 0.925239 -0.229957
vt 1.845276 1.167071
vn 0.020676 -0.619034 0.785092
v 0.473122 0.905958 -0.246162
vt 1.838727 1.168024
vn -0.040335 -0.694027 0.718818
v 0.497080 0.966114 -0.205391
vt 1.857855 1.167041
vn 0.168976 -0.408300 0.897072
v 0.508783 0.966505 -0.215546
vt 1.857894 1.171041
vn 0.887870 -0.397841 0.231104
v 0.488763 0.944949 -0.216220
vt 1.851565 1.167056
vn 0.079976 -0.538001 0.839141
v 0.500869 0.945486 -0.225085
vt 1.851633 1.171018
vn 0.858571 -0.463010 0.220177
v 0.498120 0.954026 -0.239753
vt 1.851560 1.175113
vn 0.780754 0.068005 -0.621127
v 0.504910 0.972968 -0.230564
vt 1.857392 1.175150
vn 0.719451 0.026902 -0.694022
v 0.484809 0.960921 -0.242635
vt 1.851474 1.178893
vn -0.054134 0.518274 -0.853499
v 0.491096 0.979910 -0.233184
vt 1.856971 1.178999
vn -0.102118 0.418897 -0.902274
v 0.512161 0.994883 -0.223167
vt 1.862742 1.176634
vn 0.642710 -0.143409 -0.752567
v 0.518788 1.011005 -0.226103
vt 1.868092 1.178118
vn 0.405155 -0.818919 -0.406474
v 0.497940 1.002143 -0.225100
vt 1.861391 1.180353
vn -0.272736 0.252859 -0.928266
v 0.504962 1.017651 -0.227172
vt 1.865810 1.181706
vn -0.638279 -0.224488 -0.736346
v 0.528858 1.017810 -0.211699
vt 1.871475 1.175014
vn 0.843764 -0.420724 0.333249
v 0.517123 0.991639 -0.211449
vt 1.864685 1.173027
vn 0.895445 -0.384117 0.225015
v 0.522196 1.011235 -0.241528
vt 1.870252 1.182085
vn -0.104111 -0.917180 0.384631
v 0.508947 1.016147 -0.239526
vt 1.867798 1.183087
vn -0.301013 -0.901422 0.311175
v 0.534823 1.013985 -0.242197
vt 1.872844 1.181958
vn 0.550057 -0.648019 0.526790
v 0.543061 1.054428 -0.214058
vt 1.883726 1.173699
vn 0.928464 -0.182112 0.323714
v 0.542127 1.031298 -0.242497
vt 1.877114 1.181293
vn 0.844629 -0.192231 0.499650
v 0.535960 1.036119 -0.212455
vt 1.877601 1.174356
vn 0.863680 -0.313509 0.394675
v 0.523713 1.038754 -0.192262
vt 1.877183 1.169088
vn 0.450480 -0.130499 0.883198
v 0.530710 1.058012 -0.194493
vt 1.882675 1.168843
vn 0.462777 -0.023433 0.886165
v 0.504233 1.044299 -0.194371
vt 1.534716 1.169864
vn -0.513493 0.220055 0.829398
v 0.510479 1.061243 -0.196736
vt 1.539269 1.170530
vn -0.507777 0.322155 0.798986
v 0.523713 1.038754 -0.192262
vt 1.534955 1.176281
vn 0.450480 -0.130499 0.883198
v 0.530710 1.058012 -0.194493
vt 1.541068 1.177099
vn 0.462777 -0.023433 0.886165
v 0.506869 0.992098 -0.197127
vt 1.864773 1.168187
vn 0.288409 -0.293833 0.911308
v 0.516797 1.019395 -0.193305
vt 1.871691 1.169333
vn 0.389475 -0.225631 0.892973
v 0.506869 0.992098 -0.197127
vt 1.521051 1.173087
vn 0.288409 -0.293833 0.911308
v 0.516797 1.019395 -0.193305
vt 1.528841 1.175463
vn 0.389475 -0.225631 0.892973
v 0.549811 1.072533 -0.218251
vt 1.888044 1.172787
vn 0.917903 -0.282225 0.278930
v 0.537728 1.076209 -0.198140
vt 1.886227 1.167803
vn 0.451544 0.080261 0.888632
v 0.556428 1.089136 -0.223459
vt 1.892362 1.171876
vn 0.922763 -0.284618 0.259812
v 0.544556 1.093669 -0.204263
vt 1.889779 1.166763
vn 0.429576 0.186268 0.883611
v 0.544067 1.051751 -0.247171
vt 1.881966 1.182107
vn 0.815687 0.407382 0.410723
v 0.542098 1.066564 -0.223475
vt 1.886232 1.175990
vn 0.853228 0.117525 -0.508123
v 0.527670 1.060893 -0.245537
vt 1.885727 1.183427
vn -0.023737 0.875939 -0.481838
v 0.526635 1.070481 -0.226702
vt 1.888344 1.179780
vn -0.273446 0.483294 -0.831658
v 0.534074 1.086883 -0.232752
vt 1.892910 1.179421
vn -0.302769 -0.375141 -0.876128
v 0.547130 1.081745 -0.227429
vt 1.891463 1.175319
vn 0.352078 -0.541822 -0.763198
v 0.537275 1.103091 -0.244661
vt 1.897476 1.179062
vn -0.505739 -0.453858 -0.733649
v 0.553754 1.098219 -0.241545
vt 1.896694 1.174647
vn 0.361344 -0.653834 -0.664780
v 0.555615 1.106227 -0.248891
vt 1.899596 1.174886
vn 0.455444 -0.677710 -0.577304
v 0.557452 1.114159 -0.256377
vt 1.902497 1.175125
vn 0.526070 -0.610319 -0.592251
v 0.540975 1.110777 -0.253270
vt 1.900496 1.178882
vn -0.528548 -0.490463 -0.692880
v 0.544450 1.118577 -0.261788
vt 1.903517 1.178702
vn -0.475177 -0.376854 -0.795103
v 0.548719 1.134068 -0.269273
vt 1.907869 1.178609
vn -0.480082 -0.328983 -0.813199
v 0.562586 1.129157 -0.265102
vt 1.907146 1.174620
vn 0.492062 -0.590558 -0.639622
v 0.561168 1.101135 -0.228858
vt 1.895889 1.171187
vn 0.936898 -0.201051 0.286008
v 0.565619 1.112357 -0.235994
vt 1.899416 1.170499
vn 0.955117 -0.215945 0.202780
v 0.573406 1.132078 -0.250088
vt 1.905926 1.170229
vn 0.963696 -0.224528 0.144486
v 0.551745 1.112767 -0.213045
vt 1.895113 1.165844
vn 0.419405 0.310007 0.853226
v 0.558380 1.130352 -0.224938
vt 1.900448 1.164925
vn 0.491341 0.375536 0.785848
v 0.565430 1.148084 -0.239129
vt 1.906426 1.164933
vn 0.528462 0.441553 0.725093
v 0.556125 1.164080 -0.293145
vt 1.577433 1.160360
vn -0.556252 -0.616650 -0.557070
v 0.548894 1.174712 -0.285734
vt 1.578034 1.164425
vn -0.976183 0.165566 -0.140195
v 0.552239 1.149125 -0.277336
vt 1.571712 1.161672
vn -0.515779 -0.470273 -0.716111
v 0.543842 1.160694 -0.269577
vt 1.572448 1.165884
vn -0.964402 0.184655 -0.189290
v 0.562920 1.181353 -0.330633
vt 1.587691 1.156655
vn -0.599978 -0.734729 -0.316543
v 0.556102 1.193758 -0.325048
vt 1.588911 1.160434
vn -0.982198 0.170291 -0.079300
v 0.559596 1.174582 -0.312695
vt 1.583154 1.159047
vn -0.580398 -0.692697 -0.428146
v 0.552838 1.185322 -0.304598
vt 1.583620 1.162967
vn -0.980437 0.166679 -0.104695
v 0.559702 1.203623 -0.365767
vt 1.598573 1.155159
vn -0.989441 0.143476 -0.020504
v 0.566140 1.188721 -0.367234
vt 1.596208 1.151655
vn -0.623464 -0.773768 -0.112141
v 0.560223 1.205357 -0.385267
vt 1.602943 1.152416
vn -0.987121 0.159971 -0.000928
v 0.566163 1.189925 -0.385267
vt 1.600187 1.149046
vn -0.637199 -0.770678 -0.005759
v 0.568561 1.213408 -0.364421
vt 1.600516 1.157869
vn -0.203837 0.973307 0.105470
v 0.569151 1.214923 -0.385267
vt 1.605186 1.155046
vn -0.181027 0.983463 0.005373
v 0.564310 1.203245 -0.319833
vt 1.590128 1.163544
vn -0.267417 0.921267 0.282412
v 0.560413 1.193862 -0.296971
vt 1.584409 1.166396
vn -0.272624 0.882607 0.382988
v 0.550247 1.168050 -0.257709
vt 1.572617 1.169890
vn -0.347534 0.759266 0.550214
v 0.555879 1.182426 -0.276329
vt 1.578513 1.168143
vn -0.293399 0.826875 0.479786
v 0.587968 1.210165 -0.361653
vt 1.602930 1.162767
vn 0.553191 0.823681 0.124614
v 0.588861 1.211285 -0.385267
vt 1.608227 1.159404
vn 0.569477 0.821986 0.005949
v 0.583685 1.199645 -0.315356
vt 1.591808 1.168941
vn 0.477988 0.804680 0.352161
v 0.580478 1.189542 -0.293495
vt 1.585983 1.171750
vn 0.469025 0.748706 0.468459
v 0.576630 1.177983 -0.273610
vt 1.580021 1.173568
vn 0.481764 0.658653 0.577996
v 0.571589 1.163835 -0.255617
vt 1.574059 1.175386
vn 0.516694 0.545547 0.659853
v 0.596772 1.194209 -0.363718
vt 1.939759 1.175728
vn 0.998037 -0.040128 0.048084
v 0.587968 1.210165 -0.361653
vt 1.941387 1.171370
vn 0.553191 0.823681 0.124614
v 0.597230 1.195486 -0.385267
vt 1.944872 1.177787
vn 0.999508 -0.031312 0.001907
v 0.588861 1.211285 -0.385267
vt 1.946924 1.173695
vn 0.569477 0.821986 0.005949
v 0.583685 1.199645 -0.315356
vt 1.929936 1.167686
vn 0.477988 0.804680 0.352161
v 0.593181 1.185811 -0.320516
vt 1.929172 1.172130
vn 0.992065 -0.060703 0.110103
v 0.580478 1.189542 -0.293495
vt 1.924022 1.166327
vn 0.469025 0.748706 0.468459
v 0.589766 1.177318 -0.300029
vt 1.923698 1.170592
vn 0.985309 -0.113538 0.127573
v 0.576630 1.177983 -0.273610
vt 1.918213 1.165634
vn 0.481764 0.658653 0.577996
v 0.585585 1.165328 -0.282057
vt 1.918067 1.170276
vn 0.976016 -0.177019 0.126715
v 0.571589 1.163835 -0.255617
vt 1.912405 1.164941
vn 0.516694 0.545547 0.659853
v 0.580279 1.150147 -0.266406
vt 1.912436 1.169960
vn 0.968767 -0.215199 0.123208
v 0.585481 1.183331 -0.366586
vt 1.938450 1.179572
vn 0.222765 -0.970771 -0.089321
v 0.586366 1.184271 -0.385268
vt 1.943015 1.181274
vn 0.221498 -0.975150 -0.004601
v 0.566140 1.188721 -0.367234
vt 1.936786 1.184420
vn -0.623464 -0.773768 -0.112141
v 0.566163 1.189925 -0.385267
vt 1.941009 1.186196
vn -0.637199 -0.770678 -0.005759
v 0.581752 1.175762 -0.329476
vt 1.928956 1.176547
vn 0.254165 -0.930508 -0.263734
v 0.578978 1.168555 -0.311690
vt 1.924026 1.175224
vn 0.253454 -0.891242 -0.376096
v 0.562920 1.181353 -0.330633
vt 1.927839 1.181509
vn -0.599978 -0.734729 -0.316543
v 0.559596 1.174582 -0.312695
vt 1.923115 1.180373
vn -0.580398 -0.692697 -0.428146
v 0.574337 1.157754 -0.291497
vt 1.917911 1.174669
vn 0.264884 -0.819005 -0.508986
v 0.556125 1.164080 -0.293145
vt 1.917668 1.179445
vn -0.556252 -0.616650 -0.557070
v 0.568147 1.143107 -0.274609
vt 1.911795 1.174114
vn 0.356683 -0.693725 -0.625718
v 0.552239 1.149125 -0.277336
vt 1.912222 1.178516
vn -0.515779 -0.470273 -0.716111
v 0.522196 1.011235 -0.241528
vt 1.485624 1.094371
vn -0.104111 -0.917180 0.384631
v 0.586866 1.074190 -0.362176
vt 1.468725 1.128768
vn 0.429620 0.888515 0.161144
v 0.453814 0.856657 -0.366974
vt 1.480328 1.124353
vn -0.090127 -0.995108 0.040452
v 0.453814 0.856657 -0.366974
vt 1.807446 1.180513
vn -0.090127 -0.995108 0.040452
v 0.815957 0.825762 -0.339316
vt 1.383385 1.096136
vn -0.405218 -0.851126 0.333739
v 0.798383 0.860282 -0.308366
vt 1.392866 1.104600
vn -0.330436 -0.607644 0.722206
v 0.468018 0.945981 -0.358221
vt 1.510304 1.123613
vn -0.956328 -0.281505 0.078688
v 0.463365 0.967867 -0.366074
vt 1.516336 1.120868
vn -0.956954 -0.272520 0.099860
v 0.480087 0.936739 -0.346476
vt 1.622514 1.145635
vn -0.627536 0.056960 0.776501
v 0.468018 0.945981 -0.358221
vt 1.623212 1.140755
vn -0.872289 0.277860 0.402375
v 0.503054 1.029243 -0.235950
vt 1.657749 1.160388
vn -0.941685 -0.303926 0.144423
v 0.500257 1.029247 -0.228872
vt 1.659155 1.161742
vn -0.899227 0.231958 -0.370926
v 0.508947 1.016147 -0.239526
vt 1.654289 1.161948
vn -0.821839 -0.465300 0.328750
v 0.535028 1.055140 -0.249703
vt 1.883603 1.183519
vn 0.426591 0.845622 0.320849
v 0.528007 1.057772 -0.251669
vt 1.659291 1.149807
vn 0.308290 0.899396 0.309911
v 0.535028 1.055140 -0.249703
vt 1.659700 1.147862
vn 0.381826 0.842826 0.379280
v 0.527670 1.060893 -0.245537
vt 1.661029 1.150123
vn -0.514601 0.750189 -0.415214
v 0.528007 1.057772 -0.251669
vt 1.650395 1.171639
vn 0.308290 0.899396 0.309911
v 0.559105 1.072191 -0.309634
vt 1.635080 1.169810
vn 0.403292 0.825585 0.394671
v 0.535028 1.055140 -0.249703
vt 1.650271 1.169642
vn 0.381826 0.842826 0.379280
v 0.567260 1.064999 -0.305241
vt 1.635372 1.166732
vn 0.398663 0.828119 0.394064
v 0.566563 1.075142 -0.324338
vt 1.631692 1.170193
vn 0.464673 0.813519 0.349666
v 0.571998 1.076666 -0.339019
vt 1.628304 1.170575
vn 0.445718 0.864039 0.234036
v 0.576269 1.068439 -0.321996
vt 1.630877 1.167504
vn 0.464781 0.815407 0.345095
v 0.582721 1.071431 -0.339655
vt 1.626383 1.168275
vn 0.439371 0.871582 0.217481
v 0.576509 1.078819 -0.361878
vt 1.623640 1.173315
vn 0.416769 0.900302 0.125539
v 0.577845 1.079859 -0.385268
vt 1.618976 1.176054
vn 0.407267 0.913290 0.005931
v 0.586866 1.074190 -0.362176
vt 1.621866 1.171206
vn 0.415717 0.901813 0.117954
v 0.587996 1.075340 -0.385268
vt 1.617348 1.174137
vn 0.407215 0.913316 0.005524
v 0.503471 1.055680 -0.557337
vt 1.538620 1.165605
vn -0.889721 0.438072 0.128411
v 0.537884 1.136177 -0.541787
vt 1.561249 1.171449
vn -0.509225 0.621058 -0.595799
v 0.558380 1.130352 -0.545597
vt 1.561559 1.177117
vn 0.491443 0.375631 -0.785739
v 0.565619 1.112357 -0.534541
vt 1.899416 1.170499
vn 0.955111 -0.215927 -0.202825
v 0.558380 1.130352 -0.545597
vt 1.900448 1.164925
vn 0.491443 0.375631 -0.785739
v 0.557452 1.114160 -0.514158
vt 1.902497 1.175125
vn 0.526043 -0.610292 0.592303
v 0.544450 1.118577 -0.508747
vt 1.903517 1.178702
vn -0.475221 -0.376944 0.795034
v 0.465994 0.896044 -0.415833
vt 1.818772 1.189533
vn -0.054416 0.462369 -0.885016
v 0.438631 0.873421 -0.457625
vt 1.487843 1.137736
vn -0.812297 -0.524561 -0.254969
v 0.455920 0.864072 -0.458663
vt 1.483034 1.139540
vn -0.107389 -0.941872 -0.318347
v 0.455920 0.864072 -0.458663
vt 1.819431 1.173201
vn -0.107389 -0.941872 -0.318347
v 0.503471 1.055680 -0.213198
vt 1.538620 1.165605
vn -0.889722 0.438084 -0.128363
v 0.508619 1.060996 -0.215462
vt 1.540655 1.165061
vn -0.836426 0.501789 -0.220451
v 0.526635 1.070481 -0.226702
vt 1.545872 1.161640
vn -0.273446 0.483294 -0.831658
v 0.475049 0.981628 -0.547522
vt 1.517333 1.161548
vn -0.860122 0.446850 0.245996
v 0.478073 0.973043 -0.563500
vt 1.515262 1.165828
vn -0.625373 -0.067671 -0.777386
v 0.491096 0.979910 -0.537351
vt 1.519366 1.157152
vn -0.102140 0.418878 0.902280
v 0.491096 0.979910 -0.537351
vt 1.856971 1.178999
vn -0.102140 0.418878 0.902280
v 0.504910 0.972968 -0.539971
vt 1.857392 1.175150
vn 0.719419 0.026880 0.694056
v 0.508783 0.966505 -0.554989
vt 1.857894 1.171041
vn 0.887883 -0.397814 -0.231101
v 0.497080 0.966114 -0.565144
vt 1.857855 1.167041
vn 0.168952 -0.408320 -0.897067
v 0.497080 0.966114 -0.565144
vt 1.513262 1.170711
vn 0.168952 -0.408320 -0.897067
v 0.467749 0.913981 -0.285036
vt 1.502201 1.143957
vn -0.006617 0.820412 -0.571735
v 0.447217 0.911533 -0.275610
vt 1.497744 1.147693
vn -0.761644 0.609277 -0.220635
v 0.467749 0.913981 -0.285036
vt 1.835152 1.180794
vn -0.006617 0.820412 -0.571735
v 0.479826 0.906439 -0.283180
vt 1.834007 1.177300
vn 0.891572 0.217136 -0.397431
v 0.479825 0.892226 -0.271845
vt 1.833071 1.172816
vn 0.817839 -0.551552 0.164101
v 0.466278 0.889126 -0.265307
vt 1.832179 1.168977
vn -0.070744 -0.784425 0.616175
v 0.447263 0.898934 -0.267540
vt 1.494500 1.149772
vn -0.743321 -0.404215 0.532995
v 0.466278 0.889126 -0.265307
vt 1.490089 1.153197
vn -0.070744 -0.784425 0.616175
v 0.565348 1.185737 -0.349404
vt 1.592228 1.154263
vn -0.604595 -0.767713 -0.212324
v 0.558341 1.199578 -0.346517
vt 1.594202 1.157902
vn -0.989285 0.135486 -0.054393
v 0.565348 1.185737 -0.349404
vt 1.932563 1.182645
vn -0.604595 -0.767713 -0.212324
v 0.583670 1.180521 -0.348128
vt 1.933886 1.177869
vn 0.228975 -0.958194 -0.171565
v 0.595432 1.190868 -0.342389
vt 1.934646 1.173668
vn 0.995176 -0.059227 0.078203
v 0.586007 1.206428 -0.338401
vt 1.935850 1.169045
vn 0.512225 0.826151 0.234737
v 0.567008 1.209589 -0.343843
vt 1.595847 1.160692
vn -0.251616 0.949028 0.189831
v 0.586007 1.206428 -0.338401
vt 1.597633 1.166131
vn 0.512225 0.826151 0.234737
v 0.582721 1.071431 -0.430880
vt 1.469740 1.123480
vn 0.436508 0.863348 -0.253161
v 0.582721 1.071431 -0.339655
vt 1.469740 1.123480
vn 0.436882 0.864853 0.247314
v 0.571998 1.076666 -0.339019
vt 1.563210 1.134036
vn 0.302975 0.937489 0.171230
v 0.571998 1.076666 -0.431516
vt 1.563210 1.134036
vn 0.301824 0.936912 -0.176348
v 0.465335 0.972624 -0.412477
vt 1.517730 1.122995
vn -0.888411 -0.060498 -0.455045
v 0.471199 0.953914 -0.416648
vt 1.512715 1.124680
vn -0.887671 -0.065263 -0.455830
v 0.471199 0.953914 -0.416648
vt 1.625669 1.141331
vn -0.741780 -0.250693 -0.622026
v 0.482670 0.944794 -0.427850
vt 1.624906 1.146002
vn -0.741767 -0.258852 -0.618690
v 0.471152 0.953789 -0.354009
vt 1.625626 1.141313
vn -0.741744 -0.249744 0.622450
v 0.482670 0.944794 -0.342685
vt 1.624906 1.146002
vn -0.741819 -0.258605 0.618730
v 0.465335 0.972624 -0.358058
vt 1.517730 1.122995
vn -0.888322 -0.060435 0.455226
v 0.471152 0.953789 -0.354009
vt 1.512679 1.124646
vn -0.887469 -0.065026 0.456256
v 0.465335 0.972624 -0.358058
vt 1.517730 1.122995
vn -0.956612 0.255959 0.139211
v 0.468085 0.946140 -0.412345
vt 1.510353 1.123617
vn -0.872615 0.277562 -0.401873
v 0.471868 0.943847 -0.385268
vt 1.509113 1.116487
vn -0.899091 0.437762 0.000306
v 0.448280 0.899225 -0.403391
vt 1.495725 1.122571
vn -0.896003 0.344488 -0.280190
v 0.447202 0.897540 -0.385268
vt 1.494652 1.117887
vn -0.899821 0.436260 0.000102
v 0.448280 0.899225 -0.367144
vt 1.495725 1.122571
vn -0.895932 0.344500 0.280404
v 0.468018 0.945981 -0.358221
vt 1.510304 1.123613
vn -0.872289 0.277860 0.402375
v 0.497346 0.993602 -0.471149
vt 1.478698 1.081136
vn -0.239061 -0.881653 -0.406865
v 0.508947 1.016147 -0.531009
vt 1.488654 1.092272
vn -0.300994 -0.901411 -0.311226
v 0.497346 0.993602 -0.299387
vt 1.478698 1.081136
vn -0.239125 -0.881704 0.406716
v 0.508947 1.016147 -0.239526
vt 1.488654 1.092272
vn -0.301013 -0.901422 0.311175
v 0.490538 1.004525 -0.469926
vt 1.642727 1.148852
vn -0.813157 -0.458962 -0.357951
v 0.487437 0.997161 -0.458797
vt 1.640496 1.147442
vn -0.748986 -0.319168 -0.580647
v 0.497346 0.993602 -0.471149
vt 1.641234 1.151580
vn -0.809993 -0.455191 -0.369746
v 0.494438 0.985405 -0.460213
vt 1.637985 1.149927
vn -0.744865 -0.303360 -0.594263
v 0.487437 0.997161 -0.458797
vt 1.525454 1.136341
vn -0.896753 -0.036058 -0.441060
v 0.490538 1.004525 -0.469926
vt 1.527513 1.139449
vn -0.869481 0.129184 -0.476774
v 0.483813 1.022064 -0.449932
vt 1.531487 1.133327
vn -0.905196 -0.011174 -0.424847
v 0.489722 1.034336 -0.457724
vt 1.534950 1.135558
vn -0.821896 0.169664 -0.543784
v 0.487437 0.997161 -0.311739
vt 1.640496 1.147442
vn -0.749023 -0.319249 0.580555
v 0.490538 1.004525 -0.300609
vt 1.642727 1.148852
vn -0.813198 -0.459017 0.357787
v 0.494438 0.985405 -0.310322
vt 1.637985 1.149927
vn -0.745016 -0.303324 0.594093
v 0.497346 0.993602 -0.299387
vt 1.641234 1.151580
vn -0.810008 -0.455210 0.369691
v 0.490538 1.004525 -0.300609
vt 1.527513 1.139449
vn -0.869489 0.129159 0.476766
v 0.487437 0.997161 -0.311739
vt 1.525454 1.136341
vn -0.896815 -0.036336 0.440912
v 0.489722 1.034336 -0.312811
vt 1.534950 1.135558
vn -0.821885 0.169691 0.543792
v 0.483813 1.022064 -0.320603
vt 1.531487 1.133327
vn -0.905176 -0.011401 0.424883
v 0.503807 1.058553 -0.470341
vt 1.541870 1.139353
vn -0.871063 0.452085 -0.192010
v 0.503807 1.058553 -0.300194
vt 1.541870 1.139353
vn -0.871048 0.452113 0.192012
v 0.508619 1.060996 -0.555073
vt 1.540655 1.165061
vn -0.836420 0.501776 0.220504
v 0.512079 1.051295 -0.482864
vt 1.541270 1.143931
vn -0.773549 0.224787 -0.592530
v 0.516925 1.056857 -0.483044
vt 1.543443 1.144225
vn -0.417190 0.608242 -0.675274
v 0.503807 1.058553 -0.470341
vt 1.541870 1.139353
vn -0.777709 0.217952 -0.589632
v 0.509051 1.063749 -0.471688
vt 1.543742 1.139981
vn -0.433820 0.595585 -0.676077
v 0.516925 1.056857 -0.483044
vt 1.543443 1.144225
vn -0.563855 0.818396 -0.110889
v 0.512079 1.051295 -0.482864
vt 1.541270 1.143931
vn -0.880740 0.472193 -0.036487
v 0.518407 1.052640 -0.525226
vt 1.541385 1.155915
vn -0.615446 0.781393 -0.103208
v 0.513176 1.047343 -0.528557
vt 1.539258 1.156631
vn -0.887229 0.460076 -0.033998
v 0.518407 1.052640 -0.525226
vt 1.659700 1.153015
vn -0.657582 0.644154 0.390707
v 0.513176 1.047343 -0.528557
vt 1.659494 1.155132
vn -0.834732 0.406452 0.371509
v 0.516638 1.054579 -0.531386
vt 1.661015 1.154197
vn -0.697060 0.599804 0.392865
v 0.511365 1.049379 -0.534547
vt 1.661018 1.155857
vn -0.845531 0.387565 0.367247
v 0.516638 1.054579 -0.531386
vt 1.541314 1.157794
vn -0.641055 0.659091 0.393253
v 0.511365 1.049379 -0.534547
vt 1.539211 1.158505
vn -0.809918 0.422356 0.406998
v 0.512079 1.051295 -0.287671
vt 1.541270 1.143931
vn -0.880743 0.472184 0.036531
v 0.516925 1.056857 -0.287491
vt 1.543443 1.144225
vn -0.563829 0.818414 0.110888
v 0.513176 1.047342 -0.241978
vt 1.539258 1.156631
vn -0.887215 0.460101 0.033998
v 0.518407 1.052640 -0.245309
vt 1.541385 1.155915
vn -0.615421 0.781413 0.103207
v 0.516925 1.056857 -0.287491
vt 1.543443 1.144225
vn -0.417218 0.608219 0.675277
v 0.512079 1.051295 -0.287671
vt 1.541270 1.143931
vn -0.773563 0.224760 0.592522
v 0.509051 1.063749 -0.298847
vt 1.543742 1.139981
vn -0.433847 0.595561 0.676079
v 0.503807 1.058553 -0.300194
vt 1.541870 1.139353
vn -0.777737 0.217977 0.589586
v 0.513176 1.047342 -0.241978
vt 1.659494 1.155132
vn -0.834716 0.406481 -0.371513
v 0.518407 1.052640 -0.245309
vt 1.659700 1.153015
vn -0.657608 0.644127 -0.390706
v 0.511365 1.049379 -0.235988
vt 1.661018 1.155857
vn -0.845545 0.387584 -0.367194
v 0.516638 1.054579 -0.239149
vt 1.661015 1.154197
vn -0.697076 0.599822 -0.392808
v 0.511365 1.049379 -0.235988
vt 1.540210 1.158318
vn -0.809901 0.422385 -0.407002
v 0.516638 1.054579 -0.239149
vt 1.541314 1.157794
vn -0.641072 0.659108 -0.393196
v 0.527670 1.060894 -0.524998
vt 1.544781 1.156152
vn -0.023715 0.875944 0.481829
v 0.527670 1.060893 -0.245537
vt 1.544781 1.156152
vn -0.023737 0.875939 -0.481838
v 0.511365 1.049379 -0.235988
vt 1.539211 1.158505
vn -0.809901 0.422385 -0.407002
v 0.490538 1.004525 -0.469926
vt 1.527513 1.139449
vn -0.899506 0.435950 -0.028918
v 0.503054 1.029243 -0.534585
vt 1.533669 1.157613
vn -0.899506 0.435950 -0.028918
v 0.503054 1.029243 -0.235950
vt 1.533669 1.157613
vn -0.899494 0.435975 0.028918
v 0.490538 1.004525 -0.300609
vt 1.527513 1.139449
vn -0.899494 0.435975 0.028918
v 1.157121 0.726164 -0.258251
vt 1.741418 1.656499
vn -0.103963 -0.977175 -0.185259
v 0.867447 0.756995 -0.258251
vt 1.746006 1.713146
vn -0.238186 -0.969694 -0.054413
v 0.859457 0.748177 -0.207223
vt 1.755426 1.710368
vn -0.241380 -0.718382 -0.652429
v 1.157121 0.726164 -0.258251
vt 1.741418 1.656499
vn -0.135485 -0.906868 -0.399042
v 1.148712 0.684545 -0.160788
vt 1.741481 1.657269
vn -0.125590 -0.890263 -0.437789
v 0.825998 0.700364 -0.173000
vt 1.767852 1.704692
vn -0.208382 -0.493351 -0.844501
v 0.813763 1.112852 -0.702051
vt 1.569370 1.870256
vn -0.126739 0.920800 -0.368869
v 0.767237 1.097741 -0.706029
vt 1.566710 1.859228
vn -0.396515 0.844151 -0.360812
v 0.808506 1.100820 -0.736768
vt 1.560915 1.869547
vn -0.234713 0.922411 -0.306704
v 0.766138 1.085597 -0.737392
vt 1.558973 1.859503
vn -0.403728 0.867378 -0.290962
v 0.824551 1.133317 -0.666726
vt 1.578840 1.872416
vn -0.034616 0.918406 -0.394122
v 0.777146 1.130802 -0.656036
vt 1.580351 1.861534
vn -0.337321 0.855184 -0.393541
v 0.866277 1.107833 -0.736726
vt 1.562087 1.882722
vn -0.066015 0.958948 -0.275791
v 0.906952 1.134228 -0.653893
vt 1.582408 1.891120
vn 0.046206 0.969477 -0.240788
v 0.938340 1.110667 -0.738732
vt 1.562544 1.899134
vn -0.030312 0.977316 -0.209605
v 0.783951 1.150197 -0.606373
vt 1.592697 1.862335
vn -0.150441 0.952028 -0.266478
v 0.844126 1.150730 -0.611553
vt 1.592215 1.876206
vn 0.040532 0.970644 -0.237080
v 0.782469 1.154065 -0.580891
vt 1.598246 1.860959
vn -0.102603 0.981879 -0.159332
v 0.753485 1.167539 -0.526661
vt 1.611472 1.853765
vn -0.026104 0.958254 -0.284723
v 0.777523 1.157756 -0.558264
vt 1.603794 1.859583
vn -0.132812 0.954602 -0.266637
v 0.850252 1.159268 -0.553997
vt 1.605509 1.877027
vn 0.092321 0.983343 -0.156570
v 0.931071 1.150043 -0.553463
vt 1.605839 1.895936
vn 0.157608 0.979839 -0.122783
v 0.936530 1.156364 -0.477286
vt 1.623340 1.897131
vn 0.174925 0.981362 -0.079561
v 0.835448 1.172118 -0.489190
vt 1.620347 1.873710
vn 0.107834 0.980957 -0.161541
v 0.998770 1.124957 -0.650274
vt 1.583494 1.912293
vn -0.008712 0.997728 -0.066800
v 1.032877 1.133173 -0.536405
vt 1.609794 1.919672
vn 0.020826 0.999055 -0.038149
v 1.061612 1.138198 -0.418929
vt 1.636904 1.925986
vn 0.051908 0.997856 -0.039854
v 0.685669 1.194070 -0.436459
vt 1.633457 1.840202
vn 0.011735 0.984254 -0.176368
v 0.824314 1.182785 -0.426283
vt 1.635028 1.871591
vn 0.143502 0.987414 -0.066489
v 0.677382 1.197605 -0.412378
vt 1.638655 1.839296
vn 0.054505 0.997865 -0.035988
v 0.701595 1.187179 -0.468763
vt 1.626303 1.844075
vn 0.028030 0.979526 -0.199356
v 0.723762 1.178227 -0.497286
vt 1.619149 1.847947
vn -0.052613 0.944660 -0.323804
v 0.820846 1.184051 -0.341109
vt 1.654991 1.870603
vn 0.131284 0.989795 0.055418
v 0.943132 1.161404 -0.384396
vt 1.645004 1.898590
vn 0.149329 0.988492 -0.024167
v 1.079918 1.143779 -0.291704
vt 1.666212 1.929853
vn 0.065097 0.997766 -0.014983
v 0.712312 1.183670 -0.289049
vt 1.665407 1.844997
vn 0.023972 0.970587 0.239554
v 0.684764 1.194421 -0.335942
vt 1.654614 1.839663
vn 0.014567 0.991123 0.132144
v 0.695786 1.189733 -0.311837
vt 1.660011 1.842330
vn 0.013772 0.976598 0.214633
v 0.870833 1.165866 -0.231775
vt 1.680559 1.881128
vn 0.072097 0.996827 0.033735
v 0.746251 1.172082 -0.251708
vt 1.674995 1.852107
vn -0.015234 0.971922 0.234809
v 0.789133 1.157507 -0.200457
vt 1.687811 1.861410
vn -0.117810 0.987142 0.108037
v 1.095832 1.145565 -0.141649
vt 1.700505 1.933525
vn 0.055706 0.998445 -0.002176
v 0.778704 1.155440 -0.108541
vt 1.709558 1.860230
vn -0.163825 0.986477 -0.004883
v 0.876931 1.166274 -0.125436
vt 1.704769 1.882766
vn 0.029783 0.999552 0.002819
v 0.875338 1.164000 0.069596
vt 1.749495 1.883927
vn 0.038095 0.999164 0.014817
v 1.102038 1.145561 0.024105
vt 1.738377 1.935568
vn 0.052978 0.998574 0.006636
v 0.757228 1.154525 0.019611
vt 1.739115 1.856495
vn -0.092011 0.995742 0.005622
v 0.738830 1.151366 0.133536
vt 1.765089 1.853786
vn -0.082013 0.996350 0.023694
v 0.857509 1.158872 0.216353
vt 1.783170 1.880717
vn -0.008617 0.997842 0.065093
v 0.728426 1.148592 0.201925
vt 1.780567 1.852389
vn -0.162398 0.979451 0.119590
v 0.986271 1.130289 0.632096
vt 1.878240 1.910639
vn -0.041905 0.996589 0.071094
v 1.032591 1.137517 0.500952
vt 1.848065 1.921144
vn -0.011527 0.999133 0.040000
v 1.235591 1.136151 0.679900
vt 1.896524 1.966771
vn -0.016904 0.999526 0.025714
v 1.277675 1.136839 0.530710
vt 1.850866 1.978799
vn -0.001701 0.999770 0.021399
v 1.333751 1.138748 -0.178384
vt 1.692015 1.988096
vn 0.025914 0.999645 -0.006187
v 1.340734 1.139071 0.000000
vt 1.732570 1.990066
vn 0.027297 0.999627 0.000611
v 1.091384 1.145078 0.200614
vt 1.778934 1.933881
vn 0.040095 0.998940 0.022631
v 1.333751 1.138748 0.178384
vt 1.778335 1.989319
vn 0.024593 0.999664 0.008208
v 1.235591 1.136151 -0.679900
vt 1.577690 1.966708
vn -0.033811 0.999135 -0.024213
v 1.277675 1.136839 -0.530710
vt 1.611835 1.975638
vn -0.015514 0.999631 -0.022305
v 1.173245 1.135666 -0.715514
vt 1.569299 1.952654
vn -0.108906 0.978109 0.177317
v 1.139663 1.132431 -0.716687
vt 1.568886 1.944973
vn -0.139850 0.953154 0.268214
v 1.106903 1.126777 -0.714284
vt 1.569288 1.937445
vn -0.062428 0.995571 -0.070296
v 1.312269 1.138173 -0.355610
vt 1.651745 1.983165
vn 0.012309 0.999783 -0.016783
v 0.966480 1.061787 -0.744721
vt 1.440784 1.916557
vn 0.003426 0.068202 -0.997666
v 0.938340 1.110667 -0.738732
vt 1.449114 1.924702
vn 0.005831 0.183338 -0.983033
v 0.868537 1.080143 -0.744833
vt 1.461110 1.914658
vn -0.003016 0.086768 -0.996224
v 0.866277 1.107833 -0.736726
vt 1.463209 1.920201
vn -0.002423 0.203367 -0.979100
v 0.808506 1.100820 -0.736768
vt 1.474212 1.915516
vn -0.056117 0.231189 -0.971289
v 0.809818 1.072927 -0.743329
vt 1.472290 1.909960
vn -0.085211 0.087095 -0.992549
v 0.766138 1.085597 -0.737392
vt 1.481686 1.910061
vn -0.099112 0.104903 -0.989531
v 0.760697 1.061911 -0.737141
vt 1.481472 1.905072
vn -0.126530 0.038096 -0.991231
v 0.757162 1.076820 -0.736533
vt 1.482990 1.907830
vn -0.126616 0.018599 -0.991777
v 0.727701 0.945681 -0.736070
vt 1.481497 1.880235
vn -0.096081 -0.078560 -0.992269
v 0.830328 0.968062 -0.749782
vt 1.462356 1.890432
vn -0.058573 -0.042681 -0.997370
v 0.717498 1.015318 -0.735880
vt 1.487389 1.893430
vn -0.116229 0.014786 -0.993112
v 0.735474 1.023344 -0.735822
vt 1.484314 1.896046
vn -0.120732 0.025682 -0.992353
v 0.938327 0.959633 -0.750589
vt 1.440586 1.894761
vn -0.001118 0.016993 -0.999855
v 0.917047 0.756370 -0.719966
vt 1.433637 1.852848
vn -0.089992 -0.223159 -0.970619
v 0.913112 0.873972 -0.742944
vt 1.440864 1.876340
vn -0.075785 -0.164680 -0.983431
v 0.897855 0.759405 -0.715188
vt 1.437683 1.852179
vn -0.089992 -0.223159 -0.970619
v 0.783810 0.865096 -0.732605
vt 1.465980 1.867317
vn -0.086576 -0.149087 -0.985027
v 0.876797 0.759364 -0.473249
vt 1.702440 1.715870
vn -0.282370 -0.958750 -0.032633
v 0.897855 0.759405 -0.715188
vt 1.652421 1.714983
vn -0.309396 -0.950636 -0.023762
v 0.776608 0.859797 -0.508175
vt 1.697423 1.744633
vn -0.778907 -0.625306 -0.047928
v 0.783810 0.865096 -0.732605
vt 1.650375 1.744915
vn -0.756506 -0.652889 -0.037874
v 0.727701 0.945681 -0.736070
vt 1.650057 1.763773
vn -0.909122 -0.416521 0.002858
v 0.737077 0.930329 -0.481595
vt 1.703682 1.760775
vn -0.943356 -0.331752 -0.004550
v 0.784545 0.807743 -0.388550
vt 1.721827 1.734659
vn -0.795221 -0.604340 -0.048958
v 0.872960 0.758196 -0.387938
vt 1.719905 1.714886
vn -0.163795 -0.986332 -0.017912
v 0.782230 0.839836 -0.271335
vt 1.746337 1.737799
vn -0.825015 -0.561986 -0.059346
v 0.774895 0.827067 -0.213231
vt 1.757804 1.734452
vn -0.562957 -0.482961 -0.670692
v 0.723085 0.916233 -0.220884
vt 1.760650 1.757413
vn -0.835580 -0.189184 -0.515767
v 0.737443 0.923969 -0.289450
vt 1.745186 1.758829
vn -0.952779 -0.298372 -0.056446
v 0.664092 0.862999 -0.165020
vt 1.778854 1.749671
vn -0.608062 -0.058385 -0.791740
v 0.720694 0.776579 -0.174008
vt 1.773184 1.729233
vn -0.315279 -0.302453 -0.899511
v 0.617965 0.793817 -0.139186
vt 1.789249 1.737484
vn -0.385460 -0.116992 -0.915278
v 0.681524 0.731849 -0.150459
vt 1.784437 1.724843
vn -0.202865 -0.286265 -0.936428
v 0.802577 0.661115 -0.134873
vt 1.779964 1.699137
vn -0.205439 -0.431735 -0.878294
v 0.675449 0.683835 -0.133594
vt 1.790989 1.716814
vn -0.113466 -0.354586 -0.928113
v 0.734296 1.005448 -0.295674
vt 1.744020 1.775863
vn -0.997995 -0.057268 -0.026933
v 0.728077 1.003463 -0.228140
vt 1.759008 1.775659
vn -0.975605 0.173875 -0.134020
v 0.704983 0.965315 -0.190452
vt 1.768781 1.769479
vn -0.888803 0.297158 -0.348893
v 0.667375 0.903193 -0.129077
vt 1.784697 1.759414
vn -0.854302 0.282991 -0.435986
v 0.734058 1.006664 -0.474978
vt 1.705542 1.775833
vn -0.998504 -0.053022 0.013373
v 0.731479 1.009007 -0.531110
vt 1.693155 1.776382
vn -0.998219 -0.051810 0.029570
v 0.717498 1.015318 -0.735880
vt 1.649747 1.777279
vn -0.987450 -0.144832 0.062977
v 0.789873 1.016653 -0.500472
vt 1.291882 1.143665
vn 0.137176 0.989424 0.047158
v 0.732226 1.023952 -0.517915
vt 1.281656 1.130361
vn 0.128572 0.989293 0.069058
v 0.793276 1.024588 -0.510077
vt 1.289134 1.145800
vn -0.204644 0.647382 0.734178
v 0.737661 1.032961 -0.533682
vt 1.276779 1.134841
vn -0.204022 0.648460 0.733399
v 0.728409 1.027256 -0.385529
vt 1.323700 1.123155
vn 0.161205 0.986920 0.000824
v 0.787784 1.015953 -0.384663
vt 1.323784 1.141992
vn 0.161302 0.986905 0.000929
v 0.761901 1.069650 -0.550693
vt 1.270340 1.149650
vn -0.289534 0.479875 0.828185
v 0.805999 1.053553 -0.525983
vt 1.284424 1.154128
vn -0.293656 0.473306 0.830510
v 0.810985 1.066985 -0.527556
vt 1.283625 1.157909
vn -0.468823 -0.017913 0.883111
v 0.772924 1.083964 -0.548335
vt 1.270746 1.156012
vn -0.461202 0.016895 0.887134
v 0.803733 1.122391 -0.524564
vt 1.278439 1.173717
vn -0.503139 -0.161615 0.848959
v 0.829400 1.107741 -0.513616
vt 1.286697 1.170336
vn -0.517535 -0.209422 0.829638
v 0.833531 1.110690 -0.506845
vt 1.288555 1.171449
vn -0.576148 -0.545731 0.608466
v 0.811259 1.130669 -0.510229
vt 1.284135 1.178466
vn -0.576148 -0.545731 0.608466
v 0.811259 1.130669 -0.510229
vt 1.284135 1.178466
vn -0.492709 -0.870097 0.013037
v 0.811524 1.132978 -0.385912
vt 1.322987 1.183780
vn -0.509488 -0.860478 -0.000021
v 0.833531 1.110690 -0.506845
vt 1.288555 1.171449
vn -0.679911 -0.733207 0.011324
v 0.833985 1.111541 -0.385022
vt 1.323355 1.174288
vn -0.680112 -0.733107 0.000885
v 0.750677 1.018456 -0.543402
vt 1.679348 1.792662
vn -0.869121 0.494596 0.001688
v 0.772771 1.061075 -0.562999
vt 1.675690 1.803637
vn -0.863274 0.503976 0.027692
v 0.761901 1.069650 -0.550693
vt 1.679670 1.803967
vn -0.650620 0.206165 -0.730882
v 0.737661 1.032961 -0.533682
vt 1.683336 1.793959
vn -0.669747 -0.108646 -0.734598
v 0.732226 1.023952 -0.517915
vt 1.686709 1.791482
vn -0.993787 -0.097782 -0.053153
v 0.732226 1.023952 -0.517915
vt 1.696653 1.779441
vn -0.993787 -0.097782 -0.053153
v 0.728409 1.027256 -0.385529
vt 1.724557 1.780016
vn -0.967355 -0.253414 0.002258
v 0.731479 1.009007 -0.531110
vt 1.693155 1.776382
vn -0.409718 0.910502 0.055832
v 0.717498 1.015318 -0.735880
vt 1.649747 1.777279
vn -0.409718 0.910502 0.055832
v 0.750677 1.018456 -0.543402
vt 1.689940 1.780457
vn -0.409718 0.910502 0.055832
v 0.735474 1.023344 -0.735822
vt 1.650018 1.781148
vn -0.409718 0.910502 0.055832
v 0.750677 1.018456 -0.543402
vt 1.676004 1.786811
vn -0.869121 0.494596 0.001688
v 0.735474 1.023344 -0.735822
vt 1.637302 1.786702
vn -0.853660 0.515882 0.071624
v 0.772771 1.061075 -0.562999
vt 1.673245 1.795813
vn -0.863274 0.503976 0.027692
v 0.760697 1.061911 -0.737141
vt 1.637379 1.796134
vn -0.856616 0.510974 0.071522
v 0.776972 1.070873 -0.560665
vt 1.676426 1.806080
vn -0.891920 0.451474 -0.025504
v 0.780767 1.079721 -0.558557
vt 1.677092 1.808287
vn -0.890073 0.454843 0.029808
v 0.772924 1.083964 -0.548335
vt 1.680159 1.808004
vn -0.466034 0.599066 -0.651101
v 0.675315 1.198523 -0.386940
vt 1.643852 1.838389
vn 0.056494 0.998398 0.003213
v 0.677409 1.197518 -0.360758
vt 1.649233 1.839026
vn 0.011283 0.996919 0.077624
v 0.721042 1.098282 0.470188
vt 1.842606 1.847656
vn -0.329536 0.942403 0.057299
v 0.824228 1.132630 0.481256
vt 1.843982 1.873506
vn -0.130732 0.989388 0.063407
v 0.740746 1.092938 0.610412
vt 1.874379 1.852921
vn -0.339241 0.935466 0.099091
v 0.803063 1.118247 0.617497
vt 1.875284 1.868685
vn -0.163324 0.981335 0.101524
v 0.757162 1.076820 -0.736533
vt 1.635504 1.807440
vn -0.920509 -0.335823 0.199716
v 0.757980 1.087387 -0.706841
vt 1.642105 1.810138
vn -0.852343 -0.358739 0.380549
v 0.760697 1.061911 -0.737141
vt 1.635651 1.803995
vn -0.920509 -0.335823 0.199716
v 0.767190 1.073106 -0.696585
vt 1.645082 1.806673
vn -0.833215 -0.361924 0.418048
v 0.757980 1.087387 -0.706841
vt 1.565437 1.856317
vn -0.744322 0.632154 -0.215325
v 0.771999 1.122695 -0.652096
vt 1.580399 1.859179
vn -0.819740 0.552167 -0.152111
v 0.779433 1.142468 -0.605304
vt 1.592239 1.860337
vn -0.866193 0.492273 -0.085888
v 0.723762 1.168421 -0.497286
vt 1.617516 1.846038
vn -0.737932 0.000000 -0.674875
v 0.753485 1.157733 -0.526661
vt 1.610206 1.851647
vn -0.702962 0.000000 -0.711227
v 0.787758 1.016398 -0.272717
vt 1.354741 1.143903
vn 0.142912 0.988849 -0.041888
v 0.790200 1.023692 -0.260531
vt 1.358126 1.145855
vn -0.215428 0.657186 -0.722286
v 0.731948 1.024113 -0.248495
vt 1.366838 1.131502
vn 0.123819 0.988618 -0.085453
v 0.739560 1.036731 -0.233021
vt 1.371740 1.137107
vn -0.223889 0.640729 -0.734398
v 0.806236 1.054388 -0.243678
vt 1.362820 1.155171
vn -0.311020 0.459390 -0.832002
v 0.763302 1.071083 -0.219280
vt 1.376848 1.151239
vn -0.305919 0.469989 -0.827964
v 0.811987 1.067749 -0.242811
vt 1.363319 1.159044
vn -0.468258 -0.029972 -0.883084
v 0.773772 1.085396 -0.222165
vt 1.376339 1.157551
vn -0.461939 0.002392 -0.886909
v 0.829391 1.106092 -0.255781
vt 1.360231 1.170645
vn -0.519255 -0.220688 -0.825634
v 0.804234 1.123083 -0.245789
vt 1.368216 1.174781
vn -0.506846 -0.182663 -0.842461
v 0.833630 1.110911 -0.263831
vt 1.358103 1.172256
vn -0.587581 -0.574685 -0.569637
v 0.811524 1.130831 -0.262311
vt 1.361790 1.179514
vn -0.587581 -0.574685 -0.569637
v 0.833630 1.110911 -0.263831
vt 1.358103 1.172256
vn -0.680278 -0.732894 -0.009355
v 0.811524 1.130831 -0.262311
vt 1.361790 1.179514
vn -0.496082 -0.868196 -0.011779
v 0.776972 1.070873 -0.560665
vt 1.673905 1.798002
vn -0.891920 0.451474 -0.025504
v 0.775029 1.071340 -0.580968
vt 1.669668 1.798030
vn -0.911085 0.399068 0.103288
v 0.767190 1.073106 -0.696585
vt 1.645827 1.798533
vn -0.947707 0.311879 0.067706
v 0.770021 1.072468 -0.654836
vt 1.654436 1.798351
vn -0.944923 0.320088 0.068298
v 0.778836 1.146500 -0.581650
vt 1.597568 1.858797
vn -0.936683 0.292049 -0.193217
v 0.775319 1.147555 -0.556070
vt 1.602897 1.857256
vn -0.868591 0.115183 -0.481957
v 0.798659 1.127224 -0.601556
vt 1.667820 1.819702
vn -0.618901 -0.736704 0.272448
v 0.783580 1.110211 -0.649009
vt 1.656575 1.815481
vn -0.735545 -0.500720 0.456348
v 0.779433 1.142468 -0.605304
vt 1.665470 1.824720
vn -0.659303 -0.667269 0.346514
v 0.771999 1.122695 -0.652096
vt 1.654688 1.818923
vn -0.733163 -0.505650 0.454742
v 0.775402 1.091696 -0.672749
vt 1.650840 1.811086
vn -0.788632 -0.366552 0.493659
v 0.757162 1.076820 -0.736533
vt 1.558253 1.856719
vn -0.705210 0.671477 -0.227588
v 0.722935 0.986024 -0.170325
vt 1.772445 1.775588
vn -0.894228 0.436667 -0.098382
v 0.715896 0.975591 -0.162270
vt 1.774643 1.773648
vn -0.854685 0.489542 -0.172803
v 0.763302 1.071083 -0.219280
vt 1.755354 1.806256
vn -0.732922 0.245768 0.634369
v 0.774419 1.067993 -0.206870
vt 1.759208 1.807125
vn -0.875514 0.447359 -0.182606
v 0.739560 1.036731 -0.233021
vt 1.752457 1.796268
vn -0.716071 0.119845 0.687662
v 0.746098 1.019743 -0.224321
vt 1.755027 1.793190
vn -0.862427 0.498488 -0.087923
v 0.723097 1.026827 -0.117710
vt 1.804719 1.794941
vn -0.851412 0.453161 -0.264089
v 0.749853 1.072714 -0.130654
vt 1.800469 1.806243
vn -0.852785 0.445782 -0.272095
v 0.744280 1.073785 -0.113365
vt 1.804791 1.806593
vn -0.861723 0.413357 -0.294225
v 0.733989 1.134175 0.132048
vt 1.764883 1.849452
vn -0.946949 0.287672 -0.143289
v 0.772362 1.136039 -0.107604
vt 1.709753 1.855530
vn -0.914660 0.341273 -0.216632
v 0.738830 1.151366 0.133536
vt 1.765089 1.853786
vn -0.951909 0.269560 -0.145628
v 0.757228 1.154525 0.019611
vt 1.739115 1.856495
vn -0.952808 0.264266 -0.149398
v 0.732626 1.133834 0.140762
vt 1.766885 1.849241
vn -0.926707 0.352585 -0.129994
v 0.724175 1.131718 0.194792
vt 1.779297 1.847938
vn -0.960123 0.260586 -0.101285
v 0.728426 1.148592 0.201925
vt 1.780567 1.852389
vn -0.961402 0.257370 -0.097297
v 0.776955 1.135059 -0.123377
vt 1.706131 1.855965
vn -0.890843 0.386688 -0.238476
v 0.779963 1.145805 -0.199412
vt 1.688745 1.858054
vn -0.916154 0.358283 0.179707
v 0.746251 1.162275 -0.251708
vt 1.676601 1.849531
vn -0.715651 0.272099 0.643277
v 0.728948 1.167739 -0.269394
vt 1.672031 1.845946
vn -0.714832 -0.000022 0.699296
v 0.728948 1.177545 -0.269394
vt 1.670201 1.848552
vn 0.034288 0.963024 0.267225
v 0.695786 1.179926 -0.311837
vt 1.661883 1.839284
vn -0.909460 -0.000020 0.415792
v 0.684764 1.184615 -0.335942
vt 1.656305 1.836208
vn -0.933847 -0.000020 0.357674
v 0.677409 1.187712 -0.360758
vt 1.650014 1.835286
vn -0.958786 -0.000019 0.284129
v 0.746251 1.162275 -0.251708
vt 1.747903 1.839281
vn -0.463023 -0.886112 0.020375
v 0.779963 1.145805 -0.199412
vt 1.760399 1.828408
vn -0.520615 -0.851713 -0.059538
v 0.811524 1.130831 -0.262311
vt 1.744809 1.823202
vn -0.496082 -0.868196 -0.011779
v 0.800578 1.130020 -0.204503
vt 1.758185 1.822695
vn -0.511766 -0.857459 -0.053469
v 0.728948 1.167739 -0.269394
vt 1.743616 1.843513
vn -0.396920 -0.917847 -0.003238
v 0.684764 1.184615 -0.335942
vt 1.728162 1.853869
vn -0.375607 -0.926779 0.000776
v 0.695786 1.179926 -0.311837
vt 1.733746 1.850808
vn -0.372521 -0.928004 0.006041
v 0.811524 1.132978 -0.385912
vt 1.716852 1.823155
vn -0.509488 -0.860478 -0.000021
v 0.712312 1.173863 -0.289049
vt 1.739329 1.847746
vn -0.388288 -0.921534 -0.002664
v 0.701595 1.177372 -0.468763
vt 1.624464 1.841589
vn -0.789621 0.000000 -0.613595
v 0.677382 1.187798 -0.412378
vt 1.637567 1.835751
vn -0.996715 0.000000 -0.080990
v 0.675315 1.188716 -0.386940
vt 1.643723 1.834363
vn -1.000000 -0.000015 0.000565
v 0.723762 1.168421 -0.497286
vt 1.690355 1.843284
vn -0.388674 -0.921371 0.002865
v 0.701595 1.177372 -0.468763
vt 1.697289 1.848268
vn -0.377529 -0.925986 0.004651
v 0.685669 1.184264 -0.436459
vt 1.704222 1.853252
vn -0.378305 -0.925671 0.004252
v 0.811259 1.130669 -0.510229
vt 1.688994 1.822078
vn -0.492709 -0.870097 0.013037
v 0.753485 1.157733 -0.526661
vt 1.683724 1.835820
vn -0.398130 -0.917328 0.001427
v 0.806282 1.132253 -0.557852
vt 1.677774 1.820873
vn -0.504599 -0.862425 -0.040042
v 0.775319 1.147555 -0.556070
vt 1.677093 1.828356
vn -0.488826 -0.872137 0.020639
v 0.778836 1.146500 -0.581650
vt 1.671281 1.826538
vn -0.538007 -0.836230 0.106147
v 0.803733 1.122391 -0.524564
vt 1.685711 1.819932
vn -0.892282 0.446345 0.067884
v 0.806282 1.132253 -0.557852
vt 1.677774 1.820873
vn -0.896632 0.434292 0.086262
v 0.798659 1.127224 -0.601556
vt 1.667820 1.819702
vn -0.899092 0.425050 0.104720
v 0.803733 1.122391 -0.524564
vt 1.685711 1.819932
vn -0.794208 -0.534237 0.289523
v 0.746098 1.019743 -0.224321
vt 1.758947 1.780911
vn -0.862427 0.498488 -0.087923
v 0.739211 1.013349 -0.240679
vt 1.756079 1.778482
vn -0.953041 0.290276 0.086330
v 0.731948 1.024113 -0.248495
vt 1.753635 1.780477
vn -0.967826 -0.239521 0.077083
v 0.667375 0.903193 -0.129077
vt 1.804910 1.771845
vn -0.854302 0.282991 -0.435986
v 0.715896 0.975591 -0.162270
vt 1.795010 1.783173
vn -0.854685 0.489542 -0.172803
v 0.773772 1.085396 -0.222165
vt 1.754539 1.810324
vn -0.839920 0.457346 0.292181
v 0.804234 1.123083 -0.245789
vt 1.748665 1.821079
vn -0.832125 0.530160 -0.162781
v 0.800578 1.130020 -0.204503
vt 1.758185 1.822695
vn -0.870176 0.418450 -0.260178
v 0.811524 1.130831 -0.262311
vt 1.744809 1.823202
vn -0.864017 0.478383 -0.156921
v 0.670288 1.011451 0.296821
vt 1.885947 1.778764
vn -0.987458 -0.120217 0.102344
v 0.684838 1.014883 0.471530
vt 1.922379 1.782852
vn -0.984308 -0.144509 0.101263
v 0.680206 0.931409 0.310255
vt 1.890919 1.762670
vn -0.987216 -0.123035 0.101330
v 0.697838 0.935959 0.472194
vt 1.925010 1.767214
vn -0.984294 -0.144630 0.101232
v 0.700819 1.016234 0.619347
vt 1.952912 1.787055
vn -0.980879 -0.156025 0.116326
v 0.712731 0.939991 0.618951
vt 1.955263 1.772096
vn -0.980869 -0.155997 0.116448
v 0.735984 1.073635 0.589284
vt 1.870442 1.847680
vn -0.989497 0.052667 0.134620
v 0.740746 1.092938 0.610412
vt 1.874379 1.852921
vn -0.981496 0.085777 0.171195
v 0.738832 1.073290 0.611716
vt 1.875533 1.848552
vn -0.976577 0.103595 0.188586
v 0.764954 1.083477 0.738136
vt 1.903472 1.858809
vn -0.975672 0.103468 0.193286
v 0.763119 1.063575 0.739089
vt 1.904654 1.854384
vn -0.975672 0.103468 0.193286
v 0.832447 1.102509 0.738646
vt 1.903165 1.874962
vn -0.147910 0.977104 0.152941
v 0.764954 1.083477 0.738136
vt 1.903472 1.858809
vn -0.327443 0.930408 0.164688
v 0.938340 1.110667 0.738732
vt 1.902100 1.900115
vn -0.075621 0.986211 0.147202
v 1.106903 1.126777 0.714284
vt 1.897032 1.928528
vn -0.052908 0.992136 0.113435
v 0.715960 1.016479 0.733338
vt 1.976606 1.790115
vn -0.979379 -0.154103 0.130647
v 0.727875 0.941660 0.734164
vt 1.979194 1.775448
vn -0.979379 -0.154103 0.130647
v 0.704154 1.024886 0.469800
vt 1.921798 1.787127
vn -0.452027 0.891558 0.028196
v 0.684838 1.014883 0.471530
vt 1.922379 1.782852
vn -0.451927 0.891609 0.028194
v 0.691623 1.021767 0.297886
vt 1.885840 1.783549
vn -0.441237 0.897384 -0.003584
v 0.670288 1.011451 0.296821
vt 1.885947 1.778764
vn -0.439435 0.898210 -0.010719
v 0.700819 1.016234 0.619347
vt 1.952912 1.787055
vn -0.415316 0.908188 0.052033
v 0.718463 1.025571 0.615573
vt 1.952002 1.790954
vn -0.419752 0.906210 0.050906
v 0.715960 1.016479 0.733338
vt 1.976606 1.790115
vn -0.366814 0.928096 0.063924
v 0.738638 1.022985 0.738497
vt 1.977653 1.794746
vn -0.366814 0.928096 0.063924
v 0.738638 1.022985 0.738497
vt 1.502037 2.905024
vn -0.136811 0.020365 0.990388
v 0.759145 0.955164 0.742166
vt 1.507017 2.891376
vn -0.100329 -0.092205 0.990673
v 0.715960 1.016479 0.733338
vt 1.497337 2.903423
vn -0.229418 -0.021535 0.973090
v 0.727875 0.941660 0.734164
vt 1.500589 2.888181
vn -0.193410 -0.160533 0.967896
v 0.834898 1.025569 0.749101
vt 1.521855 2.906514
vn -0.048524 -0.016705 0.998682
v 0.763119 1.063575 0.739089
vt 1.506653 2.913601
vn -0.101435 0.051373 0.993515
v 0.745300 1.034030 0.738658
vt 1.503293 2.907357
vn -0.110321 0.032186 0.993375
v 0.857730 0.834535 0.734666
vt 1.528189 2.867501
vn -0.080305 -0.149318 0.985523
v 0.840733 0.803193 0.723782
vt 1.524830 2.860636
vn -0.128943 -0.240353 0.962083
v 0.926561 0.951299 0.749970
vt 1.541376 2.892191
vn -0.039306 -0.068916 0.996848
v 0.911997 0.817872 0.732616
vt 1.539406 2.864422
vn -0.034118 -0.208229 0.977485
v 0.913386 0.761341 0.717169
vt 1.540000 2.852416
vn -0.062029 -0.276448 0.959025
v 0.840733 0.803193 0.723782
vt 1.980974 1.748659
vn -0.652731 -0.755246 0.059543
v 0.913386 0.761341 0.717169
vt 1.983785 1.732355
vn -0.540394 -0.839965 0.049325
v 0.812365 0.802163 0.306528
vt 1.900041 1.725534
vn -0.643683 -0.762161 0.069165
v 0.869472 0.759630 0.297643
vt 1.901891 1.711399
vn -0.545801 -0.836083 0.055376
v 0.697838 0.935959 0.472194
vt 1.925010 1.767214
vn -0.732189 -0.677913 0.065830
v 0.712731 0.939991 0.618951
vt 1.955263 1.772096
vn -0.738920 -0.670498 0.066552
v 0.680206 0.931409 0.310255
vt 1.890919 1.762670
vn -0.692581 -0.712972 0.109562
v 0.727875 0.941660 0.734164
vt 1.979194 1.775448
vn -0.766408 -0.632889 0.109868
v 0.724112 1.037574 0.614503
vt 1.941770 1.807828
vn -0.902811 0.404774 0.145226
v 0.735984 1.073635 0.589284
vt 1.935308 1.812919
vn -0.935677 0.333879 0.114165
v 0.738832 1.073290 0.611716
vt 1.940399 1.815316
vn -0.881016 0.438875 0.176633
v 0.745300 1.034030 0.738658
vt 1.972258 1.812779
vn -0.875314 0.450386 0.176007
v 0.763119 1.063575 0.739089
vt 1.971673 1.820632
vn -0.877358 0.443990 0.181977
v 0.764954 1.083477 0.738136
vt 1.506819 2.917703
vn -0.084335 0.093870 0.992006
v 0.835443 1.076103 0.744303
vt 1.521400 2.916897
vn -0.031706 0.126773 0.991425
v 0.832447 1.102509 0.738646
vt 1.520452 2.922382
vn -0.029714 0.213060 0.976587
v 0.938340 1.110667 0.738732
vt 1.542637 2.925573
vn -0.019810 0.216204 0.976147
v 0.954606 1.085940 0.744793
vt 1.545701 2.920155
vn -0.013708 0.124169 0.992166
v 0.958843 1.029635 0.750165
vt 1.547184 2.908607
vn -0.010728 0.061280 0.998063
v 0.833816 0.733842 0.194799
vt 1.878978 1.706331
vn -0.333145 -0.533750 0.777255
v 0.764670 0.661162 0.127240
vt 1.852205 1.699250
vn -0.280432 -0.472752 0.835382
v 0.765766 0.772705 0.190961
vt 1.873857 1.720676
vn -0.417241 -0.451638 0.788627
v 0.688353 0.699387 0.126070
vt 1.849916 1.715919
vn -0.349908 -0.352448 0.867954
v 0.633362 0.880168 0.164448
vt 1.857808 1.753182
vn -0.674934 -0.247654 0.695076
v 0.593232 0.759981 0.109671
vt 1.843480 1.734093
vn -0.392856 -0.296552 0.870472
v 0.582036 0.797696 0.109879
vt 1.843212 1.740330
vn -0.710727 -0.022821 0.703098
v 0.633729 0.911850 0.117569
vt 1.847607 1.761402
vn -0.944295 0.208686 0.254474
v 0.582036 0.797696 0.109879
vt 1.843212 1.740330
vn -0.710814 -0.022821 0.703010
v 0.638301 0.759766 -0.136211
vt 1.789582 1.731011
vn -0.478283 -0.323976 -0.816263
v 0.599908 0.795767 -0.014012
vt 1.815839 1.738328
vn -0.852068 -0.499674 -0.155906
v 0.582036 0.797696 0.109879
vt 1.843212 1.740330
vn -0.950376 -0.281369 -0.132731
v 0.593232 0.759981 0.109671
vt 1.843480 1.734093
vn -0.864955 -0.469478 -0.177323
v 0.620190 0.759332 -0.009850
vt 1.816427 1.731024
vn -0.868041 -0.473125 -0.150523
v 0.641317 0.683860 0.105766
vt 1.841773 1.720088
vn -0.415963 -0.906787 -0.068641
v 0.638301 0.759766 -0.136211
vt 1.789582 1.731011
vn -0.881191 -0.454092 -0.131541
v 0.617965 0.793817 -0.139186
vt 1.789249 1.737484
vn -0.854870 -0.504785 -0.119954
v 0.656108 0.682994 -0.011728
vt 1.816513 1.714945
vn -0.454806 -0.888213 -0.065037
v 0.675449 0.683835 -0.133594
vt 1.790989 1.716814
vn -0.484871 -0.871104 -0.077960
v 0.786385 0.660194 -0.006417
vt 1.815191 1.689994
vn -0.174099 -0.984403 -0.025307
v 0.802577 0.661115 -0.134873
vt 1.779964 1.699137
vn -0.173599 -0.984308 -0.031638
v 0.764670 0.661162 0.127240
vt 1.852205 1.699250
vn -0.174658 -0.984460 -0.018235
v 0.641317 0.683860 0.105766
vt 1.841773 1.720088
vn -0.300940 -0.280439 0.911476
v 1.166471 0.728533 -0.473249
vt 1.697261 1.658603
vn -0.105780 -0.994322 -0.011552
v 1.187528 0.728574 -0.715188
vt 1.647093 1.658127
vn -0.105783 -0.994344 -0.009430
v 1.162633 0.727365 -0.387938
vt 1.714728 1.657845
vn -0.105769 -0.994259 -0.016163
v 1.157121 0.726164 -0.258251
vt 1.741418 1.656499
vn -0.105782 -0.994294 -0.013750
v 1.214263 1.141047 -0.708629
vt 1.571057 1.962031
vn -0.172007 0.941985 0.288233
v 0.706485 1.088670 0.286184
vt 1.859137 1.812735
vn -0.956028 0.293198 -0.006804
v 0.702827 1.074859 0.257709
vt 1.852736 1.810133
vn -0.948657 0.316271 -0.004785
v 0.724175 1.131718 0.194792
vt 1.841347 1.823372
vn -0.939118 0.341259 -0.039993
v 0.705746 1.075515 0.140203
vt 1.830384 1.809937
vn -0.940699 0.339057 -0.011209
v 0.749853 1.072714 -0.130654
vt 1.778264 1.808666
vn -0.852785 0.445782 -0.272095
v 0.776955 1.135059 -0.123377
vt 1.778767 1.824658
vn -0.890843 0.386688 -0.238476
v 1.173245 1.135665 0.715514
vt 1.905996 1.942352
vn -0.128796 0.968547 -0.212907
v 1.139663 1.132430 0.716687
vt 1.903546 1.914375
vn -0.098438 0.813608 -0.573020
v 1.214263 1.141047 0.708629
vt 1.905163 1.968761
vn -0.172027 0.941995 -0.288187
v 0.641844 0.929932 0.118765
vt 1.827418 1.775764
vn -0.912222 0.405570 0.058004
v 0.686355 1.029113 0.125327
vt 1.827466 1.797418
vn -0.935638 0.351890 0.027470
v 0.678526 1.000048 0.205371
vt 1.842651 1.789342
vn -0.938713 0.343871 0.023903
v 0.776955 1.135059 -0.123377
vt 1.800972 1.822236
vn -0.890843 0.386688 -0.238476
v 0.772362 1.136039 -0.107604
vt 1.804886 1.822039
vn -0.914660 0.341273 -0.216632
v 0.776955 1.135059 -0.123377
vt 1.778767 1.824658
vn -0.623078 -0.770655 -0.133663
v 0.707284 1.075273 0.128280
vt 1.827628 1.809928
vn -0.900655 0.416299 -0.124564
v 0.733989 1.134175 0.132048
vt 1.827896 1.823536
vn -0.946949 0.287672 -0.143289
v 0.732626 1.133834 0.140762
vt 1.829867 1.823420
vn -0.926707 0.352585 -0.129994
v 0.721042 1.098282 0.470188
vt 1.842606 1.847656
vn -0.992173 0.061274 0.108803
v 0.720831 1.077889 0.469931
vt 1.843357 1.843039
vn -0.992119 0.061079 0.109404
v 0.704154 1.024886 0.469800
vt 1.906979 1.800492
vn -0.954900 0.281861 0.093385
v 0.720831 1.077889 0.469931
vt 1.906032 1.809274
vn -0.954325 0.283499 0.094296
v 0.718463 1.025571 0.615573
vt 1.942297 1.804834
vn -0.880189 0.456074 0.131391
v 0.738638 1.022985 0.738497
vt 1.972476 1.809844
vn -0.868529 0.470085 0.157091
v 0.775029 1.071340 -0.580968
vt 1.671696 1.806111
vn -0.911085 0.399068 0.103288
v 0.783580 1.110211 -0.649009
vt 1.656575 1.815481
vn -0.926829 0.365282 0.086928
v 0.775402 1.091696 -0.672749
vt 1.650840 1.811086
vn -0.942207 0.327867 0.068916
v 0.770021 1.072468 -0.654836
vt 1.654692 1.806470
vn -0.944923 0.320088 0.068298
v 0.775402 1.091696 -0.672749
vt 1.650985 1.802486
vn -0.942207 0.327867 0.068916
v 0.750677 1.018456 -0.543402
vt 1.689940 1.780457
vn -0.869121 0.494596 0.001688
v 0.746098 1.019743 -0.224321
vt 1.777232 1.790767
vn -0.862427 0.498488 -0.087923
v 0.774419 1.067993 -0.206870
vt 1.781413 1.804702
vn -0.875514 0.447359 -0.182606
v 0.731948 1.024113 -0.248495
vt 1.749202 1.792686
vn -0.967826 -0.239521 0.077083
v 0.722935 0.986024 -0.170325
vt 1.792600 1.785427
vn -0.894228 0.436667 -0.098382
v 0.753485 1.157733 -0.526661
vt 1.610206 1.851647
vn -0.795706 0.021269 -0.605309
v 0.685669 1.184264 -0.436459
vt 1.631412 1.837139
vn -0.916395 0.000000 -0.400275
v 0.677382 1.187798 -0.412378
vt 1.637567 1.835751
vn -0.945589 0.000000 -0.325365
v 0.701595 1.177372 -0.468763
vt 1.624464 1.841589
vn -0.896914 0.000000 -0.442204
v 0.677409 1.187712 -0.360758
vt 1.650014 1.835286
vn -0.996823 -0.000016 0.079651
v 0.695786 1.179926 -0.311837
vt 1.661883 1.839284
vn -0.809545 -0.000021 0.587057
v 0.712312 1.173863 -0.289049
vt 1.667461 1.842360
vn -0.784791 -0.000021 0.619761
v 0.728948 1.167739 -0.269394
vt 1.672031 1.845946
vn -0.763336 -0.000022 0.646002
v 0.677409 1.187712 -0.360758
vt 1.722097 1.854919
vn -0.378502 -0.925590 -0.004332
v 0.675315 1.188716 -0.386940
vt 1.716033 1.855969
vn -0.378771 -0.925490 -0.000139
v 0.677382 1.187798 -0.412378
vt 1.710127 1.854611
vn -0.379013 -0.925383 0.003933
v 0.778836 1.146500 -0.581650
vt 1.597568 1.858797
vn -0.877940 0.465487 -0.111997
v 0.710075 1.108013 0.294388
vt 1.802406 1.844380
vn -0.235913 0.951988 0.195099
v 0.841982 1.146462 0.344890
vt 1.812692 1.877348
vn -0.084834 0.993179 0.079992
v 0.708992 1.102727 0.316205
vt 1.807465 1.843801
vn -0.324304 0.943470 0.068490
v 0.710075 1.108013 0.294388
vt 1.802406 1.844380
vn -0.971244 0.229501 -0.063365
v 0.708992 1.102727 0.316205
vt 1.807465 1.843801
vn -0.993663 0.079691 0.079269
v 0.706485 1.088670 0.286184
vt 1.801332 1.840011
vn -0.970870 0.230679 -0.064790
v 0.705655 1.083098 0.307901
vt 1.806414 1.839409
vn -0.993480 0.087989 0.072494
v 1.070606 1.142060 0.348905
vt 1.813083 1.929559
vn 0.016878 0.999197 0.036341
v 1.311848 1.138149 0.355599
vt 1.816056 1.985087
vn 0.015382 0.999743 0.016641
v 0.705655 1.083098 0.307901
vt 1.868690 1.806878
vn -0.965436 0.249893 0.074077
v 0.685911 1.013471 0.235713
vt 1.853105 1.794121
vn -0.948181 0.317261 0.017283
v 0.691623 1.021767 0.297886
vt 1.867545 1.796335
vn -0.966744 0.243774 0.077328
v 0.678526 1.000048 0.205371
vt 1.866221 1.778906
vn -0.598430 0.741556 -0.303277
v 0.685911 1.013471 0.235713
vt 1.872674 1.781643
vn -0.426721 0.893656 -0.138878
v 0.660265 0.990836 0.207804
vt 1.867137 1.774741
vn -0.643716 0.702039 -0.304583
v 0.665514 1.004448 0.237651
vt 1.873498 1.777158
vn -0.428238 0.889844 -0.157449
v 0.660265 0.990836 0.207804
vt 1.867137 1.774741
vn -0.966073 0.082264 0.244818
v 0.665514 1.004448 0.237651
vt 1.873498 1.777158
vn -0.985787 -0.055833 0.158453
v 0.664332 0.919192 0.229814
vt 1.873371 1.759477
vn -0.964190 0.096688 0.246960
v 0.673062 0.928253 0.259933
vt 1.880142 1.761243
vn -0.986359 -0.059005 0.153669
v 0.664332 0.919192 0.229814
vt 1.873371 1.759477
vn -0.584121 -0.591466 0.555852
v 0.673062 0.928253 0.259933
vt 1.880142 1.761243
vn -0.673828 -0.698638 0.240542
v 0.788665 0.797840 0.228443
vt 1.883309 1.723691
vn -0.558028 -0.616420 0.555546
v 0.800598 0.805349 0.258100
vt 1.890026 1.724934
vn -0.649938 -0.723240 0.233464
v 0.853503 0.749270 0.225802
vt 1.886928 1.707878
vn -0.485538 -0.692644 0.533383
v 0.864095 0.756953 0.255842
vt 1.893641 1.709359
vn -0.578714 -0.783012 0.227997
v 0.641844 0.929932 0.118765
vt 1.847709 1.764961
vn -0.691800 0.654662 -0.304681
v 0.633729 0.911850 0.117569
vt 1.847607 1.761402
vn -0.691800 0.654662 -0.304681
v -1.099134 0.533647 0.000000
vt 1.952352 2.996643
vn 0.188094 0.982151 0.000054
v -1.099363 0.533644 -0.507071
vt 1.953518 2.892698
vn 0.495888 0.730595 0.469389
v -1.010705 0.379310 -0.501285
vt 1.917020 2.893483
vn 0.865202 0.500890 0.023127
v -1.005423 0.374820 0.000000
vt 1.914549 2.996228
vn 0.861250 0.508182 0.000021
v -1.038411 0.585206 -0.616879
vt 1.070747 2.699728
vn 0.801977 0.227753 0.552233
v -1.032668 0.557115 -0.574324
vt 1.068543 2.689424
vn 0.797543 0.234463 0.555835
v -1.049919 0.755288 -0.631031
vt 1.055634 2.734860
vn 0.284983 0.296190 0.911623
v -1.099363 0.533644 -0.507071
vt 1.051048 2.679015
vn 0.495888 0.730595 0.469389
v -1.042366 0.534862 -0.549626
vt 1.065389 2.683042
vn 0.546777 0.385354 0.743328
v -1.010705 0.379310 -0.501285
vt 1.072943 2.649970
vn 0.865202 0.500890 0.023127
v -1.010705 0.379310 0.501285
vt 1.917020 1.893483
vn 0.865199 0.500898 -0.023084
v -1.099363 0.533644 0.507071
vt 1.953518 1.892698
vn 0.495954 0.730656 -0.469224
v -1.099134 0.533647 0.000000
vt 1.952352 1.996643
vn 0.188094 0.982151 0.000054
v -1.005423 0.374820 0.000000
vt 1.914549 1.996228
vn 0.861250 0.508182 0.000021
v -1.099363 0.533644 0.507071
vt 1.051048 1.679015
vn 0.495954 0.730656 -0.469224
v -1.032668 0.557115 0.574324
vt 1.068543 1.689424
vn 0.797620 0.234537 -0.555693
v -1.049919 0.755287 0.631032
vt 1.055634 1.734860
vn 0.285014 0.296221 -0.911603
v -1.038411 0.585206 0.616879
vt 1.070747 1.699728
vn 0.802015 0.227830 -0.552146
v -1.042366 0.534861 0.549626
vt 1.065389 1.683042
vn 0.546821 0.385444 -0.743250
v -1.010705 0.379310 0.501285
vt 1.072943 1.649970
vn 0.865199 0.500898 -0.023084
v -1.099363 0.533644 -0.507071
vt 1.406078 2.555743
vn 0.495888 0.730595 0.469389
v -1.099134 0.533647 0.000000
vt 1.406078 2.622260
vn 0.188094 0.982151 0.000054
v -1.273258 0.533644 -0.507071
vt 1.436046 2.555742
vn 0.000000 1.000000 -0.000015
v -1.750254 0.745234 0.000000
vt 1.540699 2.622175
vn 0.995574 0.093986 0.000017
v -1.741600 0.734087 -0.496603
vt 1.541125 2.520410
vn 0.911559 0.071257 0.404947
v -1.726513 0.533647 0.000000
vt 1.494946 2.622256
vn 0.995611 0.093589 0.000017
v -1.726513 0.533644 -0.507071
vt 1.503053 2.555773
vn 0.883588 0.066591 0.463506
v -1.517908 0.533644 -0.507071
vt 1.469587 2.555742
vn 0.000000 1.000000 -0.000015
v -1.726513 0.533647 0.000000
vt 1.494946 2.622256
vn 0.000000 1.000000 -0.000015
v -1.726513 0.533644 -0.507071
vt 1.503053 2.555773
vn 0.000000 1.000000 -0.000015
v -1.468437 0.746898 -0.503754
vt 1.492224 2.518673
vn 0.050675 0.016870 0.998573
v -1.517908 0.533644 -0.507071
vt 1.469587 2.555742
vn 0.041599 0.003394 0.999129
v -1.258594 0.751890 -0.538773
vt 1.440027 2.518601
vn 0.152984 0.181560 0.971407
v -1.273258 0.533644 -0.507071
vt 1.436046 2.555742
vn 0.144180 0.166872 0.975380
v -1.049919 0.755288 -0.631031
vt 1.406077 2.507859
vn 0.284983 0.296190 0.911623
v -1.273258 0.533644 0.507071
vt 1.442165 1.555743
vn 0.000000 1.000000 -0.000015
v -1.099134 0.533647 0.000000
vt 1.415256 1.622260
vn 0.188094 0.982151 0.000054
v -1.099363 0.533644 0.507071
vt 1.415256 1.555743
vn 0.495954 0.730656 -0.469224
v -1.726513 0.533644 0.507071
vt 1.506113 1.555774
vn 0.883609 0.066613 -0.463462
v -1.741600 0.734086 0.496603
vt 1.541224 1.520436
vn 0.911590 0.071321 -0.404866
v -1.726513 0.533647 0.000000
vt 1.498005 1.622256
vn 0.995611 0.093589 0.000017
v -1.750254 0.745234 0.000000
vt 1.540749 1.622188
vn 0.995574 0.093986 0.000017
v -1.726513 0.533647 0.000000
vt 1.498005 1.622256
vn 0.000000 1.000000 -0.000015
v -1.517908 0.533644 0.507071
vt 1.472646 1.555743
vn 0.000000 1.000000 -0.000015
v -1.726513 0.533644 0.507071
vt 1.506113 1.555774
vn 0.000000 1.000000 -0.000015
v -1.517908 0.533644 0.507071
vt 1.472646 1.555743
vn 0.041616 0.003410 -0.999128
v -1.468437 0.746898 0.503754
vt 1.495284 1.518673
vn 0.050728 0.016920 -0.998569
v -1.273258 0.533644 0.507071
vt 1.442165 1.555743
vn 0.144204 0.166897 -0.975372
v -1.258594 0.751890 0.538773
vt 1.446146 1.518601
vn 0.153013 0.181631 -0.971389
v -1.049919 0.755287 0.631032
vt 1.415256 1.507859
vn 0.285014 0.296221 -0.911603
v -1.510744 0.633202 0.000000
vt 1.026812 1.650093
vn -0.105321 0.994438 -0.000017
v -1.348184 0.676571 0.000000
vt 1.026812 1.686605
vn -0.206530 0.978440 -0.000018
v -1.507882 0.640045 0.059434
vt 1.038829 1.650683
vn -0.132319 0.990933 0.023322
v -1.352513 0.677888 0.050896
vt 1.037103 1.685713
vn -0.228047 0.973010 -0.035297
v -1.527633 0.621120 0.097745
vt 1.486053 2.479123
vn -0.141307 0.989570 0.027993
v -1.507882 0.640045 0.059434
vt 1.476862 2.469026
vn -0.132319 0.990933 0.023322
v -1.344543 0.686157 0.082647
vt 1.477862 2.439897
vn -0.277016 0.960708 -0.017409
v -1.352513 0.677888 0.050896
vt 1.469572 2.438039
vn -0.228047 0.973010 -0.035297
v -1.342611 0.687497 0.249709
vt 1.515713 2.439930
vn -0.285712 0.958316 0.000019
v -1.526476 0.621352 0.249709
vt 1.518234 2.479805
vn -0.152011 0.988379 0.000087
v -1.241381 0.711510 0.249709
vt 1.514047 2.419020
vn 0.027088 0.999633 0.000016
v -1.244647 0.702091 0.078745
vt 1.477123 2.419121
vn 0.039506 0.996140 -0.078382
v -1.270785 0.687509 0.050677
vt 1.469032 2.423728
vn -0.083107 0.988088 -0.129516
v -1.270785 0.687509 0.050677
vt 1.037058 1.704981
vn -0.083107 0.988088 -0.129516
v -1.258717 0.688565 0.000000
vt 1.026812 1.707470
vn 0.533084 0.846062 0.000021
v -1.258717 0.688565 0.000000
vt 1.467890 2.419816
vn 0.533084 0.846062 0.000021
v -1.205858 0.631948 0.068970
vt 1.473229 2.406915
vn 0.959873 -0.139607 -0.243216
v -1.214429 0.680190 0.075042
vt 1.476136 2.410939
vn 0.870584 0.474631 -0.129651
v -1.204057 0.687326 0.249709
vt 1.514823 2.413163
vn 0.869053 0.494720 0.000021
v -1.189136 0.622562 0.249709
vt 1.518620 2.367722
vn 0.994617 -0.103623 0.000084
v -1.674552 0.905420 0.095316
vt 1.095096 2.413153
vn 0.856191 0.466184 0.222730
v -1.603299 0.780100 0.102606
vt 1.097350 2.378372
vn 0.885883 0.411468 0.214257
v -1.675416 0.905375 0.249709
vt 1.129621 2.411757
vn 0.873113 0.487518 0.000021
v -1.603610 0.780269 0.249709
vt 1.129680 2.377908
vn 0.906556 0.422086 0.000020
v -1.559513 0.656748 0.100458
vt 1.096416 2.348509
vn 0.896609 0.404793 0.179539
v -1.559663 0.657208 0.249709
vt 1.130248 2.347828
vn 0.900878 0.434072 0.000020
v -1.527633 0.621120 0.097745
vt 1.095990 2.337629
vn -0.141307 0.989570 0.027993
v -1.526476 0.621352 0.249709
vt 1.130173 2.336854
vn -0.152011 0.988379 0.000087
v -1.555616 0.806426 0.045277
vt 1.081143 2.379978
vn 0.886011 0.349361 0.304847
v -1.537691 0.656689 0.060423
vt 1.086346 2.345321
vn 0.912762 0.334386 0.234629
v -1.644082 0.931618 0.045287
vt 1.080901 2.414461
vn 0.762824 0.515806 0.389928
v -1.704934 1.009227 0.056464
vt 1.083328 2.438276
vn 0.907072 0.402159 0.124456
v -1.747094 1.039493 0.249709
vt 1.130096 2.447556
vn 0.920101 0.391681 0.000060
v -1.779384 1.220754 0.249709
vt 1.133651 2.488796
vn 0.998375 0.056992 0.000016
v -1.776869 1.262134 0.249709
vt 1.135268 2.497454
vn 0.998392 0.056687 0.000016
v -1.781051 1.221145 0.210164
vt 1.124025 2.490377
vn 0.961044 0.025334 -0.275230
v -1.787682 1.259417 0.182628
vt 1.119080 2.500427
vn 0.920505 0.073541 -0.383747
v -1.768035 1.157045 0.249709
vt 1.132301 2.474350
vn 0.989639 0.143580 0.000052
v -1.785512 1.169811 0.190778
vt 1.117305 2.479606
vn 0.939267 0.343184 0.001038
v -1.740619 1.079893 0.000000
vt 1.078465 2.458343
vn 0.906283 0.422672 0.000020
v -1.646021 0.939003 0.000000
vt 1.078629 2.416273
vn 0.824897 0.565283 0.000064
v -1.560706 0.803662 0.000000
vt 1.079865 2.380330
vn 0.951934 0.306303 0.000058
v -1.552970 0.651258 0.000000
vt 1.078589 2.348778
vn 0.960644 0.277782 0.000057
v -1.507882 0.640045 0.059434
vt 1.086134 2.331457
vn -0.132319 0.990933 0.023322
v -1.510744 0.633202 0.000000
vt 1.078882 2.332265
vn -0.105321 0.994438 -0.000017
v -1.788394 0.846878 0.249709
vt 1.902328 2.348621
vn -0.924643 -0.380834 0.000060
v -1.741196 0.726104 0.249709
vt 1.902466 2.321788
vn -0.935614 -0.353026 0.000177
v -1.788394 0.855542 0.000000
vt 1.952825 2.351879
vn -0.924123 -0.382095 -0.000020
v -1.741196 0.726104 0.000000
vt 1.952332 2.322884
vn -0.935624 -0.352997 -0.000020
v -1.842688 0.968187 0.249709
vt 1.902127 2.377002
vn -0.923625 -0.383298 -0.000020
v -1.842688 0.975545 0.000000
vt 1.952821 2.383666
vn -0.923878 -0.382686 -0.000060
v -1.882470 1.093109 0.000000
vt 1.942704 2.407377
vn -0.977168 -0.212469 -0.000054
v -1.887812 1.075586 0.249709
vt 1.900827 2.401581
vn -0.958249 -0.285784 -0.009237
v -1.896115 1.170492 0.167275
vt 1.916362 2.422596
vn -0.991947 0.069795 -0.105690
v -1.901624 1.166914 0.249709
vt 1.899158 2.421083
vn -0.998218 0.059680 0.000016
v -1.862673 1.165259 0.000000
vt 1.949751 2.413965
vn -0.936346 0.351078 0.000020
v -1.893366 1.232303 0.249709
vt 1.897839 2.433499
vn -0.978008 0.208566 0.000018
v -1.876303 1.228316 0.136148
vt 1.923025 2.430243
vn -0.884536 0.381174 -0.268892
v -1.890668 1.253669 0.249709
vt 1.897212 2.439412
vn -0.973501 0.228681 -0.000018
v -1.872742 1.272224 0.189013
vt 1.910188 2.444918
vn -0.879370 0.271882 -0.390881
v -1.864253 1.338722 0.207153
vt 1.904554 2.458864
vn -0.852305 0.229498 -0.470006
v -1.873955 1.329439 0.249709
vt 1.895757 2.455749
vn -0.977275 0.211976 0.000018
v -1.847888 1.229317 0.107733
vt 1.929562 2.437283
vn -0.131349 0.839527 -0.527202
v -1.840196 1.260138 0.149106
vt 1.920537 2.444855
vn -0.440542 0.503153 -0.743479
v -1.842075 1.365253 0.180257
vt 1.909932 2.466176
vn -0.564121 0.316995 -0.762418
v -1.862673 1.165259 0.000000
vt 1.078199 2.490906
vn -0.936346 0.351078 0.000020
v -1.785957 1.158303 0.000000
vt 1.076818 2.480702
vn 0.697899 0.716197 0.000022
v -1.847888 1.229317 0.107733
vt 1.095136 2.504693
vn -0.131349 0.839527 -0.527202
v -1.811924 1.233723 0.109804
vt 1.099503 2.497662
vn 0.609708 0.711708 -0.348896
v -1.813557 1.257688 0.146780
vt 1.108761 2.503429
vn 0.642747 0.302626 -0.703771
v -1.840196 1.260138 0.149106
vt 1.105878 2.509128
vn -0.440542 0.503153 -0.743479
v -1.842075 1.365253 0.180257
vt 1.120943 2.530277
vn -0.564121 0.316995 -0.762418
v -1.816717 1.372420 0.172651
vt 1.124257 2.526235
vn 0.463006 0.288827 -0.837976
v -1.787441 1.374571 0.249709
vt 1.139684 2.521900
vn 0.974384 0.224889 0.000018
v -1.789922 1.367924 0.207478
vt 1.131182 2.522007
vn 0.934540 0.193125 -0.298895
v -1.812601 1.394673 0.195491
vt 1.129708 2.529321
vn 0.325001 0.872122 -0.365757
v -1.812401 1.404332 0.249709
vt 1.141045 2.530518
vn 0.396600 0.917991 0.000020
v -1.837953 1.398885 0.249709
vt 1.141884 2.535563
vn -0.592952 0.805238 -0.000021
v -1.839775 1.390379 0.200879
vt 1.128674 2.534662
vn -0.607305 0.732356 -0.307952
v -1.839775 1.390379 0.200879
vt 1.904955 2.470909
vn -0.607305 0.732356 -0.307952
v -1.862716 1.351714 0.222549
vt 1.901202 2.461368
vn -0.881320 0.432466 -0.190389
v -1.863871 1.362265 0.249709
vt 1.895227 2.462905
vn -0.872920 0.487863 0.000021
v -1.837953 1.398885 0.249709
vt 1.894399 2.472326
vn -0.592952 0.805238 -0.000021
v -1.225756 0.605105 0.057515
vt 1.486222 2.358928
vn 0.723858 -0.653613 -0.220952
v -1.278033 0.629398 0.000000
vt 1.468012 2.427269
vn 0.960223 -0.279234 -0.000019
v -1.208933 0.592623 0.249709
vt 1.519358 2.361836
vn 0.704686 -0.709520 0.000022
v -1.299523 0.544348 0.000000
vt 1.486722 2.352421
vn 0.703581 -0.710615 -0.000022
v -1.276489 0.535061 0.249709
vt 1.518594 2.358339
vn 0.658253 -0.752797 0.000323
v -1.352513 0.693889 0.472535
vt 1.559787 2.441699
vn -0.199123 0.978226 0.058517
v -1.358783 0.680286 0.520346
vt 1.568481 2.442094
vn -0.198114 0.616379 0.762120
v -1.507882 0.640045 0.439984
vt 1.559300 2.474646
vn -0.191210 0.976908 -0.095335
v -1.510744 0.633201 0.482744
vt 1.569001 2.473334
vn -0.231351 0.566487 0.790929
v -1.344543 0.686157 0.429995
vt 1.553388 2.441063
vn -0.267918 0.963246 -0.019407
v -1.527633 0.621120 0.401673
vt 1.550571 2.480278
vn -0.154734 0.987050 -0.042297
v -1.244647 0.702091 0.433897
vt 1.550818 2.421067
vn 0.045487 0.997201 0.059343
v -1.270785 0.687509 0.472486
vt 1.558004 2.426337
vn 0.081769 0.966913 0.241645
v -1.258717 0.669242 0.505640
vt 1.570611 2.422426
vn 0.425375 0.306870 0.851403
v -1.214429 0.680190 0.437600
vt 1.552896 2.415848
vn 0.872018 0.471490 0.131461
v -1.205858 0.631948 0.443672
vt 1.580039 2.404590
vn 0.963011 -0.132730 0.234506
v -1.205858 0.631948 0.443672
vt 1.560370 2.375389
vn 0.963011 -0.132730 0.234506
v -1.603299 0.780100 0.396812
vt 1.162382 2.376977
vn 0.885880 0.411525 -0.214158
v -1.674552 0.905420 0.404102
vt 1.164310 2.410156
vn 0.856197 0.466198 -0.222678
v -1.559513 0.656748 0.398961
vt 1.164168 2.347040
vn 0.896613 0.404807 -0.179490
v -1.527633 0.621120 0.401673
vt 1.164525 2.336364
vn -0.154734 0.987050 -0.042297
v -1.537691 0.656688 0.438995
vt 1.175097 2.344012
vn 0.912927 0.319822 -0.253530
v -1.555616 0.806426 0.454141
vt 1.178981 2.377559
vn 0.877926 0.356226 -0.319921
v -1.644082 0.931618 0.454131
vt 1.178640 2.410787
vn 0.761526 0.514734 -0.393862
v -1.704934 1.009227 0.442954
vt 1.176185 2.432908
vn 0.910822 0.406740 -0.070466
v -1.787682 1.259417 0.316791
vt 1.151809 2.496309
vn 0.920477 0.073478 0.383828
v -1.781051 1.221145 0.289254
vt 1.143804 2.488033
vn 0.961011 0.025277 0.275353
v -1.785512 1.169811 0.308640
vt 1.147321 2.476410
vn 0.939984 0.341218 -0.000567
v -1.646021 0.939003 0.498009
vt 1.188509 2.411870
vn 0.451174 0.338855 0.825603
v -1.759300 1.063658 0.503111
vt 1.190166 2.448183
vn 0.011375 0.112674 0.993567
v -1.740620 1.079893 0.494989
vt 1.186048 2.449882
vn 0.891707 0.444280 0.086451
v -1.560706 0.803662 0.498498
vt 1.188438 2.377647
vn 0.700276 0.211588 0.681795
v -1.552970 0.651258 0.483536
vt 1.187442 2.342977
vn 0.541451 0.022479 0.840432
v -1.510744 0.633201 0.482744
vt 1.182897 2.333783
vn -0.231351 0.566487 0.790929
v -1.507882 0.640045 0.439984
vt 1.174422 2.335746
vn -0.191210 0.976908 -0.095335
v -1.613191 0.786443 0.513507
vt 1.201504 2.377554
vn -0.179510 -0.141929 0.973464
v -1.587321 0.628518 0.486811
vt 1.197241 2.340242
vn -0.255050 -0.222836 0.940900
v -1.693076 0.909901 0.509586
vt 1.202008 2.411995
vn -0.262833 -0.093437 0.960306
v -1.789962 1.020944 0.482744
vt 1.194385 2.435530
vn -0.459229 -0.132218 0.878423
v -1.789962 1.020944 0.482744
vt 1.847792 2.382739
vn -0.459229 -0.132218 0.878423
v -1.693076 0.909901 0.509586
vt 1.836375 2.352998
vn -0.262833 -0.093437 0.960306
v -1.842688 0.975545 0.443266
vt 1.861069 2.377791
vn -0.877703 -0.338612 0.339086
v -1.788394 0.855542 0.452779
vt 1.858850 2.350482
vn -0.835312 -0.346216 0.427069
v -1.613191 0.786443 0.513507
vt 1.831879 2.321897
vn -0.179510 -0.141929 0.973464
v -1.741196 0.726104 0.452142
vt 1.859349 2.321194
vn -0.728401 -0.331220 0.599771
v -1.587321 0.628518 0.486811
vt 1.842280 2.288659
vn -0.255050 -0.222836 0.940900
v -1.654991 0.601382 0.437421
vt 1.860494 2.289187
vn -0.406230 -0.251605 0.878449
v -1.882470 1.093109 0.401613
vt 1.869099 2.403161
vn -0.940073 -0.251003 0.230782
v -1.896115 1.170492 0.332143
vt 1.881809 2.420488
vn -0.981337 0.085400 0.172294
v -1.864253 1.338722 0.292265
vt 1.886535 2.457480
vn -0.852317 0.229471 0.470000
v -1.872742 1.272224 0.310405
vt 1.883364 2.442924
vn -0.879381 0.271855 0.390875
v -1.876303 1.228316 0.363270
vt 1.873625 2.426930
vn -0.882605 0.330171 0.334657
v -1.862672 1.129014 0.455806
vt 1.856820 2.409196
vn -0.787385 -0.022609 0.616047
v -1.842932 1.179102 0.460053
vt 1.852075 2.419106
vn -0.718699 0.434335 0.542977
v -1.847888 1.229317 0.391686
vt 1.864952 2.432585
vn -0.303334 0.774916 0.554522
v -1.840196 1.260138 0.350313
vt 1.871907 2.441522
vn -0.440515 0.503178 0.743477
v -1.842075 1.365253 0.319161
vt 1.879636 2.463811
vn -0.564142 0.316968 0.762414
v -1.824459 1.142315 0.491923
vt 1.846761 2.409833
vn -0.375327 0.044496 0.925824
v -1.759300 1.063658 0.503111
vt 1.837901 2.389344
vn 0.011375 0.112674 0.993567
v -1.804482 1.197674 0.451476
vt 1.182669 2.479503
vn 0.008865 0.784179 0.620471
v -1.785957 1.158303 0.487864
vt 1.186193 2.469117
vn 0.734071 0.544443 0.405858
v -1.842932 1.179102 0.460053
vt 1.192124 2.481833
vn -0.718699 0.434335 0.542977
v -1.824459 1.142315 0.491923
vt 1.194962 2.470717
vn -0.375327 0.044496 0.925824
v -1.847888 1.229317 0.391686
vt 1.177040 2.495140
vn -0.303334 0.774916 0.554522
v -1.811924 1.233723 0.389615
vt 1.169978 2.489553
vn 0.737129 0.619482 0.269967
v -1.840196 1.260138 0.350313
vt 1.169028 2.500998
vn -0.440515 0.503178 0.743477
v -1.813557 1.257688 0.352638
vt 1.163024 2.496226
vn 0.642662 0.302596 0.703861
v -1.816717 1.372420 0.326768
vt 1.157294 2.522467
vn 0.462959 0.288740 0.838032
v -1.842075 1.365253 0.319161
vt 1.161639 2.524868
vn -0.564142 0.316968 0.762414
v -1.789922 1.367924 0.291940
vt 1.147871 2.519567
vn 0.934529 0.193105 0.298942
v -1.812601 1.394673 0.303928
vt 1.152000 2.526541
vn 0.324884 0.872104 0.365903
v -1.839775 1.390379 0.298539
vt 1.154691 2.531746
vn -0.607265 0.732414 0.307894
v -1.862716 1.351714 0.276869
vt 1.889581 2.460490
vn -0.881306 0.432494 0.190391
v -1.839775 1.390379 0.298539
vt 1.883926 2.469486
vn -0.607265 0.732414 0.307894
v -1.602099 0.515876 0.463691
vt 1.854223 2.272524
vn -0.130125 -0.308654 0.942231
v -1.552970 0.651258 0.483536
vt 1.839411 2.283059
vn 0.541451 0.022479 0.840432
v -1.548865 0.594077 0.483858
vt 1.837857 2.278366
vn -0.009504 -0.134116 0.990920
v -1.501743 0.588771 0.481671
vt 1.188565 2.332042
vn -0.029905 -0.333498 0.942277
v -1.548865 0.594077 0.483858
vt 1.194181 2.330616
vn -0.009504 -0.134116 0.990920
v -1.354094 0.639477 0.516844
vt 1.573286 2.441789
vn -0.023308 -0.295611 0.955024
v -1.501743 0.588771 0.481671
vt 1.580188 2.472631
vn -0.029905 -0.333498 0.942277
v -1.278033 0.629398 0.502178
vt 1.578129 2.426462
vn 0.341016 -0.346543 0.873851
v -1.225756 0.605105 0.441903
vt 1.586272 2.413566
vn 0.695172 -0.685522 0.216323
v -1.225756 0.605105 0.441903
vt 1.564649 2.362122
vn 0.695172 -0.685522 0.216323
v -1.299523 0.544348 0.463203
vt 1.591722 2.428351
vn 0.395552 -0.666802 0.631596
v -1.602099 0.515876 0.463691
vt 1.588697 2.488134
vn -0.130125 -0.308654 0.942231
v -1.548865 0.594077 0.483858
vt 1.578061 2.482355
vn -0.009504 -0.134116 0.990920
v -1.299523 0.544348 0.463203
vt 1.565064 2.360948
vn 0.395552 -0.666802 0.631596
v -1.352513 0.677888 -0.050895
vt 1.016522 1.685713
vn -0.228025 0.973015 0.035297
v -1.507882 0.640045 -0.059434
vt 1.014795 1.650683
vn -0.132334 0.990932 -0.023286
v -1.352513 0.677888 -0.050895
vt 1.469572 1.438039
vn -0.228025 0.973015 0.035297
v -1.507882 0.640045 -0.059434
vt 1.476862 1.469026
vn -0.132334 0.990932 -0.023286
v -1.344543 0.686157 -0.082646
vt 1.477862 1.439897
vn -0.277039 0.960701 0.017409
v -1.527633 0.621120 -0.097745
vt 1.486053 1.479123
vn -0.141326 0.989567 -0.027993
v -1.526476 0.621352 -0.249709
vt 1.518234 1.479805
vn -0.152001 0.988380 0.000017
v -1.342611 0.687497 -0.249709
vt 1.515713 1.439930
vn -0.285712 0.958316 0.000019
v -1.244647 0.702091 -0.078745
vt 1.477123 1.419121
vn 0.039489 0.996138 0.078417
v -1.241381 0.711510 -0.249709
vt 1.514047 1.419020
vn 0.027073 0.999632 0.001836
v -1.270785 0.687509 -0.050676
vt 1.469032 1.423728
vn -0.083124 0.988092 0.129477
v -1.270785 0.687509 -0.050676
vt 1.016566 1.704981
vn -0.083124 0.988092 0.129477
v -1.214429 0.680190 -0.075042
vt 1.476136 1.410939
vn 0.870596 0.474582 0.129747
v -1.205858 0.631948 -0.068970
vt 1.473229 1.406915
vn 0.959881 -0.139625 0.243171
v -1.258717 0.688565 0.000000
vt 1.467890 1.419816
vn 0.533084 0.846062 0.000021
v -1.189136 0.622562 -0.249709
vt 1.518620 1.367722
vn 0.994618 -0.103608 -0.000117
v -1.204057 0.687326 -0.249709
vt 1.514823 1.413163
vn 0.869053 0.494720 0.000021
v -1.603610 0.780269 -0.249709
vt 1.129680 1.377908
vn 0.906556 0.422086 0.000020
v -1.603299 0.780100 -0.102606
vt 1.097350 1.378372
vn 0.885880 0.411525 -0.214158
v -1.675416 0.905375 -0.249709
vt 1.129621 1.411757
vn 0.873186 0.487387 0.000062
v -1.674552 0.905420 -0.095316
vt 1.095096 1.413153
vn 0.856197 0.466198 -0.222678
v -1.559663 0.657208 -0.249709
vt 1.130248 1.347828
vn 0.900878 0.434072 0.000020
v -1.559513 0.656748 -0.100457
vt 1.096416 1.348509
vn 0.896613 0.404807 -0.179490
v -1.526476 0.621352 -0.249709
vt 1.130173 1.336854
vn -0.152001 0.988380 0.000017
v -1.527633 0.621120 -0.097745
vt 1.095990 1.337629
vn -0.141326 0.989567 -0.027993
v -1.537691 0.656689 -0.060423
vt 1.086346 1.345321
vn 0.912786 0.334393 -0.234527
v -1.555616 0.806426 -0.045277
vt 1.081143 1.379978
vn 0.886019 0.349425 -0.304748
v -1.644082 0.931618 -0.045287
vt 1.080901 1.414461
vn 0.762871 0.515862 -0.389761
v -1.704934 1.009227 -0.056464
vt 1.083328 1.438276
vn 0.907062 0.402210 -0.124364
v -1.747094 1.039493 -0.249709
vt 1.130096 1.447556
vn 0.920101 0.391681 0.000060
v -1.787682 1.259417 -0.182627
vt 1.119080 1.500427
vn 0.920477 0.073478 0.383828
v -1.776869 1.262134 -0.249709
vt 1.135268 1.497454
vn 0.998392 0.056687 0.000016
v -1.781051 1.221145 -0.210164
vt 1.124025 1.490377
vn 0.961011 0.025277 0.275353
v -1.779384 1.220754 -0.249709
vt 1.133651 1.488796
vn 0.998375 0.056992 0.000016
v -1.785512 1.169811 -0.190777
vt 1.117305 1.479606
vn 0.939268 0.343183 -0.000960
v -1.768035 1.157045 -0.249709
vt 1.132301 1.474350
vn 0.989639 0.143580 0.000052
v -1.646021 0.939003 0.000000
vt 1.078629 1.416273
vn 0.824897 0.565283 0.000064
v -1.740619 1.079893 0.000000
vt 1.078465 1.458343
vn 0.906283 0.422672 0.000020
v -1.560706 0.803662 0.000000
vt 1.079865 1.380330
vn 0.951934 0.306303 0.000058
v -1.552970 0.651258 0.000000
vt 1.078589 1.348778
vn 0.960644 0.277782 0.000057
v -1.510744 0.633202 0.000000
vt 1.078882 1.332265
vn -0.105321 0.994438 -0.000017
v -1.507882 0.640045 -0.059434
vt 1.086134 1.331457
vn -0.132334 0.990932 -0.023286
v -1.741196 0.726104 0.000000
vt 1.952332 1.322884
vn -0.935624 -0.352997 -0.000020
v -1.741196 0.726104 -0.249709
vt 1.902466 1.321788
vn -0.935631 -0.352981 -0.000256
v -1.788394 0.855542 0.000000
vt 1.952825 1.351879
vn -0.924123 -0.382095 -0.000020
v -1.788394 0.846878 -0.249709
vt 1.902328 1.348621
vn -0.924662 -0.380790 -0.000140
v -1.842688 0.975545 0.000000
vt 1.952821 1.383666
vn -0.923878 -0.382686 -0.000060
v -1.842688 0.968187 -0.249709
vt 1.902127 1.377002
vn -0.923625 -0.383298 -0.000020
v -1.887812 1.075586 -0.249709
vt 1.900827 1.401581
vn -0.958250 -0.285786 0.009160
v -1.882470 1.093109 0.000000
vt 1.942704 1.407377
vn -0.977168 -0.212469 -0.000054
v -1.901624 1.166914 -0.249709
vt 1.899158 1.421083
vn -0.998218 0.059680 0.000016
v -1.896115 1.170492 -0.167275
vt 1.916362 1.422596
vn -0.991944 0.069778 0.105727
v -1.862673 1.165259 0.000000
vt 1.949751 1.413965
vn -0.936346 0.351078 0.000020
v -1.872742 1.272224 -0.189012
vt 1.910188 1.444918
vn -0.879381 0.271855 0.390875
v -1.876303 1.228316 -0.136148
vt 1.923025 1.430243
vn -0.884523 0.381202 0.268895
v -1.890668 1.253669 -0.249709
vt 1.897212 1.439412
vn -0.973481 0.228767 -0.000018
v -1.893366 1.232303 -0.249709
vt 1.897839 1.433499
vn -0.977986 0.208671 -0.000018
v -1.873955 1.329439 -0.249709
vt 1.895757 1.455748
vn -0.977275 0.211976 0.000018
v -1.864253 1.338722 -0.207152
vt 1.904554 1.458864
vn -0.852317 0.229471 0.470000
v -1.847888 1.229317 -0.107732
vt 1.929562 1.437283
vn -0.131326 0.839503 0.527246
v -1.840196 1.260138 -0.149105
vt 1.920537 1.444855
vn -0.440515 0.503178 0.743477
v -1.842075 1.365253 -0.180257
vt 1.909932 1.466176
vn -0.564142 0.316968 0.762414
v -1.811924 1.233723 -0.109803
vt 1.099503 1.497662
vn 0.609692 0.711694 0.348952
v -1.785957 1.158303 0.000000
vt 1.076818 1.480702
vn 0.697899 0.716197 0.000022
v -1.847888 1.229317 -0.107732
vt 1.095136 1.504693
vn -0.131326 0.839503 0.527246
v -1.862673 1.165259 0.000000
vt 1.078199 1.490906
vn -0.936346 0.351078 0.000020
v -1.840196 1.260138 -0.149105
vt 1.105878 1.509128
vn -0.440515 0.503178 0.743477
v -1.813557 1.257688 -0.146779
vt 1.108761 1.503429
vn 0.642662 0.302596 0.703861
v -1.816717 1.372420 -0.172650
vt 1.124257 1.526235
vn 0.462959 0.288740 0.838032
v -1.842075 1.365253 -0.180257
vt 1.120943 1.530277
vn -0.564142 0.316968 0.762414
v -1.789922 1.367924 -0.207478
vt 1.131182 1.522006
vn 0.934529 0.193105 0.298942
v -1.787441 1.374571 -0.249709
vt 1.139684 1.521900
vn 0.974384 0.224889 0.000018
v -1.812401 1.404332 -0.249709
vt 1.141045 1.530518
vn 0.396600 0.917991 0.000020
v -1.812601 1.394673 -0.195490
vt 1.129708 1.529321
vn 0.324884 0.872104 0.365903
v -1.839775 1.390379 -0.200878
vt 1.128674 1.534662
vn -0.607265 0.732414 0.307894
v -1.837953 1.398885 -0.249709
vt 1.141884 1.535562
vn -0.592952 0.805238 -0.000021
v -1.862716 1.351714 -0.222549
vt 1.901202 1.461368
vn -0.881306 0.432494 0.190391
v -1.839775 1.390379 -0.200878
vt 1.904955 1.470909
vn -0.607265 0.732414 0.307894
v -1.837953 1.398885 -0.249709
vt 1.894399 1.472326
vn -0.592952 0.805238 -0.000021
v -1.863871 1.362265 -0.249709
vt 1.895227 1.462905
vn -0.872920 0.487863 0.000021
v -1.278033 0.629398 0.000000
vt 1.468012 1.427269
vn 0.960223 -0.279234 -0.000019
v -1.225756 0.605105 -0.057515
vt 1.486222 1.358928
vn 0.723850 -0.653604 0.221006
v -1.208933 0.592623 -0.249709
vt 1.519358 1.361836
vn 0.704686 -0.709520 0.000022
v -1.299523 0.544348 0.000000
vt 1.486722 1.352421
vn 0.703581 -0.710615 -0.000022
v -1.276489 0.535062 -0.249709
vt 1.518594 1.358339
vn 0.658255 -0.752795 -0.000280
v -1.510744 0.633202 -0.482744
vt 1.569001 1.473334
vn -0.231325 0.566507 -0.790923
v -1.358783 0.680287 -0.520346
vt 1.568481 1.442094
vn -0.198142 0.616414 -0.762085
v -1.507882 0.640045 -0.439984
vt 1.559300 1.474646
vn -0.191225 0.976909 0.095295
v -1.352513 0.693889 -0.472534
vt 1.559787 1.441699
vn -0.199138 0.978225 -0.058478
v -1.527633 0.621120 -0.401673
vt 1.550571 1.480278
vn -0.154719 0.987051 0.042334
v -1.344543 0.686157 -0.429995
vt 1.553388 1.441063
vn -0.267941 0.963240 0.019407
v -1.244647 0.702091 -0.433897
vt 1.550818 1.421067
vn 0.045502 0.997204 -0.059273
v -1.270785 0.687509 -0.472486
vt 1.558004 1.426337
vn 0.081828 0.966928 -0.241565
v -1.258717 0.669242 -0.505640
vt 1.570611 1.422426
vn 0.425409 0.306902 -0.851374
v -1.205858 0.631949 -0.443671
vt 1.580039 1.404590
vn 0.963015 -0.132708 -0.234502
v -1.214429 0.680190 -0.437599
vt 1.552896 1.415848
vn 0.872022 0.471524 -0.131316
v -1.205858 0.631949 -0.443671
vt 1.560370 1.375389
vn 0.963015 -0.132708 -0.234502
v -1.674552 0.905420 -0.404102
vt 1.164310 1.410156
vn 0.856191 0.466184 0.222730
v -1.603299 0.780100 -0.396812
vt 1.162382 1.376977
vn 0.885883 0.411468 0.214257
v -1.559513 0.656748 -0.398960
vt 1.164168 1.347040
vn 0.896609 0.404793 0.179539
v -1.527633 0.621120 -0.401673
vt 1.164525 1.336364
vn -0.154719 0.987051 0.042334
v -1.555616 0.806426 -0.454141
vt 1.178981 1.377559
vn 0.877892 0.356170 0.320076
v -1.537691 0.656689 -0.438995
vt 1.175097 1.344012
vn 0.912904 0.319769 0.253679
v -1.644082 0.931618 -0.454130
vt 1.178640 1.410787
vn 0.761514 0.514668 0.393971
v -1.704934 1.009227 -0.442953
vt 1.176185 1.432907
vn 0.910837 0.406692 0.070553
v -1.781051 1.221145 -0.289254
vt 1.143804 1.488033
vn 0.961044 0.025334 -0.275230
v -1.787682 1.259417 -0.316790
vt 1.151809 1.496309
vn 0.920505 0.073541 -0.383747
v -1.785512 1.169811 -0.308640
vt 1.147321 1.476410
vn 0.939991 0.341198 0.000724
v -1.740620 1.079894 -0.494989
vt 1.186048 1.449882
vn 0.891692 0.444327 -0.086361
v -1.759300 1.063658 -0.503111
vt 1.190166 1.448183
vn 0.011427 0.112736 -0.993559
v -1.646021 0.939003 -0.498009
vt 1.188509 1.411870
vn 0.451255 0.338836 -0.825566
v -1.560706 0.803662 -0.498498
vt 1.188438 1.377647
vn 0.700308 0.211615 -0.681754
v -1.552970 0.651258 -0.483536
vt 1.187442 1.342977
vn 0.541535 0.022501 -0.840377
v -1.507882 0.640045 -0.439984
vt 1.174422 1.335746
vn -0.191225 0.976909 0.095295
v -1.510744 0.633202 -0.482744
vt 1.182897 1.333783
vn -0.231325 0.566507 -0.790923
v -1.587321 0.628518 -0.486811
vt 1.197241 1.340242
vn -0.254962 -0.222751 -0.940944
v -1.613191 0.786443 -0.513507
vt 1.201504 1.377555
vn -0.179479 -0.141860 -0.973480
v -1.693076 0.909901 -0.509585
vt 1.202008 1.411996
vn -0.262682 -0.093279 -0.960363
v -1.789962 1.020944 -0.482744
vt 1.194385 1.435530
vn -0.459195 -0.132192 -0.878445
v -1.788394 0.855543 -0.452778
vt 1.858850 1.350482
vn -0.835294 -0.346194 -0.427122
v -1.693076 0.909901 -0.509585
vt 1.836375 1.352998
vn -0.262682 -0.093279 -0.960363
v -1.842688 0.975545 -0.443265
vt 1.861069 1.377791
vn -0.877691 -0.338592 -0.339138
v -1.789962 1.020944 -0.482744
vt 1.847792 1.382739
vn -0.459195 -0.132192 -0.878445
v -1.741196 0.726104 -0.452142
vt 1.859349 1.321194
vn -0.728373 -0.331194 -0.599820
v -1.613191 0.786443 -0.513507
vt 1.831879 1.321897
vn -0.179479 -0.141860 -0.973480
v -1.654991 0.601382 -0.437420
vt 1.860494 1.289187
vn -0.406140 -0.251569 -0.878501
v -1.587321 0.628518 -0.486811
vt 1.842280 1.288659
vn -0.254962 -0.222751 -0.940944
v -1.882470 1.093109 -0.401613
vt 1.869099 1.403161
vn -0.940066 -0.250985 -0.230829
v -1.896115 1.170492 -0.332143
vt 1.881809 1.420488
vn -0.981339 0.085380 -0.172291
v -1.872742 1.272224 -0.310405
vt 1.883364 1.442924
vn -0.879370 0.271882 -0.390881
v -1.864253 1.338722 -0.292265
vt 1.886535 1.457480
vn -0.852264 0.229452 -0.470104
v -1.876303 1.228316 -0.363269
vt 1.873625 1.426930
vn -0.882617 0.330190 -0.334606
v -1.862672 1.129015 -0.455805
vt 1.856820 1.409196
vn -0.787356 -0.022587 -0.616085
v -1.847888 1.229317 -0.391685
vt 1.864952 1.432585
vn -0.303362 0.774900 -0.554528
v -1.842932 1.179102 -0.460052
vt 1.852075 1.419107
vn -0.718678 0.434364 -0.542981
v -1.840196 1.260138 -0.350312
vt 1.871907 1.441522
vn -0.440542 0.503153 -0.743479
v -1.842075 1.365253 -0.319161
vt 1.879636 1.463811
vn -0.564121 0.316995 -0.762418
v -1.824459 1.142315 -0.491923
vt 1.846761 1.409833
vn -0.375296 0.044474 -0.925838
v -1.759300 1.063658 -0.503111
vt 1.837901 1.389344
vn 0.011427 0.112736 -0.993559
v -1.824459 1.142315 -0.491923
vt 1.194962 1.470717
vn -0.375296 0.044474 -0.925838
v -1.785957 1.158303 -0.487864
vt 1.186193 1.469117
vn 0.734083 0.544510 -0.405748
v -1.842932 1.179102 -0.460052
vt 1.192124 1.481833
vn -0.718678 0.434364 -0.542981
v -1.804482 1.197674 -0.451475
vt 1.182669 1.479503
vn 0.008930 0.784191 -0.620455
v -1.811924 1.233723 -0.389614
vt 1.169978 1.489553
vn 0.737126 0.619534 -0.269858
v -1.847888 1.229317 -0.391685
vt 1.177040 1.495140
vn -0.303362 0.774900 -0.554528
v -1.813557 1.257688 -0.352638
vt 1.163024 1.496226
vn 0.642747 0.302626 -0.703771
v -1.840196 1.260138 -0.350312
vt 1.169028 1.500998
vn -0.440542 0.503153 -0.743479
v -1.842075 1.365253 -0.319161
vt 1.161639 1.524868
vn -0.564121 0.316995 -0.762418
v -1.816717 1.372420 -0.326767
vt 1.157294 1.522467
vn 0.463006 0.288827 -0.837976
v -1.789922 1.367924 -0.291940
vt 1.147871 1.519567
vn 0.934540 0.193125 -0.298895
v -1.812601 1.394673 -0.303927
vt 1.152000 1.526541
vn 0.325001 0.872122 -0.365757
v -1.839775 1.390379 -0.298539
vt 1.154691 1.531746
vn -0.607305 0.732356 -0.307952
v -1.839775 1.390379 -0.298539
vt 1.883926 1.469486
vn -0.607305 0.732356 -0.307952
v -1.862716 1.351714 -0.276869
vt 1.889581 1.460490
vn -0.881320 0.432466 -0.190389
v -1.602099 0.515876 -0.463691
vt 1.854223 1.272524
vn -0.130096 -0.308573 -0.942262
v -1.548865 0.594077 -0.483857
vt 1.837857 1.278366
vn -0.009487 -0.134094 -0.990923
v -1.552970 0.651258 -0.483536
vt 1.839411 1.283059
vn 0.541535 0.022501 -0.840377
v -1.548865 0.594077 -0.483857
vt 1.194181 1.330616
vn -0.009487 -0.134094 -0.990923
v -1.501743 0.588771 -0.481670
vt 1.188565 1.332042
vn -0.029884 -0.333468 -0.942288
v -1.501743 0.588771 -0.481670
vt 1.580188 1.472631
vn -0.029884 -0.333468 -0.942288
v -1.354094 0.639477 -0.516843
vt 1.573286 1.441789
vn -0.023287 -0.295582 -0.955033
v -1.278033 0.629398 -0.502178
vt 1.578129 1.426462
vn 0.340992 -0.346567 -0.873851
v -1.225756 0.605105 -0.441902
vt 1.586272 1.413566
vn 0.695180 -0.685530 -0.216269
v -1.225756 0.605105 -0.441902
vt 1.564649 1.362122
vn 0.695180 -0.685530 -0.216269
v -1.299523 0.544348 -0.463203
vt 1.591722 1.428351
vn 0.395580 -0.666831 -0.631548
v -1.602099 0.515876 -0.463691
vt 1.588697 1.488134
vn -0.130096 -0.308573 -0.942262
v -1.548865 0.594077 -0.483857
vt 1.578061 1.482355
vn -0.009487 -0.134094 -0.990923
v -1.299523 0.544348 -0.463203
vt 1.565064 1.360948
vn 0.395580 -0.666831 -0.631548
v -0.811374 1.567739 -0.192337
vt 1.952615 1.053863
vn -0.030330 0.000000 -0.999540
v -0.806867 1.568949 -0.192474
vt 1.951250 1.054264
vn -0.030330 0.000000 -0.999540
v -0.811373 1.569428 -0.192338
vt 1.952527 1.054629
vn -0.030330 0.000000 -0.999540
v -0.816401 1.567209 -0.192185
vt 1.954094 1.053788
vn -0.030330 0.000000 -0.999540
v -0.816450 1.568997 -0.192184
vt 1.954016 1.054600
vn -0.030330 0.000000 -0.999540
v -0.820892 1.565298 -0.192049
vt 1.955490 1.053070
vn -0.030233 0.000000 -0.999543
v -0.821026 1.570164 -0.192045
vt 1.955278 1.055279
vn -0.030233 0.000000 -0.999543
v -0.802380 1.562257 -0.192610
vt 1.950298 1.051084
vn -0.030330 0.000000 -0.999540
v -0.805860 1.563794 -0.192505
vt 1.951224 1.051895
vn -0.030300 -0.000094 -0.999541
v -0.811186 1.563599 -0.192343
vt 1.952774 1.051981
vn -0.030330 0.000000 -0.999540
v -0.802404 1.563470 -0.192609
vt 1.950243 1.051634
vn -0.030330 0.000000 -0.999540
v -0.806072 1.573987 -0.192498
vt 1.950761 1.056521
vn -0.030330 0.000000 -0.999540
v -0.802779 1.574737 -0.192598
vt 1.949771 1.056753
vn -0.030332 0.000094 -0.999540
v -0.802756 1.576259 -0.192599
vt 1.949686 1.057442
vn -0.030332 0.000094 -0.999540
v -0.811159 1.573850 -0.192344
vt 1.952237 1.056626
vn -0.030330 0.000000 -0.999540
v -0.802775 1.576257 -0.192598
vt 1.949691 1.057442
vn -0.030332 0.000094 -0.999540
v -0.828459 1.560238 -0.191820
vt 1.957937 1.051025
vn -0.030330 0.000000 -0.999540
v -0.820895 1.561997 -0.192049
vt 1.955661 1.051574
vn -0.030330 0.000000 -0.999540
v -0.824456 1.562246 -0.191941
vt 1.956677 1.051804
vn -0.030330 0.000000 -0.999540
v -0.826697 1.562789 -0.191873
vt 1.957297 1.052123
vn -0.030300 -0.000094 -0.999541
v -0.825989 1.574466 -0.191895
vt 1.956490 1.057392
vn -0.030332 0.000094 -0.999540
v -0.819053 1.573592 -0.192105
vt 1.954532 1.056768
vn -0.030330 0.000000 -0.999540
v -0.822210 1.573136 -0.192009
vt 1.955467 1.056665
vn -0.030300 -0.000094 -0.999541
v -0.824216 1.572456 -0.191949
vt 1.956082 1.056422
vn -0.030203 0.000094 -0.999544
v -0.828955 1.571502 -0.191805
vt 1.957500 1.056146
vn -0.030332 0.000094 -0.999540
v -0.827278 1.571048 -0.191856
vt 1.957039 1.055885
vn -0.030332 0.000094 -0.999540
v -0.821981 1.565187 -0.192016
vt 1.955811 1.053055
vn -0.030233 0.000000 -0.999543
v -0.822116 1.570053 -0.192012
vt 1.955599 1.055265
vn -0.030233 0.000000 -0.999543
v -0.830721 1.563080 -0.191752
vt 1.958444 1.052387
vn -0.030300 -0.000094 -0.999541
v -0.828961 1.563540 -0.191805
vt 1.957912 1.052538
vn -0.030300 -0.000094 -0.999541
v -0.835976 1.570830 -0.191389
vt 1.959563 1.056072
vn -0.030330 0.000000 -0.999540
v -0.831933 1.572726 -0.191512
vt 1.958297 1.056798
vn -0.030332 0.000094 -0.999540
v -0.840880 1.570444 -0.191241
vt 1.961000 1.056058
vn -0.030330 0.000000 -0.999540
v -0.845059 1.571749 -0.191114
vt 1.962140 1.056787
vn -0.030332 0.000094 -0.999540
v -0.835515 1.562349 -0.191404
vt 1.959867 1.052214
vn -0.030300 -0.000094 -0.999541
v -0.841056 1.561873 -0.191235
vt 1.961492 1.052179
vn -0.030300 -0.000094 -0.999541
v -0.834011 1.561430 -0.191449
vt 1.959480 1.051748
vn -0.030330 0.000000 -0.999540
v -0.842151 1.560747 -0.191202
vt 1.961866 1.051705
vn -0.030330 0.000000 -0.999540
v -0.831336 1.559904 -0.191530
vt 1.958785 1.050968
vn -0.030300 -0.000094 -0.999541
v -0.857984 1.558130 -0.190723
vt 1.966576 1.051039
vn -0.030330 0.000000 -0.999540
v -0.853166 1.560226 -0.190869
vt 1.965075 1.051831
vn -0.030330 0.000000 -0.999540
v -0.857981 1.561814 -0.190723
vt 1.966385 1.052708
vn -0.030330 0.000000 -0.999540
v -0.831841 1.574079 -0.191515
vt 1.958201 1.057409
vn -0.030332 0.000094 -0.999540
v -0.844984 1.573081 -0.191116
vt 1.962049 1.057388
vn -0.030332 0.000094 -0.999540
v -0.831442 1.561293 -0.191527
vt 1.958744 1.051601
vn -0.030397 -0.000094 -0.999538
v -0.859360 1.561185 -0.190681
vt 1.966815 1.052469
vn -0.030330 0.000000 -0.999540
v -0.759074 1.578108 -0.194351
vt 1.936970 1.056845
vn -0.030330 0.000000 -0.999540
v -0.756933 1.576469 -0.194416
vt 1.936436 1.056032
vn -0.030330 0.000000 -0.999540
v -0.753066 1.579119 -0.194533
vt 1.935183 1.057106
vn -0.030330 0.000000 -0.999540
v -0.752797 1.577238 -0.194542
vt 1.935202 1.056245
vn -0.030330 0.000000 -0.999540
v -0.765076 1.575834 -0.194170
vt 1.938821 1.056012
vn -0.030330 0.000000 -0.999540
v -0.760310 1.574751 -0.194314
vt 1.937500 1.055364
vn -0.030330 0.000000 -0.999540
v -0.768638 1.572870 -0.194062
vt 1.940003 1.054785
vn -0.030330 0.000000 -0.999540
v -0.761898 1.572900 -0.194266
vt 1.938054 1.054578
vn -0.030330 0.000000 -0.999540
v -0.769301 1.570475 -0.194042
vt 1.940318 1.053722
vn -0.030330 0.000000 -0.999540
v -0.762446 1.571065 -0.194249
vt 1.938307 1.053764
vn -0.030330 0.000000 -0.999540
v -0.768077 1.567853 -0.194079
vt 1.940099 1.052493
vn -0.030330 0.000000 -0.999540
v -0.761795 1.569029 -0.194269
vt 1.938224 1.052820
vn -0.030330 0.000000 -0.999540
v -0.764663 1.565717 -0.194182
vt 1.939223 1.051413
vn -0.030330 0.000000 -0.999540
v -0.759885 1.567538 -0.194327
vt 1.937749 1.052081
vn -0.030330 0.000000 -0.999540
v -0.758899 1.564640 -0.194357
vt 1.937613 1.050736
vn -0.030330 0.000000 -0.999540
v -0.756492 1.566610 -0.194430
vt 1.936817 1.051549
vn -0.030330 0.000000 -0.999540
v -0.752605 1.564459 -0.194547
vt 1.935804 1.050447
vn -0.030330 0.000000 -0.999540
v -0.752261 1.566342 -0.194558
vt 1.935608 1.051289
vn -0.030330 0.000000 -0.999540
v -0.748698 1.579175 -0.194666
vt 1.933917 1.056988
vn -0.030330 0.000000 -0.999540
v -0.749654 1.577158 -0.194637
vt 1.934298 1.056105
vn -0.030330 0.000000 -0.999540
v -0.744001 1.578704 -0.194808
vt 1.932585 1.056620
vn -0.030330 0.000000 -0.999540
v -0.746037 1.576360 -0.194746
vt 1.933294 1.055625
vn -0.030330 0.000000 -0.999540
v -0.738549 1.576908 -0.194973
vt 1.931102 1.055627
vn -0.030330 0.000000 -0.999540
v -0.744009 1.574704 -0.194808
vt 1.932793 1.054808
vn -0.030330 0.000000 -0.999540
v -0.736354 1.573358 -0.195040
vt 1.930651 1.053946
vn -0.030330 0.000000 -0.999540
v -0.743240 1.572476 -0.194831
vt 1.932686 1.053773
vn -0.030330 0.000000 -0.999540
v -0.737680 1.570112 -0.195000
vt 1.931201 1.052518
vn -0.030330 0.000000 -0.999540
v -0.743703 1.570521 -0.194817
vt 1.932920 1.052902
vn -0.030330 0.000000 -0.999540
v -0.741265 1.567477 -0.194891
vt 1.932373 1.051442
vn -0.030330 0.000000 -0.999540
v -0.745344 1.568591 -0.194768
vt 1.933494 1.052081
vn -0.030330 0.000000 -0.999540
v -0.746752 1.565393 -0.194725
vt 1.934065 1.050678
vn -0.030330 0.000000 -0.999540
v -0.748314 1.567111 -0.194678
vt 1.934428 1.051508
vn -0.030330 0.000000 -0.999540
v -0.778476 1.575988 -0.193567
vt 1.942685 1.056521
vn -0.030330 0.000000 -0.999540
v -0.778263 1.566795 -0.193573
vt 1.943097 1.052348
vn -0.030330 0.000000 -0.999540
v -0.772851 1.575926 -0.193737
vt 1.941063 1.056308
vn -0.030330 0.000000 -0.999540
v -0.772670 1.566631 -0.193743
vt 1.941489 1.052090
vn 0.681095 -0.000302 -0.732195
v -0.769456 1.577124 -0.193840
vt 1.940020 1.056740
vn -0.030332 0.000094 -0.999540
v -0.769292 1.565680 -0.193845
vt 1.940563 1.051548
vn -0.201374 -0.000793 -0.979514
v -0.769296 1.564158 -0.193845
vt 1.940642 1.050859
vn -0.030300 -0.000094 -0.999541
v -0.769292 1.565680 -0.193845
vt 1.940563 1.051548
vn -0.000015 -0.000015 1.000000
v -0.769489 1.578555 -0.193839
vt 1.939956 1.057390
vn -0.030332 0.000094 -0.999540
v -0.786661 1.575615 -0.193319
vt 1.945069 1.056621
vn -0.030330 0.000000 -0.999540
v -0.786935 1.577438 -0.193311
vt 1.945054 1.057456
vn -0.030330 0.000000 -0.999540
v -0.791341 1.574448 -0.193177
vt 1.946481 1.056246
vn -0.030330 0.000000 -0.999540
v -0.792451 1.576419 -0.193143
vt 1.946700 1.057176
vn -0.030330 0.000000 -0.999540
v -0.794420 1.572635 -0.193084
vt 1.947464 1.055525
vn -0.030330 0.000000 -0.999540
v -0.797831 1.574909 -0.192980
vt 1.948332 1.056668
vn -0.030330 0.000000 -0.999540
v -0.796231 1.570482 -0.193029
vt 1.948098 1.054609
vn -0.030330 0.000000 -0.999540
v -0.802622 1.571380 -0.192835
vt 1.949898 1.055226
vn -0.030330 0.000000 -0.999540
v -0.796521 1.568373 -0.193020
vt 1.948291 1.053663
vn -0.030330 0.000000 -0.999540
v -0.802613 1.566892 -0.192835
vt 1.950127 1.053192
vn -0.030330 0.000000 -0.999540
v -0.772670 1.566631 -0.193743
vt 1.941489 1.052090
vn -0.030332 0.000094 -0.999540
v -0.786523 1.564857 -0.193323
vt 1.945583 1.051741
vn -0.030330 0.000000 -0.999540
v -0.786591 1.562965 -0.193321
vt 1.945700 1.050886
vn -0.030330 0.000000 -0.999540
v -0.790957 1.565227 -0.193189
vt 1.946845 1.052055
vn -0.030330 0.000000 -0.999540
v -0.791978 1.563139 -0.193158
vt 1.947248 1.051142
vn -0.030330 0.000000 -0.999540
v -0.794689 1.566388 -0.193076
vt 1.947864 1.052703
vn -0.030330 0.000000 -0.999540
v -0.797895 1.563917 -0.192978
vt 1.948917 1.051689
vn -0.030330 0.000000 -0.999540
v -0.769456 1.577124 -0.193840
vt 1.940020 1.056740
vn -0.000015 -0.000015 1.000000
v -0.723978 1.579888 -0.195570
vt 1.926739 1.056499
vn -0.030330 0.000000 -0.999540
v -0.708726 1.568563 -0.196032
vt 1.922916 1.050866
vn -0.030330 0.000000 -0.999540
v -0.724191 1.583006 -0.195563
vt 1.926640 1.057920
vn -0.030330 0.000000 -0.999540
v -0.710422 1.572101 -0.195980
vt 1.923224 1.052525
vn -0.030330 0.000000 -0.999540
v -0.730532 1.579146 -0.195371
vt 1.928671 1.056378
vn -0.030330 0.000000 -0.999540
v -0.730389 1.569985 -0.195376
vt 1.929101 1.052222
vn -0.030330 0.000000 -0.999540
v -0.724212 1.570556 -0.195563
vt 1.927287 1.052277
vn -0.030330 0.000000 -0.999540
v -0.692969 1.582987 -0.196509
vt 1.917621 1.056885
vn -0.030300 -0.000094 -0.999541
v -0.696645 1.585345 -0.196398
vt 1.918561 1.058075
vn -0.030330 0.000000 -0.999540
v -0.692715 1.573769 -0.196517
vt 1.918022 1.052699
vn -0.030330 0.000000 -0.999540
v -0.690441 1.582637 -0.196586
vt 1.916908 1.056643
vn -0.030330 0.000000 -0.999540
v -0.690336 1.573952 -0.196589
vt 1.917325 1.052704
vn -0.030330 0.000000 -0.999540
v -0.696119 1.571110 -0.196414
vt 1.919142 1.051606
vn -0.030330 0.000000 -0.999540
v -0.686712 1.571828 -0.196699
vt 1.916387 1.051623
vn -0.030330 0.000000 -0.999540
v -0.732615 1.568312 -0.195308
vt 1.929830 1.051537
vn -0.030330 0.000000 -0.999540
v -0.721609 1.569251 -0.195642
vt 1.926602 1.051601
vn -0.030330 0.000000 -0.999540
v -0.717804 1.567546 -0.195757
vt 1.925591 1.050703
vn -0.030330 0.000000 -0.999540
v -0.735870 1.566139 -0.195210
vt 1.930883 1.050659
vn -0.030171 -0.000094 -0.999545
v -0.717735 1.569118 -0.195759
vt 1.925490 1.051413
vn -0.030330 0.000000 -0.999540
v -0.735519 1.582111 -0.195220
vt 1.929959 1.057886
vn -0.030330 0.000000 -0.999540
v -0.735570 1.580359 -0.195219
vt 1.930064 1.057094
vn -0.030330 0.000000 -0.999540
v -0.685853 1.584487 -0.196725
vt 1.915487 1.057332
vn -0.030330 0.000000 -0.999540
v -0.685725 1.586084 -0.196728
vt 1.915368 1.058051
vn -0.030330 0.000000 -0.999540
v -0.684852 1.570138 -0.196755
vt 1.915937 1.050795
vn -0.030330 0.000000 -0.999540
v -0.684784 1.571697 -0.196757
vt 1.915837 1.051500
vn -0.030330 0.000000 -0.999540
v -0.698667 1.570557 -0.196337
vt 1.919907 1.051439
vn -0.030330 0.000000 -0.999540
v -0.698600 1.569122 -0.196339
vt 1.919962 1.050787
vn -0.030330 0.000000 -0.999540
v -0.736012 1.567613 -0.195205
vt 1.930848 1.051331
vn -0.030171 -0.000094 -0.999545
v -0.901431 1.557170 -0.189407
vt 1.979177 1.052031
vn -0.030332 0.000094 -0.999540
v -0.896409 1.561711 -0.189559
vt 1.977493 1.053924
vn -0.030330 0.000000 -0.999540
v -0.908892 1.556289 -0.189180
vt 1.981378 1.051877
vn -0.030303 0.000189 -0.999541
v -0.899828 1.563472 -0.189455
vt 1.978389 1.054834
vn -0.030330 0.000000 -0.999540
v -0.913183 1.555394 -0.188493
vt 1.982664 1.051612
vn -0.050770 -0.063073 -0.996717
v -0.913082 1.553598 -0.188766
vt 1.982727 1.050795
vn -0.050770 -0.063073 -0.996717
v -0.912021 1.555535 -0.189086
vt 1.982321 1.051638
vn -0.050570 -0.062561 -0.996759
v -0.901230 1.556671 -0.189413
vt 1.979145 1.051798
vn -0.049586 -0.059476 -0.996997
v -0.897833 1.556587 -0.189516
vt 1.978168 1.051648
vn -0.050770 -0.063073 -0.996717
v -0.897789 1.554796 -0.189517
vt 1.978247 1.050835
vn -0.050770 -0.063073 -0.996717
v -0.896839 1.569382 -0.189546
vt 1.977221 1.057414
vn -0.030330 0.000000 -0.999540
v -0.882217 1.570467 -0.189989
vt 1.972941 1.057426
vn -0.030330 0.000000 -0.999540
v -0.896908 1.571108 -0.189544
vt 1.977152 1.058199
vn -0.030330 0.000000 -0.999540
v -0.882332 1.572211 -0.189985
vt 1.972885 1.058220
vn -0.030330 0.000000 -0.999540
v -0.893594 1.569058 -0.189644
vt 1.976301 1.057161
vn -0.030300 -0.000094 -0.999541
v -0.886216 1.569686 -0.189867
vt 1.974137 1.057203
vn -0.030300 -0.000094 -0.999541
v -0.897577 1.565338 -0.189523
vt 1.977643 1.055606
vn -0.030330 0.000000 -0.999540
v -0.894141 1.563568 -0.189627
vt 1.976742 1.054691
vn -0.030330 0.000000 -0.999540
v -0.911671 1.570003 -0.189096
vt 1.981475 1.058182
vn -0.030330 0.000000 -0.999540
v -0.911613 1.568244 -0.189098
vt 1.981548 1.057384
vn -0.030330 0.000000 -0.999540
v -0.900900 1.570846 -0.189423
vt 1.978319 1.058211
vn -0.030330 0.000000 -0.999540
v -0.900804 1.569145 -0.189425
vt 1.978379 1.057438
vn -0.030330 0.000000 -0.999540
v -0.903306 1.568709 -0.189350
vt 1.979124 1.057322
vn -0.030330 0.000000 -0.999540
v -0.909542 1.568058 -0.189161
vt 1.980960 1.057231
vn -0.030330 0.000000 -0.999540
v -0.907558 1.567789 -0.189221
vt 1.980400 1.057045
vn -0.030332 0.000094 -0.999540
v -0.903437 1.568172 -0.189346
vt 1.979190 1.057083
vn -0.030330 0.000000 -0.999540
v -0.889154 1.558013 -0.189778
vt 1.975587 1.052009
vn -0.030330 0.000000 -0.999540
v -0.885359 1.558489 -0.189893
vt 1.974466 1.052100
vn -0.030330 0.000000 -0.999540
v -0.892579 1.556957 -0.189675
vt 1.976631 1.051643
vn -0.030330 0.000000 -0.999540
v -0.892499 1.555165 -0.189677
vt 1.976700 1.050829
vn -0.030330 0.000000 -0.999540
v -0.889392 1.557336 -0.189771
vt 1.975690 1.051711
vn -0.030332 0.000094 -0.999540
v -0.882660 1.557900 -0.189975
vt 1.973716 1.051745
vn -0.030330 0.000000 -0.999540
v -0.881161 1.557812 -0.190021
vt 1.973288 1.051656
vn -0.030330 0.000000 -0.999540
v -0.881139 1.556030 -0.190021
vt 1.973374 1.050848
vn -0.030330 0.000000 -0.999540
v 0.603169 1.385134 -0.098954
vt 1.470589 1.168526
vn -0.934549 -0.245384 -0.257691
v 0.604338 1.390302 -0.103437
vt 1.472558 1.166394
vn -0.486689 0.041862 -0.872572
v 0.602573 1.421296 -0.095995
vt 1.469489 1.153175
vn -0.831591 0.119554 -0.542369
v 0.601712 1.429674 -0.091193
vt 1.467371 1.149634
vn -0.914057 0.201685 -0.351886
v 0.599332 1.432965 -0.080876
vt 1.462689 1.148023
vn -0.959994 0.169760 -0.222694
v 0.592715 1.381909 -0.052209
vt 1.449496 1.170587
vn -0.970343 -0.097892 -0.221024
v 0.564608 1.429041 0.074977
vt 1.392752 1.149112
vn -0.982928 0.049200 -0.177293
v 0.563643 1.422939 0.078925
vt 1.390843 1.151535
vn -0.926802 0.176297 0.331599
v 0.562991 1.385011 0.082148
vt 1.388577 1.167511
vn -0.959582 -0.220284 -0.175148
v 0.562014 1.390278 0.086272
vt 1.386879 1.165240
vn -0.901326 0.062267 0.428643
v 0.566191 1.432025 0.067453
vt 1.395955 1.147861
vn -0.965927 0.160589 -0.202968
v 0.573533 1.381652 0.034410
vt 1.410419 1.170395
vn -0.972268 -0.098668 -0.212038
v 0.583086 1.434082 -0.008131
vt 1.429871 1.146825
vn -0.965209 0.158078 -0.208285
v 0.582939 1.381121 -0.008025
vt 1.429568 1.170786
vn -0.973222 -0.076570 -0.216742
v 0.607286 1.431403 -0.090379
vt 1.468665 1.147469
vn 0.713782 0.610315 -0.343557
v 0.605208 1.434715 -0.079025
vt 1.462918 1.145253
vn 0.296117 0.954421 -0.037359
v 0.608340 1.422051 -0.096480
vt 1.471978 1.152185
vn 0.913389 0.134899 -0.384087
v 0.609821 1.390039 -0.103908
vt 1.474886 1.166953
vn 0.908262 0.043929 -0.416090
v 0.608628 1.383026 -0.097985
vt 1.471515 1.170938
vn 0.467106 -0.881528 -0.068710
v 0.597798 1.379203 -0.049803
vt 1.449154 1.173306
vn 0.444472 -0.895530 0.021713
v 0.588402 1.378674 -0.006342
vt 1.429336 1.173543
vn 0.261281 -0.963511 0.058121
v 0.579452 1.379335 0.035808
vt 1.410064 1.173278
vn 0.406384 -0.897297 0.172369
v 0.567735 1.382754 0.084279
vt 1.387260 1.169665
vn 0.361863 -0.899590 0.244528
v 0.566693 1.389181 0.090178
vt 1.384241 1.165802
vn 0.580576 0.025369 0.813811
v 0.569470 1.422852 0.082435
vt 1.387993 1.150583
vn 0.584097 0.126187 0.801815
v 0.570932 1.429922 0.077926
vt 1.390597 1.147026
vn 0.433492 0.602608 0.670036
v 0.572898 1.434101 0.069149
vt 1.395220 1.144736
vn 0.253962 0.953876 0.160075
v 0.589915 1.436135 -0.007445
vt 1.430220 1.143663
vn 0.207504 0.976850 0.052013
v 0.570932 1.429922 0.077926
vt 1.688396 1.020870
vn 0.433492 0.602608 0.670036
v 0.572898 1.434101 0.069149
vt 1.690742 1.023751
vn 0.253962 0.953876 0.160075
v 0.587495 1.420108 0.062997
vt 1.697234 1.019479
vn 0.837506 0.060492 0.543070
v 0.587577 1.426410 0.058566
vt 1.697807 1.022114
vn 0.556385 0.807806 0.194643
v 0.569470 1.422852 0.082435
vt 1.687571 1.017802
vn 0.584097 0.126187 0.801815
v 0.584330 1.392143 0.066505
vt 1.698453 1.009521
vn 0.809509 -0.407344 0.422806
v 0.567735 1.382754 0.084279
vt 1.691321 1.003192
vn 0.361863 -0.899590 0.244528
v 0.566693 1.389181 0.090178
vt 1.688612 1.005002
vn 0.580576 0.025369 0.813811
v 0.609829 1.401885 0.021287
vt 1.715918 1.018465
vn 0.841937 -0.192123 0.504214
v 0.609870 1.420373 0.020440
vt 1.713869 1.025330
vn 0.735720 0.564317 0.374516
v 0.589915 1.436135 -0.007445
vt 1.714484 1.039243
vn 0.207504 0.976850 0.052013
v 0.613667 1.428172 -0.000563
vt 1.719599 1.031723
vn 0.388778 0.914394 0.112854
v 0.619486 1.420174 -0.022256
vt 1.736490 1.024725
vn 0.811782 0.583912 -0.007559
v 0.589915 1.436135 -0.007445
vt 1.735952 1.038200
vn 0.207504 0.976850 0.052013
v 0.613844 1.427941 -0.055673
vt 1.749099 1.023878
vn 0.550555 0.831382 0.075455
v 0.605208 1.434715 -0.079025
vt 1.758455 1.024519
vn 0.296117 0.954421 -0.037359
v 0.613667 1.428172 -0.000563
vt 1.730214 1.030897
vn 0.388778 0.914394 0.112854
v 0.607286 1.431403 -0.090379
vt 1.761787 1.021684
vn 0.713782 0.610315 -0.343557
v 0.617268 1.421710 -0.062470
vt 1.750514 1.020726
vn 0.982477 0.131499 -0.132088
v 0.608340 1.422051 -0.096480
vt 1.762915 1.017698
vn 0.913389 0.134899 -0.384087
v 0.609821 1.390039 -0.103908
vt 1.762044 1.005619
vn 0.908262 0.043929 -0.416090
v 0.616721 1.394055 -0.069168
vt 1.750196 1.010742
vn 0.919960 -0.390402 -0.035508
v 0.608628 1.383026 -0.097985
vt 1.759295 1.003616
vn 0.467106 -0.881528 -0.068710
v 0.579452 1.379335 0.035808
vt 1.709391 1.004642
vn 0.406384 -0.897297 0.172369
v 0.609494 1.394153 0.018748
vt 1.717670 1.015861
vn 0.499560 -0.802996 0.325018
v 0.588402 1.378674 -0.006342
vt 1.725060 1.004447
vn 0.261281 -0.963511 0.058121
v 0.614430 1.386428 -0.001391
vt 1.725409 1.014408
vn 0.496472 -0.860211 0.116414
v 0.597798 1.379203 -0.049803
vt 1.741286 1.004297
vn 0.444472 -0.895530 0.021713
v 0.618416 1.394247 -0.020716
vt 1.732733 1.015650
vn 0.605956 -0.788388 -0.106121
v 0.619637 1.403489 -0.024080
vt 1.735107 1.018506
vn 0.974334 -0.210338 -0.080194
v 0.704211 1.440436 -0.084918
vt 1.704328 1.068033
vn -0.272061 -0.740557 -0.614458
v 0.706111 1.444270 -0.090881
vt 1.707788 1.066977
vn -0.290262 -0.290991 -0.911631
v 0.598314 1.458818 -0.060479
vt 1.680144 1.037166
vn -0.294249 -0.250550 -0.922303
v 0.591841 1.488592 -0.062520
vt 1.684292 1.023139
vn -0.293895 -0.233793 -0.926805
v 0.579886 1.484022 -0.057969
vt 1.680282 1.025291
vn -0.289274 -0.116885 -0.950083
v 0.582134 1.469939 -0.057270
vt 1.678554 1.030276
vn -0.289274 -0.116885 -0.950083
v 0.582134 1.469939 -0.057270
vt 1.678554 1.030276
vn -0.893716 -0.428382 -0.133267
v 0.579886 1.484022 -0.057969
vt 1.680282 1.025291
vn -0.870651 0.482777 -0.094306
v 0.576228 1.469588 -0.001061
vt 1.658496 1.030046
vn -0.939743 -0.340979 -0.024842
v 0.575252 1.483658 -0.000275
vt 1.658421 1.024680
vn -0.932617 0.360759 -0.008802
v 0.584319 1.491243 -0.000428
vt 1.658688 1.019142
vn -0.573719 0.818993 -0.009910
v 0.591841 1.488592 -0.062520
vt 1.684292 1.023139
vn -0.510763 0.857012 -0.068211
v 0.598314 1.458818 -0.060479
vt 1.680144 1.037166
vn -0.286680 -0.941144 -0.179062
v 0.589448 1.454169 -0.025747
vt 1.667112 1.037777
vn -0.434702 -0.879841 -0.192130
v 0.590057 1.460996 0.057395
vt 1.637496 1.033014
vn -0.298614 -0.938042 0.175806
v 0.586171 1.456477 0.025716
vt 1.648655 1.035525
vn -0.425025 -0.887179 0.179630
v 0.581264 1.469392 0.055688
vt 1.638335 1.028762
vn -0.934389 -0.343318 0.095125
v 0.578990 1.482724 0.055452
vt 1.637202 1.023934
vn -0.928185 0.364441 0.075201
v 0.587761 1.489784 0.058481
vt 1.633990 1.020790
vn -0.638911 0.767242 0.055977
v 0.651276 1.441789 -0.029970
vt 1.676348 1.060578
vn -0.189000 -0.931013 -0.312239
v 0.723911 1.436313 -0.000553
vt 1.683653 1.091730
vn 0.022576 -0.999743 -0.002298
v 0.720336 1.438808 -0.085236
vt 1.708290 1.073164
vn -0.078392 -0.994877 -0.063835
v 0.709222 1.439547 -0.081298
vt 1.704341 1.070199
vn -0.080197 -0.992513 -0.092124
v 0.693592 1.435809 0.000348
vt 1.676641 1.081964
vn 0.119381 -0.992847 -0.001615
v 0.681770 1.436740 -0.028188
vt 1.682110 1.071961
vn 0.036181 -0.984664 -0.170668
v 0.723911 1.436313 -0.000553
vt 1.628584 1.089529
vn 0.022576 -0.999743 -0.002298
v 0.693592 1.435809 0.000348
vt 1.635601 1.079775
vn 0.119381 -0.992847 -0.001615
v 0.709049 1.439472 0.080149
vt 1.609326 1.066763
vn -0.088332 -0.991547 0.095037
v 0.680885 1.435996 0.026745
vt 1.631618 1.069595
vn 0.027270 -0.983270 0.180099
v 0.719586 1.438948 0.086830
vt 1.604544 1.068707
vn -0.075511 -0.994933 0.066387
v 0.649157 1.442226 0.029665
vt 1.637957 1.058104
vn -0.204712 -0.927716 0.312148
v 0.704027 1.440508 0.085269
vt 1.608975 1.064218
vn -0.294805 -0.668002 0.683274
v 0.581264 1.469392 0.055688
vt 1.638335 1.028762
vn -0.263525 -0.048036 0.963456
v 0.578990 1.482724 0.055452
vt 1.637202 1.023934
vn -0.263525 -0.048036 0.963456
v 0.590057 1.460996 0.057395
vt 1.637496 1.033014
vn -0.296302 -0.188118 0.936385
v 0.587761 1.489784 0.058481
vt 1.633990 1.020790
vn -0.295150 -0.182733 0.937814
v 0.708155 1.443004 0.091243
vt 1.605341 1.063797
vn -0.295150 -0.258237 0.919891
v 0.664108 1.419376 0.015327
vt 1.641588 1.068609
vn 0.267858 -0.733004 0.625266
v 0.632662 1.428771 0.016703
vt 1.648663 1.056771
vn -0.324863 -0.670654 0.666849
v 0.641967 1.405643 0.011671
vt 1.650137 1.066715
vn 0.143557 -0.679514 0.719481
v 0.601544 1.444706 0.020367
vt 1.649750 1.042985
vn -0.442315 -0.798914 0.407546
v 0.601703 1.443846 -0.017794
vt 1.664443 1.044024
vn -0.462766 -0.823549 -0.328045
v 0.641416 1.406432 -0.012004
vt 1.663399 1.066518
vn 0.067788 -0.680320 -0.729774
v 0.666366 1.423139 -0.016771
vt 1.673334 1.070396
vn 0.318067 -0.715057 -0.622517
v 0.629930 1.430839 -0.017215
vt 1.665544 1.056338
vn -0.339568 -0.541456 -0.769102
v 0.620941 1.419128 -0.008152
vt 1.659729 1.059958
vn 0.105312 0.138915 -0.984689
v 0.669187 1.417501 -0.000141
vt 1.669258 1.075722
vn 0.556113 -0.830652 -0.027471
v 0.642228 1.401146 0.000244
vt 1.660507 1.070299
vn 0.348194 -0.936361 -0.044599
v 0.669187 1.417501 -0.000141
vt 1.643314 1.074270
vn 0.556113 -0.830652 -0.027471
v 0.642228 1.401146 0.000244
vt 1.652399 1.070668
vn 0.348194 -0.936361 -0.044599
v 0.625293 1.401355 -0.000343
vt 1.656721 1.067121
vn 0.534675 -0.834999 0.130002
v 0.624519 1.405755 0.008686
vt 1.655365 1.064616
vn 0.371287 -0.454234 0.809825
v 0.624444 1.405592 -0.008667
vt 1.658341 1.064438
vn 0.744892 -0.365622 -0.558083
v 0.621863 1.419139 0.007816
vt 1.654458 1.060045
vn 0.113499 0.370400 0.921912
v 0.629104 1.428126 -0.000888
vt 1.657355 1.055938
vn -0.662385 -0.747584 0.048631
v 0.625293 1.401355 -0.000343
vt 1.726034 1.020957
vn 0.534675 -0.834999 0.130002
v 0.624519 1.405755 0.008686
vt 1.722159 1.022203
vn 0.371287 -0.454234 0.809825
v 0.624444 1.405592 -0.008667
vt 1.729814 1.021300
vn 0.744892 -0.365622 -0.558083
v 0.620941 1.419128 -0.008152
vt 1.731397 1.026028
vn 0.105312 0.138915 -0.984689
v 0.621863 1.419139 0.007816
vt 1.720366 1.026610
vn 0.113499 0.370400 0.921912
v 0.620969 1.422557 -0.001819
vt 1.722254 1.029794
vn -0.059323 0.988823 0.136782
v 0.620969 1.422557 -0.001819
vt 1.729345 1.027677
vn -0.059323 0.988823 0.136782
v 0.620969 1.422557 -0.001819
vt 1.657614 1.059448
vn -0.059323 0.988823 0.136782
v 0.584319 1.491243 -0.000428
vt 1.755081 1.176010
vn 0.364709 0.931118 0.002516
v 0.591841 1.488592 -0.062520
vt 1.737908 1.158020
vn 0.364877 0.931023 0.007858
v 0.723911 1.436313 -0.000553
vt 1.707054 1.211296
vn 0.364606 0.931158 0.002635
v 0.706111 1.444270 -0.090881
vt 1.692013 1.177807
vn 0.364403 0.931207 0.008017
v 0.720336 1.438808 -0.085236
vt 1.688467 1.183201
vn 0.354100 0.935122 0.012654
v 0.587761 1.489784 0.058481
vt 1.767750 1.195727
vn 0.364610 0.931157 -0.002437
v 0.708155 1.443004 0.091243
vt 1.734138 1.236627
vn 0.363523 0.931581 -0.002753
v 0.719586 1.438948 0.086830
vt 1.729218 1.238072
vn 0.330206 0.943832 -0.012069
v -0.786419 1.569545 0.192913
vt 1.945236 1.040581
vn -0.030021 -0.004307 0.999540
v -0.791054 1.570094 0.192776
vt 1.946543 1.040981
vn -0.030024 -0.004402 0.999539
v -0.786664 1.571216 0.192912
vt 1.945221 1.041344
vn -0.030021 -0.004307 0.999540
v -0.781369 1.569744 0.193065
vt 1.943771 1.040506
vn -0.030021 -0.004307 0.999540
v -0.781578 1.571521 0.193066
vt 1.943740 1.041315
vn -0.030021 -0.004307 0.999540
v -0.776649 1.568500 0.193201
vt 1.942476 1.039789
vn -0.029927 -0.004401 0.999542
v -0.777217 1.573334 0.193205
vt 1.942391 1.041992
vn -0.029927 -0.004401 0.999542
v -0.794531 1.562825 0.192640
vt 1.947918 1.037810
vn -0.030021 -0.004307 0.999540
v -0.791308 1.564848 0.192745
vt 1.946886 1.038618
vn -0.030021 -0.004307 0.999540
v -0.786009 1.565421 0.192907
vt 1.945330 1.038704
vn -0.030024 -0.004402 0.999539
v -0.794681 1.564029 0.192641
vt 1.947900 1.038359
vn -0.030021 -0.004307 0.999540
v -0.792566 1.574964 0.192752
vt 1.946729 1.043231
vn -0.030024 -0.004402 0.999539
v -0.795933 1.575233 0.192652
vt 1.947685 1.043462
vn -0.030028 -0.004529 0.999539
v -0.796175 1.576735 0.192652
vt 1.947677 1.044149
vn -0.030028 -0.004529 0.999539
v -0.787512 1.575562 0.192906
vt 1.945242 1.043336
vn -0.030024 -0.004402 0.999539
v -0.796155 1.576736 0.192652
vt 1.947671 1.044149
vn -0.029927 -0.004401 0.999542
v -0.768433 1.564582 0.193430
vt 1.940310 1.037750
vn -0.030021 -0.004307 0.999540
v -0.776171 1.565233 0.193201
vt 1.942506 1.038297
vn -0.030021 -0.004307 0.999540
v -0.772684 1.565993 0.193309
vt 1.941462 1.038526
vn -0.030021 -0.004307 0.999540
v -0.770544 1.566853 0.193377
vt 1.940802 1.038845
vn -0.030021 -0.004307 0.999540
v -0.772926 1.578306 0.193355
vt 1.940900 1.044098
vn -0.030024 -0.004402 0.999539
v -0.779663 1.576442 0.193145
vt 1.942936 1.043476
vn -0.030024 -0.004402 0.999539
v -0.776474 1.576445 0.193241
vt 1.942017 1.043373
vn -0.030021 -0.004307 0.999540
v -0.774390 1.576062 0.193301
vt 1.941437 1.043132
vn -0.029931 -0.004528 0.999542
v -0.769563 1.575800 0.193445
vt 1.940060 1.042855
vn -0.030024 -0.004402 0.999539
v -0.771158 1.575110 0.193394
vt 1.940554 1.042596
vn -0.030024 -0.004402 0.999539
v -0.775555 1.568547 0.193234
vt 1.942158 1.039774
vn -0.029927 -0.004401 0.999542
v -0.776123 1.573382 0.193238
vt 1.942073 1.041978
vn -0.029927 -0.004401 0.999542
v -0.766603 1.567720 0.193499
vt 1.939622 1.039108
vn -0.030021 -0.004307 0.999540
v -0.768411 1.567922 0.193445
vt 1.940132 1.039258
vn -0.030021 -0.004307 0.999540
v -0.762519 1.576146 0.193861
vt 1.938013 1.042781
vn -0.030021 -0.004307 0.999540
v -0.766793 1.577440 0.193738
vt 1.939178 1.043506
vn -0.030024 -0.004402 0.999539
v -0.757610 1.576470 0.194009
vt 1.936582 1.042767
vn -0.030021 -0.004307 0.999540
v -0.753663 1.578363 0.194136
vt 1.935348 1.043493
vn -0.030024 -0.004402 0.999539
v -0.761754 1.567687 0.193847
vt 1.938227 1.038934
vn -0.030021 -0.004307 0.999540
v -0.756202 1.568014 0.194015
vt 1.936611 1.038900
vn -0.030021 -0.004307 0.999540
v -0.763110 1.566561 0.193801
vt 1.938675 1.038470
vn -0.030021 -0.004307 0.999540
v -0.754957 1.567057 0.194048
vt 1.936301 1.038427
vn -0.030021 -0.004307 0.999540
v -0.765538 1.564666 0.193720
vt 1.939472 1.037693
vn -0.030021 -0.004307 0.999540
v -0.738911 1.566747 0.194527
vt 1.931695 1.037761
vn -0.030024 -0.004402 0.999539
v -0.743982 1.568128 0.194381
vt 1.933085 1.038551
vn -0.030021 -0.004307 0.999540
v -0.739445 1.570392 0.194527
vt 1.931662 1.039425
vn -0.030024 -0.004402 0.999539
v -0.767078 1.578766 0.193736
vt 1.939191 1.044114
vn -0.030028 -0.004529 0.999539
v -0.753929 1.579670 0.194134
vt 1.935357 1.044093
vn -0.030028 -0.004529 0.999539
v -0.765632 1.566056 0.193723
vt 1.939428 1.038324
vn -0.030019 -0.004212 0.999540
v -0.737990 1.569968 0.194569
vt 1.931264 1.039187
vn -0.030024 -0.004402 0.999539
v -0.839668 1.572276 0.190899
vt 1.960435 1.043559
vn -0.030024 -0.004402 0.999539
v -0.841550 1.570346 0.190834
vt 1.961076 1.042748
vn -0.030024 -0.004402 0.999539
v -0.845758 1.572411 0.190717
vt 1.962182 1.043819
vn -0.030024 -0.004402 0.999539
v -0.845754 1.570511 0.190708
vt 1.962278 1.042960
vn -0.030024 -0.004402 0.999539
v -0.833400 1.570890 0.191080
vt 1.958700 1.042727
vn -0.030024 -0.004402 0.999539
v -0.837961 1.569131 0.190936
vt 1.960104 1.042081
vn -0.030024 -0.004402 0.999539
v -0.829449 1.568469 0.191188
vt 1.957686 1.041504
vn -0.030021 -0.004307 0.999540
v -0.836124 1.567529 0.190984
vt 1.959657 1.041298
vn -0.030024 -0.004402 0.999539
v -0.828448 1.566194 0.191208
vt 1.957515 1.040443
vn -0.030021 -0.004307 0.999540
v -0.835317 1.565792 0.191001
vt 1.959514 1.040486
vn -0.030021 -0.004307 0.999540
v -0.829282 1.563424 0.191171
vt 1.957898 1.039219
vn -0.030024 -0.004402 0.999539
v -0.835668 1.563683 0.190981
vt 1.959724 1.039545
vn -0.030024 -0.004402 0.999539
v -0.832353 1.560818 0.191068
vt 1.958916 1.038142
vn -0.030024 -0.004402 0.999539
v -0.837343 1.561932 0.190923
vt 1.960296 1.038808
vn -0.030024 -0.004402 0.999539
v -0.837902 1.558923 0.190893
vt 1.960612 1.037467
vn -0.030024 -0.004402 0.999539
v -0.840567 1.560526 0.190820
vt 1.961297 1.038278
vn -0.029924 -0.004306 0.999543
v -0.844104 1.557837 0.190703
vt 1.962454 1.037179
vn -0.030021 -0.004307 0.999540
v -0.844716 1.559651 0.190692
vt 1.962537 1.038019
vn -0.030021 -0.004307 0.999540
v -0.850090 1.571837 0.190584
vt 1.963459 1.043701
vn -0.030024 -0.004402 0.999539
v -0.848853 1.569979 0.190613
vt 1.963198 1.042821
vn -0.030024 -0.004402 0.999539
v -0.854669 1.570695 0.190442
vt 1.964837 1.043335
vn -0.030024 -0.004402 0.999539
v -0.852317 1.568668 0.190504
vt 1.964264 1.042343
vn -0.030024 -0.004402 0.999539
v -0.859806 1.568132 0.190277
vt 1.966448 1.042345
vn -0.030021 -0.004307 0.999540
v -0.854086 1.566738 0.190442
vt 1.964872 1.041528
vn -0.030021 -0.004307 0.999540
v -0.861467 1.564304 0.190210
vt 1.967123 1.040670
vn -0.030024 -0.004402 0.999539
v -0.854526 1.564423 0.190419
vt 1.965118 1.040496
vn -0.030024 -0.004402 0.999539
v -0.859687 1.561282 0.190250
vt 1.966766 1.039246
vn -0.030024 -0.004402 0.999539
v -0.853786 1.562555 0.190433
vt 1.965001 1.039628
vn -0.030024 -0.004402 0.999539
v -0.855760 1.559191 0.190359
vt 1.965742 1.038173
vn -0.030024 -0.004402 0.999539
v -0.851884 1.560881 0.190483
vt 1.964539 1.038809
vn -0.030024 -0.004402 0.999539
v -0.850030 1.557919 0.190525
vt 1.964157 1.037410
vn -0.030024 -0.004402 0.999539
v -0.848732 1.559844 0.190573
vt 1.963684 1.038238
vn -0.030024 -0.004402 0.999539
v -0.820162 1.572971 0.191683
vt 1.954780 1.043234
vn -0.030024 -0.004402 0.999539
v -0.819050 1.563843 0.191677
vt 1.954929 1.039073
vn -0.030021 -0.004307 0.999540
v -0.825720 1.572100 0.191513
vt 1.956426 1.043022
vn -0.030021 -0.004307 0.999540
v -0.824561 1.562876 0.191507
vt 1.956566 1.038816
vn -0.014725 -0.002219 0.999889
v -0.829252 1.572797 0.191410
vt 1.957408 1.043453
vn -0.029927 -0.004401 0.999542
v -0.827766 1.561448 0.191405
vt 1.957562 1.038276
vn -0.016208 -0.002315 0.999866
v -0.827544 1.559942 0.191405
vt 1.957576 1.037588
vn -0.030019 -0.004212 0.999540
v -0.827766 1.561448 0.191405
vt 1.957562 1.038276
vn -0.000015 -0.000015 1.000000
v -0.829425 1.574217 0.191411
vt 1.957384 1.044100
vn -0.030024 -0.004402 0.999539
v -0.812009 1.573781 0.191931
vt 1.952390 1.043333
vn -0.030021 -0.004307 0.999540
v -0.812001 1.575624 0.191939
vt 1.952293 1.044165
vn -0.030021 -0.004307 0.999540
v -0.807210 1.573300 0.192073
vt 1.951032 1.042958
vn -0.030021 -0.004307 0.999540
v -0.806396 1.575410 0.192107
vt 1.950689 1.043885
vn -0.030024 -0.004402 0.999539
v -0.803902 1.571949 0.192166
vt 1.950149 1.042239
vn -0.030024 -0.004402 0.999539
v -0.800854 1.574690 0.192270
vt 1.949130 1.043378
vn -0.030024 -0.004402 0.999539
v -0.801800 1.570079 0.192221
vt 1.949640 1.041326
vn -0.030024 -0.004402 0.999539
v -0.795605 1.571888 0.192415
vt 1.947762 1.041941
vn -0.030024 -0.004402 0.999539
v -0.801209 1.568034 0.192230
vt 1.949574 1.040382
vn -0.030021 -0.004307 0.999540
v -0.794967 1.567445 0.192415
vt 1.947806 1.039912
vn -0.030021 -0.004307 0.999540
v -0.824561 1.562876 0.191507
vt 1.956566 1.038816
vn -0.029927 -0.004401 0.999542
v -0.810597 1.563114 0.191927
vt 1.952531 1.038467
vn -0.030024 -0.004402 0.999539
v -0.810257 1.561252 0.191929
vt 1.952529 1.037614
vn -0.030024 -0.004402 0.999539
v -0.806262 1.564120 0.192061
vt 1.951231 1.038779
vn -0.030024 -0.004402 0.999539
v -0.804951 1.562200 0.192092
vt 1.950952 1.037869
vn -0.030021 -0.004307 0.999540
v -0.802736 1.565806 0.192174
vt 1.950129 1.039426
vn -0.030021 -0.004307 0.999540
v -0.799208 1.563822 0.192272
vt 1.949214 1.038414
vn -0.030021 -0.004307 0.999540
v -0.829252 1.572797 0.191410
vt 1.957408 1.043453
vn -0.000015 -0.000015 1.000000
v -0.874655 1.568983 0.189680
vt 1.970682 1.043216
vn -0.030024 -0.004402 0.999539
v -0.888116 1.555580 0.189218
vt 1.975248 1.037601
vn -0.030024 -0.004402 0.999539
v -0.874892 1.572100 0.189687
vt 1.970590 1.044632
vn -0.030024 -0.004402 0.999539
v -0.886947 1.559326 0.189270
vt 1.974719 1.039255
vn -0.029927 -0.004401 0.999542
v -0.868062 1.569193 0.189879
vt 1.968772 1.043095
vn -0.030024 -0.004402 0.999539
v -0.866884 1.560107 0.189874
vt 1.968899 1.038951
vn -0.030021 -0.004307 0.999540
v -0.873079 1.559783 0.189687
vt 1.970701 1.039007
vn -0.030021 -0.004307 0.999540
v -0.905786 1.567586 0.188741
vt 1.979721 1.043604
vn -0.030021 -0.004307 0.999540
v -0.902488 1.570448 0.188852
vt 1.978624 1.044789
vn -0.030024 -0.004402 0.999539
v -0.904711 1.558427 0.188733
vt 1.979882 1.039430
vn -0.030024 -0.004402 0.999539
v -0.908238 1.566875 0.188664
vt 1.980464 1.043363
vn -0.030024 -0.004402 0.999539
v -0.907091 1.558266 0.188661
vt 1.980576 1.039435
vn -0.030024 -0.004402 0.999539
v -0.900959 1.556287 0.188836
vt 1.978911 1.038340
vn -0.030024 -0.004402 0.999539
v -0.910372 1.555642 0.188551
vt 1.981655 1.038357
vn -0.030021 -0.004307 0.999540
v -0.864441 1.558772 0.189942
vt 1.968264 1.038268
vn -0.030024 -0.004402 0.999539
v -0.875468 1.558117 0.189609
vt 1.971474 1.038333
vn -0.030024 -0.004402 0.999539
v -0.878987 1.555882 0.189493
vt 1.972603 1.037438
vn -0.030024 -0.004402 0.999539
v -0.860906 1.557090 0.190041
vt 1.967332 1.037392
vn -0.029924 -0.004306 0.999543
v -0.879281 1.557427 0.189491
vt 1.972608 1.038146
vn -0.030024 -0.004402 0.999539
v -0.863553 1.572846 0.190030
vt 1.967286 1.044598
vn -0.030021 -0.004307 0.999540
v -0.863251 1.571119 0.190031
vt 1.967287 1.043808
vn -0.030021 -0.004307 0.999540
v -0.913044 1.568045 0.188526
vt 1.981788 1.044049
vn -0.029927 -0.004401 0.999542
v -0.913401 1.569607 0.188522
vt 1.981811 1.044767
vn -0.029927 -0.004401 0.999542
v -0.911968 1.553702 0.188495
vt 1.982215 1.037533
vn -0.030021 -0.004307 0.999540
v -0.912260 1.555235 0.188493
vt 1.982220 1.038235
vn -0.030021 -0.004307 0.999540
v -0.898358 1.556106 0.188914
vt 1.978171 1.038174
vn -0.030024 -0.004402 0.999539
v -0.898217 1.554677 0.188911
vt 1.978204 1.037523
vn -0.030024 -0.004402 0.999539
v -0.860978 1.558570 0.190045
vt 1.967277 1.038063
vn -0.029924 -0.004306 0.999543
v -0.695779 1.572052 0.195844
vt 1.918998 1.038746
vn -0.030028 -0.004529 0.999539
v -0.701402 1.575823 0.195691
vt 1.920424 1.040634
vn -0.030024 -0.004402 0.999539
v -0.688270 1.572255 0.196070
vt 1.916825 1.038592
vn -0.030031 -0.004624 0.999538
v -0.698273 1.578058 0.195795
vt 1.919408 1.041542
vn -0.030024 -0.004402 0.999539
v -0.683894 1.571987 0.196758
vt 1.915578 1.038328
vn -0.059325 0.055086 0.996718
v -0.683735 1.570196 0.196484
vt 1.915624 1.037513
vn -0.059325 0.055086 0.996718
v -0.685064 1.571959 0.196164
vt 1.915916 1.038353
vn -0.059125 0.054685 0.996752
v -0.695906 1.571530 0.195837
vt 1.919062 1.038515
vn -0.057721 0.051677 0.996994
v -0.699256 1.570958 0.195735
vt 1.920056 1.038365
vn -0.059325 0.055086 0.996718
v -0.699041 1.569179 0.195733
vt 1.920086 1.037555
vn -0.059325 0.055086 0.996718
v -0.702082 1.583477 0.195704
vt 1.920227 1.044115
vn -0.030024 -0.004402 0.999539
v -0.716708 1.582445 0.195261
vt 1.924493 1.044128
vn -0.030024 -0.004402 0.999539
v -0.702262 1.585194 0.195707
vt 1.920191 1.044897
vn -0.030024 -0.004402 0.999539
v -0.716845 1.584187 0.195265
vt 1.924443 1.044919
vn -0.030024 -0.004402 0.999539
v -0.705246 1.582689 0.195606
vt 1.921179 1.043863
vn -0.030021 -0.004307 0.999540
v -0.712637 1.582247 0.195383
vt 1.923331 1.043905
vn -0.030021 -0.004307 0.999540
v -0.700769 1.579581 0.195727
vt 1.920049 1.042312
vn -0.030024 -0.004402 0.999539
v -0.703914 1.577334 0.195623
vt 1.921070 1.041399
vn -0.030024 -0.004402 0.999539
v -0.687494 1.586226 0.196154
vt 1.915884 1.044879
vn -0.030021 -0.004307 0.999540
v -0.687298 1.584477 0.196152
vt 1.915917 1.044083
vn -0.030021 -0.004307 0.999540
v -0.698274 1.585510 0.195828
vt 1.919026 1.044909
vn -0.030021 -0.004307 0.999540
v -0.698124 1.583813 0.195825
vt 1.919070 1.044137
vn -0.030021 -0.004307 0.999540
v -0.695586 1.583742 0.195900
vt 1.918342 1.044022
vn -0.030021 -0.004307 0.999540
v -0.689320 1.583995 0.196089
vt 1.916525 1.043931
vn -0.030021 -0.004307 0.999540
v -0.691245 1.583444 0.196029
vt 1.917107 1.043746
vn -0.030024 -0.004402 0.999539
v -0.695379 1.583229 0.195904
vt 1.918309 1.043783
vn -0.030024 -0.004402 0.999539
v -0.708050 1.571119 0.195472
vt 1.922581 1.038727
vn -0.029927 -0.004401 0.999542
v -0.711873 1.571044 0.195357
vt 1.923686 1.038817
vn -0.029927 -0.004401 0.999542
v -0.704508 1.570568 0.195575
vt 1.921589 1.038361
vn -0.030024 -0.004402 0.999539
v -0.704329 1.568783 0.195573
vt 1.921629 1.037549
vn -0.030024 -0.004402 0.999539
v -0.707717 1.570484 0.195479
vt 1.922518 1.038428
vn -0.030024 -0.004402 0.999539
v -0.714459 1.570073 0.195275
vt 1.924481 1.038463
vn -0.030024 -0.004402 0.999539
v -0.715930 1.569769 0.195230
vt 1.924920 1.038374
vn -0.030024 -0.004402 0.999539
v -0.715696 1.568003 0.195229
vt 1.924943 1.037569
vn -0.030024 -0.004402 0.999539
v -1.280488 1.457144 -0.469091
vt 1.392035 1.451615
vn 0.990550 0.127528 -0.050480
v -1.300608 1.529787 -0.490263
vt 1.407992 1.454061
vn 0.964737 0.252902 -0.072964
v -1.280455 1.468045 -0.317300
vt 1.385580 1.483655
vn 0.985351 0.169219 -0.021188
v -1.297067 1.548502 -0.223601
vt 1.396832 1.505948
vn 0.960914 0.226595 -0.159056
v -1.280432 1.475369 -0.215311
vt 1.381245 1.505183
vn 0.967632 0.158124 -0.196686
v -1.260296 1.548192 -0.179797
vt 1.395229 1.516720
vn 0.630881 0.286119 -0.721197
v -1.242020 1.481427 -0.169349
vt 1.382675 1.518043
vn 0.163997 -0.078127 -0.983362
v -1.260296 1.548192 -0.179797
vt 1.820954 1.407039
vn 0.630881 0.286119 -0.721197
v -1.242020 1.481427 -0.169349
vt 1.817527 1.393772
vn 0.163997 -0.078127 -0.983362
v -1.216674 1.557174 -0.163389
vt 1.811174 1.408947
vn -0.079105 0.360965 -0.929218
v -1.207503 1.598545 -0.104220
vt 1.808864 1.418882
vn -0.139808 0.803455 -0.578717
v -1.276103 1.571700 -0.150504
vt 1.822905 1.414849
vn 0.160040 0.818647 -0.551548
v -1.276103 1.571700 -0.150504
vt 1.402863 1.520517
vn 0.160040 0.818647 -0.551548
v -1.053700 1.576189 -0.177896
vt 1.777073 1.409786
vn -0.107210 0.407667 -0.906815
v -0.966963 1.519951 -0.182207
vt 1.760141 1.397113
vn -0.041778 -0.116277 -0.992338
v -0.848051 1.596851 -0.191281
vt 1.734537 1.411148
vn -0.066629 0.329264 -0.941884
v -0.774043 1.534920 -0.191118
vt 1.720333 1.397420
vn -0.018098 -0.128594 -0.991532
v -0.628771 1.607953 -0.196141
vt 1.689527 1.410253
vn -0.020824 0.415870 -0.909185
v -0.546252 1.544233 -0.193585
vt 1.673600 1.395978
vn 0.004289 -0.160699 -0.986994
v -0.441122 1.609247 -0.193570
vt 1.651114 1.407696
vn 0.007041 0.481946 -0.876173
v -0.382461 1.610232 -0.194007
vt 1.639103 1.406960
vn -0.115714 0.474509 -0.872612
v -0.381980 1.547133 -0.192154
vt 1.639956 1.394048
vn -0.083885 -0.164877 -0.982740
v -0.342694 1.545008 -0.207934
vt 1.054186 1.568461
vn -0.648134 -0.177676 -0.740509
v -0.343798 1.610529 -0.210158
vt 1.054870 1.555382
vn -0.577449 0.449498 -0.681546
v -0.381980 1.547133 -0.192154
vt 1.045762 1.565742
vn -0.083885 -0.164877 -0.982740
v -0.382461 1.610232 -0.194007
vt 1.045953 1.555607
vn -0.115714 0.474509 -0.872612
v -0.320239 1.542539 -0.243050
vt 1.063579 1.570590
vn -0.981724 -0.170390 -0.084761
v -0.323544 1.608750 -0.248719
vt 1.064059 1.556556
vn -0.963279 0.248456 -0.101800
v -0.315428 1.530208 -0.471747
vt 1.113273 1.569037
vn -0.988565 -0.150191 -0.013521
v -0.319774 1.595800 -0.477389
vt 1.111063 1.555620
vn -0.975978 0.214652 -0.037305
v -0.314258 1.634804 -0.199428
vt 1.056384 1.547693
vn -0.408940 0.786555 -0.462708
v -0.299851 1.630024 -0.241858
vt 1.063444 1.549829
vn -0.651946 0.750907 -0.105382
v -0.371618 1.652070 -0.133013
vt 1.045042 1.547952
vn -0.068923 0.811200 -0.580693
v -0.298603 1.615748 -0.477652
vt 1.110226 1.549746
vn -0.676700 0.733411 -0.064699
v -0.497929 1.652683 -0.137753
vt 1.661880 1.419112
vn 0.000813 0.798617 -0.601839
v -0.371618 1.652070 -0.133013
vt 1.636655 1.416510
vn -0.068923 0.811200 -0.580693
v -0.640687 1.649855 -0.139601
vt 1.691385 1.420556
vn -0.030313 0.794811 -0.606100
v -0.784418 1.642983 -0.136965
vt 1.721150 1.421150
vn -0.055943 0.795330 -0.603590
v -0.924378 1.632857 -0.130685
vt 1.750257 1.420872
vn -0.117916 0.787057 -0.605505
v -1.074340 1.617280 -0.119505
vt 1.781416 1.419859
vn -0.143017 0.793703 -0.591255
v -0.314919 1.525869 -0.529236
vt 1.125257 1.567239
vn -0.984612 -0.174487 -0.009648
v -0.315490 1.587428 -0.546760
vt 1.123339 1.553521
vn -0.961469 0.245181 -0.124357
v -0.298474 1.604083 -0.551266
vt 1.122987 1.548496
vn -0.702710 0.669278 -0.241384
v -1.495039 1.436044 -0.473249
vt 1.337724 1.446130
vn -0.837713 -0.472315 0.274145
v -1.477114 1.406614 -0.468270
vt 1.345129 1.444719
vn -0.342652 -0.896665 0.280322
v -1.487283 1.458838 -0.328144
vt 1.337344 1.471839
vn -0.824320 -0.558325 0.093644
v -1.470152 1.435399 -0.329063
vt 1.343433 1.471854
vn -0.399605 -0.907544 0.129154
v -1.470020 1.450124 -0.161948
vt 1.334581 1.504140
vn -0.400249 -0.914839 0.053568
v -1.486148 1.474382 -0.161076
vt 1.328579 1.503084
vn -0.821392 -0.569202 0.036385
v -1.468884 1.454840 0.000000
vt 1.324661 1.535987
vn -0.404591 -0.914498 -0.000060
v -1.485592 1.478420 0.000000
vt 1.318846 1.534487
vn -0.824280 -0.566183 -0.000064
v -1.393699 1.437356 0.000000
vt 1.339711 1.540306
vn -0.081186 -0.996699 -0.000016
v -1.391328 1.432768 -0.164728
vt 1.351052 1.507529
vn -0.064903 -0.996614 0.050480
v -1.392534 1.418957 -0.331946
vt 1.359763 1.473629
vn -0.020909 -0.993066 0.115680
v -1.409230 1.398150 -0.460829
vt 1.360510 1.446036
vn 0.019865 -0.979493 0.200498
v -1.332696 1.414719 -0.455545
vt 1.377048 1.449586
vn 0.280078 -0.949342 0.142499
v -1.326564 1.430990 -0.328678
vt 1.373221 1.477601
vn 0.264791 -0.960832 0.081773
v -1.286460 1.439451 -0.446568
vt 1.387018 1.454821
vn 0.662097 -0.744068 0.089389
v -1.284454 1.450987 -0.316969
vt 1.381989 1.482711
vn 0.626188 -0.778337 0.045605
v -1.280869 1.456566 -0.211366
vt 1.377047 1.505428
vn 0.516084 -0.853743 -0.069143
v -1.321732 1.439736 -0.172010
vt 1.365422 1.510164
vn 0.166392 -0.985920 0.016570
v -1.239877 1.463391 -0.163128
vt 1.379722 1.519181
vn 0.163691 -0.920395 -0.355074
v -1.268128 1.446783 -0.108597
vt 1.370815 1.527089
vn 0.151880 -0.988388 -0.004594
v -1.328209 1.441293 0.000000
vt 1.352217 1.544255
vn 0.088777 -0.996051 0.000017
v -1.268128 1.446783 -0.108597
vt 1.823440 1.378600
vn 0.151880 -0.988388 -0.004594
v -0.960572 1.489687 -0.116797
vt 1.759735 1.380155
vn 0.120378 -0.992727 0.001309
v -1.239877 1.463391 -0.163128
vt 1.817505 1.390083
vn 0.163691 -0.920395 -0.355074
v -0.965036 1.498346 -0.172362
vt 1.760109 1.391655
vn 0.082084 -0.899093 -0.429994
v -0.774490 1.513299 -0.182400
vt 1.720792 1.392250
vn 0.039478 -0.898937 -0.436295
v -0.771996 1.504776 -0.125699
vt 1.720832 1.380505
vn 0.050182 -0.998493 0.022207
v -0.546033 1.521533 -0.184004
vt 1.673934 1.390588
vn 0.024597 -0.898444 -0.438399
v -0.545636 1.511414 -0.128713
vt 1.674395 1.379090
vn 0.023178 -0.999652 0.012592
v -0.374635 1.524508 -0.182819
vt 1.638822 1.388825
vn -0.008891 -0.917381 -0.397912
v -0.364921 1.515942 -0.127326
vt 1.637377 1.377216
vn 0.034198 -0.999340 0.012272
v -0.774402 1.517197 0.000000
vt 1.722157 1.354680
vn 0.051470 -0.998675 -0.000016
v -0.965062 1.504878 0.000000
vt 1.760876 1.356062
vn 0.130165 -0.991492 0.000017
v -0.553108 1.524659 0.000000
vt 1.676998 1.352675
vn 0.021983 -0.999758 -0.000016
v -0.368324 1.523577 0.000000
vt 1.639174 1.351110
vn 0.032681 -0.999466 0.000016
v -1.264689 1.446185 0.000000
vt 1.364531 1.548710
vn 0.153375 -0.988168 0.000017
v -1.264689 1.446185 0.000000
vt 1.822450 1.356585
vn 0.153375 -0.988168 0.000017
v -0.335210 1.525495 -0.199988
vt 1.052721 1.572906
vn -0.079897 -0.974982 -0.207428
v -0.374635 1.524508 -0.182819
vt 1.045382 1.568649
vn -0.008891 -0.917381 -0.397912
v -0.364921 1.515942 -0.127326
vt 1.036104 1.572410
vn 0.034198 -0.999340 0.012272
v -0.238759 1.527462 -0.151532
vt 1.048436 1.594201
vn 0.332163 -0.942357 0.040389
v -0.312416 1.525650 -0.235313
vt 1.062163 1.575184
vn -0.101424 -0.994127 0.037751
v -0.305530 1.510943 -0.470035
vt 1.114342 1.573272
vn -0.150690 -0.987161 0.052968
v -0.215687 1.510426 -0.513120
vt 1.126245 1.591923
vn 0.338938 -0.931658 0.130900
v -0.301772 1.503939 -0.517209
vt 1.125309 1.573379
vn -0.348630 -0.851476 0.391720
v -0.052393 1.590039 -0.522314
vt 1.121472 1.631217
vn 0.451995 -0.886944 0.095029
v -0.057337 1.608427 -0.134089
vt 1.048975 1.634062
vn 0.455485 -0.889421 0.038265
v -0.120722 1.499286 -0.585288
vt 1.141605 1.614369
vn 0.448000 -0.670761 0.591080
v -0.057467 1.610011 0.000000
vt 1.021810 1.638378
vn 0.480340 -0.877082 -0.000021
v -0.231832 1.528130 0.000000
vt 1.018011 1.602356
vn 0.285576 -0.958356 0.000019
v -0.368324 1.523577 0.000000
vt 1.010395 1.577347
vn 0.032681 -0.999466 0.000016
v -0.039918 1.628652 -0.291534
vt 1.078375 1.636562
vn 0.869546 -0.492604 0.035072
v -0.038307 1.620410 -0.436448
vt 1.104355 1.636855
vn 0.869544 -0.492577 0.035509
v -0.037182 1.613925 -0.522804
vt 1.119575 1.637561
vn 0.841977 -0.534731 0.071673
v -0.040930 1.633584 -0.146512
vt 1.051574 1.640032
vn 0.840180 -0.542106 0.014816
v -0.041216 1.634820 0.000000
vt 1.022398 1.644659
vn 0.837829 -0.545933 0.000021
v -1.300608 1.529786 0.490263
vt 1.407992 2.454061
vn 0.964743 0.252878 0.072963
v -1.280488 1.457144 0.469091
vt 1.392035 2.451615
vn 0.990552 0.127477 0.050552
v -1.280432 1.475369 0.215311
vt 1.381245 2.505183
vn 0.967626 0.158106 0.196730
v -1.280455 1.468045 0.317300
vt 1.385580 2.483655
vn 0.985352 0.169204 0.021225
v -1.297067 1.548502 0.223602
vt 1.396832 2.505948
vn 0.960901 0.226586 0.159147
v -1.242020 1.481427 0.169350
vt 1.382675 2.518043
vn 0.163973 -0.078106 0.983368
v -1.260296 1.548192 0.179797
vt 1.395229 2.516720
vn 0.630795 0.286089 0.721284
v -1.216674 1.557174 0.163389
vt 1.811174 2.408947
vn -0.079128 0.360996 0.929204
v -1.242020 1.481427 0.169350
vt 1.817527 2.393772
vn 0.163973 -0.078106 0.983368
v -1.260296 1.548192 0.179797
vt 1.820954 2.407039
vn 0.630795 0.286089 0.721284
v -1.276103 1.571700 0.150505
vt 1.822905 2.414849
vn 0.159969 0.818569 0.551683
v -1.207503 1.598545 0.104220
vt 1.808864 2.418882
vn -0.139832 0.803482 0.578673
v -1.276103 1.571700 0.150505
vt 1.402863 2.520517
vn 0.159969 0.818569 0.551683
v -0.966963 1.519951 0.182208
vt 1.760141 2.397113
vn -0.041835 -0.116341 0.992328
v -1.053700 1.576189 0.177897
vt 1.777073 2.409786
vn -0.107235 0.407700 0.906797
v -0.774043 1.534920 0.191119
vt 1.720333 2.397420
vn -0.018116 -0.128615 0.991529
v -0.848051 1.596851 0.191281
vt 1.734537 2.411148
vn -0.066608 0.329283 0.941879
v -0.546252 1.544233 0.193586
vt 1.673600 2.395978
vn 0.004271 -0.160716 0.986991
v -0.628771 1.607953 0.196142
vt 1.689527 2.410253
vn -0.020804 0.415888 0.909178
v -0.381980 1.547133 0.192155
vt 1.639956 2.394048
vn -0.083909 -0.164944 0.982727
v -0.382461 1.610232 0.194008
vt 1.639103 2.406960
vn -0.115738 0.474491 0.872619
v -0.441122 1.609247 0.193570
vt 1.651114 2.407696
vn 0.006978 0.481845 0.876229
v -0.382461 1.610232 0.194008
vt 1.045953 2.555607
vn -0.115738 0.474491 0.872619
v -0.343798 1.610529 0.210158
vt 1.054870 2.555382
vn -0.577480 0.449528 0.681500
v -0.381980 1.547133 0.192155
vt 1.045762 2.565742
vn -0.083909 -0.164944 0.982727
v -0.342694 1.545008 0.207935
vt 1.054186 2.568461
vn -0.648218 -0.177704 0.740428
v -0.323544 1.608750 0.248720
vt 1.064059 2.556556
vn -0.963273 0.248480 0.101801
v -0.320239 1.542539 0.243051
vt 1.063579 2.570590
vn -0.981726 -0.170437 0.084643
v -0.319774 1.595800 0.477389
vt 1.111063 2.555620
vn -0.975973 0.214674 0.037306
v -0.315428 1.530208 0.471748
vt 1.113273 2.569037
vn -0.988563 -0.150205 0.013486
v -0.299851 1.630024 0.241858
vt 1.063444 2.549829
vn -0.651941 0.750905 0.105431
v -0.314258 1.634804 0.199429
vt 1.056384 2.547693
vn -0.408911 0.786573 0.462703
v -0.371618 1.652070 0.133014
vt 1.045042 2.547952
vn -0.068946 0.811191 0.580702
v -0.298603 1.615748 0.477652
vt 1.110226 2.549746
vn -0.676630 0.733475 0.064699
v -0.371618 1.652070 0.133014
vt 1.636655 2.416510
vn -0.068946 0.811191 0.580702
v -0.497929 1.652683 0.137753
vt 1.661880 2.419112
vn 0.000791 0.798553 0.601924
v -0.640687 1.649855 0.139601
vt 1.691385 2.420556
vn -0.030201 0.794779 0.606146
v -0.784418 1.642983 0.136966
vt 1.721150 2.421150
vn -0.055829 0.795263 0.603689
v -0.924378 1.632857 0.130686
vt 1.750257 2.420872
vn -0.117940 0.787086 0.605463
v -1.074340 1.617280 0.119506
vt 1.781416 2.419859
vn -0.143041 0.793730 0.591212
v -0.315490 1.587428 0.546761
vt 1.123339 2.553521
vn -0.961467 0.245165 0.124400
v -0.314919 1.525868 0.529237
vt 1.125257 2.567239
vn -0.984606 -0.174530 0.009541
v -0.298474 1.604082 0.551266
vt 1.122987 2.548496
vn -0.702734 0.669253 0.241384
v -1.477114 1.406613 0.468270
vt 1.345129 2.444719
vn -0.342599 -0.896638 -0.280475
v -1.495039 1.436044 0.473250
vt 1.337724 2.446130
vn -0.837679 -0.472312 -0.274255
v -1.470152 1.435399 0.329063
vt 1.343433 2.471854
vn -0.399580 -0.907527 -0.129343
v -1.487283 1.458838 0.328145
vt 1.337344 2.471839
vn -0.824319 -0.558302 -0.093786
v -1.486148 1.474382 0.161076
vt 1.328579 2.503084
vn -0.821394 -0.569197 -0.036429
v -1.470020 1.450124 0.161948
vt 1.334581 2.504140
vn -0.400202 -0.914855 -0.053654
v -1.485592 1.478420 0.000000
vt 1.318846 2.534487
vn -0.824280 -0.566183 -0.000064
v -1.468884 1.454840 0.000000
vt 1.324661 2.535987
vn -0.404591 -0.914498 -0.000060
v -1.391328 1.432768 0.164729
vt 1.351052 2.507529
vn -0.064889 -0.996611 -0.050550
v -1.393699 1.437356 0.000000
vt 1.339711 2.540306
vn -0.081186 -0.996699 -0.000016
v -1.392534 1.418957 0.331947
vt 1.359763 2.473629
vn -0.020892 -0.993063 -0.115717
v -1.409230 1.398150 0.460829
vt 1.360510 2.446036
vn 0.019883 -0.979492 -0.200501
v -1.332696 1.414719 0.455545
vt 1.377048 2.449586
vn 0.280103 -0.949335 -0.142501
v -1.326564 1.430990 0.328678
vt 1.373221 2.477601
vn 0.264777 -0.960833 -0.081815
v -1.286460 1.439451 0.446569
vt 1.387018 2.454821
vn 0.662129 -0.744051 -0.089292
v -1.284454 1.450987 0.316969
vt 1.381989 2.482711
vn 0.626192 -0.778337 -0.045559
v -1.321732 1.439736 0.172010
vt 1.365422 2.510164
vn 0.166377 -0.985922 -0.016606
v -1.280869 1.456566 0.211366
vt 1.377047 2.505428
vn 0.516092 -0.853742 0.069098
v -1.268128 1.446783 0.108598
vt 1.370815 2.527089
vn 0.151865 -0.988390 0.004630
v -1.239877 1.463391 0.163128
vt 1.379722 2.519181
vn 0.163675 -0.920360 0.355174
v -1.328209 1.441293 0.000000
vt 1.352217 2.544255
vn 0.088777 -0.996051 0.000017
v -0.965036 1.498346 0.172363
vt 1.760109 2.391655
vn 0.082565 -0.898997 0.430101
v -0.960572 1.489687 0.116798
vt 1.759735 2.380155
vn 0.120392 -0.992726 -0.001275
v -1.239877 1.463391 0.163128
vt 1.817505 2.390083
vn 0.163675 -0.920360 0.355174
v -1.268128 1.446783 0.108598
vt 1.823440 2.378600
vn 0.151865 -0.988390 0.004630
v -0.771996 1.504776 0.125699
vt 1.720832 2.380505
vn 0.050198 -0.998493 -0.022174
v -0.774490 1.513299 0.182401
vt 1.720792 2.392250
vn 0.036785 -0.899113 0.436168
v -0.545636 1.511414 0.128713
vt 1.674395 2.379090
vn 0.023194 -0.999652 -0.012592
v -0.546033 1.521533 0.184005
vt 1.673934 2.390588
vn 0.024280 -0.898438 0.438429
v -0.364921 1.515942 0.127326
vt 1.637377 2.377216
vn 0.034282 -0.999336 -0.012305
v -0.374635 1.524508 0.182820
vt 1.638822 2.388825
vn -0.008911 -0.917399 0.397870
v -0.965062 1.504878 0.000000
vt 1.760876 2.356062
vn 0.130165 -0.991492 0.000017
v -0.774402 1.517197 0.000000
vt 1.722157 2.354680
vn 0.051470 -0.998675 -0.000016
v -0.553108 1.524659 0.000000
vt 1.676998 2.352675
vn 0.021983 -0.999758 -0.000016
v -0.368324 1.523577 0.000000
vt 1.639174 2.351110
vn 0.032681 -0.999466 0.000016
v -1.264689 1.446185 0.000000
vt 1.364531 2.548710
vn 0.153375 -0.988168 0.000017
v -1.264689 1.446185 0.000000
vt 1.822450 2.356585
vn 0.153375 -0.988168 0.000017
v -0.364921 1.515942 0.127326
vt 1.036104 2.572410
vn 0.034282 -0.999336 -0.012305
v -0.374635 1.524508 0.182820
vt 1.045382 2.568649
vn -0.008911 -0.917399 0.397870
v -0.335210 1.525495 0.199988
vt 1.052721 2.572906
vn -0.080034 -0.974994 0.207319
v -0.238759 1.527462 0.151533
vt 1.048436 2.594201
vn 0.332151 -0.942359 -0.040430
v -0.215687 1.510426 0.513120
vt 1.126245 2.591923
vn 0.338964 -0.931648 -0.130902
v -0.305530 1.510943 0.470036
vt 1.114342 2.573272
vn -0.150690 -0.987153 -0.053119
v -0.312416 1.525650 0.235314
vt 1.062163 2.575184
vn -0.101377 -0.994128 -0.037856
v -0.301772 1.503939 0.517210
vt 1.125309 2.573379
vn -0.348454 -0.851485 -0.391859
v -0.057337 1.608427 0.134089
vt 1.048975 2.634062
vn 0.455476 -0.889423 -0.038308
v -0.052393 1.590039 0.522314
vt 1.121472 2.631217
vn 0.452005 -0.886944 -0.094983
v -0.120722 1.499286 0.585288
vt 1.141605 2.614369
vn 0.447973 -0.670734 -0.591132
v -0.231832 1.528130 0.000000
vt 1.018011 2.602356
vn 0.285576 -0.958356 0.000019
v -0.057467 1.610011 0.000000
vt 1.021810 2.638378
vn 0.480340 -0.877082 -0.000021
v -0.368324 1.523577 0.000000
vt 1.010395 2.577347
vn 0.032681 -0.999466 0.000016
v -0.038307 1.620410 0.436449
vt 1.104355 2.636855
vn 0.869587 -0.492501 -0.035508
v -0.039918 1.628652 0.291535
vt 1.078375 2.636562
vn 0.869549 -0.492597 -0.035115
v -0.037182 1.613925 0.522804
vt 1.119575 2.637561
vn 0.842027 -0.534654 -0.071672
v -0.041216 1.634820 0.000000
vt 1.022398 2.644659
vn 0.837829 -0.545933 0.000021
v -0.040930 1.633584 0.146512
vt 1.051574 2.640032
vn 0.840177 -0.542111 -0.014773
v 0.789873 1.016653 -0.500472
vt 0.189033 -0.991023
vn -0.907720 0.419573 0.001886
v 0.793276 1.024588 -0.510077
vt 0.161857 -0.966736
vn -0.912841 0.408094 0.013418
v 0.833985 1.111541 -0.385022
vt 0.514020 -0.694863
vn -0.904856 0.425683 -0.005402
v 0.805999 1.053553 -0.525983
vt 0.116721 -0.877591
vn -0.916068 0.400567 0.019098
v 0.787784 1.015953 -0.384663
vt 0.515872 -0.994452
vn -0.901961 0.431669 -0.011308
v 0.810985 1.066985 -0.527556
vt 0.112098 -0.837181
vn -0.919903 0.391277 0.026099
v 0.829400 1.107741 -0.513616
vt 0.151110 -0.710876
vn -0.914899 0.402875 0.025519
v 0.833531 1.110690 -0.506845
vt 0.170245 -0.696593
vn -0.577213 0.816585 -0.003604
v 0.829391 1.106092 -0.255781
vt 0.878821 -0.713138
vn -0.910014 0.414268 -0.016014
v 0.811987 1.067749 -0.242811
vt 0.915770 -0.831853
vn -0.914004 0.405368 -0.016532
v 0.806236 1.054388 -0.243678
vt 0.913431 -0.872908
vn -0.901702 0.432350 -0.002713
v 0.833630 1.110911 -0.263831
vt 0.856014 -0.695142
vn -0.749812 0.661650 0.001186
v 0.790200 1.023692 -0.260531
vt 0.866160 -0.970776
vn -0.899028 0.437883 -0.002678
v 0.787758 1.016398 -0.272717
vt 0.831768 -0.992468
vn -0.903604 0.428271 -0.009106
v 0.589725 0.818778 0.104914
vt 0.012861 -0.680004
vn -0.894301 0.422461 -0.147486
v 0.624001 0.815343 -0.131717
vt 0.012761 -0.019808
vn -0.897217 0.422581 -0.128171
v 0.730190 1.129831 0.125316
vt 0.989869 -0.680908
vn -0.900544 0.409197 -0.146897
v 0.766697 1.131589 -0.102529
vt 0.989827 -0.019809
vn -0.903108 0.408946 -0.130994
usemtl Interior
f 3/3/3 2/2/2 1/1/1
f 4/4/4 2/2/2 3/3/3
f 4/4/4 5/5/5 2/2/2
f 2/2/2 7/7/7 6/6/6
f 5/5/5 7/7/7 2/2/2
f 7/7/7 8/8/8 6/6/6
f 9/9/9 8/8/8 7/7/7
f 5/5/5 10/10/10 7/7/7
f 4/4/4 10/10/10 5/5/5
f 9/9/9 10/10/10 11/11/11
f 7/7/7 10/10/10 9/9/9
f 10/10/10 13/13/13 12/12/12
f 14/14/14 13/13/13 10/10/10
f 17/17/17 16/16/16 15/15/15
f 18/18/18 16/16/16 17/17/17
f 21/21/21 20/20/20 19/19/19
f 19/19/19 22/22/22 21/21/21
f 23/23/23 22/22/22 19/19/19
f 3/3/3 17/17/17 15/15/15
f 1/1/1 17/17/17 3/3/3
f 19/19/19 25/25/25 24/24/24
f 20/20/20 25/25/25 19/19/19
f 24/24/24 27/27/27 26/26/26
f 25/25/25 27/27/27 24/24/24
f 26/26/26 8/8/8 28/28/28
f 27/27/27 8/8/8 26/26/26
f 26/26/26 30/30/30 29/29/29
f 28/28/28 30/30/30 26/26/26
f 29/29/29 24/24/24 26/26/26
f 23/23/23 24/24/24 29/29/29
f 28/28/28 31/31/31 30/30/30
f 34/34/34 33/33/33 32/32/32
f 35/35/35 33/33/33 34/34/34
f 36/36/36 34/34/34 32/32/32
f 37/37/37 34/34/34 36/36/36
f 36/36/36 38/38/38 37/37/37
f 40/40/40 32/32/32 39/39/39
f 36/36/36 32/32/32 40/40/40
f 39/39/39 33/33/33 41/41/41
f 32/32/32 33/33/33 39/39/39
f 38/38/38 40/40/40 42/42/42
f 36/36/36 40/40/40 38/38/38
f 42/42/42 44/44/44 43/43/43
f 40/40/40 44/44/44 42/42/42
f 44/44/44 39/39/39 45/45/45
f 40/40/40 39/39/39 44/44/44
f 46/46/46 39/39/39 41/41/41
f 45/45/45 39/39/39 46/46/46
f 47/47/47 33/33/33 35/35/35
f 48/48/48 33/33/33 47/47/47
f 48/48/48 50/50/50 49/49/49
f 47/47/47 50/50/50 48/48/48
f 48/48/48 49/49/49 51/51/51
f 33/33/33 48/48/48 41/41/41
f 50/50/50 53/53/53 52/52/52
f 35/35/35 53/53/53 50/50/50
f 41/41/41 51/51/51 54/54/54
f 48/48/48 51/51/51 41/41/41
f 55/55/55 51/51/51 49/49/49
f 54/54/54 51/51/51 55/55/55
f 49/49/49 56/56/56 55/55/55
f 57/57/57 56/56/56 49/49/49
f 58/58/58 49/49/49 50/50/50
f 57/57/57 49/49/49 58/58/58
f 61/61/61 60/60/60 59/59/59
f 63/63/63 60/60/60 62/62/62
f 59/59/59 60/60/60 63/63/63
f 64/64/64 59/59/59 63/63/63
f 65/65/65 59/59/59 64/64/64
f 64/64/64 67/67/67 66/66/66
f 63/63/63 67/67/67 64/64/64
f 70/70/70 69/69/69 68/68/68
f 55/55/55 69/69/69 70/70/70
f 56/56/56 69/69/69 55/55/55
f 55/55/55 71/71/71 54/54/54
f 70/70/70 71/71/71 55/55/55
f 54/54/54 46/46/46 41/41/41
f 71/71/71 46/46/46 54/54/54
f 74/74/74 73/73/73 72/72/72
f 75/75/75 73/73/73 74/74/74
f 75/75/75 77/77/77 76/76/76
f 74/74/74 77/77/77 75/75/75
f 79/79/79 77/77/77 78/78/78
f 76/76/76 77/77/77 79/79/79
f 72/72/72 80/80/80 74/74/74
f 81/81/81 80/80/80 72/72/72
f 77/77/77 82/82/82 78/78/78
f 83/83/83 82/82/82 77/77/77
f 86/86/86 85/85/85 84/84/84
f 65/65/65 85/85/85 86/86/86
f 59/59/59 87/87/87 61/61/61
f 86/86/86 87/87/87 59/59/59
f 61/61/61 88/88/88 60/60/60
f 89/89/89 88/88/88 61/61/61
f 62/62/62 88/88/88 90/90/90
f 60/60/60 88/88/88 62/62/62
f 67/67/67 63/63/63 62/62/62
f 67/67/67 91/91/91 66/66/66
f 92/92/92 91/91/91 67/67/67
f 78/78/78 94/94/94 93/93/93
f 82/82/82 94/94/94 78/78/78
f 96/96/96 78/78/78 95/95/95
f 79/79/79 78/78/78 96/96/96
f 98/98/98 43/43/43 97/97/97
f 42/42/42 43/43/43 98/98/98
f 93/93/93 95/95/95 78/78/78
f 99/99/99 95/95/95 93/93/93
f 100/100/100 98/98/98 97/97/97
f 101/101/101 98/98/98 100/100/100
f 102/102/102 98/98/98 101/101/101
f 103/103/103 98/98/98 102/102/102
f 104/104/104 102/102/102 101/101/101
f 105/105/105 102/102/102 104/104/104
f 106/106/106 99/99/99 93/93/93
f 107/107/107 99/99/99 106/106/106
f 106/106/106 94/94/94 108/108/108
f 93/93/93 94/94/94 106/106/106
f 109/109/109 42/42/42 98/98/98
f 112/112/112 111/111/111 110/110/110
f 38/38/38 111/111/111 112/112/112
f 110/110/110 113/113/113 112/112/112
f 111/111/111 38/38/38 42/42/42
f 103/103/103 115/115/115 114/114/114
f 114/114/114 98/98/98 103/103/103
f 105/105/105 116/116/116 102/102/102
f 23/23/23 19/19/19 24/24/24
f 86/86/86 59/59/59 65/65/65
f 117/117/117 86/86/86 84/84/84
f 87/87/87 86/86/86 117/117/117
f 14/14/14 118/118/118 13/13/13
f 119/119/119 118/118/118 14/14/14
f 11/11/11 12/12/12 120/120/120
f 10/10/10 12/12/12 11/11/11
f 118/118/118 15/15/15 121/121/121
f 119/119/119 15/15/15 118/118/118
f 112/112/112 123/123/123 122/122/122
f 113/113/113 123/123/123 112/112/112
f 125/125/125 122/122/122 124/124/124
f 112/112/112 122/122/122 125/125/125
f 53/53/53 125/125/125 124/124/124
f 35/35/35 125/125/125 53/53/53
f 58/58/58 52/52/52 126/126/126
f 50/50/50 52/52/52 58/58/58
f 129/129/129 128/128/128 127/127/127
f 130/130/130 128/128/128 129/129/129
f 132/132/132 69/69/69 131/131/131
f 68/68/68 69/69/69 132/132/132
f 89/89/89 87/87/87 133/133/133
f 61/61/61 87/87/87 89/89/89
f 92/92/92 62/62/62 90/90/90
f 67/67/67 62/62/62 92/92/92
f 117/117/117 135/135/135 134/134/134
f 84/84/84 135/135/135 117/117/117
f 84/84/84 136/136/136 135/135/135
f 85/85/85 136/136/136 84/84/84
f 35/35/35 50/50/50 47/47/47
f 137/137/137 18/18/18 23/23/23
f 16/16/16 18/18/18 137/137/137
f 125/125/125 34/34/34 37/37/37
f 35/35/35 34/34/34 125/125/125
f 38/38/38 125/125/125 37/37/37
f 112/112/112 125/125/125 38/38/38
f 15/15/15 138/138/138 121/121/121
f 16/16/16 138/138/138 15/15/15
f 138/138/138 137/137/137 139/139/139
f 16/16/16 137/137/137 138/138/138
f 87/87/87 134/134/134 133/133/133
f 117/117/117 134/134/134 87/87/87
f 127/127/127 81/81/81 72/72/72
f 128/128/128 81/81/81 127/127/127
f 74/74/74 83/83/83 77/77/77
f 80/80/80 83/83/83 74/74/74
f 73/73/73 127/127/127 72/72/72
f 140/140/140 127/127/127 73/73/73
f 127/127/127 141/141/141 129/129/129
f 140/140/140 141/141/141 127/127/127
f 144/144/144 143/143/143 142/142/142
f 145/145/145 143/143/143 144/144/144
f 143/143/143 146/146/146 142/142/142
f 143/143/143 147/147/147 146/146/146
f 148/148/148 147/147/147 143/143/143
f 147/147/147 150/150/150 149/149/149
f 148/148/148 150/150/150 147/147/147
f 146/146/146 151/151/151 142/142/142
f 147/147/147 151/151/151 146/146/146
f 149/149/149 151/151/151 147/147/147
f 152/152/152 151/151/151 149/149/149
f 151/151/151 13/13/13 153/153/153
f 12/12/12 13/13/13 151/151/151
f 156/156/156 155/155/155 154/154/154
f 157/157/157 155/155/155 156/156/156
f 160/160/160 159/159/159 158/158/158
f 160/160/160 154/154/154 161/161/161
f 158/158/158 154/154/154 160/160/160
f 144/144/144 156/156/156 145/145/145
f 157/157/157 156/156/156 144/144/144
f 160/160/160 162/162/162 159/159/159
f 163/163/163 162/162/162 160/160/160
f 163/163/163 164/164/164 162/162/162
f 165/165/165 164/164/164 163/163/163
f 165/165/165 150/150/150 164/164/164
f 166/166/166 150/150/150 165/165/165
f 165/165/165 167/167/167 166/166/166
f 168/168/168 167/167/167 165/165/165
f 168/168/168 163/163/163 161/161/161
f 165/165/165 163/163/163 168/168/168
f 167/167/167 169/169/169 166/166/166
f 172/172/172 171/171/171 170/170/170
f 173/173/173 171/171/171 172/172/172
f 175/175/175 172/172/172 174/174/174
f 173/173/173 172/172/172 175/175/175
f 174/174/174 176/176/176 175/175/175
f 177/177/177 173/173/173 175/175/175
f 178/178/178 173/173/173 177/177/177
f 178/178/178 171/171/171 173/173/173
f 179/179/179 171/171/171 178/178/178
f 176/176/176 177/177/177 175/175/175
f 180/180/180 177/177/177 176/176/176
f 180/180/180 181/181/181 177/177/177
f 182/182/182 181/181/181 180/180/180
f 181/181/181 178/178/178 177/177/177
f 183/183/183 178/178/178 181/181/181
f 184/184/184 178/178/178 183/183/183
f 179/179/179 178/178/178 184/184/184
f 186/186/186 171/171/171 185/185/185
f 170/170/170 171/171/171 186/186/186
f 185/185/185 187/187/187 186/186/186
f 188/188/188 187/187/187 185/185/185
f 189/189/189 188/188/188 185/185/185
f 179/179/179 185/185/185 171/171/171
f 187/187/187 53/53/53 170/170/170
f 52/52/52 53/53/53 187/187/187
f 179/179/179 189/189/189 185/185/185
f 190/190/190 189/189/189 179/179/179
f 191/191/191 189/189/189 190/190/190
f 188/188/188 189/189/189 191/191/191
f 188/188/188 193/193/193 192/192/192
f 191/191/191 193/193/193 188/188/188
f 194/194/194 188/188/188 192/192/192
f 187/187/187 188/188/188 194/194/194
f 197/197/197 196/196/196 195/195/195
f 198/198/198 196/196/196 197/197/197
f 199/199/199 196/196/196 198/198/198
f 201/201/201 197/197/197 200/200/200
f 198/198/198 197/197/197 201/201/201
f 201/201/201 202/202/202 198/198/198
f 203/203/203 202/202/202 201/201/201
f 191/191/191 204/204/204 193/193/193
f 205/205/205 204/204/204 191/191/191
f 206/206/206 204/204/204 205/205/205
f 191/191/191 207/207/207 205/205/205
f 190/190/190 207/207/207 191/191/191
f 190/190/190 184/184/184 207/207/207
f 179/179/179 184/184/184 190/190/190
f 210/210/210 209/209/209 208/208/208
f 211/211/211 209/209/209 210/210/210
f 208/208/208 212/212/212 210/210/210
f 213/213/213 212/212/212 208/208/208
f 214/214/214 212/212/212 213/213/213
f 215/215/215 212/212/212 214/214/214
f 211/211/211 80/80/80 81/81/81
f 210/210/210 80/80/80 211/211/211
f 212/212/212 82/82/82 83/83/83
f 215/215/215 82/82/82 212/212/212
f 217/217/217 216/216/216 200/200/200
f 218/218/218 216/216/216 217/217/217
f 197/197/197 219/219/219 217/217/217
f 195/195/195 219/219/219 197/197/197
f 195/195/195 88/88/88 89/89/89
f 196/196/196 88/88/88 195/195/195
f 199/199/199 88/88/88 196/196/196
f 90/90/90 88/88/88 199/199/199
f 199/199/199 198/198/198 202/202/202
f 202/202/202 91/91/91 92/92/92
f 203/203/203 91/91/91 202/202/202
f 215/215/215 94/94/94 82/82/82
f 220/220/220 94/94/94 215/215/215
f 221/221/221 215/215/215 214/214/214
f 222/222/222 215/215/215 221/221/221
f 223/223/223 182/182/182 180/180/180
f 224/224/224 182/182/182 223/223/223
f 220/220/220 222/222/222 225/225/225
f 215/215/215 222/222/222 220/220/220
f 227/227/227 223/223/223 226/226/226
f 224/224/224 223/223/223 227/227/227
f 229/229/229 223/223/223 228/228/228
f 226/226/226 223/223/223 229/229/229
f 231/231/231 229/229/229 230/230/230
f 226/226/226 229/229/229 231/231/231
f 233/233/233 225/225/225 232/232/232
f 220/220/220 225/225/225 233/233/233
f 233/233/233 94/94/94 220/220/220
f 108/108/108 94/94/94 233/233/233
f 223/223/223 180/180/180 234/234/234
f 236/236/236 235/235/235 176/176/176
f 237/237/237 235/235/235 236/236/236
f 236/236/236 238/238/238 237/237/237
f 180/180/180 176/176/176 235/235/235
f 240/240/240 239/239/239 228/228/228
f 228/228/228 223/223/223 240/240/240
f 229/229/229 241/241/241 230/230/230
f 163/163/163 160/160/160 161/161/161
f 200/200/200 197/197/197 217/217/217
f 242/242/242 217/217/217 219/219/219
f 218/218/218 217/217/217 242/242/242
f 153/153/153 118/118/118 243/243/243
f 13/13/13 118/118/118 153/153/153
f 152/152/152 12/12/12 151/151/151
f 120/120/120 12/12/12 152/152/152
f 118/118/118 157/157/157 243/243/243
f 121/121/121 157/157/157 118/118/118
f 236/236/236 123/123/123 238/238/238
f 122/122/122 123/123/123 236/236/236
f 244/244/244 122/122/122 236/236/236
f 124/124/124 122/122/122 244/244/244
f 53/53/53 244/244/244 170/170/170
f 124/124/124 244/244/244 53/53/53
f 194/194/194 52/52/52 187/187/187
f 126/126/126 52/52/52 194/194/194
f 132/132/132 204/204/204 206/206/206
f 131/131/131 204/204/204 132/132/132
f 89/89/89 219/219/219 195/195/195
f 133/133/133 219/219/219 89/89/89
f 92/92/92 199/199/199 202/202/202
f 90/90/90 199/199/199 92/92/92
f 242/242/242 135/135/135 218/218/218
f 134/134/134 135/135/135 242/242/242
f 218/218/218 136/136/136 216/216/216
f 135/135/135 136/136/136 218/218/218
f 186/186/186 187/187/187 170/170/170
f 245/245/245 154/154/154 155/155/155
f 161/161/161 154/154/154 245/245/245
f 244/244/244 172/172/172 170/170/170
f 174/174/174 172/172/172 244/244/244
f 176/176/176 244/244/244 236/236/236
f 174/174/174 244/244/244 176/176/176
f 157/157/157 138/138/138 155/155/155
f 121/121/121 138/138/138 157/157/157
f 138/138/138 245/245/245 155/155/155
f 139/139/139 245/245/245 138/138/138
f 219/219/219 134/134/134 242/242/242
f 133/133/133 134/134/134 219/219/219
f 246/246/246 81/81/81 128/128/128
f 211/211/211 81/81/81 246/246/246
f 210/210/210 83/83/83 80/80/80
f 212/212/212 83/83/83 210/210/210
f 209/209/209 246/246/246 247/247/247
f 211/211/211 246/246/246 209/209/209
f 246/246/246 248/248/248 247/247/247
f 249/249/249 248/248/248 246/246/246
f 249/249/249 128/128/128 130/130/130
f 246/246/246 128/128/128 249/249/249
f 168/168/168 23/23/23 29/29/29
f 161/161/161 23/23/23 168/168/168
f 167/167/167 29/29/29 30/30/30
f 168/168/168 29/29/29 167/167/167
f 250/250/250 161/161/161 245/245/245
f 161/161/161 137/137/137 23/23/23
f 250/250/250 137/137/137 161/161/161
f 14/14/14 10/10/10 4/4/4
f 119/119/119 4/4/4 3/3/3
f 14/14/14 4/4/4 119/119/119
f 119/119/119 3/3/3 15/15/15
f 153/153/153 142/142/142 151/151/151
f 153/153/153 144/144/144 142/142/142
f 243/243/243 144/144/144 153/153/153
f 243/243/243 157/157/157 144/144/144
f 253/253/253 252/252/252 251/251/251
f 254/254/254 252/252/252 253/253/253
f 252/252/252 255/255/255 251/251/251
f 252/252/252 256/256/256 255/255/255
f 257/257/257 256/256/256 252/252/252
f 256/256/256 259/259/259 258/258/258
f 257/257/257 259/259/259 256/256/256
f 255/255/255 260/260/260 251/251/251
f 256/256/256 260/260/260 255/255/255
f 258/258/258 260/260/260 256/256/256
f 261/261/261 260/260/260 258/258/258
f 260/260/260 263/263/263 262/262/262
f 264/264/264 263/263/263 260/260/260
f 267/267/267 266/266/266 265/265/265
f 268/268/268 266/266/266 267/267/267
f 271/271/271 270/270/270 269/269/269
f 271/271/271 273/273/273 272/272/272
f 269/269/269 273/273/273 271/271/271
f 253/253/253 267/267/267 254/254/254
f 268/268/268 267/267/267 253/253/253
f 271/271/271 274/274/274 270/270/270
f 275/275/275 274/274/274 271/271/271
f 275/275/275 276/276/276 274/274/274
f 277/277/277 276/276/276 275/275/275
f 277/277/277 259/259/259 276/276/276
f 278/278/278 259/259/259 277/277/277
f 277/277/277 279/279/279 278/278/278
f 280/280/280 279/279/279 277/277/277
f 280/280/280 275/275/275 272/272/272
f 277/277/277 275/275/275 280/280/280
f 279/279/279 281/281/281 278/278/278
f 284/284/284 283/283/283 282/282/282
f 285/285/285 283/283/283 284/284/284
f 287/287/287 284/284/284 286/286/286
f 285/285/285 284/284/284 287/287/287
f 286/286/286 288/288/288 287/287/287
f 289/289/289 285/285/285 287/287/287
f 290/290/290 285/285/285 289/289/289
f 290/290/290 283/283/283 285/285/285
f 291/291/291 283/283/283 290/290/290
f 288/288/288 289/289/289 287/287/287
f 292/292/292 289/289/289 288/288/288
f 292/292/292 293/293/293 289/289/289
f 294/294/294 293/293/293 292/292/292
f 293/293/293 290/290/290 289/289/289
f 295/295/295 290/290/290 293/293/293
f 296/296/296 290/290/290 295/295/295
f 291/291/291 290/290/290 296/296/296
f 298/298/298 283/283/283 297/297/297
f 282/282/282 283/283/283 298/298/298
f 297/297/297 299/299/299 298/298/298
f 300/300/300 299/299/299 297/297/297
f 301/301/301 300/300/300 297/297/297
f 291/291/291 297/297/297 283/283/283
f 299/299/299 302/302/302 282/282/282
f 303/303/303 302/302/302 299/299/299
f 291/291/291 301/301/301 297/297/297
f 304/304/304 301/301/301 291/291/291
f 305/305/305 301/301/301 304/304/304
f 300/300/300 301/301/301 305/305/305
f 300/300/300 307/307/307 306/306/306
f 305/305/305 307/307/307 300/300/300
f 308/308/308 300/300/300 306/306/306
f 299/299/299 300/300/300 308/308/308
f 311/311/311 310/310/310 309/309/309
f 312/312/312 310/310/310 311/311/311
f 313/313/313 310/310/310 312/312/312
f 315/315/315 311/311/311 314/314/314
f 312/312/312 311/311/311 315/315/315
f 315/315/315 316/316/316 312/312/312
f 317/317/317 316/316/316 315/315/315
f 305/305/305 318/318/318 307/307/307
f 319/319/319 318/318/318 305/305/305
f 320/320/320 318/318/318 319/319/319
f 305/305/305 321/321/321 319/319/319
f 304/304/304 321/321/321 305/305/305
f 304/304/304 296/296/296 321/321/321
f 291/291/291 296/296/296 304/304/304
f 324/324/324 323/323/323 322/322/322
f 325/325/325 323/323/323 324/324/324
f 322/322/322 326/326/326 324/324/324
f 327/327/327 326/326/326 322/322/322
f 328/328/328 326/326/326 327/327/327
f 329/329/329 326/326/326 328/328/328
f 325/325/325 331/331/331 330/330/330
f 324/324/324 331/331/331 325/325/325
f 326/326/326 333/333/333 332/332/332
f 329/329/329 333/333/333 326/326/326
f 335/335/335 334/334/334 314/314/314
f 336/336/336 334/334/334 335/335/335
f 311/311/311 337/337/337 335/335/335
f 309/309/309 337/337/337 311/311/311
f 309/309/309 339/339/339 338/338/338
f 310/310/310 339/339/339 309/309/309
f 313/313/313 339/339/339 310/310/310
f 340/340/340 339/339/339 313/313/313
f 313/313/313 312/312/312 316/316/316
f 316/316/316 342/342/342 341/341/341
f 317/317/317 342/342/342 316/316/316
f 329/329/329 343/343/343 333/333/333
f 344/344/344 343/343/343 329/329/329
f 345/345/345 329/329/329 328/328/328
f 346/346/346 329/329/329 345/345/345
f 347/347/347 294/294/294 292/292/292
f 348/348/348 294/294/294 347/347/347
f 344/344/344 346/346/346 349/349/349
f 329/329/329 346/346/346 344/344/344
f 351/351/351 347/347/347 350/350/350
f 348/348/348 347/347/347 351/351/351
f 353/353/353 347/347/347 352/352/352
f 350/350/350 347/347/347 353/353/353
f 355/355/355 353/353/353 354/354/354
f 350/350/350 353/353/353 355/355/355
f 357/357/357 349/349/349 356/356/356
f 344/344/344 349/349/349 357/357/357
f 357/357/357 343/343/343 344/344/344
f 358/358/358 343/343/343 357/357/357
f 347/347/347 292/292/292 359/359/359
f 361/361/361 360/360/360 288/288/288
f 362/362/362 360/360/360 361/361/361
f 361/361/361 363/363/363 362/362/362
f 292/292/292 288/288/288 360/360/360
f 365/365/365 364/364/364 352/352/352
f 352/352/352 347/347/347 365/365/365
f 353/353/353 366/366/366 354/354/354
f 275/275/275 271/271/271 272/272/272
f 314/314/314 311/311/311 335/335/335
f 367/367/367 335/335/335 337/337/337
f 336/336/336 335/335/335 367/367/367
f 262/262/262 369/369/369 368/368/368
f 263/263/263 369/369/369 262/262/262
f 261/261/261 264/264/264 260/260/260
f 370/370/370 264/264/264 261/261/261
f 369/369/369 268/268/268 368/368/368
f 371/371/371 268/268/268 369/369/369
f 361/361/361 372/372/372 363/363/363
f 373/373/373 372/372/372 361/361/361
f 374/374/374 373/373/373 361/361/361
f 375/375/375 373/373/373 374/374/374
f 302/302/302 374/374/374 282/282/282
f 375/375/375 374/374/374 302/302/302
f 308/308/308 303/303/303 299/299/299
f 376/376/376 303/303/303 308/308/308
f 379/379/379 378/378/378 377/377/377
f 380/380/380 378/378/378 379/379/379
f 381/381/381 318/318/318 320/320/320
f 382/382/382 318/318/318 381/381/381
f 338/338/338 337/337/337 309/309/309
f 383/383/383 337/337/337 338/338/338
f 341/341/341 313/313/313 316/316/316
f 340/340/340 313/313/313 341/341/341
f 367/367/367 384/384/384 336/336/336
f 385/385/385 384/384/384 367/367/367
f 336/336/336 386/386/386 334/334/334
f 384/384/384 386/386/386 336/336/336
f 298/298/298 299/299/299 282/282/282
f 387/387/387 265/265/265 266/266/266
f 272/272/272 265/265/265 387/387/387
f 374/374/374 284/284/284 282/282/282
f 286/286/286 284/284/284 374/374/374
f 288/288/288 374/374/374 361/361/361
f 286/286/286 374/374/374 288/288/288
f 268/268/268 388/388/388 266/266/266
f 371/371/371 388/388/388 268/268/268
f 388/388/388 387/387/387 266/266/266
f 389/389/389 387/387/387 388/388/388
f 337/337/337 385/385/385 367/367/367
f 383/383/383 385/385/385 337/337/337
f 380/380/380 330/330/330 378/378/378
f 325/325/325 330/330/330 380/380/380
f 324/324/324 332/332/332 331/331/331
f 326/326/326 332/332/332 324/324/324
f 323/323/323 380/380/380 390/390/390
f 325/325/325 380/380/380 323/323/323
f 380/380/380 391/391/391 390/390/390
f 379/379/379 391/391/391 380/380/380
f 394/394/394 393/393/393 392/392/392
f 395/395/395 393/393/393 394/394/394
f 395/395/395 396/396/396 393/393/393
f 393/393/393 398/398/398 397/397/397
f 396/396/396 398/398/398 393/393/393
f 398/398/398 399/399/399 397/397/397
f 400/400/400 399/399/399 398/398/398
f 396/396/396 401/401/401 398/398/398
f 395/395/395 401/401/401 396/396/396
f 400/400/400 401/401/401 402/402/402
f 398/398/398 401/401/401 400/400/400
f 401/401/401 263/263/263 264/264/264
f 403/403/403 263/263/263 401/401/401
f 406/406/406 405/405/405 404/404/404
f 407/407/407 405/405/405 406/406/406
f 410/410/410 409/409/409 408/408/408
f 408/408/408 407/407/407 410/410/410
f 411/411/411 407/407/407 408/408/408
f 394/394/394 406/406/406 404/404/404
f 392/392/392 406/406/406 394/394/394
f 408/408/408 413/413/413 412/412/412
f 409/409/409 413/413/413 408/408/408
f 412/412/412 415/415/415 414/414/414
f 413/413/413 415/415/415 412/412/412
f 414/414/414 399/399/399 416/416/416
f 415/415/415 399/399/399 414/414/414
f 414/414/414 418/418/418 417/417/417
f 416/416/416 418/418/418 414/414/414
f 417/417/417 412/412/412 414/414/414
f 411/411/411 412/412/412 417/417/417
f 416/416/416 419/419/419 418/418/418
f 422/422/422 421/421/421 420/420/420
f 423/423/423 421/421/421 422/422/422
f 424/424/424 422/422/422 420/420/420
f 425/425/425 422/422/422 424/424/424
f 424/424/424 426/426/426 425/425/425
f 428/428/428 420/420/420 427/427/427
f 424/424/424 420/420/420 428/428/428
f 427/427/427 421/421/421 429/429/429
f 420/420/420 421/421/421 427/427/427
f 426/426/426 428/428/428 430/430/430
f 424/424/424 428/428/428 426/426/426
f 430/430/430 432/432/432 431/431/431
f 428/428/428 432/432/432 430/430/430
f 432/432/432 427/427/427 433/433/433
f 428/428/428 427/427/427 432/432/432
f 434/434/434 427/427/427 429/429/429
f 433/433/433 427/427/427 434/434/434
f 435/435/435 421/421/421 423/423/423
f 436/436/436 421/421/421 435/435/435
f 436/436/436 438/438/438 437/437/437
f 435/435/435 438/438/438 436/436/436
f 436/436/436 437/437/437 439/439/439
f 421/421/421 436/436/436 429/429/429
f 438/438/438 302/302/302 303/303/303
f 423/423/423 302/302/302 438/438/438
f 429/429/429 439/439/439 440/440/440
f 436/436/436 439/439/439 429/429/429
f 441/441/441 439/439/439 437/437/437
f 440/440/440 439/439/439 441/441/441
f 437/437/437 442/442/442 441/441/441
f 443/443/443 442/442/442 437/437/437
f 444/444/444 437/437/437 438/438/438
f 443/443/443 437/437/437 444/444/444
f 447/447/447 446/446/446 445/445/445
f 449/449/449 446/446/446 448/448/448
f 445/445/445 446/446/446 449/449/449
f 450/450/450 445/445/445 449/449/449
f 451/451/451 445/445/445 450/450/450
f 450/450/450 453/453/453 452/452/452
f 449/449/449 453/453/453 450/450/450
f 456/456/456 455/455/455 454/454/454
f 441/441/441 455/455/455 456/456/456
f 442/442/442 455/455/455 441/441/441
f 441/441/441 457/457/457 440/440/440
f 456/456/456 457/457/457 441/441/441
f 440/440/440 434/434/434 429/429/429
f 457/457/457 434/434/434 440/440/440
f 460/460/460 459/459/459 458/458/458
f 461/461/461 459/459/459 460/460/460
f 461/461/461 463/463/463 462/462/462
f 460/460/460 463/463/463 461/461/461
f 465/465/465 463/463/463 464/464/464
f 462/462/462 463/463/463 465/465/465
f 458/458/458 331/331/331 460/460/460
f 330/330/330 331/331/331 458/458/458
f 463/463/463 333/333/333 464/464/464
f 332/332/332 333/333/333 463/463/463
f 468/468/468 467/467/467 466/466/466
f 451/451/451 467/467/467 468/468/468
f 445/445/445 469/469/469 447/447/447
f 468/468/468 469/469/469 445/445/445
f 447/447/447 339/339/339 446/446/446
f 338/338/338 339/339/339 447/447/447
f 448/448/448 339/339/339 340/340/340
f 446/446/446 339/339/339 448/448/448
f 453/453/453 449/449/449 448/448/448
f 453/453/453 342/342/342 452/452/452
f 341/341/341 342/342/342 453/453/453
f 464/464/464 343/343/343 470/470/470
f 333/333/333 343/343/343 464/464/464
f 472/472/472 464/464/464 471/471/471
f 465/465/465 464/464/464 472/472/472
f 474/474/474 431/431/431 473/473/473
f 430/430/430 431/431/431 474/474/474
f 470/470/470 471/471/471 464/464/464
f 475/475/475 471/471/471 470/470/470
f 476/476/476 474/474/474 473/473/473
f 477/477/477 474/474/474 476/476/476
f 478/478/478 474/474/474 477/477/477
f 479/479/479 474/474/474 478/478/478
f 480/480/480 478/478/478 477/477/477
f 481/481/481 478/478/478 480/480/480
f 482/482/482 475/475/475 470/470/470
f 483/483/483 475/475/475 482/482/482
f 482/482/482 343/343/343 358/358/358
f 470/470/470 343/343/343 482/482/482
f 484/484/484 430/430/430 474/474/474
f 487/487/487 486/486/486 485/485/485
f 426/426/426 486/486/486 487/487/487
f 485/485/485 488/488/488 487/487/487
f 486/486/486 426/426/426 430/430/430
f 479/479/479 490/490/490 489/489/489
f 489/489/489 474/474/474 479/479/479
f 481/481/481 491/491/491 478/478/478
f 411/411/411 408/408/408 412/412/412
f 468/468/468 445/445/445 451/451/451
f 492/492/492 468/468/468 466/466/466
f 469/469/469 468/468/468 492/492/492
f 403/403/403 369/369/369 263/263/263
f 493/493/493 369/369/369 403/403/403
f 402/402/402 264/264/264 370/370/370
f 401/401/401 264/264/264 402/402/402
f 369/369/369 404/404/404 371/371/371
f 493/493/493 404/404/404 369/369/369
f 487/487/487 372/372/372 373/373/373
f 488/488/488 372/372/372 487/487/487
f 494/494/494 373/373/373 375/375/375
f 487/487/487 373/373/373 494/494/494
f 302/302/302 494/494/494 375/375/375
f 423/423/423 494/494/494 302/302/302
f 444/444/444 303/303/303 376/376/376
f 438/438/438 303/303/303 444/444/444
f 381/381/381 455/455/455 382/382/382
f 454/454/454 455/455/455 381/381/381
f 338/338/338 469/469/469 383/383/383
f 447/447/447 469/469/469 338/338/338
f 341/341/341 448/448/448 340/340/340
f 453/453/453 448/448/448 341/341/341
f 492/492/492 384/384/384 385/385/385
f 466/466/466 384/384/384 492/492/492
f 466/466/466 386/386/386 384/384/384
f 467/467/467 386/386/386 466/466/466
f 423/423/423 438/438/438 435/435/435
f 495/495/495 407/407/407 411/411/411
f 405/405/405 407/407/407 495/495/495
f 494/494/494 422/422/422 425/425/425
f 423/423/423 422/422/422 494/494/494
f 426/426/426 494/494/494 425/425/425
f 487/487/487 494/494/494 426/426/426
f 404/404/404 388/388/388 371/371/371
f 405/405/405 388/388/388 404/404/404
f 388/388/388 495/495/495 389/389/389
f 405/405/405 495/495/495 388/388/388
f 469/469/469 385/385/385 383/383/383
f 492/492/492 385/385/385 469/469/469
f 496/496/496 330/330/330 458/458/458
f 378/378/378 330/330/330 496/496/496
f 460/460/460 332/332/332 463/463/463
f 331/331/331 332/332/332 460/460/460
f 459/459/459 496/496/496 458/458/458
f 497/497/497 496/496/496 459/459/459
f 496/496/496 499/499/499 498/498/498
f 497/497/497 499/499/499 496/496/496
f 498/498/498 378/378/378 496/496/496
f 377/377/377 378/378/378 498/498/498
f 417/417/417 272/272/272 411/411/411
f 280/280/280 272/272/272 417/417/417
f 418/418/418 280/280/280 417/417/417
f 279/279/279 280/280/280 418/418/418
f 411/411/411 387/387/387 500/500/500
f 272/272/272 387/387/387 411/411/411
f 411/411/411 500/500/500 495/495/495
f 262/262/262 251/251/251 260/260/260
f 262/262/262 253/253/253 251/251/251
f 368/368/368 253/253/253 262/262/262
f 368/368/368 268/268/268 253/253/253
f 403/403/403 401/401/401 395/395/395
f 493/493/493 395/395/395 394/394/394
f 403/403/403 395/395/395 493/493/493
f 493/493/493 394/394/394 404/404/404
f 503/503/503 502/502/502 501/501/501
f 504/504/504 502/502/502 503/503/503
f 507/507/507 506/506/506 505/505/505
f 508/508/508 506/506/506 507/507/507
f 502/502/502 505/505/505 506/506/506
f 504/504/504 505/505/505 502/502/502
f 510/510/510 503/503/503 509/509/509
f 504/504/504 503/503/503 510/510/510
f 510/510/510 505/505/505 504/504/504
f 511/511/511 505/505/505 510/510/510
f 514/514/514 513/513/513 512/512/512
f 515/515/515 513/513/513 514/514/514
f 518/518/518 517/517/517 516/516/516
f 519/519/519 517/517/517 518/518/518
f 521/521/521 519/519/519 520/520/520
f 517/517/517 519/519/519 521/521/521
f 524/524/524 523/523/523 522/522/522
f 525/525/525 523/523/523 524/524/524
f 528/528/528 527/527/527 526/526/526
f 529/529/529 527/527/527 528/528/528
f 532/532/532 531/531/531 530/530/530
f 533/533/533 531/531/531 532/532/532
f 536/536/536 535/535/535 534/534/534
f 537/537/537 535/535/535 536/536/536
f 540/540/540 539/539/539 538/538/538
f 537/537/537 539/539/539 540/540/540
f 541/541/541 539/539/539 537/537/537
f 536/536/536 541/541/541 537/537/537
f 543/543/543 511/511/511 542/542/542
f 544/544/544 511/511/511 543/543/543
f 505/505/505 511/511/511 545/545/545
f 543/543/543 547/547/547 546/546/546
f 542/542/542 547/547/547 543/543/543
f 550/550/550 549/549/549 548/548/548
f 553/553/553 552/552/552 551/551/551
f 555/555/555 547/547/547 554/554/554
f 556/556/556 547/547/547 555/555/555
f 554/554/554 557/557/557 555/555/555
f 558/558/558 557/557/557 554/554/554
f 561/561/561 560/560/560 559/559/559
f 562/562/562 560/560/560 561/561/561
f 563/563/563 561/561/561 559/559/559
f 564/564/564 561/561/561 563/563/563
f 566/566/566 565/565/565 564/564/564
f 557/557/557 558/558/558 567/567/567
f 570/570/570 569/569/569 568/568/568
f 560/560/560 569/569/569 570/570/570
f 547/547/547 556/556/556 546/546/546
f 573/573/573 572/572/572 571/571/571
f 574/574/574 572/572/572 573/573/573
f 575/575/575 573/573/573 571/571/571
f 576/576/576 573/573/573 575/575/575
f 577/577/577 549/549/549 550/550/550
f 578/578/578 549/549/549 577/577/577
f 580/580/580 552/552/552 579/579/579
f 581/581/581 501/501/501 502/502/502
f 582/582/582 501/501/501 581/581/581
f 583/583/583 581/581/581 502/502/502
f 506/506/506 583/583/583 502/502/502
f 584/584/584 583/583/583 506/506/506
f 584/584/584 506/506/506 508/508/508
f 585/585/585 584/584/584 508/508/508
f 587/587/587 586/586/586 508/508/508
f 589/589/589 562/562/562 588/588/588
f 589/589/589 590/590/590 562/562/562
f 590/590/590 569/569/569 562/562/562
f 531/531/531 522/522/522 530/530/530
f 524/524/524 522/522/522 531/531/531
f 523/523/523 528/528/528 526/526/526
f 525/525/525 528/528/528 523/523/523
f 591/591/591 564/564/564 565/565/565
f 561/561/561 564/564/564 591/591/591
f 592/592/592 561/561/561 591/591/591
f 593/593/593 561/561/561 592/592/592
f 594/594/594 519/519/519 518/518/518
f 595/595/595 519/519/519 594/594/594
f 519/519/519 596/596/596 520/520/520
f 595/595/595 596/596/596 519/519/519
f 527/527/527 512/512/512 597/597/597
f 597/597/597 526/526/526 527/527/527
f 598/598/598 526/526/526 597/597/597
f 598/598/598 523/523/523 526/526/526
f 522/522/522 598/598/598 599/599/599
f 523/523/523 598/598/598 522/522/522
f 530/530/530 599/599/599 600/600/600
f 522/522/522 599/599/599 530/530/530
f 600/600/600 532/532/532 530/530/530
f 601/601/601 532/532/532 600/600/600
f 603/603/603 602/602/602 570/570/570
f 604/604/604 602/602/602 603/603/603
f 602/602/602 606/606/606 605/605/605
f 607/607/607 606/606/606 602/602/602
f 606/606/606 608/608/608 605/605/605
f 609/609/609 608/608/608 606/606/606
f 572/572/572 574/574/574 610/610/610
f 573/573/573 544/544/544 543/543/543
f 507/507/507 505/505/505 611/611/611
f 612/612/612 507/507/507 611/611/611
f 545/545/545 511/511/511 544/544/544
f 611/611/611 505/505/505 545/545/545
f 545/545/545 573/573/573 611/611/611
f 544/544/544 573/573/573 545/545/545
f 527/527/527 514/514/514 512/512/512
f 529/529/529 514/514/514 527/527/527
f 613/613/613 512/512/512 513/513/513
f 597/597/597 512/512/512 613/613/613
f 574/574/574 543/543/543 546/546/546
f 573/573/573 543/543/543 574/574/574
f 546/546/546 608/608/608 574/574/574
f 556/556/556 608/608/608 546/546/546
f 605/605/605 556/556/556 555/555/555
f 608/608/608 556/556/556 605/605/605
f 555/555/555 602/602/602 605/605/605
f 557/557/557 602/602/602 555/555/555
f 570/570/570 557/557/557 567/567/567
f 602/602/602 557/557/557 570/570/570
f 573/573/573 612/612/612 611/611/611
f 567/567/567 560/560/560 570/570/570
f 559/559/559 567/567/567 614/614/614
f 560/560/560 567/567/567 559/559/559
f 614/614/614 563/563/563 559/559/559
f 615/615/615 563/563/563 614/614/614
f 564/564/564 563/563/563 616/616/616
f 575/575/575 549/549/549 576/576/576
f 548/548/548 549/549/549 575/575/575
f 618/618/618 608/608/608 617/617/617
f 610/610/610 608/608/608 618/618/618
f 574/574/574 608/608/608 610/610/610
f 608/608/608 609/609/609 617/617/617
f 552/552/552 577/577/577 619/619/619
f 578/578/578 577/577/577 552/552/552
f 620/620/620 552/552/552 553/553/553
f 551/551/551 552/552/552 619/619/619
f 621/621/621 552/552/552 580/580/580
f 579/579/579 552/552/552 620/620/620
f 562/562/562 569/569/569 560/560/560
f 622/622/622 603/603/603 570/570/570
f 568/568/568 622/622/622 570/570/570
f 607/607/607 602/602/602 604/604/604
f 561/561/561 593/593/593 623/623/623
f 616/616/616 566/566/566 564/564/564
f 624/624/624 566/566/566 616/616/616
f 588/588/588 561/561/561 623/623/623
f 562/562/562 561/561/561 588/588/588
f 625/625/625 569/569/569 590/590/590
f 585/585/585 508/508/508 626/626/626
f 550/550/550 628/628/628 627/627/627
f 548/548/548 628/628/628 550/550/550
f 553/553/553 630/630/630 629/629/629
f 551/551/551 630/630/630 553/553/553
f 575/575/575 571/571/571 631/631/631
f 576/576/576 612/612/612 573/573/573
f 577/577/577 627/627/627 632/632/632
f 550/550/550 627/627/627 577/577/577
f 549/549/549 508/508/508 507/507/507
f 578/578/578 508/508/508 549/549/549
f 621/621/621 633/633/633 552/552/552
f 634/634/634 633/633/633 621/621/621
f 621/621/621 635/635/635 634/634/634
f 580/580/580 637/637/637 636/636/636
f 579/579/579 637/637/637 580/580/580
f 576/576/576 507/507/507 612/612/612
f 549/549/549 507/507/507 576/576/576
f 548/548/548 631/631/631 628/628/628
f 575/575/575 631/631/631 548/548/548
f 619/619/619 632/632/632 638/638/638
f 577/577/577 632/632/632 619/619/619
f 552/552/552 633/633/633 578/578/578
f 620/620/620 629/629/629 639/639/639
f 553/553/553 629/629/629 620/620/620
f 551/551/551 638/638/638 630/630/630
f 619/619/619 638/638/638 551/551/551
f 621/621/621 636/636/636 635/635/635
f 580/580/580 636/636/636 621/621/621
f 579/579/579 639/639/639 637/637/637
f 620/620/620 639/639/639 579/579/579
f 587/587/587 640/640/640 586/586/586
f 634/634/634 635/635/635 641/641/641
f 587/587/587 642/642/642 640/640/640
f 587/587/587 633/633/633 642/642/642
f 633/633/633 640/640/640 642/642/642
f 634/634/634 640/640/640 633/633/633
f 641/641/641 640/640/640 634/634/634
f 640/640/640 626/626/626 586/586/586
f 641/641/641 626/626/626 640/640/640
f 586/586/586 626/626/626 508/508/508
f 578/578/578 587/587/587 508/508/508
f 633/633/633 587/587/587 578/578/578
f 645/645/645 644/644/644 643/643/643
f 643/643/643 646/646/646 645/645/645
f 647/647/647 646/646/646 643/643/643
f 646/646/646 648/648/648 645/645/645
f 649/649/649 648/648/648 646/646/646
f 649/649/649 651/651/651 650/650/650
f 652/652/652 651/651/651 649/649/649
f 648/648/648 649/649/649 650/650/650
f 647/647/647 653/653/653 646/646/646
f 656/656/656 655/655/655 654/654/654
f 657/657/657 655/655/655 656/656/656
f 655/655/655 659/659/659 658/658/658
f 657/657/657 659/659/659 655/655/655
f 657/657/657 656/656/656 660/660/660
f 661/661/661 657/657/657 660/660/660
f 659/659/659 657/657/657 661/661/661
f 661/661/661 662/662/662 659/659/659
f 663/663/663 661/661/661 660/660/660
f 666/666/666 665/665/665 664/664/664
f 667/667/667 665/665/665 666/666/666
f 665/665/665 667/667/667 668/668/668
f 669/669/669 667/667/667 666/666/666
f 670/670/670 667/667/667 669/669/669
f 673/673/673 672/672/672 671/671/671
f 674/674/674 672/672/672 673/673/673
f 677/677/677 676/676/676 675/675/675
f 678/678/678 676/676/676 677/677/677
f 678/678/678 677/677/677 679/679/679
f 673/673/673 671/671/671 680/680/680
f 680/680/680 678/678/678 679/679/679
f 671/671/671 678/678/678 680/680/680
f 675/675/675 681/681/681 677/677/677
f 682/682/682 681/681/681 675/675/675
f 673/673/673 683/683/683 674/674/674
f 684/684/684 683/683/683 673/673/673
f 681/681/681 680/680/680 679/679/679
f 684/684/684 680/680/680 681/681/681
f 679/679/679 677/677/677 681/681/681
f 654/654/654 660/660/660 656/656/656
f 685/685/685 660/660/660 654/654/654
f 686/686/686 660/660/660 685/685/685
f 663/663/663 660/660/660 686/686/686
f 687/687/687 648/648/648 650/650/650
f 687/687/687 645/645/645 648/648/648
f 688/688/688 645/645/645 687/687/687
f 684/684/684 673/673/673 680/680/680
f 664/664/664 661/661/661 663/663/663
f 665/665/665 661/661/661 664/664/664
f 689/689/689 666/666/666 664/664/664
f 669/669/669 666/666/666 689/689/689
f 692/692/692 691/691/691 690/690/690
f 693/693/693 691/691/691 692/692/692
f 694/694/694 692/692/692 690/690/690
f 695/695/695 692/692/692 694/694/694
f 696/696/696 693/693/693 692/692/692
f 692/692/692 697/697/697 696/696/696
f 695/695/695 697/697/697 692/692/692
f 695/695/695 698/698/698 697/697/697
f 696/696/696 697/697/697 699/699/699
f 702/702/702 701/701/701 700/700/700
f 703/703/703 701/701/701 702/702/702
f 703/703/703 702/702/702 704/704/704
f 706/706/706 705/705/705 701/701/701
f 707/707/707 705/705/705 706/706/706
f 710/710/710 709/709/709 708/708/708
f 711/711/711 709/709/709 710/710/710
f 714/714/714 713/713/713 712/712/712
f 715/715/715 713/713/713 714/714/714
f 716/716/716 713/713/713 715/715/715
f 717/717/717 708/708/708 709/709/709
f 715/715/715 717/717/717 716/716/716
f 708/708/708 717/717/717 715/715/715
f 696/696/696 691/691/691 693/693/693
f 718/718/718 691/691/691 696/696/696
f 718/718/718 699/699/699 719/719/719
f 696/696/696 699/699/699 718/718/718
f 697/697/697 700/700/700 699/699/699
f 702/702/702 700/700/700 697/697/697
f 701/701/701 720/720/720 700/700/700
f 705/705/705 720/720/720 701/701/701
f 707/707/707 721/721/721 705/705/705
f 722/722/722 721/721/721 707/707/707
f 723/723/723 569/569/569 625/625/625
f 724/724/724 569/569/569 723/723/723
f 727/727/727 726/726/726 725/725/725
f 728/728/728 726/726/726 727/727/727
f 731/731/731 730/730/730 729/729/729
f 732/732/732 730/730/730 731/731/731
f 726/726/726 732/732/732 725/725/725
f 730/730/730 732/732/732 726/726/726
f 733/733/733 727/727/727 725/725/725
f 734/734/734 727/727/727 733/733/733
f 733/733/733 732/732/732 735/735/735
f 725/725/725 732/732/732 733/733/733
f 738/738/738 737/737/737 736/736/736
f 739/739/739 737/737/737 738/738/738
f 742/742/742 741/741/741 740/740/740
f 743/743/743 741/741/741 742/742/742
f 744/744/744 740/740/740 741/741/741
f 745/745/745 740/740/740 744/744/744
f 748/748/748 747/747/747 746/746/746
f 749/749/749 747/747/747 748/748/748
f 752/752/752 751/751/751 750/750/750
f 753/753/753 751/751/751 752/752/752
f 756/756/756 755/755/755 754/754/754
f 757/757/757 755/755/755 756/756/756
f 760/760/760 759/759/759 758/758/758
f 761/761/761 759/759/759 760/760/760
f 764/764/764 763/763/763 762/762/762
f 758/758/758 763/763/763 765/765/765
f 762/762/762 763/763/763 758/758/758
f 758/758/758 765/765/765 760/760/760
f 767/767/767 735/735/735 766/766/766
f 768/768/768 735/735/735 767/767/767
f 769/769/769 735/735/735 732/732/732
f 767/767/767 770/770/770 768/768/768
f 771/771/771 770/770/770 767/767/767
f 774/774/774 773/773/773 772/772/772
f 777/777/777 776/776/776 775/775/775
f 779/779/779 770/770/770 778/778/778
f 780/780/780 770/770/770 779/779/779
f 780/780/780 782/782/782 781/781/781
f 779/779/779 782/782/782 780/780/780
f 785/785/785 784/784/784 783/783/783
f 786/786/786 784/784/784 785/785/785
f 788/788/788 785/785/785 787/787/787
f 786/786/786 785/785/785 788/788/788
f 787/787/787 790/790/790 789/789/789
f 791/791/791 781/781/781 782/782/782
f 793/793/793 792/792/792 784/784/784
f 794/794/794 792/792/792 793/793/793
f 771/771/771 778/778/778 770/770/770
f 797/797/797 796/796/796 795/795/795
f 798/798/798 796/796/796 797/797/797
f 800/800/800 797/797/797 799/799/799
f 798/798/798 797/797/797 800/800/800
f 802/802/802 773/773/773 801/801/801
f 772/772/772 773/773/773 802/802/802
f 804/804/804 776/776/776 803/803/803
f 806/806/806 728/728/728 805/805/805
f 726/726/726 728/728/728 806/806/806
f 726/726/726 806/806/806 807/807/807
f 730/730/730 807/807/807 808/808/808
f 726/726/726 807/807/807 730/730/730
f 729/729/729 730/730/730 808/808/808
f 729/729/729 808/808/808 809/809/809
f 729/729/729 811/811/811 810/810/810
f 813/813/813 783/783/783 812/812/812
f 783/783/783 814/814/814 812/812/812
f 783/783/783 792/792/792 814/814/814
f 755/755/755 749/749/749 748/748/748
f 757/757/757 749/749/749 755/755/755
f 747/747/747 752/752/752 746/746/746
f 753/753/753 752/752/752 747/747/747
f 815/815/815 787/787/787 785/785/785
f 790/790/790 787/787/787 815/815/815
f 815/815/815 785/785/785 816/816/816
f 816/816/816 785/785/785 817/817/817
f 819/819/819 740/740/740 818/818/818
f 742/742/742 740/740/740 819/819/819
f 740/740/740 820/820/820 818/818/818
f 745/745/745 820/820/820 740/740/740
f 821/821/821 739/739/739 751/751/751
f 821/821/821 753/753/753 822/822/822
f 751/751/751 753/753/753 821/821/821
f 753/753/753 747/747/747 822/822/822
f 749/749/749 822/822/822 747/747/747
f 823/823/823 822/822/822 749/749/749
f 757/757/757 823/823/823 749/749/749
f 824/824/824 823/823/823 757/757/757
f 824/824/824 756/756/756 825/825/825
f 757/757/757 756/756/756 824/824/824
f 828/828/828 827/827/827 826/826/826
f 793/793/793 827/827/827 828/828/828
f 827/827/827 830/830/830 829/829/829
f 831/831/831 830/830/830 827/827/827
f 830/830/830 833/833/833 832/832/832
f 831/831/831 833/833/833 830/830/830
f 834/834/834 795/795/795 796/796/796
f 767/767/767 766/766/766 797/797/797
f 835/835/835 732/732/732 731/731/731
f 835/835/835 731/731/731 836/836/836
f 766/766/766 735/735/735 769/769/769
f 769/769/769 732/732/732 835/835/835
f 769/769/769 797/797/797 766/766/766
f 835/835/835 797/797/797 769/769/769
f 751/751/751 738/738/738 750/750/750
f 739/739/739 738/738/738 751/751/751
f 837/837/837 739/739/739 821/821/821
f 737/737/737 739/739/739 837/837/837
f 795/795/795 767/767/767 797/797/797
f 771/771/771 767/767/767 795/795/795
f 771/771/771 833/833/833 778/778/778
f 795/795/795 833/833/833 771/771/771
f 831/831/831 778/778/778 833/833/833
f 779/779/779 778/778/778 831/831/831
f 779/779/779 827/827/827 782/782/782
f 831/831/831 827/827/827 779/779/779
f 793/793/793 782/782/782 827/827/827
f 791/791/791 782/782/782 793/793/793
f 835/835/835 836/836/836 797/797/797
f 793/793/793 784/784/784 791/791/791
f 786/786/786 791/791/791 784/784/784
f 838/838/838 791/791/791 786/786/786
f 838/838/838 788/788/788 839/839/839
f 786/786/786 788/788/788 838/838/838
f 840/840/840 788/788/788 787/787/787
f 800/800/800 773/773/773 774/774/774
f 799/799/799 773/773/773 800/800/800
f 842/842/842 833/833/833 841/841/841
f 834/834/834 833/833/833 795/795/795
f 841/841/841 833/833/833 834/834/834
f 842/842/842 832/832/832 833/833/833
f 776/776/776 802/802/802 801/801/801
f 843/843/843 802/802/802 776/776/776
f 775/775/775 776/776/776 844/844/844
f 843/843/843 776/776/776 777/777/777
f 803/803/803 776/776/776 845/845/845
f 844/844/844 776/776/776 804/804/804
f 784/784/784 792/792/792 783/783/783
f 793/793/793 828/828/828 846/846/846
f 793/793/793 846/846/846 794/794/794
f 826/826/826 827/827/827 829/829/829
f 847/847/847 817/817/817 785/785/785
f 840/840/840 789/789/789 848/848/848
f 787/787/787 789/789/789 840/840/840
f 813/813/813 785/785/785 783/783/783
f 847/847/847 785/785/785 813/813/813
f 814/814/814 792/792/792 849/849/849
f 850/850/850 729/729/729 809/809/809
f 772/772/772 851/851/851 774/774/774
f 852/852/852 851/851/851 772/772/772
f 775/775/775 853/853/853 777/777/777
f 854/854/854 853/853/853 775/775/775
f 855/855/855 798/798/798 800/800/800
f 797/797/797 836/836/836 799/799/799
f 802/802/802 852/852/852 772/772/772
f 856/856/856 852/852/852 802/802/802
f 773/773/773 729/729/729 801/801/801
f 731/731/731 729/729/729 773/773/773
f 845/845/845 858/858/858 857/857/857
f 776/776/776 858/858/858 845/845/845
f 857/857/857 859/859/859 845/845/845
f 803/803/803 860/860/860 804/804/804
f 861/861/861 860/860/860 803/803/803
f 799/799/799 731/731/731 773/773/773
f 836/836/836 731/731/731 799/799/799
f 774/774/774 855/855/855 800/800/800
f 851/851/851 855/855/855 774/774/774
f 843/843/843 856/856/856 802/802/802
f 862/862/862 856/856/856 843/843/843
f 801/801/801 858/858/858 776/776/776
f 844/844/844 854/854/854 775/775/775
f 863/863/863 854/854/854 844/844/844
f 777/777/777 862/862/862 843/843/843
f 853/853/853 862/862/862 777/777/777
f 845/845/845 861/861/861 803/803/803
f 859/859/859 861/861/861 845/845/845
f 804/804/804 863/863/863 844/844/844
f 860/860/860 863/863/863 804/804/804
f 811/811/811 864/864/864 810/810/810
f 865/865/865 859/859/859 857/857/857
f 864/864/864 866/866/866 810/810/810
f 866/866/866 858/858/858 810/810/810
f 857/857/857 864/864/864 865/865/865
f 858/858/858 864/864/864 857/857/857
f 866/866/866 864/864/864 858/858/858
f 864/864/864 850/850/850 865/865/865
f 811/811/811 850/850/850 864/864/864
f 729/729/729 850/850/850 811/811/811
f 801/801/801 810/810/810 858/858/858
f 729/729/729 810/810/810 801/801/801
f 869/869/869 868/868/868 867/867/867
f 869/869/869 871/871/871 870/870/870
f 867/867/867 871/871/871 869/869/869
f 871/871/871 873/873/873 872/872/872
f 867/867/867 873/873/873 871/871/871
f 872/872/872 875/875/875 874/874/874
f 876/876/876 875/875/875 872/872/872
f 876/876/876 872/872/872 873/873/873
f 871/871/871 877/877/877 870/870/870
f 880/880/880 879/879/879 878/878/878
f 881/881/881 879/879/879 880/880/880
f 879/879/879 882/882/882 878/878/878
f 883/883/883 882/882/882 879/879/879
f 884/884/884 880/880/880 878/878/878
f 885/885/885 878/878/878 882/882/882
f 884/884/884 878/878/878 885/885/885
f 882/882/882 886/886/886 885/885/885
f 884/884/884 885/885/885 887/887/887
f 890/890/890 889/889/889 888/888/888
f 891/891/891 889/889/889 890/890/890
f 892/892/892 888/888/888 889/889/889
f 894/894/894 888/888/888 893/893/893
f 890/890/890 888/888/888 894/894/894
f 897/897/897 896/896/896 895/895/895
f 898/898/898 896/896/896 897/897/897
f 901/901/901 900/900/900 899/899/899
f 902/902/902 900/900/900 901/901/901
f 903/903/903 901/901/901 899/899/899
f 904/904/904 898/898/898 897/897/897
f 904/904/904 899/899/899 898/898/898
f 903/903/903 899/899/899 904/904/904
f 902/902/902 906/906/906 905/905/905
f 901/901/901 906/906/906 902/902/902
f 897/897/897 908/908/908 907/907/907
f 895/895/895 908/908/908 897/897/897
f 906/906/906 904/904/904 907/907/907
f 903/903/903 904/904/904 906/906/906
f 906/906/906 901/901/901 903/903/903
f 881/881/881 884/884/884 909/909/909
f 880/880/880 884/884/884 881/881/881
f 910/910/910 884/884/884 887/887/887
f 909/909/909 884/884/884 910/910/910
f 876/876/876 873/873/873 911/911/911
f 911/911/911 867/867/867 912/912/912
f 873/873/873 867/867/867 911/911/911
f 904/904/904 897/897/897 907/907/907
f 891/891/891 885/885/885 889/889/889
f 887/887/887 885/885/885 891/891/891
f 913/913/913 890/890/890 894/894/894
f 891/891/891 890/890/890 913/913/913
f 916/916/916 915/915/915 914/914/914
f 917/917/917 915/915/915 916/916/916
f 919/919/919 916/916/916 918/918/918
f 917/917/917 916/916/916 919/919/919
f 916/916/916 914/914/914 920/920/920
f 916/916/916 921/921/921 918/918/918
f 920/920/920 921/921/921 916/916/916
f 921/921/921 922/922/922 918/918/918
f 923/923/923 921/921/921 920/920/920
f 926/926/926 925/925/925 924/924/924
f 927/927/927 925/925/925 926/926/926
f 928/928/928 926/926/926 924/924/924
f 931/931/931 930/930/930 929/929/929
f 925/925/925 930/930/930 931/931/931
f 934/934/934 933/933/933 932/932/932
f 935/935/935 933/933/933 934/934/934
f 938/938/938 937/937/937 936/936/936
f 939/939/939 937/937/937 938/938/938
f 936/936/936 937/937/937 940/940/940
f 933/933/933 935/935/935 941/941/941
f 936/936/936 941/941/941 935/935/935
f 940/940/940 941/941/941 936/936/936
f 920/920/920 915/915/915 942/942/942
f 914/914/914 915/915/915 920/920/920
f 942/942/942 923/923/923 920/920/920
f 943/943/943 923/923/923 942/942/942
f 921/921/921 927/927/927 926/926/926
f 923/923/923 927/927/927 921/921/921
f 925/925/925 944/944/944 930/930/930
f 927/927/927 944/944/944 925/925/925
f 929/929/929 946/946/946 945/945/945
f 930/930/930 946/946/946 929/929/929
f 849/849/849 792/792/792 947/947/947
f 947/947/947 792/792/792 948/948/948
f 951/951/951 950/950/950 949/949/949
f 952/952/952 950/950/950 951/951/951
f 954/954/954 949/949/949 953/953/953
f 951/951/951 949/949/949 954/954/954
f 957/957/957 956/956/956 955/955/955
f 958/958/958 956/956/956 957/957/957
f 952/952/952 959/959/959 950/950/950
f 957/957/957 959/959/959 952/952/952
f 962/962/962 961/961/961 960/960/960
f 963/963/963 961/961/961 962/962/962
f 964/964/964 960/960/960 961/961/961
f 965/965/965 960/960/960 964/964/964
f 966/966/966 965/965/965 964/964/964
f 967/967/967 965/965/965 966/966/966
f 970/970/970 969/969/969 968/968/968
f 971/971/971 969/969/969 970/970/970
f 964/964/964 973/973/973 972/972/972
f 961/961/961 973/973/973 964/964/964
f 966/966/966 972/972/972 974/974/974
f 964/964/964 972/972/972 966/966/966
f 970/970/970 976/976/976 975/975/975
f 968/968/968 976/976/976 970/970/970
f 961/961/961 977/977/977 973/973/973
f 963/963/963 977/977/977 961/961/961
f 949/949/949 960/960/960 965/965/965
f 950/950/950 960/960/960 949/949/949
f 953/953/953 965/965/965 967/967/967
f 949/949/949 965/965/965 953/953/953
f 955/955/955 969/969/969 971/971/971
f 956/956/956 969/969/969 955/955/955
f 950/950/950 962/962/962 960/960/960
f 959/959/959 962/962/962 950/950/950
f 980/980/980 979/979/979 978/978/978
f 981/981/981 979/979/979 980/980/980
f 982/982/982 981/981/981 980/980/980
f 983/983/983 981/981/981 982/982/982
f 984/984/984 983/983/983 982/982/982
f 985/985/985 983/983/983 984/984/984
f 981/981/981 986/986/986 979/979/979
f 987/987/987 986/986/986 981/981/981
f 983/983/983 987/987/987 981/981/981
f 988/988/988 987/987/987 983/983/983
f 985/985/985 988/988/988 983/983/983
f 989/989/989 988/988/988 985/985/985
f 987/987/987 990/990/990 986/986/986
f 991/991/991 990/990/990 987/987/987
f 988/988/988 991/991/991 987/987/987
f 992/992/992 991/991/991 988/988/988
f 989/989/989 992/992/992 988/988/988
f 993/993/993 992/992/992 989/989/989
f 991/991/991 994/994/994 990/990/990
f 995/995/995 994/994/994 991/991/991
f 992/992/992 995/995/995 991/991/991
f 996/996/996 995/995/995 992/992/992
f 993/993/993 996/996/996 992/992/992
f 997/997/997 996/996/996 993/993/993
f 1000/1000/1000 999/999/999 998/998/998
f 1001/1001/1001 999/999/999 1000/1000/1000
f 1002/1002/1002 1001/1001/1001 1000/1000/1000
f 1003/1003/1003 1001/1001/1001 1002/1002/1002
f 1004/1004/1004 1003/1003/1003 1002/1002/1002
f 1005/1005/1005 1003/1003/1003 1004/1004/1004
f 999/999/999 1007/1007/1007 1006/1006/1006
f 1001/1001/1001 1007/1007/1007 999/999/999
f 1003/1003/1003 1007/1007/1007 1001/1001/1001
f 1008/1008/1008 1007/1007/1007 1003/1003/1003
f 1003/1003/1003 1009/1009/1009 1008/1008/1008
f 1005/1005/1005 1009/1009/1009 1003/1003/1003
f 1011/1011/1011 979/979/979 1010/1010/1010
f 978/978/978 979/979/979 1011/1011/1011
f 1011/1011/1011 1013/1013/1013 1012/1012/1012
f 1010/1010/1010 1013/1013/1013 1011/1011/1011
f 1015/1015/1015 1013/1013/1013 1014/1014/1014
f 1012/1012/1012 1013/1013/1013 1015/1015/1015
f 1015/1015/1015 1017/1017/1017 1016/1016/1016
f 1014/1014/1014 1017/1017/1017 1015/1015/1015
f 1010/1010/1010 986/986/986 1018/1018/1018
f 979/979/979 986/986/986 1010/1010/1010
f 1010/1010/1010 1019/1019/1019 1013/1013/1013
f 1018/1018/1018 1019/1019/1019 1010/1010/1010
f 1014/1014/1014 1019/1019/1019 1020/1020/1020
f 1013/1013/1013 1019/1019/1019 1014/1014/1014
f 1014/1014/1014 1021/1021/1021 1017/1017/1017
f 1020/1020/1020 1021/1021/1021 1014/1014/1014
f 1018/1018/1018 990/990/990 1022/1022/1022
f 986/986/986 990/990/990 1018/1018/1018
f 1018/1018/1018 1023/1023/1023 1019/1019/1019
f 1022/1022/1022 1023/1023/1023 1018/1018/1018
f 1020/1020/1020 1023/1023/1023 1024/1024/1024
f 1019/1019/1019 1023/1023/1023 1020/1020/1020
f 1020/1020/1020 1025/1025/1025 1021/1021/1021
f 1024/1024/1024 1025/1025/1025 1020/1020/1020
f 1022/1022/1022 994/994/994 1026/1026/1026
f 990/990/990 994/994/994 1022/1022/1022
f 1022/1022/1022 1027/1027/1027 1023/1023/1023
f 1026/1026/1026 1027/1027/1027 1022/1022/1022
f 1024/1024/1024 1027/1027/1027 1028/1028/1028
f 1023/1023/1023 1027/1027/1027 1024/1024/1024
f 1024/1024/1024 1029/1029/1029 1025/1025/1025
f 1028/1028/1028 1029/1029/1029 1024/1024/1024
f 1031/1031/1031 999/999/999 1030/1030/1030
f 998/998/998 999/999/999 1031/1031/1031
f 1031/1031/1031 1033/1033/1033 1032/1032/1032
f 1030/1030/1030 1033/1033/1033 1031/1031/1031
f 1035/1035/1035 1033/1033/1033 1034/1034/1034
f 1032/1032/1032 1033/1033/1033 1035/1035/1035
f 1035/1035/1035 1037/1037/1037 1036/1036/1036
f 1034/1034/1034 1037/1037/1037 1035/1035/1035
f 1030/1030/1030 1006/1006/1006 1038/1038/1038
f 999/999/999 1006/1006/1006 1030/1030/1030
f 1033/1033/1033 1038/1038/1038 1039/1039/1039
f 1030/1030/1030 1038/1038/1038 1033/1033/1033
f 1034/1034/1034 1039/1039/1039 1040/1040/1040
f 1033/1033/1033 1039/1039/1039 1034/1034/1034
f 1037/1037/1037 1040/1040/1040 1041/1041/1041
f 1034/1034/1034 1040/1040/1040 1037/1037/1037
f 1041/1041/1041 1015/1015/1015 1016/1016/1016
f 1040/1040/1040 1015/1015/1015 1041/1041/1041
f 1040/1040/1040 1012/1012/1012 1015/1015/1015
f 1039/1039/1039 1012/1012/1012 1040/1040/1040
f 1039/1039/1039 1011/1011/1011 1012/1012/1012
f 1038/1038/1038 1011/1011/1011 1039/1039/1039
f 1038/1038/1038 978/978/978 1011/1011/1011
f 1006/1006/1006 978/978/978 1038/1038/1038
f 1006/1006/1006 980/980/980 978/978/978
f 1007/1007/1007 980/980/980 1006/1006/1006
f 1007/1007/1007 982/982/982 980/980/980
f 1008/1008/1008 982/982/982 1007/1007/1007
f 1008/1008/1008 984/984/984 982/982/982
f 1009/1009/1009 984/984/984 1008/1008/1008
f 1044/1044/1044 1043/1043/1043 1042/1042/1042
f 1045/1045/1045 1043/1043/1043 1044/1044/1044
f 1047/1047/1047 1042/1042/1042 1046/1046/1046
f 1044/1044/1044 1042/1042/1042 1047/1047/1047
f 1049/1049/1049 1046/1046/1046 1048/1048/1048
f 1047/1047/1047 1046/1046/1046 1049/1049/1049
f 1042/1042/1042 1051/1051/1051 1050/1050/1050
f 1043/1043/1043 1051/1051/1051 1042/1042/1042
f 1046/1046/1046 1050/1050/1050 1052/1052/1052
f 1042/1042/1042 1050/1050/1050 1046/1046/1046
f 1048/1048/1048 1052/1052/1052 1053/1053/1053
f 1046/1046/1046 1052/1052/1052 1048/1048/1048
f 1050/1050/1050 1055/1055/1055 1054/1054/1054
f 1051/1051/1051 1055/1055/1055 1050/1050/1050
f 1052/1052/1052 1054/1054/1054 1056/1056/1056
f 1050/1050/1050 1054/1054/1054 1052/1052/1052
f 1053/1053/1053 1056/1056/1056 1057/1057/1057
f 1052/1052/1052 1056/1056/1056 1053/1053/1053
f 1054/1054/1054 1059/1059/1059 1058/1058/1058
f 1055/1055/1055 1059/1059/1059 1054/1054/1054
f 1056/1056/1056 1058/1058/1058 1060/1060/1060
f 1054/1054/1054 1058/1058/1058 1056/1056/1056
f 1057/1057/1057 1060/1060/1060 1061/1061/1061
f 1056/1056/1056 1060/1060/1060 1057/1057/1057
f 1064/1064/1064 1063/1063/1063 1062/1062/1062
f 1065/1065/1065 1063/1063/1063 1064/1064/1064
f 1067/1067/1067 1062/1062/1062 1066/1066/1066
f 1064/1064/1064 1062/1062/1062 1067/1067/1067
f 1069/1069/1069 1066/1066/1066 1068/1068/1068
f 1067/1067/1067 1066/1066/1066 1069/1069/1069
f 1063/1063/1063 1070/1070/1070 1062/1062/1062
f 1071/1071/1071 1070/1070/1070 1063/1063/1063
f 1066/1066/1066 1070/1070/1070 1072/1072/1072
f 1062/1062/1062 1070/1070/1070 1066/1066/1066
f 1066/1066/1066 1073/1073/1073 1068/1068/1068
f 1072/1072/1072 1073/1073/1073 1066/1066/1066
f 1074/1074/1074 1043/1043/1043 1045/1045/1045
f 1075/1075/1075 1043/1043/1043 1074/1074/1074
f 1074/1074/1074 1076/1076/1076 1075/1075/1075
f 1077/1077/1077 1076/1076/1076 1074/1074/1074
f 1078/1078/1078 1076/1076/1076 1077/1077/1077
f 1079/1079/1079 1076/1076/1076 1078/1078/1078
f 1078/1078/1078 1080/1080/1080 1079/1079/1079
f 1081/1081/1081 1080/1080/1080 1078/1078/1078
f 1075/1075/1075 1051/1051/1051 1043/1043/1043
f 1082/1082/1082 1051/1051/1051 1075/1075/1075
f 1075/1075/1075 1083/1083/1083 1082/1082/1082
f 1076/1076/1076 1083/1083/1083 1075/1075/1075
f 1079/1079/1079 1083/1083/1083 1076/1076/1076
f 1084/1084/1084 1083/1083/1083 1079/1079/1079
f 1079/1079/1079 1085/1085/1085 1084/1084/1084
f 1080/1080/1080 1085/1085/1085 1079/1079/1079
f 1082/1082/1082 1055/1055/1055 1051/1051/1051
f 1086/1086/1086 1055/1055/1055 1082/1082/1082
f 1082/1082/1082 1087/1087/1087 1086/1086/1086
f 1083/1083/1083 1087/1087/1087 1082/1082/1082
f 1084/1084/1084 1087/1087/1087 1083/1083/1083
f 1088/1088/1088 1087/1087/1087 1084/1084/1084
f 1084/1084/1084 1089/1089/1089 1088/1088/1088
f 1085/1085/1085 1089/1089/1089 1084/1084/1084
f 1086/1086/1086 1059/1059/1059 1055/1055/1055
f 1090/1090/1090 1059/1059/1059 1086/1086/1086
f 1086/1086/1086 1091/1091/1091 1090/1090/1090
f 1087/1087/1087 1091/1091/1091 1086/1086/1086
f 1088/1088/1088 1091/1091/1091 1087/1087/1087
f 1092/1092/1092 1091/1091/1091 1088/1088/1088
f 1088/1088/1088 1093/1093/1093 1092/1092/1092
f 1089/1089/1089 1093/1093/1093 1088/1088/1088
f 1094/1094/1094 1063/1063/1063 1065/1065/1065
f 1095/1095/1095 1063/1063/1063 1094/1094/1094
f 1094/1094/1094 1096/1096/1096 1095/1095/1095
f 1097/1097/1097 1096/1096/1096 1094/1094/1094
f 1098/1098/1098 1096/1096/1096 1097/1097/1097
f 1099/1099/1099 1096/1096/1096 1098/1098/1098
f 1098/1098/1098 1100/1100/1100 1099/1099/1099
f 1101/1101/1101 1100/1100/1100 1098/1098/1098
f 1095/1095/1095 1071/1071/1071 1063/1063/1063
f 1102/1102/1102 1071/1071/1071 1095/1095/1095
f 1096/1096/1096 1102/1102/1102 1095/1095/1095
f 1103/1103/1103 1102/1102/1102 1096/1096/1096
f 1099/1099/1099 1103/1103/1103 1096/1096/1096
f 1104/1104/1104 1103/1103/1103 1099/1099/1099
f 1100/1100/1100 1104/1104/1104 1099/1099/1099
f 1105/1105/1105 1104/1104/1104 1100/1100/1100
f 1105/1105/1105 1078/1078/1078 1104/1104/1104
f 1081/1081/1081 1078/1078/1078 1105/1105/1105
f 1104/1104/1104 1077/1077/1077 1103/1103/1103
f 1078/1078/1078 1077/1077/1077 1104/1104/1104
f 1103/1103/1103 1074/1074/1074 1102/1102/1102
f 1077/1077/1077 1074/1074/1074 1103/1103/1103
f 1102/1102/1102 1045/1045/1045 1071/1071/1071
f 1074/1074/1074 1045/1045/1045 1102/1102/1102
f 1071/1071/1071 1044/1044/1044 1070/1070/1070
f 1045/1045/1045 1044/1044/1044 1071/1071/1071
f 1070/1070/1070 1047/1047/1047 1072/1072/1072
f 1044/1044/1044 1047/1047/1047 1070/1070/1070
f 1072/1072/1072 1049/1049/1049 1073/1073/1073
f 1047/1047/1047 1049/1049/1049 1072/1072/1072
f 1108/1108/1108 1107/1107/1107 1106/1106/1106
f 1109/1109/1109 1107/1107/1107 1108/1108/1108
f 1107/1107/1107 1110/1110/1110 1106/1106/1106
f 1107/1107/1107 1111/1111/1111 1110/1110/1110
f 1112/1112/1112 1111/1111/1111 1107/1107/1107
f 1111/1111/1111 1114/1114/1114 1113/1113/1113
f 1112/1112/1112 1114/1114/1114 1111/1111/1111
f 1110/1110/1110 1115/1115/1115 1106/1106/1106
f 1111/1111/1111 1115/1115/1115 1110/1110/1110
f 1113/1113/1113 1115/1115/1115 1111/1111/1111
f 1116/1116/1116 1115/1115/1115 1113/1113/1113
f 1115/1115/1115 1117/1117/1117 1106/1106/1106
f 1118/1118/1118 1117/1117/1117 1115/1115/1115
f 1121/1121/1121 1120/1120/1120 1119/1119/1119
f 1122/1122/1122 1120/1120/1120 1121/1121/1121
f 1123/1123/1123 1109/1109/1109 1121/1121/1121
f 1123/1123/1123 1119/1119/1119 1124/1124/1124
f 1121/1121/1121 1119/1119/1119 1123/1123/1123
f 1108/1108/1108 1121/1121/1121 1109/1109/1109
f 1122/1122/1122 1121/1121/1121 1108/1108/1108
f 1123/1123/1123 1107/1107/1107 1109/1109/1109
f 1125/1125/1125 1107/1107/1107 1123/1123/1123
f 1125/1125/1125 1112/1112/1112 1107/1107/1107
f 1126/1126/1126 1112/1112/1112 1125/1125/1125
f 1126/1126/1126 1114/1114/1114 1112/1112/1112
f 1127/1127/1127 1114/1114/1114 1126/1126/1126
f 1126/1126/1126 1128/1128/1128 1127/1127/1127
f 1129/1129/1129 1128/1128/1128 1126/1126/1126
f 1129/1129/1129 1125/1125/1125 1124/1124/1124
f 1126/1126/1126 1125/1125/1125 1129/1129/1129
f 1128/1128/1128 1130/1130/1130 1127/1127/1127
f 1133/1133/1133 1132/1132/1132 1131/1131/1131
f 1134/1134/1134 1132/1132/1132 1133/1133/1133
f 1136/1136/1136 1133/1133/1133 1135/1135/1135
f 1134/1134/1134 1133/1133/1133 1136/1136/1136
f 1135/1135/1135 1137/1137/1137 1136/1136/1136
f 1138/1138/1138 1134/1134/1134 1136/1136/1136
f 1139/1139/1139 1134/1134/1134 1138/1138/1138
f 1139/1139/1139 1132/1132/1132 1134/1134/1134
f 1140/1140/1140 1132/1132/1132 1139/1139/1139
f 1137/1137/1137 1138/1138/1138 1136/1136/1136
f 1141/1141/1141 1138/1138/1138 1137/1137/1137
f 1141/1141/1141 1142/1142/1142 1138/1138/1138
f 1143/1143/1143 1142/1142/1142 1141/1141/1141
f 1142/1142/1142 1139/1139/1139 1138/1138/1138
f 1144/1144/1144 1139/1139/1139 1142/1142/1142
f 1145/1145/1145 1139/1139/1139 1144/1144/1144
f 1140/1140/1140 1139/1139/1139 1145/1145/1145
f 1147/1147/1147 1132/1132/1132 1146/1146/1146
f 1131/1131/1131 1132/1132/1132 1147/1147/1147
f 1146/1146/1146 1148/1148/1148 1147/1147/1147
f 1149/1149/1149 1148/1148/1148 1146/1146/1146
f 1150/1150/1150 1149/1149/1149 1146/1146/1146
f 1140/1140/1140 1146/1146/1146 1132/1132/1132
f 1148/1148/1148 1151/1151/1151 1131/1131/1131
f 1152/1152/1152 1151/1151/1151 1148/1148/1148
f 1140/1140/1140 1150/1150/1150 1146/1146/1146
f 1153/1153/1153 1150/1150/1150 1140/1140/1140
f 1154/1154/1154 1150/1150/1150 1153/1153/1153
f 1149/1149/1149 1150/1150/1150 1154/1154/1154
f 1149/1149/1149 1156/1156/1156 1155/1155/1155
f 1154/1154/1154 1156/1156/1156 1149/1149/1149
f 1157/1157/1157 1149/1149/1149 1155/1155/1155
f 1148/1148/1148 1149/1149/1149 1157/1157/1157
f 1160/1160/1160 1159/1159/1159 1158/1158/1158
f 1161/1161/1161 1159/1159/1159 1160/1160/1160
f 1162/1162/1162 1159/1159/1159 1161/1161/1161
f 1164/1164/1164 1160/1160/1160 1163/1163/1163
f 1161/1161/1161 1160/1160/1160 1164/1164/1164
f 1164/1164/1164 1165/1165/1165 1161/1161/1161
f 1166/1166/1166 1165/1165/1165 1164/1164/1164
f 1154/1154/1154 1167/1167/1167 1156/1156/1156
f 1168/1168/1168 1167/1167/1167 1154/1154/1154
f 1169/1169/1169 1167/1167/1167 1168/1168/1168
f 1154/1154/1154 1170/1170/1170 1168/1168/1168
f 1153/1153/1153 1170/1170/1170 1154/1154/1154
f 1153/1153/1153 1145/1145/1145 1170/1170/1170
f 1140/1140/1140 1145/1145/1145 1153/1153/1153
f 1173/1173/1173 1172/1172/1172 1171/1171/1171
f 1174/1174/1174 1172/1172/1172 1173/1173/1173
f 1171/1171/1171 1175/1175/1175 1173/1173/1173
f 1176/1176/1176 1175/1175/1175 1171/1171/1171
f 1177/1177/1177 1175/1175/1175 1176/1176/1176
f 1178/1178/1178 1175/1175/1175 1177/1177/1177
f 1174/1174/1174 1180/1180/1180 1179/1179/1179
f 1173/1173/1173 1180/1180/1180 1174/1174/1174
f 1175/1175/1175 1182/1182/1182 1181/1181/1181
f 1178/1178/1178 1182/1182/1182 1175/1175/1175
f 1184/1184/1184 1183/1183/1183 1163/1163/1163
f 1185/1185/1185 1183/1183/1183 1184/1184/1184
f 1160/1160/1160 1186/1186/1186 1184/1184/1184
f 1158/1158/1158 1186/1186/1186 1160/1160/1160
f 1158/1158/1158 1188/1188/1188 1187/1187/1187
f 1159/1159/1159 1188/1188/1188 1158/1158/1158
f 1162/1162/1162 1188/1188/1188 1159/1159/1159
f 1189/1189/1189 1188/1188/1188 1162/1162/1162
f 1162/1162/1162 1161/1161/1161 1165/1165/1165
f 1165/1165/1165 1191/1191/1191 1190/1190/1190
f 1166/1166/1166 1191/1191/1191 1165/1165/1165
f 1178/1178/1178 1192/1192/1192 1182/1182/1182
f 1193/1193/1193 1192/1192/1192 1178/1178/1178
f 1194/1194/1194 1178/1178/1178 1177/1177/1177
f 1195/1195/1195 1178/1178/1178 1194/1194/1194
f 1196/1196/1196 1143/1143/1143 1141/1141/1141
f 1197/1197/1197 1143/1143/1143 1196/1196/1196
f 1193/1193/1193 1195/1195/1195 1198/1198/1198
f 1178/1178/1178 1195/1195/1195 1193/1193/1193
f 1200/1200/1200 1196/1196/1196 1199/1199/1199
f 1197/1197/1197 1196/1196/1196 1200/1200/1200
f 1202/1202/1202 1196/1196/1196 1201/1201/1201
f 1199/1199/1199 1196/1196/1196 1202/1202/1202
f 1204/1204/1204 1202/1202/1202 1203/1203/1203
f 1199/1199/1199 1202/1202/1202 1204/1204/1204
f 1206/1206/1206 1198/1198/1198 1205/1205/1205
f 1193/1193/1193 1198/1198/1198 1206/1206/1206
f 1206/1206/1206 1192/1192/1192 1193/1193/1193
f 1207/1207/1207 1192/1192/1192 1206/1206/1206
f 1196/1196/1196 1141/1141/1141 1208/1208/1208
f 1210/1210/1210 1209/1209/1209 1137/1137/1137
f 1211/1211/1211 1209/1209/1209 1210/1210/1210
f 1210/1210/1210 1212/1212/1212 1211/1211/1211
f 1141/1141/1141 1137/1137/1137 1209/1209/1209
f 1208/1208/1208 1213/1213/1213 1201/1201/1201
f 1201/1201/1201 1196/1196/1196 1208/1208/1208
f 1202/1202/1202 1214/1214/1214 1203/1203/1203
f 1125/1125/1125 1123/1123/1123 1124/1124/1124
f 1163/1163/1163 1160/1160/1160 1184/1184/1184
f 1215/1215/1215 1184/1184/1184 1186/1186/1186
f 1185/1185/1185 1184/1184/1184 1215/1215/1215
f 1106/1106/1106 1216/1216/1216 1108/1108/1108
f 1117/1117/1117 1216/1216/1216 1106/1106/1106
f 1116/1116/1116 1118/1118/1118 1115/1115/1115
f 1217/1217/1217 1118/1118/1118 1116/1116/1116
f 1216/1216/1216 1122/1122/1122 1108/1108/1108
f 1218/1218/1218 1122/1122/1122 1216/1216/1216
f 1210/1210/1210 1219/1219/1219 1212/1212/1212
f 1220/1220/1220 1219/1219/1219 1210/1210/1210
f 1221/1221/1221 1220/1220/1220 1210/1210/1210
f 1222/1222/1222 1220/1220/1220 1221/1221/1221
f 1151/1151/1151 1221/1221/1221 1131/1131/1131
f 1222/1222/1222 1221/1221/1221 1151/1151/1151
f 1157/1157/1157 1152/1152/1152 1148/1148/1148
f 1223/1223/1223 1152/1152/1152 1157/1157/1157
f 1226/1226/1226 1225/1225/1225 1224/1224/1224
f 1227/1227/1227 1225/1225/1225 1226/1226/1226
f 1228/1228/1228 1167/1167/1167 1169/1169/1169
f 1229/1229/1229 1167/1167/1167 1228/1228/1228
f 1187/1187/1187 1186/1186/1186 1158/1158/1158
f 1230/1230/1230 1186/1186/1186 1187/1187/1187
f 1190/1190/1190 1162/1162/1162 1165/1165/1165
f 1189/1189/1189 1162/1162/1162 1190/1190/1190
f 1215/1215/1215 1231/1231/1231 1185/1185/1185
f 1232/1232/1232 1231/1231/1231 1215/1215/1215
f 1185/1185/1185 1233/1233/1233 1183/1183/1183
f 1231/1231/1231 1233/1233/1233 1185/1185/1185
f 1147/1147/1147 1148/1148/1148 1131/1131/1131
f 1234/1234/1234 1119/1119/1119 1120/1120/1120
f 1124/1124/1124 1119/1119/1119 1234/1234/1234
f 1221/1221/1221 1133/1133/1133 1131/1131/1131
f 1135/1135/1135 1133/1133/1133 1221/1221/1221
f 1137/1137/1137 1221/1221/1221 1210/1210/1210
f 1135/1135/1135 1221/1221/1221 1137/1137/1137
f 1122/1122/1122 1235/1235/1235 1120/1120/1120
f 1218/1218/1218 1235/1235/1235 1122/1122/1122
f 1235/1235/1235 1234/1234/1234 1120/1120/1120
f 1236/1236/1236 1234/1234/1234 1235/1235/1235
f 1186/1186/1186 1232/1232/1232 1215/1215/1215
f 1230/1230/1230 1232/1232/1232 1186/1186/1186
f 1227/1227/1227 1179/1179/1179 1225/1225/1225
f 1174/1174/1174 1179/1179/1179 1227/1227/1227
f 1173/1173/1173 1181/1181/1181 1180/1180/1180
f 1175/1175/1175 1181/1181/1181 1173/1173/1173
f 1172/1172/1172 1227/1227/1227 1237/1237/1237
f 1174/1174/1174 1227/1227/1227 1172/1172/1172
f 1227/1227/1227 1238/1238/1238 1237/1237/1237
f 1226/1226/1226 1238/1238/1238 1227/1227/1227
f 1241/1241/1241 1240/1240/1240 1239/1239/1239
f 1242/1242/1242 1240/1240/1240 1241/1241/1241
f 1242/1242/1242 1243/1243/1243 1240/1240/1240
f 1240/1240/1240 1245/1245/1245 1244/1244/1244
f 1243/1243/1243 1245/1245/1245 1240/1240/1240
f 1245/1245/1245 1246/1246/1246 1244/1244/1244
f 1247/1247/1247 1246/1246/1246 1245/1245/1245
f 1243/1243/1243 1248/1248/1248 1245/1245/1245
f 1242/1242/1242 1248/1248/1248 1243/1243/1243
f 1247/1247/1247 1248/1248/1248 1249/1249/1249
f 1245/1245/1245 1248/1248/1248 1247/1247/1247
f 1248/1248/1248 1117/1117/1117 1118/1118/1118
f 1242/1242/1242 1117/1117/1117 1248/1248/1248
f 1252/1252/1252 1251/1251/1251 1250/1250/1250
f 1253/1253/1253 1251/1251/1251 1252/1252/1252
f 1252/1252/1252 1239/1239/1239 1254/1254/1254
f 1254/1254/1254 1253/1253/1253 1252/1252/1252
f 1255/1255/1255 1253/1253/1253 1254/1254/1254
f 1241/1241/1241 1252/1252/1252 1250/1250/1250
f 1239/1239/1239 1252/1252/1252 1241/1241/1241
f 1254/1254/1254 1240/1240/1240 1256/1256/1256
f 1239/1239/1239 1240/1240/1240 1254/1254/1254
f 1256/1256/1256 1244/1244/1244 1257/1257/1257
f 1240/1240/1240 1244/1244/1244 1256/1256/1256
f 1257/1257/1257 1246/1246/1246 1258/1258/1258
f 1244/1244/1244 1246/1246/1246 1257/1257/1257
f 1257/1257/1257 1260/1260/1260 1259/1259/1259
f 1258/1258/1258 1260/1260/1260 1257/1257/1257
f 1259/1259/1259 1256/1256/1256 1257/1257/1257
f 1255/1255/1255 1256/1256/1256 1259/1259/1259
f 1258/1258/1258 1261/1261/1261 1260/1260/1260
f 1264/1264/1264 1263/1263/1263 1262/1262/1262
f 1265/1265/1265 1263/1263/1263 1264/1264/1264
f 1266/1266/1266 1264/1264/1264 1262/1262/1262
f 1267/1267/1267 1264/1264/1264 1266/1266/1266
f 1266/1266/1266 1268/1268/1268 1267/1267/1267
f 1270/1270/1270 1262/1262/1262 1269/1269/1269
f 1266/1266/1266 1262/1262/1262 1270/1270/1270
f 1269/1269/1269 1263/1263/1263 1271/1271/1271
f 1262/1262/1262 1263/1263/1263 1269/1269/1269
f 1268/1268/1268 1270/1270/1270 1272/1272/1272
f 1266/1266/1266 1270/1270/1270 1268/1268/1268
f 1272/1272/1272 1274/1274/1274 1273/1273/1273
f 1270/1270/1270 1274/1274/1274 1272/1272/1272
f 1274/1274/1274 1269/1269/1269 1275/1275/1275
f 1270/1270/1270 1269/1269/1269 1274/1274/1274
f 1276/1276/1276 1269/1269/1269 1271/1271/1271
f 1275/1275/1275 1269/1269/1269 1276/1276/1276
f 1277/1277/1277 1263/1263/1263 1265/1265/1265
f 1278/1278/1278 1263/1263/1263 1277/1277/1277
f 1278/1278/1278 1280/1280/1280 1279/1279/1279
f 1277/1277/1277 1280/1280/1280 1278/1278/1278
f 1278/1278/1278 1279/1279/1279 1281/1281/1281
f 1263/1263/1263 1278/1278/1278 1271/1271/1271
f 1280/1280/1280 1151/1151/1151 1152/1152/1152
f 1265/1265/1265 1151/1151/1151 1280/1280/1280
f 1271/1271/1271 1281/1281/1281 1282/1282/1282
f 1278/1278/1278 1281/1281/1281 1271/1271/1271
f 1283/1283/1283 1281/1281/1281 1279/1279/1279
f 1282/1282/1282 1281/1281/1281 1283/1283/1283
f 1279/1279/1279 1284/1284/1284 1283/1283/1283
f 1285/1285/1285 1284/1284/1284 1279/1279/1279
f 1286/1286/1286 1279/1279/1279 1280/1280/1280
f 1285/1285/1285 1279/1279/1279 1286/1286/1286
f 1289/1289/1289 1288/1288/1288 1287/1287/1287
f 1291/1291/1291 1288/1288/1288 1290/1290/1290
f 1287/1287/1287 1288/1288/1288 1291/1291/1291
f 1292/1292/1292 1287/1287/1287 1291/1291/1291
f 1293/1293/1293 1287/1287/1287 1292/1292/1292
f 1292/1292/1292 1295/1295/1295 1294/1294/1294
f 1291/1291/1291 1295/1295/1295 1292/1292/1292
f 1298/1298/1298 1297/1297/1297 1296/1296/1296
f 1283/1283/1283 1297/1297/1297 1298/1298/1298
f 1284/1284/1284 1297/1297/1297 1283/1283/1283
f 1283/1283/1283 1299/1299/1299 1282/1282/1282
f 1298/1298/1298 1299/1299/1299 1283/1283/1283
f 1282/1282/1282 1276/1276/1276 1271/1271/1271
f 1299/1299/1299 1276/1276/1276 1282/1282/1282
f 1302/1302/1302 1301/1301/1301 1300/1300/1300
f 1303/1303/1303 1301/1301/1301 1302/1302/1302
f 1303/1303/1303 1305/1305/1305 1304/1304/1304
f 1302/1302/1302 1305/1305/1305 1303/1303/1303
f 1307/1307/1307 1305/1305/1305 1306/1306/1306
f 1304/1304/1304 1305/1305/1305 1307/1307/1307
f 1300/1300/1300 1180/1180/1180 1302/1302/1302
f 1179/1179/1179 1180/1180/1180 1300/1300/1300
f 1305/1305/1305 1182/1182/1182 1306/1306/1306
f 1181/1181/1181 1182/1182/1182 1305/1305/1305
f 1310/1310/1310 1309/1309/1309 1308/1308/1308
f 1293/1293/1293 1309/1309/1309 1310/1310/1310
f 1287/1287/1287 1311/1311/1311 1289/1289/1289
f 1310/1310/1310 1311/1311/1311 1287/1287/1287
f 1289/1289/1289 1188/1188/1188 1288/1288/1288
f 1187/1187/1187 1188/1188/1188 1289/1289/1289
f 1290/1290/1290 1188/1188/1188 1189/1189/1189
f 1288/1288/1288 1188/1188/1188 1290/1290/1290
f 1295/1295/1295 1291/1291/1291 1290/1290/1290
f 1295/1295/1295 1191/1191/1191 1294/1294/1294
f 1190/1190/1190 1191/1191/1191 1295/1295/1295
f 1306/1306/1306 1192/1192/1192 1312/1312/1312
f 1182/1182/1182 1192/1192/1192 1306/1306/1306
f 1314/1314/1314 1306/1306/1306 1313/1313/1313
f 1307/1307/1307 1306/1306/1306 1314/1314/1314
f 1316/1316/1316 1273/1273/1273 1315/1315/1315
f 1272/1272/1272 1273/1273/1273 1316/1316/1316
f 1312/1312/1312 1313/1313/1313 1306/1306/1306
f 1317/1317/1317 1313/1313/1313 1312/1312/1312
f 1318/1318/1318 1316/1316/1316 1315/1315/1315
f 1319/1319/1319 1316/1316/1316 1318/1318/1318
f 1320/1320/1320 1316/1316/1316 1319/1319/1319
f 1321/1321/1321 1316/1316/1316 1320/1320/1320
f 1322/1322/1322 1320/1320/1320 1319/1319/1319
f 1323/1323/1323 1320/1320/1320 1322/1322/1322
f 1324/1324/1324 1317/1317/1317 1312/1312/1312
f 1325/1325/1325 1317/1317/1317 1324/1324/1324
f 1324/1324/1324 1192/1192/1192 1207/1207/1207
f 1312/1312/1312 1192/1192/1192 1324/1324/1324
f 1326/1326/1326 1272/1272/1272 1316/1316/1316
f 1329/1329/1329 1328/1328/1328 1327/1327/1327
f 1268/1268/1268 1328/1328/1328 1329/1329/1329
f 1327/1327/1327 1330/1330/1330 1329/1329/1329
f 1328/1328/1328 1268/1268/1268 1272/1272/1272
f 1321/1321/1321 1331/1331/1331 1326/1326/1326
f 1326/1326/1326 1316/1316/1316 1321/1321/1321
f 1323/1323/1323 1332/1332/1332 1320/1320/1320
f 1255/1255/1255 1254/1254/1254 1256/1256/1256
f 1310/1310/1310 1287/1287/1287 1293/1293/1293
f 1333/1333/1333 1310/1310/1310 1308/1308/1308
f 1311/1311/1311 1310/1310/1310 1333/1333/1333
f 1242/1242/1242 1216/1216/1216 1117/1117/1117
f 1241/1241/1241 1216/1216/1216 1242/1242/1242
f 1249/1249/1249 1118/1118/1118 1217/1217/1217
f 1248/1248/1248 1118/1118/1118 1249/1249/1249
f 1216/1216/1216 1250/1250/1250 1218/1218/1218
f 1241/1241/1241 1250/1250/1250 1216/1216/1216
f 1329/1329/1329 1219/1219/1219 1220/1220/1220
f 1330/1330/1330 1219/1219/1219 1329/1329/1329
f 1334/1334/1334 1220/1220/1220 1222/1222/1222
f 1329/1329/1329 1220/1220/1220 1334/1334/1334
f 1151/1151/1151 1334/1334/1334 1222/1222/1222
f 1265/1265/1265 1334/1334/1334 1151/1151/1151
f 1286/1286/1286 1152/1152/1152 1223/1223/1223
f 1280/1280/1280 1152/1152/1152 1286/1286/1286
f 1228/1228/1228 1297/1297/1297 1229/1229/1229
f 1296/1296/1296 1297/1297/1297 1228/1228/1228
f 1187/1187/1187 1311/1311/1311 1230/1230/1230
f 1289/1289/1289 1311/1311/1311 1187/1187/1187
f 1190/1190/1190 1290/1290/1290 1189/1189/1189
f 1295/1295/1295 1290/1290/1290 1190/1190/1190
f 1333/1333/1333 1231/1231/1231 1232/1232/1232
f 1308/1308/1308 1231/1231/1231 1333/1333/1333
f 1308/1308/1308 1233/1233/1233 1231/1231/1231
f 1309/1309/1309 1233/1233/1233 1308/1308/1308
f 1265/1265/1265 1280/1280/1280 1277/1277/1277
f 1335/1335/1335 1253/1253/1253 1255/1255/1255
f 1251/1251/1251 1253/1253/1253 1335/1335/1335
f 1334/1334/1334 1264/1264/1264 1267/1267/1267
f 1265/1265/1265 1264/1264/1264 1334/1334/1334
f 1268/1268/1268 1334/1334/1334 1267/1267/1267
f 1329/1329/1329 1334/1334/1334 1268/1268/1268
f 1250/1250/1250 1235/1235/1235 1218/1218/1218
f 1251/1251/1251 1235/1235/1235 1250/1250/1250
f 1235/1235/1235 1335/1335/1335 1236/1236/1236
f 1251/1251/1251 1335/1335/1335 1235/1235/1235
f 1311/1311/1311 1232/1232/1232 1230/1230/1230
f 1333/1333/1333 1232/1232/1232 1311/1311/1311
f 1336/1336/1336 1179/1179/1179 1300/1300/1300
f 1225/1225/1225 1179/1179/1179 1336/1336/1336
f 1302/1302/1302 1181/1181/1181 1305/1305/1305
f 1180/1180/1180 1181/1181/1181 1302/1302/1302
f 1301/1301/1301 1336/1336/1336 1300/1300/1300
f 1337/1337/1337 1336/1336/1336 1301/1301/1301
f 1336/1336/1336 1339/1339/1339 1338/1338/1338
f 1337/1337/1337 1339/1339/1339 1336/1336/1336
f 1338/1338/1338 1225/1225/1225 1336/1336/1336
f 1224/1224/1224 1225/1225/1225 1338/1338/1338
f 1342/1342/1342 1341/1341/1341 1340/1340/1340
f 1343/1343/1343 1341/1341/1341 1342/1342/1342
f 1343/1343/1343 1344/1344/1344 1341/1341/1341
f 1341/1341/1341 1346/1346/1346 1345/1345/1345
f 1344/1344/1344 1346/1346/1346 1341/1341/1341
f 1346/1346/1346 1347/1347/1347 1345/1345/1345
f 1348/1348/1348 1347/1347/1347 1346/1346/1346
f 1344/1344/1344 1349/1349/1349 1346/1346/1346
f 1343/1343/1343 1349/1349/1349 1344/1344/1344
f 1348/1348/1348 1349/1349/1349 1350/1350/1350
f 1346/1346/1346 1349/1349/1349 1348/1348/1348
f 1349/1349/1349 1352/1352/1352 1351/1351/1351
f 1343/1343/1343 1352/1352/1352 1349/1349/1349
f 1355/1355/1355 1354/1354/1354 1353/1353/1353
f 1356/1356/1356 1354/1354/1354 1355/1355/1355
f 1355/1355/1355 1340/1340/1340 1357/1357/1357
f 1357/1357/1357 1356/1356/1356 1355/1355/1355
f 1358/1358/1358 1356/1356/1356 1357/1357/1357
f 1342/1342/1342 1355/1355/1355 1353/1353/1353
f 1340/1340/1340 1355/1355/1355 1342/1342/1342
f 1357/1357/1357 1341/1341/1341 1359/1359/1359
f 1340/1340/1340 1341/1341/1341 1357/1357/1357
f 1359/1359/1359 1345/1345/1345 1360/1360/1360
f 1341/1341/1341 1345/1345/1345 1359/1359/1359
f 1360/1360/1360 1347/1347/1347 1361/1361/1361
f 1345/1345/1345 1347/1347/1347 1360/1360/1360
f 1360/1360/1360 1363/1363/1363 1362/1362/1362
f 1361/1361/1361 1363/1363/1363 1360/1360/1360
f 1362/1362/1362 1359/1359/1359 1360/1360/1360
f 1358/1358/1358 1359/1359/1359 1362/1362/1362
f 1361/1361/1361 1364/1364/1364 1363/1363/1363
f 1367/1367/1367 1366/1366/1366 1365/1365/1365
f 1368/1368/1368 1366/1366/1366 1367/1367/1367
f 1369/1369/1369 1367/1367/1367 1365/1365/1365
f 1370/1370/1370 1367/1367/1367 1369/1369/1369
f 1369/1369/1369 1371/1371/1371 1370/1370/1370
f 1373/1373/1373 1365/1365/1365 1372/1372/1372
f 1369/1369/1369 1365/1365/1365 1373/1373/1373
f 1372/1372/1372 1366/1366/1366 1374/1374/1374
f 1365/1365/1365 1366/1366/1366 1372/1372/1372
f 1371/1371/1371 1373/1373/1373 1375/1375/1375
f 1369/1369/1369 1373/1373/1373 1371/1371/1371
f 1375/1375/1375 1377/1377/1377 1376/1376/1376
f 1373/1373/1373 1377/1377/1377 1375/1375/1375
f 1377/1377/1377 1372/1372/1372 1378/1378/1378
f 1373/1373/1373 1372/1372/1372 1377/1377/1377
f 1379/1379/1379 1372/1372/1372 1374/1374/1374
f 1378/1378/1378 1372/1372/1372 1379/1379/1379
f 1380/1380/1380 1366/1366/1366 1368/1368/1368
f 1381/1381/1381 1366/1366/1366 1380/1380/1380
f 1381/1381/1381 1383/1383/1383 1382/1382/1382
f 1380/1380/1380 1383/1383/1383 1381/1381/1381
f 1381/1381/1381 1382/1382/1382 1384/1384/1384
f 1366/1366/1366 1381/1381/1381 1374/1374/1374
f 1383/1383/1383 1386/1386/1386 1385/1385/1385
f 1368/1368/1368 1386/1386/1386 1383/1383/1383
f 1374/1374/1374 1384/1384/1384 1387/1387/1387
f 1381/1381/1381 1384/1384/1384 1374/1374/1374
f 1388/1388/1388 1384/1384/1384 1382/1382/1382
f 1387/1387/1387 1384/1384/1384 1388/1388/1388
f 1382/1382/1382 1389/1389/1389 1388/1388/1388
f 1390/1390/1390 1389/1389/1389 1382/1382/1382
f 1391/1391/1391 1382/1382/1382 1383/1383/1383
f 1390/1390/1390 1382/1382/1382 1391/1391/1391
f 1394/1394/1394 1393/1393/1393 1392/1392/1392
f 1396/1396/1396 1393/1393/1393 1395/1395/1395
f 1392/1392/1392 1393/1393/1393 1396/1396/1396
f 1397/1397/1397 1392/1392/1392 1396/1396/1396
f 1398/1398/1398 1392/1392/1392 1397/1397/1397
f 1397/1397/1397 1400/1400/1400 1399/1399/1399
f 1396/1396/1396 1400/1400/1400 1397/1397/1397
f 1403/1403/1403 1402/1402/1402 1401/1401/1401
f 1388/1388/1388 1402/1402/1402 1403/1403/1403
f 1389/1389/1389 1402/1402/1402 1388/1388/1388
f 1388/1388/1388 1404/1404/1404 1387/1387/1387
f 1403/1403/1403 1404/1404/1404 1388/1388/1388
f 1387/1387/1387 1379/1379/1379 1374/1374/1374
f 1404/1404/1404 1379/1379/1379 1387/1387/1387
f 1407/1407/1407 1406/1406/1406 1405/1405/1405
f 1408/1408/1408 1406/1406/1406 1407/1407/1407
f 1408/1408/1408 1410/1410/1410 1409/1409/1409
f 1407/1407/1407 1410/1410/1410 1408/1408/1408
f 1412/1412/1412 1410/1410/1410 1411/1411/1411
f 1409/1409/1409 1410/1410/1410 1412/1412/1412
f 1405/1405/1405 1413/1413/1413 1407/1407/1407
f 1414/1414/1414 1413/1413/1413 1405/1405/1405
f 1410/1410/1410 1415/1415/1415 1411/1411/1411
f 1416/1416/1416 1415/1415/1415 1410/1410/1410
f 1419/1419/1419 1418/1418/1418 1417/1417/1417
f 1398/1398/1398 1418/1418/1418 1419/1419/1419
f 1392/1392/1392 1420/1420/1420 1394/1394/1394
f 1419/1419/1419 1420/1420/1420 1392/1392/1392
f 1394/1394/1394 1421/1421/1421 1393/1393/1393
f 1422/1422/1422 1421/1421/1421 1394/1394/1394
f 1395/1395/1395 1421/1421/1421 1423/1423/1423
f 1393/1393/1393 1421/1421/1421 1395/1395/1395
f 1400/1400/1400 1396/1396/1396 1395/1395/1395
f 1400/1400/1400 1424/1424/1424 1399/1399/1399
f 1425/1425/1425 1424/1424/1424 1400/1400/1400
f 1411/1411/1411 1427/1427/1427 1426/1426/1426
f 1415/1415/1415 1427/1427/1427 1411/1411/1411
f 1429/1429/1429 1411/1411/1411 1428/1428/1428
f 1412/1412/1412 1411/1411/1411 1429/1429/1429
f 1431/1431/1431 1376/1376/1376 1430/1430/1430
f 1375/1375/1375 1376/1376/1376 1431/1431/1431
f 1426/1426/1426 1428/1428/1428 1411/1411/1411
f 1432/1432/1432 1428/1428/1428 1426/1426/1426
f 1433/1433/1433 1431/1431/1431 1430/1430/1430
f 1434/1434/1434 1431/1431/1431 1433/1433/1433
f 1435/1435/1435 1431/1431/1431 1434/1434/1434
f 1436/1436/1436 1431/1431/1431 1435/1435/1435
f 1437/1437/1437 1435/1435/1435 1434/1434/1434
f 1438/1438/1438 1435/1435/1435 1437/1437/1437
f 1439/1439/1439 1432/1432/1432 1426/1426/1426
f 1440/1440/1440 1432/1432/1432 1439/1439/1439
f 1439/1439/1439 1427/1427/1427 1441/1441/1441
f 1426/1426/1426 1427/1427/1427 1439/1439/1439
f 1442/1442/1442 1375/1375/1375 1431/1431/1431
f 1445/1445/1445 1444/1444/1444 1443/1443/1443
f 1371/1371/1371 1444/1444/1444 1445/1445/1445
f 1443/1443/1443 1446/1446/1446 1445/1445/1445
f 1444/1444/1444 1371/1371/1371 1375/1375/1375
f 1436/1436/1436 1447/1447/1447 1442/1442/1442
f 1442/1442/1442 1431/1431/1431 1436/1436/1436
f 1438/1438/1438 1448/1448/1448 1435/1435/1435
f 1358/1358/1358 1357/1357/1357 1359/1359/1359
f 1419/1419/1419 1392/1392/1392 1398/1398/1398
f 1449/1449/1449 1419/1419/1419 1417/1417/1417
f 1420/1420/1420 1419/1419/1419 1449/1449/1449
f 1343/1343/1343 1450/1450/1450 1352/1352/1352
f 1342/1342/1342 1450/1450/1450 1343/1343/1343
f 1350/1350/1350 1351/1351/1351 1451/1451/1451
f 1349/1349/1349 1351/1351/1351 1350/1350/1350
f 1450/1450/1450 1353/1353/1353 1452/1452/1452
f 1342/1342/1342 1353/1353/1353 1450/1450/1450
f 1445/1445/1445 1454/1454/1454 1453/1453/1453
f 1446/1446/1446 1454/1454/1454 1445/1445/1445
f 1456/1456/1456 1453/1453/1453 1455/1455/1455
f 1445/1445/1445 1453/1453/1453 1456/1456/1456
f 1386/1386/1386 1456/1456/1456 1455/1455/1455
f 1368/1368/1368 1456/1456/1456 1386/1386/1386
f 1391/1391/1391 1385/1385/1385 1457/1457/1457
f 1383/1383/1383 1385/1385/1385 1391/1391/1391
f 1460/1460/1460 1459/1459/1459 1458/1458/1458
f 1461/1461/1461 1459/1459/1459 1460/1460/1460
f 1463/1463/1463 1402/1402/1402 1462/1462/1462
f 1401/1401/1401 1402/1402/1402 1463/1463/1463
f 1422/1422/1422 1420/1420/1420 1464/1464/1464
f 1394/1394/1394 1420/1420/1420 1422/1422/1422
f 1425/1425/1425 1395/1395/1395 1423/1423/1423
f 1400/1400/1400 1395/1395/1395 1425/1425/1425
f 1449/1449/1449 1466/1466/1466 1465/1465/1465
f 1417/1417/1417 1466/1466/1466 1449/1449/1449
f 1417/1417/1417 1467/1467/1467 1466/1466/1466
f 1418/1418/1418 1467/1467/1467 1417/1417/1417
f 1368/1368/1368 1383/1383/1383 1380/1380/1380
f 1468/1468/1468 1356/1356/1356 1358/1358/1358
f 1354/1354/1354 1356/1356/1356 1468/1468/1468
f 1456/1456/1456 1367/1367/1367 1370/1370/1370
f 1368/1368/1368 1367/1367/1367 1456/1456/1456
f 1371/1371/1371 1456/1456/1456 1370/1370/1370
f 1445/1445/1445 1456/1456/1456 1371/1371/1371
f 1353/1353/1353 1469/1469/1469 1452/1452/1452
f 1354/1354/1354 1469/1469/1469 1353/1353/1353
f 1469/1469/1469 1468/1468/1468 1470/1470/1470
f 1354/1354/1354 1468/1468/1468 1469/1469/1469
f 1420/1420/1420 1465/1465/1465 1464/1464/1464
f 1449/1449/1449 1465/1465/1465 1420/1420/1420
f 1458/1458/1458 1414/1414/1414 1405/1405/1405
f 1459/1459/1459 1414/1414/1414 1458/1458/1458
f 1407/1407/1407 1416/1416/1416 1410/1410/1410
f 1413/1413/1413 1416/1416/1416 1407/1407/1407
f 1406/1406/1406 1458/1458/1458 1405/1405/1405
f 1471/1471/1471 1458/1458/1458 1406/1406/1406
f 1458/1458/1458 1472/1472/1472 1460/1460/1460
f 1471/1471/1471 1472/1472/1472 1458/1458/1458
f 1475/1475/1475 1474/1474/1474 1473/1473/1473
f 1476/1476/1476 1474/1474/1474 1475/1475/1475
f 1474/1474/1474 1477/1477/1477 1473/1473/1473
f 1474/1474/1474 1478/1478/1478 1477/1477/1477
f 1479/1479/1479 1478/1478/1478 1474/1474/1474
f 1478/1478/1478 1481/1481/1481 1480/1480/1480
f 1479/1479/1479 1481/1481/1481 1478/1478/1478
f 1477/1477/1477 1482/1482/1482 1473/1473/1473
f 1478/1478/1478 1482/1482/1482 1477/1477/1477
f 1480/1480/1480 1482/1482/1482 1478/1478/1478
f 1483/1483/1483 1482/1482/1482 1480/1480/1480
f 1482/1482/1482 1352/1352/1352 1473/1473/1473
f 1351/1351/1351 1352/1352/1352 1482/1482/1482
f 1486/1486/1486 1485/1485/1485 1484/1484/1484
f 1487/1487/1487 1485/1485/1485 1486/1486/1486
f 1488/1488/1488 1476/1476/1476 1486/1486/1486
f 1488/1488/1488 1484/1484/1484 1489/1489/1489
f 1486/1486/1486 1484/1484/1484 1488/1488/1488
f 1475/1475/1475 1486/1486/1486 1476/1476/1476
f 1487/1487/1487 1486/1486/1486 1475/1475/1475
f 1488/1488/1488 1474/1474/1474 1476/1476/1476
f 1490/1490/1490 1474/1474/1474 1488/1488/1488
f 1490/1490/1490 1479/1479/1479 1474/1474/1474
f 1491/1491/1491 1479/1479/1479 1490/1490/1490
f 1491/1491/1491 1481/1481/1481 1479/1479/1479
f 1492/1492/1492 1481/1481/1481 1491/1491/1491
f 1491/1491/1491 1493/1493/1493 1492/1492/1492
f 1494/1494/1494 1493/1493/1493 1491/1491/1491
f 1494/1494/1494 1490/1490/1490 1489/1489/1489
f 1491/1491/1491 1490/1490/1490 1494/1494/1494
f 1493/1493/1493 1495/1495/1495 1492/1492/1492
f 1498/1498/1498 1497/1497/1497 1496/1496/1496
f 1499/1499/1499 1497/1497/1497 1498/1498/1498
f 1501/1501/1501 1498/1498/1498 1500/1500/1500
f 1499/1499/1499 1498/1498/1498 1501/1501/1501
f 1500/1500/1500 1502/1502/1502 1501/1501/1501
f 1503/1503/1503 1499/1499/1499 1501/1501/1501
f 1504/1504/1504 1499/1499/1499 1503/1503/1503
f 1504/1504/1504 1497/1497/1497 1499/1499/1499
f 1505/1505/1505 1497/1497/1497 1504/1504/1504
f 1502/1502/1502 1503/1503/1503 1501/1501/1501
f 1506/1506/1506 1503/1503/1503 1502/1502/1502
f 1506/1506/1506 1507/1507/1507 1503/1503/1503
f 1508/1508/1508 1507/1507/1507 1506/1506/1506
f 1507/1507/1507 1504/1504/1504 1503/1503/1503
f 1509/1509/1509 1504/1504/1504 1507/1507/1507
f 1510/1510/1510 1504/1504/1504 1509/1509/1509
f 1505/1505/1505 1504/1504/1504 1510/1510/1510
f 1512/1512/1512 1497/1497/1497 1511/1511/1511
f 1496/1496/1496 1497/1497/1497 1512/1512/1512
f 1511/1511/1511 1513/1513/1513 1512/1512/1512
f 1514/1514/1514 1513/1513/1513 1511/1511/1511
f 1515/1515/1515 1514/1514/1514 1511/1511/1511
f 1505/1505/1505 1511/1511/1511 1497/1497/1497
f 1513/1513/1513 1386/1386/1386 1496/1496/1496
f 1385/1385/1385 1386/1386/1386 1513/1513/1513
f 1505/1505/1505 1515/1515/1515 1511/1511/1511
f 1516/1516/1516 1515/1515/1515 1505/1505/1505
f 1517/1517/1517 1515/1515/1515 1516/1516/1516
f 1514/1514/1514 1515/1515/1515 1517/1517/1517
f 1514/1514/1514 1519/1519/1519 1518/1518/1518
f 1517/1517/1517 1519/1519/1519 1514/1514/1514
f 1520/1520/1520 1514/1514/1514 1518/1518/1518
f 1513/1513/1513 1514/1514/1514 1520/1520/1520
f 1523/1523/1523 1522/1522/1522 1521/1521/1521
f 1524/1524/1524 1522/1522/1522 1523/1523/1523
f 1525/1525/1525 1522/1522/1522 1524/1524/1524
f 1527/1527/1527 1523/1523/1523 1526/1526/1526
f 1524/1524/1524 1523/1523/1523 1527/1527/1527
f 1527/1527/1527 1528/1528/1528 1524/1524/1524
f 1529/1529/1529 1528/1528/1528 1527/1527/1527
f 1517/1517/1517 1530/1530/1530 1519/1519/1519
f 1531/1531/1531 1530/1530/1530 1517/1517/1517
f 1532/1532/1532 1530/1530/1530 1531/1531/1531
f 1517/1517/1517 1533/1533/1533 1531/1531/1531
f 1516/1516/1516 1533/1533/1533 1517/1517/1517
f 1516/1516/1516 1510/1510/1510 1533/1533/1533
f 1505/1505/1505 1510/1510/1510 1516/1516/1516
f 1536/1536/1536 1535/1535/1535 1534/1534/1534
f 1537/1537/1537 1535/1535/1535 1536/1536/1536
f 1534/1534/1534 1538/1538/1538 1536/1536/1536
f 1539/1539/1539 1538/1538/1538 1534/1534/1534
f 1540/1540/1540 1538/1538/1538 1539/1539/1539
f 1541/1541/1541 1538/1538/1538 1540/1540/1540
f 1537/1537/1537 1413/1413/1413 1414/1414/1414
f 1536/1536/1536 1413/1413/1413 1537/1537/1537
f 1538/1538/1538 1415/1415/1415 1416/1416/1416
f 1541/1541/1541 1415/1415/1415 1538/1538/1538
f 1543/1543/1543 1542/1542/1542 1526/1526/1526
f 1544/1544/1544 1542/1542/1542 1543/1543/1543
f 1523/1523/1523 1545/1545/1545 1543/1543/1543
f 1521/1521/1521 1545/1545/1545 1523/1523/1523
f 1521/1521/1521 1421/1421/1421 1422/1422/1422
f 1522/1522/1522 1421/1421/1421 1521/1521/1521
f 1525/1525/1525 1421/1421/1421 1522/1522/1522
f 1423/1423/1423 1421/1421/1421 1525/1525/1525
f 1525/1525/1525 1524/1524/1524 1528/1528/1528
f 1528/1528/1528 1424/1424/1424 1425/1425/1425
f 1529/1529/1529 1424/1424/1424 1528/1528/1528
f 1541/1541/1541 1427/1427/1427 1415/1415/1415
f 1546/1546/1546 1427/1427/1427 1541/1541/1541
f 1547/1547/1547 1541/1541/1541 1540/1540/1540
f 1548/1548/1548 1541/1541/1541 1547/1547/1547
f 1549/1549/1549 1508/1508/1508 1506/1506/1506
f 1550/1550/1550 1508/1508/1508 1549/1549/1549
f 1546/1546/1546 1548/1548/1548 1551/1551/1551
f 1541/1541/1541 1548/1548/1548 1546/1546/1546
f 1553/1553/1553 1549/1549/1549 1552/1552/1552
f 1550/1550/1550 1549/1549/1549 1553/1553/1553
f 1555/1555/1555 1549/1549/1549 1554/1554/1554
f 1552/1552/1552 1549/1549/1549 1555/1555/1555
f 1557/1557/1557 1555/1555/1555 1556/1556/1556
f 1552/1552/1552 1555/1555/1555 1557/1557/1557
f 1559/1559/1559 1551/1551/1551 1558/1558/1558
f 1546/1546/1546 1551/1551/1551 1559/1559/1559
f 1559/1559/1559 1427/1427/1427 1546/1546/1546
f 1441/1441/1441 1427/1427/1427 1559/1559/1559
f 1549/1549/1549 1506/1506/1506 1560/1560/1560
f 1562/1562/1562 1561/1561/1561 1502/1502/1502
f 1563/1563/1563 1561/1561/1561 1562/1562/1562
f 1562/1562/1562 1564/1564/1564 1563/1563/1563
f 1506/1506/1506 1502/1502/1502 1561/1561/1561
f 1560/1560/1560 1565/1565/1565 1554/1554/1554
f 1554/1554/1554 1549/1549/1549 1560/1560/1560
f 1555/1555/1555 1566/1566/1566 1556/1556/1556
f 1490/1490/1490 1488/1488/1488 1489/1489/1489
f 1526/1526/1526 1523/1523/1523 1543/1543/1543
f 1567/1567/1567 1543/1543/1543 1545/1545/1545
f 1544/1544/1544 1543/1543/1543 1567/1567/1567
f 1473/1473/1473 1450/1450/1450 1475/1475/1475
f 1352/1352/1352 1450/1450/1450 1473/1473/1473
f 1483/1483/1483 1351/1351/1351 1482/1482/1482
f 1451/1451/1451 1351/1351/1351 1483/1483/1483
f 1450/1450/1450 1487/1487/1487 1475/1475/1475
f 1452/1452/1452 1487/1487/1487 1450/1450/1450
f 1562/1562/1562 1454/1454/1454 1564/1564/1564
f 1453/1453/1453 1454/1454/1454 1562/1562/1562
f 1568/1568/1568 1453/1453/1453 1562/1562/1562
f 1455/1455/1455 1453/1453/1453 1568/1568/1568
f 1386/1386/1386 1568/1568/1568 1496/1496/1496
f 1455/1455/1455 1568/1568/1568 1386/1386/1386
f 1520/1520/1520 1385/1385/1385 1513/1513/1513
f 1457/1457/1457 1385/1385/1385 1520/1520/1520
f 1463/1463/1463 1530/1530/1530 1532/1532/1532
f 1462/1462/1462 1530/1530/1530 1463/1463/1463
f 1422/1422/1422 1545/1545/1545 1521/1521/1521
f 1464/1464/1464 1545/1545/1545 1422/1422/1422
f 1425/1425/1425 1525/1525/1525 1528/1528/1528
f 1423/1423/1423 1525/1525/1525 1425/1425/1425
f 1567/1567/1567 1466/1466/1466 1544/1544/1544
f 1465/1465/1465 1466/1466/1466 1567/1567/1567
f 1544/1544/1544 1467/1467/1467 1542/1542/1542
f 1466/1466/1466 1467/1467/1467 1544/1544/1544
f 1512/1512/1512 1513/1513/1513 1496/1496/1496
f 1569/1569/1569 1484/1484/1484 1485/1485/1485
f 1489/1489/1489 1484/1484/1484 1569/1569/1569
f 1568/1568/1568 1498/1498/1498 1496/1496/1496
f 1500/1500/1500 1498/1498/1498 1568/1568/1568
f 1502/1502/1502 1568/1568/1568 1562/1562/1562
f 1500/1500/1500 1568/1568/1568 1502/1502/1502
f 1487/1487/1487 1469/1469/1469 1485/1485/1485
f 1452/1452/1452 1469/1469/1469 1487/1487/1487
f 1469/1469/1469 1569/1569/1569 1485/1485/1485
f 1470/1470/1470 1569/1569/1569 1469/1469/1469
f 1545/1545/1545 1465/1465/1465 1567/1567/1567
f 1464/1464/1464 1465/1465/1465 1545/1545/1545
f 1570/1570/1570 1414/1414/1414 1459/1459/1459
f 1537/1537/1537 1414/1414/1414 1570/1570/1570
f 1536/1536/1536 1416/1416/1416 1413/1413/1413
f 1538/1538/1538 1416/1416/1416 1536/1536/1536
f 1535/1535/1535 1570/1570/1570 1571/1571/1571
f 1537/1537/1537 1570/1570/1570 1535/1535/1535
f 1570/1570/1570 1572/1572/1572 1571/1571/1571
f 1573/1573/1573 1572/1572/1572 1570/1570/1570
f 1573/1573/1573 1459/1459/1459 1461/1461/1461
f 1570/1570/1570 1459/1459/1459 1573/1573/1573
f 1576/1576/1576 1575/1575/1575 1574/1574/1574
f 1577/1577/1577 1575/1575/1575 1576/1576/1576
f 1579/1579/1579 1578/1578/1578 1576/1576/1576
f 1580/1580/1580 1577/1577/1577 1576/1576/1576
f 1577/1577/1577 1580/1580/1580 1581/1581/1581
f 1583/1583/1583 1580/1580/1580 1582/1582/1582
f 1581/1581/1581 1580/1580/1580 1583/1583/1583
f 1586/1586/1586 1585/1585/1585 1584/1584/1584
f 1580/1580/1580 1585/1585/1585 1586/1586/1586
f 1576/1576/1576 1585/1585/1585 1580/1580/1580
f 1578/1578/1578 1585/1585/1585 1576/1576/1576
f 1586/1586/1586 1587/1587/1587 1582/1582/1582
f 1588/1588/1588 1587/1587/1587 1586/1586/1586
f 1580/1580/1580 1586/1586/1586 1582/1582/1582
f 1582/1582/1582 1589/1589/1589 1583/1583/1583
f 1587/1587/1587 1590/1590/1590 1589/1589/1589
f 1582/1582/1582 1587/1587/1587 1589/1589/1589
f 1593/1593/1593 1592/1592/1592 1591/1591/1591
f 1596/1596/1596 1595/1595/1595 1594/1594/1594
f 1591/1591/1591 1595/1595/1595 1596/1596/1596
f 1594/1594/1594 1597/1597/1597 1596/1596/1596
f 1598/1598/1598 1597/1597/1597 1594/1594/1594
f 1600/1600/1600 1598/1598/1598 1599/1599/1599
f 1597/1597/1597 1598/1598/1598 1600/1600/1600
f 1603/1603/1603 1602/1602/1602 1601/1601/1601
f 1605/1605/1605 1602/1602/1602 1604/1604/1604
f 1601/1601/1601 1602/1602/1602 1605/1605/1605
f 1607/1607/1607 1604/1604/1604 1606/1606/1606
f 1604/1604/1604 1608/1608/1608 1605/1605/1605
f 1607/1607/1607 1608/1608/1608 1604/1604/1604
f 1611/1611/1611 1610/1610/1610 1609/1609/1609
f 1612/1612/1612 1610/1610/1610 1611/1611/1611
f 1615/1615/1615 1614/1614/1614 1613/1613/1613
f 1608/1608/1608 1614/1614/1614 1605/1605/1605
f 1613/1613/1613 1614/1614/1614 1608/1608/1608
f 1615/1615/1615 1616/1616/1616 1614/1614/1614
f 1617/1617/1617 1616/1616/1616 1615/1615/1615
f 1616/1616/1616 1618/1618/1618 1614/1614/1614
f 1620/1620/1620 1619/1619/1619 1617/1617/1617
f 1615/1615/1615 1620/1620/1620 1617/1617/1617
f 1617/1617/1617 1619/1619/1619 1616/1616/1616
f 1621/1621/1621 1612/1612/1612 1611/1611/1611
f 1622/1622/1622 1612/1612/1612 1621/1621/1621
f 1625/1625/1625 1624/1624/1624 1623/1623/1623
f 1626/1626/1626 1624/1624/1624 1625/1625/1625
f 1627/1627/1627 1623/1623/1623 1624/1624/1624
f 1628/1628/1628 1623/1623/1623 1627/1627/1627
f 1623/1623/1623 1628/1628/1628 1629/1629/1629
f 1628/1628/1628 1630/1630/1630 1629/1629/1629
f 1631/1631/1631 1630/1630/1630 1628/1628/1628
f 1630/1630/1630 1623/1623/1623 1629/1629/1629
f 1632/1632/1632 1623/1623/1623 1630/1630/1630
f 1632/1632/1632 1625/1625/1625 1623/1623/1623
f 1625/1625/1625 1634/1634/1634 1633/1633/1633
f 1633/1633/1633 1626/1626/1626 1625/1625/1625
f 1635/1635/1635 1626/1626/1626 1633/1633/1633
f 1637/1637/1637 1632/1632/1632 1636/1636/1636
f 1632/1632/1632 1638/1638/1638 1636/1636/1636
f 1639/1639/1639 1638/1638/1638 1632/1632/1632
f 1634/1634/1634 1625/1625/1625 1637/1637/1637
f 1640/1640/1640 1632/1632/1632 1630/1630/1630
f 1639/1639/1639 1632/1632/1632 1640/1640/1640
f 1630/1630/1630 1631/1631/1631 1640/1640/1640
f 1626/1626/1626 1635/1635/1635 1641/1641/1641
f 1642/1642/1642 1624/1624/1624 1626/1626/1626
f 1643/1643/1643 1624/1624/1624 1642/1642/1642
f 1644/1644/1644 1624/1624/1624 1643/1643/1643
f 1627/1627/1627 1624/1624/1624 1644/1644/1644
f 1626/1626/1626 1641/1641/1641 1645/1645/1645
f 1648/1648/1648 1647/1647/1647 1646/1646/1646
f 1649/1649/1649 1648/1648/1648 1646/1646/1646
f 1647/1647/1647 1648/1648/1648 1650/1650/1650
f 1652/1652/1652 1648/1648/1648 1651/1651/1651
f 1653/1653/1653 1652/1652/1652 1651/1651/1651
f 1648/1648/1648 1649/1649/1649 1654/1654/1654
f 1651/1651/1651 1648/1648/1648 1654/1654/1654
f 1655/1655/1655 1652/1652/1652 1653/1653/1653
f 1656/1656/1656 1655/1655/1655 1653/1653/1653
f 1657/1657/1657 1652/1652/1652 1655/1655/1655
f 1658/1658/1658 1652/1652/1652 1657/1657/1657
f 1657/1657/1657 1644/1644/1644 1643/1643/1643
f 1655/1655/1655 1644/1644/1644 1657/1657/1657
f 1659/1659/1659 1601/1601/1601 1605/1605/1605
f 1660/1660/1660 1601/1601/1601 1659/1659/1659
f 1643/1643/1643 1661/1661/1661 1657/1657/1657
f 1642/1642/1642 1661/1661/1661 1643/1643/1643
f 1661/1661/1661 1658/1658/1658 1657/1657/1657
f 1652/1652/1652 1658/1658/1658 1650/1650/1650
f 1648/1648/1648 1652/1652/1652 1650/1650/1650
f 1599/1599/1599 1662/1662/1662 1600/1600/1600
f 1663/1663/1663 1662/1662/1662 1599/1599/1599
f 1618/1618/1618 1605/1605/1605 1614/1614/1614
f 1659/1659/1659 1605/1605/1605 1618/1618/1618
f 1645/1645/1645 1642/1642/1642 1626/1626/1626
f 1664/1664/1664 1642/1642/1642 1645/1645/1645
f 1642/1642/1642 1665/1665/1665 1661/1661/1661
f 1664/1664/1664 1665/1665/1665 1642/1642/1642
f 1661/1661/1661 1666/1666/1666 1658/1658/1658
f 1665/1665/1665 1666/1666/1666 1661/1661/1661
f 1667/1667/1667 1658/1658/1658 1666/1666/1666
f 1667/1667/1667 1650/1650/1650 1658/1658/1658
f 1670/1670/1670 1669/1669/1669 1668/1668/1668
f 1673/1673/1673 1672/1672/1672 1671/1671/1671
f 1675/1675/1675 1674/1674/1674 1671/1671/1671
f 1676/1676/1676 1674/1674/1674 1675/1675/1675
f 1676/1676/1676 1677/1677/1677 1674/1674/1674
f 1678/1678/1678 1677/1677/1677 1676/1676/1676
f 1681/1681/1681 1680/1680/1680 1679/1679/1679
f 1670/1670/1670 1680/1680/1680 1681/1681/1681
f 1674/1674/1674 1683/1683/1683 1682/1682/1682
f 1677/1677/1677 1683/1683/1683 1674/1674/1674
f 1671/1671/1671 1682/1682/1682 1684/1684/1684
f 1674/1674/1674 1682/1682/1682 1671/1671/1671
f 1685/1685/1685 1673/1673/1673 1684/1684/1684
f 1686/1686/1686 1673/1673/1673 1685/1685/1685
f 1689/1689/1689 1688/1688/1688 1687/1687/1687
f 1690/1690/1690 1688/1688/1688 1689/1689/1689
f 1688/1688/1688 1691/1691/1691 1687/1687/1687
f 1692/1692/1692 1691/1691/1691 1688/1688/1688
f 1692/1692/1692 1693/1693/1693 1685/1685/1685
f 1688/1688/1688 1693/1693/1693 1692/1692/1692
f 1690/1690/1690 1693/1693/1693 1688/1688/1688
f 1694/1694/1694 1693/1693/1693 1690/1690/1690
f 1696/1696/1696 1691/1691/1691 1695/1695/1695
f 1687/1687/1687 1691/1691/1691 1696/1696/1696
f 1699/1699/1699 1698/1698/1698 1697/1697/1697
f 1700/1700/1700 1698/1698/1698 1699/1699/1699
f 1701/1701/1701 1687/1687/1687 1696/1696/1696
f 1689/1689/1689 1687/1687/1687 1701/1701/1701
f 1702/1702/1702 1697/1697/1697 1698/1698/1698
f 1703/1703/1703 1697/1697/1697 1702/1702/1702
f 1706/1706/1706 1705/1705/1705 1704/1704/1704
f 1707/1707/1707 1705/1705/1705 1706/1706/1706
f 1704/1704/1704 1709/1709/1709 1708/1708/1708
f 1705/1705/1705 1709/1709/1709 1704/1704/1704
f 1711/1711/1711 1706/1706/1706 1710/1710/1710
f 1707/1707/1707 1706/1706/1706 1711/1711/1711
f 1713/1713/1713 1710/1710/1710 1712/1712/1712
f 1711/1711/1711 1710/1710/1710 1713/1713/1713
f 1715/1715/1715 1712/1712/1712 1714/1714/1714
f 1713/1713/1713 1712/1712/1712 1715/1715/1715
f 1717/1717/1717 1714/1714/1714 1716/1716/1716
f 1715/1715/1715 1714/1714/1714 1717/1717/1717
f 1719/1719/1719 1716/1716/1716 1718/1718/1718
f 1717/1717/1717 1716/1716/1716 1719/1719/1719
f 1720/1720/1720 1719/1719/1719 1718/1718/1718
f 1721/1721/1721 1719/1719/1719 1720/1720/1720
f 1724/1724/1724 1723/1723/1723 1722/1722/1722
f 1725/1725/1725 1723/1723/1723 1724/1724/1724
f 1726/1726/1726 1722/1722/1722 1723/1723/1723
f 1727/1727/1727 1722/1722/1722 1726/1726/1726
f 1668/1668/1668 1726/1726/1726 1728/1728/1728
f 1727/1727/1727 1726/1726/1726 1668/1668/1668
f 1670/1670/1670 1728/1728/1728 1680/1680/1680
f 1668/1668/1668 1728/1728/1728 1670/1670/1670
f 1708/1708/1708 1730/1730/1730 1729/1729/1729
f 1709/1709/1709 1730/1730/1730 1708/1708/1708
f 1733/1733/1733 1732/1732/1732 1731/1731/1731
f 1734/1734/1734 1732/1732/1732 1733/1733/1733
f 1736/1736/1736 1735/1735/1735 1700/1700/1700
f 1737/1737/1737 1691/1691/1691 1692/1692/1692
f 1738/1738/1738 1691/1691/1691 1737/1737/1737
f 1684/1684/1684 1739/1739/1739 1737/1737/1737
f 1685/1685/1685 1684/1684/1684 1737/1737/1737
f 1682/1682/1682 1740/1740/1740 1739/1739/1739
f 1683/1683/1683 1740/1740/1740 1682/1682/1682
f 1742/1742/1742 1739/1739/1739 1741/1741/1741
f 1737/1737/1737 1739/1739/1739 1742/1742/1742
f 1738/1738/1738 1742/1742/1742 1743/1743/1743
f 1737/1737/1737 1742/1742/1742 1738/1738/1738
f 1736/1736/1736 1745/1745/1745 1744/1744/1744
f 1748/1748/1748 1747/1747/1747 1746/1746/1746
f 1749/1749/1749 1747/1747/1747 1748/1748/1748
f 1736/1736/1736 1751/1751/1751 1750/1750/1750
f 1748/1748/1748 1736/1736/1736 1750/1750/1750
f 1751/1751/1751 1744/1744/1744 1752/1752/1752
f 1736/1736/1736 1744/1744/1744 1751/1751/1751
f 1754/1754/1754 1752/1752/1752 1753/1753/1753
f 1755/1755/1755 1752/1752/1752 1754/1754/1754
f 1755/1755/1755 1751/1751/1751 1752/1752/1752
f 1756/1756/1756 1751/1751/1751 1755/1755/1755
f 1752/1752/1752 1744/1744/1744 1757/1757/1757
f 1753/1753/1753 1752/1752/1752 1757/1757/1757
f 1749/1749/1749 1758/1758/1758 1747/1747/1747
f 1759/1759/1759 1758/1758/1758 1749/1749/1749
f 1748/1748/1748 1750/1750/1750 1760/1760/1760
f 1762/1762/1762 1760/1760/1760 1761/1761/1761
f 1763/1763/1763 1760/1760/1760 1762/1762/1762
f 1756/1756/1756 1761/1761/1761 1750/1750/1750
f 1751/1751/1751 1756/1756/1756 1750/1750/1750
f 1766/1766/1766 1765/1765/1765 1764/1764/1764
f 1767/1767/1767 1765/1765/1765 1766/1766/1766
f 1765/1765/1765 1768/1768/1768 1764/1764/1764
f 1769/1769/1769 1768/1768/1768 1765/1765/1765
f 1771/1771/1771 1769/1769/1769 1770/1770/1770
f 1768/1768/1768 1769/1769/1769 1771/1771/1771
f 1744/1744/1744 1772/1772/1772 1757/1757/1757
f 1745/1745/1745 1772/1772/1772 1744/1744/1744
f 1773/1773/1773 1772/1772/1772 1745/1745/1745
f 1776/1776/1776 1775/1775/1775 1774/1774/1774
f 1777/1777/1777 1775/1775/1775 1776/1776/1776
f 1778/1778/1778 1777/1777/1777 1776/1776/1776
f 1779/1779/1779 1777/1777/1777 1778/1778/1778
f 1782/1782/1782 1781/1781/1781 1780/1780/1780
f 1782/1782/1782 1783/1783/1783 1781/1781/1781
f 1784/1784/1784 1783/1783/1783 1782/1782/1782
f 1785/1785/1785 1749/1749/1749 1748/1748/1748
f 1760/1760/1760 1785/1785/1785 1748/1748/1748
f 1763/1763/1763 1785/1785/1785 1760/1760/1760
f 1750/1750/1750 1761/1761/1761 1760/1760/1760
f 1786/1786/1786 1763/1763/1763 1762/1762/1762
f 1787/1787/1787 1763/1763/1763 1786/1786/1786
f 1790/1790/1790 1789/1789/1789 1788/1788/1788
f 1793/1793/1793 1792/1792/1792 1791/1791/1791
f 1794/1794/1794 1792/1792/1792 1793/1793/1793
f 1796/1796/1796 1759/1759/1759 1795/1795/1795
f 1797/1797/1797 1759/1759/1759 1796/1796/1796
f 1795/1795/1795 1749/1749/1749 1785/1785/1785
f 1759/1759/1759 1749/1749/1749 1795/1795/1795
f 1759/1759/1759 1798/1798/1798 1758/1758/1758
f 1797/1797/1797 1798/1798/1798 1759/1759/1759
f 1797/1797/1797 1733/1733/1733 1798/1798/1798
f 1799/1799/1799 1733/1733/1733 1797/1797/1797
f 1800/1800/1800 1797/1797/1797 1796/1796/1796
f 1799/1799/1799 1797/1797/1797 1800/1800/1800
f 1793/1793/1793 1791/1791/1791 1801/1801/1801
f 1785/1785/1785 1787/1787/1787 1795/1795/1795
f 1763/1763/1763 1787/1787/1787 1785/1785/1785
f 1795/1795/1795 1789/1789/1789 1796/1796/1796
f 1787/1787/1787 1789/1789/1789 1795/1795/1795
f 1800/1800/1800 1796/1796/1796 1801/1801/1801
f 1776/1776/1776 1802/1802/1802 1780/1780/1780
f 1774/1774/1774 1802/1802/1802 1776/1776/1776
f 1781/1781/1781 1776/1776/1776 1780/1780/1780
f 1783/1783/1783 1778/1778/1778 1776/1776/1776
f 1781/1781/1781 1783/1783/1783 1776/1776/1776
f 1805/1805/1805 1804/1804/1804 1803/1803/1803
f 1806/1806/1806 1804/1804/1804 1805/1805/1805
f 1807/1807/1807 1805/1805/1805 1803/1803/1803
f 1808/1808/1808 1805/1805/1805 1807/1807/1807
f 1808/1808/1808 1809/1809/1809 1805/1805/1805
f 1810/1810/1810 1809/1809/1809 1808/1808/1808
f 1810/1810/1810 1811/1811/1811 1809/1809/1809
f 1812/1812/1812 1811/1811/1811 1810/1810/1810
f 1805/1805/1805 1813/1813/1813 1806/1806/1806
f 1809/1809/1809 1813/1813/1813 1805/1805/1805
f 1809/1809/1809 1814/1814/1814 1813/1813/1813
f 1811/1811/1811 1814/1814/1814 1809/1809/1809
f 1784/1784/1784 1768/1768/1768 1771/1771/1771
f 1782/1782/1782 1768/1768/1768 1784/1784/1784
f 1764/1764/1764 1782/1782/1782 1780/1780/1780
f 1768/1768/1768 1782/1782/1782 1764/1764/1764
f 1764/1764/1764 1802/1802/1802 1766/1766/1766
f 1780/1780/1780 1802/1802/1802 1764/1764/1764
f 1815/1815/1815 1814/1814/1814 1811/1811/1811
f 1816/1816/1816 1814/1814/1814 1815/1815/1815
f 1819/1819/1819 1818/1818/1818 1817/1817/1817
f 1820/1820/1820 1818/1818/1818 1819/1819/1819
f 1823/1823/1823 1822/1822/1822 1821/1821/1821
f 1825/1825/1825 1720/1720/1720 1824/1824/1824
f 1826/1826/1826 1720/1720/1720 1825/1825/1825
f 1716/1716/1716 1824/1824/1824 1718/1718/1718
f 1827/1827/1827 1824/1824/1824 1716/1716/1716
f 1712/1712/1712 1827/1827/1827 1714/1714/1714
f 1828/1828/1828 1827/1827/1827 1712/1712/1712
f 1830/1830/1830 1828/1828/1828 1829/1829/1829
f 1827/1827/1827 1828/1828/1828 1830/1830/1830
f 1827/1827/1827 1830/1830/1830 1824/1824/1824
f 1824/1824/1824 1831/1831/1831 1825/1825/1825
f 1830/1830/1830 1831/1831/1831 1824/1824/1824
f 1834/1834/1834 1833/1833/1833 1832/1832/1832
f 1835/1835/1835 1833/1833/1833 1834/1834/1834
f 1836/1836/1836 1835/1835/1835 1834/1834/1834
f 1728/1728/1728 1835/1835/1835 1836/1836/1836
f 1726/1726/1726 1835/1835/1835 1728/1728/1728
f 1835/1835/1835 1723/1723/1723 1833/1833/1833
f 1726/1726/1726 1723/1723/1723 1835/1835/1835
f 1836/1836/1836 1838/1838/1838 1837/1837/1837
f 1834/1834/1834 1838/1838/1838 1836/1836/1836
f 1836/1836/1836 1839/1839/1839 1680/1680/1680
f 1837/1837/1837 1839/1839/1839 1836/1836/1836
f 1680/1680/1680 1840/1840/1840 1679/1679/1679
f 1839/1839/1839 1840/1840/1840 1680/1680/1680
f 1842/1842/1842 1838/1838/1838 1841/1841/1841
f 1837/1837/1837 1838/1838/1838 1842/1842/1842
f 1843/1843/1843 1837/1837/1837 1842/1842/1842
f 1839/1839/1839 1837/1837/1837 1843/1843/1843
f 1839/1839/1839 1844/1844/1844 1840/1840/1840
f 1843/1843/1843 1844/1844/1844 1839/1839/1839
f 1847/1847/1847 1846/1846/1846 1845/1845/1845
f 1830/1830/1830 1846/1846/1846 1847/1847/1847
f 1831/1831/1831 1830/1830/1830 1847/1847/1847
f 1829/1829/1829 1846/1846/1846 1830/1830/1830
f 1848/1848/1848 1846/1846/1846 1829/1829/1829
f 1849/1849/1849 1829/1829/1829 1828/1828/1828
f 1850/1850/1850 1829/1829/1829 1849/1849/1849
f 1848/1848/1848 1829/1829/1829 1850/1850/1850
f 1851/1851/1851 1848/1848/1848 1850/1850/1850
f 1846/1846/1846 1853/1853/1853 1852/1852/1852
f 1848/1848/1848 1853/1853/1853 1846/1846/1846
f 1845/1845/1845 1852/1852/1852 1854/1854/1854
f 1846/1846/1846 1852/1852/1852 1845/1845/1845
f 1853/1853/1853 1855/1855/1855 1852/1852/1852
f 1858/1858/1858 1857/1857/1857 1856/1856/1856
f 1858/1858/1858 1856/1856/1856 1859/1859/1859
f 1860/1860/1860 1858/1858/1858 1859/1859/1859
f 1852/1852/1852 1861/1861/1861 1854/1854/1854
f 1862/1862/1862 1861/1861/1861 1852/1852/1852
f 1862/1862/1862 1852/1852/1852 1863/1863/1863
f 1863/1863/1863 1855/1855/1855 1864/1864/1864
f 1852/1852/1852 1855/1855/1855 1863/1863/1863
f 1866/1866/1866 1863/1863/1863 1865/1865/1865
f 1862/1862/1862 1863/1863/1863 1866/1866/1866
f 1867/1867/1867 1862/1862/1862 1866/1866/1866
f 1861/1861/1861 1862/1862/1862 1867/1867/1867
f 1866/1866/1866 1869/1869/1869 1868/1868/1868
f 1865/1865/1865 1869/1869/1869 1866/1866/1866
f 1867/1867/1867 1868/1868/1868 1870/1870/1870
f 1866/1866/1866 1868/1868/1868 1867/1867/1867
f 1863/1863/1863 1871/1871/1871 1865/1865/1865
f 1864/1864/1864 1871/1871/1871 1863/1863/1863
f 1865/1865/1865 1873/1873/1873 1872/1872/1872
f 1871/1871/1871 1873/1873/1873 1865/1865/1865
f 1872/1872/1872 1875/1875/1875 1874/1874/1874
f 1873/1873/1873 1875/1875/1875 1872/1872/1872
f 1877/1877/1877 1869/1869/1869 1876/1876/1876
f 1868/1868/1868 1869/1869/1869 1877/1877/1877
f 1877/1877/1877 1870/1870/1870 1868/1868/1868
f 1878/1878/1878 1870/1870/1870 1877/1877/1877
f 1880/1880/1880 1879/1879/1879 1870/1870/1870
f 1881/1881/1881 1879/1879/1879 1880/1880/1880
f 1884/1884/1884 1883/1883/1883 1882/1882/1882
f 1885/1885/1885 1858/1858/1858 1860/1860/1860
f 1886/1886/1886 1858/1858/1858 1885/1885/1885
f 1885/1885/1885 1883/1883/1883 1887/1887/1887
f 1860/1860/1860 1883/1883/1883 1885/1885/1885
f 1888/1888/1888 1887/1887/1887 1883/1883/1883
f 1889/1889/1889 1887/1887/1887 1888/1888/1888
f 1890/1890/1890 1888/1888/1888 1883/1883/1883
f 1883/1883/1883 1891/1891/1891 1890/1890/1890
f 1883/1883/1883 1884/1884/1884 1891/1891/1891
f 1892/1892/1892 1883/1883/1883 1860/1860/1860
f 1864/1864/1864 1893/1893/1893 1871/1871/1871
f 1855/1855/1855 1893/1893/1893 1864/1864/1864
f 1893/1893/1893 1855/1855/1855 1894/1894/1894
f 1895/1895/1895 1894/1894/1894 1851/1851/1851
f 1893/1893/1893 1894/1894/1894 1895/1895/1895
f 1871/1871/1871 1895/1895/1895 1896/1896/1896
f 1893/1893/1893 1895/1895/1895 1871/1871/1871
f 1897/1897/1897 1871/1871/1871 1896/1896/1896
f 1873/1873/1873 1871/1871/1871 1897/1897/1897
f 1873/1873/1873 1898/1898/1898 1875/1875/1875
f 1897/1897/1897 1898/1898/1898 1873/1873/1873
f 1851/1851/1851 1853/1853/1853 1848/1848/1848
f 1853/1853/1853 1851/1851/1851 1894/1894/1894
f 1855/1855/1855 1853/1853/1853 1894/1894/1894
f 1706/1706/1706 1849/1849/1849 1828/1828/1828
f 1710/1710/1710 1706/1706/1706 1828/1828/1828
f 1901/1901/1901 1900/1900/1900 1899/1899/1899
f 1902/1902/1902 1900/1900/1900 1901/1901/1901
f 1903/1903/1903 1902/1902/1902 1901/1901/1901
f 1906/1906/1906 1905/1905/1905 1904/1904/1904
f 1909/1909/1909 1908/1908/1908 1907/1907/1907
f 1910/1910/1910 1908/1908/1908 1909/1909/1909
f 1901/1901/1901 1911/1911/1911 1904/1904/1904
f 1912/1912/1912 1911/1911/1911 1901/1901/1901
f 1904/1904/1904 1908/1908/1908 1910/1910/1910
f 1911/1911/1911 1908/1908/1908 1904/1904/1904
f 1913/1913/1913 1908/1908/1908 1911/1911/1911
f 1908/1908/1908 1913/1913/1913 1914/1914/1914
f 1915/1915/1915 1908/1908/1908 1914/1914/1914
f 1917/1917/1917 1915/1915/1915 1916/1916/1916
f 1914/1914/1914 1919/1919/1919 1918/1918/1918
f 1913/1913/1913 1919/1919/1919 1914/1914/1914
f 1919/1919/1919 1850/1850/1850 1849/1849/1849
f 1913/1913/1913 1850/1850/1850 1919/1919/1919
f 1851/1851/1851 1913/1913/1913 1911/1911/1911
f 1850/1850/1850 1913/1913/1913 1851/1851/1851
f 1912/1912/1912 1851/1851/1851 1911/1911/1911
f 1895/1895/1895 1851/1851/1851 1912/1912/1912
f 1899/1899/1899 1920/1920/1920 1912/1912/1912
f 1901/1901/1901 1899/1899/1899 1912/1912/1912
f 1920/1920/1920 1896/1896/1896 1895/1895/1895
f 1921/1921/1921 1896/1896/1896 1920/1920/1920
f 1895/1895/1895 1912/1912/1912 1920/1920/1920
f 1921/1921/1921 1897/1897/1897 1896/1896/1896
f 1922/1922/1922 1897/1897/1897 1921/1921/1921
f 1924/1924/1924 1899/1899/1899 1923/1923/1923
f 1925/1925/1925 1899/1899/1899 1924/1924/1924
f 1928/1928/1928 1927/1927/1927 1926/1926/1926
f 1931/1931/1931 1930/1930/1930 1929/1929/1929
f 1932/1932/1932 1925/1925/1925 1927/1927/1927
f 1933/1933/1933 1925/1925/1925 1932/1932/1932
f 1899/1899/1899 1925/1925/1925 1933/1933/1933
f 1920/1920/1920 1899/1899/1899 1933/1933/1933
f 1934/1934/1934 1921/1921/1921 1933/1933/1933
f 1935/1935/1935 1927/1927/1927 1929/1929/1929
f 1936/1936/1936 1927/1927/1927 1935/1935/1935
f 1936/1936/1936 1932/1932/1932 1927/1927/1927
f 1927/1927/1927 1928/1928/1928 1937/1937/1937
f 1940/1940/1940 1939/1939/1939 1938/1938/1938
f 1939/1939/1939 1940/1940/1940 1941/1941/1941
f 1914/1914/1914 1939/1939/1939 1915/1915/1915
f 1942/1942/1942 1939/1939/1939 1914/1914/1914
f 1942/1942/1942 1918/1918/1918 1943/1943/1943
f 1914/1914/1914 1918/1918/1918 1942/1942/1942
f 1942/1942/1942 1944/1944/1944 1930/1930/1930
f 1943/1943/1943 1944/1944/1944 1942/1942/1942
f 1939/1939/1939 1942/1942/1942 1930/1930/1930
f 1944/1944/1944 1946/1946/1946 1945/1945/1945
f 1943/1943/1943 1946/1946/1946 1944/1944/1944
f 1943/1943/1943 1947/1947/1947 1946/1946/1946
f 1918/1918/1918 1947/1947/1947 1943/1943/1943
f 1918/1918/1918 1849/1849/1849 1947/1947/1947
f 1919/1919/1919 1849/1849/1849 1918/1918/1918
f 1947/1947/1947 1706/1706/1706 1704/1704/1704
f 1849/1849/1849 1706/1706/1706 1947/1947/1947
f 1946/1946/1946 1704/1704/1704 1708/1708/1708
f 1947/1947/1947 1704/1704/1704 1946/1946/1946
f 1946/1946/1946 1729/1729/1729 1945/1945/1945
f 1708/1708/1708 1729/1729/1729 1946/1946/1946
f 1948/1948/1948 1791/1791/1791 1792/1792/1792
f 1949/1949/1949 1791/1791/1791 1948/1948/1948
f 1952/1952/1952 1951/1951/1951 1950/1950/1950
f 1953/1953/1953 1951/1951/1951 1952/1952/1952
f 1951/1951/1951 1953/1953/1953 1954/1954/1954
f 1842/1842/1842 1841/1841/1841 1955/1955/1955
f 1842/1842/1842 1955/1955/1955 1843/1843/1843
f 1734/1734/1734 1733/1733/1733 1799/1799/1799
f 1740/1740/1740 1741/1741/1741 1739/1739/1739
f 1956/1956/1956 1741/1741/1741 1740/1740/1740
f 1922/1922/1922 1921/1921/1921 1934/1934/1934
f 1934/1934/1934 1932/1932/1932 1957/1957/1957
f 1933/1933/1933 1932/1932/1932 1934/1934/1934
f 1957/1957/1957 1936/1936/1936 1958/1958/1958
f 1932/1932/1932 1936/1936/1936 1957/1957/1957
f 1953/1953/1953 1959/1959/1959 1954/1954/1954
f 1960/1960/1960 1959/1959/1959 1953/1953/1953
f 1963/1963/1963 1962/1962/1962 1961/1961/1961
f 1964/1964/1964 1962/1962/1962 1963/1963/1963
f 1967/1967/1967 1966/1966/1966 1965/1965/1965
f 1968/1968/1968 1966/1966/1966 1967/1967/1967
f 1971/1971/1971 1970/1970/1970 1969/1969/1969
f 1972/1972/1972 1970/1970/1970 1971/1971/1971
f 1975/1975/1975 1974/1974/1974 1973/1973/1973
f 1974/1974/1974 1975/1975/1975 1976/1976/1976
f 1972/1972/1972 1977/1977/1977 1970/1970/1970
f 1978/1978/1978 1977/1977/1977 1972/1972/1972
f 1981/1981/1981 1980/1980/1980 1979/1979/1979
f 1965/1965/1965 1980/1980/1980 1981/1981/1981
f 1970/1970/1970 1982/1982/1982 1969/1969/1969
f 1970/1970/1970 1983/1983/1983 1982/1982/1982
f 1977/1977/1977 1983/1983/1983 1970/1970/1970
f 1986/1986/1986 1985/1985/1985 1984/1984/1984
f 1983/1983/1983 1985/1985/1985 1986/1986/1986
f 1988/1988/1988 1954/1954/1954 1987/1987/1987
f 1990/1990/1990 1982/1982/1982 1989/1989/1989
f 1980/1980/1980 1982/1982/1982 1990/1990/1990
f 1983/1983/1983 1974/1974/1974 1985/1985/1985
f 1977/1977/1977 1974/1974/1974 1983/1983/1983
f 1692/1692/1692 1685/1685/1685 1737/1737/1737
f 1720/1720/1720 1718/1718/1718 1824/1824/1824
f 1714/1714/1714 1827/1827/1827 1716/1716/1716
f 1710/1710/1710 1828/1828/1828 1712/1712/1712
f 1735/1735/1735 1992/1992/1992 1991/1991/1991
f 1746/1746/1746 1992/1992/1992 1735/1735/1735
f 1746/1746/1746 1993/1993/1993 1992/1992/1992
f 1747/1747/1747 1993/1993/1993 1746/1746/1746
f 1758/1758/1758 1993/1993/1993 1747/1747/1747
f 1994/1994/1994 1993/1993/1993 1758/1758/1758
f 1798/1798/1798 1994/1994/1994 1758/1758/1758
f 1995/1995/1995 1994/1994/1994 1798/1798/1798
f 1798/1798/1798 1731/1731/1731 1995/1995/1995
f 1733/1733/1733 1731/1731/1731 1798/1798/1798
f 1796/1796/1796 1996/1996/1996 1801/1801/1801
f 1789/1789/1789 1996/1996/1996 1796/1796/1796
f 1998/1998/1998 1996/1996/1996 1997/1997/1997
f 1999/1999/1999 1962/1962/1962 1981/1981/1981
f 1965/1965/1965 1966/1966/1966 1980/1980/1980
f 1700/1700/1700 1991/1991/1991 1698/1698/1698
f 1735/1735/1735 1991/1991/1991 1700/1700/1700
f 2000/2000/2000 1698/1698/1698 1991/1991/1991
f 1702/1702/1702 1698/1698/1698 2000/2000/2000
f 1691/1691/1691 1738/1738/1738 1695/1695/1695
f 1736/1736/1736 1700/1700/1700 1699/1699/1699
f 1745/1745/1745 1736/1736/1736 1699/1699/1699
f 1746/1746/1746 1736/1736/1736 1748/1748/1748
f 1735/1735/1735 1736/1736/1736 1746/1746/1746
f 1836/1836/1836 1680/1680/1680 1728/1728/1728
f 1682/1682/1682 1739/1739/1739 1684/1684/1684
f 1870/1870/1870 1878/1878/1878 1880/1880/1880
f 1958/1958/1958 1935/1935/1935 2001/2001/2001
f 1936/1936/1936 1935/1935/1935 1958/1958/1958
f 1681/1681/1681 1669/1669/1669 1670/1670/1670
f 2002/2002/2002 1669/1669/1669 1681/1681/1681
f 2003/2003/2003 1991/1991/1991 1992/1992/1992
f 2000/2000/2000 1991/1991/1991 2003/2003/2003
f 2004/2004/2004 1992/1992/1992 1993/1993/1993
f 2003/2003/2003 1992/1992/1992 2004/2004/2004
f 2005/2005/2005 1993/1993/1993 1994/1994/1994
f 2004/2004/2004 1993/1993/1993 2005/2005/2005
f 2006/2006/2006 1994/1994/1994 1995/1995/1995
f 2005/2005/2005 1994/1994/1994 2006/2006/2006
f 2007/2007/2007 1995/1995/1995 1731/1731/1731
f 2006/2006/2006 1995/1995/1995 2007/2007/2007
f 2008/2008/2008 1731/1731/1731 1732/1732/1732
f 2007/2007/2007 1731/1731/1731 2008/2008/2008
f 1777/1777/1777 1804/1804/1804 1775/1775/1775
f 1803/1803/1803 1804/1804/1804 1777/1777/1777
f 1803/1803/1803 1779/1779/1779 1807/1807/1807
f 1777/1777/1777 1779/1779/1779 1803/1803/1803
f 1625/1625/1625 1632/1632/1632 1637/1637/1637
f 1922/1922/1922 1898/1898/1898 1897/1897/1897
f 1869/1869/1869 1874/1874/1874 1876/1876/1876
f 1872/1872/1872 1874/1874/1874 1869/1869/1869
f 1872/1872/1872 1869/1869/1869 1865/1865/1865
f 2009/2009/2009 1622/1622/1622 1621/1621/1621
f 2010/2010/2010 1622/1622/1622 2009/2009/2009
f 2011/2011/2011 1622/1622/1622 2010/2010/2010
f 1962/1962/1962 2012/2012/2012 1961/1961/1961
f 2015/2015/2015 2014/2014/2014 2013/2013/2013
f 1987/1987/1987 1954/1954/1954 1959/1959/1959
f 1999/1999/1999 2012/2012/2012 1962/1962/1962
f 1980/1980/1980 1990/1990/1990 1979/1979/1979
f 1982/1982/1982 2016/2016/2016 1989/1989/1989
f 2016/2016/2016 1983/1983/1983 1986/1986/1986
f 1982/1982/1982 1983/1983/1983 2016/2016/2016
f 1985/1985/1985 2017/2017/2017 1984/1984/1984
f 2020/2020/2020 2019/2019/2019 2018/2018/2018
f 2018/2018/2018 2021/2021/2021 2020/2020/2020
f 2022/2022/2022 2021/2021/2021 2018/2018/2018
f 2023/2023/2023 2021/2021/2021 2022/2022/2022
f 2021/2021/2021 1985/1985/1985 2024/2024/2024
f 2023/2023/2023 1985/1985/1985 2021/2021/2021
f 2017/2017/2017 1985/1985/1985 2023/2023/2023
f 1985/1985/1985 1976/1976/1976 2024/2024/2024
f 1974/1974/1974 1976/1976/1976 1985/1985/1985
f 1820/1820/1820 1816/1816/1816 1815/1815/1815
f 1819/1819/1819 1816/1816/1816 1820/1820/1820
f 1817/1817/1817 1823/1823/1823 1821/1821/1821
f 1818/1818/1818 1823/1823/1823 1817/1817/1817
f 2026/2026/2026 2025/2025/2025 1976/1976/1976
f 2029/2029/2029 2028/2028/2028 2027/2027/2027
f 1675/1675/1675 2028/2028/2028 2029/2029/2029
f 1694/1694/1694 2030/2030/2030 1693/1693/1693
f 2031/2031/2031 2030/2030/2030 1694/1694/1694
f 1672/1672/1672 1673/1673/1673 2032/2032/2032
f 2028/2028/2028 1671/1671/1671 1672/1672/1672
f 1675/1675/1675 1671/1671/1671 2028/2028/2028
f 1686/1686/1686 1693/1693/1693 2030/2030/2030
f 2035/2035/2035 2034/2034/2034 2033/2033/2033
f 2036/2036/2036 2034/2034/2034 2035/2035/2035
f 2039/2039/2039 2038/2038/2038 2037/2037/2037
f 2040/2040/2040 2038/2038/2038 2039/2039/2039
f 2043/2043/2043 2042/2042/2042 2041/2041/2041
f 2044/2044/2044 2042/2042/2042 2043/2043/2043
f 2045/2045/2045 1686/1686/1686 2030/2030/2030
f 2048/2048/2048 2047/2047/2047 2046/2046/2046
f 2049/2049/2049 2047/2047/2047 2048/2048/2048
f 2031/2031/2031 2051/2051/2051 2050/2050/2050
f 1694/1694/1694 2051/2051/2051 2031/2031/2031
f 2032/2032/2032 1686/1686/1686 2045/2045/2045
f 1673/1673/1673 1686/1686/1686 2032/2032/2032
f 2048/2048/2048 2052/2052/2052 2044/2044/2044
f 2053/2053/2053 2052/2052/2052 2048/2048/2048
f 2052/2052/2052 2055/2055/2055 2054/2054/2054
f 2053/2053/2053 2055/2055/2055 2052/2052/2052
f 2058/2058/2058 2057/2057/2057 2056/2056/2056
f 2059/2059/2059 2057/2057/2057 2058/2058/2058
f 2050/2050/2050 2029/2029/2029 2027/2027/2027
f 2051/2051/2051 2029/2029/2029 2050/2050/2050
f 2061/2061/2061 2060/2060/2060 2057/2057/2057
f 2062/2062/2062 2060/2060/2060 2061/2061/2061
f 2054/2054/2054 2059/2059/2059 2058/2058/2058
f 2055/2055/2055 2059/2059/2059 2054/2054/2054
f 2064/2064/2064 2056/2056/2056 2063/2063/2063
f 2065/2065/2065 2056/2056/2056 2064/2064/2064
f 2067/2067/2067 2040/2040/2040 2066/2066/2066
f 2038/2038/2038 2040/2040/2040 2067/2067/2067
f 2070/2070/2070 2069/2069/2069 2068/2068/2068
f 2071/2071/2071 2069/2069/2069 2070/2070/2070
f 2071/2071/2071 2052/2052/2052 2054/2054/2054
f 2069/2069/2069 2054/2054/2054 2058/2058/2058
f 2071/2071/2071 2054/2054/2054 2069/2069/2069
f 2067/2067/2067 2055/2055/2055 2053/2053/2053
f 2066/2066/2066 2059/2059/2059 2055/2055/2055
f 2066/2066/2066 2055/2055/2055 2067/2067/2067
f 2041/2041/2041 2071/2071/2071 2070/2070/2070
f 2042/2042/2042 2071/2071/2071 2041/2041/2041
f 2042/2042/2042 2052/2052/2052 2071/2071/2071
f 2044/2044/2044 2052/2052/2052 2042/2042/2042
f 2046/2046/2046 2038/2038/2038 2067/2067/2067
f 2047/2047/2047 2038/2038/2038 2046/2046/2046
f 2048/2048/2048 2067/2067/2067 2053/2053/2053
f 2046/2046/2046 2067/2067/2067 2048/2048/2048
f 2061/2061/2061 2059/2059/2059 2066/2066/2066
f 2057/2057/2057 2059/2059/2059 2061/2061/2061
f 2062/2062/2062 2066/2066/2066 2040/2040/2040
f 2061/2061/2061 2066/2066/2066 2062/2062/2062
f 2065/2065/2065 2068/2068/2068 2069/2069/2069
f 2064/2064/2064 2068/2068/2068 2065/2065/2065
f 2056/2056/2056 2069/2069/2069 2058/2058/2058
f 2065/2065/2065 2069/2069/2069 2056/2056/2056
f 2057/2057/2057 2073/2073/2073 2072/2072/2072
f 2060/2060/2060 2073/2073/2073 2057/2057/2057
f 2056/2056/2056 2072/2072/2072 2074/2074/2074
f 2057/2057/2057 2072/2072/2072 2056/2056/2056
f 2063/2063/2063 2074/2074/2074 2075/2075/2075
f 2056/2056/2056 2074/2074/2074 2063/2063/2063
f 2044/2044/2044 2077/2077/2077 2076/2076/2076
f 2043/2043/2043 2077/2077/2077 2044/2044/2044
f 2076/2076/2076 2048/2048/2048 2044/2044/2044
f 2078/2078/2078 2048/2048/2048 2076/2076/2076
f 2078/2078/2078 2049/2049/2049 2048/2048/2048
f 2079/2079/2079 2049/2049/2049 2078/2078/2078
f 2080/2080/2080 2039/2039/2039 2037/2037/2037
f 2081/2081/2081 2039/2039/2039 2080/2080/2080
f 2082/2082/2082 2081/2081/2081 2080/2080/2080
f 2083/2083/2083 2081/2081/2081 2082/2082/2082
f 2070/2070/2070 2085/2085/2085 2084/2084/2084
f 2068/2068/2068 2085/2085/2085 2070/2070/2070
f 2084/2084/2084 2035/2035/2035 2033/2033/2033
f 2085/2085/2085 2035/2035/2035 2084/2084/2084
f 2012/2012/2012 2015/2015/2015 1961/1961/1961
f 2014/2014/2014 2015/2015/2015 2012/2012/2012
f 2015/2015/2015 1963/1963/1963 1961/1961/1961
f 2086/2086/2086 1963/1963/1963 2015/2015/2015
f 1962/1962/1962 1965/1965/1965 1981/1981/1981
f 1962/1962/1962 1967/1967/1967 1965/1965/1965
f 1964/1964/1964 1967/1967/1967 1962/1962/1962
f 1966/1966/1966 2087/2087/2087 1980/1980/1980
f 1966/1966/1966 2088/2088/2088 2087/2087/2087
f 1968/1968/1968 2088/2088/2088 1966/1966/1966
f 2087/2087/2087 1982/1982/1982 1980/1980/1980
f 1969/1969/1969 1982/1982/1982 2087/2087/2087
f 2087/2087/2087 1971/1971/1971 1969/1969/1969
f 2088/2088/2088 1971/1971/1971 2087/2087/2087
f 1949/1949/1949 1951/1951/1951 1954/1954/1954
f 1950/1950/1950 1949/1949/1949 1948/1948/1948
f 1951/1951/1951 1949/1949/1949 1950/1950/1950
f 1996/1996/1996 1793/1793/1793 1801/1801/1801
f 1996/1996/1996 1794/1794/1794 1793/1793/1793
f 1998/1998/1998 1794/1794/1794 1996/1996/1996
f 1996/1996/1996 1790/1790/1790 1997/1997/1997
f 1789/1789/1789 1790/1790/1790 1996/1996/1996
f 1788/1788/1788 1787/1787/1787 1786/1786/1786
f 1789/1789/1789 1787/1787/1787 1788/1788/1788
f 2089/2089/2089 1977/1977/1977 1978/1978/1978
f 1973/1973/1973 1977/1977/1977 2089/2089/2089
f 1974/1974/1974 1977/1977/1977 1973/1973/1973
f 1975/1975/1975 2026/2026/2026 1976/1976/1976
f 2025/2025/2025 2090/2090/2090 1976/1976/1976
f 2091/2091/2091 2090/2090/2090 2025/2025/2025
f 2092/2092/2092 2090/2090/2090 2091/2091/2091
f 2093/2093/2093 2090/2090/2090 2092/2092/2092
f 2094/2094/2094 1915/1915/1915 1917/1917/1917
f 1908/1908/1908 1915/1915/1915 2094/2094/2094
f 2095/2095/2095 1908/1908/1908 2094/2094/2094
f 1907/1907/1907 1908/1908/1908 2095/2095/2095
f 1906/1906/1906 1910/1910/1910 2096/2096/2096
f 1904/1904/1904 1910/1910/1910 1906/1906/1906
f 2096/2096/2096 1910/1910/1910 1909/1909/1909
f 1904/1904/1904 1903/1903/1903 1901/1901/1901
f 2097/2097/2097 1903/1903/1903 1904/1904/1904
f 1905/1905/1905 2097/2097/2097 1904/1904/1904
f 1916/1916/1916 1915/1915/1915 2098/2098/2098
f 2098/2098/2098 1939/1939/1939 1941/1941/1941
f 1915/1915/1915 1939/1939/1939 2098/2098/2098
f 2100/2100/2100 1930/1930/1930 2099/2099/2099
f 1938/1938/1938 1930/1930/1930 2100/2100/2100
f 1939/1939/1939 1930/1930/1930 1938/1938/1938
f 1930/1930/1930 1931/1931/1931 2099/2099/2099
f 1931/1931/1931 1929/1929/1929 2101/2101/2101
f 2101/2101/2101 1927/1927/1927 1937/1937/1937
f 1929/1929/1929 1927/1927/1927 2101/2101/2101
f 2103/2103/2103 2102/2102/2102 1925/1925/1925
f 1924/1924/1924 2103/2103/2103 1925/1925/1925
f 2102/2102/2102 1927/1927/1927 1925/1925/1925
f 1926/1926/1926 1927/1927/1927 2102/2102/2102
f 1899/1899/1899 1900/1900/1900 1923/1923/1923
f 1693/1693/1693 1686/1686/1686 1685/1685/1685
f 1673/1673/1673 1671/1671/1671 1684/1684/1684
f 1920/1920/1920 1933/1933/1933 1921/1921/1921
f 1610/1610/1610 2104/2104/2104 1609/1609/1609
f 2105/2105/2105 2104/2104/2104 1610/1610/1610
f 2106/2106/2106 2104/2104/2104 2105/2105/2105
f 2109/2109/2109 2108/2108/2108 2107/2107/2107
f 2110/2110/2110 2108/2108/2108 2109/2109/2109
f 2110/2110/2110 2111/2111/2111 2108/2108/2108
f 2112/2112/2112 2111/2111/2111 2110/2110/2110
f 2115/2115/2115 2114/2114/2114 2113/2113/2113
f 2116/2116/2116 2114/2114/2114 2115/2115/2115
f 2115/2115/2115 2118/2118/2118 2117/2117/2117
f 2115/2115/2115 2113/2113/2113 2119/2119/2119
f 2120/2120/2120 2119/2119/2119 2113/2113/2113
f 2121/2121/2121 2119/2119/2119 2120/2120/2120
f 2122/2122/2122 2119/2119/2119 2121/2121/2121
f 2124/2124/2124 2123/2123/2123 2119/2119/2119
f 2125/2125/2125 2123/2123/2123 2124/2124/2124
f 2115/2115/2115 2123/2123/2123 2118/2118/2118
f 2119/2119/2119 2123/2123/2123 2115/2115/2115
f 2124/2124/2124 2127/2127/2127 2126/2126/2126
f 2122/2122/2122 2127/2127/2127 2124/2124/2124
f 2122/2122/2122 2124/2124/2124 2119/2119/2119
f 2121/2121/2121 2128/2128/2128 2122/2122/2122
f 2128/2128/2128 2129/2129/2129 2127/2127/2127
f 2128/2128/2128 2127/2127/2127 2122/2122/2122
f 2132/2132/2132 2131/2131/2131 2130/2130/2130
f 2134/2134/2134 2133/2133/2133 2131/2131/2131
f 2135/2135/2135 2133/2133/2133 2134/2134/2134
f 2135/2135/2135 2137/2137/2137 2136/2136/2136
f 2134/2134/2134 2137/2137/2137 2135/2135/2135
f 2138/2138/2138 2136/2136/2136 2137/2137/2137
f 2139/2139/2139 2136/2136/2136 2138/2138/2138
f 2142/2142/2142 2141/2141/2141 2140/2140/2140
f 2143/2143/2143 2141/2141/2141 2142/2142/2142
f 2144/2144/2144 2141/2141/2141 2143/2143/2143
f 2146/2146/2146 2144/2144/2144 2145/2145/2145
f 2144/2144/2144 2147/2147/2147 2145/2145/2145
f 2143/2143/2143 2147/2147/2147 2144/2144/2144
f 2150/2150/2150 2149/2149/2149 2148/2148/2148
f 2151/2151/2151 2149/2149/2149 2150/2150/2150
f 2154/2154/2154 2153/2153/2153 2152/2152/2152
f 2147/2147/2147 2153/2153/2153 2154/2154/2154
f 2143/2143/2143 2153/2153/2153 2147/2147/2147
f 2152/2152/2152 2156/2156/2156 2155/2155/2155
f 2153/2153/2153 2156/2156/2156 2152/2152/2152
f 2153/2153/2153 2157/2157/2157 2156/2156/2156
f 2155/2155/2155 2159/2159/2159 2158/2158/2158
f 2155/2155/2155 2158/2158/2158 2152/2152/2152
f 2156/2156/2156 2159/2159/2159 2155/2155/2155
f 2161/2161/2161 2148/2148/2148 2160/2160/2160
f 2150/2150/2150 2148/2148/2148 2161/2161/2161
f 2164/2164/2164 2163/2163/2163 2162/2162/2162
f 2165/2165/2165 2163/2163/2163 2164/2164/2164
f 2167/2167/2167 2165/2165/2165 2166/2166/2166
f 2163/2163/2163 2165/2165/2165 2167/2167/2167
f 2168/2168/2168 2166/2166/2166 2165/2165/2165
f 2166/2166/2166 2170/2170/2170 2169/2169/2169
f 2168/2168/2168 2170/2170/2170 2166/2166/2166
f 2170/2170/2170 2165/2165/2165 2171/2171/2171
f 2168/2168/2168 2165/2165/2165 2170/2170/2170
f 2165/2165/2165 2164/2164/2164 2171/2171/2171
f 2173/2173/2173 2172/2172/2172 2164/2164/2164
f 2173/2173/2173 2162/2162/2162 2174/2174/2174
f 2164/2164/2164 2162/2162/2162 2173/2173/2173
f 2176/2176/2176 2171/2171/2171 2175/2175/2175
f 2171/2171/2171 2178/2178/2178 2177/2177/2177
f 2176/2176/2176 2178/2178/2178 2171/2171/2171
f 2175/2175/2175 2164/2164/2164 2172/2172/2172
f 2179/2179/2179 2171/2171/2171 2177/2177/2177
f 2170/2170/2170 2171/2171/2171 2179/2179/2179
f 2179/2179/2179 2169/2169/2169 2170/2170/2170
f 2180/2180/2180 2174/2174/2174 2162/2162/2162
f 2182/2182/2182 2163/2163/2163 2181/2181/2181
f 2162/2162/2162 2163/2163/2163 2182/2182/2182
f 2183/2183/2183 2163/2163/2163 2167/2167/2167
f 2181/2181/2181 2163/2163/2163 2183/2183/2183
f 2184/2184/2184 2180/2180/2180 2162/2162/2162
f 2187/2187/2187 2186/2186/2186 2185/2185/2185
f 2187/2187/2187 2185/2185/2185 2188/2188/2188
f 2189/2189/2189 2185/2185/2185 2186/2186/2186
f 2191/2191/2191 2185/2185/2185 2190/2190/2190
f 2191/2191/2191 2190/2190/2190 2192/2192/2192
f 2193/2193/2193 2188/2188/2188 2185/2185/2185
f 2193/2193/2193 2185/2185/2185 2191/2191/2191
f 2192/2192/2192 2190/2190/2190 2194/2194/2194
f 2192/2192/2192 2194/2194/2194 2195/2195/2195
f 2197/2197/2197 2190/2190/2190 2196/2196/2196
f 2194/2194/2194 2190/2190/2190 2197/2197/2197
f 2197/2197/2197 2183/2183/2183 2194/2194/2194
f 2181/2181/2181 2183/2183/2183 2197/2197/2197
f 2199/2199/2199 2142/2142/2142 2198/2198/2198
f 2143/2143/2143 2142/2142/2142 2199/2199/2199
f 2181/2181/2181 2200/2200/2200 2182/2182/2182
f 2197/2197/2197 2200/2200/2200 2181/2181/2181
f 2197/2197/2197 2196/2196/2196 2200/2200/2200
f 2189/2189/2189 2196/2196/2196 2190/2190/2190
f 2189/2189/2189 2190/2190/2190 2185/2185/2185
f 2139/2139/2139 2202/2202/2202 2201/2201/2201
f 2138/2138/2138 2202/2202/2202 2139/2139/2139
f 2157/2157/2157 2143/2143/2143 2199/2199/2199
f 2153/2153/2153 2143/2143/2143 2157/2157/2157
f 2184/2184/2184 2182/2182/2182 2203/2203/2203
f 2162/2162/2162 2182/2182/2182 2184/2184/2184
f 2182/2182/2182 2204/2204/2204 2203/2203/2203
f 2200/2200/2200 2204/2204/2204 2182/2182/2182
f 2200/2200/2200 2205/2205/2205 2204/2204/2204
f 2196/2196/2196 2205/2205/2205 2200/2200/2200
f 2205/2205/2205 2196/2196/2196 2206/2206/2206
f 2196/2196/2196 2189/2189/2189 2206/2206/2206
f 2209/2209/2209 2208/2208/2208 2207/2207/2207
f 2212/2212/2212 2211/2211/2211 2210/2210/2210
f 2215/2215/2215 2214/2214/2214 2213/2213/2213
f 2212/2212/2212 2214/2214/2214 2215/2215/2215
f 2213/2213/2213 2217/2217/2217 2216/2216/2216
f 2214/2214/2214 2217/2217/2217 2213/2213/2213
f 2219/2219/2219 2218/2218/2218 2207/2207/2207
f 2220/2220/2220 2218/2218/2218 2219/2219/2219
f 2214/2214/2214 2221/2221/2221 2217/2217/2217
f 2222/2222/2222 2221/2221/2221 2214/2214/2214
f 2212/2212/2212 2222/2222/2222 2214/2214/2214
f 2223/2223/2223 2222/2222/2222 2212/2212/2212
f 2225/2225/2225 2210/2210/2210 2224/2224/2224
f 2223/2223/2223 2210/2210/2210 2225/2225/2225
f 2228/2228/2228 2227/2227/2227 2226/2226/2226
f 2229/2229/2229 2227/2227/2227 2228/2228/2228
f 2227/2227/2227 2231/2231/2231 2230/2230/2230
f 2229/2229/2229 2231/2231/2231 2227/2227/2227
f 2230/2230/2230 2232/2232/2232 2227/2227/2227
f 2225/2225/2225 2232/2232/2232 2230/2230/2230
f 2226/2226/2226 2232/2232/2232 2233/2233/2233
f 2227/2227/2227 2232/2232/2232 2226/2226/2226
f 2234/2234/2234 2231/2231/2231 2229/2229/2229
f 2235/2235/2235 2231/2231/2231 2234/2234/2234
f 2238/2238/2238 2237/2237/2237 2236/2236/2236
f 2239/2239/2239 2237/2237/2237 2238/2238/2238
f 2240/2240/2240 2229/2229/2229 2228/2228/2228
f 2234/2234/2234 2229/2229/2229 2240/2240/2240
f 2242/2242/2242 2239/2239/2239 2241/2241/2241
f 2237/2237/2237 2239/2239/2239 2242/2242/2242
f 2245/2245/2245 2244/2244/2244 2243/2243/2243
f 2246/2246/2246 2244/2244/2244 2245/2245/2245
f 2246/2246/2246 2247/2247/2247 2244/2244/2244
f 2248/2248/2248 2247/2247/2247 2246/2246/2246
f 2249/2249/2249 2245/2245/2245 2243/2243/2243
f 2250/2250/2250 2245/2245/2245 2249/2249/2249
f 2251/2251/2251 2250/2250/2250 2249/2249/2249
f 2252/2252/2252 2250/2250/2250 2251/2251/2251
f 2253/2253/2253 2252/2252/2252 2251/2251/2251
f 2254/2254/2254 2252/2252/2252 2253/2253/2253
f 2255/2255/2255 2254/2254/2254 2253/2253/2253
f 2256/2256/2256 2254/2254/2254 2255/2255/2255
f 2257/2257/2257 2256/2256/2256 2255/2255/2255
f 2258/2258/2258 2256/2256/2256 2257/2257/2257
f 2260/2260/2260 2257/2257/2257 2259/2259/2259
f 2258/2258/2258 2257/2257/2257 2260/2260/2260
f 2263/2263/2263 2262/2262/2262 2261/2261/2261
f 2264/2264/2264 2262/2262/2262 2263/2263/2263
f 2266/2266/2266 2264/2264/2264 2265/2265/2265
f 2262/2262/2262 2264/2264/2264 2266/2266/2266
f 2209/2209/2209 2266/2266/2266 2265/2265/2265
f 2267/2267/2267 2266/2266/2266 2209/2209/2209
f 2207/2207/2207 2267/2267/2267 2209/2209/2209
f 2218/2218/2218 2267/2267/2267 2207/2207/2207
f 2248/2248/2248 2268/2268/2268 2247/2247/2247
f 2269/2269/2269 2268/2268/2268 2248/2248/2248
f 2272/2272/2272 2271/2271/2271 2270/2270/2270
f 2273/2273/2273 2271/2271/2271 2272/2272/2272
f 2236/2236/2236 2275/2275/2275 2274/2274/2274
f 2277/2277/2277 2231/2231/2231 2276/2276/2276
f 2230/2230/2230 2231/2231/2231 2277/2277/2277
f 2277/2277/2277 2278/2278/2278 2223/2223/2223
f 2277/2277/2277 2223/2223/2223 2225/2225/2225
f 2222/2222/2222 2279/2279/2279 2221/2221/2221
f 2278/2278/2278 2279/2279/2279 2222/2222/2222
f 2280/2280/2280 2278/2278/2278 2277/2277/2277
f 2281/2281/2281 2278/2278/2278 2280/2280/2280
f 2276/2276/2276 2280/2280/2280 2277/2277/2277
f 2282/2282/2282 2280/2280/2280 2276/2276/2276
f 2284/2284/2284 2283/2283/2283 2274/2274/2274
f 2287/2287/2287 2286/2286/2286 2285/2285/2285
f 2288/2288/2288 2286/2286/2286 2287/2287/2287
f 2290/2290/2290 2289/2289/2289 2274/2274/2274
f 2290/2290/2290 2274/2274/2274 2287/2287/2287
f 2289/2289/2289 2284/2284/2284 2274/2274/2274
f 2291/2291/2291 2284/2284/2284 2289/2289/2289
f 2293/2293/2293 2291/2291/2291 2292/2292/2292
f 2294/2294/2294 2291/2291/2291 2293/2293/2293
f 2292/2292/2292 2289/2289/2289 2295/2295/2295
f 2291/2291/2291 2289/2289/2289 2292/2292/2292
f 2296/2296/2296 2284/2284/2284 2291/2291/2291
f 2296/2296/2296 2291/2291/2291 2294/2294/2294
f 2285/2285/2285 2298/2298/2298 2297/2297/2297
f 2286/2286/2286 2298/2298/2298 2285/2285/2285
f 2299/2299/2299 2290/2290/2290 2287/2287/2287
f 2301/2301/2301 2299/2299/2299 2300/2300/2300
f 2302/2302/2302 2299/2299/2299 2301/2301/2301
f 2290/2290/2290 2302/2302/2302 2295/2295/2295
f 2290/2290/2290 2295/2295/2295 2289/2289/2289
f 2305/2305/2305 2304/2304/2304 2303/2303/2303
f 2306/2306/2306 2304/2304/2304 2305/2305/2305
f 2304/2304/2304 2308/2308/2308 2307/2307/2307
f 2306/2306/2306 2308/2308/2308 2304/2304/2304
f 2309/2309/2309 2307/2307/2307 2308/2308/2308
f 2310/2310/2310 2307/2307/2307 2309/2309/2309
f 2283/2283/2283 2312/2312/2312 2311/2311/2311
f 2284/2284/2284 2312/2312/2312 2283/2283/2283
f 2296/2296/2296 2312/2312/2312 2284/2284/2284
f 2315/2315/2315 2314/2314/2314 2313/2313/2313
f 2316/2316/2316 2314/2314/2314 2315/2315/2315
f 2318/2318/2318 2313/2313/2313 2317/2317/2317
f 2315/2315/2315 2313/2313/2313 2318/2318/2318
f 2321/2321/2321 2320/2320/2320 2319/2319/2319
f 2319/2319/2319 2323/2323/2323 2322/2322/2322
f 2320/2320/2320 2323/2323/2323 2319/2319/2319
f 2287/2287/2287 2285/2285/2285 2324/2324/2324
f 2299/2299/2299 2324/2324/2324 2300/2300/2300
f 2287/2287/2287 2324/2324/2324 2299/2299/2299
f 2299/2299/2299 2302/2302/2302 2290/2290/2290
f 2326/2326/2326 2300/2300/2300 2325/2325/2325
f 2301/2301/2301 2300/2300/2300 2326/2326/2326
f 2329/2329/2329 2328/2328/2328 2327/2327/2327
f 2332/2332/2332 2331/2331/2331 2330/2330/2330
f 2333/2333/2333 2331/2331/2331 2332/2332/2332
f 2335/2335/2335 2297/2297/2297 2334/2334/2334
f 2336/2336/2336 2297/2297/2297 2335/2335/2335
f 2336/2336/2336 2285/2285/2285 2297/2297/2297
f 2324/2324/2324 2285/2285/2285 2336/2336/2336
f 2297/2297/2297 2337/2337/2337 2334/2334/2334
f 2298/2298/2298 2337/2337/2337 2297/2297/2297
f 2334/2334/2334 2272/2272/2272 2338/2338/2338
f 2337/2337/2337 2272/2272/2272 2334/2334/2334
f 2339/2339/2339 2334/2334/2334 2338/2338/2338
f 2335/2335/2335 2334/2334/2334 2339/2339/2339
f 2340/2340/2340 2333/2333/2333 2332/2332/2332
f 2324/2324/2324 2325/2325/2325 2300/2300/2300
f 2336/2336/2336 2325/2325/2325 2324/2324/2324
f 2336/2336/2336 2328/2328/2328 2325/2325/2325
f 2335/2335/2335 2328/2328/2328 2336/2336/2336
f 2340/2340/2340 2335/2335/2335 2339/2339/2339
f 2315/2315/2315 2341/2341/2341 2316/2316/2316
f 2321/2321/2321 2341/2341/2341 2315/2315/2315
f 2321/2321/2321 2315/2315/2315 2320/2320/2320
f 2315/2315/2315 2318/2318/2318 2323/2323/2323
f 2315/2315/2315 2323/2323/2323 2320/2320/2320
f 2344/2344/2344 2343/2343/2343 2342/2342/2342
f 2345/2345/2345 2343/2343/2343 2344/2344/2344
f 2347/2347/2347 2344/2344/2344 2346/2346/2346
f 2345/2345/2345 2344/2344/2344 2347/2347/2347
f 2346/2346/2346 2349/2349/2349 2348/2348/2348
f 2344/2344/2344 2349/2349/2349 2346/2346/2346
f 2348/2348/2348 2351/2351/2351 2350/2350/2350
f 2349/2349/2349 2351/2351/2351 2348/2348/2348
f 2344/2344/2344 2352/2352/2352 2349/2349/2349
f 2342/2342/2342 2352/2352/2352 2344/2344/2344
f 2349/2349/2349 2353/2353/2353 2351/2351/2351
f 2352/2352/2352 2353/2353/2353 2349/2349/2349
f 2322/2322/2322 2308/2308/2308 2319/2319/2319
f 2309/2309/2309 2308/2308/2308 2322/2322/2322
f 2306/2306/2306 2319/2319/2319 2308/2308/2308
f 2321/2321/2321 2319/2319/2319 2306/2306/2306
f 2306/2306/2306 2341/2341/2341 2321/2321/2321
f 2305/2305/2305 2341/2341/2341 2306/2306/2306
f 2355/2355/2355 2353/2353/2353 2354/2354/2354
f 2351/2351/2351 2353/2353/2353 2355/2355/2355
f 2358/2358/2358 2357/2357/2357 2356/2356/2356
f 2359/2359/2359 2357/2357/2357 2358/2358/2358
f 2362/2362/2362 2361/2361/2361 2360/2360/2360
f 2364/2364/2364 2260/2260/2260 2363/2363/2363
f 2365/2365/2365 2260/2260/2260 2364/2364/2364
f 2256/2256/2256 2365/2365/2365 2366/2366/2366
f 2258/2258/2258 2365/2365/2365 2256/2256/2256
f 2252/2252/2252 2366/2366/2366 2367/2367/2367
f 2254/2254/2254 2366/2366/2366 2252/2252/2252
f 2368/2368/2368 2367/2367/2367 2366/2366/2366
f 2369/2369/2369 2367/2367/2367 2368/2368/2368
f 2365/2365/2365 2368/2368/2368 2366/2366/2366
f 2365/2365/2365 2370/2370/2370 2368/2368/2368
f 2364/2364/2364 2370/2370/2370 2365/2365/2365
f 2373/2373/2373 2372/2372/2372 2371/2371/2371
f 2371/2371/2371 2372/2372/2372 2374/2374/2374
f 2371/2371/2371 2374/2374/2374 2375/2375/2375
f 2267/2267/2267 2374/2374/2374 2266/2266/2266
f 2375/2375/2375 2374/2374/2374 2267/2267/2267
f 2374/2374/2374 2262/2262/2262 2266/2266/2266
f 2372/2372/2372 2262/2262/2262 2374/2374/2374
f 2375/2375/2375 2376/2376/2376 2371/2371/2371
f 2377/2377/2377 2376/2376/2376 2375/2375/2375
f 2375/2375/2375 2378/2378/2378 2377/2377/2377
f 2218/2218/2218 2378/2378/2378 2375/2375/2375
f 2218/2218/2218 2379/2379/2379 2378/2378/2378
f 2220/2220/2220 2379/2379/2379 2218/2218/2218
f 2380/2380/2380 2376/2376/2376 2377/2377/2377
f 2381/2381/2381 2376/2376/2376 2380/2380/2380
f 2382/2382/2382 2377/2377/2377 2378/2378/2378
f 2380/2380/2380 2377/2377/2377 2382/2382/2382
f 2378/2378/2378 2383/2383/2383 2382/2382/2382
f 2379/2379/2379 2383/2383/2383 2378/2378/2378
f 2385/2385/2385 2384/2384/2384 2368/2368/2368
f 2386/2386/2386 2384/2384/2384 2385/2385/2385
f 2385/2385/2385 2368/2368/2368 2370/2370/2370
f 2369/2369/2369 2384/2384/2384 2387/2387/2387
f 2368/2368/2368 2384/2384/2384 2369/2369/2369
f 2389/2389/2389 2369/2369/2369 2388/2388/2388
f 2367/2367/2367 2369/2369/2369 2389/2389/2389
f 2388/2388/2388 2369/2369/2369 2387/2387/2387
f 2388/2388/2388 2387/2387/2387 2390/2390/2390
f 2384/2384/2384 2391/2391/2391 2387/2387/2387
f 2392/2392/2392 2391/2391/2391 2384/2384/2384
f 2386/2386/2386 2392/2392/2392 2384/2384/2384
f 2393/2393/2393 2392/2392/2392 2386/2386/2386
f 2392/2392/2392 2394/2394/2394 2391/2391/2391
f 2397/2397/2397 2396/2396/2396 2395/2395/2395
f 2398/2398/2398 2397/2397/2397 2395/2395/2395
f 2398/2398/2398 2395/2395/2395 2399/2399/2399
f 2392/2392/2392 2401/2401/2401 2400/2400/2400
f 2393/2393/2393 2401/2401/2401 2392/2392/2392
f 2402/2402/2402 2392/2392/2392 2400/2400/2400
f 2402/2402/2402 2394/2394/2394 2392/2392/2392
f 2403/2403/2403 2394/2394/2394 2402/2402/2402
f 2404/2404/2404 2402/2402/2402 2400/2400/2400
f 2405/2405/2405 2402/2402/2402 2404/2404/2404
f 2406/2406/2406 2400/2400/2400 2401/2401/2401
f 2404/2404/2404 2400/2400/2400 2406/2406/2406
f 2404/2404/2404 2407/2407/2407 2405/2405/2405
f 2408/2408/2408 2407/2407/2407 2404/2404/2404
f 2406/2406/2406 2408/2408/2408 2404/2404/2404
f 2409/2409/2409 2408/2408/2408 2406/2406/2406
f 2402/2402/2402 2410/2410/2410 2403/2403/2403
f 2405/2405/2405 2410/2410/2410 2402/2402/2402
f 2405/2405/2405 2411/2411/2411 2410/2410/2410
f 2412/2412/2412 2411/2411/2411 2405/2405/2405
f 2412/2412/2412 2413/2413/2413 2411/2411/2411
f 2414/2414/2414 2413/2413/2413 2412/2412/2412
f 2415/2415/2415 2407/2407/2407 2408/2408/2408
f 2416/2416/2416 2407/2407/2407 2415/2415/2415
f 2415/2415/2415 2409/2409/2409 2417/2417/2417
f 2408/2408/2408 2409/2409/2409 2415/2415/2415
f 2420/2420/2420 2419/2419/2419 2418/2418/2418
f 2409/2409/2409 2419/2419/2419 2420/2420/2420
f 2423/2423/2423 2422/2422/2422 2421/2421/2421
f 2425/2425/2425 2395/2395/2395 2424/2424/2424
f 2399/2399/2399 2395/2395/2395 2425/2425/2425
f 2425/2425/2425 2422/2422/2422 2399/2399/2399
f 2426/2426/2426 2422/2422/2422 2425/2425/2425
f 2428/2428/2428 2426/2426/2426 2427/2427/2427
f 2422/2422/2422 2426/2426/2426 2428/2428/2428
f 2422/2422/2422 2428/2428/2428 2429/2429/2429
f 2429/2429/2429 2430/2430/2430 2422/2422/2422
f 2430/2430/2430 2421/2421/2421 2422/2422/2422
f 2399/2399/2399 2422/2422/2422 2431/2431/2431
f 2403/2403/2403 2432/2432/2432 2394/2394/2394
f 2410/2410/2410 2432/2432/2432 2403/2403/2403
f 2433/2433/2433 2394/2394/2394 2432/2432/2432
f 2434/2434/2434 2433/2433/2433 2432/2432/2432
f 2390/2390/2390 2433/2433/2433 2434/2434/2434
f 2410/2410/2410 2434/2434/2434 2432/2432/2432
f 2435/2435/2435 2434/2434/2434 2410/2410/2410
f 2436/2436/2436 2410/2410/2410 2411/2411/2411
f 2435/2435/2435 2410/2410/2410 2436/2436/2436
f 2411/2411/2411 2437/2437/2437 2436/2436/2436
f 2413/2413/2413 2437/2437/2437 2411/2411/2411
f 2387/2387/2387 2391/2391/2391 2390/2390/2390
f 2433/2433/2433 2390/2390/2390 2391/2391/2391
f 2433/2433/2433 2391/2391/2391 2394/2394/2394
f 2367/2367/2367 2389/2389/2389 2245/2245/2245
f 2367/2367/2367 2245/2245/2245 2250/2250/2250
f 2440/2440/2440 2439/2439/2439 2438/2438/2438
f 2441/2441/2441 2439/2439/2439 2440/2440/2440
f 2440/2440/2440 2438/2438/2438 2442/2442/2442
f 2445/2445/2445 2444/2444/2444 2443/2443/2443
f 2448/2448/2448 2447/2447/2447 2446/2446/2446
f 2449/2449/2449 2447/2447/2447 2448/2448/2448
f 2440/2440/2440 2451/2451/2451 2450/2450/2450
f 2445/2445/2445 2451/2451/2451 2440/2440/2440
f 2451/2451/2451 2447/2447/2447 2452/2452/2452
f 2445/2445/2445 2447/2447/2447 2451/2451/2451
f 2446/2446/2446 2447/2447/2447 2445/2445/2445
f 2453/2453/2453 2452/2452/2452 2447/2447/2447
f 2453/2453/2453 2447/2447/2447 2454/2454/2454
f 2456/2456/2456 2454/2454/2454 2455/2455/2455
f 2453/2453/2453 2457/2457/2457 2452/2452/2452
f 2458/2458/2458 2457/2457/2457 2453/2453/2453
f 2457/2457/2457 2388/2388/2388 2452/2452/2452
f 2389/2389/2389 2388/2388/2388 2457/2457/2457
f 2390/2390/2390 2452/2452/2452 2388/2388/2388
f 2451/2451/2451 2452/2452/2452 2390/2390/2390
f 2450/2450/2450 2390/2390/2390 2434/2434/2434
f 2451/2451/2451 2390/2390/2390 2450/2450/2450
f 2450/2450/2450 2459/2459/2459 2441/2441/2441
f 2450/2450/2450 2441/2441/2441 2440/2440/2440
f 2459/2459/2459 2435/2435/2435 2460/2460/2460
f 2434/2434/2434 2435/2435/2435 2459/2459/2459
f 2459/2459/2459 2450/2450/2450 2434/2434/2434
f 2460/2460/2460 2436/2436/2436 2461/2461/2461
f 2435/2435/2435 2436/2436/2436 2460/2460/2460
f 2463/2463/2463 2441/2441/2441 2462/2462/2462
f 2464/2464/2464 2441/2441/2441 2463/2463/2463
f 2467/2467/2467 2466/2466/2466 2465/2465/2465
f 2470/2470/2470 2469/2469/2469 2468/2468/2468
f 2472/2472/2472 2462/2462/2462 2471/2471/2471
f 2466/2466/2466 2462/2462/2462 2472/2472/2472
f 2471/2471/2471 2462/2462/2462 2441/2441/2441
f 2471/2471/2471 2441/2441/2441 2459/2459/2459
f 2471/2471/2471 2460/2460/2460 2473/2473/2473
f 2475/2475/2475 2466/2466/2466 2474/2474/2474
f 2470/2470/2470 2466/2466/2466 2475/2475/2475
f 2466/2466/2466 2472/2472/2472 2474/2474/2474
f 2476/2476/2476 2465/2465/2465 2466/2466/2466
f 2479/2479/2479 2478/2478/2478 2477/2477/2477
f 2480/2480/2480 2477/2477/2477 2478/2478/2478
f 2453/2453/2453 2478/2478/2478 2481/2481/2481
f 2454/2454/2454 2478/2478/2478 2453/2453/2453
f 2481/2481/2481 2458/2458/2458 2453/2453/2453
f 2482/2482/2482 2458/2458/2458 2481/2481/2481
f 2481/2481/2481 2483/2483/2483 2482/2482/2482
f 2469/2469/2469 2483/2483/2483 2481/2481/2481
f 2469/2469/2469 2481/2481/2481 2478/2478/2478
f 2483/2483/2483 2484/2484/2484 2482/2482/2482
f 2485/2485/2485 2484/2484/2484 2483/2483/2483
f 2482/2482/2482 2486/2486/2486 2458/2458/2458
f 2484/2484/2484 2486/2486/2486 2482/2482/2482
f 2458/2458/2458 2389/2389/2389 2457/2457/2457
f 2486/2486/2486 2389/2389/2389 2458/2458/2458
f 2486/2486/2486 2245/2245/2245 2389/2389/2389
f 2246/2246/2246 2245/2245/2245 2486/2486/2486
f 2484/2484/2484 2246/2246/2246 2486/2486/2486
f 2248/2248/2248 2246/2246/2246 2484/2484/2484
f 2484/2484/2484 2269/2269/2269 2248/2248/2248
f 2485/2485/2485 2269/2269/2269 2484/2484/2484
f 2488/2488/2488 2333/2333/2333 2487/2487/2487
f 2331/2331/2331 2333/2333/2333 2488/2488/2488
f 2491/2491/2491 2490/2490/2490 2489/2489/2489
f 2492/2492/2492 2490/2490/2490 2491/2491/2491
f 2493/2493/2493 2489/2489/2489 2490/2490/2490
f 2494/2494/2494 2381/2381/2381 2380/2380/2380
f 2382/2382/2382 2494/2494/2494 2380/2380/2380
f 2338/2338/2338 2272/2272/2272 2270/2270/2270
f 2279/2279/2279 2281/2281/2281 2495/2495/2495
f 2278/2278/2278 2281/2281/2281 2279/2279/2279
f 2473/2473/2473 2460/2460/2460 2461/2461/2461
f 2473/2473/2473 2472/2472/2472 2471/2471/2471
f 2496/2496/2496 2472/2472/2472 2473/2473/2473
f 2496/2496/2496 2474/2474/2474 2472/2472/2472
f 2497/2497/2497 2474/2474/2474 2496/2496/2496
f 2489/2489/2489 2499/2499/2499 2498/2498/2498
f 2493/2493/2493 2499/2499/2499 2489/2489/2489
f 2502/2502/2502 2501/2501/2501 2500/2500/2500
f 2503/2503/2503 2501/2501/2501 2502/2502/2502
f 2506/2506/2506 2505/2505/2505 2504/2504/2504
f 2507/2507/2507 2505/2505/2505 2506/2506/2506
f 2510/2510/2510 2509/2509/2509 2508/2508/2508
f 2511/2511/2511 2509/2509/2509 2510/2510/2510
f 2514/2514/2514 2513/2513/2513 2512/2512/2512
f 2515/2515/2515 2512/2512/2512 2513/2513/2513
f 2508/2508/2508 2517/2517/2517 2516/2516/2516
f 2509/2509/2509 2517/2517/2517 2508/2508/2508
f 2519/2519/2519 2518/2518/2518 2507/2507/2507
f 2520/2520/2520 2518/2518/2518 2519/2519/2519
f 2511/2511/2511 2521/2521/2521 2509/2509/2509
f 2509/2509/2509 2522/2522/2522 2517/2517/2517
f 2521/2521/2521 2522/2522/2522 2509/2509/2509
f 2524/2524/2524 2523/2523/2523 2522/2522/2522
f 2525/2525/2525 2523/2523/2523 2524/2524/2524
f 2527/2527/2527 2493/2493/2493 2526/2526/2526
f 2528/2528/2528 2521/2521/2521 2518/2518/2518
f 2529/2529/2529 2521/2521/2521 2528/2528/2528
f 2522/2522/2522 2513/2513/2513 2517/2517/2517
f 2523/2523/2523 2513/2513/2513 2522/2522/2522
f 2277/2277/2277 2225/2225/2225 2230/2230/2230
f 2365/2365/2365 2258/2258/2258 2260/2260/2260
f 2256/2256/2256 2366/2366/2366 2254/2254/2254
f 2252/2252/2252 2367/2367/2367 2250/2250/2250
f 2275/2275/2275 2530/2530/2530 2288/2288/2288
f 2531/2531/2531 2530/2530/2530 2275/2275/2275
f 2288/2288/2288 2532/2532/2532 2286/2286/2286
f 2530/2530/2530 2532/2532/2532 2288/2288/2288
f 2298/2298/2298 2532/2532/2532 2533/2533/2533
f 2286/2286/2286 2532/2532/2532 2298/2298/2298
f 2337/2337/2337 2533/2533/2533 2534/2534/2534
f 2298/2298/2298 2533/2533/2533 2337/2337/2337
f 2337/2337/2337 2273/2273/2273 2272/2272/2272
f 2534/2534/2534 2273/2273/2273 2337/2337/2337
f 2335/2335/2335 2535/2535/2535 2328/2328/2328
f 2340/2340/2340 2535/2535/2535 2335/2335/2335
f 2537/2537/2537 2535/2535/2535 2536/2536/2536
f 2519/2519/2519 2501/2501/2501 2538/2538/2538
f 2518/2518/2518 2505/2505/2505 2507/2507/2507
f 2236/2236/2236 2531/2531/2531 2275/2275/2275
f 2237/2237/2237 2531/2531/2531 2236/2236/2236
f 2539/2539/2539 2237/2237/2237 2242/2242/2242
f 2531/2531/2531 2237/2237/2237 2539/2539/2539
f 2235/2235/2235 2276/2276/2276 2231/2231/2231
f 2238/2238/2238 2236/2236/2236 2274/2274/2274
f 2238/2238/2238 2274/2274/2274 2283/2283/2283
f 2288/2288/2288 2274/2274/2274 2275/2275/2275
f 2287/2287/2287 2274/2274/2274 2288/2288/2288
f 2267/2267/2267 2218/2218/2218 2375/2375/2375
f 2223/2223/2223 2278/2278/2278 2222/2222/2222
f 2420/2420/2420 2417/2417/2417 2409/2409/2409
f 2497/2497/2497 2475/2475/2475 2474/2474/2474
f 2540/2540/2540 2475/2475/2475 2497/2497/2497
f 2219/2219/2219 2208/2208/2208 2541/2541/2541
f 2207/2207/2207 2208/2208/2208 2219/2219/2219
f 2542/2542/2542 2531/2531/2531 2539/2539/2539
f 2530/2530/2530 2531/2531/2531 2542/2542/2542
f 2543/2543/2543 2530/2530/2530 2542/2542/2542
f 2532/2532/2532 2530/2530/2530 2543/2543/2543
f 2544/2544/2544 2532/2532/2532 2543/2543/2543
f 2533/2533/2533 2532/2532/2532 2544/2544/2544
f 2545/2545/2545 2533/2533/2533 2544/2544/2544
f 2534/2534/2534 2533/2533/2533 2545/2545/2545
f 2546/2546/2546 2534/2534/2534 2545/2545/2545
f 2273/2273/2273 2534/2534/2534 2546/2546/2546
f 2547/2547/2547 2273/2273/2273 2546/2546/2546
f 2271/2271/2271 2273/2273/2273 2547/2547/2547
f 2313/2313/2313 2343/2343/2343 2345/2345/2345
f 2314/2314/2314 2343/2343/2343 2313/2313/2313
f 2345/2345/2345 2317/2317/2317 2313/2313/2313
f 2347/2347/2347 2317/2317/2317 2345/2345/2345
f 2175/2175/2175 2171/2171/2171 2164/2164/2164
f 2436/2436/2436 2437/2437/2437 2461/2461/2461
f 2407/2407/2407 2414/2414/2414 2412/2412/2412
f 2416/2416/2416 2414/2414/2414 2407/2407/2407
f 2405/2405/2405 2407/2407/2407 2412/2412/2412
f 2549/2549/2549 2160/2160/2160 2548/2548/2548
f 2550/2550/2550 2160/2160/2160 2549/2549/2549
f 2161/2161/2161 2160/2160/2160 2550/2550/2550
f 2503/2503/2503 2551/2551/2551 2501/2501/2501
f 2554/2554/2554 2553/2553/2553 2552/2552/2552
f 2499/2499/2499 2493/2493/2493 2527/2527/2527
f 2501/2501/2501 2551/2551/2551 2538/2538/2538
f 2520/2520/2520 2528/2528/2528 2518/2518/2518
f 2529/2529/2529 2555/2555/2555 2521/2521/2521
f 2555/2555/2555 2522/2522/2522 2521/2521/2521
f 2524/2524/2524 2522/2522/2522 2555/2555/2555
f 2525/2525/2525 2556/2556/2556 2523/2523/2523
f 2559/2559/2559 2558/2558/2558 2557/2557/2557
f 2559/2559/2559 2561/2561/2561 2560/2560/2560
f 2557/2557/2557 2561/2561/2561 2559/2559/2559
f 2560/2560/2560 2561/2561/2561 2562/2562/2562
f 2562/2562/2562 2523/2523/2523 2556/2556/2556
f 2561/2561/2561 2523/2523/2523 2562/2562/2562
f 2563/2563/2563 2523/2523/2523 2561/2561/2561
f 2523/2523/2523 2515/2515/2515 2513/2513/2513
f 2563/2563/2563 2515/2515/2515 2523/2523/2523
f 2356/2356/2356 2354/2354/2354 2358/2358/2358
f 2355/2355/2355 2354/2354/2354 2356/2356/2356
f 2359/2359/2359 2360/2360/2360 2357/2357/2357
f 2362/2362/2362 2360/2360/2360 2359/2359/2359
f 2515/2515/2515 2565/2565/2565 2564/2564/2564
f 2567/2567/2567 2566/2566/2566 2215/2215/2215
f 2568/2568/2568 2566/2566/2566 2567/2567/2567
f 2233/2233/2233 2570/2570/2570 2569/2569/2569
f 2232/2232/2232 2570/2570/2570 2233/2233/2233
f 2571/2571/2571 2210/2210/2210 2211/2211/2211
f 2566/2566/2566 2212/2212/2212 2215/2215/2215
f 2211/2211/2211 2212/2212/2212 2566/2566/2566
f 2570/2570/2570 2232/2232/2232 2224/2224/2224
f 2570/2570/2570 2224/2224/2224 2572/2572/2572
f 2569/2569/2569 2573/2573/2573 2233/2233/2233
f 2574/2574/2574 2573/2573/2573 2569/2569/2569
f 2571/2571/2571 2224/2224/2224 2210/2210/2210
f 2572/2572/2572 2224/2224/2224 2571/2571/2571
f 2574/2574/2574 2567/2567/2567 2573/2573/2573
f 2568/2568/2568 2567/2567/2567 2574/2574/2574
f 2551/2551/2551 2552/2552/2552 2553/2553/2553
f 2503/2503/2503 2552/2552/2552 2551/2551/2551
f 2552/2552/2552 2502/2502/2502 2575/2575/2575
f 2503/2503/2503 2502/2502/2502 2552/2552/2552
f 2519/2519/2519 2507/2507/2507 2501/2501/2501
f 2501/2501/2501 2506/2506/2506 2500/2500/2500
f 2507/2507/2507 2506/2506/2506 2501/2501/2501
f 2518/2518/2518 2576/2576/2576 2505/2505/2505
f 2505/2505/2505 2577/2577/2577 2504/2504/2504
f 2576/2576/2576 2577/2577/2577 2505/2505/2505
f 2576/2576/2576 2521/2521/2521 2511/2511/2511
f 2518/2518/2518 2521/2521/2521 2576/2576/2576
f 2576/2576/2576 2510/2510/2510 2577/2577/2577
f 2511/2511/2511 2510/2510/2510 2576/2576/2576
f 2493/2493/2493 2490/2490/2490 2487/2487/2487
f 2492/2492/2492 2487/2487/2487 2490/2490/2490
f 2488/2488/2488 2487/2487/2487 2492/2492/2492
f 2340/2340/2340 2332/2332/2332 2535/2535/2535
f 2535/2535/2535 2330/2330/2330 2536/2536/2536
f 2332/2332/2332 2330/2330/2330 2535/2535/2535
f 2535/2535/2535 2327/2327/2327 2328/2328/2328
f 2537/2537/2537 2327/2327/2327 2535/2535/2535
f 2329/2329/2329 2325/2325/2325 2328/2328/2328
f 2326/2326/2326 2325/2325/2325 2329/2329/2329
f 2516/2516/2516 2517/2517/2517 2578/2578/2578
f 2514/2514/2514 2517/2517/2517 2513/2513/2513
f 2578/2578/2578 2517/2517/2517 2514/2514/2514
f 2515/2515/2515 2564/2564/2564 2512/2512/2512
f 2565/2565/2565 2580/2580/2580 2579/2579/2579
f 2515/2515/2515 2580/2580/2580 2565/2565/2565
f 2579/2579/2579 2580/2580/2580 2581/2581/2581
f 2581/2581/2581 2580/2580/2580 2582/2582/2582
f 2583/2583/2583 2454/2454/2454 2447/2447/2447
f 2455/2455/2455 2454/2454/2454 2583/2583/2583
f 2583/2583/2583 2447/2447/2447 2584/2584/2584
f 2584/2584/2584 2447/2447/2447 2449/2449/2449
f 2443/2443/2443 2446/2446/2446 2445/2445/2445
f 2585/2585/2585 2446/2446/2446 2443/2443/2443
f 2448/2448/2448 2446/2446/2446 2585/2585/2585
f 2445/2445/2445 2442/2442/2442 2586/2586/2586
f 2440/2440/2440 2442/2442/2442 2445/2445/2445
f 2445/2445/2445 2586/2586/2586 2444/2444/2444
f 2587/2587/2587 2454/2454/2454 2456/2456/2456
f 2587/2587/2587 2478/2478/2478 2454/2454/2454
f 2480/2480/2480 2478/2478/2478 2587/2587/2587
f 2589/2589/2589 2469/2469/2469 2588/2588/2588
f 2479/2479/2479 2469/2469/2469 2478/2478/2478
f 2588/2588/2588 2469/2469/2469 2479/2479/2479
f 2589/2589/2589 2468/2468/2468 2469/2469/2469
f 2590/2590/2590 2470/2470/2470 2468/2468/2468
f 2590/2590/2590 2466/2466/2466 2470/2470/2470
f 2476/2476/2476 2466/2466/2466 2590/2590/2590
f 2462/2462/2462 2592/2592/2592 2591/2591/2591
f 2462/2462/2462 2591/2591/2591 2463/2463/2463
f 2592/2592/2592 2466/2466/2466 2467/2467/2467
f 2462/2462/2462 2466/2466/2466 2592/2592/2592
f 2464/2464/2464 2439/2439/2439 2441/2441/2441
f 2225/2225/2225 2224/2224/2224 2232/2232/2232
f 2223/2223/2223 2212/2212/2212 2210/2210/2210
f 2460/2460/2460 2471/2471/2471 2459/2459/2459
f 2151/2151/2151 2593/2593/2593 2149/2149/2149
f 2594/2594/2594 2593/2593/2593 2151/2151/2151
f 2595/2595/2595 2593/2593/2593 2594/2594/2594
f 2598/2598/2598 2597/2597/2597 2596/2596/2596
f 2599/2599/2599 2597/2597/2597 2598/2598/2598
f 2596/2596/2596 2601/2601/2601 2600/2600/2600
f 2597/2597/2597 2601/2601/2601 2596/2596/2596
f 2604/2604/2604 2603/2603/2603 2602/2602/2602
f 2605/2605/2605 2603/2603/2603 2604/2604/2604
f 2608/2608/2608 2607/2607/2607 2606/2606/2606
f 2609/2609/2609 2607/2607/2607 2608/2608/2608
f 2612/2612/2612 2611/2611/2611 2610/2610/2610
f 2613/2613/2613 2611/2611/2611 2612/2612/2612
f 2616/2616/2616 2615/2615/2615 2614/2614/2614
f 2617/2617/2617 2615/2615/2615 2616/2616/2616
f 2616/2616/2616 2619/2619/2619 2618/2618/2618
f 2610/2610/2610 2619/2619/2619 2616/2616/2616
f 2619/2619/2619 2620/2620/2620 2618/2618/2618
f 2621/2621/2621 2620/2620/2620 2619/2619/2619
f 2624/2624/2624 2623/2623/2623 2622/2622/2622
f 2625/2625/2625 2623/2623/2623 2624/2624/2624
f 2628/2628/2628 2627/2627/2627 2626/2626/2626
f 2623/2623/2623 2627/2627/2627 2628/2628/2628
f 2621/2621/2621 2622/2622/2622 2620/2620/2620
f 2624/2624/2624 2622/2622/2622 2621/2621/2621
f 2630/2630/2630 2625/2625/2625 2629/2629/2629
f 2631/2631/2631 2625/2625/2625 2630/2630/2630
f 2632/2632/2632 2606/2606/2606 2607/2607/2607
f 2633/2633/2633 2606/2606/2606 2632/2632/2632
f 2636/2636/2636 2635/2635/2635 2634/2634/2634
f 2637/2637/2637 2635/2635/2635 2636/2636/2636
f 2621/2621/2621 2619/2619/2619 2634/2634/2634
f 2624/2624/2624 2621/2621/2621 2635/2635/2635
f 2635/2635/2635 2621/2621/2621 2634/2634/2634
f 2618/2618/2618 2620/2620/2620 2632/2632/2632
f 2620/2620/2620 2622/2622/2622 2633/2633/2633
f 2632/2632/2632 2620/2620/2620 2633/2633/2633
f 2613/2613/2613 2634/2634/2634 2611/2611/2611
f 2636/2636/2636 2634/2634/2634 2613/2613/2613
f 2611/2611/2611 2619/2619/2619 2610/2610/2610
f 2634/2634/2634 2619/2619/2619 2611/2611/2611
f 2617/2617/2617 2607/2607/2607 2615/2615/2615
f 2632/2632/2632 2607/2607/2607 2617/2617/2617
f 2616/2616/2616 2632/2632/2632 2617/2617/2617
f 2618/2618/2618 2632/2632/2632 2616/2616/2616
f 2628/2628/2628 2622/2622/2622 2623/2623/2623
f 2633/2633/2633 2622/2622/2622 2628/2628/2628
f 2626/2626/2626 2633/2633/2633 2628/2628/2628
f 2606/2606/2606 2633/2633/2633 2626/2626/2626
f 2629/2629/2629 2637/2637/2637 2630/2630/2630
f 2635/2635/2635 2637/2637/2637 2629/2629/2629
f 2625/2625/2625 2635/2635/2635 2629/2629/2629
f 2624/2624/2624 2635/2635/2635 2625/2625/2625
f 2623/2623/2623 2638/2638/2638 2627/2627/2627
f 2639/2639/2639 2638/2638/2638 2623/2623/2623
f 2625/2625/2625 2639/2639/2639 2623/2623/2623
f 2640/2640/2640 2639/2639/2639 2625/2625/2625
f 2631/2631/2631 2640/2640/2640 2625/2625/2625
f 2641/2641/2641 2640/2640/2640 2631/2631/2631
f 2610/2610/2610 2642/2642/2642 2612/2612/2612
f 2643/2643/2643 2642/2642/2642 2610/2610/2610
f 2643/2643/2643 2616/2616/2616 2644/2644/2644
f 2610/2610/2610 2616/2616/2616 2643/2643/2643
f 2644/2644/2644 2614/2614/2614 2645/2645/2645
f 2616/2616/2616 2614/2614/2614 2644/2644/2644
f 2647/2647/2647 2608/2608/2608 2646/2646/2646
f 2609/2609/2609 2608/2608/2608 2647/2647/2647
f 2649/2649/2649 2646/2646/2646 2648/2648/2648
f 2647/2647/2647 2646/2646/2646 2649/2649/2649
f 2636/2636/2636 2650/2650/2650 2637/2637/2637
f 2651/2651/2651 2650/2650/2650 2636/2636/2636
f 2651/2651/2651 2604/2604/2604 2650/2650/2650
f 2605/2605/2605 2604/2604/2604 2651/2651/2651
f 2652/2652/2652 1640/1640/1640 1631/1631/1631
f 2653/2653/2653 2158/2158/2158 2159/2159/2159
f 2653/2653/2653 2654/2654/2654 2158/2158/2158
f 2655/2655/2655 2654/2654/2654 2653/2653/2653
f 2658/2658/2658 2657/2657/2657 2656/2656/2656
f 2653/2653/2653 2657/2657/2657 2658/2658/2658
f 2653/2653/2653 2159/2159/2159 2657/2657/2657
f 2658/2658/2658 2660/2660/2660 2659/2659/2659
f 2658/2658/2658 2656/2656/2656 2660/2660/2660
f 2663/2663/2663 2662/2662/2662 2661/2661/2661
f 2664/2664/2664 2662/2662/2662 2663/2663/2663
f 2665/2665/2665 2661/2661/2661 2662/2662/2662
f 2666/2666/2666 2661/2661/2661 2665/2665/2665
f 2664/2664/2664 2668/2668/2668 2667/2667/2667
f 2663/2663/2663 2668/2668/2668 2664/2664/2664
f 2669/2669/2669 2667/2667/2667 2668/2668/2668
f 2670/2670/2670 2667/2667/2667 2669/2669/2669
f 2673/2673/2673 2672/2672/2672 2671/2671/2671
f 2674/2674/2674 2672/2672/2672 2673/2673/2673
f 2677/2677/2677 2676/2676/2676 2675/2675/2675
f 2671/2671/2671 2678/2678/2678 2675/2675/2675
f 2672/2672/2672 2678/2678/2678 2671/2671/2671
f 2675/2675/2675 2678/2678/2678 2677/2677/2677
f 2681/2681/2681 2680/2680/2680 2679/2679/2679
f 2682/2682/2682 2680/2680/2680 2681/2681/2681
f 2683/2683/2683 2676/2676/2676 2677/2677/2677
f 2684/2684/2684 2679/2679/2679 2683/2683/2683
f 2681/2681/2681 2679/2679/2679 2684/2684/2684
f 2677/2677/2677 2684/2684/2684 2683/2683/2683
f 2687/2687/2687 2686/2686/2686 2685/2685/2685
f 2688/2688/2688 2686/2686/2686 2687/2687/2687
f 2691/2691/2691 2690/2690/2690 2689/2689/2689
f 2692/2692/2692 2690/2690/2690 2691/2691/2691
f 2689/2689/2689 2694/2694/2694 2693/2693/2693
f 2695/2695/2695 2694/2694/2694 2689/2689/2689
f 2693/2693/2693 2691/2691/2691 2689/2689/2689
f 2696/2696/2696 2691/2691/2691 2693/2693/2693
f 2699/2699/2699 2698/2698/2698 2697/2697/2697
f 2700/2700/2700 2698/2698/2698 2699/2699/2699
f 2703/2703/2703 2702/2702/2702 2701/2701/2701
f 2704/2704/2704 2702/2702/2702 2703/2703/2703
f 2707/2707/2707 2706/2706/2706 2705/2705/2705
f 2708/2708/2708 2706/2706/2706 2707/2707/2707
f 2711/2711/2711 2710/2710/2710 2709/2709/2709
f 2712/2712/2712 2710/2710/2710 2711/2711/2711
f 2686/2686/2686 2714/2714/2714 2713/2713/2713
f 2715/2715/2715 2714/2714/2714 2686/2686/2686
f 2716/2716/2716 2686/2686/2686 2688/2688/2688
f 2715/2715/2715 2686/2686/2686 2716/2716/2716
f 2719/2719/2719 2718/2718/2718 2717/2717/2717
f 2720/2720/2720 2718/2718/2718 2719/2719/2719
f 2723/2723/2723 2722/2722/2722 2721/2721/2721
f 2724/2724/2724 2722/2722/2722 2723/2723/2723
f 2727/2727/2727 2726/2726/2726 2725/2725/2725
f 2728/2728/2728 2726/2726/2726 2727/2727/2727
f 2731/2731/2731 2730/2730/2730 2729/2729/2729
f 2732/2732/2732 2730/2730/2730 2731/2731/2731
f 2734/2734/2734 2697/2697/2697 2733/2733/2733
f 2699/2699/2699 2697/2697/2697 2734/2734/2734
f 2719/2719/2719 2735/2735/2735 2720/2720/2720
f 2736/2736/2736 2735/2735/2735 2719/2719/2719
f 2685/2685/2685 2713/2713/2713 2737/2737/2737
f 2686/2686/2686 2713/2713/2713 2685/2685/2685
f 2689/2689/2689 2738/2738/2738 2695/2695/2695
f 2690/2690/2690 2738/2738/2738 2689/2689/2689
f 2741/2741/2741 2740/2740/2740 2739/2739/2739
f 2742/2742/2742 2740/2740/2740 2741/2741/2741
f 2745/2745/2745 2744/2744/2744 2743/2743/2743
f 2746/2746/2746 2744/2744/2744 2745/2745/2745
f 2749/2749/2749 2748/2748/2748 2747/2747/2747
f 2750/2750/2750 2748/2748/2748 2749/2749/2749
f 2753/2753/2753 2752/2752/2752 2751/2751/2751
f 2754/2754/2754 2752/2752/2752 2753/2753/2753
f 2756/2756/2756 2702/2702/2702 2755/2755/2755
f 2701/2701/2701 2702/2702/2702 2756/2756/2756
f 2724/2724/2724 2757/2757/2757 2722/2722/2722
f 2758/2758/2758 2757/2757/2757 2724/2724/2724
f 2760/2760/2760 2706/2706/2706 2759/2759/2759
f 2705/2705/2705 2706/2706/2706 2760/2760/2760
f 2728/2728/2728 2761/2761/2761 2726/2726/2726
f 2762/2762/2762 2761/2761/2761 2728/2728/2728
f 2764/2764/2764 2729/2729/2729 2763/2763/2763
f 2731/2731/2731 2729/2729/2729 2764/2764/2764
f 2711/2711/2711 2765/2765/2765 2712/2712/2712
f 2766/2766/2766 2765/2765/2765 2711/2711/2711
f 2767/2767/2767 2751/2751/2751 2752/2752/2752
f 2768/2768/2768 2747/2747/2747 2748/2748/2748
f 1591/1591/1591 2769/2769/2769 1595/1595/1595
f 1592/1592/1592 2769/2769/2769 1591/1591/1591
f 2131/2131/2131 2770/2770/2770 2130/2130/2130
f 2133/2133/2133 2770/2770/2770 2131/2131/2131
f 2773/2773/2773 2772/2772/2772 2771/2771/2771
f 2774/2774/2774 2772/2772/2772 2773/2773/2773
f 2773/2773/2773 2775/2775/2775 2774/2774/2774
f 2776/2776/2776 2775/2775/2775 2773/2773/2773
f 2777/2777/2777 2776/2776/2776 2773/2773/2773
f 2778/2778/2778 2776/2776/2776 2777/2777/2777
f 2778/2778/2778 2780/2780/2780 2779/2779/2779
f 2777/2777/2777 2780/2780/2780 2778/2778/2778
f 2779/2779/2779 2781/2781/2781 2778/2778/2778
f 2782/2782/2782 2781/2781/2781 2779/2779/2779
f 2785/2785/2785 2784/2784/2784 2783/2783/2783
f 2786/2786/2786 2785/2785/2785 2783/2783/2783
f 2787/2787/2787 2785/2785/2785 2786/2786/2786
f 2790/2790/2790 2789/2789/2789 2788/2788/2788
f 2788/2788/2788 2786/2786/2786 2790/2790/2790
f 2787/2787/2787 2786/2786/2786 2788/2788/2788
f 2792/2792/2792 2776/2776/2776 2791/2791/2791
f 2775/2775/2775 2776/2776/2776 2792/2792/2792
f 2773/2773/2773 2771/2771/2771 2793/2793/2793
f 2773/2773/2773 2794/2794/2794 2777/2777/2777
f 2793/2793/2793 2794/2794/2794 2773/2773/2773
f 2795/2795/2795 2777/2777/2777 2794/2794/2794
f 2780/2780/2780 2777/2777/2777 2795/2795/2795
f 2779/2779/2779 2784/2784/2784 2785/2785/2785
f 2780/2780/2780 2784/2784/2784 2779/2779/2779
f 2782/2782/2782 2785/2785/2785 2787/2787/2787
f 2779/2779/2779 2785/2785/2785 2782/2782/2782
f 2797/2797/2797 2788/2788/2788 2796/2796/2796
f 2798/2798/2798 2788/2788/2788 2797/2797/2797
f 2796/2796/2796 2789/2789/2789 2799/2799/2799
f 2788/2788/2788 2789/2789/2789 2796/2796/2796
f 2789/2789/2789 2800/2800/2800 2799/2799/2799
f 2790/2790/2790 2800/2800/2800 2789/2789/2789
f 2801/2801/2801 2790/2790/2790 2786/2786/2786
f 2800/2800/2800 2790/2790/2790 2801/2801/2801
f 2786/2786/2786 2802/2802/2802 2801/2801/2801
f 2783/2783/2783 2802/2802/2802 2786/2786/2786
f 2803/2803/2803 2783/2783/2783 2784/2784/2784
f 2802/2802/2802 2783/2783/2783 2803/2803/2803
f 2784/2784/2784 2795/2795/2795 2803/2803/2803
f 2780/2780/2780 2795/2795/2795 2784/2784/2784
f 2806/2806/2806 2805/2805/2805 2804/2804/2804
f 2804/2804/2804 2807/2807/2807 2806/2806/2806
f 2808/2808/2808 2807/2807/2807 2804/2804/2804
f 2810/2810/2810 2809/2809/2809 2808/2808/2808
f 2811/2811/2811 2809/2809/2809 2810/2810/2810
f 2811/2811/2811 2812/2812/2812 2809/2809/2809
f 2813/2813/2813 2812/2812/2812 2811/2811/2811
f 2813/2813/2813 2814/2814/2814 2812/2812/2812
f 2810/2810/2810 2816/2816/2816 2815/2815/2815
f 2808/2808/2808 2816/2816/2816 2810/2810/2810
f 2804/2804/2804 2816/2816/2816 2808/2808/2808
f 2819/2819/2819 2818/2818/2818 2817/2817/2817
f 2820/2820/2820 2818/2818/2818 2819/2819/2819
f 2817/2817/2817 2821/2821/2821 2819/2819/2819
f 2822/2822/2822 2821/2821/2821 2817/2817/2817
f 2823/2823/2823 2818/2818/2818 2820/2820/2820
f 2824/2824/2824 2818/2818/2818 2823/2823/2823
f 2825/2825/2825 2805/2805/2805 2806/2806/2806
f 2826/2826/2826 2805/2805/2805 2825/2825/2825
f 2827/2827/2827 2824/2824/2824 2823/2823/2823
f 2828/2828/2828 2824/2824/2824 2827/2827/2827
f 2830/2830/2830 2810/2810/2810 2829/2829/2829
f 2811/2811/2811 2810/2810/2810 2830/2830/2830
f 2831/2831/2831 2810/2810/2810 2815/2815/2815
f 2829/2829/2829 2810/2810/2810 2831/2831/2831
f 2833/2833/2833 2822/2822/2822 2832/2832/2832
f 2821/2821/2821 2822/2822/2822 2833/2833/2833
f 2835/2835/2835 2834/2834/2834 2813/2813/2813
f 2830/2830/2830 2813/2813/2813 2811/2811/2811
f 2798/2798/2798 2787/2787/2787 2788/2788/2788
f 2782/2782/2782 2787/2787/2787 2798/2798/2798
f 2776/2776/2776 2781/2781/2781 2791/2791/2791
f 2778/2778/2778 2781/2781/2781 2776/2776/2776
f 2807/2807/2807 2836/2836/2836 2806/2806/2806
f 2837/2837/2837 2836/2836/2836 2807/2807/2807
f 2838/2838/2838 2806/2806/2806 2836/2836/2836
f 2825/2825/2825 2806/2806/2806 2838/2838/2838
f 2834/2834/2834 2814/2814/2814 2813/2813/2813
f 2813/2813/2813 2840/2840/2840 2839/2839/2839
f 2813/2813/2813 2839/2839/2839 2835/2835/2835
f 2830/2830/2830 2840/2840/2840 2813/2813/2813
f 2842/2842/2842 2772/2772/2772 2841/2841/2841
f 2771/2771/2771 2772/2772/2772 2842/2842/2842
f 2842/2842/2842 2844/2844/2844 2843/2843/2843
f 2841/2841/2841 2844/2844/2844 2842/2842/2842
f 2846/2846/2846 2843/2843/2843 2845/2845/2845
f 2842/2842/2842 2843/2843/2843 2846/2846/2846
f 2845/2845/2845 2847/2847/2847 2846/2846/2846
f 2848/2848/2848 2847/2847/2847 2845/2845/2845
f 2848/2848/2848 2850/2850/2850 2849/2849/2849
f 2845/2845/2845 2850/2850/2850 2848/2848/2848
f 2853/2853/2853 2852/2852/2852 2851/2851/2851
f 2855/2855/2855 2851/2851/2851 2854/2854/2854
f 2853/2853/2853 2851/2851/2851 2855/2855/2855
f 2858/2858/2858 2857/2857/2857 2856/2856/2856
f 2858/2858/2858 2855/2855/2855 2854/2854/2854
f 2856/2856/2856 2855/2855/2855 2858/2858/2858
f 2859/2859/2859 2843/2843/2843 2844/2844/2844
f 2860/2860/2860 2843/2843/2843 2859/2859/2859
f 2861/2861/2861 2771/2771/2771 2842/2842/2842
f 2842/2842/2842 2862/2862/2862 2861/2861/2861
f 2846/2846/2846 2862/2862/2862 2842/2842/2842
f 2863/2863/2863 2846/2846/2846 2847/2847/2847
f 2862/2862/2862 2846/2846/2846 2863/2863/2863
f 2848/2848/2848 2852/2852/2852 2847/2847/2847
f 2851/2851/2851 2852/2852/2852 2848/2848/2848
f 2849/2849/2849 2851/2851/2851 2848/2848/2848
f 2854/2854/2854 2851/2851/2851 2849/2849/2849
f 2865/2865/2865 2858/2858/2858 2864/2864/2864
f 2866/2866/2866 2858/2858/2858 2865/2865/2865
f 2866/2866/2866 2857/2857/2857 2858/2858/2858
f 2867/2867/2867 2857/2857/2857 2866/2866/2866
f 2857/2857/2857 2868/2868/2868 2856/2856/2856
f 2867/2867/2867 2868/2868/2868 2857/2857/2857
f 2869/2869/2869 2856/2856/2856 2868/2868/2868
f 2855/2855/2855 2856/2856/2856 2869/2869/2869
f 2855/2855/2855 2870/2870/2870 2853/2853/2853
f 2869/2869/2869 2870/2870/2870 2855/2855/2855
f 2871/2871/2871 2853/2853/2853 2870/2870/2870
f 2852/2852/2852 2853/2853/2853 2871/2871/2871
f 2852/2852/2852 2863/2863/2863 2847/2847/2847
f 2871/2871/2871 2863/2863/2863 2852/2852/2852
f 2874/2874/2874 2873/2873/2873 2872/2872/2872
f 2874/2874/2874 2876/2876/2876 2875/2875/2875
f 2872/2872/2872 2876/2876/2876 2874/2874/2874
f 2879/2879/2879 2878/2878/2878 2877/2877/2877
f 2875/2875/2875 2878/2878/2878 2879/2879/2879
f 2877/2877/2877 2881/2881/2881 2880/2880/2880
f 2878/2878/2878 2881/2881/2881 2877/2877/2877
f 2881/2881/2881 2882/2882/2882 2880/2880/2880
f 2879/2879/2879 2883/2883/2883 2875/2875/2875
f 2884/2884/2884 2883/2883/2883 2879/2879/2879
f 2875/2875/2875 2883/2883/2883 2874/2874/2874
f 2887/2887/2887 2886/2886/2886 2885/2885/2885
f 2888/2888/2888 2886/2886/2886 2887/2887/2887
f 2888/2888/2888 2890/2890/2890 2889/2889/2889
f 2887/2887/2887 2890/2890/2890 2888/2888/2888
f 2892/2892/2892 2886/2886/2886 2891/2891/2891
f 2885/2885/2885 2886/2886/2886 2892/2892/2892
f 2894/2894/2894 2873/2873/2873 2893/2893/2893
f 2872/2872/2872 2873/2873/2873 2894/2894/2894
f 2896/2896/2896 2891/2891/2891 2895/2895/2895
f 2892/2892/2892 2891/2891/2891 2896/2896/2896
f 2897/2897/2897 2879/2879/2879 2877/2877/2877
f 2898/2898/2898 2879/2879/2879 2897/2897/2897
f 2899/2899/2899 2879/2879/2879 2898/2898/2898
f 2884/2884/2884 2879/2879/2879 2899/2899/2899
f 2900/2900/2900 2889/2889/2889 2890/2890/2890
f 2901/2901/2901 2889/2889/2889 2900/2900/2900
f 2880/2880/2880 2903/2903/2903 2902/2902/2902
f 2877/2877/2877 2880/2880/2880 2897/2897/2897
f 2864/2864/2864 2854/2854/2854 2849/2849/2849
f 2858/2858/2858 2854/2854/2854 2864/2864/2864
f 2843/2843/2843 2850/2850/2850 2845/2845/2845
f 2860/2860/2860 2850/2850/2850 2843/2843/2843
f 2876/2876/2876 2836/2836/2836 2837/2837/2837
f 2872/2872/2872 2836/2836/2836 2876/2876/2876
f 2838/2838/2838 2872/2872/2872 2894/2894/2894
f 2836/2836/2836 2872/2872/2872 2838/2838/2838
f 2880/2880/2880 2882/2882/2882 2903/2903/2903
f 2905/2905/2905 2904/2904/2904 2880/2880/2880
f 2902/2902/2902 2905/2905/2905 2880/2880/2880
f 2880/2880/2880 2904/2904/2904 2897/2897/2897
f 2908/2908/2908 2907/2907/2907 2906/2906/2906
f 2909/2909/2909 2907/2907/2907 2908/2908/2908
f 2908/2908/2908 2911/2911/2911 2910/2910/2910
f 2906/2906/2906 2911/2911/2911 2908/2908/2908
f 2913/2913/2913 2910/2910/2910 2912/2912/2912
f 2908/2908/2908 2910/2910/2910 2913/2913/2913
f 2912/2912/2912 2914/2914/2914 2913/2913/2913
f 2915/2915/2915 2914/2914/2914 2912/2912/2912
f 2915/2915/2915 2917/2917/2917 2916/2916/2916
f 2912/2912/2912 2917/2917/2917 2915/2915/2915
f 2920/2920/2920 2919/2919/2919 2918/2918/2918
f 2922/2922/2922 2918/2918/2918 2921/2921/2921
f 2920/2920/2920 2918/2918/2918 2922/2922/2922
f 2925/2925/2925 2924/2924/2924 2923/2923/2923
f 2925/2925/2925 2922/2922/2922 2921/2921/2921
f 2923/2923/2923 2922/2922/2922 2925/2925/2925
f 2926/2926/2926 2910/2910/2910 2911/2911/2911
f 2927/2927/2927 2910/2910/2910 2926/2926/2926
f 2928/2928/2928 2909/2909/2909 2908/2908/2908
f 2908/2908/2908 2929/2929/2929 2928/2928/2928
f 2913/2913/2913 2929/2929/2929 2908/2908/2908
f 2930/2930/2930 2913/2913/2913 2914/2914/2914
f 2929/2929/2929 2913/2913/2913 2930/2930/2930
f 2915/2915/2915 2919/2919/2919 2914/2914/2914
f 2918/2918/2918 2919/2919/2919 2915/2915/2915
f 2916/2916/2916 2918/2918/2918 2915/2915/2915
f 2921/2921/2921 2918/2918/2918 2916/2916/2916
f 2932/2932/2932 2925/2925/2925 2931/2931/2931
f 2933/2933/2933 2925/2925/2925 2932/2932/2932
f 2933/2933/2933 2924/2924/2924 2925/2925/2925
f 2934/2934/2934 2924/2924/2924 2933/2933/2933
f 2924/2924/2924 2935/2935/2935 2923/2923/2923
f 2934/2934/2934 2935/2935/2935 2924/2924/2924
f 2936/2936/2936 2923/2923/2923 2935/2935/2935
f 2922/2922/2922 2923/2923/2923 2936/2936/2936
f 2922/2922/2922 2937/2937/2937 2920/2920/2920
f 2936/2936/2936 2937/2937/2937 2922/2922/2922
f 2938/2938/2938 2920/2920/2920 2937/2937/2937
f 2919/2919/2919 2920/2920/2920 2938/2938/2938
f 2919/2919/2919 2930/2930/2930 2914/2914/2914
f 2938/2938/2938 2930/2930/2930 2919/2919/2919
f 2941/2941/2941 2940/2940/2940 2939/2939/2939
f 2941/2941/2941 2943/2943/2943 2942/2942/2942
f 2939/2939/2939 2943/2943/2943 2941/2941/2941
f 2946/2946/2946 2945/2945/2945 2944/2944/2944
f 2942/2942/2942 2945/2945/2945 2946/2946/2946
f 2944/2944/2944 2948/2948/2948 2947/2947/2947
f 2945/2945/2945 2948/2948/2948 2944/2944/2944
f 2948/2948/2948 2949/2949/2949 2947/2947/2947
f 2946/2946/2946 2950/2950/2950 2942/2942/2942
f 2951/2951/2951 2950/2950/2950 2946/2946/2946
f 2942/2942/2942 2950/2950/2950 2941/2941/2941
f 2954/2954/2954 2953/2953/2953 2952/2952/2952
f 2955/2955/2955 2953/2953/2953 2954/2954/2954
f 2955/2955/2955 2957/2957/2957 2956/2956/2956
f 2954/2954/2954 2957/2957/2957 2955/2955/2955
f 2959/2959/2959 2953/2953/2953 2958/2958/2958
f 2952/2952/2952 2953/2953/2953 2959/2959/2959
f 2961/2961/2961 2940/2940/2940 2960/2960/2960
f 2939/2939/2939 2940/2940/2940 2961/2961/2961
f 2963/2963/2963 2958/2958/2958 2962/2962/2962
f 2959/2959/2959 2958/2958/2958 2963/2963/2963
f 2964/2964/2964 2946/2946/2946 2944/2944/2944
f 2965/2965/2965 2946/2946/2946 2964/2964/2964
f 2966/2966/2966 2946/2946/2946 2965/2965/2965
f 2951/2951/2951 2946/2946/2946 2966/2966/2966
f 2967/2967/2967 2956/2956/2956 2957/2957/2957
f 2968/2968/2968 2956/2956/2956 2967/2967/2967
f 2947/2947/2947 2970/2970/2970 2969/2969/2969
f 2944/2944/2944 2947/2947/2947 2964/2964/2964
f 2931/2931/2931 2921/2921/2921 2916/2916/2916
f 2925/2925/2925 2921/2921/2921 2931/2931/2931
f 2910/2910/2910 2917/2917/2917 2912/2912/2912
f 2927/2927/2927 2917/2917/2917 2910/2910/2910
f 2943/2943/2943 2972/2972/2972 2971/2971/2971
f 2939/2939/2939 2972/2972/2972 2943/2943/2943
f 2973/2973/2973 2939/2939/2939 2961/2961/2961
f 2972/2972/2972 2939/2939/2939 2973/2973/2973
f 2947/2947/2947 2949/2949/2949 2970/2970/2970
f 2975/2975/2975 2974/2974/2974 2947/2947/2947
f 2969/2969/2969 2975/2975/2975 2947/2947/2947
f 2947/2947/2947 2974/2974/2974 2964/2964/2964
f 2976/2976/2976 2907/2907/2907 2909/2909/2909
f 2977/2977/2977 2907/2907/2907 2976/2976/2976
f 2976/2976/2976 2978/2978/2978 2977/2977/2977
f 2979/2979/2979 2978/2978/2978 2976/2976/2976
f 2980/2980/2980 2979/2979/2979 2976/2976/2976
f 2981/2981/2981 2979/2979/2979 2980/2980/2980
f 2981/2981/2981 2983/2983/2983 2982/2982/2982
f 2980/2980/2980 2983/2983/2983 2981/2981/2981
f 2982/2982/2982 2984/2984/2984 2981/2981/2981
f 2985/2985/2985 2984/2984/2984 2982/2982/2982
f 2988/2988/2988 2987/2987/2987 2986/2986/2986
f 2989/2989/2989 2988/2988/2988 2986/2986/2986
f 2990/2990/2990 2988/2988/2988 2989/2989/2989
f 2993/2993/2993 2992/2992/2992 2991/2991/2991
f 2991/2991/2991 2989/2989/2989 2993/2993/2993
f 2990/2990/2990 2989/2989/2989 2991/2991/2991
f 2995/2995/2995 2979/2979/2979 2994/2994/2994
f 2978/2978/2978 2979/2979/2979 2995/2995/2995
f 2976/2976/2976 2909/2909/2909 2996/2996/2996
f 2976/2976/2976 2997/2997/2997 2980/2980/2980
f 2996/2996/2996 2997/2997/2997 2976/2976/2976
f 2998/2998/2998 2980/2980/2980 2997/2997/2997
f 2983/2983/2983 2980/2980/2980 2998/2998/2998
f 2982/2982/2982 2987/2987/2987 2988/2988/2988
f 2983/2983/2983 2987/2987/2987 2982/2982/2982
f 2985/2985/2985 2988/2988/2988 2990/2990/2990
f 2982/2982/2982 2988/2988/2988 2985/2985/2985
f 3000/3000/3000 2991/2991/2991 2999/2999/2999
f 3001/3001/3001 2991/2991/2991 3000/3000/3000
f 2999/2999/2999 2992/2992/2992 3002/3002/3002
f 2991/2991/2991 2992/2992/2992 2999/2999/2999
f 2992/2992/2992 3003/3003/3003 3002/3002/3002
f 2993/2993/2993 3003/3003/3003 2992/2992/2992
f 3004/3004/3004 2993/2993/2993 2989/2989/2989
f 3003/3003/3003 2993/2993/2993 3004/3004/3004
f 2989/2989/2989 3005/3005/3005 3004/3004/3004
f 2986/2986/2986 3005/3005/3005 2989/2989/2989
f 3006/3006/3006 2986/2986/2986 2987/2987/2987
f 3005/3005/3005 2986/2986/2986 3006/3006/3006
f 2987/2987/2987 2998/2998/2998 3006/3006/3006
f 2983/2983/2983 2998/2998/2998 2987/2987/2987
f 3009/3009/3009 3008/3008/3008 3007/3007/3007
f 3007/3007/3007 3010/3010/3010 3009/3009/3009
f 3011/3011/3011 3010/3010/3010 3007/3007/3007
f 3013/3013/3013 3012/3012/3012 3011/3011/3011
f 3014/3014/3014 3012/3012/3012 3013/3013/3013
f 3014/3014/3014 3015/3015/3015 3012/3012/3012
f 3016/3016/3016 3015/3015/3015 3014/3014/3014
f 3016/3016/3016 3017/3017/3017 3015/3015/3015
f 3013/3013/3013 3019/3019/3019 3018/3018/3018
f 3011/3011/3011 3019/3019/3019 3013/3013/3013
f 3007/3007/3007 3019/3019/3019 3011/3011/3011
f 3022/3022/3022 3021/3021/3021 3020/3020/3020
f 3023/3023/3023 3021/3021/3021 3022/3022/3022
f 3020/3020/3020 3024/3024/3024 3022/3022/3022
f 3025/3025/3025 3024/3024/3024 3020/3020/3020
f 3026/3026/3026 3021/3021/3021 3023/3023/3023
f 3027/3027/3027 3021/3021/3021 3026/3026/3026
f 3028/3028/3028 3008/3008/3008 3009/3009/3009
f 3029/3029/3029 3008/3008/3008 3028/3028/3028
f 3030/3030/3030 3027/3027/3027 3026/3026/3026
f 3031/3031/3031 3027/3027/3027 3030/3030/3030
f 3033/3033/3033 3013/3013/3013 3032/3032/3032
f 3014/3014/3014 3013/3013/3013 3033/3033/3033
f 3034/3034/3034 3013/3013/3013 3018/3018/3018
f 3032/3032/3032 3013/3013/3013 3034/3034/3034
f 3036/3036/3036 3025/3025/3025 3035/3035/3035
f 3024/3024/3024 3025/3025/3025 3036/3036/3036
f 3038/3038/3038 3037/3037/3037 3016/3016/3016
f 3033/3033/3033 3016/3016/3016 3014/3014/3014
f 3001/3001/3001 2990/2990/2990 2991/2991/2991
f 2985/2985/2985 2990/2990/2990 3001/3001/3001
f 2979/2979/2979 2984/2984/2984 2994/2994/2994
f 2981/2981/2981 2984/2984/2984 2979/2979/2979
f 3010/3010/3010 2972/2972/2972 3009/3009/3009
f 2971/2971/2971 2972/2972/2972 3010/3010/3010
f 2973/2973/2973 3009/3009/3009 2972/2972/2972
f 3028/3028/3028 3009/3009/3009 2973/2973/2973
f 3037/3037/3037 3017/3017/3017 3016/3016/3016
f 3016/3016/3016 3040/3040/3040 3039/3039/3039
f 3016/3016/3016 3039/3039/3039 3038/3038/3038
f 3033/3033/3033 3040/3040/3040 3016/3016/3016
f 3043/3043/3043 3042/3042/3042 3041/3041/3041
f 3044/3044/3044 3042/3042/3042 3043/3043/3043
f 3047/3047/3047 3046/3046/3046 3045/3045/3045
f 3048/3048/3048 3046/3046/3046 3047/3047/3047
f 3045/3045/3045 3041/3041/3041 3047/3047/3047
f 3043/3043/3043 3041/3041/3041 3045/3045/3045
f 3044/3044/3044 3049/3049/3049 3042/3042/3042
f 3050/3050/3050 3049/3049/3049 3044/3044/3044
f 3053/3053/3053 3052/3052/3052 3051/3051/3051
f 3054/3054/3054 3052/3052/3052 3053/3053/3053
f 3057/3057/3057 3056/3056/3056 3055/3055/3055
f 3058/3058/3058 3056/3056/3056 3057/3057/3057
f 3055/3055/3055 3051/3051/3051 3057/3057/3057
f 3053/3053/3053 3051/3051/3051 3055/3055/3055
f 3054/3054/3054 3059/3059/3059 3052/3052/3052
f 3060/3060/3060 3059/3059/3059 3054/3054/3054
f 3063/3063/3063 3062/3062/3062 3061/3061/3061
f 3064/3064/3064 3062/3062/3062 3063/3063/3063
f 3061/3061/3061 3066/3066/3066 3065/3065/3065
f 3062/3062/3062 3066/3066/3066 3061/3061/3061
f 3069/3069/3069 3068/3068/3068 3067/3067/3067
f 3070/3070/3070 3068/3068/3068 3069/3069/3069
f 3067/3067/3067 3072/3072/3072 3071/3071/3071
f 3068/3068/3068 3072/3072/3072 3067/3067/3067
f 3074/3074/3074 3073/3073/3073 3072/3072/3072
f 3075/3075/3075 3073/3073/3073 3074/3074/3074
f 3078/3078/3078 3077/3077/3077 3076/3076/3076
f 3079/3079/3079 3077/3077/3077 3078/3078/3078
f 3079/3079/3079 3080/3080/3080 3077/3077/3077
f 3081/3081/3081 3080/3080/3080 3079/3079/3079
f 3084/3084/3084 3083/3083/3083 3082/3082/3082
f 3082/3082/3082 3086/3086/3086 3085/3085/3085
f 3087/3087/3087 3086/3086/3086 3082/3082/3082
f 3063/3063/3063 3085/3085/3085 3086/3086/3086
f 3061/3061/3061 3085/3085/3085 3063/3063/3063
f 3088/3088/3088 3061/3061/3061 3065/3065/3065
f 3085/3085/3085 3061/3061/3061 3088/3088/3088
f 3091/3091/3091 3090/3090/3090 3089/3089/3089
f 3094/3094/3094 3093/3093/3093 3092/3092/3092
f 3095/3095/3095 3093/3093/3093 3094/3094/3094
f 3098/3098/3098 3097/3097/3097 3096/3096/3096
f 3099/3099/3099 3097/3097/3097 3098/3098/3098
f 3096/3096/3096 3100/3100/3100 3098/3098/3098
f 3103/3103/3103 3102/3102/3102 3101/3101/3101
f 3104/3104/3104 3102/3102/3102 3103/3103/3103
f 3107/3107/3107 3106/3106/3106 3105/3105/3105
f 3110/3110/3110 3109/3109/3109 3108/3108/3108
f 3111/3111/3111 3110/3110/3110 3108/3108/3108
f 3112/3112/3112 3110/3110/3110 3111/3111/3111
f 3114/3114/3114 3113/3113/3113 3104/3104/3104
f 3115/3115/3115 3113/3113/3113 3114/3114/3114
f 3118/3118/3118 3117/3117/3117 3116/3116/3116
f 3119/3119/3119 3117/3117/3117 3118/3118/3118
f 3120/3120/3120 3117/3117/3117 3119/3119/3119
f 3123/3123/3123 3122/3122/3122 3121/3121/3121
f 3124/3124/3124 3122/3122/3122 3123/3123/3123
f 3125/3125/3125 3121/3121/3121 3122/3122/3122
f 3126/3126/3126 3121/3121/3121 3125/3125/3125
f 3129/3129/3129 3128/3128/3128 3127/3127/3127
f 3130/3130/3130 3128/3128/3128 3129/3129/3129
f 3133/3133/3133 3132/3132/3132 3131/3131/3131
f 3117/3117/3117 3132/3132/3132 3133/3133/3133
f 3132/3132/3132 3117/3117/3117 3134/3134/3134
f 3135/3135/3135 3132/3132/3132 3134/3134/3134
f 3136/3136/3136 3132/3132/3132 3135/3135/3135
f 3131/3131/3131 3136/3136/3136 3137/3137/3137
f 3132/3132/3132 3136/3136/3136 3131/3131/3131
f 3123/3123/3123 3139/3139/3139 3138/3138/3138
f 3121/3121/3121 3139/3139/3139 3123/3123/3123
f 3139/3139/3139 3126/3126/3126 3140/3140/3140
f 3121/3121/3121 3126/3126/3126 3139/3139/3139
f 3141/3141/3141 3128/3128/3128 3130/3130/3130
f 3142/3142/3142 3128/3128/3128 3141/3141/3141
f 3144/3144/3144 3141/3141/3141 3143/3143/3143
f 3142/3142/3142 3141/3141/3141 3144/3144/3144
f 3146/3146/3146 3140/3140/3140 3145/3145/3145
f 3139/3139/3139 3140/3140/3140 3146/3146/3146
f 3147/3147/3147 3139/3139/3139 3146/3146/3146
f 3138/3138/3138 3139/3139/3139 3147/3147/3147
f 3149/3149/3149 3135/3135/3135 3148/3148/3148
f 3136/3136/3136 3135/3135/3135 3149/3149/3149
f 3104/3104/3104 3151/3151/3151 3150/3150/3150
f 3113/3113/3113 3151/3151/3151 3104/3104/3104
f 3152/3152/3152 3104/3104/3104 3150/3150/3150
f 3102/3102/3102 3104/3104/3104 3152/3152/3152
f 3155/3155/3155 3154/3154/3154 3153/3153/3153
f 3156/3156/3156 3154/3154/3154 3155/3155/3155
f 3158/3158/3158 3112/3112/3112 3157/3157/3157
f 3110/3110/3110 3112/3112/3112 3158/3158/3158
f 3161/3161/3161 3160/3160/3160 3159/3159/3159
f 3162/3162/3162 3160/3160/3160 3161/3161/3161
f 3161/3161/3161 3163/3163/3163 3162/3162/3162
f 3164/3164/3164 3163/3163/3163 3161/3161/3161
f 3167/3167/3167 3166/3166/3166 3165/3165/3165
f 3168/3168/3168 3166/3166/3166 3167/3167/3167
f 3157/3157/3157 3169/3169/3169 3158/3158/3158
f 3170/3170/3170 3169/3169/3169 3157/3157/3157
f 3160/3160/3160 3171/3171/3171 3159/3159/3159
f 3172/3172/3172 3171/3171/3171 3160/3160/3160
f 3173/3173/3173 3079/3079/3079 3078/3078/3078
f 3174/3174/3174 3079/3079/3079 3173/3173/3173
f 3081/3081/3081 3174/3174/3174 3175/3175/3175
f 3079/3079/3079 3174/3174/3174 3081/3081/3081
f 3176/3176/3176 3173/3173/3173 3078/3078/3078
f 3177/3177/3177 3173/3173/3173 3176/3176/3176
f 3177/3177/3177 3178/3178/3178 3173/3173/3173
f 3179/3179/3179 3178/3178/3178 3177/3177/3177
f 3178/3178/3178 3174/3174/3174 3173/3173/3173
f 3180/3180/3180 3174/3174/3174 3178/3178/3178
f 3180/3180/3180 3175/3175/3175 3174/3174/3174
f 3181/3181/3181 3175/3175/3175 3180/3180/3180
f 3180/3180/3180 3183/3183/3183 3182/3182/3182
f 3178/3178/3178 3183/3183/3183 3180/3180/3180
f 3185/3185/3185 3183/3183/3183 3184/3184/3184
f 3182/3182/3182 3183/3183/3183 3185/3185/3185
f 3187/3187/3187 3185/3185/3185 3186/3186/3186
f 3182/3182/3182 3185/3185/3185 3187/3187/3187
f 3190/3190/3190 3189/3189/3189 3188/3188/3188
f 3191/3191/3191 3189/3189/3189 3190/3190/3190
f 3193/3193/3193 3185/3185/3185 3192/3192/3192
f 3194/3194/3194 3185/3185/3185 3193/3193/3193
f 3197/3197/3197 3196/3196/3196 3195/3195/3195
f 3184/3184/3184 3196/3196/3196 3197/3197/3197
f 3198/3198/3198 3190/3190/3190 3188/3188/3188
f 3199/3199/3199 3190/3190/3190 3198/3198/3198
f 3198/3198/3198 3201/3201/3201 3200/3200/3200
f 3202/3202/3202 3201/3201/3201 3198/3198/3198
f 3201/3201/3201 3203/3203/3203 3200/3200/3200
f 3204/3204/3204 3203/3203/3203 3201/3201/3201
f 3207/3207/3207 3206/3206/3206 3205/3205/3205
f 3208/3208/3208 3206/3206/3206 3207/3207/3207
f 3210/3210/3210 3206/3206/3206 3209/3209/3209
f 3205/3205/3205 3206/3206/3206 3210/3210/3210
f 3209/3209/3209 3211/3211/3211 3210/3210/3210
f 3212/3212/3212 3211/3211/3211 3209/3209/3209
f 3212/3212/3212 3214/3214/3214 3213/3213/3213
f 3209/3209/3209 3214/3214/3214 3212/3212/3212
f 3209/3209/3209 3215/3215/3215 3214/3214/3214
f 3206/3206/3206 3215/3215/3215 3209/3209/3209
f 3206/3206/3206 3216/3216/3216 3215/3215/3215
f 3208/3208/3208 3216/3216/3216 3206/3206/3206
f 3219/3219/3219 3218/3218/3218 3217/3217/3217
f 3220/3220/3220 3218/3218/3218 3219/3219/3219
f 3221/3221/3221 3219/3219/3219 3217/3217/3217
f 3222/3222/3222 3219/3219/3219 3221/3221/3221
f 3224/3224/3224 3221/3221/3221 3223/3223/3223
f 3222/3222/3222 3221/3221/3221 3224/3224/3224
f 3227/3227/3227 3226/3226/3226 3225/3225/3225
f 3228/3228/3228 3226/3226/3226 3227/3227/3227
f 3229/3229/3229 3226/3226/3226 3228/3228/3228
f 3230/3230/3230 3226/3226/3226 3229/3229/3229
f 3226/3226/3226 3231/3231/3231 3225/3225/3225
f 3232/3232/3232 3231/3231/3231 3226/3226/3226
f 3226/3226/3226 3233/3233/3233 3232/3232/3232
f 3230/3230/3230 3233/3233/3233 3226/3226/3226
f 3230/3230/3230 3234/3234/3234 3233/3233/3233
f 3235/3235/3235 3234/3234/3234 3230/3230/3230
f 3230/3230/3230 3236/3236/3236 3235/3235/3235
f 3237/3237/3237 3236/3236/3236 3230/3230/3230
f 3239/3239/3239 3115/3115/3115 3238/3238/3238
f 3113/3113/3113 3115/3115/3115 3239/3239/3239
f 3229/3229/3229 3237/3237/3237 3230/3230/3230
f 3240/3240/3240 3237/3237/3237 3229/3229/3229
f 3113/3113/3113 3241/3241/3241 3151/3151/3151
f 3239/3239/3239 3241/3241/3241 3113/3113/3113
f 3244/3244/3244 3243/3243/3243 3242/3242/3242
f 3245/3245/3245 3243/3243/3243 3244/3244/3244
f 3248/3248/3248 3247/3247/3247 3246/3246/3246
f 3249/3249/3249 3247/3247/3247 3248/3248/3248
f 3250/3250/3250 3246/3246/3246 3247/3247/3247
f 3251/3251/3251 3246/3246/3246 3250/3250/3250
f 3247/3247/3247 3245/3245/3245 3250/3250/3250
f 3243/3243/3243 3245/3245/3245 3247/3247/3247
f 3249/3249/3249 3243/3243/3243 3247/3247/3247
f 3234/3234/3234 3243/3243/3243 3249/3249/3249
f 3254/3254/3254 3253/3253/3253 3252/3252/3252
f 3255/3255/3255 3253/3253/3253 3254/3254/3254
f 3258/3258/3258 3257/3257/3257 3256/3256/3256
f 3259/3259/3259 3257/3257/3257 3258/3258/3258
f 3261/3261/3261 3255/3255/3255 3260/3260/3260
f 3253/3253/3253 3255/3255/3255 3261/3261/3261
f 3263/3263/3263 3256/3256/3256 3262/3262/3262
f 3258/3258/3258 3256/3256/3256 3263/3263/3263
f 3260/3260/3260 3264/3264/3264 3261/3261/3261
f 3265/3265/3265 3264/3264/3264 3260/3260/3260
f 3266/3266/3266 3263/3263/3263 3262/3262/3262
f 3267/3267/3267 3263/3263/3263 3266/3266/3266
f 3270/3270/3270 3269/3269/3269 3268/3268/3268
f 3271/3271/3271 3269/3269/3269 3270/3270/3270
f 3274/3274/3274 3273/3273/3273 3272/3272/3272
f 3275/3275/3275 3273/3273/3273 3274/3274/3274
f 3277/3277/3277 3275/3275/3275 3276/3276/3276
f 3273/3273/3273 3275/3275/3275 3277/3277/3277
f 3279/3279/3279 3277/3277/3277 3278/3278/3278
f 3273/3273/3273 3277/3277/3277 3279/3279/3279
f 3272/3272/3272 3279/3279/3279 3280/3280/3280
f 3273/3273/3273 3279/3279/3279 3272/3272/3272
f 3269/3269/3269 3281/3281/3281 3268/3268/3268
f 3282/3282/3282 3281/3281/3281 3269/3269/3269
f 3284/3284/3284 3278/3278/3278 3283/3283/3283
f 3279/3279/3279 3278/3278/3278 3284/3284/3284
f 3280/3280/3280 3284/3284/3284 3285/3285/3285
f 3279/3279/3279 3284/3284/3284 3280/3280/3280
f 3281/3281/3281 3287/3287/3287 3286/3286/3286
f 3282/3282/3282 3287/3287/3287 3281/3281/3281
f 3290/3290/3290 3289/3289/3289 3288/3288/3288
f 3291/3291/3291 3289/3289/3289 3290/3290/3290
f 3292/3292/3292 3288/3288/3288 3289/3289/3289
f 3293/3293/3293 3288/3288/3288 3292/3292/3292
f 3296/3296/3296 3295/3295/3295 3294/3294/3294
f 3297/3297/3297 3295/3295/3295 3296/3296/3296
f 3300/3300/3300 3299/3299/3299 3298/3298/3298
f 3301/3301/3301 3299/3299/3299 3300/3300/3300
f 3302/3302/3302 3289/3289/3289 3301/3301/3301
f 3292/3292/3292 3289/3289/3289 3302/3302/3302
f 3301/3301/3301 3303/3303/3303 3302/3302/3302
f 3300/3300/3300 3303/3303/3303 3301/3301/3301
f 3306/3306/3306 3305/3305/3305 3304/3304/3304
f 3307/3307/3307 3305/3305/3305 3306/3306/3306
f 3307/3307/3307 3294/3294/3294 3305/3305/3305
f 3296/3296/3296 3294/3294/3294 3307/3307/3307
f 3185/3185/3185 3197/3197/3197 3192/3192/3192
f 3185/3185/3185 3184/3184/3184 3197/3197/3197
f 3180/3180/3180 3308/3308/3308 3181/3181/3181
f 3182/3182/3182 3308/3308/3308 3180/3180/3180
f 3310/3310/3310 3078/3078/3078 3309/3309/3309
f 3311/3311/3311 3078/3078/3078 3310/3310/3310
f 3087/3087/3087 3089/3089/3089 3312/3312/3312
f 3082/3082/3082 3089/3089/3089 3087/3087/3087
f 3136/3136/3136 3313/3313/3313 3137/3137/3137
f 3149/3149/3149 3313/3313/3313 3136/3136/3136
f 3311/3311/3311 3176/3176/3176 3078/3078/3078
f 3314/3314/3314 3176/3176/3176 3311/3311/3311
f 3192/3192/3192 3195/3195/3195 3315/3315/3315
f 3197/3197/3197 3195/3195/3195 3192/3192/3192
f 3202/3202/3202 3316/3316/3316 3201/3201/3201
f 3204/3204/3204 3316/3316/3316 3317/3317/3317
f 3201/3201/3201 3316/3316/3316 3204/3204/3204
f 3301/3301/3301 3291/3291/3291 3299/3299/3299
f 3289/3289/3289 3291/3291/3291 3301/3301/3301
f 3318/3318/3318 3196/3196/3196 3184/3184/3184
f 3319/3319/3319 3196/3196/3196 3318/3318/3318
f 3320/3320/3320 3184/3184/3184 3183/3183/3183
f 3318/3318/3318 3184/3184/3184 3320/3320/3320
f 3179/3179/3179 3183/3183/3183 3178/3178/3178
f 3320/3320/3320 3183/3183/3183 3179/3179/3179
f 3321/3321/3321 3100/3100/3100 3096/3096/3096
f 3322/3322/3322 3100/3100/3100 3321/3321/3321
f 3325/3325/3325 3324/3324/3324 3323/3323/3323
f 3326/3326/3326 3249/3249/3249 3248/3248/3248
f 3329/3329/3329 3328/3328/3328 3327/3327/3327
f 3332/3332/3332 3331/3331/3331 3330/3330/3330
f 3333/3333/3333 3331/3331/3331 3332/3332/3332
f 3330/3330/3330 3335/3335/3335 3334/3334/3334
f 3331/3331/3331 3335/3335/3335 3330/3330/3330
f 3338/3338/3338 3337/3337/3337 3336/3336/3336
f 3339/3339/3339 3337/3337/3337 3338/3338/3338
f 3063/3063/3063 3340/3340/3340 3064/3064/3064
f 3341/3341/3341 3340/3340/3340 3063/3063/3063
f 3341/3341/3341 3342/3342/3342 3340/3340/3340
f 3343/3343/3343 3342/3342/3342 3341/3341/3341
f 3346/3346/3346 3345/3345/3345 3344/3344/3344
f 3347/3347/3347 3345/3345/3345 3346/3346/3346
f 3345/3345/3345 3349/3349/3349 3348/3348/3348
f 3347/3347/3347 3349/3349/3349 3345/3345/3345
f 3075/3075/3075 3348/3348/3348 3350/3350/3350
f 3074/3074/3074 3348/3348/3348 3075/3075/3075
f 3353/3353/3353 3352/3352/3352 3351/3351/3351
f 3354/3354/3354 3352/3352/3352 3353/3353/3353
f 3351/3351/3351 3356/3356/3356 3355/3355/3355
f 3352/3352/3352 3356/3356/3356 3351/3351/3351
f 3357/3357/3357 3086/3086/3086 3087/3087/3087
f 3358/3358/3358 3086/3086/3086 3357/3357/3357
f 3063/3063/3063 3358/3358/3358 3341/3341/3341
f 3086/3086/3086 3358/3358/3358 3063/3063/3063
f 3359/3359/3359 3341/3341/3341 3358/3358/3358
f 3343/3343/3343 3341/3341/3341 3359/3359/3359
f 3361/3361/3361 3360/3360/3360 3357/3357/3357
f 3364/3364/3364 3363/3363/3363 3362/3362/3362
f 3312/3312/3312 3363/3363/3363 3364/3364/3364
f 3365/3365/3365 3097/3097/3097 3099/3099/3099
f 3366/3366/3366 3097/3097/3097 3365/3365/3365
f 3365/3365/3365 3367/3367/3367 3366/3366/3366
f 3370/3370/3370 3369/3369/3369 3368/3368/3368
f 3371/3371/3371 3369/3369/3369 3370/3370/3370
f 3368/3368/3368 3372/3372/3372 3370/3370/3370
f 3368/3368/3368 3374/3374/3374 3373/3373/3373
f 3369/3369/3369 3374/3374/3374 3368/3368/3368
f 3377/3377/3377 3376/3376/3376 3375/3375/3375
f 3380/3380/3380 3379/3379/3379 3378/3378/3378
f 3381/3381/3381 3379/3379/3379 3380/3380/3380
f 3373/3373/3373 3382/3382/3382 3368/3368/3368
f 3383/3383/3383 3382/3382/3382 3373/3373/3373
f 3386/3386/3386 3385/3385/3385 3384/3384/3384
f 3387/3387/3387 3385/3385/3385 3386/3386/3386
f 3390/3390/3390 3389/3389/3389 3388/3388/3388
f 3391/3391/3391 3389/3389/3389 3390/3390/3390
f 3392/3392/3392 3389/3389/3389 3391/3391/3391
f 3390/3390/3390 3394/3394/3394 3393/3393/3393
f 3388/3388/3388 3394/3394/3394 3390/3390/3390
f 3397/3397/3397 3396/3396/3396 3395/3395/3395
f 3398/3398/3398 3396/3396/3396 3397/3397/3397
f 3401/3401/3401 3400/3400/3400 3399/3399/3399
f 3402/3402/3402 3400/3400/3400 3401/3401/3401
f 3133/3133/3133 3403/3403/3403 3389/3389/3389
f 3131/3131/3131 3403/3403/3403 3133/3133/3133
f 3403/3403/3403 3404/3404/3404 3389/3389/3389
f 3406/3406/3406 3404/3404/3404 3405/3405/3405
f 3388/3388/3388 3404/3404/3404 3406/3406/3406
f 3131/3131/3131 3407/3407/3407 3403/3403/3403
f 3137/3137/3137 3407/3407/3407 3131/3131/3131
f 3388/3388/3388 3408/3408/3408 3394/3394/3394
f 3406/3406/3406 3408/3408/3408 3388/3388/3388
f 3395/3395/3395 3409/3409/3409 3397/3397/3397
f 3410/3410/3410 3409/3409/3409 3395/3395/3395
f 3412/3412/3412 3399/3399/3399 3411/3411/3411
f 3401/3401/3401 3399/3399/3399 3412/3412/3412
f 3413/3413/3413 3412/3412/3412 3411/3411/3411
f 3414/3414/3414 3412/3412/3412 3413/3413/3413
f 3415/3415/3415 3409/3409/3409 3410/3410/3410
f 3416/3416/3416 3409/3409/3409 3415/3415/3415
f 3406/3406/3406 3417/3417/3417 3408/3408/3408
f 3418/3418/3418 3417/3417/3417 3406/3406/3406
f 3419/3419/3419 3406/3406/3406 3405/3405/3405
f 3418/3418/3418 3406/3406/3406 3419/3419/3419
f 3381/3381/3381 3421/3421/3421 3420/3420/3420
f 3380/3380/3380 3421/3421/3421 3381/3381/3381
f 3378/3378/3378 3422/3422/3422 3380/3380/3380
f 3423/3423/3423 3422/3422/3422 3378/3378/3378
f 3380/3380/3380 3425/3425/3425 3424/3424/3424
f 3422/3422/3422 3425/3425/3425 3380/3380/3380
f 3421/3421/3421 3424/3424/3424 3426/3426/3426
f 3380/3380/3380 3424/3424/3424 3421/3421/3421
f 3427/3427/3427 3385/3385/3385 3387/3387/3387
f 3428/3428/3428 3385/3385/3385 3427/3427/3427
f 3430/3430/3430 3423/3423/3423 3429/3429/3429
f 3422/3422/3422 3423/3423/3423 3430/3430/3430
f 3425/3425/3425 3430/3430/3430 3431/3431/3431
f 3422/3422/3422 3430/3430/3430 3425/3425/3425
f 3433/3433/3433 3351/3351/3351 3432/3432/3432
f 3353/3353/3353 3351/3351/3351 3433/3433/3433
f 3355/3355/3355 3432/3432/3432 3351/3351/3351
f 3434/3434/3434 3432/3432/3432 3355/3355/3355
f 3436/3436/3436 3433/3433/3433 3435/3435/3435
f 3353/3353/3353 3433/3433/3433 3436/3436/3436
f 3435/3435/3435 3438/3438/3438 3437/3437/3437
f 3433/3433/3433 3438/3438/3438 3435/3435/3435
f 3438/3438/3438 3432/3432/3432 3439/3439/3439
f 3433/3433/3433 3432/3432/3432 3438/3438/3438
f 3439/3439/3439 3434/3434/3434 3440/3440/3440
f 3432/3432/3432 3434/3434/3434 3439/3439/3439
f 3439/3439/3439 3441/3441/3441 3438/3438/3438
f 3442/3442/3442 3441/3441/3441 3439/3439/3439
f 3443/3443/3443 3441/3441/3441 3442/3442/3442
f 3444/3444/3444 3441/3441/3441 3443/3443/3443
f 3445/3445/3445 3443/3443/3443 3442/3442/3442
f 3446/3446/3446 3443/3443/3443 3445/3445/3445
f 3449/3449/3449 3448/3448/3448 3447/3447/3447
f 3450/3450/3450 3448/3448/3448 3449/3449/3449
f 3452/3452/3452 3443/3443/3443 3451/3451/3451
f 3453/3453/3453 3443/3443/3443 3452/3452/3452
f 3454/3454/3454 3196/3196/3196 3444/3444/3444
f 3195/3195/3195 3196/3196/3196 3454/3454/3454
f 3450/3450/3450 3456/3456/3456 3455/3455/3455
f 3449/3449/3449 3456/3456/3456 3450/3450/3450
f 3450/3450/3450 3457/3457/3457 3202/3202/3202
f 3458/3458/3458 3457/3457/3457 3450/3450/3450
f 3460/3460/3460 3455/3455/3455 3459/3459/3459
f 3458/3458/3458 3455/3455/3455 3460/3460/3460
f 3459/3459/3459 3462/3462/3462 3461/3461/3461
f 3455/3455/3455 3462/3462/3462 3459/3459/3459
f 3455/3455/3455 3463/3463/3463 3462/3462/3462
f 3456/3456/3456 3463/3463/3463 3455/3455/3455
f 3465/3465/3465 3456/3456/3456 3464/3464/3464
f 3463/3463/3463 3456/3456/3456 3465/3465/3465
f 3468/3468/3468 3467/3467/3467 3466/3466/3466
f 3469/3469/3469 3467/3467/3467 3468/3468/3468
f 3471/3471/3471 3466/3466/3466 3470/3470/3470
f 3468/3468/3468 3466/3466/3466 3471/3471/3471
f 3473/3473/3473 3470/3470/3470 3472/3472/3472
f 3471/3471/3471 3470/3470/3470 3473/3473/3473
f 3476/3476/3476 3475/3475/3475 3474/3474/3474
f 3477/3477/3477 3475/3475/3475 3476/3476/3476
f 3479/3479/3479 3477/3477/3477 3478/3478/3478
f 3475/3475/3475 3477/3477/3477 3479/3479/3479
f 3480/3480/3480 3479/3479/3479 3478/3478/3478
f 3481/3481/3481 3479/3479/3479 3480/3480/3480
f 3484/3484/3484 3483/3483/3483 3482/3482/3482
f 3485/3485/3485 3483/3483/3483 3484/3484/3484
f 3487/3487/3487 3483/3483/3483 3486/3486/3486
f 3482/3482/3482 3483/3483/3483 3487/3487/3487
f 3483/3483/3483 3489/3489/3489 3488/3488/3488
f 3485/3485/3485 3489/3489/3489 3483/3483/3483
f 3483/3483/3483 3490/3490/3490 3486/3486/3486
f 3488/3488/3488 3490/3490/3490 3483/3483/3483
f 3493/3493/3493 3492/3492/3492 3491/3491/3491
f 3493/3493/3493 3495/3495/3495 3494/3494/3494
f 3491/3491/3491 3495/3495/3495 3493/3493/3493
f 3498/3498/3498 3497/3497/3497 3496/3496/3496
f 3499/3499/3499 3497/3497/3497 3498/3498/3498
f 3487/3487/3487 3501/3501/3501 3500/3500/3500
f 3486/3486/3486 3501/3501/3501 3487/3487/3487
f 3503/3503/3503 3383/3383/3383 3502/3502/3502
f 3382/3382/3382 3383/3383/3383 3503/3503/3503
f 3506/3506/3506 3505/3505/3505 3504/3504/3504
f 3507/3507/3507 3505/3505/3505 3506/3506/3506
f 3510/3510/3510 3509/3509/3509 3508/3508/3508
f 3511/3511/3511 3509/3509/3509 3510/3510/3510
f 3514/3514/3514 3513/3513/3513 3512/3512/3512
f 3515/3515/3515 3513/3513/3513 3514/3514/3514
f 3513/3513/3513 3506/3506/3506 3504/3504/3504
f 3515/3515/3515 3506/3506/3506 3513/3513/3513
f 3508/3508/3508 3491/3491/3491 3492/3492/3492
f 3509/3509/3509 3491/3491/3491 3508/3508/3508
f 3518/3518/3518 3517/3517/3517 3516/3516/3516
f 3519/3519/3519 3517/3517/3517 3518/3518/3518
f 3521/3521/3521 3519/3519/3519 3520/3520/3520
f 3517/3517/3517 3519/3519/3519 3521/3521/3521
f 3517/3517/3517 3522/3522/3522 3516/3516/3516
f 3523/3523/3523 3522/3522/3522 3517/3517/3517
f 3524/3524/3524 3517/3517/3517 3521/3521/3521
f 3523/3523/3523 3517/3517/3517 3524/3524/3524
f 3522/3522/3522 3526/3526/3526 3525/3525/3525
f 3523/3523/3523 3526/3526/3526 3522/3522/3522
f 3526/3526/3526 3524/3524/3524 3527/3527/3527
f 3523/3523/3523 3524/3524/3524 3526/3526/3526
f 3530/3530/3530 3529/3529/3529 3528/3528/3528
f 3531/3531/3531 3529/3529/3529 3530/3530/3530
f 3534/3534/3534 3533/3533/3533 3532/3532/3532
f 3535/3535/3535 3533/3533/3533 3534/3534/3534
f 3538/3538/3538 3537/3537/3537 3536/3536/3536
f 3539/3539/3539 3537/3537/3537 3538/3538/3538
f 3540/3540/3540 3538/3538/3538 3536/3536/3536
f 3541/3541/3541 3538/3538/3538 3540/3540/3540
f 3535/3535/3535 3542/3542/3542 3533/3533/3533
f 3543/3543/3543 3542/3542/3542 3535/3535/3535
f 3545/3545/3545 3531/3531/3531 3544/3544/3544
f 3529/3529/3529 3531/3531/3531 3545/3545/3545
f 3546/3546/3546 3541/3541/3541 3540/3540/3540
f 3547/3547/3547 3541/3541/3541 3546/3546/3546
f 3543/3543/3543 3548/3548/3548 3542/3542/3542
f 3549/3549/3549 3548/3548/3548 3543/3543/3543
f 3544/3544/3544 3550/3550/3550 3545/3545/3545
f 3551/3551/3551 3550/3550/3550 3544/3544/3544
f 3554/3554/3554 3553/3553/3553 3552/3552/3552
f 3555/3555/3555 3553/3553/3553 3554/3554/3554
f 3558/3558/3558 3557/3557/3557 3556/3556/3556
f 3559/3559/3559 3557/3557/3557 3558/3558/3558
f 3562/3562/3562 3561/3561/3561 3560/3560/3560
f 3563/3563/3563 3561/3561/3561 3562/3562/3562
f 3566/3566/3566 3565/3565/3565 3564/3564/3564
f 3567/3567/3567 3565/3565/3565 3566/3566/3566
f 3559/3559/3559 3568/3568/3568 3557/3557/3557
f 3569/3569/3569 3568/3568/3568 3559/3559/3559
f 3568/3568/3568 3571/3571/3571 3570/3570/3570
f 3569/3569/3569 3571/3571/3571 3568/3568/3568
f 3574/3574/3574 3573/3573/3573 3572/3572/3572
f 3575/3575/3575 3573/3573/3573 3574/3574/3574
f 3563/3563/3563 3572/3572/3572 3561/3561/3561
f 3574/3574/3574 3572/3572/3572 3563/3563/3563
f 3453/3453/3453 3454/3454/3454 3443/3443/3443
f 3454/3454/3454 3444/3444/3444 3443/3443/3443
f 3439/3439/3439 3576/3576/3576 3442/3442/3442
f 3440/3440/3440 3576/3576/3576 3439/3439/3439
f 3311/3311/3311 3577/3577/3577 3353/3353/3353
f 3310/3310/3310 3577/3577/3577 3311/3311/3311
f 3087/3087/3087 3364/3364/3364 3357/3357/3357
f 3312/3312/3312 3364/3364/3364 3087/3087/3087
f 3407/3407/3407 3313/3313/3313 3578/3578/3578
f 3137/3137/3137 3313/3313/3313 3407/3407/3407
f 3311/3311/3311 3436/3436/3436 3314/3314/3314
f 3353/3353/3353 3436/3436/3436 3311/3311/3311
f 3453/3453/3453 3195/3195/3195 3454/3454/3454
f 3315/3315/3315 3195/3195/3195 3453/3453/3453
f 3457/3457/3457 3316/3316/3316 3202/3202/3202
f 3579/3579/3579 3316/3316/3316 3457/3457/3457
f 3317/3317/3317 3316/3316/3316 3579/3579/3579
f 3564/3564/3564 3554/3554/3554 3552/3552/3552
f 3565/3565/3565 3554/3554/3554 3564/3564/3564
f 3580/3580/3580 3196/3196/3196 3319/3319/3319
f 3444/3444/3444 3196/3196/3196 3580/3580/3580
f 3581/3581/3581 3444/3444/3444 3580/3580/3580
f 3441/3441/3441 3444/3444/3444 3581/3581/3581
f 3437/3437/3437 3441/3441/3441 3581/3581/3581
f 3438/3438/3438 3441/3441/3441 3437/3437/3437
f 3583/3583/3583 3093/3093/3093 3582/3582/3582
f 3092/3092/3092 3093/3093/3093 3583/3583/3583
f 3585/3585/3585 3367/3367/3367 3584/3584/3584
f 3366/3366/3366 3367/3367/3367 3585/3585/3585
f 3588/3588/3588 3587/3587/3587 3586/3586/3586
f 3510/3510/3510 3508/3508/3508 3589/3589/3589
f 3592/3592/3592 3591/3591/3591 3590/3590/3590
f 3595/3595/3595 3594/3594/3594 3593/3593/3593
f 3596/3596/3596 3594/3594/3594 3595/3595/3595
f 3599/3599/3599 3598/3598/3598 3597/3597/3597
f 3600/3600/3600 3598/3598/3598 3599/3599/3599
f 3603/3603/3603 3602/3602/3602 3601/3601/3601
f 3604/3604/3604 3602/3602/3602 3603/3603/3603
f 3605/3605/3605 3115/3115/3115 3114/3114/3114
f 3168/3168/3168 3115/3115/3115 3605/3605/3605
f 3238/3238/3238 3168/3168/3168 3167/3167/3167
f 3115/3115/3115 3168/3168/3168 3238/3238/3238
f 3109/3109/3109 3158/3158/3158 3166/3166/3166
f 3110/3110/3110 3158/3158/3158 3109/3109/3109
f 3165/3165/3165 3158/3158/3158 3169/3169/3169
f 3166/3166/3166 3158/3158/3158 3165/3165/3165
f 3265/3265/3265 3245/3245/3245 3244/3244/3244
f 3260/3260/3260 3245/3245/3245 3265/3265/3265
f 3250/3250/3250 3260/3260/3260 3255/3255/3255
f 3245/3245/3245 3260/3260/3260 3250/3250/3250
f 3255/3255/3255 3251/3251/3251 3250/3250/3250
f 3254/3254/3254 3251/3251/3251 3255/3255/3255
f 3155/3155/3155 3112/3112/3112 3111/3111/3111
f 3153/3153/3153 3112/3112/3112 3155/3155/3155
f 3112/3112/3112 3606/3606/3606 3157/3157/3157
f 3153/3153/3153 3606/3606/3606 3112/3112/3112
f 3606/3606/3606 3170/3170/3170 3157/3157/3157
f 3607/3607/3607 3170/3170/3170 3606/3606/3606
f 3261/3261/3261 3609/3609/3609 3608/3608/3608
f 3264/3264/3264 3609/3609/3609 3261/3261/3261
f 3608/3608/3608 3253/3253/3253 3261/3261/3261
f 3610/3610/3610 3253/3253/3253 3608/3608/3608
f 3252/3252/3252 3610/3610/3610 3611/3611/3611
f 3253/3253/3253 3610/3610/3610 3252/3252/3252
f 3188/3188/3188 3612/3612/3612 3198/3198/3198
f 3189/3189/3189 3612/3612/3612 3188/3188/3188
f 3120/3120/3120 3135/3135/3135 3134/3134/3134
f 3613/3613/3613 3135/3135/3135 3120/3120/3120
f 3148/3148/3148 3613/3613/3613 3614/3614/3614
f 3135/3135/3135 3613/3613/3613 3148/3148/3148
f 3203/3203/3203 3199/3199/3199 3200/3200/3200
f 3615/3615/3615 3199/3199/3199 3203/3203/3203
f 3372/3372/3372 3382/3382/3382 3496/3496/3496
f 3368/3368/3368 3382/3382/3382 3372/3372/3372
f 3382/3382/3382 3498/3498/3498 3496/3496/3496
f 3503/3503/3503 3498/3498/3498 3382/3382/3382
f 3617/3617/3617 3616/3616/3616 3497/3497/3497
f 3497/3497/3497 3427/3427/3427 3387/3387/3387
f 3499/3499/3499 3427/3427/3427 3497/3497/3497
f 3505/3505/3505 3491/3491/3491 3504/3504/3504
f 3495/3495/3495 3491/3491/3491 3505/3505/3505
f 3491/3491/3491 3513/3513/3513 3504/3504/3504
f 3509/3509/3509 3513/3513/3513 3491/3491/3491
f 3513/3513/3513 3511/3511/3511 3512/3512/3512
f 3509/3509/3509 3511/3511/3511 3513/3513/3513
f 3379/3379/3379 3384/3384/3384 3378/3378/3378
f 3618/3618/3618 3384/3384/3384 3379/3379/3379
f 3384/3384/3384 3423/3423/3423 3378/3378/3378
f 3385/3385/3385 3423/3423/3423 3384/3384/3384
f 3423/3423/3423 3428/3428/3428 3429/3429/3429
f 3385/3385/3385 3428/3428/3428 3423/3423/3423
f 3507/3507/3507 3522/3522/3522 3525/3525/3525
f 3506/3506/3506 3522/3522/3522 3507/3507/3507
f 3522/3522/3522 3515/3515/3515 3516/3516/3516
f 3506/3506/3506 3515/3515/3515 3522/3522/3522
f 3515/3515/3515 3518/3518/3518 3516/3516/3516
f 3514/3514/3514 3518/3518/3518 3515/3515/3515
f 3464/3464/3464 3449/3449/3449 3447/3447/3447
f 3456/3456/3456 3449/3449/3449 3464/3464/3464
f 3405/3405/3405 3403/3403/3403 3407/3407/3407
f 3404/3404/3404 3403/3403/3403 3405/3405/3405
f 3407/3407/3407 3419/3419/3419 3405/3405/3405
f 3578/3578/3578 3419/3419/3419 3407/3407/3407
f 3579/3579/3579 3458/3458/3458 3460/3460/3460
f 3457/3457/3457 3458/3458/3458 3579/3579/3579
f 3150/3150/3150 3620/3620/3620 3619/3619/3619
f 3151/3151/3151 3620/3620/3620 3150/3150/3150
f 3619/3619/3619 3152/3152/3152 3150/3150/3150
f 3621/3621/3621 3152/3152/3152 3619/3619/3619
f 3622/3622/3622 3228/3228/3228 3227/3227/3227
f 3623/3623/3623 3228/3228/3228 3622/3622/3622
f 3623/3623/3623 3229/3229/3229 3228/3228/3228
f 3624/3624/3624 3229/3229/3229 3623/3623/3623
f 3624/3624/3624 3240/3240/3240 3229/3229/3229
f 3625/3625/3625 3240/3240/3240 3624/3624/3624
f 3151/3151/3151 3626/3626/3626 3620/3620/3620
f 3241/3241/3241 3626/3626/3626 3151/3151/3151
f 3120/3120/3120 3124/3124/3124 3123/3123/3123
f 3119/3119/3119 3124/3124/3124 3120/3120/3120
f 3211/3211/3211 3190/3190/3190 3210/3210/3210
f 3191/3191/3191 3190/3190/3190 3211/3211/3211
f 3190/3190/3190 3205/3205/3205 3210/3210/3210
f 3199/3199/3199 3205/3205/3205 3190/3190/3190
f 3199/3199/3199 3207/3207/3207 3205/3205/3205
f 3615/3615/3615 3207/3207/3207 3199/3199/3199
f 3614/3614/3614 3138/3138/3138 3147/3147/3147
f 3613/3613/3613 3138/3138/3138 3614/3614/3614
f 3613/3613/3613 3123/3123/3123 3138/3138/3138
f 3120/3120/3120 3123/3123/3123 3613/3613/3613
f 3127/3127/3127 3126/3126/3126 3125/3125/3125
f 3128/3128/3128 3126/3126/3126 3127/3127/3127
f 3126/3126/3126 3142/3142/3142 3140/3140/3140
f 3128/3128/3128 3142/3142/3142 3126/3126/3126
f 3145/3145/3145 3142/3142/3142 3144/3144/3144
f 3140/3140/3140 3142/3142/3142 3145/3145/3145
f 3216/3216/3216 3219/3219/3219 3215/3215/3215
f 3220/3220/3220 3219/3219/3219 3216/3216/3216
f 3215/3215/3215 3222/3222/3222 3214/3214/3214
f 3219/3219/3219 3222/3222/3222 3215/3215/3215
f 3214/3214/3214 3224/3224/3224 3213/3213/3213
f 3222/3222/3222 3224/3224/3224 3214/3214/3214
f 3621/3621/3621 3130/3130/3130 3129/3129/3129
f 3619/3619/3619 3130/3130/3130 3621/3621/3621
f 3619/3619/3619 3141/3141/3141 3130/3130/3130
f 3620/3620/3620 3141/3141/3141 3619/3619/3619
f 3143/3143/3143 3620/3620/3620 3626/3626/3626
f 3141/3141/3141 3620/3620/3620 3143/3143/3143
f 3218/3218/3218 3624/3624/3624 3217/3217/3217
f 3625/3625/3625 3624/3624/3624 3218/3218/3218
f 3624/3624/3624 3221/3221/3221 3217/3217/3217
f 3623/3623/3623 3221/3221/3221 3624/3624/3624
f 3223/3223/3223 3623/3623/3623 3622/3622/3622
f 3221/3221/3221 3623/3623/3623 3223/3223/3223
f 3606/3606/3606 3161/3161/3161 3159/3159/3159
f 3153/3153/3153 3161/3161/3161 3606/3606/3606
f 3153/3153/3153 3164/3164/3164 3161/3161/3161
f 3154/3154/3154 3164/3164/3164 3153/3153/3153
f 3256/3256/3256 3611/3611/3611 3610/3610/3610
f 3257/3257/3257 3611/3611/3611 3256/3256/3256
f 3262/3262/3262 3610/3610/3610 3608/3608/3608
f 3256/3256/3256 3610/3610/3610 3262/3262/3262
f 3608/3608/3608 3266/3266/3266 3262/3262/3262
f 3609/3609/3609 3266/3266/3266 3608/3608/3608
f 3159/3159/3159 3607/3607/3607 3606/3606/3606
f 3171/3171/3171 3607/3607/3607 3159/3159/3159
f 3162/3162/3162 3270/3270/3270 3268/3268/3268
f 3163/3163/3163 3270/3270/3270 3162/3162/3162
f 3259/3259/3259 3307/3307/3307 3306/3306/3306
f 3258/3258/3258 3307/3307/3307 3259/3259/3259
f 3258/3258/3258 3296/3296/3296 3307/3307/3307
f 3263/3263/3263 3296/3296/3296 3258/3258/3258
f 3263/3263/3263 3297/3297/3297 3296/3296/3296
f 3267/3267/3267 3297/3297/3297 3263/3263/3263
f 3172/3172/3172 3281/3281/3281 3286/3286/3286
f 3160/3160/3160 3281/3281/3281 3172/3172/3172
f 3281/3281/3281 3162/3162/3162 3268/3268/3268
f 3160/3160/3160 3162/3162/3162 3281/3281/3281
f 3269/3269/3269 3274/3274/3274 3272/3272/3272
f 3271/3271/3271 3274/3274/3274 3269/3269/3269
f 3302/3302/3302 3304/3304/3304 3305/3305/3305
f 3303/3303/3303 3304/3304/3304 3302/3302/3302
f 3305/3305/3305 3292/3292/3292 3302/3302/3302
f 3294/3294/3294 3292/3292/3292 3305/3305/3305
f 3294/3294/3294 3293/3293/3293 3292/3292/3292
f 3295/3295/3295 3293/3293/3293 3294/3294/3294
f 3287/3287/3287 3280/3280/3280 3285/3285/3285
f 3282/3282/3282 3280/3280/3280 3287/3287/3287
f 3282/3282/3282 3272/3272/3272 3280/3280/3280
f 3269/3269/3269 3272/3272/3272 3282/3282/3282
f 3539/3539/3539 3277/3277/3277 3276/3276/3276
f 3538/3538/3538 3277/3277/3277 3539/3539/3539
f 3278/3278/3278 3538/3538/3538 3541/3541/3541
f 3277/3277/3277 3538/3538/3538 3278/3278/3278
f 3283/3283/3283 3541/3541/3541 3547/3547/3547
f 3278/3278/3278 3541/3541/3541 3283/3283/3283
f 3555/3555/3555 3291/3291/3291 3290/3290/3290
f 3554/3554/3554 3291/3291/3291 3555/3555/3555
f 3299/3299/3299 3554/3554/3554 3565/3565/3565
f 3291/3291/3291 3554/3554/3554 3299/3299/3299
f 3298/3298/3298 3565/3565/3565 3567/3567/3567
f 3299/3299/3299 3565/3565/3565 3298/3298/3298
f 3401/3401/3401 3383/3383/3383 3373/3373/3373
f 3412/3412/3412 3383/3383/3383 3401/3401/3401
f 3383/3383/3383 3414/3414/3414 3502/3502/3502
f 3412/3412/3412 3414/3414/3414 3383/3383/3383
f 3474/3474/3474 3487/3487/3487 3500/3500/3500
f 3475/3475/3475 3487/3487/3487 3474/3474/3474
f 3475/3475/3475 3482/3482/3482 3487/3487/3487
f 3479/3479/3479 3482/3482/3482 3475/3475/3475
f 3479/3479/3479 3484/3484/3484 3482/3482/3482
f 3481/3481/3481 3484/3484/3484 3479/3479/3479
f 3374/3374/3374 3401/3401/3401 3373/3373/3373
f 3402/3402/3402 3401/3401/3401 3374/3374/3374
f 3394/3394/3394 3627/3627/3627 3393/3393/3393
f 3628/3628/3628 3627/3627/3627 3394/3394/3394
f 3629/3629/3629 3463/3463/3463 3465/3465/3465
f 3630/3630/3630 3463/3463/3463 3629/3629/3629
f 3463/3463/3463 3631/3631/3631 3462/3462/3462
f 3630/3630/3630 3631/3631/3631 3463/3463/3463
f 3461/3461/3461 3631/3631/3631 3632/3632/3632
f 3462/3462/3462 3631/3631/3631 3461/3461/3461
f 3417/3417/3417 3633/3633/3633 3408/3408/3408
f 3634/3634/3634 3633/3633/3633 3417/3417/3417
f 3394/3394/3394 3633/3633/3633 3628/3628/3628
f 3408/3408/3408 3633/3633/3633 3394/3394/3394
f 3396/3396/3396 3628/3628/3628 3395/3395/3395
f 3627/3627/3627 3628/3628/3628 3396/3396/3396
f 3628/3628/3628 3410/3410/3410 3395/3395/3395
f 3633/3633/3633 3410/3410/3410 3628/3628/3628
f 3633/3633/3633 3415/3415/3415 3410/3410/3410
f 3634/3634/3634 3415/3415/3415 3633/3633/3633
f 3632/3632/3632 3471/3471/3471 3473/3473/3473
f 3631/3631/3631 3471/3471/3471 3632/3632/3632
f 3631/3631/3631 3468/3468/3468 3471/3471/3471
f 3630/3630/3630 3468/3468/3468 3631/3631/3631
f 3630/3630/3630 3469/3469/3469 3468/3468/3468
f 3629/3629/3629 3469/3469/3469 3630/3630/3630
f 3400/3400/3400 3397/3397/3397 3399/3399/3399
f 3398/3398/3398 3397/3397/3397 3400/3400/3400
f 3411/3411/3411 3397/3397/3397 3409/3409/3409
f 3399/3399/3399 3397/3397/3397 3411/3411/3411
f 3409/3409/3409 3413/3413/3413 3411/3411/3411
f 3416/3416/3416 3413/3413/3413 3409/3409/3409
f 3472/3472/3472 3477/3477/3477 3476/3476/3476
f 3470/3470/3470 3477/3477/3477 3472/3472/3472
f 3478/3478/3478 3470/3470/3470 3466/3466/3466
f 3477/3477/3477 3470/3470/3470 3478/3478/3478
f 3466/3466/3466 3480/3480/3480 3478/3478/3478
f 3467/3467/3467 3480/3480/3480 3466/3466/3466
f 3424/3424/3424 3544/3544/3544 3531/3531/3531
f 3425/3425/3425 3544/3544/3544 3424/3424/3424
f 3424/3424/3424 3530/3530/3530 3426/3426/3426
f 3531/3531/3531 3530/3530/3530 3424/3424/3424
f 3575/3575/3575 3521/3521/3521 3520/3520/3520
f 3574/3574/3574 3521/3521/3521 3575/3575/3575
f 3574/3574/3574 3524/3524/3524 3521/3521/3521
f 3563/3563/3563 3524/3524/3524 3574/3574/3574
f 3527/3527/3527 3563/3563/3563 3562/3562/3562
f 3524/3524/3524 3563/3563/3563 3527/3527/3527
f 3551/3551/3551 3425/3425/3425 3431/3431/3431
f 3544/3544/3544 3425/3425/3425 3551/3551/3551
f 3528/3528/3528 3535/3535/3535 3534/3534/3534
f 3529/3529/3529 3535/3535/3535 3528/3528/3528
f 3573/3573/3573 3569/3569/3569 3572/3572/3572
f 3571/3571/3571 3569/3569/3569 3573/3573/3573
f 3572/3572/3572 3559/3559/3559 3561/3561/3561
f 3569/3569/3569 3559/3559/3559 3572/3572/3572
f 3561/3561/3561 3558/3558/3558 3560/3560/3560
f 3559/3559/3559 3558/3558/3558 3561/3561/3561
f 3545/3545/3545 3549/3549/3549 3543/3543/3543
f 3550/3550/3550 3549/3549/3549 3545/3545/3545
f 3543/3543/3543 3529/3529/3529 3545/3545/3545
f 3535/3535/3535 3529/3529/3529 3543/3543/3543
f 3532/3532/3532 3636/3636/3636 3635/3635/3635
f 3533/3533/3533 3636/3636/3636 3532/3532/3532
f 3637/3637/3637 3568/3568/3568 3570/3570/3570
f 3638/3638/3638 3568/3568/3568 3637/3637/3637
f 3568/3568/3568 3639/3639/3639 3557/3557/3557
f 3638/3638/3638 3639/3639/3639 3568/3568/3568
f 3557/3557/3557 3640/3640/3640 3556/3556/3556
f 3639/3639/3639 3640/3640/3640 3557/3557/3557
f 3542/3542/3542 3642/3642/3642 3641/3641/3641
f 3548/3548/3548 3642/3642/3642 3542/3542/3542
f 3533/3533/3533 3641/3641/3641 3636/3636/3636
f 3542/3542/3542 3641/3641/3641 3533/3533/3533
f 3536/3536/3536 3635/3635/3635 3636/3636/3636
f 3537/3537/3537 3635/3635/3635 3536/3536/3536
f 3636/3636/3636 3540/3540/3540 3536/3536/3536
f 3641/3641/3641 3540/3540/3540 3636/3636/3636
f 3641/3641/3641 3546/3546/3546 3540/3540/3540
f 3642/3642/3642 3546/3546/3546 3641/3641/3641
f 3553/3553/3553 3639/3639/3639 3552/3552/3552
f 3640/3640/3640 3639/3639/3639 3553/3553/3553
f 3639/3639/3639 3564/3564/3564 3552/3552/3552
f 3638/3638/3638 3564/3564/3564 3639/3639/3639
f 3638/3638/3638 3566/3566/3566 3564/3564/3564
f 3637/3637/3637 3566/3566/3566 3638/3638/3638
f 3404/3404/3404 3388/3388/3388 3389/3389/3389
f 3117/3117/3117 3120/3120/3120 3134/3134/3134
f 3199/3199/3199 3198/3198/3198 3200/3200/3200
f 3455/3455/3455 3458/3458/3458 3450/3450/3450
f 3501/3501/3501 3493/3493/3493 3494/3494/3494
f 3486/3486/3486 3493/3493/3493 3501/3501/3501
f 3486/3486/3486 3492/3492/3492 3493/3493/3493
f 3490/3490/3490 3492/3492/3492 3486/3486/3486
f 3235/3235/3235 3242/3242/3242 3243/3243/3243
f 3236/3236/3236 3242/3242/3242 3235/3235/3235
f 3243/3243/3243 3234/3234/3234 3235/3235/3235
f 3384/3384/3384 3618/3618/3618 3386/3386/3386
f 3104/3104/3104 3103/3103/3103 3114/3114/3114
f 3334/3334/3334 3339/3339/3339 3338/3338/3338
f 3335/3335/3335 3339/3339/3339 3334/3334/3334
f 3336/3336/3336 3602/3602/3602 3604/3604/3604
f 3337/3337/3337 3602/3602/3602 3336/3336/3336
f 3594/3594/3594 3599/3599/3599 3597/3597/3597
f 3596/3596/3596 3599/3599/3599 3594/3594/3594
f 3598/3598/3598 3603/3603/3603 3601/3601/3601
f 3600/3600/3600 3603/3603/3603 3598/3598/3598
f 3643/3643/3643 3078/3078/3078 3076/3076/3076
f 3078/3078/3078 3643/3643/3643 3309/3309/3309
f 3577/3577/3577 3644/3644/3644 3353/3353/3353
f 3644/3644/3644 3354/3354/3354 3353/3353/3353
f 3349/3349/3349 3645/3645/3645 3348/3348/3348
f 3348/3348/3348 3645/3645/3645 3350/3350/3350
f 3073/3073/3073 3646/3646/3646 3072/3072/3072
f 3072/3072/3072 3646/3646/3646 3071/3071/3071
f 3647/3647/3647 3095/3095/3095 3094/3094/3094
f 3648/3648/3648 3095/3095/3095 3647/3647/3647
f 3650/3650/3650 3321/3321/3321 3649/3649/3649
f 3322/3322/3322 3321/3321/3321 3650/3650/3650
f 3584/3584/3584 3651/3651/3651 3585/3585/3585
f 3652/3652/3652 3651/3651/3651 3584/3584/3584
f 3583/3583/3583 3654/3654/3654 3653/3653/3653
f 3582/3582/3582 3654/3654/3654 3583/3583/3583
f 3089/3089/3089 3363/3363/3363 3312/3312/3312
f 3090/3090/3090 3363/3363/3363 3089/3089/3089
f 3362/3362/3362 3655/3655/3655 3364/3364/3364
f 3446/3446/3446 3451/3451/3451 3443/3443/3443
f 3194/3194/3194 3186/3186/3186 3185/3185/3185
f 3658/3658/3658 3657/3657/3657 3656/3656/3656
f 3659/3659/3659 3657/3657/3657 3658/3658/3658
f 3660/3660/3660 3657/3657/3657 3659/3659/3659
f 3661/3661/3661 3657/3657/3657 3660/3660/3660
f 3663/3663/3663 3182/3182/3182 3662/3662/3662
f 3308/3308/3308 3182/3182/3182 3663/3663/3663
f 3576/3576/3576 3664/3664/3664 3442/3442/3442
f 3665/3665/3665 3664/3664/3664 3576/3576/3576
f 3668/3668/3668 3667/3667/3667 3666/3666/3666
f 3669/3669/3669 3667/3667/3667 3668/3668/3668
f 3672/3672/3672 3671/3671/3671 3670/3670/3670
f 3673/3673/3673 3671/3671/3671 3672/3672/3672
f 3676/3676/3676 3675/3675/3675 3674/3674/3674
f 3677/3677/3677 3675/3675/3675 3676/3676/3676
f 3680/3680/3680 3679/3679/3679 3678/3678/3678
f 3681/3681/3681 3679/3679/3679 3680/3680/3680
f 3672/3672/3672 3648/3648/3648 3647/3647/3647
f 3670/3670/3670 3648/3648/3648 3672/3672/3672
f 3650/3650/3650 3667/3667/3667 3669/3669/3669
f 3649/3649/3649 3667/3667/3667 3650/3650/3650
f 3323/3323/3323 3666/3666/3666 3325/3325/3325
f 3668/3668/3668 3666/3666/3666 3323/3323/3323
f 3679/3679/3679 3653/3653/3653 3654/3654/3654
f 3681/3681/3681 3653/3653/3653 3679/3679/3679
f 3651/3651/3651 3676/3676/3676 3674/3674/3674
f 3652/3652/3652 3676/3676/3676 3651/3651/3651
f 3588/3588/3588 3675/3675/3675 3677/3677/3677
f 3586/3586/3586 3675/3675/3675 3588/3588/3588
f 3182/3182/3182 3187/3187/3187 3662/3662/3662
f 3664/3664/3664 3445/3445/3445 3442/3442/3442
f 3083/3083/3083 3089/3089/3089 3082/3082/3082
f 3091/3091/3091 3089/3089/3089 3083/3083/3083
f 3084/3084/3084 3085/3085/3085 3682/3682/3682
f 3082/3082/3082 3085/3085/3085 3084/3084/3084
f 3360/3360/3360 3358/3358/3358 3357/3357/3357
f 3683/3683/3683 3358/3358/3358 3360/3360/3360
f 3361/3361/3361 3364/3364/3364 3655/3655/3655
f 3357/3357/3357 3364/3364/3364 3361/3361/3361
f 3166/3166/3166 3684/3684/3684 3109/3109/3109
f 3168/3168/3168 3684/3684/3684 3166/3166/3166
f 3618/3618/3618 3617/3617/3617 3386/3386/3386
f 3687/3687/3687 3686/3686/3686 3685/3685/3685
f 3688/3688/3688 3686/3686/3686 3687/3687/3687
f 3691/3691/3691 3690/3690/3690 3689/3689/3689
f 3692/3692/3692 3690/3690/3690 3691/3691/3691
f 3695/3695/3695 3694/3694/3694 3693/3693/3693
f 3696/3696/3696 3694/3694/3694 3695/3695/3695
f 3684/3684/3684 3698/3698/3698 3697/3697/3697
f 3605/3605/3605 3698/3698/3698 3684/3684/3684
f 3701/3701/3701 3700/3700/3700 3699/3699/3699
f 3702/3702/3702 3700/3700/3700 3701/3701/3701
f 3705/3705/3705 3704/3704/3704 3703/3703/3703
f 3706/3706/3706 3704/3704/3704 3705/3705/3705
f 3709/3709/3709 3708/3708/3708 3707/3707/3707
f 3710/3710/3710 3708/3708/3708 3709/3709/3709
f 3616/3616/3616 3712/3712/3712 3711/3711/3711
f 3617/3617/3617 3712/3712/3712 3616/3616/3616
f 3686/3686/3686 3070/3070/3070 3069/3069/3069
f 3688/3688/3688 3070/3070/3070 3686/3686/3686
f 3106/3106/3106 3689/3689/3689 3105/3105/3105
f 3691/3691/3691 3689/3689/3689 3106/3106/3106
f 3114/3114/3114 3698/3698/3698 3605/3605/3605
f 3103/3103/3103 3698/3698/3698 3114/3114/3114
f 3108/3108/3108 3697/3697/3697 3713/3713/3713
f 3684/3684/3684 3697/3697/3697 3108/3108/3108
f 3325/3325/3325 3696/3696/3696 3324/3324/3324
f 3694/3694/3694 3696/3696/3696 3325/3325/3325
f 3327/3327/3327 3693/3693/3693 3329/3329/3329
f 3695/3695/3695 3693/3693/3693 3327/3327/3327
f 3703/3703/3703 3344/3344/3344 3705/3705/3705
f 3346/3346/3346 3344/3344/3344 3703/3703/3703
f 3376/3376/3376 3700/3700/3700 3702/3702/3702
f 3377/3377/3377 3700/3700/3700 3376/3376/3376
f 3618/3618/3618 3712/3712/3712 3617/3617/3617
f 3714/3714/3714 3712/3712/3712 3618/3618/3618
f 3586/3586/3586 3709/3709/3709 3707/3707/3707
f 3587/3587/3587 3709/3709/3709 3586/3586/3586
f 3592/3592/3592 3708/3708/3708 3710/3710/3710
f 3590/3590/3590 3708/3708/3708 3592/3592/3592
f 3370/3370/3370 3616/3616/3616 3715/3715/3715
f 3372/3372/3372 3616/3616/3616 3370/3370/3370
f 3673/3673/3673 3685/3685/3685 3671/3671/3671
f 3687/3687/3687 3685/3685/3685 3673/3673/3673
f 3690/3690/3690 3717/3717/3717 3716/3716/3716
f 3692/3692/3692 3717/3717/3717 3690/3690/3690
f 3680/3680/3680 3704/3704/3704 3706/3706/3706
f 3678/3678/3678 3704/3704/3704 3680/3680/3680
f 3699/3699/3699 3718/3718/3718 3701/3701/3701
f 3719/3719/3719 3718/3718/3718 3699/3699/3699
f 3088/3088/3088 3682/3682/3682 3085/3085/3085
f 3683/3683/3683 3359/3359/3359 3358/3358/3358
f 3497/3497/3497 3372/3372/3372 3496/3496/3496
f 3616/3616/3616 3372/3372/3372 3497/3497/3497
f 3386/3386/3386 3497/3497/3497 3387/3387/3387
f 3617/3617/3617 3497/3497/3497 3386/3386/3386
f 3684/3684/3684 3168/3168/3168 3605/3605/3605
f 3108/3108/3108 3109/3109/3109 3684/3684/3684
f 3722/3722/3722 3721/3721/3721 3720/3720/3720
f 3724/3724/3724 3722/3722/3722 3723/3723/3723
f 3725/3725/3725 3722/3722/3722 3724/3724/3724
f 3728/3728/3728 3727/3727/3727 3726/3726/3726
f 3729/3729/3729 3727/3727/3727 3728/3728/3728
f 3726/3726/3726 3731/3731/3731 3730/3730/3730
f 3727/3727/3727 3731/3731/3731 3726/3726/3726
f 3732/3732/3732 3728/3728/3728 3726/3726/3726
f 3733/3733/3733 3732/3732/3732 3726/3726/3726
f 3734/3734/3734 3732/3732/3732 3733/3733/3733
f 3726/3726/3726 3730/3730/3730 3733/3733/3733
f 3736/3736/3736 3730/3730/3730 3735/3735/3735
f 3733/3733/3733 3730/3730/3730 3736/3736/3736
f 3731/3731/3731 3735/3735/3735 3730/3730/3730
f 3736/3736/3736 3735/3735/3735 3737/3737/3737
f 3740/3740/3740 3739/3739/3739 3738/3738/3738
f 3740/3740/3740 3742/3742/3742 3741/3741/3741
f 3743/3743/3743 3742/3742/3742 3740/3740/3740
f 3744/3744/3744 3733/3733/3733 3741/3741/3741
f 3740/3740/3740 3741/3741/3741 3736/3736/3736
f 3742/3742/3742 3745/3745/3745 3741/3741/3741
f 3746/3746/3746 3745/3745/3745 3742/3742/3742
f 3749/3749/3749 3748/3748/3748 3747/3747/3747
f 3751/3751/3751 3750/3750/3750 3743/3743/3743
f 3745/3745/3745 3744/3744/3744 3741/3741/3741
f 3753/3753/3753 3748/3748/3748 3752/3752/3752
f 3742/3742/3742 3748/3748/3748 3753/3753/3753
f 3753/3753/3753 3746/3746/3746 3742/3742/3742
f 3754/3754/3754 3746/3746/3746 3753/3753/3753
f 3742/3742/3742 3743/3743/3743 3748/3748/3748
f 3756/3756/3756 3755/3755/3755 3752/3752/3752
f 3757/3757/3757 3755/3755/3755 3756/3756/3756
f 3759/3759/3759 3758/3758/3758 3752/3752/3752
f 3760/3760/3760 3758/3758/3758 3759/3759/3759
f 3758/3758/3758 3754/3754/3754 3753/3753/3753
f 3761/3761/3761 3754/3754/3754 3758/3758/3758
f 3752/3752/3752 3758/3758/3758 3753/3753/3753
f 3763/3763/3763 3760/3760/3760 3762/3762/3762
f 3758/3758/3758 3760/3760/3760 3763/3763/3763
f 3763/3763/3763 3761/3761/3761 3758/3758/3758
f 3765/3765/3765 3763/3763/3763 3764/3764/3764
f 3761/3761/3761 3763/3763/3763 3765/3765/3765
f 3767/3767/3767 3764/3764/3764 3766/3766/3766
f 3767/3767/3767 3768/3768/3768 3764/3764/3764
f 3769/3769/3769 3768/3768/3768 3767/3767/3767
f 3772/3772/3772 3771/3771/3771 3770/3770/3770
f 3773/3773/3773 3771/3771/3771 3772/3772/3772
f 3761/3761/3761 3775/3775/3775 3774/3774/3774
f 3765/3765/3765 3775/3775/3775 3761/3761/3761
f 3777/3777/3777 3765/3765/3765 3776/3776/3776
f 3775/3775/3775 3765/3765/3765 3777/3777/3777
f 3744/3744/3744 3734/3734/3734 3733/3733/3733
f 3745/3745/3745 3778/3778/3778 3744/3744/3744
f 3779/3779/3779 3778/3778/3778 3745/3745/3745
f 3781/3781/3781 3778/3778/3778 3780/3780/3780
f 3744/3744/3744 3782/3782/3782 3734/3734/3734
f 3754/3754/3754 3783/3783/3783 3746/3746/3746
f 3786/3786/3786 3785/3785/3785 3784/3784/3784
f 3787/3787/3787 3785/3785/3785 3786/3786/3786
f 3789/3789/3789 3788/3788/3788 3786/3786/3786
f 3790/3790/3790 3788/3788/3788 3789/3789/3789
f 3787/3787/3787 3786/3786/3786 3788/3788/3788
f 3792/3792/3792 3789/3789/3789 3791/3791/3791
f 3790/3790/3790 3789/3789/3789 3792/3792/3792
f 3795/3795/3795 3794/3794/3794 3793/3793/3793
f 3796/3796/3796 3794/3794/3794 3795/3795/3795
f 3791/3791/3791 3794/3794/3794 3796/3796/3796
f 3789/3789/3789 3794/3794/3794 3791/3791/3791
f 3797/3797/3797 3786/3786/3786 3784/3784/3784
f 3794/3794/3794 3786/3786/3786 3797/3797/3797
f 3789/3789/3789 3786/3786/3786 3794/3794/3794
f 3800/3800/3800 3799/3799/3799 3798/3798/3798
f 3801/3801/3801 3799/3799/3799 3800/3800/3800
f 3801/3801/3801 3794/3794/3794 3799/3799/3799
f 3793/3793/3793 3794/3794/3794 3801/3801/3801
f 3794/3794/3794 3797/3797/3797 3799/3799/3799
f 3804/3804/3804 3803/3803/3803 3802/3802/3802
f 3805/3805/3805 3803/3803/3803 3804/3804/3804
f 3804/3804/3804 3806/3806/3806 3805/3805/3805
f 3807/3807/3807 3806/3806/3806 3804/3804/3804
f 3808/3808/3808 3804/3804/3804 3802/3802/3802
f 3802/3802/3802 3809/3809/3809 3808/3808/3808
f 3810/3810/3810 3808/3808/3808 3721/3721/3721
f 3812/3812/3812 3810/3810/3810 3811/3811/3811
f 3813/3813/3813 3810/3810/3810 3812/3812/3812
f 3811/3811/3811 3814/3814/3814 3812/3812/3812
f 3815/3815/3815 3814/3814/3814 3811/3811/3811
f 3815/3815/3815 3816/3816/3816 3814/3814/3814
f 3817/3817/3817 3816/3816/3816 3815/3815/3815
f 3815/3815/3815 3725/3725/3725 3818/3818/3818
f 3818/3818/3818 3817/3817/3817 3815/3815/3815
f 3819/3819/3819 3817/3817/3817 3818/3818/3818
f 3811/3811/3811 3725/3725/3725 3815/3815/3815
f 3722/3722/3722 3725/3725/3725 3811/3811/3811
f 3811/3811/3811 3721/3721/3721 3722/3722/3722
f 3810/3810/3810 3721/3721/3721 3811/3811/3811
f 3813/3813/3813 3804/3804/3804 3810/3810/3810
f 3807/3807/3807 3804/3804/3804 3813/3813/3813
f 3813/3813/3813 3821/3821/3821 3820/3820/3820
f 3812/3812/3812 3821/3821/3821 3813/3813/3813
f 3812/3812/3812 3823/3823/3823 3822/3822/3822
f 3814/3814/3814 3823/3823/3823 3812/3812/3812
f 3816/3816/3816 3823/3823/3823 3814/3814/3814
f 3825/3825/3825 3807/3807/3807 3824/3824/3824
f 3806/3806/3806 3807/3807/3807 3825/3825/3825
f 3826/3826/3826 3806/3806/3806 3825/3825/3825
f 3829/3829/3829 3828/3828/3828 3827/3827/3827
f 3830/3830/3830 3828/3828/3828 3829/3829/3829
f 3831/3831/3831 3827/3827/3827 3828/3828/3828
f 3832/3832/3832 3827/3827/3827 3831/3831/3831
f 3829/3829/3829 3833/3833/3833 3830/3830/3830
f 3834/3834/3834 3833/3833/3833 3829/3829/3829
f 3836/3836/3836 3834/3834/3834 3835/3835/3835
f 3833/3833/3833 3834/3834/3834 3836/3836/3836
f 3835/3835/3835 3837/3837/3837 3836/3836/3836
f 3838/3838/3838 3837/3837/3837 3835/3835/3835
f 3840/3840/3840 3838/3838/3838 3839/3839/3839
f 3837/3837/3837 3838/3838/3838 3840/3840/3840
f 3843/3843/3843 3842/3842/3842 3841/3841/3841
f 3844/3844/3844 3842/3842/3842 3843/3843/3843
f 3847/3847/3847 3846/3846/3846 3845/3845/3845
f 3849/3849/3849 3848/3848/3848 3845/3845/3845
f 3824/3824/3824 3850/3850/3850 3825/3825/3825
f 3851/3851/3851 3850/3850/3850 3824/3824/3824
f 3854/3854/3854 3853/3853/3853 3852/3852/3852
f 3855/3855/3855 3853/3853/3853 3854/3854/3854
f 3858/3858/3858 3857/3857/3857 3856/3856/3856
f 3859/3859/3859 3857/3857/3857 3858/3858/3858
f 3846/3846/3846 3861/3861/3861 3860/3860/3860
f 3847/3847/3847 3861/3861/3861 3846/3846/3846
f 3862/3862/3862 3861/3861/3861 3847/3847/3847
f 3864/3864/3864 3752/3752/3752 3863/3863/3863
f 3756/3756/3756 3752/3752/3752 3864/3864/3864
f 3867/3867/3867 3866/3866/3866 3865/3865/3865
f 3868/3868/3868 3866/3866/3866 3867/3867/3867
f 3871/3871/3871 3870/3870/3870 3869/3869/3869
f 3872/3872/3872 3870/3870/3870 3871/3871/3871
f 3874/3874/3874 3727/3727/3727 3873/3873/3873
f 3731/3731/3731 3727/3727/3727 3874/3874/3874
f 3875/3875/3875 3731/3731/3731 3874/3874/3874
f 3735/3735/3735 3731/3731/3731 3875/3875/3875
f 3738/3738/3738 3876/3876/3876 3751/3751/3751
f 3877/3877/3877 3876/3876/3876 3738/3738/3738
f 3880/3880/3880 3879/3879/3879 3878/3878/3878
f 3881/3881/3881 3879/3879/3879 3880/3880/3880
f 3878/3878/3878 3831/3831/3831 3880/3880/3880
f 3832/3832/3832 3831/3831/3831 3878/3878/3878
f 3879/3879/3879 3883/3883/3883 3882/3882/3882
f 3881/3881/3881 3883/3883/3883 3879/3879/3879
f 3882/3882/3882 3885/3885/3885 3884/3884/3884
f 3883/3883/3883 3885/3885/3885 3882/3882/3882
f 3884/3884/3884 3887/3887/3887 3886/3886/3886
f 3885/3885/3885 3887/3887/3887 3884/3884/3884
f 3886/3886/3886 3889/3889/3889 3888/3888/3888
f 3887/3887/3887 3889/3889/3889 3886/3886/3886
f 3890/3890/3890 3842/3842/3842 3844/3844/3844
f 3891/3891/3891 3842/3842/3842 3890/3890/3890
f 3893/3893/3893 3858/3858/3858 3892/3892/3892
f 3858/3858/3858 3894/3894/3894 3859/3859/3859
f 3895/3895/3895 3894/3894/3894 3858/3858/3858
f 3858/3858/3858 3893/3893/3893 3895/3895/3895
f 3897/3897/3897 3737/3737/3737 3896/3896/3896
f 3739/3739/3739 3737/3737/3737 3897/3897/3897
f 3900/3900/3900 3899/3899/3899 3898/3898/3898
f 3901/3901/3901 3899/3899/3899 3900/3900/3900
f 3899/3899/3899 3872/3872/3872 3902/3902/3902
f 3901/3901/3901 3872/3872/3872 3899/3899/3899
f 3870/3870/3870 3872/3872/3872 3901/3901/3901
f 3729/3729/3729 3873/3873/3873 3727/3727/3727
f 3903/3903/3903 3873/3873/3873 3729/3729/3729
f 3822/3822/3822 3904/3904/3904 3821/3821/3821
f 3905/3905/3905 3904/3904/3904 3822/3822/3822
f 3823/3823/3823 3905/3905/3905 3822/3822/3822
f 3908/3908/3908 3907/3907/3907 3906/3906/3906
f 3909/3909/3909 3907/3907/3907 3908/3908/3908
f 3912/3912/3912 3911/3911/3911 3910/3910/3910
f 3915/3915/3915 3914/3914/3914 3913/3913/3913
f 3916/3916/3916 3914/3914/3914 3915/3915/3915
f 3917/3917/3917 3915/3915/3915 3913/3913/3913
f 3918/3918/3918 3915/3915/3915 3917/3917/3917
f 3919/3919/3919 3915/3915/3915 3918/3918/3918
f 3762/3762/3762 3921/3921/3921 3920/3920/3920
f 3760/3760/3760 3921/3921/3921 3762/3762/3762
f 3759/3759/3759 3921/3921/3921 3760/3760/3760
f 3922/3922/3922 3921/3921/3921 3759/3759/3759
f 3922/3922/3922 3924/3924/3924 3923/3923/3923
f 3759/3759/3759 3924/3924/3924 3922/3922/3922
f 3757/3757/3757 3926/3926/3926 3925/3925/3925
f 3756/3756/3756 3926/3926/3926 3757/3757/3757
f 3926/3926/3926 3864/3864/3864 3927/3927/3927
f 3756/3756/3756 3864/3864/3864 3926/3926/3926
f 3930/3930/3930 3929/3929/3929 3928/3928/3928
f 3931/3931/3931 3929/3929/3929 3930/3930/3930
f 3932/3932/3932 3930/3930/3930 3928/3928/3928
f 3935/3935/3935 3934/3934/3934 3933/3933/3933
f 3936/3936/3936 3934/3934/3934 3935/3935/3935
f 3751/3751/3751 3937/3937/3937 3750/3750/3750
f 3876/3876/3876 3937/3937/3937 3751/3751/3751
f 3939/3939/3939 3749/3749/3749 3938/3938/3938
f 3863/3863/3863 3749/3749/3749 3939/3939/3939
f 3935/3935/3935 3941/3941/3941 3940/3940/3940
f 3942/3942/3942 3941/3941/3941 3935/3935/3935
f 3940/3940/3940 3943/3943/3943 3935/3935/3935
f 3944/3944/3944 3943/3943/3943 3940/3940/3940
f 3946/3946/3946 3898/3898/3898 3945/3945/3945
f 3947/3947/3947 3898/3898/3898 3946/3946/3946
f 3949/3949/3949 3861/3861/3861 3948/3948/3948
f 3950/3950/3950 3861/3861/3861 3949/3949/3949
f 3951/3951/3951 3943/3943/3943 3946/3946/3946
f 3946/3946/3946 3945/3945/3945 3951/3951/3951
f 3954/3954/3954 3953/3953/3953 3952/3952/3952
f 3956/3956/3956 3955/3955/3955 3910/3910/3910
f 3959/3959/3959 3958/3958/3958 3957/3957/3957
f 3959/3959/3959 3906/3906/3906 3907/3907/3907
f 3957/3957/3957 3906/3906/3906 3959/3959/3959
f 3960/3960/3960 3958/3958/3958 3959/3959/3959
f 3963/3963/3963 3962/3962/3962 3961/3961/3961
f 3964/3964/3964 3962/3962/3962 3963/3963/3963
f 3964/3964/3964 3965/3965/3965 3962/3962/3962
f 3966/3966/3966 3965/3965/3965 3964/3964/3964
f 3969/3969/3969 3968/3968/3968 3967/3967/3967
f 3969/3969/3969 3970/3970/3970 3968/3968/3968
f 3971/3971/3971 3970/3970/3970 3969/3969/3969
f 3868/3868/3868 3973/3973/3973 3972/3972/3972
f 3867/3867/3867 3973/3973/3973 3868/3868/3868
f 3974/3974/3974 3868/3868/3868 3972/3972/3972
f 3770/3770/3770 3868/3868/3868 3974/3974/3974
f 3770/3770/3770 3974/3974/3974 3975/3975/3975
f 3772/3772/3772 3770/3770/3770 3975/3975/3975
f 3966/3966/3966 3976/3976/3976 3965/3965/3965
f 3977/3977/3977 3976/3976/3976 3966/3966/3966
f 3980/3980/3980 3979/3979/3979 3978/3978/3978
f 3981/3981/3981 3979/3979/3979 3980/3980/3980
f 3983/3983/3983 3979/3979/3979 3982/3982/3982
f 3978/3978/3978 3979/3979/3979 3983/3983/3983
f 3984/3984/3984 3983/3983/3983 3982/3982/3982
f 3985/3985/3985 3983/3983/3983 3984/3984/3984
f 3988/3988/3988 3987/3987/3987 3986/3986/3986
f 3989/3989/3989 3987/3987/3987 3988/3988/3988
f 3990/3990/3990 3986/3986/3986 3987/3987/3987
f 3991/3991/3991 3986/3986/3986 3990/3990/3990
f 3992/3992/3992 3986/3986/3986 3991/3991/3991
f 3989/3989/3989 3993/3993/3993 3987/3987/3987
f 3994/3994/3994 3993/3993/3993 3989/3989/3989
f 3993/3993/3993 3996/3996/3996 3995/3995/3995
f 3995/3995/3995 3987/3987/3987 3993/3993/3993
f 3990/3990/3990 3987/3987/3987 3995/3995/3995
f 3996/3996/3996 3994/3994/3994 3997/3997/3997
f 3993/3993/3993 3994/3994/3994 3996/3996/3996
f 4000/4000/4000 3999/3999/3999 3998/3998/3998
f 4001/4001/4001 3999/3999/3999 4000/4000/4000
f 4000/4000/4000 4003/4003/4003 4002/4002/4002
f 3998/3998/3998 4003/4003/4003 4000/4000/4000
f 4004/4004/4004 4000/4000/4000 4002/4002/4002
f 4005/4005/4005 4003/4003/4003 3998/3998/3998
f 4008/4008/4008 4007/4007/4007 4006/4006/4006
f 4009/4009/4009 4008/4008/4008 4006/4006/4006
f 4010/4010/4010 4008/4008/4008 4009/4009/4009
f 3991/3991/3991 4012/4012/4012 4011/4011/4011
f 3990/3990/3990 4012/4012/4012 3991/3991/3991
f 4013/4013/4013 4011/4011/4011 4012/4012/4012
f 4012/4012/4012 4014/4014/4014 4013/4013/4013
f 4015/4015/4015 4014/4014/4014 4012/4012/4012
f 4012/4012/4012 4016/4016/4016 4015/4015/4015
f 3990/3990/3990 4016/4016/4016 4012/4012/4012
f 4016/4016/4016 3990/3990/3990 3995/3995/3995
f 4019/4019/4019 4018/4018/4018 4017/4017/4017
f 4020/4020/4020 4018/4018/4018 4019/4019/4019
f 4022/4022/4022 4019/4019/4019 4021/4021/4021
f 4020/4020/4020 4019/4019/4019 4022/4022/4022
f 4024/4024/4024 4023/4023/4023 4021/4021/4021
f 4022/4022/4022 4021/4021/4021 4025/4025/4025
f 3817/3817/3817 3819/3819/3819 4026/4026/4026
f 4029/4029/4029 4028/4028/4028 4027/4027/4027
f 4030/4030/4030 4029/4029/4029 4027/4027/4027
f 4031/4031/4031 4029/4029/4029 4030/4030/4030
f 3816/3816/3816 3817/3817/3817 4026/4026/4026
f 4027/4027/4027 4032/4032/4032 4030/4030/4030
f 4033/4033/4033 4032/4032/4032 4027/4027/4027
f 4030/4030/4030 4034/4034/4034 4031/4031/4031
f 4032/4032/4032 4034/4034/4034 4030/4030/4030
f 4035/4035/4035 4034/4034/4034 4032/4032/4032
f 4035/4035/4035 4036/4036/4036 4034/4034/4034
f 4037/4037/4037 4036/4036/4036 4035/4035/4035
f 4038/4038/4038 4034/4034/4034 4036/4036/4036
f 4031/4031/4031 4034/4034/4034 4038/4038/4038
f 4039/4039/4039 4018/4018/4018 4020/4020/4020
f 4020/4020/4020 4022/4022/4022 4039/4039/4039
f 3820/3820/3820 3807/3807/3807 3813/3813/3813
f 3824/3824/3824 3807/3807/3807 3820/3820/3820
f 3861/3861/3861 3862/3862/3862 3948/3948/3948
f 3953/3953/3953 3820/3820/3820 3821/3821/3821
f 3824/3824/3824 3820/3820/3820 3851/3851/3851
f 3954/3954/3954 3820/3820/3820 3953/3953/3953
f 3851/3851/3851 3820/3820/3820 3954/3954/3954
f 3803/3803/3803 4040/4040/4040 3802/3802/3802
f 4041/4041/4041 4040/4040/4040 3803/3803/3803
f 3802/3802/3802 4042/4042/4042 3809/3809/3809
f 4040/4040/4040 4042/4042/4042 3802/3802/3802
f 3809/3809/3809 4043/4043/4043 3721/3721/3721
f 4042/4042/4042 4043/4043/4043 3809/3809/3809
f 3761/3761/3761 3783/3783/3783 3754/3754/3754
f 3774/3774/3774 3783/3783/3783 3761/3761/3761
f 3746/3746/3746 3779/3779/3779 3745/3745/3745
f 3783/3783/3783 3779/3779/3779 3746/3746/3746
f 3782/3782/3782 3744/3744/3744 3778/3778/3778
f 3866/3866/3866 3770/3770/3770 3771/3771/3771
f 3868/3868/3868 3770/3770/3770 3866/3866/3866
f 3741/3741/3741 3733/3733/3733 3736/3736/3736
f 3804/3804/3804 3808/3808/3808 3810/3810/3810
f 3721/3721/3721 3808/3808/3808 3809/3809/3809
f 3764/3764/3764 3776/3776/3776 3765/3765/3765
f 3768/3768/3768 3776/3776/3776 3764/3764/3764
f 3778/3778/3778 4044/4044/4044 3780/3780/3780
f 3782/3782/3782 3778/3778/3778 3781/3781/3781
f 4047/4047/4047 4046/4046/4046 4045/4045/4045
f 4048/4048/4048 4046/4046/4046 4047/4047/4047
f 4050/4050/4050 3907/3907/3907 4049/4049/4049
f 3959/3959/3959 3907/3907/3907 4050/4050/4050
f 3764/3764/3764 3762/3762/3762 3766/3766/3766
f 3763/3763/3763 3762/3762/3762 3764/3764/3764
f 4051/4051/4051 3772/3772/3772 3975/3975/3975
f 4052/4052/4052 4051/4051/4051 3975/3975/3975
f 4053/4053/4053 3772/3772/3772 4051/4051/4051
f 4056/4056/4056 4055/4055/4055 4054/4054/4054
f 3912/3912/3912 4057/4057/4057 3911/3911/3911
f 4058/4058/4058 4057/4057/4057 3912/3912/3912
f 3931/3931/3931 4059/4059/4059 3929/3929/3929
f 3914/3914/3914 3762/3762/3762 3920/3920/3920
f 4048/4048/4048 4061/4061/4061 4060/4060/4060
f 4062/4062/4062 4061/4061/4061 4048/4048/4048
f 4060/4060/4060 4055/4055/4055 4048/4048/4048
f 4047/4047/4047 4062/4062/4062 4048/4048/4048
f 4064/4064/4064 3968/3968/3968 4063/4063/4063
f 3967/3967/3967 3968/3968/3968 4064/4064/4064
f 4007/4007/4007 4065/4065/4065 4006/4006/4006
f 4066/4066/4066 4065/4065/4065 4007/4007/4007
f 4067/4067/4067 4009/4009/4009 4006/4006/4006
f 4068/4068/4068 4009/4009/4009 4067/4067/4067
f 4065/4065/4065 4067/4067/4067 4006/4006/4006
f 3861/3861/3861 4069/4069/4069 3860/3860/3860
f 3950/3950/3950 4069/4069/4069 3861/3861/3861
f 4070/4070/4070 4069/4069/4069 3950/3950/3950
f 4072/4072/4072 4070/4070/4070 4071/4071/4071
f 4069/4069/4069 4070/4070/4070 4072/4072/4072
f 3894/3894/3894 3895/3895/3895 4073/4073/4073
f 3850/3850/3850 4074/4074/4074 3825/3825/3825
f 3845/3845/3845 3848/3848/3848 3847/3847/3847
f 3910/3910/3910 4076/4076/4076 4075/4075/4075
f 3911/3911/3911 4076/4076/4076 3910/3910/3910
f 3908/3908/3908 4077/4077/4077 3909/3909/3909
f 3910/3910/3910 4075/4075/4075 4078/4078/4078
f 3762/3762/3762 3914/3914/3914 3916/3916/3916
f 3739/3739/3739 4079/4079/4079 3738/3738/3738
f 3897/3897/3897 4079/4079/4079 3739/3739/3739
f 4081/4081/4081 3747/3747/3747 4080/4080/4080
f 3749/3749/3749 3747/3747/3747 4081/4081/4081
f 3750/3750/3750 4080/4080/4080 3747/3747/3747
f 4082/4082/4082 4080/4080/4080 3750/3750/3750
f 3864/3864/3864 3939/3939/3939 4083/4083/4083
f 3863/3863/3863 3939/3939/3939 3864/3864/3864
f 4085/4085/4085 3757/3757/3757 4084/4084/4084
f 3755/3755/3755 3757/3757/3757 4085/4085/4085
f 3924/3924/3924 4085/4085/4085 4086/4086/4086
f 3755/3755/3755 4085/4085/4085 3924/3924/3924
f 4088/4088/4088 3933/3933/3933 4087/4087/4087
f 3935/3935/3935 3933/3933/3933 4088/4088/4088
f 4089/4089/4089 3935/3935/3935 4088/4088/4088
f 3942/3942/3942 3935/3935/3935 4089/4089/4089
f 3936/3936/3936 3930/3930/3930 3932/3932/3932
f 3935/3935/3935 3930/3930/3930 3936/3936/3936
f 3946/3946/3946 3943/3943/3943 3944/3944/3944
f 3752/3752/3752 3924/3924/3924 3759/3759/3759
f 3755/3755/3755 3924/3924/3924 3752/3752/3752
f 3863/3863/3863 3748/3748/3748 3749/3749/3749
f 3752/3752/3752 3748/3748/3748 3863/3863/3863
f 3750/3750/3750 3748/3748/3748 3743/3743/3743
f 3747/3747/3747 3748/3748/3748 3750/3750/3750
f 3751/3751/3751 3740/3740/3740 3738/3738/3738
f 3743/3743/3743 3740/3740/3740 3751/3751/3751
f 3737/3737/3737 3875/3875/3875 4090/4090/4090
f 3735/3735/3735 3875/3875/3875 3737/3737/3737
f 3739/3739/3739 3736/3736/3736 3737/3737/3737
f 3740/3740/3740 3736/3736/3736 3739/3739/3739
f 3900/3900/3900 3898/3898/3898 3947/3947/3947
f 4093/4093/4093 4092/4092/4092 4091/4091/4091
f 4096/4096/4096 4095/4095/4095 4094/4094/4094
f 4097/4097/4097 4095/4095/4095 4096/4096/4096
f 4092/4092/4092 3769/3769/3769 4091/4091/4091
f 3768/3768/3768 3769/3769/3769 4092/4092/4092
f 3771/3771/3771 4092/4092/4092 3866/3866/3866
f 4098/4098/4098 4092/4092/4092 3771/3771/3771
f 4099/4099/4099 3776/3776/3776 4098/4098/4098
f 3777/3777/3777 3776/3776/3776 4099/4099/4099
f 3865/3865/3865 4092/4092/4092 4093/4093/4093
f 3866/3866/3866 4092/4092/4092 3865/3865/3865
f 4094/4094/4094 3918/3918/3918 4096/4096/4096
f 3919/3919/3919 3918/3918/3918 4094/4094/4094
f 4095/4095/4095 4064/4064/4064 4063/4063/4063
f 4097/4097/4097 4064/4064/4064 4095/4095/4095
f 4098/4098/4098 3773/3773/3773 4099/4099/4099
f 3771/3771/3771 3773/3773/3773 4098/4098/4098
f 3768/3768/3768 4098/4098/4098 3776/3776/3776
f 4092/4092/4092 4098/4098/4098 3768/3768/3768
f 4046/4046/4046 4100/4100/4100 4045/4045/4045
f 4101/4101/4101 4100/4100/4100 4046/4046/4046
f 4102/4102/4102 4066/4066/4066 4100/4100/4100
f 4065/4065/4065 4066/4066/4066 4102/4102/4102
f 4102/4102/4102 4100/4100/4100 4101/4101/4101
f 4105/4105/4105 4104/4104/4104 4103/4103/4103
f 4106/4106/4106 4104/4104/4104 4105/4105/4105
f 4109/4109/4109 4108/4108/4108 4107/4107/4107
f 4110/4110/4110 4108/4108/4108 4109/4109/4109
f 4113/4113/4113 4112/4112/4112 4111/4111/4111
f 4114/4114/4114 4112/4112/4112 4113/4113/4113
f 4115/4115/4115 4114/4114/4114 4113/4113/4113
f 4116/4116/4116 4114/4114/4114 4115/4115/4115
f 4104/4104/4104 3981/3981/3981 3980/3980/3980
f 4106/4106/4106 3981/3981/3981 4104/4104/4104
f 4107/4107/4107 4021/4021/4021 4109/4109/4109
f 4024/4024/4024 4021/4021/4021 4107/4107/4107
f 3961/3961/3961 4110/4110/4110 3963/3963/3963
f 4108/4108/4108 4110/4110/4110 3961/3961/3961
f 4019/4019/4019 4111/4111/4111 4021/4021/4021
f 4113/4113/4113 4111/4111/4111 4019/4019/4019
f 4114/4114/4114 4004/4004/4004 4112/4112/4112
f 4000/4000/4000 4004/4004/4004 4114/4114/4114
f 4116/4116/4116 4000/4000/4000 4114/4114/4114
f 4001/4001/4001 4000/4000/4000 4116/4116/4116
f 4017/4017/4017 4113/4113/4113 4019/4019/4019
f 4115/4115/4115 4113/4113/4113 4017/4017/4017
f 4117/4117/4117 4105/4105/4105 4103/4103/4103
f 4118/4118/4118 4105/4105/4105 4117/4117/4117
f 4048/4048/4048 4101/4101/4101 4046/4046/4046
f 4055/4055/4055 4101/4101/4101 4048/4048/4048
f 4056/4056/4056 4101/4101/4101 4055/4055/4055
f 3910/3910/3910 4078/4078/4078 3956/3956/3956
f 3821/3821/3821 3812/3812/3812 3822/3822/3822
f 3904/3904/3904 3953/3953/3953 3821/3821/3821
f 3952/3952/3952 3953/3953/3953 3904/3904/3904
f 4121/4121/4121 4120/4120/4120 4119/4119/4119
f 4122/4122/4122 4121/4121/4121 4119/4119/4119
f 4125/4125/4125 4124/4124/4124 4123/4123/4123
f 4126/4126/4126 4124/4124/4124 4125/4125/4125
f 4126/4126/4126 4127/4127/4127 4124/4124/4124
f 4127/4127/4127 4126/4126/4126 4128/4128/4128
f 4131/4131/4131 4130/4130/4130 4129/4129/4129
f 4131/4131/4131 4129/4129/4129 4132/4132/4132
f 4135/4135/4135 4134/4134/4134 4133/4133/4133
f 4136/4136/4136 4134/4134/4134 4135/4135/4135
f 4134/4134/4134 4137/4137/4137 4133/4133/4133
f 4138/4138/4138 4133/4133/4133 4137/4137/4137
f 4141/4141/4141 4140/4140/4140 4139/4139/4139
f 4144/4144/4144 4143/4143/4143 4142/4142/4142
f 4145/4145/4145 4143/4143/4143 4144/4144/4144
f 4146/4146/4146 4140/4140/4140 4141/4141/4141
f 4147/4147/4147 4140/4140/4140 4146/4146/4146
f 4148/4148/4148 4147/4147/4147 4146/4146/4146
f 4145/4145/4145 4149/4149/4149 4143/4143/4143
f 4150/4150/4150 4149/4149/4149 4145/4145/4145
f 4150/4150/4150 4151/4151/4151 4149/4149/4149
f 4152/4152/4152 4151/4151/4151 4150/4150/4150
f 4152/4152/4152 4153/4153/4153 4151/4151/4151
f 4139/4139/4139 4153/4153/4153 4152/4152/4152
f 4156/4156/4156 4155/4155/4155 4154/4154/4154
f 4159/4159/4159 4158/4158/4158 4157/4157/4157
f 4160/4160/4160 4158/4158/4158 4159/4159/4159
f 4162/4162/4162 4155/4155/4155 4161/4161/4161
f 4154/4154/4154 4155/4155/4155 4162/4162/4162
f 4162/4162/4162 4161/4161/4161 4163/4163/4163
f 4157/4157/4157 4165/4165/4165 4164/4164/4164
f 4158/4158/4158 4165/4165/4165 4157/4157/4157
f 4164/4164/4164 4167/4167/4167 4166/4166/4166
f 4165/4165/4165 4167/4167/4167 4164/4164/4164
f 4166/4166/4166 4168/4168/4168 4156/4156/4156
f 4167/4167/4167 4168/4168/4168 4166/4166/4166
f 4171/4171/4171 4170/4170/4170 4169/4169/4169
f 4172/4172/4172 4170/4170/4170 4171/4171/4171
f 4175/4175/4175 4174/4174/4174 4173/4173/4173
f 4176/4176/4176 4174/4174/4174 4175/4175/4175
f 4175/4175/4175 4178/4178/4178 4177/4177/4177
f 4173/4173/4173 4178/4178/4178 4175/4175/4175
f 4179/4179/4179 4175/4175/4175 4177/4177/4177
f 4180/4180/4180 4175/4175/4175 4179/4179/4179
f 4175/4175/4175 4181/4181/4181 4176/4176/4176
f 4180/4180/4180 4181/4181/4181 4175/4175/4175
f 4182/4182/4182 4170/4170/4170 4172/4172/4172
f 4183/4183/4183 4170/4170/4170 4182/4182/4182
f 4186/4186/4186 4185/4185/4185 4184/4184/4184
f 4181/4181/4181 4186/4186/4186 4184/4184/4184
f 4188/4188/4188 4186/4186/4186 4187/4187/4187
f 4185/4185/4185 4186/4186/4186 4188/4188/4188
f 4187/4187/4187 4180/4180/4180 4179/4179/4179
f 4186/4186/4186 4180/4180/4180 4187/4187/4187
f 4186/4186/4186 4181/4181/4181 4180/4180/4180
f 4191/4191/4191 4190/4190/4190 4189/4189/4189
f 4192/4192/4192 4190/4190/4190 4191/4191/4191
f 4192/4192/4192 4193/4193/4193 4190/4190/4190
f 4194/4194/4194 4193/4193/4193 4192/4192/4192
f 4194/4194/4194 4195/4195/4195 4193/4193/4193
f 4196/4196/4196 4195/4195/4195 4194/4194/4194
f 4190/4190/4190 4198/4198/4198 4197/4197/4197
f 4193/4193/4193 4198/4198/4198 4190/4190/4190
f 4189/4189/4189 4197/4197/4197 4199/4199/4199
f 4190/4190/4190 4197/4197/4197 4189/4189/4189
f 4199/4199/4199 4200/4200/4200 4189/4189/4189
f 4189/4189/4189 4201/4201/4201 4191/4191/4191
f 4201/4201/4201 4189/4189/4189 4200/4200/4200
f 4204/4204/4204 4203/4203/4203 4202/4202/4202
f 4205/4205/4205 4203/4203/4203 4204/4204/4204
f 4207/4207/4207 4202/4202/4202 4206/4206/4206
f 4204/4204/4204 4202/4202/4202 4207/4207/4207
f 4209/4209/4209 4208/4208/4208 4200/4200/4200
f 4200/4200/4200 4207/4207/4207 4201/4201/4201
f 4208/4208/4208 4207/4207/4207 4200/4200/4200
f 4199/4199/4199 4209/4209/4209 4200/4200/4200
f 4199/4199/4199 4210/4210/4210 4209/4209/4209
f 4197/4197/4197 4210/4210/4210 4199/4199/4199
f 4197/4197/4197 4211/4211/4211 4210/4210/4210
f 4198/4198/4198 4211/4211/4211 4197/4197/4197
f 4213/4213/4213 4198/4198/4198 4212/4212/4212
f 4211/4211/4211 4198/4198/4198 4213/4213/4213
f 4198/4198/4198 4195/4195/4195 4212/4212/4212
f 4193/4193/4193 4195/4195/4195 4198/4198/4198
f 4216/4216/4216 4215/4215/4215 4214/4214/4214
f 4217/4217/4217 4215/4215/4215 4216/4216/4216
f 4219/4219/4219 4214/4214/4214 4218/4218/4218
f 4216/4216/4216 4214/4214/4214 4219/4219/4219
f 4218/4218/4218 4220/4220/4220 4219/4219/4219
f 4221/4221/4221 4220/4220/4220 4218/4218/4218
f 4221/4221/4221 4223/4223/4223 4222/4222/4222
f 4222/4222/4222 4220/4220/4220 4221/4221/4221
f 4224/4224/4224 4220/4220/4220 4222/4222/4222
f 4227/4227/4227 4226/4226/4226 4225/4225/4225
f 4228/4228/4228 4226/4226/4226 4227/4227/4227
f 4230/4230/4230 4229/4229/4229 4228/4228/4228
f 4227/4227/4227 4230/4230/4230 4228/4228/4228
f 4224/4224/4224 4226/4226/4226 4231/4231/4231
f 4232/4232/4232 4226/4226/4226 4228/4228/4228
f 4231/4231/4231 4226/4226/4226 4232/4232/4232
f 4233/4233/4233 4228/4228/4228 4229/4229/4229
f 4232/4232/4232 4228/4228/4228 4233/4233/4233
f 4236/4236/4236 4235/4235/4235 4234/4234/4234
f 4237/4237/4237 4235/4235/4235 4236/4236/4236
f 4237/4237/4237 4239/4239/4239 4238/4238/4238
f 4236/4236/4236 4239/4239/4239 4237/4237/4237
f 4240/4240/4240 4238/4238/4238 4239/4239/4239
f 4241/4241/4241 4238/4238/4238 4240/4240/4240
f 4203/4203/4203 4243/4243/4243 4242/4242/4242
f 4205/4205/4205 4243/4243/4243 4203/4203/4203
f 4241/4241/4241 4205/4205/4205 4238/4238/4238
f 4243/4243/4243 4205/4205/4205 4241/4241/4241
f 4245/4245/4245 4243/4243/4243 4244/4244/4244
f 4242/4242/4242 4243/4243/4243 4245/4245/4245
f 4245/4245/4245 4247/4247/4247 4246/4246/4246
f 4244/4244/4244 4247/4247/4247 4245/4245/4245
f 4241/4241/4241 4247/4247/4247 4244/4244/4244
f 4240/4240/4240 4247/4247/4247 4241/4241/4241
f 4244/4244/4244 4243/4243/4243 4241/4241/4241
f 4233/4233/4233 4249/4249/4249 4248/4248/4248
f 4229/4229/4229 4249/4249/4249 4233/4233/4233
f 4251/4251/4251 4249/4249/4249 4250/4250/4250
f 4248/4248/4248 4249/4249/4249 4251/4251/4251
f 4250/4250/4250 4249/4249/4249 4230/4230/4230
f 4249/4249/4249 4229/4229/4229 4230/4230/4230
f 4253/4253/4253 4185/4185/4185 4252/4252/4252
f 4184/4184/4184 4185/4185/4185 4253/4253/4253
f 4254/4254/4254 4185/4185/4185 4188/4188/4188
f 4252/4252/4252 4185/4185/4185 4254/4254/4254
f 4252/4252/4252 4255/4255/4255 4253/4253/4253
f 4256/4256/4256 4252/4252/4252 4254/4254/4254
f 4255/4255/4255 4252/4252/4252 4256/4256/4256
f 4204/4204/4204 4238/4238/4238 4205/4205/4205
f 4207/4207/4207 4238/4238/4238 4204/4204/4204
f 4207/4207/4207 4235/4235/4235 4237/4237/4237
f 4238/4238/4238 4207/4207/4207 4237/4237/4237
f 4207/4207/4207 4208/4208/4208 4235/4235/4235
f 4201/4201/4201 4207/4207/4207 4206/4206/4206
f 4259/4259/4259 4258/4258/4258 4257/4257/4257
f 4260/4260/4260 4258/4258/4258 4259/4259/4259
f 4261/4261/4261 4259/4259/4259 4257/4257/4257
f 4262/4262/4262 4259/4259/4259 4261/4261/4261
f 4261/4261/4261 4178/4178/4178 4262/4262/4262
f 4177/4177/4177 4178/4178/4178 4261/4261/4261
f 4179/4179/4179 4261/4261/4261 4263/4263/4263
f 4177/4177/4177 4261/4261/4261 4179/4179/4179
f 4261/4261/4261 4264/4264/4264 4263/4263/4263
f 4257/4257/4257 4264/4264/4264 4261/4261/4261
f 4264/4264/4264 4258/4258/4258 4265/4265/4265
f 4257/4257/4257 4258/4258/4258 4264/4264/4264
f 4265/4265/4265 4267/4267/4267 4266/4266/4266
f 4265/4265/4265 4266/4266/4266 4264/4264/4264
f 4188/4188/4188 4266/4266/4266 4268/4268/4268
f 4187/4187/4187 4266/4266/4266 4188/4188/4188
f 4187/4187/4187 4263/4263/4263 4266/4266/4266
f 4179/4179/4179 4263/4263/4263 4187/4187/4187
f 4263/4263/4263 4264/4264/4264 4266/4266/4266
f 4191/4191/4191 4269/4269/4269 4192/4192/4192
f 4270/4270/4270 4269/4269/4269 4191/4191/4191
f 4192/4192/4192 4271/4271/4271 4194/4194/4194
f 4269/4269/4269 4271/4271/4271 4192/4192/4192
f 4194/4194/4194 4272/4272/4272 4196/4196/4196
f 4271/4271/4271 4272/4272/4272 4194/4194/4194
f 4269/4269/4269 4273/4273/4273 4271/4271/4271
f 4274/4274/4274 4273/4273/4273 4269/4269/4269
f 4270/4270/4270 4274/4274/4274 4269/4269/4269
f 4275/4275/4275 4274/4274/4274 4270/4270/4270
f 4270/4270/4270 4276/4276/4276 4275/4275/4275
f 4191/4191/4191 4201/4201/4201 4270/4270/4270
f 4276/4276/4276 4270/4270/4270 4201/4201/4201
f 4278/4278/4278 4203/4203/4203 4277/4277/4277
f 4202/4202/4202 4203/4203/4203 4278/4278/4278
f 4279/4279/4279 4202/4202/4202 4278/4278/4278
f 4206/4206/4206 4202/4202/4202 4279/4279/4279
f 4276/4276/4276 4281/4281/4281 4280/4280/4280
f 4282/4282/4282 4281/4281/4281 4276/4276/4276
f 4276/4276/4276 4279/4279/4279 4282/4282/4282
f 4201/4201/4201 4279/4279/4279 4276/4276/4276
f 4276/4276/4276 4280/4280/4280 4275/4275/4275
f 4275/4275/4275 4283/4283/4283 4274/4274/4274
f 4280/4280/4280 4283/4283/4283 4275/4275/4275
f 4274/4274/4274 4284/4284/4284 4273/4273/4273
f 4283/4283/4283 4284/4284/4284 4274/4274/4274
f 4285/4285/4285 4273/4273/4273 4284/4284/4284
f 4286/4286/4286 4273/4273/4273 4285/4285/4285
f 4273/4273/4273 4272/4272/4272 4271/4271/4271
f 4286/4286/4286 4272/4272/4272 4273/4273/4273
f 4287/4287/4287 4284/4284/4284 4283/4283/4283
f 4288/4288/4288 4284/4284/4284 4287/4287/4287
f 4287/4287/4287 4280/4280/4280 4289/4289/4289
f 4283/4283/4283 4280/4280/4280 4287/4287/4287
f 4281/4281/4281 4289/4289/4289 4280/4280/4280
f 4290/4290/4290 4289/4289/4289 4281/4281/4281
f 4293/4293/4293 4292/4292/4292 4291/4291/4291
f 4294/4294/4294 4292/4292/4292 4293/4293/4293
f 4294/4294/4294 4295/4295/4295 4292/4292/4292
f 4296/4296/4296 4295/4295/4295 4294/4294/4294
f 4296/4296/4296 4297/4297/4297 4295/4295/4295
f 4298/4298/4298 4297/4297/4297 4296/4296/4296
f 4294/4294/4294 4215/4215/4215 4296/4296/4296
f 4214/4214/4214 4215/4215/4215 4294/4294/4294
f 4293/4293/4293 4214/4214/4214 4294/4294/4294
f 4218/4218/4218 4214/4214/4214 4293/4293/4293
f 4218/4218/4218 4299/4299/4299 4221/4221/4221
f 4293/4293/4293 4299/4299/4299 4218/4218/4218
f 4300/4300/4300 4223/4223/4223 4221/4221/4221
f 4300/4300/4300 4221/4221/4221 4299/4299/4299
f 4302/4302/4302 4301/4301/4301 4230/4230/4230
f 4302/4302/4302 4230/4230/4230 4227/4227/4227
f 4302/4302/4302 4225/4225/4225 4303/4303/4303
f 4227/4227/4227 4225/4225/4225 4302/4302/4302
f 4299/4299/4299 4304/4304/4304 4300/4300/4300
f 4291/4291/4291 4299/4299/4299 4293/4293/4293
f 4304/4304/4304 4299/4299/4299 4291/4291/4291
f 4306/4306/4306 4303/4303/4303 4305/4305/4305
f 4307/4307/4307 4303/4303/4303 4306/4306/4306
f 4302/4302/4302 4303/4303/4303 4307/4307/4307
f 4308/4308/4308 4302/4302/4302 4307/4307/4307
f 4301/4301/4301 4302/4302/4302 4308/4308/4308
f 4309/4309/4309 4305/4305/4305 4304/4304/4304
f 4309/4309/4309 4291/4291/4291 4310/4310/4310
f 4304/4304/4304 4291/4291/4291 4309/4309/4309
f 4313/4313/4313 4312/4312/4312 4311/4311/4311
f 4314/4314/4314 4312/4312/4312 4313/4313/4313
f 4311/4311/4311 4315/4315/4315 4313/4313/4313
f 4316/4316/4316 4315/4315/4315 4311/4311/4311
f 4316/4316/4316 4317/4317/4317 4315/4315/4315
f 4318/4318/4318 4317/4317/4317 4316/4316/4316
f 4320/4320/4320 4318/4318/4318 4319/4319/4319
f 4317/4317/4317 4318/4318/4318 4320/4320/4320
f 4203/4203/4203 4321/4321/4321 4277/4277/4277
f 4242/4242/4242 4321/4321/4321 4203/4203/4203
f 4319/4319/4319 4277/4277/4277 4321/4321/4321
f 4318/4318/4318 4277/4277/4277 4319/4319/4319
f 4245/4245/4245 4321/4321/4321 4242/4242/4242
f 4322/4322/4322 4321/4321/4321 4245/4245/4245
f 4245/4245/4245 4323/4323/4323 4322/4322/4322
f 4246/4246/4246 4323/4323/4323 4245/4245/4245
f 4319/4319/4319 4323/4323/4323 4320/4320/4320
f 4322/4322/4322 4323/4323/4323 4319/4319/4319
f 4319/4319/4319 4321/4321/4321 4322/4322/4322
f 4308/4308/4308 4324/4324/4324 4301/4301/4301
f 4325/4325/4325 4324/4324/4324 4308/4308/4308
f 4251/4251/4251 4324/4324/4324 4325/4325/4325
f 4250/4250/4250 4324/4324/4324 4251/4251/4251
f 4230/4230/4230 4324/4324/4324 4250/4250/4250
f 4230/4230/4230 4301/4301/4301 4324/4324/4324
f 4297/4297/4297 4298/4298/4298 4326/4326/4326
f 4297/4297/4297 4328/4328/4328 4327/4327/4327
f 4326/4326/4326 4328/4328/4328 4297/4297/4297
f 4285/4285/4285 4330/4330/4330 4329/4329/4329
f 4284/4284/4284 4330/4330/4330 4285/4285/4285
f 4260/4260/4260 4331/4331/4331 4258/4258/4258
f 4332/4332/4332 4331/4331/4331 4260/4260/4260
f 4258/4258/4258 4333/4333/4333 4265/4265/4265
f 4331/4331/4331 4333/4333/4333 4258/4258/4258
f 4333/4333/4333 4267/4267/4267 4265/4265/4265
f 4334/4334/4334 4267/4267/4267 4333/4333/4333
f 4254/4254/4254 4268/4268/4268 4335/4335/4335
f 4188/4188/4188 4268/4268/4268 4254/4254/4254
f 4336/4336/4336 4333/4333/4333 4331/4331/4331
f 4332/4332/4332 4336/4336/4336 4331/4331/4331
f 4337/4337/4337 4336/4336/4336 4332/4332/4332
f 4338/4338/4338 4337/4337/4337 4332/4332/4332
f 4333/4333/4333 4336/4336/4336 4334/4334/4334
f 4256/4256/4256 4335/4335/4335 4339/4339/4339
f 4254/4254/4254 4335/4335/4335 4256/4256/4256
f 4278/4278/4278 4318/4318/4318 4279/4279/4279
f 4277/4277/4277 4318/4318/4318 4278/4278/4278
f 4316/4316/4316 4312/4312/4312 4279/4279/4279
f 4316/4316/4316 4279/4279/4279 4318/4318/4318
f 4316/4316/4316 4311/4311/4311 4312/4312/4312
f 4281/4281/4281 4312/4312/4312 4314/4314/4314
f 4282/4282/4282 4312/4312/4312 4281/4281/4281
f 4312/4312/4312 4282/4282/4282 4279/4279/4279
f 4206/4206/4206 4279/4279/4279 4201/4201/4201
f 4222/4222/4222 4226/4226/4226 4224/4224/4224
f 4225/4225/4225 4222/4222/4222 4223/4223/4223
f 4226/4226/4226 4222/4222/4222 4225/4225/4225
f 4225/4225/4225 4300/4300/4300 4303/4303/4303
f 4223/4223/4223 4300/4300/4300 4225/4225/4225
f 4303/4303/4303 4304/4304/4304 4305/4305/4305
f 4300/4300/4300 4304/4304/4304 4303/4303/4303
f 4341/4341/4341 4170/4170/4170 4340/4340/4340
f 4169/4169/4169 4170/4170/4170 4341/4341/4341
f 4344/4344/4344 4343/4343/4343 4342/4342/4342
f 4345/4345/4345 4343/4343/4343 4344/4344/4344
f 4344/4344/4344 4346/4346/4346 4345/4345/4345
f 4347/4347/4347 4346/4346/4346 4344/4344/4344
f 4349/4349/4349 4344/4344/4344 4348/4348/4348
f 4347/4347/4347 4344/4344/4344 4349/4349/4349
f 4344/4344/4344 4350/4350/4350 4348/4348/4348
f 4342/4342/4342 4350/4350/4350 4344/4344/4344
f 4351/4351/4351 4170/4170/4170 4183/4183/4183
f 4340/4340/4340 4170/4170/4170 4351/4351/4351
f 4354/4354/4354 4353/4353/4353 4352/4352/4352
f 4354/4354/4354 4352/4352/4352 4350/4350/4350
f 4355/4355/4355 4352/4352/4352 4353/4353/4353
f 4356/4356/4356 4352/4352/4352 4355/4355/4355
f 4356/4356/4356 4348/4348/4348 4352/4352/4352
f 4349/4349/4349 4348/4348/4348 4356/4356/4356
f 4348/4348/4348 4350/4350/4350 4352/4352/4352
f 4359/4359/4359 4358/4358/4358 4357/4357/4357
f 4360/4360/4360 4358/4358/4358 4359/4359/4359
f 4357/4357/4357 4362/4362/4362 4361/4361/4361
f 4358/4358/4358 4362/4362/4362 4357/4357/4357
f 4361/4361/4361 4364/4364/4364 4363/4363/4363
f 4362/4362/4362 4364/4364/4364 4361/4361/4361
f 4358/4358/4358 4365/4365/4365 4362/4362/4362
f 4366/4366/4366 4365/4365/4365 4358/4358/4358
f 4360/4360/4360 4366/4366/4366 4358/4358/4358
f 4367/4367/4367 4366/4366/4366 4360/4360/4360
f 4360/4360/4360 4368/4368/4368 4367/4367/4367
f 4359/4359/4359 4369/4369/4369 4360/4360/4360
f 4368/4368/4368 4360/4360/4360 4369/4369/4369
f 4372/4372/4372 4371/4371/4371 4370/4370/4370
f 4373/4373/4373 4371/4371/4371 4372/4372/4372
f 4374/4374/4374 4373/4373/4373 4372/4372/4372
f 4375/4375/4375 4373/4373/4373 4374/4374/4374
f 4368/4368/4368 4377/4377/4377 4376/4376/4376
f 4368/4368/4368 4374/4374/4374 4377/4377/4377
f 4369/4369/4369 4374/4374/4374 4368/4368/4368
f 4368/4368/4368 4376/4376/4376 4367/4367/4367
f 4367/4367/4367 4378/4378/4378 4366/4366/4366
f 4376/4376/4376 4378/4378/4378 4367/4367/4367
f 4366/4366/4366 4379/4379/4379 4365/4365/4365
f 4378/4378/4378 4379/4379/4379 4366/4366/4366
f 4380/4380/4380 4365/4365/4365 4379/4379/4379
f 4381/4381/4381 4365/4365/4365 4380/4380/4380
f 4365/4365/4365 4364/4364/4364 4362/4362/4362
f 4381/4381/4381 4364/4364/4364 4365/4365/4365
f 4384/4384/4384 4383/4383/4383 4382/4382/4382
f 4385/4385/4385 4383/4383/4383 4384/4384/4384
f 4386/4386/4386 4385/4385/4385 4384/4384/4384
f 4387/4387/4387 4385/4385/4385 4386/4386/4386
f 4387/4387/4387 4389/4389/4389 4388/4388/4388
f 4386/4386/4386 4389/4389/4389 4387/4387/4387
f 4391/4391/4391 4390/4390/4390 4388/4388/4388
f 4391/4391/4391 4389/4389/4389 4392/4392/4392
f 4388/4388/4388 4389/4389/4389 4391/4391/4391
f 4395/4395/4395 4394/4394/4394 4393/4393/4393
f 4396/4396/4396 4394/4394/4394 4395/4395/4395
f 4393/4393/4393 4398/4398/4398 4397/4397/4397
f 4393/4393/4393 4397/4397/4397 4395/4395/4395
f 4399/4399/4399 4394/4394/4394 4392/4392/4392
f 4400/4400/4400 4394/4394/4394 4399/4399/4399
f 4393/4393/4393 4394/4394/4394 4400/4400/4400
f 4401/4401/4401 4393/4393/4393 4400/4400/4400
f 4398/4398/4398 4393/4393/4393 4401/4401/4401
f 4404/4404/4404 4403/4403/4403 4402/4402/4402
f 4405/4405/4405 4403/4403/4403 4404/4404/4404
f 4402/4402/4402 4406/4406/4406 4404/4404/4404
f 4407/4407/4407 4406/4406/4406 4402/4402/4402
f 4409/4409/4409 4407/4407/4407 4408/4408/4408
f 4406/4406/4406 4407/4407/4407 4409/4409/4409
f 4371/4371/4371 4410/4410/4410 4370/4370/4370
f 4411/4411/4411 4410/4410/4410 4371/4371/4371
f 4408/4408/4408 4370/4370/4370 4410/4410/4410
f 4407/4407/4407 4370/4370/4370 4408/4408/4408
f 4412/4412/4412 4410/4410/4410 4411/4411/4411
f 4413/4413/4413 4410/4410/4410 4412/4412/4412
f 4412/4412/4412 4414/4414/4414 4413/4413/4413
f 4415/4415/4415 4414/4414/4414 4412/4412/4412
f 4408/4408/4408 4414/4414/4414 4409/4409/4409
f 4413/4413/4413 4414/4414/4414 4408/4408/4408
f 4408/4408/4408 4410/4410/4410 4413/4413/4413
f 4401/4401/4401 4416/4416/4416 4398/4398/4398
f 4417/4417/4417 4416/4416/4416 4401/4401/4401
f 4418/4418/4418 4416/4416/4416 4417/4417/4417
f 4419/4419/4419 4416/4416/4416 4418/4418/4418
f 4397/4397/4397 4416/4416/4416 4419/4419/4419
f 4397/4397/4397 4398/4398/4398 4416/4416/4416
f 4420/4420/4420 4353/4353/4353 4354/4354/4354
f 4421/4421/4421 4353/4353/4353 4420/4420/4420
f 4422/4422/4422 4353/4353/4353 4421/4421/4421
f 4355/4355/4355 4353/4353/4353 4422/4422/4422
f 4420/4420/4420 4423/4423/4423 4421/4421/4421
f 4424/4424/4424 4421/4421/4421 4423/4423/4423
f 4422/4422/4422 4421/4421/4421 4424/4424/4424
f 4372/4372/4372 4407/4407/4407 4374/4374/4374
f 4370/4370/4370 4407/4407/4407 4372/4372/4372
f 4402/4402/4402 4403/4403/4403 4374/4374/4374
f 4402/4402/4402 4374/4374/4374 4407/4407/4407
f 4403/4403/4403 4377/4377/4377 4374/4374/4374
f 4375/4375/4375 4374/4374/4374 4369/4369/4369
f 4427/4427/4427 4426/4426/4426 4425/4425/4425
f 4428/4428/4428 4426/4426/4426 4427/4427/4427
f 4430/4430/4430 4427/4427/4427 4429/4429/4429
f 4428/4428/4428 4427/4427/4427 4430/4430/4430
f 4430/4430/4430 4346/4346/4346 4347/4347/4347
f 4429/4429/4429 4346/4346/4346 4430/4430/4430
f 4349/4349/4349 4430/4430/4430 4347/4347/4347
f 4431/4431/4431 4430/4430/4430 4349/4349/4349
f 4430/4430/4430 4432/4432/4432 4428/4428/4428
f 4431/4431/4431 4432/4432/4432 4430/4430/4430
f 4432/4432/4432 4426/4426/4426 4428/4428/4428
f 4433/4433/4433 4426/4426/4426 4432/4432/4432
f 4435/4435/4435 4434/4434/4434 4433/4433/4433
f 4432/4432/4432 4435/4435/4435 4433/4433/4433
f 4355/4355/4355 4435/4435/4435 4356/4356/4356
f 4436/4436/4436 4435/4435/4435 4355/4355/4355
f 4356/4356/4356 4431/4431/4431 4349/4349/4349
f 4435/4435/4435 4431/4431/4431 4356/4356/4356
f 4435/4435/4435 4432/4432/4432 4431/4431/4431
f 4359/4359/4359 4438/4438/4438 4437/4437/4437
f 4357/4357/4357 4438/4438/4438 4359/4359/4359
f 4357/4357/4357 4439/4439/4439 4438/4438/4438
f 4361/4361/4361 4439/4439/4439 4357/4357/4357
f 4361/4361/4361 4440/4440/4440 4439/4439/4439
f 4363/4363/4363 4440/4440/4440 4361/4361/4361
f 4438/4438/4438 4442/4442/4442 4441/4441/4441
f 4439/4439/4439 4442/4442/4442 4438/4438/4438
f 4437/4437/4437 4441/4441/4441 4443/4443/4443
f 4438/4438/4438 4441/4441/4441 4437/4437/4437
f 4443/4443/4443 4444/4444/4444 4437/4437/4437
f 4437/4437/4437 4369/4369/4369 4359/4359/4359
f 4369/4369/4369 4437/4437/4437 4444/4444/4444
f 4445/4445/4445 4371/4371/4371 4373/4373/4373
f 4446/4446/4446 4371/4371/4371 4445/4445/4445
f 4447/4447/4447 4373/4373/4373 4375/4375/4375
f 4445/4445/4445 4373/4373/4373 4447/4447/4447
f 4444/4444/4444 4449/4449/4449 4448/4448/4448
f 4450/4450/4450 4449/4449/4449 4444/4444/4444
f 4444/4444/4444 4447/4447/4447 4369/4369/4369
f 4448/4448/4448 4447/4447/4447 4444/4444/4444
f 4443/4443/4443 4450/4450/4450 4444/4444/4444
f 4443/4443/4443 4451/4451/4451 4450/4450/4450
f 4441/4441/4441 4451/4451/4451 4443/4443/4443
f 4441/4441/4441 4452/4452/4452 4451/4451/4451
f 4442/4442/4442 4452/4452/4452 4441/4441/4441
f 4454/4454/4454 4442/4442/4442 4453/4453/4453
f 4452/4452/4452 4442/4442/4442 4454/4454/4454
f 4442/4442/4442 4440/4440/4440 4453/4453/4453
f 4439/4439/4439 4440/4440/4440 4442/4442/4442
f 4456/4456/4456 4452/4452/4452 4455/4455/4455
f 4451/4451/4451 4452/4452/4452 4456/4456/4456
f 4456/4456/4456 4450/4450/4450 4451/4451/4451
f 4457/4457/4457 4450/4450/4450 4456/4456/4456
f 4449/4449/4449 4457/4457/4457 4458/4458/4458
f 4450/4450/4450 4457/4457/4457 4449/4449/4449
f 4461/4461/4461 4460/4460/4460 4459/4459/4459
f 4462/4462/4462 4460/4460/4460 4461/4461/4461
f 4459/4459/4459 4464/4464/4464 4463/4463/4463
f 4460/4460/4460 4464/4464/4464 4459/4459/4459
f 4463/4463/4463 4466/4466/4466 4465/4465/4465
f 4464/4464/4464 4466/4466/4466 4463/4463/4463
f 4459/4459/4459 4383/4383/4383 4385/4385/4385
f 4463/4463/4463 4383/4383/4383 4459/4459/4459
f 4461/4461/4461 4385/4385/4385 4387/4387/4387
f 4459/4459/4459 4385/4385/4385 4461/4461/4461
f 4387/4387/4387 4467/4467/4467 4461/4461/4461
f 4388/4388/4388 4467/4467/4467 4387/4387/4387
f 4388/4388/4388 4390/4390/4390 4468/4468/4468
f 4467/4467/4467 4388/4388/4388 4468/4468/4468
f 4397/4397/4397 4470/4470/4470 4469/4469/4469
f 4395/4395/4395 4397/4397/4397 4469/4469/4469
f 4469/4469/4469 4396/4396/4396 4395/4395/4395
f 4471/4471/4471 4396/4396/4396 4469/4469/4469
f 4468/4468/4468 4472/4472/4472 4467/4467/4467
f 4462/4462/4462 4467/4467/4467 4472/4472/4472
f 4461/4461/4461 4467/4467/4467 4462/4462/4462
f 4474/4474/4474 4471/4471/4471 4473/4473/4473
f 4475/4475/4475 4471/4471/4471 4469/4469/4469
f 4473/4473/4473 4471/4471/4471 4475/4475/4475
f 4476/4476/4476 4469/4469/4469 4470/4470/4470
f 4475/4475/4475 4469/4469/4469 4476/4476/4476
f 4472/4472/4472 4474/4474/4474 4477/4477/4477
f 4477/4477/4477 4462/4462/4462 4472/4472/4472
f 4478/4478/4478 4462/4462/4462 4477/4477/4477
f 4481/4481/4481 4480/4480/4480 4479/4479/4479
f 4482/4482/4482 4480/4480/4480 4481/4481/4481
f 4482/4482/4482 4484/4484/4484 4483/4483/4483
f 4481/4481/4481 4484/4484/4484 4482/4482/4482
f 4483/4483/4483 4486/4486/4486 4485/4485/4485
f 4484/4484/4484 4486/4486/4486 4483/4483/4483
f 4487/4487/4487 4485/4485/4485 4486/4486/4486
f 4488/4488/4488 4485/4485/4485 4487/4487/4487
f 4371/4371/4371 4489/4489/4489 4411/4411/4411
f 4446/4446/4446 4489/4489/4489 4371/4371/4371
f 4488/4488/4488 4446/4446/4446 4485/4485/4485
f 4489/4489/4489 4446/4446/4446 4488/4488/4488
f 4412/4412/4412 4489/4489/4489 4490/4490/4490
f 4411/4411/4411 4489/4489/4489 4412/4412/4412
f 4412/4412/4412 4491/4491/4491 4415/4415/4415
f 4490/4490/4490 4491/4491/4491 4412/4412/4412
f 4488/4488/4488 4491/4491/4491 4490/4490/4490
f 4487/4487/4487 4491/4491/4491 4488/4488/4488
f 4490/4490/4490 4489/4489/4489 4488/4488/4488
f 4476/4476/4476 4493/4493/4493 4492/4492/4492
f 4470/4470/4470 4493/4493/4493 4476/4476/4476
f 4418/4418/4418 4493/4493/4493 4419/4419/4419
f 4492/4492/4492 4493/4493/4493 4418/4418/4418
f 4419/4419/4419 4493/4493/4493 4397/4397/4397
f 4493/4493/4493 4470/4470/4470 4397/4397/4397
f 4494/4494/4494 4465/4465/4465 4466/4466/4466
f 4466/4466/4466 4495/4495/4495 4494/4494/4494
f 4496/4496/4496 4495/4495/4495 4466/4466/4466
f 4454/4454/4454 4497/4497/4497 4452/4452/4452
f 4498/4498/4498 4497/4497/4497 4454/4454/4454
f 4425/4425/4425 4500/4500/4500 4499/4499/4499
f 4426/4426/4426 4500/4500/4500 4425/4425/4425
f 4426/4426/4426 4501/4501/4501 4500/4500/4500
f 4433/4433/4433 4501/4501/4501 4426/4426/4426
f 4501/4501/4501 4434/4434/4434 4502/4502/4502
f 4433/4433/4433 4434/4434/4434 4501/4501/4501
f 4422/4422/4422 4436/4436/4436 4355/4355/4355
f 4503/4503/4503 4436/4436/4436 4422/4422/4422
f 4500/4500/4500 4501/4501/4501 4504/4504/4504
f 4499/4499/4499 4504/4504/4504 4505/4505/4505
f 4500/4500/4500 4504/4504/4504 4499/4499/4499
f 4499/4499/4499 4505/4505/4505 4506/4506/4506
f 4502/4502/4502 4504/4504/4504 4501/4501/4501
f 4424/4424/4424 4503/4503/4503 4422/4422/4422
f 4507/4507/4507 4503/4503/4503 4424/4424/4424
f 4445/4445/4445 4485/4485/4485 4446/4446/4446
f 4447/4447/4447 4485/4485/4485 4445/4445/4445
f 4447/4447/4447 4480/4480/4480 4483/4483/4483
f 4485/4485/4485 4447/4447/4447 4483/4483/4483
f 4480/4480/4480 4482/4482/4482 4483/4483/4483
f 4449/4449/4449 4480/4480/4480 4448/4448/4448
f 4479/4479/4479 4480/4480/4480 4449/4449/4449
f 4447/4447/4447 4448/4448/4448 4480/4480/4480
f 4369/4369/4369 4447/4447/4447 4375/4375/4375
f 4392/4392/4392 4394/4394/4394 4391/4391/4391
f 4396/4396/4396 4391/4391/4391 4394/4394/4394
f 4390/4390/4390 4391/4391/4391 4396/4396/4396
f 4396/4396/4396 4468/4468/4468 4390/4390/4390
f 4471/4471/4471 4468/4468/4468 4396/4396/4396
f 4471/4471/4471 4472/4472/4472 4468/4468/4468
f 4474/4474/4474 4472/4472/4472 4471/4471/4471
usemtl Interior_Fade
f 4510/4510/4510 4509/4509/4509 4508/4508/4508
f 4512/4512/4512 4508/4508/4508 4511/4511/4511
f 4510/4510/4510 4508/4508/4508 4512/4512/4512
f 4514/4514/4514 4511/4511/4511 4513/4513/4513
f 4512/4512/4512 4511/4511/4511 4514/4514/4514
f 4517/4517/4517 4516/4516/4516 4515/4515/4515
f 4518/4518/4518 4515/4515/4515 4516/4516/4516
f 4521/4521/4521 4520/4520/4520 4519/4519/4519
f 4519/4519/4519 4510/4510/4510 4522/4522/4522
f 4509/4509/4509 4510/4510/4510 4519/4519/4519
f 4523/4523/4523 4519/4519/4519 4522/4522/4522
f 4521/4521/4521 4519/4519/4519 4523/4523/4523
f 4525/4525/4525 4515/4515/4515 4524/4524/4524
f 4517/4517/4517 4515/4515/4515 4525/4525/4525
f 4525/4525/4525 4524/4524/4524 4526/4526/4526
f 4524/4524/4524 4527/4527/4527 4526/4526/4526
f 4522/4522/4522 4528/4528/4528 4523/4523/4523
f 4529/4529/4529 4528/4528/4528 4522/4522/4522
f 4530/4530/4530 4528/4528/4528 4529/4529/4529
f 4531/4531/4531 4528/4528/4528 4530/4530/4530
f 4531/4531/4531 4532/4532/4532 4528/4528/4528
f 4533/4533/4533 4532/4532/4532 4531/4531/4531
f 4535/4535/4535 4513/4513/4513 4534/4534/4534
f 4514/4514/4514 4513/4513/4513 4535/4535/4535
f 4537/4537/4537 4524/4524/4524 4536/4536/4536
f 4527/4527/4527 4524/4524/4524 4537/4537/4537
f 4509/4509/4509 4517/4517/4517 4508/4508/4508
f 4516/4516/4516 4517/4517/4517 4509/4509/4509
f 4540/4540/4540 4539/4539/4539 4538/4538/4538
f 4541/4541/4541 4539/4539/4539 4540/4540/4540
f 4543/4543/4543 4538/4538/4538 4542/4542/4542
f 4540/4540/4540 4538/4538/4538 4543/4543/4543
f 4545/4545/4545 4542/4542/4542 4544/4544/4544
f 4543/4543/4543 4542/4542/4542 4545/4545/4545
f 4546/4546/4546 4545/4545/4545 4544/4544/4544
f 4548/4548/4548 4546/4546/4546 4547/4547/4547
f 4545/4545/4545 4546/4546/4546 4548/4548/4548
f 4547/4547/4547 4549/4549/4549 4548/4548/4548
f 4539/4539/4539 4551/4551/4551 4550/4550/4550
f 4541/4541/4541 4551/4551/4551 4539/4539/4539
f 4546/4546/4546 4544/4544/4544 4552/4552/4552
f 4547/4547/4547 4553/4553/4553 4549/4549/4549
f 4556/4556/4556 4555/4555/4555 4554/4554/4554
f 4557/4557/4557 4555/4555/4555 4556/4556/4556
f 4554/4554/4554 4559/4559/4559 4558/4558/4558
f 4555/4555/4555 4559/4559/4559 4554/4554/4554
f 4558/4558/4558 4561/4561/4561 4560/4560/4560
f 4559/4559/4559 4561/4561/4561 4558/4558/4558
f 4560/4560/4560 4563/4563/4563 4562/4562/4562
f 4561/4561/4561 4563/4563/4563 4560/4560/4560
f 4562/4562/4562 4565/4565/4565 4564/4564/4564
f 4563/4563/4563 4565/4565/4565 4562/4562/4562
f 4564/4564/4564 4567/4567/4567 4566/4566/4566
f 4565/4565/4565 4567/4567/4567 4564/4564/4564
f 4566/4566/4566 4569/4569/4569 4568/4568/4568
f 4567/4567/4567 4569/4569/4569 4566/4566/4566
f 4568/4568/4568 4571/4571/4571 4570/4570/4570
f 4569/4569/4569 4571/4571/4571 4568/4568/4568
f 4572/4572/4572 4557/4557/4557 4556/4556/4556
f 4573/4573/4573 4557/4557/4557 4572/4572/4572
f 4574/4574/4574 4573/4573/4573 4572/4572/4572
f 4575/4575/4575 4573/4573/4573 4574/4574/4574
f 4576/4576/4576 4575/4575/4575 4574/4574/4574
f 4577/4577/4577 4575/4575/4575 4576/4576/4576
f 4578/4578/4578 4577/4577/4577 4576/4576/4576
f 4579/4579/4579 4577/4577/4577 4578/4578/4578
f 4580/4580/4580 4579/4579/4579 4578/4578/4578
f 4581/4581/4581 4579/4579/4579 4580/4580/4580
f 4582/4582/4582 4581/4581/4581 4580/4580/4580
f 4583/4583/4583 4581/4581/4581 4582/4582/4582
f 4584/4584/4584 4583/4583/4583 4582/4582/4582
f 4585/4585/4585 4583/4583/4583 4584/4584/4584
f 4570/4570/4570 4585/4585/4585 4584/4584/4584
f 4571/4571/4571 4585/4585/4585 4570/4570/4570
f 4588/4588/4588 4587/4587/4587 4586/4586/4586
f 4589/4589/4589 4587/4587/4587 4588/4588/4588
f 4588/4588/4588 4586/4586/4586 4590/4590/4590
f 4593/4593/4593 4592/4592/4592 4591/4591/4591
f 4595/4595/4595 4594/4594/4594 4586/4586/4586
f 4596/4596/4596 4594/4594/4594 4595/4595/4595
f 4598/4598/4598 4595/4595/4595 4597/4597/4597
f 4596/4596/4596 4595/4595/4595 4598/4598/4598
f 4600/4600/4600 4597/4597/4597 4599/4599/4599
f 4598/4598/4598 4597/4597/4597 4600/4600/4600
f 4602/4602/4602 4599/4599/4599 4601/4601/4601
f 4600/4600/4600 4599/4599/4599 4602/4602/4602
f 4604/4604/4604 4601/4601/4601 4603/4603/4603
f 4602/4602/4602 4601/4601/4601 4604/4604/4604
f 4605/4605/4605 4587/4587/4587 4589/4589/4589
f 4605/4605/4605 4591/4591/4591 4587/4587/4587
f 4592/4592/4592 4606/4606/4606 4587/4587/4587
f 4607/4607/4607 4606/4606/4606 4592/4592/4592
f 4607/4607/4607 4608/4608/4608 4606/4606/4606
f 4609/4609/4609 4608/4608/4608 4607/4607/4607
f 4609/4609/4609 4610/4610/4610 4608/4608/4608
f 4611/4611/4611 4610/4610/4610 4609/4609/4609
f 4611/4611/4611 4603/4603/4603 4610/4610/4610
f 4604/4604/4604 4603/4603/4603 4611/4611/4611
f 4591/4591/4591 4592/4592/4592 4587/4587/4587
f 4592/4592/4592 4592/4592/4592 4591/4591/4591
f 4590/4590/4590 4594/4594/4594 4594/4594/4594
f 4586/4586/4586 4594/4594/4594 4590/4590/4590
f 4612/4612/4612 4590/4590/4590 4594/4594/4594
f 4615/4615/4615 4614/4614/4614 4613/4613/4613
f 4616/4616/4616 4614/4614/4614 4615/4615/4615
f 4613/4613/4613 4618/4618/4618 4617/4617/4617
f 4619/4619/4619 4618/4618/4618 4613/4613/4613
f 4616/4616/4616 4620/4620/4620 4614/4614/4614
f 4621/4621/4621 4620/4620/4620 4616/4616/4616
f 4623/4623/4623 4622/4622/4622 4620/4620/4620
f 4624/4624/4624 4622/4622/4622 4623/4623/4623
f 4624/4624/4624 4625/4625/4625 4622/4622/4622
f 4626/4626/4626 4625/4625/4625 4624/4624/4624
f 4617/4617/4617 4615/4615/4615 4613/4613/4613
f 4619/4619/4619 4627/4627/4627 4618/4618/4618
f 4628/4628/4628 4627/4627/4627 4619/4619/4619
f 4629/4629/4629 4627/4627/4627 4628/4628/4628
f 4630/4630/4630 4627/4627/4627 4629/4629/4629
f 4631/4631/4631 4629/4629/4629 4628/4628/4628
f 4617/4617/4617 4632/4632/4632 4615/4615/4615
f 4633/4633/4633 4632/4632/4632 4617/4617/4617
f 4623/4623/4623 4635/4635/4635 4634/4634/4634
f 4621/4621/4621 4635/4635/4635 4623/4623/4623
f 4626/4626/4626 4637/4637/4637 4636/4636/4636
f 4625/4625/4625 4639/4639/4639 4638/4638/4638
f 4627/4627/4627 4630/4630/4630 4640/4640/4640
f 4620/4620/4620 4621/4621/4621 4623/4623/4623
f 4636/4636/4636 4625/4625/4625 4626/4626/4626
f 4639/4639/4639 4625/4625/4625 4636/4636/4636
f 4643/4643/4643 4642/4642/4642 4641/4641/4641
f 4644/4644/4644 4642/4642/4642 4643/4643/4643
f 4647/4647/4647 4646/4646/4646 4645/4645/4645
f 4648/4648/4648 4646/4646/4646 4647/4647/4647
f 4649/4649/4649 4646/4646/4646 4648/4648/4648
f 4650/4650/4650 4646/4646/4646 4649/4649/4649
f 4643/4643/4643 4648/4648/4648 4647/4647/4647
f 4641/4641/4641 4648/4648/4648 4643/4643/4643
f 4653/4653/4653 4652/4652/4652 4651/4651/4651
f 4654/4654/4654 4652/4652/4652 4653/4653/4653
f 4651/4651/4651 4656/4656/4656 4655/4655/4655
f 4652/4652/4652 4656/4656/4656 4651/4651/4651
f 4656/4656/4656 4657/4657/4657 4655/4655/4655
f 4658/4658/4658 4657/4657/4657 4656/4656/4656
f 4661/4661/4661 4660/4660/4660 4659/4659/4659
f 4662/4662/4662 4660/4660/4660 4661/4661/4661
f 4663/4663/4663 4660/4660/4660 4662/4662/4662
f 4664/4664/4664 4660/4660/4660 4663/4663/4663
f 4666/4666/4666 4644/4644/4644 4665/4665/4665
f 4657/4657/4657 4644/4644/4644 4666/4666/4666
f 4665/4665/4665 4663/4663/4663 4666/4666/4666
f 4664/4664/4664 4663/4663/4663 4665/4665/4665
f 4642/4642/4642 4668/4668/4668 4667/4667/4667
f 4658/4658/4658 4668/4668/4668 4642/4642/4642
f 4671/4671/4671 4670/4670/4670 4669/4669/4669
f 4672/4672/4672 4670/4670/4670 4671/4671/4671
f 4673/4673/4673 4670/4670/4670 4672/4672/4672
f 4674/4674/4674 4670/4670/4670 4673/4673/4673
f 4671/4671/4671 4668/4668/4668 4672/4672/4672
f 4667/4667/4667 4668/4668/4668 4671/4671/4671
f 4644/4644/4644 4658/4658/4658 4642/4642/4642
f 4657/4657/4657 4658/4658/4658 4644/4644/4644
f 4677/4677/4677 4676/4676/4676 4675/4675/4675
f 4675/4675/4675 4678/4678/4678 4677/4677/4677
f 4679/4679/4679 4678/4678/4678 4675/4675/4675
f 4675/4675/4675 4680/4680/4680 4679/4679/4679
f 4683/4683/4683 4682/4682/4682 4681/4681/4681
f 4684/4684/4684 4682/4682/4682 4683/4683/4683
f 4686/4686/4686 4681/4681/4681 4685/4685/4685
f 4683/4683/4683 4681/4681/4681 4686/4686/4686
f 4687/4687/4687 4686/4686/4686 4685/4685/4685
f 4688/4688/4688 4686/4686/4686 4687/4687/4687
f 4679/4679/4679 4689/4689/4689 4678/4678/4678
f 4690/4690/4690 4689/4689/4689 4679/4679/4679
f 4678/4678/4678 4691/4691/4691 4677/4677/4677
f 4689/4689/4689 4691/4691/4691 4678/4678/4678
f 4691/4691/4691 4676/4676/4676 4677/4677/4677
f 4692/4692/4692 4676/4676/4676 4691/4691/4691
f 4675/4675/4675 4692/4692/4692 4693/4693/4693
f 4676/4676/4676 4692/4692/4692 4675/4675/4675
f 4693/4693/4693 4680/4680/4680 4675/4675/4675
f 4694/4694/4694 4680/4680/4680 4693/4693/4693
f 4688/4688/4688 4694/4694/4694 4695/4695/4695
f 4680/4680/4680 4694/4694/4694 4688/4688/4688
f 4686/4686/4686 4695/4695/4695 4696/4696/4696
f 4688/4688/4688 4695/4695/4695 4686/4686/4686
f 4696/4696/4696 4683/4683/4683 4686/4686/4686
f 4697/4697/4697 4683/4683/4683 4696/4696/4696
f 4684/4684/4684 4697/4697/4697 4698/4698/4698
f 4683/4683/4683 4697/4697/4697 4684/4684/4684
f 4699/4699/4699 4684/4684/4684 4698/4698/4698
f 4682/4682/4682 4684/4684/4684 4699/4699/4699
f 4701/4701/4701 4681/4681/4681 4700/4700/4700
f 4685/4685/4685 4681/4681/4681 4701/4701/4701
f 4700/4700/4700 4682/4682/4682 4699/4699/4699
f 4681/4681/4681 4682/4682/4682 4700/4700/4700
f 4687/4687/4687 4701/4701/4701 4702/4702/4702
f 4685/4685/4685 4701/4701/4701 4687/4687/4687
f 4702/4702/4702 4679/4679/4679 4687/4687/4687
f 4690/4690/4690 4679/4679/4679 4702/4702/4702
f 4705/4705/4705 4704/4704/4704 4703/4703/4703
f 4706/4706/4706 4704/4704/4704 4705/4705/4705
f 4703/4703/4703 4707/4707/4707 4705/4705/4705
f 4710/4710/4710 4709/4709/4709 4708/4708/4708
f 4708/4708/4708 4707/4707/4707 4710/4710/4710
f 4705/4705/4705 4707/4707/4707 4708/4708/4708
f 4711/4711/4711 4705/4705/4705 4708/4708/4708
f 4712/4712/4712 4705/4705/4705 4711/4711/4711
f 4706/4706/4706 4705/4705/4705 4712/4712/4712
f 4713/4713/4713 4706/4706/4706 4712/4712/4712
f 4704/4704/4704 4706/4706/4706 4713/4713/4713
f 4714/4714/4714 4713/4713/4713 4712/4712/4712
f 4717/4717/4717 4716/4716/4716 4715/4715/4715
f 4718/4718/4718 4716/4716/4716 4717/4717/4717
f 4719/4719/4719 4715/4715/4715 4716/4716/4716
f 4717/4717/4717 4720/4720/4720 4718/4718/4718
f 4721/4721/4721 4720/4720/4720 4717/4717/4717
f 4721/4721/4721 4722/4722/4722 4720/4720/4720
f 4722/4722/4722 4724/4724/4724 4723/4723/4723
f 4721/4721/4721 4724/4724/4724 4722/4722/4722
f 4725/4725/4725 4723/4723/4723 4724/4724/4724
f 4728/4728/4728 4727/4727/4727 4726/4726/4726
f 4729/4729/4729 4727/4727/4727 4728/4728/4728
f 4731/4731/4731 4728/4728/4728 4730/4730/4730
f 4729/4729/4729 4728/4728/4728 4731/4731/4731
f 4727/4727/4727 4711/4711/4711 4726/4726/4726
f 4708/4708/4708 4726/4726/4726 4711/4711/4711
f 4709/4709/4709 4726/4726/4726 4708/4708/4708
f 4732/4732/4732 4731/4731/4731 4730/4730/4730
f 4730/4730/4730 4724/4724/4724 4732/4732/4732
f 4725/4725/4725 4724/4724/4724 4730/4730/4730
f 4721/4721/4721 4732/4732/4732 4724/4724/4724
f 4715/4715/4715 4732/4732/4732 4721/4721/4721
f 4717/4717/4717 4715/4715/4715 4721/4721/4721
f 4735/4735/4735 4734/4734/4734 4733/4733/4733
f 4736/4736/4736 4734/4734/4734 4735/4735/4735
f 4736/4736/4736 4738/4738/4738 4737/4737/4737
f 4735/4735/4735 4738/4738/4738 4736/4736/4736
f 4741/4741/4741 4740/4740/4740 4739/4739/4739
f 4742/4742/4742 4740/4740/4740 4741/4741/4741
f 4743/4743/4743 4740/4740/4740 4742/4742/4742
f 4744/4744/4744 4740/4740/4740 4743/4743/4743
f 4746/4746/4746 4739/4739/4739 4745/4745/4745
f 4741/4741/4741 4739/4739/4739 4746/4746/4746
f 4749/4749/4749 4748/4748/4748 4747/4747/4747
f 4741/4741/4741 4748/4748/4748 4749/4749/4749
f 4742/4742/4742 4749/4749/4749 4750/4750/4750
f 4741/4741/4741 4749/4749/4749 4742/4742/4742
f 4743/4743/4743 4750/4750/4750 4751/4751/4751
f 4742/4742/4742 4750/4750/4750 4743/4743/4743
f 4745/4745/4745 4752/4752/4752 4746/4746/4746
f 4733/4733/4733 4752/4752/4752 4745/4745/4745
f 4755/4755/4755 4754/4754/4754 4753/4753/4753
f 4756/4756/4756 4755/4755/4755 4753/4753/4753
f 4757/4757/4757 4755/4755/4755 4756/4756/4756
f 4760/4760/4760 4759/4759/4759 4758/4758/4758
f 4761/4761/4761 4759/4759/4759 4760/4760/4760
f 4762/4762/4762 4760/4760/4760 4758/4758/4758
f 4763/4763/4763 4747/4747/4747 4748/4748/4748
f 4764/4764/4764 4747/4747/4747 4763/4763/4763
f 4767/4767/4767 4766/4766/4766 4765/4765/4765
f 4768/4768/4768 4766/4766/4766 4767/4767/4767
f 4769/4769/4769 4767/4767/4767 4764/4764/4764
f 4768/4768/4768 4767/4767/4767 4769/4769/4769
f 4769/4769/4769 4760/4760/4760 4762/4762/4762
f 4764/4764/4764 4760/4760/4760 4769/4769/4769
f 4755/4755/4755 4734/4734/4734 4754/4754/4754
f 4733/4733/4733 4734/4734/4734 4755/4755/4755
f 4760/4760/4760 4763/4763/4763 4761/4761/4761
f 4764/4764/4764 4763/4763/4763 4760/4760/4760
f 4757/4757/4757 4733/4733/4733 4755/4755/4755
f 4752/4752/4752 4733/4733/4733 4757/4757/4757
f 4763/4763/4763 4770/4770/4770 4761/4761/4761
f 4771/4771/4771 4770/4770/4770 4763/4763/4763
f 4772/4772/4772 4770/4770/4770 4771/4771/4771
f 4763/4763/4763 4773/4773/4773 4771/4771/4771
f 4748/4748/4748 4773/4773/4773 4763/4763/4763
f 4748/4748/4748 4774/4774/4774 4773/4773/4773
f 4746/4746/4746 4774/4774/4774 4748/4748/4748
f 4752/4752/4752 4776/4776/4776 4775/4775/4775
f 4757/4757/4757 4776/4776/4776 4752/4752/4752
f 4775/4775/4775 4777/4777/4777 4752/4752/4752
f 4778/4778/4778 4777/4777/4777 4775/4775/4775
f 4774/4774/4774 4752/4752/4752 4777/4777/4777
f 4746/4746/4746 4752/4752/4752 4774/4774/4774
f 4779/4779/4779 4775/4775/4775 4776/4776/4776
f 4780/4780/4780 4775/4775/4775 4779/4779/4779
f 4772/4772/4772 4781/4781/4781 4770/4770/4770
f 4782/4782/4782 4781/4781/4781 4772/4772/4772
f 4781/4781/4781 4761/4761/4761 4770/4770/4770
f 4759/4759/4759 4761/4761/4761 4781/4781/4781
f 4756/4756/4756 4776/4776/4776 4757/4757/4757
f 4779/4779/4779 4776/4776/4776 4756/4756/4756
f 4782/4782/4782 4784/4784/4784 4783/4783/4783
f 4772/4772/4772 4784/4784/4784 4782/4782/4782
f 4785/4785/4785 4780/4780/4780 4783/4783/4783
f 4775/4775/4775 4780/4780/4780 4785/4785/4785
f 4775/4775/4775 4785/4785/4785 4778/4778/4778
f 4772/4772/4772 4786/4786/4786 4784/4784/4784
f 4771/4771/4771 4786/4786/4786 4772/4772/4772
f 4774/4774/4774 4777/4777/4777 4787/4787/4787
f 4787/4787/4787 4773/4773/4773 4774/4774/4774
f 4771/4771/4771 4773/4773/4773 4787/4787/4787
f 4789/4789/4789 4729/4729/4729 4788/4788/4788
f 4727/4727/4727 4729/4729/4729 4789/4789/4789
f 4731/4731/4731 4790/4790/4790 4788/4788/4788
f 4732/4732/4732 4790/4790/4790 4731/4731/4731
f 4729/4729/4729 4731/4731/4731 4788/4788/4788
f 4790/4790/4790 4715/4715/4715 4791/4791/4791
f 4732/4732/4732 4715/4715/4715 4790/4790/4790
f 4712/4712/4712 4789/4789/4789 4792/4792/4792
f 4711/4711/4711 4789/4789/4789 4712/4712/4712
f 4714/4714/4714 4792/4792/4792 4793/4793/4793
f 4712/4712/4712 4792/4792/4792 4714/4714/4714
f 4719/4719/4719 4791/4791/4791 4715/4715/4715
f 4794/4794/4794 4791/4791/4791 4719/4719/4719
f 4787/4787/4787 4786/4786/4786 4771/4771/4771
f 4795/4795/4795 4786/4786/4786 4787/4787/4787
f 4778/4778/4778 4787/4787/4787 4777/4777/4777
f 4795/4795/4795 4787/4787/4787 4778/4778/4778
f 4798/4798/4798 4797/4797/4797 4796/4796/4796
f 4799/4799/4799 4797/4797/4797 4798/4798/4798
f 4798/4798/4798 4800/4800/4800 4799/4799/4799
f 4801/4801/4801 4798/4798/4798 4796/4796/4796
f 4802/4802/4802 4798/4798/4798 4801/4801/4801
f 4802/4802/4802 4803/4803/4803 4798/4798/4798
f 4680/4680/4680 4687/4687/4687 4679/4679/4679
f 4688/4688/4688 4687/4687/4687 4680/4680/4680
f 4789/4789/4789 4711/4711/4711 4727/4727/4727
f 4748/4748/4748 4741/4741/4741 4746/4746/4746
f 4806/4806/4806 4805/4805/4805 4804/4804/4804
f 4808/4808/4808 4804/4804/4804 4807/4807/4807
f 4806/4806/4806 4804/4804/4804 4808/4808/4808
f 4810/4810/4810 4807/4807/4807 4809/4809/4809
f 4808/4808/4808 4807/4807/4807 4810/4810/4810
f 4813/4813/4813 4812/4812/4812 4811/4811/4811
f 4814/4814/4814 4811/4811/4811 4812/4812/4812
f 4817/4817/4817 4816/4816/4816 4815/4815/4815
f 4815/4815/4815 4806/4806/4806 4818/4818/4818
f 4805/4805/4805 4806/4806/4806 4815/4815/4815
f 4819/4819/4819 4815/4815/4815 4818/4818/4818
f 4817/4817/4817 4815/4815/4815 4819/4819/4819
f 4821/4821/4821 4811/4811/4811 4820/4820/4820
f 4813/4813/4813 4811/4811/4811 4821/4821/4821
f 4821/4821/4821 4820/4820/4820 4822/4822/4822
f 4820/4820/4820 4823/4823/4823 4822/4822/4822
f 4818/4818/4818 4824/4824/4824 4819/4819/4819
f 4825/4825/4825 4824/4824/4824 4818/4818/4818
f 4826/4826/4826 4824/4824/4824 4825/4825/4825
f 4827/4827/4827 4824/4824/4824 4826/4826/4826
f 4827/4827/4827 4828/4828/4828 4824/4824/4824
f 4829/4829/4829 4828/4828/4828 4827/4827/4827
f 4831/4831/4831 4809/4809/4809 4830/4830/4830
f 4810/4810/4810 4809/4809/4809 4831/4831/4831
f 4833/4833/4833 4820/4820/4820 4832/4832/4832
f 4823/4823/4823 4820/4820/4820 4833/4833/4833
f 4805/4805/4805 4813/4813/4813 4804/4804/4804
f 4812/4812/4812 4813/4813/4813 4805/4805/4805
f 4836/4836/4836 4835/4835/4835 4834/4834/4834
f 4837/4837/4837 4835/4835/4835 4836/4836/4836
f 4839/4839/4839 4834/4834/4834 4838/4838/4838
f 4836/4836/4836 4834/4834/4834 4839/4839/4839
f 4841/4841/4841 4838/4838/4838 4840/4840/4840
f 4839/4839/4839 4838/4838/4838 4841/4841/4841
f 4842/4842/4842 4841/4841/4841 4840/4840/4840
f 4844/4844/4844 4842/4842/4842 4843/4843/4843
f 4841/4841/4841 4842/4842/4842 4844/4844/4844
f 4843/4843/4843 4845/4845/4845 4844/4844/4844
f 4835/4835/4835 4847/4847/4847 4846/4846/4846
f 4837/4837/4837 4847/4847/4847 4835/4835/4835
f 4842/4842/4842 4840/4840/4840 4848/4848/4848
f 4843/4843/4843 4849/4849/4849 4845/4845/4845
f 4852/4852/4852 4851/4851/4851 4850/4850/4850
f 4853/4853/4853 4851/4851/4851 4852/4852/4852
f 4850/4850/4850 4855/4855/4855 4854/4854/4854
f 4851/4851/4851 4855/4855/4855 4850/4850/4850
f 4854/4854/4854 4857/4857/4857 4856/4856/4856
f 4855/4855/4855 4857/4857/4857 4854/4854/4854
f 4856/4856/4856 4859/4859/4859 4858/4858/4858
f 4857/4857/4857 4859/4859/4859 4856/4856/4856
f 4858/4858/4858 4861/4861/4861 4860/4860/4860
f 4859/4859/4859 4861/4861/4861 4858/4858/4858
f 4860/4860/4860 4863/4863/4863 4862/4862/4862
f 4861/4861/4861 4863/4863/4863 4860/4860/4860
f 4862/4862/4862 4865/4865/4865 4864/4864/4864
f 4863/4863/4863 4865/4865/4865 4862/4862/4862
f 4864/4864/4864 4867/4867/4867 4866/4866/4866
f 4865/4865/4865 4867/4867/4867 4864/4864/4864
f 4868/4868/4868 4853/4853/4853 4852/4852/4852
f 4869/4869/4869 4853/4853/4853 4868/4868/4868
f 4870/4870/4870 4869/4869/4869 4868/4868/4868
f 4871/4871/4871 4869/4869/4869 4870/4870/4870
f 4872/4872/4872 4871/4871/4871 4870/4870/4870
f 4873/4873/4873 4871/4871/4871 4872/4872/4872
f 4874/4874/4874 4873/4873/4873 4872/4872/4872
f 4875/4875/4875 4873/4873/4873 4874/4874/4874
f 4876/4876/4876 4875/4875/4875 4874/4874/4874
f 4877/4877/4877 4875/4875/4875 4876/4876/4876
f 4878/4878/4878 4877/4877/4877 4876/4876/4876
f 4879/4879/4879 4877/4877/4877 4878/4878/4878
f 4880/4880/4880 4879/4879/4879 4878/4878/4878
f 4881/4881/4881 4879/4879/4879 4880/4880/4880
f 4866/4866/4866 4881/4881/4881 4880/4880/4880
f 4867/4867/4867 4881/4881/4881 4866/4866/4866
f 4884/4884/4884 4883/4883/4883 4882/4882/4882
f 4885/4885/4885 4883/4883/4883 4884/4884/4884
f 4884/4884/4884 4882/4882/4882 4886/4886/4886
f 4889/4889/4889 4888/4888/4888 4887/4887/4887
f 4891/4891/4891 4890/4890/4890 4882/4882/4882
f 4892/4892/4892 4890/4890/4890 4891/4891/4891
f 4894/4894/4894 4891/4891/4891 4893/4893/4893
f 4892/4892/4892 4891/4891/4891 4894/4894/4894
f 4896/4896/4896 4893/4893/4893 4895/4895/4895
f 4894/4894/4894 4893/4893/4893 4896/4896/4896
f 4898/4898/4898 4895/4895/4895 4897/4897/4897
f 4896/4896/4896 4895/4895/4895 4898/4898/4898
f 4900/4900/4900 4897/4897/4897 4899/4899/4899
f 4898/4898/4898 4897/4897/4897 4900/4900/4900
f 4901/4901/4901 4883/4883/4883 4885/4885/4885
f 4901/4901/4901 4887/4887/4887 4883/4883/4883
f 4888/4888/4888 4902/4902/4902 4883/4883/4883
f 4903/4903/4903 4902/4902/4902 4888/4888/4888
f 4903/4903/4903 4904/4904/4904 4902/4902/4902
f 4905/4905/4905 4904/4904/4904 4903/4903/4903
f 4905/4905/4905 4906/4906/4906 4904/4904/4904
f 4907/4907/4907 4906/4906/4906 4905/4905/4905
f 4907/4907/4907 4899/4899/4899 4906/4906/4906
f 4900/4900/4900 4899/4899/4899 4907/4907/4907
f 4887/4887/4887 4888/4888/4888 4883/4883/4883
f 4888/4888/4888 4888/4888/4888 4887/4887/4887
f 4886/4886/4886 4890/4890/4890 4890/4890/4890
f 4882/4882/4882 4890/4890/4890 4886/4886/4886
f 4908/4908/4908 4886/4886/4886 4890/4890/4890
f 4911/4911/4911 4910/4910/4910 4909/4909/4909
f 4912/4912/4912 4910/4910/4910 4911/4911/4911
f 4909/4909/4909 4914/4914/4914 4913/4913/4913
f 4915/4915/4915 4914/4914/4914 4909/4909/4909
f 4912/4912/4912 4916/4916/4916 4910/4910/4910
f 4917/4917/4917 4916/4916/4916 4912/4912/4912
f 4919/4919/4919 4918/4918/4918 4916/4916/4916
f 4920/4920/4920 4918/4918/4918 4919/4919/4919
f 4920/4920/4920 4921/4921/4921 4918/4918/4918
f 4922/4922/4922 4921/4921/4921 4920/4920/4920
f 4913/4913/4913 4911/4911/4911 4909/4909/4909
f 4915/4915/4915 4923/4923/4923 4914/4914/4914
f 4924/4924/4924 4923/4923/4923 4915/4915/4915
f 4925/4925/4925 4923/4923/4923 4924/4924/4924
f 4926/4926/4926 4923/4923/4923 4925/4925/4925
f 4927/4927/4927 4925/4925/4925 4924/4924/4924
f 4913/4913/4913 4928/4928/4928 4911/4911/4911
f 4929/4929/4929 4928/4928/4928 4913/4913/4913
f 4919/4919/4919 4931/4931/4931 4930/4930/4930
f 4917/4917/4917 4931/4931/4931 4919/4919/4919
f 4922/4922/4922 4933/4933/4933 4932/4932/4932
f 4921/4921/4921 4935/4935/4935 4934/4934/4934
f 4923/4923/4923 4926/4926/4926 4936/4936/4936
f 4916/4916/4916 4917/4917/4917 4919/4919/4919
f 4932/4932/4932 4921/4921/4921 4922/4922/4922
f 4935/4935/4935 4921/4921/4921 4932/4932/4932
f 4939/4939/4939 4938/4938/4938 4937/4937/4937
f 4940/4940/4940 4938/4938/4938 4939/4939/4939
f 4943/4943/4943 4942/4942/4942 4941/4941/4941
f 4944/4944/4944 4942/4942/4942 4943/4943/4943
f 4945/4945/4945 4942/4942/4942 4944/4944/4944
f 4946/4946/4946 4942/4942/4942 4945/4945/4945
f 4939/4939/4939 4944/4944/4944 4943/4943/4943
f 4937/4937/4937 4944/4944/4944 4939/4939/4939
f 4949/4949/4949 4948/4948/4948 4947/4947/4947
f 4950/4950/4950 4948/4948/4948 4949/4949/4949
f 4947/4947/4947 4952/4952/4952 4951/4951/4951
f 4948/4948/4948 4952/4952/4952 4947/4947/4947
f 4952/4952/4952 4953/4953/4953 4951/4951/4951
f 4954/4954/4954 4953/4953/4953 4952/4952/4952
f 4957/4957/4957 4956/4956/4956 4955/4955/4955
f 4958/4958/4958 4956/4956/4956 4957/4957/4957
f 4959/4959/4959 4956/4956/4956 4958/4958/4958
f 4960/4960/4960 4956/4956/4956 4959/4959/4959
f 4962/4962/4962 4940/4940/4940 4961/4961/4961
f 4953/4953/4953 4940/4940/4940 4962/4962/4962
f 4961/4961/4961 4959/4959/4959 4962/4962/4962
f 4960/4960/4960 4959/4959/4959 4961/4961/4961
f 4938/4938/4938 4964/4964/4964 4963/4963/4963
f 4954/4954/4954 4964/4964/4964 4938/4938/4938
f 4967/4967/4967 4966/4966/4966 4965/4965/4965
f 4968/4968/4968 4966/4966/4966 4967/4967/4967
f 4969/4969/4969 4966/4966/4966 4968/4968/4968
f 4970/4970/4970 4966/4966/4966 4969/4969/4969
f 4967/4967/4967 4964/4964/4964 4968/4968/4968
f 4963/4963/4963 4964/4964/4964 4967/4967/4967
f 4940/4940/4940 4954/4954/4954 4938/4938/4938
f 4953/4953/4953 4954/4954/4954 4940/4940/4940
f 1729/1729/1729 4972/4972/4972 4971/4971/4971
f 1730/1730/1730 4972/4972/4972 1729/1729/1729
f 4974/4974/4974 4973/4973/4973 4972/4972/4972
f 4975/4975/4975 4973/4973/4973 4974/4974/4974
f 4976/4976/4976 4975/4975/4975 4974/4974/4974
f 4977/4977/4977 4975/4975/4975 4976/4976/4976
f 4980/4980/4980 4979/4979/4979 4978/4978/4978
f 4982/4982/4982 4981/4981/4981 4980/4980/4980
f 4978/4978/4978 4982/4982/4982 4980/4980/4980
f 4976/4976/4976 4974/4974/4974 4983/4983/4983
f 4984/4984/4984 4979/4979/4979 4980/4980/4980
f 4985/4985/4985 4979/4979/4979 4984/4984/4984
f 4986/4986/4986 4985/4985/4985 4984/4984/4984
f 4987/4987/4987 4985/4985/4985 4986/4986/4986
f 4988/4988/4988 4987/4987/4987 4986/4986/4986
f 4989/4989/4989 4987/4987/4987 4988/4988/4988
f 4991/4991/4991 4989/4989/4989 4990/4990/4990
f 4992/4992/4992 4989/4989/4989 4991/4991/4991
f 4995/4995/4995 4994/4994/4994 4993/4993/4993
f 4996/4996/4996 4994/4994/4994 4995/4995/4995
f 4994/4994/4994 4997/4997/4997 4993/4993/4993
f 4998/4998/4998 4997/4997/4997 4994/4994/4994
f 4998/4998/4998 4999/4999/4999 4997/4997/4997
f 5000/5000/5000 4999/4999/4999 4998/4998/4998
f 5001/5001/5001 4998/4998/4998 4994/4994/4994
f 5002/5002/5002 4998/4998/4998 5001/5001/5001
f 5003/5003/5003 4994/4994/4994 4996/4996/4996
f 5001/5001/5001 4994/4994/4994 5003/5003/5003
f 5002/5002/5002 5000/5000/5000 4998/4998/4998
f 5004/5004/5004 5000/5000/5000 5002/5002/5002
f 5005/5005/5005 4991/4991/4991 4990/4990/4990
f 5006/5006/5006 4991/4991/4991 5005/5005/5005
f 5007/5007/5007 4990/4990/4990 4988/4988/4988
f 5005/5005/5005 4990/4990/4990 5007/5007/5007
f 5008/5008/5008 4988/4988/4988 4986/4986/4986
f 5007/5007/5007 4988/4988/4988 5008/5008/5008
f 5009/5009/5009 5008/5008/5008 4986/4986/4986
f 5010/5010/5010 4980/4980/4980 4981/4981/4981
f 4984/4984/4984 4980/4980/4980 5010/5010/5010
f 5000/5000/5000 5011/5011/5011 4999/4999/4999
f 5012/5012/5012 5011/5011/5011 5000/5000/5000
f 5011/5011/5011 1732/1732/1732 1734/1734/1734
f 5012/5012/5012 1732/1732/1732 5011/5011/5011
f 5013/5013/5013 1732/1732/1732 5012/5012/5012
f 2008/2008/2008 1732/1732/1732 5013/5013/5013
f 5004/5004/5004 5012/5012/5012 5000/5000/5000
f 5013/5013/5013 5012/5012/5012 5004/5004/5004
f 1935/1935/1935 5014/5014/5014 2001/2001/2001
f 5015/5015/5015 5014/5014/5014 1935/1935/1935
f 5014/5014/5014 5017/5017/5017 5016/5016/5016
f 5015/5015/5015 5017/5017/5017 5014/5014/5014
f 5018/5018/5018 5016/5016/5016 5017/5017/5017
f 5019/5019/5019 5016/5016/5016 5018/5018/5018
f 5020/5020/5020 5019/5019/5019 5018/5018/5018
f 5021/5021/5021 5019/5019/5019 5020/5020/5020
f 5020/5020/5020 5023/5023/5023 5022/5022/5022
f 5018/5018/5018 5023/5023/5023 5020/5020/5020
f 5023/5023/5023 5017/5017/5017 5024/5024/5024
f 5018/5018/5018 5017/5017/5017 5023/5023/5023
f 5017/5017/5017 5025/5025/5025 5024/5024/5024
f 5015/5015/5015 5025/5025/5025 5017/5017/5017
f 1930/1930/1930 5015/5015/5015 1929/1929/1929
f 5025/5025/5025 5015/5015/5015 1930/1930/1930
f 5025/5025/5025 1944/1944/1944 5026/5026/5026
f 1930/1930/1930 1944/1944/1944 5025/5025/5025
f 5026/5026/5026 5024/5024/5024 5025/5025/5025
f 5027/5027/5027 5024/5024/5024 5026/5026/5026
f 1945/1945/1945 5026/5026/5026 1944/1944/1944
f 5028/5028/5028 5026/5026/5026 1945/1945/1945
f 5028/5028/5028 5027/5027/5027 5026/5026/5026
f 5029/5029/5029 5027/5027/5027 5028/5028/5028
f 5030/5030/5030 5027/5027/5027 5029/5029/5029
f 5031/5031/5031 5027/5027/5027 5030/5030/5030
f 5024/5024/5024 5031/5031/5031 5023/5023/5023
f 5027/5027/5027 5031/5031/5031 5024/5024/5024
f 5032/5032/5032 5031/5031/5031 5030/5030/5030
f 5033/5033/5033 5031/5031/5031 5032/5032/5032
f 5023/5023/5023 5034/5034/5034 5022/5022/5022
f 5031/5031/5031 5034/5034/5034 5023/5023/5023
f 5037/5037/5037 5036/5036/5036 5035/5035/5035
f 5038/5038/5038 5036/5036/5036 5037/5037/5037
f 5039/5039/5039 5036/5036/5036 5038/5038/5038
f 5040/5040/5040 5036/5036/5036 5039/5039/5039
f 5041/5041/5041 5040/5040/5040 5039/5039/5039
f 5042/5042/5042 5040/5040/5040 5041/5041/5041
f 5043/5043/5043 5042/5042/5042 5041/5041/5041
f 5044/5044/5044 5042/5042/5042 5043/5043/5043
f 5045/5045/5045 5036/5036/5036 5040/5040/5040
f 5046/5046/5046 5036/5036/5036 5045/5045/5045
f 5047/5047/5047 5040/5040/5040 5042/5042/5042
f 5045/5045/5045 5040/5040/5040 5047/5047/5047
f 5048/5048/5048 5042/5042/5042 5044/5044/5044
f 5047/5047/5047 5042/5042/5042 5048/5048/5048
f 5031/5031/5031 5049/5049/5049 5034/5034/5034
f 5033/5033/5033 5049/5049/5049 5031/5031/5031
f 5046/5046/5046 5035/5035/5035 5036/5036/5036
f 5050/5050/5050 5035/5035/5035 5046/5046/5046
f 5053/5053/5053 5052/5052/5052 5051/5051/5051
f 5053/5053/5053 5051/5051/5051 5054/5054/5054
f 5056/5056/5056 5054/5054/5054 5055/5055/5055
f 5057/5057/5057 5054/5054/5054 5056/5056/5056
f 1799/1799/1799 5057/5057/5057 5058/5058/5058
f 1800/1800/1800 5057/5057/5057 1799/1799/1799
f 5060/5060/5060 5057/5057/5057 5059/5059/5059
f 5054/5054/5054 5057/5057/5057 5060/5060/5060
f 5061/5061/5061 1800/1800/1800 1801/1801/1801
f 5057/5057/5057 1800/1800/1800 5061/5061/5061
f 1801/1801/1801 1949/1949/1949 5061/5061/5061
f 1791/1791/1791 1949/1949/1949 1801/1801/1801
f 1954/1954/1954 5061/5061/5061 1949/1949/1949
f 5059/5059/5059 5061/5061/5061 1954/1954/1954
f 5059/5059/5059 5057/5057/5057 5061/5061/5061
f 4971/4971/4971 1945/1945/1945 1729/1729/1729
f 5028/5028/5028 1945/1945/1945 4971/4971/4971
f 4975/4975/4975 5029/5029/5029 4973/4973/4973
f 5030/5030/5030 5029/5029/5029 4975/4975/4975
f 5030/5030/5030 4977/4977/4977 5032/5032/5032
f 4975/4975/4975 4977/4977/4977 5030/5030/5030
f 4979/4979/4979 5038/5038/5038 5037/5037/5037
f 4985/4985/4985 5038/5038/5038 4979/4979/4979
f 4985/4985/4985 5039/5039/5039 5038/5038/5038
f 4987/4987/4987 5039/5039/5039 4985/4985/4985
f 4989/4989/4989 5039/5039/5039 4987/4987/4987
f 5041/5041/5041 5039/5039/5039 4989/4989/4989
f 5043/5043/5043 4989/4989/4989 4992/4992/4992
f 5041/5041/5041 4989/4989/4989 5043/5043/5043
f 5055/5055/5055 4993/4993/4993 4997/4997/4997
f 5051/5051/5051 4993/4993/4993 5055/5055/5055
f 5055/5055/5055 4999/4999/4999 5056/5056/5056
f 4997/4997/4997 4999/4999/4999 5055/5055/5055
f 4993/4993/4993 5052/5052/5052 4995/4995/4995
f 5051/5051/5051 5052/5052/5052 4993/4993/4993
f 5011/5011/5011 1799/1799/1799 5058/5058/5058
f 1734/1734/1734 1799/1799/1799 5011/5011/5011
f 5063/5063/5063 5060/5060/5060 5062/5062/5062
f 5054/5054/5054 5060/5060/5060 5063/5063/5063
f 5053/5053/5053 5063/5063/5063 5064/5064/5064
f 5054/5054/5054 5063/5063/5063 5053/5053/5053
f 5059/5059/5059 1954/1954/1954 1988/1988/1988
f 5060/5060/5060 5066/5066/5066 5065/5065/5065
f 5059/5059/5059 5066/5066/5066 5060/5060/5060
f 5067/5067/5067 5066/5066/5066 5059/5059/5059
f 5068/5068/5068 5062/5062/5062 5060/5060/5060
f 5069/5069/5069 5062/5062/5062 5068/5068/5068
f 5065/5065/5065 5068/5068/5068 5060/5060/5060
f 1929/1929/1929 5015/5015/5015 1935/1935/1935
f 1988/1988/1988 5067/5067/5067 5059/5059/5059
f 4986/4986/4986 5010/5010/5010 5009/5009/5009
f 4984/4984/4984 5010/5010/5010 4986/4986/4986
f 5055/5055/5055 5054/5054/5054 5051/5051/5051
f 4988/4988/4988 4990/4990/4990 4989/4989/4989
f 5029/5029/5029 4971/4971/4971 4973/4973/4973
f 5028/5028/5028 4971/4971/4971 5029/5029/5029
f 4973/4973/4973 4971/4971/4971 4972/4972/4972
f 4999/4999/4999 5058/5058/5058 5056/5056/5056
f 5011/5011/5011 5058/5058/5058 4999/4999/4999
f 5058/5058/5058 5057/5057/5057 5056/5056/5056
f 2269/2269/2269 5070/5070/5070 2268/2268/2268
f 5071/5071/5071 5070/5070/5070 2269/2269/2269
f 5074/5074/5074 5073/5073/5073 5072/5072/5072
f 5070/5070/5070 5073/5073/5073 5074/5074/5074
f 5076/5076/5076 5072/5072/5072 5075/5075/5075
f 5074/5074/5074 5072/5072/5072 5076/5076/5076
f 5079/5079/5079 5078/5078/5078 5077/5077/5077
f 5077/5077/5077 5081/5081/5081 5080/5080/5080
f 5077/5077/5077 5080/5080/5080 5079/5079/5079
f 5082/5082/5082 5074/5074/5074 5076/5076/5076
f 5084/5084/5084 5078/5078/5078 5083/5083/5083
f 5077/5077/5077 5078/5078/5078 5084/5084/5084
f 5086/5086/5086 5083/5083/5083 5085/5085/5085
f 5084/5084/5084 5083/5083/5083 5086/5086/5086
f 5088/5088/5088 5085/5085/5085 5087/5087/5087
f 5086/5086/5086 5085/5085/5085 5088/5088/5088
f 5090/5090/5090 5087/5087/5087 5089/5089/5089
f 5091/5091/5091 5087/5087/5087 5090/5090/5090
f 5094/5094/5094 5093/5093/5093 5092/5092/5092
f 5095/5095/5095 5093/5093/5093 5094/5094/5094
f 5093/5093/5093 5097/5097/5097 5096/5096/5096
f 5095/5095/5095 5097/5097/5097 5093/5093/5093
f 5096/5096/5096 5099/5099/5099 5098/5098/5098
f 5097/5097/5097 5099/5099/5099 5096/5096/5096
f 5101/5101/5101 5096/5096/5096 5100/5100/5100
f 5093/5093/5093 5096/5096/5096 5101/5101/5101
f 5102/5102/5102 5093/5093/5093 5101/5101/5101
f 5092/5092/5092 5093/5093/5093 5102/5102/5102
f 5100/5100/5100 5098/5098/5098 5103/5103/5103
f 5096/5096/5096 5098/5098/5098 5100/5100/5100
f 5105/5105/5105 5090/5090/5090 5104/5104/5104
f 5091/5091/5091 5090/5090/5090 5105/5105/5105
f 5106/5106/5106 5091/5091/5091 5105/5105/5105
f 5088/5088/5088 5091/5091/5091 5106/5106/5106
f 5107/5107/5107 5088/5088/5088 5106/5106/5106
f 5086/5086/5086 5088/5088/5088 5107/5107/5107
f 5086/5086/5086 5107/5107/5107 5108/5108/5108
f 5109/5109/5109 5077/5077/5077 5084/5084/5084
f 5081/5081/5081 5077/5077/5077 5109/5109/5109
f 5098/5098/5098 5111/5111/5111 5110/5110/5110
f 5099/5099/5099 5111/5111/5111 5098/5098/5098
f 5111/5111/5111 2271/2271/2271 5110/5110/5110
f 2270/2270/2270 2271/2271/2271 5111/5111/5111
f 5112/5112/5112 2271/2271/2271 2547/2547/2547
f 5110/5110/5110 2271/2271/2271 5112/5112/5112
f 5103/5103/5103 5110/5110/5110 5112/5112/5112
f 5098/5098/5098 5110/5110/5110 5103/5103/5103
f 2475/2475/2475 5114/5114/5114 5113/5113/5113
f 2540/2540/2540 5114/5114/5114 2475/2475/2475
f 5114/5114/5114 5115/5115/5115 5113/5113/5113
f 5116/5116/5116 5115/5115/5115 5114/5114/5114
f 5118/5118/5118 5116/5116/5116 5117/5117/5117
f 5115/5115/5115 5116/5116/5116 5118/5118/5118
f 5120/5120/5120 5117/5117/5117 5119/5119/5119
f 5118/5118/5118 5117/5117/5117 5120/5120/5120
f 5120/5120/5120 5121/5121/5121 5118/5118/5118
f 5122/5122/5122 5121/5121/5121 5120/5120/5120
f 5121/5121/5121 5115/5115/5115 5118/5118/5118
f 5123/5123/5123 5115/5115/5115 5121/5121/5121
f 5115/5115/5115 5124/5124/5124 5113/5113/5113
f 5123/5123/5123 5124/5124/5124 5115/5115/5115
f 2469/2469/2469 5113/5113/5113 5124/5124/5124
f 2470/2470/2470 5113/5113/5113 2469/2469/2469
f 5124/5124/5124 2483/2483/2483 2469/2469/2469
f 5125/5125/5125 2483/2483/2483 5124/5124/5124
f 5125/5125/5125 5123/5123/5123 5126/5126/5126
f 5124/5124/5124 5123/5123/5123 5125/5125/5125
f 2485/2485/2485 5125/5125/5125 5127/5127/5127
f 2483/2483/2483 5125/5125/5125 2485/2485/2485
f 5127/5127/5127 5126/5126/5126 5128/5128/5128
f 5125/5125/5125 5126/5126/5126 5127/5127/5127
f 5130/5130/5130 5126/5126/5126 5129/5129/5129
f 5128/5128/5128 5126/5126/5126 5130/5130/5130
f 5123/5123/5123 5129/5129/5129 5126/5126/5126
f 5121/5121/5121 5129/5129/5129 5123/5123/5123
f 5132/5132/5132 5129/5129/5129 5131/5131/5131
f 5130/5130/5130 5129/5129/5129 5132/5132/5132
f 5121/5121/5121 5133/5133/5133 5129/5129/5129
f 5122/5122/5122 5133/5133/5133 5121/5121/5121
f 5136/5136/5136 5135/5135/5135 5134/5134/5134
f 5137/5137/5137 5135/5135/5135 5136/5136/5136
f 5139/5139/5139 5135/5135/5135 5138/5138/5138
f 5134/5134/5134 5135/5135/5135 5139/5139/5139
f 5141/5141/5141 5138/5138/5138 5140/5140/5140
f 5139/5139/5139 5138/5138/5138 5141/5141/5141
f 5143/5143/5143 5140/5140/5140 5142/5142/5142
f 5141/5141/5141 5140/5140/5140 5143/5143/5143
f 5145/5145/5145 5135/5135/5135 5144/5144/5144
f 5138/5138/5138 5135/5135/5135 5145/5145/5145
f 5146/5146/5146 5138/5138/5138 5145/5145/5145
f 5140/5140/5140 5138/5138/5138 5146/5146/5146
f 5147/5147/5147 5140/5140/5140 5146/5146/5146
f 5142/5142/5142 5140/5140/5140 5147/5147/5147
f 5129/5129/5129 5148/5148/5148 5131/5131/5131
f 5133/5133/5133 5148/5148/5148 5129/5129/5129
f 5144/5144/5144 5137/5137/5137 5149/5149/5149
f 5135/5135/5135 5137/5137/5137 5144/5144/5144
f 5152/5152/5152 5151/5151/5151 5150/5150/5150
f 5153/5153/5153 5152/5152/5152 5150/5150/5150
f 5155/5155/5155 5153/5153/5153 5154/5154/5154
f 5156/5156/5156 5153/5153/5153 5155/5155/5155
f 2338/2338/2338 5154/5154/5154 2339/2339/2339
f 5157/5157/5157 5154/5154/5154 2338/2338/2338
f 5158/5158/5158 5154/5154/5154 5153/5153/5153
f 5159/5159/5159 5154/5154/5154 5158/5158/5158
f 5160/5160/5160 2339/2339/2339 5154/5154/5154
f 2340/2340/2340 2339/2339/2339 5160/5160/5160
f 2340/2340/2340 2487/2487/2487 2333/2333/2333
f 5160/5160/5160 2487/2487/2487 2340/2340/2340
f 2493/2493/2493 5160/5160/5160 5159/5159/5159
f 2487/2487/2487 5160/5160/5160 2493/2493/2493
f 5160/5160/5160 5154/5154/5154 5159/5159/5159
f 5071/5071/5071 2485/2485/2485 5127/5127/5127
f 2269/2269/2269 2485/2485/2485 5071/5071/5071
f 5072/5072/5072 5128/5128/5128 5130/5130/5130
f 5073/5073/5073 5128/5128/5128 5072/5072/5072
f 5130/5130/5130 5075/5075/5075 5072/5072/5072
f 5132/5132/5132 5075/5075/5075 5130/5130/5130
f 5078/5078/5078 5134/5134/5134 5083/5083/5083
f 5136/5136/5136 5134/5134/5134 5078/5078/5078
f 5083/5083/5083 5139/5139/5139 5085/5085/5085
f 5134/5134/5134 5139/5139/5139 5083/5083/5083
f 5087/5087/5087 5139/5139/5139 5141/5141/5141
f 5085/5085/5085 5139/5139/5139 5087/5087/5087
f 5143/5143/5143 5087/5087/5087 5141/5141/5141
f 5089/5089/5089 5087/5087/5087 5143/5143/5143
f 5156/5156/5156 5095/5095/5095 5152/5152/5152
f 5097/5097/5097 5095/5095/5095 5156/5156/5156
f 5156/5156/5156 5099/5099/5099 5097/5097/5097
f 5155/5155/5155 5099/5099/5099 5156/5156/5156
f 5095/5095/5095 5151/5151/5151 5152/5152/5152
f 5094/5094/5094 5151/5151/5151 5095/5095/5095
f 5111/5111/5111 2338/2338/2338 2270/2270/2270
f 5157/5157/5157 2338/2338/2338 5111/5111/5111
f 5161/5161/5161 5158/5158/5158 5153/5153/5153
f 5162/5162/5162 5158/5158/5158 5161/5161/5161
f 5150/5150/5150 5161/5161/5161 5153/5153/5153
f 5163/5163/5163 5161/5161/5161 5150/5150/5150
f 2526/2526/2526 2493/2493/2493 5159/5159/5159
f 5158/5158/5158 5164/5164/5164 5159/5159/5159
f 5165/5165/5165 5164/5164/5164 5158/5158/5158
f 5159/5159/5159 5164/5164/5164 5166/5166/5166
f 5168/5168/5168 5162/5162/5162 5167/5167/5167
f 5158/5158/5158 5162/5162/5162 5168/5168/5168
f 5158/5158/5158 5168/5168/5168 5165/5165/5165
f 2475/2475/2475 5113/5113/5113 2470/2470/2470
f 5159/5159/5159 5166/5166/5166 2526/2526/2526
f 5086/5086/5086 5109/5109/5109 5084/5084/5084
f 5108/5108/5108 5109/5109/5109 5086/5086/5086
f 5152/5152/5152 5153/5153/5153 5156/5156/5156
f 5087/5087/5087 5091/5091/5091 5088/5088/5088
f 5128/5128/5128 5071/5071/5071 5127/5127/5127
f 5073/5073/5073 5071/5071/5071 5128/5128/5128
f 5070/5070/5070 5071/5071/5071 5073/5073/5073
f 5099/5099/5099 5157/5157/5157 5111/5111/5111
f 5155/5155/5155 5157/5157/5157 5099/5099/5099
f 5155/5155/5155 5154/5154/5154 5157/5157/5157
usemtl Screen
f 5171/5171/5171 5170/5170/5170 5169/5169/5169
f 5172/5172/5172 5170/5170/5170 5171/5171/5171
f 5171/5171/5171 5169/5169/5169 5173/5173/5173
f 5171/5171/5171 5174/5174/5174 5172/5172/5172
f 5175/5175/5175 5174/5174/5174 5171/5171/5171
f 5175/5175/5175 5171/5171/5171 5176/5176/5176
f 5171/5171/5171 5178/5178/5178 5177/5177/5177
f 5179/5179/5179 5178/5178/5178 5171/5171/5171
f 5171/5171/5171 5177/5177/5177 5180/5180/5180
f 5171/5171/5171 5181/5181/5181 5179/5179/5179
f 5171/5171/5171 5182/5182/5182 5181/5181/5181
f 5173/5173/5173 5182/5182/5182 5171/5171/5171
f 5185/5185/5185 5184/5184/5184 5183/5183/5183
f 5186/5186/5186 5184/5184/5184 5185/5185/5185
