# Exported from Godot Engine
mtllib Wheel_Arachnid.mtl
o Wheel_Arachnid
v 0.067467 -0.009760 0.142629
vt 0.101379 0.154297
vn -0.158386 0.974594 -0.158367
v 0.071399 -0.021863 0.142629
vt 0.064209 0.154297
vn -0.158386 0.974594 -0.158367
v 0.067467 -0.009760 0.154760
vt 0.101318 0.189941
vn -0.158386 0.974594 -0.158367
v 0.071399 -0.021863 0.154760
vt 0.064209 0.189941
vn -0.158386 0.974594 -0.158367
v 0.055020 -0.007115 0.142629
vt 0.138428 0.154297
vn -0.677925 0.284254 -0.677950
v 0.067467 -0.009760 0.142629
vt 0.101379 0.154297
vn -0.677925 0.284254 -0.677950
v 0.055020 -0.007115 0.154760
vt 0.138428 0.189941
vn -0.677925 0.284254 -0.677950
v 0.067467 -0.009760 0.154760
vt 0.101318 0.189941
vn -0.677925 0.284254 -0.677950
v 0.046505 -0.016571 0.142629
vt 0.175659 0.154297
vn -0.782495 0.391235 0.484394
v 0.055020 -0.007115 0.142629
vt 0.138428 0.154297
vn -0.782495 0.391235 0.484394
v 0.046505 -0.016571 0.154760
vt 0.175537 0.189941
vn -0.782495 0.391235 0.484394
v 0.055020 -0.007115 0.154760
vt 0.138428 0.189941
vn -0.782495 0.391235 0.484394
v 0.050437 -0.028674 0.142629
vt 0.212769 0.154785
vn 0.355952 0.177987 0.917398
v 0.046505 -0.016571 0.142629
vt 0.175659 0.154297
vn 0.355952 0.177987 0.917398
v 0.050437 -0.028674 0.154760
vt 0.212769 0.189941
vn 0.355952 0.177987 0.917398
v 0.046505 -0.016571 0.154760
vt 0.175537 0.189941
vn 0.355952 0.177987 0.917398
v 0.062884 -0.031319 0.142629
vt 0.250000 0.154785
vn 0.892780 0.263784 -0.365188
v 0.050437 -0.028674 0.142629
vt 0.212769 0.154785
vn 0.892780 0.263784 -0.365188
v 0.062884 -0.031319 0.154760
vt 0.250244 0.189941
vn 0.892780 0.263784 -0.365188
v 0.050437 -0.028674 0.154760
vt 0.212769 0.189941
vn 0.892780 0.263784 -0.365188
v 0.071399 -0.021863 0.142629
vt 0.064209 0.154297
vn 0.377730 0.845397 -0.377656
v 0.062884 -0.031319 0.142629
vt 0.027084 0.154297
vn 0.377730 0.845397 -0.377656
v 0.071399 -0.021863 0.154760
vt 0.064209 0.189941
vn 0.377730 0.845397 -0.377656
v 0.062884 -0.031319 0.154760
vt 0.027054 0.189941
vn 0.377730 0.845397 -0.377656
v 0.067467 -0.009760 0.154760
vt 0.250244 0.255859
vn 0.920301 0.231206 -0.315580
v 0.071399 -0.021863 0.154760
vt 0.269287 0.222656
vn 0.937626 0.202095 -0.282868
v 0.058952 -0.019217 0.158012
vt 0.231445 0.222656
vn 0.892780 0.263784 -0.365188
v 0.055020 -0.007115 0.154760
vt 0.212524 0.255859
vn 0.885162 0.389283 -0.254847
v 0.046505 -0.016571 0.154760
vt 0.193604 0.222656
vn 0.861246 0.479943 -0.167062
v 0.050437 -0.028674 0.154760
vt 0.212769 0.189941
vn 0.885162 0.389283 -0.254847
v 0.062884 -0.031319 0.154760
vt 0.250244 0.189941
vn 0.918140 0.223976 -0.326885
v 0.011566 -0.067181 0.142629
vt 0.212891 0.154785
vn -0.876774 -0.438398 0.197673
v 0.001271 -0.074661 0.142629
vt 0.250000 0.154785
vn -0.876774 -0.438398 0.197673
v 0.011566 -0.067181 0.154760
vt 0.212769 0.189941
vn -0.876774 -0.438398 0.197673
v 0.001271 -0.074661 0.154760
vt 0.250244 0.190430
vn -0.876774 -0.438398 0.197673
v 0.010236 -0.054525 0.142629
vt 0.175781 0.154785
vn 0.107988 -0.054003 0.992684
v 0.011566 -0.067181 0.142629
vt 0.212891 0.154785
vn 0.107988 -0.054003 0.992684
v 0.010236 -0.054525 0.154760
vt 0.175659 0.189941
vn 0.107988 -0.054003 0.992684
v 0.011566 -0.067181 0.154760
vt 0.212769 0.189941
vn 0.107988 -0.054003 0.992684
v -0.001389 -0.049350 0.142629
vt 0.138672 0.154297
vn 0.904226 -0.423088 -0.058071
v 0.010236 -0.054525 0.142629
vt 0.175781 0.154785
vn 0.904226 -0.423088 -0.058071
v -0.001389 -0.049350 0.154760
vt 0.138550 0.189941
vn 0.904226 -0.423088 -0.058071
v 0.010236 -0.054525 0.154760
vt 0.175659 0.189941
vn 0.904226 -0.423088 -0.058071
v -0.011684 -0.056829 0.142629
vt 0.101501 0.154297
vn 0.493532 -0.716155 -0.493506
v -0.001389 -0.049350 0.142629
vt 0.138672 0.154297
vn 0.493532 -0.716155 -0.493506
v -0.011684 -0.056829 0.154760
vt 0.101379 0.189941
vn 0.493532 -0.716155 -0.493506
v -0.001389 -0.049350 0.154760
vt 0.138550 0.189941
vn 0.493532 -0.716155 -0.493506
v -0.010354 -0.069485 0.142629
vt 0.064331 0.154297
vn -0.051442 -0.997348 -0.051493
v -0.011684 -0.056829 0.142629
vt 0.101501 0.154297
vn -0.051442 -0.997348 -0.051493
v -0.010354 -0.069485 0.154760
vt 0.064270 0.189453
vn -0.051442 -0.997348 -0.051493
v -0.011684 -0.056829 0.154760
vt 0.101379 0.189941
vn -0.051442 -0.997348 -0.051493
v 0.001271 -0.074661 0.142629
vt 0.027237 0.154297
vn -0.600477 -0.527977 -0.600556
v -0.010354 -0.069485 0.142629
vt 0.064331 0.154297
vn -0.600477 -0.527977 -0.600556
v 0.001271 -0.074661 0.154760
vt 0.027115 0.189453
vn -0.600477 -0.527977 -0.600556
v -0.010354 -0.069485 0.154760
vt 0.064270 0.189453
vn -0.600477 -0.527977 -0.600556
v 0.011566 -0.067181 0.154760
vt 0.212769 0.189941
vn -0.838026 -0.481253 0.257116
v 0.001271 -0.074661 0.154760
vt 0.250244 0.190430
vn -0.902900 -0.389746 0.181300
v -0.000059 -0.062005 0.158011
vt 0.231445 0.223145
vn -0.876774 -0.438398 0.197673
v 0.010236 -0.054525 0.154760
vt 0.193481 0.222656
vn -0.795959 -0.522618 0.305482
v -0.001389 -0.049350 0.154760
vt 0.212402 0.255859
vn -0.835440 -0.483907 0.260528
v -0.011684 -0.056829 0.154760
vt 0.250244 0.255859
vn -0.902900 -0.389746 0.181300
v -0.010354 -0.069485 0.154760
vt 0.269287 0.223145
vn -0.922554 -0.351309 0.159610
v -0.060319 -0.031760 0.142629
vt 0.027237 0.154297
vn -0.493538 -0.716111 -0.493564
v -0.070614 -0.024280 0.142629
vt 0.064331 0.154297
vn -0.493538 -0.716111 -0.493564
v -0.060319 -0.031760 0.154760
vt 0.027115 0.189453
vn -0.493538 -0.716111 -0.493564
v -0.070614 -0.024280 0.154760
vt 0.064270 0.189453
vn -0.493538 -0.716111 -0.493564
v -0.048694 -0.026584 0.142629
vt 0.212891 0.154785
vn -0.904240 -0.423052 -0.058114
v -0.060319 -0.031760 0.142629
vt 0.250000 0.154785
vn -0.904240 -0.423052 -0.058114
v -0.048694 -0.026584 0.154760
vt 0.212769 0.189941
vn -0.904240 -0.423052 -0.058114
v -0.060319 -0.031760 0.154760
vt 0.250244 0.190430
vn -0.904240 -0.423052 -0.058114
v -0.047364 -0.013928 0.142629
vt 0.175781 0.154785
vn -0.108027 -0.054005 0.992680
v -0.048694 -0.026584 0.142629
vt 0.212891 0.154785
vn -0.108027 -0.054005 0.992680
v -0.047364 -0.013928 0.154760
vt 0.175659 0.189941
vn -0.108027 -0.054005 0.992680
v -0.048694 -0.026584 0.154760
vt 0.212769 0.189941
vn -0.108027 -0.054005 0.992680
v -0.057659 -0.006449 0.142629
vt 0.138672 0.154297
vn 0.876755 -0.438412 0.197725
v -0.047364 -0.013928 0.142629
vt 0.175781 0.154785
vn 0.876755 -0.438412 0.197725
v -0.057659 -0.006449 0.154760
vt 0.138550 0.189941
vn 0.876755 -0.438412 0.197725
v -0.047364 -0.013928 0.154760
vt 0.175659 0.189941
vn 0.876755 -0.438412 0.197725
v -0.069284 -0.011625 0.142629
vt 0.101501 0.154297
vn 0.600479 -0.528031 -0.600506
v -0.057659 -0.006449 0.142629
vt 0.138672 0.154297
vn 0.600479 -0.528031 -0.600506
v -0.069284 -0.011625 0.154760
vt 0.101379 0.189941
vn 0.600479 -0.528031 -0.600506
v -0.057659 -0.006449 0.154760
vt 0.138550 0.189941
vn 0.600479 -0.528031 -0.600506
v -0.070614 -0.024280 0.142629
vt 0.064331 0.154297
vn 0.051441 -0.997350 -0.051457
v -0.069284 -0.011625 0.142629
vt 0.101501 0.154297
vn 0.051441 -0.997350 -0.051457
v -0.070614 -0.024280 0.154760
vt 0.064270 0.189453
vn 0.051441 -0.997350 -0.051457
v -0.069284 -0.011625 0.154760
vt 0.101379 0.189941
vn 0.051441 -0.997350 -0.051457
v -0.060319 -0.031760 0.154760
vt 0.250244 0.190430
vn -0.923915 -0.379971 -0.044759
v -0.070614 -0.024280 0.154760
vt 0.269287 0.223145
vn -0.938604 -0.342529 -0.041182
v -0.058989 -0.019104 0.158012
vt 0.231445 0.223145
vn -0.902387 -0.428534 -0.045340
v -0.048694 -0.026584 0.154760
vt 0.212769 0.189941
vn -0.870286 -0.492415 0.011385
v -0.047364 -0.013928 0.154760
vt 0.193481 0.222656
vn -0.840738 -0.536728 0.071294
v -0.057659 -0.006449 0.154760
vt 0.212402 0.255859
vn -0.868612 -0.495259 0.015214
v -0.069284 -0.011625 0.154760
vt 0.250244 0.255859
vn -0.923915 -0.379971 -0.044759
v -0.048845 0.047552 0.142629
vt 0.064331 0.154297
vn 0.158342 -0.974602 -0.158361
v -0.044913 0.059655 0.142629
vt 0.101501 0.154297
vn 0.158342 -0.974602 -0.158361
v -0.048845 0.047552 0.154760
vt 0.064270 0.189453
vn 0.158342 -0.974602 -0.158361
v -0.044913 0.059655 0.154760
vt 0.101379 0.189941
vn 0.158342 -0.974602 -0.158361
v -0.040330 0.038096 0.142629
vt 0.027237 0.154297
vn -0.377689 -0.845367 -0.377763
v -0.048845 0.047552 0.142629
vt 0.064331 0.154297
vn -0.377689 -0.845367 -0.377763
v -0.040330 0.038096 0.154760
vt 0.027115 0.189453
vn -0.377689 -0.845367 -0.377763
v -0.048845 0.047552 0.154760
vt 0.064270 0.189453
vn -0.377689 -0.845367 -0.377763
v -0.027883 0.040741 0.142629
vt 0.212891 0.154785
vn -0.892751 -0.263743 -0.365288
v -0.040330 0.038096 0.142629
vt 0.250000 0.154785
vn -0.892751 -0.263743 -0.365288
v -0.027883 0.040741 0.154760
vt 0.212769 0.189941
vn -0.892751 -0.263743 -0.365288
v -0.040330 0.038096 0.154760
vt 0.250244 0.190430
vn -0.892751 -0.263743 -0.365288
v -0.023951 0.052844 0.142629
vt 0.175781 0.154785
vn -0.356017 -0.178042 0.917362
v -0.027883 0.040741 0.142629
vt 0.212891 0.154785
vn -0.356017 -0.178042 0.917362
v -0.023951 0.052844 0.154760
vt 0.175659 0.189941
vn -0.356017 -0.178042 0.917362
v -0.027883 0.040741 0.154760
vt 0.212769 0.189941
vn -0.356017 -0.178042 0.917362
v -0.032465 0.062300 0.142629
vt 0.138672 0.154297
vn 0.782459 -0.391293 0.484404
v -0.023951 0.052844 0.142629
vt 0.175781 0.154785
vn 0.782459 -0.391293 0.484404
v -0.032465 0.062300 0.154760
vt 0.138550 0.189941
vn 0.782459 -0.391293 0.484404
v -0.023951 0.052844 0.154760
vt 0.175659 0.189941
vn 0.782459 -0.391293 0.484404
v -0.044913 0.059655 0.142629
vt 0.101501 0.154297
vn 0.677889 -0.284310 -0.677964
v -0.032465 0.062300 0.142629
vt 0.138672 0.154297
vn 0.677889 -0.284310 -0.677964
v -0.044913 0.059655 0.154760
vt 0.101379 0.189941
vn 0.677889 -0.284310 -0.677964
v -0.032465 0.062300 0.154760
vt 0.138550 0.189941
vn 0.677889 -0.284310 -0.677964
v -0.048845 0.047552 0.154760
vt 0.269287 0.223145
vn -0.937606 -0.202057 -0.282962
v -0.044913 0.059655 0.154760
vt 0.250244 0.255859
vn -0.920277 -0.231166 -0.315677
v -0.036398 0.050198 0.158012
vt 0.231445 0.223145
vn -0.892751 -0.263743 -0.365288
v -0.040330 0.038096 0.154760
vt 0.250244 0.190430
vn -0.920277 -0.231166 -0.315677
v -0.027883 0.040741 0.154760
vt 0.212769 0.189941
vn -0.886266 -0.382456 -0.261267
v -0.023951 0.052844 0.154760
vt 0.193481 0.222656
vn -0.861109 -0.483578 -0.156984
v -0.032465 0.062300 0.154760
vt 0.212402 0.255859
vn -0.885147 -0.389250 -0.254949
v 0.030131 0.061149 0.142629
vt 0.101501 0.154297
vn 0.707074 0.000000 -0.707139
v 0.042856 0.061149 0.142629
vt 0.138672 0.154297
vn 0.707074 0.000000 -0.707139
v 0.030131 0.061149 0.154760
vt 0.101379 0.189941
vn 0.707074 0.000000 -0.707139
v 0.042856 0.061149 0.154760
vt 0.138550 0.189941
vn 0.707074 0.000000 -0.707139
v 0.023768 0.050128 0.142629
vt 0.064331 0.154297
vn 0.267506 -0.925685 -0.267484
v 0.030131 0.061149 0.142629
vt 0.101501 0.154297
vn 0.267506 -0.925685 -0.267484
v 0.023768 0.050128 0.154760
vt 0.064270 0.189453
vn 0.267506 -0.925685 -0.267484
v 0.030131 0.061149 0.154760
vt 0.101379 0.189941
vn 0.267506 -0.925685 -0.267484
v 0.030131 0.039108 0.142629
vt 0.027237 0.154297
vn -0.267514 -0.925668 -0.267536
v 0.023768 0.050128 0.142629
vt 0.064331 0.154297
vn -0.267514 -0.925668 -0.267536
v 0.030131 0.039108 0.154760
vt 0.027115 0.189453
vn -0.267514 -0.925668 -0.267536
v 0.023768 0.050128 0.154760
vt 0.064270 0.189453
vn -0.267514 -0.925668 -0.267536
v 0.042856 0.039108 0.142629
vt 0.212891 0.154785
vn -0.707074 0.000000 -0.707139
v 0.030131 0.039108 0.142629
vt 0.250000 0.154785
vn -0.707074 0.000000 -0.707139
v 0.042856 0.039108 0.154760
vt 0.212769 0.189941
vn -0.707074 0.000000 -0.707139
v 0.030131 0.039108 0.154760
vt 0.250244 0.190430
vn -0.707074 0.000000 -0.707139
v 0.049219 0.050128 0.142629
vt 0.175781 0.154785
vn -0.601602 -0.300813 0.739991
v 0.042856 0.039108 0.142629
vt 0.212891 0.154785
vn -0.601602 -0.300813 0.739991
v 0.049219 0.050128 0.154760
vt 0.175659 0.189941
vn -0.601602 -0.300813 0.739991
v 0.042856 0.039108 0.154760
vt 0.212769 0.189941
vn -0.601602 -0.300813 0.739991
v 0.042856 0.061149 0.142629
vt 0.138672 0.154297
vn 0.601547 -0.300811 0.740036
v 0.049219 0.050128 0.142629
vt 0.175781 0.154785
vn 0.601547 -0.300811 0.740036
v 0.042856 0.061149 0.154760
vt 0.138550 0.189941
vn 0.601547 -0.300811 0.740036
v 0.049219 0.050128 0.154760
vt 0.175659 0.189941
vn 0.601547 -0.300811 0.740036
v 0.030131 0.061149 0.154760
vt 0.250244 0.255859
vn -0.622842 0.000000 -0.782348
v 0.042856 0.061149 0.154760
vt 0.212280 0.255859
vn -0.778673 -0.176714 -0.602030
v 0.036494 0.050128 0.158012
vt 0.231445 0.223145
vn -0.707074 0.000000 -0.707139
v 0.023768 0.050128 0.154760
vt 0.269287 0.223145
vn -0.553626 0.000000 -0.832766
v 0.030131 0.039108 0.154760
vt 0.250244 0.190430
vn -0.622842 0.000000 -0.782348
v 0.042856 0.039108 0.154760
vt 0.212769 0.189941
vn -0.775344 -0.166115 -0.609300
v 0.049219 0.050128 0.154760
vt 0.193481 0.222656
vn -0.811353 -0.326661 -0.484767
v 0.281005 0.091323 -0.059382
vt 0.136719 0.020508
vn 0.355952 0.177987 0.917398
v 0.279008 0.090674 0.176564
vt 0.136719 0.069824
vn 0.355952 0.177987 0.917398
v 0.295467 0.000017 -0.059382
vt 0.156982 0.020508
vn -0.000015 0.000015 1.000000
v 0.293367 0.000017 0.176564
vt 0.156982 0.069824
vn -0.000015 0.000015 1.000000
v 0.281006 -0.091289 -0.059382
vt 0.177124 0.020508
vn -0.356006 0.177992 0.917376
v 0.279009 -0.090640 0.176564
vt 0.177124 0.069824
vn -0.356006 0.177992 0.917376
v 0.239036 -0.173659 -0.059382
vt 0.197144 0.020508
vn -0.703339 0.351657 0.617779
v 0.237337 -0.172425 0.176564
vt 0.197144 0.069824
vn -0.703339 0.351657 0.617779
v 0.173668 -0.239027 -0.059382
vt 0.217285 0.020508
vn -0.876784 0.438357 0.197721
v 0.172434 -0.237328 0.176564
vt 0.217285 0.069824
vn -0.876784 0.438357 0.197721
v 0.173668 -0.239027 -0.059382
vt 0.010857 0.020020
vn -0.876784 0.438357 0.197721
v 0.172434 -0.237328 0.176564
vt 0.010857 0.069824
vn -0.876784 0.438357 0.197721
v 0.091300 -0.280996 -0.059382
vt 0.030304 0.020020
vn -0.912812 0.359568 -0.193608
v 0.090651 -0.278998 0.176564
vt 0.030304 0.069824
vn -0.912812 0.359568 -0.193608
v -0.000009 -0.295458 -0.059382
vt 0.049652 0.020020
vn -0.707118 0.000000 -0.707096
v -0.000009 -0.293358 0.176564
vt 0.049652 0.069824
vn -0.707118 0.000000 -0.707096
v -0.091315 -0.280996 -0.059382
vt 0.069153 0.020020
vn -0.642537 0.417603 -0.642459
v -0.090666 -0.278999 0.176564
vt 0.069153 0.069824
vn -0.642537 0.417603 -0.642459
v -0.173683 -0.239027 -0.059382
vt 0.088989 0.020020
vn -0.493590 0.716111 -0.493512
v -0.172448 -0.237328 0.176564
vt 0.088989 0.069824
vn -0.493590 0.716111 -0.493512
v -0.239052 -0.173659 -0.059382
vt 0.109009 0.020020
vn -0.322773 0.889747 -0.322750
v -0.237352 -0.172424 0.176564
vt 0.109009 0.069824
vn -0.322773 0.889747 -0.322750
v -0.281020 -0.091289 -0.059382
vt 0.129272 0.020020
vn -0.158386 0.974594 -0.158367
v -0.279023 -0.090640 0.176564
vt 0.129272 0.069824
vn -0.158386 0.974594 -0.158367
v -0.295482 0.000017 -0.059382
vt 0.149780 0.020020
vn 0.000000 1.000000 -0.000015
v -0.293382 0.000017 0.176564
vt 0.149780 0.069824
vn 0.000000 1.000000 -0.000015
v -0.281021 0.091323 -0.059382
vt 0.170532 0.020020
vn 0.158381 0.974602 -0.158322
v -0.279024 0.090674 0.176564
vt 0.170532 0.069824
vn 0.158381 0.974602 -0.158322
v -0.239051 0.173693 -0.059382
vt 0.191284 0.020020
vn 0.322765 0.889770 -0.322695
v -0.237352 0.172459 0.176564
vt 0.191284 0.069824
vn 0.322765 0.889770 -0.322695
v -0.173683 0.239061 -0.059382
vt 0.212158 0.020020
vn 0.493584 0.716155 -0.493454
v -0.172449 0.237362 0.176564
vt 0.212158 0.069824
vn 0.493584 0.716155 -0.493454
v -0.173683 0.239061 -0.059382
vt 0.013100 0.020508
vn 0.493584 0.716155 -0.493454
v -0.172449 0.237362 0.176564
vt 0.013100 0.069824
vn 0.493584 0.716155 -0.493454
v -0.091315 0.281030 -0.059382
vt 0.033752 0.020508
vn 0.642545 0.417659 -0.642415
v -0.090666 0.279032 0.176564
vt 0.033752 0.069824
vn 0.642545 0.417659 -0.642415
v -0.000007 0.295492 -0.059382
vt 0.054474 0.020508
vn 0.707118 0.000000 -0.707096
v -0.000007 0.293392 0.176564
vt 0.054474 0.069824
vn 0.707118 0.000000 -0.707096
v 0.091299 0.281030 -0.059382
vt 0.075134 0.020508
vn 0.912806 0.359610 -0.193562
v 0.090650 0.279033 0.176564
vt 0.075134 0.069824
vn 0.912806 0.359610 -0.193562
v 0.173667 0.239061 -0.059382
vt 0.095764 0.020508
vn 0.876765 0.438371 0.197774
v 0.172433 0.237361 0.176564
vt 0.095764 0.069824
vn 0.876765 0.438371 0.197774
v 0.239036 0.173693 -0.059382
vt 0.116333 0.020508
vn 0.703291 0.351658 0.617833
v 0.237337 0.172458 0.176564
vt 0.116333 0.069824
vn 0.703291 0.351658 0.617833
v 0.020766 0.010979 0.157529
vt 0.957520 0.020020
vn 0.216469 -0.939492 -0.265510
v 0.020544 0.011497 0.157134
vt 0.960449 0.021973
vn 0.216469 -0.939492 -0.265510
v 0.021805 0.013402 0.157529
vt 0.966797 0.017090
vn 0.213259 -0.943327 -0.254271
v 0.021251 0.013154 0.157134
vt 0.965332 0.020020
vn 0.213259 -0.943327 -0.254271
v -0.021266 0.013154 0.157134
vt 0.965332 0.172852
vn -0.213266 -0.943312 -0.254321
v -0.020560 0.011497 0.157134
vt 0.960449 0.171387
vn -0.216475 -0.939476 -0.265562
v -0.021820 0.013402 0.157529
vt 0.966797 0.176270
vn -0.213266 -0.943312 -0.254321
v -0.020782 0.010979 0.157529
vt 0.957520 0.173340
vn -0.216475 -0.939476 -0.265562
v 0.021805 0.013402 0.157529
vt 0.966797 0.017090
vn -0.777705 -0.475532 -0.411151
v 0.021251 0.013154 0.157134
vt 0.965332 0.020020
vn -0.777705 -0.475532 -0.411151
v 0.010868 0.016474 0.157529
vt 0.975586 0.056152
vn -0.644916 -0.685196 0.338511
v 0.010799 0.016085 0.157134
vt 0.972656 0.056641
vn -0.644916 -0.685196 0.338511
v -0.000008 0.017495 0.157529
vt 0.978027 0.096680
vn -0.000020 -0.420817 0.907146
v -0.000008 0.017100 0.157134
vt 0.975098 0.096680
vn -0.000020 -0.420817 0.907146
v -0.010883 0.016474 0.157529
vt 0.975586 0.136719
vn 0.643089 -0.683351 0.345643
v -0.010815 0.016085 0.157134
vt 0.972656 0.136230
vn 0.644875 -0.685207 0.338568
v -0.021820 0.013402 0.157529
vt 0.966797 0.176270
vn 0.777702 -0.475581 -0.411098
v -0.021266 0.013154 0.157134
vt 0.965332 0.172852
vn 0.774501 -0.466747 -0.426961
v 0.021251 0.013154 0.157134
vt 0.965332 0.020020
vn 0.055406 0.996928 -0.055355
v 0.020544 0.011497 0.157134
vt 0.960449 0.021973
vn 0.051474 0.997350 -0.051424
v 0.010799 0.016085 0.157134
vt 0.972656 0.056641
vn 0.027779 0.999229 -0.027731
v 0.010456 0.014443 0.157134
vt 0.966309 0.057617
vn 0.023804 0.999434 -0.023757
v -0.000008 0.017100 0.157134
vt 0.975098 0.096680
vn 0.000000 1.000000 -0.000015
v -0.000008 0.015395 0.157134
vt 0.968750 0.096680
vn 0.000000 1.000000 -0.000015
v -0.010815 0.016085 0.157134
vt 0.972656 0.136230
vn -0.023805 0.999434 -0.023789
v -0.010472 0.014443 0.157134
vt 0.966309 0.135742
vn -0.027780 0.999228 -0.027764
v -0.021266 0.013154 0.157134
vt 0.965332 0.172852
vn -0.051476 0.997348 -0.051459
v -0.020560 0.011497 0.157134
vt 0.960449 0.171387
vn -0.055407 0.996926 -0.055391
v 0.020766 0.010979 0.157529
vt 0.957520 0.020020
vn 0.946453 -0.314467 0.073055
v 0.010378 0.014058 0.157529
vt 0.963867 0.058105
vn -0.976404 -0.213008 -0.035532
v 0.020544 0.011497 0.157134
vt 0.960449 0.021973
vn 0.947170 -0.311527 0.076288
v 0.010456 0.014443 0.157134
vt 0.966309 0.057617
vn -0.976404 -0.213008 -0.035532
v -0.000008 0.015002 0.157529
vt 0.965820 0.096680
vn 0.867775 -0.000062 0.496957
v -0.000008 0.015395 0.157134
vt 0.968750 0.096680
vn 0.867775 -0.000062 0.496957
v -0.010393 0.014058 0.157529
vt 0.963867 0.135254
vn 0.975844 -0.216867 -0.026397
v -0.010472 0.014443 0.157134
vt 0.966309 0.135742
vn 0.975844 -0.216867 -0.026397
v -0.020782 0.010979 0.157529
vt 0.957520 0.173340
vn -0.946460 -0.314455 0.073011
v -0.020560 0.011497 0.157134
vt 0.960449 0.171387
vn -0.944336 -0.324431 0.054540
v -0.000008 -0.024334 0.157529
vt 0.827148 0.096191
vn 0.092445 0.993810 -0.061601
v -0.000008 -0.020934 0.157134
vt 0.838867 0.096191
vn 0.092445 0.993810 -0.061601
v 0.006431 0.008585 0.157529
vt 0.938965 0.070312
vn 0.091313 0.992331 -0.083317
v 0.005969 0.009198 0.157134
vt 0.941406 0.073242
vn 0.091313 0.992331 -0.083317
v 0.005969 0.009198 0.157134
vt 0.941406 0.073242
vn 0.740411 0.480277 -0.470240
v 0.010610 0.009083 0.157134
vt 0.943359 0.055664
vn -0.267315 0.951865 0.149984
v 0.006431 0.008585 0.157529
vt 0.938965 0.070312
vn 0.740813 0.487255 -0.462363
v 0.010532 0.008509 0.157529
vt 0.940430 0.055664
vn -0.312478 0.943722 0.108379
v 0.013476 0.007264 0.157529
vt 0.937500 0.044434
vn -0.458451 0.824295 -0.332207
v 0.013921 0.007651 0.157134
vt 0.940430 0.042969
vn -0.379931 0.917224 -0.119804
v 0.014578 0.006466 0.157134
vt 0.937012 0.039551
vn -0.203843 0.976957 -0.063271
v 0.014230 0.005645 0.157529
vt 0.933594 0.040039
vn -0.203843 0.976957 -0.063271
v 0.019760 0.009734 0.157529
vt 0.951172 0.024902
vn 0.486932 -0.582533 -0.650809
v 0.014230 0.005645 0.157529
vt 0.933594 0.040039
vn 0.487195 -0.591988 -0.642021
v 0.018716 0.009466 0.157134
vt 0.949219 0.028320
vn 0.486932 -0.582533 -0.650809
v 0.014578 0.006466 0.157134
vt 0.937012 0.039551
vn 0.487195 -0.591988 -0.642021
v -0.000008 0.007986 0.157529
vt 0.939941 0.096191
vn 0.303201 0.847288 -0.436088
v 0.004804 0.013239 0.157529
vt 0.957031 0.077148
vn 0.374349 0.626606 -0.683540
v -0.000008 0.007049 0.157134
vt 0.935547 0.096191
vn 0.303201 0.847288 -0.436088
v 0.005038 0.012622 0.157134
vt 0.954102 0.075684
vn 0.367918 0.630717 -0.683251
v 0.011253 0.012225 0.157529
vt 0.956055 0.054688
vn -0.268754 0.559502 -0.784046
v 0.011160 0.011653 0.157134
vt 0.952637 0.054688
vn -0.274066 0.555475 -0.785070
v 0.017203 0.010649 0.157529
vt 0.953613 0.033203
vn -0.404227 0.538935 -0.739020
v 0.016958 0.010119 0.157134
vt 0.950684 0.034180
vn -0.404227 0.538935 -0.739020
v 0.018716 0.009466 0.157134
vt 0.949219 0.028320
vn -0.431400 0.566657 -0.701992
v 0.019760 0.009734 0.157529
vt 0.951172 0.024902
vn -0.431400 0.566657 -0.701992
v -0.000008 -0.024334 0.157529
vt 0.827148 0.096191
vn -0.092448 0.993808 -0.061638
v -0.006446 0.008585 0.157529
vt 0.938965 0.122070
vn -0.190831 0.949876 -0.247627
v -0.000008 -0.020934 0.157134
vt 0.838867 0.096191
vn -0.092448 0.993808 -0.061638
v -0.005985 0.009198 0.157134
vt 0.941406 0.119141
vn -0.280893 0.775315 -0.565672
v -0.010625 0.009083 0.157134
vt 0.943359 0.136719
vn 0.261893 0.952742 0.153928
v -0.010547 0.008509 0.157529
vt 0.940430 0.136719
vn 0.314327 0.943023 0.109113
v -0.013491 0.007264 0.157529
vt 0.937500 0.147461
vn 0.458440 0.824324 -0.332150
v -0.013936 0.007651 0.157134
vt 0.940430 0.149414
vn 0.379918 0.917235 -0.119757
v -0.014594 0.006466 0.157134
vt 0.937012 0.152832
vn 0.203836 0.976961 -0.063231
v -0.014245 0.005645 0.157529
vt 0.933594 0.152344
vn 0.203836 0.976961 -0.063231
v -0.019776 0.009734 0.157529
vt 0.951172 0.167480
vn -0.484041 -0.579055 -0.656048
v -0.018732 0.009466 0.157134
vt 0.949219 0.163574
vn -0.484041 -0.579055 -0.656048
v -0.014245 0.005645 0.157529
vt 0.933594 0.152344
vn -0.487194 -0.591934 -0.642072
v -0.014594 0.006466 0.157134
vt 0.937012 0.152832
vn -0.487194 -0.591934 -0.642072
v -0.000008 0.007986 0.157529
vt 0.939941 0.096191
vn -0.303207 0.847256 -0.436145
v -0.000008 0.007049 0.157134
vt 0.935547 0.096191
vn -0.303207 0.847256 -0.436145
v -0.004820 0.013239 0.157529
vt 0.957031 0.115234
vn -0.376474 0.630097 -0.679150
v -0.005053 0.012622 0.157134
vt 0.954102 0.116211
vn -0.369817 0.625757 -0.686777
v -0.011269 0.012225 0.157529
vt 0.956055 0.137695
vn 0.269861 0.554476 -0.787230
v -0.011176 0.011653 0.157134
vt 0.952637 0.137695
vn 0.274069 0.555530 -0.785030
v -0.017218 0.010649 0.157529
vt 0.953613 0.158691
vn 0.406407 0.536467 -0.739619
v -0.016974 0.010119 0.157134
vt 0.950684 0.158203
vn 0.408212 0.530665 -0.742804
v -0.018732 0.009466 0.157134
vt 0.949219 0.163574
vn 0.431403 0.566713 -0.701945
v -0.019776 0.009734 0.157529
vt 0.951172 0.167480
vn 0.431403 0.566713 -0.701945
v 0.018716 0.009466 0.157134
vt 0.949219 0.028320
vn 0.079499 0.993661 -0.079481
v 0.014578 0.006466 0.157134
vt 0.937012 0.039551
vn 0.103710 0.989188 -0.103692
v 0.016958 0.010119 0.157134
vt 0.950684 0.034180
vn 0.087325 0.992347 -0.087307
v 0.013921 0.007651 0.157134
vt 0.940430 0.042969
vn 0.112408 0.987294 -0.112315
v 0.010610 0.009083 0.157134
vt 0.943359 0.055664
vn 0.071654 0.994856 -0.071602
v 0.011160 0.011653 0.157134
vt 0.952637 0.054688
vn 0.043584 0.998101 -0.043535
v 0.005969 0.009198 0.157134
vt 0.941406 0.073242
vn -0.011934 0.999858 -0.011887
v 0.005038 0.012622 0.157134
vt 0.954102 0.075684
vn -0.027780 0.999228 -0.027764
v -0.000008 0.007049 0.157134
vt 0.935547 0.096191
vn 0.000000 1.000000 -0.000015
v -0.000008 -0.020934 0.157134
vt 0.838867 0.096191
vn 0.000000 1.000000 -0.000015
v -0.005985 0.009198 0.157134
vt 0.941406 0.119141
vn 0.011934 0.999858 -0.011856
v -0.005053 0.012622 0.157134
vt 0.954102 0.116211
vn 0.027779 0.999229 -0.027731
v -0.011176 0.011653 0.157134
vt 0.952637 0.137695
vn -0.051476 0.997348 -0.051459
v -0.010625 0.009083 0.157134
vt 0.943359 0.136719
vn -0.063769 0.995929 -0.063718
v -0.013936 0.007651 0.157134
vt 0.940430 0.149414
vn -0.099801 0.989988 -0.099819
v -0.016974 0.010119 0.157134
vt 0.950684 0.158203
vn -0.063769 0.995929 -0.063718
v -0.014594 0.006466 0.157134
vt 0.937012 0.152832
vn -0.128973 0.983228 -0.128954
v -0.018732 0.009466 0.157134
vt 0.949219 0.163574
vn -0.071656 0.994853 -0.071639
v -0.189235 0.228745 0.197533
vt 0.049561 0.833252
vn 0.561957 0.556940 -0.611573
v -0.159073 0.250659 0.197533
vt 0.141968 0.849121
vn 0.581099 0.525515 -0.621416
v -0.181820 0.219782 0.195002
vt 0.056671 0.804443
vn 0.526409 0.559596 -0.640114
v -0.152840 0.240837 0.195002
vt 0.146484 0.820068
vn 0.554678 0.539914 -0.633108
v -0.174972 0.211504 0.184900
vt 0.064636 0.768311
vn 0.488622 0.570103 -0.660477
v -0.147083 0.231766 0.184900
vt 0.150269 0.783691
vn 0.523197 0.556206 -0.645678
v -0.171415 0.207205 0.175744
vt 0.070190 0.741943
vn 0.474206 0.590477 -0.653043
v -0.144093 0.227055 0.175744
vt 0.153076 0.756836
vn 0.504729 0.564916 -0.652778
v -0.115808 0.209729 0.182090
vt 0.220703 0.705078
vn 0.695810 0.711779 0.096019
v -0.129919 0.227561 0.180347
vt 0.191895 0.753906
vn 0.703057 0.699081 0.130369
v -0.106783 0.219927 0.199924
vt 0.266357 0.739014
vn 0.697516 0.709521 0.100256
v -0.122053 0.237952 0.198461
vt 0.233887 0.790039
vn 0.695232 0.711227 0.103968
v -0.059397 0.160395 0.202035
vt 0.365723 0.572266
vn 0.696636 0.700614 0.154395
v -0.070668 0.152518 0.179659
vt 0.309326 0.536621
vn 0.689187 0.709248 0.148288
v -0.051195 0.121931 0.174738
vt 0.354980 0.441895
vn 0.679702 0.691731 0.243953
v -0.037238 0.130151 0.202356
vt 0.417236 0.491211
vn 0.686633 0.678743 0.260467
v -0.043488 0.097621 0.169197
vt 0.389160 0.373535
vn 0.689754 0.654473 0.309684
v -0.021232 0.106611 0.202643
vt 0.462646 0.435059
vn 0.694740 0.647921 0.312306
v -0.013616 0.092874 0.199943
vt 0.490234 0.404785
vn 0.742982 0.624278 0.241361
v -0.035843 0.078206 0.170765
vt 0.430420 0.332520
vn 0.733077 0.617301 0.285548
v -0.009798 0.078584 0.189813
vt 0.511230 0.367676
vn 0.780056 0.602046 0.170453
v -0.017127 0.050312 0.163245
vt 0.496826 0.268066
vn 0.815915 0.119668 -0.565652
v -0.020834 0.061721 0.168506
vt 0.483887 0.299316
vn 0.875646 0.446579 -0.183876
v -0.008827 0.055431 0.165837
vt 0.517090 0.284668
vn 0.786568 0.064664 -0.614108
v -0.012339 0.111181 0.192767
vt 0.493896 0.451660
vn 0.988660 0.135546 -0.064635
v -0.015660 0.110099 0.202399
vt 0.473633 0.443359
vn 0.987086 0.130373 -0.093079
v -0.022597 0.133494 0.195644
vt 0.458008 0.504395
vn 0.983028 0.160246 -0.089320
v -0.030629 0.132482 0.202712
vt 0.433105 0.497559
vn 0.958915 0.105389 -0.263392
v -0.007197 0.093762 0.198370
vt 0.505371 0.408203
vn 0.897682 0.075863 -0.434064
v -0.002897 0.078259 0.187317
vt 0.532715 0.366211
vn 0.847996 0.008845 -0.529929
v -0.013616 0.092874 0.199943
vt 0.490234 0.404785
vn 0.885234 0.069463 -0.459929
v -0.009798 0.078584 0.189813
vt 0.511230 0.367676
vn 0.535162 0.000000 -0.844750
v -0.015660 0.110099 0.202399
vt 0.473633 0.443359
vn 0.793908 0.052242 -0.605789
v -0.021232 0.106611 0.202643
vt 0.462646 0.435059
vn 0.785291 0.041890 -0.617707
v -0.030629 0.132482 0.202712
vt 0.433105 0.497559
vn 0.758547 0.078100 -0.646921
v -0.037238 0.130151 0.202356
vt 0.417236 0.491211
vn 0.762912 0.089130 -0.640329
v -0.054003 0.164125 0.202635
vt 0.379883 0.581055
vn 0.747453 0.186887 -0.637484
v -0.059397 0.160395 0.202035
vt 0.365723 0.572266
vn 0.745879 0.197436 -0.636147
v -0.106783 0.219927 0.199924
vt 0.266357 0.739014
vn 0.742931 0.310023 -0.593244
v -0.101538 0.222821 0.200620
vt 0.280518 0.744629
vn 0.740593 0.300537 -0.600999
v -0.117588 0.241273 0.199350
vt 0.246338 0.797241
vn 0.765102 0.418238 -0.489587
v -0.122053 0.237952 0.198461
vt 0.233887 0.790039
vn 0.765580 0.428717 -0.479675
v -0.042126 0.169252 0.195762
vt 0.414062 0.595703
vn 0.498435 0.000000 -0.866927
v -0.054003 0.164125 0.202635
vt 0.379883 0.581055
vn 0.505733 0.000000 -0.862690
v -0.078891 0.230834 0.194196
vt 0.341309 0.758911
vn 0.536652 0.097598 -0.838140
v -0.101538 0.222821 0.200620
vt 0.280518 0.744629
vn 0.545856 0.098448 -0.832075
v -0.032523 0.174577 0.180431
vt 0.456787 0.618164
vn 0.975937 0.111745 -0.187246
v -0.016078 0.139448 0.175859
vt 0.499512 0.534912
vn 0.984277 0.173548 -0.032867
v -0.042126 0.169252 0.195762
vt 0.414062 0.595703
vn 0.976679 0.117604 -0.179633
v -0.063450 0.242146 0.181231
vt 0.393066 0.785889
vn 0.373194 0.029591 -0.927281
v -0.078891 0.230834 0.194196
vt 0.341309 0.758911
vn 0.373348 0.000000 -0.927691
v 0.000000 0.106760 0.169373
vt 0.544434 0.459473
vn 0.701528 0.000000 -0.712642
v 0.000000 0.106133 0.177314
vt 0.544434 0.449707
vn 0.690152 0.032875 -0.722917
v -0.005382 0.112539 0.170928
vt 0.532715 0.472168
vn 0.967971 0.110900 0.225242
v -0.005340 0.111673 0.179160
vt 0.523926 0.460938
vn 0.982931 0.182457 0.023567
v 0.000000 0.077605 0.185158
vt 0.541504 0.361328
vn 0.712528 0.022442 -0.701285
v -0.002897 0.078259 0.187317
vt 0.532715 0.366211
vn 0.362782 0.229517 -0.903167
v 0.000000 0.084341 0.189306
vt 0.542480 0.384766
vn 0.706738 0.033696 -0.706672
v -0.004603 0.094354 0.190597
vt 0.524902 0.410645
vn 0.984982 0.078571 -0.153743
v -0.007197 0.093762 0.198370
vt 0.505371 0.408203
vn 0.987257 0.033824 -0.155494
v -0.002880 0.055627 0.164982
vt 0.532227 0.284180
vn 0.621782 0.059715 -0.780910
v -0.009370 0.036494 0.156144
vt 0.518555 0.229980
vn 0.783728 0.020394 -0.620769
v 0.000000 0.037678 0.156144
vt 0.541992 0.233887
vn 0.643235 0.000000 -0.765669
v -0.018152 0.033017 0.156144
vt 0.496826 0.220215
vn 0.820487 0.028823 -0.570938
v -0.134182 0.238859 0.184900
vt 0.188110 0.786377
vn 0.706373 0.678938 0.200200
v -0.135054 0.250616 0.195002
vt 0.200439 0.825439
vn 0.689988 0.710063 0.140452
v -0.132596 0.229945 0.178363
vt 0.184082 0.757812
vn 0.705347 0.674021 0.219502
v -0.052249 0.061752 0.172328
vt 0.441895 0.271484
vn 0.459322 0.459322 0.760294
v -0.050289 0.069238 0.170265
vt 0.427002 0.285645
vn 0.255875 0.581977 0.771900
v -0.042584 0.068774 0.172328
vt 0.437988 0.300781
vn 0.631782 0.531823 0.563930
v -0.038658 0.075002 0.169093
vt 0.428467 0.319824
vn 0.464004 0.674903 0.573765
v -0.054339 0.074886 0.152088
vt 0.379150 0.283691
vn 0.208708 0.608782 0.765392
v -0.044310 0.080814 0.152088
vt 0.380371 0.312500
vn 0.179464 0.585436 0.790606
v -0.094036 0.258473 0.191901
vt 0.313477 0.836670
vn 0.536138 0.106360 -0.837403
v -0.098222 0.262323 0.192719
vt 0.303467 0.847778
vn 0.605700 0.096919 -0.789769
v -0.086585 0.262254 0.189170
vt 0.334717 0.844116
vn 0.542633 0.080095 -0.836143
v -0.069109 0.265099 0.184901
vt 0.381592 0.850342
vn 0.518267 0.017315 -0.855043
v -0.062785 0.260972 0.175744
vt 0.402100 0.832642
vn 0.499591 0.067777 -0.863606
v -0.073655 0.261096 0.184589
vt 0.369385 0.838379
vn 0.472156 0.065141 -0.879105
v -0.068099 0.258556 0.177309
vt 0.389160 0.828979
vn 0.382200 0.118735 -0.916420
v -0.069438 0.256299 0.179003
vt 0.384766 0.823853
vn 0.212599 0.097611 -0.972252
v -0.068668 0.252575 0.180715
vt 0.383789 0.814209
vn 0.184036 0.027811 -0.982526
v -0.072436 0.256306 0.184688
vt 0.369873 0.824707
vn 0.431835 0.077832 -0.898588
v -0.136336 0.263159 0.197533
vt 0.205933 0.858154
vn 0.620442 0.089381 -0.779142
v -0.086647 0.266690 0.191584
vt 0.334473 0.856934
vn 0.579986 0.037431 -0.813766
v -0.117588 0.241273 0.199350
vt 0.246338 0.797241
vn 0.581718 0.103205 -0.806816
v -0.136336 0.263159 0.197533
vt 0.205933 0.858154
vn 0.776507 0.527232 -0.345056
v -0.130375 0.256173 0.198054
vt 0.217651 0.838623
vn 0.776535 0.498180 -0.385759
v -0.135054 0.250616 0.195002
vt 0.200439 0.825439
vn 0.776535 0.498180 -0.385759
v 0.000000 0.055812 0.163874
vt 0.540039 0.283203
vn 0.707118 0.000000 -0.707096
v -0.002880 0.055627 0.164982
vt 0.532227 0.284180
vn 0.521912 0.201734 -0.828801
v 0.000000 0.037678 0.156144
vt 0.541992 0.233887
vn 0.707118 0.000000 -0.707096
v -0.041883 0.082805 0.152088
vt 0.379883 0.319824
vn 0.298127 0.596230 0.745406
v -0.030540 0.068773 0.171696
vt 0.455566 0.316895
vn 0.837575 0.544796 0.040805
v -0.025792 0.027466 0.156144
vt 0.478271 0.205078
vn 0.509385 0.017142 -0.860368
v -0.030695 0.031832 0.158967
vt 0.464600 0.216797
vn 0.531220 0.008806 -0.847188
v -0.020788 0.039029 0.158967
vt 0.489258 0.236328
vn 0.821844 0.009362 -0.569635
v -0.135337 0.231869 0.175744
vt 0.175537 0.759399
vn 0.634411 0.674556 0.377487
v -0.130375 0.256173 0.198054
vt 0.217651 0.838623
vn 0.600325 0.096831 -0.793873
v -0.020834 0.061721 0.142180
vt 0.179932 0.432617
vn 0.146665 0.679619 0.718755
v -0.020834 0.061721 0.168506
vt 0.241577 0.445312
vn 0.157310 0.688346 0.708119
v -0.017127 0.050312 0.142180
vt 0.185425 0.404297
vn -0.000021 0.580348 0.814369
v -0.017127 0.050312 0.163245
vt 0.235352 0.414551
vn 0.019177 0.604439 0.796421
v -0.020788 0.039029 0.142180
vt 0.194702 0.378906
vn -0.100440 0.677931 0.728232
v -0.020788 0.039029 0.158967
vt 0.232422 0.384277
vn -0.081657 0.678746 0.729819
v -0.030540 0.068773 0.142180
vt 0.173950 0.460449
vn 0.248846 0.767286 0.591056
v -0.030540 0.068773 0.171696
vt 0.243042 0.475098
vn 0.250376 0.771967 0.584276
v -0.042584 0.068774 0.142180
vt 0.167969 0.488770
vn 0.244470 0.825107 0.509346
v -0.042584 0.068774 0.172328
vt 0.238525 0.503418
vn 0.235225 0.823300 0.516572
v -0.088144 0.271281 0.195002
vt 0.330322 0.871582
vn 0.643189 0.010220 -0.765639
v -0.091739 0.282344 0.197533
vt 0.322021 0.900513
vn 0.663727 0.000000 -0.747975
v -0.053449 0.280189 0.195002
vt 0.420166 0.900574
vn 0.770736 0.010300 -0.637072
v -0.055629 0.291616 0.197533
vt 0.414062 0.929565
vn 0.777063 0.042588 -0.627981
v -0.017910 0.284679 0.195002
vt 0.512695 0.912842
vn 0.690471 0.011001 -0.723277
v -0.018641 0.296288 0.197533
vt 0.511230 0.942719
vn 0.701528 0.000000 -0.712642
v -0.050390 0.264155 0.175744
vt 0.432861 0.839844
vn 0.615071 0.098419 -0.782305
v -0.051436 0.269636 0.184900
vt 0.427490 0.865356
vn 0.608099 0.038934 -0.792906
v -0.016885 0.268387 0.175744
vt 0.516113 0.848877
vn 0.679017 0.043116 -0.732856
v -0.017236 0.273956 0.184900
vt 0.514648 0.875854
vn 0.679293 0.032364 -0.733153
v -0.135337 0.231869 0.175744
vt 0.175537 0.759399
vn 0.551204 0.536555 -0.638970
v -0.134182 0.238859 0.184900
vt 0.188110 0.786377
vn 0.562715 0.533138 -0.631756
v -0.135054 0.250616 0.195002
vt 0.200439 0.825439
vn 0.587900 0.496665 -0.638512
v -0.136336 0.263159 0.197533
vt 0.205933 0.858154
vn 0.607241 0.473435 -0.638057
v -0.014487 0.026352 0.156144
vt 0.506836 0.140625
vn 0.769268 0.066916 -0.635413
v 0.000000 0.000000 0.156144
vt 0.546875 0.075684
vn 0.769268 0.066916 -0.635413
v -0.020586 0.021921 0.156144
vt 0.492188 0.128418
vn 0.769268 0.066916 -0.635413
v -0.007479 0.029127 0.156144
vt 0.523926 0.148438
vn 0.759690 0.055871 -0.647881
v 0.000000 0.030072 0.156144
vt 0.542969 0.151367
vn 0.759690 0.055871 -0.647881
v -0.020586 0.021921 0.156144
vt 0.492188 0.191406
vn 0.759690 0.055871 -0.647881
v -0.025792 0.027466 0.156144
vt 0.478271 0.205078
vn 0.759690 0.055871 -0.647881
v -0.014487 0.026352 0.156144
vt 0.506836 0.203613
vn 0.759690 0.055871 -0.647881
v -0.018152 0.033017 0.156144
vt 0.496826 0.220215
vn 0.759690 0.055871 -0.647881
v -0.007479 0.029127 0.156144
vt 0.523926 0.211426
vn 0.759690 0.055871 -0.647881
v -0.009370 0.036494 0.156144
vt 0.518555 0.229980
vn 0.759690 0.055871 -0.647881
v 0.000000 0.030072 0.156144
vt 0.542969 0.214355
vn 0.749760 0.044796 -0.660191
v 0.000000 0.037678 0.156144
vt 0.541992 0.233887
vn 0.749760 0.044796 -0.660191
v -0.030540 0.068773 0.142180
vt 0.131592 0.415039
vn 0.833598 0.416787 0.362495
v -0.017127 0.050312 0.142180
vt 0.185425 0.404297
vn 0.833598 0.416787 0.362495
v -0.042584 0.068774 0.142180
vt 0.110229 0.395020
vn 0.830827 0.415426 0.370334
v -0.020788 0.039029 0.142180
vt 0.194702 0.378906
vn 0.830827 0.415426 0.370334
v -0.020834 0.061721 0.142180
vt 0.160156 0.418457
vn 0.836100 0.418038 0.355220
v 0.122053 0.237952 0.198461
vt 0.875488 0.770508
vn 0.317931 0.128619 -0.939349
v 0.129919 0.227561 0.180347
vt 0.915527 0.731689
vn 0.324813 0.164205 -0.931415
v 0.106783 0.219927 0.199924
vt 0.839355 0.721924
vn 0.320036 0.128023 -0.938715
v 0.115808 0.209729 0.182090
vt 0.883301 0.685303
vn 0.320325 0.121033 -0.939544
v 0.070668 0.152518 0.179659
vt 0.784180 0.522949
vn 0.314464 0.157254 -0.936154
v 0.059397 0.160395 0.202035
vt 0.729980 0.562012
vn 0.319729 0.179630 -0.930326
v 0.037238 0.130151 0.202356
vt 0.673340 0.484375
vn 0.315832 0.287129 -0.904327
v 0.051195 0.121931 0.174738
vt 0.732910 0.431152
vn 0.310490 0.249844 -0.917155
v 0.021232 0.106611 0.202643
vt 0.625000 0.430664
vn 0.327272 0.382457 -0.864071
v 0.043488 0.097621 0.169197
vt 0.695312 0.365234
vn 0.325242 0.380049 -0.865899
v 0.013616 0.092874 0.199943
vt 0.595703 0.402344
vn 0.368269 0.421966 -0.828446
v 0.009798 0.078584 0.189813
vt 0.572754 0.366699
vn 0.404246 0.428028 -0.808317
v 0.035843 0.078206 0.170765
vt 0.651367 0.327148
vn 0.360037 0.459619 -0.811864
v 0.020834 0.061721 0.168506
vt 0.596680 0.298340
vn 0.575085 0.313687 -0.755564
v 0.008827 0.055431 0.165837
vt 0.562988 0.285156
vn 0.725511 0.100478 -0.680836
v 0.017127 0.050312 0.163245
vt 0.583984 0.270020
vn 0.699419 0.077723 -0.710473
v 0.030629 0.132482 0.202712
vt 0.658203 0.491699
vn 0.690767 0.706804 -0.152539
v 0.015660 0.110099 0.202399
vt 0.614258 0.439941
vn 0.536789 0.838275 0.095670
v 0.022597 0.133494 0.195644
vt 0.633789 0.499512
vn 0.570418 0.820882 0.027870
v 0.012339 0.111181 0.192767
vt 0.594727 0.449219
vn 0.499115 0.854539 0.143691
v 0.009798 0.078584 0.189813
vt 0.572754 0.366699
vn 0.802692 0.434193 -0.408855
v 0.002897 0.078259 0.187317
vt 0.550781 0.366211
vn 0.799315 0.424972 -0.424847
v 0.013616 0.092874 0.199943
vt 0.595703 0.402344
vn 0.763681 0.482828 -0.428564
v 0.007197 0.093762 0.198370
vt 0.580566 0.406250
vn 0.761720 0.520692 -0.385569
v 0.037238 0.130151 0.202356
vt 0.673340 0.484375
vn 0.676482 0.096660 -0.730088
v 0.021232 0.106611 0.202643
vt 0.625000 0.430664
vn 0.735677 0.228912 -0.637478
v 0.030629 0.132482 0.202712
vt 0.658203 0.491699
vn 0.686403 0.108978 -0.719009
v 0.015660 0.110099 0.202399
vt 0.614258 0.439941
vn 0.732383 0.218624 -0.644840
v 0.059397 0.160395 0.202035
vt 0.729980 0.562012
vn 0.653393 0.000000 -0.757019
v 0.054003 0.164125 0.202635
vt 0.716309 0.571777
vn 0.653393 0.000000 -0.757019
v 0.101538 0.222821 0.200620
vt 0.825684 0.728516
vn 0.826994 0.069786 -0.557863
v 0.106783 0.219927 0.199924
vt 0.839355 0.721924
vn 0.826994 0.069786 -0.557863
v 0.122053 0.237952 0.198461
vt 0.875488 0.770508
vn 0.857437 0.045399 -0.512583
v 0.117588 0.241273 0.199350
vt 0.863770 0.778564
vn 0.855020 0.045764 -0.516572
v 0.054003 0.164125 0.202635
vt 0.716309 0.571777
vn 0.795413 0.457393 -0.397631
v 0.042126 0.169252 0.195762
vt 0.683105 0.588379
vn 0.790784 0.481360 -0.378093
v 0.101538 0.222821 0.200620
vt 0.825684 0.728516
vn 0.824927 0.350632 -0.443342
v 0.078891 0.230834 0.194196
vt 0.766113 0.747070
vn 0.825627 0.361215 -0.433433
v 0.016078 0.139448 0.175859
vt 0.593750 0.532471
vn 0.505790 0.856265 0.104820
v 0.042126 0.169252 0.195762
vt 0.683105 0.588379
vn 0.632704 0.773710 -0.032518
v 0.032523 0.174577 0.180431
vt 0.642090 0.613281
vn 0.632704 0.773710 -0.032518
v 0.078891 0.230834 0.194196
vt 0.766113 0.747070
vn 0.734141 0.667380 -0.125067
v 0.063450 0.242146 0.181231
vt 0.715820 0.777710
vn 0.748717 0.651450 -0.122617
v 0.005340 0.111673 0.179160
vt 0.565430 0.459961
vn 0.452815 0.880514 0.140191
v 0.005382 0.112539 0.170928
vt 0.557129 0.471191
vn 0.259296 0.926077 0.274128
v 0.007197 0.093762 0.198370
vt 0.580566 0.406250
vn 0.502743 0.832128 0.234122
v 0.002897 0.078259 0.187317
vt 0.550781 0.366211
vn 0.745162 0.657699 0.110298
v 0.004603 0.094354 0.190597
vt 0.561035 0.409668
vn 0.565236 0.816473 0.117816
v 0.000000 0.037678 0.156144
vt 0.541992 0.233887
vn 0.807201 0.163618 -0.567148
v 0.002880 0.055627 0.164982
vt 0.547852 0.284180
vn 0.830475 0.244911 -0.500329
v 0.009370 0.036494 0.156144
vt 0.565430 0.231445
vn 0.791825 0.142980 -0.593776
v 0.018152 0.033017 0.156144
vt 0.587891 0.224121
vn 0.835872 0.253927 -0.486662
v 0.135054 0.250616 0.195002
vt 0.910645 0.803711
vn 0.314464 0.157254 -0.936154
v 0.132596 0.229945 0.178363
vt 0.924316 0.735352
vn 0.329113 0.260394 -0.907678
v 0.134182 0.238859 0.184900
vt 0.920898 0.764038
vn 0.337312 0.293327 -0.894527
v 0.038658 0.075002 0.169093
vt 0.652344 0.314453
vn 0.159790 0.340833 -0.926445
v 0.050309 0.069223 0.170265
vt 0.649414 0.280273
vn 0.085404 0.438145 -0.894838
v 0.042584 0.068774 0.172328
vt 0.641113 0.296387
vn 0.288446 0.630028 -0.721015
v 0.044310 0.080814 0.152088
vt 0.699219 0.302246
vn 0.034518 0.398806 -0.916385
v 0.054429 0.074820 0.152088
vt 0.696777 0.272949
vn 0.049432 0.380132 -0.923611
v 0.086585 0.262254 0.189170
vt 0.778809 0.831299
vn 0.814279 0.354955 -0.459299
v 0.098222 0.262323 0.192719
vt 0.810059 0.833008
vn 0.801837 0.227579 -0.552509
v 0.094036 0.258473 0.191901
vt 0.799805 0.822510
vn 0.829403 0.368662 -0.419737
v 0.068099 0.258556 0.177309
vt 0.724121 0.819580
vn 0.737922 0.671624 -0.066275
v 0.062785 0.260972 0.175744
vt 0.711914 0.826782
vn 0.804386 0.523558 -0.280803
v 0.073655 0.261096 0.184589
vt 0.744141 0.828003
vn 0.808416 0.503484 -0.304907
v 0.069109 0.265099 0.184901
vt 0.733398 0.841064
vn 0.790598 0.510993 -0.337402
v 0.072436 0.256306 0.184688
vt 0.742188 0.813843
vn 0.801978 0.569717 -0.179593
v 0.068668 0.252575 0.180715
vt 0.727539 0.803467
vn 0.482493 0.785274 0.388001
v 0.069438 0.256299 0.179003
vt 0.728027 0.813965
vn 0.571557 0.780234 0.254083
v 0.086647 0.266690 0.191584
vt 0.780273 0.844116
vn 0.800724 0.337144 -0.495151
v 0.136336 0.263159 0.197533
vt 0.908203 0.836670
vn 0.786583 0.187016 -0.588483
v 0.117588 0.241273 0.199350
vt 0.863770 0.778564
vn 0.814586 0.267955 -0.514441
v 0.135054 0.250616 0.195002
vt 0.910645 0.803711
vn 0.867102 0.017210 -0.497834
v 0.130375 0.256173 0.198054
vt 0.895020 0.817993
vn 0.867102 0.017210 -0.497834
v 0.136336 0.263159 0.197533
vt 0.908203 0.836670
vn 0.878759 0.016754 -0.476972
v 0.002880 0.055627 0.164982
vt 0.547852 0.284180
vn 0.855094 0.497085 -0.147382
v 0.041883 0.082805 0.152088
vt 0.700684 0.309570
vn 0.123692 0.458311 -0.880143
v 0.030540 0.068773 0.171696
vt 0.625488 0.313477
vn 0.489952 0.454962 -0.743611
v 0.020788 0.039029 0.158967
vt 0.594238 0.240723
vn 0.856915 0.324517 -0.400481
v 0.135337 0.231869 0.175744
vt 0.933594 0.736572
vn 0.285798 0.328647 -0.900173
v 0.130375 0.256173 0.198054
vt 0.895020 0.817993
vn 0.801837 0.227579 -0.552509
v 0.017127 0.050312 0.163245
vt 0.054016 0.548340
vn 0.003946 0.117778 -0.993032
v 0.020834 0.061721 0.168506
vt 0.047791 0.579102
vn 0.052640 0.112769 -0.992226
v 0.017127 0.050312 0.142180
vt 0.101013 0.541016
vn 0.000000 0.150294 -0.988641
v 0.020834 0.061721 0.142180
vt 0.110474 0.567383
vn 0.052889 0.135944 -0.989304
v 0.020788 0.039029 0.158967
vt 0.061737 0.516846
vn -0.019436 0.054380 -0.998331
v 0.020788 0.039029 0.142180
vt 0.104736 0.513672
vn -0.030634 0.091867 -0.995300
v 0.030540 0.068773 0.171696
vt 0.045837 0.608887
vn 0.077789 0.037063 -0.996281
v 0.030540 0.068773 0.142180
vt 0.115479 0.595703
vn 0.077773 0.044466 -0.995979
v 0.042584 0.068774 0.172328
vt 0.049835 0.637451
vn 0.998473 0.049426 -0.024664
v 0.042584 0.068774 0.142180
vt 0.120850 0.624023
vn 0.998578 0.042676 -0.031950
v 0.091739 0.282344 0.197533
vt 0.795410 0.886902
vn 0.745879 0.197436 -0.636147
v 0.088144 0.271281 0.195002
vt 0.785156 0.858521
vn 0.765349 0.229639 -0.601255
v 0.055629 0.291616 0.197533
vt 0.705566 0.922729
vn 0.728913 0.208275 -0.652156
v 0.053449 0.280189 0.195002
vt 0.698242 0.894348
vn 0.758594 0.240118 -0.605705
v 0.018641 0.296288 0.197533
vt 0.608887 0.940887
vn 0.716050 0.078335 -0.693639
v 0.017910 0.284679 0.195002
vt 0.605957 0.911133
vn 0.736226 0.100415 -0.669244
v 0.017236 0.273956 0.184900
vt 0.602051 0.874146
vn 0.751902 0.100275 -0.651604
v 0.051436 0.269636 0.184900
vt 0.688965 0.859863
vn 0.802176 0.269187 -0.532965
v 0.016885 0.268387 0.175744
vt 0.599609 0.847168
vn 0.761226 0.111151 -0.638890
v 0.050390 0.264155 0.175744
vt 0.682129 0.834961
vn 0.834128 0.293811 -0.466803
v 0.134182 0.238859 0.184900
vt 0.920898 0.764038
vn 0.880790 0.473364 -0.011608
v 0.147083 0.231766 0.184900
vt 0.958984 0.760864
vn 0.869229 0.485975 0.090937
v 0.135337 0.231869 0.175744
vt 0.933594 0.736572
vn 0.881270 0.471821 0.027363
v 0.144093 0.227055 0.175744
vt 0.958008 0.734863
vn 0.866916 0.481610 0.128488
v 0.135054 0.250616 0.195002
vt 0.910645 0.803711
vn 0.897014 0.422660 -0.129323
v 0.152840 0.240837 0.195002
vt 0.962891 0.794922
vn 0.880801 0.471856 -0.039272
v 0.136336 0.263159 0.197533
vt 0.908203 0.836670
vn 0.904745 0.369273 -0.212306
v 0.159073 0.250659 0.197533
vt 0.970703 0.821655
vn 0.901747 0.399807 -0.164338
v 0.007479 0.029127 0.156144
vt 0.561523 0.149902
vn 0.769268 0.066916 -0.635413
v 0.014487 0.026352 0.156144
vt 0.579590 0.144043
vn 0.778544 0.077868 -0.622741
v 0.009370 0.036494 0.156144
vt 0.565430 0.231445
vn 0.759690 0.055871 -0.647881
v 0.018152 0.033017 0.156144
vt 0.587891 0.224121
vn 0.769268 0.066916 -0.635413
v 0.007479 0.029127 0.156144
vt 0.561523 0.212891
vn 0.769268 0.066916 -0.635413
v 0.014487 0.026352 0.156144
vt 0.579590 0.207031
vn 0.769268 0.066916 -0.635413
v 0.020788 0.039029 0.142180
vt 0.104736 0.513672
vn 0.701813 0.122534 -0.701743
v 0.017127 0.050312 0.142180
vt 0.101013 0.541016
vn 0.701813 0.122534 -0.701743
v 0.042584 0.068774 0.142180
vt 0.164307 0.579346
vn 0.700834 0.133515 -0.700718
v 0.030540 0.068773 0.142180
vt 0.135620 0.582275
vn 0.700834 0.133515 -0.700718
v 0.020834 0.061721 0.142180
vt 0.110474 0.567383
vn 0.702750 0.111570 -0.702634
v -0.052249 0.061752 0.142180
vt 0.105103 0.366699
vn 0.830827 0.415426 0.370334
v -0.030695 0.031832 0.142180
vt 0.192505 0.350098
vn 0.830827 0.415426 0.370334
v -0.052249 0.061752 0.142180
vt 0.161987 0.516357
vn 0.132586 0.843138 0.521094
v -0.052249 0.061752 0.172328
vt 0.232544 0.531494
vn 0.132586 0.843138 0.521094
v -0.030695 0.031832 0.142180
vt 0.192505 0.350098
vn -0.139733 0.746828 0.650171
v -0.030695 0.031832 0.158967
vt 0.234009 0.354492
vn -0.151194 0.755826 0.637077
v -0.159073 0.250659 0.197533
vt 0.141968 0.849121
vn 0.538414 0.755469 -0.373333
v -0.189235 0.228745 0.197533
vt 0.049561 0.833252
vn 0.486207 0.815817 -0.313121
v -0.159073 0.250659 0.186184
vt 0.137085 0.877014
vn 0.538414 0.755469 -0.373333
v -0.189235 0.228745 0.186184
vt 0.044617 0.861450
vn 0.486207 0.815817 -0.313121
v -0.136336 0.263159 0.197533
vt 0.205933 0.858154
vn 0.610543 0.710107 -0.350693
v -0.136336 0.263159 0.186184
vt 0.198364 0.886047
vn 0.610543 0.710107 -0.350693
v -0.091739 0.282344 0.197533
vt 0.322021 0.900513
vn 0.659693 0.685376 -0.308326
v -0.091739 0.282344 0.186184
vt 0.313232 0.927856
vn 0.659693 0.685376 -0.308326
v -0.055629 0.291616 0.197533
vt 0.414062 0.929565
vn 0.733594 0.502191 -0.457869
v -0.055629 0.291616 0.186184
vt 0.408203 0.957458
vn 0.733594 0.502191 -0.457869
v -0.018641 0.296288 0.197533
vt 0.511230 0.942719
vn 0.736259 0.155009 -0.658707
v -0.018641 0.296288 0.186184
vt 0.509277 0.971252
vn 0.736259 0.155009 -0.658707
v 0.159073 0.250659 0.197533
vt 0.970703 0.821655
vn 0.926080 0.361301 0.108801
v 0.136336 0.263159 0.197533
vt 0.908203 0.836670
vn 0.943464 0.330701 -0.022657
v 0.159073 0.250659 0.186184
vt 0.978516 0.848999
vn 0.926080 0.361301 0.108801
v 0.136336 0.263159 0.186184
vt 0.917969 0.863770
vn 0.943464 0.330701 -0.022657
v 0.091739 0.282344 0.197533
vt 0.795410 0.886902
vn 0.959617 0.256805 -0.114833
v 0.091739 0.282344 0.186184
vt 0.806152 0.913269
vn 0.959617 0.256805 -0.114833
v 0.055629 0.291616 0.197533
vt 0.705566 0.922729
vn 0.937867 0.175605 -0.299279
v 0.055629 0.291616 0.186184
vt 0.713379 0.950073
vn 0.937867 0.175605 -0.299279
v 0.018641 0.296288 0.197533
vt 0.608887 0.940887
vn 0.830835 0.069691 -0.552139
v 0.018641 0.296288 0.186184
vt 0.612305 0.969284
vn 0.830835 0.069691 -0.552139
v 0.159073 0.250659 0.197533
vt 0.049561 0.833252
vn 0.825182 0.390427 0.408218
v 0.189235 0.228745 0.197533
vt 0.141968 0.849121
vn 0.803214 0.383549 0.455782
v 0.152840 0.240837 0.195002
vt 0.056671 0.804443
vn 0.856161 0.377716 0.352588
v 0.181820 0.219782 0.195002
vt 0.146484 0.820068
vn 0.827680 0.378961 0.413926
v 0.147083 0.231766 0.184900
vt 0.064636 0.768311
vn 0.885770 0.368436 0.282252
v 0.174972 0.211504 0.184900
vt 0.150269 0.783691
vn 0.860447 0.376438 0.343402
v 0.144093 0.227055 0.175744
vt 0.070190 0.741943
vn 0.895377 0.370502 0.247040
v 0.171415 0.207205 0.175744
vt 0.153076 0.756836
vn 0.873083 0.371866 0.315344
v 0.163678 0.174950 0.182090
vt 0.220703 0.705078
vn 0.125508 0.398779 0.908418
v 0.176277 0.193881 0.180347
vt 0.191895 0.753906
vn 0.079600 0.358293 0.930210
v 0.176166 0.169518 0.199924
vt 0.266357 0.739014
vn 0.117774 0.390230 0.913154
v 0.188589 0.189610 0.198461
vt 0.233887 0.790039
vn 0.118000 0.394673 0.911213
v 0.134190 0.106055 0.202035
vt 0.365723 0.572266
vn 0.057718 0.350096 0.934934
v 0.123215 0.114340 0.179659
vt 0.309326 0.536621
vn 0.080089 0.371418 0.925005
v 0.100143 0.086368 0.174738
vt 0.354980 0.441895
vn -0.007123 0.316196 0.948667
v 0.112274 0.075634 0.202356
vt 0.417236 0.491211
vn -0.042830 0.324479 0.944923
v 0.079405 0.071527 0.169197
vt 0.389160 0.373535
vn -0.100573 0.333911 0.937224
v 0.094832 0.053138 0.202643
vt 0.462646 0.435059
vn -0.115544 0.335676 0.934864
v 0.084120 0.041649 0.199943
vt 0.490234 0.404785
vn -0.107636 0.290590 0.950774
v 0.063302 0.058256 0.170765
vt 0.430420 0.332520
vn -0.145193 0.308484 0.940083
v 0.071710 0.033603 0.189813
vt 0.511230 0.367676
vn -0.085880 0.243290 0.966144
v 0.042557 0.031836 0.163245
vt 0.496826 0.268066
vn 0.245960 0.118597 0.961997
v 0.052262 0.038888 0.168506
vt 0.483887 0.299316
vn 0.075780 0.125066 0.989250
v 0.049990 0.025524 0.165837
vt 0.517090 0.284668
vn 0.327359 0.145958 0.933559
v 0.101927 0.046092 0.192767
vt 0.493896 0.451660
vn -0.842193 0.003910 0.539162
v 0.099871 0.048916 0.202399
vt 0.473633 0.443359
vn 0.810230 0.003910 0.586098
v 0.119978 0.062742 0.195644
vt 0.458008 0.504395
vn 0.734169 0.000022 0.678967
v 0.116533 0.070069 0.202712
vt 0.433105 0.497559
vn 0.673720 0.069672 0.735695
v 0.086949 0.035819 0.198370
vt 0.505371 0.408203
vn 0.526562 0.113402 0.842540
v 0.073533 0.026938 0.187317
vt 0.532715 0.366211
vn 0.574825 0.147791 0.804820
v 0.084120 0.041649 0.199943
vt 0.490234 0.404785
vn 0.510208 0.119319 0.851734
v 0.071710 0.033603 0.189813
vt 0.511230 0.367676
vn 0.591019 0.151860 0.792234
v 0.099871 0.048916 0.202399
vt 0.473633 0.443359
vn 0.370188 0.149807 0.916798
v 0.094832 0.053138 0.202643
vt 0.462646 0.435059
vn 0.370188 0.149807 0.916798
v 0.116533 0.070069 0.202712
vt 0.433105 0.497559
vn 0.310121 0.172790 0.934863
v 0.112274 0.075634 0.202356
vt 0.417236 0.491211
vn 0.317613 0.180867 0.930811
v 0.139404 0.102078 0.202635
vt 0.379883 0.581055
vn 0.408143 0.248399 0.878474
v 0.134190 0.106055 0.202035
vt 0.365723 0.572266
vn 0.416638 0.252628 0.873265
v 0.176166 0.169518 0.199924
vt 0.266357 0.739014
vn 0.467311 0.295379 0.833290
v 0.180538 0.165424 0.200620
vt 0.280518 0.744629
vn 0.469620 0.292383 0.833048
v 0.193128 0.186391 0.199350
vt 0.246338 0.797241
vn 0.429101 0.328150 0.841540
v 0.188589 0.189610 0.198461
vt 0.233887 0.790039
vn 0.427005 0.330753 0.841587
v 0.147950 0.092366 0.195762
vt 0.414062 0.595703
vn 0.637421 0.143404 0.757053
v 0.139404 0.102078 0.202635
vt 0.379883 0.581055
vn 0.634204 0.148490 0.758773
v 0.195158 0.146362 0.194196
vt 0.341309 0.758911
vn 0.668510 0.195661 0.717504
v 0.180538 0.165424 0.200620
vt 0.280518 0.744629
vn 0.665388 0.201264 0.718855
v 0.155982 0.084879 0.180431
vt 0.456787 0.618164
vn 0.745650 0.042279 0.664995
v 0.127655 0.058383 0.175859
vt 0.499512 0.534912
vn -0.829423 0.023228 0.558137
v 0.147950 0.092366 0.195762
vt 0.414062 0.595703
vn 0.740380 0.038520 0.671084
v 0.210687 0.135172 0.181231
vt 0.393066 0.785889
vn 0.810641 0.128933 0.571172
v 0.195158 0.146362 0.194196
vt 0.341309 0.758911
vn 0.795211 0.118903 0.594561
v 0.101534 0.032990 0.169373
vt 0.544434 0.459473
vn 0.363909 0.177412 0.914382
v 0.100939 0.032797 0.177314
vt 0.544434 0.449707
vn 0.409563 0.191126 0.892036
v 0.105368 0.039895 0.170928
vt 0.532715 0.472168
vn -0.974651 0.121819 0.187657
v 0.104557 0.039587 0.179160
vt 0.523926 0.460938
vn -0.885647 0.052072 0.461430
v 0.073807 0.023981 0.185158
vt 0.541504 0.361328
vn 0.363293 0.186165 0.912886
v 0.073533 0.026938 0.187317
vt 0.532715 0.366211
vn 0.906925 0.204552 0.368302
v 0.080213 0.026063 0.189305
vt 0.542480 0.384766
vn 0.386458 0.193218 0.901841
v 0.088314 0.033535 0.190597
vt 0.524902 0.410645
vn 0.859536 0.038028 0.509658
v 0.086949 0.035819 0.198370
vt 0.505371 0.408203
vn 0.930072 0.044614 0.364659
v 0.052015 0.019929 0.164982
vt 0.532227 0.284180
vn 0.531742 0.196127 0.823884
v 0.031813 0.020189 0.156144
vt 0.518555 0.229980
vn 0.420432 0.157659 0.893521
v 0.035834 0.011643 0.156144
vt 0.541992 0.233887
vn 0.437476 0.166207 0.883736
v 0.025792 0.027466 0.156144
vt 0.496826 0.220215
vn 0.467506 0.148753 0.871384
v 0.185704 0.201426 0.184900
vt 0.188110 0.786377
vn -0.000019 0.290883 0.956759
v 0.196616 0.205888 0.195002
vt 0.200439 0.825439
vn 0.080089 0.371418 0.925005
v 0.177717 0.197163 0.178363
vt 0.184082 0.757812
vn -0.014066 0.295037 0.955382
v 0.042584 0.068774 0.172328
vt 0.441895 0.271484
vn -0.584004 0.523940 0.620021
v 0.050309 0.069223 0.170265
vt 0.427002 0.285645
vn -0.348289 0.641249 0.683735
v 0.052249 0.061752 0.172328
vt 0.437988 0.300781
vn -0.429195 0.429145 0.794749
v 0.059385 0.059943 0.169093
vt 0.428467 0.319824
vn -0.189300 0.508626 0.839920
v 0.054429 0.074820 0.152088
vt 0.379150 0.283691
vn -0.285304 0.659637 0.695328
v 0.063166 0.067114 0.152088
vt 0.380371 0.312500
vn -0.321400 0.678449 0.660612
v 0.216763 0.169306 0.191901
vt 0.313477 0.836670
vn 0.678297 0.200196 0.706990
v 0.219132 0.174477 0.192719
vt 0.303467 0.847778
vn 0.579940 0.207721 0.787732
v 0.222662 0.163388 0.189170
vt 0.334717 0.844116
vn 0.647784 0.188571 0.738117
v 0.230768 0.147647 0.184901
vt 0.381592 0.850342
vn 0.632462 0.158086 0.758288
v 0.228798 0.140357 0.175744
vt 0.402100 0.832642
vn 0.692166 0.174997 0.700202
v 0.225557 0.150733 0.184589
vt 0.369385 0.838379
vn 0.721926 0.166881 0.671546
v 0.224857 0.144665 0.177309
vt 0.389160 0.828979
vn 0.854213 0.168651 0.491810
v 0.222297 0.145240 0.179003
vt 0.384766 0.823853
vn 0.959793 0.108912 0.258720
v 0.218993 0.143357 0.180715
vt 0.383789 0.814209
vn 0.959542 0.074071 0.271648
v 0.221378 0.148093 0.184688
vt 0.369873 0.824707
vn 0.781684 0.165315 0.601366
v 0.208149 0.210984 0.197533
vt 0.205933 0.858154
vn 0.558387 0.209374 0.802724
v 0.226862 0.164818 0.191584
vt 0.334473 0.856934
vn 0.567135 0.177731 0.804220
v 0.193128 0.186391 0.199350
vt 0.246338 0.797241
vn 0.618286 0.207481 0.758073
v 0.208149 0.210984 0.197533
vt 0.205933 0.858154
vn 0.366568 0.362599 0.856825
v 0.203347 0.203156 0.198054
vt 0.217651 0.838623
vn 0.385835 0.353680 0.852081
v 0.196616 0.205888 0.195002
vt 0.200439 0.825439
vn 0.385835 0.353680 0.852081
v 0.053081 0.017247 0.163874
vt 0.540039 0.283203
vn 0.343870 0.171946 0.923141
v 0.052015 0.019929 0.164982
vt 0.532227 0.284180
vn 0.753586 0.236467 0.613345
v 0.035834 0.011643 0.156144
vt 0.541992 0.233887
vn 0.343870 0.171946 0.923141
v 0.065810 0.065421 0.152088
vt 0.379883 0.319824
vn -0.334488 0.618777 0.710797
v 0.055969 0.050297 0.171696
vt 0.455566 0.316895
vn -0.051024 0.149373 0.987464
v 0.018152 0.033017 0.156144
vt 0.478271 0.205078
vn 0.642061 0.156503 0.750509
v 0.020788 0.039029 0.158967
vt 0.464600 0.216797
vn 0.603127 0.154831 0.782474
v 0.030695 0.031832 0.158967
vt 0.489258 0.236328
vn 0.514704 0.151855 0.843812
v 0.178699 0.200364 0.175744
vt 0.175537 0.759399
vn -0.117593 0.385809 0.915054
v 0.203347 0.203156 0.198054
vt 0.217651 0.838623
vn 0.585627 0.206657 0.783794
v 0.052262 0.038888 0.142180
vt 0.179932 0.432617
vn -0.136098 0.670741 0.729098
v 0.052262 0.038888 0.168506
vt 0.241577 0.445312
vn -0.116073 0.657453 0.744502
v 0.042557 0.031836 0.142180
vt 0.185425 0.404297
vn -0.247349 0.762605 0.597705
v 0.042557 0.031836 0.163245
vt 0.235352 0.414551
vn -0.207344 0.746385 0.632391
v 0.030695 0.031832 0.142180
vt 0.194702 0.378906
vn -0.189347 0.804636 0.562768
v 0.030695 0.031832 0.158967
vt 0.232422 0.384277
vn -0.160589 0.792170 0.588794
v 0.055969 0.050297 0.142180
vt 0.173950 0.460449
vn -0.000021 0.580348 0.814369
v 0.055969 0.050297 0.171696
vt 0.243042 0.475098
vn 0.009329 0.585586 0.810556
v 0.052249 0.061752 0.142180
vt 0.167969 0.488770
vn 0.136047 0.670722 0.729125
v 0.052249 0.061752 0.172328
vt 0.238525 0.503418
vn 0.136047 0.670722 0.729125
v 0.230765 0.167661 0.195002
vt 0.330322 0.871582
vn 0.457683 0.176004 0.871521
v 0.240176 0.174498 0.197533
vt 0.322021 0.900513
vn 0.417195 0.173071 0.892185
v 0.249959 0.137416 0.195002
vt 0.420166 0.900574
vn 0.421778 0.162534 0.892012
v 0.260153 0.143020 0.197533
vt 0.414062 0.929565
vn 0.363794 0.155279 0.918446
v 0.265211 0.105004 0.195002
vt 0.512695 0.912842
vn 0.388487 0.180704 0.903562
v 0.276027 0.109287 0.197533
vt 0.511230 0.942719
vn 0.363909 0.177412 0.914382
v 0.235655 0.129552 0.175744
vt 0.432861 0.839844
vn 0.564313 0.208359 0.798835
v 0.240544 0.132240 0.184900
vt 0.427490 0.865356
vn 0.527343 0.181542 0.830031
v 0.250034 0.098995 0.175744
vt 0.516113 0.848877
vn 0.433246 0.194069 0.880133
v 0.255222 0.101049 0.184900
vt 0.514648 0.875854
vn 0.424566 0.189665 0.885308
v 0.178699 0.200364 0.175744
vt 0.175537 0.759399
vn 0.836034 0.379220 0.396534
v 0.185704 0.201426 0.184900
vt 0.188110 0.786377
vn 0.824895 0.381740 0.416919
v 0.196616 0.205888 0.195002
vt 0.200439 0.825439
vn 0.788757 0.371705 0.489590
v 0.208149 0.210984 0.197533
vt 0.205933 0.858154
vn 0.762341 0.367357 0.532809
v 0.020586 0.021921 0.156144
vt 0.506836 0.140625
vn 0.295214 0.147597 0.943962
v 0.000000 0.000000 0.156144
vt 0.546875 0.075684
vn 0.295214 0.147597 0.943962
v 0.014487 0.026352 0.156144
vt 0.492188 0.128418
vn 0.286008 0.142973 0.947501
v 0.025390 0.016113 0.156144
vt 0.523926 0.148438
vn 0.295214 0.147597 0.943962
v 0.028600 0.009293 0.156144
vt 0.542969 0.151367
vn 0.295214 0.147597 0.943962
v 0.014487 0.026352 0.156144
vt 0.492188 0.191406
vn 0.304461 0.152220 0.940283
v 0.018152 0.033017 0.156144
vt 0.478271 0.205078
vn 0.304461 0.152220 0.940283
v 0.020586 0.021921 0.156144
vt 0.506836 0.203613
vn 0.304461 0.152220 0.940283
v 0.025792 0.027466 0.156144
vt 0.496826 0.220215
vn 0.304461 0.152220 0.940283
v 0.025390 0.016113 0.156144
vt 0.523926 0.211426
vn 0.304461 0.152220 0.940283
v 0.031813 0.020189 0.156144
vt 0.518555 0.229980
vn 0.304461 0.152220 0.940283
v 0.028600 0.009293 0.156144
vt 0.542969 0.214355
vn 0.304461 0.152220 0.940283
v 0.035834 0.011643 0.156144
vt 0.541992 0.233887
vn 0.304461 0.152220 0.940283
v 0.055969 0.050297 0.142180
vt 0.131592 0.415039
vn -0.497630 0.248803 0.830940
v 0.042557 0.031836 0.142180
vt 0.185425 0.404297
vn -0.509929 0.254928 0.821574
v 0.052249 0.061752 0.142180
vt 0.110229 0.395020
vn -0.509929 0.254928 0.821574
v 0.030695 0.031832 0.142180
vt 0.194702 0.378906
vn -0.509929 0.254928 0.821574
v 0.052262 0.038888 0.142180
vt 0.160156 0.418457
vn -0.497630 0.248803 0.830940
v 0.264022 -0.042548 0.198461
vt 0.875488 0.770508
vn 0.908221 0.154786 0.388813
v 0.256571 -0.053240 0.180347
vt 0.915527 0.731689
vn 0.915033 0.169434 0.366070
v 0.242161 -0.033595 0.199924
vt 0.839355 0.721924
vn 0.905777 0.154393 0.394628
v 0.235251 -0.045330 0.182090
vt 0.883301 0.685303
vn 0.903785 0.151782 0.400169
v 0.166891 -0.020079 0.179659
vt 0.784180 0.522949
vn 0.918333 0.163263 0.360569
v 0.170900 -0.006925 0.202035
vt 0.729980 0.562012
vn 0.922669 0.175086 0.343551
v 0.135288 0.004804 0.202356
vt 0.673340 0.484375
vn 0.945977 0.209121 0.247781
v 0.131783 -0.011011 0.174738
vt 0.732910 0.431152
vn 0.943745 0.195236 0.266886
v 0.107954 0.012752 0.202643
vt 0.625000 0.430664
vn 0.951484 0.244207 0.187191
v 0.106282 -0.011193 0.169197
vt 0.695312 0.365234
vn 0.952085 0.242715 0.186076
v 0.092536 0.015750 0.199943
vt 0.595703 0.402344
vn 0.937666 0.270724 0.217925
v 0.077766 0.014965 0.189813
vt 0.572754 0.366699
vn 0.919481 0.284748 0.271060
v 0.085455 -0.009922 0.170765
vt 0.651367 0.327148
vn 0.943804 0.279893 0.175769
v 0.065139 -0.000742 0.168506
vt 0.596680 0.298340
vn 0.745328 0.291255 0.599713
v 0.055445 0.008734 0.165837
vt 0.562988 0.285156
vn 0.399676 0.217982 0.890361
v 0.053142 -0.000742 0.163245
vt 0.583984 0.270020
vn 0.433334 0.212059 0.875930
v 0.135463 0.011809 0.202712
vt 0.658203 0.491699
vn 0.413688 0.468339 0.780718
v 0.109549 0.019129 0.202399
vt 0.614258 0.439941
vn 0.396443 0.598754 0.695936
v 0.133943 0.019761 0.195644
vt 0.633789 0.499512
vn 0.447061 0.582777 0.678607
v 0.109553 0.022622 0.192767
vt 0.594727 0.449219
vn 0.387442 0.622357 0.680119
v 0.077766 0.014965 0.189813
vt 0.572754 0.366699
vn 0.325889 0.317929 0.890347
v 0.075324 0.021428 0.187317
vt 0.550781 0.366211
vn 0.336949 0.316875 0.886598
v 0.092536 0.015750 0.199943
vt 0.595703 0.402344
vn 0.420477 0.350410 0.836906
v 0.091397 0.022129 0.198370
vt 0.580566 0.406250
vn 0.413175 0.364564 0.834494
v 0.135288 0.004804 0.202356
vt 0.673340 0.484375
vn 0.483117 0.218751 0.847789
v 0.107954 0.012752 0.202643
vt 0.625000 0.430664
vn 0.447345 0.263944 0.854527
v 0.135463 0.011809 0.202712
vt 0.658203 0.491699
vn 0.481177 0.226722 0.846798
v 0.109549 0.019129 0.202399
vt 0.614258 0.439941
vn 0.449595 0.260742 0.854329
v 0.170900 -0.006925 0.202035
vt 0.729980 0.562012
vn 0.423135 0.167487 0.890452
v 0.172780 -0.000643 0.202635
vt 0.716309 0.571777
vn 0.423135 0.167487 0.890452
v 0.243292 -0.027713 0.200620
vt 0.825684 0.728516
vn 0.378386 0.133303 0.915999
v 0.242161 -0.033595 0.199924
vt 0.839355 0.721924
vn 0.378386 0.133303 0.915999
v 0.264022 -0.042548 0.198461
vt 0.875488 0.770508
vn 0.506581 0.137018 0.851236
v 0.265801 -0.037275 0.199350
vt 0.863770 0.778564
vn 0.500357 0.137554 0.854823
v 0.172780 -0.000643 0.202635
vt 0.716309 0.571777
vn 0.342281 0.330343 0.879612
v 0.173986 0.012237 0.195762
vt 0.683105 0.588379
vn 0.341360 0.337372 0.877299
v 0.243292 -0.027713 0.200620
vt 0.825684 0.728516
vn 0.270592 0.258635 0.927302
v 0.243915 -0.003698 0.194196
vt 0.766113 0.747070
vn 0.271314 0.263336 0.925766
v 0.137592 0.027801 0.175859
vt 0.593750 0.532471
vn 0.448479 0.627892 0.636096
v 0.173986 0.012237 0.195762
vt 0.683105 0.588379
vn 0.406250 0.527338 0.746240
v 0.176083 0.023016 0.180431
vt 0.642090 0.613281
vn 0.399354 0.524655 0.751834
v 0.243915 -0.003698 0.194196
vt 0.766113 0.747070
vn 0.297358 0.426975 0.853974
v 0.249902 0.014482 0.181231
vt 0.715820 0.777710
vn 0.262529 0.408827 0.874036
v 0.107857 0.029430 0.179160
vt 0.565430 0.459961
vn 0.474996 0.662500 0.579200
v 0.108694 0.029658 0.170928
vt 0.557129 0.471191
vn 0.542842 0.756403 0.364933
v 0.091397 0.022129 0.198370
vt 0.580566 0.406250
vn 0.241897 0.588135 0.771740
v 0.075324 0.021428 0.187317
vt 0.550781 0.366211
vn 0.034984 0.280083 0.959338
v 0.091159 0.024779 0.190597
vt 0.561035 0.409668
vn 0.314000 0.567667 0.761025
v 0.035834 0.011643 0.156144
vt 0.541992 0.233887
vn 0.266258 0.167495 0.949238
v 0.053795 0.014451 0.164982
vt 0.547852 0.284180
vn 0.248949 0.186728 0.950346
v 0.037604 0.002366 0.156144
vt 0.565430 0.231445
vn 0.283998 0.176410 0.942457
v 0.037011 -0.007060 0.156144
vt 0.587891 0.224121
vn 0.240370 0.182372 0.953395
v 0.280083 -0.050999 0.195002
vt 0.910645 0.803711
vn 0.918333 0.163263 0.360569
v 0.259665 -0.055049 0.178363
vt 0.924316 0.735352
vn 0.935065 0.204117 0.289811
v 0.268633 -0.053803 0.184900
vt 0.920898 0.764038
vn 0.935959 0.217495 0.276905
v 0.083277 -0.013589 0.169093
vt 0.652344 0.314453
vn 0.985998 0.166340 -0.011813
v 0.081382 -0.026455 0.170265
vt 0.649414 0.280273
vn 0.980118 0.020436 -0.197358
v 0.078567 -0.019248 0.172328
vt 0.641113 0.296387
vn 0.957704 0.286074 -0.031066
v 0.090551 -0.017168 0.152088
vt 0.699219 0.302246
vn 0.181159 0.048795 -0.982243
v 0.087978 -0.028644 0.152088
vt 0.696777 0.272949
vn 0.181326 0.020947 -0.983200
v 0.276174 -0.001306 0.189170
vt 0.778809 0.831299
vn 0.294872 0.282954 0.912681
v 0.279837 -0.012352 0.192719
vt 0.810059 0.833008
vn 0.299104 0.228461 0.926468
v 0.274881 -0.009561 0.191901
vt 0.799805 0.822510
vn 0.263171 0.259184 0.929282
v 0.266945 0.015132 0.177309
vt 0.724121 0.819580
vn 0.217384 0.412330 0.884719
v 0.267601 0.020933 0.175744
vt 0.711914 0.826782
vn 0.267030 0.343338 0.900452
v 0.271078 0.010633 0.184589
vt 0.744141 0.828003
vn 0.276725 0.338240 0.899454
v 0.273480 0.016193 0.184901
vt 0.733398 0.841064
vn 0.330205 0.349826 0.876691
v 0.266145 0.010312 0.184688
vt 0.742188 0.813843
vn 0.209085 0.324861 0.922361
v 0.261433 0.012743 0.180715
vt 0.727539 0.803467
vn 0.057533 0.501477 0.863256
v 0.265212 0.013161 0.179003
vt 0.728027 0.813965
vn 0.110778 0.486651 0.866544
v 0.280413 0.000005 0.191584
vt 0.780273 0.844116
vn 0.334668 0.285690 0.897986
v 0.292409 -0.048342 0.197533
vt 0.908203 0.836670
vn 0.311984 0.223431 0.923442
v 0.265801 -0.037275 0.199350
vt 0.863770 0.778564
vn 0.288693 0.235080 0.928113
v 0.280083 -0.050999 0.195002
vt 0.910645 0.803711
vn 0.591668 0.137762 0.794324
v 0.283923 -0.044832 0.198054
vt 0.895020 0.817993
vn 0.591668 0.137762 0.794324
v 0.292409 -0.048342 0.197533
vt 0.908203 0.836670
vn 0.624651 0.136106 0.768951
v 0.053795 0.014451 0.164982
vt 0.547852 0.284180
vn 0.096857 0.175090 0.979777
v 0.091695 -0.014245 0.152088
vt 0.700684 0.309570
vn 0.985798 0.084038 -0.145398
v 0.074844 -0.007793 0.171696
vt 0.625488 0.313477
vn 0.870839 0.323637 0.369998
v 0.043543 -0.007710 0.158967
vt 0.594238 0.240723
vn 0.202293 0.178024 0.963008
v 0.262342 -0.057062 0.175744
vt 0.933594 0.736572
vn 0.962796 0.214294 0.164626
v 0.283923 -0.044832 0.198054
vt 0.895020 0.817993
vn 0.299104 0.228461 0.926468
v 0.053142 -0.000742 0.163245
vt 0.054016 0.548340
vn 0.056090 0.022443 -0.998173
v 0.065139 -0.000742 0.168506
vt 0.047791 0.579102
vn 0.998372 0.056061 -0.010481
v 0.053142 -0.000742 0.142180
vt 0.101013 0.541016
vn 0.070438 0.037072 -0.996827
v 0.065139 -0.000742 0.142180
vt 0.110474 0.567383
vn 0.998473 0.049426 -0.024664
v 0.043543 -0.007710 0.158967
vt 0.061737 0.516846
vn 0.019436 0.054415 -0.998329
v 0.043543 -0.007710 0.142180
vt 0.104736 0.513672
vn 0.034350 0.091520 -0.995211
v 0.074844 -0.007793 0.171696
vt 0.045837 0.608887
vn 0.995169 0.043899 0.087816
v 0.074844 -0.007793 0.142180
vt 0.115479 0.595703
vn 0.995380 0.047206 0.083603
v 0.078567 -0.019248 0.172328
vt 0.049835 0.637451
vn 0.984623 0.000018 0.174691
v 0.078567 -0.019248 0.142180
vt 0.120850 0.624023
vn 0.984623 0.000018 0.174691
v 0.296874 0.000000 0.197533
vt 0.795410 0.886902
vn 0.416638 0.252628 0.873265
v 0.285242 0.000000 0.195002
vt 0.785156 0.858521
vn 0.389759 0.259832 0.883502
v 0.294533 0.037208 0.197533
vt 0.705566 0.922729
vn 0.451835 0.257540 0.854118
v 0.282992 0.035750 0.195002
vt 0.698242 0.894348
vn 0.411555 0.267046 0.871383
v 0.287547 0.073830 0.197533
vt 0.608887 0.940887
vn 0.400485 0.209352 0.892067
v 0.276280 0.070937 0.195002
vt 0.605957 0.911133
vn 0.375014 0.214278 0.901914
v 0.265874 0.068265 0.184900
vt 0.602051 0.874146
vn 0.340440 0.209482 0.916634
v 0.272333 0.034404 0.184900
vt 0.688965 0.859863
vn 0.319852 0.262410 0.910404
v 0.260469 0.066877 0.175744
vt 0.599609 0.847168
vn 0.322841 0.200662 0.924937
v 0.266797 0.033704 0.175744
vt 0.682129 0.834961
vn 0.252325 0.211628 0.944217
v 0.268633 -0.053803 0.184900
vt 0.920898 0.764038
vn -0.104247 0.092188 0.990270
v 0.265874 -0.068265 0.184900
vt 0.958984 0.760864
vn -0.187709 0.146864 0.971183
v 0.262342 -0.057062 0.175744
vt 0.933594 0.736572
vn -0.147512 0.106504 0.983309
v 0.260469 -0.066877 0.175744
vt 0.958008 0.734863
vn -0.224621 0.162188 0.960854
v 0.280083 -0.050999 0.195002
vt 0.910645 0.803711
vn -0.007704 0.038427 0.999232
v 0.276280 -0.070937 0.195002
vt 0.962891 0.794922
vn -0.062412 0.081913 0.994683
v 0.292409 -0.048342 0.197533
vt 0.908203 0.836670
vn 0.023600 0.031451 0.999227
v 0.287547 -0.073830 0.197533
vt 0.970703 0.821655
vn -0.000016 0.026992 0.999636
v 0.030012 0.001888 0.156144
vt 0.561523 0.149902
vn 0.295214 0.147597 0.943962
v 0.029539 -0.005635 0.156144
vt 0.579590 0.144043
vn 0.286008 0.142973 0.947501
v 0.037604 0.002366 0.156144
vt 0.565430 0.231445
vn 0.295214 0.147597 0.943962
v 0.037011 -0.007060 0.156144
vt 0.587891 0.224121
vn 0.286008 0.142973 0.947501
v 0.030012 0.001888 0.156144
vt 0.561523 0.212891
vn 0.295214 0.147597 0.943962
v 0.029539 -0.005635 0.156144
vt 0.579590 0.207031
vn 0.286008 0.142973 0.947501
v 0.043543 -0.007710 0.142180
vt 0.104736 0.513672
vn 0.459423 0.229676 0.858009
v 0.053142 -0.000742 0.142180
vt 0.101013 0.541016
vn 0.459423 0.229676 0.858009
v 0.078567 -0.019248 0.142180
vt 0.164307 0.579346
vn 0.468152 0.234064 0.852084
v 0.074844 -0.007793 0.142180
vt 0.135620 0.582275
vn 0.468152 0.234064 0.852084
v 0.065139 -0.000742 0.142180
vt 0.110474 0.567383
vn 0.446982 0.223479 0.866178
v 0.042584 0.068774 0.142180
vt 0.105103 0.366699
vn -0.509929 0.254928 0.821574
v 0.020788 0.039029 0.142180
vt 0.192505 0.350098
vn -0.509929 0.254928 0.821574
v 0.042584 0.068774 0.142180
vt 0.161987 0.516357
vn 0.248846 0.767286 0.591056
v 0.042584 0.068774 0.172328
vt 0.232544 0.531494
vn 0.239287 0.764706 0.598303
v 0.020788 0.039029 0.142180
vt 0.192505 0.350098
vn -0.071490 0.791148 0.607432
v 0.020788 0.039029 0.158967
vt 0.234009 0.354492
vn -0.080872 0.798559 0.596459
v 0.189235 0.228745 0.197533
vt 0.141968 0.849121
vn 0.811324 0.485081 0.326268
v 0.159073 0.250659 0.197533
vt 0.049561 0.833252
vn 0.837385 0.503218 0.213443
v 0.189235 0.228745 0.186184
vt 0.137085 0.877014
vn 0.811324 0.485081 0.326268
v 0.159073 0.250659 0.186184
vt 0.044617 0.861450
vn 0.837385 0.503218 0.213443
v 0.208149 0.210984 0.197533
vt 0.205933 0.858154
vn 0.706160 0.479185 0.521267
v 0.208149 0.210984 0.186184
vt 0.198364 0.886047
vn 0.706160 0.479185 0.521267
v 0.240176 0.174498 0.197533
vt 0.322021 0.900513
vn 0.593910 0.466043 0.655801
v 0.240176 0.174498 0.186184
vt 0.313232 0.927856
vn 0.593910 0.466043 0.655801
v 0.260153 0.143020 0.197533
vt 0.414062 0.929565
vn 0.499855 0.368557 0.783780
v 0.260153 0.143020 0.186184
vt 0.408203 0.957458
vn 0.499855 0.368557 0.783780
v 0.276027 0.109287 0.197533
vt 0.511230 0.942719
vn 0.414351 0.238685 0.878261
v 0.276027 0.109287 0.186184
vt 0.509277 0.971252
vn 0.414351 0.238685 0.878261
v 0.287547 -0.073830 0.197533
vt 0.970703 0.821655
vn -0.505130 0.132474 0.852815
v 0.292409 -0.048342 0.197533
vt 0.908203 0.836670
vn -0.441613 0.060176 0.895185
v 0.287547 -0.073830 0.186184
vt 0.978516 0.848999
vn -0.505130 0.132474 0.852815
v 0.292409 -0.048342 0.186184
vt 0.917969 0.863770
vn -0.441613 0.060176 0.895185
v 0.296874 0.000000 0.197533
vt 0.795410 0.886902
vn -0.405410 0.007920 0.914101
v 0.296874 0.000000 0.186184
vt 0.806152 0.913269
vn -0.405410 0.007920 0.914101
v 0.294533 0.037208 0.197533
vt 0.705566 0.922729
vn 0.412105 0.060577 0.909120
v 0.294533 0.037208 0.186184
vt 0.713379 0.950073
vn 0.412105 0.060577 0.909120
v 0.287547 0.073830 0.197533
vt 0.608887 0.940887
vn 0.385751 0.132836 0.912990
v 0.287547 0.073830 0.186184
vt 0.612305 0.969284
vn 0.385751 0.132836 0.912990
v 0.287547 -0.073830 0.197533
vt 0.049561 0.833252
vn -0.582463 0.268087 0.767376
v 0.276027 -0.109287 0.197533
vt 0.141968 0.849121
vn -0.620969 0.291925 0.727446
v 0.276280 -0.070937 0.195002
vt 0.056671 0.804443
vn -0.597969 0.245389 0.763032
v 0.265211 -0.105004 0.195002
vt 0.146484 0.820068
vn -0.611620 0.269277 0.743916
v 0.265874 -0.068265 0.184900
vt 0.064636 0.768311
vn -0.587139 0.211513 0.781365
v 0.255222 -0.101050 0.184900
vt 0.150269 0.783691
vn -0.596581 0.240369 0.765712
v 0.260469 -0.066877 0.175744
vt 0.070190 0.741943
vn -0.567358 0.197681 0.799391
v 0.250034 -0.098995 0.175744
vt 0.153076 0.756836
vn -0.595421 0.227620 0.770495
v 0.216967 -0.101604 0.182090
vt 0.220703 0.705078
vn -0.618813 0.675010 0.401787
v 0.238864 -0.107737 0.180347
vt 0.191895 0.753906
vn -0.655917 0.679883 0.327921
v 0.215659 -0.115160 0.199924
vt 0.266357 0.739014
vn -0.623475 0.676049 0.392729
v 0.238607 -0.120766 0.198461
vt 0.233887 0.790039
vn -0.620804 0.677172 0.395019
v 0.142332 -0.094850 0.202035
vt 0.365723 0.572266
vn -0.658302 0.686363 0.309102
v 0.146819 -0.081852 0.179659
vt 0.309326 0.536621
vn -0.636566 0.684901 0.354534
v 0.113087 -0.068552 0.174738
vt 0.354980 0.441895
vn -0.686507 0.694449 0.215519
v 0.106627 -0.083406 0.202356
vt 0.417236 0.491211
vn -0.710929 0.687421 0.148436
v 0.092563 -0.053415 0.169197
vt 0.389160 0.373535
vn -0.739596 0.670928 0.053411
v 0.079842 -0.073770 0.202643
vt 0.462646 0.435059
vn -0.747237 0.664174 0.022604
v 0.065606 -0.067133 0.199943
vt 0.490234 0.404785
vn -0.777870 0.628246 -0.014984
v 0.074966 -0.042202 0.170765
vt 0.430420 0.332520
vn -0.785238 0.615549 -0.067083
v 0.054118 -0.057817 0.189813
vt 0.511230 0.367676
vn -0.803396 0.593971 -0.041881
v 0.043429 -0.030636 0.163245
vt 0.496826 0.268066
vn -0.893397 0.442590 0.077176
v 0.053134 -0.037688 0.168506
vt 0.483887 0.299316
vn -0.857401 0.514432 0.014918
v 0.039722 -0.039656 0.165837
vt 0.517090 0.284668
vn -0.893255 0.430358 0.129952
v 0.075333 -0.082695 0.192767
vt 0.493896 0.451660
vn -0.989031 0.118909 -0.087622
v 0.077384 -0.079867 0.202399
vt 0.473633 0.443359
vn -0.986697 0.146592 -0.070284
v 0.096747 -0.094717 0.195644
vt 0.458008 0.504395
vn -0.983030 0.160208 -0.089358
v 0.102651 -0.089176 0.202712
vt 0.433105 0.497559
vn -0.960799 0.276995 0.011803
v 0.060934 -0.071625 0.198370
vt 0.505371 0.408203
vn -0.935745 0.344199 0.076873
v 0.048343 -0.061610 0.187317
vt 0.532715 0.366211
vn -0.927574 0.345196 0.142991
v 0.065606 -0.067133 0.199943
vt 0.490234 0.404785
vn -0.931196 0.352608 0.092420
v 0.054118 -0.057817 0.189813
vt 0.511230 0.367676
vn -0.927246 0.341605 0.153365
v 0.077384 -0.079867 0.202399
vt 0.473633 0.443359
vn -0.898085 0.417251 0.139084
v 0.079842 -0.073770 0.202643
vt 0.462646 0.435059
vn -0.898085 0.417251 0.139084
v 0.102651 -0.089176 0.202712
vt 0.433105 0.497559
vn -0.873594 0.453557 0.176407
v 0.106627 -0.083406 0.202356
vt 0.417236 0.491211
vn -0.869945 0.455822 0.188210
v 0.140160 -0.101038 0.202635
vt 0.379883 0.581055
vn -0.831675 0.458687 0.312927
v 0.142332 -0.094850 0.202035
vt 0.365723 0.572266
vn -0.829434 0.457434 0.320613
v 0.215659 -0.115160 0.199924
vt 0.266357 0.739014
vn -0.789290 0.455324 0.411948
v 0.213117 -0.120584 0.200620
vt 0.280518 0.744629
vn -0.795286 0.453812 0.401964
v 0.236948 -0.126078 0.199350
vt 0.246338 0.797241
vn -0.759329 0.492255 0.425563
v 0.238607 -0.120766 0.198461
vt 0.233887 0.790039
vn -0.756441 0.494550 0.428039
v 0.133565 -0.112166 0.195762
vt 0.414062 0.595703
vn -0.935672 0.320785 0.147019
v 0.140160 -0.101038 0.202635
vt 0.379883 0.581055
vn -0.933976 0.324844 0.148878
v 0.199505 -0.140378 0.194196
vt 0.341309 0.758911
vn -0.909597 0.331075 0.251043
v 0.213117 -0.120584 0.200620
vt 0.280518 0.744629
vn -0.905320 0.334841 0.261298
v 0.128926 -0.122119 0.180431
vt 0.456787 0.618164
vn -0.973550 0.228003 -0.014642
v 0.094973 -0.103366 0.175859
vt 0.499512 0.534912
vn -0.986271 0.108502 -0.124484
v 0.133565 -0.112166 0.195762
vt 0.414062 0.595703
vn -0.974519 0.223069 -0.023496
v 0.193662 -0.158605 0.181231
vt 0.393066 0.785889
vn -0.958235 0.245776 0.146221
v 0.199505 -0.140378 0.194196
vt 0.341309 0.758911
vn -0.960908 0.249449 0.120126
v 0.062752 -0.086370 0.169373
vt 0.544434 0.459473
vn -0.878756 0.435057 0.196249
v 0.062384 -0.085864 0.177314
vt 0.544434 0.449707
vn -0.875598 0.425016 0.229541
v 0.070503 -0.087883 0.170928
vt 0.532715 0.472168
vn -0.195562 0.139647 -0.970698
v 0.069960 -0.087207 0.179160
vt 0.523926 0.460938
vn -0.981272 0.046715 -0.186878
v 0.045615 -0.062784 0.185158
vt 0.541504 0.361328
vn -0.870001 0.439247 0.223963
v 0.048343 -0.061610 0.187317
vt 0.532715 0.366211
vn -0.910863 0.207318 0.356859
v 0.049574 -0.068233 0.189305
vt 0.542480 0.384766
vn -0.869457 0.434670 0.234747
v 0.059184 -0.073628 0.190597
vt 0.524902 0.410645
vn -0.982237 0.187621 -0.002953
v 0.060934 -0.071625 0.198370
vt 0.505371 0.408203
vn -0.988536 0.149468 0.021353
v 0.035027 -0.043311 0.164982
vt 0.532227 0.284180
vn -0.891922 0.382774 0.240746
v 0.029031 -0.024017 0.156144
vt 0.518555 0.229980
vn -0.900831 0.403377 0.160595
v 0.022147 -0.030482 0.156144
vt 0.541992 0.233887
vn -0.897740 0.401578 0.181102
v 0.034092 -0.016043 0.156144
vt 0.496826 0.220215
vn -0.912706 0.382141 0.144690
v 0.248953 -0.114371 0.184900
vt 0.188110 0.786377
vn -0.706404 0.678921 0.200147
v 0.256569 -0.123370 0.195002
vt 0.200439 0.825439
vn -0.636566 0.684901 0.354534
v 0.242431 -0.108092 0.178363
vt 0.184082 0.757812
vn -0.715871 0.676924 0.171182
v 0.078567 -0.019248 0.172328
vt 0.441895 0.271484
vn -0.614056 0.770383 -0.171595
v 0.081382 -0.026455 0.170265
vt 0.427002 0.285645
vn -0.454604 0.865259 0.211332
v 0.074876 -0.030609 0.172328
vt 0.437988 0.300781
vn -0.722296 0.643907 -0.252332
v 0.075360 -0.037956 0.169093
vt 0.428467 0.319824
vn -0.608918 0.778492 0.152212
v 0.087978 -0.028644 0.152088
vt 0.379150 0.283691
vn -0.391926 0.866494 0.309163
v 0.083348 -0.039335 0.152088
vt 0.380371 0.312500
vn -0.364817 0.878058 0.309712
v 0.228003 -0.153836 0.191901
vt 0.313477 0.836670
vn -0.907918 0.330432 0.257875
v 0.233653 -0.154491 0.192719
vt 0.303467 0.847778
vn -0.887734 0.369217 0.274967
v 0.224198 -0.161274 0.189170
vt 0.334717 0.844116
vn -0.911844 0.336500 0.235177
v 0.211732 -0.173848 0.184901
vt 0.381592 0.850342
vn -0.929278 0.330371 0.165218
v 0.204189 -0.174227 0.175744
vt 0.402100 0.832642
vn -0.925658 0.314293 0.210657
v 0.213057 -0.167938 0.184589
vt 0.369385 0.838379
vn -0.933508 0.298844 0.198131
v 0.207069 -0.169148 0.177309
vt 0.389160 0.828979
vn -0.942094 0.237106 0.237150
v 0.206825 -0.166535 0.179003
vt 0.384766 0.823853
vn -0.975956 0.133365 0.172403
v 0.204013 -0.163975 0.180715
vt 0.383789 0.814209
vn -0.987243 0.127359 0.095561
v 0.209255 -0.164779 0.184688
vt 0.369873 0.824707
vn -0.938288 0.272294 0.213242
v 0.264979 -0.132764 0.197533
vt 0.205933 0.858154
vn -0.885907 0.379087 0.267322
v 0.226856 -0.164827 0.191584
vt 0.334473 0.856934
vn -0.910272 0.362585 0.199843
v 0.236948 -0.126078 0.199350
vt 0.246338 0.797241
vn -0.894425 0.355463 0.271385
v 0.264979 -0.132764 0.197533
vt 0.205933 0.858154
vn -0.710102 0.536558 0.455917
v 0.256050 -0.130616 0.198054
vt 0.217651 0.838623
vn -0.725472 0.525704 0.444213
v 0.256569 -0.123370 0.195002
vt 0.200439 0.825439
vn -0.729272 0.522592 0.441657
v 0.032806 -0.045153 0.163874
vt 0.540039 0.283203
vn -0.877841 0.438886 0.191764
v 0.035027 -0.043311 0.164982
vt 0.532227 0.284180
vn -0.880093 0.308386 0.361017
v 0.022147 -0.030482 0.156144
vt 0.541992 0.233887
vn -0.879243 0.439587 0.183561
v 0.082555 -0.042372 0.152088
vt 0.379883 0.319824
vn -0.488174 0.852246 0.188053
v 0.065131 -0.037688 0.171696
vt 0.455566 0.316895
vn -0.852093 0.514425 -0.096460
v 0.037011 -0.007060 0.156144
vt 0.478271 0.205078
vn -0.930721 0.325039 0.167656
v 0.043543 -0.007710 0.158967
vt 0.464600 0.216797
vn -0.926814 0.337929 0.163766
v 0.039759 -0.019356 0.158967
vt 0.489258 0.236328
vn -0.917825 0.367835 0.149311
v 0.245779 -0.108037 0.175744
vt 0.175537 0.759399
vn -0.703938 0.703892 0.094909
v 0.256050 -0.130616 0.198054
vt 0.217651 0.838623
vn -0.889395 0.366664 0.273009
v 0.053134 -0.037688 0.142180
vt 0.179932 0.432617
vn -0.244521 0.825117 0.509305
v 0.053134 -0.037688 0.168506
vt 0.241577 0.445312
vn -0.248669 0.818425 0.518019
v 0.043429 -0.030636 0.142180
vt 0.185425 0.404297
vn -0.141713 0.845488 0.514847
v 0.043429 -0.030636 0.163245
vt 0.235352 0.414551
vn -0.146370 0.834166 0.531735
v 0.039759 -0.019356 0.142180
vt 0.194702 0.378906
vn -0.000021 0.789871 0.613273
v 0.039759 -0.019356 0.158967
vt 0.232422 0.384277
vn -0.000021 0.782321 0.622876
v 0.065131 -0.037688 0.142180
vt 0.173950 0.460449
vn -0.237829 0.759952 0.604905
v 0.065131 -0.037688 0.171696
vt 0.243042 0.475098
vn -0.237829 0.759952 0.604905
v 0.074876 -0.030609 0.142180
vt 0.167969 0.488770
vn -0.136098 0.670741 0.729098
v 0.074876 -0.030609 0.172328
vt 0.238525 0.503418
vn -0.136098 0.670741 0.729098
v 0.230765 -0.167661 0.195002
vt 0.330322 0.871582
vn -0.895605 0.400227 0.194191
v 0.240176 -0.174498 0.197533
vt 0.322021 0.900513
vn -0.891350 0.413221 0.186397
v 0.207932 -0.195261 0.195002
vt 0.420166 0.900574
vn -0.898169 0.405708 0.169392
v 0.216412 -0.203224 0.197533
vt 0.414062 0.929565
vn -0.893919 0.422750 0.148968
v 0.181820 -0.219782 0.195002
vt 0.512695 0.912842
vn -0.880030 0.427269 0.207337
v 0.189235 -0.228745 0.197533
vt 0.511230 0.942719
vn -0.878756 0.435057 0.196249
v 0.196033 -0.184087 0.175744
vt 0.432861 0.839844
vn -0.887594 0.376430 0.265478
v 0.200100 -0.187907 0.184900
vt 0.427490 0.865356
vn -0.900710 0.377170 0.215555
v 0.171415 -0.207205 0.175744
vt 0.516113 0.848877
vn -0.876515 0.417157 0.240211
v 0.174972 -0.211504 0.184900
vt 0.514648 0.875854
vn -0.879478 0.418769 0.226167
v 0.245779 -0.108037 0.175744
vt 0.175537 0.759399
vn -0.613148 0.265948 0.743856
v 0.248953 -0.114371 0.184900
vt 0.188110 0.786377
vn -0.612936 0.274429 0.740944
v 0.256569 -0.123370 0.195002
vt 0.200439 0.825439
vn -0.648373 0.301004 0.699291
v 0.264979 -0.132764 0.197533
vt 0.205933 0.858154
vn -0.665545 0.318659 0.674912
v 0.027210 -0.012804 0.156144
vt 0.506836 0.140625
vn -0.886401 0.443167 0.133774
v 0.000000 0.000000 0.156144
vt 0.546875 0.075684
vn -0.886401 0.443167 0.133774
v 0.029539 -0.005635 0.156144
vt 0.492188 0.128418
vn -0.886401 0.443167 0.133774
v 0.023171 -0.019168 0.156144
vt 0.523926 0.148438
vn -0.886401 0.443167 0.133774
v 0.017676 -0.024329 0.156144
vt 0.542969 0.151367
vn -0.884676 0.442282 0.147427
v 0.029539 -0.005635 0.156144
vt 0.492188 0.191406
vn -0.884676 0.442282 0.147427
v 0.037011 -0.007060 0.156144
vt 0.478271 0.205078
vn -0.884676 0.442282 0.147427
v 0.027210 -0.012804 0.156144
vt 0.506836 0.203613
vn -0.884676 0.442282 0.147427
v 0.034092 -0.016043 0.156144
vt 0.496826 0.220215
vn -0.884676 0.442282 0.147427
v 0.023171 -0.019168 0.156144
vt 0.523926 0.211426
vn -0.884676 0.442282 0.147427
v 0.029031 -0.024017 0.156144
vt 0.518555 0.229980
vn -0.884676 0.442282 0.147427
v 0.017676 -0.024329 0.156144
vt 0.542969 0.214355
vn -0.884676 0.442282 0.147427
v 0.022147 -0.030482 0.156144
vt 0.541992 0.233887
vn -0.883545 0.441716 0.155675
v 0.065131 -0.037688 0.142180
vt 0.131592 0.415039
vn -0.697287 0.165975 -0.697311
v 0.043429 -0.030636 0.142180
vt 0.185425 0.404297
vn -0.697287 0.165975 -0.697311
v 0.074876 -0.030609 0.142180
vt 0.110229 0.395020
vn -0.695813 0.178109 -0.695789
v 0.039759 -0.019356 0.142180
vt 0.194702 0.378906
vn -0.695813 0.178109 -0.695789
v 0.053134 -0.037688 0.142180
vt 0.160156 0.418457
vn -0.697287 0.165975 -0.697311
v 0.041122 -0.264248 0.198461
vt 0.875488 0.770508
vn -0.952041 0.196157 0.234818
v 0.028651 -0.260466 0.180347
vt 0.915527 0.731689
vn -0.942096 0.194890 0.272898
v 0.042881 -0.240690 0.199924
vt 0.839355 0.721924
vn -0.952756 0.198205 0.230154
v 0.029585 -0.237745 0.182090
vt 0.883301 0.685303
vn -0.952756 0.198205 0.230154
v 0.032476 -0.164927 0.179659
vt 0.784180 0.522949
vn -0.944938 0.188970 0.267176
v 0.046225 -0.164676 0.202035
vt 0.729980 0.562012
vn -0.937219 0.188093 0.293670
v 0.046375 -0.127182 0.202356
vt 0.673340 0.484375
vn -0.893309 0.162700 0.418960
v 0.030251 -0.128736 0.174738
vt 0.732910 0.431152
vn -0.913310 0.166961 0.371469
v 0.045487 -0.098730 0.202643
vt 0.625000 0.430664
vn -0.831021 0.149389 0.535806
v 0.022197 -0.104539 0.169197
vt 0.695312 0.365234
vn -0.833267 0.148510 0.532551
v 0.043574 -0.083140 0.199943
vt 0.595703 0.402344
vn -0.789390 0.169126 0.590135
v 0.038264 -0.069335 0.189813
vt 0.572754 0.366699
vn -0.777394 0.194306 0.598251
v 0.016971 -0.084338 0.170764
vt 0.651367 0.327148
vn -0.753619 0.152205 0.639447
v 0.019424 -0.062180 0.168506
vt 0.596680 0.298340
vn -0.811347 0.326158 0.485115
v 0.025440 -0.050033 0.165837
vt 0.562988 0.285156
vn -0.853796 0.444106 0.271666
v 0.015716 -0.050770 0.163245
vt 0.583984 0.270020
vn -0.861252 0.426174 0.276804
v 0.053091 -0.125184 0.202712
vt 0.658203 0.491699
vn -0.571611 0.551752 0.607315
v 0.052045 -0.098277 0.202399
vt 0.614258 0.439941
vn -0.342918 0.566147 0.749590
v 0.060185 -0.121281 0.195644
vt 0.633789 0.499512
vn -0.369113 0.537956 0.757864
v 0.055368 -0.097200 0.192767
vt 0.594727 0.449219
vn -0.297585 0.566993 0.768090
v 0.038264 -0.069335 0.189813
vt 0.572754 0.366699
vn -0.756992 0.535498 0.374439
v 0.043656 -0.065015 0.187317
vt 0.550781 0.366211
vn -0.760245 0.529718 0.376067
v 0.043574 -0.083140 0.199943
vt 0.595703 0.402344
vn -0.732011 0.505803 0.456424
v 0.049290 -0.080085 0.198370
vt 0.580566 0.406250
vn -0.712722 0.516062 0.475087
v 0.046375 -0.127182 0.202356
vt 0.673340 0.484375
vn -0.864150 0.410657 0.290869
v 0.045487 -0.098730 0.202643
vt 0.625000 0.430664
vn -0.820409 0.449452 0.353444
v 0.053091 -0.125184 0.202712
vt 0.658203 0.491699
vn -0.855589 0.414642 0.309902
v 0.052045 -0.098277 0.202399
vt 0.614258 0.439941
vn -0.823269 0.446630 0.350357
v 0.046225 -0.164676 0.202035
vt 0.729980 0.562012
vn -0.895906 0.407907 0.175966
v 0.052781 -0.164522 0.202635
vt 0.716309 0.571777
vn -0.894608 0.407349 0.183691
v 0.048825 -0.239948 0.200620
vt 0.825684 0.728516
vn -0.908274 0.404498 0.106860
v 0.042881 -0.240690 0.199924
vt 0.839355 0.721924
vn -0.908274 0.404498 0.106860
v 0.041122 -0.264248 0.198461
vt 0.875488 0.770508
vn -0.924352 0.363352 0.116404
v 0.046686 -0.264311 0.199350
vt 0.863770 0.778564
vn -0.923308 0.365748 0.117181
v 0.052781 -0.164522 0.202635
vt 0.716309 0.571777
vn -0.748872 0.535427 0.390524
v 0.065403 -0.161689 0.195762
vt 0.683105 0.588379
vn -0.740110 0.538926 0.402239
v 0.048825 -0.239948 0.200620
vt 0.825684 0.728516
vn -0.805751 0.526475 0.271275
v 0.071857 -0.233120 0.194196
vt 0.766113 0.747070
vn -0.803199 0.528775 0.274351
v 0.068958 -0.122267 0.175859
vt 0.593750 0.532471
vn -0.285026 0.534389 0.795731
v 0.065403 -0.161689 0.195762
vt 0.683105 0.588379
vn -0.474029 0.564853 0.675454
v 0.076302 -0.160352 0.180430
vt 0.642090 0.613281
vn -0.476567 0.567875 0.671120
v 0.071857 -0.233120 0.194196
vt 0.766113 0.747070
vn -0.617736 0.597873 0.510833
v 0.090998 -0.233196 0.181231
vt 0.715820 0.777710
vn -0.638243 0.610617 0.468820
v 0.061320 -0.093484 0.179160
vt 0.565430 0.459961
vn -0.211935 0.506229 0.835952
v 0.061795 -0.094210 0.170928
vt 0.557129 0.471191
vn 0.015348 0.427004 0.904119
v 0.049290 -0.080085 0.198370
vt 0.580566 0.406250
vn -0.342838 0.651276 0.676980
v 0.043656 -0.065015 0.187317
vt 0.550781 0.366211
vn -0.730217 0.653337 0.199835
v 0.051736 -0.079040 0.190597
vt 0.561035 0.409668
vn -0.392127 0.612639 0.686229
v 0.022147 -0.030482 0.156144
vt 0.541992 0.233887
vn -0.869976 0.467776 0.155971
v 0.030367 -0.046696 0.164982
vt 0.547852 0.284180
vn -0.856515 0.488814 0.165659
v 0.013870 -0.035032 0.156144
vt 0.565430 0.231445
vn -0.866641 0.466313 0.177440
v 0.004722 -0.037381 0.156144
vt 0.587891 0.224121
vn -0.858595 0.489458 0.152468
v 0.038048 -0.282135 0.195002
vt 0.910645 0.803711
vn -0.944938 0.188970 0.267176
v 0.027886 -0.263968 0.178363
vt 0.924316 0.735352
vn -0.903429 0.177937 0.390071
v 0.031843 -0.272111 0.184900
vt 0.920898 0.764038
vn -0.888316 0.178345 0.423187
v 0.012810 -0.083400 0.169093
vt 0.652344 0.314453
vn -0.884670 0.030478 0.465220
v -0.000012 -0.085574 0.170265
vt 0.649414 0.280273
vn 0.916397 0.058638 0.395951
v 0.005973 -0.080670 0.172328
vt 0.641113 0.296387
vn -0.544919 0.047353 0.837151
v 0.011654 -0.091424 0.152088
vt 0.699219 0.302246
vn 0.965324 0.080429 0.248356
v -0.000056 -0.092524 0.152088
vt 0.696777 0.272949
vn 0.958886 0.067945 0.275537
v 0.084100 -0.263061 0.189170
vt 0.778809 0.831299
vn -0.789987 0.530624 0.307177
v 0.074726 -0.269958 0.192719
vt 0.810059 0.833008
vn -0.834676 0.495023 0.241387
v 0.075850 -0.264382 0.191901
vt 0.799805 0.822510
vn -0.804914 0.529936 0.266985
v 0.096882 -0.249204 0.177309
vt 0.724121 0.819580
vn -0.626716 0.634612 0.452211
v 0.102602 -0.248035 0.175744
vt 0.711914 0.826782
vn -0.722434 0.577101 0.380845
v 0.093880 -0.254524 0.184589
vt 0.744141 0.828003
vn -0.728442 0.570055 0.380011
v 0.099911 -0.255091 0.184901
vt 0.733398 0.841064
vn -0.725208 0.549854 0.414408
v 0.092051 -0.249933 0.184688
vt 0.742188 0.813843
vn -0.731938 0.595638 0.330882
v 0.092906 -0.244699 0.180715
vt 0.727539 0.803467
vn -0.430770 0.742326 0.513214
v 0.094472 -0.248165 0.179003
vt 0.728027 0.813965
vn -0.478201 0.712894 0.512939
v 0.086658 -0.266687 0.191584
vt 0.780273 0.844116
vn -0.790466 0.513339 0.334136
v 0.044383 -0.293036 0.197533
vt 0.908203 0.836670
vn -0.840558 0.486158 0.238982
v 0.046686 -0.264311 0.199350
vt 0.863770 0.778564
vn -0.828760 0.503721 0.243767
v 0.038048 -0.282135 0.195002
vt 0.910645 0.803711
vn -0.933879 0.334961 0.125182
v 0.045099 -0.283881 0.198054
vt 0.895020 0.817993
vn -0.933879 0.334961 0.125182
v 0.044383 -0.293036 0.197533
vt 0.908203 0.836670
vn -0.938436 0.322782 0.123084
v 0.030367 -0.046696 0.164982
vt 0.547852 0.284180
vn -0.834625 0.545131 0.078951
v 0.014787 -0.091609 0.152088
vt 0.700684 0.309570
vn 0.861313 0.034262 0.506918
v 0.015716 -0.073589 0.171695
vt 0.625488 0.313477
vn -0.732819 0.246965 0.634023
v 0.006123 -0.043795 0.158967
vt 0.594238 0.240723
vn -0.851610 0.504593 0.141939
v 0.026799 -0.267135 0.175744
vt 0.933594 0.736572
vn -0.874988 0.131553 0.465928
v 0.045099 -0.283881 0.198054
vt 0.895020 0.817993
vn -0.834676 0.495023 0.241387
v 0.015716 -0.050770 0.163245
vt 0.054016 0.548340
vn 0.997114 0.026239 0.071236
v 0.019424 -0.062180 0.168506
vt 0.047791 0.579102
vn -0.987794 0.007746 0.155572
v 0.015716 -0.050770 0.142180
vt 0.101013 0.541016
vn 0.996221 0.040284 0.076949
v 0.019424 -0.062180 0.142180
vt 0.110474 0.567383
vn 0.983232 0.000018 0.182361
v 0.006123 -0.043795 0.158967
vt 0.061737 0.516846
vn 0.999717 0.022564 -0.007495
v 0.006123 -0.043795 0.142180
vt 0.104736 0.513672
vn 0.999335 0.029203 -0.021846
v 0.015716 -0.073589 0.171695
vt 0.045837 0.608887
vn -0.996113 0.050515 0.072162
v 0.015716 -0.073589 0.142180
vt 0.115479 0.595703
vn -0.995384 0.047204 0.083566
v 0.005973 -0.080670 0.172328
vt 0.049835 0.637451
vn -0.998578 0.042643 -0.031982
v 0.005973 -0.080670 0.142180
vt 0.120850 0.624023
vn -0.998578 0.042643 -0.031982
v 0.091739 -0.282344 0.197533
vt 0.795410 0.886902
vn -0.827209 0.456643 0.327417
v 0.088145 -0.271281 0.195002
vt 0.785156 0.858521
vn -0.822338 0.474090 0.314642
v 0.126403 -0.268620 0.197533
vt 0.705566 0.922729
vn -0.823598 0.442456 0.354850
v 0.121450 -0.258094 0.195002
vt 0.698242 0.894348
vn -0.815573 0.471428 0.335553
v 0.159073 -0.250659 0.197533
vt 0.608887 0.940887
vn -0.861007 0.439138 0.256566
v 0.152840 -0.240837 0.195002
vt 0.605957 0.911133
vn -0.854099 0.452628 0.256208
v 0.147083 -0.231766 0.184900
vt 0.602051 0.874146
vn -0.854756 0.465050 0.230479
v 0.116876 -0.248373 0.184900
vt 0.688965 0.859863
vn -0.812016 0.507464 0.288287
v 0.144093 -0.227055 0.175744
vt 0.599609 0.847168
vn -0.859248 0.467133 0.208518
v 0.114500 -0.243324 0.175744
vt 0.682129 0.834961
vn -0.840182 0.504062 0.200037
v 0.031843 -0.272111 0.184900
vt 0.920898 0.764038
vn -0.889188 0.340081 -0.306087
v 0.017236 -0.273956 0.184900
vt 0.958984 0.760864
vn -0.864560 0.294943 -0.406873
v 0.026799 -0.267135 0.175744
vt 0.933594 0.736572
vn -0.876652 0.285408 -0.387330
v 0.016886 -0.268387 0.175744
vt 0.958008 0.734863
vn -0.841792 0.243518 -0.481752
v 0.038048 -0.282135 0.195002
vt 0.910645 0.803711
vn -0.898538 0.407203 -0.163756
v 0.017910 -0.284679 0.195002
vt 0.962891 0.794922
vn -0.891714 0.393242 -0.224068
v 0.044383 -0.293036 0.197533
vt 0.908203 0.836670
vn -0.901595 0.414105 -0.125071
v 0.018641 -0.296288 0.197533
vt 0.970703 0.821655
vn -0.901469 0.404554 -0.153913
v 0.011070 -0.027960 0.156144
vt 0.561523 0.149902
vn -0.886401 0.443167 0.133774
v 0.003769 -0.029835 0.156144
vt 0.579590 0.144043
vn -0.887363 0.443648 0.125553
v 0.013870 -0.035032 0.156144
vt 0.565430 0.231445
vn -0.886401 0.443167 0.133774
v 0.004722 -0.037381 0.156144
vt 0.587891 0.224121
vn -0.886401 0.443167 0.133774
v 0.011070 -0.027960 0.156144
vt 0.561523 0.212891
vn -0.886401 0.443167 0.133774
v 0.003769 -0.029835 0.156144
vt 0.579590 0.207031
vn -0.886401 0.443167 0.133774
v 0.006123 -0.043795 0.142180
vt 0.104736 0.513672
vn -0.848308 0.424117 0.317015
v 0.015716 -0.050770 0.142180
vt 0.101013 0.541016
vn -0.848308 0.424117 0.317015
v 0.005973 -0.080670 0.142180
vt 0.164307 0.579346
vn -0.845903 0.422891 0.324980
v 0.015716 -0.073589 0.142180
vt 0.135620 0.582275
vn -0.843680 0.421803 0.332094
v 0.019424 -0.062180 0.142180
vt 0.110474 0.567383
vn -0.852675 0.426302 0.302013
v 0.078567 -0.019248 0.142180
vt 0.105103 0.366699
vn -0.695813 0.178109 -0.695789
v 0.043543 -0.007710 0.142180
vt 0.192505 0.350098
vn -0.695813 0.178109 -0.695789
v 0.078567 -0.019248 0.142180
vt 0.161987 0.516357
vn -0.000021 0.580348 0.814369
v 0.078567 -0.019248 0.172328
vt 0.232544 0.531494
vn -0.000021 0.580348 0.814369
v 0.043543 -0.007710 0.142180
vt 0.192505 0.350098
vn 0.082148 0.791069 0.606186
v 0.043543 -0.007710 0.158967
vt 0.234009 0.354492
vn 0.091525 0.798436 0.595082
v 0.276027 -0.109287 0.197533
vt 0.141968 0.849121
vn -0.373925 0.267636 0.888004
v 0.287547 -0.073830 0.197533
vt 0.049561 0.833252
vn -0.262731 0.217523 0.940030
v 0.276027 -0.109287 0.186184
vt 0.137085 0.877014
vn -0.373925 0.267636 0.888004
v 0.287547 -0.073830 0.186184
vt 0.044617 0.861450
vn -0.262731 0.217523 0.940030
v 0.264979 -0.132764 0.197533
vt 0.205933 0.858154
vn -0.495104 0.373377 0.784514
v 0.264979 -0.132764 0.186184
vt 0.198364 0.886047
vn -0.495104 0.373377 0.784514
v 0.240176 -0.174498 0.197533
vt 0.322021 0.900513
vn -0.560209 0.448943 0.696144
v 0.240176 -0.174498 0.186184
vt 0.313232 0.927856
vn -0.560209 0.448943 0.696144
v 0.216412 -0.203224 0.197533
vt 0.414062 0.929565
vn -0.709036 0.472647 0.523328
v 0.216412 -0.203224 0.186184
vt 0.408203 0.957458
vn -0.709036 0.472647 0.523328
v 0.189235 -0.228745 0.197533
vt 0.511230 0.942719
vn -0.839912 0.450211 0.303082
v 0.189235 -0.228745 0.186184
vt 0.509277 0.971252
vn -0.839912 0.450211 0.303082
v 0.018641 -0.296288 0.197533
vt 0.970703 0.821655
vn -0.865623 0.053804 -0.497796
v 0.044383 -0.293036 0.197533
vt 0.908203 0.836670
vn -0.942166 0.171256 -0.288086
v 0.018641 -0.296288 0.186184
vt 0.978516 0.848999
vn -0.865623 0.053804 -0.497796
v 0.044383 -0.293036 0.186184
vt 0.917969 0.863770
vn -0.942166 0.171256 -0.288086
v 0.091739 -0.282344 0.197533
vt 0.795410 0.886902
vn -0.960311 0.230442 -0.157159
v 0.091739 -0.282344 0.186184
vt 0.806152 0.913269
vn -0.960311 0.230442 -0.157159
v 0.126403 -0.268620 0.197533
vt 0.705566 0.922729
vn -0.940513 0.338962 -0.023238
v 0.126403 -0.268620 0.186184
vt 0.713379 0.950073
vn -0.940513 0.338962 -0.023238
v 0.159073 -0.250659 0.197533
vt 0.608887 0.940887
vn -0.909596 0.401710 0.106132
v 0.159073 -0.250659 0.186184
vt 0.612305 0.969284
vn -0.909596 0.401710 0.106132
v 0.018641 -0.296288 0.197533
vt 0.049561 0.833252
vn -0.663926 0.212394 -0.717001
v -0.018641 -0.296288 0.197533
vt 0.141968 0.849121
vn -0.660017 0.266114 -0.702539
v 0.017910 -0.284679 0.195002
vt 0.056671 0.804443
vn -0.633131 0.172196 -0.754648
v -0.017910 -0.284679 0.195002
vt 0.146484 0.820068
vn -0.645458 0.229015 -0.728654
v 0.017236 -0.273956 0.184900
vt 0.064636 0.768311
vn -0.604346 0.107191 -0.789479
v -0.017236 -0.273956 0.184900
vt 0.150269 0.783691
vn -0.629360 0.161090 -0.760234
v 0.016886 -0.268387 0.175744
vt 0.070190 0.741943
vn -0.601294 0.077557 -0.795255
v -0.016886 -0.268387 0.175744
vt 0.153076 0.756836
vn -0.616898 0.138152 -0.774823
v -0.029585 -0.237745 0.182090
vt 0.220703 0.705078
vn -0.422863 0.901796 0.089163
v -0.028651 -0.260466 0.180347
vt 0.191895 0.753906
vn -0.401101 0.912163 0.084118
v -0.042881 -0.240690 0.199924
vt 0.266357 0.739014
vn -0.421736 0.902664 0.085655
v -0.041122 -0.264248 0.198461
vt 0.233887 0.790039
vn -0.420345 0.903022 0.088663
v -0.046225 -0.164676 0.202035
vt 0.365723 0.572266
vn -0.384194 0.918070 0.097688
v -0.032476 -0.164927 0.179659
vt 0.309326 0.536621
vn -0.395455 0.912786 0.102162
v -0.030251 -0.128736 0.174738
vt 0.354980 0.441895
vn -0.337341 0.934111 0.116782
v -0.046375 -0.127182 0.202356
vt 0.417236 0.491211
vn -0.316050 0.941611 0.116111
v -0.022197 -0.104539 0.169197
vt 0.389160 0.373535
vn -0.285675 0.952231 0.107916
v -0.045487 -0.098730 0.202643
vt 0.462646 0.435059
vn -0.280815 0.953969 0.105288
v -0.043574 -0.083140 0.199943
vt 0.490234 0.404785
vn -0.310282 0.949347 0.049646
v -0.016971 -0.084338 0.170764
vt 0.430420 0.332520
vn -0.286584 0.956225 0.059184
v -0.038264 -0.069335 0.189813
vt 0.511230 0.367676
vn -0.341749 0.939791 -0.000020
v -0.015716 -0.050770 0.163245
vt 0.496826 0.268066
vn -0.443031 0.774030 -0.452329
v -0.019424 -0.062180 0.168506
vt 0.483887 0.299316
vn -0.396129 0.891222 -0.220918
v -0.025440 -0.050033 0.165837
vt 0.517090 0.284668
vn -0.457921 0.738218 -0.495320
v -0.055368 -0.097200 0.192767
vt 0.493896 0.451660
vn -0.140114 0.409449 -0.901510
v -0.052045 -0.098277 0.202399
vt 0.473633 0.443359
vn -0.160701 0.428460 -0.889155
v -0.060185 -0.121281 0.195644
vt 0.458008 0.504395
vn -0.179952 0.496509 -0.849173
v -0.053091 -0.125184 0.202712
vt 0.433105 0.497559
vn -0.280393 0.545993 -0.789476
v -0.049290 -0.080085 0.198370
vt 0.505371 0.408203
vn -0.374498 0.634980 -0.675686
v -0.043656 -0.065015 0.187317
vt 0.532715 0.366211
vn -0.407308 0.598413 -0.689929
v -0.043574 -0.083140 0.199943
vt 0.490234 0.404785
vn -0.385332 0.646244 -0.658702
v -0.038264 -0.069335 0.189813
vt 0.511230 0.367676
vn -0.406972 0.589646 -0.697633
v -0.052045 -0.098277 0.202399
vt 0.473633 0.443359
vn -0.454932 0.716799 -0.528428
v -0.045487 -0.098730 0.202643
vt 0.462646 0.435059
vn -0.454932 0.716799 -0.528428
v -0.053091 -0.125184 0.202712
vt 0.433105 0.497559
vn -0.483468 0.753037 -0.446312
v -0.046375 -0.127182 0.202356
vt 0.417236 0.491211
vn -0.484652 0.756894 -0.438433
v -0.052781 -0.164522 0.202635
vt 0.379883 0.581055
vn -0.535033 0.719489 -0.442804
v -0.046225 -0.164676 0.202035
vt 0.365723 0.572266
vn -0.540759 0.711738 -0.448340
v -0.042881 -0.240690 0.199924
vt 0.266357 0.739014
vn -0.575100 0.686349 -0.445179
v -0.048825 -0.239948 0.200620
vt 0.280518 0.744629
vn -0.574451 0.681799 -0.452942
v -0.046686 -0.264311 0.199350
vt 0.246338 0.797241
vn -0.573324 0.744405 -0.342287
v -0.041122 -0.264248 0.198461
vt 0.233887 0.790039
vn -0.573365 0.747452 -0.335512
v -0.065403 -0.161689 0.195762
vt 0.414062 0.595703
vn -0.385208 0.553653 -0.738298
v -0.052781 -0.164522 0.202635
vt 0.379883 0.581055
vn -0.392080 0.557717 -0.731590
v -0.071857 -0.233120 0.194196
vt 0.341309 0.758911
vn -0.442421 0.522439 -0.728918
v -0.048825 -0.239948 0.200620
vt 0.280518 0.744629
vn -0.447890 0.528867 -0.720898
v -0.076302 -0.160352 0.180430
vt 0.456787 0.618164
vn -0.226834 0.482383 -0.846081
v -0.068958 -0.122267 0.175859
vt 0.499512 0.534912
vn -0.141519 0.464306 -0.874295
v -0.065403 -0.161689 0.195762
vt 0.414062 0.595703
vn -0.226048 0.487926 -0.843108
v -0.090998 -0.233196 0.181231
vt 0.393066 0.785889
vn -0.308096 0.410698 -0.858140
v -0.071857 -0.233120 0.194196
vt 0.341309 0.758911
vn -0.300493 0.432381 -0.850148
v -0.062752 -0.086370 0.169373
vt 0.544434 0.459473
vn -0.491209 0.712675 -0.500808
v -0.062384 -0.085864 0.177314
vt 0.544434 0.449707
vn -0.501092 0.684141 -0.529960
v -0.061795 -0.094210 0.170928
vt 0.532715 0.472168
vn 0.007895 0.472244 -0.881432
v -0.061320 -0.093484 0.179160
vt 0.523926 0.460938
vn -0.106374 0.469420 -0.876544
v -0.045615 -0.062784 0.185158
vt 0.541504 0.361328
vn -0.500834 0.712675 -0.491183
v -0.043656 -0.065015 0.187317
vt 0.532715 0.366211
vn -0.362159 0.236479 -0.901620
v -0.049574 -0.068233 0.189305
vt 0.542480 0.384766
vn -0.505300 0.699550 -0.505274
v -0.051736 -0.079040 0.190597
vt 0.524902 0.410645
vn -0.180957 0.368917 -0.911677
v -0.049290 -0.080085 0.198370
vt 0.505371 0.408203
vn -0.149113 0.269749 -0.951315
v -0.030367 -0.046696 0.164982
vt 0.532227 0.284180
vn -0.477867 0.618871 -0.623411
v -0.013870 -0.035032 0.156144
vt 0.518555 0.229980
vn -0.454185 0.690319 -0.563184
v -0.022147 -0.030482 0.156144
vt 0.541992 0.233887
vn -0.464728 0.674196 -0.574010
v -0.004722 -0.037381 0.156144
vt 0.496826 0.220215
vn -0.433210 0.665075 -0.608280
v -0.031843 -0.272111 0.184900
vt 0.188110 0.786377
vn -0.351133 0.932047 0.089412
v -0.038048 -0.282135 0.195002
vt 0.200439 0.825439
vn -0.395455 0.912786 0.102162
v -0.027886 -0.263968 0.178363
vt 0.184082 0.757812
vn -0.343472 0.934933 0.089034
v 0.005973 -0.080670 0.172328
vt 0.441895 0.271484
vn 0.060884 0.984284 0.165763
v -0.000012 -0.085574 0.170265
vt 0.427002 0.285645
vn 0.045830 0.916570 0.397238
v -0.005973 -0.080670 0.172328
vt 0.437988 0.300781
vn -0.100344 0.986372 0.130393
v -0.012810 -0.083400 0.169093
vt 0.428467 0.319824
vn -0.138425 0.939554 0.313171
v -0.000056 -0.092524 0.152088
vt 0.379150 0.283691
vn 0.040685 0.891211 0.451760
v -0.011654 -0.091424 0.152088
vt 0.380371 0.312500
vn 0.072566 0.899201 0.431475
v -0.075850 -0.264382 0.191901
vt 0.313477 0.836670
vn -0.444380 0.516290 -0.732100
v -0.074726 -0.269958 0.192719
vt 0.303467 0.847778
vn -0.484098 0.579061 -0.656001
v -0.084100 -0.263061 0.189170
vt 0.334717 0.844116
vn -0.439135 0.540398 -0.717725
v -0.099911 -0.255091 0.184901
vt 0.381592 0.850342
vn -0.405445 0.556933 -0.724873
v -0.102602 -0.248035 0.175744
vt 0.402100 0.832642
vn -0.410478 0.503938 -0.759970
v -0.093880 -0.254524 0.184589
vt 0.369385 0.838379
vn -0.388349 0.483377 -0.784558
v -0.096882 -0.249204 0.177309
vt 0.389160 0.828979
vn -0.340530 0.347870 -0.873513
v -0.094472 -0.248165 0.179003
vt 0.384766 0.823853
vn -0.202774 0.167770 -0.964747
v -0.092906 -0.244699 0.180715
vt 0.383789 0.814209
vn -0.161425 0.189450 -0.968530
v -0.092051 -0.249933 0.184688
vt 0.369873 0.824707
vn -0.367073 0.428169 -0.825790
v -0.044383 -0.293036 0.197533
vt 0.205933 0.858154
vn -0.490085 0.595407 -0.636638
v -0.086658 -0.266687 0.191584
vt 0.334473 0.856934
vn -0.447191 0.599038 -0.664209
v -0.046686 -0.264311 0.199350
vt 0.246338 0.797241
vn -0.472218 0.555981 -0.684029
v -0.044383 -0.293036 0.197533
vt 0.205933 0.858154
vn -0.557648 0.802039 -0.213920
v -0.045099 -0.283881 0.198054
vt 0.217651 0.838623
vn -0.563459 0.787974 -0.248216
v -0.038048 -0.282135 0.195002
vt 0.200439 0.825439
vn -0.559951 0.790952 -0.246676
v -0.032806 -0.045153 0.163874
vt 0.540039 0.283203
vn -0.490165 0.720764 -0.490140
v -0.030367 -0.046696 0.164982
vt 0.532227 0.284180
vn -0.471232 0.428305 -0.771035
v -0.022147 -0.030482 0.156144
vt 0.541992 0.233887
vn -0.490165 0.720764 -0.490140
v -0.014787 -0.091609 0.152088
vt 0.379883 0.319824
vn 0.015204 0.914618 0.404034
v -0.015716 -0.073589 0.171695
vt 0.455566 0.316895
vn -0.337925 0.935206 -0.105817
v 0.004722 -0.037381 0.156144
vt 0.478271 0.205078
vn -0.398452 0.552911 -0.731796
v 0.006123 -0.043795 0.158967
vt 0.464600 0.216797
vn -0.408865 0.578085 -0.706149
v -0.006123 -0.043795 0.158967
vt 0.489258 0.236328
vn -0.426407 0.637424 -0.641770
v -0.026799 -0.267135 0.175744
vt 0.175537 0.759399
vn -0.256256 0.952554 0.164238
v -0.045099 -0.283881 0.198054
vt 0.217651 0.838623
vn -0.481248 0.575620 -0.661106
v -0.019424 -0.062180 0.142180
vt 0.179932 0.432617
vn -0.000021 0.814369 0.580348
v -0.019424 -0.062180 0.168506
vt 0.241577 0.445312
vn -0.018846 0.818634 0.574007
v -0.015716 -0.050770 0.142180
vt 0.185425 0.404297
vn 0.131546 0.845848 0.516949
v -0.015716 -0.050770 0.163245
vt 0.235352 0.414551
vn 0.105869 0.832498 0.543819
v -0.006123 -0.043795 0.142180
vt 0.194702 0.378906
vn 0.177861 0.805653 0.565056
v -0.006123 -0.043795 0.158967
vt 0.232422 0.384277
vn 0.159212 0.796105 0.583839
v -0.015716 -0.073589 0.142180
vt 0.173950 0.460449
vn -0.141713 0.845488 0.514847
v -0.015716 -0.073589 0.171695
vt 0.243042 0.475098
vn -0.142874 0.842756 0.518988
v -0.005973 -0.080670 0.142180
vt 0.167969 0.488770
vn -0.244521 0.825117 0.509305
v -0.005973 -0.080670 0.172328
vt 0.238525 0.503418
vn -0.235276 0.823311 0.516531
v -0.088145 -0.271281 0.195002
vt 0.330322 0.871582
vn -0.472770 0.660883 -0.582857
v -0.091739 -0.282344 0.197533
vt 0.322021 0.900513
vn -0.474421 0.688311 -0.548774
v -0.121450 -0.258094 0.195002
vt 0.420166 0.900574
vn -0.461820 0.685867 -0.562414
v -0.126403 -0.268620 0.197533
vt 0.414062 0.929565
vn -0.464949 0.715990 -0.520750
v -0.152840 -0.240837 0.195002
vt 0.512695 0.912842
vn -0.492146 0.697555 -0.520778
v -0.159073 -0.250659 0.197533
vt 0.511230 0.942719
vn -0.491209 0.712675 -0.500808
v -0.114500 -0.243324 0.175744
vt 0.432861 0.839844
vn -0.487250 0.591939 -0.642024
v -0.116876 -0.248373 0.184900
vt 0.427490 0.865356
vn -0.460261 0.625515 -0.629992
v -0.144093 -0.227055 0.175744
vt 0.516113 0.848877
vn -0.501470 0.668522 -0.549188
v -0.147083 -0.231766 0.184900
vt 0.514648 0.875854
vn -0.495984 0.677099 -0.543633
v -0.026799 -0.267135 0.175744
vt 0.175537 0.759399
vn -0.642054 0.217441 -0.735177
v -0.031843 -0.272111 0.184900
vt 0.188110 0.786377
vn -0.648759 0.240611 -0.721955
v -0.038048 -0.282135 0.195002
vt 0.200439 0.825439
vn -0.648679 0.295315 -0.701430
v -0.044383 -0.293036 0.197533
vt 0.205933 0.858154
vn -0.648780 0.340288 -0.680653
v -0.003769 -0.029835 0.156144
vt 0.506836 0.140625
vn -0.466326 0.751766 -0.466249
v 0.000000 0.000000 0.156144
vt 0.546875 0.075684
vn -0.466326 0.751766 -0.466249
v 0.003769 -0.029835 0.156144
vt 0.492188 0.128418
vn -0.466326 0.751766 -0.466249
v -0.011070 -0.027960 0.156144
vt 0.523926 0.148438
vn -0.468999 0.748401 -0.468973
v -0.017676 -0.024329 0.156144
vt 0.542969 0.151367
vn -0.468999 0.748401 -0.468973
v 0.003769 -0.029835 0.156144
vt 0.492188 0.191406
vn -0.472314 0.744188 -0.472339
v 0.004722 -0.037381 0.156144
vt 0.478271 0.205078
vn -0.472314 0.744188 -0.472339
v -0.003769 -0.029835 0.156144
vt 0.506836 0.203613
vn -0.472314 0.744188 -0.472339
v -0.004722 -0.037381 0.156144
vt 0.496826 0.220215
vn -0.472314 0.744188 -0.472339
v -0.011070 -0.027960 0.156144
vt 0.523926 0.211426
vn -0.472314 0.744188 -0.472339
v -0.013870 -0.035032 0.156144
vt 0.518555 0.229980
vn -0.472314 0.744188 -0.472339
v -0.017676 -0.024329 0.156144
vt 0.542969 0.214355
vn -0.472314 0.744188 -0.472339
v -0.022147 -0.030482 0.156144
vt 0.541992 0.233887
vn -0.474960 0.740845 -0.474934
v -0.015716 -0.073589 0.142180
vt 0.131592 0.415039
vn -0.095889 0.990761 -0.095908
v -0.015716 -0.050770 0.142180
vt 0.185425 0.404297
vn -0.091976 0.991506 -0.091958
v -0.005973 -0.080670 0.142180
vt 0.110229 0.395020
vn -0.091976 0.991506 -0.091958
v -0.006123 -0.043795 0.142180
vt 0.194702 0.378906
vn -0.091976 0.991506 -0.091958
v -0.019424 -0.062180 0.142180
vt 0.160156 0.418457
vn -0.095889 0.990761 -0.095908
v -0.238607 -0.120766 0.198461
vt 0.875488 0.770508
vn -0.296429 0.264215 -0.917780
v -0.238864 -0.107737 0.180347
vt 0.915527 0.731689
vn -0.311060 0.243095 -0.918774
v -0.215659 -0.115160 0.199924
vt 0.839355 0.721924
vn -0.295847 0.270869 -0.916026
v -0.216967 -0.101604 0.182090
vt 0.883301 0.685303
vn -0.295847 0.270869 -0.916026
v -0.146819 -0.081852 0.179659
vt 0.784180 0.522949
vn -0.302586 0.242033 -0.921879
v -0.142332 -0.094850 0.202035
vt 0.729980 0.562012
vn -0.312602 0.222721 -0.923404
v -0.106627 -0.083406 0.202356
vt 0.673340 0.484375
vn -0.341181 0.136438 -0.930043
v -0.113087 -0.068552 0.174738
vt 0.732910 0.431152
vn -0.325124 0.157165 -0.932520
v -0.079842 -0.073770 0.202643
vt 0.625000 0.430664
vn -0.381199 0.073988 -0.921528
v -0.092563 -0.053415 0.169197
vt 0.695312 0.365234
vn -0.376744 0.073839 -0.923370
v -0.065606 -0.067133 0.199943
vt 0.595703 0.402344
vn -0.429587 0.093700 -0.898151
v -0.054118 -0.057817 0.189813
vt 0.572754 0.366699
vn -0.464360 0.129176 -0.876175
v -0.074966 -0.042202 0.170765
vt 0.651367 0.327148
vn -0.437359 0.046824 -0.898067
v -0.053134 -0.037688 0.168506
vt 0.596680 0.298340
vn -0.548782 0.412694 -0.726995
v -0.039722 -0.039656 0.165837
vt 0.562988 0.285156
vn -0.523244 0.700822 -0.484834
v -0.043429 -0.030636 0.163245
vt 0.583984 0.270020
vn -0.523214 0.664983 -0.532958
v -0.102651 -0.089176 0.202712
vt 0.658203 0.491699
vn -0.592843 0.797576 -0.111396
v -0.077384 -0.079867 0.202399
vt 0.614258 0.439941
vn -0.575120 0.813427 0.087023
v -0.096747 -0.094717 0.195644
vt 0.633789 0.499512
vn -0.615877 0.787712 0.014345
v -0.075333 -0.082695 0.192767
vt 0.594727 0.449219
vn -0.560598 0.816819 0.136148
v -0.054118 -0.057817 0.189813
vt 0.572754 0.366699
vn -0.533148 0.813031 -0.233951
v -0.048343 -0.061610 0.187317
vt 0.550781 0.366211
vn -0.538939 0.804422 -0.249899
v -0.065606 -0.067133 0.199943
vt 0.595703 0.402344
vn -0.574561 0.763273 -0.295455
v -0.060934 -0.071625 0.198370
vt 0.580566 0.406250
vn -0.574985 0.774556 -0.263543
v -0.106627 -0.083406 0.202356
vt 0.673340 0.484375
vn -0.520796 0.636429 -0.568972
v -0.079842 -0.073770 0.202643
vt 0.625000 0.430664
vn -0.554808 0.686420 -0.470122
v -0.102651 -0.089176 0.202712
vt 0.658203 0.491699
vn -0.529788 0.637653 -0.559218
v -0.077384 -0.079867 0.202399
vt 0.614258 0.439941
vn -0.553873 0.681634 -0.478122
v -0.142332 -0.094850 0.202035
vt 0.729980 0.562012
vn -0.464219 0.689363 -0.556129
v -0.140160 -0.101038 0.202635
vt 0.716309 0.571777
vn -0.469554 0.681259 -0.561610
v -0.213117 -0.120584 0.200620
vt 0.825684 0.728516
vn -0.433239 0.714521 -0.549330
v -0.215659 -0.115160 0.199924
vt 0.839355 0.721924
vn -0.433239 0.714521 -0.549330
v -0.238607 -0.120766 0.198461
vt 0.875488 0.770508
vn -0.407822 0.645619 -0.645645
v -0.236948 -0.126078 0.199350
vt 0.863770 0.778564
vn -0.410195 0.651165 -0.638533
v -0.140160 -0.101038 0.202635
vt 0.716309 0.571777
vn -0.541948 0.807050 -0.234441
v -0.133565 -0.112166 0.195762
vt 0.683105 0.588379
vn -0.542693 0.810148 -0.221685
v -0.213117 -0.120584 0.200620
vt 0.825684 0.728516
vn -0.499453 0.827185 -0.257510
v -0.199505 -0.140378 0.194196
vt 0.766113 0.747070
vn -0.502885 0.826390 -0.253350
v -0.094973 -0.103366 0.175859
vt 0.593750 0.532471
vn -0.604047 0.792267 0.086260
v -0.133565 -0.112166 0.195762
vt 0.683105 0.588379
vn -0.592156 0.805558 -0.020669
v -0.128926 -0.122119 0.180431
vt 0.642090 0.613281
vn -0.589954 0.807253 -0.017245
v -0.199505 -0.140378 0.194196
vt 0.766113 0.747070
vn -0.534724 0.843556 -0.049838
v -0.193662 -0.158605 0.181231
vt 0.715820 0.777710
vn -0.518514 0.854316 -0.035876
v -0.069960 -0.087207 0.179160
vt 0.565430 0.459961
vn -0.622418 0.773777 0.117747
v -0.070503 -0.087883 0.170928
vt 0.557129 0.471191
vn -0.528223 0.743904 0.409374
v -0.060934 -0.071625 0.198370
vt 0.580566 0.406250
vn -0.432474 0.868925 0.240697
v -0.048343 -0.061610 0.187317
vt 0.550781 0.366211
vn -0.395587 0.917800 0.033985
v -0.059184 -0.073628 0.190597
vt 0.561035 0.409668
vn -0.515548 0.847949 0.123255
v -0.022147 -0.030482 0.156144
vt 0.541992 0.233887
vn -0.469953 0.787686 -0.398366
v -0.035027 -0.043311 0.164982
vt 0.547852 0.284180
vn -0.470143 0.813171 -0.343102
v -0.029031 -0.024017 0.156144
vt 0.565430 0.231445
vn -0.481888 0.774519 -0.409760
v -0.034092 -0.016043 0.156144
vt 0.587891 0.224121
vn -0.467518 0.815977 -0.340011
v -0.256569 -0.123370 0.195002
vt 0.910645 0.803711
vn -0.300328 0.243072 -0.922344
v -0.242431 -0.108092 0.178363
vt 0.924316 0.735352
vn -0.343824 0.173670 -0.922835
v -0.248953 -0.114371 0.184900
vt 0.920898 0.764038
vn -0.360153 0.161655 -0.918781
v -0.075360 -0.037956 0.169093
vt 0.652344 0.314453
vn -0.988090 0.077732 -0.132802
v -0.081389 -0.026432 0.170265
vt 0.649414 0.280273
vn -0.985859 0.161237 0.045665
v -0.074876 -0.030609 0.172328
vt 0.641113 0.296387
vn -0.958881 0.157420 -0.236150
v -0.083348 -0.039335 0.152088
vt 0.699219 0.302246
vn -0.986401 0.122471 0.109604
v -0.088012 -0.028538 0.152088
vt 0.696777 0.272949
vn -0.988368 0.127513 0.082881
v -0.224198 -0.161274 0.189170
vt 0.778809 0.831299
vn -0.512047 0.822309 -0.248224
v -0.233653 -0.154491 0.192719
vt 0.810059 0.833008
vn -0.502579 0.793975 -0.342079
v -0.228003 -0.153836 0.191901
vt 0.799805 0.822510
vn -0.497223 0.831241 -0.248612
v -0.207069 -0.169148 0.177309
vt 0.724121 0.819580
vn -0.496155 0.868182 0.009539
v -0.204189 -0.174227 0.175744
vt 0.711914 0.826782
vn -0.514826 0.847450 -0.129549
v -0.213057 -0.167938 0.184589
vt 0.744141 0.828003
vn -0.517123 0.842887 -0.148746
v -0.211732 -0.173848 0.184901
vt 0.733398 0.841064
vn -0.542565 0.817497 -0.193187
v -0.209255 -0.164779 0.184688
vt 0.742188 0.813843
vn -0.490356 0.866436 -0.094020
v -0.204013 -0.163975 0.180715
vt 0.727539 0.803467
vn -0.289088 0.903243 0.317143
v -0.206825 -0.166535 0.179003
vt 0.728027 0.813965
vn -0.360271 0.904336 0.228870
v -0.226856 -0.164827 0.191584
vt 0.780273 0.844116
vn -0.528537 0.796830 -0.292762
v -0.264979 -0.132764 0.197533
vt 0.908203 0.836670
vn -0.500914 0.785828 -0.362711
v -0.236948 -0.126078 0.199350
vt 0.863770 0.778564
vn -0.501567 0.804093 -0.319163
v -0.256569 -0.123370 0.195002
vt 0.910645 0.803711
vn -0.387016 0.594677 -0.704683
v -0.256050 -0.130616 0.198054
vt 0.895020 0.817993
vn -0.387016 0.594677 -0.704683
v -0.264979 -0.132764 0.197533
vt 0.908203 0.836670
vn -0.377148 0.569688 -0.730215
v -0.035027 -0.043311 0.164982
vt 0.547852 0.284180
vn -0.414607 0.894083 -0.169456
v -0.082555 -0.042372 0.152088
vt 0.700684 0.309570
vn -0.984051 0.177271 -0.014770
v -0.065131 -0.037688 0.171696
vt 0.625488 0.313477
vn -0.547793 0.208219 -0.810289
v -0.039759 -0.019356 0.158967
vt 0.594238 0.240723
vn -0.452882 0.840359 -0.297818
v -0.245779 -0.108037 0.175744
vt 0.933594 0.736572
vn -0.328422 0.064250 -0.942343
v -0.256050 -0.130616 0.198054
vt 0.895020 0.817993
vn -0.502579 0.793975 -0.342079
v -0.043429 -0.030636 0.163245
vt 0.054016 0.548340
vn -0.998357 0.036702 0.044012
v -0.053134 -0.037688 0.168506
vt 0.047791 0.579102
vn -0.998658 0.028716 -0.043107
v -0.043429 -0.030636 0.142180
vt 0.101013 0.541016
vn -0.996899 0.043627 0.065499
v -0.053134 -0.037688 0.142180
vt 0.110474 0.567383
vn -0.998471 0.042472 -0.035393
v -0.039759 -0.019356 0.158967
vt 0.061737 0.516846
vn 0.997459 0.000016 0.071248
v -0.039759 -0.019356 0.142180
vt 0.104736 0.513672
vn 0.992990 0.000017 0.118200
v -0.065131 -0.037688 0.171696
vt 0.045837 0.608887
vn -0.077742 0.051817 -0.995626
v -0.065131 -0.037688 0.142180
vt 0.115479 0.595703
vn -0.077742 0.051817 -0.995626
v -0.074876 -0.030609 0.172328
vt 0.049835 0.637451
vn -0.049314 0.136465 -0.989417
v -0.074876 -0.030609 0.142180
vt 0.120850 0.624023
vn -0.049314 0.136465 -0.989417
v -0.240176 -0.174498 0.197533
vt 0.795410 0.886902
vn -0.540759 0.711738 -0.448340
v -0.230765 -0.167661 0.195002
vt 0.785156 0.858521
vn -0.536374 0.741938 -0.402281
v -0.216412 -0.203224 0.197533
vt 0.705566 0.922729
vn -0.552892 0.676729 -0.486157
v -0.207932 -0.195261 0.195002
vt 0.698242 0.894348
vn -0.545139 0.726766 -0.417892
v -0.189235 -0.228745 0.197533
vt 0.608887 0.940887
vn -0.517277 0.696092 -0.497876
v -0.181820 -0.219782 0.195002
vt 0.605957 0.911133
vn -0.516149 0.722566 -0.459879
v -0.174972 -0.211504 0.184900
vt 0.602051 0.874146
vn -0.503928 0.753559 -0.422144
v -0.200100 -0.187907 0.184900
vt 0.688965 0.859863
vn -0.517525 0.796712 -0.312118
v -0.171415 -0.207205 0.175744
vt 0.599609 0.847168
vn -0.498025 0.760585 -0.416512
v -0.196033 -0.184087 0.175744
vt 0.682129 0.834961
vn -0.480447 0.821195 -0.307911
v -0.248953 -0.114371 0.184900
vt 0.920898 0.764038
vn -0.283462 0.936886 -0.204682
v -0.255222 -0.101050 0.184900
vt 0.958984 0.760864
vn -0.252021 0.955353 -0.154225
v -0.245779 -0.108037 0.175744
vt 0.933594 0.736572
vn -0.259973 0.945316 -0.196959
v -0.250034 -0.098995 0.175744
vt 0.958008 0.734863
vn -0.234670 0.961375 -0.143832
v -0.256569 -0.123370 0.195002
vt 0.910645 0.803711
vn -0.328783 0.909133 -0.255692
v -0.265211 -0.105004 0.195002
vt 0.962891 0.794922
vn -0.306020 0.929626 -0.205296
v -0.264979 -0.132764 0.197533
vt 0.908203 0.836670
vn -0.348040 0.888951 -0.297714
v -0.276027 -0.109287 0.197533
vt 0.970703 0.821655
vn -0.334693 0.900744 -0.276841
v -0.023171 -0.019168 0.156144
vt 0.561523 0.149902
vn -0.466326 0.751766 -0.466249
v -0.027210 -0.012804 0.156144
vt 0.579590 0.144043
vn -0.463009 0.755823 -0.462984
v -0.029031 -0.024017 0.156144
vt 0.565430 0.231445
vn -0.468999 0.748401 -0.468973
v -0.034092 -0.016043 0.156144
vt 0.587891 0.224121
vn -0.466326 0.751766 -0.466249
v -0.023171 -0.019168 0.156144
vt 0.561523 0.212891
vn -0.468999 0.748401 -0.468973
v -0.027210 -0.012804 0.156144
vt 0.579590 0.207031
vn -0.466326 0.751766 -0.466249
v -0.039759 -0.019356 0.142180
vt 0.104736 0.513672
vn -0.538521 0.648131 -0.538442
v -0.043429 -0.030636 0.142180
vt 0.101013 0.541016
vn -0.538521 0.648131 -0.538442
v -0.074876 -0.030609 0.142180
vt 0.164307 0.579346
vn -0.544024 0.638831 -0.543997
v -0.065131 -0.037688 0.142180
vt 0.135620 0.582275
vn -0.544024 0.638831 -0.543997
v -0.053134 -0.037688 0.142180
vt 0.110474 0.567383
vn -0.535035 0.653880 -0.534956
v 0.005973 -0.080670 0.142180
vt 0.105103 0.366699
vn -0.091976 0.991506 -0.091958
v 0.006123 -0.043795 0.142180
vt 0.192505 0.350098
vn -0.091976 0.991506 -0.091958
v 0.005973 -0.080670 0.142180
vt 0.161987 0.516357
vn -0.248900 0.767299 0.591017
v 0.005973 -0.080670 0.172328
vt 0.232544 0.531494
vn -0.248900 0.767299 0.591017
v 0.006123 -0.043795 0.142180
vt 0.192505 0.350098
vn 0.129175 0.742881 0.656842
v 0.006123 -0.043795 0.158967
vt 0.234009 0.354492
vn 0.149084 0.745465 0.649658
v -0.018641 -0.296288 0.197533
vt 0.141968 0.849121
vn -0.775607 0.269285 -0.570894
v 0.018641 -0.296288 0.197533
vt 0.049561 0.833252
vn -0.828797 0.283225 -0.482576
v -0.018641 -0.296288 0.186184
vt 0.137085 0.877014
vn -0.775607 0.269285 -0.570894
v 0.018641 -0.296288 0.186184
vt 0.044617 0.861450
vn -0.828797 0.283225 -0.482576
v -0.044383 -0.293036 0.197533
vt 0.205933 0.858154
vn -0.734071 0.515228 -0.442358
v -0.044383 -0.293036 0.186184
vt 0.198364 0.886047
vn -0.734071 0.515228 -0.442358
v -0.091739 -0.282344 0.197533
vt 0.322021 0.900513
vn -0.682071 0.655807 -0.323568
v -0.091739 -0.282344 0.186184
vt 0.313232 0.927856
vn -0.682071 0.655807 -0.323568
v -0.126403 -0.268620 0.197533
vt 0.414062 0.929565
vn -0.610711 0.702901 -0.364639
v -0.126403 -0.268620 0.186184
vt 0.408203 0.957458
vn -0.610711 0.702901 -0.364639
v -0.159073 -0.250659 0.197533
vt 0.511230 0.942719
vn -0.538051 0.698424 -0.471916
v -0.159073 -0.250659 0.186184
vt 0.509277 0.971252
vn -0.538051 0.698424 -0.471916
v -0.276027 -0.109287 0.197533
vt 0.970703 0.821655
vn -0.172292 0.900455 -0.399371
v -0.264979 -0.132764 0.197533
vt 0.908203 0.836670
vn -0.224951 0.814281 -0.535111
v -0.276027 -0.109287 0.186184
vt 0.978516 0.848999
vn -0.172292 0.900455 -0.399371
v -0.264979 -0.132764 0.186184
vt 0.917969 0.863770
vn -0.224951 0.814281 -0.535111
v -0.240176 -0.174498 0.197533
vt 0.795410 0.886902
vn -0.252896 0.735642 -0.628390
v -0.240176 -0.174498 0.186184
vt 0.806152 0.913269
vn -0.252896 0.735642 -0.628390
v -0.216412 -0.203224 0.197533
vt 0.705566 0.922729
vn -0.333670 0.707461 -0.623028
v -0.216412 -0.203224 0.186184
vt 0.713379 0.950073
vn -0.333670 0.707461 -0.623028
v -0.189235 -0.228745 0.197533
vt 0.608887 0.940887
vn -0.431100 0.711022 -0.555518
v -0.189235 -0.228745 0.186184
vt 0.612305 0.969284
vn -0.431100 0.711022 -0.555518
v -0.276027 -0.109287 0.197533
vt 0.049561 0.833252
vn -0.071384 0.991252 -0.111017
v -0.287547 -0.073830 0.197533
vt 0.141968 0.849121
vn -0.051361 0.995232 -0.082919
v -0.265211 -0.105004 0.195002
vt 0.056671 0.804443
vn -0.083050 0.980537 -0.177902
v -0.276280 -0.070937 0.195002
vt 0.146484 0.820068
vn -0.067269 0.989154 -0.130572
v -0.255222 -0.101050 0.184900
vt 0.064636 0.768311
vn -0.106359 0.960823 -0.255944
v -0.265874 -0.068265 0.184900
vt 0.150269 0.783691
vn -0.086769 0.978073 -0.189326
v -0.250034 -0.098995 0.175744
vt 0.070190 0.741943
vn -0.118278 0.953879 -0.275907
v -0.260469 -0.066877 0.175744
vt 0.153076 0.756836
vn -0.094727 0.970672 -0.220959
v -0.235251 -0.045330 0.182090
vt 0.220703 0.705078
vn 0.244848 0.952946 0.178726
v -0.256571 -0.053240 0.180347
vt 0.191895 0.753906
vn 0.287344 0.946983 0.143724
v -0.242161 -0.033595 0.199924
vt 0.266357 0.739014
vn 0.245756 0.953210 0.176056
v -0.264022 -0.042548 0.198461
vt 0.233887 0.790039
vn 0.246397 0.952330 0.179881
v -0.170900 -0.006925 0.202035
vt 0.365723 0.572266
vn 0.300329 0.943440 0.140438
v -0.166891 -0.020079 0.179659
vt 0.309326 0.536621
vn 0.277208 0.947100 0.161731
v -0.131783 -0.011011 0.174738
vt 0.354980 0.441895
vn 0.351079 0.929791 0.110600
v -0.135288 0.004804 0.202356
vt 0.417236 0.491211
vn 0.382243 0.920620 0.079681
v -0.106282 -0.011193 0.169197
vt 0.389160 0.373535
vn 0.431880 0.901386 0.031338
v -0.107954 0.012752 0.202643
vt 0.462646 0.435059
vn 0.442132 0.896755 0.018706
v -0.092536 0.015750 0.199943
vt 0.490234 0.404785
vn 0.442007 0.896569 -0.028176
v -0.085455 -0.009922 0.170765
vt 0.430420 0.332520
vn 0.459493 0.887061 -0.044599
v -0.077766 0.014965 0.189813
vt 0.511230 0.367676
vn 0.425545 0.902642 -0.064408
v -0.053142 -0.000742 0.163245
vt 0.496826 0.268066
vn 0.205825 0.954907 -0.213985
v -0.065139 -0.000742 0.168506
vt 0.483887 0.299316
vn 0.315988 0.937012 -0.148860
v -0.055445 0.008734 0.165837
vt 0.517090 0.284668
vn 0.179139 0.960785 -0.211663
v -0.109553 0.022622 0.192767
vt 0.493896 0.451660
vn 0.150032 0.392916 -0.907252
v -0.109549 0.019129 0.202399
vt 0.473633 0.443359
vn 0.154224 0.437556 -0.885867
v -0.133943 0.019761 0.195644
vt 0.458008 0.504395
vn 0.179955 0.496564 -0.849141
v -0.135463 0.011809 0.202712
vt 0.433105 0.497559
vn 0.171355 0.707766 -0.685350
v -0.091397 0.022129 0.198370
vt 0.505371 0.408203
vn 0.178127 0.867406 -0.464627
v -0.075324 0.021428 0.187317
vt 0.532715 0.366211
vn 0.148417 0.898165 -0.413850
v -0.092536 0.015750 0.199943
vt 0.490234 0.404785
vn 0.175976 0.883618 -0.433879
v -0.077766 0.014965 0.189813
vt 0.511230 0.367676
vn 0.144342 0.897218 -0.417332
v -0.109549 0.019129 0.202399
vt 0.473633 0.443359
vn 0.174075 0.955345 -0.238774
v -0.107954 0.012752 0.202643
vt 0.462646 0.435059
vn 0.174075 0.955345 -0.238774
v -0.135463 0.011809 0.202712
vt 0.433105 0.497559
vn 0.181737 0.971826 -0.150089
v -0.135288 0.004804 0.202356
vt 0.417236 0.491211
vn 0.184242 0.972123 -0.145022
v -0.172780 -0.000643 0.202635
vt 0.379883 0.581055
vn 0.153024 0.985115 -0.078312
v -0.170900 -0.006925 0.202035
vt 0.365723 0.572266
vn 0.153024 0.985115 -0.078312
v -0.242161 -0.033595 0.199924
vt 0.266357 0.739014
vn 0.132825 0.990615 -0.032254
v -0.243292 -0.027713 0.200620
vt 0.280518 0.744629
vn 0.130201 0.990830 -0.036108
v -0.265801 -0.037275 0.199350
vt 0.246338 0.797241
vn 0.161635 0.986799 0.010130
v -0.264022 -0.042548 0.198461
vt 0.233887 0.790039
vn 0.161110 0.986845 0.013451
v -0.173986 0.012237 0.195762
vt 0.414062 0.595703
vn 0.138354 0.868320 -0.476318
v -0.172780 -0.000643 0.202635
vt 0.379883 0.581055
vn 0.138381 0.876414 -0.461248
v -0.243915 -0.003698 0.194196
vt 0.341309 0.758911
vn 0.101096 0.925324 -0.365453
v -0.243292 -0.027713 0.200620
vt 0.280518 0.744629
vn 0.101665 0.930532 -0.351816
v -0.176083 0.023016 0.180431
vt 0.456787 0.618164
vn 0.160866 0.592197 -0.789573
v -0.137592 0.027801 0.175859
vt 0.499512 0.534912
vn 0.175039 0.407161 -0.896427
v -0.173986 0.012237 0.195762
vt 0.414062 0.595703
vn 0.163943 0.590157 -0.790466
v -0.249902 0.014482 0.181231
vt 0.393066 0.785889
vn 0.101716 0.738359 -0.666693
v -0.243915 -0.003698 0.194196
vt 0.341309 0.758911
vn 0.113289 0.724894 -0.679481
v -0.101534 0.032990 0.169373
vt 0.544434 0.459473
vn 0.158180 0.973316 -0.166239
v -0.100939 0.032797 0.177314
vt 0.544434 0.449707
vn 0.145043 0.974861 -0.169138
v -0.108694 0.029658 0.170928
vt 0.532715 0.472168
vn 0.201600 0.111220 -0.973133
v -0.107857 0.029430 0.179160
vt 0.523926 0.460938
vn 0.183212 0.338255 -0.923048
v -0.073807 0.023981 0.185158
vt 0.541504 0.361328
vn 0.152285 0.977758 -0.144216
v -0.075324 0.021428 0.187317
vt 0.532715 0.366211
vn 0.003970 0.814034 -0.580804
v -0.080213 0.026063 0.189305
vt 0.542480 0.384766
vn 0.145582 0.978579 -0.145562
v -0.091159 0.024779 0.190597
vt 0.524902 0.410645
vn 0.120861 0.468692 -0.875054
v -0.091397 0.022129 0.198370
vt 0.505371 0.408203
vn 0.084955 0.384054 -0.919394
v -0.053795 0.014451 0.164982
vt 0.532227 0.284180
vn 0.126835 0.958966 -0.253567
v -0.037604 0.002366 0.156144
vt 0.518555 0.229980
vn 0.163957 0.951628 -0.259850
v -0.035834 0.011643 0.156144
vt 0.541992 0.233887
vn 0.155283 0.955506 -0.250792
v -0.037011 -0.007060 0.156144
vt 0.496826 0.220215
vn 0.162158 0.933327 -0.320320
v -0.268633 -0.053803 0.184900
vt 0.188110 0.786377
vn 0.355720 0.930643 0.085826
v -0.280083 -0.050999 0.195002
vt 0.200439 0.825439
vn 0.271777 0.947975 0.165772
v -0.259665 -0.055049 0.178363
vt 0.184082 0.757812
vn 0.368127 0.926647 0.076211
v -0.074876 -0.030609 0.172328
vt 0.441895 0.271484
vn 0.693159 0.689024 -0.211605
v -0.081389 -0.026432 0.170265
vt 0.427002 0.285645
vn 0.518759 0.829136 0.208382
v -0.078567 -0.019248 0.172328
vt 0.437988 0.300781
vn 0.595604 0.781482 -0.185855
v -0.083277 -0.013589 0.169093
vt 0.428467 0.319824
vn 0.427124 0.887461 0.173143
v -0.088012 -0.028538 0.152088
vt 0.379150 0.283691
vn 0.439545 0.842495 0.311453
v -0.090551 -0.017168 0.152088
vt 0.380371 0.312500
vn 0.459826 0.830498 0.314378
v -0.274881 -0.009561 0.191901
vt 0.313477 0.836670
vn 0.097411 0.927012 -0.362160
v -0.279837 -0.012352 0.192719
vt 0.303467 0.847778
vn 0.110121 0.959449 -0.259483
v -0.276174 -0.001306 0.189170
vt 0.334717 0.844116
vn 0.108791 0.924572 -0.365147
v -0.273480 0.016193 0.184901
vt 0.381592 0.850342
vn 0.131793 0.891245 -0.433951
v -0.267601 0.020933 0.175744
vt 0.402100 0.832642
vn 0.108460 0.890719 -0.441425
v -0.271078 0.010633 0.184589
vt 0.369385 0.838379
vn 0.107190 0.865152 -0.489920
v -0.266945 0.015132 0.177309
vt 0.389160 0.828979
vn 0.061250 0.788315 -0.612215
v -0.265212 0.013161 0.179003
vt 0.384766 0.823853
vn 0.019525 0.491888 -0.870440
v -0.261433 0.012743 0.180715
vt 0.383789 0.814209
vn 0.041894 0.395901 -0.917337
v -0.266145 0.010312 0.184688
vt 0.369873 0.824707
vn 0.091505 0.830911 -0.548830
v -0.292409 -0.048342 0.197533
vt 0.205933 0.858154
vn 0.114582 0.963762 -0.240900
v -0.280413 0.000005 0.191584
vt 0.334473 0.856934
vn 0.133527 0.934564 -0.329787
v -0.265801 -0.037275 0.199350
vt 0.246338 0.797241
vn 0.105974 0.949809 -0.294333
v -0.292409 -0.048342 0.197533
vt 0.205933 0.858154
vn 0.164029 0.984267 0.065667
v -0.283923 -0.044832 0.198054
vt 0.217651 0.838623
vn 0.164717 0.985100 0.049464
v -0.280083 -0.050999 0.195002
vt 0.200439 0.825439
vn 0.165286 0.985157 0.046330
v -0.053081 0.017247 0.163874
vt 0.540039 0.283203
vn 0.158381 0.974602 -0.158322
v -0.053795 0.014451 0.164982
vt 0.532227 0.284180
vn 0.054601 0.943312 -0.327387
v -0.035834 0.011643 0.156144
vt 0.541992 0.233887
vn 0.162222 0.973332 -0.162202
v -0.091695 -0.014245 0.152088
vt 0.379883 0.319824
vn 0.510021 0.839080 0.189271
v -0.074844 -0.007793 0.171696
vt 0.455566 0.316895
vn 0.393196 0.906761 -0.152257
v -0.034092 -0.016043 0.156144
vt 0.478271 0.205078
vn 0.131781 0.883530 -0.449454
v -0.039759 -0.019356 0.158967
vt 0.464600 0.216797
vn 0.139334 0.897769 -0.417847
v -0.043543 -0.007710 0.158967
vt 0.489258 0.236328
vn 0.157561 0.921694 -0.354479
v -0.262342 -0.057062 0.175744
vt 0.175537 0.759399
vn 0.422321 0.903083 0.078014
v -0.283923 -0.044832 0.198054
vt 0.217651 0.838623
vn 0.109892 0.957469 -0.266789
v -0.065139 -0.000742 0.142180
vt 0.179932 0.432617
vn 0.233235 0.826552 0.512262
v -0.065139 -0.000742 0.168506
vt 0.241577 0.445312
vn 0.222115 0.827921 0.514988
v -0.053142 -0.000742 0.142180
vt 0.185425 0.404297
vn 0.250376 0.771967 0.584276
v -0.053142 -0.000742 0.163245
vt 0.235352 0.414551
vn 0.233996 0.776488 0.585075
v -0.043543 -0.007710 0.142180
vt 0.194702 0.378906
vn 0.110366 0.682382 0.722616
v -0.043543 -0.007710 0.158967
vt 0.232422 0.384277
vn 0.102642 0.692979 0.713614
v -0.074844 -0.007793 0.142180
vt 0.173950 0.460449
vn 0.132586 0.843138 0.521094
v -0.074844 -0.007793 0.171696
vt 0.243042 0.475098
vn 0.123459 0.840683 0.527267
v -0.078567 -0.019248 0.142180
vt 0.167969 0.488770
vn -0.000021 0.814369 0.580348
v -0.078567 -0.019248 0.172328
vt 0.238525 0.503418
vn -0.000021 0.814369 0.580348
v -0.285242 0.000000 0.195002
vt 0.330322 0.871582
vn 0.147776 0.958546 -0.243622
v -0.296874 0.000000 0.197533
vt 0.322021 0.900513
vn 0.156477 0.962738 -0.220568
v -0.282992 0.035750 0.195002
vt 0.420166 0.900574
vn 0.160526 0.955164 -0.248785
v -0.294533 0.037208 0.197533
vt 0.414062 0.929565
vn 0.173386 0.959578 -0.221694
v -0.276280 0.070937 0.195002
vt 0.512695 0.912842
vn 0.148887 0.973614 -0.172943
v -0.287547 0.073830 0.197533
vt 0.511230 0.942719
vn 0.154320 0.974586 -0.162379
v -0.266797 0.033704 0.175744
vt 0.432861 0.839844
vn 0.114357 0.961910 -0.248299
v -0.272333 0.034404 0.184900
vt 0.427490 0.865356
vn 0.134463 0.949130 -0.284731
v -0.260469 0.066877 0.175744
vt 0.516113 0.848877
vn 0.135860 0.975011 -0.175774
v -0.265874 0.068265 0.184900
vt 0.514648 0.875854
vn 0.140785 0.973361 -0.180961
v -0.262342 -0.057062 0.175744
vt 0.175537 0.759399
vn -0.071117 0.987283 -0.142179
v -0.268633 -0.053803 0.184900
vt 0.188110 0.786377
vn -0.063445 0.990879 -0.118888
v -0.280083 -0.050999 0.195002
vt 0.200439 0.825439
vn -0.039529 0.996085 -0.079075
v -0.292409 -0.048342 0.197533
vt 0.205933 0.858154
vn -0.027754 0.998288 -0.051480
v -0.029539 -0.005635 0.156144
vt 0.506836 0.140625
vn 0.184133 0.965519 -0.184031
v 0.000000 0.000000 0.156144
vt 0.546875 0.075684
vn 0.184133 0.965519 -0.184031
v -0.027210 -0.012804 0.156144
vt 0.492188 0.128418
vn 0.184133 0.965519 -0.184031
v -0.030012 0.001888 0.156144
vt 0.523926 0.148438
vn 0.180281 0.966956 -0.180261
v -0.028600 0.009293 0.156144
vt 0.542969 0.151367
vn 0.180281 0.966956 -0.180261
v -0.027210 -0.012804 0.156144
vt 0.492188 0.191406
vn 0.178874 0.967487 -0.178813
v -0.034092 -0.016043 0.156144
vt 0.478271 0.205078
vn 0.178874 0.967487 -0.178813
v -0.029539 -0.005635 0.156144
vt 0.506836 0.203613
vn 0.178874 0.967487 -0.178813
v -0.037011 -0.007060 0.156144
vt 0.496826 0.220215
vn 0.178874 0.967487 -0.178813
v -0.030012 0.001888 0.156144
vt 0.523926 0.211426
vn 0.178874 0.967487 -0.178813
v -0.037604 0.002366 0.156144
vt 0.518555 0.229980
vn 0.178874 0.967487 -0.178813
v -0.028600 0.009293 0.156144
vt 0.542969 0.214355
vn 0.175057 0.968874 -0.175037
v -0.035834 0.011643 0.156144
vt 0.541992 0.233887
vn 0.175057 0.968874 -0.175037
v -0.074844 -0.007793 0.142180
vt 0.131592 0.415039
vn 0.558357 0.613696 -0.558225
v -0.053142 -0.000742 0.142180
vt 0.185425 0.404297
vn 0.558357 0.613696 -0.558225
v -0.078567 -0.019248 0.142180
vt 0.110229 0.395020
vn 0.558357 0.613696 -0.558225
v -0.043543 -0.007710 0.142180
vt 0.194702 0.378906
vn 0.558357 0.613696 -0.558225
v -0.065139 -0.000742 0.142180
vt 0.160156 0.418457
vn 0.556447 0.617107 -0.556368
v -0.188589 0.189610 0.198461
vt 0.875488 0.770508
vn 0.038634 0.702725 -0.710412
v -0.176277 0.193881 0.180347
vt 0.915527 0.731689
vn 0.019590 0.728211 -0.685073
v -0.176166 0.169518 0.199924
vt 0.839355 0.721924
vn 0.038634 0.702725 -0.710412
v -0.163678 0.174950 0.182090
vt 0.883301 0.685303
vn 0.042369 0.700686 -0.712211
v -0.123215 0.114340 0.179659
vt 0.784180 0.522949
vn 0.023466 0.710838 -0.702964
v -0.134190 0.106055 0.202035
vt 0.729980 0.562012
vn 0.011829 0.732219 -0.680967
v -0.112274 0.075634 0.202356
vt 0.673340 0.484375
vn -0.042325 0.738382 -0.673053
v -0.100143 0.086368 0.174738
vt 0.732910 0.431152
vn -0.023458 0.726144 -0.687142
v -0.094832 0.053138 0.202643
vt 0.625000 0.430664
vn -0.083444 0.766152 -0.637220
v -0.079405 0.071527 0.169197
vt 0.695312 0.365234
vn -0.079973 0.761353 -0.643387
v -0.084120 0.041649 0.199943
vt 0.595703 0.402344
vn -0.084301 0.834925 -0.543869
v -0.071710 0.033603 0.189813
vt 0.572754 0.366699
vn -0.073421 0.880919 -0.467537
v -0.063302 0.058256 0.170765
vt 0.651367 0.327148
vn -0.106805 0.823758 -0.556790
v -0.052262 0.038888 0.168506
vt 0.596680 0.298340
vn 0.019714 0.985341 -0.169451
v -0.049990 0.025524 0.165837
vt 0.562988 0.285156
vn 0.144350 0.983042 -0.113099
v -0.042557 0.031836 0.163245
vt 0.583984 0.270020
vn 0.124952 0.983218 -0.132925
v -0.116533 0.070069 0.202712
vt 0.658203 0.491699
vn 0.080226 0.979660 0.183929
v -0.099871 0.048916 0.202399
vt 0.614258 0.439941
vn -0.021806 0.936988 0.348680
v -0.119978 0.062742 0.195644
vt 0.633789 0.499512
vn -0.035196 0.953566 0.299121
v -0.101927 0.046092 0.192767
vt 0.594727 0.449219
vn -0.044046 0.932050 0.359641
v -0.071710 0.033603 0.189813
vt 0.572754 0.366699
vn 0.206584 0.978167 0.022643
v -0.073533 0.026938 0.187317
vt 0.550781 0.366211
vn 0.207936 0.978007 0.016272
v -0.084120 0.041649 0.199943
vt 0.595703 0.402344
vn 0.153949 0.987390 0.036874
v -0.086949 0.035819 0.198370
vt 0.580566 0.406250
vn 0.146290 0.987622 0.056587
v -0.112274 0.075634 0.202356
vt 0.673340 0.484375
vn 0.115675 0.981044 -0.155476
v -0.094832 0.053138 0.202643
vt 0.625000 0.430664
vn 0.134819 0.988578 -0.067355
v -0.116533 0.070069 0.202712
vt 0.658203 0.491699
vn 0.112043 0.984350 -0.136019
v -0.099871 0.048916 0.202399
vt 0.614258 0.439941
vn 0.132096 0.988643 -0.071670
v -0.134190 0.106055 0.202035
vt 0.729980 0.562012
vn 0.155878 0.959220 -0.235796
v -0.139404 0.102078 0.202635
vt 0.716309 0.571777
vn 0.155878 0.959220 -0.235796
v -0.180538 0.165424 0.200620
vt 0.825684 0.728516
vn 0.184696 0.939347 -0.288988
v -0.176166 0.169518 0.199924
vt 0.839355 0.721924
vn 0.184696 0.939347 -0.288988
v -0.188589 0.189610 0.198461
vt 0.875488 0.770508
vn 0.169261 0.905289 -0.389618
v -0.193128 0.186391 0.199350
vt 0.863770 0.778564
vn 0.168569 0.909417 -0.380192
v -0.139404 0.102078 0.202635
vt 0.716309 0.571777
vn 0.200365 0.979288 0.029124
v -0.147950 0.092366 0.195762
vt 0.683105 0.588379
vn 0.194713 0.980085 0.038987
v -0.180538 0.165424 0.200620
vt 0.825684 0.728516
vn 0.239295 0.970380 -0.033169
v -0.195158 0.146362 0.194196
vt 0.766113 0.747070
vn 0.237810 0.970954 -0.026367
v -0.127655 0.058383 0.175859
vt 0.593750 0.532471
vn -0.078292 0.946471 0.313149
v -0.147950 0.092366 0.195762
vt 0.683105 0.588379
vn 0.027737 0.961275 0.274190
v -0.155982 0.084879 0.180431
vt 0.642090 0.613281
vn 0.034583 0.962230 0.270032
v -0.195158 0.146362 0.194196
vt 0.766113 0.747070
vn 0.157457 0.974345 0.160810
v -0.210687 0.135172 0.181231
vt 0.715820 0.777710
vn 0.181448 0.972033 0.149089
v -0.104557 0.039587 0.179160
vt 0.565430 0.459961
vn -0.128885 0.944982 0.300662
v -0.105368 0.039895 0.170928
vt 0.557129 0.471191
vn -0.289727 0.921115 0.260011
v -0.086949 0.035819 0.198370
vt 0.580566 0.406250
vn 0.046638 0.909889 0.412223
v -0.073533 0.026938 0.187317
vt 0.550781 0.366211
vn 0.343556 0.937048 0.062530
v -0.088314 0.033535 0.190597
vt 0.561035 0.409668
vn 0.036602 0.934016 0.355352
v -0.035834 0.011643 0.156144
vt 0.541992 0.233887
vn 0.208845 0.966846 -0.146946
v -0.052015 0.019929 0.164982
vt 0.547852 0.284180
vn 0.228679 0.966326 -0.117986
v -0.031813 0.020189 0.156144
vt 0.565430 0.231445
vn 0.200159 0.969922 -0.138517
v -0.025792 0.027466 0.156144
vt 0.587891 0.224121
vn 0.232083 0.965076 -0.121515
v -0.196616 0.205888 0.195002
vt 0.910645 0.803711
vn 0.023466 0.710838 -0.702964
v -0.177717 0.197163 0.178363
vt 0.924316 0.735352
vn -0.023387 0.762888 -0.646107
v -0.185704 0.201426 0.184900
vt 0.920898 0.764038
vn -0.035075 0.778500 -0.626664
v -0.059385 0.059943 0.169093
vt 0.652344 0.314453
vn -0.112916 0.422372 -0.899362
v -0.050289 0.069238 0.170265
vt 0.649414 0.280273
vn -0.173161 0.282652 -0.943463
v -0.052249 0.061752 0.172328
vt 0.641113 0.296387
vn -0.207879 0.740778 -0.638776
v -0.063166 0.067114 0.152088
vt 0.699219 0.302246
vn -0.161839 0.175898 -0.971014
v -0.054339 0.074886 0.152088
vt 0.696777 0.272949
vn -0.155418 0.197790 -0.967845
v -0.222662 0.163388 0.189170
vt 0.778809 0.831299
vn 0.233361 0.972304 -0.012923
v -0.219132 0.174477 0.192719
vt 0.810059 0.833008
vn 0.213269 0.973861 -0.078175
v -0.216763 0.169306 0.191901
vt 0.799805 0.822510
vn 0.240878 0.970102 -0.029665
v -0.224857 0.144665 0.177309
vt 0.724121 0.819580
vn 0.196472 0.966167 0.167091
v -0.228798 0.140357 0.175744
vt 0.711914 0.826782
vn 0.222526 0.972847 0.063647
v -0.225557 0.150733 0.184589
vt 0.744141 0.828003
vn 0.216551 0.974585 0.057362
v -0.230768 0.147647 0.184901
vt 0.733398 0.841064
vn 0.188278 0.980373 0.058477
v -0.221378 0.148093 0.184688
vt 0.742188 0.813843
vn 0.251717 0.965950 0.059825
v -0.218993 0.143357 0.180715
vt 0.727539 0.803467
vn 0.189798 0.913489 0.359881
v -0.222297 0.145240 0.179003
vt 0.728027 0.813965
vn 0.186265 0.931323 0.312959
v -0.226862 0.164818 0.191584
vt 0.780273 0.844116
vn 0.209508 0.977666 -0.016587
v -0.208149 0.210984 0.197533
vt 0.908203 0.836670
vn 0.202326 0.975473 -0.086692
v -0.193128 0.186391 0.199350
vt 0.863770 0.778564
vn 0.220549 0.973108 -0.066472
v -0.196616 0.205888 0.195002
vt 0.910645 0.803711
vn 0.155028 0.875768 -0.457161
v -0.203347 0.203156 0.198054
vt 0.895020 0.817993
vn 0.155028 0.875768 -0.457161
v -0.208149 0.210984 0.197533
vt 0.908203 0.836670
vn 0.149760 0.860127 -0.487600
v -0.052015 0.019929 0.164982
vt 0.547852 0.284180
vn 0.319098 0.943608 -0.088206
v -0.065810 0.065421 0.152088
vt 0.700684 0.309570
vn -0.174083 0.369364 -0.912834
v -0.055969 0.050297 0.171696
vt 0.625488 0.313477
vn -0.054983 0.957672 -0.282562
v -0.030695 0.031832 0.158967
vt 0.594238 0.240723
vn 0.252783 0.960601 -0.115523
v -0.178699 0.200364 0.175744
vt 0.933594 0.736572
vn -0.072235 0.684041 -0.725858
v -0.203347 0.203156 0.198054
vt 0.895020 0.817993
vn 0.209939 0.974860 -0.074663
v -0.042557 0.031836 0.163245
vt 0.054016 0.548340
vn -0.052538 0.044985 -0.997605
v -0.052262 0.038888 0.168506
vt 0.047791 0.579102
vn -0.038075 0.137015 -0.989837
v -0.042557 0.031836 0.142180
vt 0.101013 0.541016
vn -0.066973 0.044614 -0.996757
v -0.052262 0.038888 0.142180
vt 0.110474 0.567383
vn -0.049254 0.143867 -0.988371
v -0.030695 0.031832 0.158967
vt 0.061737 0.516846
vn -0.999709 0.015078 -0.018848
v -0.030695 0.031832 0.142180
vt 0.104736 0.513672
vn -0.999335 0.029171 -0.021878
v -0.055969 0.050297 0.171696
vt 0.045837 0.608887
vn 0.003974 0.174014 -0.984735
v -0.055969 0.050297 0.142180
vt 0.115479 0.595703
vn 0.000000 0.174709 -0.984620
v -0.052249 0.061752 0.172328
vt 0.049835 0.637451
vn 0.049315 0.136505 -0.989411
v -0.052249 0.061752 0.142180
vt 0.120850 0.624023
vn 0.049315 0.136505 -0.989411
v -0.240176 0.174498 0.197533
vt 0.795410 0.886902
vn 0.149407 0.985954 -0.074648
v -0.230765 0.167661 0.195002
vt 0.785156 0.858521
vn 0.169960 0.983535 -0.061418
v -0.260153 0.143020 0.197533
vt 0.705566 0.922729
vn 0.129320 0.988687 -0.075993
v -0.249959 0.137416 0.195002
vt 0.698242 0.894348
vn 0.161829 0.985346 -0.053900
v -0.276027 0.109287 0.197533
vt 0.608887 0.940887
vn 0.142533 0.981661 -0.126596
v -0.265211 0.105004 0.195002
vt 0.605957 0.911133
vn 0.162056 0.979974 -0.115708
v -0.255222 0.101049 0.184900
vt 0.602051 0.874146
vn 0.181758 0.976767 -0.113531
v -0.240544 0.132240 0.184900
vt 0.688965 0.859863
vn 0.211710 0.976475 -0.040943
v -0.250034 0.098995 0.175744
vt 0.599609 0.847168
vn 0.186692 0.975297 -0.118074
v -0.235655 0.129552 0.175744
vt 0.682129 0.834961
vn 0.233355 0.968686 -0.084808
v -0.185704 0.201426 0.184900
vt 0.920898 0.764038
vn 0.397650 0.862200 -0.313822
v -0.174972 0.211504 0.184900
vt 0.958984 0.760864
vn 0.439071 0.835938 -0.329278
v -0.178699 0.200364 0.175744
vt 0.933594 0.736572
vn 0.413033 0.843209 -0.344097
v -0.171415 0.207205 0.175744
vt 0.958008 0.734863
vn 0.455903 0.817192 -0.352632
v -0.196616 0.205888 0.195002
vt 0.910645 0.803711
vn 0.343501 0.899566 -0.269791
v -0.181820 0.219782 0.195002
vt 0.962891 0.794922
vn 0.380652 0.882788 -0.275299
v -0.208149 0.210984 0.197533
vt 0.908203 0.836670
vn 0.318214 0.909169 -0.268610
v -0.189235 0.228745 0.197533
vt 0.970703 0.821655
vn 0.334683 0.900764 -0.276787
v -0.025390 0.016113 0.156144
vt 0.561523 0.149902
vn 0.184133 0.965519 -0.184031
v -0.020586 0.021921 0.156144
vt 0.579590 0.144043
vn 0.184133 0.965519 -0.184031
v -0.031813 0.020189 0.156144
vt 0.565430 0.231445
vn 0.180281 0.966956 -0.180261
v -0.025792 0.027466 0.156144
vt 0.587891 0.224121
vn 0.184133 0.965519 -0.184031
v -0.025390 0.016113 0.156144
vt 0.561523 0.212891
vn 0.184133 0.965519 -0.184031
v -0.020586 0.021921 0.156144
vt 0.579590 0.207031
vn 0.184133 0.965519 -0.184031
v -0.030695 0.031832 0.142180
vt 0.104736 0.513672
vn 0.112408 0.987294 -0.112315
v -0.042557 0.031836 0.142180
vt 0.101013 0.541016
vn 0.112408 0.987294 -0.112315
v -0.052249 0.061752 0.142180
vt 0.164307 0.579346
vn 0.107618 0.988357 -0.107563
v -0.055969 0.050297 0.142180
vt 0.135620 0.582275
vn 0.107618 0.988357 -0.107563
v -0.052262 0.038888 0.142180
vt 0.110474 0.567383
vn 0.116286 0.986387 -0.116268
v -0.074876 -0.030609 0.142180
vt 0.105103 0.366699
vn 0.558357 0.613696 -0.558225
v -0.039759 -0.019356 0.142180
vt 0.192505 0.350098
vn 0.558357 0.613696 -0.558225
v -0.074876 -0.030609 0.142180
vt 0.161987 0.516357
vn -0.132634 0.843153 0.521058
v -0.074876 -0.030609 0.172328
vt 0.232544 0.531494
vn -0.132634 0.843153 0.521058
v -0.039759 -0.019356 0.142180
vt 0.192505 0.350098
vn -0.000021 0.638155 0.769908
v -0.039759 -0.019356 0.158967
vt 0.234009 0.354492
vn -0.000021 0.633207 0.773982
v -0.287547 -0.073830 0.197533
vt 0.141968 0.849121
vn -0.179010 0.982788 -0.045637
v -0.276027 -0.109287 0.197533
vt 0.049561 0.833252
vn -0.230074 0.969760 -0.081429
v -0.287547 -0.073830 0.186184
vt 0.137085 0.877014
vn -0.179010 0.982788 -0.045637
v -0.276027 -0.109287 0.186184
vt 0.044617 0.861450
vn -0.230074 0.969760 -0.081429
v -0.292409 -0.048342 0.197533
vt 0.205933 0.858154
vn -0.103126 0.993331 0.051554
v -0.292409 -0.048342 0.186184
vt 0.198364 0.886047
vn -0.103126 0.993331 0.051554
v -0.296874 0.000000 0.197533
vt 0.322021 0.900513
vn -0.014132 0.990410 0.137434
v -0.296874 0.000000 0.186184
vt 0.313232 0.927856
vn -0.014132 0.990410 0.137434
v -0.294533 0.037208 0.197533
vt 0.414062 0.929565
vn 0.103846 0.993573 0.045029
v -0.294533 0.037208 0.186184
vt 0.408203 0.957458
vn 0.103846 0.993573 0.045029
v -0.287547 0.073830 0.197533
vt 0.511230 0.942719
vn 0.145132 0.985163 -0.091603
v -0.287547 0.073830 0.186184
vt 0.509277 0.971252
vn 0.145132 0.985163 -0.091603
v -0.189235 0.228745 0.197533
vt 0.970703 0.821655
vn 0.403385 0.647063 -0.646985
v -0.208149 0.210984 0.197533
vt 0.908203 0.836670
vn 0.326116 0.691950 -0.644091
v -0.189235 0.228745 0.186184
vt 0.978516 0.848999
vn 0.403385 0.647063 -0.646985
v -0.208149 0.210984 0.186184
vt 0.917969 0.863770
vn 0.326116 0.691950 -0.644091
v -0.240176 0.174498 0.197533
vt 0.795410 0.886902
vn 0.270508 0.711004 -0.649075
v -0.240176 0.174498 0.186184
vt 0.806152 0.913269
vn 0.270508 0.711004 -0.649075
v -0.260153 0.143020 0.197533
vt 0.705566 0.922729
vn 0.227167 0.830221 -0.509046
v -0.260153 0.143020 0.186184
vt 0.713379 0.950073
vn 0.227167 0.830221 -0.509046
v -0.276027 0.109287 0.197533
vt 0.608887 0.940887
vn 0.184227 0.937143 -0.296351
v -0.276027 0.109287 0.186184
vt 0.612305 0.969284
vn 0.184227 0.937143 -0.296351
v -0.358770 -0.092254 0.067622
vt -0.251221 -0.565430
vn -0.011244 0.712651 0.701429
v -0.367485 -0.046563 0.067622
vt -0.251221 -0.525391
vn -0.011244 0.712651 0.701429
v -0.353426 -0.090882 0.167337
vt -0.143188 -0.565430
vn 0.235225 0.823300 0.516572
v -0.362012 -0.045871 0.167337
vt -0.143188 -0.525391
vn 0.252884 0.811391 0.526966
v -0.344396 -0.136492 0.067622
vt -0.251221 -0.605469
vn -0.011244 0.712651 0.701429
v -0.339267 -0.134461 0.167337
vt -0.143188 -0.605469
vn 0.222115 0.827921 0.514988
v -0.324590 -0.178580 0.067622
vt -0.251221 -0.645508
vn -0.000022 0.707107 0.707107
v -0.319756 -0.175923 0.167337
vt -0.143188 -0.645508
vn 0.207571 0.835282 0.509135
v -0.299666 -0.217854 0.067622
vt -0.251221 -0.684570
vn -0.000022 0.707107 0.707107
v -0.295203 -0.214612 0.167337
vt -0.143188 -0.684570
vn 0.184506 0.840148 0.510009
v -0.270017 -0.253695 0.067622
vt -0.251221 -0.724609
vn -0.000022 0.707107 0.707107
v -0.265995 -0.249918 0.167337
vt -0.143188 -0.724609
vn 0.163520 0.841673 0.514633
v -0.236109 -0.285536 0.067622
vt -0.251221 -0.762695
vn -0.000022 0.707107 0.707107
v -0.232592 -0.281286 0.167337
vt -0.143188 -0.762695
vn 0.142825 0.842742 0.519025
v -0.198477 -0.312877 0.067622
vt -0.251221 -0.802734
vn -0.000022 0.707107 0.707107
v -0.195521 -0.308219 0.167337
vt -0.143188 -0.802734
vn 0.113384 0.840910 0.529165
v -0.157716 -0.335286 0.067622
vt -0.251221 -0.840820
vn -0.000022 0.701517 0.712652
v -0.155367 -0.330294 0.167337
vt -0.143188 -0.840820
vn 0.084963 0.835494 0.542891
v -0.114467 -0.352409 0.067622
vt -0.251221 -0.879883
vn -0.000022 0.701517 0.712652
v -0.112763 -0.347163 0.167337
vt -0.143188 -0.879883
vn 0.056518 0.829252 0.556010
v -0.069414 -0.363977 0.067622
vt -0.251221 -0.918945
vn -0.000022 0.701517 0.712652
v -0.068380 -0.358558 0.167337
vt -0.143188 -0.918945
vn 0.028168 0.822184 0.568525
v -0.023265 -0.369807 0.067622
vt -0.251221 -0.957031
vn -0.000022 0.701517 0.712652
v -0.022919 -0.364301 0.167337
vt -0.143188 -0.957031
vn -0.000021 0.811184 0.584791
v 0.023250 -0.369807 0.067622
vt -0.251221 -0.996094
vn -0.000022 0.701517 0.712652
v 0.022903 -0.364301 0.167337
vt -0.143188 -0.996094
vn -0.009447 0.814972 0.579424
v 0.069398 -0.363977 0.067622
vt -0.687988 -0.043945
vn -0.000022 0.701517 0.712652
v 0.023250 -0.369807 0.067622
vt -0.687988 -0.004883
vn -0.000022 0.701517 0.712652
v 0.068364 -0.358558 0.167337
vt -0.580078 -0.043945
vn -0.046864 0.828973 0.557321
v 0.022903 -0.364301 0.167337
vt -0.580078 -0.004883
vn -0.028211 0.822203 0.568495
v 0.114452 -0.352409 0.067622
vt -0.687988 -0.083008
vn -0.000022 0.701517 0.712652
v 0.112747 -0.347163 0.167337
vt -0.580078 -0.083008
vn -0.075108 0.835424 0.544450
v 0.157700 -0.335286 0.067622
vt -0.687988 -0.122070
vn -0.000022 0.701517 0.712652
v 0.155351 -0.330294 0.167337
vt -0.580078 -0.122070
vn -0.103404 0.841080 0.530935
v 0.198462 -0.312877 0.067622
vt -0.687988 -0.161133
vn -0.000022 0.707107 0.707107
v 0.195506 -0.308219 0.167337
vt -0.580078 -0.161133
vn -0.132634 0.843153 0.521058
v 0.236093 -0.285536 0.067622
vt -0.687988 -0.200195
vn -0.000022 0.707107 0.707107
v 0.232577 -0.281286 0.167337
vt -0.580078 -0.200195
vn -0.153155 0.842248 0.516877
v 0.270001 -0.253695 0.067622
vt -0.687988 -0.239258
vn -0.000022 0.707107 0.707107
v 0.265980 -0.249918 0.167337
vt -0.580078 -0.239258
vn -0.174022 0.840976 0.512323
v 0.299651 -0.217854 0.067622
vt -0.687988 -0.277344
vn -0.000022 0.707107 0.707107
v 0.295188 -0.214612 0.167337
vt -0.580078 -0.277344
vn -0.196806 0.836327 0.511687
v 0.324575 -0.178580 0.067622
vt -0.687988 -0.318359
vn 0.011200 0.712630 0.701451
v 0.319740 -0.175923 0.167337
vt -0.580078 -0.318359
vn -0.218510 0.834144 0.506415
v 0.344380 -0.136492 0.067622
vt -0.687988 -0.357422
vn 0.011200 0.712630 0.701451
v 0.339251 -0.134461 0.167337
vt -0.580078 -0.357422
vn -0.233286 0.826563 0.512221
v 0.358754 -0.092254 0.067622
vt -0.687988 -0.397461
vn 0.011200 0.712630 0.701451
v 0.353410 -0.090882 0.167337
vt -0.580078 -0.397461
vn -0.248669 0.818425 0.518019
v 0.367470 -0.046563 0.067622
vt -0.687988 -0.436523
vn 0.011200 0.712630 0.701451
v 0.361997 -0.045871 0.167337
vt -0.580078 -0.436523
vn -0.255127 0.807761 0.531444
v 0.370391 -0.000139 0.067622
vt -0.687988 -0.477539
vn 0.011200 0.712630 0.701451
v 0.364874 -0.000139 0.167337
vt -0.580078 -0.477539
vn -0.259569 0.800198 0.540653
v 0.367470 0.046284 0.067622
vt -0.687988 -0.516602
vn 0.011200 0.712630 0.701451
v 0.361996 0.045592 0.167337
vt -0.580078 -0.516602
vn -0.254983 0.786098 0.563058
v 0.358754 0.091975 0.067622
vt -0.687988 -0.557617
vn 0.011200 0.712630 0.701451
v 0.353410 0.090603 0.167337
vt -0.580078 -0.557617
vn -0.239340 0.764719 0.598265
v 0.344380 0.136213 0.067622
vt -0.687988 -0.596680
vn 0.011200 0.712630 0.701451
v 0.339251 0.134182 0.167337
vt -0.580078 -0.596680
vn -0.226791 0.752385 0.618452
v 0.324575 0.178301 0.067622
vt -0.687988 -0.637695
vn -0.000022 0.707107 0.707107
v 0.319740 0.175644 0.167337
vt -0.580078 -0.637695
vn -0.212931 0.734973 0.643797
v 0.299651 0.217575 0.067622
vt -0.687988 -0.676758
vn -0.000022 0.707107 0.707107
v 0.295188 0.214333 0.167337
vt -0.580078 -0.676758
vn -0.189726 0.713911 0.674044
v 0.270001 0.253416 0.067622
vt -0.687988 -0.716797
vn -0.000022 0.707107 0.707107
v 0.265979 0.249639 0.167337
vt -0.580078 -0.716797
vn -0.168128 0.697041 0.697041
v 0.236093 0.285257 0.067622
vt -0.687988 -0.756836
vn -0.000022 0.707107 0.707107
v 0.232577 0.281007 0.167337
vt -0.580078 -0.756836
vn -0.146716 0.679637 0.718727
v 0.198462 0.312598 0.067622
vt -0.687988 -0.796875
vn -0.000022 0.707107 0.707107
v 0.195506 0.307940 0.167337
vt -0.580078 -0.796875
vn -0.116073 0.657453 0.744502
v 0.157700 0.335007 0.067622
vt -0.687988 -0.836914
vn -0.000022 0.712652 0.701517
v 0.155351 0.330015 0.167337
vt -0.580078 -0.836914
vn -0.086550 0.639179 0.764173
v 0.114452 0.352130 0.067622
vt -0.687988 -0.876953
vn -0.000022 0.712652 0.701517
v 0.112747 0.346884 0.167337
vt -0.580078 -0.876953
vn -0.057270 0.620167 0.782376
v 0.069398 0.363698 0.067622
vt -0.687988 -0.916992
vn -0.000022 0.712652 0.701517
v 0.068364 0.358279 0.167337
vt -0.580078 -0.916992
vn -0.028393 0.600514 0.799110
v 0.023250 0.369528 0.067622
vt -0.687988 -0.957031
vn -0.000022 0.712652 0.701517
v 0.022903 0.364022 0.167337
vt -0.580078 -0.957031
vn -0.000021 0.584791 0.811184
v -0.023265 0.369528 0.067622
vt -0.687988 -0.997070
vn -0.000022 0.712652 0.701517
v -0.022919 0.364022 0.167337
vt -0.580078 -0.997070
vn 0.009424 0.590088 0.807284
v -0.069414 0.363698 0.067622
vt -0.251221 -0.045898
vn -0.000022 0.712652 0.701517
v -0.023265 0.369528 0.067622
vt -0.251221 -0.005859
vn -0.000022 0.712652 0.701517
v -0.068380 0.358279 0.167337
vt -0.143188 -0.045898
vn 0.047320 0.610608 0.790518
v -0.022919 0.364022 0.167337
vt -0.143188 -0.005859
vn 0.028348 0.600494 0.799126
v -0.114467 0.352130 0.067622
vt -0.251221 -0.085938
vn -0.000022 0.712652 0.701517
v -0.112763 0.346883 0.167337
vt -0.143188 -0.085938
vn 0.076308 0.629810 0.772992
v -0.157716 0.335007 0.067622
vt -0.251221 -0.125977
vn -0.000022 0.712652 0.701517
v -0.155367 0.330015 0.167337
vt -0.143188 -0.125977
vn 0.105639 0.648307 0.754015
v -0.198477 0.312598 0.067622
vt -0.251221 -0.166016
vn -0.000022 0.707107 0.707107
v -0.195521 0.307940 0.167337
vt -0.143188 -0.166016
vn 0.136047 0.670722 0.729125
v -0.236109 0.285257 0.067622
vt -0.251221 -0.206055
vn -0.000022 0.707107 0.707107
v -0.232592 0.281007 0.167337
vt -0.143188 -0.206055
vn 0.157310 0.688346 0.708119
v -0.270016 0.253416 0.067622
vt -0.251221 -0.246094
vn -0.000022 0.707107 0.707107
v -0.265995 0.249639 0.167337
vt -0.143188 -0.246094
vn 0.178850 0.705554 0.685716
v -0.299666 0.217575 0.067622
vt -0.251221 -0.285156
vn -0.000022 0.707107 0.707107
v -0.295203 0.214333 0.167337
vt -0.143188 -0.285156
vn 0.201901 0.726936 0.656354
v -0.324590 0.178301 0.067622
vt -0.251221 -0.326172
vn -0.011244 0.712651 0.701429
v -0.319756 0.175644 0.167337
vt -0.143188 -0.326172
vn 0.223867 0.742834 0.630937
v -0.344395 0.136213 0.067622
vt -0.251221 -0.365234
vn -0.011244 0.712651 0.701429
v -0.339266 0.134182 0.167337
vt -0.143188 -0.365234
vn 0.237776 0.759939 0.604943
v -0.358769 0.091975 0.067622
vt -0.251221 -0.406250
vn -0.011244 0.712651 0.701429
v -0.353426 0.090603 0.167337
vt -0.143188 -0.406250
vn 0.251882 0.776672 0.577352
v -0.367485 0.046284 0.067622
vt -0.251221 -0.445312
vn -0.011244 0.712651 0.701429
v -0.362012 0.045592 0.167337
vt -0.143188 -0.445312
vn 0.256469 0.790787 0.555769
v -0.370406 -0.000139 0.067622
vt -0.251221 -0.485352
vn -0.011244 0.712651 0.701429
v -0.364889 -0.000139 0.167337
vt -0.143188 -0.485352
vn 0.259517 0.800188 0.540695
v -0.334107 -0.085922 0.190042
vt -0.112976 -0.565430
vn 0.659024 0.743294 -0.114900
v -0.342224 -0.043371 0.190042
vt -0.112976 -0.525391
vn 0.713176 0.688616 -0.131103
v -0.320721 -0.127119 0.190042
vt -0.112976 -0.605469
vn 0.604249 0.791291 -0.093498
v -0.302277 -0.166314 0.190042
vt -0.112976 -0.645508
vn 0.551828 0.831174 -0.068087
v -0.279067 -0.202888 0.190042
vt -0.112976 -0.684570
vn 0.503017 0.863248 -0.042144
v -0.251455 -0.236264 0.190042
vt -0.112976 -0.724609
vn 0.454638 0.890590 -0.012409
v -0.219878 -0.265917 0.190042
vt -0.112976 -0.762695
vn 0.403798 0.914719 0.015367
v -0.184834 -0.291379 0.190042
vt -0.112976 -0.802734
vn 0.341824 0.938447 0.049742
v -0.146833 -0.312266 0.190042
vt -0.112976 -0.840820
vn 0.282929 0.955648 0.081778
v -0.106599 -0.328193 0.190042
vt -0.112976 -0.879883
vn 0.211902 0.969642 0.122033
v -0.064642 -0.338966 0.190042
vt -0.112976 -0.918945
vn 0.120012 0.976909 0.176763
v -0.021666 -0.344395 0.190042
vt -0.112976 -0.957031
vn 0.034251 0.973462 0.226273
v 0.106583 -0.328193 0.190042
vt -0.549316 -0.083008
vn -0.211941 0.969638 0.121993
v 0.064627 -0.338966 0.190042
vt -0.549316 -0.043945
vn -0.120051 0.976911 0.176725
v 0.146859 -0.312247 0.190042
vt -0.549316 -0.122070
vn -0.282967 0.955641 0.081737
v 0.184818 -0.291378 0.190042
vt -0.549316 -0.161133
vn -0.348396 0.936185 0.046660
v 0.219863 -0.265917 0.190042
vt -0.549316 -0.200195
vn -0.410115 0.911952 0.012237
v 0.251440 -0.236264 0.190042
vt -0.549316 -0.239258
vn -0.459646 0.887964 -0.015664
v 0.279051 -0.202888 0.190042
vt -0.549316 -0.277344
vn -0.511086 0.858303 -0.045891
v 0.302262 -0.166314 0.190042
vt -0.549316 -0.318359
vn -0.560386 0.825076 -0.072223
v 0.320706 -0.127119 0.190042
vt -0.549316 -0.357422
vn -0.611215 0.785789 -0.094616
v 0.334091 -0.085921 0.190042
vt -0.549316 -0.397461
vn -0.662805 0.739811 -0.115626
v 0.342208 -0.043371 0.190042
vt -0.549316 -0.436523
vn -0.717231 0.684240 -0.131892
v 0.344928 -0.000139 0.190042
vt -0.549316 -0.477539
vn -0.768338 0.623430 -0.144884
v 0.342208 0.043093 0.190042
vt -0.549316 -0.516602
vn -0.765510 0.643014 -0.022957
v 0.334091 0.085643 0.190042
vt -0.549316 -0.557617
vn -0.758810 0.646048 0.082643
v 0.320705 0.126840 0.190042
vt -0.549316 -0.596680
vn -0.740917 0.641568 0.198577
v 0.302262 0.166035 0.190042
vt -0.549316 -0.637695
vn -0.707954 0.630127 0.318970
v 0.279051 0.202609 0.190042
vt -0.549316 -0.676758
vn -0.661155 0.609971 0.436818
v 0.251440 0.235985 0.190042
vt -0.549316 -0.716797
vn -0.595665 0.579761 0.555931
v 0.219863 0.265638 0.190042
vt -0.549316 -0.756836
vn -0.521443 0.541154 0.659734
v 0.184818 0.291099 0.190042
vt -0.549316 -0.796875
vn -0.432043 0.494829 0.753978
v 0.146859 0.311968 0.190042
vt -0.549316 -0.836914
vn -0.330047 0.437444 0.836487
v 0.106583 0.327914 0.190042
vt -0.549316 -0.876953
vn -0.232898 0.383065 0.893879
v 0.064627 0.338687 0.190042
vt -0.549316 -0.916992
vn -0.131240 0.324371 0.936781
v 0.021651 0.344116 0.190042
vt -0.549316 -0.957031
vn -0.035158 0.267115 0.963023
v -0.021666 0.344116 0.190042
vt -0.549316 -0.997070
vn 0.028026 0.262998 0.964389
v -0.064642 0.338687 0.190042
vt -0.112976 -0.045898
vn 0.146145 0.332468 0.931723
v -0.021666 0.344116 0.190042
vt -0.112976 -0.005859
vn 0.070980 0.287548 0.955132
v -0.106599 0.327914 0.190042
vt -0.112976 -0.085938
vn 0.247911 0.390658 0.886525
v -0.146874 0.311968 0.190042
vt -0.112976 -0.125977
vn 0.346781 0.446940 0.824614
v -0.184833 0.291099 0.190042
vt -0.112976 -0.166016
vn 0.441349 0.500439 0.744830
v -0.219878 0.265638 0.190042
vt -0.112976 -0.206055
vn 0.530096 0.545888 0.648849
v -0.251455 0.235985 0.190042
vt -0.112976 -0.246094
vn 0.603278 0.583421 0.543761
v -0.279067 0.202609 0.190042
vt -0.112976 -0.285156
vn 0.669516 0.614374 0.417484
v -0.302277 0.166035 0.190042
vt -0.112976 -0.326172
vn 0.714299 0.632769 0.298966
v -0.320721 0.126840 0.190042
vt -0.112976 -0.365234
vn 0.743060 0.643471 0.183866
v -0.334107 0.085643 0.190042
vt -0.112976 -0.406250
vn 0.759227 0.646469 0.075179
v -0.342224 0.043092 0.190042
vt -0.112976 -0.445312
vn 0.765933 0.642178 -0.030895
v -0.344944 -0.000139 0.190042
vt -0.112976 -0.485352
vn 0.768321 0.623463 -0.144834
v -0.301176 -0.077466 0.196270
vt -0.087219 -0.565430
vn 0.702900 0.641401 -0.307468
v -0.308493 -0.039110 0.196270
vt -0.087219 -0.525391
vn 0.760719 0.554108 -0.338039
v -0.289110 -0.114603 0.196270
vt -0.087219 -0.605469
vn 0.636909 0.723215 -0.267034
v -0.272484 -0.149935 0.196270
vt -0.087219 -0.645508
vn 0.577889 0.783394 -0.228773
v -0.251562 -0.182904 0.196270
vt -0.087219 -0.684570
vn 0.516706 0.835532 -0.186819
v -0.226671 -0.212991 0.196270
vt -0.087219 -0.724609
vn 0.459307 0.876576 -0.143703
v -0.198206 -0.239721 0.196270
vt -0.087219 -0.762695
vn 0.406754 0.907578 -0.104178
v -0.166616 -0.262673 0.196270
vt -0.087219 -0.802734
vn 0.353297 0.933485 -0.061537
v -0.132399 -0.281484 0.196270
vt -0.087219 -0.840820
vn 0.295414 0.955287 -0.012510
v -0.096093 -0.295858 0.196270
vt -0.087219 -0.879883
vn 0.222863 0.974328 0.031902
v -0.058271 -0.305569 0.196270
vt -0.087219 -0.918945
vn 0.145144 0.986492 0.075935
v -0.019532 -0.310463 0.196270
vt -0.087219 -0.957031
vn 0.054817 0.990405 0.126857
v 0.019516 -0.310463 0.196270
vt -0.087219 -0.996094
vn -0.027797 0.989426 0.142348
v 0.021696 -0.344392 0.190042
vt -0.112976 -0.996094
vn -0.027508 0.972731 0.230297
v 0.058256 -0.305569 0.196270
vt -0.523926 -0.043945
vn -0.151187 0.985859 0.072281
v 0.019516 -0.310463 0.196270
vt -0.523926 -0.004883
vn -0.088182 0.990173 0.108538
v 0.021696 -0.344392 0.190042
vt -0.549316 -0.004883
vn -0.041028 0.974145 0.222168
v 0.096077 -0.295859 0.196270
vt -0.523926 -0.083008
vn -0.228276 0.973179 0.028509
v 0.132383 -0.281484 0.196270
vt -0.523926 -0.122070
vn -0.295425 0.955283 -0.012549
v 0.166601 -0.262672 0.196270
vt -0.523926 -0.161133
vn -0.345638 0.936760 -0.054913
v 0.198191 -0.239721 0.196270
vt -0.523926 -0.200195
vn -0.401613 0.910289 -0.100403
v 0.226656 -0.212991 0.196270
vt -0.523926 -0.239258
vn -0.456513 0.878170 -0.142874
v 0.251546 -0.182904 0.196270
vt -0.523926 -0.277344
vn -0.511229 0.839833 -0.182555
v 0.272468 -0.149935 0.196270
vt -0.523926 -0.318359
vn -0.572311 0.788772 -0.224275
v 0.289094 -0.114603 0.196270
vt -0.523926 -0.357422
vn -0.633175 0.727045 -0.265510
v 0.301161 -0.077466 0.196270
vt -0.523926 -0.397461
vn -0.693699 0.654343 -0.301027
v 0.308478 -0.039110 0.196270
vt -0.523926 -0.436523
vn -0.756775 0.560516 -0.336324
v 0.310929 -0.000139 0.196270
vt -0.523926 -0.477539
vn -0.815029 0.449997 -0.365007
v 0.308478 0.038831 0.196270
vt -0.523926 -0.516602
vn -0.833555 0.517626 -0.193002
v 0.301161 0.077187 0.196270
vt -0.523926 -0.557617
vn -0.827313 0.559175 -0.053641
v 0.289094 0.114324 0.196270
vt -0.523926 -0.596680
vn -0.815014 0.574196 0.077788
v 0.272469 0.149656 0.196270
vt -0.523926 -0.637695
vn -0.796076 0.570199 0.202820
v 0.251546 0.182625 0.196270
vt -0.523926 -0.676758
vn -0.757094 0.555988 0.343054
v 0.226656 0.212712 0.196270
vt -0.523926 -0.716797
vn -0.696947 0.530792 0.482209
v 0.198191 0.239442 0.196270
vt -0.523926 -0.756836
vn -0.620865 0.494151 0.608557
v 0.166601 0.262394 0.196270
vt -0.523926 -0.796875
vn -0.521240 0.443849 0.728908
v 0.132383 0.281205 0.196270
vt -0.523926 -0.836914
vn -0.406764 0.382800 0.829462
v 0.096077 0.295579 0.196270
vt -0.523926 -0.876953
vn -0.287989 0.319095 0.902907
v 0.058256 0.305290 0.196270
vt -0.523926 -0.916992
vn -0.164615 0.250610 0.953990
v 0.019516 0.310184 0.196270
vt -0.523926 -0.957031
vn -0.057458 0.190248 0.980053
v -0.019532 0.310184 0.196270
vt -0.523926 -0.997070
vn 0.021238 0.170062 0.985204
v -0.058271 0.305290 0.196270
vt -0.087219 -0.045898
vn 0.156879 0.246512 0.956358
v -0.019532 0.310184 0.196270
vt -0.087219 -0.005859
vn 0.064770 0.194309 0.978800
v -0.096093 0.295579 0.196270
vt -0.087219 -0.085938
vn 0.278218 0.312992 0.908092
v -0.132399 0.281205 0.196270
vt -0.087219 -0.125977
vn 0.391835 0.375843 0.839766
v -0.166616 0.262393 0.196270
vt -0.087219 -0.166016
vn 0.504852 0.435659 0.745202
v -0.198206 0.239442 0.196270
vt -0.087219 -0.206055
vn 0.612313 0.489866 0.620568
v -0.226671 0.212712 0.196270
vt -0.087219 -0.246094
vn 0.694172 0.528717 0.488450
v -0.251561 0.182625 0.196270
vt -0.087219 -0.285156
vn 0.752193 0.554230 0.356419
v -0.272484 0.149656 0.196270
vt -0.087219 -0.326172
vn 0.793041 0.569727 0.215632
v -0.289110 0.114324 0.196270
vt -0.087219 -0.365234
vn 0.814523 0.573842 0.085196
v -0.301176 0.077187 0.196270
vt -0.087219 -0.406250
vn 0.824566 0.564753 -0.033856
v -0.308493 0.038831 0.196270
vt -0.087219 -0.445312
vn 0.833787 0.521111 -0.182328
v -0.310945 -0.000139 0.196270
vt -0.087219 -0.485352
vn 0.815026 0.450045 -0.364956
v -0.291873 -0.037011 0.192919
vt -0.038147 -0.525391
vn 0.411794 0.083883 -0.907408
v -0.284950 -0.073300 0.192919
vt -0.038147 -0.565430
vn 0.400508 0.190699 -0.896230
v -0.273534 -0.108436 0.192919
vt -0.038147 -0.605469
vn 0.383589 0.288638 -0.877239
v -0.257804 -0.141864 0.192919
vt -0.038147 -0.645508
vn 0.362138 0.377196 -0.852396
v -0.238008 -0.173057 0.192919
vt -0.038147 -0.684570
vn 0.333425 0.464553 -0.820377
v -0.214460 -0.201523 0.192919
vt -0.038147 -0.724609
vn 0.299792 0.539585 -0.786748
v -0.187528 -0.226813 0.192919
vt -0.038147 -0.762695
vn 0.261298 0.612116 -0.746349
v -0.157640 -0.248528 0.192919
vt -0.038147 -0.802734
vn 0.220544 0.672712 -0.706271
v -0.125265 -0.266326 0.192919
vt -0.038147 -0.840820
vn 0.179362 0.724917 -0.665074
v -0.090916 -0.279926 0.192919
vt -0.038147 -0.879883
vn 0.132237 0.770690 -0.623338
v -0.055132 -0.289114 0.192919
vt -0.038147 -0.918945
vn 0.084057 0.809841 -0.580596
v -0.018480 -0.293744 0.192919
vt -0.038147 -0.957031
vn 0.031233 0.842306 -0.538094
v 0.018464 -0.293744 0.192919
vt -0.038147 -0.996094
vn -0.007933 0.853262 -0.521422
v 0.018464 -0.293744 0.192919
vt -0.474854 -0.004883
vn -0.023536 0.846004 -0.532657
v 0.055117 -0.289113 0.192919
vt -0.474854 -0.043945
vn -0.069054 0.820514 -0.567441
v 0.090900 -0.279926 0.192919
vt -0.474854 -0.083008
vn -0.117781 0.782439 -0.611488
v 0.125250 -0.266326 0.192919
vt -0.474854 -0.122070
vn -0.164658 0.740914 -0.651102
v 0.157624 -0.248528 0.192919
vt -0.474854 -0.161133
vn -0.209328 0.687702 -0.695160
v 0.187513 -0.226813 0.192919
vt -0.474854 -0.200195
vn -0.249375 0.632679 -0.733164
v 0.214444 -0.201523 0.192919
vt -0.474854 -0.239258
vn -0.288435 0.561837 -0.775335
v 0.237993 -0.173057 0.192919
vt -0.474854 -0.277344
vn -0.322906 0.488022 -0.810904
v 0.257788 -0.141864 0.192919
vt -0.474854 -0.318359
vn -0.353617 0.406236 -0.842572
v 0.273518 -0.108436 0.192919
vt -0.474854 -0.357422
vn -0.379018 0.310733 -0.871660
v 0.284935 -0.073300 0.192919
vt -0.474854 -0.397461
vn -0.396797 0.213628 -0.892701
v 0.291857 -0.037011 0.192919
vt -0.474854 -0.436523
vn -0.408784 0.114590 -0.905408
v 0.294177 -0.000139 0.192919
vt -0.474854 -0.477539
vn -0.413214 0.015283 -0.910506
v 0.291857 0.036732 0.192919
vt -0.474854 -0.516602
vn -0.946355 0.080038 -0.313060
v 0.284935 0.073021 0.192919
vt -0.474854 -0.557617
vn -0.967636 0.169718 -0.186751
v 0.273518 0.108157 0.192919
vt -0.474854 -0.596680
vn -0.967684 0.239527 -0.078828
v 0.257788 0.141585 0.192919
vt -0.474854 -0.637695
vn -0.958259 0.285655 0.011900
v 0.237993 0.172778 0.192919
vt -0.474854 -0.676758
vn -0.955027 0.275951 0.108512
v 0.214444 0.201244 0.192919
vt -0.474854 -0.716797
vn -0.942895 0.260081 0.208104
v 0.187513 0.226534 0.192919
vt -0.474854 -0.756836
vn -0.917309 0.237792 0.319374
v 0.157624 0.248249 0.192919
vt -0.474854 -0.796875
vn -0.878885 0.209058 0.428785
v 0.125250 0.266047 0.192919
vt -0.474854 -0.836914
vn -0.826924 0.175609 0.534189
v 0.090900 0.279647 0.192919
vt -0.474854 -0.876953
vn -0.757123 0.132476 0.639699
v 0.055117 0.288834 0.192919
vt -0.474854 -0.916992
vn -0.672954 0.085079 0.734775
v 0.018464 0.293465 0.192919
vt -0.474854 -0.957031
vn -0.574265 0.031437 0.818066
v -0.018480 0.293465 0.192919
vt -0.474854 -0.997070
vn 0.530642 0.007889 0.847559
v -0.018480 0.293465 0.192919
vt -0.038147 -0.005859
vn 0.559947 0.023632 0.828191
v -0.055132 0.288834 0.192919
vt -0.038147 -0.045898
vn 0.644662 0.069878 0.761267
v -0.090916 0.279647 0.192919
vt -0.038147 -0.085938
vn 0.733807 0.118452 0.668952
v -0.125265 0.266047 0.192919
vt -0.038147 -0.125977
vn 0.805843 0.162642 0.569354
v -0.157640 0.248249 0.192919
vt -0.038147 -0.166016
vn 0.865996 0.200361 0.458156
v -0.187528 0.226534 0.192919
vt -0.038147 -0.206055
vn 0.906593 0.230088 0.353763
v -0.214460 0.201244 0.192919
vt -0.038147 -0.246094
vn 0.936746 0.253983 0.240832
v -0.238008 0.172778 0.192919
vt -0.038147 -0.285156
vn 0.952458 0.271207 0.138816
v -0.257804 0.141585 0.192919
vt -0.038147 -0.326172
vn 0.958131 0.283195 0.042247
v -0.273534 0.108157 0.192919
vt -0.038147 -0.365234
vn 0.965654 0.253798 -0.055667
v -0.284950 0.073021 0.192919
vt -0.038147 -0.406250
vn 0.969153 0.187168 -0.160347
v -0.291873 0.036732 0.192919
vt -0.038147 -0.445312
vn 0.955297 0.107360 -0.275465
v -0.294192 -0.000139 0.192919
vt -0.038147 -0.485352
vn 0.918666 0.015205 -0.394742
v -0.360043 -0.045622 -0.051310
vt -0.354980 -0.525391
vn -0.569089 0.764669 0.302357
v -0.351503 -0.090388 -0.051310
vt -0.354980 -0.565430
vn -0.485621 0.732739 0.476724
v -0.337420 -0.133730 -0.051310
vt -0.354980 -0.605469
vn -0.513361 0.726483 0.456819
v -0.318016 -0.174966 -0.051310
vt -0.354980 -0.645508
vn -0.404697 0.680119 0.611276
v -0.293597 -0.213445 -0.051310
vt -0.354980 -0.684570
vn -0.425942 0.672903 0.604793
v -0.264548 -0.248559 -0.051310
vt -0.354980 -0.724609
vn -0.302368 0.617218 0.726371
v -0.231327 -0.279756 -0.051310
vt -0.354980 -0.762695
vn -0.315409 0.605842 0.730392
v -0.194457 -0.306543 -0.051310
vt -0.354980 -0.802734
vn -0.178413 0.539235 0.823040
v -0.154522 -0.328498 -0.051310
vt -0.354980 -0.840820
vn -0.192557 0.529385 0.826241
v -0.112149 -0.345274 -0.051310
vt -0.354980 -0.879883
vn -0.054833 0.462090 0.885136
v -0.068008 -0.356608 -0.051311
vt -0.354980 -0.918945
vn -0.069830 0.453819 0.888354
v -0.022794 -0.362320 -0.051311
vt -0.354980 -0.957031
vn 0.054788 0.462074 0.885148
v 0.022779 -0.362320 -0.051311
vt -0.354980 -0.996094
vn 0.046334 0.440483 0.896565
v 0.022779 -0.362320 -0.051311
vt -0.791504 -0.004883
vn 0.432904 0.620790 0.653616
v 0.067992 -0.356608 -0.051311
vt -0.791504 -0.043945
vn 0.257320 0.581065 0.772108
v 0.112133 -0.345274 -0.051310
vt -0.791504 -0.083008
vn 0.184510 0.525508 0.830540
v 0.154506 -0.328498 -0.051310
vt -0.791504 -0.122070
vn 0.292656 0.610449 0.736005
v 0.194442 -0.306543 -0.051310
vt -0.791504 -0.161133
vn 0.305788 0.599252 0.739859
v 0.231311 -0.279756 -0.051310
vt -0.791504 -0.200195
vn 0.404641 0.680112 0.611322
v 0.264532 -0.248559 -0.051310
vt -0.791504 -0.239258
vn 0.416792 0.667724 0.616790
v 0.293581 -0.213444 -0.051310
vt -0.791504 -0.277344
vn 0.485570 0.732739 0.476776
v 0.318000 -0.174966 -0.051310
vt -0.791504 -0.318359
vn 0.505386 0.723244 0.470641
v 0.337404 -0.133730 -0.051310
vt -0.791504 -0.357422
vn 0.540608 0.770388 0.338002
v 0.351487 -0.090388 -0.051310
vt -0.791504 -0.397461
vn 0.565937 0.760497 0.318369
v 0.360027 -0.045622 -0.051310
vt -0.791504 -0.436523
vn 0.550747 0.803566 0.225743
v 0.362888 -0.000139 -0.051310
vt -0.791504 -0.477539
vn 0.580922 0.790943 0.192193
v 0.360027 0.045344 -0.051310
vt -0.791504 -0.516602
vn 0.480440 0.849097 0.219572
v 0.351487 0.090109 -0.051310
vt -0.791504 -0.557617
vn 0.511217 0.839829 0.182606
v 0.337404 0.133452 -0.051310
vt -0.791504 -0.596680
vn 0.405343 0.884750 0.230031
v 0.318000 0.174687 -0.051310
vt -0.791504 -0.637695
vn 0.426160 0.882738 0.197894
v 0.293581 0.213166 -0.051310
vt -0.791504 -0.676758
vn 0.317706 0.911549 0.261037
v 0.264532 0.248280 -0.051310
vt -0.791504 -0.716797
vn 0.338609 0.912824 0.228246
v 0.231311 0.279477 -0.051310
vt -0.791504 -0.756836
vn 0.224879 0.925860 0.303664
v 0.194442 0.306264 -0.051310
vt -0.791504 -0.796875
vn 0.240960 0.931077 0.273924
v 0.154506 0.328219 -0.051310
vt -0.791504 -0.836914
vn 0.113659 0.924524 0.363781
v 0.112133 0.344995 -0.051310
vt -0.791504 -0.876953
vn 0.126306 0.932575 0.338159
v 0.067992 0.356329 -0.051310
vt -0.791504 -0.916992
vn -0.000020 0.902779 0.430105
v 0.022779 0.362040 -0.051310
vt -0.791504 -0.957031
vn 0.007554 0.913925 0.405813
v -0.022794 0.362040 -0.051310
vt -0.791504 -0.997070
vn -0.000020 0.901326 0.433141
v -0.022794 0.362040 -0.051310
vt -0.354980 -0.005859
vn -0.149907 0.929379 0.337317
v -0.068008 0.356329 -0.051310
vt -0.354980 -0.045898
vn -0.111384 0.931860 0.345297
v -0.112149 0.344995 -0.051310
vt -0.354980 -0.085938
vn -0.216784 0.926860 0.306490
v -0.154521 0.328219 -0.051310
vt -0.354980 -0.125977
vn -0.226712 0.932370 0.281582
v -0.194457 0.306264 -0.051310
vt -0.354980 -0.166016
vn -0.309561 0.913433 0.264219
v -0.231327 0.279477 -0.051310
vt -0.354980 -0.206055
vn -0.324970 0.915726 0.236307
v -0.264547 0.248280 -0.051310
vt -0.354980 -0.246094
vn -0.397105 0.887549 0.233592
v -0.293597 0.213165 -0.051310
vt -0.354980 -0.285156
vn -0.418186 0.885736 0.201478
v -0.318016 0.174687 -0.051310
vt -0.354980 -0.326172
vn -0.477120 0.851378 0.217971
v -0.337420 0.133451 -0.051310
vt -0.354980 -0.365234
vn -0.499693 0.846140 0.185349
v -0.351503 0.090109 -0.051310
vt -0.354980 -0.406250
vn -0.546815 0.806706 0.224094
v -0.360042 0.045343 -0.051310
vt -0.354980 -0.445312
vn -0.572810 0.797488 0.189477
v -0.362903 -0.000139 -0.051310
vt -0.354980 -0.485352
vn -0.542272 0.772735 0.329881
v -0.292615 -0.000139 -0.059382
vt -0.435791 -0.496094
vn -0.883835 0.349641 -0.310784
v -0.283422 -0.072908 -0.059382
vt -0.435791 -0.575195
vn -0.873465 0.486511 0.019129
v -0.256422 -0.141104 -0.059382
vt -0.435791 -0.655273
vn -0.823424 0.466826 0.322563
v -0.213310 -0.200443 -0.059382
vt -0.435791 -0.734375
vn -0.662437 0.389366 0.639978
v -0.156795 -0.247196 -0.059382
vt -0.435791 -0.812500
vn -0.402117 0.257835 0.878535
v -0.090428 -0.278426 -0.059382
vt -0.435791 -0.889648
vn -0.119342 0.111355 0.986589
v -0.018381 -0.292170 -0.059382
vt -0.435791 -0.966797
vn 0.070124 0.089586 0.993507
v -0.018381 -0.292170 -0.059382
vt -0.872559 -0.004883
vn 0.471975 0.289393 0.832761
v 0.054821 -0.287564 -0.059382
vt -0.872559 -0.053711
vn 0.441813 0.278356 0.852830
v 0.124579 -0.264899 -0.059382
vt -0.872559 -0.131836
vn 0.662386 0.389367 0.640030
v 0.186507 -0.225598 -0.059382
vt -0.872559 -0.209961
vn 0.823395 0.466837 0.322620
v 0.236717 -0.172130 -0.059382
vt -0.872559 -0.288086
vn 0.873454 0.486529 0.019172
v 0.272052 -0.107855 -0.059382
vt -0.872559 -0.367188
vn 0.883555 0.347641 -0.313811
v 0.290293 -0.036813 -0.059382
vt -0.872559 -0.447266
vn 0.757524 0.219586 -0.614768
v 0.290293 0.036534 -0.059382
vt -0.872559 -0.527344
vn 0.665391 0.520328 -0.535270
v 0.272052 0.107577 -0.059382
vt -0.872559 -0.606445
vn 0.540894 0.727212 -0.422607
v 0.236717 0.171851 -0.059382
vt -0.872559 -0.686523
vn 0.406821 0.862883 -0.299882
v 0.186507 0.225319 -0.059382
vt -0.872559 -0.766602
vn 0.279839 0.943002 -0.180102
v 0.124579 0.264620 -0.059382
vt -0.872559 -0.846680
vn 0.160502 0.984852 -0.065616
v 0.054821 0.287285 -0.059382
vt -0.872559 -0.926758
vn 0.022343 0.999053 0.037335
v -0.018381 0.291891 -0.059382
vt -0.872559 -0.997070
vn -0.051590 0.998335 0.025787
v -0.018381 0.291891 -0.059382
vt -0.435791 -0.015625
vn -0.187531 0.977948 -0.091924
v -0.090428 0.278147 -0.059382
vt -0.435791 -0.095703
vn -0.279849 0.942990 -0.180150
v -0.156795 0.246917 -0.059382
vt -0.435791 -0.175781
vn -0.409705 0.860731 -0.302132
v -0.213310 0.200164 -0.059382
vt -0.435791 -0.255859
vn -0.540902 0.727171 -0.422666
v -0.256422 0.140825 -0.059382
vt -0.435791 -0.335938
vn -0.668844 0.512904 -0.538124
v -0.283422 0.072629 -0.059382
vt -0.435791 -0.416016
vn -0.757509 0.219533 -0.614805
usemtl Arachnid
f 3/3/3 2/2/2 1/1/1
f 4/4/4 2/2/2 3/3/3
f 7/7/7 6/6/6 5/5/5
f 8/8/8 6/6/6 7/7/7
f 11/11/11 10/10/10 9/9/9
f 12/12/12 10/10/10 11/11/11
f 15/15/15 14/14/14 13/13/13
f 16/16/16 14/14/14 15/15/15
f 19/19/19 18/18/18 17/17/17
f 20/20/20 18/18/18 19/19/19
f 23/23/23 22/22/22 21/21/21
f 24/24/24 22/22/22 23/23/23
f 27/27/27 26/26/26 25/25/25
f 27/27/27 25/25/25 28/28/28
f 27/27/27 28/28/28 29/29/29
f 27/27/27 29/29/29 30/30/30
f 27/27/27 30/30/30 31/31/31
f 27/27/27 31/31/31 26/26/26
f 34/34/34 33/33/33 32/32/32
f 35/35/35 33/33/33 34/34/34
f 38/38/38 37/37/37 36/36/36
f 39/39/39 37/37/37 38/38/38
f 42/42/42 41/41/41 40/40/40
f 43/43/43 41/41/41 42/42/42
f 46/46/46 45/45/45 44/44/44
f 47/47/47 45/45/45 46/46/46
f 50/50/50 49/49/49 48/48/48
f 51/51/51 49/49/49 50/50/50
f 54/54/54 53/53/53 52/52/52
f 55/55/55 53/53/53 54/54/54
f 58/58/58 57/57/57 56/56/56
f 58/58/58 56/56/56 59/59/59
f 58/58/58 59/59/59 60/60/60
f 58/58/58 60/60/60 61/61/61
f 58/58/58 61/61/61 62/62/62
f 58/58/58 62/62/62 57/57/57
f 65/65/65 64/64/64 63/63/63
f 66/66/66 64/64/64 65/65/65
f 69/69/69 68/68/68 67/67/67
f 70/70/70 68/68/68 69/69/69
f 73/73/73 72/72/72 71/71/71
f 74/74/74 72/72/72 73/73/73
f 77/77/77 76/76/76 75/75/75
f 78/78/78 76/76/76 77/77/77
f 81/81/81 80/80/80 79/79/79
f 82/82/82 80/80/80 81/81/81
f 85/85/85 84/84/84 83/83/83
f 86/86/86 84/84/84 85/85/85
f 89/89/89 88/88/88 87/87/87
f 89/89/89 87/87/87 90/90/90
f 89/89/89 90/90/90 91/91/91
f 89/89/89 91/91/91 92/92/92
f 89/89/89 92/92/92 93/93/93
f 89/89/89 93/93/93 88/88/88
f 96/96/96 95/95/95 94/94/94
f 97/97/97 95/95/95 96/96/96
f 100/100/100 99/99/99 98/98/98
f 101/101/101 99/99/99 100/100/100
f 104/104/104 103/103/103 102/102/102
f 105/105/105 103/103/103 104/104/104
f 108/108/108 107/107/107 106/106/106
f 109/109/109 107/107/107 108/108/108
f 112/112/112 111/111/111 110/110/110
f 113/113/113 111/111/111 112/112/112
f 116/116/116 115/115/115 114/114/114
f 117/117/117 115/115/115 116/116/116
f 120/120/120 119/119/119 118/118/118
f 120/120/120 118/118/118 121/121/121
f 120/120/120 121/121/121 122/122/122
f 120/120/120 122/122/122 123/123/123
f 120/120/120 123/123/123 124/124/124
f 120/120/120 124/124/124 119/119/119
f 127/127/127 126/126/126 125/125/125
f 128/128/128 126/126/126 127/127/127
f 131/131/131 130/130/130 129/129/129
f 132/132/132 130/130/130 131/131/131
f 135/135/135 134/134/134 133/133/133
f 136/136/136 134/134/134 135/135/135
f 139/139/139 138/138/138 137/137/137
f 140/140/140 138/138/138 139/139/139
f 143/143/143 142/142/142 141/141/141
f 144/144/144 142/142/142 143/143/143
f 147/147/147 146/146/146 145/145/145
f 148/148/148 146/146/146 147/147/147
f 151/151/151 150/150/150 149/149/149
f 151/151/151 149/149/149 152/152/152
f 151/151/151 152/152/152 153/153/153
f 151/151/151 153/153/153 154/154/154
f 151/151/151 154/154/154 155/155/155
f 151/151/151 155/155/155 150/150/150
f 158/158/158 157/157/157 156/156/156
f 159/159/159 157/157/157 158/158/158
f 160/160/160 159/159/159 158/158/158
f 161/161/161 159/159/159 160/160/160
f 162/162/162 161/161/161 160/160/160
f 163/163/163 161/161/161 162/162/162
f 164/164/164 163/163/163 162/162/162
f 165/165/165 163/163/163 164/164/164
f 168/168/168 167/167/167 166/166/166
f 169/169/169 167/167/167 168/168/168
f 170/170/170 169/169/169 168/168/168
f 171/171/171 169/169/169 170/170/170
f 172/172/172 171/171/171 170/170/170
f 173/173/173 171/171/171 172/172/172
f 174/174/174 173/173/173 172/172/172
f 175/175/175 173/173/173 174/174/174
f 176/176/176 175/175/175 174/174/174
f 177/177/177 175/175/175 176/176/176
f 178/178/178 177/177/177 176/176/176
f 179/179/179 177/177/177 178/178/178
f 180/180/180 179/179/179 178/178/178
f 181/181/181 179/179/179 180/180/180
f 182/182/182 181/181/181 180/180/180
f 183/183/183 181/181/181 182/182/182
f 184/184/184 183/183/183 182/182/182
f 185/185/185 183/183/183 184/184/184
f 186/186/186 185/185/185 184/184/184
f 187/187/187 185/185/185 186/186/186
f 190/190/190 189/189/189 188/188/188
f 191/191/191 189/189/189 190/190/190
f 192/192/192 191/191/191 190/190/190
f 193/193/193 191/191/191 192/192/192
f 194/194/194 193/193/193 192/192/192
f 195/195/195 193/193/193 194/194/194
f 196/196/196 195/195/195 194/194/194
f 197/197/197 195/195/195 196/196/196
f 198/198/198 197/197/197 196/196/196
f 199/199/199 197/197/197 198/198/198
f 156/156/156 199/199/199 198/198/198
f 157/157/157 199/199/199 156/156/156
f 202/202/202 201/201/201 200/200/200
f 203/203/203 201/201/201 202/202/202
f 206/206/206 205/205/205 204/204/204
f 207/207/207 205/205/205 206/206/206
f 210/210/210 209/209/209 208/208/208
f 211/211/211 209/209/209 210/210/210
f 212/212/212 211/211/211 210/210/210
f 213/213/213 211/211/211 212/212/212
f 214/214/214 213/213/213 212/212/212
f 215/215/215 213/213/213 214/214/214
f 216/216/216 215/215/215 214/214/214
f 217/217/217 215/215/215 216/216/216
f 220/220/220 219/219/219 218/218/218
f 221/221/221 219/219/219 220/220/220
f 222/222/222 221/221/221 220/220/220
f 223/223/223 221/221/221 222/222/222
f 224/224/224 223/223/223 222/222/222
f 225/225/225 223/223/223 224/224/224
f 226/226/226 225/225/225 224/224/224
f 227/227/227 225/225/225 226/226/226
f 230/230/230 229/229/229 228/228/228
f 231/231/231 229/229/229 230/230/230
f 231/231/231 232/232/232 229/229/229
f 233/233/233 232/232/232 231/231/231
f 233/233/233 234/234/234 232/232/232
f 235/235/235 234/234/234 233/233/233
f 235/235/235 236/236/236 234/234/234
f 237/237/237 236/236/236 235/235/235
f 240/240/240 239/239/239 238/238/238
f 241/241/241 239/239/239 240/240/240
f 244/244/244 243/243/243 242/242/242
f 245/245/245 243/243/243 244/244/244
f 246/246/246 243/243/243 245/245/245
f 247/247/247 243/243/243 246/246/246
f 246/246/246 248/248/248 247/247/247
f 249/249/249 248/248/248 246/246/246
f 252/252/252 251/251/251 250/250/250
f 253/253/253 251/251/251 252/252/252
f 256/256/256 255/255/255 254/254/254
f 257/257/257 255/255/255 256/256/256
f 257/257/257 258/258/258 255/255/255
f 259/259/259 258/258/258 257/257/257
f 259/259/259 260/260/260 258/258/258
f 261/261/261 260/260/260 259/259/259
f 262/262/262 260/260/260 261/261/261
f 263/263/263 260/260/260 262/262/262
f 266/266/266 265/265/265 264/264/264
f 267/267/267 265/265/265 266/266/266
f 268/268/268 265/265/265 267/267/267
f 269/269/269 265/265/265 268/268/268
f 268/268/268 270/270/270 269/269/269
f 271/271/271 270/270/270 268/268/268
f 272/272/272 270/270/270 271/271/271
f 273/273/273 270/270/270 272/272/272
f 276/276/276 275/275/275 274/274/274
f 277/277/277 275/275/275 276/276/276
f 280/280/280 279/279/279 278/278/278
f 281/281/281 279/279/279 280/280/280
f 282/282/282 281/281/281 280/280/280
f 283/283/283 281/281/281 282/282/282
f 284/284/284 283/283/283 282/282/282
f 285/285/285 283/283/283 284/284/284
f 284/284/284 286/286/286 285/285/285
f 287/287/287 286/286/286 284/284/284
f 290/290/290 289/289/289 288/288/288
f 291/291/291 289/289/289 290/290/290
f 290/290/290 292/292/292 291/291/291
f 293/293/293 292/292/292 290/290/290
f 293/293/293 294/294/294 292/292/292
f 295/295/295 294/294/294 293/293/293
f 296/296/296 294/294/294 295/295/295
f 296/296/296 297/297/297 294/294/294
f 297/297/297 296/296/296 298/298/298
f 299/299/299 298/298/298 296/296/296
f 300/300/300 298/298/298 299/299/299
f 301/301/301 298/298/298 300/300/300
f 300/300/300 302/302/302 301/301/301
f 303/303/303 302/302/302 300/300/300
f 302/302/302 305/305/305 304/304/304
f 303/303/303 305/305/305 302/302/302
f 308/308/308 307/307/307 306/306/306
f 309/309/309 307/307/307 308/308/308
f 312/312/312 311/311/311 310/310/310
f 313/313/313 311/311/311 312/312/312
f 310/310/310 309/309/309 308/308/308
f 311/311/311 309/309/309 310/310/310
f 316/316/316 315/315/315 314/314/314
f 317/317/317 315/315/315 316/316/316
f 316/316/316 319/319/319 318/318/318
f 314/314/314 319/319/319 316/316/316
f 320/320/320 318/318/318 319/319/319
f 321/321/321 318/318/318 320/320/320
f 322/322/322 321/321/321 320/320/320
f 323/323/323 321/321/321 322/322/322
f 322/322/322 324/324/324 323/323/323
f 326/326/326 322/322/322 325/325/325
f 324/324/324 322/322/322 326/326/326
f 329/329/329 328/328/328 327/327/327
f 326/326/326 328/328/328 329/329/329
f 332/332/332 331/331/331 330/330/330
f 333/333/333 331/331/331 332/332/332
f 336/336/336 335/335/335 334/334/334
f 337/337/337 335/335/335 336/336/336
f 340/340/340 339/339/339 338/338/338
f 341/341/341 339/339/339 340/340/340
f 338/338/338 336/336/336 334/334/334
f 339/339/339 336/336/336 338/338/338
f 342/342/342 341/341/341 340/340/340
f 343/343/343 341/341/341 342/342/342
f 343/343/343 345/345/345 344/344/344
f 342/342/342 345/345/345 343/343/343
f 346/346/346 344/344/344 345/345/345
f 347/347/347 344/344/344 346/346/346
f 348/348/348 333/333/333 332/332/332
f 349/349/349 333/333/333 348/348/348
f 351/351/351 348/348/348 350/350/350
f 349/349/349 348/348/348 351/351/351
f 354/354/354 353/353/353 352/352/352
f 332/332/332 353/353/353 354/354/354
f 356/356/356 352/352/352 355/355/355
f 354/354/354 352/352/352 356/356/356
f 359/359/359 358/358/358 357/357/357
f 360/360/360 358/358/358 359/359/359
f 359/359/359 353/353/353 360/360/360
f 363/363/363 362/362/362 361/361/361
f 364/364/364 362/362/362 363/363/363
f 365/365/365 362/362/362 364/364/364
f 367/367/367 366/366/366 329/329/329
f 368/368/368 366/366/366 367/367/367
f 367/367/367 327/327/327 369/369/369
f 329/329/329 327/327/327 367/367/367
f 372/372/372 371/371/371 370/370/370
f 315/315/315 371/371/371 372/372/372
f 317/317/317 371/371/371 315/315/315
f 375/375/375 374/374/374 373/373/373
f 376/376/376 374/374/374 375/375/375
f 374/374/374 378/378/378 377/377/377
f 376/376/376 378/378/378 374/374/374
f 364/364/364 358/358/358 360/360/360
f 363/363/363 358/358/358 364/364/364
f 353/353/353 330/330/330 360/360/360
f 332/332/332 330/330/330 353/353/353
f 329/329/329 335/335/335 337/337/337
f 366/366/366 335/335/335 329/329/329
f 381/381/381 380/380/380 379/379/379
f 384/384/384 383/383/383 382/382/382
f 385/385/385 383/383/383 384/384/384
f 384/384/384 387/387/387 386/386/386
f 388/388/388 387/387/387 384/384/384
f 385/385/385 384/384/384 386/386/386
f 380/380/380 390/390/390 389/389/389
f 381/381/381 390/390/390 380/380/380
f 381/381/381 382/382/382 390/390/390
f 384/384/384 382/382/382 381/381/381
f 379/379/379 384/384/384 381/381/381
f 388/388/388 384/384/384 379/379/379
f 387/387/387 388/388/388 355/355/355
f 356/356/356 388/388/388 379/379/379
f 355/355/355 388/388/388 356/356/356
f 350/350/350 391/391/391 351/351/351
f 379/379/379 391/391/391 350/350/350
f 394/394/394 393/393/393 392/392/392
f 361/361/361 396/396/396 395/395/395
f 362/362/362 396/396/396 361/361/361
f 396/396/396 397/397/397 395/395/395
f 376/376/376 398/398/398 378/378/378
f 325/325/325 398/398/398 376/376/376
f 399/399/399 325/325/325 376/376/376
f 376/376/376 375/375/375 399/399/399
f 369/369/369 401/401/401 400/400/400
f 402/402/402 401/401/401 369/369/369
f 327/327/327 402/402/402 369/369/369
f 372/372/372 370/370/370 403/403/403
f 404/404/404 391/391/391 379/379/379
f 394/394/394 346/346/346 393/393/393
f 347/347/347 346/346/346 394/394/394
f 389/389/389 379/379/379 380/380/380
f 404/404/404 379/379/379 389/389/389
f 407/407/407 406/406/406 405/405/405
f 408/408/408 406/406/406 407/407/407
f 409/409/409 408/408/408 407/407/407
f 410/410/410 408/408/408 409/409/409
f 405/405/405 412/412/412 411/411/411
f 406/406/406 412/412/412 405/405/405
f 411/411/411 414/414/414 413/413/413
f 412/412/412 414/414/414 411/411/411
f 416/416/416 389/389/389 415/415/415
f 417/417/417 416/416/416 415/415/415
f 418/418/418 416/416/416 417/417/417
f 419/419/419 418/418/418 417/417/417
f 420/420/420 418/418/418 419/419/419
f 423/423/423 422/422/422 421/421/421
f 424/424/424 422/422/422 423/423/423
f 422/422/422 383/383/383 421/421/421
f 382/382/382 383/383/383 422/422/422
f 425/425/425 311/311/311 313/313/313
f 426/426/426 311/311/311 425/425/425
f 424/424/424 417/417/417 422/422/422
f 419/419/419 417/417/417 424/424/424
f 382/382/382 415/415/415 390/390/390
f 422/422/422 415/415/415 382/382/382
f 389/389/389 390/390/390 415/415/415
f 426/426/426 309/309/309 311/311/311
f 427/427/427 309/309/309 426/426/426
f 427/427/427 307/307/307 309/309/309
f 428/428/428 307/307/307 427/427/427
f 417/417/417 415/415/415 422/422/422
f 431/431/431 430/430/430 429/429/429
f 432/432/432 429/429/429 430/430/430
f 433/433/433 432/432/432 430/430/430
f 436/436/436 435/435/435 434/434/434
f 437/437/437 435/435/435 436/436/436
f 438/438/438 437/437/437 436/436/436
f 439/439/439 437/437/437 438/438/438
f 440/440/440 439/439/439 438/438/438
f 441/441/441 439/439/439 440/440/440
f 444/444/444 443/443/443 442/442/442
f 445/445/445 443/443/443 444/444/444
f 446/446/446 442/442/442 443/443/443
f 365/365/365 330/330/330 331/331/331
f 364/364/364 330/330/330 365/365/365
f 364/364/364 360/360/360 330/330/330
f 326/326/326 399/399/399 328/328/328
f 325/325/325 399/399/399 326/326/326
f 325/325/325 322/322/322 398/398/398
f 449/449/449 448/448/448 447/447/447
f 450/450/450 448/448/448 449/449/449
f 449/449/449 451/451/451 450/450/450
f 452/452/452 451/451/451 449/449/449
f 454/454/454 452/452/452 453/453/453
f 451/451/451 452/452/452 454/454/454
f 456/456/456 453/453/453 455/455/455
f 454/454/454 453/453/453 456/456/456
f 455/455/455 457/457/457 456/456/456
f 458/458/458 456/456/456 457/457/457
f 459/459/459 456/456/456 458/458/458
f 461/461/461 460/460/460 458/458/458
f 462/462/462 460/460/460 461/461/461
f 465/465/465 464/464/464 463/463/463
f 466/466/466 464/464/464 465/465/465
f 469/469/469 468/468/468 467/467/467
f 470/470/470 468/468/468 469/469/469
f 473/473/473 472/472/472 471/471/471
f 474/474/474 472/472/472 473/473/473
f 474/474/474 469/469/469 472/472/472
f 470/470/470 469/469/469 474/474/474
f 476/476/476 471/471/471 475/475/475
f 473/473/473 471/471/471 476/476/476
f 475/475/475 477/477/477 476/476/476
f 478/478/478 477/477/477 475/475/475
f 480/480/480 478/478/478 479/479/479
f 477/477/477 478/478/478 480/480/480
f 482/482/482 463/463/463 481/481/481
f 465/465/465 463/463/463 482/482/482
f 483/483/483 482/482/482 481/481/481
f 484/484/484 482/482/482 483/483/483
f 486/486/486 485/485/485 465/465/465
f 487/487/487 485/485/485 486/486/486
f 488/488/488 487/487/487 486/486/486
f 489/489/489 487/487/487 488/488/488
f 491/491/491 358/358/358 490/490/490
f 357/357/357 358/358/358 491/491/491
f 490/490/490 485/485/485 491/491/491
f 494/494/494 493/493/493 492/492/492
f 363/363/363 493/493/493 494/494/494
f 361/361/361 493/493/493 363/363/363
f 497/497/497 496/496/496 495/495/495
f 461/461/461 496/496/496 497/497/497
f 497/497/497 462/462/462 461/461/461
f 498/498/498 462/462/462 497/497/497
f 448/448/448 499/499/499 447/447/447
f 500/500/500 499/499/499 448/448/448
f 501/501/501 499/499/499 500/500/500
f 504/504/504 503/503/503 502/502/502
f 503/503/503 505/505/505 502/502/502
f 506/506/506 505/505/505 503/503/503
f 494/494/494 358/358/358 363/363/363
f 490/490/490 358/358/358 494/494/494
f 485/485/485 466/466/466 465/465/465
f 490/490/490 466/466/466 485/485/485
f 461/461/461 468/468/468 496/496/496
f 467/467/467 468/468/468 461/461/461
f 509/509/509 508/508/508 507/507/507
f 512/512/512 511/511/511 510/510/510
f 513/513/513 511/511/511 512/512/512
f 512/512/512 515/515/515 514/514/514
f 516/516/516 515/515/515 512/512/512
f 516/516/516 512/512/512 510/510/510
f 508/508/508 517/517/517 507/507/507
f 518/518/518 517/517/517 508/508/508
f 507/507/507 513/513/513 512/512/512
f 517/517/517 513/513/513 507/507/507
f 509/509/509 512/512/512 514/514/514
f 507/507/507 512/512/512 509/509/509
f 489/489/489 514/514/514 515/515/515
f 488/488/488 514/514/514 489/489/489
f 509/509/509 514/514/514 488/488/488
f 484/484/484 519/519/519 509/509/509
f 483/483/483 519/519/519 484/484/484
f 522/522/522 521/521/521 520/520/520
f 361/361/361 523/523/523 493/493/493
f 395/395/395 523/523/523 361/361/361
f 395/395/395 397/397/397 523/523/523
f 502/502/502 524/524/524 459/459/459
f 505/505/505 524/524/524 502/502/502
f 502/502/502 459/459/459 525/525/525
f 525/525/525 504/504/504 502/502/502
f 498/498/498 526/526/526 462/462/462
f 527/527/527 501/501/501 500/500/500
f 509/509/509 519/519/519 528/528/528
f 520/520/520 480/480/480 479/479/479
f 521/521/521 480/480/480 520/520/520
f 518/518/518 509/509/509 528/528/528
f 508/508/508 509/509/509 518/518/518
f 531/531/531 530/530/530 529/529/529
f 532/532/532 530/530/530 531/531/531
f 534/534/534 529/529/529 533/533/533
f 531/531/531 529/529/529 534/534/534
f 532/532/532 535/535/535 530/530/530
f 536/536/536 535/535/535 532/532/532
f 536/536/536 537/537/537 535/535/535
f 538/538/538 537/537/537 536/536/536
f 540/540/540 518/518/518 539/539/539
f 542/542/542 539/539/539 541/541/541
f 540/540/540 539/539/539 542/542/542
f 544/544/544 541/541/541 543/543/543
f 542/542/542 541/541/541 544/544/544
f 547/547/547 546/546/546 545/545/545
f 548/548/548 546/546/546 547/547/547
f 546/546/546 511/511/511 513/513/513
f 548/548/548 511/511/511 546/546/546
f 551/551/551 550/550/550 549/549/549
f 552/552/552 550/550/550 551/551/551
f 545/545/545 542/542/542 544/544/544
f 546/546/546 542/542/542 545/545/545
f 513/513/513 540/540/540 546/546/546
f 517/517/517 540/540/540 513/513/513
f 540/540/540 517/517/517 518/518/518
f 549/549/549 554/554/554 553/553/553
f 550/550/550 554/554/554 549/549/549
f 553/553/553 556/556/556 555/555/555
f 554/554/554 556/556/556 553/553/553
f 546/546/546 540/540/540 542/542/542
f 430/430/430 558/558/558 557/557/557
f 430/430/430 557/557/557 433/433/433
f 561/561/561 560/560/560 559/559/559
f 562/562/562 560/560/560 561/561/561
f 440/440/440 559/559/559 441/441/441
f 561/561/561 559/559/559 440/440/440
f 565/565/565 564/564/564 563/563/563
f 566/566/566 564/564/564 565/565/565
f 564/564/564 566/566/566 567/567/567
f 492/492/492 466/466/466 494/494/494
f 464/464/464 466/466/466 492/492/492
f 466/466/466 490/490/490 494/494/494
f 458/458/458 525/525/525 459/459/459
f 460/460/460 525/525/525 458/458/458
f 524/524/524 456/456/456 459/459/459
f 544/544/544 420/420/420 419/419/419
f 543/543/543 420/420/420 544/544/544
f 545/545/545 419/419/419 424/424/424
f 544/544/544 419/419/419 545/545/545
f 547/547/547 424/424/424 423/423/423
f 545/545/545 424/424/424 547/547/547
f 568/568/568 445/445/445 444/444/444
f 569/569/569 445/445/445 568/568/568
f 413/413/413 571/571/571 570/570/570
f 414/414/414 571/571/571 413/413/413
f 573/573/573 409/409/409 572/572/572
f 410/410/410 409/409/409 573/573/573
f 576/576/576 575/575/575 574/574/574
f 577/577/577 575/575/575 576/576/576
f 579/579/579 574/574/574 578/578/578
f 576/576/576 574/574/574 579/579/579
f 581/581/581 578/578/578 580/580/580
f 579/579/579 578/578/578 581/581/581
f 583/583/583 580/580/580 582/582/582
f 581/581/581 580/580/580 583/583/583
f 585/585/585 582/582/582 584/584/584
f 583/583/583 582/582/582 585/585/585
f 588/588/588 587/587/587 586/586/586
f 589/589/589 587/587/587 588/588/588
f 589/589/589 590/590/590 587/587/587
f 591/591/591 590/590/590 589/589/589
f 591/591/591 592/592/592 590/590/590
f 593/593/593 592/592/592 591/591/591
f 593/593/593 594/594/594 592/592/592
f 595/595/595 594/594/594 593/593/593
f 595/595/595 584/584/584 594/594/594
f 585/585/585 584/584/584 595/595/595
f 598/598/598 597/597/597 596/596/596
f 599/599/599 597/597/597 598/598/598
f 602/602/602 601/601/601 600/600/600
f 603/603/603 601/601/601 602/602/602
f 600/600/600 599/599/599 598/598/598
f 601/601/601 599/599/599 600/600/600
f 606/606/606 605/605/605 604/604/604
f 607/607/607 605/605/605 606/606/606
f 606/606/606 609/609/609 608/608/608
f 604/604/604 609/609/609 606/606/606
f 610/610/610 608/608/608 609/609/609
f 611/611/611 608/608/608 610/610/610
f 612/612/612 611/611/611 610/610/610
f 613/613/613 611/611/611 612/612/612
f 612/612/612 614/614/614 613/613/613
f 616/616/616 612/612/612 615/615/615
f 614/614/614 612/612/612 616/616/616
f 619/619/619 618/618/618 617/617/617
f 616/616/616 618/618/618 619/619/619
f 622/622/622 621/621/621 620/620/620
f 623/623/623 621/621/621 622/622/622
f 626/626/626 625/625/625 624/624/624
f 627/627/627 625/625/625 626/626/626
f 630/630/630 629/629/629 628/628/628
f 631/631/631 629/629/629 630/630/630
f 628/628/628 626/626/626 624/624/624
f 629/629/629 626/626/626 628/628/628
f 632/632/632 631/631/631 630/630/630
f 633/633/633 631/631/631 632/632/632
f 633/633/633 635/635/635 634/634/634
f 632/632/632 635/635/635 633/633/633
f 636/636/636 634/634/634 635/635/635
f 637/637/637 634/634/634 636/636/636
f 638/638/638 623/623/623 622/622/622
f 639/639/639 623/623/623 638/638/638
f 641/641/641 638/638/638 640/640/640
f 639/639/639 638/638/638 641/641/641
f 644/644/644 643/643/643 642/642/642
f 622/622/622 643/643/643 644/644/644
f 646/646/646 642/642/642 645/645/645
f 644/644/644 642/642/642 646/646/646
f 649/649/649 648/648/648 647/647/647
f 650/650/650 648/648/648 649/649/649
f 649/649/649 643/643/643 650/650/650
f 653/653/653 652/652/652 651/651/651
f 654/654/654 652/652/652 653/653/653
f 655/655/655 652/652/652 654/654/654
f 657/657/657 656/656/656 619/619/619
f 658/658/658 656/656/656 657/657/657
f 657/657/657 617/617/617 659/659/659
f 619/619/619 617/617/617 657/657/657
f 662/662/662 661/661/661 660/660/660
f 605/605/605 661/661/661 662/662/662
f 607/607/607 661/661/661 605/605/605
f 665/665/665 664/664/664 663/663/663
f 666/666/666 664/664/664 665/665/665
f 664/664/664 668/668/668 667/667/667
f 666/666/666 668/668/668 664/664/664
f 654/654/654 648/648/648 650/650/650
f 653/653/653 648/648/648 654/654/654
f 643/643/643 620/620/620 650/650/650
f 622/622/622 620/620/620 643/643/643
f 619/619/619 625/625/625 627/627/627
f 656/656/656 625/625/625 619/619/619
f 671/671/671 670/670/670 669/669/669
f 674/674/674 673/673/673 672/672/672
f 675/675/675 673/673/673 674/674/674
f 674/674/674 677/677/677 676/676/676
f 678/678/678 677/677/677 674/674/674
f 675/675/675 674/674/674 676/676/676
f 670/670/670 680/680/680 679/679/679
f 671/671/671 680/680/680 670/670/670
f 671/671/671 672/672/672 680/680/680
f 674/674/674 672/672/672 671/671/671
f 669/669/669 674/674/674 671/671/671
f 678/678/678 674/674/674 669/669/669
f 677/677/677 678/678/678 645/645/645
f 646/646/646 678/678/678 669/669/669
f 645/645/645 678/678/678 646/646/646
f 640/640/640 681/681/681 641/641/641
f 669/669/669 681/681/681 640/640/640
f 684/684/684 683/683/683 682/682/682
f 651/651/651 686/686/686 685/685/685
f 652/652/652 686/686/686 651/651/651
f 686/686/686 687/687/687 685/685/685
f 666/666/666 688/688/688 668/668/668
f 615/615/615 688/688/688 666/666/666
f 689/689/689 615/615/615 666/666/666
f 666/666/666 665/665/665 689/689/689
f 659/659/659 691/691/691 690/690/690
f 692/692/692 691/691/691 659/659/659
f 617/617/617 692/692/692 659/659/659
f 662/662/662 660/660/660 693/693/693
f 694/694/694 681/681/681 669/669/669
f 684/684/684 636/636/636 683/683/683
f 637/637/637 636/636/636 684/684/684
f 679/679/679 669/669/669 670/670/670
f 694/694/694 669/669/669 679/679/679
f 697/697/697 696/696/696 695/695/695
f 698/698/698 696/696/696 697/697/697
f 699/699/699 698/698/698 697/697/697
f 700/700/700 698/698/698 699/699/699
f 695/695/695 702/702/702 701/701/701
f 696/696/696 702/702/702 695/695/695
f 701/701/701 704/704/704 703/703/703
f 702/702/702 704/704/704 701/701/701
f 706/706/706 679/679/679 705/705/705
f 707/707/707 706/706/706 705/705/705
f 708/708/708 706/706/706 707/707/707
f 709/709/709 708/708/708 707/707/707
f 710/710/710 708/708/708 709/709/709
f 713/713/713 712/712/712 711/711/711
f 714/714/714 712/712/712 713/713/713
f 712/712/712 673/673/673 711/711/711
f 672/672/672 673/673/673 712/712/712
f 715/715/715 601/601/601 603/603/603
f 716/716/716 601/601/601 715/715/715
f 714/714/714 707/707/707 712/712/712
f 709/709/709 707/707/707 714/714/714
f 672/672/672 705/705/705 680/680/680
f 712/712/712 705/705/705 672/672/672
f 679/679/679 680/680/680 705/705/705
f 716/716/716 599/599/599 601/601/601
f 717/717/717 599/599/599 716/716/716
f 717/717/717 597/597/597 599/599/599
f 718/718/718 597/597/597 717/717/717
f 707/707/707 705/705/705 712/712/712
f 721/721/721 720/720/720 719/719/719
f 722/722/722 719/719/719 720/720/720
f 723/723/723 722/722/722 720/720/720
f 726/726/726 725/725/725 724/724/724
f 727/727/727 725/725/725 726/726/726
f 728/728/728 727/727/727 726/726/726
f 729/729/729 727/727/727 728/728/728
f 730/730/730 729/729/729 728/728/728
f 731/731/731 729/729/729 730/730/730
f 734/734/734 733/733/733 732/732/732
f 735/735/735 733/733/733 734/734/734
f 736/736/736 732/732/732 733/733/733
f 655/655/655 620/620/620 621/621/621
f 654/654/654 620/620/620 655/655/655
f 654/654/654 650/650/650 620/620/620
f 616/616/616 689/689/689 618/618/618
f 615/615/615 689/689/689 616/616/616
f 615/615/615 612/612/612 688/688/688
f 739/739/739 738/738/738 737/737/737
f 740/740/740 738/738/738 739/739/739
f 739/739/739 741/741/741 740/740/740
f 742/742/742 741/741/741 739/739/739
f 744/744/744 742/742/742 743/743/743
f 741/741/741 742/742/742 744/744/744
f 746/746/746 743/743/743 745/745/745
f 744/744/744 743/743/743 746/746/746
f 745/745/745 747/747/747 746/746/746
f 748/748/748 746/746/746 747/747/747
f 749/749/749 746/746/746 748/748/748
f 751/751/751 750/750/750 748/748/748
f 752/752/752 750/750/750 751/751/751
f 755/755/755 754/754/754 753/753/753
f 756/756/756 754/754/754 755/755/755
f 759/759/759 758/758/758 757/757/757
f 760/760/760 758/758/758 759/759/759
f 763/763/763 762/762/762 761/761/761
f 764/764/764 762/762/762 763/763/763
f 764/764/764 759/759/759 762/762/762
f 760/760/760 759/759/759 764/764/764
f 766/766/766 761/761/761 765/765/765
f 763/763/763 761/761/761 766/766/766
f 765/765/765 767/767/767 766/766/766
f 768/768/768 767/767/767 765/765/765
f 770/770/770 768/768/768 769/769/769
f 767/767/767 768/768/768 770/770/770
f 772/772/772 753/753/753 771/771/771
f 755/755/755 753/753/753 772/772/772
f 773/773/773 772/772/772 771/771/771
f 774/774/774 772/772/772 773/773/773
f 776/776/776 775/775/775 755/755/755
f 777/777/777 775/775/775 776/776/776
f 778/778/778 777/777/777 776/776/776
f 779/779/779 777/777/777 778/778/778
f 781/781/781 648/648/648 780/780/780
f 647/647/647 648/648/648 781/781/781
f 780/780/780 775/775/775 781/781/781
f 784/784/784 783/783/783 782/782/782
f 653/653/653 783/783/783 784/784/784
f 651/651/651 783/783/783 653/653/653
f 787/787/787 786/786/786 785/785/785
f 751/751/751 786/786/786 787/787/787
f 787/787/787 752/752/752 751/751/751
f 788/788/788 752/752/752 787/787/787
f 738/738/738 789/789/789 737/737/737
f 790/790/790 789/789/789 738/738/738
f 791/791/791 789/789/789 790/790/790
f 794/794/794 793/793/793 792/792/792
f 793/793/793 795/795/795 792/792/792
f 796/796/796 795/795/795 793/793/793
f 784/784/784 648/648/648 653/653/653
f 780/780/780 648/648/648 784/784/784
f 775/775/775 756/756/756 755/755/755
f 780/780/780 756/756/756 775/775/775
f 751/751/751 758/758/758 786/786/786
f 757/757/757 758/758/758 751/751/751
f 799/799/799 798/798/798 797/797/797
f 802/802/802 801/801/801 800/800/800
f 803/803/803 801/801/801 802/802/802
f 802/802/802 805/805/805 804/804/804
f 806/806/806 805/805/805 802/802/802
f 806/806/806 802/802/802 800/800/800
f 798/798/798 807/807/807 797/797/797
f 808/808/808 807/807/807 798/798/798
f 797/797/797 803/803/803 802/802/802
f 807/807/807 803/803/803 797/797/797
f 799/799/799 802/802/802 804/804/804
f 797/797/797 802/802/802 799/799/799
f 779/779/779 804/804/804 805/805/805
f 778/778/778 804/804/804 779/779/779
f 799/799/799 804/804/804 778/778/778
f 774/774/774 809/809/809 799/799/799
f 773/773/773 809/809/809 774/774/774
f 812/812/812 811/811/811 810/810/810
f 651/651/651 813/813/813 783/783/783
f 685/685/685 813/813/813 651/651/651
f 685/685/685 687/687/687 813/813/813
f 792/792/792 814/814/814 749/749/749
f 795/795/795 814/814/814 792/792/792
f 792/792/792 749/749/749 815/815/815
f 815/815/815 794/794/794 792/792/792
f 788/788/788 816/816/816 752/752/752
f 817/817/817 791/791/791 790/790/790
f 799/799/799 809/809/809 818/818/818
f 810/810/810 770/770/770 769/769/769
f 811/811/811 770/770/770 810/810/810
f 808/808/808 799/799/799 818/818/818
f 798/798/798 799/799/799 808/808/808
f 821/821/821 820/820/820 819/819/819
f 822/822/822 820/820/820 821/821/821
f 824/824/824 819/819/819 823/823/823
f 821/821/821 819/819/819 824/824/824
f 822/822/822 825/825/825 820/820/820
f 826/826/826 825/825/825 822/822/822
f 826/826/826 827/827/827 825/825/825
f 828/828/828 827/827/827 826/826/826
f 830/830/830 808/808/808 829/829/829
f 832/832/832 829/829/829 831/831/831
f 830/830/830 829/829/829 832/832/832
f 834/834/834 831/831/831 833/833/833
f 832/832/832 831/831/831 834/834/834
f 837/837/837 836/836/836 835/835/835
f 838/838/838 836/836/836 837/837/837
f 836/836/836 801/801/801 803/803/803
f 838/838/838 801/801/801 836/836/836
f 841/841/841 840/840/840 839/839/839
f 842/842/842 840/840/840 841/841/841
f 835/835/835 832/832/832 834/834/834
f 836/836/836 832/832/832 835/835/835
f 803/803/803 830/830/830 836/836/836
f 807/807/807 830/830/830 803/803/803
f 830/830/830 807/807/807 808/808/808
f 839/839/839 844/844/844 843/843/843
f 840/840/840 844/844/844 839/839/839
f 843/843/843 846/846/846 845/845/845
f 844/844/844 846/846/846 843/843/843
f 836/836/836 830/830/830 832/832/832
f 720/720/720 848/848/848 847/847/847
f 720/720/720 847/847/847 723/723/723
f 851/851/851 850/850/850 849/849/849
f 852/852/852 850/850/850 851/851/851
f 730/730/730 849/849/849 731/731/731
f 851/851/851 849/849/849 730/730/730
f 855/855/855 854/854/854 853/853/853
f 856/856/856 854/854/854 855/855/855
f 854/854/854 856/856/856 857/857/857
f 782/782/782 756/756/756 784/784/784
f 754/754/754 756/756/756 782/782/782
f 756/756/756 780/780/780 784/784/784
f 748/748/748 815/815/815 749/749/749
f 750/750/750 815/815/815 748/748/748
f 814/814/814 746/746/746 749/749/749
f 834/834/834 710/710/710 709/709/709
f 833/833/833 710/710/710 834/834/834
f 835/835/835 709/709/709 714/714/714
f 834/834/834 709/709/709 835/835/835
f 837/837/837 714/714/714 713/713/713
f 835/835/835 714/714/714 837/837/837
f 858/858/858 735/735/735 734/734/734
f 859/859/859 735/735/735 858/858/858
f 703/703/703 861/861/861 860/860/860
f 704/704/704 861/861/861 703/703/703
f 863/863/863 699/699/699 862/862/862
f 700/700/700 699/699/699 863/863/863
f 866/866/866 865/865/865 864/864/864
f 867/867/867 865/865/865 866/866/866
f 869/869/869 864/864/864 868/868/868
f 866/866/866 864/864/864 869/869/869
f 871/871/871 868/868/868 870/870/870
f 869/869/869 868/868/868 871/871/871
f 873/873/873 870/870/870 872/872/872
f 871/871/871 870/870/870 873/873/873
f 875/875/875 872/872/872 874/874/874
f 873/873/873 872/872/872 875/875/875
f 878/878/878 877/877/877 876/876/876
f 879/879/879 877/877/877 878/878/878
f 879/879/879 880/880/880 877/877/877
f 881/881/881 880/880/880 879/879/879
f 881/881/881 882/882/882 880/880/880
f 883/883/883 882/882/882 881/881/881
f 883/883/883 884/884/884 882/882/882
f 885/885/885 884/884/884 883/883/883
f 885/885/885 874/874/874 884/884/884
f 875/875/875 874/874/874 885/885/885
f 888/888/888 887/887/887 886/886/886
f 889/889/889 887/887/887 888/888/888
f 892/892/892 891/891/891 890/890/890
f 893/893/893 891/891/891 892/892/892
f 890/890/890 889/889/889 888/888/888
f 891/891/891 889/889/889 890/890/890
f 896/896/896 895/895/895 894/894/894
f 897/897/897 895/895/895 896/896/896
f 896/896/896 899/899/899 898/898/898
f 894/894/894 899/899/899 896/896/896
f 900/900/900 898/898/898 899/899/899
f 901/901/901 898/898/898 900/900/900
f 902/902/902 901/901/901 900/900/900
f 903/903/903 901/901/901 902/902/902
f 902/902/902 904/904/904 903/903/903
f 906/906/906 902/902/902 905/905/905
f 904/904/904 902/902/902 906/906/906
f 909/909/909 908/908/908 907/907/907
f 906/906/906 908/908/908 909/909/909
f 912/912/912 911/911/911 910/910/910
f 913/913/913 911/911/911 912/912/912
f 916/916/916 915/915/915 914/914/914
f 917/917/917 915/915/915 916/916/916
f 920/920/920 919/919/919 918/918/918
f 921/921/921 919/919/919 920/920/920
f 918/918/918 916/916/916 914/914/914
f 919/919/919 916/916/916 918/918/918
f 922/922/922 921/921/921 920/920/920
f 923/923/923 921/921/921 922/922/922
f 923/923/923 925/925/925 924/924/924
f 922/922/922 925/925/925 923/923/923
f 926/926/926 924/924/924 925/925/925
f 927/927/927 924/924/924 926/926/926
f 928/928/928 913/913/913 912/912/912
f 929/929/929 913/913/913 928/928/928
f 931/931/931 928/928/928 930/930/930
f 929/929/929 928/928/928 931/931/931
f 934/934/934 933/933/933 932/932/932
f 912/912/912 933/933/933 934/934/934
f 936/936/936 932/932/932 935/935/935
f 934/934/934 932/932/932 936/936/936
f 939/939/939 938/938/938 937/937/937
f 940/940/940 938/938/938 939/939/939
f 939/939/939 933/933/933 940/940/940
f 943/943/943 942/942/942 941/941/941
f 944/944/944 942/942/942 943/943/943
f 945/945/945 942/942/942 944/944/944
f 947/947/947 946/946/946 909/909/909
f 948/948/948 946/946/946 947/947/947
f 947/947/947 907/907/907 949/949/949
f 909/909/909 907/907/907 947/947/947
f 952/952/952 951/951/951 950/950/950
f 895/895/895 951/951/951 952/952/952
f 897/897/897 951/951/951 895/895/895
f 955/955/955 954/954/954 953/953/953
f 956/956/956 954/954/954 955/955/955
f 954/954/954 958/958/958 957/957/957
f 956/956/956 958/958/958 954/954/954
f 944/944/944 938/938/938 940/940/940
f 943/943/943 938/938/938 944/944/944
f 933/933/933 910/910/910 940/940/940
f 912/912/912 910/910/910 933/933/933
f 909/909/909 915/915/915 917/917/917
f 946/946/946 915/915/915 909/909/909
f 961/961/961 960/960/960 959/959/959
f 964/964/964 963/963/963 962/962/962
f 965/965/965 963/963/963 964/964/964
f 964/964/964 967/967/967 966/966/966
f 968/968/968 967/967/967 964/964/964
f 965/965/965 964/964/964 966/966/966
f 960/960/960 970/970/970 969/969/969
f 961/961/961 970/970/970 960/960/960
f 961/961/961 962/962/962 970/970/970
f 964/964/964 962/962/962 961/961/961
f 959/959/959 964/964/964 961/961/961
f 968/968/968 964/964/964 959/959/959
f 967/967/967 968/968/968 935/935/935
f 936/936/936 968/968/968 959/959/959
f 935/935/935 968/968/968 936/936/936
f 930/930/930 971/971/971 931/931/931
f 959/959/959 971/971/971 930/930/930
f 974/974/974 973/973/973 972/972/972
f 941/941/941 976/976/976 975/975/975
f 942/942/942 976/976/976 941/941/941
f 976/976/976 977/977/977 975/975/975
f 956/956/956 978/978/978 958/958/958
f 905/905/905 978/978/978 956/956/956
f 979/979/979 905/905/905 956/956/956
f 956/956/956 955/955/955 979/979/979
f 949/949/949 981/981/981 980/980/980
f 982/982/982 981/981/981 949/949/949
f 907/907/907 982/982/982 949/949/949
f 952/952/952 950/950/950 983/983/983
f 984/984/984 971/971/971 959/959/959
f 974/974/974 926/926/926 973/973/973
f 927/927/927 926/926/926 974/974/974
f 969/969/969 959/959/959 960/960/960
f 984/984/984 959/959/959 969/969/969
f 987/987/987 986/986/986 985/985/985
f 988/988/988 986/986/986 987/987/987
f 989/989/989 988/988/988 987/987/987
f 990/990/990 988/988/988 989/989/989
f 985/985/985 992/992/992 991/991/991
f 986/986/986 992/992/992 985/985/985
f 991/991/991 994/994/994 993/993/993
f 992/992/992 994/994/994 991/991/991
f 996/996/996 969/969/969 995/995/995
f 997/997/997 996/996/996 995/995/995
f 998/998/998 996/996/996 997/997/997
f 999/999/999 998/998/998 997/997/997
f 1000/1000/1000 998/998/998 999/999/999
f 1003/1003/1003 1002/1002/1002 1001/1001/1001
f 1004/1004/1004 1002/1002/1002 1003/1003/1003
f 1002/1002/1002 963/963/963 1001/1001/1001
f 962/962/962 963/963/963 1002/1002/1002
f 1005/1005/1005 891/891/891 893/893/893
f 1006/1006/1006 891/891/891 1005/1005/1005
f 1004/1004/1004 997/997/997 1002/1002/1002
f 999/999/999 997/997/997 1004/1004/1004
f 962/962/962 995/995/995 970/970/970
f 1002/1002/1002 995/995/995 962/962/962
f 969/969/969 970/970/970 995/995/995
f 1006/1006/1006 889/889/889 891/891/891
f 1007/1007/1007 889/889/889 1006/1006/1006
f 1007/1007/1007 887/887/887 889/889/889
f 1008/1008/1008 887/887/887 1007/1007/1007
f 997/997/997 995/995/995 1002/1002/1002
f 1011/1011/1011 1010/1010/1010 1009/1009/1009
f 1012/1012/1012 1009/1009/1009 1010/1010/1010
f 1013/1013/1013 1012/1012/1012 1010/1010/1010
f 1016/1016/1016 1015/1015/1015 1014/1014/1014
f 1017/1017/1017 1015/1015/1015 1016/1016/1016
f 1018/1018/1018 1017/1017/1017 1016/1016/1016
f 1019/1019/1019 1017/1017/1017 1018/1018/1018
f 1020/1020/1020 1019/1019/1019 1018/1018/1018
f 1021/1021/1021 1019/1019/1019 1020/1020/1020
f 1024/1024/1024 1023/1023/1023 1022/1022/1022
f 1025/1025/1025 1023/1023/1023 1024/1024/1024
f 1026/1026/1026 1022/1022/1022 1023/1023/1023
f 945/945/945 910/910/910 911/911/911
f 944/944/944 910/910/910 945/945/945
f 944/944/944 940/940/940 910/910/910
f 906/906/906 979/979/979 908/908/908
f 905/905/905 979/979/979 906/906/906
f 905/905/905 902/902/902 978/978/978
f 1029/1029/1029 1028/1028/1028 1027/1027/1027
f 1030/1030/1030 1028/1028/1028 1029/1029/1029
f 1029/1029/1029 1031/1031/1031 1030/1030/1030
f 1032/1032/1032 1031/1031/1031 1029/1029/1029
f 1034/1034/1034 1032/1032/1032 1033/1033/1033
f 1031/1031/1031 1032/1032/1032 1034/1034/1034
f 1036/1036/1036 1033/1033/1033 1035/1035/1035
f 1034/1034/1034 1033/1033/1033 1036/1036/1036
f 1035/1035/1035 1037/1037/1037 1036/1036/1036
f 1038/1038/1038 1036/1036/1036 1037/1037/1037
f 1039/1039/1039 1036/1036/1036 1038/1038/1038
f 1041/1041/1041 1040/1040/1040 1038/1038/1038
f 1042/1042/1042 1040/1040/1040 1041/1041/1041
f 1045/1045/1045 1044/1044/1044 1043/1043/1043
f 1046/1046/1046 1044/1044/1044 1045/1045/1045
f 1049/1049/1049 1048/1048/1048 1047/1047/1047
f 1050/1050/1050 1048/1048/1048 1049/1049/1049
f 1053/1053/1053 1052/1052/1052 1051/1051/1051
f 1054/1054/1054 1052/1052/1052 1053/1053/1053
f 1054/1054/1054 1049/1049/1049 1052/1052/1052
f 1050/1050/1050 1049/1049/1049 1054/1054/1054
f 1056/1056/1056 1051/1051/1051 1055/1055/1055
f 1053/1053/1053 1051/1051/1051 1056/1056/1056
f 1055/1055/1055 1057/1057/1057 1056/1056/1056
f 1058/1058/1058 1057/1057/1057 1055/1055/1055
f 1060/1060/1060 1058/1058/1058 1059/1059/1059
f 1057/1057/1057 1058/1058/1058 1060/1060/1060
f 1062/1062/1062 1043/1043/1043 1061/1061/1061
f 1045/1045/1045 1043/1043/1043 1062/1062/1062
f 1063/1063/1063 1062/1062/1062 1061/1061/1061
f 1064/1064/1064 1062/1062/1062 1063/1063/1063
f 1066/1066/1066 1065/1065/1065 1045/1045/1045
f 1067/1067/1067 1065/1065/1065 1066/1066/1066
f 1068/1068/1068 1067/1067/1067 1066/1066/1066
f 1069/1069/1069 1067/1067/1067 1068/1068/1068
f 1071/1071/1071 938/938/938 1070/1070/1070
f 937/937/937 938/938/938 1071/1071/1071
f 1070/1070/1070 1065/1065/1065 1071/1071/1071
f 1074/1074/1074 1073/1073/1073 1072/1072/1072
f 943/943/943 1073/1073/1073 1074/1074/1074
f 941/941/941 1073/1073/1073 943/943/943
f 1077/1077/1077 1076/1076/1076 1075/1075/1075
f 1041/1041/1041 1076/1076/1076 1077/1077/1077
f 1077/1077/1077 1042/1042/1042 1041/1041/1041
f 1078/1078/1078 1042/1042/1042 1077/1077/1077
f 1028/1028/1028 1079/1079/1079 1027/1027/1027
f 1080/1080/1080 1079/1079/1079 1028/1028/1028
f 1081/1081/1081 1079/1079/1079 1080/1080/1080
f 1084/1084/1084 1083/1083/1083 1082/1082/1082
f 1083/1083/1083 1085/1085/1085 1082/1082/1082
f 1086/1086/1086 1085/1085/1085 1083/1083/1083
f 1074/1074/1074 938/938/938 943/943/943
f 1070/1070/1070 938/938/938 1074/1074/1074
f 1065/1065/1065 1046/1046/1046 1045/1045/1045
f 1070/1070/1070 1046/1046/1046 1065/1065/1065
f 1041/1041/1041 1048/1048/1048 1076/1076/1076
f 1047/1047/1047 1048/1048/1048 1041/1041/1041
f 1089/1089/1089 1088/1088/1088 1087/1087/1087
f 1092/1092/1092 1091/1091/1091 1090/1090/1090
f 1093/1093/1093 1091/1091/1091 1092/1092/1092
f 1092/1092/1092 1095/1095/1095 1094/1094/1094
f 1096/1096/1096 1095/1095/1095 1092/1092/1092
f 1096/1096/1096 1092/1092/1092 1090/1090/1090
f 1088/1088/1088 1097/1097/1097 1087/1087/1087
f 1098/1098/1098 1097/1097/1097 1088/1088/1088
f 1087/1087/1087 1093/1093/1093 1092/1092/1092
f 1097/1097/1097 1093/1093/1093 1087/1087/1087
f 1089/1089/1089 1092/1092/1092 1094/1094/1094
f 1087/1087/1087 1092/1092/1092 1089/1089/1089
f 1069/1069/1069 1094/1094/1094 1095/1095/1095
f 1068/1068/1068 1094/1094/1094 1069/1069/1069
f 1089/1089/1089 1094/1094/1094 1068/1068/1068
f 1064/1064/1064 1099/1099/1099 1089/1089/1089
f 1063/1063/1063 1099/1099/1099 1064/1064/1064
f 1102/1102/1102 1101/1101/1101 1100/1100/1100
f 941/941/941 1103/1103/1103 1073/1073/1073
f 975/975/975 1103/1103/1103 941/941/941
f 975/975/975 977/977/977 1103/1103/1103
f 1082/1082/1082 1104/1104/1104 1039/1039/1039
f 1085/1085/1085 1104/1104/1104 1082/1082/1082
f 1082/1082/1082 1039/1039/1039 1105/1105/1105
f 1105/1105/1105 1084/1084/1084 1082/1082/1082
f 1078/1078/1078 1106/1106/1106 1042/1042/1042
f 1107/1107/1107 1081/1081/1081 1080/1080/1080
f 1089/1089/1089 1099/1099/1099 1108/1108/1108
f 1100/1100/1100 1060/1060/1060 1059/1059/1059
f 1101/1101/1101 1060/1060/1060 1100/1100/1100
f 1098/1098/1098 1089/1089/1089 1108/1108/1108
f 1088/1088/1088 1089/1089/1089 1098/1098/1098
f 1111/1111/1111 1110/1110/1110 1109/1109/1109
f 1112/1112/1112 1110/1110/1110 1111/1111/1111
f 1114/1114/1114 1109/1109/1109 1113/1113/1113
f 1111/1111/1111 1109/1109/1109 1114/1114/1114
f 1112/1112/1112 1115/1115/1115 1110/1110/1110
f 1116/1116/1116 1115/1115/1115 1112/1112/1112
f 1116/1116/1116 1117/1117/1117 1115/1115/1115
f 1118/1118/1118 1117/1117/1117 1116/1116/1116
f 1120/1120/1120 1098/1098/1098 1119/1119/1119
f 1122/1122/1122 1119/1119/1119 1121/1121/1121
f 1120/1120/1120 1119/1119/1119 1122/1122/1122
f 1124/1124/1124 1121/1121/1121 1123/1123/1123
f 1122/1122/1122 1121/1121/1121 1124/1124/1124
f 1127/1127/1127 1126/1126/1126 1125/1125/1125
f 1128/1128/1128 1126/1126/1126 1127/1127/1127
f 1126/1126/1126 1091/1091/1091 1093/1093/1093
f 1128/1128/1128 1091/1091/1091 1126/1126/1126
f 1131/1131/1131 1130/1130/1130 1129/1129/1129
f 1132/1132/1132 1130/1130/1130 1131/1131/1131
f 1125/1125/1125 1122/1122/1122 1124/1124/1124
f 1126/1126/1126 1122/1122/1122 1125/1125/1125
f 1093/1093/1093 1120/1120/1120 1126/1126/1126
f 1097/1097/1097 1120/1120/1120 1093/1093/1093
f 1120/1120/1120 1097/1097/1097 1098/1098/1098
f 1129/1129/1129 1134/1134/1134 1133/1133/1133
f 1130/1130/1130 1134/1134/1134 1129/1129/1129
f 1133/1133/1133 1136/1136/1136 1135/1135/1135
f 1134/1134/1134 1136/1136/1136 1133/1133/1133
f 1126/1126/1126 1120/1120/1120 1122/1122/1122
f 1010/1010/1010 1138/1138/1138 1137/1137/1137
f 1010/1010/1010 1137/1137/1137 1013/1013/1013
f 1141/1141/1141 1140/1140/1140 1139/1139/1139
f 1142/1142/1142 1140/1140/1140 1141/1141/1141
f 1020/1020/1020 1139/1139/1139 1021/1021/1021
f 1141/1141/1141 1139/1139/1139 1020/1020/1020
f 1145/1145/1145 1144/1144/1144 1143/1143/1143
f 1146/1146/1146 1144/1144/1144 1145/1145/1145
f 1144/1144/1144 1146/1146/1146 1147/1147/1147
f 1072/1072/1072 1046/1046/1046 1074/1074/1074
f 1044/1044/1044 1046/1046/1046 1072/1072/1072
f 1046/1046/1046 1070/1070/1070 1074/1074/1074
f 1038/1038/1038 1105/1105/1105 1039/1039/1039
f 1040/1040/1040 1105/1105/1105 1038/1038/1038
f 1104/1104/1104 1036/1036/1036 1039/1039/1039
f 1124/1124/1124 1000/1000/1000 999/999/999
f 1123/1123/1123 1000/1000/1000 1124/1124/1124
f 1125/1125/1125 999/999/999 1004/1004/1004
f 1124/1124/1124 999/999/999 1125/1125/1125
f 1127/1127/1127 1004/1004/1004 1003/1003/1003
f 1125/1125/1125 1004/1004/1004 1127/1127/1127
f 1148/1148/1148 1025/1025/1025 1024/1024/1024
f 1149/1149/1149 1025/1025/1025 1148/1148/1148
f 993/993/993 1151/1151/1151 1150/1150/1150
f 994/994/994 1151/1151/1151 993/993/993
f 1153/1153/1153 989/989/989 1152/1152/1152
f 990/990/990 989/989/989 1153/1153/1153
f 1156/1156/1156 1155/1155/1155 1154/1154/1154
f 1157/1157/1157 1155/1155/1155 1156/1156/1156
f 1159/1159/1159 1154/1154/1154 1158/1158/1158
f 1156/1156/1156 1154/1154/1154 1159/1159/1159
f 1161/1161/1161 1158/1158/1158 1160/1160/1160
f 1159/1159/1159 1158/1158/1158 1161/1161/1161
f 1163/1163/1163 1160/1160/1160 1162/1162/1162
f 1161/1161/1161 1160/1160/1160 1163/1163/1163
f 1165/1165/1165 1162/1162/1162 1164/1164/1164
f 1163/1163/1163 1162/1162/1162 1165/1165/1165
f 1168/1168/1168 1167/1167/1167 1166/1166/1166
f 1169/1169/1169 1167/1167/1167 1168/1168/1168
f 1169/1169/1169 1170/1170/1170 1167/1167/1167
f 1171/1171/1171 1170/1170/1170 1169/1169/1169
f 1171/1171/1171 1172/1172/1172 1170/1170/1170
f 1173/1173/1173 1172/1172/1172 1171/1171/1171
f 1173/1173/1173 1174/1174/1174 1172/1172/1172
f 1175/1175/1175 1174/1174/1174 1173/1173/1173
f 1175/1175/1175 1164/1164/1164 1174/1174/1174
f 1165/1165/1165 1164/1164/1164 1175/1175/1175
f 1178/1178/1178 1177/1177/1177 1176/1176/1176
f 1179/1179/1179 1177/1177/1177 1178/1178/1178
f 1182/1182/1182 1181/1181/1181 1180/1180/1180
f 1183/1183/1183 1181/1181/1181 1182/1182/1182
f 1180/1180/1180 1179/1179/1179 1178/1178/1178
f 1181/1181/1181 1179/1179/1179 1180/1180/1180
f 1186/1186/1186 1185/1185/1185 1184/1184/1184
f 1187/1187/1187 1185/1185/1185 1186/1186/1186
f 1186/1186/1186 1189/1189/1189 1188/1188/1188
f 1184/1184/1184 1189/1189/1189 1186/1186/1186
f 1190/1190/1190 1188/1188/1188 1189/1189/1189
f 1191/1191/1191 1188/1188/1188 1190/1190/1190
f 1192/1192/1192 1191/1191/1191 1190/1190/1190
f 1193/1193/1193 1191/1191/1191 1192/1192/1192
f 1192/1192/1192 1194/1194/1194 1193/1193/1193
f 1196/1196/1196 1192/1192/1192 1195/1195/1195
f 1194/1194/1194 1192/1192/1192 1196/1196/1196
f 1199/1199/1199 1198/1198/1198 1197/1197/1197
f 1196/1196/1196 1198/1198/1198 1199/1199/1199
f 1202/1202/1202 1201/1201/1201 1200/1200/1200
f 1203/1203/1203 1201/1201/1201 1202/1202/1202
f 1206/1206/1206 1205/1205/1205 1204/1204/1204
f 1207/1207/1207 1205/1205/1205 1206/1206/1206
f 1210/1210/1210 1209/1209/1209 1208/1208/1208
f 1211/1211/1211 1209/1209/1209 1210/1210/1210
f 1208/1208/1208 1206/1206/1206 1204/1204/1204
f 1209/1209/1209 1206/1206/1206 1208/1208/1208
f 1212/1212/1212 1211/1211/1211 1210/1210/1210
f 1213/1213/1213 1211/1211/1211 1212/1212/1212
f 1213/1213/1213 1215/1215/1215 1214/1214/1214
f 1212/1212/1212 1215/1215/1215 1213/1213/1213
f 1216/1216/1216 1214/1214/1214 1215/1215/1215
f 1217/1217/1217 1214/1214/1214 1216/1216/1216
f 1218/1218/1218 1203/1203/1203 1202/1202/1202
f 1219/1219/1219 1203/1203/1203 1218/1218/1218
f 1221/1221/1221 1218/1218/1218 1220/1220/1220
f 1219/1219/1219 1218/1218/1218 1221/1221/1221
f 1224/1224/1224 1223/1223/1223 1222/1222/1222
f 1202/1202/1202 1223/1223/1223 1224/1224/1224
f 1226/1226/1226 1222/1222/1222 1225/1225/1225
f 1224/1224/1224 1222/1222/1222 1226/1226/1226
f 1229/1229/1229 1228/1228/1228 1227/1227/1227
f 1230/1230/1230 1228/1228/1228 1229/1229/1229
f 1229/1229/1229 1223/1223/1223 1230/1230/1230
f 1233/1233/1233 1232/1232/1232 1231/1231/1231
f 1234/1234/1234 1232/1232/1232 1233/1233/1233
f 1235/1235/1235 1232/1232/1232 1234/1234/1234
f 1237/1237/1237 1236/1236/1236 1199/1199/1199
f 1238/1238/1238 1236/1236/1236 1237/1237/1237
f 1237/1237/1237 1197/1197/1197 1239/1239/1239
f 1199/1199/1199 1197/1197/1197 1237/1237/1237
f 1242/1242/1242 1241/1241/1241 1240/1240/1240
f 1185/1185/1185 1241/1241/1241 1242/1242/1242
f 1187/1187/1187 1241/1241/1241 1185/1185/1185
f 1245/1245/1245 1244/1244/1244 1243/1243/1243
f 1246/1246/1246 1244/1244/1244 1245/1245/1245
f 1244/1244/1244 1248/1248/1248 1247/1247/1247
f 1246/1246/1246 1248/1248/1248 1244/1244/1244
f 1234/1234/1234 1228/1228/1228 1230/1230/1230
f 1233/1233/1233 1228/1228/1228 1234/1234/1234
f 1223/1223/1223 1200/1200/1200 1230/1230/1230
f 1202/1202/1202 1200/1200/1200 1223/1223/1223
f 1199/1199/1199 1205/1205/1205 1207/1207/1207
f 1236/1236/1236 1205/1205/1205 1199/1199/1199
f 1251/1251/1251 1250/1250/1250 1249/1249/1249
f 1254/1254/1254 1253/1253/1253 1252/1252/1252
f 1255/1255/1255 1253/1253/1253 1254/1254/1254
f 1254/1254/1254 1257/1257/1257 1256/1256/1256
f 1258/1258/1258 1257/1257/1257 1254/1254/1254
f 1255/1255/1255 1254/1254/1254 1256/1256/1256
f 1250/1250/1250 1260/1260/1260 1259/1259/1259
f 1251/1251/1251 1260/1260/1260 1250/1250/1250
f 1251/1251/1251 1252/1252/1252 1260/1260/1260
f 1254/1254/1254 1252/1252/1252 1251/1251/1251
f 1249/1249/1249 1254/1254/1254 1251/1251/1251
f 1258/1258/1258 1254/1254/1254 1249/1249/1249
f 1257/1257/1257 1258/1258/1258 1225/1225/1225
f 1226/1226/1226 1258/1258/1258 1249/1249/1249
f 1225/1225/1225 1258/1258/1258 1226/1226/1226
f 1220/1220/1220 1261/1261/1261 1221/1221/1221
f 1249/1249/1249 1261/1261/1261 1220/1220/1220
f 1264/1264/1264 1263/1263/1263 1262/1262/1262
f 1231/1231/1231 1266/1266/1266 1265/1265/1265
f 1232/1232/1232 1266/1266/1266 1231/1231/1231
f 1266/1266/1266 1267/1267/1267 1265/1265/1265
f 1246/1246/1246 1268/1268/1268 1248/1248/1248
f 1195/1195/1195 1268/1268/1268 1246/1246/1246
f 1269/1269/1269 1195/1195/1195 1246/1246/1246
f 1246/1246/1246 1245/1245/1245 1269/1269/1269
f 1239/1239/1239 1271/1271/1271 1270/1270/1270
f 1272/1272/1272 1271/1271/1271 1239/1239/1239
f 1197/1197/1197 1272/1272/1272 1239/1239/1239
f 1242/1242/1242 1240/1240/1240 1273/1273/1273
f 1274/1274/1274 1261/1261/1261 1249/1249/1249
f 1264/1264/1264 1216/1216/1216 1263/1263/1263
f 1217/1217/1217 1216/1216/1216 1264/1264/1264
f 1259/1259/1259 1249/1249/1249 1250/1250/1250
f 1274/1274/1274 1249/1249/1249 1259/1259/1259
f 1277/1277/1277 1276/1276/1276 1275/1275/1275
f 1278/1278/1278 1276/1276/1276 1277/1277/1277
f 1279/1279/1279 1278/1278/1278 1277/1277/1277
f 1280/1280/1280 1278/1278/1278 1279/1279/1279
f 1275/1275/1275 1282/1282/1282 1281/1281/1281
f 1276/1276/1276 1282/1282/1282 1275/1275/1275
f 1281/1281/1281 1284/1284/1284 1283/1283/1283
f 1282/1282/1282 1284/1284/1284 1281/1281/1281
f 1286/1286/1286 1259/1259/1259 1285/1285/1285
f 1287/1287/1287 1286/1286/1286 1285/1285/1285
f 1288/1288/1288 1286/1286/1286 1287/1287/1287
f 1289/1289/1289 1288/1288/1288 1287/1287/1287
f 1290/1290/1290 1288/1288/1288 1289/1289/1289
f 1293/1293/1293 1292/1292/1292 1291/1291/1291
f 1294/1294/1294 1292/1292/1292 1293/1293/1293
f 1292/1292/1292 1253/1253/1253 1291/1291/1291
f 1252/1252/1252 1253/1253/1253 1292/1292/1292
f 1295/1295/1295 1181/1181/1181 1183/1183/1183
f 1296/1296/1296 1181/1181/1181 1295/1295/1295
f 1294/1294/1294 1287/1287/1287 1292/1292/1292
f 1289/1289/1289 1287/1287/1287 1294/1294/1294
f 1252/1252/1252 1285/1285/1285 1260/1260/1260
f 1292/1292/1292 1285/1285/1285 1252/1252/1252
f 1259/1259/1259 1260/1260/1260 1285/1285/1285
f 1296/1296/1296 1179/1179/1179 1181/1181/1181
f 1297/1297/1297 1179/1179/1179 1296/1296/1296
f 1297/1297/1297 1177/1177/1177 1179/1179/1179
f 1298/1298/1298 1177/1177/1177 1297/1297/1297
f 1287/1287/1287 1285/1285/1285 1292/1292/1292
f 1301/1301/1301 1300/1300/1300 1299/1299/1299
f 1302/1302/1302 1299/1299/1299 1300/1300/1300
f 1303/1303/1303 1302/1302/1302 1300/1300/1300
f 1306/1306/1306 1305/1305/1305 1304/1304/1304
f 1307/1307/1307 1305/1305/1305 1306/1306/1306
f 1308/1308/1308 1307/1307/1307 1306/1306/1306
f 1309/1309/1309 1307/1307/1307 1308/1308/1308
f 1310/1310/1310 1309/1309/1309 1308/1308/1308
f 1311/1311/1311 1309/1309/1309 1310/1310/1310
f 1314/1314/1314 1313/1313/1313 1312/1312/1312
f 1315/1315/1315 1313/1313/1313 1314/1314/1314
f 1316/1316/1316 1312/1312/1312 1313/1313/1313
f 1235/1235/1235 1200/1200/1200 1201/1201/1201
f 1234/1234/1234 1200/1200/1200 1235/1235/1235
f 1234/1234/1234 1230/1230/1230 1200/1200/1200
f 1196/1196/1196 1269/1269/1269 1198/1198/1198
f 1195/1195/1195 1269/1269/1269 1196/1196/1196
f 1195/1195/1195 1192/1192/1192 1268/1268/1268
f 1319/1319/1319 1318/1318/1318 1317/1317/1317
f 1320/1320/1320 1318/1318/1318 1319/1319/1319
f 1319/1319/1319 1321/1321/1321 1320/1320/1320
f 1322/1322/1322 1321/1321/1321 1319/1319/1319
f 1324/1324/1324 1322/1322/1322 1323/1323/1323
f 1321/1321/1321 1322/1322/1322 1324/1324/1324
f 1326/1326/1326 1323/1323/1323 1325/1325/1325
f 1324/1324/1324 1323/1323/1323 1326/1326/1326
f 1325/1325/1325 1327/1327/1327 1326/1326/1326
f 1328/1328/1328 1326/1326/1326 1327/1327/1327
f 1329/1329/1329 1326/1326/1326 1328/1328/1328
f 1331/1331/1331 1330/1330/1330 1328/1328/1328
f 1332/1332/1332 1330/1330/1330 1331/1331/1331
f 1335/1335/1335 1334/1334/1334 1333/1333/1333
f 1336/1336/1336 1334/1334/1334 1335/1335/1335
f 1339/1339/1339 1338/1338/1338 1337/1337/1337
f 1340/1340/1340 1338/1338/1338 1339/1339/1339
f 1343/1343/1343 1342/1342/1342 1341/1341/1341
f 1344/1344/1344 1342/1342/1342 1343/1343/1343
f 1344/1344/1344 1339/1339/1339 1342/1342/1342
f 1340/1340/1340 1339/1339/1339 1344/1344/1344
f 1346/1346/1346 1341/1341/1341 1345/1345/1345
f 1343/1343/1343 1341/1341/1341 1346/1346/1346
f 1345/1345/1345 1347/1347/1347 1346/1346/1346
f 1348/1348/1348 1347/1347/1347 1345/1345/1345
f 1350/1350/1350 1348/1348/1348 1349/1349/1349
f 1347/1347/1347 1348/1348/1348 1350/1350/1350
f 1352/1352/1352 1333/1333/1333 1351/1351/1351
f 1335/1335/1335 1333/1333/1333 1352/1352/1352
f 1353/1353/1353 1352/1352/1352 1351/1351/1351
f 1354/1354/1354 1352/1352/1352 1353/1353/1353
f 1356/1356/1356 1355/1355/1355 1335/1335/1335
f 1357/1357/1357 1355/1355/1355 1356/1356/1356
f 1358/1358/1358 1357/1357/1357 1356/1356/1356
f 1359/1359/1359 1357/1357/1357 1358/1358/1358
f 1361/1361/1361 1228/1228/1228 1360/1360/1360
f 1227/1227/1227 1228/1228/1228 1361/1361/1361
f 1360/1360/1360 1355/1355/1355 1361/1361/1361
f 1364/1364/1364 1363/1363/1363 1362/1362/1362
f 1233/1233/1233 1363/1363/1363 1364/1364/1364
f 1231/1231/1231 1363/1363/1363 1233/1233/1233
f 1367/1367/1367 1366/1366/1366 1365/1365/1365
f 1331/1331/1331 1366/1366/1366 1367/1367/1367
f 1367/1367/1367 1332/1332/1332 1331/1331/1331
f 1368/1368/1368 1332/1332/1332 1367/1367/1367
f 1318/1318/1318 1369/1369/1369 1317/1317/1317
f 1370/1370/1370 1369/1369/1369 1318/1318/1318
f 1371/1371/1371 1369/1369/1369 1370/1370/1370
f 1374/1374/1374 1373/1373/1373 1372/1372/1372
f 1373/1373/1373 1375/1375/1375 1372/1372/1372
f 1376/1376/1376 1375/1375/1375 1373/1373/1373
f 1364/1364/1364 1228/1228/1228 1233/1233/1233
f 1360/1360/1360 1228/1228/1228 1364/1364/1364
f 1355/1355/1355 1336/1336/1336 1335/1335/1335
f 1360/1360/1360 1336/1336/1336 1355/1355/1355
f 1331/1331/1331 1338/1338/1338 1366/1366/1366
f 1337/1337/1337 1338/1338/1338 1331/1331/1331
f 1379/1379/1379 1378/1378/1378 1377/1377/1377
f 1382/1382/1382 1381/1381/1381 1380/1380/1380
f 1383/1383/1383 1381/1381/1381 1382/1382/1382
f 1382/1382/1382 1385/1385/1385 1384/1384/1384
f 1386/1386/1386 1385/1385/1385 1382/1382/1382
f 1386/1386/1386 1382/1382/1382 1380/1380/1380
f 1378/1378/1378 1387/1387/1387 1377/1377/1377
f 1388/1388/1388 1387/1387/1387 1378/1378/1378
f 1377/1377/1377 1383/1383/1383 1382/1382/1382
f 1387/1387/1387 1383/1383/1383 1377/1377/1377
f 1379/1379/1379 1382/1382/1382 1384/1384/1384
f 1377/1377/1377 1382/1382/1382 1379/1379/1379
f 1359/1359/1359 1384/1384/1384 1385/1385/1385
f 1358/1358/1358 1384/1384/1384 1359/1359/1359
f 1379/1379/1379 1384/1384/1384 1358/1358/1358
f 1354/1354/1354 1389/1389/1389 1379/1379/1379
f 1353/1353/1353 1389/1389/1389 1354/1354/1354
f 1392/1392/1392 1391/1391/1391 1390/1390/1390
f 1231/1231/1231 1393/1393/1393 1363/1363/1363
f 1265/1265/1265 1393/1393/1393 1231/1231/1231
f 1265/1265/1265 1267/1267/1267 1393/1393/1393
f 1372/1372/1372 1394/1394/1394 1329/1329/1329
f 1375/1375/1375 1394/1394/1394 1372/1372/1372
f 1372/1372/1372 1329/1329/1329 1395/1395/1395
f 1395/1395/1395 1374/1374/1374 1372/1372/1372
f 1368/1368/1368 1396/1396/1396 1332/1332/1332
f 1397/1397/1397 1371/1371/1371 1370/1370/1370
f 1379/1379/1379 1389/1389/1389 1398/1398/1398
f 1390/1390/1390 1350/1350/1350 1349/1349/1349
f 1391/1391/1391 1350/1350/1350 1390/1390/1390
f 1388/1388/1388 1379/1379/1379 1398/1398/1398
f 1378/1378/1378 1379/1379/1379 1388/1388/1388
f 1401/1401/1401 1400/1400/1400 1399/1399/1399
f 1402/1402/1402 1400/1400/1400 1401/1401/1401
f 1404/1404/1404 1399/1399/1399 1403/1403/1403
f 1401/1401/1401 1399/1399/1399 1404/1404/1404
f 1402/1402/1402 1405/1405/1405 1400/1400/1400
f 1406/1406/1406 1405/1405/1405 1402/1402/1402
f 1406/1406/1406 1407/1407/1407 1405/1405/1405
f 1408/1408/1408 1407/1407/1407 1406/1406/1406
f 1410/1410/1410 1388/1388/1388 1409/1409/1409
f 1412/1412/1412 1409/1409/1409 1411/1411/1411
f 1410/1410/1410 1409/1409/1409 1412/1412/1412
f 1414/1414/1414 1411/1411/1411 1413/1413/1413
f 1412/1412/1412 1411/1411/1411 1414/1414/1414
f 1417/1417/1417 1416/1416/1416 1415/1415/1415
f 1418/1418/1418 1416/1416/1416 1417/1417/1417
f 1416/1416/1416 1381/1381/1381 1383/1383/1383
f 1418/1418/1418 1381/1381/1381 1416/1416/1416
f 1421/1421/1421 1420/1420/1420 1419/1419/1419
f 1422/1422/1422 1420/1420/1420 1421/1421/1421
f 1415/1415/1415 1412/1412/1412 1414/1414/1414
f 1416/1416/1416 1412/1412/1412 1415/1415/1415
f 1383/1383/1383 1410/1410/1410 1416/1416/1416
f 1387/1387/1387 1410/1410/1410 1383/1383/1383
f 1410/1410/1410 1387/1387/1387 1388/1388/1388
f 1419/1419/1419 1424/1424/1424 1423/1423/1423
f 1420/1420/1420 1424/1424/1424 1419/1419/1419
f 1423/1423/1423 1426/1426/1426 1425/1425/1425
f 1424/1424/1424 1426/1426/1426 1423/1423/1423
f 1416/1416/1416 1410/1410/1410 1412/1412/1412
f 1300/1300/1300 1428/1428/1428 1427/1427/1427
f 1300/1300/1300 1427/1427/1427 1303/1303/1303
f 1431/1431/1431 1430/1430/1430 1429/1429/1429
f 1432/1432/1432 1430/1430/1430 1431/1431/1431
f 1310/1310/1310 1429/1429/1429 1311/1311/1311
f 1431/1431/1431 1429/1429/1429 1310/1310/1310
f 1435/1435/1435 1434/1434/1434 1433/1433/1433
f 1436/1436/1436 1434/1434/1434 1435/1435/1435
f 1434/1434/1434 1436/1436/1436 1437/1437/1437
f 1362/1362/1362 1336/1336/1336 1364/1364/1364
f 1334/1334/1334 1336/1336/1336 1362/1362/1362
f 1336/1336/1336 1360/1360/1360 1364/1364/1364
f 1328/1328/1328 1395/1395/1395 1329/1329/1329
f 1330/1330/1330 1395/1395/1395 1328/1328/1328
f 1394/1394/1394 1326/1326/1326 1329/1329/1329
f 1414/1414/1414 1290/1290/1290 1289/1289/1289
f 1413/1413/1413 1290/1290/1290 1414/1414/1414
f 1415/1415/1415 1289/1289/1289 1294/1294/1294
f 1414/1414/1414 1289/1289/1289 1415/1415/1415
f 1417/1417/1417 1294/1294/1294 1293/1293/1293
f 1415/1415/1415 1294/1294/1294 1417/1417/1417
f 1438/1438/1438 1315/1315/1315 1314/1314/1314
f 1439/1439/1439 1315/1315/1315 1438/1438/1438
f 1283/1283/1283 1441/1441/1441 1440/1440/1440
f 1284/1284/1284 1441/1441/1441 1283/1283/1283
f 1443/1443/1443 1279/1279/1279 1442/1442/1442
f 1280/1280/1280 1279/1279/1279 1443/1443/1443
f 1446/1446/1446 1445/1445/1445 1444/1444/1444
f 1447/1447/1447 1445/1445/1445 1446/1446/1446
f 1449/1449/1449 1444/1444/1444 1448/1448/1448
f 1446/1446/1446 1444/1444/1444 1449/1449/1449
f 1451/1451/1451 1448/1448/1448 1450/1450/1450
f 1449/1449/1449 1448/1448/1448 1451/1451/1451
f 1453/1453/1453 1450/1450/1450 1452/1452/1452
f 1451/1451/1451 1450/1450/1450 1453/1453/1453
f 1455/1455/1455 1452/1452/1452 1454/1454/1454
f 1453/1453/1453 1452/1452/1452 1455/1455/1455
f 1458/1458/1458 1457/1457/1457 1456/1456/1456
f 1459/1459/1459 1457/1457/1457 1458/1458/1458
f 1459/1459/1459 1460/1460/1460 1457/1457/1457
f 1461/1461/1461 1460/1460/1460 1459/1459/1459
f 1461/1461/1461 1462/1462/1462 1460/1460/1460
f 1463/1463/1463 1462/1462/1462 1461/1461/1461
f 1463/1463/1463 1464/1464/1464 1462/1462/1462
f 1465/1465/1465 1464/1464/1464 1463/1463/1463
f 1465/1465/1465 1454/1454/1454 1464/1464/1464
f 1455/1455/1455 1454/1454/1454 1465/1465/1465
f 1468/1468/1468 1467/1467/1467 1466/1466/1466
f 1469/1469/1469 1467/1467/1467 1468/1468/1468
f 1472/1472/1472 1471/1471/1471 1470/1470/1470
f 1473/1473/1473 1471/1471/1471 1472/1472/1472
f 1470/1470/1470 1469/1469/1469 1468/1468/1468
f 1471/1471/1471 1469/1469/1469 1470/1470/1470
f 1476/1476/1476 1475/1475/1475 1474/1474/1474
f 1477/1477/1477 1475/1475/1475 1476/1476/1476
f 1476/1476/1476 1479/1479/1479 1478/1478/1478
f 1474/1474/1474 1479/1479/1479 1476/1476/1476
f 1480/1480/1480 1478/1478/1478 1479/1479/1479
f 1481/1481/1481 1478/1478/1478 1480/1480/1480
f 1482/1482/1482 1481/1481/1481 1480/1480/1480
f 1483/1483/1483 1481/1481/1481 1482/1482/1482
f 1482/1482/1482 1484/1484/1484 1483/1483/1483
f 1486/1486/1486 1482/1482/1482 1485/1485/1485
f 1484/1484/1484 1482/1482/1482 1486/1486/1486
f 1489/1489/1489 1488/1488/1488 1487/1487/1487
f 1486/1486/1486 1488/1488/1488 1489/1489/1489
f 1492/1492/1492 1491/1491/1491 1490/1490/1490
f 1493/1493/1493 1491/1491/1491 1492/1492/1492
f 1496/1496/1496 1495/1495/1495 1494/1494/1494
f 1497/1497/1497 1495/1495/1495 1496/1496/1496
f 1500/1500/1500 1499/1499/1499 1498/1498/1498
f 1501/1501/1501 1499/1499/1499 1500/1500/1500
f 1498/1498/1498 1496/1496/1496 1494/1494/1494
f 1499/1499/1499 1496/1496/1496 1498/1498/1498
f 1502/1502/1502 1501/1501/1501 1500/1500/1500
f 1503/1503/1503 1501/1501/1501 1502/1502/1502
f 1503/1503/1503 1505/1505/1505 1504/1504/1504
f 1502/1502/1502 1505/1505/1505 1503/1503/1503
f 1506/1506/1506 1504/1504/1504 1505/1505/1505
f 1507/1507/1507 1504/1504/1504 1506/1506/1506
f 1508/1508/1508 1493/1493/1493 1492/1492/1492
f 1509/1509/1509 1493/1493/1493 1508/1508/1508
f 1511/1511/1511 1508/1508/1508 1510/1510/1510
f 1509/1509/1509 1508/1508/1508 1511/1511/1511
f 1514/1514/1514 1513/1513/1513 1512/1512/1512
f 1492/1492/1492 1513/1513/1513 1514/1514/1514
f 1516/1516/1516 1512/1512/1512 1515/1515/1515
f 1514/1514/1514 1512/1512/1512 1516/1516/1516
f 1519/1519/1519 1518/1518/1518 1517/1517/1517
f 1520/1520/1520 1518/1518/1518 1519/1519/1519
f 1519/1519/1519 1513/1513/1513 1520/1520/1520
f 1523/1523/1523 1522/1522/1522 1521/1521/1521
f 1524/1524/1524 1522/1522/1522 1523/1523/1523
f 1525/1525/1525 1522/1522/1522 1524/1524/1524
f 1527/1527/1527 1526/1526/1526 1489/1489/1489
f 1528/1528/1528 1526/1526/1526 1527/1527/1527
f 1527/1527/1527 1487/1487/1487 1529/1529/1529
f 1489/1489/1489 1487/1487/1487 1527/1527/1527
f 1532/1532/1532 1531/1531/1531 1530/1530/1530
f 1475/1475/1475 1531/1531/1531 1532/1532/1532
f 1477/1477/1477 1531/1531/1531 1475/1475/1475
f 1535/1535/1535 1534/1534/1534 1533/1533/1533
f 1536/1536/1536 1534/1534/1534 1535/1535/1535
f 1534/1534/1534 1538/1538/1538 1537/1537/1537
f 1536/1536/1536 1538/1538/1538 1534/1534/1534
f 1524/1524/1524 1518/1518/1518 1520/1520/1520
f 1523/1523/1523 1518/1518/1518 1524/1524/1524
f 1513/1513/1513 1490/1490/1490 1520/1520/1520
f 1492/1492/1492 1490/1490/1490 1513/1513/1513
f 1489/1489/1489 1495/1495/1495 1497/1497/1497
f 1526/1526/1526 1495/1495/1495 1489/1489/1489
f 1541/1541/1541 1540/1540/1540 1539/1539/1539
f 1544/1544/1544 1543/1543/1543 1542/1542/1542
f 1545/1545/1545 1543/1543/1543 1544/1544/1544
f 1544/1544/1544 1547/1547/1547 1546/1546/1546
f 1548/1548/1548 1547/1547/1547 1544/1544/1544
f 1545/1545/1545 1544/1544/1544 1546/1546/1546
f 1540/1540/1540 1550/1550/1550 1549/1549/1549
f 1541/1541/1541 1550/1550/1550 1540/1540/1540
f 1541/1541/1541 1542/1542/1542 1550/1550/1550
f 1544/1544/1544 1542/1542/1542 1541/1541/1541
f 1539/1539/1539 1544/1544/1544 1541/1541/1541
f 1548/1548/1548 1544/1544/1544 1539/1539/1539
f 1547/1547/1547 1548/1548/1548 1515/1515/1515
f 1516/1516/1516 1548/1548/1548 1539/1539/1539
f 1515/1515/1515 1548/1548/1548 1516/1516/1516
f 1510/1510/1510 1551/1551/1551 1511/1511/1511
f 1539/1539/1539 1551/1551/1551 1510/1510/1510
f 1554/1554/1554 1553/1553/1553 1552/1552/1552
f 1521/1521/1521 1556/1556/1556 1555/1555/1555
f 1522/1522/1522 1556/1556/1556 1521/1521/1521
f 1556/1556/1556 1557/1557/1557 1555/1555/1555
f 1536/1536/1536 1558/1558/1558 1538/1538/1538
f 1485/1485/1485 1558/1558/1558 1536/1536/1536
f 1559/1559/1559 1485/1485/1485 1536/1536/1536
f 1536/1536/1536 1535/1535/1535 1559/1559/1559
f 1529/1529/1529 1561/1561/1561 1560/1560/1560
f 1562/1562/1562 1561/1561/1561 1529/1529/1529
f 1487/1487/1487 1562/1562/1562 1529/1529/1529
f 1532/1532/1532 1530/1530/1530 1563/1563/1563
f 1564/1564/1564 1551/1551/1551 1539/1539/1539
f 1554/1554/1554 1506/1506/1506 1553/1553/1553
f 1507/1507/1507 1506/1506/1506 1554/1554/1554
f 1549/1549/1549 1539/1539/1539 1540/1540/1540
f 1564/1564/1564 1539/1539/1539 1549/1549/1549
f 1567/1567/1567 1566/1566/1566 1565/1565/1565
f 1568/1568/1568 1566/1566/1566 1567/1567/1567
f 1569/1569/1569 1568/1568/1568 1567/1567/1567
f 1570/1570/1570 1568/1568/1568 1569/1569/1569
f 1565/1565/1565 1572/1572/1572 1571/1571/1571
f 1566/1566/1566 1572/1572/1572 1565/1565/1565
f 1571/1571/1571 1574/1574/1574 1573/1573/1573
f 1572/1572/1572 1574/1574/1574 1571/1571/1571
f 1576/1576/1576 1549/1549/1549 1575/1575/1575
f 1577/1577/1577 1576/1576/1576 1575/1575/1575
f 1578/1578/1578 1576/1576/1576 1577/1577/1577
f 1579/1579/1579 1578/1578/1578 1577/1577/1577
f 1580/1580/1580 1578/1578/1578 1579/1579/1579
f 1583/1583/1583 1582/1582/1582 1581/1581/1581
f 1584/1584/1584 1582/1582/1582 1583/1583/1583
f 1582/1582/1582 1543/1543/1543 1581/1581/1581
f 1542/1542/1542 1543/1543/1543 1582/1582/1582
f 1585/1585/1585 1471/1471/1471 1473/1473/1473
f 1586/1586/1586 1471/1471/1471 1585/1585/1585
f 1584/1584/1584 1577/1577/1577 1582/1582/1582
f 1579/1579/1579 1577/1577/1577 1584/1584/1584
f 1542/1542/1542 1575/1575/1575 1550/1550/1550
f 1582/1582/1582 1575/1575/1575 1542/1542/1542
f 1549/1549/1549 1550/1550/1550 1575/1575/1575
f 1586/1586/1586 1469/1469/1469 1471/1471/1471
f 1587/1587/1587 1469/1469/1469 1586/1586/1586
f 1587/1587/1587 1467/1467/1467 1469/1469/1469
f 1588/1588/1588 1467/1467/1467 1587/1587/1587
f 1577/1577/1577 1575/1575/1575 1582/1582/1582
f 1591/1591/1591 1590/1590/1590 1589/1589/1589
f 1592/1592/1592 1589/1589/1589 1590/1590/1590
f 1593/1593/1593 1592/1592/1592 1590/1590/1590
f 1596/1596/1596 1595/1595/1595 1594/1594/1594
f 1597/1597/1597 1595/1595/1595 1596/1596/1596
f 1598/1598/1598 1597/1597/1597 1596/1596/1596
f 1599/1599/1599 1597/1597/1597 1598/1598/1598
f 1600/1600/1600 1599/1599/1599 1598/1598/1598
f 1601/1601/1601 1599/1599/1599 1600/1600/1600
f 1604/1604/1604 1603/1603/1603 1602/1602/1602
f 1605/1605/1605 1603/1603/1603 1604/1604/1604
f 1606/1606/1606 1602/1602/1602 1603/1603/1603
f 1525/1525/1525 1490/1490/1490 1491/1491/1491
f 1524/1524/1524 1490/1490/1490 1525/1525/1525
f 1524/1524/1524 1520/1520/1520 1490/1490/1490
f 1486/1486/1486 1559/1559/1559 1488/1488/1488
f 1485/1485/1485 1559/1559/1559 1486/1486/1486
f 1485/1485/1485 1482/1482/1482 1558/1558/1558
f 1609/1609/1609 1608/1608/1608 1607/1607/1607
f 1610/1610/1610 1608/1608/1608 1609/1609/1609
f 1609/1609/1609 1611/1611/1611 1610/1610/1610
f 1612/1612/1612 1611/1611/1611 1609/1609/1609
f 1614/1614/1614 1612/1612/1612 1613/1613/1613
f 1611/1611/1611 1612/1612/1612 1614/1614/1614
f 1616/1616/1616 1613/1613/1613 1615/1615/1615
f 1614/1614/1614 1613/1613/1613 1616/1616/1616
f 1615/1615/1615 1617/1617/1617 1616/1616/1616
f 1618/1618/1618 1616/1616/1616 1617/1617/1617
f 1619/1619/1619 1616/1616/1616 1618/1618/1618
f 1621/1621/1621 1620/1620/1620 1618/1618/1618
f 1622/1622/1622 1620/1620/1620 1621/1621/1621
f 1625/1625/1625 1624/1624/1624 1623/1623/1623
f 1626/1626/1626 1624/1624/1624 1625/1625/1625
f 1629/1629/1629 1628/1628/1628 1627/1627/1627
f 1630/1630/1630 1628/1628/1628 1629/1629/1629
f 1633/1633/1633 1632/1632/1632 1631/1631/1631
f 1634/1634/1634 1632/1632/1632 1633/1633/1633
f 1634/1634/1634 1629/1629/1629 1632/1632/1632
f 1630/1630/1630 1629/1629/1629 1634/1634/1634
f 1636/1636/1636 1631/1631/1631 1635/1635/1635
f 1633/1633/1633 1631/1631/1631 1636/1636/1636
f 1635/1635/1635 1637/1637/1637 1636/1636/1636
f 1638/1638/1638 1637/1637/1637 1635/1635/1635
f 1640/1640/1640 1638/1638/1638 1639/1639/1639
f 1637/1637/1637 1638/1638/1638 1640/1640/1640
f 1642/1642/1642 1623/1623/1623 1641/1641/1641
f 1625/1625/1625 1623/1623/1623 1642/1642/1642
f 1643/1643/1643 1642/1642/1642 1641/1641/1641
f 1644/1644/1644 1642/1642/1642 1643/1643/1643
f 1646/1646/1646 1645/1645/1645 1625/1625/1625
f 1647/1647/1647 1645/1645/1645 1646/1646/1646
f 1648/1648/1648 1647/1647/1647 1646/1646/1646
f 1649/1649/1649 1647/1647/1647 1648/1648/1648
f 1651/1651/1651 1518/1518/1518 1650/1650/1650
f 1517/1517/1517 1518/1518/1518 1651/1651/1651
f 1650/1650/1650 1645/1645/1645 1651/1651/1651
f 1654/1654/1654 1653/1653/1653 1652/1652/1652
f 1523/1523/1523 1653/1653/1653 1654/1654/1654
f 1521/1521/1521 1653/1653/1653 1523/1523/1523
f 1657/1657/1657 1656/1656/1656 1655/1655/1655
f 1621/1621/1621 1656/1656/1656 1657/1657/1657
f 1657/1657/1657 1622/1622/1622 1621/1621/1621
f 1658/1658/1658 1622/1622/1622 1657/1657/1657
f 1608/1608/1608 1659/1659/1659 1607/1607/1607
f 1660/1660/1660 1659/1659/1659 1608/1608/1608
f 1661/1661/1661 1659/1659/1659 1660/1660/1660
f 1664/1664/1664 1663/1663/1663 1662/1662/1662
f 1663/1663/1663 1665/1665/1665 1662/1662/1662
f 1666/1666/1666 1665/1665/1665 1663/1663/1663
f 1654/1654/1654 1518/1518/1518 1523/1523/1523
f 1650/1650/1650 1518/1518/1518 1654/1654/1654
f 1645/1645/1645 1626/1626/1626 1625/1625/1625
f 1650/1650/1650 1626/1626/1626 1645/1645/1645
f 1621/1621/1621 1628/1628/1628 1656/1656/1656
f 1627/1627/1627 1628/1628/1628 1621/1621/1621
f 1669/1669/1669 1668/1668/1668 1667/1667/1667
f 1672/1672/1672 1671/1671/1671 1670/1670/1670
f 1673/1673/1673 1671/1671/1671 1672/1672/1672
f 1672/1672/1672 1675/1675/1675 1674/1674/1674
f 1676/1676/1676 1675/1675/1675 1672/1672/1672
f 1676/1676/1676 1672/1672/1672 1670/1670/1670
f 1668/1668/1668 1677/1677/1677 1667/1667/1667
f 1678/1678/1678 1677/1677/1677 1668/1668/1668
f 1667/1667/1667 1673/1673/1673 1672/1672/1672
f 1677/1677/1677 1673/1673/1673 1667/1667/1667
f 1669/1669/1669 1672/1672/1672 1674/1674/1674
f 1667/1667/1667 1672/1672/1672 1669/1669/1669
f 1649/1649/1649 1674/1674/1674 1675/1675/1675
f 1648/1648/1648 1674/1674/1674 1649/1649/1649
f 1669/1669/1669 1674/1674/1674 1648/1648/1648
f 1644/1644/1644 1679/1679/1679 1669/1669/1669
f 1643/1643/1643 1679/1679/1679 1644/1644/1644
f 1682/1682/1682 1681/1681/1681 1680/1680/1680
f 1521/1521/1521 1683/1683/1683 1653/1653/1653
f 1555/1555/1555 1683/1683/1683 1521/1521/1521
f 1555/1555/1555 1557/1557/1557 1683/1683/1683
f 1662/1662/1662 1684/1684/1684 1619/1619/1619
f 1665/1665/1665 1684/1684/1684 1662/1662/1662
f 1662/1662/1662 1619/1619/1619 1685/1685/1685
f 1685/1685/1685 1664/1664/1664 1662/1662/1662
f 1658/1658/1658 1686/1686/1686 1622/1622/1622
f 1687/1687/1687 1661/1661/1661 1660/1660/1660
f 1669/1669/1669 1679/1679/1679 1688/1688/1688
f 1680/1680/1680 1640/1640/1640 1639/1639/1639
f 1681/1681/1681 1640/1640/1640 1680/1680/1680
f 1678/1678/1678 1669/1669/1669 1688/1688/1688
f 1668/1668/1668 1669/1669/1669 1678/1678/1678
f 1691/1691/1691 1690/1690/1690 1689/1689/1689
f 1692/1692/1692 1690/1690/1690 1691/1691/1691
f 1694/1694/1694 1689/1689/1689 1693/1693/1693
f 1691/1691/1691 1689/1689/1689 1694/1694/1694
f 1692/1692/1692 1695/1695/1695 1690/1690/1690
f 1696/1696/1696 1695/1695/1695 1692/1692/1692
f 1696/1696/1696 1697/1697/1697 1695/1695/1695
f 1698/1698/1698 1697/1697/1697 1696/1696/1696
f 1700/1700/1700 1678/1678/1678 1699/1699/1699
f 1702/1702/1702 1699/1699/1699 1701/1701/1701
f 1700/1700/1700 1699/1699/1699 1702/1702/1702
f 1704/1704/1704 1701/1701/1701 1703/1703/1703
f 1702/1702/1702 1701/1701/1701 1704/1704/1704
f 1707/1707/1707 1706/1706/1706 1705/1705/1705
f 1708/1708/1708 1706/1706/1706 1707/1707/1707
f 1706/1706/1706 1671/1671/1671 1673/1673/1673
f 1708/1708/1708 1671/1671/1671 1706/1706/1706
f 1711/1711/1711 1710/1710/1710 1709/1709/1709
f 1712/1712/1712 1710/1710/1710 1711/1711/1711
f 1705/1705/1705 1702/1702/1702 1704/1704/1704
f 1706/1706/1706 1702/1702/1702 1705/1705/1705
f 1673/1673/1673 1700/1700/1700 1706/1706/1706
f 1677/1677/1677 1700/1700/1700 1673/1673/1673
f 1700/1700/1700 1677/1677/1677 1678/1678/1678
f 1709/1709/1709 1714/1714/1714 1713/1713/1713
f 1710/1710/1710 1714/1714/1714 1709/1709/1709
f 1713/1713/1713 1716/1716/1716 1715/1715/1715
f 1714/1714/1714 1716/1716/1716 1713/1713/1713
f 1706/1706/1706 1700/1700/1700 1702/1702/1702
f 1590/1590/1590 1718/1718/1718 1717/1717/1717
f 1590/1590/1590 1717/1717/1717 1593/1593/1593
f 1721/1721/1721 1720/1720/1720 1719/1719/1719
f 1722/1722/1722 1720/1720/1720 1721/1721/1721
f 1600/1600/1600 1719/1719/1719 1601/1601/1601
f 1721/1721/1721 1719/1719/1719 1600/1600/1600
f 1725/1725/1725 1724/1724/1724 1723/1723/1723
f 1726/1726/1726 1724/1724/1724 1725/1725/1725
f 1724/1724/1724 1726/1726/1726 1727/1727/1727
f 1652/1652/1652 1626/1626/1626 1654/1654/1654
f 1624/1624/1624 1626/1626/1626 1652/1652/1652
f 1626/1626/1626 1650/1650/1650 1654/1654/1654
f 1618/1618/1618 1685/1685/1685 1619/1619/1619
f 1620/1620/1620 1685/1685/1685 1618/1618/1618
f 1684/1684/1684 1616/1616/1616 1619/1619/1619
f 1704/1704/1704 1580/1580/1580 1579/1579/1579
f 1703/1703/1703 1580/1580/1580 1704/1704/1704
f 1705/1705/1705 1579/1579/1579 1584/1584/1584
f 1704/1704/1704 1579/1579/1579 1705/1705/1705
f 1707/1707/1707 1584/1584/1584 1583/1583/1583
f 1705/1705/1705 1584/1584/1584 1707/1707/1707
f 1728/1728/1728 1605/1605/1605 1604/1604/1604
f 1729/1729/1729 1605/1605/1605 1728/1728/1728
f 1573/1573/1573 1731/1731/1731 1730/1730/1730
f 1574/1574/1574 1731/1731/1731 1573/1573/1573
f 1733/1733/1733 1569/1569/1569 1732/1732/1732
f 1570/1570/1570 1569/1569/1569 1733/1733/1733
f 1736/1736/1736 1735/1735/1735 1734/1734/1734
f 1737/1737/1737 1735/1735/1735 1736/1736/1736
f 1739/1739/1739 1734/1734/1734 1738/1738/1738
f 1736/1736/1736 1734/1734/1734 1739/1739/1739
f 1741/1741/1741 1738/1738/1738 1740/1740/1740
f 1739/1739/1739 1738/1738/1738 1741/1741/1741
f 1743/1743/1743 1740/1740/1740 1742/1742/1742
f 1741/1741/1741 1740/1740/1740 1743/1743/1743
f 1745/1745/1745 1742/1742/1742 1744/1744/1744
f 1743/1743/1743 1742/1742/1742 1745/1745/1745
f 1748/1748/1748 1747/1747/1747 1746/1746/1746
f 1749/1749/1749 1747/1747/1747 1748/1748/1748
f 1749/1749/1749 1750/1750/1750 1747/1747/1747
f 1751/1751/1751 1750/1750/1750 1749/1749/1749
f 1751/1751/1751 1752/1752/1752 1750/1750/1750
f 1753/1753/1753 1752/1752/1752 1751/1751/1751
f 1753/1753/1753 1754/1754/1754 1752/1752/1752
f 1755/1755/1755 1754/1754/1754 1753/1753/1753
f 1755/1755/1755 1744/1744/1744 1754/1754/1754
f 1745/1745/1745 1744/1744/1744 1755/1755/1755
usemtl Tires
f 1758/1758/1758 1757/1757/1757 1756/1756/1756
f 1759/1759/1759 1757/1757/1757 1758/1758/1758
f 1761/1761/1761 1756/1756/1756 1760/1760/1760
f 1758/1758/1758 1756/1756/1756 1761/1761/1761
f 1763/1763/1763 1760/1760/1760 1762/1762/1762
f 1761/1761/1761 1760/1760/1760 1763/1763/1763
f 1765/1765/1765 1762/1762/1762 1764/1764/1764
f 1763/1763/1763 1762/1762/1762 1765/1765/1765
f 1767/1767/1767 1764/1764/1764 1766/1766/1766
f 1765/1765/1765 1764/1764/1764 1767/1767/1767
f 1769/1769/1769 1766/1766/1766 1768/1768/1768
f 1767/1767/1767 1766/1766/1766 1769/1769/1769
f 1771/1771/1771 1768/1768/1768 1770/1770/1770
f 1769/1769/1769 1768/1768/1768 1771/1771/1771
f 1773/1773/1773 1770/1770/1770 1772/1772/1772
f 1771/1771/1771 1770/1770/1770 1773/1773/1773
f 1775/1775/1775 1772/1772/1772 1774/1774/1774
f 1773/1773/1773 1772/1772/1772 1775/1775/1775
f 1777/1777/1777 1774/1774/1774 1776/1776/1776
f 1775/1775/1775 1774/1774/1774 1777/1777/1777
f 1779/1779/1779 1776/1776/1776 1778/1778/1778
f 1777/1777/1777 1776/1776/1776 1779/1779/1779
f 1781/1781/1781 1778/1778/1778 1780/1780/1780
f 1779/1779/1779 1778/1778/1778 1781/1781/1781
f 1784/1784/1784 1783/1783/1783 1782/1782/1782
f 1785/1785/1785 1783/1783/1783 1784/1784/1784
f 1787/1787/1787 1782/1782/1782 1786/1786/1786
f 1784/1784/1784 1782/1782/1782 1787/1787/1787
f 1789/1789/1789 1786/1786/1786 1788/1788/1788
f 1787/1787/1787 1786/1786/1786 1789/1789/1789
f 1791/1791/1791 1788/1788/1788 1790/1790/1790
f 1789/1789/1789 1788/1788/1788 1791/1791/1791
f 1793/1793/1793 1790/1790/1790 1792/1792/1792
f 1791/1791/1791 1790/1790/1790 1793/1793/1793
f 1795/1795/1795 1792/1792/1792 1794/1794/1794
f 1793/1793/1793 1792/1792/1792 1795/1795/1795
f 1797/1797/1797 1794/1794/1794 1796/1796/1796
f 1795/1795/1795 1794/1794/1794 1797/1797/1797
f 1799/1799/1799 1796/1796/1796 1798/1798/1798
f 1797/1797/1797 1796/1796/1796 1799/1799/1799
f 1801/1801/1801 1798/1798/1798 1800/1800/1800
f 1799/1799/1799 1798/1798/1798 1801/1801/1801
f 1803/1803/1803 1800/1800/1800 1802/1802/1802
f 1801/1801/1801 1800/1800/1800 1803/1803/1803
f 1805/1805/1805 1802/1802/1802 1804/1804/1804
f 1803/1803/1803 1802/1802/1802 1805/1805/1805
f 1807/1807/1807 1804/1804/1804 1806/1806/1806
f 1805/1805/1805 1804/1804/1804 1807/1807/1807
f 1809/1809/1809 1806/1806/1806 1808/1808/1808
f 1807/1807/1807 1806/1806/1806 1809/1809/1809
f 1811/1811/1811 1808/1808/1808 1810/1810/1810
f 1809/1809/1809 1808/1808/1808 1811/1811/1811
f 1813/1813/1813 1810/1810/1810 1812/1812/1812
f 1811/1811/1811 1810/1810/1810 1813/1813/1813
f 1815/1815/1815 1812/1812/1812 1814/1814/1814
f 1813/1813/1813 1812/1812/1812 1815/1815/1815
f 1817/1817/1817 1814/1814/1814 1816/1816/1816
f 1815/1815/1815 1814/1814/1814 1817/1817/1817
f 1819/1819/1819 1816/1816/1816 1818/1818/1818
f 1817/1817/1817 1816/1816/1816 1819/1819/1819
f 1821/1821/1821 1818/1818/1818 1820/1820/1820
f 1819/1819/1819 1818/1818/1818 1821/1821/1821
f 1823/1823/1823 1820/1820/1820 1822/1822/1822
f 1821/1821/1821 1820/1820/1820 1823/1823/1823
f 1825/1825/1825 1822/1822/1822 1824/1824/1824
f 1823/1823/1823 1822/1822/1822 1825/1825/1825
f 1827/1827/1827 1824/1824/1824 1826/1826/1826
f 1825/1825/1825 1824/1824/1824 1827/1827/1827
f 1829/1829/1829 1826/1826/1826 1828/1828/1828
f 1827/1827/1827 1826/1826/1826 1829/1829/1829
f 1831/1831/1831 1828/1828/1828 1830/1830/1830
f 1829/1829/1829 1828/1828/1828 1831/1831/1831
f 1833/1833/1833 1830/1830/1830 1832/1832/1832
f 1831/1831/1831 1830/1830/1830 1833/1833/1833
f 1836/1836/1836 1835/1835/1835 1834/1834/1834
f 1837/1837/1837 1835/1835/1835 1836/1836/1836
f 1839/1839/1839 1834/1834/1834 1838/1838/1838
f 1836/1836/1836 1834/1834/1834 1839/1839/1839
f 1841/1841/1841 1838/1838/1838 1840/1840/1840
f 1839/1839/1839 1838/1838/1838 1841/1841/1841
f 1843/1843/1843 1840/1840/1840 1842/1842/1842
f 1841/1841/1841 1840/1840/1840 1843/1843/1843
f 1845/1845/1845 1842/1842/1842 1844/1844/1844
f 1843/1843/1843 1842/1842/1842 1845/1845/1845
f 1847/1847/1847 1844/1844/1844 1846/1846/1846
f 1845/1845/1845 1844/1844/1844 1847/1847/1847
f 1849/1849/1849 1846/1846/1846 1848/1848/1848
f 1847/1847/1847 1846/1846/1846 1849/1849/1849
f 1851/1851/1851 1848/1848/1848 1850/1850/1850
f 1849/1849/1849 1848/1848/1848 1851/1851/1851
f 1853/1853/1853 1850/1850/1850 1852/1852/1852
f 1851/1851/1851 1850/1850/1850 1853/1853/1853
f 1855/1855/1855 1852/1852/1852 1854/1854/1854
f 1853/1853/1853 1852/1852/1852 1855/1855/1855
f 1857/1857/1857 1854/1854/1854 1856/1856/1856
f 1855/1855/1855 1854/1854/1854 1857/1857/1857
f 1859/1859/1859 1856/1856/1856 1858/1858/1858
f 1857/1857/1857 1856/1856/1856 1859/1859/1859
f 1759/1759/1759 1858/1858/1858 1757/1757/1757
f 1859/1859/1859 1858/1858/1858 1759/1759/1759
f 1860/1860/1860 1759/1759/1759 1758/1758/1758
f 1861/1861/1861 1759/1759/1759 1860/1860/1860
f 1862/1862/1862 1758/1758/1758 1761/1761/1761
f 1860/1860/1860 1758/1758/1758 1862/1862/1862
f 1863/1863/1863 1761/1761/1761 1763/1763/1763
f 1862/1862/1862 1761/1761/1761 1863/1863/1863
f 1864/1864/1864 1763/1763/1763 1765/1765/1765
f 1863/1863/1863 1763/1763/1763 1864/1864/1864
f 1865/1865/1865 1765/1765/1765 1767/1767/1767
f 1864/1864/1864 1765/1765/1765 1865/1865/1865
f 1866/1866/1866 1767/1767/1767 1769/1769/1769
f 1865/1865/1865 1767/1767/1767 1866/1866/1866
f 1867/1867/1867 1769/1769/1769 1771/1771/1771
f 1866/1866/1866 1769/1769/1769 1867/1867/1867
f 1868/1868/1868 1771/1771/1771 1773/1773/1773
f 1867/1867/1867 1771/1771/1771 1868/1868/1868
f 1869/1869/1869 1773/1773/1773 1775/1775/1775
f 1868/1868/1868 1773/1773/1773 1869/1869/1869
f 1870/1870/1870 1775/1775/1775 1777/1777/1777
f 1869/1869/1869 1775/1775/1775 1870/1870/1870
f 1871/1871/1871 1777/1777/1777 1779/1779/1779
f 1870/1870/1870 1777/1777/1777 1871/1871/1871
f 1872/1872/1872 1784/1784/1784 1787/1787/1787
f 1873/1873/1873 1784/1784/1784 1872/1872/1872
f 1874/1874/1874 1787/1787/1787 1789/1789/1789
f 1872/1872/1872 1787/1787/1787 1874/1874/1874
f 1875/1875/1875 1789/1789/1789 1791/1791/1791
f 1874/1874/1874 1789/1789/1789 1875/1875/1875
f 1876/1876/1876 1791/1791/1791 1793/1793/1793
f 1875/1875/1875 1791/1791/1791 1876/1876/1876
f 1877/1877/1877 1793/1793/1793 1795/1795/1795
f 1876/1876/1876 1793/1793/1793 1877/1877/1877
f 1878/1878/1878 1795/1795/1795 1797/1797/1797
f 1877/1877/1877 1795/1795/1795 1878/1878/1878
f 1879/1879/1879 1797/1797/1797 1799/1799/1799
f 1878/1878/1878 1797/1797/1797 1879/1879/1879
f 1880/1880/1880 1799/1799/1799 1801/1801/1801
f 1879/1879/1879 1799/1799/1799 1880/1880/1880
f 1881/1881/1881 1801/1801/1801 1803/1803/1803
f 1880/1880/1880 1801/1801/1801 1881/1881/1881
f 1882/1882/1882 1803/1803/1803 1805/1805/1805
f 1881/1881/1881 1803/1803/1803 1882/1882/1882
f 1883/1883/1883 1805/1805/1805 1807/1807/1807
f 1882/1882/1882 1805/1805/1805 1883/1883/1883
f 1884/1884/1884 1807/1807/1807 1809/1809/1809
f 1883/1883/1883 1807/1807/1807 1884/1884/1884
f 1885/1885/1885 1809/1809/1809 1811/1811/1811
f 1884/1884/1884 1809/1809/1809 1885/1885/1885
f 1886/1886/1886 1811/1811/1811 1813/1813/1813
f 1885/1885/1885 1811/1811/1811 1886/1886/1886
f 1887/1887/1887 1813/1813/1813 1815/1815/1815
f 1886/1886/1886 1813/1813/1813 1887/1887/1887
f 1888/1888/1888 1815/1815/1815 1817/1817/1817
f 1887/1887/1887 1815/1815/1815 1888/1888/1888
f 1889/1889/1889 1817/1817/1817 1819/1819/1819
f 1888/1888/1888 1817/1817/1817 1889/1889/1889
f 1890/1890/1890 1819/1819/1819 1821/1821/1821
f 1889/1889/1889 1819/1819/1819 1890/1890/1890
f 1891/1891/1891 1821/1821/1821 1823/1823/1823
f 1890/1890/1890 1821/1821/1821 1891/1891/1891
f 1892/1892/1892 1823/1823/1823 1825/1825/1825
f 1891/1891/1891 1823/1823/1823 1892/1892/1892
f 1893/1893/1893 1825/1825/1825 1827/1827/1827
f 1892/1892/1892 1825/1825/1825 1893/1893/1893
f 1894/1894/1894 1827/1827/1827 1829/1829/1829
f 1893/1893/1893 1827/1827/1827 1894/1894/1894
f 1895/1895/1895 1829/1829/1829 1831/1831/1831
f 1894/1894/1894 1829/1829/1829 1895/1895/1895
f 1896/1896/1896 1831/1831/1831 1833/1833/1833
f 1895/1895/1895 1831/1831/1831 1896/1896/1896
f 1897/1897/1897 1837/1837/1837 1836/1836/1836
f 1898/1898/1898 1837/1837/1837 1897/1897/1897
f 1899/1899/1899 1836/1836/1836 1839/1839/1839
f 1897/1897/1897 1836/1836/1836 1899/1899/1899
f 1900/1900/1900 1839/1839/1839 1841/1841/1841
f 1899/1899/1899 1839/1839/1839 1900/1900/1900
f 1901/1901/1901 1841/1841/1841 1843/1843/1843
f 1900/1900/1900 1841/1841/1841 1901/1901/1901
f 1902/1902/1902 1843/1843/1843 1845/1845/1845
f 1901/1901/1901 1843/1843/1843 1902/1902/1902
f 1903/1903/1903 1845/1845/1845 1847/1847/1847
f 1902/1902/1902 1845/1845/1845 1903/1903/1903
f 1904/1904/1904 1847/1847/1847 1849/1849/1849
f 1903/1903/1903 1847/1847/1847 1904/1904/1904
f 1905/1905/1905 1849/1849/1849 1851/1851/1851
f 1904/1904/1904 1849/1849/1849 1905/1905/1905
f 1906/1906/1906 1851/1851/1851 1853/1853/1853
f 1905/1905/1905 1851/1851/1851 1906/1906/1906
f 1907/1907/1907 1853/1853/1853 1855/1855/1855
f 1906/1906/1906 1853/1853/1853 1907/1907/1907
f 1908/1908/1908 1855/1855/1855 1857/1857/1857
f 1907/1907/1907 1855/1855/1855 1908/1908/1908
f 1909/1909/1909 1857/1857/1857 1859/1859/1859
f 1908/1908/1908 1857/1857/1857 1909/1909/1909
f 1861/1861/1861 1859/1859/1859 1759/1759/1759
f 1909/1909/1909 1859/1859/1859 1861/1861/1861
f 1910/1910/1910 1861/1861/1861 1860/1860/1860
f 1911/1911/1911 1861/1861/1861 1910/1910/1910
f 1912/1912/1912 1860/1860/1860 1862/1862/1862
f 1910/1910/1910 1860/1860/1860 1912/1912/1912
f 1913/1913/1913 1862/1862/1862 1863/1863/1863
f 1912/1912/1912 1862/1862/1862 1913/1913/1913
f 1914/1914/1914 1863/1863/1863 1864/1864/1864
f 1913/1913/1913 1863/1863/1863 1914/1914/1914
f 1915/1915/1915 1864/1864/1864 1865/1865/1865
f 1914/1914/1914 1864/1864/1864 1915/1915/1915
f 1916/1916/1916 1865/1865/1865 1866/1866/1866
f 1915/1915/1915 1865/1865/1865 1916/1916/1916
f 1917/1917/1917 1866/1866/1866 1867/1867/1867
f 1916/1916/1916 1866/1866/1866 1917/1917/1917
f 1867/1867/1867 1918/1918/1918 1917/1917/1917
f 1868/1868/1868 1918/1918/1918 1867/1867/1867
f 1918/1918/1918 1869/1869/1869 1919/1919/1919
f 1868/1868/1868 1869/1869/1869 1918/1918/1918
f 1920/1920/1920 1869/1869/1869 1870/1870/1870
f 1919/1919/1919 1869/1869/1869 1920/1920/1920
f 1921/1921/1921 1870/1870/1870 1871/1871/1871
f 1920/1920/1920 1870/1870/1870 1921/1921/1921
f 1871/1871/1871 1922/1922/1922 1921/1921/1921
f 1923/1923/1923 1922/1922/1922 1871/1871/1871
f 1925/1925/1925 1873/1873/1873 1924/1924/1924
f 1926/1926/1926 1873/1873/1873 1925/1925/1925
f 1927/1927/1927 1873/1873/1873 1872/1872/1872
f 1924/1924/1924 1873/1873/1873 1927/1927/1927
f 1928/1928/1928 1872/1872/1872 1874/1874/1874
f 1927/1927/1927 1872/1872/1872 1928/1928/1928
f 1929/1929/1929 1874/1874/1874 1875/1875/1875
f 1928/1928/1928 1874/1874/1874 1929/1929/1929
f 1930/1930/1930 1875/1875/1875 1876/1876/1876
f 1929/1929/1929 1875/1875/1875 1930/1930/1930
f 1931/1931/1931 1876/1876/1876 1877/1877/1877
f 1930/1930/1930 1876/1876/1876 1931/1931/1931
f 1932/1932/1932 1877/1877/1877 1878/1878/1878
f 1931/1931/1931 1877/1877/1877 1932/1932/1932
f 1933/1933/1933 1878/1878/1878 1879/1879/1879
f 1932/1932/1932 1878/1878/1878 1933/1933/1933
f 1934/1934/1934 1879/1879/1879 1880/1880/1880
f 1933/1933/1933 1879/1879/1879 1934/1934/1934
f 1935/1935/1935 1880/1880/1880 1881/1881/1881
f 1934/1934/1934 1880/1880/1880 1935/1935/1935
f 1936/1936/1936 1881/1881/1881 1882/1882/1882
f 1935/1935/1935 1881/1881/1881 1936/1936/1936
f 1937/1937/1937 1882/1882/1882 1883/1883/1883
f 1936/1936/1936 1882/1882/1882 1937/1937/1937
f 1938/1938/1938 1883/1883/1883 1884/1884/1884
f 1937/1937/1937 1883/1883/1883 1938/1938/1938
f 1939/1939/1939 1884/1884/1884 1885/1885/1885
f 1938/1938/1938 1884/1884/1884 1939/1939/1939
f 1940/1940/1940 1885/1885/1885 1886/1886/1886
f 1939/1939/1939 1885/1885/1885 1940/1940/1940
f 1941/1941/1941 1886/1886/1886 1887/1887/1887
f 1940/1940/1940 1886/1886/1886 1941/1941/1941
f 1942/1942/1942 1887/1887/1887 1888/1888/1888
f 1941/1941/1941 1887/1887/1887 1942/1942/1942
f 1943/1943/1943 1888/1888/1888 1889/1889/1889
f 1942/1942/1942 1888/1888/1888 1943/1943/1943
f 1944/1944/1944 1889/1889/1889 1890/1890/1890
f 1943/1943/1943 1889/1889/1889 1944/1944/1944
f 1945/1945/1945 1890/1890/1890 1891/1891/1891
f 1944/1944/1944 1890/1890/1890 1945/1945/1945
f 1946/1946/1946 1891/1891/1891 1892/1892/1892
f 1945/1945/1945 1891/1891/1891 1946/1946/1946
f 1947/1947/1947 1892/1892/1892 1893/1893/1893
f 1946/1946/1946 1892/1892/1892 1947/1947/1947
f 1948/1948/1948 1893/1893/1893 1894/1894/1894
f 1947/1947/1947 1893/1893/1893 1948/1948/1948
f 1949/1949/1949 1894/1894/1894 1895/1895/1895
f 1948/1948/1948 1894/1894/1894 1949/1949/1949
f 1950/1950/1950 1895/1895/1895 1896/1896/1896
f 1949/1949/1949 1895/1895/1895 1950/1950/1950
f 1951/1951/1951 1898/1898/1898 1897/1897/1897
f 1952/1952/1952 1898/1898/1898 1951/1951/1951
f 1953/1953/1953 1897/1897/1897 1899/1899/1899
f 1951/1951/1951 1897/1897/1897 1953/1953/1953
f 1954/1954/1954 1899/1899/1899 1900/1900/1900
f 1953/1953/1953 1899/1899/1899 1954/1954/1954
f 1955/1955/1955 1900/1900/1900 1901/1901/1901
f 1954/1954/1954 1900/1900/1900 1955/1955/1955
f 1956/1956/1956 1901/1901/1901 1902/1902/1902
f 1955/1955/1955 1901/1901/1901 1956/1956/1956
f 1957/1957/1957 1902/1902/1902 1903/1903/1903
f 1956/1956/1956 1902/1902/1902 1957/1957/1957
f 1958/1958/1958 1903/1903/1903 1904/1904/1904
f 1957/1957/1957 1903/1903/1903 1958/1958/1958
f 1959/1959/1959 1904/1904/1904 1905/1905/1905
f 1958/1958/1958 1904/1904/1904 1959/1959/1959
f 1960/1960/1960 1905/1905/1905 1906/1906/1906
f 1959/1959/1959 1905/1905/1905 1960/1960/1960
f 1961/1961/1961 1906/1906/1906 1907/1907/1907
f 1960/1960/1960 1906/1906/1906 1961/1961/1961
f 1962/1962/1962 1907/1907/1907 1908/1908/1908
f 1961/1961/1961 1907/1907/1907 1962/1962/1962
f 1963/1963/1963 1908/1908/1908 1909/1909/1909
f 1962/1962/1962 1908/1908/1908 1963/1963/1963
f 1911/1911/1911 1909/1909/1909 1861/1861/1861
f 1963/1963/1963 1909/1909/1909 1911/1911/1911
f 1911/1911/1911 1965/1965/1965 1964/1964/1964
f 1910/1910/1910 1965/1965/1965 1911/1911/1911
f 1910/1910/1910 1966/1966/1966 1965/1965/1965
f 1912/1912/1912 1966/1966/1966 1910/1910/1910
f 1912/1912/1912 1967/1967/1967 1966/1966/1966
f 1913/1913/1913 1967/1967/1967 1912/1912/1912
f 1913/1913/1913 1968/1968/1968 1967/1967/1967
f 1914/1914/1914 1968/1968/1968 1913/1913/1913
f 1914/1914/1914 1969/1969/1969 1968/1968/1968
f 1915/1915/1915 1969/1969/1969 1914/1914/1914
f 1915/1915/1915 1970/1970/1970 1969/1969/1969
f 1916/1916/1916 1970/1970/1970 1915/1915/1915
f 1916/1916/1916 1971/1971/1971 1970/1970/1970
f 1917/1917/1917 1971/1971/1971 1916/1916/1916
f 1917/1917/1917 1972/1972/1972 1971/1971/1971
f 1918/1918/1918 1972/1972/1972 1917/1917/1917
f 1918/1918/1918 1973/1973/1973 1972/1972/1972
f 1919/1919/1919 1973/1973/1973 1918/1918/1918
f 1919/1919/1919 1974/1974/1974 1973/1973/1973
f 1920/1920/1920 1974/1974/1974 1919/1919/1919
f 1920/1920/1920 1975/1975/1975 1974/1974/1974
f 1921/1921/1921 1975/1975/1975 1920/1920/1920
f 1921/1921/1921 1976/1976/1976 1975/1975/1975
f 1922/1922/1922 1976/1976/1976 1921/1921/1921
f 1925/1925/1925 1978/1978/1978 1977/1977/1977
f 1924/1924/1924 1978/1978/1978 1925/1925/1925
f 1924/1924/1924 1979/1979/1979 1978/1978/1978
f 1927/1927/1927 1979/1979/1979 1924/1924/1924
f 1927/1927/1927 1980/1980/1980 1979/1979/1979
f 1928/1928/1928 1980/1980/1980 1927/1927/1927
f 1928/1928/1928 1981/1981/1981 1980/1980/1980
f 1929/1929/1929 1981/1981/1981 1928/1928/1928
f 1929/1929/1929 1982/1982/1982 1981/1981/1981
f 1930/1930/1930 1982/1982/1982 1929/1929/1929
f 1930/1930/1930 1983/1983/1983 1982/1982/1982
f 1931/1931/1931 1983/1983/1983 1930/1930/1930
f 1931/1931/1931 1984/1984/1984 1983/1983/1983
f 1932/1932/1932 1984/1984/1984 1931/1931/1931
f 1932/1932/1932 1985/1985/1985 1984/1984/1984
f 1933/1933/1933 1985/1985/1985 1932/1932/1932
f 1933/1933/1933 1986/1986/1986 1985/1985/1985
f 1934/1934/1934 1986/1986/1986 1933/1933/1933
f 1934/1934/1934 1987/1987/1987 1986/1986/1986
f 1935/1935/1935 1987/1987/1987 1934/1934/1934
f 1935/1935/1935 1988/1988/1988 1987/1987/1987
f 1936/1936/1936 1988/1988/1988 1935/1935/1935
f 1936/1936/1936 1989/1989/1989 1988/1988/1988
f 1937/1937/1937 1989/1989/1989 1936/1936/1936
f 1937/1937/1937 1990/1990/1990 1989/1989/1989
f 1938/1938/1938 1990/1990/1990 1937/1937/1937
f 1938/1938/1938 1991/1991/1991 1990/1990/1990
f 1939/1939/1939 1991/1991/1991 1938/1938/1938
f 1939/1939/1939 1992/1992/1992 1991/1991/1991
f 1940/1940/1940 1992/1992/1992 1939/1939/1939
f 1940/1940/1940 1993/1993/1993 1992/1992/1992
f 1941/1941/1941 1993/1993/1993 1940/1940/1940
f 1941/1941/1941 1994/1994/1994 1993/1993/1993
f 1942/1942/1942 1994/1994/1994 1941/1941/1941
f 1942/1942/1942 1995/1995/1995 1994/1994/1994
f 1943/1943/1943 1995/1995/1995 1942/1942/1942
f 1943/1943/1943 1996/1996/1996 1995/1995/1995
f 1944/1944/1944 1996/1996/1996 1943/1943/1943
f 1944/1944/1944 1997/1997/1997 1996/1996/1996
f 1945/1945/1945 1997/1997/1997 1944/1944/1944
f 1945/1945/1945 1998/1998/1998 1997/1997/1997
f 1946/1946/1946 1998/1998/1998 1945/1945/1945
f 1946/1946/1946 1999/1999/1999 1998/1998/1998
f 1947/1947/1947 1999/1999/1999 1946/1946/1946
f 1947/1947/1947 2000/2000/2000 1999/1999/1999
f 1948/1948/1948 2000/2000/2000 1947/1947/1947
f 1948/1948/1948 2001/2001/2001 2000/2000/2000
f 1949/1949/1949 2001/2001/2001 1948/1948/1948
f 1949/1949/1949 2002/2002/2002 2001/2001/2001
f 1950/1950/1950 2002/2002/2002 1949/1949/1949
f 1952/1952/1952 2004/2004/2004 2003/2003/2003
f 1951/1951/1951 2004/2004/2004 1952/1952/1952
f 1951/1951/1951 2005/2005/2005 2004/2004/2004
f 1953/1953/1953 2005/2005/2005 1951/1951/1951
f 1953/1953/1953 2006/2006/2006 2005/2005/2005
f 1954/1954/1954 2006/2006/2006 1953/1953/1953
f 1954/1954/1954 2007/2007/2007 2006/2006/2006
f 1955/1955/1955 2007/2007/2007 1954/1954/1954
f 1955/1955/1955 2008/2008/2008 2007/2007/2007
f 1956/1956/1956 2008/2008/2008 1955/1955/1955
f 1956/1956/1956 2009/2009/2009 2008/2008/2008
f 1957/1957/1957 2009/2009/2009 1956/1956/1956
f 1957/1957/1957 2010/2010/2010 2009/2009/2009
f 1958/1958/1958 2010/2010/2010 1957/1957/1957
f 1958/1958/1958 2011/2011/2011 2010/2010/2010
f 1959/1959/1959 2011/2011/2011 1958/1958/1958
f 1959/1959/1959 2012/2012/2012 2011/2011/2011
f 1960/1960/1960 2012/2012/2012 1959/1959/1959
f 1960/1960/1960 2013/2013/2013 2012/2012/2012
f 1961/1961/1961 2013/2013/2013 1960/1960/1960
f 1961/1961/1961 2014/2014/2014 2013/2013/2013
f 1962/1962/1962 2014/2014/2014 1961/1961/1961
f 1962/1962/1962 2015/2015/2015 2014/2014/2014
f 1963/1963/1963 2015/2015/2015 1962/1962/1962
f 1963/1963/1963 1964/1964/1964 2015/2015/2015
f 1911/1911/1911 1964/1964/1964 1963/1963/1963
f 2017/2017/2017 1757/1757/1757 2016/2016/2016
f 1756/1756/1756 1757/1757/1757 2017/2017/2017
f 2018/2018/2018 1756/1756/1756 2017/2017/2017
f 1760/1760/1760 1756/1756/1756 2018/2018/2018
f 2019/2019/2019 1760/1760/1760 2018/2018/2018
f 1762/1762/1762 1760/1760/1760 2019/2019/2019
f 2020/2020/2020 1762/1762/1762 2019/2019/2019
f 1764/1764/1764 1762/1762/1762 2020/2020/2020
f 2021/2021/2021 1764/1764/1764 2020/2020/2020
f 1766/1766/1766 1764/1764/1764 2021/2021/2021
f 2022/2022/2022 1766/1766/1766 2021/2021/2021
f 1768/1768/1768 1766/1766/1766 2022/2022/2022
f 2023/2023/2023 1768/1768/1768 2022/2022/2022
f 1770/1770/1770 1768/1768/1768 2023/2023/2023
f 2024/2024/2024 1770/1770/1770 2023/2023/2023
f 1772/1772/1772 1770/1770/1770 2024/2024/2024
f 2025/2025/2025 1772/1772/1772 2024/2024/2024
f 1774/1774/1774 1772/1772/1772 2025/2025/2025
f 2026/2026/2026 1774/1774/1774 2025/2025/2025
f 1776/1776/1776 1774/1774/1774 2026/2026/2026
f 2027/2027/2027 1776/1776/1776 2026/2026/2026
f 1778/1778/1778 1776/1776/1776 2027/2027/2027
f 2028/2028/2028 1778/1778/1778 2027/2027/2027
f 1780/1780/1780 1778/1778/1778 2028/2028/2028
f 2030/2030/2030 1783/1783/1783 2029/2029/2029
f 1782/1782/1782 1783/1783/1783 2030/2030/2030
f 2031/2031/2031 1782/1782/1782 2030/2030/2030
f 1786/1786/1786 1782/1782/1782 2031/2031/2031
f 2032/2032/2032 1786/1786/1786 2031/2031/2031
f 1788/1788/1788 1786/1786/1786 2032/2032/2032
f 2033/2033/2033 1788/1788/1788 2032/2032/2032
f 1790/1790/1790 1788/1788/1788 2033/2033/2033
f 2034/2034/2034 1790/1790/1790 2033/2033/2033
f 1792/1792/1792 1790/1790/1790 2034/2034/2034
f 2035/2035/2035 1792/1792/1792 2034/2034/2034
f 1794/1794/1794 1792/1792/1792 2035/2035/2035
f 2036/2036/2036 1794/1794/1794 2035/2035/2035
f 1796/1796/1796 1794/1794/1794 2036/2036/2036
f 2037/2037/2037 1796/1796/1796 2036/2036/2036
f 1798/1798/1798 1796/1796/1796 2037/2037/2037
f 2038/2038/2038 1798/1798/1798 2037/2037/2037
f 1800/1800/1800 1798/1798/1798 2038/2038/2038
f 2039/2039/2039 1800/1800/1800 2038/2038/2038
f 1802/1802/1802 1800/1800/1800 2039/2039/2039
f 2040/2040/2040 1802/1802/1802 2039/2039/2039
f 1804/1804/1804 1802/1802/1802 2040/2040/2040
f 2041/2041/2041 1804/1804/1804 2040/2040/2040
f 1806/1806/1806 1804/1804/1804 2041/2041/2041
f 2042/2042/2042 1806/1806/1806 2041/2041/2041
f 1808/1808/1808 1806/1806/1806 2042/2042/2042
f 2043/2043/2043 1808/1808/1808 2042/2042/2042
f 1810/1810/1810 1808/1808/1808 2043/2043/2043
f 2044/2044/2044 1810/1810/1810 2043/2043/2043
f 1812/1812/1812 1810/1810/1810 2044/2044/2044
f 2045/2045/2045 1812/1812/1812 2044/2044/2044
f 1814/1814/1814 1812/1812/1812 2045/2045/2045
f 2046/2046/2046 1814/1814/1814 2045/2045/2045
f 1816/1816/1816 1814/1814/1814 2046/2046/2046
f 2047/2047/2047 1816/1816/1816 2046/2046/2046
f 1818/1818/1818 1816/1816/1816 2047/2047/2047
f 2048/2048/2048 1818/1818/1818 2047/2047/2047
f 1820/1820/1820 1818/1818/1818 2048/2048/2048
f 2049/2049/2049 1820/1820/1820 2048/2048/2048
f 1822/1822/1822 1820/1820/1820 2049/2049/2049
f 2050/2050/2050 1822/1822/1822 2049/2049/2049
f 1824/1824/1824 1822/1822/1822 2050/2050/2050
f 2051/2051/2051 1824/1824/1824 2050/2050/2050
f 1826/1826/1826 1824/1824/1824 2051/2051/2051
f 2052/2052/2052 1826/1826/1826 2051/2051/2051
f 1828/1828/1828 1826/1826/1826 2052/2052/2052
f 2053/2053/2053 1828/1828/1828 2052/2052/2052
f 1830/1830/1830 1828/1828/1828 2053/2053/2053
f 2054/2054/2054 1830/1830/1830 2053/2053/2053
f 1832/1832/1832 1830/1830/1830 2054/2054/2054
f 2056/2056/2056 1835/1835/1835 2055/2055/2055
f 1834/1834/1834 1835/1835/1835 2056/2056/2056
f 2057/2057/2057 1834/1834/1834 2056/2056/2056
f 1838/1838/1838 1834/1834/1834 2057/2057/2057
f 2058/2058/2058 1838/1838/1838 2057/2057/2057
f 1840/1840/1840 1838/1838/1838 2058/2058/2058
f 2059/2059/2059 1840/1840/1840 2058/2058/2058
f 1842/1842/1842 1840/1840/1840 2059/2059/2059
f 2060/2060/2060 1842/1842/1842 2059/2059/2059
f 1844/1844/1844 1842/1842/1842 2060/2060/2060
f 2061/2061/2061 1844/1844/1844 2060/2060/2060
f 1846/1846/1846 1844/1844/1844 2061/2061/2061
f 2062/2062/2062 1846/1846/1846 2061/2061/2061
f 1848/1848/1848 1846/1846/1846 2062/2062/2062
f 2063/2063/2063 1848/1848/1848 2062/2062/2062
f 1850/1850/1850 1848/1848/1848 2063/2063/2063
f 2064/2064/2064 1850/1850/1850 2063/2063/2063
f 1852/1852/1852 1850/1850/1850 2064/2064/2064
f 2065/2065/2065 1852/1852/1852 2064/2064/2064
f 1854/1854/1854 1852/1852/1852 2065/2065/2065
f 2066/2066/2066 1854/1854/1854 2065/2065/2065
f 1856/1856/1856 1854/1854/1854 2066/2066/2066
f 2067/2067/2067 1856/1856/1856 2066/2066/2066
f 1858/1858/1858 1856/1856/1856 2067/2067/2067
f 2016/2016/2016 1858/1858/1858 2067/2067/2067
f 1757/1757/1757 1858/1858/1858 2016/2016/2016
f 2068/2068/2068 2017/2017/2017 2016/2016/2016
f 2069/2069/2069 2017/2017/2017 2068/2068/2068
f 2069/2069/2069 2018/2018/2018 2017/2017/2017
f 2069/2069/2069 2019/2019/2019 2018/2018/2018
f 2070/2070/2070 2019/2019/2019 2069/2069/2069
f 2070/2070/2070 2020/2020/2020 2019/2019/2019
f 2070/2070/2070 2021/2021/2021 2020/2020/2020
f 2071/2071/2071 2021/2021/2021 2070/2070/2070
f 2071/2071/2071 2022/2022/2022 2021/2021/2021
f 2071/2071/2071 2023/2023/2023 2022/2022/2022
f 2072/2072/2072 2023/2023/2023 2071/2071/2071
f 2072/2072/2072 2024/2024/2024 2023/2023/2023
f 2072/2072/2072 2025/2025/2025 2024/2024/2024
f 2073/2073/2073 2025/2025/2025 2072/2072/2072
f 2073/2073/2073 2026/2026/2026 2025/2025/2025
f 2073/2073/2073 2027/2027/2027 2026/2026/2026
f 2074/2074/2074 2027/2027/2027 2073/2073/2073
f 2074/2074/2074 2028/2028/2028 2027/2027/2027
f 2075/2075/2075 2030/2030/2030 2029/2029/2029
f 2076/2076/2076 2030/2030/2030 2075/2075/2075
f 2076/2076/2076 2031/2031/2031 2030/2030/2030
f 2076/2076/2076 2032/2032/2032 2031/2031/2031
f 2077/2077/2077 2032/2032/2032 2076/2076/2076
f 2077/2077/2077 2033/2033/2033 2032/2032/2032
f 2077/2077/2077 2034/2034/2034 2033/2033/2033
f 2078/2078/2078 2034/2034/2034 2077/2077/2077
f 2078/2078/2078 2035/2035/2035 2034/2034/2034
f 2078/2078/2078 2036/2036/2036 2035/2035/2035
f 2079/2079/2079 2036/2036/2036 2078/2078/2078
f 2079/2079/2079 2037/2037/2037 2036/2036/2036
f 2079/2079/2079 2038/2038/2038 2037/2037/2037
f 2080/2080/2080 2038/2038/2038 2079/2079/2079
f 2080/2080/2080 2039/2039/2039 2038/2038/2038
f 2080/2080/2080 2040/2040/2040 2039/2039/2039
f 2081/2081/2081 2040/2040/2040 2080/2080/2080
f 2081/2081/2081 2041/2041/2041 2040/2040/2040
f 2081/2081/2081 2042/2042/2042 2041/2041/2041
f 2082/2082/2082 2042/2042/2042 2081/2081/2081
f 2082/2082/2082 2043/2043/2043 2042/2042/2042
f 2082/2082/2082 2044/2044/2044 2043/2043/2043
f 2083/2083/2083 2044/2044/2044 2082/2082/2082
f 2083/2083/2083 2045/2045/2045 2044/2044/2044
f 2083/2083/2083 2046/2046/2046 2045/2045/2045
f 2084/2084/2084 2046/2046/2046 2083/2083/2083
f 2084/2084/2084 2047/2047/2047 2046/2046/2046
f 2084/2084/2084 2048/2048/2048 2047/2047/2047
f 2085/2085/2085 2048/2048/2048 2084/2084/2084
f 2085/2085/2085 2049/2049/2049 2048/2048/2048
f 2085/2085/2085 2050/2050/2050 2049/2049/2049
f 2086/2086/2086 2050/2050/2050 2085/2085/2085
f 2086/2086/2086 2051/2051/2051 2050/2050/2050
f 2086/2086/2086 2052/2052/2052 2051/2051/2051
f 2087/2087/2087 2052/2052/2052 2086/2086/2086
f 2087/2087/2087 2053/2053/2053 2052/2052/2052
f 2087/2087/2087 2054/2054/2054 2053/2053/2053
f 2088/2088/2088 2054/2054/2054 2087/2087/2087
f 2089/2089/2089 2056/2056/2056 2055/2055/2055
f 2089/2089/2089 2057/2057/2057 2056/2056/2056
f 2090/2090/2090 2057/2057/2057 2089/2089/2089
f 2090/2090/2090 2058/2058/2058 2057/2057/2057
f 2090/2090/2090 2059/2059/2059 2058/2058/2058
f 2091/2091/2091 2059/2059/2059 2090/2090/2090
f 2091/2091/2091 2060/2060/2060 2059/2059/2059
f 2091/2091/2091 2061/2061/2061 2060/2060/2060
f 2092/2092/2092 2061/2061/2061 2091/2091/2091
f 2092/2092/2092 2062/2062/2062 2061/2061/2061
f 2092/2092/2092 2063/2063/2063 2062/2062/2062
f 2093/2093/2093 2063/2063/2063 2092/2092/2092
f 2093/2093/2093 2064/2064/2064 2063/2063/2063
f 2093/2093/2093 2065/2065/2065 2064/2064/2064
f 2094/2094/2094 2065/2065/2065 2093/2093/2093
f 2094/2094/2094 2066/2066/2066 2065/2065/2065
f 2094/2094/2094 2067/2067/2067 2066/2066/2066
f 2068/2068/2068 2067/2067/2067 2094/2094/2094
f 2068/2068/2068 2016/2016/2016 2067/2067/2067
f 1923/1923/1923 1779/1779/1779 1781/1781/1781
f 1871/1871/1871 1779/1779/1779 1923/1923/1923
f 1873/1873/1873 1785/1785/1785 1784/1784/1784
f 1926/1926/1926 1785/1785/1785 1873/1873/1873
