# Exported from Godot Engine
mtllib Wheel_Turbine.mtl
o Wheel_Turbine
v 0.258282 -0.141992 0.197642
vt 0.982810 0.492088
vn 0.889518 0.194005 -0.413666
v 0.215733 -0.115817 0.199018
vt 0.934178 0.512476
vn 0.886686 0.195535 -0.418993
v 0.264532 -0.104736 0.192743
vt 0.983690 0.532506
vn 0.893537 0.197404 -0.403266
v 0.220873 -0.083863 0.192751
vt 0.934944 0.547481
vn 0.895763 0.202285 -0.395840
v 0.116627 -0.054208 0.189337
vt 0.823724 0.561763
vn 0.875108 0.409736 -0.257491
v 0.100216 -0.041688 0.178314
vt 0.803334 0.573183
vn 0.868911 0.444014 -0.218735
v 0.129026 -0.044702 0.182329
vt 0.833848 0.575853
vn 0.883205 0.312260 -0.349919
v 0.108122 -0.035198 0.170847
vt 0.808719 0.585742
vn 0.871918 0.437499 -0.219893
v 0.259906 -0.083077 0.184301
vt 0.976043 0.556534
vn 0.902027 0.194707 -0.385275
v 0.252913 -0.064937 0.168735
vt 0.967091 0.581500
vn 0.894835 0.186891 -0.405392
v 0.239393 -0.062420 0.171014
vt 0.952353 0.580964
vn 0.909403 0.211609 -0.358060
v 0.164726 -0.057308 0.186741
vt 0.872864 0.568668
vn 0.903616 0.231438 -0.360438
v 0.169801 -0.043968 0.174228
vt 0.876201 0.588445
vn 0.906891 0.245575 -0.342405
v 0.128655 -0.043360 0.178725
vt 0.832953 0.579749
vn 0.883784 0.316786 -0.344344
v 0.128715 -0.034527 0.167989
vt 0.830260 0.593925
vn 0.886460 0.368562 -0.279911
v 0.108136 -0.034333 0.169697
vt 0.808406 0.587229
vn 0.896439 0.418994 -0.144365
v 0.111755 -0.028020 0.157971
vt 0.809475 0.601876
vn 0.896420 0.433293 -0.093211
v 0.072612 -0.009329 0.154156
vt 0.763258 0.606260
vn 0.887166 0.455617 -0.073135
v 0.094673 -0.015956 0.146135
vt 0.787778 0.614904
vn 0.903444 0.427148 -0.036527
v 0.215733 -0.115817 0.199018
vt 0.934178 0.512476
vn 0.807089 0.573715 0.139491
v 0.258282 -0.141992 0.197642
vt 0.982810 0.492088
vn 0.812427 0.568789 0.128222
v 0.248535 -0.137895 0.192743
vt 0.970522 0.490983
vn 0.811761 0.569024 0.131359
v 0.240822 -0.059056 0.158360
vt 0.954813 0.594664
vn 0.891864 0.170083 -0.419106
v 0.237603 -0.059875 0.163912
vt 0.950927 0.589060
vn 0.926297 0.241857 -0.288926
v 0.169877 -0.042437 0.167731
vt 0.876406 0.595445
vn 0.912458 0.268691 -0.308586
v 0.133718 -0.034363 0.163788
vt 0.835243 0.598811
vn 0.893150 0.330855 -0.304660
v 0.113681 -0.027625 0.153767
vt 0.810978 0.606597
vn 0.894167 0.442124 -0.070653
v 0.220873 -0.083863 0.192751
vt 0.934944 0.547481
vn 0.941224 0.282569 -0.185076
v 0.163974 -0.058593 0.189651
vt 0.872091 0.565327
vn 0.931868 0.292192 -0.215048
v 0.164726 -0.057308 0.186741
vt 0.872864 0.568668
vn 0.931004 0.293103 -0.217539
v 0.129026 -0.044702 0.182329
vt 0.833848 0.575853
vn 0.911499 0.330679 -0.244584
v 0.128655 -0.043360 0.178725
vt 0.832953 0.579749
vn 0.902261 0.383924 -0.196282
v 0.070377 -0.011026 0.153752
vt 0.761211 0.604091
vn 0.824459 0.546986 -0.145170
v 0.073920 -0.021886 0.157391
vt 0.767359 0.593002
vn 0.783589 0.616703 -0.075270
v 0.076595 -0.021762 0.159005
vt 0.770782 0.593460
vn 0.837521 0.532168 -0.123914
v 0.062022 -0.001820 0.150056
vt 0.750495 0.612635
vn 0.910299 0.343803 -0.230554
v 0.061170 -0.004302 0.149893
vt 0.749917 0.610060
vn 0.846737 0.420646 -0.325719
v 0.049019 -0.041990 0.152112
vt 0.742298 0.569487
vn 0.797962 0.569448 -0.197449
v 0.069753 -0.057956 0.128289
vt 0.748016 0.533424
vn 0.760677 0.604847 -0.235650
v 0.065395 -0.061309 0.127520
vt 0.742157 0.533051
vn 0.516220 0.751819 -0.410226
v 0.100933 -0.018192 0.141907
vt 0.794918 0.619229
vn 0.898578 0.437278 0.036672
v 0.085525 -0.008456 0.141308
vt 0.775882 0.621215
vn 0.915824 0.385525 0.112415
v 0.093947 -0.010869 0.132790
vt 0.785906 0.629528
vn 0.909852 0.379781 0.167139
v 0.077304 -0.000874 0.142785
vt 0.764249 0.623237
vn 0.920849 0.354976 0.161337
v 0.090032 -0.002315 0.125858
vt 0.778965 0.639297
vn 0.909379 0.351961 0.221704
v 0.213550 -0.126690 0.156906
vt 0.920632 0.468564
vn 0.778140 0.575294 0.252063
v 0.225360 -0.131243 0.168735
vt 0.937680 0.475456
vn 0.796742 0.574834 0.186461
v 0.212873 -0.130613 0.147861
vt 0.918354 0.458360
vn 0.763636 0.574203 0.295213
v 0.243898 -0.055234 0.147861
vt 0.958651 0.606324
vn 0.860540 0.124579 -0.493914
v 0.040456 -0.032929 0.147075
vt 0.731317 0.578246
vn 0.912571 0.238361 -0.332262
v 0.038484 -0.034387 0.148060
vt 0.729475 0.576124
vn 0.906051 0.232752 -0.353408
v 0.037049 -0.021892 0.145384
vt 0.726287 0.589382
vn 0.921176 0.147512 -0.360103
v 0.034296 -0.021970 0.146187
vt 0.723276 0.588874
vn 0.920763 0.146375 -0.361621
v 0.049871 -0.004348 0.147115
vt 0.737773 0.608888
vn 0.831624 0.223653 -0.508313
v 0.048941 -0.001837 0.147461
vt 0.736614 0.611508
vn 0.832223 0.222349 -0.507903
v 0.038401 -0.009461 0.146104
vt 0.726175 0.602518
vn 0.860701 0.095273 -0.500117
v 0.040620 -0.011027 0.145537
vt 0.728721 0.601030
vn 0.853322 0.084942 -0.514418
v 0.049019 -0.041990 0.152112
vt 0.742298 0.569487
vn 0.848078 0.423699 -0.318187
v 0.049930 -0.039661 0.150785
vt 0.742621 0.572279
vn 0.853431 0.406239 -0.326535
v 0.070370 -0.032784 0.158238
vt 0.765144 0.580838
vn 0.758576 0.636950 -0.137321
v 0.072546 -0.034272 0.160400
vt 0.768301 0.579062
vn 0.787089 0.600555 -0.140798
v 0.061248 -0.039348 0.155129
vt 0.755375 0.573229
vn 0.794451 0.560378 -0.234146
v 0.062000 -0.041938 0.157284
vt 0.757203 0.569949
vn 0.806152 0.530425 -0.262236
v 0.037121 -0.003420 0.153141
vt 0.648279 0.635271
vn 0.578081 0.754857 0.309859
v 0.031111 -0.020204 0.149974
vt 0.640590 0.612875
vn 0.626143 0.775785 0.078118
v 0.028771 -0.004839 0.129437
vt 0.626197 0.632572
vn 0.418176 0.838436 0.349506
v 0.024315 -0.016123 0.129437
vt 0.622693 0.622584
vn 0.495605 0.860511 0.117879
v 0.032409 -0.020965 0.150141
vt 0.641960 0.612312
vn 0.979665 0.156729 0.125271
v 0.037831 -0.005114 0.152716
vt 0.648857 0.633149
vn 0.468957 0.465665 -0.750490
v 0.034296 -0.021970 0.146187
vt 0.646650 0.612591
vn 0.988397 0.151862 -0.003158
v 0.038401 -0.009461 0.146104
vt 0.651303 0.624883
vn 0.337792 0.397565 -0.853134
v 0.028771 -0.004839 0.129437
vt 0.626197 0.632572
vn 0.819277 0.093633 -0.565701
v 0.024315 -0.016123 0.129437
vt 0.622693 0.622584
vn 0.821459 0.100877 -0.561275
v 0.000000 0.000000 0.130906
vt 0.600449 0.635019
vn 0.799647 0.104125 -0.591374
v 0.237345 -0.134014 0.184301
vt 0.955645 0.486694
vn 0.802685 0.571866 0.169310
v 0.032409 -0.020965 0.150141
vt 0.641960 0.612312
vn 0.911665 0.294701 -0.286387
v 0.031111 -0.020204 0.149974
vt 0.640590 0.612875
vn 0.902130 0.288241 -0.321059
v 0.037831 -0.005114 0.152716
vt 0.648857 0.633149
vn 0.861529 0.354676 -0.363280
v 0.037121 -0.003420 0.153141
vt 0.648279 0.635271
vn 0.835809 0.513935 -0.193120
v 0.157567 -0.082754 0.197928
vt 0.869272 0.537837
vn 0.877980 0.205386 -0.432398
v 0.163974 -0.058593 0.189651
vt 0.872091 0.565327
vn 0.873715 0.205313 -0.440986
v 0.118123 -0.061293 0.191179
vt 0.826373 0.554658
vn 0.858655 0.397678 -0.323363
v 0.100216 -0.041688 0.178314
vt 0.803334 0.573183
vn 0.794261 0.596018 -0.117947
v 0.095912 -0.051286 0.178873
vt 0.800259 0.562249
vn 0.794419 0.597714 -0.107874
v 0.073788 -0.056915 0.130340
vt 0.752832 0.533501
vn 0.772468 0.631288 -0.069062
v 0.070220 -0.045316 0.161307
vt 0.767072 0.566476
vn 0.756810 0.653210 0.023559
v 0.091037 -0.060132 0.148328
vt 0.778309 0.537303
vn 0.728904 0.676149 0.107334
v 0.095912 -0.051286 0.178873
vt 0.800259 0.562249
vn 0.720221 0.680582 0.134495
v 0.117216 -0.069865 0.162688
vt 0.811464 0.528255
vn 0.731902 0.663250 0.156266
v 0.118123 -0.061293 0.191179
vt 0.826373 0.554658
vn 0.740072 0.649415 0.174796
v 0.151654 -0.088300 0.167174
vt 0.851453 0.509394
vn 0.775920 0.610276 0.159722
v 0.157567 -0.082754 0.197928
vt 0.869272 0.537837
vn 0.788082 0.597272 0.148973
v 0.180235 -0.104800 0.167508
vt 0.885125 0.494918
vn 0.803414 0.580407 0.132865
v 0.208868 -0.121861 0.163898
vt 0.916988 0.478195
vn 0.806171 0.574409 0.141924
v 0.070220 -0.045316 0.161307
vt 0.767072 0.566476
vn 0.787796 0.599832 -0.139924
v 0.259207 0.085228 0.184301
vt 0.861420 0.758423
vn 0.834575 0.333546 -0.438443
v 0.228307 0.061936 0.193007
vt 0.834455 0.729280
vn 0.849171 0.285354 -0.444390
v 0.242780 0.096123 0.168735
vt 0.841026 0.773384
vn 0.811871 0.332938 -0.479602
v 0.215395 0.086887 0.172520
vt 0.815810 0.758820
vn 0.804685 0.388436 -0.448999
v 0.167821 0.050354 0.190306
vt 0.775712 0.711380
vn 0.822475 0.390662 -0.413422
v 0.162276 0.068390 0.173132
vt 0.764789 0.734553
vn 0.794641 0.457161 -0.399437
v 0.120134 0.038063 0.182500
vt 0.728448 0.696548
vn 0.807419 0.516179 -0.285716
v 0.117088 0.049766 0.169262
vt 0.719984 0.712086
vn 0.769076 0.607259 -0.199398
v 0.095237 0.031489 0.176259
vt 0.703841 0.686971
vn 0.777629 0.610065 -0.152034
v 0.093708 0.040501 0.164280
vt 0.696454 0.699674
vn 0.669978 0.739810 -0.061726
v 0.062716 0.029567 0.155402
vt 0.665110 0.683852
vn 0.779394 0.601939 -0.173823
v 0.229548 0.099175 0.147861
vt 0.821735 0.789329
vn 0.731704 0.602245 -0.319234
v 0.230055 0.094823 0.160866
vt 0.826233 0.776308
vn 0.736251 0.593586 -0.324947
v 0.222371 0.091028 0.166244
vt 0.820457 0.767995
vn 0.715464 0.594480 -0.367021
v 0.162077 0.068913 0.166796
vt 0.761833 0.740184
vn 0.660947 0.726224 -0.189072
v 0.127395 0.054904 0.163493
vt 0.726807 0.723213
vn 0.628186 0.770248 -0.109999
v 0.107763 0.047320 0.153865
vt 0.702198 0.717932
vn 0.617351 0.785205 -0.048284
v 0.085405 0.040100 0.132066
vt 0.669801 0.718698
vn 0.714865 0.694176 -0.084192
v 0.228307 0.061936 0.193007
vt 0.834455 0.729280
vn 0.810496 0.383569 -0.442686
v 0.167760 0.048554 0.192791
vt 0.776462 0.708403
vn 0.780537 0.519017 -0.348400
v 0.167821 0.050354 0.190306
vt 0.775712 0.711380
vn 0.783323 0.509955 -0.355459
v 0.120411 0.037195 0.185729
vt 0.730182 0.693733
vn 0.834121 0.410119 -0.368842
v 0.120134 0.038063 0.182500
vt 0.728448 0.696548
vn 0.749683 0.626531 -0.213153
v 0.095381 0.030402 0.178264
vt 0.705017 0.685076
vn 0.782620 0.606464 -0.140379
v 0.095237 0.031489 0.176259
vt 0.703841 0.686971
vn 0.736702 0.665784 -0.118328
v 0.062716 0.029567 0.155402
vt 0.665110 0.683852
vn 0.746756 0.664573 -0.026436
v 0.028252 0.007281 0.129437
vt 0.624758 0.643314
vn 0.823877 0.101610 -0.557587
v 0.022848 0.018143 0.129437
vt 0.619149 0.652332
vn 0.811336 0.092046 -0.577289
v 0.271298 0.029331 0.184301
vt 0.884385 0.692394
vn 0.556985 0.005825 -0.830502
v 0.259577 0.024458 0.168735
vt 0.876855 0.673599
vn 0.868596 0.050460 -0.492945
v 0.237951 0.022895 0.165510
vt 0.856602 0.664779
vn 0.541475 0.040481 -0.839742
v 0.245458 0.021066 0.158178
vt 0.865838 0.659331
vn 0.876031 0.063779 -0.478018
v 0.249319 0.017531 0.147861
vt 0.872274 0.649700
vn 0.893649 0.100017 -0.437478
v 0.275573 0.070755 0.192743
vt 0.880157 0.744186
vn 0.854180 0.217503 -0.472301
v 0.028829 0.023345 0.149974
vt 0.633913 0.666354
vn 0.615128 0.699832 0.363116
v 0.022848 0.018143 0.129437
vt 0.619149 0.652332
vn 0.536153 0.699972 0.471782
v 0.028252 0.007281 0.129437
vt 0.624758 0.643314
vn 0.382116 0.802215 0.458735
v 0.062022 -0.001820 0.150056
vt 0.674004 0.628372
vn 0.759675 0.389240 -0.520948
v 0.067847 0.007271 0.176836
vt 0.684030 0.654612
vn 0.755311 0.339213 -0.560750
v 0.077304 -0.000874 0.142785
vt 0.688883 0.618830
vn 0.522410 0.197145 -0.829592
v 0.090032 -0.002315 0.125858
vt 0.701493 0.605373
vn 0.439481 0.885933 -0.148255
v 0.093601 0.003912 0.131569
vt 0.706218 0.607138
vn 0.614353 0.762043 -0.204599
v 0.108285 0.006650 0.148667
vt 0.723065 0.622754
vn 0.730162 0.193309 -0.655358
v 0.049912 0.003705 0.165596
vt 0.664364 0.647289
vn 0.784850 0.618063 -0.044823
v 0.242782 0.031255 0.199393
vt 0.852968 0.699909
vn 0.855665 0.222110 -0.467445
v 0.167760 0.048554 0.192791
vt 0.776462 0.708403
vn 0.851880 0.275257 -0.445571
v 0.176265 0.023496 0.200287
vt 0.788574 0.683493
vn 0.852504 0.264042 -0.451130
v 0.292415 0.036941 0.197642
vt 0.901419 0.712399
vn 0.856204 0.210588 -0.471769
v 0.124632 0.022922 0.197293
vt 0.738886 0.677439
vn 0.849729 0.391535 -0.353073
v 0.126763 0.016886 0.197712
vt 0.741682 0.671821
vn 0.858675 0.347963 -0.376296
v 0.049912 0.003705 0.165596
vt 0.664364 0.647289
vn 0.769605 0.348403 -0.535091
v 0.048941 -0.001837 0.147461
vt 0.660906 0.628721
vn 0.701068 0.278999 -0.656249
v 0.100563 0.012348 0.191202
vt 0.717141 0.664835
vn 0.720229 0.187800 -0.667833
v 0.135578 0.010818 0.162872
vt 0.752820 0.637719
vn 0.635930 0.105521 -0.764499
v 0.126763 0.016886 0.197712
vt 0.741682 0.671821
vn 0.638315 0.119148 -0.760498
v 0.175506 0.015907 0.167282
vt 0.793715 0.649617
vn 0.570973 0.077899 -0.817264
v 0.176265 0.023496 0.200287
vt 0.788574 0.683493
vn 0.569141 0.078009 -0.818531
v 0.207465 0.019710 0.168518
vt 0.825808 0.659262
vn 0.547189 0.065633 -0.834432
v 0.242782 0.031255 0.199393
vt 0.852968 0.699909
vn 0.543493 0.042422 -0.838341
v 0.292415 0.036941 0.197642
vt 0.901419 0.712399
vn 0.545837 0.004278 -0.837881
v 0.282417 0.033292 0.192743
vt 0.893004 0.704193
vn 0.545958 0.002708 -0.837808
v 0.028829 0.023345 0.149974
vt 0.633913 0.666354
vn 0.710376 0.049202 -0.702101
v 0.029954 0.024344 0.150141
vt 0.634871 0.667482
vn 0.803189 0.230594 -0.549285
v 0.044622 0.020599 0.160974
vt 0.654398 0.663763
vn 0.781979 0.603660 -0.155253
v 0.097035 0.021281 0.189436
vt 0.712201 0.672951
vn 0.794870 0.584540 -0.162772
v 0.044622 0.020599 0.160974
vt 0.654398 0.663763
vn 0.753746 0.655224 -0.050486
v 0.029954 0.024344 0.150141
vt 0.634871 0.667482
vn 0.901312 0.199491 -0.384499
v 0.044596 0.025974 0.148060
vt 0.647085 0.675385
vn 0.776889 0.620648 -0.106019
v 0.031493 0.025828 0.146187
vt 0.636056 0.672029
vn 0.891702 0.164727 -0.421584
v 0.062554 0.019958 0.173046
vt 0.675735 0.666370
vn 0.756323 0.651856 -0.055315
v 0.044622 0.020599 0.160974
vt 0.654398 0.663763
vn 0.752853 0.656943 -0.040475
v 0.049912 0.003705 0.165596
vt 0.664364 0.647289
vn 0.755922 0.654326 0.020987
v 0.067847 0.007271 0.176836
vt 0.684030 0.654612
vn 0.797188 0.601960 -0.046205
v 0.062554 0.019958 0.173046
vt 0.675735 0.666370
vn 0.786328 0.617375 -0.023144
v 0.097035 0.021281 0.189436
vt 0.712201 0.672951
vn 0.825493 0.545159 -0.146161
v 0.100563 0.012348 0.191202
vt 0.717141 0.664835
vn 0.833179 0.522595 -0.180850
v 0.044596 0.025974 0.148060
vt 0.647085 0.675385
vn 0.812640 0.579066 0.065576
v 0.055082 0.033644 0.152112
vt 0.655778 0.684898
vn 0.820051 0.567858 0.071085
v 0.078517 0.043249 0.127520
vt 0.661155 0.719376
vn 0.790851 0.588647 0.167480
v -0.125494 0.266688 0.197642
vt 0.382149 0.986158
vn 0.861628 0.338072 -0.378555
v -0.106456 0.220503 0.199018
vt 0.407764 0.939555
vn 0.862879 0.357005 -0.357752
v -0.152449 0.240221 0.192743
vt 0.356103 0.954792
vn 0.864150 0.373920 -0.336793
v -0.129397 0.197673 0.192751
vt 0.385204 0.912392
vn 0.847392 0.501771 -0.173647
v -0.062491 0.112407 0.189337
vt 0.464073 0.831355
vn 0.881549 0.372280 -0.290308
v -0.056573 0.092632 0.178314
vt 0.473012 0.809547
vn 0.865231 0.492207 -0.095440
v -0.078109 0.112005 0.182329
vt 0.447241 0.826579
vn 0.865728 0.470241 -0.171430
v -0.066784 0.092028 0.170847
vt 0.460883 0.803008
vn 0.853705 0.518150 -0.052037
v -0.161437 0.219980 0.184301
vt 0.347070 0.931022
vn 0.807725 0.587912 -0.044046
v -0.166442 0.201194 0.168735
vt 0.338480 0.905692
vn 0.781137 0.621979 0.054469
v -0.156983 0.191210 0.171014
vt 0.350455 0.896872
vn 0.767391 0.631510 0.110931
v -0.099581 0.143187 0.186741
vt 0.420938 0.856724
vn 0.791777 0.609899 0.033349
v -0.111528 0.135377 0.174228
vt 0.405898 0.843200
vn 0.769751 0.623216 0.138147
v -0.078597 0.110700 0.178725
vt 0.445504 0.822940
vn 0.804442 0.591878 0.050536
v -0.083838 0.103590 0.167989
vt 0.438739 0.810057
vn 0.782374 0.601994 0.159669
v -0.067303 0.091337 0.169698
vt 0.460197 0.801637
vn 0.724974 0.603457 0.332044
v -0.073942 0.088356 0.157971
vt 0.450166 0.790741
vn 0.668425 0.594958 0.446355
v -0.053260 0.050228 0.154156
vt 0.483913 0.758291
vn 0.764629 0.569372 0.301923
v -0.067213 0.068555 0.146135
vt 0.459128 0.766844
vn 0.597264 0.594149 0.538760
v -0.106456 0.220503 0.199018
vt 0.407764 0.939555
vn 0.979035 0.155616 0.131428
v -0.125494 0.266688 0.197642
vt 0.382149 0.986158
vn 0.978718 0.168775 0.116729
v -0.120016 0.257644 0.192743
vt 0.392545 0.979324
vn 0.978633 0.167318 0.119507
v -0.160117 0.189329 0.158360
vt 0.339919 0.887595
vn 0.656591 0.663610 0.358483
v -0.157031 0.188099 0.163912
vt 0.346502 0.889584
vn 0.584021 0.648612 0.488080
v -0.112489 0.134183 0.167731
vt 0.401345 0.837800
vn 0.602774 0.632722 0.486134
v -0.087982 0.106397 0.163788
vt 0.431740 0.809324
vn 0.649835 0.607146 0.457262
v -0.075732 0.089169 0.153767
vt 0.446017 0.787956
vn 0.561773 0.563252 0.605935
v -0.129397 0.197673 0.192751
vt 0.385204 0.912392
vn 0.637205 0.657298 0.402405
v -0.098217 0.143784 0.189651
vt 0.423643 0.858878
vn 0.638924 0.649718 0.411877
v -0.099581 0.143187 0.186741
vt 0.420938 0.856724
vn 0.639402 0.648486 0.413074
v -0.078109 0.112005 0.182329
vt 0.447241 0.826579
vn 0.661837 0.616731 0.426163
v -0.078597 0.110700 0.178725
vt 0.445504 0.822940
vn 0.677982 0.609513 0.410894
v -0.050455 0.050287 0.153752
vt 0.486890 0.758719
vn 0.896660 0.090702 -0.433329
v -0.046939 0.061155 0.157391
vt 0.488989 0.771333
vn 0.866459 0.015381 -0.499012
v -0.049175 0.062627 0.159005
vt 0.485999 0.773118
vn 0.898133 0.256959 -0.356831
v -0.049107 0.037928 0.150056
vt 0.489993 0.745251
vn 0.833771 0.551964 -0.012740
v -0.046959 0.039436 0.149893
vt 0.492065 0.746922
vn 0.841177 0.023801 -0.540236
v -0.014976 0.062783 0.152112
vt 0.523529 0.774183
vn 0.981827 0.010896 -0.189464
v -0.022366 0.087888 0.128289
vt 0.541633 0.806248
vn 0.213096 0.073007 -0.974300
v -0.016869 0.088038 0.127520
vt 0.546494 0.802867
vn 0.350906 0.416137 -0.838866
v -0.070964 0.074045 0.141907
vt 0.450777 0.767907
vn 0.470633 0.551826 0.688471
v -0.064221 0.057112 0.141308
vt 0.464563 0.754400
vn 0.505604 0.577266 0.641193
v -0.069616 0.064014 0.132790
vt 0.451433 0.754122
vn 0.438229 0.564832 0.699228
v -0.062026 0.046145 0.142785
vt 0.472482 0.745506
vn 0.616359 0.605144 0.503887
v -0.071477 0.054792 0.125858
vt 0.450787 0.742054
vn 0.436700 0.579103 0.688428
v -0.098299 0.228016 0.156906
vt 0.446004 0.965735
vn 0.976755 0.151104 0.152041
v -0.105177 0.238641 0.168735
vt 0.428219 0.970985
vn 0.976967 0.150889 0.150889
v -0.095445 0.230792 0.147861
vt 0.454203 0.972364
vn 0.978145 0.158877 0.134127
v -0.164852 0.188045 0.147861
vt 0.329575 0.880795
vn 0.690410 0.665595 0.283404
v -0.013375 0.050419 0.147075
vt 0.526707 0.760378
vn 0.843894 0.516662 -0.144576
v -0.010922 0.050440 0.148060
vt 0.529492 0.760899
vn 0.844786 0.510406 -0.160690
v -0.017106 0.039488 0.145384
vt 0.523694 0.748430
vn 0.845321 0.415083 -0.336360
v -0.014832 0.037933 0.146187
vt 0.526391 0.746943
vn 0.843958 0.418297 -0.335803
v -0.037791 0.032831 0.147115
vt 0.502389 0.740231
vn 0.839986 0.045841 -0.540669
v -0.038514 0.030253 0.147461
vt 0.501661 0.737435
vn 0.839565 0.045939 -0.541313
v -0.025506 0.030225 0.146104
vt 0.515544 0.737987
vn 0.774452 0.091951 -0.625915
v -0.026381 0.032797 0.145537
vt 0.514465 0.740759
vn 0.769236 0.084790 -0.633314
v -0.014976 0.062783 0.152112
vt 0.523529 0.774183
vn 0.866915 0.314959 -0.386340
v -0.017082 0.061434 0.150785
vt 0.521522 0.772181
vn 0.870514 0.355691 -0.340132
v -0.037660 0.067885 0.158238
vt 0.498369 0.779549
vn 0.529879 0.013631 -0.847964
v -0.038546 0.070368 0.160400
vt 0.496989 0.782932
vn 0.855916 0.008559 -0.517045
v -0.026422 0.067834 0.155129
vt 0.510856 0.779431
vn 0.838963 0.078095 -0.538556
v -0.025508 0.070371 0.157284
vt 0.511469 0.783167
vn 0.827199 0.026646 -0.561277
v -0.028021 0.024586 0.153141
vt 0.561606 0.662929
vn 0.267422 0.029180 -0.963138
v -0.013293 0.034632 0.149974
vt 0.580989 0.676527
vn 0.512550 0.009099 -0.858609
v -0.020432 0.020826 0.129437
vt 0.581057 0.652133
vn 0.291427 0.212804 -0.932623
v -0.010195 0.027336 0.129437
vt 0.589763 0.658153
vn 0.500121 0.161445 -0.850773
v -0.013897 0.036010 0.150141
vt 0.580212 0.677787
vn 0.525609 0.812450 0.252309
v -0.027600 0.026374 0.152716
vt 0.562385 0.664985
vn 0.512506 0.060421 -0.856555
v -0.014832 0.037933 0.146187
vt 0.576254 0.680318
vn 0.503486 0.847458 0.168277
v -0.025506 0.030225 0.146104
vt 0.565265 0.673110
vn 0.754286 0.341051 -0.561014
v -0.020432 0.020826 0.129437
vt 0.581057 0.652133
vn 0.805728 0.141217 -0.575205
v -0.010195 0.027336 0.129437
vt 0.589763 0.658153
vn 0.804230 0.126229 -0.580758
v -0.113245 0.247927 0.184301
vt 0.406983 0.973379
vn 0.977547 0.155228 0.142502
v -0.013897 0.036010 0.150141
vt 0.580212 0.677787
vn 0.884485 0.448244 -0.129476
v -0.013293 0.034632 0.149974
vt 0.580989 0.676527
vn 0.907532 0.326849 -0.263733
v -0.027600 0.026374 0.152716
vt 0.562385 0.664985
vn 0.926896 0.146817 -0.345410
v -0.028021 0.024586 0.153141
vt 0.561606 0.662929
vn 0.951442 0.111300 -0.287002
v -0.078833 0.159564 0.197928
vt 0.443112 0.878817
vn 0.866166 0.400835 -0.298476
v -0.098217 0.143784 0.189651
vt 0.423643 0.858878
vn 0.864413 0.403594 -0.299836
v -0.059536 0.119018 0.191179
vt 0.466438 0.838627
vn 0.826910 0.112140 -0.551039
v -0.056573 0.092632 0.178314
vt 0.473012 0.809547
vn 0.874041 0.040816 -0.484134
v -0.047449 0.097867 0.178873
vt 0.482299 0.816253
vn 0.878228 0.044836 -0.476136
v -0.026242 0.089416 0.130340
vt 0.537781 0.809207
vn 0.987878 0.024438 -0.153299
v -0.030173 0.077936 0.161307
vt 0.505854 0.792099
vn 0.991395 0.042322 -0.123876
v -0.038306 0.102158 0.148328
vt 0.515278 0.822185
vn 0.992596 0.036407 -0.115877
v -0.047449 0.097867 0.178873
vt 0.482299 0.816253
vn 0.993737 0.044776 -0.102382
v -0.053764 0.125419 0.162688
vt 0.494772 0.850125
vn 0.995066 0.073378 -0.066778
v -0.059536 0.119018 0.191179
vt 0.466438 0.838627
vn 0.992102 0.125121 -0.008814
v -0.070790 0.160577 0.167174
vt 0.475024 0.890102
vn 0.988663 0.140800 0.052162
v -0.078833 0.159564 0.197928
vt 0.443112 0.878817
vn 0.985288 0.147156 0.086909
v -0.084213 0.190724 0.167508
vt 0.457513 0.922653
vn 0.982174 0.152805 0.109472
v -0.097349 0.221357 0.163898
vt 0.442840 0.955844
vn 0.978697 0.155269 0.134329
v -0.030173 0.077936 0.161307
vt 0.505854 0.792099
vn 0.508645 0.010275 -0.860915
v -0.259799 0.083407 0.184301
vt 0.316782 0.688558
vn 0.876129 0.372352 -0.306190
v -0.221109 0.084088 0.193007
vt 0.355726 0.696290
vn 0.875750 0.322988 -0.358804
v -0.252913 0.064937 0.168735
vt 0.324489 0.664468
vn 0.878714 0.385366 -0.281701
v -0.225329 0.056313 0.172520
vt 0.353450 0.661432
vn 0.878838 0.395012 -0.267598
v -0.165367 0.057906 0.190306
vt 0.413773 0.676247
vn 0.876534 0.334789 -0.345838
v -0.171483 0.040055 0.173132
vt 0.408991 0.651080
vn 0.882736 0.351462 -0.311852
v -0.119563 0.039820 0.182500
vt 0.460730 0.660470
vn 0.872693 0.227338 -0.432115
v -0.123978 0.028561 0.169262
vt 0.458446 0.642924
vn 0.886592 0.245743 -0.391873
v -0.095557 0.030504 0.176259
vt 0.486266 0.653756
vn 0.903902 0.219913 -0.366879
v -0.099617 0.022314 0.164280
vt 0.484777 0.639138
vn 0.918711 0.267659 -0.290395
v -0.068117 0.012943 0.155402
vt 0.519435 0.633517
vn 0.900275 0.433045 -0.044465
v -0.244002 0.054691 0.147861
vt 0.330725 0.640230
vn 0.864731 0.485054 -0.130240
v -0.241854 0.058509 0.160866
vt 0.334738 0.653408
vn 0.862092 0.495699 -0.105261
v -0.233407 0.057063 0.166244
vt 0.344298 0.656740
vn 0.850690 0.517910 -0.089983
v -0.171629 0.039514 0.166796
vt 0.408073 0.644786
vn 0.884799 0.423226 -0.194963
v -0.135336 0.030462 0.163493
vt 0.446385 0.637932
vn 0.895452 0.342311 -0.284585
v -0.114996 0.025058 0.153865
vt 0.469400 0.627741
vn 0.913588 0.291476 -0.283548
v -0.092664 0.017758 0.132066
vt 0.495161 0.608081
vn 0.914266 0.396621 -0.082518
v -0.221109 0.084088 0.193007
vt 0.355726 0.696290
vn 0.865488 0.484334 -0.127871
v -0.164260 0.059326 0.192791
vt 0.414916 0.679097
vn 0.876281 0.455030 -0.158367
v -0.165367 0.057906 0.190306
vt 0.413773 0.676247
vn 0.875290 0.457886 -0.155590
v -0.119278 0.040684 0.185729
vt 0.460981 0.663767
vn 0.892899 0.295768 -0.339489
v -0.119563 0.039820 0.182500
vt 0.460730 0.660470
vn 0.899840 0.381135 -0.212189
v -0.095034 0.031468 0.178264
vt 0.486429 0.655981
vn 0.917202 0.290584 -0.272581
v -0.095557 0.030504 0.176259
vt 0.486266 0.653756
vn 0.917897 0.307647 -0.250636
v -0.068117 0.012943 0.155402
vt 0.519435 0.633517
vn 0.935352 0.328055 -0.132274
v -0.027136 0.010715 0.129437
vt 0.575907 0.642597
vn 0.822715 0.173675 -0.541274
v -0.029148 -0.001249 0.129437
vt 0.575145 0.632005
vn 0.819921 0.171003 -0.546340
v -0.236725 0.135735 0.184301
vt 0.337007 0.755478
vn 0.943640 0.330955 -0.003491
v -0.224379 0.132788 0.168735
vt 0.354145 0.766259
vn 0.943275 0.331112 0.024436
v -0.205964 0.121342 0.165510
vt 0.375715 0.761491
vn 0.946088 0.323055 -0.023532
v -0.210962 0.127234 0.158178
vt 0.371445 0.771327
vn 0.943332 0.330587 0.028926
v -0.212008 0.132363 0.147861
vt 0.371898 0.782902
vn 0.943548 0.328690 0.040979
v -0.264532 0.104736 0.192743
vt 0.309989 0.711089
vn 0.871452 0.292845 -0.393463
v -0.037045 -0.001941 0.149974
vt 0.554959 0.629339
vn 0.991441 0.083609 -0.100270
v -0.029148 -0.001249 0.129437
vt 0.575145 0.632005
vn 0.137142 0.011191 -0.990488
v -0.027136 0.010715 0.129437
vt 0.575907 0.642597
vn 0.168905 0.268455 -0.948368
v -0.049107 0.037928 0.150056
vt 0.544847 0.683630
vn 0.980152 0.151635 -0.127708
v -0.059163 0.033997 0.176836
vt 0.521313 0.668294
vn 0.977163 0.205863 -0.052663
v -0.062026 0.046145 0.142785
vt 0.538417 0.700096
vn 0.957407 0.176372 -0.228614
v -0.071477 0.054792 0.125858
vt 0.536123 0.718394
vn 0.324109 0.254459 -0.911155
v -0.078025 0.051852 0.131569
vt 0.531263 0.719744
vn 0.966923 0.021193 -0.254185
v -0.091513 0.058269 0.148667
vt 0.508455 0.717010
vn 0.971128 0.237768 -0.019399
v -0.042557 0.026340 0.165596
vt 0.541528 0.662660
vn 0.967914 0.088985 -0.235000
v -0.214786 0.117418 0.199393
vt 0.358009 0.730933
vn 0.869388 0.281939 -0.405802
v -0.164260 0.059326 0.192791
vt 0.414916 0.679097
vn 0.866808 0.275323 -0.415742
v -0.156412 0.084597 0.200287
vt 0.419757 0.706369
vn 0.868923 0.279473 -0.408495
v -0.258282 0.141992 0.197642
vt 0.311468 0.749303
vn 0.868917 0.279424 -0.408540
v -0.114303 0.054712 0.197293
vt 0.463515 0.682065
vn 0.876878 0.227192 -0.423637
v -0.112479 0.060849 0.197712
vt 0.464555 0.688254
vn 0.878454 0.136319 -0.457969
v -0.042557 0.026340 0.165596
vt 0.541528 0.662660
vn 0.979204 0.169380 -0.111670
v -0.038514 0.030253 0.147461
vt 0.555239 0.675650
vn 0.970423 0.162898 -0.178167
v -0.088615 0.049119 0.191202
vt 0.488516 0.679482
vn 0.970233 0.239710 -0.034464
v -0.116043 0.070939 0.162872
vt 0.475586 0.722390
vn 0.963889 0.263965 -0.035212
v -0.112479 0.060849 0.197712
vt 0.464555 0.688254
vn 0.962462 0.267130 -0.048057
v -0.151337 0.090291 0.167282
vt 0.435506 0.736799
vn 0.953935 0.297489 -0.038845
v -0.156412 0.084597 0.200287
vt 0.419757 0.706369
vn 0.951935 0.303826 -0.038857
v -0.179428 0.105999 0.168518
vt 0.403872 0.747857
vn 0.948922 0.313468 -0.035836
v -0.214786 0.117418 0.199393
vt 0.358009 0.730933
vn 0.946023 0.323196 -0.024176
v -0.258282 0.141992 0.197642
vt 0.311468 0.749303
vn 0.951094 0.289517 -0.107705
v -0.248049 0.139067 0.192743
vt 0.323099 0.750996
vn 0.946591 0.320202 -0.037885
v -0.037045 -0.001941 0.149974
vt 0.554959 0.629339
vn 0.798761 0.102262 -0.592894
v -0.038542 -0.002089 0.150141
vt 0.553520 0.628989
vn 0.848928 0.126519 -0.513141
v -0.048208 0.009563 0.160974
vt 0.539909 0.643475
vn 0.886884 0.083072 -0.454462
v -0.091012 0.039819 0.189436
vt 0.487743 0.670013
vn 0.912642 0.278304 -0.299385
v -0.048208 0.009563 0.160974
vt 0.539909 0.643475
vn 0.924074 0.369910 -0.096200
v -0.038542 -0.002089 0.150141
vt 0.553520 0.628989
vn 0.703936 0.610778 0.362525
v -0.051346 0.005199 0.148060
vt 0.538994 0.629774
vn 0.906492 0.414016 -0.082850
v -0.040660 -0.002384 0.146187
vt 0.549890 0.626007
vn 0.702624 0.629134 0.332432
v -0.062339 0.020622 0.173046
vt 0.521113 0.653905
vn 0.933334 0.318408 -0.165845
v -0.048208 0.009563 0.160974
vt 0.539909 0.643475
vn 0.406728 0.025331 -0.913198
v -0.042557 0.026340 0.165596
vt 0.541528 0.662660
vn 0.946955 0.070939 -0.313437
v -0.059163 0.033997 0.176836
vt 0.521313 0.668294
vn 0.941759 0.122717 -0.313100
v -0.062339 0.020622 0.173046
vt 0.521113 0.653905
vn 0.943325 0.111988 -0.312404
v -0.091012 0.039819 0.189436
vt 0.487743 0.670013
vn 0.917483 0.105190 -0.383615
v -0.088615 0.049119 0.191202
vt 0.488516 0.679482
vn 0.914212 0.110198 -0.389965
v -0.051346 0.005199 0.148060
vt 0.538994 0.629774
vn 0.950170 0.188832 -0.248030
v -0.064338 0.005158 0.152112
vt 0.526371 0.627186
vn 0.857026 0.454869 0.242077
v -0.088942 0.011162 0.127520
vt 0.501757 0.602452
vn 0.798956 0.455013 0.393232
v -0.055229 -0.289519 0.197642
vt 0.587937 0.225046
vn 0.921761 0.200970 -0.331613
v -0.043484 -0.240964 0.199018
vt 0.590314 0.277731
vn 0.926890 0.194940 -0.320740
v -0.017865 -0.283950 0.192743
vt 0.626186 0.238152
vn 0.928585 0.197488 -0.314209
v -0.011505 -0.235978 0.192751
vt 0.623442 0.289078
vn 0.955060 0.174057 -0.239925
v -0.015515 -0.127670 0.189337
vt 0.598512 0.398416
vn 0.954704 0.219645 -0.200740
v -0.008679 -0.108194 0.178314
vt 0.602205 0.421495
vn 0.963183 0.264597 -0.047622
v -0.002643 -0.136525 0.182329
vt 0.615229 0.393768
vn 0.961640 0.232663 -0.145317
v -0.000064 -0.113707 0.170847
vt 0.615851 0.420769
vn 0.964942 0.259844 -0.036986
v 0.001305 -0.272858 0.184301
vt 0.646108 0.253613
vn 0.970366 0.154475 -0.185814
v 0.016396 -0.260601 0.168735
vt 0.666460 0.270624
vn 0.979895 0.151345 -0.130002
v 0.014612 -0.246965 0.171014
vt 0.660877 0.284275
vn 0.982013 0.156436 -0.105727
v -0.003600 -0.174373 0.186741
vt 0.621933 0.354662
vn 0.977549 0.170881 -0.123280
v 0.010655 -0.175077 0.174228
vt 0.641650 0.358346
vn 0.980694 0.186341 -0.059301
v -0.001481 -0.135757 0.178725
vt 0.618579 0.395952
vn 0.974931 0.219494 -0.036495
v 0.006938 -0.133085 0.167989
vt 0.630959 0.403366
vn 0.976365 0.213975 0.030419
v 0.000763 -0.113453 0.169697
vt 0.617140 0.421575
vn 0.977900 0.184235 0.098842
v 0.007886 -0.114944 0.157971
vt 0.631259 0.425621
vn 0.975212 0.155299 0.157618
v 0.013565 -0.071941 0.154156
vt 0.619444 0.470520
vn 0.974515 0.218719 0.049829
v 0.014081 -0.094970 0.146135
vt 0.636011 0.450481
vn 0.979978 0.138539 0.143005
v -0.043484 -0.240964 0.199018
vt 0.590314 0.277731
vn 0.329932 0.804543 0.493817
v -0.055229 -0.289519 0.197642
vt 0.587937 0.225046
vn 0.374398 0.793770 0.479329
v -0.054344 -0.278982 0.192743
vt 0.582664 0.236201
vn 0.370045 0.794519 0.481463
v 0.018253 -0.247284 0.158360
vt 0.674587 0.286688
vn 0.990629 0.136011 0.012463
v 0.016479 -0.244476 0.163912
vt 0.667986 0.288405
vn 0.992671 0.106580 0.056968
v 0.012135 -0.174676 0.167731
vt 0.648293 0.360567
vn 0.988735 0.105927 0.105744
v 0.008640 -0.137792 0.163788
vt 0.637264 0.400372
vn 0.971882 0.111335 0.207485
v 0.008857 -0.116653 0.153767
vt 0.636209 0.425836
vn 0.960508 0.087811 0.264032
v -0.011505 -0.235978 0.192751
vt 0.623442 0.289078
vn 0.986778 0.162033 0.003781
v -0.005055 -0.174055 0.189651
vt 0.618530 0.354236
vn 0.988246 0.151933 0.016932
v -0.003600 -0.174373 0.186741
vt 0.621933 0.354662
vn 0.988276 0.151177 0.021344
v -0.002643 -0.136525 0.182329
vt 0.615229 0.393768
vn 0.980173 0.145354 0.134662
v -0.001481 -0.135757 0.178725
vt 0.618579 0.395952
vn 0.980010 0.149538 0.131223
v 0.011261 -0.070340 0.153752
vt 0.616702 0.471695
vn 0.888195 0.315117 -0.334381
v 0.002028 -0.077066 0.157390
vt 0.608411 0.462100
vn 0.868846 0.235681 -0.435386
v 0.002972 -0.079571 0.159004
vt 0.610021 0.459045
vn 0.948863 0.283307 -0.139268
v 0.017435 -0.059549 0.150056
vt 0.621029 0.484700
vn 0.966650 0.213816 -0.140965
v 0.014811 -0.059506 0.149893
vt 0.618412 0.484355
vn 0.866897 0.314665 -0.386620
v -0.024787 -0.059595 0.152112
vt 0.577696 0.477523
vn 0.332874 0.898493 0.286190
v -0.033565 -0.084249 0.128289
vt 0.545810 0.459723
vn 0.357182 0.901047 0.246040
v -0.038100 -0.081140 0.127520
vt 0.543441 0.465095
vn 0.516525 0.855818 0.027883
v 0.013888 -0.101615 0.141907
vt 0.642532 0.445269
vn 0.975739 0.082051 0.202982
v 0.018386 -0.083953 0.141308
vt 0.637835 0.463824
vn 0.980299 0.136402 0.142860
v 0.018694 -0.092708 0.132790
vt 0.649095 0.457279
vn 0.984260 0.115360 0.133881
v 0.023057 -0.073790 0.142785
vt 0.635724 0.475443
vn 0.972508 0.214351 0.091002
v 0.025620 -0.086341 0.125858
vt 0.655874 0.467162
vn 0.986081 0.135713 0.096057
v -0.054498 -0.242247 0.156906
vt 0.544419 0.275311
vn 0.369534 0.794054 0.482622
v -0.055180 -0.254886 0.168735
vt 0.556766 0.261682
vn 0.326993 0.797555 0.506933
v -0.058440 -0.242816 0.147861
vt 0.534055 0.273932
vn 0.432979 0.789187 0.435560
v 0.022837 -0.249029 0.147861
vt 0.686856 0.287105
vn 0.989816 0.141846 -0.012024
v -0.018816 -0.048652 0.147075
vt 0.582134 0.490851
vn 0.957589 0.187256 -0.218992
v -0.020812 -0.047226 0.148060
vt 0.579506 0.491849
vn 0.957627 0.181577 -0.223561
v -0.009372 -0.042001 0.145384
vt 0.590854 0.499412
vn 0.911283 0.164120 -0.377662
v -0.010297 -0.039407 0.146187
vt 0.589339 0.502064
vn 0.912178 0.160184 -0.377191
v 0.011275 -0.048774 0.147115
vt 0.613126 0.495352
vn 0.860130 0.371219 -0.349818
v 0.013377 -0.047113 0.147461
vt 0.615186 0.497343
vn 0.861128 0.374336 -0.343993
v 0.002869 -0.039445 0.146104
vt 0.603148 0.504045
vn 0.867037 0.277298 -0.413949
v 0.002065 -0.042039 0.145537
vt 0.602629 0.501141
vn 0.866817 0.277191 -0.414479
v -0.024787 -0.059595 0.152112
vt 0.577696 0.477523
vn 0.959423 0.227826 -0.166140
v -0.022290 -0.059742 0.150785
vt 0.580428 0.478182
vn 0.961088 0.229276 -0.154088
v -0.009434 -0.077056 0.158238
vt 0.596227 0.459987
vn 0.895837 0.225543 -0.382891
v -0.010177 -0.079586 0.160400
vt 0.595648 0.456411
vn 0.866020 0.207828 -0.454772
v -0.018496 -0.070409 0.155129
vt 0.585716 0.466535
vn 0.944321 0.253113 -0.210219
v -0.020726 -0.071925 0.157284
vt 0.583267 0.463689
vn 0.907179 0.213566 -0.362514
v 0.008219 -0.036361 0.153141
vt 0.615467 0.589609
vn 0.783072 0.562890 -0.264489
v -0.009602 -0.035831 0.149974
vt 0.591793 0.590000
vn 0.954541 0.220279 -0.200820
v 0.004288 -0.028858 0.129437
vt 0.606078 0.609776
vn 0.798023 0.302816 -0.521019
v -0.007820 -0.028107 0.129437
vt 0.595496 0.610022
vn 0.953091 0.212730 -0.215322
v -0.009924 -0.037301 0.150141
vt 0.591681 0.588524
vn 0.448593 0.201370 -0.870755
v 0.006826 -0.037560 0.152716
vt 0.613628 0.588403
vn 0.684369 0.689287 0.237745
v -0.010297 -0.039407 0.146187
vt 0.593395 0.584149
vn 0.454920 0.237683 -0.858228
v 0.002869 -0.039445 0.146104
vt 0.606522 0.583522
vn 0.790729 0.611931 0.016961
v 0.004288 -0.028858 0.129437
vt 0.606078 0.609776
vn 0.795111 0.090330 -0.599699
v -0.007820 -0.028107 0.129437
vt 0.595496 0.610022
vn 0.794985 0.106038 -0.597290
v -0.054111 -0.267141 0.184301
vt 0.573509 0.248690
vn 0.338225 0.798455 0.498071
v -0.009924 -0.037301 0.150141
vt 0.591681 0.588524
vn 0.905751 0.144526 -0.398407
v -0.009602 -0.035831 0.149974
vt 0.591793 0.590000
vn 0.812511 0.113644 -0.571761
v 0.006826 -0.037560 0.152716
vt 0.613628 0.588403
vn 0.811530 0.376751 -0.446628
v 0.008219 -0.036361 0.153141
vt 0.615467 0.589609
vn 0.790871 0.545340 -0.277718
v -0.030013 -0.175427 0.197928
vt 0.591750 0.347408
vn 0.942561 0.201805 -0.266182
v -0.005055 -0.174055 0.189651
vt 0.618530 0.354236
vn 0.943687 0.194031 -0.267967
v -0.021791 -0.131282 0.191179
vt 0.592754 0.393480
vn 0.911775 0.210043 -0.352914
v -0.008679 -0.108194 0.178314
vt 0.602205 0.421495
vn 0.875616 0.226403 -0.426658
v -0.019138 -0.107066 0.178873
vt 0.590880 0.420613
vn 0.873535 0.227251 -0.430459
v -0.031327 -0.087764 0.130340
vt 0.547543 0.455229
vn 0.321946 0.898488 0.298445
v -0.021399 -0.080787 0.161307
vt 0.583409 0.453227
vn 0.336538 0.896917 0.286847
v -0.029057 -0.105163 0.148328
vt 0.559894 0.432621
vn 0.341468 0.897116 0.280327
v -0.019138 -0.107066 0.178873
vt 0.590880 0.420613
vn 0.341785 0.894309 0.288780
v -0.030223 -0.133068 0.162688
vt 0.562828 0.398376
vn 0.336353 0.888237 0.312892
v -0.021791 -0.131282 0.191179
vt 0.592754 0.393480
vn 0.328030 0.877319 0.350296
v -0.037115 -0.171518 0.167174
vt 0.558905 0.354332
vn 0.326028 0.853656 0.406174
v -0.030013 -0.175427 0.197928
vt 0.591750 0.347408
vn 0.326448 0.839308 0.434735
v -0.043975 -0.203798 0.167508
vt 0.556921 0.317730
vn 0.331398 0.821055 0.464806
v -0.051353 -0.236302 0.163898
vt 0.552205 0.282052
vn 0.323289 0.798912 0.507173
v -0.021399 -0.080787 0.161307
vt 0.583409 0.453227
vn 0.854508 0.233711 -0.463893
v 0.161156 -0.220184 0.184301
vt 0.798439 0.424937
vn 0.961696 0.182214 -0.204790
v 0.129455 -0.197993 0.193007
vt 0.762391 0.441580
vn 0.940148 0.175725 -0.291965
v 0.166442 -0.201193 0.168735
vt 0.806369 0.448955
vn 0.968287 0.209400 -0.136279
v 0.149195 -0.178003 0.172520
vt 0.784727 0.468438
vn 0.969892 0.221567 -0.101080
v 0.099749 -0.144047 0.190306
vt 0.727221 0.491921
vn 0.965564 0.198252 -0.168470
v 0.115189 -0.133200 0.173132
vt 0.745886 0.509468
vn 0.965860 0.248848 -0.072039
v 0.073323 -0.102492 0.182500
vt 0.698513 0.532291
vn 0.963701 0.238100 -0.120786
v 0.083513 -0.095979 0.169262
vt 0.710677 0.545142
vn 0.962297 0.269898 -0.033747
v 0.059377 -0.080846 0.176259
vt 0.681804 0.552737
vn 0.958370 0.278092 -0.064748
v 0.067476 -0.076606 0.164280
vt 0.691603 0.563686
vn 0.950612 0.269456 0.154049
v 0.047500 -0.050509 0.155402
vt 0.666872 0.588610
vn 0.923575 0.238274 0.300391
v 0.165255 -0.187666 0.147861
vt 0.815575 0.472228
vn 0.973477 0.215171 0.077740
v 0.161273 -0.189493 0.160866
vt 0.804580 0.463927
vn 0.972847 0.211248 0.094571
v 0.155289 -0.183358 0.166244
vt 0.794889 0.466853
vn 0.968093 0.209184 0.137978
v 0.115625 -0.132849 0.166796
vt 0.750328 0.514019
vn 0.961277 0.207279 0.181608
v 0.091584 -0.104193 0.163493
vt 0.723368 0.542089
vn 0.951180 0.223096 0.213272
v 0.078305 -0.087866 0.153865
vt 0.710743 0.563864
vn 0.932497 0.238984 0.270807
v 0.064529 -0.068833 0.132066
vt 0.701463 0.594913
vn 0.919995 0.227487 0.319153
v 0.129455 -0.197993 0.193007
vt 0.762391 0.441580
vn 0.969846 0.243016 -0.018470
v 0.098018 -0.144545 0.192791
vt 0.724621 0.490288
vn 0.968844 0.246426 0.024807
v 0.099749 -0.144047 0.190306
vt 0.727221 0.491921
vn 0.968733 0.247137 0.021890
v 0.072584 -0.103024 0.185729
vt 0.696372 0.529773
vn 0.954546 0.279770 -0.102812
v 0.073323 -0.102492 0.182500
vt 0.698513 0.532291
vn 0.961906 0.254431 0.100009
v 0.058388 -0.081318 0.178264
vt 0.680364 0.551032
vn 0.951792 0.306173 0.018682
v 0.059377 -0.080846 0.176259
vt 0.681804 0.552737
vn 0.955020 0.275617 0.109417
v 0.047500 -0.050509 0.155402
vt 0.666872 0.588610
vn 0.943133 0.299779 0.143638
v 0.015655 -0.024619 0.129437
vt 0.615849 0.614463
vn 0.826113 0.116876 -0.551251
v 0.111731 -0.248956 0.184301
vt 0.742733 0.382698
vn 0.420107 0.623261 0.659588
v 0.103475 -0.239315 0.168735
vt 0.722532 0.384053
vn 0.416593 0.629551 0.655833
v 0.095305 -0.219230 0.165510
vt 0.707886 0.400591
vn 0.419809 0.632144 0.651272
v 0.095886 -0.226935 0.158178
vt 0.705559 0.390125
vn 0.420867 0.629337 0.653304
v 0.093717 -0.231699 0.147861
vt 0.698386 0.381028
vn 0.432447 0.633597 0.641518
v 0.152449 -0.240221 0.192743
vt 0.790687 0.402718
vn 0.909844 0.165265 -0.380620
v 0.015655 -0.024619 0.129437
vt 0.615849 0.614463
vn 0.599203 0.797970 -0.064806
v 0.017435 -0.059549 0.150056
vt 0.616854 0.563012
vn 0.421776 0.794126 0.437571
v 0.027881 -0.062279 0.176836
vt 0.644907 0.561582
vn 0.298070 0.739655 0.603378
v 0.023057 -0.073790 0.142785
vt 0.612375 0.545913
vn 0.454220 0.798324 0.395428
v 0.025620 -0.086341 0.125858
vt 0.603472 0.529762
vn 0.532931 0.823026 0.196500
v 0.032645 -0.087811 0.131569
vt 0.606609 0.525813
vn 0.392828 0.792185 0.467043
v 0.039786 -0.100930 0.148667
vt 0.626666 0.514615
vn 0.260173 0.709075 0.655380
v 0.018947 -0.046324 0.165596
vt 0.631867 0.578024
vn 0.739790 0.658596 -0.137705
v 0.104749 -0.221241 0.199393
vt 0.740176 0.414900
vn 0.905513 0.160684 -0.392717
v 0.098018 -0.144545 0.192791
vt 0.724621 0.490288
vn 0.922772 0.161454 -0.349891
v 0.076815 -0.160377 0.200287
vt 0.704670 0.471074
vn 0.922772 0.170459 -0.345595
v 0.125494 -0.266688 0.197642
vt 0.767022 0.372677
vn 0.899899 0.159748 -0.405786
v 0.060314 -0.111449 0.197293
vt 0.683563 0.516461
vn 0.942240 0.228453 -0.244935
v 0.055231 -0.115341 0.197712
vt 0.679084 0.512066
vn 0.855940 0.212704 -0.471300
v 0.018947 -0.046324 0.165596
vt 0.631867 0.578024
vn 0.438356 0.782117 0.442874
v 0.013377 -0.047113 0.147461
vt 0.613140 0.575576
vn 0.473653 0.787029 0.395270
v 0.042819 -0.091825 0.191202
vt 0.664859 0.533249
vn 0.304053 0.697032 0.649383
v 0.052184 -0.125599 0.162872
vt 0.650091 0.490938
vn 0.333521 0.691114 0.641191
v 0.055231 -0.115341 0.197712
vt 0.679084 0.512066
vn 0.373804 0.674821 0.636307
v 0.069362 -0.162001 0.167282
vt 0.674040 0.455719
vn 0.396777 0.658485 0.639504
v 0.076815 -0.160377 0.200287
vt 0.704670 0.471074
vn 0.408817 0.646613 0.644019
v 0.082856 -0.191220 0.168518
vt 0.693127 0.428175
vn 0.415353 0.640286 0.646155
v 0.104749 -0.221241 0.199393
vt 0.740176 0.414900
vn 0.420674 0.633624 0.649272
v 0.125494 -0.266688 0.197642
vt 0.767022 0.372677
vn 0.577332 0.670839 0.465469
v 0.118935 -0.258307 0.192743
vt 0.756618 0.378146
vn 0.480952 0.648817 0.589679
v 0.033379 -0.036073 0.160974
vt 0.644456 0.592592
vn 0.926560 0.275939 -0.255625
v 0.050225 -0.085710 0.189436
vt 0.671052 0.540455
vn 0.953419 0.300774 -0.022937
v 0.033379 -0.036073 0.160974
vt 0.644456 0.592592
vn 0.942609 0.271506 0.194350
v 0.038484 -0.034387 0.148060
vt 0.653250 0.603137
vn 0.951468 0.249148 0.180649
v 0.038312 -0.053325 0.173046
vt 0.653528 0.573103
vn 0.945638 0.304301 0.114761
v 0.033379 -0.036073 0.160974
vt 0.644456 0.592592
vn 0.833424 0.412871 -0.367344
v 0.018947 -0.046324 0.165596
vt 0.631867 0.578024
vn 0.845668 0.468490 -0.255660
v 0.027881 -0.062279 0.176836
vt 0.644907 0.561582
vn 0.870546 0.398477 -0.288732
v 0.038312 -0.053325 0.173046
vt 0.653528 0.573103
vn 0.866686 0.409307 -0.285171
v 0.050225 -0.085710 0.189436
vt 0.671052 0.540455
vn 0.865385 0.314655 -0.390001
v 0.042819 -0.091825 0.191202
vt 0.664859 0.533249
vn 0.868967 0.316401 -0.380508
v 0.038484 -0.034387 0.148060
vt 0.653250 0.603137
vn 0.876071 0.446439 -0.182189
v 0.049019 -0.041990 0.152112
vt 0.664983 0.597809
vn 0.933471 0.255642 0.251553
v 0.065395 -0.061309 0.127520
vt 0.699437 0.603345
vn 0.894935 0.191624 0.402954
v 0.214856 0.201763 0.197642
vt 0.865540 0.949980
vn 0.844084 0.268865 -0.463933
v 0.176814 0.169385 0.199018
vt 0.828809 0.911769
vn 0.844013 0.302372 -0.442960
v 0.181355 0.219220 0.192743
vt 0.827963 0.965445
vn 0.843374 0.293750 -0.449924
v 0.148012 0.184148 0.192751
vt 0.796266 0.925166
vn 0.826592 0.453791 -0.332896
v 0.087595 0.094168 0.189337
vt 0.742590 0.826061
vn 0.809180 0.570637 -0.140004
v 0.070616 0.082429 0.178314
vt 0.724496 0.811080
vn 0.738164 0.672462 0.053925
v 0.082386 0.108898 0.182329
vt 0.733047 0.840657
vn 0.804886 0.581214 -0.119786
v 0.066886 0.091953 0.170847
vt 0.714672 0.820678
vn 0.728984 0.682449 0.053352
v 0.159326 0.221513 0.184301
vt 0.802665 0.966980
vn 0.785682 0.576270 -0.224982
v 0.139913 0.220468 0.168735
vt 0.776014 0.967629
vn 0.704178 0.704361 -0.089491
v 0.133341 0.208387 0.171014
vt 0.771179 0.953617
vn 0.691786 0.718751 -0.069490
v 0.105406 0.138955 0.186741
vt 0.753915 0.874635
vn 0.753393 0.647194 -0.116360
v 0.094287 0.147903 0.174228
vt 0.736582 0.884928
vn 0.693953 0.719281 -0.032630
v 0.080994 0.108959 0.178725
vt 0.729069 0.841229
vn 0.702757 0.709967 0.045595
v 0.072612 0.111746 0.167989
vt 0.714803 0.843839
vn 0.645918 0.753969 0.119668
v 0.066069 0.092233 0.169698
vt 0.713165 0.820924
vn 0.622696 0.766568 0.156919
v 0.061183 0.097627 0.157971
vt 0.699819 0.827231
vn 0.584703 0.786654 0.198238
v 0.031311 0.066175 0.154156
vt 0.678968 0.785487
vn 0.688966 0.724793 0.000626
v 0.044430 0.085109 0.146135
vt 0.679745 0.811607
vn 0.588757 0.790932 0.166709
v 0.176814 0.169385 0.199018
vt 0.828809 0.911769
vn 0.282718 0.286115 -0.915537
v 0.214856 0.201763 0.197642
vt 0.865540 0.949980
vn 0.293250 0.248017 -0.923305
v 0.207947 0.193759 0.192743
vt 0.862125 0.938059
vn 0.292481 0.250519 -0.922873
v 0.130584 0.210786 0.158360
vt 0.759224 0.960886
vn 0.451077 0.876378 0.168791
v 0.130368 0.207472 0.163912
vt 0.763072 0.955213
vn 0.426048 0.885006 0.187741
v 0.092854 0.148449 0.167731
vt 0.730092 0.887655
vn 0.408893 0.880697 0.239121
v 0.074002 0.116554 0.163788
vt 0.712026 0.850280
vn 0.377771 0.860407 0.342036
v 0.061402 0.099580 0.153767
vt 0.695937 0.830351
vn 0.420817 0.849511 0.318188
v 0.148012 0.184148 0.192751
vt 0.796266 0.925166
vn 0.598655 0.798807 0.059330
v 0.106396 0.137842 0.189651
vt 0.756768 0.872701
vn 0.556496 0.824429 0.103102
v 0.105406 0.138955 0.186741
vt 0.753915 0.874635
vn 0.553636 0.825699 0.108203
v 0.082386 0.108898 0.182329
vt 0.733047 0.840657
vn 0.526612 0.822618 0.214429
v 0.080994 0.108959 0.178725
vt 0.729069 0.841229
vn 0.528442 0.820393 0.218413
v 0.032234 0.063525 0.153752
vt 0.680260 0.782781
vn 0.860637 0.415629 -0.294204
v 0.043658 0.063539 0.157391
vt 0.692884 0.784530
vn 0.840613 0.514574 -0.169067
v 0.044366 0.066121 0.159005
vt 0.693694 0.787905
vn 0.787398 0.616264 -0.014914
v 0.020896 0.058424 0.150056
vt 0.668368 0.775829
vn 0.809391 0.550338 -0.204974
v 0.022994 0.056847 0.149893
vt 0.670573 0.774354
vn 0.832829 0.200006 -0.516133
v 0.055082 0.033644 0.152112
vt 0.705854 0.752515
vn 0.284069 0.536345 -0.794757
v 0.076675 0.048430 0.128289
vt 0.741737 0.744813
vn 0.277171 0.532582 -0.799708
v 0.078517 0.043249 0.127520
vt 0.739964 0.739185
vn 0.237427 0.544668 -0.804341
v 0.048492 0.090372 0.141907
vt 0.678276 0.819868
vn 0.493172 0.839529 0.227975
v 0.034471 0.078726 0.141308
vt 0.669519 0.802740
vn 0.672995 0.735613 0.077150
v 0.039368 0.085990 0.132790
vt 0.665356 0.815149
vn 0.649366 0.754060 0.098575
v 0.024719 0.073250 0.142785
vt 0.663409 0.792565
vn 0.761289 0.639926 0.104567
v 0.030023 0.084910 0.125858
vt 0.653682 0.812180
vn 0.687460 0.719567 0.098091
v 0.186479 0.163949 0.156906
vt 0.865074 0.883162
vn 0.311713 0.203155 -0.928204
v 0.194459 0.173773 0.168735
vt 0.864786 0.901642
vn 0.289888 0.262117 -0.920467
v 0.190002 0.162092 0.147861
vt 0.873815 0.877331
vn 0.337519 0.138908 -0.931013
v 0.127900 0.214892 0.147861
vt 0.749683 0.968707
vn 0.467379 0.870139 0.156249
v 0.043819 0.028300 0.147075
vt 0.693664 0.745392
vn 0.835998 0.480361 -0.265256
v 0.044596 0.025974 0.148060
vt 0.694987 0.742896
vn 0.832083 0.496566 -0.247105
v 0.032269 0.028471 0.145384
vt 0.681401 0.744709
vn 0.802395 0.112795 -0.586037
v 0.031493 0.025828 0.146187
vt 0.680787 0.741702
vn 0.807541 0.127543 -0.575857
v 0.019547 0.046086 0.147115
vt 0.667273 0.762544
vn 0.790927 0.012656 -0.611780
v 0.016870 0.045978 0.147461
vt 0.664397 0.762406
vn 0.800632 0.022653 -0.598728
v 0.020864 0.033598 0.146104
vt 0.669044 0.749362
vn 0.852718 0.062850 -0.518577
v 0.023040 0.035224 0.145537
vt 0.671362 0.751211
vn 0.850455 0.059323 -0.522693
v 0.055082 0.033644 0.152112
vt 0.705854 0.752515
vn 0.766451 0.642303 0.000323
v 0.053149 0.035230 0.150785
vt 0.703353 0.753829
vn 0.765966 0.642861 0.005070
v 0.052925 0.056795 0.158238
vt 0.703487 0.778046
vn 0.796314 0.602776 -0.050453
v 0.055013 0.058404 0.160400
vt 0.706295 0.780364
vn 0.830244 0.527172 -0.181068
v 0.056349 0.046091 0.155129
vt 0.707082 0.766131
vn 0.758387 0.650542 0.040541
v 0.059044 0.046006 0.157284
vt 0.710819 0.766657
vn 0.816284 0.558574 -0.147226
v 0.014723 0.034247 0.153141
vt 0.614990 0.680587
vn 0.869185 0.408302 -0.278938
v 0.013493 0.025867 0.129437
vt 0.610733 0.658751
vn 0.792942 0.599195 0.110493
v 0.016554 0.034399 0.152716
vt 0.617186 0.680481
vn 0.992540 0.115810 -0.038119
v 0.020864 0.033598 0.146104
vt 0.625804 0.680254
vn 0.176586 0.024669 -0.983976
v 0.013493 0.025867 0.129437
vt 0.610733 0.658751
vn 0.806491 0.098014 -0.583066
v 0.200798 0.184316 0.184301
vt 0.860757 0.922557
vn 0.289552 0.260373 -0.921068
v 0.016554 0.034399 0.152716
vt 0.617186 0.680481
vn 0.611318 0.133713 -0.780007
v 0.014723 0.034247 0.153141
vt 0.614990 0.680587
vn 0.592548 0.132095 -0.794631
v 0.127394 0.124282 0.197928
vt 0.781520 0.860099
vn 0.846774 0.409849 -0.339114
v 0.106396 0.137842 0.189651
vt 0.756768 0.872701
vn 0.843918 0.430645 -0.319918
v 0.094795 0.093401 0.191179
vt 0.750211 0.825971
vn 0.848647 0.433781 -0.302708
v 0.070616 0.082429 0.178314
vt 0.724496 0.811080
vn 0.835131 0.518291 -0.184205
v 0.078415 0.075369 0.178873
vt 0.733634 0.804236
vn 0.836562 0.509737 -0.200831
v 0.076931 0.052589 0.130340
vt 0.743409 0.749357
vn 0.301826 0.535614 -0.788682
v 0.064797 0.052780 0.161307
vt 0.717650 0.774652
vn 0.331493 0.511817 -0.792563
v 0.085321 0.068000 0.148328
vt 0.749073 0.774621
vn 0.355869 0.494385 -0.793058
v 0.078415 0.075369 0.178873
vt 0.733634 0.804236
vn 0.359383 0.481730 -0.799237
v 0.102667 0.089890 0.162688
vt 0.769565 0.802429
vn 0.344837 0.427979 -0.835417
v 0.094795 0.093401 0.191179
vt 0.750211 0.825971
vn 0.339458 0.415527 -0.843863
v 0.130842 0.116946 0.167174
vt 0.801734 0.833090
vn 0.306816 0.343138 -0.887761
v 0.127394 0.124282 0.197928
vt 0.781520 0.860099
vn 0.301813 0.339738 -0.890779
v 0.155366 0.139028 0.167508
vt 0.827503 0.859417
vn 0.285841 0.305428 -0.908300
v 0.180440 0.160988 0.163898
vt 0.854724 0.883235
vn 0.279721 0.279721 -0.918429
v 0.064797 0.052780 0.161307
vt 0.717650 0.774652
vn 0.840228 0.469072 -0.272009
v -0.000957 0.272858 0.184301
vt 0.563659 0.921339
vn 0.759343 0.650690 0.001098
v 0.011646 0.236272 0.193007
vt 0.583054 0.886694
vn 0.826498 0.542781 -0.149297
v -0.016396 0.260601 0.168735
vt 0.543133 0.906560
vn 0.719531 0.689639 0.081692
v -0.016074 0.231702 0.172520
vt 0.549202 0.878080
vn 0.688906 0.710741 0.142327
v 0.003970 0.175168 0.190306
vt 0.581945 0.825295
vn 0.729222 0.679433 0.081277
v -0.014897 0.175467 0.173132
vt 0.556532 0.822060
vn 0.672506 0.711054 0.205275
v 0.000924 0.126016 0.182500
vt 0.581461 0.775761
vn 0.693353 0.691755 0.201833
v -0.011148 0.126736 0.169262
vt 0.564069 0.772508
vn 0.593321 0.717299 0.365311
v -0.000518 0.100307 0.176259
vt 0.582973 0.749400
vn 0.644712 0.693785 0.320950
v -0.009561 0.101637 0.164280
vt 0.568610 0.746296
vn 0.320076 0.646709 0.692329
v -0.008740 0.068783 0.155402
vt 0.573981 0.711599
vn 0.267014 0.605392 0.749803
v -0.023386 0.248960 0.147861
vt 0.522011 0.893134
vn 0.386634 0.779066 0.493528
v -0.019091 0.248097 0.160866
vt 0.535785 0.893393
vn 0.370169 0.775862 0.510895
v -0.017857 0.239617 0.166244
vt 0.541910 0.885332
vn 0.290974 0.720638 0.629297
v -0.015456 0.175439 0.166796
vt 0.550263 0.820987
vn 0.179741 0.685670 0.705372
v -0.012850 0.138126 0.163493
vt 0.555592 0.782433
vn 0.138784 0.609655 0.780423
v -0.011704 0.117111 0.153865
vt 0.553017 0.757396
vn 0.111392 0.545835 0.830455
v -0.011746 0.093617 0.132066
vt 0.542286 0.726819
vn 0.175962 0.577194 0.797424
v 0.011646 0.236272 0.193007
vt 0.583054 0.886694
vn 0.606623 0.743458 0.281564
v 0.005663 0.174553 0.192791
vt 0.585008 0.825089
vn 0.527235 0.759436 0.381156
v 0.003970 0.175168 0.190306
vt 0.581945 0.825295
vn 0.533092 0.758039 0.375751
v 0.001834 0.126012 0.185729
vt 0.584674 0.776541
vn 0.757496 0.643286 0.111279
v 0.000924 0.126016 0.182500
vt 0.581461 0.775761
vn 0.430495 0.714921 0.550965
v 0.000561 0.100107 0.178264
vt 0.585139 0.749933
vn 0.592177 0.689184 0.417554
v -0.000518 0.100307 0.176259
vt 0.582973 0.749400
vn 0.432080 0.679889 0.592501
v -0.008740 0.068783 0.155402
vt 0.573981 0.711599
vn 0.480439 0.663830 0.573156
v 0.001805 0.029119 0.129437
vt 0.600072 0.660702
vn 0.816194 0.127309 -0.563577
v 0.055940 0.267083 0.184301
vt 0.633553 0.922799
vn 0.996370 0.033411 -0.078302
v 0.056953 0.254431 0.168735
vt 0.649105 0.909835
vn 0.993909 0.017261 -0.108849
v 0.051757 0.233380 0.165510
vt 0.651242 0.887848
vn 0.994827 0.007138 -0.101331
v 0.055815 0.239954 0.158178
vt 0.659274 0.894951
vn 0.994329 0.025709 -0.103197
v 0.060370 0.242534 0.147861
vt 0.670422 0.898099
vn 0.993482 0.031543 -0.109535
v 0.017865 0.283950 0.192743
vt 0.582985 0.934766
vn 0.863059 0.399755 -0.308749
v 0.001805 0.029119 0.129437
vt 0.600072 0.660702
vn 0.834991 0.077611 -0.544763
v 0.020896 0.058424 0.150056
vt 0.629496 0.702927
vn 0.166369 0.309254 -0.936314
v 0.014050 0.066773 0.176836
vt 0.607634 0.720566
vn 0.112714 0.304244 -0.945902
v 0.024719 0.073250 0.142785
vt 0.643166 0.714133
vn 0.130826 0.285408 -0.949435
v 0.030023 0.084910 0.125858
vt 0.659859 0.721973
vn 0.133877 0.262925 -0.955483
v 0.025204 0.090229 0.131569
vt 0.659640 0.727012
vn 0.103329 0.285259 -0.952864
v 0.027138 0.105040 0.148667
vt 0.649988 0.747858
vn 0.095868 0.284834 -0.953771
v 0.011900 0.048614 0.165596
vt 0.608527 0.699599
vn 0.577285 0.147434 -0.803122
v 0.045298 0.240557 0.199393
vt 0.616706 0.895236
vn 0.863482 0.391296 -0.318255
v 0.005663 0.174553 0.192791
vt 0.585008 0.825089
vn 0.846230 0.486749 -0.216724
v 0.032123 0.174899 0.200287
vt 0.612441 0.828919
vn 0.851425 0.475125 -0.222108
v 0.055229 0.289519 0.197642
vt 0.619783 0.945176
vn 0.865642 0.365626 -0.342027
v 0.016713 0.125616 0.197293
vt 0.602859 0.779790
vn 0.818441 0.569558 -0.075880
v 0.023113 0.125777 0.197712
vt 0.609066 0.780714
vn 0.865001 0.270060 -0.422896
v 0.011900 0.048614 0.165596
vt 0.608527 0.699599
vn 0.176239 0.277672 -0.944372
v 0.016870 0.045978 0.147461
vt 0.625119 0.690575
vn 0.161712 0.345135 -0.924517
v 0.019332 0.099457 0.191202
vt 0.608134 0.755215
vn 0.099404 0.234337 -0.967060
v 0.031608 0.132285 0.162872
vt 0.644940 0.780780
vn 0.102323 0.193971 -0.975656
v 0.023113 0.125777 0.197712
vt 0.609066 0.780714
vn 0.107087 0.142281 -0.984016
v 0.039106 0.171832 0.167282
vt 0.646249 0.823351
vn 0.108022 0.084446 -0.990555
v 0.032123 0.174899 0.200287
vt 0.612441 0.828919
vn 0.108096 0.055318 -0.992600
v 0.045365 0.203401 0.168518
vt 0.646983 0.856855
vn 0.106895 0.026913 -0.993906
v 0.045298 0.240557 0.199393
vt 0.616706 0.895236
vn 0.110548 0.003008 -0.993866
v 0.055229 0.289519 0.197642
vt 0.619783 0.945176
vn 0.989792 0.044368 -0.135440
v 0.055609 0.278883 0.192743
vt 0.624990 0.934639
vn 0.992984 0.024449 -0.115690
v -0.005802 0.048803 0.160974
vt 0.589781 0.695208
vn 0.791423 0.601076 0.111166
v 0.009746 0.098862 0.189436
vt 0.598889 0.753022
vn 0.644280 0.689198 0.331527
v -0.005802 0.048803 0.160974
vt 0.589781 0.695208
vn 0.405183 0.657532 0.635199
v -0.010922 0.050440 0.148060
vt 0.576469 0.691843
vn 0.402759 0.682784 0.609583
v 0.000349 0.065660 0.173046
vt 0.593889 0.716307
vn 0.508781 0.667150 0.544108
v -0.005802 0.048803 0.160974
vt 0.589781 0.695208
vn 0.883158 0.308846 -0.353051
v 0.011900 0.048614 0.165596
vt 0.608527 0.699599
vn 0.883847 0.327676 -0.333830
v 0.014050 0.066773 0.176836
vt 0.607634 0.720566
vn 0.885022 0.378372 -0.271239
v 0.000349 0.065660 0.173046
vt 0.593889 0.716307
vn 0.885328 0.379747 -0.268303
v 0.009746 0.098862 0.189436
vt 0.598889 0.753022
vn 0.878866 0.351925 -0.322093
v 0.019332 0.099457 0.191202
vt 0.608134 0.755215
vn 0.880249 0.344507 -0.326307
v -0.010922 0.050440 0.148060
vt 0.576469 0.691843
vn 0.907207 0.401159 -0.126676
v -0.014976 0.062783 0.152112
vt 0.570105 0.703046
vn 0.603698 0.690630 0.398221
v -0.016869 0.088038 0.127520
vt 0.538972 0.718805
vn 0.374961 0.637451 0.673098
v -0.292415 -0.036941 0.197642
vt 0.201373 0.532127
vn 0.848113 0.151526 -0.507685
v -0.242607 -0.033106 0.199018
vt 0.253338 0.542621
vn 0.852199 0.137662 -0.504783
v -0.275573 -0.070755 0.192743
vt 0.223458 0.498008
vn 0.848046 0.142257 -0.510472
v -0.227984 -0.061979 0.192751
vt 0.272463 0.513069
vn 0.856039 0.082831 -0.510231
v -0.126216 -0.024696 0.189337
vt 0.373047 0.563975
vn 0.927977 0.102388 -0.358295
v -0.105581 -0.025179 0.178314
vt 0.396456 0.565985
vn 0.941537 0.071780 -0.329175
v -0.130660 -0.039675 0.182329
vt 0.372578 0.546539
vn 0.913076 0.093548 -0.396914
v -0.108161 -0.035077 0.170847
vt 0.399066 0.552499
vn 0.936596 0.057995 -0.345579
v -0.259100 -0.085558 0.184301
vt 0.243383 0.482336
vn 0.846340 0.029426 -0.531830
v -0.242780 -0.096123 0.168735
vt 0.264925 0.466621
vn 0.523423 0.056611 -0.850191
v -0.230362 -0.090213 0.171014
vt 0.276882 0.475387
vn 0.523091 0.052222 -0.850676
v -0.166951 -0.050461 0.186741
vt 0.336066 0.530490
vn 0.874998 0.026285 -0.483413
v -0.163215 -0.064235 0.174228
vt 0.344454 0.512154
vn 0.493068 0.027923 -0.869542
v -0.129570 -0.040542 0.178725
vt 0.375523 0.543803
vn 0.908904 0.010111 -0.416883
v -0.124427 -0.047724 0.167989
vt 0.385765 0.533530
vn 0.394199 0.023824 -0.918716
v -0.107664 -0.035784 0.169697
vt 0.400165 0.551438
vn 0.926976 0.019146 -0.374632
v -0.106881 -0.043020 0.157971
vt 0.407545 0.538650
vn 0.928451 0.018420 -0.370998
v -0.064228 -0.035132 0.154156
vt 0.448467 0.561094
vn 0.920388 0.050159 -0.387775
v -0.085970 -0.042739 0.146135
vt 0.432949 0.540060
vn 0.934416 0.054720 -0.351956
v -0.242607 -0.033106 0.199018
vt 0.253338 0.542621
vn 0.791309 0.336483 -0.510499
v -0.292415 -0.036941 0.197642
vt 0.201373 0.532127
vn 0.800718 0.310507 -0.512285
v -0.282121 -0.034526 0.192743
vt 0.210970 0.539984
vn 0.800600 0.311003 -0.512169
v -0.229541 -0.093774 0.158360
vt 0.282570 0.462601
vn 0.432669 0.246323 -0.867250
v -0.227418 -0.091220 0.163912
vt 0.282639 0.469457
vn 0.442187 0.220345 -0.869436
v -0.162377 -0.065519 0.167731
vt 0.348236 0.506215
vn 0.405163 0.195879 -0.893014
v -0.128378 -0.050797 0.163788
vt 0.384379 0.526653
vn 0.353448 0.172270 -0.919455
v -0.108207 -0.044471 0.153767
vt 0.408960 0.533874
vn 0.372311 0.062502 -0.926001
v -0.227984 -0.061979 0.192751
vt 0.272463 0.513069
vn 0.505264 0.056990 -0.861081
v -0.167098 -0.048978 0.189651
vt 0.334823 0.533705
vn 0.468087 0.087958 -0.879294
v -0.166951 -0.050461 0.186741
vt 0.336066 0.530490
vn 0.464846 0.089203 -0.880887
v -0.130660 -0.039675 0.182329
vt 0.372578 0.546539
vn 0.404844 0.072433 -0.911513
v -0.129570 -0.040542 0.178725
vt 0.375523 0.543803
vn 0.388416 0.060164 -0.919518
v -0.063417 -0.032446 0.153752
vt 0.448946 0.564054
vn 0.937492 0.124350 -0.325032
v -0.072667 -0.025743 0.157391
vt 0.437571 0.569807
vn 0.960196 0.129185 -0.247659
v -0.074758 -0.027416 0.159005
vt 0.434982 0.567494
vn 0.955181 0.119577 -0.270794
v -0.051246 -0.034983 0.150056
vt 0.462683 0.562995
vn 0.916187 0.133068 -0.378013
v -0.052017 -0.032474 0.149893
vt 0.461710 0.565464
vn 0.890285 0.111110 -0.441641
v -0.064338 0.005158 0.152112
vt 0.445144 0.603517
vn 0.636344 0.529522 -0.560957
v -0.090497 0.005888 0.128289
vt 0.420028 0.630289
vn 0.613967 0.606964 -0.504618
v -0.088942 0.011162 0.127520
vt 0.424692 0.633907
vn 0.437961 0.885838 -0.153237
v -0.092350 -0.044609 0.141907
vt 0.429451 0.532432
vn 0.925972 0.028971 -0.376480
v -0.074162 -0.043429 0.141308
vt 0.446407 0.541526
vn 0.949884 0.183376 -0.253168
v -0.082393 -0.046428 0.132790
vt 0.442762 0.528952
vn 0.956037 0.192712 -0.221034
v -0.063054 -0.044731 0.142785
vt 0.457227 0.546411
vn 0.932229 0.357253 -0.057617
v -0.074198 -0.051047 0.125858
vt 0.454051 0.524743
vn 0.953440 0.272228 -0.129785
v -0.247232 -0.023028 0.156906
vt 0.239817 0.586798
vn 0.847736 0.332588 -0.413194
v -0.259462 -0.026285 0.168735
vt 0.229526 0.571440
vn 0.802616 0.273846 -0.529921
v -0.248990 -0.019455 0.147861
vt 0.235952 0.596572
vn 0.873062 0.374720 -0.312005
v -0.229784 -0.098674 0.147861
vt 0.285960 0.450735
vn 0.428077 0.257708 -0.866220
v -0.052085 0.002861 0.147075
vt 0.459224 0.602429
vn 0.890968 0.144119 -0.430589
v -0.051346 0.005199 0.148060
vt 0.459558 0.605235
vn 0.894503 0.136289 -0.425781
v -0.042841 -0.004066 0.145384
vt 0.469694 0.596006
vn 0.860854 0.332895 -0.384853
v -0.040660 -0.002384 0.146187
vt 0.471913 0.598128
vn 0.861103 0.327264 -0.389102
v -0.042902 -0.025795 0.147115
vt 0.471151 0.573295
vn 0.760308 0.068923 -0.645895
v -0.040674 -0.027281 0.147461
vt 0.473594 0.571769
vn 0.770007 0.083063 -0.632605
v -0.036628 -0.014917 0.146104
vt 0.477203 0.585141
vn 0.840261 0.330184 -0.430046
v -0.039344 -0.014955 0.145537
vt 0.474245 0.584941
vn 0.836084 0.321575 -0.444469
v -0.064338 0.005158 0.152112
vt 0.445144 0.603517
vn 0.938775 0.065215 -0.338302
v -0.063706 0.002738 0.150785
vt 0.446451 0.601012
vn 0.938693 0.071296 -0.337301
v -0.076200 -0.014839 0.158238
vt 0.432546 0.581177
vn 0.955631 0.052362 -0.289874
v -0.078835 -0.014914 0.160400
vt 0.428917 0.580872
vn 0.947512 0.074481 -0.310922
v -0.072679 -0.004167 0.155129
vt 0.436377 0.593022
vn 0.949803 0.033982 -0.310997
v -0.074809 -0.002514 0.157284
vt 0.433006 0.594718
vn 0.929498 0.035949 -0.367070
v -0.032042 -0.019052 0.153141
vt 0.561902 0.606703
vn 0.978328 0.187771 -0.087268
v -0.026120 -0.012996 0.129437
vt 0.578180 0.621865
vn 0.984458 0.169758 0.044997
v -0.033612 -0.018099 0.152716
vt 0.560187 0.608079
vn 0.439291 0.870662 0.221293
v -0.036628 -0.014917 0.146104
vt 0.553349 0.613329
vn 0.362961 0.908856 0.205522
v -0.026120 -0.012996 0.129437
vt 0.578180 0.621865
vn 0.817689 0.162416 -0.552273
v -0.270788 -0.031089 0.184301
vt 0.220925 0.551950
vn 0.803154 0.292455 -0.519051
v -0.033612 -0.018099 0.152716
vt 0.560187 0.608079
vn 0.687581 0.030171 -0.725481
v -0.032042 -0.019052 0.153141
vt 0.561902 0.606703
vn 0.623401 0.017101 -0.781715
v -0.176115 -0.025666 0.197928
vt 0.321649 0.558165
vn 0.873286 0.119422 -0.472345
v -0.167098 -0.048978 0.189651
vt 0.334823 0.533705
vn 0.878869 0.115919 -0.462765
v -0.131591 -0.019844 0.191179
vt 0.366832 0.568390
vn 0.909933 0.099959 -0.402530
v -0.105581 -0.025179 0.178314
vt 0.396456 0.565985
vn 0.950167 0.094894 -0.296948
v -0.107740 -0.014884 0.178873
vt 0.392841 0.576817
vn 0.949718 0.096777 -0.297777
v -0.093149 0.002673 0.130340
vt 0.416066 0.627506
vn 0.629333 0.413310 -0.658114
v -0.083445 -0.004613 0.161307
vt 0.422835 0.592036
vn 0.626718 0.307115 -0.716174
v -0.108995 -0.004863 0.148328
vt 0.397018 0.609961
vn 0.599942 0.224997 -0.767754
v -0.107740 -0.014884 0.178873
vt 0.392841 0.576817
vn 0.594939 0.200843 -0.778273
v -0.135895 -0.012376 0.162688
vt 0.364329 0.598771
vn 0.654637 0.160210 -0.738772
v -0.131591 -0.019844 0.191179
vt 0.366832 0.568390
vn 0.670874 0.139312 -0.728368
v -0.174593 -0.017704 0.167174
vt 0.320415 0.591886
vn 0.758380 0.244814 -0.604090
v -0.176115 -0.025666 0.197928
vt 0.321649 0.558165
vn 0.763896 0.269776 -0.586245
v -0.207413 -0.021154 0.167508
vt 0.284232 0.584920
vn 0.783608 0.336297 -0.522363
v -0.240605 -0.024182 0.163898
vt 0.248285 0.580843
vn 0.792475 0.338810 -0.507141
v -0.083445 -0.004613 0.161307
vt 0.422835 0.592036
vn 0.940918 0.072101 -0.330871
v -0.159607 -0.221309 0.184301
vt 0.461846 0.381793
vn 0.913587 0.017468 -0.406268
v -0.148299 -0.184302 0.193007
vt 0.466532 0.421220
vn 0.903756 0.075887 -0.421267
v -0.139913 -0.220468 0.168735
vt 0.487139 0.381675
vn 0.386638 0.044445 -0.921160
v -0.123187 -0.196899 0.172520
vt 0.498979 0.408279
vn 0.361227 0.067378 -0.930040
v -0.106173 -0.139380 0.190306
vt 0.503538 0.470228
vn 0.380717 0.000478 -0.924692
v -0.091085 -0.150712 0.173132
vt 0.525994 0.457900
vn 0.342041 0.068869 -0.937158
v -0.074818 -0.101407 0.182500
vt 0.533058 0.510008
vn 0.956386 0.029052 -0.290658
v -0.065474 -0.109084 0.169262
vt 0.549039 0.502411
vn 0.265588 0.003349 -0.964081
v -0.058540 -0.081454 0.176259
vt 0.547337 0.532218
vn 0.976318 0.058656 -0.208235
v -0.052005 -0.087846 0.164280
vt 0.560779 0.526283
vn 0.156315 0.061373 -0.985799
v -0.033359 -0.060784 0.155402
vt 0.576839 0.557506
vn 0.189582 0.029643 -0.981417
v -0.127415 -0.215159 0.147861
vt 0.512117 0.380113
vn 0.231966 0.231665 -0.944734
v -0.130383 -0.211936 0.160866
vt 0.500825 0.388004
vn 0.230654 0.233491 -0.944606
v -0.126397 -0.204350 0.166244
vt 0.500612 0.398125
vn 0.210380 0.252645 -0.944410
v -0.090617 -0.151018 0.166796
vt 0.531695 0.455082
vn 0.153347 0.263895 -0.952284
v -0.070792 -0.119299 0.163493
vt 0.550058 0.489398
vn 0.115101 0.208392 -0.971249
v -0.059368 -0.101624 0.153865
vt 0.566864 0.508135
vn 0.089416 0.141440 -0.985900
v -0.045524 -0.082641 0.132066
vt 0.593525 0.526557
vn 0.139094 0.056375 -0.988673
v -0.148299 -0.184302 0.193007
vt 0.466532 0.421220
vn 0.323041 0.074611 -0.943439
v -0.107181 -0.137888 0.192791
vt 0.501181 0.472196
vn 0.277943 0.126755 -0.952198
v -0.106173 -0.139380 0.190306
vt 0.503538 0.470228
vn 0.280931 0.121840 -0.951962
v -0.075552 -0.100868 0.185729
vt 0.530001 0.511266
vn 0.935274 0.044641 -0.351098
v -0.074818 -0.101407 0.182500
vt 0.533058 0.510008
vn 0.224183 0.085960 -0.970749
v -0.059295 -0.080659 0.178264
vt 0.545271 0.533060
vn 0.979066 0.060359 -0.194386
v -0.058540 -0.081454 0.176259
vt 0.547337 0.532218
vn 0.203561 0.004674 -0.979051
v -0.033359 -0.060784 0.155402
vt 0.576839 0.557506
vn 0.987585 0.066112 -0.142499
v -0.018576 -0.022497 0.129437
vt 0.585658 0.614020
vn 0.820612 0.154950 -0.550078
v -0.202244 -0.183194 0.184301
vt 0.404457 0.421716
vn 0.545252 0.835605 0.066823
v -0.195626 -0.172363 0.168735
vt 0.399502 0.441347
vn 0.573588 0.817662 0.049259
v -0.179049 -0.158386 0.165510
vt 0.410704 0.460387
vn 0.522039 0.849059 0.081079
v -0.186197 -0.161320 0.158178
vt 0.400030 0.459366
vn 0.582589 0.811477 0.045764
v -0.191398 -0.160729 0.147861
vt 0.389162 0.463375
vn 0.609048 0.792641 0.027945
v -0.181355 -0.219220 0.192743
vt 0.438319 0.382298
vn 0.885543 0.132164 -0.445361
v -0.018576 -0.022497 0.129437
vt 0.585658 0.614020
vn 0.968467 0.248380 -0.019488
v -0.051246 -0.034983 0.150056
vt 0.537035 0.597163
vn 0.553541 0.817420 -0.159426
v -0.050615 -0.045762 0.176836
vt 0.544346 0.570042
vn 0.516964 0.849971 -0.101479
v -0.063054 -0.044731 0.142785
vt 0.519388 0.596139
vn 0.490473 0.870859 0.032259
v -0.074198 -0.051047 0.125858
vt 0.501277 0.599614
vn 0.283274 0.958240 -0.039142
v -0.073425 -0.058183 0.131569
vt 0.498491 0.595409
vn 0.408192 0.899922 -0.153362
v -0.083696 -0.069028 0.148667
vt 0.494040 0.572873
vn 0.512355 0.857236 -0.051366
v -0.038202 -0.032335 0.165596
vt 0.555952 0.587525
vn 0.826400 0.000254 -0.563084
v -0.178043 -0.167989 0.199393
vt 0.434292 0.434101
vn 0.886599 0.136070 -0.442071
v -0.107181 -0.137888 0.192791
vt 0.501181 0.472196
vn 0.902138 0.101946 -0.419230
v -0.128791 -0.122615 0.200287
vt 0.476741 0.485230
vn 0.900975 0.111186 -0.419382
v -0.214856 -0.201763 0.197642
vt 0.402434 0.395519
vn 0.883435 0.146812 -0.444959
v -0.087356 -0.091801 0.197293
vt 0.513381 0.519332
vn 0.924703 0.082828 -0.371569
v -0.092628 -0.088170 0.197712
vt 0.507818 0.522234
vn 0.889655 0.138096 -0.435251
v -0.038202 -0.032335 0.165596
vt 0.555952 0.587525
vn 0.573137 0.802062 -0.167961
v -0.040674 -0.027281 0.147461
vt 0.547837 0.604580
vn 0.522494 0.845214 -0.112308
v -0.074099 -0.069099 0.191202
vt 0.523567 0.542310
vn 0.514181 0.856638 -0.042284
v -0.103326 -0.088442 0.162872
vt 0.478763 0.543277
vn 0.517295 0.855795 0.004604
v -0.092628 -0.088170 0.197712
vt 0.507818 0.522234
vn 0.521193 0.853433 0.003259
v -0.132638 -0.116029 0.167282
vt 0.452671 0.509615
vn 0.515996 0.855274 0.047475
v -0.128791 -0.122615 0.200287
vt 0.476741 0.485230
vn 0.517172 0.854388 0.050539
v -0.156257 -0.137891 0.168518
vt 0.432374 0.482949
vn 0.513203 0.855220 0.072259
v -0.178043 -0.167989 0.199393
vt 0.434292 0.434101
vn 0.523442 0.848797 0.074506
v -0.214856 -0.201763 0.197642
vt 0.402434 0.395519
vn 0.613163 0.789728 0.018984
v -0.208912 -0.192935 0.192743
vt 0.404419 0.407104
vn 0.569807 0.820306 0.049173
v -0.023992 -0.042893 0.160974
vt 0.573698 0.580055
vn 0.974557 0.147129 -0.169090
v -0.065994 -0.074253 0.189436
vt 0.532333 0.538647
vn 0.973614 0.061583 -0.219735
v -0.023992 -0.042893 0.160974
vt 0.573698 0.580055
vn 0.986885 0.041940 -0.155882
v -0.020812 -0.047226 0.148060
vt 0.586445 0.574951
vn 0.978613 0.010315 -0.205451
v -0.038876 -0.052915 0.173046
vt 0.557967 0.565404
vn 0.986389 0.068815 -0.149339
v -0.023992 -0.042893 0.160974
vt 0.573698 0.580055
vn 0.959127 0.172006 -0.224700
v -0.038202 -0.032335 0.165596
vt 0.555952 0.587525
vn 0.959287 0.175131 -0.221582
v -0.050615 -0.045762 0.176836
vt 0.544346 0.570042
vn 0.953041 0.183840 -0.240656
v -0.038876 -0.052915 0.173046
vt 0.557967 0.565404
vn 0.956068 0.187278 -0.225524
v -0.065994 -0.074253 0.189436
vt 0.532333 0.538647
vn 0.940149 0.164964 -0.298173
v -0.074099 -0.069099 0.191202
vt 0.523567 0.542310
vn 0.934905 0.160737 -0.316411
v -0.020812 -0.047226 0.148060
vt 0.586445 0.574951
vn 0.934621 0.354421 -0.029475
v -0.024787 -0.059595 0.152112
vt 0.585003 0.562145
vn 0.975107 0.140148 -0.171827
v -0.038100 -0.081140 0.127520
vt 0.600918 0.531090
vn 0.984563 0.159579 -0.071903
v -0.080689 0.248336 0.168735
vt 0.374381 0.176806
vn -0.907162 0.367020 -0.205800
v -0.048928 0.256491 0.168735
vt 0.340928 0.176477
vn -0.894901 0.253235 -0.367456
v -0.077385 0.238165 0.147861
vt 0.374019 0.200720
vn -0.910254 0.358797 -0.206645
v -0.046924 0.245986 0.147861
vt 0.341149 0.200618
vn -0.894638 0.252862 -0.368352
v -0.190345 0.178746 0.168735
vt 0.532704 0.176343
vn -0.797528 0.390579 0.459779
v -0.166442 0.201194 0.168735
vt 0.499911 0.177897
vn -0.836620 0.393245 0.381346
v -0.182550 0.171426 0.147861
vt 0.532899 0.200362
vn -0.797545 0.390889 0.459487
v -0.164852 0.188045 0.147861
vt 0.507983 0.201099
vn -0.835227 0.402494 0.374692
v -0.211247 0.153480 0.168735
vt 0.565973 0.176760
vn -0.715780 0.374486 0.589422
v -0.202595 0.147194 0.147861
vt 0.565565 0.200562
vn -0.715683 0.364888 0.595529
v -0.224379 0.132789 0.168735
vt 0.589636 0.178497
vn -0.659803 0.372516 0.652604
v -0.212008 0.132363 0.147861
vt 0.583477 0.201074
vn -0.649371 0.350998 0.674623
v -0.259057 0.032727 0.168735
vt 0.724212 0.176304
vn -0.135850 0.059926 0.988915
v -0.252913 0.064937 0.168735
vt 0.691421 0.177888
vn -0.225092 0.087824 0.970371
v -0.248447 0.031386 0.147861
vt 0.724429 0.200329
vn -0.135716 0.060148 0.988920
v -0.244001 0.054691 0.147861
vt 0.700074 0.201062
vn -0.217455 0.093821 0.971551
v -0.091079 0.280314 0.197642
vt 0.376636 0.131406
vn -0.905826 0.342393 -0.249493
v -0.055229 0.289519 0.197642
vt 0.340371 0.130816
vn -0.886937 0.247449 -0.390015
v -0.087919 0.270587 0.192743
vt 0.376132 0.142729
vn -0.904819 0.349607 -0.243057
v -0.053312 0.279472 0.192743
vt 0.340452 0.142088
vn -0.888979 0.250150 -0.383590
v -0.125494 0.266688 0.197642
vt 0.415064 0.134178
vn -0.906718 0.385576 -0.170864
v -0.120016 0.257644 0.192743
vt 0.411959 0.146334
vn -0.903564 0.393037 -0.170571
v -0.157929 0.248857 0.197642
vt 0.456165 0.133771
vn -0.883721 0.436966 0.167624
v -0.125494 0.266688 0.197642
vt 0.415064 0.134178
vn -0.893964 0.444803 0.054577
v -0.152449 0.240221 0.192743
vt 0.456492 0.146418
vn -0.879602 0.430326 0.202779
v -0.187874 0.227101 0.197642
vt 0.495740 0.131790
vn -0.849402 0.414422 0.326757
v -0.181355 0.219220 0.192743
vt 0.496430 0.143440
vn -0.847973 0.409892 0.336052
v -0.214856 0.201763 0.197642
vt 0.532222 0.130926
vn -0.797526 0.398172 0.453224
v -0.207400 0.194762 0.192743
vt 0.532290 0.142136
vn -0.796679 0.396565 0.456112
v -0.238449 0.173244 0.197642
vt 0.568372 0.131551
vn -0.736263 0.382038 0.558537
v -0.230175 0.167232 0.192743
vt 0.567834 0.142838
vn -0.734609 0.385476 0.558352
v -0.258282 0.141992 0.197642
vt 0.606839 0.134293
vn -0.691360 0.363193 0.624589
v -0.248049 0.139067 0.192743
vt 0.602525 0.146209
vn -0.694323 0.372851 0.615547
v -0.274042 0.108501 0.197642
vt 0.647768 0.133830
vn -0.392610 0.190749 0.899707
v -0.258282 0.141992 0.197642
vt 0.606839 0.134293
vn -0.499441 0.246821 0.830445
v -0.264532 0.104736 0.192743
vt 0.648083 0.146440
vn -0.365790 0.172597 0.914553
v -0.285480 0.073299 0.197642
vt 0.687275 0.131839
vn -0.252616 0.115994 0.960589
v -0.275573 0.070755 0.192743
vt 0.687964 0.143464
vn -0.249774 0.110811 0.961943
v -0.292415 0.036941 0.197642
vt 0.723644 0.130940
vn -0.131114 0.064644 0.989258
v -0.282268 0.035659 0.192743
vt 0.723737 0.142129
vn -0.130465 0.063166 0.989439
v -0.092447 0.284524 0.197642
vt 0.376774 0.127037
vn -0.909210 0.323522 -0.262052
v -0.056058 0.293867 0.197642
vt 0.340337 0.126485
vn -0.885938 0.246528 -0.392858
v -0.091079 0.280314 0.197642
vt 0.376636 0.131406
vn -0.909083 0.322847 -0.263320
v -0.055229 0.289519 0.197642
vt 0.340371 0.130816
vn -0.886003 0.246614 -0.392659
v -0.127379 0.270694 0.197642
vt 0.415221 0.129363
vn -0.903850 0.424273 -0.055198
v -0.125494 0.266688 0.197642
vt 0.415064 0.134178
vn -0.903950 0.423952 -0.056024
v -0.160301 0.252595 0.197642
vt 0.456091 0.128998
vn -0.883566 0.441727 0.155527
v -0.157929 0.248857 0.197642
vt 0.456165 0.133771
vn -0.883524 0.441706 0.155823
v -0.190696 0.230512 0.197642
vt 0.495564 0.127328
vn -0.845646 0.422811 0.325750
v -0.187874 0.227101 0.197642
vt 0.495740 0.131790
vn -0.845522 0.422724 0.326185
v -0.218083 0.204793 0.197642
vt 0.532203 0.126621
vn -0.797664 0.398819 0.452411
v -0.214856 0.201763 0.197642
vt 0.532222 0.130926
vn -0.797625 0.398775 0.452518
v -0.242031 0.175846 0.197642
vt 0.568508 0.127189
vn -0.741308 0.370616 0.559558
v -0.238449 0.173244 0.197642
vt 0.568372 0.131551
vn -0.741976 0.370949 0.558452
v -0.262161 0.144125 0.197642
vt 0.606971 0.129486
vn -0.602508 0.301242 0.739079
v -0.258282 0.141992 0.197642
vt 0.606839 0.134293
vn -0.603171 0.301548 0.738413
v -0.278158 0.110131 0.197642
vt 0.647685 0.129069
vn -0.396143 0.198015 0.896583
v -0.274042 0.108501 0.197642
vt 0.647768 0.133830
vn -0.395791 0.197884 0.896767
v -0.289767 0.074400 0.197642
vt 0.687101 0.127388
vn -0.239008 0.119494 0.963637
v -0.285480 0.073299 0.197642
vt 0.687275 0.131839
vn -0.238644 0.119292 0.963752
v -0.296807 0.037496 0.197642
vt 0.723618 0.126644
vn -0.130161 0.065053 0.989356
v -0.292415 0.036941 0.197642
vt 0.723644 0.130940
vn -0.130116 0.065013 0.989365
v -0.271241 0.034266 0.184301
vt 0.723901 0.156152
vn -0.132746 0.061110 0.989264
v -0.264808 0.067991 0.184301
vt 0.689154 0.157788
vn -0.241606 0.096073 0.965607
v -0.259799 0.083407 0.184301
vt 0.672078 0.160310
vn -0.316467 0.112476 0.941912
v -0.236725 0.135735 0.184301
vt 0.595831 0.160260
vn -0.683290 0.385389 0.620153
v -0.221183 0.160699 0.184301
vt 0.566972 0.156846
vn -0.724234 0.385504 0.571726
v -0.199298 0.187153 0.184301
vt 0.532424 0.156179
vn -0.796700 0.393179 0.458999
v -0.174270 0.210656 0.184301
vt 0.497629 0.157789
vn -0.843299 0.396670 0.362630
v -0.161437 0.219980 0.184301
vt 0.480909 0.160275
vn -0.867140 0.388959 0.311095
v -0.113245 0.247927 0.184301
vt 0.405963 0.160531
vn -0.896556 0.418419 -0.145304
v -0.084484 0.260016 0.184301
vt 0.375320 0.156792
vn -0.904303 0.365696 -0.220232
v -0.051230 0.268555 0.184301
vt 0.340612 0.156207
vn -0.892536 0.252600 -0.373594
v -0.056058 0.293867 0.197642
vt 0.340337 0.126485
vn -0.886340 0.243124 -0.394071
v -0.092447 0.284524 0.197642
vt 0.376774 0.127037
vn -0.919427 0.346170 -0.186602
v -0.056058 0.293867 0.177141
vt 0.340290 0.106336
vn -0.886886 0.242562 -0.393188
v -0.092447 0.284524 0.177141
vt 0.377051 0.106616
vn -0.918186 0.348715 -0.187966
v -0.127379 0.270694 0.197642
vt 0.415221 0.129363
vn -0.902176 0.430528 -0.026908
v -0.127379 0.270694 0.177141
vt 0.415528 0.107634
vn -0.901049 0.432872 -0.027060
v -0.160301 0.252595 0.197642
vt 0.456091 0.128998
vn -0.881119 0.454049 0.132169
v -0.160301 0.252595 0.177141
vt 0.455924 0.107224
vn -0.882183 0.452548 0.130209
v -0.190696 0.230512 0.197642
vt 0.495564 0.127328
vn -0.851098 0.437390 0.290381
v -0.190696 0.230512 0.177141
vt 0.495208 0.106618
vn -0.853492 0.434740 0.287318
v -0.218083 0.204793 0.197642
vt 0.532203 0.126621
vn -0.800169 0.397459 0.449173
v -0.218083 0.204793 0.177141
vt 0.532166 0.106581
vn -0.800732 0.396987 0.448586
v -0.242031 0.175846 0.197642
vt 0.568508 0.127189
vn -0.724418 0.341595 0.598775
v -0.242031 0.175846 0.177141
vt 0.568790 0.106816
vn -0.720345 0.343732 0.602454
v -0.262161 0.144125 0.197642
vt 0.606971 0.129486
vn -0.588593 0.286543 0.755944
v -0.262161 0.144125 0.177141
vt 0.607236 0.107793
vn -0.583911 0.287787 0.759096
v -0.278158 0.110131 0.197642
vt 0.647685 0.129069
vn -0.424870 0.227797 0.876124
v -0.278158 0.110131 0.177141
vt 0.647525 0.107346
vn -0.425976 0.226057 0.876038
v -0.289767 0.074400 0.197642
vt 0.687101 0.127388
vn -0.276054 0.150275 0.949322
v -0.289767 0.074400 0.177141
vt 0.686741 0.106729
vn -0.277226 0.147050 0.949485
v -0.296807 0.037496 0.197642
vt 0.723618 0.126644
vn -0.136204 0.066621 0.988438
v -0.296807 0.037496 0.177141
vt 0.723562 0.106658
vn -0.137576 0.066613 0.988249
v -0.105177 0.238641 0.168735
vt 0.399929 0.178613
vn -0.895056 0.431701 -0.111844
v -0.095445 0.230792 0.147861
vt 0.393898 0.201365
vn -0.900032 0.423783 -0.101737
v -0.261116 0.000000 0.168735
vt 0.757496 0.176656
vn -0.022484 0.025361 0.999425
v -0.250422 0.000000 0.147861
vt 0.757138 0.200469
vn -0.015118 0.013925 0.999789
v -0.228818 -0.125794 0.168735
vt 0.916125 0.176423
vn 0.600514 0.292127 0.744342
v -0.242780 -0.096123 0.168735
vt 0.883260 0.177994
vn 0.572405 0.259563 0.777805
v -0.219446 -0.120641 0.147861
vt 0.916314 0.200491
vn 0.599863 0.292101 0.744877
v -0.229783 -0.098674 0.147861
vt 0.891356 0.201235
vn 0.546152 0.257092 0.797259
v -0.211247 -0.153480 0.168735
vt 0.949470 0.176894
vn 0.665305 0.350711 0.659068
v -0.202596 -0.147194 0.147861
vt 0.949019 0.200734
vn 0.679886 0.348229 0.645362
v -0.195626 -0.172363 0.168735
vt 0.973175 0.178742
vn 0.684152 0.386890 0.618266
v -0.191398 -0.160729 0.147861
vt 0.966932 0.201301
vn 0.716446 0.386265 0.580952
v -0.111178 -0.236265 0.168735
vt 0.138062 0.074366
vn 0.904735 0.424007 -0.040900
v -0.139913 -0.220467 0.168735
vt 0.105270 0.076007
vn 0.903389 0.428564 0.014900
v -0.106625 -0.226588 0.147861
vt 0.138278 0.098388
vn 0.904581 0.424372 -0.040519
v -0.127415 -0.215159 0.147861
vt 0.113958 0.099147
vn 0.899665 0.435748 0.026963
v -0.294740 0.000000 0.197642
vt 0.759694 0.131473
vn -0.048490 0.036066 0.998172
v -0.284512 0.000000 0.192743
vt 0.759202 0.142742
vn -0.048420 0.039900 0.998030
v -0.292415 -0.036941 0.197642
vt 0.798017 0.134202
vn 0.000760 0.015553 0.999879
v -0.282121 -0.034526 0.192743
vt 0.794921 0.146310
vn -0.006951 0.026402 0.999627
v -0.285480 -0.073299 0.197642
vt 0.839233 0.133772
vn 0.338556 0.163816 0.926576
v -0.292415 -0.036941 0.197642
vt 0.798017 0.134202
vn 0.220842 0.107975 0.969314
v -0.275573 -0.070755 0.192743
vt 0.839577 0.146472
vn 0.382188 0.180659 0.906253
v -0.274042 -0.108501 0.197642
vt 0.879034 0.131725
vn 0.496382 0.237073 0.835106
v -0.264532 -0.104736 0.192743
vt 0.879736 0.143426
vn 0.512523 0.241058 0.824143
v -0.258282 -0.141992 0.197642
vt 0.915650 0.130822
vn 0.581368 0.290074 0.760177
v -0.249320 -0.137064 0.192743
vt 0.915714 0.142087
vn 0.585689 0.291112 0.756454
v -0.238449 -0.173243 0.197642
vt 0.952004 0.131454
vn 0.644764 0.336977 0.686094
v -0.230175 -0.167232 0.192743
vt 0.951436 0.142823
vn 0.639941 0.339233 0.689490
v -0.214856 -0.201763 0.197642
vt 0.990916 0.134366
vn 0.688905 0.362915 0.627458
v -0.208912 -0.192935 0.192743
vt 0.986395 0.146391
vn 0.673461 0.363801 0.643506
v -0.187874 -0.227100 0.197642
vt 0.061217 0.031930
vn 0.874379 0.431396 0.222168
v -0.214856 -0.201763 0.197642
vt 0.019727 0.032471
vn 0.839876 0.416743 0.347755
v -0.181355 -0.219220 0.192743
vt 0.061594 0.044658
vn 0.883387 0.431374 0.183150
v -0.157929 -0.248857 0.197642
vt 0.100971 0.029815
vn 0.896227 0.438187 0.069066
v -0.152449 -0.240221 0.192743
vt 0.101690 0.041499
vn 0.898256 0.435586 0.058312
v -0.125494 -0.266688 0.197642
vt 0.137513 0.028878
vn 0.900471 0.433796 -0.031191
v -0.121139 -0.257434 0.192743
vt 0.137590 0.040113
vn 0.901414 0.431595 -0.034322
v -0.299166 0.000000 0.197642
vt 0.759821 0.127123
vn -0.044153 0.022052 0.998781
v -0.294740 0.000000 0.197642
vt 0.759694 0.131473
vn -0.045053 0.022502 0.998731
v -0.296807 -0.037495 0.197642
vt 0.798166 0.129388
vn 0.108631 0.054289 0.992599
v -0.292415 -0.036941 0.197642
vt 0.798017 0.134202
vn 0.107865 0.053924 0.992702
v -0.289768 -0.074399 0.197642
vt 0.839147 0.128979
vn 0.316185 0.158082 0.935434
v -0.285480 -0.073299 0.197642
vt 0.839233 0.133772
vn 0.316526 0.158252 0.935290
v -0.278158 -0.110130 0.197642
vt 0.878852 0.127243
vn 0.473740 0.236834 0.848222
v -0.274042 -0.108501 0.197642
vt 0.879034 0.131725
vn 0.474131 0.237077 0.847935
v -0.262161 -0.144124 0.197642
vt 0.915618 0.126495
vn 0.579993 0.290009 0.761251
v -0.258282 -0.141992 0.197642
vt 0.915650 0.130822
vn 0.580048 0.290011 0.761208
v -0.242031 -0.175845 0.197642
vt 0.952149 0.127056
vn 0.660839 0.330381 0.673899
v -0.238449 -0.173243 0.197642
vt 0.952004 0.131454
vn 0.659926 0.329925 0.675016
v -0.218083 -0.204793 0.197642
vt 0.991072 0.129480
vn 0.708109 0.354016 0.610945
v -0.214856 -0.201763 0.197642
vt 0.990916 0.134366
vn 0.706760 0.353393 0.612866
v -0.190696 -0.230511 0.197642
vt 0.061114 0.027125
vn 0.868558 0.434267 0.238787
v -0.218083 -0.204793 0.197642
vt 0.019883 0.027615
vn 0.838621 0.419322 0.347684
v -0.187874 -0.227100 0.197642
vt 0.061217 0.031930
vn 0.868648 0.434289 0.238418
v -0.214856 -0.201763 0.197642
vt 0.019727 0.032471
vn 0.838678 0.419302 0.347569
v -0.160301 -0.252594 0.197642
vt 0.100796 0.025340
vn 0.891829 0.445904 0.076227
v -0.157929 -0.248857 0.197642
vt 0.100971 0.029815
vn 0.891857 0.445918 0.075819
v -0.127379 -0.270694 0.197642
vt 0.137474 0.024563
vn 0.900020 0.434781 -0.030478
v -0.125494 -0.266688 0.197642
vt 0.137513 0.028878
vn 0.900035 0.434747 -0.030521
v -0.116407 -0.247377 0.184301
vt 0.137752 0.054180
vn 0.903316 0.427236 -0.038587
v -0.146494 -0.230837 0.184301
vt 0.102919 0.055877
vn 0.903165 0.428270 0.029637
v -0.159607 -0.221309 0.184301
vt 0.085793 0.058490
vn 0.908806 0.412725 0.061077
v -0.202244 -0.183194 0.184301
vt 0.979517 0.160497
vn 0.658058 0.374964 0.652964
v -0.221183 -0.160699 0.184301
vt 0.950529 0.156909
vn 0.644590 0.347197 0.681145
v -0.239580 -0.131710 0.184301
vt 0.915851 0.156191
vn 0.594231 0.291987 0.749422
v -0.254198 -0.100644 0.184301
vt 0.880949 0.157830
vn 0.557707 0.252024 0.790852
v -0.259100 -0.085558 0.184301
vt 0.864168 0.160361
vn 0.556356 0.229520 0.798617
v -0.270788 -0.031088 0.184301
vt 0.788957 0.160444
vn -0.004410 0.039754 0.999200
v -0.273397 0.000000 0.184301
vt 0.758412 0.156735
vn -0.038030 0.039113 0.998511
v -0.299166 0.000000 0.197642
vt 0.759821 0.127123
vn 0.033722 0.000016 0.999431
v -0.299166 0.000000 0.177141
vt 0.760093 0.106792
vn 0.025996 0.000016 0.999662
v -0.296807 -0.037495 0.197642
vt 0.798166 0.129388
vn 0.145811 0.066527 0.987073
v -0.296807 -0.037495 0.177141
vt 0.798473 0.107662
vn 0.138787 0.066598 0.988080
v -0.289768 -0.074399 0.197642
vt 0.839147 0.128979
vn 0.275014 0.152963 0.949194
v -0.289768 -0.074399 0.177141
vt 0.838966 0.107122
vn 0.275628 0.151349 0.949275
v -0.278158 -0.110130 0.197642
vt 0.878852 0.127243
vn 0.425835 0.226150 0.876083
v -0.278158 -0.110130 0.177141
vt 0.878488 0.106435
vn 0.427669 0.223165 0.875955
v -0.262161 -0.144124 0.197642
vt 0.915618 0.126495
vn 0.581302 0.288449 0.760845
v -0.262161 -0.144124 0.177141
vt 0.915580 0.106347
vn 0.582016 0.288259 0.760371
v -0.242031 -0.175845 0.197642
vt 0.952149 0.127056
vn 0.724713 0.341413 0.598521
v -0.242031 -0.175845 0.177141
vt 0.952448 0.106496
vn 0.720076 0.343800 0.602738
v -0.218083 -0.204793 0.197642
vt 0.991072 0.129480
vn 0.813035 0.385799 0.436042
v -0.218083 -0.204793 0.177141
vt 0.991373 0.107457
vn 0.808010 0.390382 0.441272
v -0.218083 -0.204793 0.197642
vt 0.019883 0.027615
vn 0.793432 0.403815 0.455411
v -0.190696 -0.230511 0.197642
vt 0.061114 0.027125
vn 0.848650 0.440054 0.293506
v -0.218083 -0.204793 0.177141
vt 0.020182 0.005721
vn 0.793360 0.403880 0.455478
v -0.190696 -0.230511 0.177141
vt 0.060929 0.005208
vn 0.850130 0.438435 0.291639
v -0.160301 -0.252594 0.197642
vt 0.100796 0.025340
vn 0.881863 0.452997 0.130811
v -0.160301 -0.252594 0.177141
vt 0.100419 0.004558
vn 0.883807 0.450187 0.127348
v -0.127379 -0.270694 0.197642
vt 0.137474 0.024563
vn 0.900052 0.434937 -0.027124
v -0.127379 -0.270694 0.177141
vt 0.137431 0.004479
vn 0.900294 0.434437 -0.027118
v -0.259462 -0.026285 0.168735
vt 0.782973 0.178453
vn 0.021214 0.047101 0.998665
v -0.248990 -0.019455 0.147861
vt 0.776961 0.201127
vn 0.043237 0.044762 0.998062
v 0.211247 0.153480 0.168735
vt 0.945156 0.074690
vn -0.317852 0.902809 -0.289667
v 0.228818 0.125794 0.168735
vt 0.911870 0.074451
vn -0.261932 0.923404 -0.280564
v 0.202596 0.147194 0.147861
vt 0.944779 0.098496
vn -0.318084 0.897578 -0.305250
v 0.219446 0.120642 0.147861
vt 0.912115 0.098432
vn -0.261631 0.923801 -0.279537
v 0.111178 0.236265 0.168735
vt 0.146496 0.176552
vn -0.587366 0.537002 -0.605500
v 0.139913 0.220468 0.168735
vt 0.113517 0.178180
vn -0.550823 0.570099 -0.609575
v 0.106624 0.226588 0.147861
vt 0.146722 0.200677
vn -0.587312 0.537002 -0.605552
v 0.127900 0.214892 0.147861
vt 0.121710 0.201475
vn -0.553732 0.587442 -0.590163
v 0.080689 0.248336 0.168735
vt 0.179911 0.177034
vn -0.639179 0.483992 -0.597664
v 0.077385 0.238165 0.147861
vt 0.179464 0.200906
vn -0.638611 0.456666 -0.619380
v 0.056953 0.254431 0.168735
vt 0.203644 0.178931
vn -0.667294 0.486749 -0.563732
v 0.060370 0.242534 0.147861
vt 0.197362 0.201493
vn -0.671068 0.428495 -0.605028
v -0.016396 0.260601 0.168735
vt 0.307962 0.178153
vn -0.879677 0.191188 -0.435448
v -0.023386 0.248960 0.147861
vt 0.316690 0.201398
vn -0.867163 0.182882 -0.463231
v 0.238449 0.173243 0.197642
vt 0.947249 0.029527
vn -0.310527 0.903815 -0.294434
v 0.258282 0.141992 0.197642
vt 0.911210 0.029238
vn -0.259603 0.929190 -0.263081
v 0.230175 0.167232 0.192743
vt 0.946851 0.040728
vn -0.309521 0.907397 -0.284300
v 0.249320 0.137065 0.192743
vt 0.911326 0.040367
vn -0.260771 0.927779 -0.266879
v 0.214856 0.201763 0.197642
vt 0.986860 0.030240
vn -0.350898 0.871897 -0.341564
v 0.207947 0.193759 0.192743
vt 0.983260 0.043336
vn -0.343457 0.884804 -0.314895
v 0.187874 0.227101 0.197642
vt 0.069069 0.133389
vn -0.464925 0.757727 -0.457924
v 0.214856 0.201763 0.197642
vt 0.025325 0.130863
vn -0.401334 0.836588 -0.372896
v 0.181355 0.219220 0.192743
vt 0.069438 0.146502
vn -0.482837 0.725707 -0.490120
v 0.157929 0.248857 0.197642
vt 0.109219 0.131637
vn -0.538160 0.630499 -0.559333
v 0.152449 0.240221 0.192743
vt 0.109909 0.143418
vn -0.540519 0.617314 -0.571632
v 0.125494 0.266688 0.197642
vt 0.145979 0.130780
vn -0.589007 0.552709 -0.589562
v 0.121139 0.257434 0.192743
vt 0.146052 0.142089
vn -0.589397 0.548984 -0.592645
v 0.091079 0.280314 0.197642
vt 0.182460 0.131444
vn -0.626947 0.504126 -0.593965
v 0.087919 0.270587 0.192743
vt 0.181893 0.142860
vn -0.628035 0.513871 -0.584387
v 0.055229 0.289519 0.197642
vt 0.221615 0.134437
vn -0.649954 0.456616 -0.607504
v 0.055609 0.278883 0.192743
vt 0.217012 0.146519
vn -0.648985 0.483904 -0.587073
v 0.018507 0.294158 0.197642
vt 0.263601 0.133864
vn -0.699082 0.026905 -0.714535
v 0.055229 0.289519 0.197642
vt 0.221615 0.134437
vn -0.694101 0.157966 -0.702332
v 0.017865 0.283950 0.192743
vt 0.263992 0.146705
vn -0.734496 0.014199 -0.678464
v -0.018507 0.294158 0.197642
vt 0.303636 0.131727
vn -0.836048 0.139456 -0.530637
v -0.017865 0.283950 0.192743
vt 0.304357 0.143477
vn -0.846719 0.149943 -0.510474
v 0.242031 0.175846 0.197642
vt 0.947320 0.025242
vn -0.316264 0.894410 -0.316240
v 0.262161 0.144124 0.197642
vt 0.911165 0.024970
vn -0.259414 0.930280 -0.259391
v 0.238449 0.173243 0.197642
vt 0.947249 0.029527
vn -0.315763 0.894747 -0.315786
v 0.258282 0.141992 0.197642
vt 0.911210 0.029238
vn -0.259473 0.930247 -0.259451
v 0.218083 0.204793 0.197642
vt 0.986249 0.025164
vn -0.358046 0.862336 -0.358022
v 0.214856 0.201763 0.197642
vt 0.986860 0.030240
vn -0.357194 0.863042 -0.357170
v 0.190696 0.230512 0.197642
vt 0.069021 0.128507
vn -0.451550 0.769564 -0.451524
v 0.218083 0.204793 0.197642
vt 0.026359 0.125526
vn -0.393914 0.830448 -0.393938
v 0.187874 0.227101 0.197642
vt 0.069069 0.133389
vn -0.452010 0.769024 -0.451984
v 0.214856 0.201763 0.197642
vt 0.025325 0.130863
vn -0.394560 0.829881 -0.394486
v 0.160301 0.252594 0.197642
vt 0.109039 0.127133
vn -0.541282 0.643471 -0.541256
v 0.157929 0.248857 0.197642
vt 0.109219 0.131637
vn -0.541514 0.643126 -0.541435
v 0.127379 0.270694 0.197642
vt 0.145965 0.126435
vn -0.588867 0.553572 -0.588893
v 0.125494 0.266688 0.197642
vt 0.145979 0.130780
vn -0.588918 0.553518 -0.588892
v 0.092447 0.284524 0.197642
vt 0.182619 0.127027
vn -0.623497 0.471806 -0.623419
v 0.091079 0.280314 0.197642
vt 0.182460 0.131444
vn -0.623061 0.472817 -0.623088
v 0.056058 0.293867 0.197642
vt 0.221777 0.129521
vn -0.676686 0.290216 -0.676661
v 0.055229 0.289519 0.197642
vt 0.221615 0.134437
vn -0.676457 0.291165 -0.676482
v 0.018785 0.298576 0.197642
vt 0.263489 0.129016
vn -0.706473 0.043421 -0.706407
v 0.018507 0.294158 0.197642
vt 0.263601 0.133864
vn -0.706464 0.043010 -0.706441
v -0.018785 0.298576 0.197642
vt 0.303453 0.127224
vn -0.822799 0.135405 -0.551966
v -0.018507 0.294158 0.197642
vt 0.303636 0.131727
vn -0.823120 0.135835 -0.551382
v -0.017167 0.272858 0.184301
vt 0.305596 0.157931
vn -0.871769 0.176099 -0.457174
v -0.000957 0.272858 0.184301
vt 0.288366 0.160584
vn -0.864304 0.134746 -0.484584
v 0.055940 0.267083 0.184301
vt 0.210056 0.160664
vn -0.654450 0.518921 -0.549924
v 0.084484 0.260016 0.184301
vt 0.180977 0.156995
vn -0.634165 0.513926 -0.577680
v 0.116407 0.247377 0.184301
vt 0.146194 0.156250
vn -0.588721 0.542143 -0.599573
v 0.146493 0.230837 0.184301
vt 0.111131 0.157910
vn -0.544657 0.583157 -0.602724
v 0.159326 0.221513 0.184301
vt 0.094240 0.160488
vn -0.515567 0.592201 -0.619265
v 0.200798 0.184316 0.184301
vt 0.976911 0.058125
vn -0.341607 0.898713 -0.274992
v 0.221183 0.160699 0.184301
vt 0.946089 0.054728
vn -0.313598 0.908466 -0.276308
v 0.239580 0.131710 0.184301
vt 0.911523 0.054340
vn -0.261729 0.925174 -0.274867
v 0.262161 0.144124 0.197642
vt 0.911165 0.024970
vn -0.256149 0.931698 -0.257538
v 0.242031 0.175846 0.197642
vt 0.947320 0.025242
vn -0.322680 0.888203 -0.327068
v 0.262161 0.144124 0.177141
vt 0.911061 0.005147
vn -0.255868 0.930671 -0.261502
v 0.242031 0.175846 0.177141
vt 0.947171 0.005556
vn -0.323302 0.889584 -0.322669
v 0.218083 0.204793 0.197642
vt 0.986249 0.025164
vn -0.395757 0.841099 -0.368685
v 0.218083 0.204793 0.177141
vt 0.982286 0.004235
vn -0.397575 0.844260 -0.359386
v 0.218083 0.204793 0.197642
vt 0.026359 0.125526
vn -0.377751 0.804567 -0.458232
v 0.190696 0.230512 0.197642
vt 0.069021 0.128507
vn -0.453130 0.749663 -0.482367
v 0.218083 0.204793 0.177141
vt 0.031188 0.103174
vn -0.376732 0.802371 -0.462897
v 0.190696 0.230512 0.177141
vt 0.069245 0.106747
vn -0.451532 0.747012 -0.487946
v 0.160301 0.252594 0.197642
vt 0.109039 0.127133
vn -0.529551 0.680522 -0.506424
v 0.160301 0.252594 0.177141
vt 0.108728 0.106274
vn -0.528511 0.676458 -0.512914
v 0.127379 0.270694 0.197642
vt 0.145965 0.126435
vn -0.586610 0.552058 -0.592554
v 0.127379 0.270694 0.177141
vt 0.145932 0.106218
vn -0.586285 0.551732 -0.593179
v 0.092447 0.284524 0.197642
vt 0.182619 0.127027
vn -0.622192 0.404230 -0.670429
v 0.092447 0.284524 0.177141
vt 0.182921 0.106372
vn -0.626826 0.407224 -0.664272
v 0.056058 0.293867 0.197642
vt 0.221777 0.129521
vn -0.674552 0.257343 -0.691921
v 0.056058 0.293867 0.177141
vt 0.222092 0.107375
vn -0.678658 0.258898 -0.687311
v 0.018785 0.298576 0.197642
vt 0.263489 0.129016
vn -0.720796 0.127735 -0.681276
v 0.018785 0.298576 0.177141
vt 0.263299 0.106899
vn -0.718160 0.121205 -0.685241
v -0.018785 0.298576 0.197642
vt 0.303453 0.127224
vn -0.797339 0.117933 -0.591898
v -0.018785 0.298576 0.177141
vt 0.303076 0.106313
vn -0.793711 0.107332 -0.598751
v 0.194459 0.173773 0.168735
vt 0.970662 0.076466
vn -0.350686 0.894442 -0.277477
v 0.190002 0.162092 0.147861
vt 0.964544 0.099171
vn -0.355982 0.882739 -0.306674
v -0.080690 -0.248336 0.168735
vt 0.171358 0.074756
vn 0.905772 0.400601 -0.138185
v -0.077385 -0.238165 0.147861
vt 0.170972 0.098550
vn 0.909859 0.382560 -0.160638
v 0.048928 -0.256491 0.168735
vt 0.331588 0.074414
vn 0.670918 0.271296 -0.690122
v 0.016396 -0.260601 0.168735
vt 0.298792 0.076059
vn 0.659555 0.201437 -0.724162
v 0.046924 -0.245986 0.147861
vt 0.331774 0.098417
vn 0.671201 0.271021 -0.689955
v 0.022837 -0.249029 0.147861
vt 0.306921 0.099202
vn 0.674268 0.190652 -0.713453
v 0.080689 -0.248336 0.168735
vt 0.364856 0.074924
vn 0.663873 0.418479 -0.619797
v 0.077384 -0.238165 0.147861
vt 0.364363 0.098686
vn 0.655431 0.410221 -0.634136
v 0.103475 -0.239315 0.168735
vt 0.388479 0.076872
vn 0.657448 0.512797 -0.552087
v 0.093717 -0.231699 0.147861
vt 0.382179 0.099302
vn 0.640426 0.510836 -0.573499
v 0.190345 -0.178746 0.168735
vt 0.526395 0.074497
vn 0.381538 0.833351 -0.399944
v 0.166442 -0.201193 0.168735
vt 0.493484 0.076209
vn 0.400843 0.793922 -0.457180
v 0.182549 -0.171426 0.147861
vt 0.526615 0.098601
vn 0.381802 0.833292 -0.399815
v 0.165255 -0.187666 0.147861
vt 0.502228 0.099394
vn 0.410989 0.795717 -0.444885
v -0.091080 -0.280314 0.197642
vt 0.173690 0.029449
vn 0.904608 0.413002 -0.105422
v -0.087919 -0.270587 0.192743
vt 0.173166 0.040773
vn 0.902503 0.418866 -0.100194
v -0.055229 -0.289519 0.197642
vt 0.212345 0.032386
vn 0.906248 0.389328 -0.164738
v -0.054344 -0.278982 0.192743
vt 0.209038 0.044567
vn 0.902101 0.407622 -0.141625
v -0.018507 -0.294158 0.197642
vt 0.254329 0.031878
vn 0.740951 0.027321 -0.671003
v -0.055229 -0.289519 0.197642
vt 0.212345 0.032386
vn 0.839504 0.155955 -0.520491
v -0.017865 -0.283950 0.192743
vt 0.254747 0.044726
vn 0.693123 0.013987 -0.720683
v 0.018507 -0.294158 0.197642
vt 0.294396 0.029703
vn 0.686023 0.143410 -0.713306
v 0.017864 -0.283950 0.192743
vt 0.295132 0.041457
vn 0.679560 0.154880 -0.717084
v 0.055228 -0.289519 0.197642
vt 0.331126 0.028779
vn 0.681865 0.262428 -0.682783
v 0.053312 -0.279472 0.192743
vt 0.331191 0.040070
vn 0.679864 0.265682 -0.683519
v 0.091079 -0.280314 0.197642
vt 0.367537 0.029469
vn 0.671236 0.380848 -0.635922
v 0.087919 -0.270587 0.192743
vt 0.366937 0.040863
vn 0.674416 0.388211 -0.628057
v 0.125494 -0.266688 0.197642
vt 0.406630 0.032558
vn 0.654457 0.446261 -0.610358
v 0.118935 -0.258307 0.192743
vt 0.401946 0.044615
vn 0.662766 0.450252 -0.598343
v 0.157929 -0.248857 0.197642
vt 0.448852 0.031955
vn 0.499101 0.698251 -0.513170
v 0.125494 -0.266688 0.197642
vt 0.406630 0.032558
vn 0.549421 0.622670 -0.557152
v 0.152449 -0.240221 0.192743
vt 0.449295 0.044856
vn 0.480846 0.716306 -0.505660
v 0.187874 -0.227100 0.197642
vt 0.489047 0.029734
vn 0.431976 0.778442 -0.455438
v 0.181354 -0.219220 0.192743
vt 0.489789 0.041514
vn 0.425167 0.780928 -0.457585
v 0.214856 -0.201763 0.197642
vt 0.525835 0.028787
vn 0.389211 0.834135 -0.390812
v 0.207400 -0.194762 0.192743
vt 0.525914 0.040085
vn 0.387159 0.834782 -0.391467
v -0.092448 -0.284524 0.197642
vt 0.173835 0.025074
vn 0.911195 0.391585 -0.128003
v -0.091080 -0.280314 0.197642
vt 0.173690 0.029449
vn 0.911107 0.392208 -0.126714
v -0.056058 -0.293867 0.197642
vt 0.212524 0.027503
vn 0.894555 0.268705 -0.357168
v -0.055229 -0.289519 0.197642
vt 0.212345 0.032386
vn 0.894837 0.269500 -0.355861
v -0.018785 -0.298576 0.197642
vt 0.254221 0.027031
vn 0.748400 0.043249 -0.661836
v -0.018507 -0.294158 0.197642
vt 0.254329 0.031878
vn 0.748090 0.042931 -0.662207
v 0.018785 -0.298576 0.197642
vt 0.294206 0.025197
vn 0.700304 0.138971 -0.700187
v 0.018507 -0.294158 0.197642
vt 0.294396 0.029703
vn 0.700235 0.139427 -0.700165
v 0.056058 -0.293867 0.197642
vt 0.331111 0.024440
vn 0.682509 0.261656 -0.682435
v 0.055228 -0.289519 0.197642
vt 0.331126 0.028779
vn 0.682524 0.261711 -0.682399
v 0.092447 -0.284524 0.197642
vt 0.367701 0.025058
vn 0.660216 0.358232 -0.660140
v 0.091079 -0.280314 0.197642
vt 0.367537 0.029469
vn 0.660554 0.356983 -0.660478
v 0.127379 -0.270694 0.197642
vt 0.406800 0.027627
vn 0.599472 0.530495 -0.599340
v 0.125494 -0.266688 0.197642
vt 0.406630 0.032558
vn 0.599808 0.529674 -0.599729
v 0.160301 -0.252594 0.197642
vt 0.448739 0.027086
vn 0.508783 0.694521 -0.508704
v 0.157929 -0.248857 0.197642
vt 0.448852 0.031955
vn 0.508654 0.694749 -0.508523
v 0.190696 -0.230511 0.197642
vt 0.488857 0.025220
vn 0.439557 0.783328 -0.439531
v 0.187874 -0.227100 0.197642
vt 0.489047 0.029734
vn 0.439358 0.783550 -0.439333
v 0.218083 -0.204793 0.197642
vt 0.525798 0.024446
vn 0.390040 0.834167 -0.389917
v 0.214856 -0.201763 0.197642
vt 0.525835 0.028787
vn 0.389982 0.834198 -0.389908
v 0.199298 -0.187153 0.184301
vt 0.526078 0.054225
vn 0.383744 0.834416 -0.395588
v 0.174270 -0.210656 0.184301
vt 0.491059 0.055991
vn 0.407199 0.786671 -0.464044
v 0.161156 -0.220184 0.184301
vt 0.473813 0.058708
vn 0.412727 0.752303 -0.513514
v 0.111731 -0.248955 0.184301
vt 0.394939 0.058703
vn 0.671062 0.483049 -0.562440
v 0.084484 -0.260016 0.184301
vt 0.365978 0.054961
vn 0.673881 0.410923 -0.614025
v 0.051229 -0.268554 0.184301
vt 0.331317 0.054192
vn 0.674962 0.269596 -0.686836
v 0.017167 -0.272858 0.184301
vt 0.296391 0.055902
vn 0.661273 0.184991 -0.726978
v 0.001305 -0.272858 0.184301
vt 0.279568 0.058544
vn 0.639802 0.141589 -0.755385
v -0.054111 -0.267141 0.184301
vt 0.202905 0.058706
vn 0.894528 0.429478 -0.123974
v -0.084485 -0.260016 0.184301
vt 0.172328 0.054812
vn 0.901289 0.419532 -0.108033
v -0.092448 -0.284524 0.197642
vt 0.173835 0.025074
vn 0.919364 0.346329 -0.186616
v -0.092448 -0.284524 0.177141
vt 0.174128 0.004603
vn 0.917873 0.349400 -0.188225
v -0.056058 -0.293867 0.197642
vt 0.212524 0.027503
vn 0.888382 0.241105 -0.390700
v -0.056058 -0.293867 0.177141
vt 0.212870 0.005494
vn 0.886419 0.243107 -0.393905
v -0.018785 -0.298576 0.197642
vt 0.254221 0.027031
vn 0.800603 0.127982 -0.585367
v -0.018785 -0.298576 0.177141
vt 0.254010 0.004926
vn 0.798813 0.122412 -0.588993
v 0.018785 -0.298576 0.197642
vt 0.294206 0.025197
vn 0.717934 0.120609 -0.685584
v 0.018785 -0.298576 0.177141
vt 0.293824 0.004269
vn 0.713637 0.110274 -0.691781
v 0.056058 -0.293867 0.197642
vt 0.331111 0.024440
vn 0.679620 0.259340 -0.686192
v 0.056058 -0.293867 0.177141
vt 0.331075 0.004227
vn 0.678900 0.259063 -0.687009
v 0.092447 -0.284524 0.197642
vt 0.367701 0.025058
vn 0.621322 0.403756 -0.671520
v 0.092447 -0.284524 0.177141
vt 0.368023 0.004425
vn 0.626130 0.406814 -0.665179
v 0.127379 -0.270694 0.197642
vt 0.406800 0.027627
vn 0.583016 0.548733 -0.599153
v 0.127379 -0.270694 0.177141
vt 0.407135 0.005432
vn 0.586124 0.551678 -0.593389
v 0.160301 -0.252594 0.197642
vt 0.448739 0.027086
vn 0.531292 0.687520 -0.495020
v 0.160301 -0.252594 0.177141
vt 0.448524 0.004878
vn 0.530553 0.684585 -0.499857
v 0.190696 -0.230511 0.197642
vt 0.488857 0.025220
vn 0.463353 0.771270 -0.436402
v 0.190696 -0.230511 0.177141
vt 0.488467 0.004246
vn 0.462095 0.767570 -0.444190
v 0.218083 -0.204793 0.197642
vt 0.525798 0.024446
vn 0.390365 0.831512 -0.395226
v 0.218083 -0.204793 0.177141
vt 0.525752 0.004237
vn 0.390087 0.830880 -0.396826
v -0.055180 -0.254886 0.168735
vt 0.196790 0.076658
vn 0.897022 0.410407 -0.164068
v -0.058440 -0.242815 0.147861
vt 0.190741 0.099247
vn 0.902645 0.370493 -0.219013
v 0.211247 -0.153480 0.168735
vt 0.559813 0.074876
vn 0.342550 0.886957 -0.309784
v 0.202595 -0.147194 0.147861
vt 0.559425 0.098743
vn 0.334573 0.886554 -0.319504
v 0.259057 -0.032727 0.168735
vt 0.720045 0.074348
vn 0.056761 0.995739 -0.072677
v 0.252913 -0.064937 0.168735
vt 0.687288 0.076037
vn 0.080772 0.988183 -0.130271
v 0.248447 -0.031386 0.147861
vt 0.720274 0.098297
vn 0.056915 0.995716 -0.072870
v 0.243898 -0.055234 0.147861
vt 0.695452 0.099133
vn 0.086311 0.989355 -0.117162
v 0.261116 0.000000 0.168735
vt 0.753225 0.074749
vn 0.027137 0.999632 0.000611
v 0.250422 0.000000 0.147861
vt 0.752800 0.098458
vn 0.015548 0.999873 -0.003529
v 0.259577 0.024458 0.168735
vt 0.776783 0.076539
vn -0.013832 0.999459 0.029845
v 0.249319 0.017531 0.147861
vt 0.770607 0.098987
vn -0.037385 0.999294 0.003667
v 0.242780 0.096123 0.168735
vt 0.879124 0.076128
vn -0.233495 0.930095 -0.283555
v 0.229548 0.099175 0.147861
vt 0.887832 0.099226
vn -0.229474 0.937765 -0.260652
v 0.238449 -0.173244 0.197642
vt 0.562195 0.029402
vn 0.356501 0.874520 -0.328820
v 0.230175 -0.167232 0.192743
vt 0.561656 0.040772
vn 0.358019 0.876525 -0.321757
v 0.258282 -0.141992 0.197642
vt 0.600973 0.032408
vn 0.333147 0.894752 -0.297374
v 0.248534 -0.137894 0.192743
vt 0.597632 0.044625
vn 0.340829 0.894990 -0.287798
v 0.274042 -0.108501 0.197642
vt 0.642983 0.031936
vn 0.168394 0.969289 -0.179225
v 0.258282 -0.141992 0.197642
vt 0.600973 0.032408
vn 0.217724 0.950261 -0.222711
v 0.264532 -0.104736 0.192743
vt 0.643393 0.044764
vn 0.152968 0.972984 -0.172926
v 0.285479 -0.073299 0.197642
vt 0.682893 0.029807
vn 0.105402 0.986538 -0.125030
v 0.275573 -0.070755 0.192743
vt 0.683626 0.041522
vn 0.100452 0.986685 -0.127910
v 0.292415 -0.036941 0.197642
vt 0.719490 0.028902
vn 0.061910 0.996105 -0.062782
v 0.282268 -0.035659 0.192743
vt 0.719574 0.040137
vn 0.060329 0.996155 -0.063524
v 0.294739 0.000000 0.197642
vt 0.755698 0.029575
vn 0.038106 0.999179 -0.013744
v 0.284512 0.000000 0.192743
vt 0.755145 0.040871
vn 0.042110 0.999057 -0.010544
v 0.292415 0.036941 0.197642
vt 0.794239 0.032492
vn 0.003244 0.999897 0.014015
v 0.282417 0.033292 0.192743
vt 0.789814 0.044393
vn 0.012857 0.999787 0.016154
v 0.285479 0.073299 0.197642
vt 0.835403 0.032111
vn -0.146317 0.976920 -0.155626
v 0.292415 0.036941 0.197642
vt 0.794239 0.032492
vn -0.098700 0.989802 -0.102717
v 0.275573 0.070755 0.192743
vt 0.835747 0.044754
vn -0.161071 0.970506 -0.179374
v 0.274042 0.108501 0.197642
vt 0.874872 0.030145
vn -0.210072 0.950332 -0.229650
v 0.264532 0.104736 0.192743
vt 0.875569 0.041751
vn -0.214419 0.946396 -0.241574
v 0.242031 -0.175846 0.197642
vt 0.562341 0.025009
vn 0.348816 0.869888 -0.348744
v 0.238449 -0.173244 0.197642
vt 0.562195 0.029402
vn 0.349338 0.869469 -0.349266
v 0.262161 -0.144125 0.197642
vt 0.601159 0.027516
vn 0.269059 0.924810 -0.268948
v 0.258282 -0.141992 0.197642
vt 0.600973 0.032408
vn 0.269430 0.924582 -0.269363
v 0.278158 -0.110130 0.197642
vt 0.642873 0.027097
vn 0.174646 0.969022 -0.174626
v 0.274042 -0.108501 0.197642
vt 0.642983 0.031936
vn 0.174538 0.969069 -0.174477
v 0.289767 -0.074400 0.197642
vt 0.682699 0.025317
vn 0.108493 0.988165 -0.108437
v 0.285479 -0.073299 0.197642
vt 0.682893 0.029807
vn 0.108314 0.988208 -0.108222
v 0.296807 -0.037496 0.197642
vt 0.719468 0.024586
vn 0.062580 0.996081 -0.062495
v 0.292415 -0.036941 0.197642
vt 0.719490 0.028902
vn 0.062542 0.996086 -0.062456
v 0.299166 0.000000 0.197642
vt 0.755846 0.025207
vn 0.023772 0.999435 -0.023756
v 0.294739 0.000000 0.197642
vt 0.755698 0.029575
vn 0.024207 0.999414 -0.024191
v 0.296807 0.037495 0.197642
vt 0.794386 0.027665
vn -0.050301 0.997466 -0.050317
v 0.292415 0.036941 0.197642
vt 0.794239 0.032492
vn -0.050004 0.997499 -0.049954
v 0.289767 0.074400 0.197642
vt 0.835310 0.027339
vn -0.140704 0.980000 -0.140723
v 0.285479 0.073299 0.197642
vt 0.835403 0.032111
vn -0.140847 0.979959 -0.140866
v 0.278158 0.110130 0.197642
vt 0.874693 0.025699
vn -0.208131 0.955705 -0.208111
v 0.274042 0.108501 0.197642
vt 0.874872 0.030145
vn -0.208303 0.955621 -0.208324
v 0.254198 0.100644 0.184301
vt 0.876786 0.056053
vn -0.226101 0.934502 -0.274927
v 0.259207 0.085228 0.184301
vt 0.859729 0.058602
vn -0.207801 0.932541 -0.295272
v 0.271298 0.029331 0.184301
vt 0.783037 0.058393
vn 0.014008 0.999422 0.030965
v 0.273397 0.000000 0.184301
vt 0.754256 0.054874
vn 0.041605 0.999133 -0.001543
v 0.271241 -0.034266 0.184301
vt 0.719730 0.054196
vn 0.058031 0.996009 -0.067805
v 0.264808 -0.067991 0.184301
vt 0.684887 0.055923
vn 0.087268 0.986773 -0.136611
v 0.259906 -0.083077 0.184301
vt 0.668104 0.058549
vn 0.101200 0.976472 -0.190422
v 0.237345 -0.134014 0.184301
vt 0.591455 0.058802
vn 0.345286 0.901561 -0.260701
v 0.221183 -0.160699 0.184301
vt 0.560802 0.054864
vn 0.353985 0.883052 -0.308080
v 0.242031 -0.175846 0.197642
vt 0.562341 0.025009
vn 0.318652 0.877075 -0.359444
v 0.242031 -0.175846 0.177141
vt 0.562642 0.004454
vn 0.319643 0.879824 -0.351764
v 0.262161 -0.144125 0.197642
vt 0.601159 0.027516
vn 0.255261 0.928417 -0.269968
v 0.262161 -0.144125 0.177141
vt 0.601513 0.005469
vn 0.255741 0.930166 -0.263414
v 0.278158 -0.110130 0.197642
vt 0.642873 0.027097
vn 0.199340 0.964781 -0.171640
v 0.278158 -0.110130 0.177141
vt 0.642665 0.005028
vn 0.197922 0.964513 -0.174763
v 0.289767 -0.074400 0.197642
vt 0.682699 0.025317
vn 0.134384 0.984481 -0.112864
v 0.289767 -0.074400 0.177141
vt 0.682316 0.004468
vn 0.131523 0.984311 -0.117614
v 0.296807 -0.037496 0.197642
vt 0.719468 0.024586
vn 0.062903 0.995676 -0.068354
v 0.296807 -0.037496 0.177141
vt 0.719415 0.004482
vn 0.062889 0.995555 -0.070105
v 0.299166 0.000000 0.197642
vt 0.755846 0.025207
vn 0.000000 0.999265 -0.038331
v 0.299166 0.000000 0.177141
vt 0.756135 0.004789
vn 0.000000 0.999523 -0.030896
v 0.296807 0.037495 0.197642
vt 0.794386 0.027665
vn -0.062845 0.994914 -0.078713
v 0.296807 0.037495 0.177141
vt 0.794674 0.005896
vn -0.062886 0.995369 -0.072705
v 0.289767 0.074400 0.197642
vt 0.835310 0.027339
vn -0.135517 0.984533 -0.111039
v 0.289767 0.074400 0.177141
vt 0.835143 0.005574
vn -0.133857 0.984450 -0.113759
v 0.278158 0.110130 0.197642
vt 0.874693 0.025699
vn -0.197286 0.964382 -0.176198
v 0.278158 0.110130 0.177141
vt 0.874332 0.005077
vn -0.194781 0.963883 -0.181630
v 0.225360 -0.131243 0.168735
vt 0.585301 0.076795
vn 0.330070 0.910465 -0.249212
v 0.212872 -0.130613 0.147861
vt 0.579233 0.099435
vn 0.312070 0.913528 -0.260920
v -0.030739 0.065172 0.117705
vt 0.192517 0.727768
vn -0.510358 0.692013 -0.510541
v -0.018815 0.057088 0.117705
vt 0.172718 0.727765
vn -0.510556 0.692607 -0.509537
v -0.030739 0.065172 0.139328
vt 0.192716 0.757407
vn -0.510669 0.693017 -0.508866
v -0.018815 0.057088 0.139328
vt 0.172670 0.757455
vn -0.510861 0.693654 -0.507804
v -0.043702 0.058888 0.117705
vt 0.093614 0.727770
vn -0.897018 0.441781 -0.013724
v -0.030739 0.065172 0.117705
vt 0.073845 0.727777
vn -0.897018 0.441781 -0.013724
v -0.043702 0.058888 0.139328
vt 0.093624 0.757441
vn -0.897002 0.441814 -0.013683
v -0.030739 0.065172 0.139328
vt 0.073856 0.757449
vn -0.896994 0.441831 -0.013725
v -0.044742 0.044520 0.117705
vt 0.113384 0.727763
vn -0.074841 0.037581 0.996487
v -0.043702 0.058888 0.117705
vt 0.093614 0.727770
vn -0.074841 0.037581 0.996487
v -0.044742 0.044520 0.139328
vt 0.113391 0.757434
vn -0.074841 0.037581 0.996487
v -0.043702 0.058888 0.139328
vt 0.093624 0.757441
vn -0.074841 0.037581 0.996487
v -0.032818 0.036435 0.117705
vt 0.133157 0.727758
vn 0.883227 0.441738 0.157410
v -0.044742 0.044520 0.117705
vt 0.113384 0.727763
vn 0.883227 0.441738 0.157410
v -0.032818 0.036435 0.139328
vt 0.133156 0.757429
vn 0.883227 0.441738 0.157410
v -0.044742 0.044520 0.139328
vt 0.113391 0.757434
vn 0.883227 0.441738 0.157410
v -0.019855 0.042719 0.117705
vt 0.152934 0.727758
vn 0.583235 0.565424 -0.583209
v -0.032818 0.036435 0.117705
vt 0.133157 0.727758
vn 0.583235 0.565424 -0.583209
v -0.019855 0.042719 0.139328
vt 0.152917 0.757431
vn 0.583235 0.565424 -0.583209
v -0.032818 0.036435 0.139328
vt 0.133156 0.757429
vn 0.583235 0.565370 -0.583261
v -0.018815 0.057088 0.117705
vt 0.172718 0.727765
vn 0.036160 0.998680 -0.036471
v -0.019855 0.042719 0.117705
vt 0.152934 0.727758
vn 0.036170 0.998669 -0.036775
v -0.018815 0.057088 0.139328
vt 0.172670 0.757455
vn 0.036177 0.998661 -0.036978
v -0.019855 0.042719 0.139328
vt 0.152917 0.757431
vn 0.036156 0.998648 -0.037350
v -0.030739 0.065172 0.139328
vt 0.192716 0.757407
vn -0.457162 0.613090 -0.644301
v -0.018815 0.057088 0.139328
vt 0.172670 0.757455
vn -0.527495 0.775609 -0.346670
v -0.031778 0.050804 0.144268
vt 0.182710 0.775182
vn -0.511015 0.691236 -0.510937
v -0.043702 0.058888 0.139328
vt 0.203137 0.775074
vn -0.403887 0.541409 -0.737395
v -0.044742 0.044520 0.139328
vt 0.192960 0.792862
vn -0.455089 0.614998 -0.643951
v -0.032818 0.036435 0.139328
vt 0.172480 0.792876
vn -0.528394 0.774864 -0.346966
v -0.019855 0.042719 0.139328
vt 0.162280 0.775111
vn -0.528535 0.820374 -0.218258
v 0.063175 -0.034658 0.117705
vt 0.133163 0.727754
vn 0.706371 0.045940 -0.706349
v 0.048777 -0.035125 0.117705
vt 0.113390 0.727754
vn 0.706392 0.045986 -0.706325
v 0.063175 -0.034658 0.139328
vt 0.133155 0.757424
vn 0.706392 0.045986 -0.706325
v 0.048777 -0.035125 0.139328
vt 0.113390 0.757425
vn 0.706413 0.046032 -0.706302
v 0.069969 -0.021954 0.117705
vt 0.152940 0.727758
vn 0.250138 0.935311 -0.250248
v 0.063175 -0.034658 0.117705
vt 0.133163 0.727754
vn 0.250102 0.935296 -0.250343
v 0.069969 -0.021954 0.139328
vt 0.152916 0.757431
vn 0.250109 0.935280 -0.250394
v 0.063175 -0.034658 0.139328
vt 0.133155 0.757424
vn 0.250116 0.935264 -0.250445
v 0.062365 -0.009719 0.117705
vt 0.172724 0.727770
vn -0.284496 0.915301 -0.285108
v 0.069969 -0.021954 0.117705
vt 0.152940 0.727758
vn -0.284446 0.915205 -0.285466
v 0.062365 -0.009719 0.139328
vt 0.172669 0.757460
vn -0.284425 0.915147 -0.285672
v 0.069969 -0.021954 0.139328
vt 0.152916 0.757431
vn -0.284421 0.915051 -0.285984
v 0.047967 -0.010187 0.117705
vt 0.192523 0.727778
vn -0.750955 0.045796 -0.658763
v 0.062365 -0.009719 0.117705
vt 0.172724 0.727770
vn -0.751075 0.046620 -0.658569
v 0.047967 -0.010187 0.139328
vt 0.192715 0.757417
vn -0.751484 0.047535 -0.658037
v 0.062365 -0.009719 0.139328
vt 0.172669 0.757460
vn -0.752033 0.048863 -0.657311
v 0.041173 -0.022890 0.117705
vt 0.093620 0.727756
vn -0.565540 0.282807 0.774716
v 0.047967 -0.010187 0.117705
vt 0.073851 0.727759
vn -0.565540 0.282807 0.774716
v 0.041173 -0.022890 0.139328
vt 0.093623 0.757427
vn -0.565540 0.282807 0.774716
v 0.047967 -0.010187 0.139328
vt 0.073854 0.757430
vn -0.565540 0.282807 0.774716
v 0.048777 -0.035125 0.117705
vt 0.113390 0.727754
vn 0.634978 0.317552 0.704247
v 0.041173 -0.022890 0.117705
vt 0.093620 0.727756
vn 0.634978 0.317552 0.704247
v 0.048777 -0.035125 0.139328
vt 0.113390 0.757425
vn 0.634978 0.317552 0.704247
v 0.041173 -0.022890 0.139328
vt 0.093623 0.757427
vn 0.634978 0.317552 0.704247
v 0.063175 -0.034658 0.139328
vt 0.172470 0.792881
vn -0.819046 0.270111 -0.506165
v 0.048777 -0.035125 0.139328
vt 0.192950 0.792872
vn -0.833679 0.039860 -0.550809
v 0.055571 -0.022422 0.144268
vt 0.182704 0.775189
vn -0.751776 0.046983 -0.657743
v 0.069969 -0.021954 0.139328
vt 0.162274 0.775113
vn -0.826195 0.438632 -0.353558
v 0.062365 -0.009719 0.139328
vt 0.172669 0.757460
vn -0.817752 0.267506 -0.509629
v 0.047967 -0.010187 0.139328
vt 0.192715 0.757417
vn -0.836072 0.044027 -0.546850
v 0.041173 -0.022890 0.139328
vt 0.203131 0.775087
vn -0.884693 0.037629 -0.464653
v -0.071481 -0.009095 0.117705
vt 0.093620 0.727756
vn -0.868076 0.434097 0.240841
v -0.060108 -0.000253 0.117705
vt 0.073850 0.727759
vn -0.868076 0.434097 0.240841
v -0.071481 -0.009095 0.139328
vt 0.093622 0.757427
vn -0.868076 0.434097 0.240841
v -0.060108 -0.000253 0.139328
vt 0.073854 0.757430
vn -0.868076 0.434097 0.240841
v -0.069511 -0.023365 0.117705
vt 0.113390 0.727753
vn 0.146327 0.073228 0.986522
v -0.071481 -0.009095 0.117705
vt 0.093620 0.727756
vn 0.146327 0.073228 0.986522
v -0.069511 -0.023365 0.139328
vt 0.113390 0.757424
vn 0.146327 0.073228 0.986522
v -0.071481 -0.009095 0.139328
vt 0.093622 0.757427
vn 0.146327 0.073228 0.986522
v -0.056167 -0.028794 0.117705
vt 0.133162 0.727753
vn 0.908407 0.407564 -0.093214
v -0.069511 -0.023365 0.117705
vt 0.113390 0.727753
vn 0.908407 0.407564 -0.093214
v -0.056167 -0.028794 0.139328
vt 0.133155 0.757424
vn 0.908407 0.407564 -0.093214
v -0.069511 -0.023365 0.139328
vt 0.113390 0.757424
vn 0.908407 0.407564 -0.093214
v -0.044793 -0.019953 0.117705
vt 0.152939 0.727758
vn 0.475768 0.739641 -0.476000
v -0.056167 -0.028794 0.117705
vt 0.133162 0.727753
vn 0.475768 0.739641 -0.476000
v -0.044793 -0.019953 0.139328
vt 0.152916 0.757431
vn 0.475774 0.739600 -0.476058
v -0.056167 -0.028794 0.139328
vt 0.133155 0.757424
vn 0.475722 0.739600 -0.476110
v -0.046764 -0.005682 0.117705
vt 0.172724 0.727770
vn -0.068723 0.995222 -0.069363
v -0.044793 -0.019953 0.117705
vt 0.152939 0.727758
vn -0.068741 0.995200 -0.069657
v -0.046764 -0.005682 0.139328
vt 0.172669 0.757460
vn -0.068752 0.995186 -0.069842
v -0.044793 -0.019953 0.139328
vt 0.152916 0.757431
vn -0.068735 0.995164 -0.070171
v -0.060108 -0.000253 0.117705
vt 0.192523 0.727778
vn -0.612690 0.498541 -0.613243
v -0.046764 -0.005682 0.117705
vt 0.172724 0.727770
vn -0.613058 0.499320 -0.612242
v -0.060108 -0.000253 0.139328
vt 0.192715 0.757416
vn -0.613203 0.499931 -0.611597
v -0.046764 -0.005682 0.139328
vt 0.172669 0.757460
vn -0.613477 0.500931 -0.610503
v -0.071481 -0.009095 0.139328
vt 0.203131 0.775087
vn -0.462897 0.371258 -0.804918
v -0.060108 -0.000253 0.139328
vt 0.192715 0.757416
vn -0.533652 0.428212 -0.729281
v -0.058137 -0.014524 0.144268
vt 0.182704 0.775189
vn -0.613270 0.497762 -0.613296
v -0.069511 -0.023365 0.139328
vt 0.192950 0.792872
vn -0.531799 0.431067 -0.728952
v -0.056167 -0.028794 0.139328
vt 0.172470 0.792881
vn -0.636123 0.635758 -0.437217
v -0.044793 -0.019953 0.139328
vt 0.162274 0.775113
vn -0.630928 0.719781 -0.289559
v -0.046764 -0.005682 0.139328
vt 0.172669 0.757460
vn -0.635230 0.636690 -0.437160
v -0.013439 -0.070793 0.117705
vt 0.113376 0.727783
vn 0.395187 0.198037 0.897000
v -0.018333 -0.057244 0.117705
vt 0.093605 0.727798
vn 0.395175 0.197985 0.897017
v -0.013439 -0.070793 0.139328
vt 0.113394 0.757455
vn 0.395175 0.197985 0.897017
v -0.018333 -0.057244 0.139328
vt 0.093626 0.757469
vn 0.395175 0.197985 0.897017
v 0.000742 -0.073329 0.117705
vt 0.133148 0.727771
vn 0.879419 0.232346 -0.415496
v -0.013439 -0.070793 0.117705
vt 0.113376 0.727783
vn 0.879419 0.232346 -0.415496
v 0.000742 -0.073329 0.139328
vt 0.133159 0.757442
vn 0.879427 0.232395 -0.415453
v -0.013439 -0.070793 0.139328
vt 0.113394 0.757455
vn 0.879427 0.232395 -0.415453
v 0.010029 -0.062316 0.117705
vt 0.152925 0.727764
vn 0.362225 0.859042 -0.361718
v 0.000742 -0.073329 0.117705
vt 0.133148 0.727771
vn 0.362177 0.859042 -0.361767
v 0.010029 -0.062316 0.139328
vt 0.152919 0.757437
vn 0.362186 0.859014 -0.361824
v 0.000742 -0.073329 0.139328
vt 0.133159 0.757442
vn 0.362186 0.859014 -0.361824
v 0.005134 -0.048767 0.117705
vt 0.172710 0.727764
vn -0.175006 0.968893 -0.174986
v 0.010029 -0.062316 0.117705
vt 0.152925 0.727764
vn -0.174999 0.968837 -0.175301
v 0.005134 -0.048767 0.139328
vt 0.172672 0.757454
vn -0.174981 0.968800 -0.175525
v 0.010029 -0.062316 0.139328
vt 0.152919 0.757437
vn -0.174975 0.968744 -0.175840
v -0.009047 -0.046231 0.117705
vt 0.192509 0.727759
vn -0.685668 0.245410 -0.685298
v 0.005134 -0.048767 0.117705
vt 0.172710 0.727764
vn -0.686123 0.246722 -0.684371
v -0.009047 -0.046231 0.139328
vt 0.192719 0.757398
vn -0.686394 0.247542 -0.683802
v 0.005134 -0.048767 0.139328
vt 0.172672 0.757454
vn -0.686832 0.248801 -0.682905
v -0.018333 -0.057244 0.117705
vt 0.093605 0.727798
vn -0.762087 0.381463 0.523173
v -0.009047 -0.046231 0.117705
vt 0.073836 0.727813
vn -0.762087 0.381463 0.523173
v -0.018333 -0.057244 0.139328
vt 0.093626 0.757469
vn -0.762087 0.381463 0.523173
v -0.009047 -0.046231 0.139328
vt 0.073858 0.757484
vn -0.762087 0.381463 0.523173
v -0.013439 -0.070793 0.139328
vt 0.192975 0.792853
vn -0.582652 0.206041 -0.786170
v -0.018333 -0.057244 0.139328
vt 0.203146 0.775062
vn -0.500258 0.173084 -0.848401
v -0.004152 -0.059780 0.144268
vt 0.182719 0.775177
vn -0.685894 0.243170 -0.685870
v 0.000742 -0.073329 0.139328
vt 0.172496 0.792875
vn -0.734161 0.440765 -0.516463
v 0.010029 -0.062316 0.139328
vt 0.162289 0.775114
vn -0.734743 0.578083 -0.354927
v 0.005134 -0.048767 0.139328
vt 0.172672 0.757454
vn -0.733416 0.442353 -0.516164
v -0.009047 -0.046231 0.139328
vt 0.192719 0.757398
vn -0.584390 0.202492 -0.785802
v 0.052484 0.049374 0.117705
vt 0.152939 0.727758
vn 0.141775 0.979663 -0.141987
v 0.048479 0.035535 0.117705
vt 0.133162 0.727753
vn 0.141780 0.979656 -0.142030
v 0.052484 0.049374 0.139328
vt 0.152916 0.757431
vn 0.141780 0.979656 -0.142030
v 0.048479 0.035535 0.139328
vt 0.133155 0.757424
vn 0.141784 0.979649 -0.142074
v 0.042502 0.059761 0.117705
vt 0.172724 0.727770
vn -0.397343 0.826865 -0.398011
v 0.052484 0.049374 0.117705
vt 0.152939 0.727758
vn -0.397277 0.826737 -0.398342
v 0.042502 0.059761 0.139328
vt 0.172669 0.757460
vn -0.397253 0.826641 -0.398565
v 0.052484 0.049374 0.139328
vt 0.152916 0.757431
vn -0.397179 0.826545 -0.398838
v 0.028515 0.056309 0.117705
vt 0.192523 0.727778
vn -0.903923 0.298499 -0.306303
v 0.042502 0.059761 0.117705
vt 0.172724 0.727770
vn -0.903800 0.299241 -0.305941
v 0.028515 0.056309 0.139328
vt 0.192715 0.757416
vn -0.903762 0.299903 -0.305406
v 0.042502 0.059761 0.139328
vt 0.172669 0.757460
vn -0.903702 0.300942 -0.304558
v 0.024511 0.042471 0.117705
vt 0.093620 0.727755
vn -0.316485 0.158296 0.935297
v 0.028515 0.056309 0.117705
vt 0.073850 0.727758
vn -0.316485 0.158296 0.935297
v 0.024511 0.042471 0.139328
vt 0.093623 0.757427
vn -0.316485 0.158296 0.935297
v 0.028515 0.056309 0.139328
vt 0.073854 0.757430
vn -0.316485 0.158296 0.935297
v 0.034493 0.032084 0.117705
vt 0.113390 0.727753
vn 0.805191 0.402658 0.435354
v 0.024511 0.042471 0.117705
vt 0.093620 0.727755
vn 0.805191 0.402658 0.435354
v 0.034493 0.032084 0.139328
vt 0.113390 0.757424
vn 0.805191 0.402658 0.435354
v 0.024511 0.042471 0.139328
vt 0.093623 0.757427
vn 0.805156 0.402666 0.435413
v 0.048479 0.035535 0.117705
vt 0.133162 0.727753
vn 0.667626 0.329520 -0.667601
v 0.034493 0.032084 0.117705
vt 0.113390 0.727753
vn 0.667626 0.329520 -0.667601
v 0.048479 0.035535 0.139328
vt 0.133155 0.757424
vn 0.667626 0.329520 -0.667601
v 0.034493 0.032084 0.139328
vt 0.113390 0.757424
vn 0.667626 0.329520 -0.667601
v 0.052484 0.049374 0.139328
vt 0.162274 0.775114
vn -0.836925 0.542374 -0.073394
v 0.048479 0.035535 0.139328
vt 0.172470 0.792881
vn -0.878390 0.445295 -0.173617
v 0.038497 0.045922 0.144268
vt 0.182704 0.775189
vn -0.904035 0.299473 -0.305020
v 0.042502 0.059761 0.139328
vt 0.172669 0.757460
vn -0.878555 0.443874 -0.176402
v 0.028515 0.056309 0.139328
vt 0.192715 0.757416
vn -0.934391 0.253776 -0.250024
v 0.024511 0.042471 0.139328
vt 0.203131 0.775087
vn -0.952501 0.217093 -0.213569
v 0.034493 0.032084 0.139328
vt 0.192950 0.792871
vn -0.934120 0.250480 -0.254323
v -0.046959 0.039436 0.149893
vt 0.187669 0.299328
vn 0.632655 0.316315 0.706889
v -0.050455 0.050287 0.153752
vt 0.172657 0.294248
vn -0.085889 0.042902 0.995381
v -0.046959 0.039436 0.118125
vt 0.187669 0.341159
vn 0.687946 0.343935 0.639093
v -0.050455 0.050287 0.118125
vt 0.172657 0.341159
vn -0.018066 0.009010 0.999796
v -0.046939 0.061155 0.157391
vt 0.157615 0.289456
vn -0.747500 0.373737 0.549149
v -0.037660 0.067885 0.158238
vt 0.142522 0.288340
vn -0.912382 0.379630 -0.153100
v -0.046939 0.061155 0.118125
vt 0.157615 0.341159
vn -0.712527 0.356251 0.604475
v -0.037660 0.067885 0.118125
vt 0.142522 0.341159
vn -0.912868 0.363434 -0.185979
v -0.037791 0.032831 0.147115
vt 0.202548 0.302987
vn 0.911106 0.392182 -0.126807
v -0.037791 0.032831 0.118125
vt 0.202547 0.341159
vn 0.912854 0.366798 -0.179325
v -0.026381 0.032797 0.145537
vt 0.217572 0.305064
vn 0.650996 0.390525 -0.650918
v -0.026381 0.032797 0.118125
vt 0.217572 0.341160
vn 0.645499 0.408448 -0.645369
v -0.017106 0.039488 0.145384
vt 0.232631 0.305266
vn 0.317911 0.893258 -0.317841
v -0.017106 0.039488 0.118125
vt 0.232631 0.341160
vn 0.324815 0.888277 -0.324744
v -0.013375 0.050419 0.147075
vt 0.247840 0.303040
vn -0.030302 0.999082 -0.030285
v -0.013375 0.050419 0.118125
vt 0.247841 0.341159
vn -0.007213 0.999948 -0.007229
v -0.017082 0.061434 0.150785
vt 0.263144 0.298154
vn -0.379797 0.843499 -0.379821
v -0.017082 0.061434 0.118125
vt 0.263144 0.341159
vn -0.342121 0.875170 -0.342097
v -0.026422 0.067834 0.155129
vt 0.278053 0.292434
vn -0.672793 0.307787 -0.672768
v -0.026422 0.067834 0.118125
vt 0.278053 0.341159
vn -0.652132 0.386542 -0.652158
v -0.037660 0.067885 0.158238
vt 0.292851 0.288340
vn -0.912391 0.379590 -0.153146
v -0.037660 0.067885 0.118125
vt 0.292851 0.341159
vn -0.912875 0.363392 -0.186025
v -0.046959 0.039436 0.118125
vt 0.279224 0.387292
vn -0.507793 0.695930 -0.507767
v -0.050455 0.050287 0.118125
vt 0.291098 0.378107
vn -0.507850 0.695885 -0.507772
v -0.037791 0.032831 0.118125
vt 0.264349 0.387642
vn -0.507850 0.695885 -0.507772
v -0.026381 0.032797 0.118125
vt 0.251930 0.379187
vn -0.507850 0.695885 -0.507772
v -0.017106 0.039488 0.118125
vt 0.246835 0.365016
vn -0.507850 0.695885 -0.507772
v -0.046939 0.061155 0.118125
vt 0.295368 0.363684
vn -0.507850 0.695885 -0.507772
v -0.037660 0.067885 0.118125
vt 0.290298 0.349468
vn -0.507850 0.695885 -0.507772
v -0.013375 0.050419 0.118125
vt 0.250919 0.350365
vn -0.507850 0.695885 -0.507772
v -0.017082 0.061434 0.118125
vt 0.263144 0.341159
vn -0.507798 0.695885 -0.507824
v -0.026422 0.067834 0.118125
vt 0.278053 0.341159
vn -0.507850 0.695885 -0.507772
v 0.022994 0.056847 0.149893
vt 0.187669 0.299328
vn -0.764112 0.381992 0.519822
v 0.032234 0.063525 0.153752
vt 0.172657 0.294248
vn -0.901123 0.288829 -0.323350
v 0.022994 0.056847 0.118125
vt 0.187669 0.341159
vn -0.719280 0.359576 0.594425
v 0.032234 0.063525 0.118125
vt 0.172657 0.341159
vn -0.912040 0.345686 -0.220645
v 0.043657 0.063539 0.157391
vt 0.157615 0.289456
vn -0.621490 0.477141 -0.621359
v 0.052925 0.056795 0.158238
vt 0.142522 0.288340
vn -0.338285 0.878165 -0.338214
v 0.043657 0.063539 0.118125
vt 0.157615 0.341159
vn -0.638777 0.428907 -0.638751
v 0.052925 0.056795 0.118125
vt 0.142522 0.341159
vn -0.325978 0.887408 -0.325954
v 0.019547 0.046086 0.147115
vt 0.202547 0.302987
vn -0.048221 0.024102 0.998546
v 0.019547 0.046086 0.118125
vt 0.202547 0.341159
vn -0.009863 0.004908 0.999939
v 0.023040 0.035224 0.145537
vt 0.217572 0.305064
vn 0.683241 0.341582 0.645370
v 0.023040 0.035224 0.118125
vt 0.217571 0.341159
vn 0.696867 0.348472 0.626852
v 0.032269 0.028471 0.145384
vt 0.232631 0.305267
vn 0.912501 0.352200 -0.208079
v 0.032269 0.028471 0.118125
vt 0.232631 0.341160
vn 0.912835 0.361864 -0.189174
v 0.043819 0.028300 0.147075
vt 0.247841 0.303040
vn 0.617955 0.486103 -0.617929
v 0.043819 0.028300 0.118125
vt 0.247841 0.341160
vn 0.636948 0.434467 -0.636817
v 0.053149 0.035230 0.150785
vt 0.263144 0.298154
vn 0.267310 0.925824 -0.267198
v 0.053149 0.035230 0.118125
vt 0.263144 0.341160
vn 0.304240 0.902713 -0.304217
v 0.056349 0.046091 0.155129
vt 0.278053 0.292435
vn -0.044664 0.998004 -0.044647
v 0.056349 0.046091 0.118125
vt 0.278053 0.341160
vn -0.013024 0.999830 -0.013040
v 0.052925 0.056795 0.158238
vt 0.292851 0.288341
vn -0.338294 0.878140 -0.338270
v 0.052925 0.056795 0.118125
vt 0.292851 0.341159
vn -0.325931 0.887408 -0.326001
v 0.022994 0.056847 0.118125
vt 0.279224 0.387292
vn 0.144188 0.978992 -0.144168
v 0.032234 0.063525 0.118125
vt 0.291098 0.378108
vn 0.144236 0.978978 -0.144216
v 0.019547 0.046086 0.118125
vt 0.264349 0.387642
vn 0.144236 0.978978 -0.144216
v 0.023040 0.035224 0.118125
vt 0.251930 0.379187
vn 0.144275 0.978978 -0.144178
v 0.032269 0.028471 0.118125
vt 0.246835 0.365016
vn 0.144236 0.978978 -0.144216
v 0.043657 0.063539 0.118125
vt 0.295368 0.363684
vn 0.144275 0.978978 -0.144178
v 0.052925 0.056795 0.118125
vt 0.290298 0.349468
vn 0.144236 0.978978 -0.144216
v 0.043819 0.028300 0.118125
vt 0.250919 0.350365
vn 0.144231 0.978985 -0.144173
v 0.053149 0.035230 0.118125
vt 0.263144 0.341160
vn 0.144231 0.978985 -0.144173
v 0.056349 0.046091 0.118125
vt 0.278053 0.341160
vn 0.144231 0.978985 -0.144173
v -0.052017 -0.032474 0.149893
vt 0.187669 0.299329
vn 0.668398 0.326585 -0.668271
v -0.063417 -0.032446 0.153752
vt 0.172657 0.294248
vn 0.906996 0.413448 -0.080121
v -0.052017 -0.032474 0.118125
vt 0.187669 0.341159
vn 0.649135 0.396671 -0.649058
v -0.063417 -0.032446 0.118125
vt 0.172657 0.341160
vn 0.912748 0.372548 -0.167629
v -0.072667 -0.025743 0.157391
vt 0.157615 0.289456
vn 0.654843 0.327460 0.681139
v -0.076200 -0.014839 0.158238
vt 0.142522 0.288340
vn 0.028483 0.014266 0.999492
v -0.072667 -0.025743 0.118125
vt 0.157615 0.341159
vn 0.695143 0.347559 0.629269
v -0.076200 -0.014839 0.118125
vt 0.142522 0.341159
vn 0.005182 0.002599 0.999983
v -0.042902 -0.025795 0.147115
vt 0.202547 0.302987
vn 0.348499 0.870123 -0.348475
v -0.042902 -0.025795 0.118125
vt 0.202547 0.341159
vn 0.328419 0.885606 -0.328395
v -0.039344 -0.014954 0.145537
vt 0.217572 0.305065
vn 0.011423 0.999870 -0.011376
v -0.039344 -0.014954 0.118125
vt 0.217572 0.341159
vn 0.003968 0.999984 -0.003922
v -0.042841 -0.004066 0.145384
vt 0.232631 0.305267
vn -0.328354 0.885653 -0.328331
v -0.042841 -0.004066 0.118125
vt 0.232631 0.341159
vn -0.321494 0.890673 -0.321471
v -0.052085 0.002861 0.147075
vt 0.247840 0.303040
vn -0.663885 0.344112 -0.663961
v -0.052085 0.002861 0.118125
vt 0.247840 0.341159
vn -0.647938 0.400483 -0.647912
v -0.063706 0.002738 0.150785
vt 0.263144 0.298154
vn -0.903433 0.425517 -0.052378
v -0.063706 0.002738 0.118125
vt 0.263144 0.341159
vn -0.912005 0.384370 -0.143200
v -0.072679 -0.004167 0.155129
vt 0.278052 0.292435
vn -0.617443 0.308684 0.723518
v -0.072679 -0.004167 0.118125
vt 0.278052 0.341159
vn -0.680327 0.340151 0.649194
v -0.076200 -0.014839 0.158238
vt 0.292851 0.288341
vn 0.028515 0.014234 0.999492
v -0.076200 -0.014839 0.118125
vt 0.292851 0.341159
vn 0.005213 0.002599 0.999983
v -0.052017 -0.032474 0.118125
vt 0.279224 0.387292
vn -0.869517 0.434747 0.234383
v -0.063417 -0.032446 0.118125
vt 0.291098 0.378108
vn -0.869517 0.434747 0.234383
v -0.042902 -0.025795 0.118125
vt 0.264349 0.387642
vn -0.869517 0.434747 0.234383
v -0.039344 -0.014954 0.118125
vt 0.251930 0.379187
vn -0.869517 0.434747 0.234383
v -0.042841 -0.004066 0.118125
vt 0.246835 0.365016
vn -0.869517 0.434747 0.234383
v -0.072667 -0.025743 0.118125
vt 0.295368 0.363684
vn -0.869517 0.434747 0.234383
v -0.076200 -0.014839 0.118125
vt 0.290298 0.349468
vn -0.869517 0.434747 0.234383
v -0.052085 0.002861 0.118125
vt 0.250918 0.350364
vn -0.869517 0.434747 0.234383
v -0.063706 0.002738 0.118125
vt 0.263144 0.341159
vn -0.869538 0.434734 0.234330
v -0.072679 -0.004167 0.118125
vt 0.278052 0.341159
vn -0.869517 0.434747 0.234383
v 0.014811 -0.059506 0.149893
vt 0.187669 0.299328
vn 0.037337 0.998608 -0.037255
v 0.011261 -0.070339 0.153752
vt 0.172657 0.294247
vn 0.367698 0.854195 -0.367625
v 0.014811 -0.059506 0.118125
vt 0.187669 0.341159
vn 0.008819 0.999923 -0.008772
v 0.011261 -0.070339 0.118125
vt 0.172657 0.341159
vn 0.332799 0.882330 -0.332775
v 0.002028 -0.077066 0.157390
vt 0.157615 0.289456
vn 0.661257 0.354373 -0.661180
v -0.009434 -0.077056 0.158238
vt 0.142522 0.288340
vn 0.911232 0.337503 -0.236112
v 0.002028 -0.077066 0.118125
vt 0.157615 0.341159
vn 0.646252 0.406059 -0.646123
v -0.009434 -0.077056 0.118125
vt 0.142522 0.341159
vn 0.912676 0.355553 -0.201504
v 0.011275 -0.048774 0.147115
vt 0.202547 0.302987
vn -0.297961 0.906907 -0.297892
v 0.011275 -0.048774 0.118125
vt 0.202547 0.341159
vn -0.317856 0.893281 -0.317832
v 0.002065 -0.042039 0.145537
vt 0.217572 0.305064
vn -0.633604 0.443988 -0.633578
v 0.002065 -0.042039 0.118125
vt 0.217572 0.341160
vn -0.639492 0.426692 -0.639518
v -0.009372 -0.042001 0.145384
vt 0.232631 0.305267
vn -0.912862 0.366685 -0.179513
v -0.009372 -0.042001 0.118125
vt 0.232631 0.341159
vn -0.912749 0.357196 -0.198245
v -0.018816 -0.048651 0.147075
vt 0.247840 0.303040
vn -0.646902 0.323413 0.690595
v -0.018816 -0.048651 0.118125
vt 0.247840 0.341159
vn -0.690937 0.345456 0.635032
v -0.022290 -0.059742 0.150785
vt 0.263144 0.298154
vn 0.110051 0.055017 0.992402
v -0.022290 -0.059742 0.118125
vt 0.263144 0.341159
vn 0.035811 0.017882 0.999199
v -0.018496 -0.070409 0.155129
vt 0.278052 0.292434
vn 0.774546 0.387260 0.500108
v -0.018496 -0.070409 0.118125
vt 0.278052 0.341159
vn 0.726188 0.363107 0.583784
v -0.009434 -0.077056 0.158238
vt 0.292851 0.288340
vn 0.911218 0.337470 -0.236211
v -0.009434 -0.077056 0.118125
vt 0.292851 0.341159
vn 0.912661 0.355564 -0.201555
v 0.014811 -0.059506 0.118125
vt 0.279224 0.387292
vn 0.389536 0.194734 0.900189
v 0.011261 -0.070339 0.118125
vt 0.291098 0.378107
vn 0.389482 0.194730 0.900213
v 0.011275 -0.048774 0.118125
vt 0.264349 0.387642
vn 0.389482 0.194730 0.900213
v 0.002065 -0.042039 0.118125
vt 0.251930 0.379187
vn 0.389482 0.194730 0.900213
v -0.009372 -0.042001 0.118125
vt 0.246835 0.365016
vn 0.389482 0.194730 0.900213
v 0.002028 -0.077066 0.118125
vt 0.295368 0.363684
vn 0.389482 0.194730 0.900213
v -0.009434 -0.077056 0.118125
vt 0.290298 0.349468
vn 0.389482 0.194730 0.900213
v -0.018816 -0.048651 0.118125
vt 0.250918 0.350365
vn 0.389482 0.194730 0.900213
v -0.022290 -0.059742 0.118125
vt 0.263144 0.341159
vn 0.389415 0.194674 0.900254
v -0.018496 -0.070409 0.118125
vt 0.278052 0.341159
vn 0.389482 0.194730 0.900213
v 0.061170 -0.004302 0.149893
vt 0.187668 0.299329
vn -0.611914 0.501154 -0.611887
v 0.070377 -0.011026 0.153752
vt 0.172656 0.294248
vn -0.279052 0.918829 -0.279074
v 0.061170 -0.004302 0.118125
vt 0.187669 0.341160
vn -0.635645 0.438039 -0.635671
v 0.070377 -0.011026 0.118125
vt 0.172657 0.341160
vn -0.313530 0.896333 -0.313507
v 0.073920 -0.021886 0.157391
vt 0.157615 0.289457
vn 0.026255 0.999313 -0.026175
v 0.070370 -0.032784 0.158238
vt 0.142522 0.288341
vn 0.308068 0.900144 -0.307953
v 0.073920 -0.021886 0.118125
vt 0.157615 0.341160
vn 0.004931 0.999976 -0.004853
v 0.070370 -0.032784 0.118125
vt 0.142522 0.341160
vn 0.320280 0.891547 -0.320257
v 0.049871 -0.004348 0.147115
vt 0.202547 0.302987
vn -0.908829 0.321405 -0.265950
v 0.049871 -0.004348 0.118125
vt 0.202548 0.341160
vn -0.912503 0.352083 -0.208270
v 0.040620 -0.011027 0.145537
vt 0.217572 0.305064
vn -0.723624 0.361748 0.587799
v 0.040620 -0.011027 0.118125
vt 0.217572 0.341160
vn -0.710862 0.355367 0.606951
v 0.037049 -0.021892 0.145384
vt 0.232631 0.305267
vn 0.009643 0.004814 0.999942
v 0.037049 -0.021892 0.118125
vt 0.232631 0.341159
vn -0.003143 0.001548 0.999994
v 0.040456 -0.032929 0.147075
vt 0.247840 0.303040
vn 0.753700 0.376837 0.538452
v 0.040456 -0.032929 0.118125
vt 0.247840 0.341159
vn 0.716490 0.358257 0.598577
v 0.049930 -0.039661 0.150785
vt 0.263144 0.298154
vn 0.893821 0.266624 -0.360550
v 0.049930 -0.039661 0.118125
vt 0.263144 0.341159
vn 0.910465 0.331636 -0.247125
v 0.061248 -0.039348 0.155129
vt 0.278052 0.292434
vn 0.605393 0.516874 -0.605261
v 0.061248 -0.039348 0.118125
vt 0.278053 0.341159
vn 0.632375 0.447553 -0.632296
v 0.070370 -0.032784 0.158238
vt 0.292850 0.288341
vn 0.308068 0.900144 -0.307953
v 0.070370 -0.032784 0.118125
vt 0.292851 0.341159
vn 0.320327 0.891547 -0.320210
v 0.061170 -0.004302 0.118125
vt 0.279224 0.387292
vn 0.706601 0.039044 -0.706534
v 0.070377 -0.011026 0.118125
vt 0.291098 0.378107
vn 0.706601 0.039044 -0.706534
v 0.049871 -0.004348 0.118125
vt 0.264350 0.387642
vn 0.706601 0.039044 -0.706534
v 0.040620 -0.011027 0.118125
vt 0.251930 0.379187
vn 0.706580 0.038998 -0.706558
v 0.037049 -0.021892 0.118125
vt 0.246835 0.365015
vn 0.706601 0.039044 -0.706534
v 0.073920 -0.021886 0.118125
vt 0.295368 0.363684
vn 0.706580 0.038998 -0.706558
v 0.070370 -0.032784 0.118125
vt 0.290298 0.349468
vn 0.706601 0.039044 -0.706534
v 0.040456 -0.032929 0.118125
vt 0.250918 0.350365
vn 0.706622 0.039089 -0.706511
v 0.049930 -0.039661 0.118125
vt 0.263144 0.341159
vn 0.706577 0.039089 -0.706555
v 0.061248 -0.039348 0.118125
vt 0.278053 0.341159
vn 0.706622 0.039089 -0.706511
v 0.020766 0.010995 0.131310
vt 0.038417 0.984196
vn -0.222247 0.228693 0.947790
v 0.020544 0.011483 0.130878
vt 0.035593 0.982174
vn -0.225140 0.229203 0.946984
v 0.021805 0.013412 0.131132
vt 0.029066 0.986991
vn -0.240786 0.231847 0.942480
v 0.021251 0.013135 0.130756
vt 0.030720 0.983941
vn -0.247857 0.233023 0.940355
v -0.021266 0.013135 0.130756
vt 0.030721 0.831023
vn 0.247247 0.232939 0.940536
v -0.020560 0.011483 0.130879
vt 0.035594 0.832789
vn 0.225091 0.229196 0.946997
v -0.021820 0.013412 0.131132
vt 0.029066 0.827972
vn 0.240383 0.231790 0.942597
v -0.020782 0.010995 0.131310
vt 0.038417 0.830767
vn 0.222254 0.228743 0.947776
v 0.021805 0.013412 0.131132
vt 0.029066 0.986991
vn 0.854090 0.192763 0.483086
v 0.021251 0.013135 0.130756
vt 0.030720 0.983941
vn 0.851484 0.189543 0.488927
v 0.010868 0.016475 0.130906
vt 0.020332 0.947674
vn 0.684111 0.031223 0.728709
v 0.010799 0.016058 0.130540
vt 0.023238 0.947331
vn 0.676037 0.024983 0.736444
v 0.010868 0.016475 0.130906
vt 0.020332 0.947674
vn 0.684618 0.020899 0.728603
v 0.010799 0.016058 0.130540
vt 0.023238 0.947331
vn 0.683689 0.020276 0.729492
v -0.000008 0.017493 0.130830
vt 0.017873 0.907482
vn 0.654248 0.000754 0.756280
v -0.000008 0.017070 0.130466
vt 0.020769 0.907482
vn 0.653151 0.000022 0.757228
v -0.000008 0.017493 0.130830
vt 0.017873 0.907482
vn -0.653197 0.000022 0.757188
v -0.000008 0.017070 0.130466
vt 0.020769 0.907482
vn -0.654273 0.000711 0.756258
v -0.010883 0.016475 0.130906
vt 0.020332 0.867290
vn -0.685126 0.021210 0.728115
v -0.010815 0.016058 0.130540
vt 0.023238 0.867633
vn -0.686208 0.021966 0.727074
v -0.010883 0.016475 0.130906
vt 0.020332 0.867290
vn -0.674420 0.023688 0.737968
v -0.010815 0.016058 0.130540
vt 0.023238 0.867633
vn -0.682015 0.029557 0.730741
v -0.021820 0.013412 0.131132
vt 0.029066 0.827972
vn -0.855090 0.193970 0.480829
v -0.021266 0.013135 0.130756
vt 0.030721 0.831023
vn -0.861852 0.202587 0.464940
v 0.021251 0.013135 0.130756
vt 0.030720 0.983941
vn -0.113970 0.094168 0.989011
v 0.020544 0.011483 0.130878
vt 0.035593 0.982174
vn -0.108222 0.091235 0.989931
v 0.010799 0.016058 0.130540
vt 0.023238 0.947331
vn -0.060221 0.066594 0.995961
v 0.010456 0.014421 0.130661
vt 0.029412 0.946442
vn -0.054037 0.063420 0.996523
v -0.000008 0.017070 0.130466
vt 0.020769 0.907482
vn -0.003125 0.037168 0.999304
v -0.000008 0.015370 0.130591
vt 0.027004 0.907482
vn 0.002806 0.036992 0.999312
v -0.010815 0.016058 0.130540
vt 0.023238 0.867633
vn 0.053381 0.063096 0.996579
v -0.010472 0.014421 0.130661
vt 0.029412 0.868522
vn 0.060074 0.066549 0.995973
v -0.021266 0.013135 0.130756
vt 0.030721 0.831023
vn 0.109350 0.091903 0.989746
v -0.020560 0.011483 0.130879
vt 0.035594 0.832789
vn 0.116499 0.095541 0.988585
v 0.020766 0.010995 0.131310
vt 0.038417 0.984196
vn -0.526374 0.609887 0.592425
v 0.010378 0.014066 0.131083
vt 0.032313 0.946054
vn 0.027539 0.341872 0.939343
v 0.020544 0.011483 0.130878
vt 0.035593 0.982174
vn -0.514143 0.605645 0.607331
v 0.010456 0.014421 0.130661
vt 0.029412 0.946442
vn 0.045327 0.350769 0.935364
v 0.010378 0.014066 0.131083
vt 0.032313 0.946054
vn 0.043585 0.370074 0.927979
v -0.000008 0.015007 0.131014
vt 0.029922 0.907482
vn 0.001393 0.346274 0.938132
v 0.010456 0.014421 0.130661
vt 0.029412 0.946442
vn 0.042049 0.369197 0.928399
v -0.000008 0.015370 0.130591
vt 0.027004 0.907482
vn -0.000020 0.345451 0.938437
v -0.000008 0.015007 0.131014
vt 0.029922 0.907482
vn -0.000020 0.345404 0.938454
v -0.010393 0.014066 0.131083
vt 0.032313 0.868910
vn -0.040176 0.368116 0.928911
v -0.000008 0.015370 0.130591
vt 0.027004 0.907482
vn -0.001472 0.346252 0.938140
v -0.010472 0.014421 0.130661
vt 0.029412 0.868522
vn -0.041536 0.368839 0.928565
v -0.010393 0.014066 0.131083
vt 0.032313 0.868910
vn -0.037735 0.346837 0.937166
v -0.020782 0.010995 0.131310
vt 0.038417 0.830767
vn 0.526158 0.609670 0.592841
v -0.010472 0.014421 0.130661
vt 0.029412 0.868522
vn -0.018705 0.337222 0.941239
v -0.020560 0.011483 0.130879
vt 0.035594 0.832789
vn 0.550893 0.617726 0.561187
v -0.000008 -0.024342 0.130719
vt 0.168897 0.907935
vn -0.005153 0.034615 0.999388
v -0.000008 -0.020925 0.130524
vt 0.157242 0.907935
vn -0.005632 0.034729 0.999381
v 0.004743 -0.000043 0.131850
vt 0.086375 0.927062
vn -0.037706 0.057585 0.997628
v 0.004136 -0.000043 0.131455
vt 0.086058 0.923838
vn -0.039863 0.054089 0.997740
v 0.005969 0.009190 0.131048
vt 0.054567 0.930874
vn -0.402223 0.479093 0.780184
v 0.010610 0.009076 0.131056
vt 0.052434 0.948572
vn -0.123467 0.341586 0.931705
v 0.006431 0.008607 0.131486
vt 0.057062 0.933856
vn -0.378254 0.468732 0.798257
v 0.010532 0.008531 0.131492
vt 0.055676 0.948539
vn -0.088923 0.322290 0.942455
v 0.010532 0.008531 0.131492
vt 0.055676 0.948539
vn -0.086414 0.328017 0.940711
v 0.010610 0.009076 0.131056
vt 0.052434 0.948572
vn -0.071612 0.318251 0.945298
v 0.013476 0.007290 0.131584
vt 0.058263 0.959525
vn 0.002962 0.271097 0.962548
v 0.013921 0.007647 0.131161
vt 0.055603 0.961280
vn 0.013067 0.276055 0.961053
v 0.013921 0.007647 0.131161
vt 0.055603 0.961280
vn -0.086814 0.221204 0.971356
v 0.014578 0.006465 0.131249
vt 0.058734 0.964474
vn -0.191771 0.301629 0.933940
v 0.013476 0.007290 0.131584
vt 0.058263 0.959525
vn -0.130209 0.254781 0.958192
v 0.014230 0.005676 0.131703
vt 0.062380 0.964030
vn -0.225019 0.326462 0.918036
v 0.019760 0.009753 0.131402
vt 0.044780 0.979125
vn -0.314308 0.400717 0.860602
v 0.014230 0.005676 0.131703
vt 0.062380 0.964030
vn -0.229776 0.374157 0.898449
v 0.018716 0.009457 0.131028
vt 0.046581 0.975491
vn -0.310426 0.399544 0.862555
v 0.014578 0.006465 0.131249
vt 0.058734 0.964474
vn -0.215691 0.369467 0.903865
v -0.000008 0.008010 0.131531
vt 0.055809 0.907934
vn -0.334249 0.002244 0.942482
v 0.004804 0.013249 0.131144
vt 0.038844 0.927081
vn -0.356563 0.020019 0.934057
v -0.000008 0.007047 0.131206
vt 0.060434 0.907934
vn -0.336937 0.004365 0.941517
v 0.005038 0.012605 0.130795
vt 0.041932 0.928214
vn -0.358509 0.021584 0.933277
v 0.004804 0.013249 0.131144
vt 0.038844 0.927081
vn -0.626941 0.065089 0.776343
v 0.011253 0.012238 0.131218
vt 0.040065 0.949514
vn -0.574407 0.037633 0.817704
v 0.005038 0.012605 0.130795
vt 0.041932 0.928214
vn -0.623887 0.063429 0.778936
v 0.011160 0.011638 0.130867
vt 0.043173 0.949367
vn -0.570206 0.035500 0.820734
v 0.011253 0.012238 0.131218
vt 0.040065 0.949514
vn -0.566882 0.036188 0.823003
v 0.017203 0.010666 0.131334
vt 0.042406 0.970644
vn -0.522605 0.015210 0.852439
v 0.011160 0.011638 0.130867
vt 0.043173 0.949367
vn -0.563612 0.034603 0.825315
v 0.016958 0.010108 0.130980
vt 0.045367 0.969846
vn -0.518626 0.013353 0.854897
v 0.016958 0.010108 0.130980
vt 0.045367 0.969846
vn 0.468031 0.001673 0.883710
v 0.017203 0.010666 0.131334
vt 0.042406 0.970644
vn 0.480087 0.009069 0.877174
v 0.018716 0.009457 0.131028
vt 0.046581 0.975491
vn 0.512196 0.029154 0.858373
v 0.019760 0.009753 0.131402
vt 0.044780 0.979125
vn 0.519771 0.033996 0.853629
v -0.004759 -0.000043 0.131850
vt 0.086375 0.888807
vn 0.035314 0.057037 0.997747
v -0.006446 0.008607 0.131486
vt 0.057062 0.882013
vn 0.064208 0.095599 0.993347
v -0.004152 -0.000043 0.131455
vt 0.086058 0.892030
vn 0.035946 0.053197 0.997937
v -0.005985 0.009190 0.131048
vt 0.054567 0.884995
vn 0.064846 0.095729 0.993293
v -0.005985 0.009190 0.131048
vt 0.054567 0.884995
vn 0.403066 0.479453 0.779527
v -0.006446 0.008607 0.131486
vt 0.057062 0.882013
vn 0.379094 0.469102 0.797641
v -0.010625 0.009076 0.131056
vt 0.052434 0.867297
vn 0.123852 0.341834 0.931563
v -0.010547 0.008531 0.131492
vt 0.055676 0.867329
vn 0.089238 0.322469 0.942364
v -0.010547 0.008531 0.131492
vt 0.055676 0.867329
vn 0.086687 0.328236 0.940610
v -0.013491 0.007290 0.131584
vt 0.058263 0.856343
vn -0.002925 0.271087 0.962550
v -0.010625 0.009076 0.131056
vt 0.052434 0.867297
vn 0.071875 0.318416 0.945222
v -0.013936 0.007647 0.131161
vt 0.055603 0.854588
vn -0.013067 0.276055 0.961053
v -0.013936 0.007647 0.131161
vt 0.055603 0.854588
vn 0.086505 0.220877 0.971458
v -0.013491 0.007290 0.131584
vt 0.058263 0.856343
vn 0.130250 0.254742 0.958197
v -0.014594 0.006465 0.131249
vt 0.058734 0.851394
vn 0.192285 0.301882 0.933753
v -0.014245 0.005676 0.131703
vt 0.062381 0.851838
vn 0.225781 0.326925 0.917684
v -0.019776 0.009753 0.131402
vt 0.044780 0.836743
vn 0.314428 0.400795 0.860522
v -0.018732 0.009457 0.131028
vt 0.046581 0.840377
vn 0.310601 0.399632 0.862450
v -0.014245 0.005676 0.131703
vt 0.062381 0.851838
vn 0.230581 0.374439 0.898125
v -0.014594 0.006465 0.131249
vt 0.058734 0.851394
vn 0.216646 0.369838 0.903485
v -0.000008 0.008010 0.131531
vt 0.055809 0.907934
vn 0.334202 0.002244 0.942499
v -0.000008 0.007047 0.131206
vt 0.060434 0.907934
vn 0.336949 0.004404 0.941512
v -0.004820 0.013249 0.131144
vt 0.038844 0.888787
vn 0.356970 0.020389 0.933893
v -0.005053 0.012605 0.130795
vt 0.041932 0.887654
vn 0.358978 0.021996 0.933087
v -0.004820 0.013249 0.131144
vt 0.038844 0.888787
vn 0.628102 0.065754 0.775348
v -0.005053 0.012605 0.130795
vt 0.041932 0.887654
vn 0.625001 0.064092 0.777988
v -0.011269 0.012238 0.131218
vt 0.040065 0.866354
vn 0.574426 0.037678 0.817689
v -0.011176 0.011638 0.130867
vt 0.043173 0.866501
vn 0.570157 0.035500 0.820769
v -0.011269 0.012238 0.131218
vt 0.040065 0.866354
vn 0.566882 0.036188 0.823003
v -0.011176 0.011638 0.130867
vt 0.043173 0.866501
vn 0.563543 0.034558 0.825364
v -0.017218 0.010666 0.131335
vt 0.042406 0.845224
vn 0.521419 0.014648 0.853175
v -0.016974 0.010108 0.130980
vt 0.045367 0.846022
vn 0.517374 0.012751 0.855664
v -0.016974 0.010108 0.130980
vt 0.045367 0.846022
vn -0.469043 0.002211 0.883173
v -0.018732 0.009457 0.131028
vt 0.046581 0.840377
vn -0.512708 0.029420 0.858059
v -0.017218 0.010666 0.131335
vt 0.042406 0.845224
vn -0.480973 0.009534 0.876683
v -0.019776 0.009753 0.131402
vt 0.044780 0.836743
vn -0.520248 0.034176 0.853331
v 0.018716 0.009457 0.131028
vt 0.046581 0.975491
vn -0.170014 0.122823 0.977758
v 0.014578 0.006465 0.131249
vt 0.058734 0.964474
vn -0.218532 0.147468 0.964623
v 0.016958 0.010108 0.130980
vt 0.045367 0.969846
vn -0.182908 0.129341 0.974585
v 0.013921 0.007647 0.131161
vt 0.055603 0.961280
vn -0.240276 0.158438 0.957687
v 0.010610 0.009076 0.131056
vt 0.052434 0.948572
vn -0.149058 0.112092 0.982455
v 0.011160 0.011638 0.130867
vt 0.043173 0.949367
vn -0.092590 0.083215 0.992221
v 0.005969 0.009190 0.131048
vt 0.054567 0.930874
vn 0.031711 0.051948 0.998146
v 0.005038 0.012605 0.130795
vt 0.041932 0.928214
vn 0.055685 0.064270 0.996378
v -0.000008 0.007047 0.131206
vt 0.060434 0.907934
vn 0.064359 0.068733 0.995557
v 0.004136 -0.000043 0.131455
vt 0.086058 0.923838
vn -0.000015 0.000595 1.000000
v -0.000008 -0.020925 0.130524
vt 0.157242 0.907935
vn -0.044638 0.000016 0.999003
v -0.000008 -0.000043 0.131455
vt 0.084972 0.907934
vn -0.006404 0.000015 0.999979
v -0.005985 0.009190 0.131048
vt 0.054567 0.884995
vn -0.000016 0.019330 0.999813
v -0.000008 0.007047 0.131206
vt 0.060434 0.907934
vn -0.000016 0.019330 0.999813
v -0.004152 -0.000043 0.131455
vt 0.086058 0.892030
vn -0.000015 0.000595 1.000000
v -0.000008 0.007047 0.131206
vt 0.060434 0.907934
vn -0.064732 0.068902 0.995521
v -0.005985 0.009190 0.131048
vt 0.054567 0.884995
vn -0.031986 0.052066 0.998131
v -0.005053 0.012605 0.130795
vt 0.041932 0.887654
vn -0.056052 0.064471 0.996344
v -0.011176 0.011638 0.130867
vt 0.043173 0.866501
vn 0.111756 0.093060 0.989369
v -0.010625 0.009076 0.131056
vt 0.052434 0.867297
vn 0.133385 0.104121 0.985580
v -0.013936 0.007647 0.131161
vt 0.055603 0.854588
vn 0.211447 0.143944 0.966732
v -0.016974 0.010108 0.130980
vt 0.045367 0.846022
vn 0.137154 0.106084 0.984853
v -0.014594 0.006465 0.131249
vt 0.058734 0.851394
vn 0.275973 0.176569 0.944808
v -0.018732 0.009457 0.131028
vt 0.046581 0.840377
vn 0.151907 0.113611 0.981844
v 0.006431 0.008607 0.131486
vt 0.057062 0.933856
vn -0.064094 0.095552 0.993359
v 0.005969 0.009190 0.131048
vt 0.054567 0.930874
vn -0.064732 0.095681 0.993305
v -0.000008 -0.024342 0.130719
vt 0.168897 0.907935
vn 0.010063 0.035804 0.999308
v -0.000008 -0.020925 0.130524
vt 0.157242 0.907935
vn 0.005122 0.034614 0.999388
v 0.005969 0.009190 0.131048
vt 0.054567 0.930874
vn 0.000016 0.019330 0.999813
v -0.000008 0.007047 0.131206
vt 0.060434 0.907934
vn 0.000016 0.019330 0.999813
v -0.244001 0.054691 0.147861
vt 0.133429 0.650788
vn -0.454943 0.245557 0.855996
v -0.241854 0.058509 0.160866
vt 0.129427 0.637340
vn -0.454943 0.245557 0.855996
v -0.212008 0.132363 0.147861
vt 0.047578 0.648274
vn -0.454913 0.245662 0.855981
v -0.210962 0.127234 0.158178
vt 0.052339 0.637446
vn -0.454857 0.245657 0.856013
v -0.241854 0.058509 0.160866
vt 0.129427 0.637340
vn -0.469284 0.248121 0.847472
v -0.233407 0.057063 0.166244
vt 0.127454 0.627185
vn -0.469340 0.248126 0.847439
v -0.210962 0.127234 0.158178
vt 0.052339 0.637446
vn -0.469453 0.248135 0.847374
v -0.205963 0.121342 0.165510
vt 0.055989 0.627185
vn -0.469453 0.248135 0.847374
v -0.164852 0.188045 0.147861
vt 0.130558 0.602216
vn -0.894843 0.434972 0.100271
v -0.160117 0.189329 0.158360
vt 0.125480 0.591491
vn -0.894843 0.434972 0.100271
v -0.095445 0.230792 0.147861
vt 0.047119 0.604235
vn -0.894843 0.434972 0.100271
v -0.098299 0.228016 0.156906
vt 0.050872 0.594837
vn -0.894843 0.434972 0.100271
v -0.097349 0.221357 0.163898
vt 0.053378 0.585225
vn -0.894307 0.442627 0.065550
v -0.098299 0.228016 0.156906
vt 0.050872 0.594837
vn -0.894270 0.442694 0.065596
v -0.157031 0.188099 0.163912
vt 0.123334 0.585225
vn -0.894045 0.443028 0.066410
v -0.160117 0.189329 0.158360
vt 0.125480 0.591491
vn -0.894033 0.443044 0.066456
v -0.023386 0.248960 0.147861
vt 0.133429 0.650788
vn -0.718543 0.168696 -0.674713
v -0.019091 0.248097 0.160866
vt 0.129427 0.637340
vn -0.718543 0.168696 -0.674713
v 0.060370 0.242534 0.147861
vt 0.047578 0.648274
vn -0.718641 0.168851 -0.674569
v 0.055815 0.239954 0.158178
vt 0.052339 0.637446
vn -0.718659 0.168903 -0.674538
v -0.019091 0.248097 0.160866
vt 0.129427 0.637340
vn -0.712662 0.171696 -0.680171
v -0.017857 0.239617 0.166244
vt 0.127454 0.627185
vn -0.712662 0.171696 -0.680171
v 0.055815 0.239954 0.158178
vt 0.052339 0.637446
vn -0.712569 0.171697 -0.680269
v 0.051757 0.233380 0.165510
vt 0.055989 0.627185
vn -0.712569 0.171697 -0.680269
v 0.127900 0.214892 0.147861
vt 0.130558 0.602216
vn -0.445926 0.759012 -0.474395
v 0.130583 0.210786 0.158360
vt 0.125480 0.591492
vn -0.445978 0.759013 -0.474345
v 0.190002 0.162092 0.147861
vt 0.047119 0.604235
vn -0.445978 0.759013 -0.474345
v 0.186479 0.163949 0.156906
vt 0.050871 0.594837
vn -0.445978 0.759013 -0.474345
v 0.180440 0.160988 0.163898
vt 0.053378 0.585225
vn -0.433433 0.784418 -0.443650
v 0.186479 0.163949 0.156906
vt 0.050871 0.594837
vn -0.433483 0.784418 -0.443599
v 0.130368 0.207472 0.163912
vt 0.123335 0.585225
vn -0.434043 0.784422 -0.443044
v 0.130583 0.210786 0.158360
vt 0.125480 0.591492
vn -0.434094 0.784423 -0.442993
v 0.229548 0.099175 0.147861
vt 0.133429 0.650788
vn -0.124786 0.987719 -0.094022
v 0.230055 0.094823 0.160866
vt 0.129427 0.637340
vn -0.124786 0.987719 -0.094022
v 0.249319 0.017531 0.147861
vt 0.047578 0.648274
vn -0.124859 0.987717 -0.093948
v 0.245458 0.021066 0.158178
vt 0.052339 0.637446
vn -0.124859 0.987717 -0.093948
v 0.230055 0.094823 0.160866
vt 0.129427 0.637340
vn -0.116666 0.988737 -0.093739
v 0.222371 0.091028 0.166244
vt 0.127454 0.627185
vn -0.116666 0.988737 -0.093739
v 0.245458 0.021066 0.158178
vt 0.052339 0.637446
vn -0.116586 0.988748 -0.093733
v 0.237951 0.022895 0.165510
vt 0.055989 0.627185
vn -0.116586 0.988748 -0.093733
v 0.243898 -0.055234 0.147861
vt 0.130559 0.602216
vn 0.196828 0.955002 -0.221877
v 0.240822 -0.059056 0.158360
vt 0.125481 0.591492
vn 0.196828 0.955002 -0.221877
v 0.212872 -0.130613 0.147861
vt 0.047119 0.604235
vn 0.196828 0.955002 -0.221877
v 0.213550 -0.126689 0.156906
vt 0.050871 0.594837
vn 0.196828 0.955002 -0.221877
v 0.208868 -0.121861 0.163898
vt 0.053378 0.585225
vn 0.213234 0.951382 -0.222270
v 0.213550 -0.126689 0.156906
vt 0.050871 0.594837
vn 0.213220 0.951408 -0.222171
v 0.237603 -0.059875 0.163912
vt 0.123335 0.585225
vn 0.212916 0.951756 -0.220971
v 0.240822 -0.059056 0.158360
vt 0.125481 0.591492
vn 0.212902 0.951781 -0.220873
v 0.165255 -0.187666 0.147861
vt 0.133429 0.650788
vn 0.545376 0.667562 -0.506878
v 0.161273 -0.189493 0.160866
vt 0.129427 0.637340
vn 0.545376 0.667562 -0.506878
v 0.093717 -0.231699 0.147861
vt 0.047578 0.648274
vn 0.545362 0.667703 -0.506708
v 0.095886 -0.226934 0.158178
vt 0.052339 0.637446
vn 0.545362 0.667703 -0.506708
v 0.161273 -0.189493 0.160866
vt 0.129427 0.637340
vn 0.549343 0.653647 -0.520545
v 0.155289 -0.183358 0.166244
vt 0.127454 0.627185
vn 0.549343 0.653647 -0.520545
v 0.095886 -0.226934 0.158178
vt 0.052339 0.637446
vn 0.549355 0.653503 -0.520714
v 0.095305 -0.219230 0.165510
vt 0.055989 0.627185
vn 0.549355 0.653503 -0.520714
v 0.022837 -0.249029 0.147861
vt 0.130559 0.602216
vn 0.813418 0.104070 -0.572294
v 0.018253 -0.247284 0.158360
vt 0.125481 0.591492
vn 0.813418 0.104070 -0.572294
v -0.058440 -0.242815 0.147861
vt 0.047119 0.604235
vn 0.813418 0.104070 -0.572294
v -0.054498 -0.242247 0.156906
vt 0.050871 0.594838
vn 0.813418 0.104070 -0.572294
v -0.051353 -0.236302 0.163898
vt 0.053378 0.585225
vn 0.834619 0.145723 -0.531203
v -0.054498 -0.242247 0.156906
vt 0.050871 0.594838
vn 0.834535 0.145678 -0.531347
v 0.016479 -0.244476 0.163912
vt 0.123335 0.585225
vn 0.833622 0.144988 -0.532967
v 0.018253 -0.247284 0.158360
vt 0.125481 0.591492
vn 0.833537 0.144943 -0.533111
v -0.127415 -0.215159 0.147861
vt 0.133430 0.650788
vn 0.837325 0.436043 0.329778
v -0.130382 -0.211936 0.160866
vt 0.129427 0.637340
vn 0.837325 0.436043 0.329778
v -0.191398 -0.160729 0.147861
vt 0.047577 0.648274
vn 0.837292 0.436100 0.329785
v -0.186197 -0.161320 0.158178
vt 0.052338 0.637446
vn 0.837264 0.436111 0.329842
v -0.130382 -0.211936 0.160866
vt 0.129427 0.637340
vn 0.835872 0.430870 0.340101
v -0.126397 -0.204350 0.166244
vt 0.127454 0.627185
vn 0.835872 0.430870 0.340101
v -0.186197 -0.161320 0.158178
vt 0.052338 0.637446
vn 0.835847 0.430833 0.340209
v -0.179049 -0.158386 0.165510
vt 0.055988 0.627185
vn 0.835847 0.430833 0.340209
v -0.240605 -0.024182 0.163898
vt 0.053378 0.585225
vn 0.235939 0.113167 0.965156
v -0.247232 -0.023028 0.156906
vt 0.050871 0.594838
vn 0.235939 0.113167 0.965156
v -0.227418 -0.091220 0.163912
vt 0.123335 0.585225
vn 0.235738 0.113587 0.965156
v -0.229541 -0.093774 0.158360
vt 0.125481 0.591492
vn 0.235746 0.113631 0.965149
v -0.229783 -0.098674 0.147861
vt 0.130559 0.602216
vn 0.288059 0.130541 0.948673
v -0.229541 -0.093774 0.158360
vt 0.125481 0.591492
vn 0.288059 0.130541 0.948673
v -0.248990 -0.019455 0.147861
vt 0.047119 0.604235
vn 0.288009 0.130538 0.948689
v -0.247232 -0.023028 0.156906
vt 0.050871 0.594838
vn 0.288009 0.130538 0.948689
v 0.282334 0.091755 -0.058875
vt 0.069005 0.353677
vn 0.059174 0.054598 -0.996753
v 0.254156 0.082599 0.155901
vt 0.019740 0.353677
vn 0.063625 0.025709 -0.997643
v 0.296865 0.000017 -0.058875
vt 0.069005 0.373949
vn 0.064419 0.015291 -0.997806
v 0.267236 0.000017 0.155901
vt 0.019740 0.373949
vn 0.998700 0.014684 -0.048802
v 0.282335 -0.091721 -0.058875
vt 0.069005 0.394064
vn 0.998995 0.024741 -0.037387
v 0.254157 -0.082565 0.155901
vt 0.019740 0.394064
vn 0.998661 0.051511 -0.004749
v 0.240167 -0.174480 -0.058875
vt 0.069005 0.414078
vn 0.998521 0.053988 0.006480
v 0.216197 -0.157065 0.155901
vt 0.019740 0.414078
vn 0.998173 0.046301 0.038829
v 0.174489 -0.240158 -0.058875
vt 0.069005 0.434285
vn 0.998217 0.048469 0.034838
v 0.157074 -0.216188 0.155901
vt 0.019740 0.434285
vn 0.997144 0.037385 0.065621
v 0.174489 -0.240158 -0.058875
vt 0.069308 0.227760
vn 0.997144 0.037385 0.065621
v 0.157074 -0.216188 0.155901
vt 0.019340 0.227760
vn 0.994959 0.026081 0.096837
v 0.091731 -0.282325 -0.058875
vt 0.069308 0.247213
vn 0.995440 0.027355 0.091382
v 0.082576 -0.254146 0.155901
vt 0.019340 0.247213
vn 0.992884 0.013264 0.118343
v -0.000009 -0.296856 -0.058875
vt 0.069308 0.266568
vn 0.991903 0.007959 0.126749
v -0.000008 -0.267227 0.155901
vt 0.019340 0.266568
vn -0.991879 0.007753 0.126952
v -0.091746 -0.282325 -0.058875
vt 0.069308 0.286106
vn -0.992853 0.013093 0.118626
v -0.082591 -0.254147 0.155901
vt 0.019340 0.286106
vn -0.995417 0.027153 0.091695
v -0.174504 -0.240157 -0.058875
vt 0.069308 0.305903
vn -0.996174 0.031636 0.081467
v -0.157089 -0.216187 0.155901
vt 0.019340 0.305903
vn -0.997809 0.042837 0.050429
v -0.240182 -0.174480 -0.058875
vt 0.069308 0.325960
vn -0.998162 0.046180 0.039236
v -0.216212 -0.157065 0.155901
vt 0.019340 0.325960
vn -0.998524 0.053874 0.006902
v -0.282349 -0.091721 -0.058875
vt 0.069308 0.346255
vn -0.998648 0.051796 -0.004394
v -0.254171 -0.082566 0.155901
vt 0.019340 0.346255
vn -0.999001 0.025063 -0.036996
v -0.296880 0.000017 -0.058875
vt 0.069308 0.366759
vn -0.998713 0.015041 -0.048446
v -0.267251 0.000017 0.155901
vt 0.019340 0.366759
vn -0.064427 0.014858 -0.997812
v -0.282350 0.091755 -0.058875
vt 0.069308 0.387437
vn -0.063670 0.025302 -0.997650
v -0.254172 0.082599 0.155901
vt 0.019340 0.387437
vn -0.059223 0.054174 -0.996774
v -0.240182 0.174514 -0.058875
vt 0.069308 0.408253
vn -0.056965 0.063749 -0.996339
v -0.216212 0.157099 0.155901
vt 0.019340 0.408253
vn -0.048408 0.088939 -0.994860
v -0.174505 0.240191 -0.058875
vt 0.069308 0.429169
vn -0.050790 0.087231 -0.994893
v -0.157089 0.216222 0.155901
vt 0.019340 0.429169
vn -0.038753 0.106562 -0.993551
v -0.174505 0.240191 -0.058875
vt 0.069005 0.230003
vn -0.038753 0.106562 -0.993551
v -0.157089 0.216222 0.155901
vt 0.019740 0.230003
vn -0.026713 0.125776 -0.991699
v -0.091746 0.282359 -0.058875
vt 0.069005 0.250685
vn -0.028088 0.121659 -0.992175
v -0.082591 0.254180 0.155901
vt 0.019740 0.250685
vn -0.013470 0.133104 -0.991010
v -0.000007 0.296890 -0.058875
vt 0.069005 0.271389
vn -0.008066 0.135606 -0.990730
v -0.000007 0.267261 0.155901
vt 0.019740 0.271389
vn 0.007858 0.135655 -0.990725
v 0.091731 0.282359 -0.058875
vt 0.069005 0.292077
vn 0.013261 0.133271 -0.990991
v 0.082575 0.254181 0.155901
vt 0.019740 0.292077
vn 0.027878 0.121827 -0.992160
v 0.174489 0.240191 -0.058875
vt 0.069005 0.312711
vn 0.032613 0.116446 -0.992661
v 0.157074 0.216221 0.155901
vt 0.019740 0.312711
vn 0.044656 0.097147 -0.994268
v 0.240167 0.174514 -0.058875
vt 0.069005 0.333256
vn 0.048315 0.089303 -0.994832
v 0.216197 0.157099 0.155901
vt 0.019740 0.333256
vn 0.056841 0.064138 -0.996321
v -0.358770 -0.092254 0.067622
vt -0.251325 -0.566258
vn -0.012209 0.711350 0.702732
v -0.367485 -0.046563 0.067622
vt -0.251325 -0.525774
vn -0.012605 0.712321 0.701741
v -0.353426 -0.090882 0.167337
vt -0.143305 -0.566258
vn 0.242868 0.824886 0.510469
v -0.362012 -0.045871 0.167337
vt -0.143305 -0.525774
vn 0.255630 0.815808 0.518758
v -0.344396 -0.136492 0.067622
vt -0.251325 -0.605533
vn -0.011683 0.710358 0.703744
v -0.339267 -0.134461 0.167337
vt -0.143305 -0.605533
vn 0.227299 0.832266 0.505636
v -0.324590 -0.178580 0.067622
vt -0.251325 -0.646015
vn -0.010938 0.709301 0.704821
v -0.319756 -0.175923 0.167337
vt -0.143305 -0.646015
vn 0.209314 0.838038 0.503865
v -0.299666 -0.217854 0.067622
vt -0.251325 -0.684969
vn -0.010062 0.708222 0.705918
v -0.295203 -0.214612 0.167337
vt -0.143305 -0.684969
vn 0.189207 0.842137 0.504982
v -0.270017 -0.253695 0.067622
vt -0.251325 -0.725191
vn -0.009012 0.707100 0.707056
v -0.265995 -0.249918 0.167337
vt -0.143305 -0.725191
vn 0.167165 0.844455 0.508873
v -0.236109 -0.285536 0.067622
vt -0.251325 -0.763663
vn -0.007789 0.705978 0.708191
v -0.232592 -0.281286 0.167337
vt -0.143305 -0.763663
vn 0.143374 0.844939 0.515288
v -0.198477 -0.312877 0.067622
vt -0.251325 -0.802966
vn -0.006482 0.704899 0.709278
v -0.195521 -0.308219 0.167337
vt -0.143305 -0.802966
vn 0.118271 0.843537 0.523887
v -0.157716 -0.335286 0.067622
vt -0.251325 -0.841217
vn -0.005089 0.703820 0.710360
v -0.155367 -0.330294 0.167337
vt -0.143305 -0.841217
vn 0.092286 0.840151 0.534443
v -0.114467 -0.352409 0.067622
vt -0.251325 -0.880217
vn -0.003570 0.702806 0.711373
v -0.112763 -0.347163 0.167337
vt -0.143305 -0.880217
vn 0.063865 0.834352 0.547520
v -0.069414 -0.363977 0.067622
vt -0.251325 -0.919143
vn -0.002053 0.701878 0.712294
v -0.068380 -0.358558 0.167337
vt -0.143305 -0.919143
vn 0.035433 0.826558 0.561735
v -0.023265 -0.369807 0.067622
vt -0.251325 -0.957963
vn -0.000453 0.700993 0.713168
v -0.022919 -0.364301 0.167337
vt -0.143305 -0.957963
vn 0.006560 0.816433 0.577403
v 0.023250 -0.369807 0.067622
vt -0.251325 -0.996982
vn 0.000756 0.701144 0.713019
v 0.022903 -0.364301 0.167337
vt -0.143305 -0.996982
vn -0.010603 0.817955 0.575184
v 0.069398 -0.363977 0.067622
vt -0.688105 -0.044557
vn 0.002702 0.702245 0.711931
v 0.023250 -0.369807 0.067622
vt -0.688105 -0.005369
vn 0.001490 0.701554 0.712614
v 0.068364 -0.358558 0.167337
vt -0.580085 -0.044557
vn -0.051526 0.831225 0.553544
v 0.022903 -0.364301 0.167337
vt -0.580085 -0.005369
vn -0.033306 0.826091 0.562552
v 0.114452 -0.352409 0.067622
vt -0.688105 -0.083549
vn 0.004220 0.703216 0.710964
v 0.112747 -0.347163 0.167337
vt -0.580085 -0.083549
vn -0.079552 0.837838 0.540092
v 0.157700 -0.335286 0.067622
vt -0.688105 -0.122618
vn 0.005698 0.704295 0.709885
v 0.155351 -0.330294 0.167337
vt -0.580085 -0.122618
vn -0.106649 0.842258 0.528420
v 0.198462 -0.312877 0.067622
vt -0.688105 -0.161829
vn 0.007048 0.705352 0.708822
v 0.195506 -0.308219 0.167337
vt -0.580085 -0.161829
vn -0.132502 0.844565 0.518800
v 0.236093 -0.285536 0.067622
vt -0.688105 -0.200345
vn 0.008313 0.706453 0.707711
v 0.232577 -0.281286 0.167337
vt -0.580085 -0.200345
vn -0.156992 0.844947 0.511291
v 0.270001 -0.253695 0.067622
vt -0.688105 -0.239691
vn 0.009449 0.707575 0.706575
v 0.265980 -0.249918 0.167337
vt -0.580085 -0.239691
vn -0.179827 0.843403 0.506294
v 0.299651 -0.217854 0.067622
vt -0.688105 -0.278248
vn 0.010412 0.708654 0.705480
v 0.295188 -0.214612 0.167337
vt -0.580085 -0.278248
vn -0.200765 0.840046 0.503999
v 0.324575 -0.178580 0.067622
vt -0.688105 -0.318495
vn 0.011245 0.709754 0.704360
v 0.319740 -0.175923 0.167337
vt -0.580085 -0.318495
vn -0.219716 0.835016 0.504454
v 0.344380 -0.136492 0.067622
vt -0.688105 -0.357470
vn 0.011902 0.710811 0.703282
v 0.339251 -0.134461 0.167337
vt -0.580085 -0.357470
vn -0.236346 0.828303 0.507991
v 0.358754 -0.092254 0.067622
vt -0.688105 -0.398015
vn 0.012253 0.711761 0.702315
v 0.353410 -0.090882 0.167337
vt -0.580085 -0.398015
vn -0.250458 0.820017 0.514630
v 0.367470 -0.046563 0.067622
vt -0.688105 -0.437253
vn 0.012648 0.712731 0.701323
v 0.361997 -0.045871 0.167337
vt -0.580085 -0.437253
vn -0.261601 0.810040 0.524786
v 0.370391 -0.000139 0.067622
vt -0.688105 -0.477850
vn 0.012692 0.713529 0.700511
v 0.364874 -0.000139 0.167337
vt -0.580085 -0.477850
vn -0.266186 0.797775 0.541017
v 0.367470 0.046284 0.067622
vt -0.688105 -0.517238
vn 0.012560 0.714241 0.699787
v 0.361996 0.045592 0.167337
vt -0.580085 -0.517238
vn -0.258491 0.782683 0.566207
v 0.358754 0.091975 0.067622
vt -0.688105 -0.557787
vn 0.012165 0.714824 0.699199
v 0.353410 0.090603 0.167337
vt -0.580085 -0.557787
vn -0.247256 0.766771 0.592390
v 0.344380 0.136213 0.067622
vt -0.688105 -0.597249
vn 0.011638 0.715299 0.698722
v 0.339251 0.134182 0.167337
vt -0.580085 -0.597249
vn -0.232667 0.750014 0.619149
v 0.324575 0.178301 0.067622
vt -0.688105 -0.637723
vn 0.010893 0.715666 0.698358
v 0.319740 0.175644 0.167337
vt -0.580085 -0.637723
vn -0.215063 0.732574 0.645820
v 0.299651 0.217575 0.067622
vt -0.688105 -0.677243
vn 0.010017 0.715881 0.698150
v 0.295188 0.214333 0.167337
vt -0.580085 -0.677243
vn -0.194790 0.714470 0.672004
v 0.270001 0.253416 0.067622
vt -0.688105 -0.717655
vn 0.008968 0.715925 0.698120
v 0.265979 0.249639 0.167337
vt -0.580085 -0.717655
vn -0.172132 0.695859 0.697245
v 0.236093 0.285257 0.067622
vt -0.688105 -0.757263
vn 0.007745 0.715882 0.698179
v 0.232577 0.281007 0.167337
vt -0.580085 -0.757263
vn -0.147414 0.676936 0.721129
v 0.198462 0.312598 0.067622
vt -0.688105 -0.797619
vn 0.006438 0.715666 0.698413
v 0.195506 0.307940 0.167337
vt -0.580085 -0.797619
vn -0.121042 0.657890 0.743323
v 0.157700 0.335007 0.067622
vt -0.688105 -0.837311
vn 0.005045 0.715322 0.698777
v 0.155351 0.330015 0.167337
vt -0.580085 -0.837311
vn -0.093428 0.638885 0.763608
v 0.114452 0.352130 0.067622
vt -0.688105 -0.877608
vn 0.003526 0.714868 0.699250
v 0.112747 0.346884 0.167337
vt -0.580085 -0.877608
vn -0.064840 0.620179 0.781776
v 0.069398 0.363698 0.067622
vt -0.688105 -0.917382
vn 0.002010 0.714286 0.699851
v 0.068364 0.358279 0.167337
vt -0.580085 -0.917382
vn -0.035724 0.602057 0.797654
v 0.023250 0.369528 0.067622
vt -0.688105 -0.957612
vn 0.000410 0.713574 0.700580
v 0.022903 0.364022 0.167337
vt -0.580085 -0.957612
vn -0.006441 0.584723 0.811208
v -0.023265 0.369528 0.067622
vt -0.688105 -0.997473
vn -0.000799 0.713768 0.700382
v -0.022919 0.364022 0.167337
vt -0.580085 -0.997473
vn 0.011583 0.587750 0.808960
v -0.069414 0.363698 0.067622
vt -0.251325 -0.046100
vn -0.002746 0.714567 0.699562
v -0.023265 0.369528 0.067622
vt -0.251325 -0.005954
vn -0.001534 0.714092 0.700050
v -0.068380 0.358279 0.167337
vt -0.143305 -0.046100
vn 0.052090 0.612152 0.789023
v -0.022919 0.364022 0.167337
vt -0.143305 -0.005954
vn 0.034148 0.600766 0.798695
v -0.114467 0.352130 0.067622
vt -0.251325 -0.086048
vn -0.004264 0.715106 0.699003
v -0.112763 0.346883 0.167337
vt -0.143305 -0.086048
vn 0.080921 0.630643 0.771843
v -0.157716 0.335007 0.067622
vt -0.251325 -0.126104
vn -0.005741 0.715537 0.698551
v -0.155367 0.330015 0.167337
vt -0.143305 -0.126104
vn 0.109036 0.649492 0.752510
v -0.198477 0.312598 0.067622
vt -0.251325 -0.166135
vn -0.007091 0.715817 0.698252
v -0.195521 0.307940 0.167337
vt -0.143305 -0.166135
vn 0.135980 0.668557 0.731123
v -0.236109 0.285257 0.067622
vt -0.251325 -0.206098
vn -0.008356 0.715925 0.698127
v -0.232592 0.281007 0.167337
vt -0.143305 -0.206098
vn 0.161484 0.687584 0.707921
v -0.270016 0.253416 0.067622
vt -0.251325 -0.246213
vn -0.009405 0.715839 0.698202
v -0.265995 0.249639 0.167337
vt -0.143305 -0.246213
vn 0.185088 0.706351 0.683236
v -0.299666 0.217575 0.067622
vt -0.251325 -0.286070
vn -0.010455 0.715795 0.698232
v -0.295203 0.214333 0.167337
vt -0.143305 -0.286070
vn 0.206398 0.724684 0.657444
v -0.324590 0.178301 0.067622
vt -0.251325 -0.326267
vn -0.011288 0.715514 0.698507
v -0.319756 0.175644 0.167337
vt -0.143305 -0.326267
vn 0.225218 0.742441 0.630918
v -0.344395 0.136213 0.067622
vt -0.251325 -0.365994
vn -0.011946 0.715147 0.698872
v -0.339266 0.134182 0.167337
vt -0.143305 -0.365994
vn 0.241130 0.759485 0.604184
v -0.358769 0.091975 0.067622
vt -0.251325 -0.406280
vn -0.012429 0.714608 0.699415
v -0.353426 0.090603 0.167337
vt -0.143305 -0.406280
vn 0.253924 0.775802 0.577627
v -0.367485 0.046284 0.067622
vt -0.251325 -0.445896
vn -0.012692 0.713960 0.700071
v -0.362012 0.045592 0.167337
vt -0.143305 -0.445896
vn 0.263187 0.791227 0.551989
v -0.370406 -0.000139 0.067622
vt -0.251325 -0.486288
vn -0.012736 0.713205 0.700839
v -0.364889 -0.000139 0.167337
vt -0.143305 -0.486288
vn 0.265470 0.805156 0.530330
v -0.334107 -0.085922 0.190042
vt -0.113011 -0.566258
vn 0.671205 0.720609 -0.173798
v -0.342224 -0.043371 0.190042
vt -0.113011 -0.525774
vn 0.729085 0.655428 -0.197102
v -0.320721 -0.127119 0.190042
vt -0.113011 -0.605533
vn 0.614513 0.775082 -0.147040
v -0.302277 -0.166314 0.190042
vt -0.113011 -0.646015
vn 0.559632 0.820317 -0.117864
v -0.279067 -0.202888 0.190042
vt -0.113011 -0.684969
vn 0.506863 0.857632 -0.086928
v -0.251455 -0.236264 0.190042
vt -0.113011 -0.725191
vn 0.456321 0.888134 -0.054676
v -0.219878 -0.265917 0.190042
vt -0.113011 -0.763663
vn 0.407915 0.912771 -0.021317
v -0.184834 -0.291379 0.190042
vt -0.113011 -0.802966
vn 0.354426 0.934991 0.013218
v -0.146833 -0.312266 0.190042
vt -0.113011 -0.841217
vn 0.295345 0.954282 0.046005
v -0.106599 -0.328193 0.190042
vt -0.113011 -0.880217
vn 0.221736 0.971149 0.087761
v -0.064642 -0.338966 0.190042
vt -0.113011 -0.919143
vn 0.130458 0.981463 0.140395
v -0.021666 -0.344395 0.190042
vt -0.113011 -0.957963
vn 0.041669 0.980502 0.192039
v 0.106583 -0.328193 0.190042
vt -0.549791 -0.083549
vn -0.220348 0.971393 0.088557
v 0.064627 -0.338966 0.190042
vt -0.549791 -0.044557
vn -0.128946 0.981541 0.141246
v 0.146859 -0.312247 0.190042
vt -0.549791 -0.122618
vn -0.294108 0.954632 0.046669
v 0.184818 -0.291378 0.190042
vt -0.549791 -0.161829
vn -0.361731 0.932237 0.009207
v 0.219863 -0.265917 0.190042
vt -0.549791 -0.200345
vn -0.413158 0.910314 -0.025084
v 0.251440 -0.236264 0.190042
vt -0.549791 -0.239691
vn -0.461772 0.885078 -0.058343
v 0.279051 -0.202888 0.190042
vt -0.549791 -0.278248
vn -0.512585 0.853863 -0.090410
v 0.302262 -0.166314 0.190042
vt -0.549791 -0.318495
vn -0.565600 0.815730 -0.121167
v 0.320706 -0.127119 0.190042
vt -0.549791 -0.357470
vn -0.620706 0.769537 -0.150123
v 0.334091 -0.085921 0.190042
vt -0.549791 -0.398015
vn -0.677541 0.714004 -0.176455
v 0.342208 -0.043371 0.190042
vt -0.549791 -0.437253
vn -0.735470 0.647527 -0.199479
v 0.344928 -0.000139 0.190042
vt -0.549791 -0.477850
vn -0.790792 0.575554 -0.208294
v 0.342208 0.043093 0.190042
vt -0.549791 -0.517238
vn -0.790982 0.608014 -0.068311
v 0.334091 0.085643 0.190042
vt -0.549791 -0.557787
vn -0.782242 0.621296 0.045710
v 0.320705 0.126840 0.190042
vt -0.549791 -0.597249
vn -0.767998 0.619652 0.161894
v 0.302262 0.166035 0.190042
vt -0.549791 -0.637723
vn -0.739184 0.610522 0.284378
v 0.279051 0.202609 0.190042
vt -0.549791 -0.677243
vn -0.693779 0.592187 0.409860
v 0.251440 0.235985 0.190042
vt -0.549791 -0.717655
vn -0.631052 0.563404 0.533245
v 0.219863 0.265638 0.190042
vt -0.549791 -0.757263
vn -0.551657 0.524131 0.648815
v 0.184818 0.291099 0.190042
vt -0.549791 -0.797619
vn -0.458625 0.475542 0.750681
v 0.146859 0.311968 0.190042
vt -0.549791 -0.837311
vn -0.356409 0.419879 0.834670
v 0.106583 0.327914 0.190042
vt -0.549791 -0.877608
vn -0.250164 0.360427 0.898616
v 0.064627 0.338687 0.190042
vt -0.549791 -0.917382
vn -0.144590 0.300083 0.942891
v 0.021651 0.344116 0.190042
vt -0.549791 -0.957612
vn -0.043189 0.241395 0.969465
v -0.021666 0.344116 0.190042
vt -0.549791 -0.997473
vn 0.034193 0.236171 0.971110
v -0.064642 0.338687 0.190042
vt -0.113011 -0.046100
vn 0.156023 0.306677 0.938939
v -0.021666 0.344116 0.190042
vt -0.113011 -0.005954
vn 0.074161 0.259278 0.962951
v -0.106599 0.327914 0.190042
vt -0.113011 -0.086048
vn 0.261808 0.367070 0.892590
v -0.146874 0.311968 0.190042
vt -0.113011 -0.126104
vn 0.367877 0.426235 0.826432
v -0.184833 0.291099 0.190042
vt -0.113011 -0.166135
vn 0.469309 0.481230 0.740383
v -0.219878 0.265638 0.190042
vt -0.113011 -0.206098
vn 0.561089 0.528944 0.636709
v -0.251455 0.235985 0.190042
vt -0.113011 -0.246213
vn 0.638748 0.567118 0.519979
v -0.279067 0.202609 0.190042
vt -0.113011 -0.286070
vn 0.699607 0.594678 0.396116
v -0.302277 0.166035 0.190042
vt -0.113011 -0.326267
vn 0.743060 0.611969 0.270842
v -0.320721 0.126840 0.190042
vt -0.113011 -0.365994
vn 0.770188 0.620195 0.148889
v -0.334107 0.085643 0.190042
vt -0.113011 -0.406280
vn 0.783004 0.621117 0.033452
v -0.342224 0.043092 0.190042
vt -0.113011 -0.445896
vn 0.791762 0.605276 -0.082183
v -0.344944 -0.000139 0.190042
vt -0.113011 -0.486288
vn 0.786999 0.577898 -0.216024
v -0.301176 -0.077466 0.196270
vt -0.081090 -0.566258
vn 0.688045 0.414610 -0.595561
v -0.308493 -0.039110 0.196270
vt -0.081090 -0.525774
vn 0.728980 0.260339 -0.633097
v -0.289110 -0.114603 0.196270
vt -0.081090 -0.605533
vn 0.634013 0.548072 -0.545568
v -0.272484 -0.149935 0.196270
vt -0.081090 -0.646015
vn 0.572064 0.659371 -0.487825
v -0.251562 -0.182904 0.196270
vt -0.081090 -0.684969
vn 0.506251 0.749828 -0.425991
v -0.226671 -0.212991 0.196270
vt -0.081090 -0.725191
vn 0.439414 0.821732 -0.362866
v -0.198206 -0.239721 0.196270
vt -0.081090 -0.763663
vn 0.373183 0.877954 -0.299886
v -0.166616 -0.262673 0.196270
vt -0.081090 -0.802966
vn 0.308433 0.921044 -0.237795
v -0.132399 -0.281484 0.196270
vt -0.081090 -0.841217
vn 0.238327 0.956181 -0.170052
v -0.096093 -0.295858 0.196270
vt -0.081090 -0.880217
vn 0.177212 0.977951 -0.110487
v -0.058271 -0.305569 0.196270
vt -0.081090 -0.919143
vn 0.123743 0.990626 -0.057865
v -0.019532 -0.310463 0.196270
vt -0.081090 -0.957963
vn 0.063800 0.997962 0.000794
v 0.019516 -0.310463 0.196270
vt -0.081090 -0.996982
vn -0.033932 0.999293 0.016189
v 0.021696 -0.344392 0.190042
vt -0.113011 -0.996982
vn -0.033478 0.979874 0.196787
v 0.058256 -0.305569 0.196270
vt -0.517871 -0.044557
vn -0.125083 0.990374 -0.059279
v 0.019516 -0.310463 0.196270
vt -0.517871 -0.005369
vn -0.082880 0.996405 -0.017557
v 0.021696 -0.344392 0.190042
vt -0.549791 -0.005369
vn -0.046767 0.980845 0.189092
v 0.096077 -0.295859 0.196270
vt -0.517871 -0.083549
vn -0.178628 0.977538 -0.111855
v 0.132383 -0.281484 0.196270
vt -0.517871 -0.122618
vn -0.239985 0.955478 -0.171666
v 0.166601 -0.262672 0.196270
vt -0.517871 -0.161829
vn -0.302907 0.924224 -0.232504
v 0.198191 -0.239721 0.196270
vt -0.517871 -0.200345
vn -0.367533 0.882146 -0.294512
v 0.226656 -0.212991 0.196270
vt -0.517871 -0.239691
vn -0.433654 0.827158 -0.357428
v 0.251546 -0.182904 0.196270
vt -0.517871 -0.278248
vn -0.500473 0.756650 -0.420722
v 0.272468 -0.149935 0.196270
vt -0.517871 -0.318495
vn -0.566456 0.668009 -0.482588
v 0.289094 -0.114603 0.196270
vt -0.517871 -0.357470
vn -0.628918 0.558558 -0.540810
v 0.301161 -0.077466 0.196270
vt -0.517871 -0.398015
vn -0.683796 0.426977 -0.591704
v 0.308478 -0.039110 0.196270
vt -0.517871 -0.437253
vn -0.726088 0.274349 -0.630499
v 0.310929 -0.000139 0.196270
vt -0.517871 -0.477850
vn -0.750457 0.105656 -0.652420
v 0.308478 0.038831 0.196270
vt -0.517871 -0.517238
vn -0.857516 0.249804 -0.449738
v 0.301161 0.077187 0.196270
vt -0.517871 -0.557787
vn -0.897417 0.368276 -0.242932
v 0.289094 0.114324 0.196270
vt -0.517871 -0.597249
vn -0.891839 0.446887 -0.070103
v 0.272469 0.149656 0.196270
vt -0.517871 -0.637723
vn -0.877706 0.473711 0.072322
v 0.251546 0.182625 0.196270
vt -0.517871 -0.677243
vn -0.856532 0.465041 0.223807
v 0.226656 0.212712 0.196270
vt -0.517871 -0.717655
vn -0.809260 0.443185 0.385597
v 0.198191 0.239442 0.196270
vt -0.517871 -0.757263
vn -0.731344 0.405439 0.548411
v 0.166601 0.262394 0.196270
vt -0.517871 -0.797619
vn -0.623011 0.351684 0.698695
v 0.132383 0.281205 0.196270
vt -0.517871 -0.837311
vn -0.491012 0.285274 0.823120
v 0.096077 0.295579 0.196270
vt -0.517871 -0.877608
vn -0.347066 0.212015 0.913562
v 0.058256 0.305290 0.196270
vt -0.517871 -0.917382
vn -0.203108 0.138306 0.969339
v 0.019516 0.310184 0.196270
vt -0.517871 -0.957612
vn -0.068047 0.068772 0.995309
v -0.019532 0.310184 0.196270
vt -0.517871 -0.997473
vn 0.034628 0.051570 0.998069
v -0.058271 0.305290 0.196270
vt -0.081090 -0.046100
vn 0.190923 0.132046 0.972683
v -0.019532 0.310184 0.196270
vt -0.081090 -0.005954
vn 0.079494 0.074728 0.994030
v -0.096093 0.295579 0.196270
vt -0.081090 -0.086048
vn 0.334350 0.205608 0.919747
v -0.132399 0.281205 0.196270
vt -0.081090 -0.126104
vn 0.478789 0.279081 0.832391
v -0.166616 0.262393 0.196270
vt -0.081090 -0.166135
vn 0.612297 0.346358 0.710724
v -0.198206 0.239442 0.196270
vt -0.081090 -0.206098
vn 0.723073 0.401415 0.562167
v -0.226671 0.212712 0.196270
vt -0.081090 -0.246213
vn 0.803725 0.440537 0.399943
v -0.251561 0.182625 0.196270
vt -0.081090 -0.286070
vn 0.853572 0.463689 0.237503
v -0.272484 0.149656 0.196270
vt -0.081090 -0.326267
vn 0.876734 0.473415 0.084943
v -0.289110 0.114324 0.196270
vt -0.081090 -0.365994
vn 0.890084 0.452237 -0.056855
v -0.301176 0.077187 0.196270
vt -0.081090 -0.406280
vn 0.898303 0.376557 -0.226397
v -0.308493 0.038831 0.196270
vt -0.081090 -0.445896
vn 0.863542 0.261851 -0.430963
v -0.310945 -0.000139 0.196270
vt -0.081090 -0.486288
vn 0.757506 0.105619 -0.644228
v -0.291873 -0.037011 0.192919
vt -0.055093 -0.525774
vn 0.575939 0.126553 -0.807638
v -0.284950 -0.073300 0.192919
vt -0.055093 -0.566258
vn 0.557248 0.266976 -0.786256
v -0.273534 -0.108436 0.192919
vt -0.055093 -0.605533
vn 0.526559 0.397348 -0.751566
v -0.257804 -0.141864 0.192919
vt -0.055093 -0.646015
vn 0.486372 0.514452 -0.706245
v -0.238008 -0.173057 0.192919
vt -0.055093 -0.684969
vn 0.439078 0.616472 -0.653584
v -0.214460 -0.201523 0.192919
vt -0.055093 -0.725191
vn 0.386956 0.703551 -0.596055
v -0.187528 -0.226813 0.192919
vt -0.055093 -0.763663
vn 0.331854 0.776300 -0.535939
v -0.157640 -0.248528 0.192919
vt -0.055093 -0.802966
vn 0.274883 0.836022 -0.474875
v -0.125265 -0.266326 0.192919
vt -0.055093 -0.841217
vn 0.216908 0.884183 -0.413730
v -0.090916 -0.279926 0.192919
vt -0.055093 -0.880217
vn 0.158171 0.922166 -0.352975
v -0.055132 -0.289114 0.192919
vt -0.055093 -0.919143
vn 0.098751 0.951039 -0.292872
v -0.018480 -0.293744 0.192919
vt -0.055093 -0.957963
vn 0.038517 0.971646 -0.233282
v 0.018464 -0.293744 0.192919
vt -0.055093 -0.996982
vn -0.014865 0.977516 -0.210336
v 0.018464 -0.293744 0.192919
vt -0.491873 -0.005369
vn -0.030670 0.973712 -0.225709
v 0.055117 -0.289113 0.192919
vt -0.491873 -0.044557
vn -0.083295 0.957109 -0.277496
v 0.090900 -0.279926 0.192919
vt -0.491873 -0.083549
vn -0.142900 0.930420 -0.337487
v 0.125250 -0.266326 0.192919
vt -0.491873 -0.122618
vn -0.201807 0.894902 -0.398026
v 0.157624 -0.248528 0.192919
vt -0.491873 -0.161829
vn -0.260040 0.849440 -0.459164
v 0.187513 -0.226813 0.192919
vt -0.491873 -0.200345
vn -0.317308 0.792847 -0.520297
v 0.214444 -0.201523 0.192919
vt -0.491873 -0.239691
vn -0.373021 0.723570 -0.580776
v 0.237993 -0.173057 0.192919
vt -0.491873 -0.278248
vn -0.426011 0.640344 -0.639120
v 0.257788 -0.141864 0.192919
vt -0.491873 -0.318495
vn -0.474743 0.542176 -0.693299
v 0.273518 -0.108436 0.192919
vt -0.491873 -0.357470
vn -0.517005 0.428881 -0.740788
v 0.284935 -0.073300 0.192919
vt -0.491873 -0.398015
vn -0.550356 0.301651 -0.778534
v 0.291857 -0.037011 0.192919
vt -0.491873 -0.437253
vn -0.572327 0.163435 -0.803574
v 0.294177 -0.000139 0.192919
vt -0.491873 -0.477850
vn -0.581162 0.018808 -0.813571
v 0.291857 0.036732 0.192919
vt -0.491873 -0.517238
vn -0.894516 0.121131 -0.430313
v 0.284935 0.073021 0.192919
vt -0.491873 -0.557787
vn -0.936523 0.237332 -0.258067
v 0.273518 0.108157 0.192919
vt -0.491873 -0.597249
vn -0.939796 0.324976 -0.105711
v 0.257788 0.141585 0.192919
vt -0.491873 -0.637723
vn -0.925772 0.377454 0.021775
v 0.237993 0.172778 0.192919
vt -0.491873 -0.677243
vn -0.917560 0.368631 0.148981
v 0.214444 0.201244 0.192919
vt -0.491873 -0.717655
vn -0.891360 0.350836 0.287039
v 0.187513 0.226534 0.192919
vt -0.491873 -0.757263
vn -0.842613 0.322133 0.431549
v 0.157624 0.248249 0.192919
vt -0.491873 -0.797619
vn -0.768274 0.281610 0.574848
v 0.125250 0.266047 0.192919
vt -0.491873 -0.837311
vn -0.668448 0.229839 0.707355
v 0.090900 0.279647 0.192919
vt -0.491873 -0.877608
vn -0.548042 0.169503 0.819097
v 0.055117 0.288834 0.192919
vt -0.491873 -0.917382
vn -0.415263 0.104636 0.903664
v 0.018464 0.293465 0.192919
vt -0.491873 -0.957612
vn -0.279467 0.039539 0.959341
v -0.018480 0.293465 0.192919
vt -0.491873 -0.997473
vn 0.227715 0.015015 0.973612
v -0.018480 0.293465 0.192919
vt -0.055093 -0.005954
vn 0.262154 0.031308 0.964518
v -0.055132 0.288834 0.192919
vt -0.055093 -0.046100
vn 0.380097 0.087698 0.920780
v -0.090916 0.279647 0.192919
vt -0.055093 -0.086048
vn 0.514542 0.153004 0.843704
v -0.125265 0.266047 0.192919
vt -0.055093 -0.126104
vn 0.639086 0.214989 0.738477
v -0.157640 0.248249 0.192919
vt -0.055093 -0.166135
vn 0.744809 0.269242 0.610548
v -0.187528 0.226534 0.192919
vt -0.055093 -0.206098
vn 0.825913 0.312824 0.469052
v -0.214460 0.201244 0.192919
vt -0.055093 -0.246213
vn 0.881077 0.344547 0.324022
v -0.238008 0.172778 0.192919
vt -0.055093 -0.286070
vn 0.912692 0.364992 0.183778
v -0.257804 0.141585 0.192919
vt -0.055093 -0.326267
vn 0.925092 0.375953 0.053513
v -0.273534 0.108157 0.192919
vt -0.055093 -0.365994
vn 0.936529 0.343430 -0.070495
v -0.284950 0.073021 0.192919
vt -0.055093 -0.406280
vn 0.940311 0.262627 -0.216430
v -0.291873 0.036732 0.192919
vt -0.055093 -0.445896
vn 0.910105 0.153858 -0.384755
v -0.294192 -0.000139 0.192919
vt -0.055093 -0.486288
vn 0.828543 0.018763 -0.559611
v -0.360043 -0.045622 -0.051310
vt -0.355131 -0.525774
vn -0.571859 0.763385 0.300367
v -0.351503 -0.090388 -0.051310
vt -0.355131 -0.566258
vn -0.490488 0.733106 0.471144
v -0.337420 -0.133730 -0.051310
vt -0.355131 -0.605533
vn -0.515779 0.726046 0.454785
v -0.318016 -0.174966 -0.051310
vt -0.355131 -0.646015
vn -0.408557 0.680859 0.607875
v -0.293597 -0.213445 -0.051310
vt -0.355131 -0.684969
vn -0.429521 0.673296 0.601818
v -0.264548 -0.248559 -0.051310
vt -0.355131 -0.725191
vn -0.303953 0.615721 0.726980
v -0.231327 -0.279756 -0.051310
vt -0.355131 -0.763663
vn -0.320897 0.607373 0.726721
v -0.194457 -0.306543 -0.051310
vt -0.355131 -0.802966
vn -0.185495 0.542177 0.819534
v -0.154522 -0.328498 -0.051310
vt -0.355131 -0.841217
vn -0.195432 0.530403 0.824911
v -0.112149 -0.345274 -0.051310
vt -0.355131 -0.880217
vn -0.061967 0.465970 0.882628
v -0.068008 -0.356608 -0.051311
vt -0.355131 -0.919143
vn -0.070874 0.454032 0.888162
v -0.022794 -0.362320 -0.051311
vt -0.355131 -0.957963
vn 0.057483 0.463315 0.884327
v 0.022779 -0.362320 -0.051311
vt -0.355132 -0.996982
vn 0.047458 0.439879 0.896802
v 0.022779 -0.362320 -0.051311
vt -0.791912 -0.005369
vn 0.432788 0.620670 0.653807
v 0.067992 -0.356608 -0.051311
vt -0.791912 -0.044557
vn 0.261465 0.581398 0.770462
v 0.112133 -0.345274 -0.051310
vt -0.791912 -0.083549
vn 0.188170 0.526023 0.829393
v 0.154506 -0.328498 -0.051310
vt -0.791912 -0.122618
vn 0.299710 0.613241 0.730828
v 0.194442 -0.306543 -0.051310
vt -0.791912 -0.161829
vn 0.309566 0.600707 0.737102
v 0.231311 -0.279756 -0.051310
vt -0.791912 -0.200345
vn 0.404184 0.678316 0.613614
v 0.264532 -0.248559 -0.051310
vt -0.791912 -0.239691
vn 0.421502 0.668744 0.612468
v 0.293581 -0.213444 -0.051310
vt -0.791912 -0.278248
vn 0.487443 0.731255 0.477144
v 0.318000 -0.174966 -0.051310
vt -0.791912 -0.318495
vn 0.507796 0.721447 0.470805
v 0.337404 -0.133730 -0.051310
vt -0.791912 -0.357470
vn 0.542242 0.770036 0.336182
v 0.351487 -0.090388 -0.051310
vt -0.791912 -0.398015
vn 0.566514 0.759912 0.318741
v 0.360027 -0.045622 -0.051310
vt -0.791912 -0.437253
vn 0.551438 0.803906 0.222824
v 0.362888 -0.000139 -0.051310
vt -0.791912 -0.477850
vn 0.582681 0.790732 0.187684
v 0.360027 0.045344 -0.051310
vt -0.791912 -0.517238
vn 0.482207 0.849226 0.215156
v 0.351487 0.090109 -0.051310
vt -0.791912 -0.557787
vn 0.508998 0.841379 0.181666
v 0.337404 0.133452 -0.051310
vt -0.791912 -0.597249
vn 0.405066 0.885370 0.228126
v 0.318000 0.174687 -0.051310
vt -0.791912 -0.637723
vn 0.428393 0.882008 0.196321
v 0.293581 0.213166 -0.051310
vt -0.791912 -0.677243
vn 0.319461 0.911847 0.257837
v 0.264532 0.248280 -0.051310
vt -0.791912 -0.717655
vn 0.339258 0.912629 0.228061
v 0.231311 0.279477 -0.051310
vt -0.791912 -0.757263
vn 0.224231 0.926563 0.301997
v 0.194442 0.306264 -0.051310
vt -0.791912 -0.797619
vn 0.240249 0.931054 0.274624
v 0.154506 0.328219 -0.051310
vt -0.791912 -0.837311
vn 0.118702 0.925784 0.358934
v 0.112133 0.344995 -0.051310
vt -0.791912 -0.877608
vn 0.129880 0.933349 0.334651
v 0.067992 0.356329 -0.051310
vt -0.791912 -0.917382
vn 0.003441 0.904491 0.426478
v 0.022779 0.362040 -0.051310
vt -0.791912 -0.957612
vn 0.008452 0.913837 0.405994
v -0.022794 0.362040 -0.051310
vt -0.791912 -0.997473
vn 0.000102 0.902250 0.431213
v -0.022794 0.362040 -0.051310
vt -0.355132 -0.005954
vn -0.155641 0.929666 0.333912
v -0.068008 0.356329 -0.051310
vt -0.355131 -0.046100
vn -0.114341 0.932185 0.343448
v -0.112149 0.344995 -0.051310
vt -0.355131 -0.086048
vn -0.218498 0.926997 0.304853
v -0.154521 0.328219 -0.051310
vt -0.355131 -0.126104
vn -0.226425 0.932408 0.281685
v -0.194457 0.306264 -0.051310
vt -0.355131 -0.166135
vn -0.314380 0.913048 0.259824
v -0.231327 0.279477 -0.051310
vt -0.355131 -0.206098
vn -0.327127 0.915797 0.233031
v -0.264547 0.248280 -0.051310
vt -0.355131 -0.246213
vn -0.400595 0.887132 0.229172
v -0.293597 0.213165 -0.051310
vt -0.355131 -0.286070
vn -0.417620 0.886510 0.199233
v -0.318016 0.174687 -0.051310
vt -0.355131 -0.326267
vn -0.478223 0.851477 0.215150
v -0.337420 0.133451 -0.051310
vt -0.355131 -0.365994
vn -0.499635 0.846891 0.182048
v -0.351503 0.090109 -0.051310
vt -0.355131 -0.406280
vn -0.548158 0.806545 0.221375
v -0.360042 0.045343 -0.051310
vt -0.355131 -0.445896
vn -0.574524 0.797273 0.185141
v -0.362903 -0.000139 -0.051310
vt -0.355131 -0.486288
vn -0.544522 0.771668 0.328671
v -0.292615 -0.000139 -0.059382
vt -0.435853 -0.496160
vn -0.884186 0.358983 -0.298909
v -0.283422 -0.072908 -0.059382
vt -0.435853 -0.576077
vn -0.871878 0.488939 0.027692
v -0.256422 -0.141104 -0.059382
vt -0.435853 -0.655754
vn -0.820487 0.468811 0.327134
v -0.213310 -0.200443 -0.059382
vt -0.435853 -0.734809
vn -0.660826 0.392218 0.639902
v -0.156795 -0.247196 -0.059382
vt -0.435853 -0.812529
vn -0.402464 0.261497 0.877293
v -0.090428 -0.278426 -0.059382
vt -0.435853 -0.889948
vn -0.124755 0.117451 0.985211
v -0.018381 -0.292170 -0.059382
vt -0.435853 -0.967718
vn 0.071495 0.090034 0.993369
v -0.018381 -0.292170 -0.059382
vt -0.872633 -0.005369
vn 0.474465 0.292321 0.830320
v 0.054821 -0.287564 -0.059382
vt -0.872633 -0.054305
vn 0.444026 0.282392 0.850350
v 0.124579 -0.264899 -0.059382
vt -0.872633 -0.132421
vn 0.660232 0.391996 0.640651
v 0.186507 -0.225598 -0.059382
vt -0.872633 -0.210182
vn 0.820740 0.469019 0.326200
v 0.236717 -0.172130 -0.059382
vt -0.872633 -0.288310
vn 0.871897 0.488983 0.026311
v 0.272052 -0.107855 -0.059382
vt -0.872633 -0.367606
vn 0.884030 0.358150 -0.300365
v 0.290293 -0.036813 -0.059382
vt -0.872633 -0.447402
vn 0.758223 0.236798 -0.607473
v 0.290293 0.036534 -0.059382
vt -0.872633 -0.527375
vn 0.666382 0.526425 -0.528027
v 0.272052 0.107577 -0.059382
vt -0.872633 -0.607367
vn 0.540433 0.731514 -0.415716
v 0.236717 0.171851 -0.059382
vt -0.872633 -0.687346
vn 0.408788 0.863460 -0.295515
v 0.186507 0.225319 -0.059382
vt -0.872633 -0.767352
vn 0.282722 0.942649 -0.177429
v 0.124579 0.264620 -0.059382
vt -0.872633 -0.847385
vn 0.163609 0.984502 -0.063156
v 0.054821 0.287285 -0.059382
vt -0.872633 -0.927440
vn 0.024344 0.998918 0.039622
v -0.018381 0.291891 -0.059382
vt -0.872633 -0.997473
vn -0.057746 0.998074 0.022661
v -0.018381 0.291891 -0.059382
vt -0.435853 -0.015990
vn -0.192341 0.976989 -0.092186
v -0.090428 0.278147 -0.059382
vt -0.435853 -0.096062
vn -0.282939 0.942517 -0.177784
v -0.156795 0.246917 -0.059382
vt -0.435853 -0.176126
vn -0.409060 0.863246 -0.295764
v -0.213310 0.200164 -0.059382
vt -0.435853 -0.256177
vn -0.540678 0.731257 -0.415849
v -0.256422 0.140825 -0.059382
vt -0.435853 -0.336199
vn -0.666572 0.525884 -0.528326
v -0.283422 0.072629 -0.059382
vt -0.435853 -0.416184
vn -0.758363 0.235986 -0.607615
usemtl Turbine
f 3/3/3 2/2/2 1/1/1
f 4/4/4 2/2/2 3/3/3
f 7/7/7 6/6/6 5/5/5
f 8/8/8 6/6/6 7/7/7
f 10/10/10 4/4/4 9/9/9
f 11/11/11 4/4/4 10/10/10
f 11/11/11 12/12/12 4/4/4
f 13/13/13 12/12/12 11/11/11
f 13/13/13 14/14/14 12/12/12
f 15/15/15 14/14/14 13/13/13
f 15/15/15 16/16/16 14/14/14
f 17/17/17 16/16/16 15/15/15
f 17/17/17 18/18/18 16/16/16
f 19/19/19 18/18/18 17/17/17
f 22/22/22 21/21/21 20/20/20
f 23/23/23 11/11/11 10/10/10
f 24/24/24 11/11/11 23/23/23
f 24/24/24 13/13/13 11/11/11
f 25/25/25 13/13/13 24/24/24
f 25/25/25 15/15/15 13/13/13
f 26/26/26 15/15/15 25/25/25
f 26/26/26 17/17/17 15/15/15
f 27/27/27 17/17/17 26/26/26
f 30/30/30 29/29/29 28/28/28
f 30/30/30 31/31/31 29/29/29
f 32/32/32 31/31/31 30/30/30
f 32/32/32 8/8/8 31/31/31
f 16/16/16 8/8/8 32/32/32
f 16/16/16 18/18/18 8/8/8
f 34/34/34 18/18/18 33/33/33
f 35/35/35 18/18/18 34/34/34
f 36/36/36 33/33/33 18/18/18
f 37/37/37 33/33/33 36/36/36
f 40/40/40 39/39/39 38/38/38
f 27/27/27 19/19/19 17/17/17
f 41/41/41 19/19/19 27/27/27
f 19/19/19 43/43/43 42/42/42
f 41/41/41 43/43/43 19/19/19
f 43/43/43 44/44/44 42/42/42
f 45/45/45 44/44/44 43/43/43
f 48/48/48 47/47/47 46/46/46
f 49/49/49 23/23/23 10/10/10
f 52/52/52 51/51/51 50/50/50
f 53/53/53 51/51/51 52/52/52
f 37/37/37 55/55/55 54/54/54
f 36/36/36 55/55/55 37/37/37
f 52/52/52 56/56/56 53/53/53
f 57/57/57 56/56/56 52/52/52
f 58/58/58 50/50/50 51/51/51
f 59/59/59 50/50/50 58/58/58
f 57/57/57 55/55/55 56/56/56
f 54/54/54 55/55/55 57/57/57
f 6/6/6 18/18/18 35/35/35
f 8/8/8 18/18/18 6/6/6
f 42/42/42 18/18/18 19/19/19
f 42/42/42 36/36/36 18/18/18
f 44/44/44 36/36/36 42/42/42
f 61/61/61 34/34/34 60/60/60
f 35/35/35 34/34/34 61/61/61
f 63/63/63 60/60/60 62/62/62
f 61/61/61 60/60/60 63/63/63
f 66/66/66 65/65/65 64/64/64
f 67/67/67 65/65/65 66/66/66
f 70/70/70 69/69/69 68/68/68
f 71/71/71 69/69/69 70/70/70
f 74/74/74 73/73/73 72/72/72
f 75/75/75 22/22/22 20/20/20
f 9/9/9 4/4/4 3/3/3
f 78/78/78 77/77/77 76/76/76
f 79/79/79 77/77/77 78/78/78
f 62/62/62 58/58/58 63/63/63
f 59/59/59 58/58/58 62/62/62
f 4/4/4 80/80/80 2/2/2
f 81/81/81 80/80/80 4/4/4
f 7/7/7 80/80/80 81/81/81
f 5/5/5 80/80/80 7/7/7
f 83/83/83 82/82/82 5/5/5
f 84/84/84 82/82/82 83/83/83
f 82/82/82 80/80/80 5/5/5
f 87/87/87 86/86/86 85/85/85
f 87/87/87 88/88/88 86/86/86
f 89/89/89 88/88/88 87/87/87
f 89/89/89 90/90/90 88/88/88
f 91/91/91 90/90/90 89/89/89
f 91/91/91 92/92/92 90/90/90
f 93/93/93 92/92/92 91/91/91
f 93/93/93 20/20/20 92/92/92
f 94/94/94 20/20/20 93/93/93
f 38/38/38 85/85/85 86/86/86
f 39/39/39 85/85/85 38/38/38
f 84/84/84 35/35/35 61/61/61
f 83/83/83 35/35/35 84/84/84
f 58/58/58 95/95/95 63/63/63
f 95/95/95 61/61/61 63/63/63
f 94/94/94 75/75/75 20/20/20
f 47/47/47 75/75/75 94/94/94
f 46/46/46 47/47/47 94/94/94
f 98/98/98 97/97/97 96/96/96
f 99/99/99 97/97/97 98/98/98
f 99/99/99 100/100/100 97/97/97
f 101/101/101 100/100/100 99/99/99
f 101/101/101 102/102/102 100/100/100
f 103/103/103 102/102/102 101/101/101
f 103/103/103 104/104/104 102/102/102
f 105/105/105 104/104/104 103/103/103
f 105/105/105 106/106/106 104/104/104
f 108/108/108 98/98/98 107/107/107
f 108/108/108 99/99/99 98/98/98
f 109/109/109 99/99/99 108/108/108
f 109/109/109 101/101/101 99/99/99
f 110/110/110 101/101/101 109/109/109
f 110/110/110 103/103/103 101/101/101
f 111/111/111 103/103/103 110/110/110
f 111/111/111 105/105/105 103/103/103
f 112/112/112 105/105/105 111/111/111
f 112/112/112 106/106/106 105/105/105
f 113/113/113 106/106/106 112/112/112
f 116/116/116 115/115/115 114/114/114
f 116/116/116 117/117/117 115/115/115
f 118/118/118 117/117/117 116/116/116
f 118/118/118 119/119/119 117/117/117
f 120/120/120 119/119/119 118/118/118
f 120/120/120 121/121/121 119/119/119
f 74/74/74 72/72/72 122/122/122
f 74/74/74 122/122/122 123/123/123
f 126/126/126 125/125/125 124/124/124
f 127/127/127 125/125/125 126/126/126
f 128/128/128 125/125/125 127/127/127
f 96/96/96 97/97/97 129/129/129
f 131/131/131 64/64/64 130/130/130
f 132/132/132 64/64/64 131/131/131
f 66/66/66 64/64/64 132/132/132
f 135/135/135 134/134/134 133/133/133
f 136/136/136 134/134/134 135/135/135
f 137/137/137 134/134/134 136/136/136
f 138/138/138 134/134/134 137/137/137
f 139/139/139 79/79/79 78/78/78
f 141/141/141 140/140/140 97/97/97
f 142/142/142 140/140/140 141/141/141
f 129/129/129 140/140/140 143/143/143
f 97/97/97 140/140/140 129/129/129
f 117/117/117 142/142/142 141/141/141
f 144/144/144 142/142/142 117/117/117
f 145/145/145 142/142/142 144/144/144
f 71/71/71 146/146/146 69/69/69
f 147/147/147 146/146/146 71/71/71
f 138/138/138 148/148/148 134/134/134
f 149/149/149 148/148/148 138/138/138
f 149/149/149 150/150/150 148/148/148
f 151/151/151 150/150/150 149/149/149
f 151/151/151 152/152/152 150/150/150
f 153/153/153 152/152/152 151/151/151
f 153/153/153 154/154/154 152/152/152
f 126/126/126 154/154/154 153/153/153
f 156/156/156 155/155/155 154/154/154
f 147/147/147 134/134/134 146/146/146
f 133/133/133 134/134/134 147/147/147
f 126/126/126 156/156/156 154/154/154
f 124/124/124 156/156/156 126/126/126
f 159/159/159 158/158/158 157/157/157
f 117/117/117 160/160/160 144/144/144
f 119/119/119 160/160/160 117/117/117
f 163/163/163 162/162/162 161/161/161
f 164/164/164 162/162/162 163/163/163
f 119/119/119 165/165/165 160/160/160
f 121/121/121 165/165/165 119/119/119
f 121/121/121 161/161/161 165/165/165
f 163/163/163 161/161/161 121/121/121
f 130/130/130 167/167/167 166/166/166
f 64/64/64 167/167/167 130/130/130
f 169/169/169 167/167/167 168/168/168
f 166/166/166 167/167/167 169/169/169
f 169/169/169 171/171/171 170/170/170
f 168/168/168 171/171/171 169/169/169
f 170/170/170 145/145/145 144/144/144
f 171/171/171 145/145/145 170/170/170
f 173/173/173 172/172/172 106/106/106
f 174/174/174 106/106/106 113/113/113
f 173/173/173 106/106/106 174/174/174
f 177/177/177 176/176/176 175/175/175
f 178/178/178 176/176/176 177/177/177
f 181/181/181 180/180/180 179/179/179
f 182/182/182 180/180/180 181/181/181
f 184/184/184 178/178/178 183/183/183
f 185/185/185 178/178/178 184/184/184
f 185/185/185 186/186/186 178/178/178
f 187/187/187 186/186/186 185/185/185
f 187/187/187 188/188/188 186/186/186
f 189/189/189 188/188/188 187/187/187
f 189/189/189 190/190/190 188/188/188
f 191/191/191 190/190/190 189/189/189
f 191/191/191 192/192/192 190/190/190
f 193/193/193 192/192/192 191/191/191
f 196/196/196 195/195/195 194/194/194
f 197/197/197 185/185/185 184/184/184
f 198/198/198 185/185/185 197/197/197
f 198/198/198 187/187/187 185/185/185
f 199/199/199 187/187/187 198/198/198
f 199/199/199 189/189/189 187/187/187
f 200/200/200 189/189/189 199/199/199
f 200/200/200 191/191/191 189/189/189
f 201/201/201 191/191/191 200/200/200
f 204/204/204 203/203/203 202/202/202
f 204/204/204 205/205/205 203/203/203
f 206/206/206 205/205/205 204/204/204
f 206/206/206 182/182/182 205/205/205
f 190/190/190 182/182/182 206/206/206
f 190/190/190 192/192/192 182/182/182
f 208/208/208 192/192/192 207/207/207
f 209/209/209 192/192/192 208/208/208
f 210/210/210 207/207/207 192/192/192
f 211/211/211 207/207/207 210/210/210
f 214/214/214 213/213/213 212/212/212
f 201/201/201 193/193/193 191/191/191
f 215/215/215 193/193/193 201/201/201
f 193/193/193 217/217/217 216/216/216
f 215/215/215 217/217/217 193/193/193
f 217/217/217 218/218/218 216/216/216
f 219/219/219 218/218/218 217/217/217
f 222/222/222 221/221/221 220/220/220
f 223/223/223 197/197/197 184/184/184
f 226/226/226 225/225/225 224/224/224
f 227/227/227 225/225/225 226/226/226
f 211/211/211 229/229/229 228/228/228
f 210/210/210 229/229/229 211/211/211
f 226/226/226 230/230/230 227/227/227
f 231/231/231 230/230/230 226/226/226
f 232/232/232 224/224/224 225/225/225
f 233/233/233 224/224/224 232/232/232
f 231/231/231 229/229/229 230/230/230
f 228/228/228 229/229/229 231/231/231
f 180/180/180 192/192/192 209/209/209
f 182/182/182 192/192/192 180/180/180
f 216/216/216 192/192/192 193/193/193
f 216/216/216 210/210/210 192/192/192
f 218/218/218 210/210/210 216/216/216
f 235/235/235 208/208/208 234/234/234
f 209/209/209 208/208/208 235/235/235
f 237/237/237 234/234/234 236/236/236
f 235/235/235 234/234/234 237/237/237
f 240/240/240 239/239/239 238/238/238
f 241/241/241 239/239/239 240/240/240
f 244/244/244 243/243/243 242/242/242
f 245/245/245 243/243/243 244/244/244
f 74/74/74 247/247/247 246/246/246
f 248/248/248 196/196/196 194/194/194
f 183/183/183 178/178/178 177/177/177
f 251/251/251 250/250/250 249/249/249
f 252/252/252 250/250/250 251/251/251
f 236/236/236 232/232/232 237/237/237
f 233/233/233 232/232/232 236/236/236
f 178/178/178 253/253/253 176/176/176
f 254/254/254 253/253/253 178/178/178
f 181/181/181 253/253/253 254/254/254
f 179/179/179 253/253/253 181/181/181
f 256/256/256 255/255/255 179/179/179
f 257/257/257 255/255/255 256/256/256
f 255/255/255 253/253/253 179/179/179
f 260/260/260 259/259/259 258/258/258
f 260/260/260 261/261/261 259/259/259
f 262/262/262 261/261/261 260/260/260
f 262/262/262 263/263/263 261/261/261
f 264/264/264 263/263/263 262/262/262
f 264/264/264 265/265/265 263/263/263
f 266/266/266 265/265/265 264/264/264
f 266/266/266 194/194/194 265/265/265
f 267/267/267 194/194/194 266/266/266
f 212/212/212 258/258/258 259/259/259
f 213/213/213 258/258/258 212/212/212
f 257/257/257 209/209/209 235/235/235
f 256/256/256 209/209/209 257/257/257
f 232/232/232 268/268/268 237/237/237
f 268/268/268 235/235/235 237/237/237
f 267/267/267 248/248/248 194/194/194
f 221/221/221 248/248/248 267/267/267
f 220/220/220 221/221/221 267/267/267
f 271/271/271 270/270/270 269/269/269
f 272/272/272 270/270/270 271/271/271
f 272/272/272 273/273/273 270/270/270
f 274/274/274 273/273/273 272/272/272
f 274/274/274 275/275/275 273/273/273
f 276/276/276 275/275/275 274/274/274
f 276/276/276 277/277/277 275/275/275
f 278/278/278 277/277/277 276/276/276
f 278/278/278 279/279/279 277/277/277
f 281/281/281 271/271/271 280/280/280
f 281/281/281 272/272/272 271/271/271
f 282/282/282 272/272/272 281/281/281
f 282/282/282 274/274/274 272/272/272
f 283/283/283 274/274/274 282/282/282
f 283/283/283 276/276/276 274/274/274
f 284/284/284 276/276/276 283/283/283
f 284/284/284 278/278/278 276/276/276
f 285/285/285 278/278/278 284/284/284
f 285/285/285 279/279/279 278/278/278
f 286/286/286 279/279/279 285/285/285
f 289/289/289 288/288/288 287/287/287
f 289/289/289 290/290/290 288/288/288
f 291/291/291 290/290/290 289/289/289
f 291/291/291 292/292/292 290/290/290
f 293/293/293 292/292/292 291/291/291
f 293/293/293 294/294/294 292/292/292
f 74/74/74 246/246/246 295/295/295
f 74/74/74 295/295/295 296/296/296
f 299/299/299 298/298/298 297/297/297
f 300/300/300 298/298/298 299/299/299
f 301/301/301 298/298/298 300/300/300
f 269/269/269 270/270/270 302/302/302
f 304/304/304 238/238/238 303/303/303
f 305/305/305 238/238/238 304/304/304
f 240/240/240 238/238/238 305/305/305
f 308/308/308 307/307/307 306/306/306
f 309/309/309 307/307/307 308/308/308
f 310/310/310 307/307/307 309/309/309
f 311/311/311 307/307/307 310/310/310
f 312/312/312 252/252/252 251/251/251
f 314/314/314 313/313/313 270/270/270
f 315/315/315 313/313/313 314/314/314
f 302/302/302 313/313/313 316/316/316
f 270/270/270 313/313/313 302/302/302
f 290/290/290 315/315/315 314/314/314
f 317/317/317 315/315/315 290/290/290
f 318/318/318 315/315/315 317/317/317
f 245/245/245 319/319/319 243/243/243
f 320/320/320 319/319/319 245/245/245
f 311/311/311 321/321/321 307/307/307
f 322/322/322 321/321/321 311/311/311
f 322/322/322 323/323/323 321/321/321
f 324/324/324 323/323/323 322/322/322
f 324/324/324 325/325/325 323/323/323
f 326/326/326 325/325/325 324/324/324
f 326/326/326 327/327/327 325/325/325
f 299/299/299 327/327/327 326/326/326
f 329/329/329 328/328/328 327/327/327
f 320/320/320 307/307/307 319/319/319
f 306/306/306 307/307/307 320/320/320
f 299/299/299 329/329/329 327/327/327
f 297/297/297 329/329/329 299/299/299
f 332/332/332 331/331/331 330/330/330
f 290/290/290 333/333/333 317/317/317
f 292/292/292 333/333/333 290/290/290
f 336/336/336 335/335/335 334/334/334
f 337/337/337 335/335/335 336/336/336
f 292/292/292 338/338/338 333/333/333
f 294/294/294 338/338/338 292/292/292
f 294/294/294 334/334/334 338/338/338
f 336/336/336 334/334/334 294/294/294
f 303/303/303 340/340/340 339/339/339
f 238/238/238 340/340/340 303/303/303
f 342/342/342 340/340/340 341/341/341
f 339/339/339 340/340/340 342/342/342
f 342/342/342 344/344/344 343/343/343
f 341/341/341 344/344/344 342/342/342
f 343/343/343 318/318/318 317/317/317
f 344/344/344 318/318/318 343/343/343
f 346/346/346 345/345/345 279/279/279
f 347/347/347 279/279/279 286/286/286
f 346/346/346 279/279/279 347/347/347
f 350/350/350 349/349/349 348/348/348
f 351/351/351 349/349/349 350/350/350
f 354/354/354 353/353/353 352/352/352
f 355/355/355 353/353/353 354/354/354
f 357/357/357 351/351/351 356/356/356
f 358/358/358 351/351/351 357/357/357
f 358/358/358 359/359/359 351/351/351
f 360/360/360 359/359/359 358/358/358
f 360/360/360 361/361/361 359/359/359
f 362/362/362 361/361/361 360/360/360
f 362/362/362 363/363/363 361/361/361
f 364/364/364 363/363/363 362/362/362
f 364/364/364 365/365/365 363/363/363
f 366/366/366 365/365/365 364/364/364
f 369/369/369 368/368/368 367/367/367
f 370/370/370 358/358/358 357/357/357
f 371/371/371 358/358/358 370/370/370
f 371/371/371 360/360/360 358/358/358
f 372/372/372 360/360/360 371/371/371
f 372/372/372 362/362/362 360/360/360
f 373/373/373 362/362/362 372/372/372
f 373/373/373 364/364/364 362/362/362
f 374/374/374 364/364/364 373/373/373
f 377/377/377 376/376/376 375/375/375
f 377/377/377 378/378/378 376/376/376
f 379/379/379 378/378/378 377/377/377
f 379/379/379 355/355/355 378/378/378
f 363/363/363 355/355/355 379/379/379
f 363/363/363 365/365/365 355/355/355
f 381/381/381 365/365/365 380/380/380
f 382/382/382 365/365/365 381/381/381
f 383/383/383 380/380/380 365/365/365
f 384/384/384 380/380/380 383/383/383
f 387/387/387 386/386/386 385/385/385
f 374/374/374 366/366/366 364/364/364
f 388/388/388 366/366/366 374/374/374
f 366/366/366 390/390/390 389/389/389
f 388/388/388 390/390/390 366/366/366
f 390/390/390 391/391/391 389/389/389
f 392/392/392 391/391/391 390/390/390
f 395/395/395 394/394/394 393/393/393
f 396/396/396 370/370/370 357/357/357
f 399/399/399 398/398/398 397/397/397
f 400/400/400 398/398/398 399/399/399
f 384/384/384 402/402/402 401/401/401
f 383/383/383 402/402/402 384/384/384
f 399/399/399 403/403/403 400/400/400
f 404/404/404 403/403/403 399/399/399
f 405/405/405 397/397/397 398/398/398
f 406/406/406 397/397/397 405/405/405
f 404/404/404 402/402/402 403/403/403
f 401/401/401 402/402/402 404/404/404
f 353/353/353 365/365/365 382/382/382
f 355/355/355 365/365/365 353/353/353
f 389/389/389 365/365/365 366/366/366
f 389/389/389 383/383/383 365/365/365
f 391/391/391 383/383/383 389/389/389
f 408/408/408 381/381/381 407/407/407
f 382/382/382 381/381/381 408/408/408
f 410/410/410 407/407/407 409/409/409
f 408/408/408 407/407/407 410/410/410
f 413/413/413 412/412/412 411/411/411
f 414/414/414 412/412/412 413/413/413
f 417/417/417 416/416/416 415/415/415
f 418/418/418 416/416/416 417/417/417
f 74/74/74 420/420/420 419/419/419
f 421/421/421 369/369/369 367/367/367
f 356/356/356 351/351/351 350/350/350
f 424/424/424 423/423/423 422/422/422
f 425/425/425 423/423/423 424/424/424
f 409/409/409 405/405/405 410/410/410
f 406/406/406 405/405/405 409/409/409
f 351/351/351 426/426/426 349/349/349
f 427/427/427 426/426/426 351/351/351
f 354/354/354 426/426/426 427/427/427
f 352/352/352 426/426/426 354/354/354
f 429/429/429 428/428/428 352/352/352
f 430/430/430 428/428/428 429/429/429
f 428/428/428 426/426/426 352/352/352
f 433/433/433 432/432/432 431/431/431
f 433/433/433 434/434/434 432/432/432
f 435/435/435 434/434/434 433/433/433
f 435/435/435 436/436/436 434/434/434
f 437/437/437 436/436/436 435/435/435
f 437/437/437 438/438/438 436/436/436
f 439/439/439 438/438/438 437/437/437
f 439/439/439 367/367/367 438/438/438
f 440/440/440 367/367/367 439/439/439
f 385/385/385 431/431/431 432/432/432
f 386/386/386 431/431/431 385/385/385
f 430/430/430 382/382/382 408/408/408
f 429/429/429 382/382/382 430/430/430
f 405/405/405 441/441/441 410/410/410
f 441/441/441 408/408/408 410/410/410
f 440/440/440 421/421/421 367/367/367
f 394/394/394 421/421/421 440/440/440
f 393/393/393 394/394/394 440/440/440
f 444/444/444 443/443/443 442/442/442
f 445/445/445 443/443/443 444/444/444
f 445/445/445 446/446/446 443/443/443
f 447/447/447 446/446/446 445/445/445
f 447/447/447 448/448/448 446/446/446
f 449/449/449 448/448/448 447/447/447
f 449/449/449 450/450/450 448/448/448
f 451/451/451 450/450/450 449/449/449
f 451/451/451 452/452/452 450/450/450
f 454/454/454 444/444/444 453/453/453
f 454/454/454 445/445/445 444/444/444
f 455/455/455 445/445/445 454/454/454
f 455/455/455 447/447/447 445/445/445
f 456/456/456 447/447/447 455/455/455
f 456/456/456 449/449/449 447/447/447
f 457/457/457 449/449/449 456/456/456
f 457/457/457 451/451/451 449/449/449
f 458/458/458 451/451/451 457/457/457
f 458/458/458 452/452/452 451/451/451
f 459/459/459 452/452/452 458/458/458
f 462/462/462 461/461/461 460/460/460
f 462/462/462 463/463/463 461/461/461
f 464/464/464 463/463/463 462/462/462
f 464/464/464 465/465/465 463/463/463
f 466/466/466 465/465/465 464/464/464
f 466/466/466 467/467/467 465/465/465
f 74/74/74 419/419/419 468/468/468
f 74/74/74 468/468/468 73/73/73
f 471/471/471 470/470/470 469/469/469
f 472/472/472 470/470/470 471/471/471
f 473/473/473 470/470/470 472/472/472
f 442/442/442 443/443/443 474/474/474
f 67/67/67 411/411/411 65/65/65
f 475/475/475 411/411/411 67/67/67
f 413/413/413 411/411/411 475/475/475
f 478/478/478 477/477/477 476/476/476
f 479/479/479 477/477/477 478/478/478
f 480/480/480 477/477/477 479/479/479
f 481/481/481 477/477/477 480/480/480
f 482/482/482 425/425/425 424/424/424
f 484/484/484 483/483/483 443/443/443
f 485/485/485 483/483/483 484/484/484
f 474/474/474 483/483/483 486/486/486
f 443/443/443 483/483/483 474/474/474
f 463/463/463 485/485/485 484/484/484
f 487/487/487 485/485/485 463/463/463
f 488/488/488 485/485/485 487/487/487
f 418/418/418 489/489/489 416/416/416
f 490/490/490 489/489/489 418/418/418
f 481/481/481 491/491/491 477/477/477
f 492/492/492 491/491/491 481/481/481
f 492/492/492 493/493/493 491/491/491
f 494/494/494 493/493/493 492/492/492
f 494/494/494 495/495/495 493/493/493
f 496/496/496 495/495/495 494/494/494
f 496/496/496 497/497/497 495/495/495
f 471/471/471 497/497/497 496/496/496
f 499/499/499 498/498/498 497/497/497
f 490/490/490 477/477/477 489/489/489
f 476/476/476 477/477/477 490/490/490
f 471/471/471 499/499/499 497/497/497
f 469/469/469 499/499/499 471/471/471
f 500/500/500 76/76/76 77/77/77
f 463/463/463 501/501/501 487/487/487
f 465/465/465 501/501/501 463/463/463
f 503/503/503 68/68/68 502/502/502
f 70/70/70 68/68/68 503/503/503
f 465/465/465 504/504/504 501/501/501
f 467/467/467 504/504/504 465/465/465
f 467/467/467 502/502/502 504/504/504
f 503/503/503 502/502/502 467/467/467
f 65/65/65 506/506/506 505/505/505
f 411/411/411 506/506/506 65/65/65
f 508/508/508 506/506/506 507/507/507
f 505/505/505 506/506/506 508/508/508
f 508/508/508 510/510/510 509/509/509
f 507/507/507 510/510/510 508/508/508
f 509/509/509 488/488/488 487/487/487
f 510/510/510 488/488/488 509/509/509
f 512/512/512 511/511/511 452/452/452
f 513/513/513 452/452/452 459/459/459
f 512/512/512 452/452/452 513/513/513
f 516/516/516 515/515/515 514/514/514
f 517/517/517 515/515/515 516/516/516
f 520/520/520 519/519/519 518/518/518
f 521/521/521 519/519/519 520/520/520
f 523/523/523 517/517/517 522/522/522
f 524/524/524 517/517/517 523/523/523
f 524/524/524 525/525/525 517/517/517
f 526/526/526 525/525/525 524/524/524
f 526/526/526 527/527/527 525/525/525
f 528/528/528 527/527/527 526/526/526
f 528/528/528 529/529/529 527/527/527
f 530/530/530 529/529/529 528/528/528
f 530/530/530 531/531/531 529/529/529
f 532/532/532 531/531/531 530/530/530
f 535/535/535 534/534/534 533/533/533
f 536/536/536 524/524/524 523/523/523
f 537/537/537 524/524/524 536/536/536
f 537/537/537 526/526/526 524/524/524
f 538/538/538 526/526/526 537/537/537
f 538/538/538 528/528/528 526/526/526
f 539/539/539 528/528/528 538/538/538
f 539/539/539 530/530/530 528/528/528
f 540/540/540 530/530/530 539/539/539
f 543/543/543 542/542/542 541/541/541
f 543/543/543 544/544/544 542/542/542
f 545/545/545 544/544/544 543/543/543
f 545/545/545 521/521/521 544/544/544
f 529/529/529 521/521/521 545/545/545
f 529/529/529 531/531/531 521/521/521
f 547/547/547 531/531/531 546/546/546
f 548/548/548 531/531/531 547/547/547
f 549/549/549 546/546/546 531/531/531
f 550/550/550 546/546/546 549/549/549
f 553/553/553 552/552/552 551/551/551
f 540/540/540 532/532/532 530/530/530
f 554/554/554 532/532/532 540/540/540
f 532/532/532 556/556/556 555/555/555
f 554/554/554 556/556/556 532/532/532
f 556/556/556 557/557/557 555/555/555
f 558/558/558 557/557/557 556/556/556
f 561/561/561 560/560/560 559/559/559
f 562/562/562 536/536/536 523/523/523
f 565/565/565 564/564/564 563/563/563
f 566/566/566 564/564/564 565/565/565
f 550/550/550 568/568/568 567/567/567
f 549/549/549 568/568/568 550/550/550
f 565/565/565 569/569/569 566/566/566
f 570/570/570 569/569/569 565/565/565
f 571/571/571 563/563/563 564/564/564
f 572/572/572 563/563/563 571/571/571
f 570/570/570 568/568/568 569/569/569
f 567/567/567 568/568/568 570/570/570
f 519/519/519 531/531/531 548/548/548
f 521/521/521 531/531/531 519/519/519
f 555/555/555 531/531/531 532/532/532
f 555/555/555 549/549/549 531/531/531
f 557/557/557 549/549/549 555/555/555
f 574/574/574 547/547/547 573/573/573
f 548/548/548 547/547/547 574/574/574
f 576/576/576 573/573/573 575/575/575
f 574/574/574 573/573/573 576/576/576
f 578/578/578 130/130/130 577/577/577
f 131/131/131 130/130/130 578/578/578
f 164/164/164 579/579/579 162/162/162
f 580/580/580 579/579/579 164/164/164
f 74/74/74 123/123/123 581/581/581
f 582/582/582 535/535/535 533/533/533
f 522/522/522 517/517/517 516/516/516
f 583/583/583 157/157/157 158/158/158
f 584/584/584 157/157/157 583/583/583
f 575/575/575 571/571/571 576/576/576
f 572/572/572 571/571/571 575/575/575
f 517/517/517 585/585/585 515/515/515
f 586/586/586 585/585/585 517/517/517
f 520/520/520 585/585/585 586/586/586
f 518/518/518 585/585/585 520/520/520
f 588/588/588 587/587/587 518/518/518
f 589/589/589 587/587/587 588/588/588
f 587/587/587 585/585/585 518/518/518
f 592/592/592 591/591/591 590/590/590
f 592/592/592 593/593/593 591/591/591
f 594/594/594 593/593/593 592/592/592
f 594/594/594 595/595/595 593/593/593
f 596/596/596 595/595/595 594/594/594
f 596/596/596 597/597/597 595/595/595
f 598/598/598 597/597/597 596/596/596
f 598/598/598 533/533/533 597/597/597
f 599/599/599 533/533/533 598/598/598
f 551/551/551 590/590/590 591/591/591
f 552/552/552 590/590/590 551/551/551
f 589/589/589 548/548/548 574/574/574
f 588/588/588 548/548/548 589/589/589
f 571/571/571 600/600/600 576/576/576
f 600/600/600 574/574/574 576/576/576
f 599/599/599 582/582/582 533/533/533
f 560/560/560 582/582/582 599/599/599
f 559/559/559 560/560/560 599/599/599
f 603/603/603 602/602/602 601/601/601
f 604/604/604 602/602/602 603/603/603
f 604/604/604 605/605/605 602/602/602
f 606/606/606 605/605/605 604/604/604
f 606/606/606 607/607/607 605/605/605
f 608/608/608 607/607/607 606/606/606
f 608/608/608 609/609/609 607/607/607
f 610/610/610 609/609/609 608/608/608
f 610/610/610 611/611/611 609/609/609
f 613/613/613 603/603/603 612/612/612
f 613/613/613 604/604/604 603/603/603
f 614/614/614 604/604/604 613/613/613
f 614/614/614 606/606/606 604/604/604
f 615/615/615 606/606/606 614/614/614
f 615/615/615 608/608/608 606/606/606
f 616/616/616 608/608/608 615/615/615
f 616/616/616 610/610/610 608/608/608
f 617/617/617 610/610/610 616/616/616
f 617/617/617 611/611/611 610/610/610
f 618/618/618 611/611/611 617/617/617
f 621/621/621 620/620/620 619/619/619
f 621/621/621 622/622/622 620/620/620
f 623/623/623 622/622/622 621/621/621
f 623/623/623 624/624/624 622/622/622
f 625/625/625 624/624/624 623/623/623
f 625/625/625 626/626/626 624/624/624
f 74/74/74 581/581/581 627/627/627
f 74/74/74 627/627/627 247/247/247
f 630/630/630 629/629/629 628/628/628
f 631/631/631 629/629/629 630/630/630
f 632/632/632 629/629/629 631/631/631
f 601/601/601 602/602/602 633/633/633
f 241/241/241 577/577/577 239/239/239
f 634/634/634 577/577/577 241/241/241
f 578/578/578 577/577/577 634/634/634
f 637/637/637 636/636/636 635/635/635
f 638/638/638 636/636/636 637/637/637
f 639/639/639 636/636/636 638/638/638
f 640/640/640 636/636/636 639/639/639
f 641/641/641 584/584/584 583/583/583
f 643/643/643 642/642/642 602/602/602
f 644/644/644 642/642/642 643/643/643
f 633/633/633 642/642/642 645/645/645
f 602/602/602 642/642/642 633/633/633
f 622/622/622 644/644/644 643/643/643
f 646/646/646 644/644/644 622/622/622
f 647/647/647 644/644/644 646/646/646
f 580/580/580 648/648/648 579/579/579
f 649/649/649 648/648/648 580/580/580
f 640/640/640 650/650/650 636/636/636
f 651/651/651 650/650/650 640/640/640
f 651/651/651 652/652/652 650/650/650
f 653/653/653 652/652/652 651/651/651
f 653/653/653 654/654/654 652/652/652
f 655/655/655 654/654/654 653/653/653
f 655/655/655 656/656/656 654/654/654
f 630/630/630 656/656/656 655/655/655
f 658/658/658 657/657/657 656/656/656
f 649/649/649 636/636/636 648/648/648
f 635/635/635 636/636/636 649/649/649
f 630/630/630 658/658/658 656/656/656
f 628/628/628 658/658/658 630/630/630
f 659/659/659 249/249/249 250/250/250
f 622/622/622 660/660/660 646/646/646
f 624/624/624 660/660/660 622/622/622
f 662/662/662 242/242/242 661/661/661
f 244/244/244 242/242/242 662/662/662
f 624/624/624 663/663/663 660/660/660
f 626/626/626 663/663/663 624/624/624
f 626/626/626 661/661/661 663/663/663
f 662/662/662 661/661/661 626/626/626
f 239/239/239 665/665/665 664/664/664
f 577/577/577 665/665/665 239/239/239
f 667/667/667 665/665/665 666/666/666
f 664/664/664 665/665/665 667/667/667
f 667/667/667 669/669/669 668/668/668
f 666/666/666 669/669/669 667/667/667
f 668/668/668 647/647/647 646/646/646
f 669/669/669 647/647/647 668/668/668
f 671/671/671 670/670/670 611/611/611
f 672/672/672 611/611/611 618/618/618
f 671/671/671 611/611/611 672/672/672
f 675/675/675 674/674/674 673/673/673
f 676/676/676 674/674/674 675/675/675
f 679/679/679 678/678/678 677/677/677
f 680/680/680 678/678/678 679/679/679
f 682/682/682 676/676/676 681/681/681
f 683/683/683 676/676/676 682/682/682
f 683/683/683 684/684/684 676/676/676
f 685/685/685 684/684/684 683/683/683
f 685/685/685 686/686/686 684/684/684
f 687/687/687 686/686/686 685/685/685
f 687/687/687 688/688/688 686/686/686
f 689/689/689 688/688/688 687/687/687
f 689/689/689 690/690/690 688/688/688
f 691/691/691 690/690/690 689/689/689
f 694/694/694 693/693/693 692/692/692
f 695/695/695 683/683/683 682/682/682
f 696/696/696 683/683/683 695/695/695
f 696/696/696 685/685/685 683/683/683
f 697/697/697 685/685/685 696/696/696
f 697/697/697 687/687/687 685/685/685
f 698/698/698 687/687/687 697/697/697
f 698/698/698 689/689/689 687/687/687
f 699/699/699 689/689/689 698/698/698
f 702/702/702 701/701/701 700/700/700
f 702/702/702 703/703/703 701/701/701
f 704/704/704 703/703/703 702/702/702
f 704/704/704 680/680/680 703/703/703
f 688/688/688 680/680/680 704/704/704
f 688/688/688 690/690/690 680/680/680
f 706/706/706 690/690/690 705/705/705
f 707/707/707 690/690/690 706/706/706
f 708/708/708 705/705/705 690/690/690
f 709/709/709 705/705/705 708/708/708
f 712/712/712 711/711/711 710/710/710
f 699/699/699 691/691/691 689/689/689
f 713/713/713 691/691/691 699/699/699
f 691/691/691 715/715/715 714/714/714
f 713/713/713 715/715/715 691/691/691
f 715/715/715 716/716/716 714/714/714
f 717/717/717 716/716/716 715/715/715
f 720/720/720 719/719/719 718/718/718
f 721/721/721 695/695/695 682/682/682
f 724/724/724 723/723/723 722/722/722
f 725/725/725 723/723/723 724/724/724
f 709/709/709 727/727/727 726/726/726
f 708/708/708 727/727/727 709/709/709
f 724/724/724 728/728/728 725/725/725
f 729/729/729 728/728/728 724/724/724
f 730/730/730 722/722/722 723/723/723
f 731/731/731 722/722/722 730/730/730
f 729/729/729 727/727/727 728/728/728
f 726/726/726 727/727/727 729/729/729
f 678/678/678 690/690/690 707/707/707
f 680/680/680 690/690/690 678/678/678
f 714/714/714 690/690/690 691/691/691
f 714/714/714 708/708/708 690/690/690
f 716/716/716 708/708/708 714/714/714
f 733/733/733 706/706/706 732/732/732
f 707/707/707 706/706/706 733/733/733
f 735/735/735 732/732/732 734/734/734
f 733/733/733 732/732/732 735/735/735
f 737/737/737 303/303/303 736/736/736
f 304/304/304 303/303/303 737/737/737
f 337/337/337 738/738/738 335/335/335
f 739/739/739 738/738/738 337/337/337
f 74/74/74 296/296/296 740/740/740
f 741/741/741 694/694/694 692/692/692
f 681/681/681 676/676/676 675/675/675
f 742/742/742 330/330/330 331/331/331
f 743/743/743 330/330/330 742/742/742
f 734/734/734 730/730/730 735/735/735
f 731/731/731 730/730/730 734/734/734
f 676/676/676 744/744/744 674/674/674
f 745/745/745 744/744/744 676/676/676
f 679/679/679 744/744/744 745/745/745
f 677/677/677 744/744/744 679/679/679
f 747/747/747 746/746/746 677/677/677
f 748/748/748 746/746/746 747/747/747
f 746/746/746 744/744/744 677/677/677
f 751/751/751 750/750/750 749/749/749
f 751/751/751 752/752/752 750/750/750
f 753/753/753 752/752/752 751/751/751
f 753/753/753 754/754/754 752/752/752
f 755/755/755 754/754/754 753/753/753
f 755/755/755 756/756/756 754/754/754
f 757/757/757 756/756/756 755/755/755
f 757/757/757 692/692/692 756/756/756
f 758/758/758 692/692/692 757/757/757
f 710/710/710 749/749/749 750/750/750
f 711/711/711 749/749/749 710/710/710
f 748/748/748 707/707/707 733/733/733
f 747/747/747 707/707/707 748/748/748
f 730/730/730 759/759/759 735/735/735
f 759/759/759 733/733/733 735/735/735
f 758/758/758 741/741/741 692/692/692
f 719/719/719 741/741/741 758/758/758
f 718/718/718 719/719/719 758/758/758
f 762/762/762 761/761/761 760/760/760
f 763/763/763 761/761/761 762/762/762
f 763/763/763 764/764/764 761/761/761
f 765/765/765 764/764/764 763/763/763
f 765/765/765 766/766/766 764/764/764
f 767/767/767 766/766/766 765/765/765
f 767/767/767 768/768/768 766/766/766
f 769/769/769 768/768/768 767/767/767
f 769/769/769 770/770/770 768/768/768
f 772/772/772 762/762/762 771/771/771
f 772/772/772 763/763/763 762/762/762
f 773/773/773 763/763/763 772/772/772
f 773/773/773 765/765/765 763/763/763
f 774/774/774 765/765/765 773/773/773
f 774/774/774 767/767/767 765/765/765
f 775/775/775 767/767/767 774/774/774
f 775/775/775 769/769/769 767/767/767
f 776/776/776 769/769/769 775/775/775
f 776/776/776 770/770/770 769/769/769
f 777/777/777 770/770/770 776/776/776
f 780/780/780 779/779/779 778/778/778
f 780/780/780 781/781/781 779/779/779
f 782/782/782 781/781/781 780/780/780
f 782/782/782 783/783/783 781/781/781
f 784/784/784 783/783/783 782/782/782
f 784/784/784 785/785/785 783/783/783
f 74/74/74 740/740/740 786/786/786
f 74/74/74 786/786/786 420/420/420
f 789/789/789 788/788/788 787/787/787
f 790/790/790 788/788/788 789/789/789
f 791/791/791 788/788/788 790/790/790
f 760/760/760 761/761/761 792/792/792
f 414/414/414 736/736/736 412/412/412
f 793/793/793 736/736/736 414/414/414
f 737/737/737 736/736/736 793/793/793
f 796/796/796 795/795/795 794/794/794
f 797/797/797 795/795/795 796/796/796
f 798/798/798 795/795/795 797/797/797
f 799/799/799 795/795/795 798/798/798
f 800/800/800 743/743/743 742/742/742
f 802/802/802 801/801/801 761/761/761
f 803/803/803 801/801/801 802/802/802
f 792/792/792 801/801/801 804/804/804
f 761/761/761 801/801/801 792/792/792
f 781/781/781 803/803/803 802/802/802
f 805/805/805 803/803/803 781/781/781
f 806/806/806 803/803/803 805/805/805
f 739/739/739 807/807/807 738/738/738
f 808/808/808 807/807/807 739/739/739
f 799/799/799 809/809/809 795/795/795
f 810/810/810 809/809/809 799/799/799
f 810/810/810 811/811/811 809/809/809
f 812/812/812 811/811/811 810/810/810
f 812/812/812 813/813/813 811/811/811
f 814/814/814 813/813/813 812/812/812
f 814/814/814 815/815/815 813/813/813
f 789/789/789 815/815/815 814/814/814
f 817/817/817 816/816/816 815/815/815
f 808/808/808 795/795/795 807/807/807
f 794/794/794 795/795/795 808/808/808
f 789/789/789 817/817/817 815/815/815
f 787/787/787 817/817/817 789/789/789
f 818/818/818 422/422/422 423/423/423
f 781/781/781 819/819/819 805/805/805
f 783/783/783 819/819/819 781/781/781
f 821/821/821 415/415/415 820/820/820
f 417/417/417 415/415/415 821/821/821
f 783/783/783 822/822/822 819/819/819
f 785/785/785 822/822/822 783/783/783
f 785/785/785 820/820/820 822/822/822
f 821/821/821 820/820/820 785/785/785
f 412/412/412 824/824/824 823/823/823
f 736/736/736 824/824/824 412/412/412
f 826/826/826 824/824/824 825/825/825
f 823/823/823 824/824/824 826/826/826
f 826/826/826 828/828/828 827/827/827
f 825/825/825 828/828/828 826/826/826
f 827/827/827 806/806/806 805/805/805
f 828/828/828 806/806/806 827/827/827
f 830/830/830 829/829/829 770/770/770
f 831/831/831 770/770/770 777/777/777
f 830/830/830 770/770/770 831/831/831
f 600/600/600 589/589/589 574/574/574
f 95/95/95 84/84/84 61/61/61
f 441/441/441 430/430/430 408/408/408
f 759/759/759 748/748/748 733/733/733
f 268/268/268 257/257/257 235/235/235
f 834/834/834 833/833/833 832/832/832
f 835/835/835 833/833/833 834/834/834
f 838/838/838 837/837/837 836/836/836
f 839/839/839 837/837/837 838/838/838
f 841/841/841 836/836/836 840/840/840
f 838/838/838 836/836/836 841/841/841
f 843/843/843 840/840/840 842/842/842
f 841/841/841 840/840/840 843/843/843
f 846/846/846 845/845/845 844/844/844
f 847/847/847 845/845/845 846/846/846
f 850/850/850 849/849/849 848/848/848
f 851/851/851 849/849/849 850/850/850
f 853/853/853 848/848/848 852/852/852
f 850/850/850 848/848/848 853/853/853
f 856/856/856 855/855/855 854/854/854
f 858/858/858 854/854/854 857/857/857
f 856/856/856 854/854/854 858/858/858
f 860/860/860 857/857/857 859/859/859
f 858/858/858 857/857/857 860/860/860
f 862/862/862 859/859/859 861/861/861
f 860/860/860 859/859/859 862/862/862
f 864/864/864 861/861/861 863/863/863
f 862/862/862 861/861/861 864/864/864
f 867/867/867 866/866/866 865/865/865
f 869/869/869 865/865/865 868/868/868
f 867/867/867 865/865/865 869/869/869
f 871/871/871 868/868/868 870/870/870
f 869/869/869 868/868/868 871/871/871
f 874/874/874 873/873/873 872/872/872
f 875/875/875 873/873/873 874/874/874
f 877/877/877 872/872/872 876/876/876
f 874/874/874 872/872/872 877/877/877
f 879/879/879 876/876/876 878/878/878
f 877/877/877 876/876/876 879/879/879
f 881/881/881 878/878/878 880/880/880
f 879/879/879 878/878/878 881/881/881
f 883/883/883 880/880/880 882/882/882
f 881/881/881 880/880/880 883/883/883
f 885/885/885 882/882/882 884/884/884
f 883/883/883 882/882/882 885/885/885
f 887/887/887 884/884/884 886/886/886
f 885/885/885 884/884/884 887/887/887
f 889/889/889 886/886/886 888/888/888
f 887/887/887 886/886/886 889/889/889
f 891/891/891 888/888/888 890/890/890
f 889/889/889 888/888/888 891/891/891
f 893/893/893 890/890/890 892/892/892
f 891/891/891 890/890/890 893/893/893
f 894/894/894 869/869/869 871/871/871
f 895/895/895 869/869/869 894/894/894
f 895/895/895 867/867/867 869/869/869
f 896/896/896 867/867/867 895/895/895
f 897/897/897 862/862/862 864/864/864
f 898/898/898 862/862/862 897/897/897
f 898/898/898 860/860/860 862/862/862
f 899/899/899 860/860/860 898/898/898
f 899/899/899 858/858/858 860/860/860
f 900/900/900 858/858/858 899/899/899
f 900/900/900 856/856/856 858/858/858
f 901/901/901 856/856/856 900/900/900
f 902/902/902 850/850/850 853/853/853
f 903/903/903 850/850/850 902/902/902
f 903/903/903 851/851/851 850/850/850
f 904/904/904 851/851/851 903/903/903
f 844/844/844 895/895/895 894/894/894
f 845/845/845 895/895/895 844/844/844
f 842/842/842 898/898/898 897/897/897
f 840/840/840 898/898/898 842/842/842
f 840/840/840 899/899/899 898/898/898
f 836/836/836 899/899/899 840/840/840
f 836/836/836 900/900/900 899/899/899
f 837/837/837 900/900/900 836/836/836
f 837/837/837 901/901/901 900/900/900
f 832/832/832 904/904/904 903/903/903
f 833/833/833 904/904/904 832/832/832
f 845/845/845 896/896/896 895/895/895
f 907/907/907 906/906/906 905/905/905
f 908/908/908 906/906/906 907/907/907
f 908/908/908 909/909/909 906/906/906
f 910/910/910 909/909/909 908/908/908
f 910/910/910 911/911/911 909/909/909
f 912/912/912 911/911/911 910/910/910
f 912/912/912 913/913/913 911/911/911
f 914/914/914 913/913/913 912/912/912
f 914/914/914 915/915/915 913/913/913
f 916/916/916 915/915/915 914/914/914
f 916/916/916 917/917/917 915/915/915
f 918/918/918 917/917/917 916/916/916
f 918/918/918 919/919/919 917/917/917
f 920/920/920 919/919/919 918/918/918
f 920/920/920 921/921/921 919/919/919
f 922/922/922 921/921/921 920/920/920
f 922/922/922 923/923/923 921/921/921
f 924/924/924 923/923/923 922/922/922
f 924/924/924 925/925/925 923/923/923
f 926/926/926 925/925/925 924/924/924
f 928/928/928 832/832/832 927/927/927
f 834/834/834 832/832/832 928/928/928
f 927/927/927 903/903/903 902/902/902
f 832/832/832 903/903/903 927/927/927
f 930/930/930 844/844/844 929/929/929
f 846/846/846 844/844/844 930/930/930
f 933/933/933 932/932/932 931/931/931
f 934/934/934 932/932/932 933/933/933
f 936/936/936 931/931/931 935/935/935
f 933/933/933 931/931/931 936/936/936
f 938/938/938 935/935/935 937/937/937
f 936/936/936 935/935/935 938/938/938
f 941/941/941 940/940/940 939/939/939
f 942/942/942 940/940/940 941/941/941
f 944/944/944 870/870/870 943/943/943
f 871/871/871 870/870/870 944/944/944
f 946/946/946 943/943/943 945/945/945
f 944/944/944 943/943/943 946/946/946
f 949/949/949 948/948/948 947/947/947
f 951/951/951 947/947/947 950/950/950
f 949/949/949 947/947/947 951/951/951
f 953/953/953 950/950/950 952/952/952
f 951/951/951 950/950/950 953/953/953
f 955/955/955 952/952/952 954/954/954
f 953/953/953 952/952/952 955/955/955
f 957/957/957 954/954/954 956/956/956
f 955/955/955 954/954/954 957/957/957
f 960/960/960 959/959/959 958/958/958
f 962/962/962 958/958/958 961/961/961
f 960/960/960 958/958/958 962/962/962
f 964/964/964 961/961/961 963/963/963
f 962/962/962 961/961/961 964/964/964
f 966/966/966 892/892/892 965/965/965
f 893/893/893 892/892/892 966/966/966
f 968/968/968 965/965/965 967/967/967
f 966/966/966 965/965/965 968/968/968
f 970/970/970 967/967/967 969/969/969
f 968/968/968 967/967/967 970/970/970
f 972/972/972 969/969/969 971/971/971
f 970/970/970 969/969/969 972/972/972
f 974/974/974 971/971/971 973/973/973
f 972/972/972 971/971/971 974/974/974
f 976/976/976 973/973/973 975/975/975
f 974/974/974 973/973/973 976/976/976
f 978/978/978 975/975/975 977/977/977
f 976/976/976 975/975/975 978/978/978
f 981/981/981 980/980/980 979/979/979
f 982/982/982 980/980/980 981/981/981
f 984/984/984 979/979/979 983/983/983
f 981/981/981 979/979/979 984/984/984
f 986/986/986 983/983/983 985/985/985
f 984/984/984 983/983/983 986/986/986
f 987/987/987 962/962/962 964/964/964
f 988/988/988 962/962/962 987/987/987
f 988/988/988 960/960/960 962/962/962
f 989/989/989 960/960/960 988/988/988
f 990/990/990 955/955/955 957/957/957
f 991/991/991 955/955/955 990/990/990
f 991/991/991 953/953/953 955/955/955
f 992/992/992 953/953/953 991/991/991
f 992/992/992 951/951/951 953/953/953
f 993/993/993 951/951/951 992/992/992
f 993/993/993 949/949/949 951/951/951
f 994/994/994 949/949/949 993/993/993
f 995/995/995 944/944/944 946/946/946
f 996/996/996 944/944/944 995/995/995
f 996/996/996 871/871/871 944/944/944
f 894/894/894 871/871/871 996/996/996
f 939/939/939 988/988/988 987/987/987
f 940/940/940 988/988/988 939/939/939
f 937/937/937 991/991/991 990/990/990
f 935/935/935 991/991/991 937/937/937
f 935/935/935 992/992/992 991/991/991
f 931/931/931 992/992/992 935/935/935
f 931/931/931 993/993/993 992/992/992
f 932/932/932 993/993/993 931/931/931
f 932/932/932 994/994/994 993/993/993
f 929/929/929 894/894/894 996/996/996
f 844/844/844 894/894/894 929/929/929
f 940/940/940 989/989/989 988/988/988
f 926/926/926 997/997/997 925/925/925
f 998/998/998 997/997/997 926/926/926
f 998/998/998 999/999/999 997/997/997
f 1000/1000/1000 999/999/999 998/998/998
f 1000/1000/1000 1001/1001/1001 999/999/999
f 1002/1002/1002 1001/1001/1001 1000/1000/1000
f 1002/1002/1002 1003/1003/1003 1001/1001/1001
f 1004/1004/1004 1003/1003/1003 1002/1002/1002
f 1004/1004/1004 1005/1005/1005 1003/1003/1003
f 1006/1006/1006 1005/1005/1005 1004/1004/1004
f 1006/1006/1006 1007/1007/1007 1005/1005/1005
f 1008/1008/1008 1007/1007/1007 1006/1006/1006
f 1008/1008/1008 1009/1009/1009 1007/1007/1007
f 1010/1010/1010 1009/1009/1009 1008/1008/1008
f 1013/1013/1013 1012/1012/1012 1011/1011/1011
f 1014/1014/1014 1012/1012/1012 1013/1013/1013
f 1014/1014/1014 1015/1015/1015 1012/1012/1012
f 1016/1016/1016 1015/1015/1015 1014/1014/1014
f 1016/1016/1016 1017/1017/1017 1015/1015/1015
f 1018/1018/1018 1017/1017/1017 1016/1016/1016
f 1020/1020/1020 929/929/929 1019/1019/1019
f 930/930/930 929/929/929 1020/1020/1020
f 1019/1019/1019 996/996/996 995/995/995
f 929/929/929 996/996/996 1019/1019/1019
f 1023/1023/1023 1022/1022/1022 1021/1021/1021
f 1024/1024/1024 1022/1022/1022 1023/1023/1023
f 1027/1027/1027 1026/1026/1026 1025/1025/1025
f 1028/1028/1028 1026/1026/1026 1027/1027/1027
f 1030/1030/1030 1025/1025/1025 1029/1029/1029
f 1027/1027/1027 1025/1025/1025 1030/1030/1030
f 1032/1032/1032 1029/1029/1029 1031/1031/1031
f 1030/1030/1030 1029/1029/1029 1032/1032/1032
f 835/835/835 1033/1033/1033 833/833/833
f 1034/1034/1034 1033/1033/1033 835/835/835
f 1037/1037/1037 1036/1036/1036 1035/1035/1035
f 1038/1038/1038 1036/1036/1036 1037/1037/1037
f 1040/1040/1040 1035/1035/1035 1039/1039/1039
f 1037/1037/1037 1035/1035/1035 1040/1040/1040
f 1043/1043/1043 1042/1042/1042 1041/1041/1041
f 1045/1045/1045 1041/1041/1041 1044/1044/1044
f 1043/1043/1043 1041/1041/1041 1045/1045/1045
f 1047/1047/1047 1044/1044/1044 1046/1046/1046
f 1045/1045/1045 1044/1044/1044 1047/1047/1047
f 1049/1049/1049 1046/1046/1046 1048/1048/1048
f 1047/1047/1047 1046/1046/1046 1049/1049/1049
f 1051/1051/1051 1048/1048/1048 1050/1050/1050
f 1049/1049/1049 1048/1048/1048 1051/1051/1051
f 1054/1054/1054 1053/1053/1053 1052/1052/1052
f 1056/1056/1056 1052/1052/1052 1055/1055/1055
f 1054/1054/1054 1052/1052/1052 1056/1056/1056
f 851/851/851 1055/1055/1055 849/849/849
f 1056/1056/1056 1055/1055/1055 851/851/851
f 1059/1059/1059 1058/1058/1058 1057/1057/1057
f 1060/1060/1060 1058/1058/1058 1059/1059/1059
f 1062/1062/1062 1057/1057/1057 1061/1061/1061
f 1059/1059/1059 1057/1057/1057 1062/1062/1062
f 1065/1065/1065 1064/1064/1064 1063/1063/1063
f 1066/1066/1066 1064/1064/1064 1065/1065/1065
f 1068/1068/1068 1063/1063/1063 1067/1067/1067
f 1065/1065/1065 1063/1063/1063 1068/1068/1068
f 1070/1070/1070 1067/1067/1067 1069/1069/1069
f 1068/1068/1068 1067/1067/1067 1070/1070/1070
f 1072/1072/1072 1069/1069/1069 1071/1071/1071
f 1070/1070/1070 1069/1069/1069 1072/1072/1072
f 1074/1074/1074 1071/1071/1071 1073/1073/1073
f 1072/1072/1072 1071/1071/1071 1074/1074/1074
f 1076/1076/1076 1073/1073/1073 1075/1075/1075
f 1074/1074/1074 1073/1073/1073 1076/1076/1076
f 1078/1078/1078 1075/1075/1075 1077/1077/1077
f 1076/1076/1076 1075/1075/1075 1078/1078/1078
f 875/875/875 1077/1077/1077 873/873/873
f 1078/1078/1078 1077/1077/1077 875/875/875
f 904/904/904 1056/1056/1056 851/851/851
f 1079/1079/1079 1056/1056/1056 904/904/904
f 1079/1079/1079 1054/1054/1054 1056/1056/1056
f 1080/1080/1080 1054/1054/1054 1079/1079/1079
f 1081/1081/1081 1049/1049/1049 1051/1051/1051
f 1082/1082/1082 1049/1049/1049 1081/1081/1081
f 1082/1082/1082 1047/1047/1047 1049/1049/1049
f 1083/1083/1083 1047/1047/1047 1082/1082/1082
f 1083/1083/1083 1045/1045/1045 1047/1047/1047
f 1084/1084/1084 1045/1045/1045 1083/1083/1083
f 1084/1084/1084 1043/1043/1043 1045/1045/1045
f 1085/1085/1085 1043/1043/1043 1084/1084/1084
f 1086/1086/1086 1037/1037/1037 1040/1040/1040
f 1087/1087/1087 1037/1037/1037 1086/1086/1086
f 1087/1087/1087 1038/1038/1038 1037/1037/1037
f 1088/1088/1088 1038/1038/1038 1087/1087/1087
f 833/833/833 1079/1079/1079 904/904/904
f 1033/1033/1033 1079/1079/1079 833/833/833
f 1031/1031/1031 1082/1082/1082 1081/1081/1081
f 1029/1029/1029 1082/1082/1082 1031/1031/1031
f 1029/1029/1029 1083/1083/1083 1082/1082/1082
f 1025/1025/1025 1083/1083/1083 1029/1029/1029
f 1025/1025/1025 1084/1084/1084 1083/1083/1083
f 1026/1026/1026 1084/1084/1084 1025/1025/1025
f 1026/1026/1026 1085/1085/1085 1084/1084/1084
f 1021/1021/1021 1088/1088/1088 1087/1087/1087
f 1022/1022/1022 1088/1088/1088 1021/1021/1021
f 1033/1033/1033 1080/1080/1080 1079/1079/1079
f 1091/1091/1091 1090/1090/1090 1089/1089/1089
f 1092/1092/1092 1090/1090/1090 1091/1091/1091
f 1092/1092/1092 1093/1093/1093 1090/1090/1090
f 1094/1094/1094 1093/1093/1093 1092/1092/1092
f 1097/1097/1097 1096/1096/1096 1095/1095/1095
f 1098/1098/1098 1096/1096/1096 1097/1097/1097
f 1098/1098/1098 1099/1099/1099 1096/1096/1096
f 1100/1100/1100 1099/1099/1099 1098/1098/1098
f 1100/1100/1100 1101/1101/1101 1099/1099/1099
f 1102/1102/1102 1101/1101/1101 1100/1100/1100
f 1102/1102/1102 1103/1103/1103 1101/1101/1101
f 1104/1104/1104 1103/1103/1103 1102/1102/1102
f 1104/1104/1104 1105/1105/1105 1103/1103/1103
f 1106/1106/1106 1105/1105/1105 1104/1104/1104
f 1106/1106/1106 1107/1107/1107 1105/1105/1105
f 1108/1108/1108 1107/1107/1107 1106/1106/1106
f 1108/1108/1108 1109/1109/1109 1107/1107/1107
f 1110/1110/1110 1109/1109/1109 1108/1108/1108
f 1110/1110/1110 905/905/905 1109/1109/1109
f 907/907/907 905/905/905 1110/1110/1110
f 1112/1112/1112 1021/1021/1021 1111/1111/1111
f 1023/1023/1023 1021/1021/1021 1112/1112/1112
f 1111/1111/1111 1087/1087/1087 1086/1086/1086
f 1021/1021/1021 1087/1087/1087 1111/1111/1111
f 1114/1114/1114 939/939/939 1113/1113/1113
f 941/941/941 939/939/939 1114/1114/1114
f 1117/1117/1117 1116/1116/1116 1115/1115/1115
f 1118/1118/1118 1116/1116/1116 1117/1117/1117
f 1120/1120/1120 1115/1115/1115 1119/1119/1119
f 1117/1117/1117 1115/1115/1115 1120/1120/1120
f 1122/1122/1122 1119/1119/1119 1121/1121/1121
f 1120/1120/1120 1119/1119/1119 1122/1122/1122
f 1125/1125/1125 1124/1124/1124 1123/1123/1123
f 1126/1126/1126 1124/1124/1124 1125/1125/1125
f 1128/1128/1128 963/963/963 1127/1127/1127
f 964/964/964 963/963/963 1128/1128/1128
f 1130/1130/1130 1127/1127/1127 1129/1129/1129
f 1128/1128/1128 1127/1127/1127 1130/1130/1130
f 1133/1133/1133 1132/1132/1132 1131/1131/1131
f 1135/1135/1135 1131/1131/1131 1134/1134/1134
f 1133/1133/1133 1131/1131/1131 1135/1135/1135
f 1137/1137/1137 1134/1134/1134 1136/1136/1136
f 1135/1135/1135 1134/1134/1134 1137/1137/1137
f 1139/1139/1139 1136/1136/1136 1138/1138/1138
f 1137/1137/1137 1136/1136/1136 1139/1139/1139
f 1141/1141/1141 1138/1138/1138 1140/1140/1140
f 1139/1139/1139 1138/1138/1138 1141/1141/1141
f 1144/1144/1144 1143/1143/1143 1142/1142/1142
f 1146/1146/1146 1142/1142/1142 1145/1145/1145
f 1144/1144/1144 1142/1142/1142 1146/1146/1146
f 1148/1148/1148 1145/1145/1145 1147/1147/1147
f 1146/1146/1146 1145/1145/1145 1148/1148/1148
f 1150/1150/1150 985/985/985 1149/1149/1149
f 986/986/986 985/985/985 1150/1150/1150
f 1152/1152/1152 1149/1149/1149 1151/1151/1151
f 1150/1150/1150 1149/1149/1149 1152/1152/1152
f 1154/1154/1154 1151/1151/1151 1153/1153/1153
f 1152/1152/1152 1151/1151/1151 1154/1154/1154
f 1156/1156/1156 1153/1153/1153 1155/1155/1155
f 1154/1154/1154 1153/1153/1153 1156/1156/1156
f 1158/1158/1158 1155/1155/1155 1157/1157/1157
f 1156/1156/1156 1155/1155/1155 1158/1158/1158
f 1160/1160/1160 1157/1157/1157 1159/1159/1159
f 1158/1158/1158 1157/1157/1157 1160/1160/1160
f 1162/1162/1162 1159/1159/1159 1161/1161/1161
f 1160/1160/1160 1159/1159/1159 1162/1162/1162
f 1164/1164/1164 1161/1161/1161 1163/1163/1163
f 1162/1162/1162 1161/1161/1161 1164/1164/1164
f 1166/1166/1166 1163/1163/1163 1165/1165/1165
f 1164/1164/1164 1163/1163/1163 1166/1166/1166
f 1168/1168/1168 1165/1165/1165 1167/1167/1167
f 1166/1166/1166 1165/1165/1165 1168/1168/1168
f 1169/1169/1169 1146/1146/1146 1148/1148/1148
f 1170/1170/1170 1146/1146/1146 1169/1169/1169
f 1170/1170/1170 1144/1144/1144 1146/1146/1146
f 1171/1171/1171 1144/1144/1144 1170/1170/1170
f 1172/1172/1172 1139/1139/1139 1141/1141/1141
f 1173/1173/1173 1139/1139/1139 1172/1172/1172
f 1173/1173/1173 1137/1137/1137 1139/1139/1139
f 1174/1174/1174 1137/1137/1137 1173/1173/1173
f 1174/1174/1174 1135/1135/1135 1137/1137/1137
f 1175/1175/1175 1135/1135/1135 1174/1174/1174
f 1175/1175/1175 1133/1133/1133 1135/1135/1135
f 1176/1176/1176 1133/1133/1133 1175/1175/1175
f 1177/1177/1177 1128/1128/1128 1130/1130/1130
f 1178/1178/1178 1128/1128/1128 1177/1177/1177
f 1178/1178/1178 964/964/964 1128/1128/1128
f 987/987/987 964/964/964 1178/1178/1178
f 1123/1123/1123 1170/1170/1170 1169/1169/1169
f 1124/1124/1124 1170/1170/1170 1123/1123/1123
f 1121/1121/1121 1173/1173/1173 1172/1172/1172
f 1119/1119/1119 1173/1173/1173 1121/1121/1121
f 1119/1119/1119 1174/1174/1174 1173/1173/1173
f 1115/1115/1115 1174/1174/1174 1119/1119/1119
f 1115/1115/1115 1175/1175/1175 1174/1174/1174
f 1116/1116/1116 1175/1175/1175 1115/1115/1115
f 1116/1116/1116 1176/1176/1176 1175/1175/1175
f 1113/1113/1113 987/987/987 1178/1178/1178
f 939/939/939 987/987/987 1113/1113/1113
f 1124/1124/1124 1171/1171/1171 1170/1170/1170
f 1018/1018/1018 1179/1179/1179 1017/1017/1017
f 1180/1180/1180 1179/1179/1179 1018/1018/1018
f 1180/1180/1180 1181/1181/1181 1179/1179/1179
f 1182/1182/1182 1181/1181/1181 1180/1180/1180
f 1182/1182/1182 1183/1183/1183 1181/1181/1181
f 1184/1184/1184 1183/1183/1183 1182/1182/1182
f 1184/1184/1184 1185/1185/1185 1183/1183/1183
f 1186/1186/1186 1185/1185/1185 1184/1184/1184
f 1186/1186/1186 1187/1187/1187 1185/1185/1185
f 1188/1188/1188 1187/1187/1187 1186/1186/1186
f 1188/1188/1188 1189/1189/1189 1187/1187/1187
f 1190/1190/1190 1189/1189/1189 1188/1188/1188
f 1190/1190/1190 1191/1191/1191 1189/1189/1189
f 1192/1192/1192 1191/1191/1191 1190/1190/1190
f 1192/1192/1192 1193/1193/1193 1191/1191/1191
f 1194/1194/1194 1193/1193/1193 1192/1192/1192
f 1194/1194/1194 1195/1195/1195 1193/1193/1193
f 1196/1196/1196 1195/1195/1195 1194/1194/1194
f 1196/1196/1196 1197/1197/1197 1195/1195/1195
f 1198/1198/1198 1197/1197/1197 1196/1196/1196
f 1200/1200/1200 1113/1113/1113 1199/1199/1199
f 1114/1114/1114 1113/1113/1113 1200/1200/1200
f 1199/1199/1199 1178/1178/1178 1177/1177/1177
f 1113/1113/1113 1178/1178/1178 1199/1199/1199
f 1202/1202/1202 1123/1123/1123 1201/1201/1201
f 1125/1125/1125 1123/1123/1123 1202/1202/1202
f 1205/1205/1205 1204/1204/1204 1203/1203/1203
f 1206/1206/1206 1204/1204/1204 1205/1205/1205
f 1208/1208/1208 1203/1203/1203 1207/1207/1207
f 1205/1205/1205 1203/1203/1203 1208/1208/1208
f 1210/1210/1210 1207/1207/1207 1209/1209/1209
f 1208/1208/1208 1207/1207/1207 1210/1210/1210
f 1024/1024/1024 1211/1211/1211 1022/1022/1022
f 1212/1212/1212 1211/1211/1211 1024/1024/1024
f 1214/1214/1214 1147/1147/1147 1213/1213/1213
f 1148/1148/1148 1147/1147/1147 1214/1214/1214
f 1216/1216/1216 1213/1213/1213 1215/1215/1215
f 1214/1214/1214 1213/1213/1213 1216/1216/1216
f 1219/1219/1219 1218/1218/1218 1217/1217/1217
f 1221/1221/1221 1217/1217/1217 1220/1220/1220
f 1219/1219/1219 1217/1217/1217 1221/1221/1221
f 1223/1223/1223 1220/1220/1220 1222/1222/1222
f 1221/1221/1221 1220/1220/1220 1223/1223/1223
f 1225/1225/1225 1222/1222/1222 1224/1224/1224
f 1223/1223/1223 1222/1222/1222 1225/1225/1225
f 1227/1227/1227 1224/1224/1224 1226/1226/1226
f 1225/1225/1225 1224/1224/1224 1227/1227/1227
f 1230/1230/1230 1229/1229/1229 1228/1228/1228
f 1232/1232/1232 1228/1228/1228 1231/1231/1231
f 1230/1230/1230 1228/1228/1228 1232/1232/1232
f 1038/1038/1038 1231/1231/1231 1036/1036/1036
f 1232/1232/1232 1231/1231/1231 1038/1038/1038
f 1234/1234/1234 1167/1167/1167 1233/1233/1233
f 1168/1168/1168 1167/1167/1167 1234/1234/1234
f 1236/1236/1236 1233/1233/1233 1235/1235/1235
f 1234/1234/1234 1233/1233/1233 1236/1236/1236
f 1238/1238/1238 1235/1235/1235 1237/1237/1237
f 1236/1236/1236 1235/1235/1235 1238/1238/1238
f 1240/1240/1240 1237/1237/1237 1239/1239/1239
f 1238/1238/1238 1237/1237/1237 1240/1240/1240
f 1242/1242/1242 1239/1239/1239 1241/1241/1241
f 1240/1240/1240 1239/1239/1239 1242/1242/1242
f 1244/1244/1244 1241/1241/1241 1243/1243/1243
f 1242/1242/1242 1241/1241/1241 1244/1244/1244
f 1246/1246/1246 1243/1243/1243 1245/1245/1245
f 1244/1244/1244 1243/1243/1243 1246/1246/1246
f 1248/1248/1248 1245/1245/1245 1247/1247/1247
f 1246/1246/1246 1245/1245/1245 1248/1248/1248
f 1250/1250/1250 1247/1247/1247 1249/1249/1249
f 1248/1248/1248 1247/1247/1247 1250/1250/1250
f 1060/1060/1060 1249/1249/1249 1058/1058/1058
f 1250/1250/1250 1249/1249/1249 1060/1060/1060
f 1088/1088/1088 1232/1232/1232 1038/1038/1038
f 1251/1251/1251 1232/1232/1232 1088/1088/1088
f 1251/1251/1251 1230/1230/1230 1232/1232/1232
f 1252/1252/1252 1230/1230/1230 1251/1251/1251
f 1253/1253/1253 1225/1225/1225 1227/1227/1227
f 1254/1254/1254 1225/1225/1225 1253/1253/1253
f 1254/1254/1254 1223/1223/1223 1225/1225/1225
f 1255/1255/1255 1223/1223/1223 1254/1254/1254
f 1255/1255/1255 1221/1221/1221 1223/1223/1223
f 1256/1256/1256 1221/1221/1221 1255/1255/1255
f 1256/1256/1256 1219/1219/1219 1221/1221/1221
f 1257/1257/1257 1219/1219/1219 1256/1256/1256
f 1258/1258/1258 1214/1214/1214 1216/1216/1216
f 1259/1259/1259 1214/1214/1214 1258/1258/1258
f 1259/1259/1259 1148/1148/1148 1214/1214/1214
f 1169/1169/1169 1148/1148/1148 1259/1259/1259
f 1022/1022/1022 1251/1251/1251 1088/1088/1088
f 1211/1211/1211 1251/1251/1251 1022/1022/1022
f 1209/1209/1209 1254/1254/1254 1253/1253/1253
f 1207/1207/1207 1254/1254/1254 1209/1209/1209
f 1207/1207/1207 1255/1255/1255 1254/1254/1254
f 1203/1203/1203 1255/1255/1255 1207/1207/1207
f 1203/1203/1203 1256/1256/1256 1255/1255/1255
f 1204/1204/1204 1256/1256/1256 1203/1203/1203
f 1204/1204/1204 1257/1257/1257 1256/1256/1256
f 1201/1201/1201 1169/1169/1169 1259/1259/1259
f 1123/1123/1123 1169/1169/1169 1201/1201/1201
f 1211/1211/1211 1252/1252/1252 1251/1251/1251
f 1198/1198/1198 1260/1260/1260 1197/1197/1197
f 1261/1261/1261 1260/1260/1260 1198/1198/1198
f 1261/1261/1261 1262/1262/1262 1260/1260/1260
f 1263/1263/1263 1262/1262/1262 1261/1261/1261
f 1263/1263/1263 1264/1264/1264 1262/1262/1262
f 1265/1265/1265 1264/1264/1264 1263/1263/1263
f 1265/1265/1265 1266/1266/1266 1264/1264/1264
f 1267/1267/1267 1266/1266/1266 1265/1265/1265
f 1267/1267/1267 1268/1268/1268 1266/1266/1266
f 1269/1269/1269 1268/1268/1268 1267/1267/1267
f 1269/1269/1269 1270/1270/1270 1268/1268/1268
f 1271/1271/1271 1270/1270/1270 1269/1269/1269
f 1271/1271/1271 1272/1272/1272 1270/1270/1270
f 1273/1273/1273 1272/1272/1272 1271/1271/1271
f 1273/1273/1273 1274/1274/1274 1272/1272/1272
f 1275/1275/1275 1274/1274/1274 1273/1273/1273
f 1275/1275/1275 1276/1276/1276 1274/1274/1274
f 1277/1277/1277 1276/1276/1276 1275/1275/1275
f 1277/1277/1277 1089/1089/1089 1276/1276/1276
f 1091/1091/1091 1089/1089/1089 1277/1277/1277
f 1279/1279/1279 1201/1201/1201 1278/1278/1278
f 1202/1202/1202 1201/1201/1201 1279/1279/1279
f 1278/1278/1278 1259/1259/1259 1258/1258/1258
f 1201/1201/1201 1259/1259/1259 1278/1278/1278
f 1282/1282/1282 1281/1281/1281 1280/1280/1280
f 1283/1283/1283 1281/1281/1281 1282/1282/1282
f 1286/1286/1286 1285/1285/1285 1284/1284/1284
f 1287/1287/1287 1285/1285/1285 1286/1286/1286
f 1290/1290/1290 1289/1289/1289 1288/1288/1288
f 1291/1291/1291 1289/1289/1289 1290/1290/1290
f 1294/1294/1294 1293/1293/1293 1292/1292/1292
f 1295/1295/1295 1293/1293/1293 1294/1294/1294
f 1298/1298/1298 1297/1297/1297 1296/1296/1296
f 1299/1299/1299 1297/1297/1297 1298/1298/1298
f 1302/1302/1302 1301/1301/1301 1300/1300/1300
f 1303/1303/1303 1301/1301/1301 1302/1302/1302
f 1306/1306/1306 1305/1305/1305 1304/1304/1304
f 1306/1306/1306 1304/1304/1304 1307/1307/1307
f 1306/1306/1306 1307/1307/1307 1308/1308/1308
f 1306/1306/1306 1308/1308/1308 1309/1309/1309
f 1306/1306/1306 1309/1309/1309 1310/1310/1310
f 1306/1306/1306 1310/1310/1310 1305/1305/1305
f 1313/1313/1313 1312/1312/1312 1311/1311/1311
f 1314/1314/1314 1312/1312/1312 1313/1313/1313
f 1317/1317/1317 1316/1316/1316 1315/1315/1315
f 1318/1318/1318 1316/1316/1316 1317/1317/1317
f 1321/1321/1321 1320/1320/1320 1319/1319/1319
f 1322/1322/1322 1320/1320/1320 1321/1321/1321
f 1325/1325/1325 1324/1324/1324 1323/1323/1323
f 1326/1326/1326 1324/1324/1324 1325/1325/1325
f 1329/1329/1329 1328/1328/1328 1327/1327/1327
f 1330/1330/1330 1328/1328/1328 1329/1329/1329
f 1333/1333/1333 1332/1332/1332 1331/1331/1331
f 1334/1334/1334 1332/1332/1332 1333/1333/1333
f 1337/1337/1337 1336/1336/1336 1335/1335/1335
f 1337/1337/1337 1335/1335/1335 1338/1338/1338
f 1337/1337/1337 1338/1338/1338 1339/1339/1339
f 1337/1337/1337 1339/1339/1339 1340/1340/1340
f 1337/1337/1337 1340/1340/1340 1341/1341/1341
f 1337/1337/1337 1341/1341/1341 1336/1336/1336
f 1344/1344/1344 1343/1343/1343 1342/1342/1342
f 1345/1345/1345 1343/1343/1343 1344/1344/1344
f 1348/1348/1348 1347/1347/1347 1346/1346/1346
f 1349/1349/1349 1347/1347/1347 1348/1348/1348
f 1352/1352/1352 1351/1351/1351 1350/1350/1350
f 1353/1353/1353 1351/1351/1351 1352/1352/1352
f 1356/1356/1356 1355/1355/1355 1354/1354/1354
f 1357/1357/1357 1355/1355/1355 1356/1356/1356
f 1360/1360/1360 1359/1359/1359 1358/1358/1358
f 1361/1361/1361 1359/1359/1359 1360/1360/1360
f 1364/1364/1364 1363/1363/1363 1362/1362/1362
f 1365/1365/1365 1363/1363/1363 1364/1364/1364
f 1368/1368/1368 1367/1367/1367 1366/1366/1366
f 1368/1368/1368 1366/1366/1366 1369/1369/1369
f 1368/1368/1368 1369/1369/1369 1370/1370/1370
f 1368/1368/1368 1370/1370/1370 1371/1371/1371
f 1368/1368/1368 1371/1371/1371 1372/1372/1372
f 1368/1368/1368 1372/1372/1372 1367/1367/1367
f 1375/1375/1375 1374/1374/1374 1373/1373/1373
f 1376/1376/1376 1374/1374/1374 1375/1375/1375
f 1379/1379/1379 1378/1378/1378 1377/1377/1377
f 1380/1380/1380 1378/1378/1378 1379/1379/1379
f 1383/1383/1383 1382/1382/1382 1381/1381/1381
f 1384/1384/1384 1382/1382/1382 1383/1383/1383
f 1387/1387/1387 1386/1386/1386 1385/1385/1385
f 1388/1388/1388 1386/1386/1386 1387/1387/1387
f 1391/1391/1391 1390/1390/1390 1389/1389/1389
f 1392/1392/1392 1390/1390/1390 1391/1391/1391
f 1395/1395/1395 1394/1394/1394 1393/1393/1393
f 1396/1396/1396 1394/1394/1394 1395/1395/1395
f 1399/1399/1399 1398/1398/1398 1397/1397/1397
f 1399/1399/1399 1397/1397/1397 1400/1400/1400
f 1399/1399/1399 1400/1400/1400 1401/1401/1401
f 1399/1399/1399 1401/1401/1401 1402/1402/1402
f 1399/1399/1399 1402/1402/1402 1403/1403/1403
f 1399/1399/1399 1403/1403/1403 1398/1398/1398
f 1406/1406/1406 1405/1405/1405 1404/1404/1404
f 1407/1407/1407 1405/1405/1405 1406/1406/1406
f 1410/1410/1410 1409/1409/1409 1408/1408/1408
f 1411/1411/1411 1409/1409/1409 1410/1410/1410
f 1414/1414/1414 1413/1413/1413 1412/1412/1412
f 1415/1415/1415 1413/1413/1413 1414/1414/1414
f 1418/1418/1418 1417/1417/1417 1416/1416/1416
f 1419/1419/1419 1417/1417/1417 1418/1418/1418
f 1422/1422/1422 1421/1421/1421 1420/1420/1420
f 1423/1423/1423 1421/1421/1421 1422/1422/1422
f 1426/1426/1426 1425/1425/1425 1424/1424/1424
f 1427/1427/1427 1425/1425/1425 1426/1426/1426
f 1430/1430/1430 1429/1429/1429 1428/1428/1428
f 1430/1430/1430 1428/1428/1428 1431/1431/1431
f 1430/1430/1430 1431/1431/1431 1432/1432/1432
f 1430/1430/1430 1432/1432/1432 1433/1433/1433
f 1430/1430/1430 1433/1433/1433 1434/1434/1434
f 1430/1430/1430 1434/1434/1434 1429/1429/1429
f 1437/1437/1437 1436/1436/1436 1435/1435/1435
f 1438/1438/1438 1436/1436/1436 1437/1437/1437
f 1441/1441/1441 1440/1440/1440 1439/1439/1439
f 1442/1442/1442 1440/1440/1440 1441/1441/1441
f 1444/1444/1444 1435/1435/1435 1443/1443/1443
f 1437/1437/1437 1435/1435/1435 1444/1444/1444
f 1446/1446/1446 1443/1443/1443 1445/1445/1445
f 1444/1444/1444 1443/1443/1443 1446/1446/1446
f 1448/1448/1448 1445/1445/1445 1447/1447/1447
f 1446/1446/1446 1445/1445/1445 1448/1448/1448
f 1450/1450/1450 1447/1447/1447 1449/1449/1449
f 1448/1448/1448 1447/1447/1447 1450/1450/1450
f 1452/1452/1452 1449/1449/1449 1451/1451/1451
f 1450/1450/1450 1449/1449/1449 1452/1452/1452
f 1454/1454/1454 1451/1451/1451 1453/1453/1453
f 1452/1452/1452 1451/1451/1451 1454/1454/1454
f 1456/1456/1456 1453/1453/1453 1455/1455/1455
f 1454/1454/1454 1453/1453/1453 1456/1456/1456
f 1438/1438/1438 1439/1439/1439 1436/1436/1436
f 1441/1441/1441 1439/1439/1439 1438/1438/1438
f 1459/1459/1459 1458/1458/1458 1457/1457/1457
f 1460/1460/1460 1458/1458/1458 1459/1459/1459
f 1462/1462/1462 1460/1460/1460 1461/1461/1461
f 1458/1458/1458 1460/1460/1460 1462/1462/1462
f 1461/1461/1461 1463/1463/1463 1462/1462/1462
f 1464/1464/1464 1463/1463/1463 1461/1461/1461
f 1466/1466/1466 1464/1464/1464 1465/1465/1465
f 1463/1463/1463 1464/1464/1464 1466/1466/1466
f 1469/1469/1469 1468/1468/1468 1467/1467/1467
f 1470/1470/1470 1468/1468/1468 1469/1469/1469
f 1473/1473/1473 1472/1472/1472 1471/1471/1471
f 1474/1474/1474 1472/1472/1472 1473/1473/1473
f 1476/1476/1476 1467/1467/1467 1475/1475/1475
f 1469/1469/1469 1467/1467/1467 1476/1476/1476
f 1478/1478/1478 1475/1475/1475 1477/1477/1477
f 1476/1476/1476 1475/1475/1475 1478/1478/1478
f 1480/1480/1480 1477/1477/1477 1479/1479/1479
f 1478/1478/1478 1477/1477/1477 1480/1480/1480
f 1482/1482/1482 1479/1479/1479 1481/1481/1481
f 1480/1480/1480 1479/1479/1479 1482/1482/1482
f 1484/1484/1484 1481/1481/1481 1483/1483/1483
f 1482/1482/1482 1481/1481/1481 1484/1484/1484
f 1486/1486/1486 1483/1483/1483 1485/1485/1485
f 1484/1484/1484 1483/1483/1483 1486/1486/1486
f 1488/1488/1488 1485/1485/1485 1487/1487/1487
f 1486/1486/1486 1485/1485/1485 1488/1488/1488
f 1470/1470/1470 1471/1471/1471 1468/1468/1468
f 1473/1473/1473 1471/1471/1471 1470/1470/1470
f 1491/1491/1491 1490/1490/1490 1489/1489/1489
f 1492/1492/1492 1490/1490/1490 1491/1491/1491
f 1494/1494/1494 1492/1492/1492 1493/1493/1493
f 1490/1490/1490 1492/1492/1492 1494/1494/1494
f 1493/1493/1493 1495/1495/1495 1494/1494/1494
f 1496/1496/1496 1495/1495/1495 1493/1493/1493
f 1498/1498/1498 1496/1496/1496 1497/1497/1497
f 1495/1495/1495 1496/1496/1496 1498/1498/1498
f 1501/1501/1501 1500/1500/1500 1499/1499/1499
f 1502/1502/1502 1500/1500/1500 1501/1501/1501
f 1505/1505/1505 1504/1504/1504 1503/1503/1503
f 1506/1506/1506 1504/1504/1504 1505/1505/1505
f 1508/1508/1508 1499/1499/1499 1507/1507/1507
f 1501/1501/1501 1499/1499/1499 1508/1508/1508
f 1510/1510/1510 1507/1507/1507 1509/1509/1509
f 1508/1508/1508 1507/1507/1507 1510/1510/1510
f 1512/1512/1512 1509/1509/1509 1511/1511/1511
f 1510/1510/1510 1509/1509/1509 1512/1512/1512
f 1514/1514/1514 1511/1511/1511 1513/1513/1513
f 1512/1512/1512 1511/1511/1511 1514/1514/1514
f 1516/1516/1516 1513/1513/1513 1515/1515/1515
f 1514/1514/1514 1513/1513/1513 1516/1516/1516
f 1518/1518/1518 1515/1515/1515 1517/1517/1517
f 1516/1516/1516 1515/1515/1515 1518/1518/1518
f 1520/1520/1520 1517/1517/1517 1519/1519/1519
f 1518/1518/1518 1517/1517/1517 1520/1520/1520
f 1502/1502/1502 1503/1503/1503 1500/1500/1500
f 1505/1505/1505 1503/1503/1503 1502/1502/1502
f 1523/1523/1523 1522/1522/1522 1521/1521/1521
f 1524/1524/1524 1522/1522/1522 1523/1523/1523
f 1526/1526/1526 1524/1524/1524 1525/1525/1525
f 1522/1522/1522 1524/1524/1524 1526/1526/1526
f 1525/1525/1525 1527/1527/1527 1526/1526/1526
f 1528/1528/1528 1527/1527/1527 1525/1525/1525
f 1530/1530/1530 1528/1528/1528 1529/1529/1529
f 1527/1527/1527 1528/1528/1528 1530/1530/1530
f 1533/1533/1533 1532/1532/1532 1531/1531/1531
f 1534/1534/1534 1532/1532/1532 1533/1533/1533
f 1537/1537/1537 1536/1536/1536 1535/1535/1535
f 1538/1538/1538 1536/1536/1536 1537/1537/1537
f 1540/1540/1540 1531/1531/1531 1539/1539/1539
f 1533/1533/1533 1531/1531/1531 1540/1540/1540
f 1542/1542/1542 1539/1539/1539 1541/1541/1541
f 1540/1540/1540 1539/1539/1539 1542/1542/1542
f 1544/1544/1544 1541/1541/1541 1543/1543/1543
f 1542/1542/1542 1541/1541/1541 1544/1544/1544
f 1546/1546/1546 1543/1543/1543 1545/1545/1545
f 1544/1544/1544 1543/1543/1543 1546/1546/1546
f 1548/1548/1548 1545/1545/1545 1547/1547/1547
f 1546/1546/1546 1545/1545/1545 1548/1548/1548
f 1550/1550/1550 1547/1547/1547 1549/1549/1549
f 1548/1548/1548 1547/1547/1547 1550/1550/1550
f 1552/1552/1552 1549/1549/1549 1551/1551/1551
f 1550/1550/1550 1549/1549/1549 1552/1552/1552
f 1534/1534/1534 1535/1535/1535 1532/1532/1532
f 1537/1537/1537 1535/1535/1535 1534/1534/1534
f 1555/1555/1555 1554/1554/1554 1553/1553/1553
f 1556/1556/1556 1554/1554/1554 1555/1555/1555
f 1558/1558/1558 1556/1556/1556 1557/1557/1557
f 1554/1554/1554 1556/1556/1556 1558/1558/1558
f 1557/1557/1557 1559/1559/1559 1558/1558/1558
f 1560/1560/1560 1559/1559/1559 1557/1557/1557
f 1562/1562/1562 1560/1560/1560 1561/1561/1561
f 1559/1559/1559 1560/1560/1560 1562/1562/1562
f 1565/1565/1565 1564/1564/1564 1563/1563/1563
f 1566/1566/1566 1564/1564/1564 1565/1565/1565
f 1569/1569/1569 1568/1568/1568 1567/1567/1567
f 1570/1570/1570 1568/1568/1568 1569/1569/1569
f 1572/1572/1572 1563/1563/1563 1571/1571/1571
f 1565/1565/1565 1563/1563/1563 1572/1572/1572
f 1574/1574/1574 1571/1571/1571 1573/1573/1573
f 1572/1572/1572 1571/1571/1571 1574/1574/1574
f 1576/1576/1576 1573/1573/1573 1575/1575/1575
f 1574/1574/1574 1573/1573/1573 1576/1576/1576
f 1578/1578/1578 1575/1575/1575 1577/1577/1577
f 1576/1576/1576 1575/1575/1575 1578/1578/1578
f 1580/1580/1580 1577/1577/1577 1579/1579/1579
f 1578/1578/1578 1577/1577/1577 1580/1580/1580
f 1582/1582/1582 1579/1579/1579 1581/1581/1581
f 1580/1580/1580 1579/1579/1579 1582/1582/1582
f 1584/1584/1584 1581/1581/1581 1583/1583/1583
f 1582/1582/1582 1581/1581/1581 1584/1584/1584
f 1566/1566/1566 1567/1567/1567 1564/1564/1564
f 1569/1569/1569 1567/1567/1567 1566/1566/1566
f 1587/1587/1587 1586/1586/1586 1585/1585/1585
f 1588/1588/1588 1586/1586/1586 1587/1587/1587
f 1590/1590/1590 1588/1588/1588 1589/1589/1589
f 1586/1586/1586 1588/1588/1588 1590/1590/1590
f 1589/1589/1589 1591/1591/1591 1590/1590/1590
f 1592/1592/1592 1591/1591/1591 1589/1589/1589
f 1594/1594/1594 1592/1592/1592 1593/1593/1593
f 1591/1591/1591 1592/1592/1592 1594/1594/1594
f 1597/1597/1597 1596/1596/1596 1595/1595/1595
f 1598/1598/1598 1596/1596/1596 1597/1597/1597
f 1601/1601/1601 1600/1600/1600 1599/1599/1599
f 1602/1602/1602 1600/1600/1600 1601/1601/1601
f 1605/1605/1605 1604/1604/1604 1603/1603/1603
f 1606/1606/1606 1604/1604/1604 1605/1605/1605
f 1609/1609/1609 1608/1608/1608 1607/1607/1607
f 1610/1610/1610 1608/1608/1608 1609/1609/1609
f 1613/1613/1613 1612/1612/1612 1611/1611/1611
f 1614/1614/1614 1612/1612/1612 1613/1613/1613
f 1617/1617/1617 1616/1616/1616 1615/1615/1615
f 1618/1618/1618 1616/1616/1616 1617/1617/1617
f 1621/1621/1621 1620/1620/1620 1619/1619/1619
f 1622/1622/1622 1620/1620/1620 1621/1621/1621
f 1623/1623/1623 1622/1622/1622 1621/1621/1621
f 1624/1624/1624 1622/1622/1622 1623/1623/1623
f 1625/1625/1625 1624/1624/1624 1623/1623/1623
f 1626/1626/1626 1624/1624/1624 1625/1625/1625
f 1627/1627/1627 1626/1626/1626 1625/1625/1625
f 1628/1628/1628 1626/1626/1626 1627/1627/1627
f 1631/1631/1631 1630/1630/1630 1629/1629/1629
f 1632/1632/1632 1630/1630/1630 1631/1631/1631
f 1635/1635/1635 1634/1634/1634 1633/1633/1633
f 1636/1636/1636 1634/1634/1634 1635/1635/1635
f 1639/1639/1639 1638/1638/1638 1637/1637/1637
f 1640/1640/1640 1638/1638/1638 1639/1639/1639
f 1643/1643/1643 1642/1642/1642 1641/1641/1641
f 1644/1644/1644 1642/1642/1642 1643/1643/1643
f 1647/1647/1647 1646/1646/1646 1645/1645/1645
f 1648/1648/1648 1646/1646/1646 1647/1647/1647
f 1651/1651/1651 1650/1650/1650 1649/1649/1649
f 1652/1652/1652 1650/1650/1650 1651/1651/1651
f 1655/1655/1655 1654/1654/1654 1653/1653/1653
f 1656/1656/1656 1654/1654/1654 1655/1655/1655
f 1659/1659/1659 1658/1658/1658 1657/1657/1657
f 1660/1660/1660 1658/1658/1658 1659/1659/1659
f 1663/1663/1663 1662/1662/1662 1661/1661/1661
f 1664/1664/1664 1662/1662/1662 1663/1663/1663
f 1667/1667/1667 1666/1666/1666 1665/1665/1665
f 1668/1668/1668 1666/1666/1666 1667/1667/1667
f 1671/1671/1671 1670/1670/1670 1669/1669/1669
f 1672/1672/1672 1670/1670/1670 1671/1671/1671
f 1675/1675/1675 1674/1674/1674 1673/1673/1673
f 1676/1676/1676 1674/1674/1674 1675/1675/1675
f 1679/1679/1679 1678/1678/1678 1677/1677/1677
f 1680/1680/1680 1678/1678/1678 1679/1679/1679
f 1683/1683/1683 1682/1682/1682 1681/1681/1681
f 1684/1684/1684 1682/1682/1682 1683/1683/1683
f 1687/1687/1687 1686/1686/1686 1685/1685/1685
f 1688/1688/1688 1686/1686/1686 1687/1687/1687
f 1691/1691/1691 1690/1690/1690 1689/1689/1689
f 1692/1692/1692 1690/1690/1690 1691/1691/1691
f 1695/1695/1695 1694/1694/1694 1693/1693/1693
f 1696/1696/1696 1694/1694/1694 1695/1695/1695
f 1699/1699/1699 1698/1698/1698 1697/1697/1697
f 1700/1700/1700 1698/1698/1698 1699/1699/1699
f 1703/1703/1703 1702/1702/1702 1701/1701/1701
f 1704/1704/1704 1702/1702/1702 1703/1703/1703
f 1707/1707/1707 1706/1706/1706 1705/1705/1705
f 1708/1708/1708 1706/1706/1706 1707/1707/1707
f 1711/1711/1711 1710/1710/1710 1709/1709/1709
f 1712/1712/1712 1710/1710/1710 1711/1711/1711
f 1715/1715/1715 1714/1714/1714 1713/1713/1713
f 1716/1716/1716 1714/1714/1714 1715/1715/1715
f 1719/1719/1719 1718/1718/1718 1717/1717/1717
f 1720/1720/1720 1718/1718/1718 1719/1719/1719
f 1719/1719/1719 1721/1721/1721 1720/1720/1720
f 1722/1722/1722 1721/1721/1721 1719/1719/1719
f 1722/1722/1722 1723/1723/1723 1721/1721/1721
f 1724/1724/1724 1723/1723/1723 1722/1722/1722
f 1725/1725/1725 1723/1723/1723 1724/1724/1724
f 1728/1728/1728 1727/1727/1727 1726/1726/1726
f 1731/1731/1731 1730/1730/1730 1729/1729/1729
f 1728/1728/1728 1730/1730/1730 1731/1731/1731
f 1734/1734/1734 1733/1733/1733 1732/1732/1732
f 1735/1735/1735 1733/1733/1733 1734/1734/1734
f 1736/1736/1736 1733/1733/1733 1735/1735/1735
f 1735/1735/1735 1737/1737/1737 1736/1736/1736
f 1738/1738/1738 1737/1737/1737 1735/1735/1735
f 1737/1737/1737 1740/1740/1740 1739/1739/1739
f 1738/1738/1738 1740/1740/1740 1737/1737/1737
f 1741/1741/1741 1648/1648/1648 1647/1647/1647
f 1742/1742/1742 1648/1648/1648 1741/1741/1741
f 1743/1743/1743 1683/1683/1683 1681/1681/1681
f 1744/1744/1744 1683/1683/1683 1743/1743/1743
f 1745/1745/1745 1728/1728/1728 1726/1726/1726
f 1746/1746/1746 1728/1728/1728 1745/1745/1745
f 1727/1727/1727 1728/1728/1728 1731/1731/1731
f 1749/1749/1749 1748/1748/1748 1747/1747/1747
f 1750/1750/1750 1748/1748/1748 1749/1749/1749
f 1753/1753/1753 1752/1752/1752 1751/1751/1751
f 1754/1754/1754 1752/1752/1752 1753/1753/1753
f 1757/1757/1757 1756/1756/1756 1755/1755/1755
f 1758/1758/1758 1756/1756/1756 1757/1757/1757
f 1761/1761/1761 1760/1760/1760 1759/1759/1759
f 1762/1762/1762 1760/1760/1760 1761/1761/1761
f 1765/1765/1765 1764/1764/1764 1763/1763/1763
f 1766/1766/1766 1764/1764/1764 1765/1765/1765
f 1769/1769/1769 1768/1768/1768 1767/1767/1767
f 1770/1770/1770 1768/1768/1768 1769/1769/1769
f 1773/1773/1773 1772/1772/1772 1771/1771/1771
f 1774/1774/1774 1772/1772/1772 1773/1773/1773
f 1777/1777/1777 1776/1776/1776 1775/1775/1775
f 1778/1778/1778 1776/1776/1776 1777/1777/1777
f 1781/1781/1781 1780/1780/1780 1779/1779/1779
f 1782/1782/1782 1780/1780/1780 1781/1781/1781
f 1785/1785/1785 1784/1784/1784 1783/1783/1783
f 1786/1786/1786 1784/1784/1784 1785/1785/1785
f 1789/1789/1789 1788/1788/1788 1787/1787/1787
f 1790/1790/1790 1788/1788/1788 1789/1789/1789
f 1793/1793/1793 1792/1792/1792 1791/1791/1791
f 1794/1794/1794 1792/1792/1792 1793/1793/1793
f 1797/1797/1797 1796/1796/1796 1795/1795/1795
f 1798/1798/1798 1796/1796/1796 1797/1797/1797
f 1801/1801/1801 1800/1800/1800 1799/1799/1799
f 1802/1802/1802 1800/1800/1800 1801/1801/1801
f 1805/1805/1805 1804/1804/1804 1803/1803/1803
f 1806/1806/1806 1804/1804/1804 1805/1805/1805
f 1809/1809/1809 1808/1808/1808 1807/1807/1807
f 1810/1810/1810 1808/1808/1808 1809/1809/1809
f 1813/1813/1813 1812/1812/1812 1811/1811/1811
f 1814/1814/1814 1812/1812/1812 1813/1813/1813
f 1817/1817/1817 1816/1816/1816 1815/1815/1815
f 1818/1818/1818 1816/1816/1816 1817/1817/1817
f 1821/1821/1821 1820/1820/1820 1819/1819/1819
f 1822/1822/1822 1820/1820/1820 1821/1821/1821
f 1825/1825/1825 1824/1824/1824 1823/1823/1823
f 1826/1826/1826 1824/1824/1824 1825/1825/1825
f 1829/1829/1829 1828/1828/1828 1827/1827/1827
f 1830/1830/1830 1828/1828/1828 1829/1829/1829
f 1831/1831/1831 1830/1830/1830 1829/1829/1829
f 1832/1832/1832 1830/1830/1830 1831/1831/1831
f 1833/1833/1833 1832/1832/1832 1831/1831/1831
f 1834/1834/1834 1832/1832/1832 1833/1833/1833
f 1835/1835/1835 1834/1834/1834 1833/1833/1833
f 1836/1836/1836 1834/1834/1834 1835/1835/1835
f 1839/1839/1839 1838/1838/1838 1837/1837/1837
f 1840/1840/1840 1838/1838/1838 1839/1839/1839
f 1841/1841/1841 1840/1840/1840 1839/1839/1839
f 1842/1842/1842 1840/1840/1840 1841/1841/1841
f 1843/1843/1843 1842/1842/1842 1841/1841/1841
f 1844/1844/1844 1842/1842/1842 1843/1843/1843
f 1845/1845/1845 1844/1844/1844 1843/1843/1843
f 1846/1846/1846 1844/1844/1844 1845/1845/1845
f 1847/1847/1847 1846/1846/1846 1845/1845/1845
f 1848/1848/1848 1846/1846/1846 1847/1847/1847
f 1849/1849/1849 1848/1848/1848 1847/1847/1847
f 1850/1850/1850 1848/1848/1848 1849/1849/1849
f 1851/1851/1851 1850/1850/1850 1849/1849/1849
f 1852/1852/1852 1850/1850/1850 1851/1851/1851
f 1853/1853/1853 1852/1852/1852 1851/1851/1851
f 1854/1854/1854 1852/1852/1852 1853/1853/1853
f 1855/1855/1855 1854/1854/1854 1853/1853/1853
f 1856/1856/1856 1854/1854/1854 1855/1855/1855
f 1857/1857/1857 1856/1856/1856 1855/1855/1855
f 1858/1858/1858 1856/1856/1856 1857/1857/1857
f 1861/1861/1861 1860/1860/1860 1859/1859/1859
f 1862/1862/1862 1860/1860/1860 1861/1861/1861
f 1863/1863/1863 1862/1862/1862 1861/1861/1861
f 1864/1864/1864 1862/1862/1862 1863/1863/1863
f 1865/1865/1865 1864/1864/1864 1863/1863/1863
f 1866/1866/1866 1864/1864/1864 1865/1865/1865
f 1867/1867/1867 1866/1866/1866 1865/1865/1865
f 1868/1868/1868 1866/1866/1866 1867/1867/1867
f 1869/1869/1869 1868/1868/1868 1867/1867/1867
f 1870/1870/1870 1868/1868/1868 1869/1869/1869
f 1827/1827/1827 1870/1870/1870 1869/1869/1869
f 1828/1828/1828 1870/1870/1870 1827/1827/1827
usemtl Tire.003
f 1873/1873/1873 1872/1872/1872 1871/1871/1871
f 1874/1874/1874 1872/1872/1872 1873/1873/1873
f 1876/1876/1876 1871/1871/1871 1875/1875/1875
f 1873/1873/1873 1871/1871/1871 1876/1876/1876
f 1878/1878/1878 1875/1875/1875 1877/1877/1877
f 1876/1876/1876 1875/1875/1875 1878/1878/1878
f 1880/1880/1880 1877/1877/1877 1879/1879/1879
f 1878/1878/1878 1877/1877/1877 1880/1880/1880
f 1882/1882/1882 1879/1879/1879 1881/1881/1881
f 1880/1880/1880 1879/1879/1879 1882/1882/1882
f 1884/1884/1884 1881/1881/1881 1883/1883/1883
f 1882/1882/1882 1881/1881/1881 1884/1884/1884
f 1886/1886/1886 1883/1883/1883 1885/1885/1885
f 1884/1884/1884 1883/1883/1883 1886/1886/1886
f 1888/1888/1888 1885/1885/1885 1887/1887/1887
f 1886/1886/1886 1885/1885/1885 1888/1888/1888
f 1890/1890/1890 1887/1887/1887 1889/1889/1889
f 1888/1888/1888 1887/1887/1887 1890/1890/1890
f 1892/1892/1892 1889/1889/1889 1891/1891/1891
f 1890/1890/1890 1889/1889/1889 1892/1892/1892
f 1894/1894/1894 1891/1891/1891 1893/1893/1893
f 1892/1892/1892 1891/1891/1891 1894/1894/1894
f 1896/1896/1896 1893/1893/1893 1895/1895/1895
f 1894/1894/1894 1893/1893/1893 1896/1896/1896
f 1899/1899/1899 1898/1898/1898 1897/1897/1897
f 1900/1900/1900 1898/1898/1898 1899/1899/1899
f 1902/1902/1902 1897/1897/1897 1901/1901/1901
f 1899/1899/1899 1897/1897/1897 1902/1902/1902
f 1904/1904/1904 1901/1901/1901 1903/1903/1903
f 1902/1902/1902 1901/1901/1901 1904/1904/1904
f 1906/1906/1906 1903/1903/1903 1905/1905/1905
f 1904/1904/1904 1903/1903/1903 1906/1906/1906
f 1908/1908/1908 1905/1905/1905 1907/1907/1907
f 1906/1906/1906 1905/1905/1905 1908/1908/1908
f 1910/1910/1910 1907/1907/1907 1909/1909/1909
f 1908/1908/1908 1907/1907/1907 1910/1910/1910
f 1912/1912/1912 1909/1909/1909 1911/1911/1911
f 1910/1910/1910 1909/1909/1909 1912/1912/1912
f 1914/1914/1914 1911/1911/1911 1913/1913/1913
f 1912/1912/1912 1911/1911/1911 1914/1914/1914
f 1916/1916/1916 1913/1913/1913 1915/1915/1915
f 1914/1914/1914 1913/1913/1913 1916/1916/1916
f 1918/1918/1918 1915/1915/1915 1917/1917/1917
f 1916/1916/1916 1915/1915/1915 1918/1918/1918
f 1920/1920/1920 1917/1917/1917 1919/1919/1919
f 1918/1918/1918 1917/1917/1917 1920/1920/1920
f 1922/1922/1922 1919/1919/1919 1921/1921/1921
f 1920/1920/1920 1919/1919/1919 1922/1922/1922
f 1924/1924/1924 1921/1921/1921 1923/1923/1923
f 1922/1922/1922 1921/1921/1921 1924/1924/1924
f 1926/1926/1926 1923/1923/1923 1925/1925/1925
f 1924/1924/1924 1923/1923/1923 1926/1926/1926
f 1928/1928/1928 1925/1925/1925 1927/1927/1927
f 1926/1926/1926 1925/1925/1925 1928/1928/1928
f 1930/1930/1930 1927/1927/1927 1929/1929/1929
f 1928/1928/1928 1927/1927/1927 1930/1930/1930
f 1932/1932/1932 1929/1929/1929 1931/1931/1931
f 1930/1930/1930 1929/1929/1929 1932/1932/1932
f 1934/1934/1934 1931/1931/1931 1933/1933/1933
f 1932/1932/1932 1931/1931/1931 1934/1934/1934
f 1936/1936/1936 1933/1933/1933 1935/1935/1935
f 1934/1934/1934 1933/1933/1933 1936/1936/1936
f 1938/1938/1938 1935/1935/1935 1937/1937/1937
f 1936/1936/1936 1935/1935/1935 1938/1938/1938
f 1940/1940/1940 1937/1937/1937 1939/1939/1939
f 1938/1938/1938 1937/1937/1937 1940/1940/1940
f 1942/1942/1942 1939/1939/1939 1941/1941/1941
f 1940/1940/1940 1939/1939/1939 1942/1942/1942
f 1944/1944/1944 1941/1941/1941 1943/1943/1943
f 1942/1942/1942 1941/1941/1941 1944/1944/1944
f 1946/1946/1946 1943/1943/1943 1945/1945/1945
f 1944/1944/1944 1943/1943/1943 1946/1946/1946
f 1948/1948/1948 1945/1945/1945 1947/1947/1947
f 1946/1946/1946 1945/1945/1945 1948/1948/1948
f 1951/1951/1951 1950/1950/1950 1949/1949/1949
f 1952/1952/1952 1950/1950/1950 1951/1951/1951
f 1954/1954/1954 1949/1949/1949 1953/1953/1953
f 1951/1951/1951 1949/1949/1949 1954/1954/1954
f 1956/1956/1956 1953/1953/1953 1955/1955/1955
f 1954/1954/1954 1953/1953/1953 1956/1956/1956
f 1958/1958/1958 1955/1955/1955 1957/1957/1957
f 1956/1956/1956 1955/1955/1955 1958/1958/1958
f 1960/1960/1960 1957/1957/1957 1959/1959/1959
f 1958/1958/1958 1957/1957/1957 1960/1960/1960
f 1962/1962/1962 1959/1959/1959 1961/1961/1961
f 1960/1960/1960 1959/1959/1959 1962/1962/1962
f 1964/1964/1964 1961/1961/1961 1963/1963/1963
f 1962/1962/1962 1961/1961/1961 1964/1964/1964
f 1966/1966/1966 1963/1963/1963 1965/1965/1965
f 1964/1964/1964 1963/1963/1963 1966/1966/1966
f 1968/1968/1968 1965/1965/1965 1967/1967/1967
f 1966/1966/1966 1965/1965/1965 1968/1968/1968
f 1970/1970/1970 1967/1967/1967 1969/1969/1969
f 1968/1968/1968 1967/1967/1967 1970/1970/1970
f 1972/1972/1972 1969/1969/1969 1971/1971/1971
f 1970/1970/1970 1969/1969/1969 1972/1972/1972
f 1974/1974/1974 1971/1971/1971 1973/1973/1973
f 1972/1972/1972 1971/1971/1971 1974/1974/1974
f 1874/1874/1874 1973/1973/1973 1872/1872/1872
f 1974/1974/1974 1973/1973/1973 1874/1874/1874
f 1975/1975/1975 1874/1874/1874 1873/1873/1873
f 1976/1976/1976 1874/1874/1874 1975/1975/1975
f 1977/1977/1977 1873/1873/1873 1876/1876/1876
f 1975/1975/1975 1873/1873/1873 1977/1977/1977
f 1978/1978/1978 1876/1876/1876 1878/1878/1878
f 1977/1977/1977 1876/1876/1876 1978/1978/1978
f 1979/1979/1979 1878/1878/1878 1880/1880/1880
f 1978/1978/1978 1878/1878/1878 1979/1979/1979
f 1980/1980/1980 1880/1880/1880 1882/1882/1882
f 1979/1979/1979 1880/1880/1880 1980/1980/1980
f 1981/1981/1981 1882/1882/1882 1884/1884/1884
f 1980/1980/1980 1882/1882/1882 1981/1981/1981
f 1982/1982/1982 1884/1884/1884 1886/1886/1886
f 1981/1981/1981 1884/1884/1884 1982/1982/1982
f 1983/1983/1983 1886/1886/1886 1888/1888/1888
f 1982/1982/1982 1886/1886/1886 1983/1983/1983
f 1984/1984/1984 1888/1888/1888 1890/1890/1890
f 1983/1983/1983 1888/1888/1888 1984/1984/1984
f 1985/1985/1985 1890/1890/1890 1892/1892/1892
f 1984/1984/1984 1890/1890/1890 1985/1985/1985
f 1986/1986/1986 1892/1892/1892 1894/1894/1894
f 1985/1985/1985 1892/1892/1892 1986/1986/1986
f 1987/1987/1987 1899/1899/1899 1902/1902/1902
f 1988/1988/1988 1899/1899/1899 1987/1987/1987
f 1989/1989/1989 1902/1902/1902 1904/1904/1904
f 1987/1987/1987 1902/1902/1902 1989/1989/1989
f 1990/1990/1990 1904/1904/1904 1906/1906/1906
f 1989/1989/1989 1904/1904/1904 1990/1990/1990
f 1991/1991/1991 1906/1906/1906 1908/1908/1908
f 1990/1990/1990 1906/1906/1906 1991/1991/1991
f 1992/1992/1992 1908/1908/1908 1910/1910/1910
f 1991/1991/1991 1908/1908/1908 1992/1992/1992
f 1993/1993/1993 1910/1910/1910 1912/1912/1912
f 1992/1992/1992 1910/1910/1910 1993/1993/1993
f 1994/1994/1994 1912/1912/1912 1914/1914/1914
f 1993/1993/1993 1912/1912/1912 1994/1994/1994
f 1995/1995/1995 1914/1914/1914 1916/1916/1916
f 1994/1994/1994 1914/1914/1914 1995/1995/1995
f 1996/1996/1996 1916/1916/1916 1918/1918/1918
f 1995/1995/1995 1916/1916/1916 1996/1996/1996
f 1997/1997/1997 1918/1918/1918 1920/1920/1920
f 1996/1996/1996 1918/1918/1918 1997/1997/1997
f 1998/1998/1998 1920/1920/1920 1922/1922/1922
f 1997/1997/1997 1920/1920/1920 1998/1998/1998
f 1999/1999/1999 1922/1922/1922 1924/1924/1924
f 1998/1998/1998 1922/1922/1922 1999/1999/1999
f 2000/2000/2000 1924/1924/1924 1926/1926/1926
f 1999/1999/1999 1924/1924/1924 2000/2000/2000
f 2001/2001/2001 1926/1926/1926 1928/1928/1928
f 2000/2000/2000 1926/1926/1926 2001/2001/2001
f 2002/2002/2002 1928/1928/1928 1930/1930/1930
f 2001/2001/2001 1928/1928/1928 2002/2002/2002
f 2003/2003/2003 1930/1930/1930 1932/1932/1932
f 2002/2002/2002 1930/1930/1930 2003/2003/2003
f 2004/2004/2004 1932/1932/1932 1934/1934/1934
f 2003/2003/2003 1932/1932/1932 2004/2004/2004
f 2005/2005/2005 1934/1934/1934 1936/1936/1936
f 2004/2004/2004 1934/1934/1934 2005/2005/2005
f 2006/2006/2006 1936/1936/1936 1938/1938/1938
f 2005/2005/2005 1936/1936/1936 2006/2006/2006
f 2007/2007/2007 1938/1938/1938 1940/1940/1940
f 2006/2006/2006 1938/1938/1938 2007/2007/2007
f 2008/2008/2008 1940/1940/1940 1942/1942/1942
f 2007/2007/2007 1940/1940/1940 2008/2008/2008
f 2009/2009/2009 1942/1942/1942 1944/1944/1944
f 2008/2008/2008 1942/1942/1942 2009/2009/2009
f 2010/2010/2010 1944/1944/1944 1946/1946/1946
f 2009/2009/2009 1944/1944/1944 2010/2010/2010
f 2011/2011/2011 1946/1946/1946 1948/1948/1948
f 2010/2010/2010 1946/1946/1946 2011/2011/2011
f 2012/2012/2012 1952/1952/1952 1951/1951/1951
f 2013/2013/2013 1952/1952/1952 2012/2012/2012
f 2014/2014/2014 1951/1951/1951 1954/1954/1954
f 2012/2012/2012 1951/1951/1951 2014/2014/2014
f 2015/2015/2015 1954/1954/1954 1956/1956/1956
f 2014/2014/2014 1954/1954/1954 2015/2015/2015
f 2016/2016/2016 1956/1956/1956 1958/1958/1958
f 2015/2015/2015 1956/1956/1956 2016/2016/2016
f 2017/2017/2017 1958/1958/1958 1960/1960/1960
f 2016/2016/2016 1958/1958/1958 2017/2017/2017
f 2018/2018/2018 1960/1960/1960 1962/1962/1962
f 2017/2017/2017 1960/1960/1960 2018/2018/2018
f 2019/2019/2019 1962/1962/1962 1964/1964/1964
f 2018/2018/2018 1962/1962/1962 2019/2019/2019
f 2020/2020/2020 1964/1964/1964 1966/1966/1966
f 2019/2019/2019 1964/1964/1964 2020/2020/2020
f 2021/2021/2021 1966/1966/1966 1968/1968/1968
f 2020/2020/2020 1966/1966/1966 2021/2021/2021
f 2022/2022/2022 1968/1968/1968 1970/1970/1970
f 2021/2021/2021 1968/1968/1968 2022/2022/2022
f 2023/2023/2023 1970/1970/1970 1972/1972/1972
f 2022/2022/2022 1970/1970/1970 2023/2023/2023
f 2024/2024/2024 1972/1972/1972 1974/1974/1974
f 2023/2023/2023 1972/1972/1972 2024/2024/2024
f 1976/1976/1976 1974/1974/1974 1874/1874/1874
f 2024/2024/2024 1974/1974/1974 1976/1976/1976
f 2025/2025/2025 1976/1976/1976 1975/1975/1975
f 2026/2026/2026 1976/1976/1976 2025/2025/2025
f 2027/2027/2027 1975/1975/1975 1977/1977/1977
f 2025/2025/2025 1975/1975/1975 2027/2027/2027
f 2028/2028/2028 1977/1977/1977 1978/1978/1978
f 2027/2027/2027 1977/1977/1977 2028/2028/2028
f 2029/2029/2029 1978/1978/1978 1979/1979/1979
f 2028/2028/2028 1978/1978/1978 2029/2029/2029
f 2030/2030/2030 1979/1979/1979 1980/1980/1980
f 2029/2029/2029 1979/1979/1979 2030/2030/2030
f 2031/2031/2031 1980/1980/1980 1981/1981/1981
f 2030/2030/2030 1980/1980/1980 2031/2031/2031
f 2032/2032/2032 1981/1981/1981 1982/1982/1982
f 2031/2031/2031 1981/1981/1981 2032/2032/2032
f 1982/1982/1982 2033/2033/2033 2032/2032/2032
f 1983/1983/1983 2033/2033/2033 1982/1982/1982
f 2033/2033/2033 1984/1984/1984 2034/2034/2034
f 1983/1983/1983 1984/1984/1984 2033/2033/2033
f 2035/2035/2035 1984/1984/1984 1985/1985/1985
f 2034/2034/2034 1984/1984/1984 2035/2035/2035
f 2036/2036/2036 1985/1985/1985 1986/1986/1986
f 2035/2035/2035 1985/1985/1985 2036/2036/2036
f 1986/1986/1986 2037/2037/2037 2036/2036/2036
f 2038/2038/2038 2037/2037/2037 1986/1986/1986
f 2040/2040/2040 1988/1988/1988 2039/2039/2039
f 2041/2041/2041 1988/1988/1988 2040/2040/2040
f 2042/2042/2042 1988/1988/1988 1987/1987/1987
f 2039/2039/2039 1988/1988/1988 2042/2042/2042
f 2043/2043/2043 1987/1987/1987 1989/1989/1989
f 2042/2042/2042 1987/1987/1987 2043/2043/2043
f 2044/2044/2044 1989/1989/1989 1990/1990/1990
f 2043/2043/2043 1989/1989/1989 2044/2044/2044
f 2045/2045/2045 1990/1990/1990 1991/1991/1991
f 2044/2044/2044 1990/1990/1990 2045/2045/2045
f 2046/2046/2046 1991/1991/1991 1992/1992/1992
f 2045/2045/2045 1991/1991/1991 2046/2046/2046
f 2047/2047/2047 1992/1992/1992 1993/1993/1993
f 2046/2046/2046 1992/1992/1992 2047/2047/2047
f 2048/2048/2048 1993/1993/1993 1994/1994/1994
f 2047/2047/2047 1993/1993/1993 2048/2048/2048
f 2049/2049/2049 1994/1994/1994 1995/1995/1995
f 2048/2048/2048 1994/1994/1994 2049/2049/2049
f 2050/2050/2050 1995/1995/1995 1996/1996/1996
f 2049/2049/2049 1995/1995/1995 2050/2050/2050
f 2051/2051/2051 1996/1996/1996 1997/1997/1997
f 2050/2050/2050 1996/1996/1996 2051/2051/2051
f 2052/2052/2052 1997/1997/1997 1998/1998/1998
f 2051/2051/2051 1997/1997/1997 2052/2052/2052
f 2053/2053/2053 1998/1998/1998 1999/1999/1999
f 2052/2052/2052 1998/1998/1998 2053/2053/2053
f 2054/2054/2054 1999/1999/1999 2000/2000/2000
f 2053/2053/2053 1999/1999/1999 2054/2054/2054
f 2055/2055/2055 2000/2000/2000 2001/2001/2001
f 2054/2054/2054 2000/2000/2000 2055/2055/2055
f 2056/2056/2056 2001/2001/2001 2002/2002/2002
f 2055/2055/2055 2001/2001/2001 2056/2056/2056
f 2057/2057/2057 2002/2002/2002 2003/2003/2003
f 2056/2056/2056 2002/2002/2002 2057/2057/2057
f 2058/2058/2058 2003/2003/2003 2004/2004/2004
f 2057/2057/2057 2003/2003/2003 2058/2058/2058
f 2059/2059/2059 2004/2004/2004 2005/2005/2005
f 2058/2058/2058 2004/2004/2004 2059/2059/2059
f 2060/2060/2060 2005/2005/2005 2006/2006/2006
f 2059/2059/2059 2005/2005/2005 2060/2060/2060
f 2061/2061/2061 2006/2006/2006 2007/2007/2007
f 2060/2060/2060 2006/2006/2006 2061/2061/2061
f 2062/2062/2062 2007/2007/2007 2008/2008/2008
f 2061/2061/2061 2007/2007/2007 2062/2062/2062
f 2063/2063/2063 2008/2008/2008 2009/2009/2009
f 2062/2062/2062 2008/2008/2008 2063/2063/2063
f 2064/2064/2064 2009/2009/2009 2010/2010/2010
f 2063/2063/2063 2009/2009/2009 2064/2064/2064
f 2065/2065/2065 2010/2010/2010 2011/2011/2011
f 2064/2064/2064 2010/2010/2010 2065/2065/2065
f 2066/2066/2066 2013/2013/2013 2012/2012/2012
f 2067/2067/2067 2013/2013/2013 2066/2066/2066
f 2068/2068/2068 2012/2012/2012 2014/2014/2014
f 2066/2066/2066 2012/2012/2012 2068/2068/2068
f 2069/2069/2069 2014/2014/2014 2015/2015/2015
f 2068/2068/2068 2014/2014/2014 2069/2069/2069
f 2070/2070/2070 2015/2015/2015 2016/2016/2016
f 2069/2069/2069 2015/2015/2015 2070/2070/2070
f 2071/2071/2071 2016/2016/2016 2017/2017/2017
f 2070/2070/2070 2016/2016/2016 2071/2071/2071
f 2072/2072/2072 2017/2017/2017 2018/2018/2018
f 2071/2071/2071 2017/2017/2017 2072/2072/2072
f 2073/2073/2073 2018/2018/2018 2019/2019/2019
f 2072/2072/2072 2018/2018/2018 2073/2073/2073
f 2074/2074/2074 2019/2019/2019 2020/2020/2020
f 2073/2073/2073 2019/2019/2019 2074/2074/2074
f 2075/2075/2075 2020/2020/2020 2021/2021/2021
f 2074/2074/2074 2020/2020/2020 2075/2075/2075
f 2076/2076/2076 2021/2021/2021 2022/2022/2022
f 2075/2075/2075 2021/2021/2021 2076/2076/2076
f 2077/2077/2077 2022/2022/2022 2023/2023/2023
f 2076/2076/2076 2022/2022/2022 2077/2077/2077
f 2078/2078/2078 2023/2023/2023 2024/2024/2024
f 2077/2077/2077 2023/2023/2023 2078/2078/2078
f 2026/2026/2026 2024/2024/2024 1976/1976/1976
f 2078/2078/2078 2024/2024/2024 2026/2026/2026
f 2026/2026/2026 2080/2080/2080 2079/2079/2079
f 2025/2025/2025 2080/2080/2080 2026/2026/2026
f 2025/2025/2025 2081/2081/2081 2080/2080/2080
f 2027/2027/2027 2081/2081/2081 2025/2025/2025
f 2027/2027/2027 2082/2082/2082 2081/2081/2081
f 2028/2028/2028 2082/2082/2082 2027/2027/2027
f 2028/2028/2028 2083/2083/2083 2082/2082/2082
f 2029/2029/2029 2083/2083/2083 2028/2028/2028
f 2029/2029/2029 2084/2084/2084 2083/2083/2083
f 2030/2030/2030 2084/2084/2084 2029/2029/2029
f 2030/2030/2030 2085/2085/2085 2084/2084/2084
f 2031/2031/2031 2085/2085/2085 2030/2030/2030
f 2031/2031/2031 2086/2086/2086 2085/2085/2085
f 2032/2032/2032 2086/2086/2086 2031/2031/2031
f 2032/2032/2032 2087/2087/2087 2086/2086/2086
f 2033/2033/2033 2087/2087/2087 2032/2032/2032
f 2033/2033/2033 2088/2088/2088 2087/2087/2087
f 2034/2034/2034 2088/2088/2088 2033/2033/2033
f 2034/2034/2034 2089/2089/2089 2088/2088/2088
f 2035/2035/2035 2089/2089/2089 2034/2034/2034
f 2035/2035/2035 2090/2090/2090 2089/2089/2089
f 2036/2036/2036 2090/2090/2090 2035/2035/2035
f 2036/2036/2036 2091/2091/2091 2090/2090/2090
f 2037/2037/2037 2091/2091/2091 2036/2036/2036
f 2040/2040/2040 2093/2093/2093 2092/2092/2092
f 2039/2039/2039 2093/2093/2093 2040/2040/2040
f 2039/2039/2039 2094/2094/2094 2093/2093/2093
f 2042/2042/2042 2094/2094/2094 2039/2039/2039
f 2042/2042/2042 2095/2095/2095 2094/2094/2094
f 2043/2043/2043 2095/2095/2095 2042/2042/2042
f 2043/2043/2043 2096/2096/2096 2095/2095/2095
f 2044/2044/2044 2096/2096/2096 2043/2043/2043
f 2044/2044/2044 2097/2097/2097 2096/2096/2096
f 2045/2045/2045 2097/2097/2097 2044/2044/2044
f 2045/2045/2045 2098/2098/2098 2097/2097/2097
f 2046/2046/2046 2098/2098/2098 2045/2045/2045
f 2046/2046/2046 2099/2099/2099 2098/2098/2098
f 2047/2047/2047 2099/2099/2099 2046/2046/2046
f 2047/2047/2047 2100/2100/2100 2099/2099/2099
f 2048/2048/2048 2100/2100/2100 2047/2047/2047
f 2048/2048/2048 2101/2101/2101 2100/2100/2100
f 2049/2049/2049 2101/2101/2101 2048/2048/2048
f 2049/2049/2049 2102/2102/2102 2101/2101/2101
f 2050/2050/2050 2102/2102/2102 2049/2049/2049
f 2050/2050/2050 2103/2103/2103 2102/2102/2102
f 2051/2051/2051 2103/2103/2103 2050/2050/2050
f 2051/2051/2051 2104/2104/2104 2103/2103/2103
f 2052/2052/2052 2104/2104/2104 2051/2051/2051
f 2052/2052/2052 2105/2105/2105 2104/2104/2104
f 2053/2053/2053 2105/2105/2105 2052/2052/2052
f 2053/2053/2053 2106/2106/2106 2105/2105/2105
f 2054/2054/2054 2106/2106/2106 2053/2053/2053
f 2054/2054/2054 2107/2107/2107 2106/2106/2106
f 2055/2055/2055 2107/2107/2107 2054/2054/2054
f 2055/2055/2055 2108/2108/2108 2107/2107/2107
f 2056/2056/2056 2108/2108/2108 2055/2055/2055
f 2056/2056/2056 2109/2109/2109 2108/2108/2108
f 2057/2057/2057 2109/2109/2109 2056/2056/2056
f 2057/2057/2057 2110/2110/2110 2109/2109/2109
f 2058/2058/2058 2110/2110/2110 2057/2057/2057
f 2058/2058/2058 2111/2111/2111 2110/2110/2110
f 2059/2059/2059 2111/2111/2111 2058/2058/2058
f 2059/2059/2059 2112/2112/2112 2111/2111/2111
f 2060/2060/2060 2112/2112/2112 2059/2059/2059
f 2060/2060/2060 2113/2113/2113 2112/2112/2112
f 2061/2061/2061 2113/2113/2113 2060/2060/2060
f 2061/2061/2061 2114/2114/2114 2113/2113/2113
f 2062/2062/2062 2114/2114/2114 2061/2061/2061
f 2062/2062/2062 2115/2115/2115 2114/2114/2114
f 2063/2063/2063 2115/2115/2115 2062/2062/2062
f 2063/2063/2063 2116/2116/2116 2115/2115/2115
f 2064/2064/2064 2116/2116/2116 2063/2063/2063
f 2064/2064/2064 2117/2117/2117 2116/2116/2116
f 2065/2065/2065 2117/2117/2117 2064/2064/2064
f 2067/2067/2067 2119/2119/2119 2118/2118/2118
f 2066/2066/2066 2119/2119/2119 2067/2067/2067
f 2066/2066/2066 2120/2120/2120 2119/2119/2119
f 2068/2068/2068 2120/2120/2120 2066/2066/2066
f 2068/2068/2068 2121/2121/2121 2120/2120/2120
f 2069/2069/2069 2121/2121/2121 2068/2068/2068
f 2069/2069/2069 2122/2122/2122 2121/2121/2121
f 2070/2070/2070 2122/2122/2122 2069/2069/2069
f 2070/2070/2070 2123/2123/2123 2122/2122/2122
f 2071/2071/2071 2123/2123/2123 2070/2070/2070
f 2071/2071/2071 2124/2124/2124 2123/2123/2123
f 2072/2072/2072 2124/2124/2124 2071/2071/2071
f 2072/2072/2072 2125/2125/2125 2124/2124/2124
f 2073/2073/2073 2125/2125/2125 2072/2072/2072
f 2073/2073/2073 2126/2126/2126 2125/2125/2125
f 2074/2074/2074 2126/2126/2126 2073/2073/2073
f 2074/2074/2074 2127/2127/2127 2126/2126/2126
f 2075/2075/2075 2127/2127/2127 2074/2074/2074
f 2075/2075/2075 2128/2128/2128 2127/2127/2127
f 2076/2076/2076 2128/2128/2128 2075/2075/2075
f 2076/2076/2076 2129/2129/2129 2128/2128/2128
f 2077/2077/2077 2129/2129/2129 2076/2076/2076
f 2077/2077/2077 2130/2130/2130 2129/2129/2129
f 2078/2078/2078 2130/2130/2130 2077/2077/2077
f 2078/2078/2078 2079/2079/2079 2130/2130/2130
f 2026/2026/2026 2079/2079/2079 2078/2078/2078
f 2132/2132/2132 1872/1872/1872 2131/2131/2131
f 1871/1871/1871 1872/1872/1872 2132/2132/2132
f 2133/2133/2133 1871/1871/1871 2132/2132/2132
f 1875/1875/1875 1871/1871/1871 2133/2133/2133
f 2134/2134/2134 1875/1875/1875 2133/2133/2133
f 1877/1877/1877 1875/1875/1875 2134/2134/2134
f 2135/2135/2135 1877/1877/1877 2134/2134/2134
f 1879/1879/1879 1877/1877/1877 2135/2135/2135
f 2136/2136/2136 1879/1879/1879 2135/2135/2135
f 1881/1881/1881 1879/1879/1879 2136/2136/2136
f 2137/2137/2137 1881/1881/1881 2136/2136/2136
f 1883/1883/1883 1881/1881/1881 2137/2137/2137
f 2138/2138/2138 1883/1883/1883 2137/2137/2137
f 1885/1885/1885 1883/1883/1883 2138/2138/2138
f 2139/2139/2139 1885/1885/1885 2138/2138/2138
f 1887/1887/1887 1885/1885/1885 2139/2139/2139
f 2140/2140/2140 1887/1887/1887 2139/2139/2139
f 1889/1889/1889 1887/1887/1887 2140/2140/2140
f 2141/2141/2141 1889/1889/1889 2140/2140/2140
f 1891/1891/1891 1889/1889/1889 2141/2141/2141
f 2142/2142/2142 1891/1891/1891 2141/2141/2141
f 1893/1893/1893 1891/1891/1891 2142/2142/2142
f 2143/2143/2143 1893/1893/1893 2142/2142/2142
f 1895/1895/1895 1893/1893/1893 2143/2143/2143
f 2145/2145/2145 1898/1898/1898 2144/2144/2144
f 1897/1897/1897 1898/1898/1898 2145/2145/2145
f 2146/2146/2146 1897/1897/1897 2145/2145/2145
f 1901/1901/1901 1897/1897/1897 2146/2146/2146
f 2147/2147/2147 1901/1901/1901 2146/2146/2146
f 1903/1903/1903 1901/1901/1901 2147/2147/2147
f 2148/2148/2148 1903/1903/1903 2147/2147/2147
f 1905/1905/1905 1903/1903/1903 2148/2148/2148
f 2149/2149/2149 1905/1905/1905 2148/2148/2148
f 1907/1907/1907 1905/1905/1905 2149/2149/2149
f 2150/2150/2150 1907/1907/1907 2149/2149/2149
f 1909/1909/1909 1907/1907/1907 2150/2150/2150
f 2151/2151/2151 1909/1909/1909 2150/2150/2150
f 1911/1911/1911 1909/1909/1909 2151/2151/2151
f 2152/2152/2152 1911/1911/1911 2151/2151/2151
f 1913/1913/1913 1911/1911/1911 2152/2152/2152
f 2153/2153/2153 1913/1913/1913 2152/2152/2152
f 1915/1915/1915 1913/1913/1913 2153/2153/2153
f 2154/2154/2154 1915/1915/1915 2153/2153/2153
f 1917/1917/1917 1915/1915/1915 2154/2154/2154
f 2155/2155/2155 1917/1917/1917 2154/2154/2154
f 1919/1919/1919 1917/1917/1917 2155/2155/2155
f 2156/2156/2156 1919/1919/1919 2155/2155/2155
f 1921/1921/1921 1919/1919/1919 2156/2156/2156
f 2157/2157/2157 1921/1921/1921 2156/2156/2156
f 1923/1923/1923 1921/1921/1921 2157/2157/2157
f 2158/2158/2158 1923/1923/1923 2157/2157/2157
f 1925/1925/1925 1923/1923/1923 2158/2158/2158
f 2159/2159/2159 1925/1925/1925 2158/2158/2158
f 1927/1927/1927 1925/1925/1925 2159/2159/2159
f 2160/2160/2160 1927/1927/1927 2159/2159/2159
f 1929/1929/1929 1927/1927/1927 2160/2160/2160
f 2161/2161/2161 1929/1929/1929 2160/2160/2160
f 1931/1931/1931 1929/1929/1929 2161/2161/2161
f 2162/2162/2162 1931/1931/1931 2161/2161/2161
f 1933/1933/1933 1931/1931/1931 2162/2162/2162
f 2163/2163/2163 1933/1933/1933 2162/2162/2162
f 1935/1935/1935 1933/1933/1933 2163/2163/2163
f 2164/2164/2164 1935/1935/1935 2163/2163/2163
f 1937/1937/1937 1935/1935/1935 2164/2164/2164
f 2165/2165/2165 1937/1937/1937 2164/2164/2164
f 1939/1939/1939 1937/1937/1937 2165/2165/2165
f 2166/2166/2166 1939/1939/1939 2165/2165/2165
f 1941/1941/1941 1939/1939/1939 2166/2166/2166
f 2167/2167/2167 1941/1941/1941 2166/2166/2166
f 1943/1943/1943 1941/1941/1941 2167/2167/2167
f 2168/2168/2168 1943/1943/1943 2167/2167/2167
f 1945/1945/1945 1943/1943/1943 2168/2168/2168
f 2169/2169/2169 1945/1945/1945 2168/2168/2168
f 1947/1947/1947 1945/1945/1945 2169/2169/2169
f 2171/2171/2171 1950/1950/1950 2170/2170/2170
f 1949/1949/1949 1950/1950/1950 2171/2171/2171
f 2172/2172/2172 1949/1949/1949 2171/2171/2171
f 1953/1953/1953 1949/1949/1949 2172/2172/2172
f 2173/2173/2173 1953/1953/1953 2172/2172/2172
f 1955/1955/1955 1953/1953/1953 2173/2173/2173
f 2174/2174/2174 1955/1955/1955 2173/2173/2173
f 1957/1957/1957 1955/1955/1955 2174/2174/2174
f 2175/2175/2175 1957/1957/1957 2174/2174/2174
f 1959/1959/1959 1957/1957/1957 2175/2175/2175
f 2176/2176/2176 1959/1959/1959 2175/2175/2175
f 1961/1961/1961 1959/1959/1959 2176/2176/2176
f 2177/2177/2177 1961/1961/1961 2176/2176/2176
f 1963/1963/1963 1961/1961/1961 2177/2177/2177
f 2178/2178/2178 1963/1963/1963 2177/2177/2177
f 1965/1965/1965 1963/1963/1963 2178/2178/2178
f 2179/2179/2179 1965/1965/1965 2178/2178/2178
f 1967/1967/1967 1965/1965/1965 2179/2179/2179
f 2180/2180/2180 1967/1967/1967 2179/2179/2179
f 1969/1969/1969 1967/1967/1967 2180/2180/2180
f 2181/2181/2181 1969/1969/1969 2180/2180/2180
f 1971/1971/1971 1969/1969/1969 2181/2181/2181
f 2182/2182/2182 1971/1971/1971 2181/2181/2181
f 1973/1973/1973 1971/1971/1971 2182/2182/2182
f 2131/2131/2131 1973/1973/1973 2182/2182/2182
f 1872/1872/1872 1973/1973/1973 2131/2131/2131
f 2183/2183/2183 2132/2132/2132 2131/2131/2131
f 2184/2184/2184 2132/2132/2132 2183/2183/2183
f 2184/2184/2184 2133/2133/2133 2132/2132/2132
f 2184/2184/2184 2134/2134/2134 2133/2133/2133
f 2185/2185/2185 2134/2134/2134 2184/2184/2184
f 2185/2185/2185 2135/2135/2135 2134/2134/2134
f 2185/2185/2185 2136/2136/2136 2135/2135/2135
f 2186/2186/2186 2136/2136/2136 2185/2185/2185
f 2186/2186/2186 2137/2137/2137 2136/2136/2136
f 2186/2186/2186 2138/2138/2138 2137/2137/2137
f 2187/2187/2187 2138/2138/2138 2186/2186/2186
f 2187/2187/2187 2139/2139/2139 2138/2138/2138
f 2187/2187/2187 2140/2140/2140 2139/2139/2139
f 2188/2188/2188 2140/2140/2140 2187/2187/2187
f 2188/2188/2188 2141/2141/2141 2140/2140/2140
f 2188/2188/2188 2142/2142/2142 2141/2141/2141
f 2189/2189/2189 2142/2142/2142 2188/2188/2188
f 2189/2189/2189 2143/2143/2143 2142/2142/2142
f 2190/2190/2190 2145/2145/2145 2144/2144/2144
f 2191/2191/2191 2145/2145/2145 2190/2190/2190
f 2191/2191/2191 2146/2146/2146 2145/2145/2145
f 2191/2191/2191 2147/2147/2147 2146/2146/2146
f 2192/2192/2192 2147/2147/2147 2191/2191/2191
f 2192/2192/2192 2148/2148/2148 2147/2147/2147
f 2192/2192/2192 2149/2149/2149 2148/2148/2148
f 2193/2193/2193 2149/2149/2149 2192/2192/2192
f 2193/2193/2193 2150/2150/2150 2149/2149/2149
f 2193/2193/2193 2151/2151/2151 2150/2150/2150
f 2194/2194/2194 2151/2151/2151 2193/2193/2193
f 2194/2194/2194 2152/2152/2152 2151/2151/2151
f 2194/2194/2194 2153/2153/2153 2152/2152/2152
f 2195/2195/2195 2153/2153/2153 2194/2194/2194
f 2195/2195/2195 2154/2154/2154 2153/2153/2153
f 2195/2195/2195 2155/2155/2155 2154/2154/2154
f 2196/2196/2196 2155/2155/2155 2195/2195/2195
f 2196/2196/2196 2156/2156/2156 2155/2155/2155
f 2196/2196/2196 2157/2157/2157 2156/2156/2156
f 2197/2197/2197 2157/2157/2157 2196/2196/2196
f 2197/2197/2197 2158/2158/2158 2157/2157/2157
f 2197/2197/2197 2159/2159/2159 2158/2158/2158
f 2198/2198/2198 2159/2159/2159 2197/2197/2197
f 2198/2198/2198 2160/2160/2160 2159/2159/2159
f 2198/2198/2198 2161/2161/2161 2160/2160/2160
f 2199/2199/2199 2161/2161/2161 2198/2198/2198
f 2199/2199/2199 2162/2162/2162 2161/2161/2161
f 2199/2199/2199 2163/2163/2163 2162/2162/2162
f 2200/2200/2200 2163/2163/2163 2199/2199/2199
f 2200/2200/2200 2164/2164/2164 2163/2163/2163
f 2200/2200/2200 2165/2165/2165 2164/2164/2164
f 2201/2201/2201 2165/2165/2165 2200/2200/2200
f 2201/2201/2201 2166/2166/2166 2165/2165/2165
f 2201/2201/2201 2167/2167/2167 2166/2166/2166
f 2202/2202/2202 2167/2167/2167 2201/2201/2201
f 2202/2202/2202 2168/2168/2168 2167/2167/2167
f 2202/2202/2202 2169/2169/2169 2168/2168/2168
f 2203/2203/2203 2169/2169/2169 2202/2202/2202
f 2204/2204/2204 2171/2171/2171 2170/2170/2170
f 2204/2204/2204 2172/2172/2172 2171/2171/2171
f 2205/2205/2205 2172/2172/2172 2204/2204/2204
f 2205/2205/2205 2173/2173/2173 2172/2172/2172
f 2205/2205/2205 2174/2174/2174 2173/2173/2173
f 2206/2206/2206 2174/2174/2174 2205/2205/2205
f 2206/2206/2206 2175/2175/2175 2174/2174/2174
f 2206/2206/2206 2176/2176/2176 2175/2175/2175
f 2207/2207/2207 2176/2176/2176 2206/2206/2206
f 2207/2207/2207 2177/2177/2177 2176/2176/2176
f 2207/2207/2207 2178/2178/2178 2177/2177/2177
f 2208/2208/2208 2178/2178/2178 2207/2207/2207
f 2208/2208/2208 2179/2179/2179 2178/2178/2178
f 2208/2208/2208 2180/2180/2180 2179/2179/2179
f 2209/2209/2209 2180/2180/2180 2208/2208/2208
f 2209/2209/2209 2181/2181/2181 2180/2180/2180
f 2209/2209/2209 2182/2182/2182 2181/2181/2181
f 2183/2183/2183 2182/2182/2182 2209/2209/2209
f 2183/2183/2183 2131/2131/2131 2182/2182/2182
f 2038/2038/2038 1894/1894/1894 1896/1896/1896
f 1986/1986/1986 1894/1894/1894 2038/2038/2038
f 1988/1988/1988 1900/1900/1900 1899/1899/1899
f 2041/2041/2041 1900/1900/1900 1988/1988/1988
