# Exported from Godot Engine
mtllib Wheel_Base.mtl
o Wheel_Base
v 0.126447 0.230314 0.178880
vt 0.416504 0.958679
vn 0.903677 0.424782 0.054113
v 0.121678 0.220955 0.143840
vt 0.419922 0.914185
vn 0.902237 0.427785 0.054484
v 0.096766 0.244331 0.178766
vt 0.375244 0.954834
vn 0.922079 0.383907 -0.048852
v 0.092859 0.234471 0.143963
vt 0.382080 0.911133
vn 0.922079 0.383907 -0.048852
v 0.154540 0.212703 0.178804
vt 0.458008 0.960114
vn 0.876765 0.438371 0.197774
v 0.148270 0.204023 0.143852
vt 0.458008 0.915039
vn 0.876765 0.438371 0.197774
v 0.019680 0.180320 0.177349
vt 0.842285 0.154785
vn -0.059787 0.097106 -0.993477
v 0.016281 0.178324 0.153991
vt 0.873535 0.160645
vn -0.059687 0.111846 -0.991931
v 0.024435 0.266305 0.184589
vt 0.864746 0.041504
vn -0.052788 0.309001 -0.949596
v 0.019059 0.249570 0.148955
vt 0.885254 0.079590
vn -0.049431 0.380082 -0.923631
v 0.110040 0.277956 0.193542
vt 0.599121 0.742188
vn 0.599272 0.000000 -0.800546
v 0.106767 0.269763 0.197633
vt 0.594727 0.731934
vn 0.599272 0.000000 -0.800546
v 0.074336 0.289503 0.193542
vt 0.554199 0.756592
vn 0.622889 0.000000 -0.782310
v 0.072159 0.281108 0.197619
vt 0.551270 0.746094
vn 0.622889 0.000000 -0.782310
v 0.144011 0.261870 0.193542
vt 0.641602 0.721924
vn 0.570672 0.000000 -0.821178
v 0.139686 0.254207 0.197644
vt 0.636230 0.712402
vn 0.570672 0.000000 -0.821178
v 0.175770 0.241913 0.193542
vt 0.681641 0.697021
vn 0.544381 0.000000 -0.838838
v 0.170594 0.234802 0.197642
vt 0.675293 0.687988
vn 0.544381 0.000000 -0.838838
v 0.169800 0.233696 0.194763
vt 0.968262 0.845947
vn -0.703339 0.351657 0.617779
v 0.166542 0.229222 0.194787
vt 0.975098 0.845947
vn -0.703339 0.351657 0.617779
v 0.138895 0.252886 0.194745
vt 0.968262 0.802612
vn -0.558595 0.279260 0.781015
v 0.136420 0.248135 0.194784
vt 0.975098 0.802612
vn -0.550713 0.275319 0.787981
v 0.106161 0.268275 0.194726
vt 0.968262 0.759888
vn -0.438244 0.219064 0.871753
v 0.104275 0.263471 0.194777
vt 0.975098 0.759888
vn -0.416896 0.208414 0.884738
v 0.071781 0.279622 0.194712
vt 0.968262 0.718750
vn -0.265294 0.132596 0.955006
v 0.070496 0.274315 0.194676
vt 0.975098 0.718750
vn -0.226628 0.113284 0.967371
v 0.036865 0.146682 0.198671
vt 0.818359 0.914490
vn -0.718178 0.533762 -0.446451
v 0.042011 0.180112 0.200423
vt 0.818359 0.874634
vn -0.747911 0.461789 -0.476844
v 0.041722 0.145677 0.197430
vt 0.812012 0.914490
vn -0.726314 0.516651 -0.453364
v 0.046758 0.179353 0.199299
vt 0.812012 0.874634
vn -0.744429 0.469591 -0.474667
v 0.056022 0.174905 0.155240
vt 0.297363 0.849854
vn 0.092442 0.473209 -0.876086
v 0.053839 0.145373 0.151108
vt 0.283203 0.816406
vn 0.092486 0.458620 -0.883806
v 0.051067 0.177621 0.183501
vt 0.269043 0.870483
vn 0.092104 0.478896 -0.873026
v 0.048292 0.145797 0.179208
vt 0.252686 0.834229
vn 0.092486 0.458620 -0.883806
v 0.011185 0.069756 0.170008
vt 0.470947 0.481445
vn 0.820729 0.519822 -0.237042
v 0.011654 0.076783 0.169416
vt 0.470215 0.489746
vn 0.811718 0.578109 -0.083091
v 0.029059 0.073619 0.169027
vt 0.492676 0.487305
vn 0.800583 0.040578 -0.597846
v 0.024085 0.080774 0.173176
vt 0.485352 0.497070
vn 0.808601 0.050548 -0.586182
v 0.067033 0.243096 0.144373
vt 0.350586 0.906616
vn 0.949697 0.261752 -0.171933
v 0.065259 0.254781 0.178874
vt 0.332520 0.948883
vn 0.950686 0.203746 -0.233848
v 0.126447 0.230314 0.178880
vt 0.416504 0.958679
vn 0.897796 0.428856 0.100220
v 0.136420 0.248135 0.194784
vt 0.415039 0.990089
vn 0.897796 0.428856 0.100220
v 0.166542 0.229222 0.194787
vt 0.458008 0.991730
vn 0.876765 0.438371 0.197774
v 0.096766 0.244331 0.178766
vt 0.375244 0.954834
vn 0.906087 0.423074 0.003763
v 0.104275 0.263471 0.194777
vt 0.372559 0.986000
vn 0.906836 0.421467 -0.003719
v 0.065259 0.254781 0.178874
vt 0.332520 0.948883
vn 0.922514 0.311995 -0.227216
v 0.070496 0.274315 0.194676
vt 0.332520 0.980774
vn 0.922168 0.326511 -0.207358
v 0.059352 0.250187 0.178478
vt 0.323975 0.942780
vn 0.116525 0.444211 -0.888312
v 0.060314 0.274976 0.194541
vt 0.322510 0.979370
vn 0.334179 0.225186 -0.915213
v 0.060314 0.274976 0.194541
vt 0.975098 0.707520
vn -0.031992 0.023974 0.999201
v 0.060603 0.281344 0.194832
vt 0.968262 0.707520
vn -0.106767 0.041046 0.993436
v 0.024693 0.089739 0.180494
vt 0.497070 0.522705
vn 0.821540 0.152342 -0.549421
v 0.023148 0.087477 0.179475
vt 0.494873 0.519531
vn 0.756138 0.111224 -0.644891
v 0.014731 0.086724 0.178482
vt 0.482910 0.518555
vn 0.797613 0.132047 -0.588538
v 0.016395 0.084436 0.177721
vt 0.485352 0.515137
vn 0.756138 0.111224 -0.644891
v 0.035804 0.146174 0.201202
vt 0.505859 0.576904
vn 0.732958 0.067165 -0.676950
v 0.023125 0.147539 0.201257
vt 0.489746 0.578613
vn 0.733454 0.056003 -0.677428
v 0.040716 0.180424 0.203524
vt 0.511719 0.619873
vn 0.707118 0.000000 -0.707096
v 0.027207 0.181704 0.203470
vt 0.494873 0.621338
vn 0.707118 0.000000 -0.707096
v 0.013509 0.148266 0.150187
vt 0.875488 0.195312
vn -0.063561 0.000000 -0.997978
v 0.016746 0.147581 0.173213
vt 0.846680 0.196289
vn -0.063561 0.000000 -0.997978
v 0.024435 0.266305 0.184589
vt 0.864746 0.041504
vn -0.166125 0.261534 -0.950790
v 0.031643 0.290634 0.197362
vt 0.859375 0.005371
vn -0.402338 0.317179 -0.858791
v 0.035653 0.284086 0.198070
vt 0.851562 0.012207
vn -0.182890 0.302433 -0.935460
v 0.019680 0.180320 0.177349
vt 0.842285 0.154785
vn -0.147896 0.140817 -0.978927
v 0.027207 0.181704 0.203470
vt 0.810059 0.145508
vn -0.152249 0.169926 -0.973625
v 0.010131 0.095486 0.161070
vt 0.869141 0.263184
vn -0.994583 0.101396 0.022895
v 0.016746 0.147581 0.173213
vt 0.846680 0.196289
vn -0.111255 0.000000 -0.993792
v 0.014731 0.086724 0.178482
vt 0.849609 0.277832
vn -0.995712 0.091978 -0.009864
v 0.023125 0.147539 0.201257
vt 0.810547 0.195801
vn -0.107922 0.050342 -0.992884
v 0.010131 0.095486 0.161070
vt 0.869141 0.263184
vn -0.997113 0.063166 0.042139
v 0.007716 0.109684 0.134025
vt 0.892578 0.239746
vn -0.997808 0.062793 0.020909
v 0.010131 0.095486 0.161070
vt 0.474365 0.706787
vn 0.621061 0.711030 -0.329726
v 0.011000 0.084517 0.164224
vt 0.474121 0.694092
vn 0.706427 0.044886 -0.706361
v 0.007092 0.092863 0.160470
vt 0.469482 0.705322
vn 0.685137 0.175422 -0.706975
v 0.011000 0.084517 0.164224
vt 0.871582 0.277344
vn -0.990744 0.102342 0.089172
v 0.012965 0.083915 0.172325
vt 0.860352 0.280273
vn -0.993562 0.101971 0.049352
v 0.029059 0.073619 0.140423
vt 0.884277 0.580078
vn -0.986016 0.165317 0.021056
v 0.029059 0.073619 0.169027
vt 0.874512 0.574463
vn -0.997777 0.063223 0.021085
v 0.045136 0.076222 0.138385
vt 0.885254 0.587646
vn 0.998728 0.035692 -0.035611
v 0.045136 0.076222 0.166989
vt 0.873047 0.591309
vn 0.999084 0.022049 -0.036689
v 0.019531 0.060411 0.142116
vt 0.890137 0.574707
vn -0.522280 0.118316 0.844527
v 0.019531 0.060410 0.169804
vt 0.887207 0.564453
vn -0.527089 0.105409 0.843248
v 0.022134 0.044333 0.142239
vt 0.897949 0.574951
vn 0.455944 0.471655 0.754756
v 0.022134 0.044333 0.170844
vt 0.902832 0.566162
vn 0.377741 0.535131 0.755610
v 0.035336 0.034741 0.142239
vt 0.903320 0.581543
vn 0.430518 0.779769 0.454550
v 0.035336 0.034741 0.170844
vt 0.913574 0.577393
vn 0.140661 0.752077 0.643890
v 0.055106 0.280688 0.198104
vt 0.529785 0.745605
vn 0.707118 0.000000 -0.707096
v 0.035653 0.284086 0.198070
vt 0.505371 0.750000
vn 0.707118 0.000000 -0.707096
v 0.055640 0.279260 0.195368
vt 0.972168 0.701904
vn -0.023822 0.023790 0.999433
v 0.046867 0.095301 0.164625
vt 0.237549 0.771362
vn 0.074829 0.463854 -0.882746
v 0.051610 0.098748 0.135065
vt 0.271484 0.757080
vn 0.067396 0.464127 -0.883201
v 0.015477 0.083006 0.173725
vt 0.857422 0.282715
vn -0.984157 0.152577 0.090303
v 0.012965 0.083915 0.172325
vt 0.860352 0.280273
vn -0.988137 0.152485 0.018267
v 0.016395 0.084436 0.177721
vt 0.851074 0.281738
vn -0.982246 0.157503 0.101914
v 0.014731 0.086724 0.178482
vt 0.849609 0.277832
vn -0.987944 0.154545 0.009085
v 0.024073 0.086960 0.176040
vt 0.046753 0.795654
vn -0.540853 0.806646 0.238328
v 0.015477 0.083006 0.173725
vt 0.046753 0.805786
vn -0.280986 0.924176 0.258737
v 0.023148 0.087477 0.179475
vt 0.050568 0.795044
vn -0.421145 0.846787 0.324943
v 0.016395 0.084436 0.177721
vt 0.050568 0.803223
vn -0.310206 0.902670 0.298261
v 0.029225 0.084623 0.174896
vt 0.812012 0.989883
vn -0.424935 0.897374 -0.118956
v 0.025618 0.089080 0.177022
vt 0.818359 0.989883
vn -0.399440 0.912008 -0.093216
v 0.024693 0.089739 0.180494
vt 0.050568 0.791138
vn -0.427100 0.731467 0.531547
v 0.025618 0.089080 0.177022
vt 0.046753 0.793091
vn -0.437149 0.681371 0.587055
v 0.036865 0.146682 0.198671
vt 0.046753 0.714844
vn -0.434810 0.749260 0.499550
v 0.035804 0.146174 0.201202
vt 0.050568 0.714844
vn -0.432805 0.745820 0.506392
v 0.040716 0.180424 0.203524
vt 0.050568 0.673340
vn -0.399045 0.840795 0.365822
v 0.042011 0.180112 0.200423
vt 0.046753 0.673340
vn -0.399045 0.840795 0.365822
v 0.059352 0.250187 0.178478
vt 0.323975 0.942780
vn 0.133928 0.470504 -0.872175
v 0.061928 0.237247 0.153948
vt 0.337402 0.910950
vn 0.229595 0.546646 -0.805273
v 0.060676 0.228459 0.156996
vt 0.329346 0.905518
vn 0.089203 0.535220 -0.839990
v 0.055640 0.279260 0.195368
vt 0.046753 0.553223
vn -0.332117 0.881239 0.336326
v 0.055106 0.280688 0.198104
vt 0.050568 0.552002
vn -0.302929 0.896472 0.323377
v 0.060314 0.274976 0.194541
vt 0.812012 0.759399
vn -0.448318 0.838976 -0.308431
v 0.055640 0.279260 0.195368
vt 0.818359 0.759399
vn -0.463798 0.828158 -0.314715
v 0.025618 0.089080 0.177022
vt 0.486084 0.508057
vn 0.845318 0.066904 -0.530057
v 0.029225 0.084623 0.174896
vt 0.491211 0.502686
vn 0.842570 0.067441 -0.534348
v 0.024073 0.086960 0.176040
vt 0.484619 0.505127
vn 0.823356 0.130004 -0.552435
v 0.024085 0.080774 0.173176
vt 0.485352 0.497070
vn 0.811095 0.131559 -0.569927
v 0.051610 0.098748 0.135065
vt 0.532715 0.541992
vn 0.808796 0.067364 0.584218
v 0.055625 0.091121 0.131877
vt 0.542969 0.538330
vn 0.960576 0.253915 0.113232
v 0.046867 0.095301 0.164625
vt 0.510742 0.513672
vn 0.855931 0.059510 0.513654
v 0.051651 0.087393 0.163388
vt 0.520020 0.506592
vn 0.962089 0.242059 0.125666
v 0.069485 0.081051 0.131877
vt 0.560547 0.527100
vn 0.966063 0.252312 -0.055333
v 0.067168 0.076120 0.163388
vt 0.540039 0.493164
vn 0.964268 0.253755 -0.076127
v 0.045136 0.076222 0.166989
vt 0.512207 0.491699
vn 0.883559 0.099683 -0.457587
v 0.051651 0.087393 0.163388
vt 0.520020 0.506592
vn 0.922487 0.189669 -0.336219
v 0.058557 0.066472 0.166989
vt 0.529297 0.480469
vn 0.648266 0.010313 -0.761344
v 0.067168 0.076120 0.163388
vt 0.540039 0.493164
vn 0.641563 0.071290 -0.763751
v 0.061095 0.282929 0.197716
vt 0.050568 0.545654
vn -0.000020 0.902779 0.430105
v 0.060603 0.281344 0.194832
vt 0.046753 0.546143
vn -0.053863 0.914998 0.399846
v 0.072159 0.281108 0.197619
vt 0.050568 0.533203
vn 0.114442 0.923400 0.366382
v 0.071781 0.279622 0.194712
vt 0.046753 0.533203
vn 0.121718 0.924409 0.361460
v 0.106767 0.269763 0.197633
vt 0.050568 0.492188
vn 0.166416 0.926776 0.336738
v 0.106161 0.268275 0.194726
vt 0.046753 0.492188
vn 0.166416 0.926776 0.336738
v 0.139686 0.254207 0.197644
vt 0.050568 0.450684
vn 0.213567 0.922892 0.320406
v 0.138895 0.252886 0.194745
vt 0.046753 0.450684
vn 0.206706 0.922664 0.325522
v 0.170594 0.234802 0.197642
vt 0.050568 0.408203
vn 0.254207 0.916730 0.308195
v 0.169800 0.233696 0.194763
vt 0.046753 0.407715
vn 0.254207 0.916730 0.308195
v 0.015477 0.083006 0.173725
vt 0.857422 0.282715
vn -0.942733 0.321796 0.087759
v 0.011654 0.076783 0.169416
vt 0.870117 0.288086
vn -0.942733 0.321796 0.087759
v 0.012965 0.083915 0.172325
vt 0.860352 0.280273
vn -0.964751 0.263100 -0.005855
v 0.051067 0.177621 0.183501
vt 0.269043 0.870483
vn 0.067945 0.505542 -0.860122
v 0.041722 0.145677 0.197430
vt 0.231812 0.846558
vn 0.195811 0.434323 -0.879217
v 0.046583 0.145815 0.180327
vt 0.250488 0.835205
vn 0.203938 0.436435 -0.876318
v 0.029225 0.084623 0.174896
vt 0.209351 0.768311
vn 0.259207 0.431995 -0.863824
v 0.035248 0.079403 0.169172
vt 0.216309 0.758423
vn 0.275082 0.427105 -0.861343
v 0.046758 0.179353 0.199299
vt 0.252686 0.882751
vn 0.123628 0.472636 -0.872543
v 0.049790 0.177274 0.185282
vt 0.266357 0.871460
vn 0.126799 0.470976 -0.872986
v 0.060314 0.274976 0.194541
vt 0.322510 0.979370
vn 0.117216 0.476106 -0.871541
v 0.019531 0.060410 0.169804
vt 0.481689 0.470703
vn 0.799087 0.074618 -0.596567
v 0.022134 0.044333 0.170844
vt 0.485352 0.451172
vn 0.777625 0.054019 -0.626403
v 0.008408 0.043763 0.171140
vt 0.468750 0.449707
vn 0.768410 0.043329 -0.638490
v 0.035248 0.079403 0.169172
vt 0.500000 0.494629
vn 0.266360 0.245342 -0.932127
v 0.029225 0.084623 0.174896
vt 0.491211 0.502686
vn 0.252032 0.238043 -0.937985
v 0.035248 0.079403 0.169172
vt 0.500000 0.494629
vn 0.911261 0.031303 -0.410637
v 0.029059 0.073619 0.169027
vt 0.492676 0.487305
vn 0.857574 0.075417 -0.508802
v 0.004737 0.107477 0.133291
vt 0.466553 0.743408
vn 0.730879 0.300953 -0.612571
v 0.007716 0.109684 0.134025
vt 0.470947 0.744141
vn 0.530587 0.818648 -0.219757
v 0.007092 0.092863 0.160470
vt 0.469482 0.705322
vn 0.747684 0.309765 -0.587380
v 0.010131 0.095486 0.161070
vt 0.474365 0.706787
vn 0.542995 0.820006 -0.180959
v 0.049790 0.177274 0.185282
vt 0.266357 0.871460
vn 0.277506 0.410818 -0.868458
v 0.060314 0.274976 0.194541
vt 0.322510 0.979370
vn 0.250092 0.421576 -0.871623
v 0.051067 0.177621 0.183501
vt 0.269043 0.870483
vn 0.272536 0.415950 -0.867588
v 0.048292 0.145797 0.179208
vt 0.252686 0.834229
vn 0.367595 0.371383 -0.852613
v 0.046583 0.145815 0.180327
vt 0.250488 0.835205
vn 0.367595 0.371383 -0.852613
v 0.035248 0.079403 0.169172
vt 0.216309 0.758423
vn 0.438884 0.365720 -0.820749
v 0.046867 0.095301 0.164625
vt 0.237549 0.771362
vn 0.388792 0.354119 -0.850553
v 0.006754 0.041799 0.169018
vt 0.895020 0.326172
vn -0.445181 0.047269 -0.894192
v 0.007624 0.044493 0.168556
vt 0.894043 0.322266
vn -0.956378 0.138500 0.257214
v 0.007195 0.040555 0.171434
vt 0.893555 0.329102
vn -0.484122 0.057913 -0.873082
v 0.008408 0.043763 0.171140
vt 0.891602 0.324707
vn -0.964296 0.140039 0.224773
v 0.010523 0.075668 0.165637
vt 0.875977 0.287598
vn -0.968426 0.119371 0.218863
v 0.011654 0.076783 0.169416
vt 0.870117 0.288086
vn -0.942415 0.282692 0.178715
v 0.011185 0.069756 0.170008
vt 0.875000 0.296387
vn -0.920852 0.323341 0.217903
v 0.037500 0.296859 0.193542
vt 0.507812 0.765869
vn 0.653393 0.000000 -0.757019
v 0.031643 0.290634 0.197362
vt 0.500488 0.758057
vn 0.668990 0.000000 -0.743272
v 0.000000 0.299231 0.193542
vt 0.460693 0.768799
vn 0.707118 0.000000 -0.707096
v 0.000000 0.292988 0.197170
vt 0.460693 0.760986
vn 0.707118 0.000000 -0.707096
v 0.031643 0.290634 0.197362
vt 0.859375 0.005371
vn -0.689445 0.054687 -0.722271
v 0.024435 0.266305 0.184589
vt 0.864746 0.041504
vn -0.668990 0.000000 -0.743272
v 0.000000 0.292988 0.197170
vt 0.903320 0.003906
vn -0.707118 0.000000 -0.707096
v 0.000000 0.269686 0.184712
vt 0.902344 0.035156
vn -0.707073 0.011223 -0.707051
v 0.019059 0.249570 0.148955
vt 0.885254 0.079590
vn -0.623558 0.169556 -0.763169
v 0.000000 0.252274 0.144032
vt 0.902832 0.082031
vn -0.751671 0.154717 -0.641135
v 0.024435 0.266305 0.184589
vt 0.864746 0.041504
vn -0.572050 0.102275 -0.813818
v 0.000000 0.269686 0.184712
vt 0.902344 0.035156
vn -0.766059 0.249905 -0.592200
v 0.007624 0.044493 0.168556
vt 0.469971 0.644531
vn 0.707118 0.000000 -0.707096
v -0.007624 0.044493 0.168556
vt 0.451416 0.644775
vn 0.707118 0.000000 -0.707096
v 0.010523 0.075668 0.165637
vt 0.473633 0.683105
vn 0.707118 0.000000 -0.707096
v -0.010523 0.075668 0.165637
vt 0.447754 0.683105
vn 0.707118 0.000000 -0.707096
v 0.015477 0.083006 0.173725
vt 0.474609 0.499023
vn 0.829973 0.203489 -0.519361
v 0.011654 0.076783 0.169416
vt 0.470215 0.489746
vn 0.832057 0.213361 -0.512015
v 0.046867 0.095301 0.164625
vt 0.510742 0.513672
vn 0.966521 0.116147 -0.228793
v 0.061095 0.282929 0.197716
vt 0.537598 0.748535
vn 0.648279 0.000000 -0.761402
v -0.092859 0.234471 0.143963
vt 0.535156 0.910583
vn 0.616808 0.621588 -0.482883
v -0.121678 0.220955 0.143840
vt 0.497314 0.913696
vn 0.560965 0.657629 -0.502835
v -0.096766 0.244331 0.178766
vt 0.541992 0.954254
vn 0.616808 0.621588 -0.482883
v -0.126447 0.230314 0.178880
vt 0.500488 0.958130
vn 0.561992 0.662908 -0.494689
v -0.148233 0.204050 0.143852
vt 0.459473 0.914490
vn 0.493584 0.716155 -0.493454
v -0.154550 0.212696 0.178804
vt 0.459473 0.959534
vn 0.493584 0.716155 -0.493454
v -0.061095 0.282929 0.197716
vt 0.383789 0.748535
vn 0.760208 0.122077 -0.638108
v -0.072159 0.281108 0.197619
vt 0.369873 0.746094
vn 0.778730 0.176764 -0.601942
v -0.074336 0.289503 0.193542
vt 0.367188 0.756592
vn 0.778730 0.176764 -0.601942
v -0.019059 0.249570 0.148955
vt 0.924316 0.083984
vn -0.110793 0.558109 0.822338
v -0.016281 0.178324 0.153991
vt 0.933594 0.160156
vn -0.166299 0.732683 0.659940
v -0.024435 0.266305 0.184589
vt 0.943848 0.050781
vn -0.124691 0.596703 0.792716
v -0.019680 0.180320 0.177349
vt 0.964355 0.155762
vn -0.167471 0.737713 0.654013
v -0.106767 0.269763 0.197633
vt 0.326416 0.731934
vn 0.793031 0.228171 -0.564836
v -0.110040 0.277956 0.193542
vt 0.322266 0.742188
vn 0.793031 0.228171 -0.564836
v -0.139686 0.254207 0.197644
vt 0.284912 0.712402
vn 0.806049 0.290215 -0.515810
v -0.144011 0.261870 0.193542
vt 0.279541 0.721924
vn 0.806049 0.290215 -0.515810
v -0.170607 0.234793 0.197642
vt 0.246094 0.687988
vn 0.813529 0.346435 -0.467069
v -0.175769 0.241913 0.193542
vt 0.239624 0.697021
vn 0.813529 0.346435 -0.467069
v -0.136420 0.248135 0.194784
vt 0.986328 0.795654
vn -0.243158 0.939009 -0.243180
v -0.166552 0.229215 0.194787
vt 0.986328 0.839722
vn -0.322773 0.889747 -0.322750
v -0.138895 0.252886 0.194745
vt 0.992676 0.795654
vn -0.246836 0.937087 -0.246858
v -0.169800 0.233696 0.194763
vt 0.992676 0.839722
vn -0.322773 0.889747 -0.322750
v -0.104275 0.263471 0.194777
vt 0.986328 0.752808
vn -0.184139 0.965509 -0.184078
v -0.106161 0.268275 0.194726
vt 0.992676 0.752808
vn -0.193243 0.961937 -0.193223
v -0.070496 0.274315 0.194676
vt 0.986328 0.711914
vn -0.103713 0.989183 -0.103731
v -0.071781 0.279622 0.194712
vt 0.992676 0.711914
vn -0.120198 0.985449 -0.120179
v -0.046758 0.179353 0.199299
vt 0.835449 0.870483
vn -0.921206 0.170551 -0.349703
v -0.042011 0.180112 0.200423
vt 0.829590 0.870483
vn -0.918394 0.163040 -0.360515
v -0.041722 0.145677 0.197430
vt 0.835449 0.911743
vn -0.934001 0.205677 -0.292129
v -0.036865 0.146682 0.198671
vt 0.829590 0.911743
vn -0.937628 0.220114 -0.269079
v -0.048292 0.145797 0.179208
vt 0.664062 0.833252
vn 0.200218 0.528579 0.824934
v -0.053839 0.145373 0.151108
vt 0.633789 0.815430
vn 0.200218 0.528579 0.824934
v -0.051067 0.177621 0.183501
vt 0.647949 0.869629
vn 0.198642 0.520497 0.830436
v -0.056022 0.174905 0.155240
vt 0.619629 0.848999
vn 0.198642 0.520497 0.830436
v -0.024085 0.080774 0.173176
vt 0.427734 0.494629
vn 0.778818 0.132594 -0.613075
v -0.011654 0.076783 0.169416
vt 0.443604 0.488770
vn 0.447930 0.063464 -0.891813
v -0.029059 0.073619 0.169027
vt 0.421387 0.484863
vn 0.787155 0.143132 -0.599916
v -0.011185 0.069756 0.170008
vt 0.443359 0.480469
vn 0.895782 0.024224 -0.443833
v -0.065259 0.254781 0.178874
vt 0.584473 0.948212
vn 0.710936 0.615839 -0.339576
v -0.067033 0.243096 0.144373
vt 0.566406 0.906006
vn 0.682420 0.632705 -0.366042
v -0.166552 0.229215 0.194787
vt 0.459473 0.991203
vn 0.493584 0.716155 -0.493454
v -0.136420 0.248135 0.194784
vt 0.501953 0.989578
vn 0.539412 0.683932 -0.491195
v -0.126447 0.230314 0.178880
vt 0.500488 0.958130
vn 0.539412 0.683932 -0.491195
v -0.104275 0.263471 0.194777
vt 0.544434 0.985420
vn 0.590106 0.624245 -0.511950
v -0.096766 0.244331 0.178766
vt 0.541992 0.954254
vn 0.586517 0.630118 -0.508871
v -0.070496 0.274315 0.194676
vt 0.584961 0.980103
vn 0.664337 0.456725 -0.591657
v -0.065259 0.254781 0.178874
vt 0.584473 0.948212
vn 0.674156 0.456331 -0.580754
v -0.060314 0.274976 0.194541
vt 0.594727 0.978714
vn 0.716526 0.669817 0.194771
v -0.059352 0.250187 0.178478
vt 0.593262 0.942078
vn 0.257919 0.556202 0.790011
v -0.060603 0.281344 0.194832
vt 0.992676 0.700928
vn -0.050329 0.998366 -0.027068
v -0.060314 0.274976 0.194541
vt 0.986328 0.700928
vn -0.015880 0.999371 -0.031712
v -0.016395 0.084436 0.177721
vt 0.438232 0.515137
vn 0.653393 0.000000 -0.757019
v -0.023148 0.087477 0.179475
vt 0.428711 0.519531
vn 0.653393 0.000000 -0.757019
v -0.014731 0.086724 0.178482
vt 0.440674 0.518555
vn 0.677755 0.075341 -0.731418
v -0.024693 0.089739 0.180494
vt 0.426514 0.522705
vn 0.685549 0.119713 -0.718116
v -0.031643 0.290634 0.197362
vt 0.420898 0.758057
vn 0.742977 0.078225 -0.664730
v -0.055106 0.280688 0.198104
vt 0.391357 0.745605
vn 0.707118 0.000000 -0.707096
v -0.035653 0.284086 0.198070
vt 0.415771 0.750000
vn 0.707118 0.000000 -0.707096
v -0.027207 0.181704 0.203470
vt 0.426514 0.621338
vn 0.707118 0.000000 -0.707096
v -0.023125 0.147539 0.201257
vt 0.431641 0.578613
vn 0.679649 0.000000 -0.733537
v -0.040716 0.180424 0.203524
vt 0.409424 0.619873
vn 0.707118 0.000000 -0.707096
v -0.035804 0.146174 0.201202
vt 0.415527 0.576904
vn 0.743825 0.010813 -0.668287
v -0.016746 0.147581 0.173213
vt 0.958008 0.197754
vn -0.184636 0.815370 0.548708
v -0.013509 0.148266 0.150187
vt 0.929688 0.194336
vn -0.181589 0.822084 0.539633
v -0.035653 0.284086 0.198070
vt 0.954590 0.013672
vn -0.377639 0.578410 0.723070
v -0.031643 0.290634 0.197362
vt 0.947266 0.006836
vn -0.772550 0.583219 0.251044
v -0.024435 0.266305 0.184589
vt 0.943848 0.050781
vn -0.259275 0.465123 0.846426
v -0.027207 0.181704 0.203470
vt 0.997070 0.148438
vn -0.403051 0.749758 0.524798
v -0.019680 0.180320 0.177349
vt 0.964355 0.155762
vn -0.399063 0.759982 0.513008
v -0.023125 0.147539 0.201257
vt 0.994141 0.199219
vn -0.326684 0.811375 0.484715
v -0.016746 0.147581 0.173213
vt 0.958008 0.197754
vn -0.312597 0.831774 0.458732
v -0.014731 0.086724 0.178482
vt 0.948730 0.278809
vn -0.280676 0.869066 0.407364
v -0.010131 0.095486 0.161070
vt 0.929688 0.263184
vn -0.273609 0.878042 0.392658
v -0.007716 0.109684 0.134025
vt 0.910645 0.237305
vn -0.177001 0.856835 0.484256
v -0.010131 0.095486 0.161070
vt 0.929688 0.263184
vn -0.172491 0.866962 0.467572
v -0.007092 0.092863 0.160470
vt 0.451904 0.705322
vn 0.857094 0.202319 -0.473769
v -0.011000 0.084517 0.164224
vt 0.447510 0.694092
vn 0.749760 0.044796 -0.660191
v -0.010131 0.095486 0.161070
vt 0.447021 0.706787
vn 0.939924 0.339343 -0.037265
v -0.012965 0.083915 0.172325
vt 0.938477 0.280273
vn -0.262746 0.889873 0.372947
v -0.011000 0.084517 0.164224
vt 0.927734 0.276855
vn -0.255801 0.899277 0.354776
v -0.014731 0.086724 0.178482
vt 0.948730 0.278809
vn -0.367505 0.890697 0.267579
v -0.012965 0.083915 0.172325
vt 0.938477 0.280273
vn -0.356347 0.894729 0.269215
v -0.016395 0.084436 0.177721
vt 0.947266 0.282227
vn -0.347374 0.906065 0.241613
v -0.015477 0.083006 0.173725
vt 0.941406 0.283203
vn -0.330524 0.906911 0.261277
v -0.045136 0.076222 0.166989
vt 0.876465 0.547607
vn 0.161743 0.070347 -0.984322
v -0.029059 0.073619 0.169027
vt 0.891602 0.554199
vn 0.858682 0.481987 0.174223
v -0.045136 0.076222 0.138385
vt 0.883789 0.539795
vn 0.283296 0.146883 -0.947718
v -0.029059 0.073619 0.140423
vt 0.890137 0.543457
vn 0.871303 0.479597 0.104009
v -0.019531 0.060410 0.169804
vt 0.906250 0.547852
vn 0.104545 0.498604 0.860502
v -0.019531 0.060411 0.142116
vt 0.897461 0.541016
vn 0.119915 0.503696 0.855518
v -0.022134 0.044333 0.170844
vt 0.912598 0.533203
vn -0.042519 0.690368 0.722208
v -0.022134 0.044333 0.142239
vt 0.901367 0.533691
vn 0.089215 0.813122 0.575216
v -0.058557 0.066472 0.138385
vt 0.881836 0.532471
vn -0.999922 0.003921 0.011825
v -0.058557 0.066472 0.166989
vt 0.869629 0.531982
vn 0.999968 0.000015 0.007952
v -0.055640 0.279260 0.195368
vt 0.988281 0.695557
vn -0.011917 0.999292 -0.035671
v -0.051610 0.098748 0.135065
vt 0.645508 0.756104
vn 0.142681 0.503350 0.852221
v -0.046867 0.095301 0.164625
vt 0.679199 0.770386
vn 0.159416 0.510192 0.845157
v -0.016395 0.084436 0.177721
vt 0.032745 0.876282
vn -0.985652 0.125604 0.112754
v -0.015477 0.083006 0.173725
vt 0.036896 0.878967
vn -0.967634 0.125887 0.218716
v -0.023148 0.087477 0.179475
vt 0.032745 0.867310
vn -0.994457 0.072667 -0.075999
v -0.024073 0.086960 0.176040
vt 0.036896 0.867920
vn -0.983164 0.020546 -0.181567
v -0.025618 0.089080 0.177022
vt 0.829590 0.989883
vn -0.877903 0.270651 0.395013
v -0.029225 0.084623 0.174896
vt 0.835449 0.989883
vn -0.896663 0.286929 0.337145
v -0.025618 0.089080 0.177022
vt 0.036896 0.865234
vn -0.182799 0.281193 -0.942080
v -0.024693 0.089739 0.180494
vt 0.032745 0.863037
vn -0.165824 0.176398 -0.970250
v -0.035804 0.146174 0.201202
vt 0.032745 0.779053
vn -0.165451 0.147837 -0.975074
v -0.036865 0.146682 0.198671
vt 0.036896 0.779053
vn -0.165611 0.140912 -0.976072
v -0.042011 0.180112 0.200423
vt 0.036896 0.732666
vn -0.994724 0.053764 -0.087371
v -0.040716 0.180424 0.203524
vt 0.032745 0.732666
vn -0.994724 0.053764 -0.087371
v -0.061928 0.237247 0.153948
vt 0.579590 0.910278
vn 0.497226 0.564279 0.659056
v -0.059352 0.250187 0.178478
vt 0.593262 0.942078
vn 0.297027 0.557967 0.774886
v -0.060676 0.228459 0.156996
vt 0.587891 0.904785
vn 0.185733 0.483726 0.855285
v -0.055106 0.280688 0.198104
vt 0.032745 0.596436
vn -0.987789 0.119428 0.100048
v -0.055640 0.279260 0.195368
vt 0.036896 0.597900
vn -0.991777 0.123172 0.034753
v -0.055640 0.279260 0.195368
vt 0.829590 0.750977
vn -0.886051 0.371821 0.276881
v -0.060314 0.274976 0.194541
vt 0.835449 0.750977
vn -0.875023 0.369252 0.313029
v -0.024085 0.080774 0.173176
vt 0.427734 0.494629
vn 0.668954 0.010638 -0.743227
v -0.029225 0.084623 0.174896
vt 0.421631 0.500000
vn 0.779753 0.164741 -0.604025
v -0.024073 0.086960 0.176040
vt 0.427979 0.502930
vn 0.695630 0.033150 -0.717635
v -0.025618 0.089080 0.177022
vt 0.426270 0.505859
vn 0.786583 0.187016 -0.588483
v -0.051651 0.087393 0.163388
vt 0.392578 0.501709
vn 0.488960 0.871824 0.028989
v -0.055625 0.091121 0.131877
vt 0.367188 0.531982
vn 0.505040 0.863072 0.006439
v -0.046867 0.095301 0.164625
vt 0.401123 0.509766
vn 0.122332 0.942967 0.309595
v -0.051610 0.098748 0.135065
vt 0.377197 0.536377
vn 0.131895 0.954538 0.267322
v -0.060603 0.281344 0.194832
vt 0.036896 0.589844
vn -0.898753 0.023008 0.437852
v -0.061095 0.282929 0.197716
vt 0.032745 0.589355
vn 0.879826 0.003919 0.475280
v -0.071781 0.279622 0.194712
vt 0.036896 0.575439
vn 0.928866 0.058494 0.365769
v -0.072159 0.281108 0.197619
vt 0.032745 0.575439
vn 0.926805 0.055162 0.371470
v -0.106161 0.268275 0.194726
vt 0.036896 0.530518
vn 0.944348 0.078080 0.319547
v -0.106767 0.269763 0.197633
vt 0.032745 0.530518
vn 0.944348 0.078080 0.319547
v -0.138895 0.252886 0.194745
vt 0.036896 0.485840
vn 0.961253 0.093332 0.259386
v -0.139686 0.254207 0.197644
vt 0.032745 0.485840
vn 0.962310 0.096221 0.254366
v -0.169800 0.233696 0.194763
vt 0.036896 0.438965
vn 0.974226 0.110085 0.196886
v -0.170607 0.234793 0.197642
vt 0.032745 0.438965
vn 0.974226 0.110085 0.196886
v -0.012965 0.083915 0.172325
vt 0.938477 0.280273
vn -0.551446 0.832226 -0.057506
v -0.011654 0.076783 0.169416
vt 0.930176 0.288086
vn -0.522759 0.833454 -0.179102
v -0.015477 0.083006 0.173725
vt 0.941406 0.283203
vn -0.522759 0.833454 -0.179102
v -0.051067 0.177621 0.183501
vt 0.647949 0.869629
vn 0.140874 0.481405 0.865103
v -0.035248 0.079403 0.169172
vt 0.700684 0.757324
vn 0.603430 0.627250 0.492372
v -0.046583 0.145815 0.180327
vt 0.666504 0.834229
vn 0.461242 0.610984 0.643393
v -0.029225 0.084623 0.174896
vt 0.707520 0.767212
vn 0.576019 0.624010 0.528028
v -0.041722 0.145677 0.197430
vt 0.685059 0.845459
vn 0.443642 0.609033 0.657465
v -0.049790 0.177274 0.185282
vt 0.650391 0.870483
vn 0.280311 0.552599 0.784895
v -0.046758 0.179353 0.199299
vt 0.664551 0.881775
vn 0.272634 0.549278 0.789914
v -0.060314 0.274976 0.194541
vt 0.594727 0.978714
vn 0.255794 0.543571 0.799438
v -0.019531 0.060410 0.169804
vt 0.433594 0.468750
vn 0.753424 0.078147 -0.652875
v -0.008408 0.043763 0.171140
vt 0.447998 0.448730
vn 0.767922 0.089067 -0.634321
v -0.022134 0.044333 0.170844
vt 0.430908 0.449219
vn 0.776082 0.110895 -0.620806
v -0.029225 0.084623 0.174896
vt 0.421631 0.500000
vn 0.584296 0.669533 0.458610
v -0.035248 0.079403 0.169172
vt 0.413574 0.491211
vn 0.615101 0.671744 0.412808
v -0.029059 0.073619 0.169027
vt 0.421387 0.484863
vn 0.787762 0.207903 -0.579835
v -0.045136 0.076222 0.166989
vt 0.401367 0.487793
vn 0.800608 0.307519 -0.514256
v -0.035248 0.079403 0.169172
vt 0.413574 0.491211
vn 0.809122 0.539447 -0.233064
v -0.046867 0.095301 0.164625
vt 0.401123 0.509766
vn 0.738215 0.662735 -0.125777
v -0.051651 0.087393 0.163388
vt 0.392578 0.501709
vn 0.770621 0.393061 -0.501643
v -0.007195 0.040555 0.171434
vt 0.911621 0.332031
vn -0.783825 0.309208 -0.538525
v -0.006754 0.041799 0.169018
vt 0.911621 0.328613
vn -0.772337 0.409168 -0.485878
v -0.004737 0.107477 0.133291
vt 0.454834 0.743408
vn 0.878939 0.166951 -0.446758
v -0.007092 0.092863 0.160470
vt 0.451904 0.705322
vn 0.875590 0.133976 -0.464104
v -0.010131 0.095486 0.161070
vt 0.447021 0.706787
vn 0.945366 0.315095 0.083660
v -0.007716 0.109684 0.134025
vt 0.450195 0.743896
vn 0.936325 0.331050 0.117054
v -0.051067 0.177621 0.183501
vt 0.647949 0.869629
vn 0.605422 0.633308 0.482064
v -0.060314 0.274976 0.194541
vt 0.594727 0.978714
vn 0.560085 0.628128 0.540147
v -0.049790 0.177274 0.185282
vt 0.650391 0.870483
vn 0.612762 0.632645 0.473585
v -0.046583 0.145815 0.180327
vt 0.666504 0.834229
vn 0.745127 0.618399 0.249738
v -0.048292 0.145797 0.179208
vt 0.664062 0.833252
vn 0.745127 0.618399 0.249738
v -0.046867 0.095301 0.164625
vt 0.679199 0.770386
vn 0.768301 0.612350 0.186390
v -0.035248 0.079403 0.169172
vt 0.700684 0.757324
vn 0.807667 0.579566 0.108527
v -0.008408 0.043763 0.171140
vt 0.916016 0.327637
vn -0.319115 0.916511 0.241190
v -0.007624 0.044493 0.168556
vt 0.913086 0.325684
vn -0.301320 0.925471 0.229585
v -0.011654 0.076783 0.169416
vt 0.930176 0.288086
vn -0.487636 0.867584 -0.097514
v -0.010523 0.075668 0.165637
vt 0.924805 0.287598
vn -0.274364 0.918194 0.285733
v -0.011185 0.069756 0.170008
vt 0.927246 0.296875
vn -0.542495 0.811754 -0.216227
v -0.037500 0.296859 0.193542
vt 0.413574 0.765869
vn 0.756138 0.111224 -0.644891
v -0.031643 0.290634 0.197362
vt 0.947266 0.006836
vn -0.746836 0.250734 -0.615929
v -0.024435 0.266305 0.184589
vt 0.943848 0.050781
vn -0.724416 0.441810 -0.529174
v -0.019059 0.249570 0.148955
vt 0.924316 0.083984
vn -0.812098 0.479407 -0.332666
v -0.024435 0.266305 0.184589
vt 0.943848 0.050781
vn -0.723665 0.673711 -0.149742
v -0.011654 0.076783 0.169416
vt 0.443604 0.488770
vn 0.633228 0.010077 -0.773900
v -0.015477 0.083006 0.173725
vt 0.438477 0.498047
vn 0.633228 0.010077 -0.773900
v -0.179980 0.191420 0.178880
vt 0.417969 0.958191
vn 0.420180 0.768026 -0.483306
v -0.172553 0.183992 0.143840
vt 0.421387 0.913757
vn 0.421968 0.771375 -0.476364
v -0.202483 0.167523 0.178765
vt 0.376953 0.954346
vn 0.360854 0.798976 -0.481063
v -0.194313 0.160760 0.143963
vt 0.383301 0.910706
vn 0.358362 0.802065 -0.477774
v -0.165426 0.074429 0.177349
vt 0.842285 0.154785
vn -0.998061 0.059711 0.017574
v -0.164578 0.070580 0.153991
vt 0.873535 0.160645
vn -0.997827 0.065799 0.003468
v -0.245746 0.105532 0.184589
vt 0.864258 0.041504
vn -0.154179 0.000000 -0.988043
v -0.231491 0.095247 0.148955
vt 0.884766 0.079590
vn -0.181319 0.020910 -0.983202
v -0.230360 0.190539 0.193542
vt 0.170898 0.632568
vn 0.816246 0.425909 -0.390313
v -0.223580 0.184894 0.197633
vt 0.179443 0.625488
vn 0.816246 0.425909 -0.390313
v -0.252375 0.160150 0.193542
vt 0.143188 0.594238
vn 0.814488 0.456906 -0.357556
v -0.245064 0.155485 0.197619
vt 0.152344 0.588379
vn 0.815026 0.450045 -0.364956
v -0.204564 0.217876 0.193542
vt 0.203369 0.666748
vn 0.816309 0.392660 -0.423625
v -0.198612 0.211395 0.197644
vt 0.210815 0.658691
vn 0.816309 0.392660 -0.423625
v -0.197600 0.210234 0.194745
vt 0.992676 0.884277
vn -0.399150 0.825456 -0.399126
v -0.193847 0.206412 0.194784
vt 0.986328 0.884277
vn -0.405254 0.819511 -0.405179
v -0.222351 0.183858 0.194726
vt 0.992676 0.928589
vn -0.456988 0.763148 -0.456911
v -0.218366 0.180580 0.194777
vt 0.986328 0.928589
vn -0.463009 0.755823 -0.462984
v -0.243768 0.154666 0.194712
vt 0.992676 0.971878
vn -0.529429 0.662942 -0.529351
v -0.239117 0.151804 0.194676
vt 0.986328 0.971878
vn -0.549511 0.629369 -0.549484
v -0.128123 0.080379 0.198671
vt 0.783691 0.914429
vn -0.534933 0.386288 0.751417
v -0.158327 0.095603 0.200423
vt 0.783691 0.874634
vn -0.473694 0.350993 0.807724
v -0.125667 0.084687 0.197430
vt 0.777832 0.914429
vn -0.517579 0.377558 0.767829
v -0.156138 0.099883 0.199299
vt 0.777832 0.874634
vn -0.484357 0.356880 0.798770
v -0.149045 0.107319 0.155240
vt 0.297363 0.848633
vn -0.190532 0.310428 -0.931307
v -0.121634 0.096117 0.151108
vt 0.282959 0.815308
vn -0.184099 0.304399 -0.934585
v -0.153160 0.103446 0.183501
vt 0.269043 0.869629
vn -0.190532 0.310428 -0.931307
v -0.123751 0.090973 0.179208
vt 0.252686 0.833374
vn -0.183700 0.310827 -0.932545
v -0.062898 0.032184 0.170008
vt 0.381836 0.432617
vn 0.851589 0.261255 -0.454469
v -0.069437 0.034802 0.169416
vt 0.373535 0.434570
vn 0.885537 0.174206 -0.430670
v -0.061049 0.050377 0.169027
vt 0.383057 0.455078
vn 0.892614 0.077651 -0.444084
v -0.069390 0.047857 0.173176
vt 0.371826 0.451172
vn 0.905278 0.065875 -0.419680
v -0.210496 0.138863 0.144373
vt 0.351807 0.906189
vn 0.311404 0.803093 -0.508005
v -0.222158 0.140787 0.178874
vt 0.334229 0.948364
vn 0.296434 0.803939 -0.515567
v -0.179980 0.191420 0.178880
vt 0.417969 0.958191
vn 0.441196 0.753703 -0.487112
v -0.193847 0.206412 0.194784
vt 0.416504 0.989655
vn 0.444251 0.749706 -0.490491
v -0.202483 0.167523 0.178765
vt 0.376953 0.954346
vn 0.395554 0.791108 -0.466567
v -0.218366 0.180580 0.194777
vt 0.374023 0.985527
vn 0.392785 0.794385 -0.463328
v -0.222158 0.140787 0.178874
vt 0.334229 0.948364
vn 0.339767 0.842948 -0.417129
v -0.239117 0.151804 0.194676
vt 0.333740 0.979996
vn 0.327139 0.869486 -0.370099
v -0.223053 0.136808 0.178725
vt 0.328613 0.946350
vn 0.167788 0.881783 -0.440801
v -0.242892 0.142325 0.194540
vt 0.323486 0.978271
vn 0.000000 0.753097 -0.657910
v -0.242892 0.142325 0.194540
vt 0.986328 0.983994
vn -0.621332 0.448975 -0.642158
v -0.248860 0.144567 0.194832
vt 0.992676 0.983994
vn -0.617230 0.524616 -0.586349
v -0.077729 0.051206 0.180494
vt 0.350586 0.467773
vn 0.923387 0.112924 -0.366884
v -0.076055 0.049038 0.179475
vt 0.353027 0.464844
vn 0.509479 0.000000 -0.860483
v -0.077940 0.040800 0.178482
vt 0.350098 0.453125
vn 0.904081 0.075016 -0.420727
v -0.075250 0.041676 0.177721
vt 0.354004 0.454102
vn 0.509479 0.000000 -0.860483
v -0.127968 0.079212 0.201202
vt 0.299561 0.492676
vn 0.866774 0.063534 -0.494638
v -0.133184 0.067576 0.201257
vt 0.293213 0.478027
vn 0.872335 0.072353 -0.483524
v -0.159024 0.094468 0.203524
vt 0.260498 0.511963
vn 0.723359 0.033687 -0.689650
v -0.164416 0.082016 0.203470
vt 0.253906 0.496582
vn 0.723359 0.033687 -0.689650
v -0.136847 0.058656 0.150187
vt 0.875488 0.195312
vn -0.993190 0.015385 0.115485
v -0.135196 0.061522 0.173213
vt 0.846680 0.196289
vn -0.994471 0.019104 0.103256
v -0.245746 0.105532 0.184589
vt 0.864258 0.041504
vn -0.986972 0.153247 0.049014
v -0.266643 0.119896 0.197362
vt 0.859375 0.005371
vn -0.903337 0.246635 0.350933
v -0.259177 0.121686 0.198070
vt 0.851562 0.012207
vn -0.984240 0.171009 0.045037
v -0.165426 0.074429 0.177349
vt 0.842285 0.154785
vn -0.987359 0.105284 0.118479
v -0.164416 0.082016 0.203470
vt 0.810059 0.145996
vn -0.988327 0.117013 0.097557
v -0.087694 0.039133 0.161070
vt 0.869141 0.263184
vn 0.970129 0.030050 0.240719
v -0.135196 0.061522 0.173213
vt 0.846680 0.196289
vn -0.982656 0.033486 0.182390
v -0.077940 0.040800 0.178482
vt 0.850098 0.277832
vn 0.969105 0.015380 0.246168
v -0.133184 0.067576 0.201257
vt 0.810547 0.195801
vn -0.989182 0.056906 0.135209
v -0.087694 0.039133 0.161070
vt 0.869141 0.263184
vn 0.990894 0.033498 0.130415
v -0.101944 0.041223 0.134024
vt 0.892578 0.239746
vn 0.989841 0.019036 0.140900
v -0.087694 0.039133 0.161070
vt 0.172363 0.501221
vn 0.796350 0.488570 -0.356547
v -0.076994 0.036570 0.164224
vt 0.184448 0.497070
vn 0.808813 0.338322 -0.480999
v -0.086139 0.035432 0.160470
vt 0.172363 0.496582
vn 0.797535 0.502722 -0.333478
v -0.076994 0.036570 0.164224
vt 0.872070 0.277344
vn 0.974847 0.064037 0.213475
v -0.075814 0.038252 0.172325
vt 0.860840 0.280273
vn 0.972556 0.044175 0.228438
v -0.061049 0.050377 0.140423
vt 0.883789 0.525879
vn 0.787076 0.068086 0.613086
v -0.061049 0.050377 0.169027
vt 0.876953 0.517090
vn 0.924234 0.054978 0.377848
v -0.051431 0.037234 0.142116
vt 0.891602 0.522461
vn 0.847362 0.499601 0.179938
v -0.051431 0.037234 0.169804
vt 0.892578 0.511963
vn 0.852796 0.501385 0.146127
v -0.035336 0.034741 0.142239
vt 0.898926 0.525391
vn 0.559338 0.819296 0.126075
v -0.035336 0.034741 0.170844
vt 0.906250 0.519043
vn 0.439054 0.846814 0.300230
v -0.249934 0.139137 0.198104
vt 0.146240 0.567871
vn 0.738294 0.067142 -0.671129
v -0.259177 0.121686 0.198070
vt 0.134644 0.546143
vn 0.738294 0.067142 -0.671129
v -0.248411 0.139203 0.195368
vt 0.989746 0.989883
vn -0.620014 0.437593 -0.651226
v -0.076167 0.074014 0.164625
vt 0.236816 0.770752
vn -0.186308 0.267125 -0.945481
v -0.077980 0.079590 0.135065
vt 0.270752 0.755981
vn -0.189767 0.252952 -0.948685
v -0.074173 0.040361 0.173725
vt 0.857910 0.282715
vn 0.936916 0.078050 0.340729
v -0.075814 0.038252 0.172325
vt 0.860840 0.280273
vn 0.923879 0.044676 0.380067
v -0.075250 0.041676 0.177721
vt 0.851562 0.281738
vn 0.934088 0.084883 0.346805
v -0.077940 0.040800 0.178482
vt 0.850098 0.277832
vn 0.919246 0.037643 0.391881
v -0.075278 0.049758 0.176040
vt 0.036896 0.018555
vn 0.077999 0.408396 -0.909466
v -0.074173 0.040361 0.173725
vt 0.036896 0.007324
vn 0.212966 0.139668 -0.967025
v -0.076055 0.049038 0.179475
vt 0.032745 0.019043
vn 0.088527 0.295037 -0.951376
v -0.075250 0.041676 0.177721
vt 0.032745 0.010254
vn 0.168702 0.175721 -0.969877
v -0.071463 0.053935 0.174896
vt 0.777832 0.989883
vn -0.807719 0.573694 0.135882
v -0.076816 0.051882 0.177022
vt 0.783691 0.989883
vn -0.813522 0.576810 0.073981
v -0.077729 0.051206 0.180494
vt 0.032745 0.023438
vn -0.034653 0.408015 -0.912317
v -0.076816 0.051882 0.177022
vt 0.036896 0.020996
vn -0.082022 0.454642 -0.886889
v -0.128123 0.080379 0.198671
vt 0.036896 0.105469
vn -0.015689 0.399531 -0.916585
v -0.127968 0.079212 0.201202
vt 0.032745 0.105469
vn -0.019483 0.404606 -0.914284
v -0.159024 0.094468 0.203524
vt 0.032745 0.150391
vn 0.074319 0.274963 -0.958578
v -0.158327 0.095603 0.200423
vt 0.036896 0.150391
vn 0.077733 0.273906 -0.958610
v -0.223053 0.136808 0.178725
vt 0.328613 0.946350
vn -0.083357 0.697009 -0.712200
v -0.210932 0.135546 0.148364
vt 0.346436 0.909119
vn -0.076660 0.820034 -0.567157
v -0.198540 0.128295 0.156996
vt 0.330078 0.904236
vn -0.217926 0.323320 -0.920854
v -0.219614 0.133750 0.178478
vt 0.324707 0.941589
vn -0.217823 0.344204 -0.913278
v -0.206511 0.132201 0.153948
vt 0.338135 0.909729
vn -0.253403 0.413933 -0.874326
v -0.219614 0.133750 0.178478
vt 0.324707 0.941589
vn -0.203485 0.273591 -0.940075
v -0.248411 0.139203 0.195368
vt 0.036896 0.278320
vn 0.128416 0.206843 -0.969910
v -0.249934 0.139137 0.198104
vt 0.032745 0.279785
vn 0.152065 0.176847 -0.972420
v -0.242892 0.142325 0.194540
vt 0.777832 0.759399
vn -0.859732 0.496854 0.118311
v -0.248411 0.139203 0.195368
vt 0.783691 0.759399
vn -0.853004 0.498220 0.155437
v -0.076816 0.051882 0.177022
vt 0.361328 0.455566
vn 0.915222 0.063698 -0.397883
v -0.071463 0.053935 0.174896
vt 0.367920 0.458496
vn 0.911394 0.055981 -0.407710
v -0.075278 0.049758 0.176040
vt 0.363525 0.453125
vn 0.920598 0.054182 -0.386734
v -0.069390 0.047857 0.173176
vt 0.371826 0.451172
vn 0.912590 0.031096 -0.407692
v -0.077980 0.079590 0.135065
vt 0.344238 0.510742
vn 0.770862 0.615919 0.162532
v -0.069485 0.081051 0.131877
vt 0.350830 0.519287
vn 0.607119 0.790312 -0.082541
v -0.076167 0.074014 0.164625
vt 0.363770 0.480957
vn 0.789999 0.594344 0.150524
v -0.067168 0.076120 0.163388
vt 0.373535 0.487305
vn 0.623901 0.772420 -0.118811
v -0.067168 0.076120 0.163388
vt 0.373535 0.487305
vn 0.861475 0.295671 -0.412842
v -0.058557 0.066472 0.166989
vt 0.385254 0.475098
vn 0.832577 0.234828 -0.501668
v -0.250215 0.145526 0.197716
vt 0.032745 0.286621
vn 0.991138 0.118834 -0.059363
v -0.248860 0.144567 0.194832
vt 0.036896 0.286133
vn 0.990060 0.071907 -0.120874
v -0.245064 0.155485 0.197619
vt 0.032745 0.300781
vn 0.987251 0.153264 0.042962
v -0.243768 0.154666 0.194712
vt 0.036896 0.300781
vn 0.986969 0.153253 0.049052
v -0.223580 0.184894 0.197633
vt 0.032745 0.346680
vn 0.985046 0.144295 0.094149
v -0.222351 0.183858 0.194726
vt 0.036896 0.346680
vn 0.985046 0.144295 0.094149
v -0.198612 0.211395 0.197644
vt 0.032745 0.392578
vn 0.981401 0.129109 0.142068
v -0.197600 0.210234 0.194745
vt 0.036896 0.392578
vn 0.981401 0.129109 0.142068
v -0.074173 0.040361 0.173725
vt 0.857910 0.282715
vn 0.604552 0.119305 0.787581
v -0.069437 0.034802 0.169416
vt 0.870605 0.288086
vn 0.597858 0.115571 0.793227
v -0.075814 0.038252 0.172325
vt 0.860840 0.280273
vn 0.682399 0.054278 0.728962
v -0.153160 0.103446 0.183501
vt 0.269043 0.869629
vn -0.206550 0.266020 -0.941579
v -0.125667 0.084687 0.197430
vt 0.231812 0.845825
vn -0.152637 0.515940 -0.842916
v -0.124296 0.089354 0.180327
vt 0.250244 0.834351
vn -0.148745 0.536729 -0.830540
v -0.071463 0.053935 0.174896
vt 0.208740 0.767822
vn -0.129913 0.653157 -0.745995
v -0.064637 0.058051 0.169172
vt 0.215576 0.757935
vn -0.122812 0.677140 -0.725534
v -0.156138 0.099883 0.199299
vt 0.252930 0.881958
vn -0.184464 0.375963 -0.908089
v -0.153224 0.102125 0.185282
vt 0.266602 0.870483
vn -0.181649 0.377446 -0.908041
v -0.242892 0.142325 0.194540
vt 0.323486 0.978271
vn -0.184239 0.361351 -0.914047
v -0.051431 0.037234 0.169804
vt 0.395508 0.439453
vn 0.767922 0.089067 -0.634321
v -0.035336 0.034741 0.170844
vt 0.415283 0.437012
vn 0.767109 0.100080 -0.633662
v -0.039036 0.021511 0.171140
vt 0.411377 0.420410
vn 0.776082 0.110895 -0.620806
v -0.064637 0.058051 0.169172
vt 0.378418 0.464355
vn 0.971307 0.127303 -0.200888
v -0.071463 0.053935 0.174896
vt 0.367920 0.458496
vn 0.972859 0.151708 -0.174726
v -0.064637 0.058051 0.169172
vt 0.378418 0.464355
vn 0.910727 0.148907 -0.385231
v -0.061049 0.050377 0.169027
vt 0.383057 0.455078
vn 0.874456 0.071762 -0.479767
v -0.100766 0.037708 0.133291
vt 0.135132 0.504883
vn 0.507861 0.839636 0.192584
v -0.101944 0.041223 0.134024
vt 0.135986 0.509521
vn 0.428195 0.856415 0.288448
v -0.086139 0.035432 0.160470
vt 0.172363 0.496582
vn 0.511371 0.837206 0.193868
v -0.087694 0.039133 0.161070
vt 0.172363 0.501221
vn 0.428195 0.856415 0.288448
v -0.153224 0.102125 0.185282
vt 0.266602 0.870483
vn -0.119436 0.679252 -0.724122
v -0.242892 0.142325 0.194540
vt 0.323486 0.978271
vn -0.128872 0.625755 -0.769300
v -0.153160 0.103446 0.183501
vt 0.269043 0.869629
vn -0.119390 0.671555 -0.731273
v -0.123751 0.090973 0.179208
vt 0.252686 0.833374
vn -0.065222 0.828501 -0.556176
v -0.124296 0.089354 0.180327
vt 0.250244 0.834351
vn -0.068917 0.826515 -0.558680
v -0.064637 0.058051 0.169172
vt 0.215576 0.757935
vn -0.039039 0.913114 -0.405831
v -0.076167 0.074014 0.164625
vt 0.236816 0.770752
vn -0.050191 0.856750 -0.513283
v -0.037679 0.019331 0.169018
vt 0.895020 0.326172
vn -0.743226 0.153198 0.651264
v -0.039972 0.020991 0.168556
vt 0.894531 0.322266
vn 0.961193 0.143853 0.235404
v -0.036359 0.019366 0.171434
vt 0.894043 0.329102
vn -0.706692 0.168787 0.687093
v -0.039036 0.021511 0.171140
vt 0.891602 0.324707
vn 0.958821 0.132222 0.251355
v -0.068725 0.033382 0.165637
vt 0.876465 0.287598
vn 0.970476 0.122111 0.208003
v -0.069437 0.034802 0.169416
vt 0.870605 0.288086
vn 0.746587 0.152329 0.647614
v -0.062898 0.032184 0.170008
vt 0.875488 0.296387
vn 0.676970 0.181323 0.713326
v -0.270755 0.127390 0.193542
vt 0.120056 0.553223
vn 0.808416 0.503484 -0.304907
v -0.266643 0.119896 0.197362
vt 0.125244 0.543701
vn 0.808416 0.503484 -0.304907
v -0.284598 0.092458 0.193542
vt 0.102661 0.509277
vn 0.793641 0.562970 -0.230647
v -0.278660 0.090529 0.197170
vt 0.110107 0.506836
vn 0.793641 0.562970 -0.230647
v -0.266643 0.119896 0.197362
vt 0.859375 0.005371
vn -0.430719 0.201574 0.879687
v -0.245746 0.105532 0.184589
vt 0.864258 0.041504
vn -0.401138 0.169320 0.900233
v -0.278660 0.090529 0.197170
vt 0.902832 0.003906
vn -0.343922 0.171950 0.923120
v -0.256499 0.083328 0.184712
vt 0.902344 0.035156
vn -0.365177 0.182555 0.912863
v -0.231491 0.095247 0.148955
vt 0.884766 0.079590
vn -0.602238 0.239100 0.761670
v -0.239940 0.077948 0.144032
vt 0.902832 0.082031
vn -0.379312 0.233718 0.895264
v -0.245746 0.105532 0.184589
vt 0.864258 0.041504
vn -0.622071 0.201714 0.756531
v -0.256499 0.083328 0.184712
vt 0.902344 0.035156
vn -0.396225 0.266981 0.878480
v -0.074173 0.040361 0.173725
vt 0.366211 0.441406
vn 0.899051 0.015933 -0.437555
v -0.069437 0.034802 0.169416
vt 0.373535 0.434570
vn 0.894407 0.007990 -0.447183
v -0.076167 0.074014 0.164625
vt 0.363770 0.480957
vn 0.941024 0.316197 -0.120387
v -0.250215 0.145526 0.197716
vt 0.145874 0.575928
vn 0.815026 0.450045 -0.364956
v -0.251703 -0.015868 0.143963
vt 0.533691 0.911194
vn -0.086645 0.996213 0.007236
v -0.247754 -0.047453 0.143840
vt 0.495850 0.914307
vn -0.118092 0.990361 -0.072380
v -0.262288 -0.016537 0.178765
vt 0.540527 0.954865
vn -0.086645 0.996213 0.007236
v -0.258128 -0.049097 0.178880
vt 0.499268 0.958740
vn -0.120965 0.990322 -0.068041
v -0.239882 -0.077932 0.143852
vt 0.458008 0.915100
vn -0.158386 0.974594 -0.158367
v -0.250057 -0.081269 0.178804
vt 0.458008 0.960114
vn -0.158386 0.974594 -0.158367
v -0.287974 0.029316 0.197716
vt 0.098389 0.430176
vn 0.809459 0.497414 -0.312020
v -0.289661 0.018231 0.197619
vt 0.096252 0.416504
vn 0.807321 0.509405 -0.297892
v -0.298317 0.018754 0.193542
vt 0.085388 0.416992
vn 0.805611 0.517914 -0.287673
v -0.243257 0.058986 0.148955
vt 0.924316 0.083984
vn 0.348578 0.715472 0.605470
v -0.174640 0.039612 0.153991
vt 0.933594 0.160156
vn 0.029458 0.629175 0.776706
v -0.260835 0.059045 0.184589
vt 0.943848 0.050781
vn 0.280625 0.701626 0.654959
v -0.177588 0.036996 0.177349
vt 0.964355 0.155762
vn 0.029458 0.629175 0.776706
v -0.289566 -0.018189 0.197633
vt 0.096375 0.370605
vn 0.807321 0.509405 -0.297892
v -0.298369 -0.018771 0.193542
vt 0.085327 0.370117
vn 0.807321 0.509405 -0.297892
v -0.284943 -0.054304 0.197644
vt 0.102234 0.325195
vn 0.808416 0.503484 -0.304907
v -0.293568 -0.056049 0.193542
vt 0.091370 0.323242
vn 0.808416 0.503484 -0.304907
v -0.276034 -0.089711 0.197642
vt 0.113403 0.280762
vn 0.809904 0.494672 -0.315207
v -0.284401 -0.092421 0.193542
vt 0.102905 0.277344
vn 0.809904 0.494672 -0.315207
v -0.278159 -0.053074 0.194784
vt 0.915039 0.801392
vn -0.869029 0.210638 -0.447682
v -0.269477 -0.087578 0.194787
vt 0.915039 0.844849
vn -0.912812 0.359568 -0.193608
v -0.283442 -0.053960 0.194745
vt 0.921387 0.801392
vn -0.873634 0.219702 -0.434160
v -0.274742 -0.089282 0.194763
vt 0.921387 0.844849
vn -0.912812 0.359568 -0.193608
v -0.282811 -0.017764 0.194777
vt 0.915039 0.758789
vn -0.769248 0.066870 -0.635441
v -0.287963 -0.018073 0.194726
vt 0.921387 0.758789
vn -0.787432 0.088712 -0.609985
v -0.282686 0.017713 0.194676
vt 0.915039 0.717773
vn -0.699713 0.144352 -0.699689
v -0.288130 0.018131 0.194712
vt 0.921387 0.717773
vn -0.704286 0.089419 -0.704263
v -0.185036 0.010945 0.199299
vt 0.749512 0.872925
vn -0.369006 0.073776 0.926494
v -0.184291 0.015694 0.200423
vt 0.743652 0.872925
vn -0.377339 0.077907 0.922792
v -0.151452 0.005328 0.197430
vt 0.749512 0.913330
vn -0.873949 0.069762 0.480986
v -0.150907 0.010257 0.198671
vt 0.743652 0.913330
vn -0.314696 0.044341 0.948156
v -0.153597 -0.000884 0.179208
vt 0.662598 0.833862
vn 0.579809 0.796142 0.173146
v -0.154908 -0.006290 0.151108
vt 0.632324 0.816040
vn 0.583819 0.792950 0.174315
v -0.184721 0.006311 0.183501
vt 0.646484 0.870239
vn 0.594384 0.788222 0.159414
v -0.183668 0.000759 0.155240
vt 0.618164 0.849609
vn 0.594384 0.788222 0.159414
v -0.084275 0.002045 0.173176
vt 0.355957 0.395508
vn 0.496898 0.025275 -0.867441
v -0.076639 0.012634 0.169416
vt 0.366211 0.408691
vn 0.870628 0.025877 -0.491261
v -0.079009 -0.004896 0.169027
vt 0.363525 0.386230
vn 0.566323 0.009227 -0.824132
v -0.069811 0.010909 0.170008
vt 0.374268 0.405762
vn 0.830954 0.080111 -0.550542
v -0.262490 0.016658 0.178874
vt 0.583008 0.948822
vn 0.061756 0.991642 0.113276
v -0.251925 0.011360 0.144373
vt 0.564941 0.906616
vn 0.021279 0.994078 0.106569
v -0.269477 -0.087578 0.194787
vt 0.458008 0.991791
vn -0.158386 0.974594 -0.158367
v -0.278159 -0.053074 0.194784
vt 0.500977 0.990189
vn -0.134858 0.986173 -0.096314
v -0.258128 -0.049097 0.178880
vt 0.499268 0.958740
vn -0.134858 0.986173 -0.096314
v -0.282811 -0.017764 0.194777
vt 0.542969 0.986031
vn -0.100926 0.994045 -0.041102
v -0.262288 -0.016537 0.178765
vt 0.540527 0.954865
vn -0.100926 0.994045 -0.041102
v -0.282686 0.017713 0.194676
vt 0.583496 0.980713
vn -0.007826 0.999939 0.007826
v -0.262490 0.016658 0.178874
vt 0.583008 0.948822
vn 0.015292 0.999699 0.019205
v -0.280168 0.027601 0.194540
vt 0.593262 0.979309
vn 0.397528 0.911049 0.109373
v -0.286314 0.029295 0.194832
vt 0.921387 0.706543
vn -0.679643 0.345154 -0.647266
v -0.280168 0.027601 0.194540
vt 0.915039 0.706543
vn -0.645287 0.373246 -0.666552
v -0.085382 0.010490 0.177721
vt 0.339600 0.409668
vn 0.484968 0.000000 -0.874532
v -0.090361 0.005007 0.179475
vt 0.332520 0.401855
vn 0.484968 0.000000 -0.874532
v -0.087045 0.012780 0.178482
vt 0.337158 0.413086
vn 0.881287 0.025069 -0.471917
v -0.092990 0.004237 0.180494
vt 0.328613 0.400879
vn 0.891176 0.041489 -0.451757
v -0.286200 0.059707 0.197362
vt 0.100647 0.468262
vn 0.804386 0.523558 -0.280803
v -0.283991 0.034319 0.198104
vt 0.103394 0.436523
vn 0.742977 0.078225 -0.664730
v -0.281212 0.053870 0.198070
vt 0.106934 0.460938
vn 0.742977 0.078225 -0.664730
v -0.181231 0.030265 0.203470
vt 0.232666 0.431641
vn 0.723359 0.033687 -0.689650
v -0.147476 0.023589 0.201257
vt 0.275146 0.422852
vn 0.834154 0.009152 -0.551456
v -0.184188 0.017022 0.203524
vt 0.229004 0.415039
vn 0.723359 0.033687 -0.689650
v -0.150096 0.011110 0.201202
vt 0.271729 0.407227
vn 0.834154 0.009152 -0.551456
v -0.145545 0.029670 0.173213
vt 0.958008 0.197266
vn -0.131120 0.695931 0.706037
v -0.145196 0.032959 0.150187
vt 0.929688 0.194336
vn -0.150906 0.704002 0.693981
v -0.281212 0.053870 0.198070
vt 0.954102 0.013672
vn 0.384659 0.581007 0.717265
v -0.286200 0.059707 0.197362
vt 0.946777 0.006836
vn 0.171264 0.275523 0.945915
v -0.260835 0.059045 0.184589
vt 0.943848 0.050781
vn 0.554559 0.630923 0.542587
v -0.181231 0.030265 0.203470
vt 0.997070 0.147949
vn 0.041689 0.509071 0.859715
v -0.177588 0.036996 0.177349
vt 0.964355 0.155762
vn 0.025167 0.508087 0.860938
v -0.147476 0.023589 0.201257
vt 0.994141 0.199219
vn -0.073538 0.602014 0.795092
v -0.145545 0.029670 0.173213
vt 0.958008 0.197266
vn -0.140527 0.641594 0.754062
v -0.087045 0.012780 0.178482
vt 0.949219 0.278809
vn -0.273732 0.707837 0.651182
v -0.093956 0.019862 0.161070
vt 0.929688 0.263184
vn -0.302985 0.719516 0.624898
v -0.106712 0.026547 0.134024
vt 0.910645 0.237305
vn -0.263133 0.753825 0.602087
v -0.093956 0.019862 0.161070
vt 0.929688 0.263184
vn -0.293960 0.765242 0.572705
v -0.090522 0.021942 0.160470
vt 0.166992 0.479492
vn 0.826658 0.518379 -0.218907
v -0.083793 0.015646 0.164224
vt 0.176392 0.471680
vn 0.816204 0.334846 -0.470839
v -0.093956 0.019862 0.161070
vt 0.164185 0.475586
vn 0.871973 0.422246 -0.247734
v -0.083827 0.013592 0.172325
vt 0.938965 0.280273
vn -0.358045 0.739525 0.570006
v -0.083793 0.015646 0.164224
vt 0.928223 0.276855
vn -0.393145 0.748834 0.533559
v -0.087045 0.012780 0.178482
vt 0.949219 0.278809
vn -0.396393 0.695784 0.598963
v -0.083827 0.013592 0.172325
vt 0.938965 0.280273
vn -0.405714 0.701079 0.586416
v -0.085382 0.010490 0.177721
vt 0.947754 0.282227
vn -0.480323 0.716054 0.506515
v -0.083738 0.010921 0.173725
vt 0.941406 0.283203
vn -0.462320 0.724533 0.511187
v -0.086452 -0.019382 0.166989
vt 0.871582 0.482910
vn 0.999496 0.000016 0.031739
v -0.079009 -0.004896 0.169027
vt 0.879395 0.497559
vn 0.194143 0.317669 -0.928114
v -0.086452 -0.019382 0.138385
vt 0.881836 0.480957
vn 0.007852 0.290242 -0.956921
v -0.079009 -0.004896 0.140423
vt 0.884766 0.488281
vn 0.254886 0.459522 -0.850807
v -0.063502 0.000083 0.169804
vt 0.895020 0.501709
vn 0.851176 0.376085 -0.366141
v -0.063502 0.000083 0.142116
vt 0.892578 0.491211
vn 0.841261 0.336524 -0.423122
v -0.049016 -0.007360 0.170844
vt 0.908691 0.494141
vn 0.296000 0.644250 0.705213
v -0.049016 -0.007360 0.142239
vt 0.899902 0.487305
vn 0.281693 0.651519 0.704395
v -0.081326 -0.035159 0.138385
vt 0.885254 0.475098
vn 0.982547 0.106217 0.152704
v -0.081326 -0.035159 0.166989
vt 0.875977 0.466309
vn 0.981565 0.117768 0.150533
v -0.282798 0.033370 0.195367
vt 0.917480 0.701172
vn -0.640705 0.370580 -0.672434
v -0.109876 -0.018578 0.135065
vt 0.644043 0.756714
vn 0.581053 0.785385 0.213420
v -0.105132 -0.015133 0.164625
vt 0.678223 0.770996
vn 0.589187 0.784123 0.194960
v -0.085382 0.010490 0.177721
vt 0.005402 0.886902
vn 0.961362 0.080683 0.263200
v -0.083738 0.010921 0.173725
vt 0.009583 0.889526
vn 0.965423 0.123175 0.229753
v -0.090361 0.005007 0.179475
vt 0.005402 0.877991
vn -0.934986 0.011654 0.354494
v -0.090156 0.003968 0.176040
vt 0.009583 0.878662
vn -0.926825 0.055161 0.371420
v -0.092649 0.003154 0.177022
vt 0.743652 0.989883
vn 0.825585 0.238557 0.511372
v -0.089537 -0.001644 0.174896
vt 0.749512 0.989883
vn 0.964065 0.190916 0.184742
v -0.092649 0.003154 0.177022
vt 0.009583 0.875977
vn -0.984769 0.166113 0.051347
v -0.092990 0.004237 0.180494
vt 0.005402 0.873779
vn -0.985652 0.125604 0.112754
v -0.150096 0.011110 0.201202
vt 0.005402 0.789551
vn -0.983958 0.112247 0.138665
v -0.150907 0.010257 0.198671
vt 0.009583 0.789551
vn -0.982694 0.109525 0.149387
v -0.184291 0.015694 0.200423
vt 0.009583 0.743164
vn -0.948582 0.015412 0.316155
v -0.184188 0.017022 0.203524
vt 0.005402 0.743164
vn -0.952647 0.019168 0.303473
v -0.244785 0.014407 0.153948
vt 0.578125 0.910889
vn 0.599186 0.798885 -0.052526
v -0.256296 0.020856 0.178478
vt 0.591797 0.942688
vn 0.617677 0.783686 0.065656
v -0.236040 0.012882 0.156996
vt 0.586426 0.905396
vn 0.643643 0.757967 0.105882
v -0.256296 0.020856 0.178478
vt 0.591797 0.942688
vn 0.581148 0.792488 0.185011
v -0.283991 0.034319 0.198104
vt 0.005402 0.606934
vn 0.964265 0.070866 0.255288
v -0.282798 0.033370 0.195367
vt 0.009583 0.608398
vn 0.956882 0.044126 0.287106
v -0.282798 0.033370 0.195367
vt 0.743652 0.755737
vn 0.581390 0.212578 0.785364
v -0.280168 0.027601 0.194540
vt 0.749512 0.755737
vn 0.600960 0.226409 0.766541
v -0.099090 -0.022126 0.163388
vt 0.338135 0.363770
vn 0.354662 0.687152 0.634064
v -0.103863 -0.024754 0.131877
vt 0.301758 0.348145
vn 0.339102 0.687143 0.642530
v -0.105132 -0.015133 0.164625
vt 0.333252 0.374023
vn 0.577649 0.788561 0.210936
v -0.109876 -0.018578 0.135065
vt 0.300537 0.359375
vn 0.584421 0.782230 0.215798
v -0.286314 0.029295 0.194832
vt 0.009583 0.600098
vn 0.987696 0.156132 -0.008953
v -0.287974 0.029316 0.197716
vt 0.005402 0.599609
vn 0.991203 0.112954 -0.068972
v -0.288130 0.018131 0.194712
vt 0.009583 0.585205
vn 0.981279 0.013730 -0.192100
v -0.289661 0.018231 0.197619
vt 0.005402 0.585449
vn 0.982667 0.020474 -0.184246
v -0.287963 -0.018073 0.194726
vt 0.009583 0.539307
vn 0.208081 0.020808 -0.977890
v -0.289566 -0.018189 0.197633
vt 0.005402 0.539307
vn 0.208058 0.027739 -0.977723
v -0.283442 -0.053960 0.194745
vt 0.009583 0.494141
vn 0.198355 0.069603 -0.977656
v -0.284943 -0.054304 0.197644
vt 0.005402 0.494141
vn 0.198255 0.076528 -0.977158
v -0.274742 -0.089282 0.194763
vt 0.009583 0.447266
vn 0.188072 0.118420 -0.974990
v -0.276034 -0.089711 0.197642
vt 0.005402 0.447266
vn 0.188072 0.118420 -0.974990
v -0.083827 0.013592 0.172325
vt 0.938965 0.280273
vn -0.595515 0.587539 0.547868
v -0.076639 0.012634 0.169416
vt 0.930176 0.288086
vn -0.738668 0.555938 0.381186
v -0.083738 0.010921 0.173725
vt 0.941406 0.283203
vn -0.738668 0.555938 0.381186
v -0.184721 0.006311 0.183501
vt 0.646484 0.870239
vn 0.610572 0.769841 0.185870
v -0.153086 0.000747 0.180327
vt 0.665039 0.834839
vn 0.530825 0.845144 0.062903
v -0.183996 0.007418 0.185282
vt 0.649414 0.871094
vn 0.577839 0.806607 0.124446
v -0.151452 0.005328 0.197430
vt 0.683594 0.846191
vn 0.490691 0.871328 0.003187
v -0.185036 0.010945 0.199299
vt 0.663086 0.882446
vn 0.581602 0.803768 0.125283
v -0.280168 0.027601 0.194540
vt 0.593262 0.979309
vn 0.583182 0.801930 0.129645
v -0.063502 0.000083 0.169804
vt 0.382324 0.392578
vn 0.788349 0.132336 -0.600827
v -0.044232 0.005518 0.171140
vt 0.405762 0.400391
vn 0.791825 0.142980 -0.593776
v -0.049016 -0.007360 0.170844
vt 0.400391 0.384277
vn 0.791825 0.142980 -0.593776
v -0.086422 -0.008995 0.169172
vt 0.354736 0.380859
vn 0.906170 0.111694 -0.407898
v -0.089537 -0.001644 0.174896
vt 0.348877 0.391113
vn 0.929671 0.136869 -0.342023
v -0.079009 -0.004896 0.169027
vt 0.363525 0.386230
vn 0.810731 0.029483 -0.584675
v -0.086452 -0.019382 0.166989
vt 0.354492 0.367676
vn 0.806049 0.290215 -0.515810
v -0.086422 -0.008995 0.169172
vt 0.354736 0.380859
vn 0.739221 0.044835 -0.671969
v -0.105132 -0.015133 0.164625
vt 0.333252 0.374023
vn 0.734834 0.261263 -0.625908
v -0.099090 -0.022126 0.163388
vt 0.338135 0.363770
vn 0.811628 0.299052 -0.501824
v -0.040806 0.005680 0.171434
vt 0.912109 0.332031
vn -0.369434 0.281196 0.885690
v -0.041853 0.006484 0.169018
vt 0.911621 0.328613
vn -0.408533 0.320944 0.854456
v -0.075229 0.013365 0.165637
vt 0.187012 0.469238
vn 0.767915 0.143656 -0.624235
v -0.068725 0.033382 0.165637
vt 0.194824 0.493652
vn 0.776357 0.154180 -0.611145
v -0.103693 0.028698 0.133291
vt 0.131714 0.494141
vn 0.570312 0.811305 0.128562
v -0.090522 0.021942 0.160470
vt 0.166992 0.479492
vn 0.574040 0.808537 0.129407
v -0.093956 0.019862 0.161070
vt 0.164185 0.475586
vn 0.695139 0.718832 0.007919
v -0.106712 0.026547 0.134024
vt 0.129761 0.489746
vn 0.694936 0.718893 0.016037
v -0.184721 0.006311 0.183501
vt 0.646484 0.870239
vn 0.501602 0.864949 0.016098
v -0.280168 0.027601 0.194540
vt 0.593262 0.979309
vn 0.509327 0.859935 0.033148
v -0.183996 0.007418 0.185282
vt 0.649414 0.871094
vn 0.500237 0.865793 0.012856
v -0.153086 0.000747 0.180327
vt 0.665039 0.834839
vn 0.446834 0.893669 -0.041175
v -0.153597 -0.000884 0.179208
vt 0.662598 0.833862
vn 0.446834 0.893669 -0.041175
v -0.105132 -0.015133 0.164625
vt 0.678223 0.770996
vn 0.428830 0.902130 -0.047603
v -0.086422 -0.008995 0.169172
vt 0.699219 0.758057
vn 0.410112 0.906898 -0.096661
v -0.044232 0.005518 0.171140
vt 0.916016 0.327637
vn -0.514749 0.732829 0.444966
v -0.044684 0.006489 0.168556
vt 0.913574 0.325684
vn -0.555885 0.738204 0.382160
v -0.076639 0.012634 0.169416
vt 0.930176 0.288086
vn -0.715360 0.585579 0.381257
v -0.075229 0.013365 0.165637
vt 0.924805 0.287598
vn -0.453800 0.744209 0.490121
v -0.069811 0.010909 0.170008
vt 0.927246 0.296875
vn -0.706484 0.531834 0.466939
v -0.293931 0.056061 0.193542
vt 0.090881 0.463867
vn 0.801107 0.537217 -0.263866
v -0.286200 0.059707 0.197362
vt 0.946777 0.006836
vn -0.432475 0.269143 0.860539
v -0.260835 0.059045 0.184589
vt 0.943848 0.050781
vn -0.533711 0.349928 0.769872
v -0.243257 0.058986 0.148955
vt 0.924316 0.083984
vn -0.276901 0.326812 0.903615
v -0.260835 0.059045 0.184589
vt 0.943848 0.050781
vn -0.331125 0.431178 0.839310
v -0.041853 0.006484 0.169018
vt 0.228271 0.460938
vn 0.790467 0.218073 -0.572369
v -0.044684 0.006489 0.168556
vt 0.224731 0.460938
vn 0.760208 0.122077 -0.638108
v -0.037679 0.019331 0.169018
vt 0.233276 0.476562
vn 0.790467 0.218073 -0.572369
v -0.039972 0.020991 0.168556
vt 0.230347 0.478516
vn 0.760208 0.122077 -0.638108
v -0.076639 0.012634 0.169416
vt 0.366211 0.408691
vn 0.433157 0.000000 -0.901318
v -0.083738 0.010921 0.173725
vt 0.356201 0.406250
vn 0.433144 0.007824 -0.901291
v -0.090156 0.003968 0.176040
vt 0.347900 0.397949
vn 0.451345 0.055927 -0.890595
v 0.033085 -0.260675 0.178880
vt 0.416504 0.958740
vn -0.848994 0.132939 -0.511406
v 0.031443 -0.250301 0.143840
vt 0.419922 0.914246
vn -0.846083 0.134097 -0.515909
v 0.065337 -0.254570 0.178765
vt 0.375244 0.954895
vn -0.917503 0.234985 -0.320890
v 0.062702 -0.244296 0.143963
vt 0.382080 0.911194
vn -0.917503 0.234985 -0.320890
v 0.000007 -0.262941 0.178804
vt 0.458008 0.960114
vn -0.707118 0.000000 -0.707096
v -0.000023 -0.252233 0.143852
vt 0.458008 0.915100
vn -0.707118 0.000000 -0.707096
v 0.090076 -0.157473 0.177349
vt 0.842285 0.154785
vn 0.997561 0.007311 -0.069423
v 0.091653 -0.153861 0.153991
vt 0.873535 0.160645
vn 0.997777 0.014466 -0.065047
v 0.136770 -0.229832 0.184589
vt 0.864746 0.041504
vn 0.992443 0.112779 0.048354
v 0.131283 -0.213133 0.148955
vt 0.885254 0.079590
vn 0.988364 0.127517 0.082920
v 0.074362 -0.289575 0.193542
vt 0.554199 0.029785
vn 0.633267 0.000000 -0.773933
v 0.072194 -0.281023 0.197633
vt 0.551270 0.040527
vn 0.633267 0.000000 -0.773933
v 0.110034 -0.277931 0.193542
vt 0.599121 0.044434
vn 0.603861 0.000000 -0.797089
v 0.106862 -0.269859 0.197619
vt 0.595215 0.054688
vn 0.801724 0.009718 -0.597616
v 0.037424 -0.296529 0.193542
vt 0.507812 0.021484
vn 0.668990 0.000000 -0.743272
v 0.036418 -0.287787 0.197644
vt 0.506348 0.032227
vn 0.668990 0.000000 -0.743272
v 0.000000 -0.299050 0.193542
vt 0.460693 0.018066
vn 0.707118 0.000000 -0.707096
v 0.000008 -0.290255 0.197642
vt 0.460693 0.029297
vn 0.707118 0.000000 -0.707096
v 0.000000 -0.288894 0.194763
vt 0.957031 0.845947
vn -0.000015 0.000015 1.000000
v 0.000006 -0.283360 0.194787
vt 0.950684 0.845947
vn -0.000015 0.000015 1.000000
v 0.036282 -0.286254 0.194745
vt 0.957031 0.889282
vn 0.143999 0.071972 0.986957
v 0.035492 -0.280955 0.194784
vt 0.950684 0.889282
vn 0.161745 0.080882 0.983512
v 0.071809 -0.279463 0.194726
vt 0.957031 0.931885
vn 0.274428 0.137203 0.951769
v 0.070512 -0.274468 0.194777
vt 0.950684 0.931885
vn 0.286008 0.142973 0.947501
v 0.106294 -0.268435 0.194712
vt 0.957031 0.973053
vn 0.438189 0.219059 0.871782
v 0.104214 -0.263386 0.194676
vt 0.950684 0.973053
vn 0.489122 0.244573 0.837224
v 0.056401 -0.140361 0.198671
vt 0.846191 0.833984
vn -0.938512 0.339951 -0.060240
v 0.071887 -0.170431 0.200423
vt 0.846191 0.874023
vn -0.928016 0.372540 -0.000020
v 0.051881 -0.142403 0.197430
vt 0.852539 0.833984
vn -0.936381 0.348054 -0.045267
v 0.067601 -0.172607 0.199299
vt 0.852539 0.874023
vn -0.928485 0.371354 -0.003401
v 0.057491 -0.174454 0.155240
vt 0.297363 0.849854
vn 0.901301 0.062268 0.428694
v 0.041900 -0.149279 0.151108
vt 0.283203 0.816406
vn 0.905704 0.058873 0.419803
v 0.063097 -0.173739 0.183501
vt 0.269043 0.870483
vn 0.901301 0.062268 0.428694
v 0.046636 -0.146362 0.179208
vt 0.252686 0.834229
vn 0.905704 0.058873 0.419803
v 0.031961 -0.063033 0.170008
vt 0.501953 0.319824
vn 0.931147 0.145138 -0.334515
v 0.035712 -0.068993 0.169416
vt 0.507324 0.313477
vn 0.934033 0.224205 -0.278053
v 0.019771 -0.076664 0.169027
vt 0.487793 0.302246
vn 0.823593 0.333609 -0.458694
v 0.028001 -0.079528 0.173176
vt 0.499268 0.298828
vn 0.829786 0.394685 -0.394561
v 0.088665 -0.236093 0.144373
vt 0.350586 0.906677
vn -0.948342 0.290640 -0.127184
v 0.096969 -0.244504 0.178874
vt 0.332520 0.948944
vn -0.949612 0.307599 -0.060165
v 0.033085 -0.260675 0.178880
vt 0.416504 0.958740
vn -0.815032 0.095237 -0.571536
v 0.035492 -0.280955 0.194784
vt 0.415039 0.990143
vn -0.815032 0.095237 -0.571536
v 0.000006 -0.283360 0.194787
vt 0.458008 0.991760
vn -0.707118 0.000000 -0.707096
v 0.065337 -0.254570 0.178765
vt 0.375244 0.954895
vn -0.887596 0.196129 -0.416780
v 0.070512 -0.274468 0.194777
vt 0.372559 0.986076
vn -0.887596 0.196129 -0.416780
v 0.096969 -0.244504 0.178874
vt 0.332520 0.948944
vn -0.921214 0.354630 -0.160006
v 0.104214 -0.263386 0.194676
vt 0.332520 0.980850
vn -0.916629 0.337434 -0.214313
v 0.112839 -0.257936 0.194540
vt 0.322510 0.979462
vn -0.910975 0.134551 0.389898
v 0.112839 -0.257936 0.194540
vt 0.950684 0.984329
vn 0.683074 0.332171 0.650439
v 0.116349 -0.263258 0.194832
vt 0.957031 0.984329
vn 0.618135 0.323120 0.716591
v 0.032778 -0.087138 0.180494
vt 0.508789 0.270508
vn 0.867241 0.435882 -0.240625
v 0.032698 -0.084400 0.179475
vt 0.508301 0.274414
vn 0.790467 0.218073 -0.572369
v 0.039066 -0.078844 0.178482
vt 0.517578 0.282227
vn 0.857173 0.366676 -0.361667
v 0.036374 -0.077971 0.177721
vt 0.513672 0.283691
vn 0.790467 0.218073 -0.572369
v 0.056961 -0.139326 0.201202
vt 0.532227 0.218750
vn 0.818718 0.226254 -0.527741
v 0.068020 -0.132978 0.201257
vt 0.546387 0.226562
vn 0.830475 0.244911 -0.500329
v 0.073119 -0.169922 0.203524
vt 0.552734 0.180176
vn 0.701528 0.000000 -0.712642
v 0.084800 -0.163018 0.203470
vt 0.567383 0.188965
vn 0.701528 0.000000 -0.712642
v 0.076227 -0.127914 0.150187
vt 0.875488 0.195312
vn 0.049261 0.075773 -0.995908
v 0.073206 -0.129263 0.173213
vt 0.846680 0.196289
vn 0.052828 0.075468 -0.995748
v 0.136770 -0.229832 0.184589
vt 0.864746 0.041504
vn 0.982667 0.020474 -0.184246
v 0.145238 -0.253751 0.197362
vt 0.859375 0.005371
vn 0.421505 0.210776 -0.881990
v 0.138145 -0.250810 0.198070
vt 0.851562 0.012207
vn 0.978913 0.027032 -0.202483
v 0.090076 -0.157473 0.177349
vt 0.842285 0.154785
vn 0.160758 0.055946 -0.985407
v 0.084800 -0.163018 0.203470
vt 0.810059 0.145508
vn 0.171707 0.035047 -0.984524
v 0.047936 -0.083229 0.161070
vt 0.869141 0.263184
vn 0.052813 0.256405 -0.965126
v 0.073206 -0.129263 0.173213
vt 0.846680 0.196289
vn 0.091093 0.131177 -0.987165
v 0.039066 -0.078844 0.178482
vt 0.849609 0.277832
vn 0.059882 0.224491 -0.972634
v 0.068020 -0.132978 0.201257
vt 0.810547 0.195801
vn 0.104516 0.086483 -0.990756
v 0.047936 -0.083229 0.161070
vt 0.869141 0.263184
vn 0.023256 0.178165 -0.983726
v 0.058236 -0.093295 0.134024
vt 0.892578 0.239746
vn 0.030640 0.153165 -0.987725
v 0.047936 -0.083229 0.161070
vt 0.634277 0.133789
vn 0.446787 0.127647 -0.885487
v 0.040787 -0.074866 0.164224
vt 0.626465 0.144043
vn 0.603861 0.000000 -0.797089
v 0.048853 -0.079320 0.160470
vt 0.637207 0.138184
vn 0.543840 0.044576 -0.838004
v 0.040787 -0.074866 0.164224
vt 0.871582 0.277344
vn 0.030779 0.323025 -0.945890
v 0.038843 -0.075533 0.172325
vt 0.860352 0.280273
vn 0.042010 0.282556 -0.958330
v 0.019771 -0.076664 0.140423
vt 0.900391 0.427246
vn -0.051143 0.669499 0.741050
v 0.019771 -0.076664 0.169027
vt 0.911621 0.426270
vn 0.049919 0.798989 0.599270
v 0.008294 -0.088220 0.138385
vt 0.895996 0.421875
vn 0.509911 0.848615 0.140868
v 0.008294 -0.088220 0.166989
vt 0.903809 0.411621
vn 0.514929 0.849612 0.114050
v 0.019715 -0.060377 0.142116
vt 0.898926 0.434570
vn 0.206267 0.519619 0.829126
v 0.019715 -0.060377 0.169804
vt 0.907227 0.441895
vn 0.133516 0.600999 0.788019
v 0.008159 -0.048900 0.142239
vt 0.892090 0.439453
vn 0.875472 0.482503 -0.027203
v 0.008159 -0.048900 0.170844
vt 0.893066 0.449219
vn 0.860752 0.508970 -0.007460
v -0.008159 -0.048900 0.142239
vt 0.883789 0.436523
vn 0.300337 0.243124 -0.922328
v -0.008159 -0.048900 0.170844
vt 0.877930 0.445801
vn 0.244468 0.195566 -0.949731
v 0.120410 -0.259496 0.198104
vt 0.612305 0.067871
vn 0.690488 0.000000 -0.723344
v 0.138145 -0.250810 0.198070
vt 0.634277 0.078613
vn 0.690488 0.000000 -0.723344
v 0.119139 -0.258654 0.195367
vt 0.954102 0.989883
vn 0.692156 0.332041 0.640834
v 0.018108 -0.104672 0.164625
vt 0.237427 0.771362
vn 0.924039 0.072188 0.375422
v 0.016297 -0.110249 0.135065
vt 0.271484 0.756958
vn 0.931883 0.075255 0.354867
v 0.036276 -0.076274 0.173725
vt 0.857422 0.282715
vn 0.064098 0.459828 -0.885692
v 0.038843 -0.075533 0.172325
vt 0.860352 0.280273
vn 0.085287 0.392959 -0.915592
v 0.036374 -0.077971 0.177721
vt 0.851562 0.281738
vn 0.060304 0.482215 -0.873975
v 0.039066 -0.078844 0.178482
vt 0.849609 0.277832
vn 0.092000 0.390061 -0.916181
v 0.031646 -0.084526 0.176040
vt 0.019104 0.756226
vn 0.389513 0.886321 0.250430
v 0.036276 -0.076274 0.173725
vt 0.019104 0.766113
vn 0.544611 0.750995 0.373371
v 0.032698 -0.084400 0.179475
vt 0.022797 0.755737
vn 0.382627 0.863201 0.329364
v 0.036374 -0.077971 0.177721
vt 0.022797 0.763794
vn 0.507052 0.788750 0.347522
v 0.026105 -0.085663 0.174896
vt 0.852539 0.758179
vn -0.481623 0.190943 -0.855325
v 0.031642 -0.087149 0.177022
vt 0.846191 0.758179
vn -0.469234 0.246908 -0.847854
v 0.032778 -0.087138 0.180494
vt 0.022797 0.751953
vn 0.180851 0.916111 0.357818
v 0.031642 -0.087149 0.177022
vt 0.019104 0.753784
vn 0.133622 0.931672 0.337834
v 0.056401 -0.140361 0.198671
vt 0.019104 0.679688
vn 0.207039 0.911856 0.354477
v 0.056961 -0.139326 0.201202
vt 0.022797 0.679932
vn 0.205529 0.913201 0.351884
v 0.073119 -0.169922 0.203524
vt 0.022797 0.640381
vn 0.348393 0.866532 0.357414
v 0.071887 -0.170431 0.200423
vt 0.019104 0.640381
vn 0.351084 0.864281 0.360219
v 0.085204 -0.220516 0.156996
vt 0.329346 0.905518
vn 0.890109 0.079585 0.448745
v 0.099048 -0.237316 0.178478
vt 0.323975 0.942841
vn 0.822414 0.041878 0.567347
v 0.089357 -0.228361 0.153948
vt 0.337402 0.911072
vn -0.643521 0.019593 0.765177
v 0.099048 -0.237316 0.178478
vt 0.323975 0.942841
vn 0.910962 0.062445 0.407736
v 0.119139 -0.258654 0.195367
vt 0.019104 0.526855
vn 0.449575 0.820991 0.351931
v 0.120410 -0.259496 0.198104
vt 0.022797 0.525391
vn 0.480363 0.797447 0.365143
v 0.112839 -0.257936 0.194540
vt 0.852539 0.989883
vn -0.612240 0.137100 -0.778695
v 0.119139 -0.258654 0.195367
vt 0.846191 0.989883
vn -0.609735 0.107285 -0.785311
v 0.031642 -0.087149 0.177022
vt 0.504883 0.289062
vn 0.824466 0.444354 -0.350437
v 0.026105 -0.085663 0.174896
vt 0.498047 0.290527
vn 0.825151 0.434831 -0.360620
v 0.031646 -0.084526 0.176040
vt 0.504395 0.292480
vn 0.826235 0.377456 -0.418166
v 0.028001 -0.079528 0.173176
vt 0.499268 0.298828
vn 0.817962 0.354290 -0.453230
v 0.016297 -0.110249 0.135065
vt 0.487793 0.234863
vn 0.689896 0.415679 0.592668
v 0.008566 -0.106438 0.131877
vt 0.477295 0.231445
vn 0.850488 0.171201 -0.497354
v 0.018108 -0.104672 0.164625
vt 0.488525 0.270020
vn 0.624414 0.457914 0.632789
v 0.009590 -0.101086 0.163388
vt 0.477051 0.270996
vn 0.868955 0.267411 -0.416423
v -0.008566 -0.106438 0.131877
vt 0.456787 0.230469
vn 0.636183 0.142547 -0.758255
v -0.009590 -0.101086 0.163388
vt 0.452881 0.269531
vn 0.595969 0.153803 -0.788141
v 0.008294 -0.088220 0.166989
vt 0.474365 0.287109
vn 0.837805 0.202792 -0.506910
v 0.009590 -0.101086 0.163388
vt 0.477051 0.270996
vn 0.893066 0.297720 -0.337336
v -0.008294 -0.088220 0.166989
vt 0.454102 0.286621
vn 0.658408 0.020929 -0.752370
v -0.009590 -0.101086 0.163388
vt 0.452881 0.269531
vn 0.660240 0.158473 -0.734145
v 0.116882 -0.264829 0.197716
vt 0.022797 0.519531
vn 0.294465 0.614242 0.732118
v 0.116349 -0.263258 0.194832
vt 0.019104 0.520020
vn 0.350259 0.649336 0.675042
v 0.106862 -0.269859 0.197619
vt 0.022797 0.507812
vn 0.171437 0.538859 0.824767
v 0.106294 -0.268435 0.194712
vt 0.019104 0.507568
vn 0.163336 0.534890 0.828983
v 0.072194 -0.281023 0.197633
vt 0.022797 0.468750
vn 0.112637 0.502877 0.856987
v 0.071809 -0.279463 0.194726
vt 0.019104 0.468750
vn 0.120717 0.507119 0.853380
v 0.036418 -0.287787 0.197644
vt 0.022797 0.429688
vn 0.055672 0.473329 0.879125
v 0.036282 -0.286254 0.194745
vt 0.019104 0.429688
vn 0.055672 0.473329 0.879125
v 0.000008 -0.290255 0.197642
vt 0.022797 0.389648
vn -0.000020 0.445601 0.895232
v 0.000000 -0.288894 0.194763
vt 0.019104 0.389648
vn -0.000020 0.445601 0.895232
v 0.036276 -0.076274 0.173725
vt 0.857422 0.282715
vn 0.164364 0.840758 -0.515859
v 0.035712 -0.068993 0.169416
vt 0.870117 0.288086
vn 0.165431 0.838498 -0.519186
v 0.038843 -0.075533 0.172325
vt 0.860352 0.280273
vn 0.176685 0.669804 -0.721211
v 0.063097 -0.173739 0.183501
vt 0.269043 0.870483
vn 0.923557 0.088764 0.373046
v 0.051881 -0.142403 0.197430
vt 0.231812 0.846558
vn -0.799651 0.030747 0.599678
v 0.048029 -0.145372 0.180327
vt 0.250488 0.835205
vn -0.799428 0.038404 0.599533
v 0.026105 -0.085663 0.174896
vt 0.209351 0.768188
vn -0.799740 0.085919 0.594166
v 0.018163 -0.084981 0.169172
vt 0.216309 0.758423
vn -0.801285 0.100146 0.589842
v 0.067601 -0.172607 0.199299
vt 0.252686 0.882751
vn 0.859536 0.038028 0.509658
v 0.063926 -0.172708 0.185282
vt 0.266357 0.871460
vn 0.852579 0.034232 0.521476
v 0.112839 -0.257936 0.194540
vt 0.322510 0.979462
vn 0.862998 0.041619 0.503489
v 0.019715 -0.060377 0.169804
vt 0.487061 0.322266
vn 0.759690 0.055871 -0.647881
v 0.008159 -0.048900 0.170844
vt 0.472412 0.335938
vn 0.749760 0.044796 -0.660191
v 0.018929 -0.040372 0.171140
vt 0.485352 0.346680
vn 0.754625 0.044408 -0.654652
v 0.018163 -0.084981 0.169172
vt 0.486084 0.292480
vn 0.602866 0.771337 0.203941
v 0.026105 -0.085663 0.174896
vt 0.498047 0.290527
vn 0.582448 0.751985 0.308662
v 0.018163 -0.084981 0.169172
vt 0.486084 0.292480
vn 0.819405 0.562556 -0.110030
v 0.019771 -0.076664 0.169027
vt 0.487793 0.302246
vn 0.850060 0.400631 -0.341895
v 0.059349 -0.089759 0.133291
vt 0.663086 0.109863
vn 0.334079 0.254188 -0.907623
v 0.058236 -0.093295 0.134024
vt 0.659668 0.106445
vn 0.195659 0.405590 -0.892868
v 0.048853 -0.079320 0.160470
vt 0.637207 0.138184
vn 0.331398 0.230532 -0.914894
v 0.047936 -0.083229 0.161070
vt 0.634277 0.133789
vn 0.198678 0.368896 -0.907988
v 0.063926 -0.172708 0.185282
vt 0.266357 0.871460
vn -0.811393 0.103240 0.575311
v 0.112839 -0.257936 0.194540
vt 0.322510 0.979462
vn -0.806412 0.078354 0.586141
v 0.063097 -0.173739 0.183501
vt 0.269043 0.870483
vn -0.813395 0.099812 0.573085
v 0.046636 -0.146362 0.179208
vt 0.252686 0.834229
vn -0.828000 0.179500 0.531221
v 0.048029 -0.145372 0.180327
vt 0.250488 0.835205
vn -0.828000 0.179500 0.531221
v 0.018163 -0.084981 0.169172
vt 0.216309 0.758423
vn -0.818188 0.231037 0.526488
v 0.018108 -0.104672 0.164625
vt 0.237427 0.771362
vn -0.838490 0.200501 0.506689
v 0.019113 -0.037810 0.169018
vt 0.895020 0.326172
vn 0.365457 0.469324 -0.803851
v 0.019992 -0.040501 0.168556
vt 0.894043 0.322266
vn -0.003966 0.576364 -0.817184
v 0.018024 -0.037063 0.171434
vt 0.894043 0.329102
vn 0.396295 0.496347 -0.772392
v 0.018929 -0.040372 0.171140
vt 0.891602 0.324707
vn 0.003950 0.558376 -0.829579
v 0.035971 -0.067426 0.165637
vt 0.875977 0.287598
vn 0.000000 0.497004 -0.867748
v 0.035712 -0.068993 0.169416
vt 0.870117 0.288086
vn 0.110132 0.827600 -0.550409
v 0.031961 -0.063033 0.170008
vt 0.875000 0.296387
vn 0.108391 0.905549 -0.410161
v 0.144159 -0.262230 0.193542
vt 0.642090 0.064453
vn 0.566348 0.000000 -0.824166
v 0.145238 -0.253751 0.197362
vt 0.643555 0.074707
vn 0.562065 0.000000 -0.827093
v 0.175891 -0.242107 0.193542
vt 0.682129 0.089355
vn 0.514505 0.000000 -0.857487
v 0.172222 -0.237056 0.197169
vt 0.677246 0.095703
vn 0.514505 0.000000 -0.857487
v 0.145238 -0.253751 0.197362
vt 0.859375 0.005371
vn 0.512244 0.666909 -0.541145
v 0.136770 -0.229832 0.184589
vt 0.864746 0.041504
vn 0.476803 0.691866 -0.542199
v 0.172222 -0.237056 0.197169
vt 0.903320 0.003906
vn 0.490160 0.720807 -0.490082
v 0.158525 -0.218204 0.184711
vt 0.902344 0.035156
vn 0.499459 0.707962 -0.499329
v 0.131283 -0.213133 0.148955
vt 0.885254 0.079590
vn 0.520017 0.552795 -0.651153
v 0.148291 -0.204118 0.144032
vt 0.902832 0.082031
vn 0.525746 0.731450 -0.434250
v 0.136770 -0.229832 0.184589
vt 0.864746 0.041504
vn 0.464559 0.552182 -0.692301
v 0.158525 -0.218204 0.184711
vt 0.902344 0.035156
vn 0.542689 0.738398 -0.400321
v 0.019992 -0.040501 0.168556
vt 0.599121 0.185547
vn 0.781237 0.042240 -0.622804
v 0.032328 -0.031538 0.168556
vt 0.614258 0.196777
vn 0.772178 0.031741 -0.634613
v 0.035971 -0.067426 0.165637
vt 0.620117 0.152832
vn 0.785291 0.041890 -0.617707
v 0.052998 -0.055055 0.165637
vt 0.640625 0.168945
vn 0.776410 0.031495 -0.629440
v 0.036276 -0.076274 0.173725
vt 0.509277 0.303223
vn 0.811628 0.299052 -0.501824
v 0.035712 -0.068993 0.169416
vt 0.507324 0.313477
vn 0.816495 0.305534 -0.489882
v 0.018108 -0.104672 0.164625
vt 0.488525 0.270020
vn 0.767057 0.615130 0.182316
v 0.116882 -0.264829 0.197716
vt 0.607422 0.061035
vn 0.593854 0.000000 -0.804573
v 0.212951 -0.135134 0.143963
vt 0.533691 0.911072
vn -0.561484 0.343102 0.753005
v 0.228321 -0.107260 0.143840
vt 0.495850 0.914185
vn -0.474528 0.264617 0.839524
v 0.221907 -0.140814 0.178765
vt 0.540527 0.954742
vn -0.561484 0.343102 0.753005
v 0.237681 -0.112028 0.178880
vt 0.499268 0.958649
vn -0.472173 0.267798 0.839844
v 0.239868 -0.077975 0.143852
vt 0.458008 0.915100
vn -0.356006 0.177992 0.917376
v 0.250061 -0.081256 0.178804
vt 0.458008 0.960114
vn -0.356006 0.177992 0.917376
v 0.215736 -0.193008 0.197716
vt 0.731934 0.151367
vn 0.514511 0.008595 -0.857441
v 0.223617 -0.185032 0.197619
vt 0.742188 0.161133
vn 0.498435 0.000000 -0.866927
v 0.230313 -0.190543 0.193542
vt 0.750488 0.154297
vn 0.498435 0.000000 -0.866927
v 0.162120 -0.190728 0.148955
vt 0.924316 0.083984
vn -0.122146 0.899615 0.419254
v 0.117995 -0.134722 0.153991
vt 0.933594 0.160156
vn 0.068536 0.813103 0.578071
v 0.176306 -0.201107 0.184589
vt 0.943848 0.050781
vn -0.077607 0.874769 0.478284
v 0.121918 -0.134338 0.177349
vt 0.964355 0.155762
vn 0.078817 0.813157 0.576684
v 0.244947 -0.155511 0.197633
vt 0.769043 0.198242
vn 0.489901 0.000000 -0.871778
v 0.252411 -0.160215 0.193542
vt 0.778320 0.192383
vn 0.489901 0.000000 -0.871778
v 0.262435 -0.123576 0.197644
vt 0.791016 0.238281
vn 0.478014 0.000000 -0.878352
v 0.270439 -0.127234 0.193542
vt 0.800781 0.233887
vn 0.478014 0.000000 -0.878352
v 0.276039 -0.089695 0.197642
vt 0.808105 0.280762
vn 0.469780 0.000000 -0.882783
v 0.284401 -0.092421 0.193542
vt 0.818359 0.277344
vn 0.469780 0.000000 -0.882783
v 0.256224 -0.120584 0.194784
vt 0.939453 0.889099
vn -0.575680 0.580702 -0.575654
v 0.269481 -0.087567 0.194787
vt 0.939453 0.845703
vn -0.642537 0.417603 -0.642459
v 0.261019 -0.122972 0.194745
vt 0.932617 0.889099
vn -0.584113 0.563554 -0.584139
v 0.274742 -0.089282 0.194763
vt 0.932617 0.845703
vn -0.642537 0.417603 -0.642459
v 0.239233 -0.151885 0.194777
vt 0.939453 0.931763
vn -0.520243 0.677249 -0.520269
v 0.243582 -0.154663 0.194726
vt 0.932617 0.931763
vn -0.529429 0.662942 -0.529351
v 0.218278 -0.180513 0.194676
vt 0.939453 0.973007
vn -0.435598 0.787710 -0.435623
v 0.222437 -0.184051 0.194712
vt 0.932617 0.973007
vn -0.456988 0.763148 -0.456911
v 0.143256 -0.117640 0.199299
vt 0.880859 0.869873
vn -0.726585 0.477316 0.494210
v 0.139862 -0.121044 0.200423
vt 0.886719 0.869873
vn -0.730583 0.478592 0.487030
v 0.119388 -0.093356 0.197430
vt 0.880859 0.828491
vn -0.701468 0.469009 0.536631
v 0.116050 -0.097023 0.198671
vt 0.886719 0.828491
vn -0.689013 0.463560 0.557112
v 0.124774 -0.089591 0.179208
vt 0.662598 0.833984
vn -0.430151 0.882827 0.188645
v 0.129012 -0.085988 0.151108
vt 0.632324 0.816162
vn -0.430151 0.882827 0.188645
v 0.145725 -0.113706 0.183501
vt 0.646484 0.870239
vn -0.431109 0.884491 0.178384
v 0.148137 -0.108596 0.155240
vt 0.618164 0.849609
vn -0.431109 0.884491 0.178384
v 0.066970 -0.051215 0.173176
vt 0.544922 0.334473
vn 0.781886 0.187215 -0.594647
v 0.054568 -0.055293 0.169416
vt 0.528809 0.330078
vn 0.803277 0.562322 -0.196315
v 0.066789 -0.042503 0.169027
vt 0.543945 0.346680
vn 0.760208 0.122077 -0.638108
v 0.050059 -0.049884 0.170008
vt 0.523926 0.336914
vn 0.846859 0.477485 -0.234176
v 0.202560 -0.167788 0.178874
vt 0.583008 0.948730
vn -0.642560 0.490136 0.588968
v 0.197126 -0.157292 0.144373
vt 0.565430 0.906494
vn -0.621209 0.449059 0.642219
v 0.269481 -0.087567 0.194787
vt 0.458008 0.991753
vn -0.356006 0.177992 0.917376
v 0.256224 -0.120584 0.194784
vt 0.500977 0.990067
vn -0.427283 0.236322 0.872686
v 0.237681 -0.112028 0.178880
vt 0.499268 0.958649
vn -0.427283 0.236322 0.872686
v 0.239233 -0.151885 0.194777
vt 0.542969 0.985916
vn -0.529001 0.300952 0.793464
v 0.221907 -0.140814 0.178765
vt 0.540527 0.954742
vn -0.521186 0.297154 0.800041
v 0.218278 -0.180513 0.194676
vt 0.583496 0.980637
vn -0.683801 0.355908 0.636981
v 0.202560 -0.167788 0.178874
vt 0.583008 0.948730
vn -0.703177 0.379326 0.601376
v 0.210430 -0.187032 0.194540
vt 0.593262 0.979218
vn -0.684178 0.716364 0.136836
v 0.214406 -0.192015 0.194832
vt 0.932617 0.984314
vn -0.361956 0.847424 -0.388409
v 0.210430 -0.187032 0.194540
vt 0.939453 0.984314
vn -0.341622 0.882094 -0.324354
v 0.062902 -0.058697 0.177721
vt 0.551758 0.311035
vn 0.815575 0.374037 -0.441513
v 0.070152 -0.057188 0.179475
vt 0.562012 0.312988
vn 0.815575 0.374037 -0.441513
v 0.062901 -0.061527 0.178482
vt 0.551758 0.307129
vn 0.832938 0.383686 -0.398747
v 0.072732 -0.058110 0.180494
vt 0.565918 0.312012
vn 0.841039 0.410755 -0.352044
v 0.196437 -0.216552 0.197362
vt 0.708008 0.121582
vn 0.514505 0.000000 -0.857487
v 0.209573 -0.194715 0.198104
vt 0.724121 0.148926
vn 0.679649 0.000000 -0.733537
v 0.195833 -0.208898 0.198070
vt 0.707031 0.131348
vn 0.679649 0.000000 -0.733537
v 0.128822 -0.131034 0.203470
vt 0.622559 0.229004
vn 0.695984 0.000000 -0.718057
v 0.105438 -0.105793 0.201257
vt 0.593262 0.260742
vn 0.820186 0.276955 -0.500591
v 0.138998 -0.122058 0.203524
vt 0.635254 0.240234
vn 0.695984 0.000000 -0.718057
v 0.114892 -0.097236 0.201202
vt 0.604980 0.271484
vn 0.818151 0.265664 -0.509952
v 0.100301 -0.109577 0.173213
vt 0.958008 0.197754
vn 0.212493 0.802240 0.557904
v 0.098086 -0.112033 0.150187
vt 0.929688 0.194336
vn 0.214308 0.798411 0.562683
v 0.195833 -0.208898 0.198070
vt 0.954590 0.013672
vn -0.000020 0.935580 0.353116
v 0.196437 -0.216552 0.197362
vt 0.947266 0.006836
vn 0.290973 0.956605 0.015515
v 0.176306 -0.201107 0.184589
vt 0.943848 0.050781
vn -0.142029 0.963588 0.226551
v 0.128822 -0.131034 0.203470
vt 0.997070 0.148438
vn 0.194833 0.905257 0.377557
v 0.121918 -0.134338 0.177349
vt 0.964355 0.155762
vn 0.198155 0.900053 0.388122
v 0.105438 -0.105793 0.201257
vt 0.994141 0.199219
vn 0.224764 0.857008 0.463701
v 0.100301 -0.109577 0.173213
vt 0.958008 0.197754
vn 0.278562 0.850160 0.446801
v 0.062901 -0.061527 0.178482
vt 0.948730 0.278809
vn 0.375745 0.822681 0.426628
v 0.064329 -0.071319 0.161070
vt 0.929688 0.263184
vn 0.400483 0.816439 0.415981
v 0.070720 -0.084225 0.134024
vt 0.910645 0.237305
vn 0.289603 0.780940 0.553410
v 0.064329 -0.071319 0.161070
vt 0.929688 0.263184
vn 0.306292 0.775989 0.551386
v 0.060329 -0.070983 0.160470
vt 0.650879 0.148926
vn 0.923980 0.149197 -0.352137
v 0.058585 -0.061934 0.164224
vt 0.647461 0.160645
vn 0.841528 0.057095 -0.537189
v 0.064329 -0.071319 0.161070
vt 0.655762 0.150391
vn 0.908966 0.404938 -0.099025
v 0.059821 -0.060292 0.172325
vt 0.938965 0.280273
vn 0.422728 0.796336 0.432608
v 0.058585 -0.061934 0.164224
vt 0.928223 0.276855
vn 0.442042 0.783194 0.437272
v 0.062901 -0.061527 0.178482
vt 0.948730 0.278809
vn 0.533177 0.804439 0.261915
v 0.059821 -0.060292 0.172325
vt 0.938965 0.280273
vn 0.531792 0.802451 0.270684
v 0.062902 -0.058697 0.177721
vt 0.947266 0.282227
vn 0.566176 0.777371 0.274115
v 0.061319 -0.058080 0.173725
vt 0.941406 0.283203
vn 0.543258 0.782645 0.303871
v 0.081326 -0.035159 0.166989
vt 0.905273 0.618896
vn 0.387601 0.917377 0.090475
v 0.066789 -0.042503 0.169027
vt 0.888672 0.616699
vn 0.443566 0.047546 -0.894980
v 0.081326 -0.035159 0.138385
vt 0.900391 0.628418
vn 0.407830 0.913037 0.006135
v 0.066789 -0.042503 0.140423
vt 0.893066 0.626709
vn 0.461227 0.097142 -0.881949
v 0.051317 -0.037417 0.169804
vt 0.876465 0.626953
vn 0.993387 0.090603 0.070520
v 0.051317 -0.037417 0.142116
vt 0.886230 0.631348
vn 0.997432 0.060115 0.038934
v 0.043973 -0.022880 0.170844
vt 0.874512 0.642578
vn 0.000000 0.063390 -0.997989
v 0.043973 -0.022880 0.142239
vt 0.885254 0.639160
vn -0.007875 0.313837 -0.949444
v 0.086452 -0.019382 0.138385
vt 0.904297 0.634766
vn -0.000021 0.777944 0.628334
v 0.086452 -0.019382 0.166989
vt 0.916016 0.632080
vn -0.010235 0.770258 0.637651
v 0.209166 -0.193246 0.195367
vt 0.935059 0.989883
vn -0.343293 0.883926 -0.317530
v 0.099804 -0.049578 0.135065
vt 0.644043 0.756714
vn -0.384430 0.896912 0.218546
v 0.093941 -0.049576 0.164625
vt 0.678223 0.770996
vn -0.394121 0.894230 0.212184
v 0.062902 -0.058697 0.177721
vt 0.067383 0.010742
vn -0.073541 0.502243 0.861593
v 0.061319 -0.058080 0.173725
vt 0.063477 0.008301
vn -0.000020 0.417840 0.908521
v 0.070152 -0.057188 0.179475
vt 0.067383 0.019043
vn -0.257142 0.651605 0.713644
v 0.070597 -0.056227 0.176040
vt 0.063477 0.018555
vn -0.392352 0.684338 0.614606
v 0.073093 -0.057033 0.177022
vt 0.886719 0.750000
vn -0.042993 0.186254 0.981560
v 0.073391 -0.051308 0.174896
vt 0.880859 0.750000
vn -0.095081 0.212053 0.972622
v 0.073093 -0.057033 0.177022
vt 0.063477 0.020996
vn -0.585087 0.787548 0.193499
v 0.072732 -0.058110 0.180494
vt 0.067383 0.022949
vn -0.501112 0.789434 0.354516
v 0.114892 -0.097236 0.201202
vt 0.067383 0.099609
vn -0.480769 0.782379 0.395911
v 0.116050 -0.097023 0.198671
vt 0.063477 0.099609
vn -0.472517 0.779593 0.411051
v 0.139862 -0.121044 0.200423
vt 0.063477 0.140625
vn -0.262076 0.668680 0.695833
v 0.138998 -0.122058 0.203524
vt 0.067383 0.140625
vn -0.263757 0.672891 0.691122
v 0.189559 -0.155561 0.153948
vt 0.578613 0.910828
vn -0.647171 0.758707 -0.074380
v 0.195081 -0.167544 0.178478
vt 0.591797 0.942627
vn -0.514755 0.853153 0.084599
v 0.183381 -0.149186 0.156996
vt 0.586426 0.905334
vn -0.438701 0.887973 0.138009
v 0.195081 -0.167544 0.178478
vt 0.591797 0.942627
vn -0.422228 0.885871 0.192238
v 0.209573 -0.194715 0.198104
vt 0.067383 0.259766
vn -0.083125 0.523634 0.847878
v 0.209166 -0.193246 0.195367
vt 0.063477 0.258789
vn -0.137318 0.574929 0.806598
v 0.209166 -0.193246 0.195367
vt 0.886719 0.989883
vn -0.228612 0.187758 0.955240
v 0.210430 -0.187032 0.194540
vt 0.880859 0.989883
vn -0.194187 0.165841 0.966844
v 0.066970 -0.051215 0.173176
vt 0.544922 0.334473
vn 0.787767 0.475670 -0.391358
v 0.073391 -0.051308 0.174896
vt 0.552734 0.333984
vn 0.767209 0.219216 -0.602772
v 0.070597 -0.056227 0.176040
vt 0.549805 0.327637
vn 0.781651 0.450959 -0.430880
v 0.073093 -0.057033 0.177022
vt 0.552734 0.326172
vn 0.765604 0.196868 -0.612449
v 0.093163 -0.040367 0.163388
vt 0.577637 0.349609
vn 0.091141 0.174940 -0.980352
v 0.098569 -0.041047 0.131877
vt 0.616211 0.340820
vn 0.094956 0.182589 -0.978593
v 0.093941 -0.049576 0.164625
vt 0.575684 0.338379
vn 0.045597 0.151904 -0.987343
v 0.099804 -0.049578 0.135065
vt 0.610840 0.331055
vn 0.049190 0.151339 -0.987257
v 0.214406 -0.192015 0.194832
vt 0.063477 0.265625
vn 0.230651 0.572539 0.786765
v 0.215736 -0.193008 0.197716
vt 0.067383 0.266113
vn 0.284830 0.607429 0.741554
v 0.222437 -0.184051 0.194712
vt 0.063477 0.278809
vn 0.408896 0.687292 0.600361
v 0.223617 -0.185032 0.197619
vt 0.067383 0.278809
vn 0.399631 0.681975 0.612540
v 0.243582 -0.154663 0.194726
vt 0.063477 0.320312
vn 0.440432 0.709096 0.550638
v 0.244947 -0.155511 0.197633
vt 0.067383 0.320312
vn 0.447165 0.710215 0.543726
v 0.261019 -0.122972 0.194745
vt 0.063477 0.361816
vn 0.465933 0.734809 0.492913
v 0.262435 -0.123576 0.197644
vt 0.067383 0.361816
vn 0.472389 0.735370 0.485879
v 0.274742 -0.089282 0.194763
vt 0.063477 0.404297
vn 0.491919 0.760628 0.423628
v 0.276039 -0.089695 0.197642
vt 0.067383 0.404297
vn 0.491919 0.760628 0.423628
v 0.059821 -0.060292 0.172325
vt 0.938965 0.280273
vn 0.712269 0.691922 -0.117968
v 0.054568 -0.055293 0.169416
vt 0.930176 0.288086
vn 0.806032 0.481668 -0.343959
v 0.061319 -0.058080 0.173725
vt 0.941406 0.283203
vn 0.806032 0.481668 -0.343959
v 0.145725 -0.113706 0.183501
vt 0.646484 0.870239
vn -0.396288 0.898857 0.187118
v 0.075196 -0.043544 0.169172
vt 0.699219 0.758057
vn -0.726070 0.685245 -0.057115
v 0.123403 -0.090610 0.180327
vt 0.665039 0.834839
vn -0.622236 0.781504 0.045534
v 0.073391 -0.051308 0.174896
vt 0.706055 0.767822
vn -0.706573 0.706528 -0.039658
v 0.119388 -0.093356 0.197430
vt 0.684082 0.846191
vn -0.608043 0.791903 0.056331
v 0.144488 -0.114176 0.185282
vt 0.649414 0.871094
vn -0.491430 0.859951 0.137769
v 0.143256 -0.117640 0.199299
vt 0.663086 0.882446
vn -0.488290 0.861877 0.136896
v 0.210430 -0.187032 0.194540
vt 0.593262 0.979218
vn -0.476430 0.867151 0.145135
v 0.051317 -0.037417 0.169804
vt 0.524902 0.352051
vn 0.776410 0.031495 -0.629440
v 0.032534 -0.030487 0.171140
vt 0.501465 0.359863
vn 0.793908 0.052242 -0.605789
v 0.043973 -0.022880 0.170844
vt 0.515137 0.369629
vn 0.789267 0.041540 -0.612643
v 0.073391 -0.051308 0.174896
vt 0.552734 0.333984
vn 0.926005 0.377263 0.013726
v 0.075196 -0.043544 0.169172
vt 0.554199 0.345703
vn 0.942316 0.330175 -0.054995
v 0.066789 -0.042503 0.169027
vt 0.543945 0.346680
vn 0.759690 0.055871 -0.647881
v 0.081326 -0.035159 0.166989
vt 0.562012 0.355957
vn 0.544381 0.000000 -0.838838
v 0.075196 -0.043544 0.169172
vt 0.554199 0.345703
vn 0.905340 0.102028 -0.412249
v 0.093941 -0.049576 0.164625
vt 0.575684 0.338379
vn 0.894793 0.032720 -0.445281
v 0.093163 -0.040367 0.163388
vt 0.577637 0.349609
vn 0.847996 0.008845 -0.529929
v 0.029666 -0.028604 0.171434
vt 0.912109 0.332031
vn 0.537586 0.770383 -0.342798
v 0.030041 -0.029870 0.169018
vt 0.911621 0.328613
vn 0.564071 0.757684 -0.328236
v 0.067013 -0.084190 0.133291
vt 0.671875 0.117188
vn 0.418719 0.099887 -0.902606
v 0.060329 -0.070983 0.160470
vt 0.650879 0.148926
vn 0.425569 0.116076 -0.897450
v 0.064329 -0.071319 0.161070
vt 0.655762 0.150391
vn 0.936643 0.221847 -0.271081
v 0.070720 -0.084225 0.134024
vt 0.675781 0.119629
vn 0.947007 0.231000 -0.223196
v 0.145725 -0.113706 0.183501
vt 0.646484 0.870239
vn -0.726404 0.685521 -0.048975
v 0.210430 -0.187032 0.194540
vt 0.593262 0.979218
vn -0.691345 0.722357 -0.015550
v 0.144488 -0.114176 0.185282
vt 0.649414 0.871094
vn -0.730157 0.680861 -0.057429
v 0.123403 -0.090610 0.180327
vt 0.665039 0.834839
vn -0.784156 0.619608 -0.034432
v 0.124774 -0.089591 0.179208
vt 0.662598 0.833984
vn -0.784156 0.619608 -0.034432
v 0.093941 -0.049576 0.164625
vt 0.678223 0.770996
vn -0.792227 0.609942 -0.018623
v 0.075196 -0.043544 0.169172
vt 0.699219 0.758057
vn -0.822707 0.566283 -0.049770
v 0.032534 -0.030487 0.171140
vt 0.916016 0.327637
vn 0.562575 0.763514 0.317105
v 0.032328 -0.031538 0.168556
vt 0.913086 0.325684
vn 0.572866 0.746459 0.338559
v 0.054568 -0.055293 0.169416
vt 0.930176 0.288086
vn 0.803778 0.565297 -0.185420
v 0.052998 -0.055055 0.165637
vt 0.924805 0.287598
vn 0.517021 0.761918 0.390089
v 0.050059 -0.049884 0.170008
vt 0.927246 0.296875
vn 0.790318 0.487847 -0.370679
v 0.204836 -0.218146 0.193542
vt 0.718262 0.119629
vn 0.502035 0.000000 -0.864847
v 0.196437 -0.216552 0.197362
vt 0.947266 0.006836
vn 0.555217 0.703243 -0.444054
v 0.176306 -0.201107 0.184589
vt 0.943848 0.050781
vn 0.614298 0.655863 -0.438728
v 0.162120 -0.190728 0.148955
vt 0.924316 0.083984
vn 0.514575 0.842023 -0.161894
v 0.176306 -0.201107 0.184589
vt 0.943848 0.050781
vn 0.552170 0.829994 -0.078853
v 0.054568 -0.055293 0.169416
vt 0.528809 0.330078
vn 0.798346 0.496558 -0.340697
v 0.061319 -0.058080 0.173725
vt 0.538086 0.325684
vn 0.791853 0.502135 -0.347607
v -0.237681 -0.112028 0.178880
vt 0.416504 0.958801
vn -0.212395 0.939275 -0.269538
v -0.228321 -0.107260 0.143840
vt 0.419922 0.914368
vn -0.212845 0.941315 -0.261961
v -0.221907 -0.140814 0.178765
vt 0.375488 0.954987
vn -0.257717 0.891654 -0.372203
v -0.212951 -0.135134 0.143963
vt 0.382080 0.911316
vn -0.257717 0.891654 -0.372203
v -0.121918 -0.134338 0.177349
vt 0.842285 0.154785
vn 0.990878 0.019034 0.133409
v -0.117995 -0.134722 0.153991
vt 0.873535 0.160645
vn 0.989205 0.015323 0.145733
v -0.176306 -0.201107 0.184589
vt 0.864258 0.041992
vn -0.966408 0.047562 0.252574
v -0.162120 -0.190728 0.148955
vt 0.884766 0.079590
vn -0.957582 0.064764 0.280790
v -0.252411 -0.160215 0.193542
vt 0.143066 0.192383
vn 0.814488 0.456906 -0.357556
v -0.244947 -0.155511 0.197633
vt 0.152466 0.198242
vn 0.814488 0.456906 -0.357556
v -0.230313 -0.190543 0.193542
vt 0.170898 0.154297
vn 0.815638 0.440377 -0.375236
v -0.223617 -0.185032 0.197619
vt 0.179321 0.161133
vn 0.815638 0.440377 -0.375236
v -0.270439 -0.127234 0.193542
vt 0.120483 0.233887
vn 0.812092 0.479453 -0.332614
v -0.262435 -0.123576 0.197644
vt 0.130493 0.238281
vn 0.812092 0.479453 -0.332614
v -0.261019 -0.122972 0.194745
vt 0.921387 0.888306
vn -0.897512 0.440697 -0.016056
v -0.256224 -0.120584 0.194784
vt 0.915039 0.888306
vn -0.894441 0.447169 0.003963
v -0.243582 -0.154663 0.194726
vt 0.921387 0.931213
vn -0.888798 0.444366 0.112145
v -0.239233 -0.151885 0.194777
vt 0.915039 0.931213
vn -0.886401 0.443167 0.133774
v -0.222437 -0.184051 0.194712
vt 0.921387 0.972809
vn -0.856787 0.428358 0.287099
v -0.218278 -0.180513 0.194676
vt 0.915039 0.972809
vn -0.841160 0.420544 0.339988
v -0.116050 -0.097023 0.198671
vt 0.897949 0.829590
vn -0.332980 0.756327 -0.563110
v -0.139862 -0.121044 0.200423
vt 0.897949 0.870728
vn -0.359966 0.728093 -0.583357
v -0.119388 -0.093356 0.197430
vt 0.903809 0.829590
vn -0.340748 0.747145 -0.570671
v -0.143256 -0.117640 0.199299
vt 0.903809 0.870728
vn -0.357186 0.730933 -0.581511
v -0.148137 -0.108596 0.155240
vt 0.297363 0.849854
vn -0.983592 0.173917 0.047954
v -0.129012 -0.085988 0.151108
vt 0.283203 0.816406
vn -0.984485 0.171071 0.039027
v -0.145725 -0.113706 0.183501
vt 0.269043 0.870483
vn -0.983592 0.173917 0.047954
v -0.124774 -0.089591 0.179208
vt 0.252930 0.834229
vn -0.984485 0.171071 0.039027
v -0.050059 -0.049884 0.170008
vt 0.401123 0.332520
vn 0.513844 0.051411 -0.856342
v -0.054568 -0.055293 0.169416
vt 0.396484 0.325195
vn 0.907860 0.015526 -0.418986
v -0.066789 -0.042503 0.169027
vt 0.380127 0.340820
vn 0.821292 0.082165 -0.564560
v -0.066970 -0.051215 0.173176
vt 0.380127 0.328613
vn 0.837744 0.079345 -0.540268
v -0.197126 -0.157292 0.144373
vt 0.350586 0.906799
vn -0.289932 0.770370 -0.567864
v -0.202560 -0.167788 0.178874
vt 0.332520 0.949036
vn -0.308148 0.711032 -0.632043
v -0.237681 -0.112028 0.178880
vt 0.416504 0.958801
vn -0.195668 0.953743 -0.228230
v -0.256224 -0.120584 0.194784
vt 0.415039 0.990257
vn -0.195275 0.951933 -0.235989
v -0.221907 -0.140814 0.178765
vt 0.375488 0.954987
vn -0.235197 0.924120 -0.301139
v -0.239233 -0.151885 0.194777
vt 0.372803 0.986168
vn -0.238776 0.922055 -0.304631
v -0.202560 -0.167788 0.178874
vt 0.332520 0.949036
vn -0.332066 0.853774 -0.401002
v -0.218278 -0.180513 0.194676
vt 0.332520 0.980911
vn -0.321731 0.866445 -0.381789
v -0.195081 -0.167544 0.178478
vt 0.323975 0.942902
vn -0.984233 0.176776 -0.005894
v -0.210430 -0.187032 0.194540
vt 0.322510 0.979523
vn -0.337822 0.203380 -0.918974
v -0.210430 -0.187032 0.194540
vt 0.915039 0.984268
vn -0.736539 0.358912 0.573317
v -0.214406 -0.192015 0.194832
vt 0.921387 0.984268
vn -0.757383 0.392505 0.521834
v -0.072732 -0.058110 0.180494
vt 0.357666 0.312012
vn 0.544068 0.035703 -0.838281
v -0.070152 -0.057188 0.179475
vt 0.361328 0.312988
vn 0.531184 0.000000 -0.847257
v -0.062901 -0.061527 0.178482
vt 0.371826 0.307129
vn 0.548493 0.000000 -0.836155
v -0.062902 -0.058697 0.177721
vt 0.371826 0.311035
vn 0.531184 0.000000 -0.847257
v -0.114892 -0.097236 0.201202
vt 0.316162 0.271484
vn 0.502123 0.444362 -0.741900
v -0.105438 -0.105793 0.201257
vt 0.310791 0.243652
vn 0.506179 0.417368 -0.754710
v -0.138998 -0.122058 0.203524
vt 0.285889 0.240234
vn 0.693250 0.262010 -0.671383
v -0.128822 -0.131034 0.203470
vt 0.298584 0.229004
vn 0.693250 0.262010 -0.671383
v -0.098086 -0.112033 0.150187
vt 0.875488 0.195312
vn 0.998631 0.050281 0.014392
v -0.100301 -0.109577 0.173213
vt 0.846680 0.196289
vn 0.998503 0.050256 0.021608
v -0.176306 -0.201107 0.184589
vt 0.864258 0.041992
vn 0.928866 0.058494 0.365769
v -0.196437 -0.216552 0.197362
vt 0.858887 0.005371
vn 0.859759 0.216718 0.462437
v -0.195833 -0.208898 0.198070
vt 0.851074 0.012207
vn 0.908204 0.062251 0.413872
v -0.121918 -0.134338 0.177349
vt 0.842285 0.154785
vn 0.976320 0.076675 0.202290
v -0.128822 -0.131034 0.203470
vt 0.810059 0.145996
vn 0.965987 0.070996 0.248652
v -0.064329 -0.071319 0.161070
vt 0.869629 0.263184
vn 0.993174 0.014052 -0.115789
v -0.100301 -0.109577 0.173213
vt 0.846680 0.196289
vn 0.995770 0.084073 0.037068
v -0.062901 -0.061527 0.178482
vt 0.850098 0.277832
vn 0.996288 0.041239 -0.075565
v -0.105438 -0.105793 0.201257
vt 0.810547 0.195801
vn 0.993483 0.069461 0.090368
v -0.064329 -0.071319 0.161070
vt 0.869629 0.263184
vn 0.087892 0.007327 -0.996103
v -0.070720 -0.084225 0.134024
vt 0.893066 0.239746
vn 0.997324 0.007299 -0.072745
v -0.064329 -0.071319 0.161070
vt 0.268555 0.147949
vn 0.621339 0.449032 -0.642113
v -0.058585 -0.061934 0.164224
vt 0.276123 0.158203
vn 0.787762 0.207903 -0.579835
v -0.060329 -0.070983 0.160470
vt 0.273438 0.146484
vn 0.773924 0.435023 -0.460213
v -0.058585 -0.061934 0.164224
vt 0.872070 0.277344
vn 0.151155 0.042204 -0.987609
v -0.059821 -0.060292 0.172325
vt 0.860840 0.280273
vn 0.138452 0.000000 -0.990369
v -0.066789 -0.042503 0.140423
vt 0.891602 0.470703
vn 0.827056 0.141482 -0.544023
v -0.066789 -0.042503 0.169027
vt 0.891602 0.459473
vn 0.793029 0.132195 -0.594667
v -0.051317 -0.037417 0.142116
vt 0.898926 0.472656
vn 0.391067 0.901639 0.184701
v -0.051317 -0.037417 0.169804
vt 0.906250 0.464844
vn 0.362424 0.906094 0.218271
v -0.043973 -0.022880 0.142239
vt 0.902832 0.479980
vn -0.000022 0.728515 0.685030
v -0.043973 -0.022880 0.170844
vt 0.912598 0.479492
vn -0.000022 0.718068 0.695973
v -0.209573 -0.194715 0.198104
vt 0.197021 0.148926
vn 0.733454 0.056003 -0.677428
v -0.195833 -0.208898 0.198070
vt 0.214355 0.131348
vn 0.733454 0.056003 -0.677428
v -0.209166 -0.193246 0.195367
vt 0.918945 0.989883
vn -0.740731 0.356468 0.569428
v -0.093941 -0.049576 0.164625
vt 0.237549 0.771362
vn -0.984282 0.162008 0.070302
v -0.099804 -0.049578 0.135065
vt 0.271484 0.756958
vn -0.984131 0.156828 0.083018
v -0.061319 -0.058080 0.173725
vt 0.857910 0.282715
vn 0.217268 0.020708 -0.975892
v -0.059821 -0.060292 0.172325
vt 0.860840 0.280273
vn 0.986201 0.033802 -0.162064
v -0.062902 -0.058697 0.177721
vt 0.851562 0.281738
vn 0.227808 0.027637 -0.973314
v -0.062901 -0.061527 0.178482
vt 0.850098 0.277832
vn 0.988052 0.046736 -0.146861
v -0.070597 -0.056227 0.176040
vt 0.009583 0.019043
vn -0.163238 0.262568 -0.951005
v -0.061319 -0.058080 0.173725
vt 0.009583 0.008301
vn -0.003988 0.513890 -0.857847
v -0.070152 -0.057188 0.179475
vt 0.005402 0.019531
vn -0.112207 0.260543 -0.958920
v -0.062902 -0.058697 0.177721
vt 0.005402 0.010742
vn -0.038257 0.412898 -0.909974
v -0.073391 -0.051308 0.174896
vt 0.903809 0.751587
vn -0.050822 0.914080 -0.402338
v -0.073093 -0.057033 0.177022
vt 0.897949 0.751587
vn -0.023658 0.922118 -0.386184
v -0.072732 -0.058110 0.180494
vt 0.005402 0.023926
vn -0.185144 0.048892 -0.981494
v -0.073093 -0.057033 0.177022
vt 0.009583 0.021973
vn -0.977765 0.013705 -0.209254
v -0.116050 -0.097023 0.198671
vt 0.009583 0.107910
vn -0.175284 0.077080 -0.981496
v -0.114892 -0.097236 0.201202
vt 0.005402 0.107422
vn -0.178155 0.069829 -0.981522
v -0.138998 -0.122058 0.203524
vt 0.005402 0.153809
vn -0.105238 0.224903 -0.968681
v -0.139862 -0.121044 0.200423
vt 0.009583 0.153320
vn -0.105054 0.231796 -0.967075
v -0.195081 -0.167544 0.178478
vt 0.323975 0.942902
vn -0.983785 0.177782 -0.023674
v -0.189559 -0.155561 0.153948
vt 0.337402 0.911072
vn -0.975991 0.155605 -0.152412
v -0.183381 -0.149186 0.156996
vt 0.329346 0.905579
vn -0.979393 0.186237 0.078135
v -0.209166 -0.193246 0.195367
vt 0.009583 0.285156
vn -0.060022 0.322387 -0.944703
v -0.209573 -0.194715 0.198104
vt 0.005402 0.286621
vn -0.038305 0.375041 -0.926217
v -0.210430 -0.187032 0.194540
vt 0.903809 0.989883
vn -0.094549 0.968950 -0.228467
v -0.209166 -0.193246 0.195367
vt 0.897949 0.989883
vn -0.110339 0.961372 -0.252171
v -0.073093 -0.057033 0.177022
vt 0.372803 0.319824
vn 0.854814 0.119981 -0.504873
v -0.073391 -0.051308 0.174896
vt 0.372070 0.327148
vn 0.863212 0.128251 -0.488280
v -0.070597 -0.056227 0.176040
vt 0.375977 0.321289
vn 0.922762 0.150344 -0.354833
v -0.066970 -0.051215 0.173176
vt 0.380127 0.328613
vn 0.923867 0.130828 -0.359658
v -0.099804 -0.049578 0.135065
vt 0.315430 0.320312
vn 0.064787 0.601653 0.796126
v -0.098569 -0.041047 0.131877
vt 0.309082 0.329102
vn 0.243392 0.653550 0.716682
v -0.093941 -0.049576 0.164625
vt 0.349609 0.330078
vn 0.065256 0.606112 0.792698
v -0.093163 -0.040367 0.163388
vt 0.346436 0.341309
vn 0.233368 0.650728 0.722560
v -0.093163 -0.040367 0.163388
vt 0.346436 0.341309
vn 0.843293 0.419231 -0.336307
v -0.081326 -0.035159 0.166989
vt 0.361572 0.348633
vn 0.838887 0.397112 -0.372252
v -0.215736 -0.193008 0.197716
vt 0.005402 0.293945
vn 0.126247 0.353457 -0.926892
v -0.214406 -0.192015 0.194832
vt 0.009583 0.292969
vn 0.105849 0.386894 -0.916029
v -0.223617 -0.185032 0.197619
vt 0.005402 0.307617
vn 0.162932 0.269207 -0.949200
v -0.222437 -0.184051 0.194712
vt 0.009583 0.307617
vn 0.166130 0.261584 -0.950776
v -0.244947 -0.155511 0.197633
vt 0.005402 0.353516
vn 0.178991 0.224569 -0.957878
v -0.243582 -0.154663 0.194726
vt 0.009583 0.353516
vn 0.176164 0.225464 -0.958192
v -0.262435 -0.123576 0.197644
vt 0.005402 0.399902
vn 0.185081 0.174594 -0.967089
v -0.261019 -0.122972 0.194745
vt 0.009583 0.399902
vn 0.182300 0.175304 -0.967489
v -0.061319 -0.058080 0.173725
vt 0.857910 0.282715
vn 0.901363 0.048742 -0.430313
v -0.054568 -0.055293 0.169416
vt 0.870605 0.288086
vn 0.902165 0.049014 -0.428597
v -0.059821 -0.060292 0.172325
vt 0.860840 0.280273
vn 0.966521 0.116147 -0.228793
v -0.145725 -0.113706 0.183501
vt 0.269043 0.870483
vn -0.981072 0.166584 0.098725
v -0.119388 -0.093356 0.197430
vt 0.231812 0.846436
vn -0.982613 0.108809 -0.150441
v -0.123403 -0.090610 0.180327
vt 0.250488 0.835205
vn -0.980562 0.098041 -0.169962
v -0.073391 -0.051308 0.174896
vt 0.209473 0.768188
vn -0.957178 0.041900 -0.286451
v -0.075196 -0.043544 0.169172
vt 0.216431 0.758423
vn -0.942703 0.014334 -0.333326
v -0.143256 -0.117640 0.199299
vt 0.252686 0.882751
vn -0.982327 0.187083 -0.005864
v -0.144488 -0.114176 0.185282
vt 0.266357 0.871460
vn -0.982327 0.187083 -0.005864
v -0.210430 -0.187032 0.194540
vt 0.322510 0.979523
vn -0.982118 0.188175 0.005869
v -0.051317 -0.037417 0.169804
vt 0.398926 0.347656
vn 0.788349 0.132336 -0.600827
v -0.043973 -0.022880 0.170844
vt 0.407227 0.365723
vn 0.783612 0.132469 -0.606963
v -0.032534 -0.030487 0.171140
vt 0.421631 0.356934
vn 0.783612 0.132469 -0.606963
v -0.075196 -0.043544 0.169172
vt 0.369873 0.338867
vn 0.646500 0.701469 -0.299965
v -0.073391 -0.051308 0.174896
vt 0.372070 0.327148
vn 0.608220 0.723081 -0.327447
v -0.075196 -0.043544 0.169172
vt 0.369873 0.338867
vn 0.806099 0.408138 -0.428517
v -0.066789 -0.042503 0.169027
vt 0.380127 0.340820
vn 0.759168 0.067008 -0.647436
v -0.067013 -0.084190 0.133291
vt 0.253662 0.113770
vn 0.799885 0.595998 -0.070506
v -0.070720 -0.084225 0.134024
vt 0.249634 0.115723
vn 0.714579 0.546763 -0.436379
v -0.060329 -0.070983 0.160470
vt 0.273438 0.146484
vn 0.805235 0.589189 -0.066731
v -0.064329 -0.071319 0.161070
vt 0.268555 0.147949
vn 0.723068 0.465229 -0.510622
v -0.144488 -0.114176 0.185282
vt 0.266357 0.871460
vn -0.941234 0.007183 -0.337680
v -0.210430 -0.187032 0.194540
vt 0.322510 0.979523
vn -0.960821 0.041604 -0.274028
v -0.145725 -0.113706 0.183501
vt 0.269043 0.870483
vn -0.945700 0.014271 -0.324728
v -0.124774 -0.089591 0.179208
vt 0.252930 0.834229
vn -0.410851 0.130547 -0.902308
v -0.123403 -0.090610 0.180327
vt 0.250488 0.835205
vn -0.410851 0.130547 -0.902308
v -0.075196 -0.043544 0.169172
vt 0.216431 0.758423
vn -0.468628 0.221932 -0.855064
v -0.093941 -0.049576 0.164625
vt 0.237549 0.771362
vn -0.423458 0.170923 -0.889646
v -0.030041 -0.029870 0.169018
vt 0.895508 0.326172
vn 0.942074 0.285858 0.175446
v -0.032328 -0.031538 0.168556
vt 0.894531 0.322266
vn 0.239969 0.166955 -0.956317
v -0.029666 -0.028604 0.171434
vt 0.894531 0.329102
vn 0.930138 0.305492 0.203757
v -0.032534 -0.030487 0.171140
vt 0.892090 0.324707
vn 0.236915 0.139381 -0.961480
v -0.052998 -0.055055 0.165637
vt 0.876465 0.287598
vn 0.208955 0.139303 -0.967953
v -0.054568 -0.055293 0.169416
vt 0.870605 0.288086
vn 0.440477 0.047229 -0.896521
v -0.050059 -0.049884 0.170008
vt 0.875488 0.296875
vn 0.516770 0.077540 -0.852606
v -0.204836 -0.218146 0.193542
vt 0.203003 0.119629
vn 0.815986 0.433194 -0.382767
v -0.196437 -0.216552 0.197362
vt 0.213501 0.121582
vn 0.816505 0.408252 -0.408228
v -0.175891 -0.242107 0.193542
vt 0.239380 0.089355
vn 0.816505 0.408252 -0.408228
v -0.172222 -0.237056 0.197169
vt 0.244019 0.095703
vn 0.816505 0.408252 -0.408228
v -0.196437 -0.216552 0.197362
vt 0.858887 0.005371
vn 0.872697 0.419394 0.250018
v -0.176306 -0.201107 0.184589
vt 0.864258 0.041992
vn 0.891789 0.417493 0.174391
v -0.172222 -0.237056 0.197169
vt 0.902832 0.003906
vn 0.879225 0.439601 0.183612
v -0.158525 -0.218204 0.184711
vt 0.902344 0.035156
vn 0.875255 0.437593 0.206014
v -0.162120 -0.190728 0.148955
vt 0.884766 0.079590
vn 0.862580 0.373755 0.340974
v -0.148291 -0.204118 0.144032
vt 0.902832 0.082031
vn 0.842559 0.459553 0.280901
v -0.176306 -0.201107 0.184589
vt 0.864258 0.041992
vn 0.899209 0.351331 0.260748
v -0.158525 -0.218204 0.184711
vt 0.902344 0.035156
vn 0.815108 0.474780 0.331938
v -0.032328 -0.031538 0.168556
vt 0.308350 0.195801
vn 0.752732 0.089241 -0.652251
v -0.019992 -0.040501 0.168556
vt 0.323486 0.185059
vn 0.752732 0.089241 -0.652251
v -0.052998 -0.055055 0.165637
vt 0.282959 0.166992
vn 0.757052 0.100216 -0.645623
v -0.035971 -0.067426 0.165637
vt 0.303955 0.151855
vn 0.757052 0.100216 -0.645623
v -0.061319 -0.058080 0.173725
vt 0.387451 0.320312
vn 0.926482 0.111838 -0.359337
v -0.054568 -0.055293 0.169416
vt 0.396484 0.325195
vn 0.921396 0.096152 -0.376544
v -0.093941 -0.049576 0.164625
vt 0.349609 0.330078
vn 0.813018 0.516981 -0.267829
v -0.215736 -0.193008 0.197716
vt 0.189331 0.151367
vn 0.819788 0.414966 -0.394653
v -0.062702 -0.244296 0.143963
vt 0.533691 0.911072
vn -0.711776 0.415612 -0.566252
v -0.031443 -0.250301 0.143840
vt 0.495850 0.914185
vn -0.723699 0.208303 -0.657928
v -0.065337 -0.254570 0.178765
vt 0.540527 0.954773
vn -0.711776 0.415612 -0.566252
v -0.033085 -0.260675 0.178880
vt 0.499268 0.958649
vn -0.727192 0.218669 -0.650673
v -0.116882 -0.264829 0.197716
vt 0.313721 0.061035
vn 0.795847 0.239862 -0.555961
v -0.106862 -0.269859 0.197619
vt 0.326172 0.054688
vn 0.785927 0.218326 -0.578492
v -0.110034 -0.277931 0.193542
vt 0.322266 0.044434
vn 0.790467 0.218073 -0.572369
v -0.131283 -0.213133 0.148955
vt 0.923828 0.083984
vn 0.311132 0.887226 0.340627
v -0.091653 -0.153861 0.153991
vt 0.933594 0.160156
vn 0.206550 0.782735 0.587081
v -0.136770 -0.229832 0.184589
vt 0.943359 0.050781
vn 0.295311 0.872486 0.389306
v -0.090076 -0.157473 0.177349
vt 0.964355 0.155762
vn 0.195039 0.774761 0.601420
v -0.072194 -0.281023 0.197633
vt 0.369873 0.040527
vn 0.771531 0.154316 -0.617192
v -0.074362 -0.289575 0.193542
vt 0.367188 0.029785
vn 0.771531 0.154316 -0.617192
v -0.036418 -0.287787 0.197644
vt 0.414795 0.032227
vn 0.742977 0.078225 -0.664730
v -0.037424 -0.296529 0.193542
vt 0.413574 0.021484
vn 0.742977 0.078225 -0.664730
v -0.035492 -0.280955 0.194784
vt 0.950684 0.802612
vn -0.161788 0.080884 0.983505
v -0.036282 -0.286254 0.194745
vt 0.957031 0.802612
vn -0.144040 0.071974 0.986951
v -0.070512 -0.274468 0.194777
vt 0.950684 0.760010
vn -0.286058 0.142977 0.947485
v -0.071809 -0.279463 0.194726
vt 0.957031 0.760010
vn -0.274477 0.137207 0.951754
v -0.104214 -0.263386 0.194676
vt 0.950684 0.718750
vn -0.489178 0.244577 0.837190
v -0.106294 -0.268435 0.194712
vt 0.957031 0.718750
vn -0.438244 0.219064 0.871753
v -0.067601 -0.172607 0.199299
vt 0.863770 0.872925
vn -0.599475 0.712359 -0.364930
v -0.071887 -0.170431 0.200423
vt 0.869629 0.872925
vn -0.597637 0.715365 -0.362053
v -0.051881 -0.142403 0.197430
vt 0.863770 0.832642
vn -0.621684 0.687784 -0.374784
v -0.056401 -0.140361 0.198671
vt 0.869629 0.832642
vn -0.629263 0.678326 -0.379344
v -0.046636 -0.146362 0.179208
vt 0.662598 0.833862
vn 0.111096 0.933527 0.340858
v -0.041900 -0.149279 0.151108
vt 0.632324 0.816162
vn 0.118176 0.934370 0.336136
v -0.063097 -0.173739 0.183501
vt 0.646484 0.870239
vn 0.124034 0.937629 0.324757
v -0.057491 -0.174454 0.155240
vt 0.618164 0.849609
vn 0.124034 0.937629 0.324757
v -0.028001 -0.079528 0.173176
vt 0.428467 0.296387
vn 0.857993 0.026571 -0.512974
v -0.035712 -0.068993 0.169416
vt 0.418945 0.310059
vn 0.748807 0.476051 -0.461155
v -0.019771 -0.076664 0.169027
vt 0.439453 0.300781
vn 0.848736 0.036740 -0.527539
v -0.031961 -0.063033 0.170008
vt 0.424072 0.316895
vn 0.780316 0.490767 -0.387627
v -0.096969 -0.244504 0.178874
vt 0.583008 0.948761
vn -0.627919 0.723464 -0.286911
v -0.088665 -0.236093 0.144373
vt 0.565430 0.906494
vn -0.662259 0.653273 -0.366943
v -0.035492 -0.280955 0.194784
vt 0.500977 0.990074
vn -0.725707 0.155072 -0.670300
v -0.033085 -0.260675 0.178880
vt 0.499268 0.958649
vn -0.725707 0.155072 -0.670300
v -0.070512 -0.274468 0.194777
vt 0.542969 0.985939
vn -0.715938 0.301395 -0.629757
v -0.065337 -0.254570 0.178765
vt 0.540527 0.954773
vn -0.715938 0.301395 -0.629757
v -0.104214 -0.263386 0.194676
vt 0.583496 0.980652
vn -0.656294 0.423349 -0.624543
v -0.096969 -0.244504 0.178874
vt 0.583008 0.948761
vn -0.649514 0.494833 -0.577297
v -0.112839 -0.257936 0.194540
vt 0.593262 0.979248
vn -0.260528 0.948472 0.180349
v -0.116349 -0.263258 0.194832
vt 0.957031 0.707520
vn -0.618188 0.323122 0.716544
v -0.112839 -0.257936 0.194540
vt 0.950684 0.707520
vn -0.683124 0.332171 0.650387
v -0.036374 -0.077971 0.177721
vt 0.409668 0.283691
vn 0.603861 0.000000 -0.797089
v -0.032698 -0.084400 0.179475
vt 0.415039 0.274414
vn 0.603861 0.000000 -0.797089
v -0.039066 -0.078844 0.178482
vt 0.405762 0.282227
vn 0.579595 0.122536 -0.805640
v -0.032778 -0.087138 0.180494
vt 0.414795 0.270508
vn 0.559063 0.192472 -0.806476
v -0.145238 -0.253751 0.197362
vt 0.277832 0.074707
vn 0.808980 0.308700 -0.500255
v -0.120410 -0.259496 0.198104
vt 0.309082 0.067871
vn 0.723359 0.033687 -0.689650
v -0.138145 -0.250810 0.198070
vt 0.286865 0.078613
vn 0.723359 0.033687 -0.689650
v -0.084800 -0.163018 0.203470
vt 0.354004 0.188965
vn 0.712683 0.011266 -0.701395
v -0.068020 -0.132978 0.201257
vt 0.375000 0.226562
vn 0.625770 0.080132 -0.775881
v -0.073119 -0.169922 0.203524
vt 0.368652 0.180176
vn 0.712683 0.011266 -0.701395
v -0.056961 -0.139326 0.201202
vt 0.388916 0.218750
vn 0.631528 0.060631 -0.772978
v -0.073206 -0.129263 0.173213
vt 0.958496 0.197266
vn 0.089109 0.663516 0.742836
v -0.076227 -0.127914 0.150187
vt 0.930176 0.194336
vn 0.088449 0.658684 0.747202
v -0.138145 -0.250810 0.198070
vt 0.954102 0.013184
vn 0.561511 0.823816 0.077665
v -0.145238 -0.253751 0.197362
vt 0.946777 0.006836
vn 0.820867 0.544366 -0.172749
v -0.136770 -0.229832 0.184589
vt 0.943359 0.050781
vn 0.507844 0.860684 0.036292
v -0.084800 -0.163018 0.203470
vt 0.997070 0.147949
vn 0.450795 0.786505 0.422131
v -0.090076 -0.157473 0.177349
vt 0.964355 0.155762
vn 0.423352 0.779367 0.461910
v -0.068020 -0.132978 0.201257
vt 0.994629 0.198730
vn 0.244461 0.723635 0.645439
v -0.073206 -0.129263 0.173213
vt 0.958496 0.197266
vn 0.200591 0.683085 0.702252
v -0.039066 -0.078844 0.178482
vt 0.949219 0.278809
vn 0.116730 0.601603 0.790221
v -0.047936 -0.083229 0.161070
vt 0.929688 0.263184
vn 0.097241 0.579251 0.809328
v -0.058236 -0.093295 0.134024
vt 0.910645 0.237305
vn 0.027672 0.581853 0.812823
v -0.047936 -0.083229 0.161070
vt 0.929688 0.263184
vn 0.009058 0.557797 0.829928
v -0.048853 -0.079320 0.160470
vt 0.287598 0.136230
vn 0.851470 0.413721 -0.322232
v -0.040787 -0.074866 0.164224
vt 0.297852 0.142578
vn 0.820420 0.255709 -0.511394
v -0.047936 -0.083229 0.161070
vt 0.290771 0.132324
vn 0.803362 0.595075 -0.022264
v -0.038843 -0.075533 0.172325
vt 0.938965 0.280273
vn 0.059938 0.539753 0.839687
v -0.040787 -0.074866 0.164224
vt 0.928223 0.276855
vn 0.033572 0.507993 0.860707
v -0.039066 -0.078844 0.178482
vt 0.949219 0.278809
vn 0.156576 0.544002 0.824345
v -0.038843 -0.075533 0.172325
vt 0.938965 0.280273
vn 0.139137 0.532111 0.835164
v -0.036374 -0.077971 0.177721
vt 0.947754 0.282227
vn 0.094816 0.478050 0.873200
v -0.036276 -0.076274 0.173725
vt 0.941895 0.283203
vn 0.087682 0.486426 0.869311
v -0.008294 -0.088220 0.166989
vt 0.887207 0.408203
vn 0.943079 0.328049 -0.054641
v -0.019771 -0.076664 0.169027
vt 0.873047 0.416504
vn 0.970382 0.054279 0.235399
v -0.008294 -0.088220 0.138385
vt 0.889160 0.418457
vn 0.935490 0.339485 -0.098028
v -0.019771 -0.076664 0.140423
vt 0.882812 0.421875
vn 0.980101 0.054046 0.191003
v -0.019715 -0.060377 0.169804
vt 0.869629 0.432617
vn 0.007888 0.039344 -0.999195
v -0.019715 -0.060377 0.142116
vt 0.880371 0.429199
vn 0.056303 0.285200 -0.956813
v -0.119139 -0.258654 0.195367
vt 0.954102 0.701904
vn -0.692205 0.332040 0.640782
v -0.016297 -0.110249 0.135065
vt 0.644043 0.756714
vn 0.156509 0.931641 0.327949
v -0.018108 -0.104672 0.164625
vt 0.678223 0.770996
vn 0.148172 0.933652 0.326098
v -0.036374 -0.077971 0.177721
vt 0.022797 0.011230
vn -0.499422 0.786761 0.362747
v -0.036276 -0.076274 0.173725
vt 0.019104 0.008789
vn -0.539311 0.751436 0.380116
v -0.032698 -0.084400 0.179475
vt 0.022797 0.019043
vn -0.379780 0.865460 0.326721
v -0.031646 -0.084526 0.176040
vt 0.019104 0.018555
vn -0.392494 0.886975 0.243360
v -0.031642 -0.087149 0.177022
vt 0.869629 0.756226
vn -0.822387 0.568141 -0.029933
v -0.026105 -0.085663 0.174896
vt 0.863770 0.756226
vn -0.831550 0.546291 -0.100447
v -0.031642 -0.087149 0.177022
vt 0.019104 0.020996
vn -0.133666 0.931680 0.337794
v -0.032778 -0.087138 0.180494
vt 0.022797 0.022949
vn -0.180897 0.916118 0.357776
v -0.056961 -0.139326 0.201202
vt 0.022797 0.095215
vn -0.205575 0.913207 0.351841
v -0.056401 -0.140361 0.198671
vt 0.019104 0.095215
vn -0.207085 0.911862 0.354434
v -0.071887 -0.170431 0.200423
vt 0.019104 0.135254
vn -0.351132 0.864282 0.360172
v -0.073119 -0.169922 0.203524
vt 0.022797 0.135254
vn -0.348441 0.866532 0.357366
v -0.089357 -0.228361 0.153948
vt 0.578125 0.910828
vn -0.034350 0.968345 0.247241
v -0.099048 -0.237316 0.178478
vt 0.591797 0.942627
vn 0.077895 0.949273 0.304651
v -0.085204 -0.220516 0.156996
vt 0.586426 0.905334
vn 0.155024 0.947869 0.278411
v -0.099048 -0.237316 0.178478
vt 0.591797 0.942627
vn 0.126027 0.934214 0.333710
v -0.120410 -0.259496 0.198104
vt 0.022797 0.252441
vn -0.480411 0.797442 0.365090
v -0.119139 -0.258654 0.195367
vt 0.019104 0.250977
vn -0.449623 0.820987 0.351880
v -0.119139 -0.258654 0.195367
vt 0.869629 0.989883
vn -0.848539 0.298233 -0.437079
v -0.112839 -0.257936 0.194540
vt 0.863770 0.989883
vn -0.859269 0.313341 -0.404321
v -0.028001 -0.079528 0.173176
vt 0.428467 0.296387
vn 0.865640 0.053848 -0.497763
v -0.026105 -0.085663 0.174896
vt 0.430176 0.288086
vn 0.878055 0.034137 -0.477341
v -0.031646 -0.084526 0.176040
vt 0.423340 0.289551
vn 0.859331 0.035811 -0.510165
v -0.031642 -0.087149 0.177022
vt 0.423096 0.286133
vn 0.879996 0.033879 -0.473771
v -0.018108 -0.104672 0.164625
vt 0.441406 0.268066
vn 0.286270 0.704088 -0.649853
v -0.016297 -0.110249 0.135065
vt 0.446045 0.232422
vn 0.321593 0.765289 -0.557593
v -0.116349 -0.263258 0.194832
vt 0.019104 0.257812
vn -0.350316 0.649346 0.675002
v -0.116882 -0.264829 0.197716
vt 0.022797 0.258301
vn -0.294521 0.614256 0.732084
v -0.106294 -0.268435 0.194712
vt 0.019104 0.270508
vn -0.163387 0.534907 0.828963
v -0.106862 -0.269859 0.197619
vt 0.022797 0.270508
vn -0.171489 0.538875 0.824745
v -0.071809 -0.279463 0.194726
vt 0.019104 0.309570
vn -0.120766 0.507136 0.853363
v -0.072194 -0.281023 0.197633
vt 0.022797 0.309570
vn -0.112685 0.502894 0.856971
v -0.036282 -0.286254 0.194745
vt 0.019104 0.348633
vn -0.055717 0.473345 0.879113
v -0.036418 -0.287787 0.197644
vt 0.022797 0.349121
vn -0.055717 0.473345 0.879113
v -0.038843 -0.075533 0.172325
vt 0.938965 0.280273
vn 0.329368 0.448067 0.831115
v -0.035712 -0.068993 0.169416
vt 0.930664 0.288086
vn 0.304822 0.336101 0.891134
v -0.036276 -0.076274 0.173725
vt 0.941895 0.283203
vn 0.294995 0.329916 0.896735
v -0.063097 -0.173739 0.183501
vt 0.646484 0.870239
vn 0.174170 0.939814 0.293964
v -0.018163 -0.084981 0.169172
vt 0.699219 0.758057
vn -0.178274 0.967094 0.181514
v -0.048029 -0.145372 0.180327
vt 0.665039 0.834839
vn -0.070564 0.952476 0.296327
v -0.026105 -0.085663 0.174896
vt 0.706055 0.767822
vn -0.153891 0.966786 0.204063
v -0.051881 -0.142403 0.197430
vt 0.684082 0.846191
vn -0.056637 0.948565 0.311474
v -0.063926 -0.172708 0.185282
vt 0.649414 0.871094
vn 0.065387 0.937559 0.341626
v -0.067601 -0.172607 0.199299
vt 0.663086 0.882446
vn 0.072953 0.937800 0.339424
v -0.112839 -0.257936 0.194540
vt 0.593262 0.979248
vn 0.080575 0.938003 0.337133
v -0.019715 -0.060377 0.169804
vt 0.438965 0.320801
vn 0.734225 0.022292 -0.678540
v -0.018929 -0.040372 0.171140
vt 0.438965 0.345215
vn 0.749760 0.044796 -0.660191
v -0.008159 -0.048900 0.170844
vt 0.452637 0.335449
vn 0.749760 0.044796 -0.660191
v -0.026105 -0.085663 0.174896
vt 0.430176 0.288086
vn 0.227661 0.048314 -0.972541
v -0.018163 -0.084981 0.169172
vt 0.441895 0.290527
vn 0.979438 0.027136 -0.199912
v -0.019771 -0.076664 0.169027
vt 0.439453 0.300781
vn 0.562090 0.009175 -0.827025
v -0.018163 -0.084981 0.169172
vt 0.441895 0.290527
vn 0.460911 0.056121 -0.885670
v -0.018108 -0.104672 0.164625
vt 0.441406 0.268066
vn 0.392154 0.243667 -0.887041
v -0.018024 -0.037063 0.171434
vt 0.912598 0.332031
vn 0.800307 0.495041 0.338295
v -0.019113 -0.037810 0.169018
vt 0.912109 0.328613
vn 0.762327 0.497159 0.414355
v -0.059349 -0.089759 0.133291
vt 0.263184 0.106934
vn 0.724201 0.651035 0.227347
v -0.048853 -0.079320 0.160470
vt 0.287598 0.136230
vn 0.720545 0.658586 0.216979
v -0.047936 -0.083229 0.161070
vt 0.290771 0.132324
vn 0.448457 0.623784 0.640141
v -0.058236 -0.093295 0.134024
vt 0.266602 0.104004
vn 0.443642 0.609033 0.657465
v -0.063097 -0.173739 0.183501
vt 0.646484 0.870239
vn -0.178739 0.966287 0.185316
v -0.112839 -0.257936 0.194540
vt 0.593262 0.979248
vn -0.141671 0.964567 0.222574
v -0.063926 -0.172708 0.185282
vt 0.649414 0.871094
vn -0.184159 0.966727 0.177551
v -0.048029 -0.145372 0.180327
vt 0.665039 0.834839
vn -0.303809 0.951597 0.046506
v -0.046636 -0.146362 0.179208
vt 0.662598 0.833862
vn -0.303809 0.951597 0.046506
v -0.018108 -0.104672 0.164625
vt 0.678223 0.770996
vn -0.335356 0.941968 0.015246
v -0.018163 -0.084981 0.169172
vt 0.699219 0.758057
vn -0.344485 0.937728 -0.044686
v -0.018929 -0.040372 0.171140
vt 0.916504 0.327637
vn 0.046416 0.445149 0.894253
v -0.019992 -0.040501 0.168556
vt 0.913574 0.325684
vn 0.015061 0.407463 0.913098
v -0.035712 -0.068993 0.169416
vt 0.930664 0.288086
vn 0.216197 0.324306 0.920915
v -0.035971 -0.067426 0.165637
vt 0.925293 0.287598
vn 0.007831 0.442483 0.896743
v -0.031961 -0.063033 0.170008
vt 0.927734 0.296387
vn 0.342093 0.342093 0.875183
v -0.144159 -0.262230 0.193542
vt 0.279297 0.064453
vn 0.807584 0.299542 -0.508018
v -0.145238 -0.253751 0.197362
vt 0.946777 0.006836
vn 0.816774 0.459951 0.348317
v -0.136770 -0.229832 0.184589
vt 0.943359 0.050781
vn 0.733974 0.449000 0.509590
v -0.131283 -0.213133 0.148955
vt 0.923828 0.083984
vn 0.740570 0.563284 0.366424
v -0.136770 -0.229832 0.184589
vt 0.943359 0.050781
vn 0.618383 0.582726 0.527288
v -0.035712 -0.068993 0.169416
vt 0.418945 0.310059
vn 0.843898 0.046888 -0.534450
v -0.036276 -0.076274 0.173725
vt 0.417969 0.299805
vn 0.846587 0.046521 -0.530214
v 0.258128 -0.049097 0.178880
vt 0.416504 0.958710
vn -0.274317 0.107136 0.955653
v 0.247754 -0.047453 0.143840
vt 0.419922 0.914246
vn -0.266317 0.107384 0.957885
v 0.262288 -0.016537 0.178765
vt 0.375244 0.954865
vn -0.213208 0.049179 0.975768
v 0.251703 -0.015868 0.143963
vt 0.381836 0.911194
vn -0.213208 0.049179 0.975768
v 0.298317 0.018754 0.193542
vt 0.835938 0.416992
vn 0.456827 0.000000 -0.889556
v 0.289661 0.018231 0.197619
vt 0.825195 0.416504
vn 0.461652 0.000000 -0.887061
v 0.287974 0.029316 0.197716
vt 0.822754 0.430176
vn 0.468302 0.000000 -0.883569
v 0.177588 0.036996 0.177349
vt 0.842285 0.154785
vn 0.030688 0.145652 -0.988860
v 0.174640 0.039612 0.153991
vt 0.873535 0.160645
vn 0.034341 0.152563 -0.987697
v 0.260835 0.059045 0.184589
vt 0.864746 0.041504
vn 0.124969 0.185688 -0.974629
v 0.243257 0.058986 0.148955
vt 0.885254 0.079590
vn 0.155423 0.197837 -0.967835
v 0.298369 -0.018771 0.193542
vt 0.835938 0.370117
vn 0.461652 0.000000 -0.887061
v 0.289566 -0.018189 0.197633
vt 0.825195 0.370605
vn 0.461652 0.000000 -0.887061
v 0.293568 -0.056049 0.193542
vt 0.830078 0.323242
vn 0.464951 0.000000 -0.885336
v 0.284943 -0.054304 0.197644
vt 0.819336 0.325195
vn 0.464951 0.000000 -0.885336
v 0.283442 -0.053960 0.194745
vt 0.932617 0.802368
vn -0.687994 0.231146 -0.687921
v 0.278159 -0.053074 0.194784
vt 0.939453 0.802368
vn -0.689665 0.220660 -0.689690
v 0.287963 -0.018073 0.194726
vt 0.932617 0.759766
vn -0.704286 0.089419 -0.704263
v 0.282811 -0.017764 0.194777
vt 0.939453 0.759766
vn -0.705544 0.067171 -0.705476
v 0.288130 0.018131 0.194712
vt 0.932617 0.718750
vn -0.787432 0.088712 -0.609985
v 0.282686 0.017713 0.194676
vt 0.939453 0.718750
vn -0.827041 0.141433 -0.544059
v 0.150907 0.010257 0.198671
vt 0.800781 0.914490
vn -0.076849 0.995273 0.059376
v 0.184291 0.015694 0.200423
vt 0.800781 0.874634
vn -0.129902 0.991149 0.027354
v 0.151452 0.005328 0.197430
vt 0.794922 0.914490
vn -0.090104 0.994575 0.051981
v 0.185036 0.010945 0.199299
vt 0.794922 0.874634
vn -0.123577 0.991855 0.030872
v 0.183668 0.000759 0.155240
vt 0.297363 0.849854
vn 0.978088 0.027103 -0.206418
v 0.154908 -0.006290 0.151108
vt 0.283203 0.816406
vn 0.979438 0.027136 -0.199912
v 0.184721 0.006311 0.183501
vt 0.269043 0.870483
vn 0.978088 0.027103 -0.206418
v 0.153597 -0.000884 0.179208
vt 0.252686 0.834229
vn 0.980806 0.033730 -0.192048
v 0.069811 0.010909 0.170008
vt 0.545410 0.412109
vn 0.773948 0.176931 -0.608030
v 0.076639 0.012634 0.169416
vt 0.553223 0.415039
vn 0.825151 0.434831 -0.360620
v 0.079009 -0.004896 0.169027
vt 0.557129 0.393066
vn 0.851393 0.368446 -0.373332
v 0.084275 0.002045 0.173176
vt 0.564453 0.402832
vn 0.844522 0.431863 -0.316665
v 0.251925 0.011360 0.144373
vt 0.350586 0.906677
vn 0.286204 0.011904 0.958095
v 0.262490 0.016658 0.178874
vt 0.332520 0.948944
vn 0.407998 0.039993 0.912107
v 0.258128 -0.049097 0.178880
vt 0.416504 0.958710
vn -0.305674 0.130973 0.943085
v 0.278159 -0.053074 0.194784
vt 0.415039 0.990135
vn -0.305674 0.130973 0.943085
v 0.262288 -0.016537 0.178765
vt 0.375244 0.954865
vn -0.226943 0.079819 0.970632
v 0.282811 -0.017764 0.194777
vt 0.372559 0.986053
vn -0.218102 0.075471 0.973003
v 0.262490 0.016658 0.178874
vt 0.332520 0.948944
vn 0.063841 0.007982 0.997928
v 0.282686 0.017713 0.194676
vt 0.332520 0.980835
vn -0.031864 0.003965 0.999484
v 0.280168 0.027601 0.194540
vt 0.322266 0.979431
vn 0.962940 0.190676 0.190758
v 0.280168 0.027601 0.194540
vt 0.939453 0.707275
vn -0.908558 0.348324 -0.230635
v 0.286314 0.029295 0.194832
vt 0.932617 0.707275
vn -0.906481 0.281111 -0.315069
v 0.092990 0.004237 0.180494
vt 0.594727 0.400879
vn 0.797791 0.472782 -0.374175
v 0.090361 0.005007 0.179475
vt 0.590820 0.401855
vn 0.813604 0.466343 -0.347237
v 0.087045 0.012780 0.178482
vt 0.586426 0.413086
vn 0.805145 0.457280 -0.377671
v 0.085382 0.010490 0.177721
vt 0.583984 0.409668
vn 0.813604 0.466343 -0.347237
v 0.150096 0.011110 0.201202
vt 0.649414 0.407227
vn 0.806291 0.318266 -0.498600
v 0.147476 0.023589 0.201257
vt 0.645996 0.422852
vn 0.806291 0.318266 -0.498600
v 0.184188 0.017022 0.203524
vt 0.692383 0.415039
vn 0.690488 0.000000 -0.723344
v 0.181231 0.030265 0.203470
vt 0.688477 0.431641
vn 0.690488 0.000000 -0.723344
v 0.145196 0.032959 0.150187
vt 0.875488 0.195312
vn -0.023260 0.123982 -0.992012
v 0.145545 0.029670 0.173213
vt 0.846680 0.196289
vn -0.019483 0.124457 -0.992034
v 0.260835 0.059045 0.184589
vt 0.864746 0.041504
vn 0.078286 0.417338 -0.905373
v 0.286200 0.059707 0.197362
vt 0.859375 0.005371
vn 0.027308 0.872930 -0.487080
v 0.281212 0.053870 0.198070
vt 0.851562 0.012207
vn 0.092163 0.464411 -0.880811
v 0.177588 0.036996 0.177349
vt 0.842285 0.154785
vn 0.023200 0.355291 -0.934468
v 0.181231 0.030265 0.203470
vt 0.810059 0.145508
vn 0.038400 0.368508 -0.928831
v 0.093956 0.019862 0.161070
vt 0.869141 0.263184
vn -0.098337 0.174804 -0.979680
v 0.145545 0.029670 0.173213
vt 0.846680 0.196289
vn -0.034400 0.221647 -0.974520
v 0.087045 0.012780 0.178482
vt 0.849609 0.277832
vn -0.084382 0.183380 -0.979414
v 0.147476 0.023589 0.201257
vt 0.810059 0.195801
vn -0.007859 0.242515 -0.970116
v 0.093956 0.019862 0.161070
vt 0.869141 0.263184
vn -0.074108 0.096290 -0.992591
v 0.106712 0.026547 0.134024
vt 0.892578 0.239746
vn -0.063217 0.104065 -0.992559
v 0.093956 0.019862 0.161070
vt 0.764160 0.479492
vn 0.571654 0.196824 -0.796538
v 0.083793 0.015646 0.164224
vt 0.751953 0.476074
vn 0.553675 0.000000 -0.832733
v 0.090522 0.021942 0.160470
vt 0.761230 0.483887
vn 0.484139 0.057958 -0.873070
v 0.083793 0.015646 0.164224
vt 0.871582 0.276855
vn -0.135033 0.142095 -0.980599
v 0.083827 0.013592 0.172325
vt 0.860352 0.279785
vn -0.115230 0.165614 -0.979436
v 0.079009 -0.004896 0.140423
vt 0.903320 0.642334
vn 0.428531 0.655408 0.621934
v 0.079009 -0.004896 0.169027
vt 0.912598 0.648682
vn 0.215386 0.709811 0.670654
v 0.063502 0.000083 0.142116
vt 0.897461 0.647217
vn 0.780050 0.337332 -0.527000
v 0.063502 0.000083 0.169804
vt 0.899414 0.657715
vn 0.767261 0.365345 -0.527099
v 0.049016 -0.007360 0.142239
vt 0.889648 0.646484
vn 0.244976 0.577671 -0.778642
v 0.049016 -0.007360 0.170844
vt 0.884277 0.654541
vn 0.182615 0.444030 -0.877205
v 0.283991 0.034319 0.198104
vt 0.817871 0.436523
vn 0.668990 0.000000 -0.743272
v 0.281212 0.053870 0.198070
vt 0.814453 0.460938
vn 0.668990 0.000000 -0.743272
v 0.282798 0.033370 0.195367
vt 0.936035 0.701904
vn -0.907349 0.355433 -0.224466
v 0.105132 -0.015133 0.164625
vt 0.237427 0.771362
vn 0.225377 0.000000 -0.974272
v 0.109876 -0.018578 0.135065
vt 0.271484 0.756958
vn 0.221356 0.006942 -0.975168
v 0.083738 0.010921 0.173725
vt 0.857422 0.282715
vn -0.183284 0.246697 -0.951603
v 0.083827 0.013592 0.172325
vt 0.860352 0.279785
vn -0.152797 0.277114 -0.948610
v 0.085382 0.010490 0.177721
vt 0.851074 0.281738
vn -0.195560 0.244418 -0.949745
v 0.087045 0.012780 0.178482
vt 0.849609 0.277832
vn -0.149504 0.284762 -0.946868
v 0.090156 0.003968 0.176040
vt 0.063477 0.787964
vn -0.107416 0.920438 0.375839
v 0.083738 0.010921 0.173725
vt 0.063477 0.798218
vn 0.273555 0.924278 0.266227
v 0.090361 0.005007 0.179475
vt 0.067383 0.787354
vn -0.024816 0.879680 0.474917
v 0.085382 0.010490 0.177721
vt 0.067383 0.795776
vn 0.188016 0.916685 0.352616
v 0.089525 -0.001654 0.174896
vt 0.794922 0.989883
vn 0.328363 0.943643 -0.041426
v 0.092649 0.003154 0.177022
vt 0.800781 0.989883
vn 0.351309 0.934656 -0.054767
v 0.092990 0.004237 0.180494
vt 0.067383 0.783447
vn -0.303710 0.903062 0.303710
v 0.092649 0.003154 0.177022
vt 0.063477 0.785522
vn -0.410191 0.888652 0.205038
v 0.150907 0.010257 0.198671
vt 0.063477 0.707764
vn -0.271557 0.906450 0.323426
v 0.150096 0.011110 0.201202
vt 0.067383 0.707764
vn -0.280292 0.904880 0.320357
v 0.184188 0.017022 0.203524
vt 0.067383 0.666748
vn -0.042146 0.876142 0.480206
v 0.184291 0.015694 0.200423
vt 0.063477 0.666748
vn -0.033557 0.875644 0.481790
v 0.236040 0.012882 0.156996
vt 0.329346 0.905518
vn 0.263712 0.000000 -0.964601
v 0.256296 0.020856 0.178478
vt 0.323975 0.942841
vn 0.980630 0.084985 -0.176472
v 0.244785 0.014407 0.153948
vt 0.337402 0.911011
vn 0.973454 0.219738 -0.064057
v 0.256296 0.020856 0.178478
vt 0.323975 0.942841
vn 0.978495 0.020545 -0.205244
v 0.282798 0.033370 0.195367
vt 0.063477 0.549316
vn 0.097789 0.896553 0.432007
v 0.283991 0.034319 0.198104
vt 0.067383 0.547852
vn 0.159603 0.909811 0.383105
v 0.280168 0.027601 0.194540
vt 0.794922 0.759399
vn 0.252593 0.959059 -0.128075
v 0.282798 0.033370 0.195367
vt 0.800781 0.759399
vn 0.242726 0.963579 -0.112248
v 0.092649 0.003154 0.177022
vt 0.575195 0.405273
vn 0.846484 0.462574 -0.263611
v 0.089525 -0.001654 0.174896
vt 0.571777 0.398926
vn 0.843843 0.474378 -0.250787
v 0.090156 0.003968 0.176040
vt 0.571777 0.406250
vn 0.813164 0.569604 -0.119648
v 0.084275 0.002045 0.173176
vt 0.564453 0.402832
vn 0.803379 0.584996 -0.111182
v 0.109876 -0.018578 0.135065
vt 0.621582 0.371582
vn 0.982381 0.006927 -0.186760
v 0.103863 -0.024754 0.131877
vt 0.621582 0.360840
vn 0.125298 0.171847 -0.977123
v 0.105132 -0.015133 0.164625
vt 0.588379 0.383789
vn 0.987292 0.027270 -0.156561
v 0.099090 -0.022126 0.163388
vt 0.583984 0.373047
vn 0.128518 0.164196 -0.978020
v 0.099090 -0.022126 0.163388
vt 0.583984 0.373047
vn 0.871206 0.062564 -0.486915
v 0.086452 -0.019382 0.166989
vt 0.567383 0.375488
vn 0.869031 0.063048 -0.490724
v 0.287974 0.029316 0.197716
vt 0.067383 0.541504
vn 0.471939 0.852798 0.223625
v 0.286314 0.029295 0.194832
vt 0.063477 0.542236
vn 0.433712 0.871474 0.228970
v 0.289661 0.018231 0.197619
vt 0.067383 0.529053
vn 0.545835 0.805117 0.232059
v 0.288130 0.018131 0.194712
vt 0.063477 0.529053
vn 0.553938 0.798571 0.235450
v 0.289566 -0.018189 0.197633
vt 0.067383 0.487793
vn 0.552809 0.787721 0.271841
v 0.287963 -0.018073 0.194726
vt 0.063477 0.487793
vn 0.554152 0.789674 0.263306
v 0.284943 -0.054304 0.197644
vt 0.067383 0.446289
vn 0.523105 0.775545 0.353400
v 0.283442 -0.053960 0.194745
vt 0.063477 0.446289
vn 0.524800 0.778008 0.345382
v 0.083738 0.010921 0.173725
vt 0.857422 0.282715
vn -0.358972 0.591669 -0.721850
v 0.076639 0.012634 0.169416
vt 0.870117 0.288086
vn -0.358972 0.591669 -0.721850
v 0.083827 0.013592 0.172325
vt 0.860352 0.279785
vn -0.260441 0.535524 -0.803359
v 0.184721 0.006311 0.183501
vt 0.269043 0.870483
vn 0.242532 0.020813 -0.969920
v 0.151452 0.005328 0.197430
vt 0.231812 0.846558
vn 0.980607 0.193778 -0.029333
v 0.153086 0.000747 0.180327
vt 0.250488 0.835205
vn 0.978582 0.205109 -0.017541
v 0.089525 -0.001654 0.174896
vt 0.209351 0.768311
vn 0.969822 0.236532 0.059147
v 0.086422 -0.008995 0.169172
vt 0.216309 0.758423
vn 0.967063 0.240234 0.084124
v 0.185036 0.010945 0.199299
vt 0.252686 0.882751
vn 0.984581 0.078253 -0.156450
v 0.183996 0.007418 0.185282
vt 0.266357 0.871460
vn 0.985229 0.084269 -0.149069
v 0.280168 0.027601 0.194540
vt 0.322266 0.979431
vn 0.983828 0.072151 -0.163940
v 0.063502 0.000083 0.169804
vt 0.538086 0.398438
vn 0.781237 0.042240 -0.622804
v 0.049016 -0.007360 0.170844
vt 0.520508 0.388672
vn 0.789267 0.041540 -0.612643
v 0.044232 0.005518 0.171140
vt 0.514160 0.404297
vn 0.776410 0.031495 -0.629440
v 0.086422 -0.008995 0.169172
vt 0.566406 0.388184
vn 0.782783 0.327945 -0.528869
v 0.089525 -0.001654 0.174896
vt 0.571777 0.398926
vn 0.772864 0.419734 -0.475924
v 0.086422 -0.008995 0.169172
vt 0.566406 0.388184
vn 0.785977 0.053109 -0.615971
v 0.079009 -0.004896 0.169027
vt 0.557129 0.393066
vn 0.808057 0.216941 -0.547704
v 0.103693 0.028698 0.133291
vt 0.796387 0.498535
vn 0.985792 0.090229 -0.141679
v 0.106712 0.026547 0.134024
vt 0.798828 0.494141
vn 0.955395 0.014085 -0.294996
v 0.090522 0.021942 0.160470
vt 0.761230 0.483887
vn 0.986248 0.096066 -0.134482
v 0.093956 0.019862 0.161070
vt 0.764160 0.479492
vn 0.956565 0.021057 -0.290759
v 0.183996 0.007418 0.185282
vt 0.266357 0.871460
vn 0.966981 0.237217 0.093141
v 0.280168 0.027601 0.194540
vt 0.322266 0.979431
vn 0.971814 0.229702 0.053046
v 0.184721 0.006311 0.183501
vt 0.269043 0.870483
vn 0.967934 0.234454 0.090196
v 0.153597 -0.000884 0.179208
vt 0.252686 0.834229
vn 0.932862 0.254701 0.254745
v 0.153086 0.000747 0.180327
vt 0.250488 0.835205
vn 0.932862 0.254701 0.254745
v 0.086422 -0.008995 0.169172
vt 0.216309 0.758423
vn 0.888253 0.274389 0.368398
v 0.105132 -0.015133 0.164625
vt 0.237427 0.771362
vn 0.918298 0.255089 0.302751
v 0.041853 0.006484 0.169018
vt 0.895020 0.326172
vn -0.110572 0.831033 -0.545122
v 0.044684 0.006489 0.168556
vt 0.894043 0.322266
vn -0.243216 0.145880 -0.958939
v 0.040806 0.005680 0.171434
vt 0.893555 0.329102
vn -0.111264 0.874626 -0.471858
v 0.044232 0.005518 0.171140
vt 0.891602 0.324707
vn -0.232121 0.159310 -0.959552
v 0.075229 0.013365 0.165637
vt 0.875977 0.287598
vn -0.207897 0.124722 -0.970167
v 0.076639 0.012634 0.169416
vt 0.870117 0.288086
vn -0.360986 0.468469 -0.806366
v 0.069811 0.010909 0.170008
vt 0.875000 0.296387
vn -0.421076 0.520126 -0.743077
v 0.293931 0.056061 0.193542
vt 0.830566 0.463867
vn 0.445666 0.000000 -0.895199
v 0.286200 0.059707 0.197362
vt 0.820801 0.468262
vn 0.453580 0.000000 -0.891216
v 0.284598 0.092458 0.193542
vt 0.818848 0.509277
vn 0.430121 0.000000 -0.902771
v 0.278660 0.090529 0.197170
vt 0.811035 0.506836
vn 0.430121 0.000000 -0.902771
v 0.286200 0.059707 0.197362
vt 0.859375 0.005371
vn -0.132380 0.978772 -0.156462
v 0.260835 0.059045 0.184589
vt 0.864746 0.041504
vn -0.156751 0.964406 -0.212957
v 0.278660 0.090529 0.197170
vt 0.903320 0.003906
vn -0.162227 0.973323 -0.162247
v 0.256499 0.083328 0.184712
vt 0.902344 0.035156
vn -0.153307 0.976217 -0.153288
v 0.243257 0.058986 0.148955
vt 0.885254 0.079590
vn -0.086644 0.976583 -0.196920
v 0.239940 0.077948 0.144032
vt 0.902832 0.082031
vn -0.164950 0.982188 -0.089988
v 0.260835 0.059045 0.184589
vt 0.864746 0.041504
vn -0.105501 0.945323 -0.308601
v 0.256499 0.083328 0.184712
vt 0.902344 0.035156
vn -0.168835 0.984171 -0.053866
v 0.044684 0.006489 0.168556
vt 0.704102 0.464355
vn 0.648279 0.000000 -0.761402
v 0.039972 0.020991 0.168556
vt 0.698242 0.481934
vn 0.648279 0.000000 -0.761402
v 0.075229 0.013365 0.165637
vt 0.741699 0.473145
vn 0.778904 0.010156 -0.627061
v 0.068313 0.033204 0.165679
vt 0.732910 0.497070
vn 0.638215 0.000000 -0.769858
v 0.083738 0.010921 0.173725
vt 0.562988 0.413574
vn 0.799713 0.583921 -0.139623
v 0.076639 0.012634 0.169416
vt 0.553223 0.415039
vn 0.799470 0.579051 -0.159833
v 0.105132 -0.015133 0.164625
vt 0.588379 0.383789
vn 0.899930 0.187489 -0.393668
v 0.194313 0.160760 0.143963
vt 0.533691 0.911011
vn 0.741837 0.432706 0.512292
v 0.172553 0.183992 0.143840
vt 0.495850 0.914124
vn 0.821314 0.437126 0.366557
v 0.202483 0.167523 0.178765
vt 0.540527 0.954712
vn 0.741837 0.432706 0.512292
v 0.179980 0.191420 0.178880
vt 0.499268 0.958618
vn 0.818383 0.439984 0.369680
v 0.250215 0.145526 0.197716
vt 0.775391 0.575928
vn 0.493453 0.000000 -0.869773
v 0.245064 0.155485 0.197619
vt 0.769043 0.588379
vn 0.493453 0.000000 -0.869773
v 0.252375 0.160150 0.193542
vt 0.778320 0.594238
vn 0.489901 0.000000 -0.871778
v 0.231478 0.095238 0.148955
vt 0.924316 0.083984
vn -0.456935 0.814470 0.357559
v 0.164578 0.070580 0.153991
vt 0.933594 0.160156
vn -0.130913 0.815458 0.563818
v 0.245733 0.105523 0.184589
vt 0.943848 0.050781
vn -0.386122 0.823023 0.416585
v 0.165426 0.074429 0.177349
vt 0.964355 0.155762
vn -0.129835 0.818793 0.559214
v 0.223580 0.184894 0.197633
vt 0.741699 0.625488
vn 0.505733 0.000000 -0.862690
v 0.230360 0.190539 0.193542
vt 0.750488 0.632568
vn 0.505733 0.000000 -0.862690
v 0.198612 0.211395 0.197644
vt 0.710449 0.658691
vn 0.522186 0.000000 -0.852832
v 0.204564 0.217876 0.193542
vt 0.717773 0.666748
vn 0.522186 0.000000 -0.852832
v 0.193847 0.206412 0.194784
vt 0.975098 0.889221
vn -0.813431 0.406678 0.415864
v 0.197600 0.210234 0.194745
vt 0.968262 0.889221
vn -0.807079 0.403527 0.431032
v 0.218366 0.180580 0.194777
vt 0.975098 0.931885
vn -0.860671 0.430276 0.272229
v 0.222351 0.183858 0.194726
vt 0.968262 0.931885
vn -0.856787 0.428358 0.287099
v 0.239117 0.151804 0.194676
vt 0.975098 0.973038
vn -0.892562 0.446227 0.064922
v 0.243768 0.154666 0.194712
vt 0.968262 0.973038
vn -0.888798 0.444366 0.112145
v 0.156138 0.099883 0.199299
vt 0.766602 0.869995
vn -0.226942 0.867859 -0.441949
v 0.158327 0.095603 0.200423
vt 0.760742 0.869995
vn -0.222003 0.872089 -0.436091
v 0.125667 0.084687 0.197430
vt 0.766602 0.911438
vn -0.242684 0.851203 -0.465359
v 0.128123 0.080379 0.198671
vt 0.760742 0.911438
vn -0.250878 0.844129 -0.473820
v 0.123751 0.090973 0.179208
vt 0.662598 0.833984
vn -0.432862 0.670468 0.602581
v 0.121634 0.096117 0.151108
vt 0.632324 0.816162
vn -0.432862 0.670468 0.602581
v 0.153160 0.103446 0.183501
vt 0.646484 0.870239
vn -0.446373 0.669520 0.593712
v 0.149045 0.107319 0.155240
vt 0.618164 0.849609
vn -0.446373 0.669520 0.593712
v 0.069390 0.047857 0.173176
vt 0.544434 0.457520
vn 0.815986 0.433194 -0.382767
v 0.069437 0.034802 0.169416
vt 0.543945 0.440918
vn 0.732128 0.187176 -0.654946
v 0.061049 0.050377 0.169027
vt 0.532715 0.460449
vn 0.814279 0.354955 -0.459299
v 0.062898 0.032184 0.170008
vt 0.535645 0.437988
vn 0.626968 0.050161 -0.777429
v 0.222158 0.140787 0.178874
vt 0.583008 0.948700
vn 0.508420 0.422328 0.750432
v 0.210496 0.138863 0.144373
vt 0.565430 0.906433
vn 0.575878 0.433968 0.692847
v 0.193847 0.206412 0.194784
vt 0.500977 0.990021
vn 0.841110 0.442442 0.311094
v 0.179980 0.191420 0.178880
vt 0.499268 0.958618
vn 0.841110 0.442442 0.311094
v 0.218366 0.180580 0.194777
vt 0.542969 0.985863
vn 0.788991 0.429975 0.438879
v 0.202483 0.167523 0.178765
vt 0.540527 0.954712
vn 0.792053 0.431604 0.431705
v 0.239117 0.151804 0.194676
vt 0.583496 0.980576
vn 0.671153 0.367734 0.643681
v 0.222158 0.140787 0.178874
vt 0.583008 0.948700
vn 0.651989 0.362729 0.665836
v 0.242892 0.142325 0.194540
vt 0.593262 0.979156
vn -0.007039 0.284443 0.958667
v 0.219614 0.133750 0.178478
vt 0.591797 0.942566
vn -0.399004 0.639996 0.656659
v 0.248860 0.144567 0.194832
vt 0.968262 0.984329
vn -0.912366 0.399924 -0.087465
v 0.242892 0.142325 0.194540
vt 0.975098 0.984329
vn -0.908549 0.395008 -0.136041
v 0.075250 0.041676 0.177721
vt 0.569336 0.454102
vn 0.816419 0.418425 -0.397970
v 0.076055 0.049038 0.179475
vt 0.570312 0.464844
vn 0.816419 0.418425 -0.397970
v 0.077940 0.040800 0.178482
vt 0.573242 0.453125
vn 0.784071 0.483276 -0.389457
v 0.077729 0.051206 0.180494
vt 0.572754 0.467773
vn 0.764664 0.525713 -0.372714
v 0.266643 0.119896 0.197362
vt 0.795898 0.543701
vn 0.464951 0.000000 -0.885336
v 0.249934 0.139137 0.198104
vt 0.774902 0.567871
vn 0.674313 0.000000 -0.738446
v 0.259177 0.121686 0.198070
vt 0.786621 0.546143
vn 0.674313 0.000000 -0.738446
v 0.164416 0.082016 0.203470
vt 0.667480 0.496582
vn 0.690488 0.000000 -0.723344
v 0.133184 0.067576 0.201257
vt 0.628418 0.478027
vn 0.783925 0.365832 -0.501626
v 0.159024 0.094468 0.203524
vt 0.660645 0.511963
vn 0.690488 0.000000 -0.723344
v 0.127968 0.079212 0.201202
vt 0.621582 0.492676
vn 0.786896 0.356752 -0.503510
v 0.135196 0.061522 0.173213
vt 0.958008 0.197754
vn 0.019268 0.805009 0.592949
v 0.136847 0.058656 0.150187
vt 0.929688 0.194336
vn 0.038453 0.812463 0.581743
v 0.259177 0.121686 0.198070
vt 0.954590 0.013672
vn -0.568446 0.819404 0.073802
v 0.266643 0.119896 0.197362
vt 0.947266 0.006836
vn -0.463275 0.879157 -0.111625
v 0.245733 0.105523 0.184589
vt 0.943848 0.050781
vn -0.687541 0.726104 -0.007743
v 0.164416 0.082016 0.203470
vt 0.997070 0.148438
vn -0.262899 0.899448 0.349110
v 0.165426 0.074429 0.177349
vt 0.964355 0.155762
vn -0.240079 0.898131 0.368407
v 0.133184 0.067576 0.201257
vt 0.994141 0.199219
vn -0.089795 0.857192 0.507109
v 0.135196 0.061522 0.173213
vt 0.958008 0.197754
vn -0.026871 0.845915 0.532640
v 0.077940 0.040800 0.178482
vt 0.948730 0.278809
vn 0.077694 0.871911 0.483462
v 0.087694 0.039133 0.161070
vt 0.929199 0.263184
vn 0.110879 0.882853 0.456373
v 0.101944 0.041223 0.134024
vt 0.910645 0.237305
vn 0.128281 0.856784 0.499464
v 0.087694 0.039133 0.161070
vt 0.929199 0.263184
vn 0.154105 0.865806 0.476058
v 0.086139 0.035432 0.160470
vt 0.755859 0.500488
vn 0.909220 0.056093 -0.412519
v 0.076994 0.036570 0.164224
vt 0.743652 0.501221
vn 0.846128 0.017946 -0.532677
v 0.087694 0.039133 0.161070
vt 0.755859 0.505371
vn 0.905570 0.056624 -0.420401
v 0.075814 0.038252 0.172325
vt 0.938477 0.280273
vn 0.157609 0.896104 0.414919
v 0.076994 0.036570 0.164224
vt 0.927734 0.276855
vn 0.194833 0.905257 0.377557
v 0.077940 0.040800 0.178482
vt 0.948730 0.278809
vn 0.123979 0.918321 0.375920
v 0.075814 0.038252 0.172325
vt 0.938477 0.280273
vn 0.139613 0.919105 0.368448
v 0.075250 0.041676 0.177721
vt 0.947266 0.282715
vn 0.194308 0.930589 0.310240
v 0.074173 0.040361 0.173725
vt 0.941406 0.283203
vn 0.189757 0.925984 0.326413
v 0.058557 0.066472 0.166989
vt 0.884766 0.603516
vn 0.874391 0.186861 0.447799
v 0.061049 0.050377 0.169027
vt 0.901367 0.604248
vn -0.192331 0.358674 0.913434
v 0.058557 0.066472 0.138385
vt 0.888672 0.593750
vn 0.859759 0.216718 0.462437
v 0.061049 0.050377 0.140423
vt 0.895996 0.594727
vn -0.161584 0.312046 0.936225
v 0.051431 0.037234 0.169804
vt 0.913086 0.593018
vn -0.256740 0.735529 0.626962
v 0.051431 0.037234 0.142116
vt 0.902832 0.589844
vn -0.106525 0.724034 0.681489
v 0.248411 0.139203 0.195368
vt 0.971680 0.989883
vn -0.907223 0.396348 -0.140911
v 0.077980 0.079590 0.135065
vt 0.644043 0.756714
vn -0.456750 0.698000 0.551521
v 0.076167 0.074014 0.164625
vt 0.678223 0.771118
vn -0.448261 0.689514 0.568887
v 0.075250 0.041676 0.177721
vt 0.050568 0.012207
vn 0.434038 0.732428 0.524557
v 0.074173 0.040361 0.173725
vt 0.046753 0.009766
vn 0.537429 0.748885 0.387739
v 0.076055 0.049038 0.179475
vt 0.050568 0.020508
vn 0.210243 0.617615 0.757858
v 0.075278 0.049758 0.176040
vt 0.046753 0.020020
vn 0.172621 0.542540 0.822102
v 0.076816 0.051882 0.177022
vt 0.760742 0.989883
vn -0.449269 0.343010 -0.824926
v 0.071463 0.053935 0.174896
vt 0.766602 0.989883
vn -0.437346 0.400541 -0.805168
v 0.076816 0.051882 0.177022
vt 0.046753 0.022461
vn -0.176576 0.521635 0.834696
v 0.077729 0.051206 0.180494
vt 0.050568 0.024414
vn -0.073541 0.502243 0.861593
v 0.127968 0.079212 0.201202
vt 0.050568 0.101074
vn -0.040767 0.488709 0.871494
v 0.128123 0.080379 0.198671
vt 0.046753 0.101562
vn -0.032793 0.487470 0.872524
v 0.158327 0.095603 0.200423
vt 0.046753 0.143066
vn 0.186064 0.620223 0.762039
v 0.159024 0.094468 0.203524
vt 0.050568 0.143066
vn 0.177379 0.616359 0.767227
v 0.206511 0.132201 0.153948
vt 0.578125 0.910767
vn -0.407228 0.512890 0.755718
v 0.219614 0.133750 0.178478
vt 0.591797 0.942566
vn -0.410522 0.623938 0.664961
v 0.198540 0.128295 0.156996
vt 0.586426 0.905273
vn -0.506477 0.672480 0.539678
v 0.249934 0.139137 0.198104
vt 0.050568 0.264160
vn 0.393324 0.727194 0.562570
v 0.248411 0.139203 0.195368
vt 0.046753 0.262695
vn 0.326905 0.699227 0.635779
v 0.248411 0.139203 0.195368
vt 0.760742 0.750122
vn -0.486987 0.582484 -0.650812
v 0.242892 0.142325 0.194540
vt 0.766602 0.750122
vn -0.501643 0.561420 -0.658150
v 0.069390 0.047857 0.173176
vt 0.544434 0.457520
vn 0.809947 0.543008 -0.221648
v 0.071463 0.053935 0.174896
vt 0.547363 0.464844
vn 0.815616 0.492272 -0.304036
v 0.075278 0.049758 0.176040
vt 0.552246 0.459961
vn 0.809809 0.520920 -0.269912
v 0.076816 0.051882 0.177022
vt 0.554688 0.462402
vn 0.813787 0.487295 -0.316692
v 0.076167 0.074014 0.164625
vt 0.550293 0.487793
vn 0.454405 0.371791 -0.809498
v 0.077980 0.079590 0.135065
vt 0.567871 0.519043
vn 0.423409 0.332424 -0.842745
v 0.248860 0.144567 0.194832
vt 0.046753 0.270020
vn 0.506524 0.832809 0.223302
v 0.250215 0.145526 0.197716
vt 0.050568 0.270508
vn 0.471939 0.852798 0.223625
v 0.243768 0.154666 0.194712
vt 0.046753 0.282715
vn 0.388765 0.890274 0.237220
v 0.245064 0.155485 0.197619
vt 0.050568 0.282715
vn 0.394208 0.886985 0.240537
v 0.222351 0.183858 0.194726
vt 0.046753 0.323730
vn 0.355484 0.900288 0.251223
v 0.223580 0.184894 0.197633
vt 0.050568 0.323730
vn 0.355484 0.900288 0.251223
v 0.197600 0.210234 0.194745
vt 0.046753 0.365234
vn 0.308394 0.909845 0.277626
v 0.198612 0.211395 0.197644
vt 0.050568 0.365234
vn 0.308394 0.909845 0.277626
v 0.075814 0.038252 0.172325
vt 0.938477 0.280273
vn 0.126098 0.975693 0.179227
v 0.069437 0.034802 0.169416
vt 0.930176 0.288086
vn 0.211936 0.976247 0.044992
v 0.074173 0.040361 0.173725
vt 0.941406 0.283203
vn 0.217427 0.975190 0.041602
v 0.153160 0.103446 0.183501
vt 0.646484 0.870239
vn -0.493949 0.694026 0.523778
v 0.064637 0.058051 0.169172
vt 0.699219 0.758057
vn -0.240359 0.428069 0.871197
v 0.124296 0.089354 0.180327
vt 0.665039 0.834839
vn -0.315385 0.528199 0.788377
v 0.071463 0.053935 0.174896
vt 0.706055 0.767822
vn -0.257722 0.447184 0.856508
v 0.125667 0.084687 0.197430
vt 0.683594 0.846191
vn -0.323399 0.540233 0.776893
v 0.153224 0.102125 0.185282
vt 0.649414 0.871094
vn -0.412792 0.631554 0.656310
v 0.156138 0.099883 0.199299
vt 0.663086 0.882446
vn -0.421886 0.636924 0.645245
v 0.242892 0.142325 0.194540
vt 0.593262 0.979156
vn -0.424165 0.640345 0.640345
v 0.051431 0.037234 0.169804
vt 0.521484 0.443848
vn 0.763947 0.043674 -0.643799
v 0.039036 0.021511 0.171140
vt 0.506836 0.423828
vn 0.781862 0.053564 -0.621146
v 0.035336 0.034741 0.170844
vt 0.501953 0.439941
vn 0.781862 0.053564 -0.621146
v 0.071463 0.053935 0.174896
vt 0.547363 0.464844
vn 0.674124 0.735396 -0.068919
v 0.064637 0.058051 0.169172
vt 0.536621 0.470215
vn 0.680780 0.730781 -0.049978
v 0.061049 0.050377 0.169027
vt 0.532715 0.460449
vn 0.807584 0.299542 -0.508018
v 0.064637 0.058051 0.169172
vt 0.536621 0.470215
vn 0.782678 0.391339 -0.484013
v 0.076167 0.074014 0.164625
vt 0.550293 0.487793
vn 0.680960 0.611472 -0.402983
v 0.036359 0.019366 0.171434
vt 0.911621 0.332031
vn -0.188791 0.981531 -0.030885
v 0.037679 0.019331 0.169018
vt 0.911133 0.328613
vn -0.174173 0.984692 0.006705
v 0.100766 0.037708 0.133291
vt 0.792969 0.509277
vn 0.990270 0.112826 -0.081465
v 0.086139 0.035432 0.160470
vt 0.755859 0.500488
vn 0.990270 0.112826 -0.081465
v 0.087694 0.039133 0.161070
vt 0.755859 0.505371
vn 0.992776 0.113832 -0.037915
v 0.101944 0.041223 0.134024
vt 0.791992 0.513916
vn 0.992776 0.113832 -0.037915
v 0.153160 0.103446 0.183501
vt 0.646484 0.870239
vn -0.233241 0.428845 0.872749
v 0.242892 0.142325 0.194540
vt 0.593262 0.979156
vn -0.258893 0.460608 0.849008
v 0.153224 0.102125 0.185282
vt 0.649414 0.871094
vn -0.225332 0.420580 0.878828
v 0.124296 0.089354 0.180327
vt 0.665039 0.834839
vn -0.116062 0.290040 0.949951
v 0.123751 0.090973 0.179208
vt 0.662598 0.833984
vn -0.115264 0.288068 0.950648
v 0.076167 0.074014 0.164625
vt 0.678223 0.771118
vn -0.086162 0.258445 0.962176
v 0.064637 0.058051 0.169172
vt 0.699219 0.758057
vn -0.064713 0.201197 0.977411
v 0.039036 0.021511 0.171140
vt 0.915527 0.327637
vn 0.230348 0.928931 0.289875
v 0.039972 0.020991 0.168556
vt 0.913086 0.325684
vn 0.273937 0.929979 0.245148
v 0.069437 0.034802 0.169416
vt 0.930176 0.288086
vn 0.256933 0.965125 0.050183
v 0.068725 0.033382 0.165637
vt 0.924805 0.287598
vn 0.249336 0.915542 0.315618
v 0.062898 0.032184 0.170008
vt 0.926758 0.296875
vn 0.199684 0.979098 0.038659
v 0.068364 0.033307 0.165909
vt 0.924805 0.288086
vn 0.186245 0.919754 0.345492
v 0.068313 0.033204 0.165679
vt 0.924316 0.288086
vn 0.081755 0.895459 0.437572
v 0.270755 0.127390 0.193542
vt 0.801270 0.553223
vn 0.464951 0.000000 -0.885336
v 0.266643 0.119896 0.197362
vt 0.947266 0.006836
vn -0.142774 0.988232 -0.054884
v 0.245733 0.105523 0.184589
vt 0.943848 0.050781
vn -0.099157 0.994914 0.017694
v 0.231478 0.095238 0.148955
vt 0.924316 0.083984
vn -0.222785 0.973848 0.044565
v 0.245733 0.105523 0.184589
vt 0.943848 0.050781
vn -0.138717 0.977556 0.158559
v 0.069437 0.034802 0.169416
vt 0.543945 0.440918
vn 0.818558 0.527522 -0.227340
v 0.074173 0.040361 0.173725
vt 0.550293 0.448242
vn 0.816183 0.528940 -0.232525
v 0.004057 0.032234 0.171793
vt 0.624512 0.648926
vn 0.776990 0.099919 -0.621533
v 0.004264 0.033613 0.172253
vt 0.624512 0.650635
vn 0.776990 0.099919 -0.621533
v 0.018856 0.025191 0.171794
vt 0.642578 0.640869
vn 0.836005 0.311580 -0.451679
v 0.019681 0.026278 0.172271
vt 0.643555 0.642334
vn 0.836005 0.311580 -0.451679
v -0.013068 0.031072 0.172276
vt 0.603516 0.646729
vn 0.794652 0.009908 -0.606984
v -0.012528 0.029800 0.171793
vt 0.604004 0.645020
vn 0.794652 0.009908 -0.606984
v 0.029790 0.012640 0.171793
vt 0.656738 0.625977
vn 0.837637 0.421270 -0.347700
v 0.031067 0.013205 0.172254
vt 0.658203 0.626709
vn 0.837637 0.421270 -0.347700
v -0.026897 0.020364 0.172284
vt 0.586914 0.633057
vn 0.540313 0.000000 -0.841464
v -0.025790 0.019530 0.171793
vt 0.588379 0.631836
vn 0.540313 0.000000 -0.841464
v -0.033445 0.003994 0.172253
vt 0.579590 0.612549
vn 0.879996 0.033879 -0.473771
v -0.032063 0.003856 0.171793
vt 0.581543 0.612549
vn 0.879996 0.033879 -0.473771
v -0.030341 -0.012900 0.172271
vt 0.583984 0.592041
vn 0.883680 0.051235 -0.465278
v -0.029082 -0.012361 0.171793
vt 0.585938 0.592773
vn 0.888569 0.059558 -0.454860
v -0.020136 -0.026958 0.172257
vt 0.597168 0.575195
vn 0.856519 0.065193 -0.511982
v -0.019295 -0.025844 0.171793
vt 0.598145 0.576660
vn 0.856519 0.065193 -0.511982
v 0.025781 -0.019436 0.171792
vt 0.653320 0.586670
vn 0.818563 0.362642 -0.445471
v 0.026896 -0.020262 0.172289
vt 0.654785 0.585449
vn 0.818563 0.362642 -0.445471
v 0.012642 -0.029686 0.171792
vt 0.637695 0.573486
vn 0.796814 0.207406 -0.567512
v 0.013164 -0.030973 0.172274
vt 0.638184 0.571777
vn 0.789528 0.197394 -0.581104
v 0.033091 -0.004078 0.172273
vt 0.661621 0.605713
vn 0.825043 0.437392 -0.357761
v 0.031726 -0.003908 0.171793
vt 0.659668 0.605713
vn 0.825043 0.437392 -0.357761
v -0.003849 -0.031489 0.171793
vt 0.617676 0.570557
vn 0.773305 0.054473 -0.631690
v -0.004016 -0.032850 0.172271
vt 0.617188 0.568604
vn 0.773305 0.054473 -0.631690
v 0.007195 0.040555 0.171434
vt 0.467285 0.445801
vn 0.754625 0.044408 -0.654652
v 0.004264 0.033613 0.172253
vt 0.463867 0.437012
vn 0.749760 0.044796 -0.660191
v -0.007195 0.040555 0.171434
vt 0.449463 0.445312
vn 0.764245 0.066964 -0.641440
v -0.013068 0.031072 0.172276
vt 0.442871 0.433105
vn 0.772098 0.100002 -0.627587
v 0.019681 0.026278 0.172271
vt 0.483154 0.428711
vn 0.772768 0.042936 -0.633235
v -0.040806 0.005680 0.171434
vt 0.409912 0.400879
vn 0.804133 0.184756 -0.565009
v -0.033445 0.003994 0.172253
vt 0.418945 0.398926
vn 0.806824 0.194936 -0.557705
v -0.030341 -0.012900 0.172271
vt 0.423584 0.378418
vn 0.787155 0.143132 -0.599916
v -0.026897 0.020364 0.172284
vt 0.426270 0.419434
vn 0.775076 0.121796 -0.620019
v -0.036359 0.019366 0.171434
vt 0.414795 0.417969
vn 0.789143 0.164403 -0.591798
v 0.013164 -0.030973 0.172274
vt 0.477783 0.358398
vn 0.768410 0.043329 -0.638490
v 0.026896 -0.020262 0.172289
vt 0.494141 0.372070
vn 0.789267 0.041540 -0.612643
v 0.018024 -0.037063 0.171434
vt 0.484131 0.351074
vn 0.785291 0.041890 -0.617707
v 0.029666 -0.028604 0.171434
vt 0.498047 0.361816
vn 0.793908 0.052242 -0.605789
v -0.004016 -0.032850 0.172271
vt 0.456787 0.354980
vn 0.749760 0.044796 -0.660191
v -0.018024 -0.037063 0.171434
vt 0.439941 0.349121
vn 0.772098 0.100002 -0.627587
v -0.020136 -0.026958 0.172257
vt 0.436768 0.361816
vn 0.783612 0.132469 -0.606963
v -0.029666 -0.028604 0.171434
vt 0.425049 0.359375
vn 0.783612 0.132469 -0.606963
v 0.036359 0.019366 0.171434
vt 0.503906 0.420898
vn 0.801414 0.051373 -0.595899
v 0.031067 0.013205 0.172254
vt 0.497803 0.413086
vn 0.796893 0.040884 -0.602736
v 0.033091 -0.004078 0.172273
vt 0.500977 0.392090
vn 0.793147 0.041235 -0.607633
v 0.040806 0.005680 0.171434
vt 0.510254 0.404297
vn 0.800583 0.040578 -0.597846
v 0.004057 0.032234 0.171793
vt 0.319336 0.645508
vn 0.749760 0.044796 -0.660191
v 0.018856 0.025191 0.171794
vt 0.337891 0.637695
vn 0.772768 0.042936 -0.633235
v -0.000159 0.000352 0.173970
vt 0.315674 0.606445
vn 0.749760 0.044796 -0.660191
v -0.025790 0.019530 0.171793
vt 0.283447 0.628662
vn 0.779935 0.121687 -0.613916
v -0.012528 0.029800 0.171793
vt 0.299316 0.641846
vn 0.763618 0.078050 -0.640933
v -0.032063 0.003856 0.171793
vt 0.276367 0.609131
vn 0.783612 0.132469 -0.606963
v -0.029082 -0.012361 0.171793
vt 0.280762 0.589355
vn 0.779935 0.121687 -0.613916
v 0.025781 -0.019436 0.171792
vt 0.348389 0.583252
vn 0.777063 0.042588 -0.627981
v 0.012642 -0.029686 0.171792
vt 0.332764 0.570068
vn 0.763947 0.043674 -0.643799
v 0.031726 -0.003908 0.171793
vt 0.354980 0.602539
vn 0.785291 0.041890 -0.617707
v -0.019295 -0.025844 0.171793
vt 0.293457 0.573486
vn 0.767922 0.089067 -0.634321
v -0.003849 -0.031489 0.171793
vt 0.312744 0.567139
vn 0.749760 0.044796 -0.660191
v 0.029790 0.012640 0.171793
vt 0.351807 0.622803
vn 0.781237 0.042240 -0.622804
v 0.068725 0.033382 0.165637
vt 0.733398 0.497559
vn 0.613287 0.000000 -0.789860
v -0.006754 0.041799 0.169018
vt 0.452393 0.641357
vn 0.707118 0.000000 -0.707096
v 0.006754 0.041799 0.169018
vt 0.468994 0.641357
vn 0.707118 0.000000 -0.707096
v 0.037679 0.019331 0.169018
vt 0.695312 0.479980
vn 0.603861 0.000000 -0.797089
v 0.041853 0.006484 0.169018
vt 0.700195 0.464355
vn 0.603861 0.000000 -0.797089
v 0.030041 -0.029870 0.169018
vt 0.611328 0.199219
vn 0.796014 0.030260 -0.604521
v 0.019113 -0.037810 0.169018
vt 0.598145 0.188965
vn 0.796014 0.030260 -0.604521
v -0.019113 -0.037810 0.169018
vt 0.324463 0.188477
vn 0.772808 0.143538 -0.618195
v -0.030041 -0.029870 0.169018
vt 0.311035 0.198242
vn 0.772808 0.143538 -0.618195
v 0.061049 0.050377 0.140423
vt 0.895996 0.594727
vn 0.022729 0.064478 0.997660
v 0.051431 0.037234 0.142116
vt 0.902832 0.589844
vn 0.030424 0.068491 0.997188
v 0.058557 0.066472 0.138385
vt 0.888672 0.593750
vn 0.038170 0.072539 0.996635
v 0.045136 0.076222 0.138385
vt 0.885254 0.587646
vn 0.038170 0.072539 0.996635
v 0.029059 0.073619 0.140423
vt 0.884277 0.580078
vn 0.071049 0.071049 0.994939
v 0.045136 0.076222 0.138385
vt 0.885254 0.587646
vn 0.062950 0.066900 0.995772
v 0.035336 0.034741 0.142239
vt 0.903320 0.581543
vn 0.046895 0.058640 0.997177
v 0.051431 0.037234 0.142116
vt 0.902832 0.589844
vn 0.038947 0.054532 0.997752
v 0.019531 0.060411 0.142116
vt 0.890137 0.574707
vn 0.124127 0.078623 0.989146
v 0.029059 0.073619 0.140423
vt 0.884277 0.580078
vn 0.106117 0.069385 0.991930
v 0.022134 0.044333 0.142239
vt 0.897949 0.574951
vn 0.097252 0.068884 0.992873
v 0.035336 0.034741 0.142239
vt 0.903320 0.581543
vn 0.088856 0.064624 0.993946
v -0.029059 0.073619 0.140423
vt 0.890137 0.543457
vn 0.845573 0.465038 0.262194
v -0.019531 0.060411 0.142116
vt 0.897461 0.541016
vn 0.843673 0.464027 0.269990
v -0.035336 0.034741 0.142239
vt 0.898926 0.525391
vn 0.839906 0.462354 0.284229
v -0.022134 0.044333 0.142239
vt 0.901367 0.533691
vn 0.831647 0.458699 0.312984
v -0.045136 0.076222 0.138385
vt 0.883789 0.539795
vn 0.852798 0.471939 0.223625
v -0.029059 0.073619 0.140423
vt 0.890137 0.543457
vn 0.857122 0.473881 0.201936
v -0.051431 0.037234 0.142116
vt 0.891602 0.522461
vn 0.866344 0.477695 0.145789
v -0.035336 0.034741 0.142239
vt 0.898926 0.525391
vn 0.870555 0.479181 0.111894
v -0.058557 0.066472 0.138385
vt 0.881836 0.532471
vn 0.838782 0.477478 0.261648
v -0.045136 0.076222 0.138385
vt 0.883789 0.539795
vn 0.859871 0.482649 0.166347
v -0.061049 0.050377 0.140423
vt 0.883789 0.525879
vn 0.867211 0.485308 0.111448
v -0.051431 0.037234 0.142116
vt 0.891602 0.522461
vn 0.870343 0.486156 0.078453
v -0.051317 -0.037417 0.142116
vt 0.898926 0.472656
vn 0.744216 0.207956 -0.634741
v -0.066789 -0.042503 0.140423
vt 0.891602 0.470703
vn 0.747453 0.186887 -0.637484
v -0.043973 -0.022880 0.142239
vt 0.902832 0.479980
vn 0.750352 0.165521 -0.639981
v -0.049016 -0.007360 0.142239
vt 0.899902 0.487305
vn 0.750352 0.165521 -0.639981
v -0.063502 0.000083 0.142116
vt 0.892578 0.491211
vn 0.756728 0.154668 -0.635169
v -0.049016 -0.007360 0.142239
vt 0.899902 0.487305
vn 0.753975 0.176152 -0.632844
v -0.081326 -0.035159 0.138385
vt 0.885254 0.475098
vn 0.749217 0.207826 -0.628873
v -0.066789 -0.042503 0.140423
vt 0.891602 0.470703
vn 0.745800 0.230356 -0.625075
v -0.079009 -0.004896 0.140423
vt 0.884766 0.488281
vn 0.856910 0.278772 -0.433579
v -0.063502 0.000083 0.142116
vt 0.892578 0.491211
vn 0.874453 0.311595 -0.371808
v -0.086452 -0.019382 0.138385
vt 0.881836 0.480957
vn 0.884085 0.340029 -0.320583
v -0.081326 -0.035159 0.138385
vt 0.885254 0.475098
vn 0.887808 0.355142 -0.292695
v -0.008294 -0.088220 0.138385
vt 0.889160 0.418457
vn 0.926674 0.365984 -0.085618
v -0.019771 -0.076664 0.140423
vt 0.882812 0.421875
vn 0.927754 0.360140 -0.097837
v -0.008159 -0.048900 0.142239
vt 0.883789 0.436523
vn 0.929223 0.350961 -0.115631
v -0.019715 -0.060377 0.142116
vt 0.880371 0.429199
vn 0.930388 0.339815 -0.137494
v -0.008159 -0.048900 0.142239
vt 0.883789 0.436523
vn 0.915796 0.386521 -0.109176
v 0.008159 -0.048900 0.142239
vt 0.892090 0.439453
vn 0.913736 0.396926 -0.086810
v -0.008294 -0.088220 0.138385
vt 0.889160 0.418457
vn 0.910909 0.409302 -0.052121
v 0.008294 -0.088220 0.138385
vt 0.895996 0.421875
vn 0.908307 0.416807 -0.035353
v 0.019771 -0.076664 0.140423
vt 0.900391 0.427246
vn 0.745694 0.228640 -0.625831
v 0.008294 -0.088220 0.138385
vt 0.895996 0.421875
vn 0.755173 0.122155 -0.644044
v 0.019715 -0.060377 0.142116
vt 0.898926 0.434570
vn 0.790503 0.153719 -0.592854
v 0.008159 -0.048900 0.142239
vt 0.892090 0.439453
vn 0.810081 0.174013 -0.559900
v 0.051317 -0.037417 0.142116
vt 0.886230 0.631348
vn 0.647256 0.385166 -0.657805
v 0.043973 -0.022880 0.142239
vt 0.885254 0.639160
vn 0.641833 0.403146 -0.652322
v 0.063502 0.000083 0.142116
vt 0.897461 0.647217
vn 0.631373 0.435079 -0.641930
v 0.049016 -0.007360 0.142239
vt 0.889648 0.646484
vn 0.610875 0.490782 -0.621260
v 0.066789 -0.042503 0.140423
vt 0.893066 0.626709
vn 0.603984 0.372456 -0.704614
v 0.051317 -0.037417 0.142116
vt 0.886230 0.631348
vn 0.601708 0.381087 -0.701941
v 0.079009 -0.004896 0.140423
vt 0.903320 0.642334
vn 0.595911 0.400614 -0.695987
v 0.063502 0.000083 0.142116
vt 0.897461 0.647217
vn 0.593497 0.408964 -0.693189
v 0.081326 -0.035159 0.138385
vt 0.900391 0.628418
vn 0.579194 0.315929 -0.751480
v 0.066789 -0.042503 0.140423
vt 0.893066 0.626709
vn 0.580958 0.307266 -0.753708
v 0.086452 -0.019382 0.138385
vt 0.904297 0.634766
vn 0.580958 0.307266 -0.753708
v 0.079009 -0.004896 0.140423
vt 0.903320 0.642334
vn 0.582651 0.298570 -0.755893
v -0.086422 -0.008995 0.169172
vt 0.699219 0.758057
vn 0.511203 0.859454 0.003207
v -0.089537 -0.001644 0.174896
vt 0.706055 0.767822
vn 0.486972 0.873412 -0.003100
v -0.092649 0.003154 0.177022
vt 0.344727 0.397461
vn 0.514253 0.034315 -0.856952
v 0.282579 0.091835 -0.060608
vt 0.994141 0.557617
vn 0.027034 0.023158 -0.999366
v 0.269836 0.087694 0.153269
vt 0.937012 0.557617
vn 0.027021 0.007734 -0.999605
v 0.297123 0.000017 -0.060608
vt 0.994141 0.581299
vn 0.027040 0.000000 -0.999634
v 0.283724 0.000017 0.153269
vt 0.937012 0.581299
vn 0.027040 0.000000 -0.999634
v 0.282581 -0.091801 -0.060608
vt 0.994141 0.604736
vn 0.999788 0.007676 -0.019127
v 0.269837 -0.087660 0.153269
vt 0.937012 0.604736
vn 0.999737 0.022641 -0.003742
v 0.240375 -0.174632 -0.060608
vt 0.994141 0.628418
vn 0.999742 0.022701 0.000047
v 0.229535 -0.166756 0.153269
vt 0.937012 0.628418
vn 0.999636 0.019050 0.019114
v 0.174641 -0.240366 -0.060608
vt 0.994141 0.651855
vn 0.999627 0.022718 0.015150
v 0.166765 -0.229526 0.153268
vt 0.937012 0.651855
vn 0.999408 0.015364 0.030775
v 0.174641 -0.240366 -0.060608
vt 0.994629 0.416016
vn 0.999408 0.015364 0.030775
v 0.166765 -0.229526 0.153268
vt 0.937012 0.416016
vn 0.999023 0.011588 0.042638
v 0.091811 -0.282570 -0.060608
vt 0.994629 0.439453
vn 0.999023 0.011588 0.042638
v 0.087671 -0.269827 0.153268
vt 0.937012 0.439453
vn 0.998684 0.003907 0.051147
v -0.000009 -0.297114 -0.060608
vt 0.994629 0.462891
vn 0.998460 0.000016 0.055467
v -0.000008 -0.283715 0.153268
vt 0.937012 0.462891
vn 0.998460 0.000016 0.055467
v -0.091826 -0.282571 -0.060608
vt 0.994629 0.486328
vn -0.998685 0.003907 0.051114
v -0.087686 -0.269827 0.153268
vt 0.937012 0.486328
vn -0.999025 0.011587 0.042604
v -0.174656 -0.240366 -0.060608
vt 0.994629 0.510010
vn -0.999325 0.011601 0.034868
v -0.166780 -0.229526 0.153268
vt 0.937012 0.510010
vn -0.999636 0.019050 0.019082
v -0.240391 -0.174632 -0.060608
vt 0.994629 0.533691
vn -0.999636 0.019050 0.019082
v -0.229551 -0.166756 0.153269
vt 0.937012 0.533691
vn -0.999742 0.022701 0.000016
v -0.282595 -0.091801 -0.060608
vt 0.994629 0.557129
vn -0.999737 0.022610 -0.003773
v -0.269851 -0.087660 0.153269
vt 0.937012 0.557129
vn -0.999787 0.007644 -0.019158
v -0.297138 0.000017 -0.060608
vt 0.994629 0.580811
vn -0.027040 0.000000 -0.999634
v -0.283739 0.000017 0.153269
vt 0.937012 0.580811
vn -0.027040 0.000000 -0.999634
v -0.282596 0.091835 -0.060608
vt 0.994629 0.604492
vn -0.027020 0.007702 -0.999605
v -0.269852 0.087694 0.153269
vt 0.937012 0.604492
vn -0.027033 0.023125 -0.999367
v -0.240390 0.174666 -0.060608
vt 0.994629 0.627930
vn -0.023270 0.023238 -0.999459
v -0.229550 0.166790 0.153269
vt 0.937012 0.627930
vn -0.019458 0.038852 -0.999056
v -0.174656 0.240400 -0.060608
vt 0.994629 0.651367
vn -0.023247 0.038691 -0.998981
v -0.166781 0.229560 0.153269
vt 0.937012 0.651367
vn -0.015610 0.046797 -0.998782
v -0.174656 0.240400 -0.060608
vt 0.994141 0.416504
vn -0.015610 0.046797 -0.998782
v -0.166781 0.229560 0.153269
vt 0.937012 0.416504
vn -0.011765 0.054797 -0.998428
v -0.091826 0.282604 -0.060608
vt 0.994141 0.439941
vn -0.011765 0.054797 -0.998428
v -0.087686 0.269861 0.153269
vt 0.937012 0.439941
vn -0.003970 0.055227 -0.998466
v -0.000007 0.297148 -0.060608
vt 0.994141 0.463379
vn 0.000000 0.055483 -0.998460
v -0.000007 0.283749 0.153269
vt 0.937012 0.463379
vn 0.000000 0.055483 -0.998460
v 0.091811 0.282605 -0.060608
vt 0.994141 0.486816
vn 0.003970 0.055261 -0.998464
v 0.087670 0.269861 0.153269
vt 0.937012 0.486816
vn 0.011766 0.054832 -0.998426
v 0.174641 0.240400 -0.060608
vt 0.994141 0.510254
vn 0.011781 0.047027 -0.998824
v 0.166765 0.229560 0.153269
vt 0.937012 0.510254
vn 0.019459 0.038885 -0.999054
v 0.240376 0.174666 -0.060608
vt 0.994141 0.533936
vn 0.019459 0.038885 -0.999054
v 0.229535 0.166790 0.153269
vt 0.937012 0.533936
vn 0.023271 0.023271 -0.999458
v -0.048680 0.069937 0.136907
vt 0.103333 0.948425
vn -0.034487 0.000000 -0.999405
v -0.031889 0.069937 0.136907
vt 0.079590 0.907349
vn -0.104879 0.000000 -0.994485
v -0.048680 0.069937 0.167358
vt 0.077454 0.953979
vn -0.177379 0.000000 -0.984143
v -0.031889 0.069937 0.167358
vt 0.071472 0.932495
vn -0.236004 0.000000 -0.971752
v -0.057075 0.055396 0.136907
vt 0.079590 0.989487
vn 0.060155 0.202988 -0.977332
v -0.048680 0.069937 0.136907
vt 0.103333 0.948425
vn 0.026904 0.092243 -0.995373
v -0.057075 0.055396 0.167358
vt 0.061890 0.969894
vn -0.999565 0.011613 0.027108
v -0.048680 0.069937 0.167358
vt 0.077454 0.953979
vn -0.993466 0.040467 0.106711
v -0.048680 0.040855 0.136907
vt 0.032166 0.989479
vn -0.267559 0.925668 -0.267492
v -0.057075 0.055396 0.136907
vt 0.079590 0.989487
vn -0.299966 0.940567 -0.159232
v -0.048680 0.040855 0.167358
vt 0.040283 0.964355
vn -0.327348 0.942633 -0.065474
v -0.057075 0.055396 0.167358
vt 0.061890 0.969894
vn -0.341770 0.939764 0.006071
v -0.031889 0.040855 0.136907
vt 0.008469 0.948395
vn -0.100251 0.751871 0.651643
v -0.048680 0.040855 0.136907
vt 0.032166 0.989479
vn -0.308729 0.808965 0.500261
v -0.031889 0.040855 0.167358
vt 0.034302 0.942871
vn -0.494701 0.809885 0.315209
v -0.048680 0.040855 0.167358
vt 0.040283 0.964355
vn -0.606934 0.776457 0.169547
v -0.023494 0.055396 0.136907
vt 0.032196 0.907349
vn 0.144334 0.866253 0.478303
v -0.031889 0.040855 0.136907
vt 0.008469 0.948395
vn 0.070869 0.794926 0.602553
v -0.023494 0.055396 0.167358
vt 0.049896 0.926941
vn -0.032406 0.695843 0.717462
v -0.031889 0.040855 0.167358
vt 0.034302 0.942871
vn -0.107202 0.657800 0.745525
v -0.031889 0.069937 0.136907
vt 0.079590 0.907349
vn -0.267559 0.925668 -0.267492
v -0.023494 0.055396 0.136907
vt 0.032196 0.907349
vn -0.252089 0.878160 -0.406555
v -0.031889 0.069937 0.167358
vt 0.071472 0.932495
vn -0.232746 0.806811 -0.543034
v -0.023494 0.055396 0.167358
vt 0.049896 0.926941
vn -0.211162 0.731371 -0.648465
v -0.040285 0.055396 0.171801
vt 0.055878 0.948425
vn -0.136726 0.981125 -0.136745
v -0.031889 0.069937 0.167358
vt 0.071472 0.932495
vn -0.129510 0.941857 -0.310053
v -0.023494 0.055396 0.167358
vt 0.049896 0.926941
vn -0.155107 0.983363 -0.094543
v -0.048680 0.040855 0.167358
vt 0.040283 0.964355
vn -0.192082 0.980780 -0.034279
v -0.031889 0.040855 0.167358
vt 0.034302 0.942871
vn -0.209998 0.977680 -0.006542
v -0.048680 0.069937 0.167358
vt 0.077454 0.953979
vn -0.128655 0.919939 -0.370353
v -0.057075 0.055396 0.167358
vt 0.061890 0.969894
vn -0.131451 0.971915 -0.195195
v -0.081332 -0.024292 0.136907
vt 0.103333 0.948425
vn -0.998478 0.007786 0.054601
v -0.076143 -0.008323 0.136907
vt 0.079590 0.907349
vn -0.985223 0.033555 0.167955
v -0.081332 -0.024292 0.167358
vt 0.077515 0.953918
vn -0.953966 0.054597 0.294903
v -0.076143 -0.008323 0.167358
vt 0.071472 0.932434
vn -0.916315 0.075738 0.393232
v -0.070097 -0.036770 0.136907
vt 0.079590 0.989494
vn -0.077771 0.177693 -0.981008
v -0.081332 -0.024292 0.136907
vt 0.103333 0.948425
vn -0.034363 0.076330 -0.996490
v -0.070097 -0.036770 0.167358
vt 0.061951 0.969879
vn 0.999744 0.011623 0.019393
v -0.081332 -0.024292 0.167358
vt 0.077515 0.953918
vn 0.996229 0.053724 0.068124
v -0.053673 -0.033279 0.136907
vt 0.032166 0.989479
vn -0.892775 0.263737 -0.365233
v -0.070097 -0.036770 0.136907
vt 0.079590 0.989494
vn -0.881393 0.410976 -0.232905
v -0.053673 -0.033279 0.167358
vt 0.040314 0.964386
vn -0.841751 0.528585 -0.109787
v -0.070097 -0.036770 0.167358
vt 0.061951 0.969879
vn -0.799306 0.600350 -0.026262
v -0.048485 -0.017310 0.136907
vt 0.008469 0.948395
vn -0.021110 0.674610 0.737873
v -0.053673 -0.033279 0.136907
vt 0.032166 0.989479
vn -0.083986 0.615650 0.783532
v -0.048485 -0.017310 0.167358
vt 0.034271 0.942902
vn -0.125829 0.549292 0.826102
v -0.053673 -0.033279 0.167358
vt 0.040314 0.964386
vn -0.165894 0.501522 0.849091
v -0.059720 -0.004832 0.136907
vt 0.032196 0.907349
vn -0.190823 0.867746 0.458916
v -0.048485 -0.017310 0.136907
vt 0.008469 0.948395
vn -0.092323 0.794742 0.599885
v -0.059720 -0.004832 0.167358
vt 0.049835 0.926941
vn 0.032590 0.701238 0.712182
v -0.048485 -0.017310 0.167358
vt 0.034271 0.942902
vn 0.148748 0.689207 0.709132
v -0.076143 -0.008323 0.136907
vt 0.079590 0.907349
vn -0.892775 0.263737 -0.365233
v -0.059720 -0.004832 0.136907
vt 0.032196 0.907349
vn -0.924828 0.226816 -0.305364
v -0.076143 -0.008323 0.167358
vt 0.071472 0.932434
vn -0.947229 0.191738 -0.256893
v -0.059720 -0.004832 0.167358
vt 0.049835 0.926941
vn -0.959945 0.163516 -0.227525
v -0.064908 -0.020801 0.171801
vt 0.055908 0.948425
vn -0.706008 0.056000 -0.705986
v -0.076143 -0.008323 0.167358
vt 0.071472 0.932434
vn -0.588915 0.037992 -0.807301
v -0.059720 -0.004832 0.167358
vt 0.049835 0.926941
vn -0.746578 0.154807 -0.647036
v -0.053673 -0.033279 0.167358
vt 0.040314 0.964386
vn -0.788851 0.289773 -0.541983
v -0.048485 -0.017310 0.167358
vt 0.034271 0.942902
vn -0.799874 0.365897 -0.475732
v -0.081332 -0.024292 0.167358
vt 0.077515 0.953918
vn -0.552263 0.036176 -0.832884
v -0.070097 -0.036770 0.167358
vt 0.061951 0.969879
vn -0.657631 0.052179 -0.751531
v -0.001805 -0.084464 0.136907
vt 0.103333 0.948425
vn 0.999590 0.026288 0.011316
v -0.015389 -0.074595 0.136907
vt 0.079590 0.907349
vn 0.996210 0.078459 0.037558
v -0.001805 -0.084464 0.167358
vt 0.077515 0.953888
vn 0.989804 0.129219 0.059923
v -0.015389 -0.074595 0.167358
vt 0.071411 0.932434
vn 0.982852 0.167856 0.076335
v 0.013534 -0.077635 0.136907
vt 0.079590 0.989487
vn -0.996192 0.086609 -0.009988
v -0.001805 -0.084464 0.136907
vt 0.103333 0.948425
vn -0.999281 0.036313 -0.010907
v 0.013534 -0.077635 0.167358
vt 0.061951 0.969879
vn 0.019452 0.015568 -0.999690
v -0.001805 -0.084464 0.167358
vt 0.077515 0.953888
vn 0.077689 0.066566 -0.994753
v 0.015289 -0.060936 0.136907
vt 0.032166 0.989479
vn -0.108023 0.053968 0.992682
v 0.013534 -0.077635 0.136907
vt 0.079590 0.989487
vn -0.101487 0.120983 0.987453
v 0.015289 -0.060936 0.167358
vt 0.040344 0.964417
vn -0.088603 0.188218 0.978123
v 0.013534 -0.077635 0.167358
vt 0.061951 0.969879
vn -0.078768 0.243424 0.966716
v 0.001705 -0.051067 0.136907
vt 0.008469 0.948395
vn 0.075316 0.715737 0.694296
v 0.015289 -0.060936 0.136907
vt 0.032166 0.989479
vn 0.226104 0.717629 0.658700
v 0.001705 -0.051067 0.167358
vt 0.034271 0.942932
vn 0.368154 0.704918 0.606262
v 0.015289 -0.060936 0.167358
vt 0.040344 0.964417
vn 0.468230 0.685333 0.557745
v -0.013634 -0.057896 0.136907
vt 0.032196 0.907349
vn -0.288840 0.751921 0.592609
v 0.001705 -0.051067 0.136907
vt 0.008469 0.948395
vn -0.138743 0.741642 0.656291
v -0.013634 -0.057896 0.167358
vt 0.049835 0.926941
vn 0.055060 0.743500 0.666465
v 0.001705 -0.051067 0.167358
vt 0.034271 0.942932
vn 0.212795 0.825961 0.522022
v -0.015389 -0.074595 0.136907
vt 0.079590 0.907349
vn -0.108023 0.053968 0.992682
v -0.013634 -0.057896 0.136907
vt 0.032196 0.907349
vn -0.254731 0.053387 0.965537
v -0.015389 -0.074595 0.167358
vt 0.071411 0.932434
vn -0.410888 0.048297 0.910406
v -0.013634 -0.057896 0.167358
vt 0.049835 0.926941
vn -0.537666 0.043454 0.842037
v -0.000050 -0.067765 0.171801
vt 0.055878 0.948425
vn -0.395602 0.197767 0.896876
v -0.015389 -0.074595 0.167358
vt 0.071411 0.932434
vn -0.559066 0.182098 0.808879
v -0.013634 -0.057896 0.167358
vt 0.049835 0.926941
vn -0.381187 0.230478 0.895308
v 0.015289 -0.060936 0.167358
vt 0.040344 0.964417
vn -0.358493 0.275103 0.892077
v 0.001705 -0.051067 0.167358
vt 0.034271 0.942932
vn -0.341947 0.297151 0.891501
v -0.001805 -0.084464 0.167358
vt 0.077515 0.953888
vn -0.604066 0.173726 0.777768
v 0.013534 -0.077635 0.167358
vt 0.061951 0.969879
vn -0.465521 0.192436 0.863863
v 0.079997 -0.027424 0.136907
vt 0.103333 0.948425
vn 0.027029 0.038594 -0.998889
v 0.066413 -0.037293 0.136907
vt 0.079590 0.907349
vn 0.084532 0.124970 -0.988553
v 0.079997 -0.027424 0.167358
vt 0.077515 0.953888
vn 0.145168 0.212399 -0.966340
v 0.066413 -0.037293 0.167358
vt 0.071411 0.932434
vn 0.193637 0.281602 -0.939790
v 0.078242 -0.010725 0.136907
vt 0.079590 0.989487
vn 0.971425 0.011636 0.237061
v 0.079997 -0.027424 0.136907
vt 0.103333 0.948425
vn 0.994386 0.003891 0.105744
v 0.078242 -0.010725 0.167358
vt 0.061951 0.969879
vn 0.000000 0.039662 -0.999213
v 0.079997 -0.027424 0.167358
vt 0.077515 0.953888
vn -0.007871 0.180954 -0.983460
v 0.062903 -0.003896 0.136907
vt 0.032166 0.989479
vn 0.904236 0.423073 -0.058026
v 0.078242 -0.010725 0.136907
vt 0.079590 0.989487
vn 0.865207 0.500898 0.022783
v 0.062903 -0.003896 0.167358
vt 0.040344 0.964417
vn 0.823733 0.557881 0.101159
v 0.078242 -0.010725 0.167358
vt 0.061951 0.969879
vn 0.777768 0.604066 0.173726
v 0.049319 -0.013765 0.136907
vt 0.008469 0.948395
vn 0.075013 0.766447 0.637912
v 0.062903 -0.003896 0.136907
vt 0.032166 0.989479
vn 0.218019 0.853096 0.474021
v 0.049319 -0.013765 0.167358
vt 0.034271 0.942932
vn 0.336311 0.890063 0.307705
v 0.062903 -0.003896 0.167358
vt 0.040344 0.964417
vn 0.407716 0.893311 0.189112
v 0.051074 -0.030464 0.136907
vt 0.032196 0.907349
vn 0.027036 0.563774 0.825487
v 0.049319 -0.013765 0.136907
vt 0.008469 0.948395
vn 0.010019 0.638625 0.769453
v 0.051074 -0.030464 0.167358
vt 0.049835 0.926941
vn -0.000022 0.733548 0.679638
v 0.049319 -0.013765 0.167358
vt 0.034271 0.942932
vn -0.018994 0.815508 0.578434
v 0.066413 -0.037293 0.136907
vt 0.079590 0.907349
vn 0.904236 0.423073 -0.058026
v 0.051074 -0.030464 0.136907
vt 0.032196 0.907349
vn 0.926050 0.374820 -0.044061
v 0.066413 -0.037293 0.167358
vt 0.071411 0.932434
vn 0.945254 0.323925 -0.039602
v 0.051074 -0.030464 0.167358
vt 0.049835 0.926941
vn 0.957857 0.285221 -0.034045
v 0.064658 -0.020594 0.171801
vt 0.055878 0.948425
vn 0.866175 0.433076 0.249372
v 0.066413 -0.037293 0.167358
vt 0.071411 0.932434
vn 0.906274 0.366977 0.209749
v 0.051074 -0.030464 0.167358
vt 0.049835 0.926941
vn 0.842559 0.459553 0.280901
v 0.062903 -0.003896 0.167358
vt 0.040344 0.964417
vn 0.804871 0.496869 0.324505
v 0.049319 -0.013765 0.167358
vt 0.034271 0.942932
vn 0.780179 0.516049 0.353574
v 0.079997 -0.027424 0.167358
vt 0.077515 0.953888
vn 0.916135 0.346241 0.202024
v 0.078242 -0.010725 0.167358
vt 0.061951 0.969879
vn 0.883975 0.405131 0.233359
v 0.051027 0.068002 0.136907
vt 0.103333 0.948425
vn -0.007860 0.062848 -0.997992
v 0.056216 0.052033 0.136907
vt 0.079590 0.907349
vn -0.034531 0.207039 -0.977723
v 0.051027 0.068002 0.167358
vt 0.077515 0.953918
vn -0.056515 0.361645 -0.930601
v 0.056216 0.052033 0.167358
vt 0.071472 0.932495
vn -0.078465 0.485723 -0.870584
v 0.034603 0.071493 0.136907
vt 0.079590 0.989487
vn 0.996951 0.041700 -0.065954
v 0.051027 0.068002 0.136907
vt 0.103333 0.948425
vn 0.999326 0.022062 -0.029357
v 0.034603 0.071493 0.167358
vt 0.061920 0.969879
vn -0.019464 0.007773 -0.999780
v 0.051027 0.068002 0.167358
vt 0.077515 0.953918
vn -0.084547 0.029402 -0.995986
v 0.023368 0.059015 0.136907
vt 0.032166 0.989479
vn 0.377730 0.845397 -0.377656
v 0.034603 0.071493 0.136907
vt 0.079590 0.989487
vn 0.403967 0.878547 -0.254884
v 0.023368 0.059015 0.167358
vt 0.040314 0.964386
vn 0.417626 0.897893 -0.139201
v 0.034603 0.071493 0.167358
vt 0.061920 0.969879
vn 0.423257 0.904172 -0.057678
v 0.028557 0.043046 0.136907
vt 0.008469 0.948395
vn -0.021072 0.757614 0.652363
v 0.023368 0.059015 0.136907
vt 0.032166 0.989479
vn -0.082265 0.849713 0.520788
v 0.028557 0.043046 0.167358
vt 0.034271 0.942902
vn -0.119905 0.907048 0.403591
v 0.023368 0.059015 0.167358
vt 0.040314 0.964386
vn -0.153351 0.938183 0.310317
v 0.044981 0.039555 0.136907
vt 0.032196 0.907349
vn 0.318629 0.786262 0.529403
v 0.028557 0.043046 0.136907
vt 0.008469 0.948395
vn 0.151143 0.755809 0.637109
v 0.044981 0.039555 0.167358
vt 0.049866 0.926941
vn -0.055544 0.738537 0.671921
v 0.028557 0.043046 0.167358
vt 0.034271 0.942902
vn -0.241321 0.813064 0.529803
v 0.056216 0.052033 0.136907
vt 0.079590 0.907349
vn 0.377730 0.845397 -0.377656
v 0.044981 0.039555 0.136907
vt 0.032196 0.907349
vn 0.353298 0.782267 -0.513067
v 0.056216 0.052033 0.167358
vt 0.071472 0.932495
vn 0.317050 0.705376 -0.633974
v 0.044981 0.039555 0.167358
vt 0.049866 0.926941
vn 0.284359 0.636947 -0.716546
v 0.039792 0.055524 0.171801
vt 0.055878 0.948425
vn 0.514535 0.685994 -0.514457
v 0.056216 0.052033 0.167358
vt 0.071472 0.932495
vn 0.452322 0.606040 -0.654309
v 0.044981 0.039555 0.167358
vt 0.049866 0.926941
vn 0.524868 0.727452 -0.441957
v 0.023368 0.059015 0.167358
vt 0.040314 0.964386
vn 0.531841 0.776638 -0.337607
v 0.028557 0.043046 0.167358
vt 0.034271 0.942902
vn 0.534415 0.795634 -0.285250
v 0.051027 0.068002 0.167358
vt 0.077515 0.953918
vn 0.431867 0.575788 -0.694233
v 0.034603 0.071493 0.167358
vt 0.061920 0.969879
vn 0.490911 0.654513 -0.574995
v -0.358770 -0.092254 0.067622
vt -0.251221 -0.958008
vn -0.011244 0.712651 0.701429
v -0.367485 -0.046563 0.067622
vt -0.251221 -0.918945
vn -0.011244 0.712651 0.701429
v -0.353426 -0.090882 0.167337
vt -0.143188 -0.958008
vn 0.235225 0.823300 0.516572
v -0.362012 -0.045871 0.167337
vt -0.143188 -0.918945
vn 0.250748 0.814962 0.522458
v -0.344396 -0.136492 0.067622
vt -0.251221 -0.996094
vn -0.011244 0.712651 0.701429
v -0.339267 -0.134461 0.167337
vt -0.143188 -0.996094
vn 0.233235 0.826552 0.512262
v -0.324590 -0.178580 0.067622
vt -0.687988 -0.043945
vn -0.000022 0.707107 0.707107
v -0.344396 -0.136492 0.067622
vt -0.687988 -0.004883
vn -0.011244 0.712651 0.701429
v -0.319756 -0.175923 0.167337
vt -0.579590 -0.043945
vn 0.207571 0.835282 0.509135
v -0.339267 -0.134461 0.167337
vt -0.579590 -0.004883
vn 0.218459 0.834133 0.506456
v -0.299666 -0.217854 0.067622
vt -0.687988 -0.083008
vn -0.000022 0.707107 0.707107
v -0.295203 -0.214612 0.167337
vt -0.579590 -0.083008
vn 0.184506 0.840148 0.510009
v -0.270017 -0.253695 0.067622
vt -0.687988 -0.122070
vn -0.000022 0.707107 0.707107
v -0.265995 -0.249918 0.167337
vt -0.579590 -0.122070
vn 0.163520 0.841673 0.514633
v -0.236109 -0.285536 0.067622
vt -0.687988 -0.161133
vn -0.000022 0.707107 0.707107
v -0.232592 -0.281286 0.167337
vt -0.580078 -0.161133
vn 0.142825 0.842742 0.519025
v -0.198477 -0.312877 0.067622
vt -0.687988 -0.200195
vn -0.000022 0.707107 0.707107
v -0.195521 -0.308219 0.167337
vt -0.580078 -0.200195
vn 0.113384 0.840910 0.529165
v -0.157716 -0.335286 0.067622
vt -0.687988 -0.239258
vn -0.000022 0.701517 0.712652
v -0.155367 -0.330294 0.167337
vt -0.580078 -0.239258
vn 0.084963 0.835494 0.542891
v -0.114467 -0.352409 0.067622
vt -0.687988 -0.278320
vn -0.000022 0.701517 0.712652
v -0.112763 -0.347163 0.167337
vt -0.580078 -0.278320
vn 0.056518 0.829252 0.556010
v -0.069414 -0.363977 0.067622
vt -0.687988 -0.318359
vn -0.000022 0.701517 0.712652
v -0.068380 -0.358558 0.167337
vt -0.580078 -0.318359
vn 0.028168 0.822184 0.568525
v -0.023265 -0.369807 0.067622
vt -0.687988 -0.357422
vn -0.000022 0.701517 0.712652
v -0.022919 -0.364301 0.167337
vt -0.580078 -0.357422
vn -0.000021 0.811184 0.584791
v 0.023250 -0.369807 0.067622
vt -0.687988 -0.397461
vn -0.000022 0.701517 0.712652
v 0.022903 -0.364301 0.167337
vt -0.580078 -0.397461
vn -0.018846 0.818634 0.574007
v 0.069398 -0.363977 0.067622
vt -0.687988 -0.436523
vn -0.000022 0.701517 0.712652
v 0.068364 -0.358558 0.167337
vt -0.580078 -0.436523
vn -0.046864 0.828973 0.557321
v 0.114452 -0.352409 0.067622
vt -0.687988 -0.477539
vn -0.000022 0.701517 0.712652
v 0.112747 -0.347163 0.167337
vt -0.580078 -0.477539
vn -0.075108 0.835424 0.544450
v 0.157700 -0.335286 0.067622
vt -0.687988 -0.516602
vn -0.000022 0.701517 0.712652
v 0.155351 -0.330294 0.167337
vt -0.580078 -0.516602
vn -0.103404 0.841080 0.530935
v 0.198462 -0.312877 0.067622
vt -0.687988 -0.557617
vn -0.000022 0.707107 0.707107
v 0.195506 -0.308219 0.167337
vt -0.580078 -0.557617
vn -0.132634 0.843153 0.521058
v 0.236093 -0.285536 0.067622
vt -0.687988 -0.596680
vn -0.000022 0.707107 0.707107
v 0.232577 -0.281286 0.167337
vt -0.580078 -0.596680
vn -0.153155 0.842248 0.516877
v 0.270001 -0.253695 0.067622
vt -0.687988 -0.637695
vn -0.000022 0.707107 0.707107
v 0.265980 -0.249918 0.167337
vt -0.580078 -0.637695
vn -0.174022 0.840976 0.512323
v 0.299651 -0.217854 0.067622
vt -0.687988 -0.676758
vn -0.000022 0.707107 0.707107
v 0.295188 -0.214612 0.167337
vt -0.580078 -0.676758
vn -0.196806 0.836327 0.511687
v 0.324575 -0.178580 0.067622
vt -0.687988 -0.716797
vn 0.011200 0.712630 0.701451
v 0.319740 -0.175923 0.167337
vt -0.580078 -0.716797
vn -0.218510 0.834144 0.506415
v 0.344380 -0.136492 0.067622
vt -0.687988 -0.756836
vn 0.011200 0.712630 0.701451
v 0.339251 -0.134461 0.167337
vt -0.580078 -0.756836
vn -0.233286 0.826563 0.512221
v 0.358754 -0.092254 0.067622
vt -0.687988 -0.796875
vn 0.011200 0.712630 0.701451
v 0.353410 -0.090882 0.167337
vt -0.580078 -0.796875
vn -0.248669 0.818425 0.518019
v 0.367470 -0.046563 0.067622
vt -0.687988 -0.836914
vn 0.011200 0.712630 0.701451
v 0.361997 -0.045871 0.167337
vt -0.580078 -0.836914
vn -0.255127 0.807761 0.531444
v 0.370391 -0.000139 0.067622
vt -0.687988 -0.876953
vn 0.011200 0.712630 0.701451
v 0.364874 -0.000139 0.167337
vt -0.580078 -0.876953
vn -0.259569 0.800198 0.540653
v 0.367470 0.046284 0.067622
vt -0.687988 -0.916992
vn 0.011200 0.712630 0.701451
v 0.361996 0.045592 0.167337
vt -0.580078 -0.916992
vn -0.254983 0.786098 0.563058
v 0.358754 0.091975 0.067622
vt -0.687988 -0.957031
vn 0.011200 0.712630 0.701451
v 0.353410 0.090603 0.167337
vt -0.580078 -0.957031
vn -0.239340 0.764719 0.598265
v 0.344380 0.136213 0.067622
vt -0.687988 -0.997070
vn 0.011200 0.712630 0.701451
v 0.339251 0.134182 0.167337
vt -0.580078 -0.997070
vn -0.237829 0.759952 0.604905
v 0.324575 0.178301 0.067622
vt -0.251221 -0.045898
vn -0.000022 0.707107 0.707107
v 0.344380 0.136213 0.067622
vt -0.251221 -0.005859
vn 0.011200 0.712630 0.701451
v 0.319740 0.175644 0.167337
vt -0.143188 -0.045898
vn -0.212931 0.734973 0.643797
v 0.339251 0.134182 0.167337
vt -0.143188 -0.005859
vn -0.223920 0.742849 0.630901
v 0.299651 0.217575 0.067622
vt -0.251221 -0.084961
vn -0.000022 0.707107 0.707107
v 0.295188 0.214333 0.167337
vt -0.143188 -0.084961
vn -0.189726 0.713911 0.674044
v 0.270001 0.253416 0.067622
vt -0.251221 -0.125000
vn -0.000022 0.707107 0.707107
v 0.265979 0.249639 0.167337
vt -0.143188 -0.125000
vn -0.168128 0.697041 0.697041
v 0.236093 0.285257 0.067622
vt -0.251221 -0.165039
vn -0.000022 0.707107 0.707107
v 0.232577 0.281007 0.167337
vt -0.143188 -0.165039
vn -0.146716 0.679637 0.718727
v 0.198462 0.312598 0.067622
vt -0.251221 -0.205078
vn -0.000022 0.707107 0.707107
v 0.195506 0.307940 0.167337
vt -0.143188 -0.205078
vn -0.116073 0.657453 0.744502
v 0.157700 0.335007 0.067622
vt -0.251221 -0.245117
vn -0.000022 0.712652 0.701517
v 0.155351 0.330015 0.167337
vt -0.143188 -0.245117
vn -0.086550 0.639179 0.764173
v 0.114452 0.352130 0.067622
vt -0.251221 -0.285156
vn -0.000022 0.712652 0.701517
v 0.112747 0.346884 0.167337
vt -0.143188 -0.285156
vn -0.057270 0.620167 0.782376
v 0.069398 0.363698 0.067622
vt -0.251221 -0.325195
vn -0.000022 0.712652 0.701517
v 0.068364 0.358279 0.167337
vt -0.143188 -0.325195
vn -0.028393 0.600514 0.799110
v 0.023250 0.369528 0.067622
vt -0.251221 -0.365234
vn -0.000022 0.712652 0.701517
v 0.022903 0.364022 0.167337
vt -0.143188 -0.365234
vn -0.000021 0.584791 0.811184
v -0.023265 0.369528 0.067622
vt -0.251221 -0.405273
vn -0.000022 0.712652 0.701517
v -0.022919 0.364022 0.167337
vt -0.143188 -0.405273
vn 0.018882 0.595298 0.803283
v -0.069414 0.363698 0.067622
vt -0.251221 -0.445312
vn -0.000022 0.712652 0.701517
v -0.068380 0.358279 0.167337
vt -0.143188 -0.445312
vn 0.047320 0.610608 0.790518
v -0.114467 0.352130 0.067622
vt -0.251221 -0.485352
vn -0.000022 0.712652 0.701517
v -0.112763 0.346883 0.167337
vt -0.143188 -0.485352
vn 0.076308 0.629810 0.772992
v -0.157716 0.335007 0.067622
vt -0.251221 -0.525391
vn -0.000022 0.712652 0.701517
v -0.155367 0.330015 0.167337
vt -0.143188 -0.525391
vn 0.105639 0.648307 0.754015
v -0.198477 0.312598 0.067622
vt -0.251221 -0.565430
vn -0.000022 0.707107 0.707107
v -0.195521 0.307940 0.167337
vt -0.143188 -0.565430
vn 0.136047 0.670722 0.729125
v -0.236109 0.285257 0.067622
vt -0.251221 -0.605469
vn -0.000022 0.707107 0.707107
v -0.232592 0.281007 0.167337
vt -0.143188 -0.605469
vn 0.157310 0.688346 0.708119
v -0.270016 0.253416 0.067622
vt -0.251221 -0.645508
vn -0.000022 0.707107 0.707107
v -0.265995 0.249639 0.167337
vt -0.143188 -0.645508
vn 0.178850 0.705554 0.685716
v -0.299666 0.217575 0.067622
vt -0.251221 -0.684570
vn -0.000022 0.707107 0.707107
v -0.295203 0.214333 0.167337
vt -0.143188 -0.684570
vn 0.201901 0.726936 0.656354
v -0.324590 0.178301 0.067622
vt -0.251221 -0.724609
vn -0.011244 0.712651 0.701429
v -0.319756 0.175644 0.167337
vt -0.143188 -0.724609
vn 0.223867 0.742834 0.630937
v -0.344395 0.136213 0.067622
vt -0.251221 -0.763672
vn -0.011244 0.712651 0.701429
v -0.339266 0.134182 0.167337
vt -0.143188 -0.763672
vn 0.237776 0.759939 0.604943
v -0.358769 0.091975 0.067622
vt -0.251221 -0.802734
vn -0.011244 0.712651 0.701429
v -0.353426 0.090603 0.167337
vt -0.143188 -0.802734
vn 0.251882 0.776672 0.577352
v -0.367485 0.046284 0.067622
vt -0.251221 -0.840820
vn -0.011244 0.712651 0.701429
v -0.362012 0.045592 0.167337
vt -0.143188 -0.840820
vn 0.256469 0.790787 0.555769
v -0.370406 -0.000139 0.067622
vt -0.251221 -0.879883
vn -0.011244 0.712651 0.701429
v -0.364889 -0.000139 0.167337
vt -0.143188 -0.879883
vn 0.259517 0.800188 0.540695
v -0.334107 -0.085922 0.190042
vt -0.112915 -0.958008
vn 0.671691 0.719662 -0.175838
v -0.342224 -0.043371 0.190042
vt -0.112915 -0.918945
vn 0.732112 0.650798 -0.201181
v -0.320721 -0.127119 0.190042
vt -0.112915 -0.996094
vn 0.628571 0.761913 -0.156163
v -0.302277 -0.166314 0.190042
vt -0.549316 -0.043945
vn 0.562071 0.818208 -0.120876
v -0.320721 -0.127119 0.190042
vt -0.549316 -0.004883
vn 0.606668 0.781593 -0.145139
v -0.279067 -0.202888 0.190042
vt -0.549316 -0.083008
vn 0.506548 0.857733 -0.087763
v -0.251455 -0.236264 0.190042
vt -0.549316 -0.122070
vn 0.454259 0.889188 -0.054724
v -0.219878 -0.265917 0.190042
vt -0.549316 -0.161133
vn 0.406913 0.913210 -0.021683
v -0.184834 -0.291379 0.190042
vt -0.549805 -0.200195
vn 0.354449 0.934995 0.012255
v -0.146833 -0.312266 0.190042
vt -0.549805 -0.239258
vn 0.292431 0.955145 0.046708
v -0.106599 -0.328193 0.190042
vt -0.549805 -0.278320
vn 0.222857 0.971051 0.085991
v -0.064642 -0.338966 0.190042
vt -0.549805 -0.318359
vn 0.125602 0.981838 0.142191
v -0.021666 -0.344395 0.190042
vt -0.549805 -0.357422
vn 0.040866 0.980795 0.190713
v 0.106583 -0.328193 0.190042
vt -0.549805 -0.477539
vn -0.217420 0.971961 0.089556
v 0.064627 -0.338966 0.190042
vt -0.549805 -0.436523
vn -0.125640 0.981839 0.142153
v 0.146859 -0.312247 0.190042
vt -0.549805 -0.516602
vn -0.292468 0.955136 0.046668
v 0.184818 -0.291378 0.190042
vt -0.549805 -0.557617
vn -0.360820 0.932590 0.009203
v 0.219863 -0.265917 0.190042
vt -0.549805 -0.596680
vn -0.411823 0.910922 -0.024945
v 0.251440 -0.236264 0.190042
vt -0.549805 -0.637695
vn -0.462008 0.884940 -0.058571
v 0.279051 -0.202888 0.190042
vt -0.549805 -0.676758
vn -0.511852 0.854184 -0.091521
v 0.302262 -0.166314 0.190042
vt -0.549805 -0.716797
vn -0.567578 0.813787 -0.124921
v 0.320706 -0.127119 0.190042
vt -0.549805 -0.756836
vn -0.623014 0.767319 -0.151906
v 0.334091 -0.085921 0.190042
vt -0.549805 -0.796875
vn -0.681161 0.709319 -0.181347
v 0.342208 -0.043371 0.190042
vt -0.549805 -0.836914
vn -0.736236 0.645772 -0.202324
v 0.344928 -0.000139 0.190042
vt -0.549805 -0.876953
vn -0.791172 0.570345 -0.220803
v 0.342208 0.043093 0.190042
vt -0.549805 -0.916992
vn -0.792432 0.605250 -0.075651
v 0.334091 0.085643 0.190042
vt -0.549805 -0.957031
vn -0.782996 0.620445 0.044338
v 0.320705 0.126840 0.190042
vt -0.549805 -0.997070
vn -0.773746 0.619709 0.131444
v 0.302262 0.166035 0.190042
vt -0.113037 -0.045898
vn -0.741707 0.610316 0.278181
v 0.320705 0.126840 0.190042
vt -0.113037 -0.005859
vn -0.765807 0.617903 0.178147
v 0.279051 0.202609 0.190042
vt -0.113037 -0.084961
vn -0.694148 0.591572 0.410123
v 0.251440 0.235985 0.190042
vt -0.112976 -0.125000
vn -0.629154 0.561436 0.537545
v 0.219863 0.265638 0.190042
vt -0.112976 -0.165039
vn -0.550796 0.522803 0.650616
v 0.184818 0.291099 0.190042
vt -0.112976 -0.205078
vn -0.458735 0.474466 0.751295
v 0.146859 0.311968 0.190042
vt -0.112976 -0.245117
vn -0.356046 0.417897 0.835819
v 0.106583 0.327914 0.190042
vt -0.112915 -0.285156
vn -0.248608 0.357752 0.900115
v 0.064627 0.338687 0.190042
vt -0.112915 -0.325195
vn -0.138696 0.295599 0.945190
v 0.021651 0.344116 0.190042
vt -0.112915 -0.365234
vn -0.042217 0.238998 0.970102
v -0.021666 0.344116 0.190042
vt -0.112915 -0.405273
vn 0.049282 0.243060 0.968758
v -0.064642 0.338687 0.190042
vt -0.112915 -0.445312
vn 0.153657 0.303668 0.940306
v -0.106599 0.327914 0.190042
vt -0.112854 -0.485352
vn 0.257815 0.364005 0.895004
v -0.146874 0.311968 0.190042
vt -0.112854 -0.525391
vn 0.365615 0.423987 0.828590
v -0.184833 0.291099 0.190042
vt -0.112854 -0.565430
vn 0.468084 0.479998 0.741956
v -0.219878 0.265638 0.190042
vt -0.112854 -0.605469
vn 0.559410 0.527431 0.639435
v -0.251455 0.235985 0.190042
vt -0.112854 -0.645508
vn 0.639133 0.567243 0.519369
v -0.279067 0.202609 0.190042
vt -0.112854 -0.684570
vn 0.699838 0.593703 0.397169
v -0.302277 0.166035 0.190042
vt -0.112854 -0.724609
vn 0.745723 0.611168 0.265274
v -0.320721 0.126840 0.190042
vt -0.112854 -0.763672
vn 0.771278 0.620053 0.143752
v -0.334107 0.085643 0.190042
vt -0.112854 -0.802734
vn 0.784535 0.619551 0.025723
v -0.342224 0.043092 0.190042
vt -0.112854 -0.840820
vn 0.792772 0.603640 -0.084443
v -0.344944 -0.000139 0.190042
vt -0.112915 -0.879883
vn 0.791158 0.570383 -0.220751
v -0.301176 -0.077466 0.196270
vt -0.071228 -0.958008
vn 0.688318 0.402432 -0.603545
v -0.308493 -0.039110 0.196270
vt -0.071167 -0.918945
vn 0.726768 0.251387 -0.639229
v -0.289110 -0.114603 0.196270
vt -0.071289 -0.996094
vn 0.644316 0.517506 -0.563066
v -0.272484 -0.149935 0.196270
vt -0.507812 -0.043945
vn 0.572103 0.653832 -0.495180
v -0.289110 -0.114603 0.196270
vt -0.507812 -0.004883
vn 0.623272 0.562961 -0.542777
v -0.251562 -0.182904 0.196270
vt -0.507812 -0.083008
vn 0.506462 0.745835 -0.432696
v -0.226671 -0.212991 0.196270
vt -0.507812 -0.122070
vn 0.436877 0.821283 -0.366924
v -0.198206 -0.239721 0.196270
vt -0.507812 -0.161133
vn 0.371660 0.876909 -0.304794
v -0.166616 -0.262673 0.196270
vt -0.507812 -0.200195
vn 0.306827 0.920437 -0.242184
v -0.132399 -0.281484 0.196270
vt -0.508301 -0.239258
vn 0.233486 0.957176 -0.171166
v -0.096093 -0.295858 0.196270
vt -0.508301 -0.278320
vn 0.175723 0.977755 -0.114523
v -0.058271 -0.305569 0.196270
vt -0.508301 -0.318359
vn 0.120120 0.990943 -0.060024
v -0.019532 -0.310463 0.196270
vt -0.508301 -0.357422
vn 0.059579 0.998224 0.000048
v 0.019516 -0.310463 0.196270
vt -0.508301 -0.397461
vn -0.063315 0.997987 -0.003721
v 0.021696 -0.344392 0.190042
vt -0.549805 -0.397461
vn -0.034188 0.980273 0.194667
v 0.058256 -0.305569 0.196270
vt -0.508301 -0.436523
vn -0.120124 0.990940 -0.060062
v 0.096077 -0.295859 0.196270
vt -0.508301 -0.477539
vn -0.175729 0.977749 -0.114566
v 0.132383 -0.281484 0.196270
vt -0.508301 -0.516602
vn -0.238753 0.954970 -0.176149
v 0.166601 -0.262672 0.196270
vt -0.508301 -0.557617
vn -0.301219 0.923644 -0.236956
v 0.198191 -0.239721 0.196270
vt -0.508301 -0.596680
vn -0.365839 0.881232 -0.299321
v 0.226656 -0.212991 0.196270
vt -0.508301 -0.637695
vn -0.430913 0.826943 -0.361219
v 0.251546 -0.182904 0.196270
vt -0.508301 -0.676758
vn -0.499542 0.753825 -0.426856
v 0.272468 -0.149935 0.196270
vt -0.508301 -0.716797
vn -0.566628 0.662631 -0.489747
v 0.289094 -0.114603 0.196270
vt -0.508301 -0.756836
vn -0.628112 0.552677 -0.547745
v 0.301161 -0.077466 0.196270
vt -0.508301 -0.796875
vn -0.682383 0.419872 -0.598382
v 0.308478 -0.039110 0.196270
vt -0.508301 -0.836914
vn -0.724704 0.261488 -0.637517
v 0.310929 -0.000139 0.196270
vt -0.508301 -0.876953
vn -0.747501 0.089240 -0.658238
v 0.308478 0.038831 0.196270
vt -0.508301 -0.916992
vn -0.856091 0.241575 -0.456891
v 0.301161 0.077187 0.196270
vt -0.508301 -0.957031
vn -0.897753 0.359083 -0.255146
v 0.289094 0.114324 0.196270
vt -0.508301 -0.997070
vn -0.896913 0.429494 -0.105276
v 0.272469 0.149656 0.196270
vt -0.071533 -0.045898
vn -0.879381 0.471336 0.067315
v 0.289094 0.114324 0.196270
vt -0.071533 -0.005859
vn -0.890785 0.451393 -0.052413
v 0.251546 0.182625 0.196270
vt -0.071533 -0.084961
vn -0.858863 0.463065 0.218919
v 0.226656 0.212712 0.196270
vt -0.071472 -0.125000
vn -0.810047 0.440170 0.387394
v 0.198191 0.239442 0.196270
vt -0.071472 -0.165039
vn -0.733329 0.402854 0.547665
v 0.166601 0.262394 0.196270
vt -0.071411 -0.205078
vn -0.624864 0.349165 0.698305
v 0.132383 0.281205 0.196270
vt -0.071411 -0.245117
vn -0.489784 0.281146 0.825269
v 0.096077 0.295579 0.196270
vt -0.071350 -0.285156
vn -0.342144 0.206136 0.916758
v 0.058256 0.305290 0.196270
vt -0.071289 -0.325195
vn -0.200796 0.133844 0.970447
v 0.019516 0.310184 0.196270
vt -0.071228 -0.365234
vn -0.063253 0.063218 0.995993
v -0.019532 0.310184 0.196270
vt -0.071167 -0.405273
vn 0.055145 0.059078 0.996729
v -0.058271 0.305290 0.196270
vt -0.071106 -0.445312
vn 0.192020 0.129416 0.972821
v -0.096093 0.295579 0.196270
vt -0.071106 -0.485352
vn 0.333275 0.201707 0.921001
v -0.132399 0.281205 0.196270
vt -0.071045 -0.525391
vn 0.481563 0.277116 0.831447
v -0.166616 0.262393 0.196270
vt -0.071045 -0.565430
vn 0.614135 0.343737 0.710411
v -0.198206 0.239442 0.196270
vt -0.071045 -0.605469
vn 0.724872 0.398632 0.561830
v -0.226671 0.212712 0.196270
vt -0.070984 -0.645508
vn 0.804257 0.437461 0.402241
v -0.251561 0.182625 0.196270
vt -0.070984 -0.684570
vn 0.857233 0.462229 0.226926
v -0.272484 0.149656 0.196270
vt -0.071045 -0.724609
vn 0.878429 0.471138 0.079944
v -0.289110 0.114324 0.196270
vt -0.071045 -0.763672
vn 0.891943 0.448003 -0.061078
v -0.301176 0.077187 0.196270
vt -0.071045 -0.802734
vn 0.899321 0.370848 -0.231717
v -0.308493 0.038831 0.196270
vt -0.071106 -0.840820
vn 0.860688 0.250370 -0.443318
v -0.310945 -0.000139 0.196270
vt -0.071106 -0.879883
vn 0.747521 0.089288 -0.658210
v -0.291873 -0.037011 0.192919
vt -0.038147 -0.918945
vn 0.579595 0.122536 -0.805640
v -0.284950 -0.073300 0.192919
vt -0.038147 -0.958008
vn 0.560776 0.268822 -0.783113
v -0.273534 -0.108436 0.192919
vt -0.038147 -0.996094
vn 0.534211 0.383561 -0.753326
v -0.273534 -0.108436 0.192919
vt -0.474854 -0.004883
vn 0.525492 0.411259 -0.744798
v -0.257804 -0.141864 0.192919
vt -0.474854 -0.043945
vn 0.489426 0.516122 -0.702908
v -0.238008 -0.173057 0.192919
vt -0.474854 -0.083008
vn 0.440544 0.619359 -0.649858
v -0.214460 -0.201523 0.192919
vt -0.474854 -0.122070
vn 0.390130 0.703882 -0.593590
v -0.187528 -0.226813 0.192919
vt -0.474854 -0.161133
vn 0.331829 0.779799 -0.530851
v -0.157640 -0.248528 0.192919
vt -0.474854 -0.200195
vn 0.274593 0.839815 -0.468305
v -0.125265 -0.266326 0.192919
vt -0.474854 -0.239258
vn 0.215862 0.887285 -0.407589
v -0.090916 -0.279926 0.192919
vt -0.475098 -0.278320
vn 0.158000 0.924263 -0.347526
v -0.055132 -0.289114 0.192919
vt -0.475098 -0.318359
vn 0.098449 0.952750 -0.287361
v -0.018480 -0.293744 0.192919
vt -0.475098 -0.357422
vn 0.035376 0.973996 -0.223788
v 0.018464 -0.293744 0.192919
vt -0.475098 -0.397461
vn -0.019734 0.977726 -0.208958
v 0.055117 -0.289113 0.192919
vt -0.475098 -0.436523
vn -0.082569 0.958974 -0.271203
v 0.090900 -0.279926 0.192919
vt -0.475342 -0.477539
vn -0.141253 0.933530 -0.329498
v 0.125250 -0.266326 0.192919
vt -0.475342 -0.516602
vn -0.202446 0.897004 -0.392937
v 0.157624 -0.248528 0.192919
vt -0.475342 -0.557617
vn -0.261215 0.851842 -0.454018
v 0.187513 -0.226813 0.192919
vt -0.475342 -0.596680
vn -0.316527 0.797377 -0.513810
v 0.214444 -0.201523 0.192919
vt -0.475342 -0.637695
vn -0.375212 0.725028 -0.577539
v 0.237993 -0.173057 0.192919
vt -0.475342 -0.676758
vn -0.428791 0.640947 -0.636651
v 0.257788 -0.141864 0.192919
vt -0.475342 -0.716797
vn -0.478826 0.540814 -0.691553
v 0.273518 -0.108436 0.192919
vt -0.475342 -0.756836
vn -0.521497 0.426206 -0.739182
v 0.284935 -0.073300 0.192919
vt -0.475342 -0.796875
vn -0.555180 0.296053 -0.777257
v 0.291857 -0.037011 0.192919
vt -0.475342 -0.836914
vn -0.576467 0.159317 -0.801439
v 0.294177 -0.000139 0.192919
vt -0.475098 -0.876953
vn -0.584684 0.018822 -0.811042
v 0.291857 0.036732 0.192919
vt -0.475098 -0.916992
vn -0.890928 0.117566 -0.438663
v 0.284935 0.073021 0.192919
vt -0.475098 -0.957031
vn -0.934385 0.232533 -0.269914
v 0.273518 0.108157 0.192919
vt -0.475098 -0.997070
vn -0.940158 0.317139 -0.124600
v 0.273518 0.108157 0.192919
vt -0.038696 -0.005859
vn -0.938116 0.333679 -0.092716
v 0.257788 0.141585 0.192919
vt -0.038330 -0.045898
vn -0.924912 0.379619 0.020687
v 0.237993 0.172778 0.192919
vt -0.038300 -0.084961
vn -0.916668 0.370312 0.150296
v 0.214444 0.201244 0.192919
vt -0.038239 -0.125000
vn -0.891248 0.353368 0.284267
v 0.187513 0.226534 0.192919
vt -0.038177 -0.165039
vn -0.839921 0.323031 0.436101
v 0.157624 0.248249 0.192919
vt -0.038147 -0.205078
vn -0.763520 0.282122 0.580899
v 0.125250 0.266047 0.192919
vt -0.038147 -0.245117
vn -0.662338 0.229236 0.713274
v 0.090900 0.279647 0.192919
vt -0.038147 -0.285156
vn -0.542751 0.169596 0.822593
v 0.055117 0.288834 0.192919
vt -0.038147 -0.325195
vn -0.409363 0.104383 0.906381
v 0.018464 0.293465 0.192919
vt -0.038147 -0.365234
vn -0.266009 0.036247 0.963289
v -0.018480 0.293465 0.192919
vt -0.038147 -0.405273
vn 0.232093 0.019975 0.972489
v -0.055132 0.288834 0.192919
vt -0.038147 -0.445312
vn 0.372825 0.086962 0.923818
v -0.090916 0.279647 0.192919
vt -0.038147 -0.485352
vn 0.504834 0.151425 0.849831
v -0.125265 0.266047 0.192919
vt -0.038147 -0.525391
vn 0.635388 0.216041 0.741355
v -0.157640 0.248249 0.192919
vt -0.038147 -0.565430
vn 0.737327 0.268099 0.620058
v -0.187528 0.226534 0.192919
vt -0.038147 -0.605469
vn 0.821762 0.313203 0.476036
v -0.214460 0.201244 0.192919
vt -0.038147 -0.645508
vn 0.880461 0.346691 0.323409
v -0.238008 0.172778 0.192919
vt -0.038147 -0.684570
vn 0.912252 0.367090 0.181773
v -0.257804 0.141585 0.192919
vt -0.038147 -0.724609
vn 0.924438 0.378161 0.049067
v -0.273534 0.108157 0.192919
vt -0.038147 -0.763672
vn 0.936400 0.342495 -0.076503
v -0.284950 0.073021 0.192919
vt -0.038147 -0.802734
vn 0.938913 0.259019 -0.226609
v -0.291873 0.036732 0.192919
vt -0.038147 -0.840820
vn 0.906860 0.150420 -0.393674
v -0.294192 -0.000139 0.192919
vt -0.038147 -0.879883
vn 0.818765 0.009415 -0.574051
v -0.360043 -0.045622 -0.051310
vt -0.355225 -0.918945
vn -0.575357 0.765627 0.287716
v -0.351503 -0.090388 -0.051310
vt -0.355225 -0.958008
vn -0.487653 0.735807 0.469876
v -0.337420 -0.133730 -0.051310
vt -0.354980 -0.996094
vn -0.523120 0.732327 0.435938
v -0.337420 -0.133730 -0.051310
vt -0.791504 -0.004883
vn -0.301972 0.544265 0.782681
v -0.318016 -0.174966 -0.051310
vt -0.791504 -0.043945
vn -0.355717 0.639359 0.681678
v -0.293597 -0.213445 -0.051310
vt -0.791504 -0.083008
vn -0.434951 0.677917 0.592660
v -0.264548 -0.248559 -0.051310
vt -0.791504 -0.122070
vn -0.302368 0.617218 0.726371
v -0.231327 -0.279756 -0.051310
vt -0.791504 -0.161133
vn -0.324979 0.612388 0.720673
v -0.194457 -0.306543 -0.051310
vt -0.791504 -0.200195
vn -0.186472 0.543067 0.818723
v -0.154522 -0.328498 -0.051310
vt -0.791504 -0.239258
vn -0.201785 0.536706 0.819286
v -0.112149 -0.345274 -0.051310
vt -0.791504 -0.278320
vn -0.062743 0.466558 0.882262
v -0.068008 -0.356608 -0.051311
vt -0.791504 -0.318359
vn -0.077710 0.458215 0.885438
v -0.022794 -0.362320 -0.051311
vt -0.791504 -0.357422
vn 0.054788 0.462074 0.885148
v 0.022779 -0.362320 -0.051311
vt -0.791504 -0.397461
vn 0.046334 0.440483 0.896565
v 0.067992 -0.356608 -0.051311
vt -0.791504 -0.436523
vn 0.178360 0.539218 0.823062
v 0.112133 -0.345274 -0.051310
vt -0.791504 -0.477539
vn 0.175382 0.518158 0.837110
v 0.154506 -0.328498 -0.051310
vt -0.791504 -0.516602
vn 0.292656 0.610449 0.736005
v 0.194442 -0.306543 -0.051310
vt -0.791504 -0.557617
vn 0.305788 0.599252 0.739859
v 0.231311 -0.279756 -0.051310
vt -0.791504 -0.596680
vn 0.404641 0.680112 0.611322
v 0.264532 -0.248559 -0.051310
vt -0.791504 -0.637695
vn 0.416792 0.667724 0.616790
v 0.293581 -0.213444 -0.051310
vt -0.791504 -0.676758
vn 0.485570 0.732739 0.476776
v 0.318000 -0.174966 -0.051310
vt -0.791504 -0.716797
vn 0.511289 0.723610 0.463651
v 0.337404 -0.133730 -0.051310
vt -0.791504 -0.756836
vn 0.540608 0.770388 0.338002
v 0.351487 -0.090388 -0.051310
vt -0.791504 -0.796875
vn 0.567529 0.762588 0.310437
v 0.360027 -0.045622 -0.051310
vt -0.791504 -0.836914
vn 0.550747 0.803566 0.225743
v 0.362888 -0.000139 -0.051310
vt -0.791504 -0.876953
vn 0.580922 0.790943 0.192193
v 0.360027 0.045344 -0.051310
vt -0.791504 -0.916992
vn 0.480440 0.849097 0.219572
v 0.351487 0.090109 -0.051310
vt -0.791504 -0.957031
vn 0.507732 0.842202 0.181395
v 0.337404 0.133452 -0.051310
vt -0.791504 -0.997070
vn 0.475302 0.850516 0.225190
v 0.337404 0.133452 -0.051310
vt -0.355225 -0.005859
vn 0.374274 0.897555 0.233052
v 0.318000 0.174687 -0.051310
vt -0.354980 -0.045898
vn 0.426160 0.882738 0.197894
v 0.293581 0.213166 -0.051310
vt -0.354980 -0.084961
vn 0.317706 0.911549 0.261037
v 0.264532 0.248280 -0.051310
vt -0.354980 -0.125000
vn 0.332923 0.913693 0.233080
v 0.231311 0.279477 -0.051310
vt -0.354980 -0.165039
vn 0.224879 0.925860 0.303664
v 0.194442 0.306264 -0.051310
vt -0.354980 -0.205078
vn 0.234653 0.931271 0.278696
v 0.154506 0.328219 -0.051310
vt -0.354980 -0.245117
vn 0.113659 0.924524 0.363781
v 0.112133 0.344995 -0.051310
vt -0.354980 -0.285156
vn 0.119264 0.931754 0.342944
v 0.067992 0.356329 -0.051310
vt -0.354980 -0.325195
vn -0.000020 0.902779 0.430105
v 0.022779 0.362040 -0.051310
vt -0.355225 -0.365234
vn -0.000020 0.911912 0.410386
v -0.022794 0.362040 -0.051310
vt -0.355225 -0.405273
vn -0.106424 0.923455 0.368652
v -0.068008 0.356329 -0.051310
vt -0.355225 -0.445312
vn -0.118480 0.932739 0.340531
v -0.112149 0.344995 -0.051310
vt -0.355225 -0.485352
vn -0.216784 0.926860 0.306490
v -0.154521 0.328219 -0.051310
vt -0.355225 -0.525391
vn -0.228298 0.931406 0.283485
v -0.194457 0.306264 -0.051310
vt -0.355225 -0.565430
vn -0.309561 0.913433 0.264219
v -0.231327 0.279477 -0.051310
vt -0.355225 -0.605469
vn -0.330720 0.914894 0.231502
v -0.264547 0.248280 -0.051310
vt -0.355225 -0.645508
vn -0.397105 0.887549 0.233592
v -0.293597 0.213165 -0.051310
vt -0.355225 -0.684570
vn -0.418186 0.885736 0.201478
v -0.318016 0.174687 -0.051310
vt -0.355225 -0.724609
vn -0.477120 0.851378 0.217971
v -0.337420 0.133451 -0.051310
vt -0.355225 -0.763672
vn -0.499693 0.846140 0.185349
v -0.351503 0.090109 -0.051310
vt -0.355225 -0.802734
vn -0.546815 0.806706 0.224094
v -0.360042 0.045343 -0.051310
vt -0.355225 -0.840820
vn -0.572810 0.797488 0.189477
v -0.362903 -0.000139 -0.051310
vt -0.355225 -0.879883
vn -0.542272 0.772735 0.329881
v -0.292615 -0.000139 -0.059382
vt -0.435791 -0.889648
vn -0.883835 0.349641 -0.310784
v -0.283422 -0.072908 -0.059382
vt -0.435547 -0.966797
vn -0.877784 0.478029 -0.031348
v -0.283422 -0.072908 -0.059382
vt -0.872559 -0.004883
vn -0.798227 0.451145 0.399126
v -0.256422 -0.141104 -0.059382
vt -0.872559 -0.053711
vn -0.806331 0.458878 0.373178
v -0.213310 -0.200443 -0.059382
vt -0.872559 -0.131836
vn -0.662437 0.389366 0.639978
v -0.156795 -0.247196 -0.059382
vt -0.872559 -0.209961
vn -0.402117 0.257835 0.878535
v -0.090428 -0.278426 -0.059382
vt -0.872070 -0.288086
vn -0.119342 0.111355 0.986589
v -0.018381 -0.292170 -0.059382
vt -0.872070 -0.367188
vn 0.119342 0.111355 0.986589
v 0.054821 -0.287564 -0.059382
vt -0.872070 -0.447266
vn 0.402061 0.257829 0.878562
v 0.124579 -0.264899 -0.059382
vt -0.872070 -0.527344
vn 0.662386 0.389367 0.640030
v 0.186507 -0.225598 -0.059382
vt -0.872070 -0.606445
vn 0.823395 0.466837 0.322620
v 0.236717 -0.172130 -0.059382
vt -0.872070 -0.686523
vn 0.873454 0.486529 0.019172
v 0.272052 -0.107855 -0.059382
vt -0.872070 -0.766602
vn 0.883833 0.349688 -0.310737
v 0.290293 -0.036813 -0.059382
vt -0.872070 -0.846680
vn 0.757524 0.219586 -0.614768
v 0.290293 0.036534 -0.059382
vt -0.872070 -0.926758
vn 0.679983 0.487153 -0.548001
v 0.272052 0.107577 -0.059382
vt -0.872070 -0.997070
vn 0.637932 0.584376 -0.501544
v 0.272052 0.107577 -0.059382
vt -0.435547 -0.015625
vn 0.507132 0.767336 -0.392443
v 0.236717 0.171851 -0.059382
vt -0.435547 -0.095703
vn 0.406821 0.862883 -0.299882
v 0.186507 0.225319 -0.059382
vt -0.435791 -0.175781
vn 0.279839 0.943002 -0.180102
v 0.124579 0.264620 -0.059382
vt -0.435791 -0.255859
vn 0.160502 0.984852 -0.065616
v 0.054821 0.287285 -0.059382
vt -0.435791 -0.335938
vn -0.000016 0.998799 0.049005
v -0.018381 0.291891 -0.059382
vt -0.435791 -0.416016
vn -0.160507 0.984849 -0.065655
v -0.090428 0.278147 -0.059382
vt -0.435791 -0.495117
vn -0.279849 0.942990 -0.180150
v -0.156795 0.246917 -0.059382
vt -0.435791 -0.575195
vn -0.406832 0.862859 -0.299938
v -0.213310 0.200164 -0.059382
vt -0.435791 -0.655273
vn -0.540902 0.727171 -0.422666
v -0.256422 0.140825 -0.059382
vt -0.435791 -0.734375
vn -0.665390 0.520275 -0.535322
v -0.283422 0.072629 -0.059382
vt -0.435791 -0.812500
vn -0.757509 0.219533 -0.614805
usemtl Base
f 3/3/3 2/2/2 1/1/1
f 4/4/4 2/2/2 3/3/3
f 1/1/1 6/6/6 5/5/5
f 2/2/2 6/6/6 1/1/1
f 9/9/9 8/8/8 7/7/7
f 10/10/10 8/8/8 9/9/9
f 13/13/13 12/12/12 11/11/11
f 14/14/14 12/12/12 13/13/13
f 11/11/11 16/16/16 15/15/15
f 12/12/12 16/16/16 11/11/11
f 15/15/15 18/18/18 17/17/17
f 16/16/16 18/18/18 15/15/15
f 21/21/21 20/20/20 19/19/19
f 22/22/22 20/20/20 21/21/21
f 23/23/23 22/22/22 21/21/21
f 24/24/24 22/22/22 23/23/23
f 25/25/25 24/24/24 23/23/23
f 26/26/26 24/24/24 25/25/25
f 29/29/29 28/28/28 27/27/27
f 30/30/30 28/28/28 29/29/29
f 33/33/33 32/32/32 31/31/31
f 34/34/34 32/32/32 33/33/33
f 37/37/37 36/36/36 35/35/35
f 38/38/38 36/36/36 37/37/37
f 3/3/3 39/39/39 4/4/4
f 40/40/40 39/39/39 3/3/3
f 5/5/5 42/42/42 41/41/41
f 43/43/43 42/42/42 5/5/5
f 41/41/41 45/45/45 44/44/44
f 42/42/42 45/45/45 41/41/41
f 44/44/44 47/47/47 46/46/46
f 45/45/45 47/47/47 44/44/44
f 46/46/46 49/49/49 48/48/48
f 47/47/47 49/49/49 46/46/46
f 26/26/26 51/51/51 50/50/50
f 25/25/25 51/51/51 26/26/26
f 54/54/54 53/53/53 52/52/52
f 55/55/55 53/53/53 54/54/54
f 58/58/58 57/57/57 56/56/56
f 59/59/59 57/57/57 58/58/58
f 61/61/61 8/8/8 60/60/60
f 7/7/7 8/8/8 61/61/61
f 64/64/64 63/63/63 62/62/62
f 65/65/65 64/64/64 62/62/62
f 66/66/66 64/64/64 65/65/65
f 69/69/69 68/68/68 67/67/67
f 70/70/70 68/68/68 69/69/69
f 61/61/61 72/72/72 71/71/71
f 60/60/60 72/72/72 61/61/61
f 75/75/75 74/74/74 73/73/73
f 77/77/77 67/67/67 76/76/76
f 69/69/69 67/67/67 77/77/77
f 80/80/80 79/79/79 78/78/78
f 81/81/81 79/79/79 80/80/80
f 78/78/78 83/83/83 82/82/82
f 79/79/79 83/83/83 78/78/78
f 82/82/82 85/85/85 84/84/84
f 83/83/83 85/85/85 82/82/82
f 85/85/85 86/86/86 84/84/84
f 87/87/87 86/86/86 85/85/85
f 70/70/70 65/65/65 68/68/68
f 66/66/66 65/65/65 70/70/70
f 52/52/52 57/57/57 54/54/54
f 56/56/56 57/57/57 52/52/52
f 89/89/89 58/58/58 88/88/88
f 59/59/59 58/58/58 89/89/89
f 90/90/90 50/50/50 51/51/51
f 91/91/91 32/32/32 34/34/34
f 92/92/92 32/32/32 91/91/91
f 95/95/95 94/94/94 93/93/93
f 96/96/96 94/94/94 95/95/95
f 99/99/99 98/98/98 97/97/97
f 100/100/100 98/98/98 99/99/99
f 27/27/27 101/101/101 29/29/29
f 102/102/102 101/101/101 27/27/27
f 97/97/97 103/103/103 99/99/99
f 104/104/104 103/103/103 97/97/97
f 106/106/106 104/104/104 105/105/105
f 103/103/103 104/104/104 106/106/106
f 105/105/105 107/107/107 106/106/106
f 108/108/108 107/107/107 105/105/105
f 110/110/110 40/40/40 109/109/109
f 39/39/39 40/40/40 110/110/110
f 110/110/110 109/109/109 111/111/111
f 113/113/113 108/108/108 112/112/112
f 107/107/107 108/108/108 113/113/113
f 115/115/115 30/30/30 114/114/114
f 28/28/28 30/30/30 115/115/115
f 33/33/33 111/111/111 109/109/109
f 31/31/31 111/111/111 33/33/33
f 118/118/118 117/117/117 116/116/116
f 119/119/119 117/117/117 118/118/118
f 122/122/122 121/121/121 120/120/120
f 123/123/123 121/121/121 122/122/122
f 123/123/123 124/124/124 121/121/121
f 125/125/125 124/124/124 123/123/123
f 128/128/128 127/127/127 126/126/126
f 129/129/129 127/127/127 128/128/128
f 113/113/113 131/131/131 130/130/130
f 112/112/112 131/131/131 113/113/113
f 131/131/131 132/132/132 130/130/130
f 133/133/133 132/132/132 131/131/131
f 132/132/132 135/135/135 134/134/134
f 133/133/133 135/135/135 132/132/132
f 134/134/134 137/137/137 136/136/136
f 135/135/135 137/137/137 134/134/134
f 136/136/136 139/139/139 138/138/138
f 137/137/137 139/139/139 136/136/136
f 142/142/142 141/141/141 140/140/140
f 143/143/143 48/48/48 49/49/49
f 146/146/146 145/145/145 144/144/144
f 147/147/147 145/145/145 146/146/146
f 144/144/144 149/149/149 148/148/148
f 145/145/145 149/149/149 144/144/144
f 149/149/149 150/150/150 148/148/148
f 151/151/151 37/37/37 35/35/35
f 35/35/35 152/152/152 151/151/151
f 153/153/153 152/152/152 35/35/35
f 155/155/155 37/37/37 154/154/154
f 38/38/38 37/37/37 155/155/155
f 157/157/157 126/126/126 156/156/156
f 160/160/160 159/159/159 158/158/158
f 161/161/161 159/159/159 160/160/160
f 164/164/164 163/163/163 162/162/162
f 162/162/162 165/165/165 164/164/164
f 166/166/166 165/165/165 162/162/162
f 167/167/167 165/165/165 166/166/166
f 168/168/168 165/165/165 167/167/167
f 171/171/171 170/170/170 169/169/169
f 172/172/172 170/170/170 171/171/171
f 174/174/174 76/76/76 173/173/173
f 77/77/77 76/76/76 174/174/174
f 175/175/175 174/174/174 173/173/173
f 175/175/175 170/170/170 172/172/172
f 173/173/173 170/170/170 175/175/175
f 178/178/178 177/177/177 176/176/176
f 179/179/179 177/177/177 178/178/178
f 182/182/182 181/181/181 180/180/180
f 183/183/183 181/181/181 182/182/182
f 186/186/186 185/185/185 184/184/184
f 187/187/187 185/185/185 186/186/186
f 190/190/190 189/189/189 188/188/188
f 191/191/191 189/189/189 190/190/190
f 192/192/192 119/119/119 118/118/118
f 193/193/193 119/119/119 192/192/192
f 194/194/194 126/126/126 127/127/127
f 156/156/156 126/126/126 194/194/194
f 195/195/195 176/176/176 177/177/177
f 13/13/13 176/176/176 195/195/195
f 198/198/198 197/197/197 196/196/196
f 199/199/199 197/197/197 198/198/198
f 199/199/199 200/200/200 197/197/197
f 201/201/201 200/200/200 199/199/199
f 204/204/204 203/203/203 202/202/202
f 207/207/207 206/206/206 205/205/205
f 208/208/208 206/206/206 207/207/207
f 204/204/204 209/209/209 203/203/203
f 210/210/210 209/209/209 204/204/204
f 210/210/210 211/211/211 209/209/209
f 212/212/212 211/211/211 210/210/210
f 212/212/212 213/213/213 211/211/211
f 214/214/214 213/213/213 212/212/212
f 217/217/217 216/216/216 215/215/215
f 218/218/218 216/216/216 217/217/217
f 220/220/220 215/215/215 219/219/219
f 217/217/217 215/215/215 220/220/220
f 222/222/222 219/219/219 221/221/221
f 220/220/220 219/219/219 222/222/222
f 225/225/225 224/224/224 223/223/223
f 226/226/226 224/224/224 225/225/225
f 229/229/229 228/228/228 227/227/227
f 230/230/230 228/228/228 229/229/229
f 233/233/233 232/232/232 231/231/231
f 234/234/234 232/232/232 233/233/233
f 198/198/198 236/236/236 235/235/235
f 196/196/196 236/236/236 198/198/198
f 201/201/201 238/238/238 237/237/237
f 239/239/239 238/238/238 201/201/201
f 239/239/239 240/240/240 238/238/238
f 241/241/241 240/240/240 239/239/239
f 241/241/241 242/242/242 240/240/240
f 243/243/243 242/242/242 241/241/241
f 243/243/243 244/244/244 242/242/242
f 245/245/245 244/244/244 243/243/243
f 221/221/221 246/246/246 222/222/222
f 247/247/247 246/246/246 221/221/221
f 250/250/250 249/249/249 248/248/248
f 251/251/251 249/249/249 250/250/250
f 253/253/253 252/252/252 202/202/202
f 254/254/254 252/252/252 253/253/253
f 257/257/257 256/256/256 255/255/255
f 258/258/258 256/256/256 257/257/257
f 259/259/259 206/206/206 208/208/208
f 260/260/260 206/206/206 259/259/259
f 263/263/263 262/262/262 261/261/261
f 265/265/265 261/261/261 264/264/264
f 263/263/263 261/261/261 265/265/265
f 268/268/268 267/267/267 266/266/266
f 269/269/269 267/267/267 268/268/268
f 259/259/259 270/270/270 260/260/260
f 271/271/271 270/270/270 259/259/259
f 274/274/274 273/273/273 272/272/272
f 275/275/275 269/269/269 268/268/268
f 276/276/276 269/269/269 275/275/275
f 279/279/279 278/278/278 277/277/277
f 280/280/280 278/278/278 279/279/279
f 283/283/283 282/282/282 281/281/281
f 284/284/284 282/282/282 283/283/283
f 284/284/284 285/285/285 282/282/282
f 286/286/286 285/285/285 284/284/284
f 286/286/286 287/287/287 285/285/285
f 288/288/288 287/287/287 286/286/286
f 281/281/281 289/289/289 283/283/283
f 290/290/290 289/289/289 281/281/281
f 266/266/266 265/265/265 264/264/264
f 267/267/267 265/265/265 266/266/266
f 251/251/251 256/256/256 258/258/258
f 250/250/250 256/256/256 251/251/251
f 254/254/254 257/257/257 255/255/255
f 253/253/253 257/257/257 254/254/254
f 246/246/246 247/247/247 291/291/291
f 293/293/293 228/228/228 292/292/292
f 227/227/227 228/228/228 293/293/293
f 296/296/296 295/295/295 294/294/294
f 297/297/297 295/295/295 296/296/296
f 226/226/226 299/299/299 298/298/298
f 225/225/225 299/299/299 226/226/226
f 297/297/297 301/301/301 300/300/300
f 296/296/296 301/301/301 297/297/297
f 302/302/302 300/300/300 301/301/301
f 303/303/303 300/300/300 302/302/302
f 303/303/303 305/305/305 304/304/304
f 302/302/302 305/305/305 303/303/303
f 306/306/306 235/235/235 236/236/236
f 307/307/307 235/235/235 306/306/306
f 308/308/308 307/307/307 306/306/306
f 309/309/309 304/304/304 305/305/305
f 310/310/310 304/304/304 309/309/309
f 311/311/311 223/223/223 224/224/224
f 312/312/312 223/223/223 311/311/311
f 229/229/229 308/308/308 230/230/230
f 307/307/307 308/308/308 229/229/229
f 315/315/315 314/314/314 313/313/313
f 316/316/316 314/314/314 315/315/315
f 319/319/319 318/318/318 317/317/317
f 320/320/320 318/318/318 319/319/319
f 309/309/309 321/321/321 310/310/310
f 322/322/322 321/321/321 309/309/309
f 321/321/321 324/324/324 323/323/323
f 322/322/322 324/324/324 321/321/321
f 324/324/324 325/325/325 323/323/323
f 326/326/326 325/325/325 324/324/324
f 326/326/326 327/327/327 325/325/325
f 328/328/328 327/327/327 326/326/326
f 328/328/328 329/329/329 327/327/327
f 330/330/330 329/329/329 328/328/328
f 333/333/333 332/332/332 331/331/331
f 244/244/244 245/245/245 334/334/334
f 337/337/337 336/336/336 335/335/335
f 338/338/338 336/336/336 337/337/337
f 338/338/338 339/339/339 336/336/336
f 340/340/340 339/339/339 338/338/338
f 340/340/340 341/341/341 339/339/339
f 234/234/234 233/233/233 342/342/342
f 234/234/234 344/344/344 343/343/343
f 342/342/342 344/344/344 234/234/234
f 345/345/345 233/233/233 231/231/231
f 346/346/346 233/233/233 345/345/345
f 349/349/349 348/348/348 347/347/347
f 350/350/350 348/348/348 349/349/349
f 351/351/351 348/348/348 350/350/350
f 171/171/171 353/353/353 352/352/352
f 169/169/169 353/353/353 171/171/171
f 355/355/355 158/158/158 354/354/354
f 160/160/160 158/158/158 355/355/355
f 355/355/355 357/357/357 356/356/356
f 354/354/354 357/357/357 355/355/355
f 360/360/360 359/359/359 358/358/358
f 360/360/360 362/362/362 361/361/361
f 358/358/358 362/362/362 360/360/360
f 364/364/364 362/362/362 363/363/363
f 361/361/361 362/362/362 364/364/364
f 352/352/352 366/366/366 365/365/365
f 353/353/353 366/366/366 352/352/352
f 367/367/367 276/276/276 275/275/275
f 368/368/368 276/276/276 367/367/367
f 368/368/368 367/367/367 369/369/369
f 369/369/369 366/366/366 368/368/368
f 365/365/365 366/366/366 369/369/369
f 370/370/370 179/179/179 178/178/178
f 252/252/252 179/179/179 370/370/370
f 371/371/371 183/183/183 182/182/182
f 372/372/372 183/183/183 371/371/371
f 187/187/187 373/373/373 185/185/185
f 374/374/374 373/373/373 187/187/187
f 376/376/376 313/313/313 375/375/375
f 315/315/315 313/313/313 376/376/376
f 379/379/379 378/378/378 377/377/377
f 380/380/380 378/378/378 379/379/379
f 377/377/377 200/200/200 201/201/201
f 378/378/378 200/200/200 377/377/377
f 383/383/383 382/382/382 381/381/381
f 384/384/384 382/382/382 383/383/383
f 387/387/387 386/386/386 385/385/385
f 388/388/388 386/386/386 387/387/387
f 385/385/385 390/390/390 389/389/389
f 386/386/386 390/390/390 385/385/385
f 389/389/389 213/213/213 214/214/214
f 390/390/390 213/213/213 389/389/389
f 391/391/391 216/216/216 218/218/218
f 392/392/392 216/216/216 391/391/391
f 393/393/393 392/392/392 391/391/391
f 394/394/394 392/392/392 393/393/393
f 395/395/395 394/394/394 393/393/393
f 396/396/396 394/394/394 395/395/395
f 399/399/399 398/398/398 397/397/397
f 400/400/400 398/398/398 399/399/399
f 403/403/403 402/402/402 401/401/401
f 404/404/404 402/402/402 403/403/403
f 407/407/407 406/406/406 405/405/405
f 408/408/408 406/406/406 407/407/407
f 379/379/379 409/409/409 380/380/380
f 410/410/410 409/409/409 379/379/379
f 201/201/201 412/412/412 411/411/411
f 237/237/237 412/412/412 201/201/201
f 411/411/411 414/414/414 413/413/413
f 412/412/412 414/414/414 411/411/411
f 413/413/413 416/416/416 415/415/415
f 414/414/414 416/416/416 413/413/413
f 415/415/415 418/418/418 417/417/417
f 416/416/416 418/418/418 415/415/415
f 396/396/396 420/420/420 419/419/419
f 395/395/395 420/420/420 396/396/396
f 423/423/423 422/422/422 421/421/421
f 424/424/424 422/422/422 423/423/423
f 427/427/427 426/426/426 425/425/425
f 428/428/428 426/426/426 427/427/427
f 430/430/430 382/382/382 429/429/429
f 381/381/381 382/382/382 430/430/430
f 433/433/433 432/432/432 431/431/431
f 434/434/434 433/433/433 431/431/431
f 435/435/435 433/433/433 434/434/434
f 438/438/438 437/437/437 436/436/436
f 439/439/439 437/437/437 438/438/438
f 430/430/430 441/441/441 440/440/440
f 429/429/429 441/441/441 430/430/430
f 444/444/444 443/443/443 442/442/442
f 446/446/446 436/436/436 445/445/445
f 438/438/438 436/436/436 446/446/446
f 289/289/289 448/448/448 447/447/447
f 290/290/290 448/448/448 289/289/289
f 447/447/447 450/450/450 449/449/449
f 448/448/448 450/450/450 447/447/447
f 449/449/449 452/452/452 451/451/451
f 450/450/450 452/452/452 449/449/449
f 452/452/452 288/288/288 451/451/451
f 287/287/287 288/288/288 452/452/452
f 439/439/439 434/434/434 437/437/437
f 435/435/435 434/434/434 439/439/439
f 421/421/421 426/426/426 423/423/423
f 425/425/425 426/426/426 421/421/421
f 454/454/454 427/427/427 453/453/453
f 428/428/428 427/427/427 454/454/454
f 455/455/455 419/419/419 420/420/420
f 456/456/456 402/402/402 404/404/404
f 457/457/457 402/402/402 456/456/456
f 460/460/460 459/459/459 458/458/458
f 461/461/461 459/459/459 460/460/460
f 464/464/464 463/463/463 462/462/462
f 465/465/465 463/463/463 464/464/464
f 397/397/397 466/466/466 399/399/399
f 467/467/467 466/466/466 397/397/397
f 462/462/462 468/468/468 464/464/464
f 469/469/469 468/468/468 462/462/462
f 471/471/471 469/469/469 470/470/470
f 468/468/468 469/469/469 471/471/471
f 470/470/470 472/472/472 471/471/471
f 473/473/473 472/472/472 470/470/470
f 475/475/475 410/410/410 474/474/474
f 409/409/409 410/410/410 475/475/475
f 478/478/478 477/477/477 476/476/476
f 477/477/477 475/475/475 474/474/474
f 478/478/478 475/475/475 477/477/477
f 417/417/417 418/418/418 479/479/479
f 481/481/481 473/473/473 480/480/480
f 472/472/472 473/473/473 481/481/481
f 483/483/483 400/400/400 482/482/482
f 398/398/398 400/400/400 483/483/483
f 403/403/403 476/476/476 477/477/477
f 401/401/401 476/476/476 403/403/403
f 486/486/486 485/485/485 484/484/484
f 487/487/487 485/485/485 486/486/486
f 490/490/490 489/489/489 488/488/488
f 491/491/491 489/489/489 490/490/490
f 491/491/491 318/318/318 489/489/489
f 317/317/317 318/318/318 491/491/491
f 493/493/493 351/351/351 492/492/492
f 348/348/348 351/351/351 493/493/493
f 481/481/481 495/495/495 494/494/494
f 480/480/480 495/495/495 481/481/481
f 495/495/495 496/496/496 494/494/494
f 497/497/497 496/496/496 495/495/495
f 496/496/496 499/499/499 498/498/498
f 497/497/497 499/499/499 496/496/496
f 498/498/498 501/501/501 500/500/500
f 499/499/499 501/501/501 498/498/498
f 500/500/500 329/329/329 330/330/330
f 501/501/501 329/329/329 500/500/500
f 504/504/504 503/503/503 502/502/502
f 505/505/505 479/479/479 418/418/418
f 508/508/508 507/507/507 506/506/506
f 509/509/509 507/507/507 508/508/508
f 506/506/506 511/511/511 510/510/510
f 507/507/507 511/511/511 506/506/506
f 511/511/511 512/512/512 510/510/510
f 513/513/513 407/407/407 405/405/405
f 405/405/405 514/514/514 513/513/513
f 515/515/515 514/514/514 405/405/405
f 517/517/517 407/407/407 516/516/516
f 408/408/408 407/407/407 517/517/517
f 519/519/519 493/493/493 518/518/518
f 522/522/522 521/521/521 520/520/520
f 523/523/523 521/521/521 522/522/522
f 526/526/526 525/525/525 524/524/524
f 524/524/524 527/527/527 526/526/526
f 528/528/528 527/527/527 524/524/524
f 529/529/529 527/527/527 528/528/528
f 530/530/530 527/527/527 529/529/529
f 533/533/533 532/532/532 531/531/531
f 534/534/534 532/532/532 533/533/533
f 536/536/536 445/445/445 535/535/535
f 446/446/446 445/445/445 536/536/536
f 537/537/537 536/536/536 535/535/535
f 537/537/537 532/532/532 534/534/534
f 535/535/535 532/532/532 537/537/537
f 540/540/540 539/539/539 538/538/538
f 541/541/541 539/539/539 540/540/540
f 544/544/544 543/543/543 542/542/542
f 545/545/545 543/543/543 544/544/544
f 548/548/548 547/547/547 546/546/546
f 549/549/549 547/547/547 548/548/548
f 550/550/550 487/487/487 486/486/486
f 551/551/551 487/487/487 550/550/550
f 552/552/552 493/493/493 492/492/492
f 518/518/518 493/493/493 552/552/552
f 553/553/553 538/538/538 539/539/539
f 387/387/387 538/538/538 553/553/553
f 556/556/556 555/555/555 554/554/554
f 557/557/557 555/555/555 556/556/556
f 557/557/557 558/558/558 555/555/555
f 559/559/559 558/558/558 557/557/557
f 562/562/562 561/561/561 560/560/560
f 565/565/565 564/564/564 563/563/563
f 566/566/566 564/564/564 565/565/565
f 562/562/562 567/567/567 561/561/561
f 568/568/568 567/567/567 562/562/562
f 568/568/568 569/569/569 567/567/567
f 570/570/570 569/569/569 568/568/568
f 570/570/570 571/571/571 569/569/569
f 572/572/572 571/571/571 570/570/570
f 575/575/575 574/574/574 573/573/573
f 576/576/576 574/574/574 575/575/575
f 578/578/578 573/573/573 577/577/577
f 575/575/575 573/573/573 578/578/578
f 580/580/580 577/577/577 579/579/579
f 578/578/578 577/577/577 580/580/580
f 583/583/583 582/582/582 581/581/581
f 584/584/584 582/582/582 583/583/583
f 587/587/587 586/586/586 585/585/585
f 588/588/588 586/586/586 587/587/587
f 591/591/591 590/590/590 589/589/589
f 592/592/592 590/590/590 591/591/591
f 556/556/556 594/594/594 593/593/593
f 554/554/554 594/594/594 556/556/556
f 559/559/559 596/596/596 595/595/595
f 597/597/597 596/596/596 559/559/559
f 597/597/597 598/598/598 596/596/596
f 599/599/599 598/598/598 597/597/597
f 599/599/599 600/600/600 598/598/598
f 601/601/601 600/600/600 599/599/599
f 601/601/601 602/602/602 600/600/600
f 579/579/579 603/603/603 580/580/580
f 604/604/604 603/603/603 579/579/579
f 607/607/607 606/606/606 605/605/605
f 608/608/608 606/606/606 607/607/607
f 610/610/610 609/609/609 560/560/560
f 611/611/611 609/609/609 610/610/610
f 614/614/614 613/613/613 612/612/612
f 615/615/615 613/613/613 614/614/614
f 616/616/616 564/564/564 566/566/566
f 617/617/617 564/564/564 616/616/616
f 620/620/620 619/619/619 618/618/618
f 622/622/622 618/618/618 621/621/621
f 620/620/620 618/618/618 622/622/622
f 625/625/625 624/624/624 623/623/623
f 626/626/626 624/624/624 625/625/625
f 616/616/616 627/627/627 617/617/617
f 628/628/628 627/627/627 616/616/616
f 631/631/631 630/630/630 629/629/629
f 632/632/632 626/626/626 625/625/625
f 633/633/633 626/626/626 632/632/632
f 636/636/636 635/635/635 634/634/634
f 637/637/637 635/635/635 636/636/636
f 640/640/640 639/639/639 638/638/638
f 641/641/641 639/639/639 640/640/640
f 641/641/641 642/642/642 639/639/639
f 643/643/643 642/642/642 641/641/641
f 643/643/643 644/644/644 642/642/642
f 645/645/645 644/644/644 643/643/643
f 638/638/638 646/646/646 640/640/640
f 647/647/647 646/646/646 638/638/638
f 623/623/623 622/622/622 621/621/621
f 624/624/624 622/622/622 623/623/623
f 608/608/608 613/613/613 615/615/615
f 607/607/607 613/613/613 608/608/608
f 611/611/611 614/614/614 612/612/612
f 610/610/610 614/614/614 611/611/611
f 603/603/603 604/604/604 648/648/648
f 650/650/650 586/586/586 649/649/649
f 585/585/585 586/586/586 650/650/650
f 653/653/653 652/652/652 651/651/651
f 654/654/654 652/652/652 653/653/653
f 584/584/584 656/656/656 655/655/655
f 583/583/583 656/656/656 584/584/584
f 654/654/654 658/658/658 657/657/657
f 653/653/653 658/658/658 654/654/654
f 659/659/659 657/657/657 658/658/658
f 660/660/660 657/657/657 659/659/659
f 660/660/660 662/662/662 661/661/661
f 659/659/659 662/662/662 660/660/660
f 665/665/665 664/664/664 663/663/663
f 664/664/664 594/594/594 663/663/663
f 593/593/593 594/594/594 664/664/664
f 666/666/666 602/602/602 601/601/601
f 667/667/667 661/661/661 662/662/662
f 668/668/668 661/661/661 667/667/667
f 669/669/669 581/581/581 582/582/582
f 670/670/670 581/581/581 669/669/669
f 587/587/587 665/665/665 588/588/588
f 664/664/664 665/665/665 587/587/587
f 673/673/673 672/672/672 671/671/671
f 674/674/674 672/672/672 673/673/673
f 667/667/667 675/675/675 668/668/668
f 676/676/676 675/675/675 667/667/667
f 675/675/675 678/678/678 677/677/677
f 676/676/676 678/678/678 675/675/675
f 678/678/678 679/679/679 677/677/677
f 680/680/680 679/679/679 678/678/678
f 680/680/680 681/681/681 679/679/679
f 682/682/682 681/681/681 680/680/680
f 682/682/682 683/683/683 681/681/681
f 684/684/684 683/683/683 682/682/682
f 687/687/687 686/686/686 685/685/685
f 602/602/602 666/666/666 688/688/688
f 691/691/691 690/690/690 689/689/689
f 692/692/692 690/690/690 691/691/691
f 692/692/692 693/693/693 690/690/690
f 592/592/592 591/591/591 694/694/694
f 592/592/592 696/696/696 695/695/695
f 694/694/694 696/696/696 592/592/592
f 589/589/589 697/697/697 591/591/591
f 698/698/698 697/697/697 589/589/589
f 701/701/701 700/700/700 699/699/699
f 702/702/702 700/700/700 701/701/701
f 703/703/703 700/700/700 702/702/702
f 533/533/533 705/705/705 704/704/704
f 531/531/531 705/705/705 533/533/533
f 706/706/706 443/443/443 630/630/630
f 707/707/707 443/443/443 706/706/706
f 709/709/709 520/520/520 708/708/708
f 522/522/522 520/520/520 709/709/709
f 709/709/709 711/711/711 710/710/710
f 708/708/708 711/711/711 709/709/709
f 714/714/714 713/713/713 712/712/712
f 714/714/714 716/716/716 715/715/715
f 712/712/712 716/716/716 714/714/714
f 718/718/718 716/716/716 717/717/717
f 715/715/715 716/716/716 718/718/718
f 704/704/704 720/720/720 719/719/719
f 705/705/705 720/720/720 704/704/704
f 721/721/721 633/633/633 632/632/632
f 722/722/722 633/633/633 721/721/721
f 722/722/722 721/721/721 723/723/723
f 723/723/723 720/720/720 722/722/722
f 719/719/719 720/720/720 723/723/723
f 724/724/724 541/541/541 540/540/540
f 609/609/609 541/541/541 724/724/724
f 725/725/725 545/545/545 544/544/544
f 726/726/726 545/545/545 725/725/725
f 549/549/549 727/727/727 547/547/547
f 728/728/728 727/727/727 549/549/549
f 731/731/731 730/730/730 729/729/729
f 732/732/732 730/730/730 731/731/731
f 734/734/734 589/589/589 733/733/733
f 735/735/735 589/589/589 734/734/734
f 738/738/738 737/737/737 736/736/736
f 739/739/739 737/737/737 738/738/738
f 736/736/736 741/741/741 740/740/740
f 737/737/737 741/741/741 736/736/736
f 744/744/744 743/743/743 742/742/742
f 745/745/745 743/743/743 744/744/744
f 748/748/748 747/747/747 746/746/746
f 749/749/749 747/747/747 748/748/748
f 746/746/746 751/751/751 750/750/750
f 747/747/747 751/751/751 746/746/746
f 750/750/750 753/753/753 752/752/752
f 751/751/751 753/753/753 750/750/750
f 756/756/756 755/755/755 754/754/754
f 757/757/757 755/755/755 756/756/756
f 758/758/758 757/757/757 756/756/756
f 759/759/759 757/757/757 758/758/758
f 760/760/760 759/759/759 758/758/758
f 761/761/761 759/759/759 760/760/760
f 764/764/764 763/763/763 762/762/762
f 765/765/765 763/763/763 764/764/764
f 768/768/768 767/767/767 766/766/766
f 769/769/769 767/767/767 768/768/768
f 772/772/772 771/771/771 770/770/770
f 773/773/773 771/771/771 772/772/772
f 738/738/738 774/774/774 739/739/739
f 775/775/775 774/774/774 738/738/738
f 740/740/740 777/777/777 776/776/776
f 778/778/778 777/777/777 740/740/740
f 776/776/776 780/780/780 779/779/779
f 777/777/777 780/780/780 776/776/776
f 779/779/779 782/782/782 781/781/781
f 780/780/780 782/782/782 779/779/779
f 782/782/782 783/783/783 781/781/781
f 761/761/761 785/785/785 784/784/784
f 760/760/760 785/785/785 761/761/761
f 788/788/788 787/787/787 786/786/786
f 789/789/789 787/787/787 788/788/788
f 792/792/792 791/791/791 790/790/790
f 793/793/793 791/791/791 792/792/792
f 795/795/795 743/743/743 794/794/794
f 742/742/742 743/743/743 795/795/795
f 798/798/798 797/797/797 796/796/796
f 799/799/799 798/798/798 796/796/796
f 800/800/800 798/798/798 799/799/799
f 803/803/803 802/802/802 801/801/801
f 804/804/804 802/802/802 803/803/803
f 795/795/795 806/806/806 805/805/805
f 794/794/794 806/806/806 795/795/795
f 809/809/809 808/808/808 807/807/807
f 811/811/811 801/801/801 810/810/810
f 803/803/803 801/801/801 811/811/811
f 814/814/814 813/813/813 812/812/812
f 815/815/815 813/813/813 814/814/814
f 812/812/812 817/817/817 816/816/816
f 813/813/813 817/817/817 812/812/812
f 816/816/816 819/819/819 818/818/818
f 817/817/817 819/819/819 816/816/816
f 819/819/819 820/820/820 818/818/818
f 821/821/821 820/820/820 819/819/819
f 804/804/804 799/799/799 802/802/802
f 800/800/800 799/799/799 804/804/804
f 786/786/786 791/791/791 788/788/788
f 790/790/790 791/791/791 786/786/786
f 823/823/823 792/792/792 822/822/822
f 793/793/793 792/792/792 823/823/823
f 824/824/824 784/784/784 785/785/785
f 825/825/825 767/767/767 769/769/769
f 826/826/826 767/767/767 825/825/825
f 829/829/829 828/828/828 827/827/827
f 830/830/830 828/828/828 829/829/829
f 833/833/833 832/832/832 831/831/831
f 834/834/834 832/832/832 833/833/833
f 762/762/762 835/835/835 764/764/764
f 836/836/836 835/835/835 762/762/762
f 831/831/831 837/837/837 833/833/833
f 838/838/838 837/837/837 831/831/831
f 840/840/840 838/838/838 839/839/839
f 837/837/837 838/838/838 840/840/840
f 839/839/839 841/841/841 840/840/840
f 842/842/842 841/841/841 839/839/839
f 845/845/845 844/844/844 843/843/843
f 844/844/844 774/774/774 775/775/775
f 845/845/845 774/774/774 844/844/844
f 781/781/781 783/783/783 846/846/846
f 848/848/848 842/842/842 847/847/847
f 841/841/841 842/842/842 848/848/848
f 850/850/850 765/765/765 849/849/849
f 763/763/763 765/765/765 850/850/850
f 768/768/768 843/843/843 844/844/844
f 766/766/766 843/843/843 768/768/768
f 853/853/853 852/852/852 851/851/851
f 854/854/854 852/852/852 853/853/853
f 857/857/857 856/856/856 855/855/855
f 858/858/858 856/856/856 857/857/857
f 858/858/858 859/859/859 856/856/856
f 860/860/860 859/859/859 858/858/858
f 863/863/863 862/862/862 861/861/861
f 864/864/864 862/862/862 863/863/863
f 848/848/848 866/866/866 865/865/865
f 847/847/847 866/866/866 848/848/848
f 866/866/866 867/867/867 865/865/865
f 868/868/868 867/867/867 866/866/866
f 867/867/867 870/870/870 869/869/869
f 868/868/868 870/870/870 867/867/867
f 869/869/869 872/872/872 871/871/871
f 870/870/870 872/872/872 869/869/869
f 871/871/871 874/874/874 873/873/873
f 872/872/872 874/874/874 871/871/871
f 877/877/877 876/876/876 875/875/875
f 878/878/878 846/846/846 783/783/783
f 881/881/881 880/880/880 879/879/879
f 882/882/882 880/880/880 881/881/881
f 879/879/879 884/884/884 883/883/883
f 880/880/880 884/884/884 879/879/879
f 884/884/884 885/885/885 883/883/883
f 886/886/886 772/772/772 770/770/770
f 770/770/770 887/887/887 886/886/886
f 888/888/888 887/887/887 770/770/770
f 890/890/890 772/772/772 889/889/889
f 773/773/773 772/772/772 890/890/890
f 892/892/892 861/861/861 891/891/891
f 895/895/895 894/894/894 893/893/893
f 896/896/896 894/894/894 895/895/895
f 899/899/899 898/898/898 897/897/897
f 897/897/897 900/900/900 899/899/899
f 901/901/901 900/900/900 897/897/897
f 902/902/902 900/900/900 901/901/901
f 903/903/903 900/900/900 902/902/902
f 906/906/906 905/905/905 904/904/904
f 907/907/907 905/905/905 906/906/906
f 909/909/909 810/810/810 908/908/908
f 811/811/811 810/810/810 909/909/909
f 910/910/910 909/909/909 908/908/908
f 910/910/910 905/905/905 907/907/907
f 908/908/908 905/905/905 910/910/910
f 913/913/913 912/912/912 911/911/911
f 914/914/914 912/912/912 913/913/913
f 917/917/917 916/916/916 915/915/915
f 918/918/918 916/916/916 917/917/917
f 921/921/921 920/920/920 919/919/919
f 922/922/922 920/920/920 921/921/921
f 925/925/925 924/924/924 923/923/923
f 926/926/926 924/924/924 925/925/925
f 927/927/927 854/854/854 853/853/853
f 928/928/928 854/854/854 927/927/927
f 929/929/929 861/861/861 862/862/862
f 891/891/891 861/861/861 929/929/929
f 823/823/823 930/930/930 912/912/912
f 822/822/822 930/930/930 823/823/823
f 933/933/933 932/932/932 931/931/931
f 934/934/934 932/932/932 933/933/933
f 934/934/934 935/935/935 932/932/932
f 936/936/936 935/935/935 934/934/934
f 939/939/939 938/938/938 937/937/937
f 942/942/942 941/941/941 940/940/940
f 943/943/943 941/941/941 942/942/942
f 939/939/939 944/944/944 938/938/938
f 945/945/945 944/944/944 939/939/939
f 945/945/945 946/946/946 944/944/944
f 947/947/947 946/946/946 945/945/945
f 947/947/947 948/948/948 946/946/946
f 949/949/949 948/948/948 947/947/947
f 952/952/952 951/951/951 950/950/950
f 953/953/953 951/951/951 952/952/952
f 955/955/955 950/950/950 954/954/954
f 952/952/952 950/950/950 955/955/955
f 957/957/957 954/954/954 956/956/956
f 955/955/955 954/954/954 957/957/957
f 960/960/960 959/959/959 958/958/958
f 961/961/961 959/959/959 960/960/960
f 964/964/964 963/963/963 962/962/962
f 965/965/965 963/963/963 964/964/964
f 968/968/968 967/967/967 966/966/966
f 969/969/969 967/967/967 968/968/968
f 933/933/933 971/971/971 970/970/970
f 931/931/931 971/971/971 933/933/933
f 936/936/936 973/973/973 972/972/972
f 974/974/974 973/973/973 936/936/936
f 974/974/974 975/975/975 973/973/973
f 976/976/976 975/975/975 974/974/974
f 976/976/976 977/977/977 975/975/975
f 978/978/978 977/977/977 976/976/976
f 978/978/978 979/979/979 977/977/977
f 956/956/956 980/980/980 957/957/957
f 981/981/981 980/980/980 956/956/956
f 984/984/984 983/983/983 982/982/982
f 985/985/985 983/983/983 984/984/984
f 987/987/987 986/986/986 937/937/937
f 988/988/988 986/986/986 987/987/987
f 991/991/991 990/990/990 989/989/989
f 992/992/992 990/990/990 991/991/991
f 993/993/993 941/941/941 943/943/943
f 994/994/994 941/941/941 993/993/993
f 997/997/997 996/996/996 995/995/995
f 999/999/999 995/995/995 998/998/998
f 997/997/997 995/995/995 999/999/999
f 1002/1002/1002 1001/1001/1001 1000/1000/1000
f 1003/1003/1003 1001/1001/1001 1002/1002/1002
f 993/993/993 1004/1004/1004 994/994/994
f 1005/1005/1005 1004/1004/1004 993/993/993
f 1008/1008/1008 1007/1007/1007 1006/1006/1006
f 1009/1009/1009 1003/1003/1003 1002/1002/1002
f 1010/1010/1010 1003/1003/1003 1009/1009/1009
f 1013/1013/1013 1012/1012/1012 1011/1011/1011
f 1014/1014/1014 1012/1012/1012 1013/1013/1013
f 1017/1017/1017 1016/1016/1016 1015/1015/1015
f 1018/1018/1018 1016/1016/1016 1017/1017/1017
f 1018/1018/1018 1019/1019/1019 1016/1016/1016
f 1020/1020/1020 1019/1019/1019 1018/1018/1018
f 1020/1020/1020 1021/1021/1021 1019/1019/1019
f 1022/1022/1022 1021/1021/1021 1020/1020/1020
f 1015/1015/1015 1023/1023/1023 1017/1017/1017
f 1024/1024/1024 1023/1023/1023 1015/1015/1015
f 1000/1000/1000 999/999/999 998/998/998
f 1001/1001/1001 999/999/999 1000/1000/1000
f 985/985/985 990/990/990 992/992/992
f 984/984/984 990/990/990 985/985/985
f 988/988/988 991/991/991 989/989/989
f 987/987/987 991/991/991 988/988/988
f 980/980/980 981/981/981 1025/1025/1025
f 1027/1027/1027 963/963/963 1026/1026/1026
f 962/962/962 963/963/963 1027/1027/1027
f 1030/1030/1030 1029/1029/1029 1028/1028/1028
f 1031/1031/1031 1029/1029/1029 1030/1030/1030
f 961/961/961 1033/1033/1033 1032/1032/1032
f 960/960/960 1033/1033/1033 961/961/961
f 1031/1031/1031 1035/1035/1035 1034/1034/1034
f 1030/1030/1030 1035/1035/1035 1031/1031/1031
f 1036/1036/1036 1034/1034/1034 1035/1035/1035
f 1037/1037/1037 1034/1034/1034 1036/1036/1036
f 1037/1037/1037 1039/1039/1039 1038/1038/1038
f 1036/1036/1036 1039/1039/1039 1037/1037/1037
f 1042/1042/1042 1041/1041/1041 1040/1040/1040
f 1041/1041/1041 971/971/971 1040/1040/1040
f 970/970/970 971/971/971 1041/1041/1041
f 1043/1043/1043 979/979/979 978/978/978
f 1044/1044/1044 1038/1038/1038 1039/1039/1039
f 1045/1045/1045 1038/1038/1038 1044/1044/1044
f 1046/1046/1046 958/958/958 959/959/959
f 1047/1047/1047 958/958/958 1046/1046/1046
f 964/964/964 1042/1042/1042 965/965/965
f 1041/1041/1041 1042/1042/1042 964/964/964
f 1050/1050/1050 1049/1049/1049 1048/1048/1048
f 1051/1051/1051 1049/1049/1049 1050/1050/1050
f 1054/1054/1054 1053/1053/1053 1052/1052/1052
f 1055/1055/1055 1053/1053/1053 1054/1054/1054
f 1044/1044/1044 1056/1056/1056 1045/1045/1045
f 1057/1057/1057 1056/1056/1056 1044/1044/1044
f 1056/1056/1056 1059/1059/1059 1058/1058/1058
f 1057/1057/1057 1059/1059/1059 1056/1056/1056
f 1059/1059/1059 1060/1060/1060 1058/1058/1058
f 1061/1061/1061 1060/1060/1060 1059/1059/1059
f 1061/1061/1061 1062/1062/1062 1060/1060/1060
f 1063/1063/1063 1062/1062/1062 1061/1061/1061
f 1063/1063/1063 1064/1064/1064 1062/1062/1062
f 1065/1065/1065 1064/1064/1064 1063/1063/1063
f 1068/1068/1068 1067/1067/1067 1066/1066/1066
f 979/979/979 1043/1043/1043 1069/1069/1069
f 1072/1072/1072 1071/1071/1071 1070/1070/1070
f 1073/1073/1073 1071/1071/1071 1072/1072/1072
f 1073/1073/1073 1074/1074/1074 1071/1071/1071
f 1075/1075/1075 1074/1074/1074 1073/1073/1073
f 1075/1075/1075 1076/1076/1076 1074/1074/1074
f 969/969/969 968/968/968 1077/1077/1077
f 969/969/969 1079/1079/1079 1078/1078/1078
f 1077/1077/1077 1079/1079/1079 969/969/969
f 1080/1080/1080 968/968/968 966/966/966
f 1081/1081/1081 968/968/968 1080/1080/1080
f 1084/1084/1084 1083/1083/1083 1082/1082/1082
f 1085/1085/1085 1083/1083/1083 1084/1084/1084
f 1086/1086/1086 1083/1083/1083 1085/1085/1085
f 906/906/906 1088/1088/1088 1087/1087/1087
f 904/904/904 1088/1088/1088 906/906/906
f 1090/1090/1090 893/893/893 1089/1089/1089
f 895/895/895 893/893/893 1090/1090/1090
f 1090/1090/1090 1092/1092/1092 1091/1091/1091
f 1089/1089/1089 1092/1092/1092 1090/1090/1090
f 1095/1095/1095 1094/1094/1094 1093/1093/1093
f 1095/1095/1095 1097/1097/1097 1096/1096/1096
f 1093/1093/1093 1097/1097/1097 1095/1095/1095
f 1099/1099/1099 1097/1097/1097 1098/1098/1098
f 1096/1096/1096 1097/1097/1097 1099/1099/1099
f 1087/1087/1087 1101/1101/1101 1100/1100/1100
f 1088/1088/1088 1101/1101/1101 1087/1087/1087
f 1102/1102/1102 1010/1010/1010 1009/1009/1009
f 1103/1103/1103 1010/1010/1010 1102/1102/1102
f 1103/1103/1103 1102/1102/1102 1104/1104/1104
f 1104/1104/1104 1101/1101/1101 1103/1103/1103
f 1100/1100/1100 1101/1101/1101 1104/1104/1104
f 1105/1105/1105 914/914/914 913/913/913
f 986/986/986 914/914/914 1105/1105/1105
f 1106/1106/1106 918/918/918 917/917/917
f 1107/1107/1107 918/918/918 1106/1106/1106
f 922/922/922 1108/1108/1108 920/920/920
f 1109/1109/1109 1108/1108/1108 922/922/922
f 1111/1111/1111 1048/1048/1048 1110/1110/1110
f 1050/1050/1050 1048/1048/1048 1111/1111/1111
f 1114/1114/1114 1113/1113/1113 1112/1112/1112
f 1115/1115/1115 1113/1113/1113 1114/1114/1114
f 1112/1112/1112 558/558/558 559/559/559
f 1113/1113/1113 558/558/558 1112/1112/1112
f 1118/1118/1118 1117/1117/1117 1116/1116/1116
f 1119/1119/1119 1117/1117/1117 1118/1118/1118
f 1122/1122/1122 1121/1121/1121 1120/1120/1120
f 1123/1123/1123 1121/1121/1121 1122/1122/1122
f 1120/1120/1120 1125/1125/1125 1124/1124/1124
f 1121/1121/1121 1125/1125/1125 1120/1120/1120
f 1124/1124/1124 571/571/571 572/572/572
f 1125/1125/1125 571/571/571 1124/1124/1124
f 1126/1126/1126 574/574/574 576/576/576
f 1127/1127/1127 574/574/574 1126/1126/1126
f 1128/1128/1128 1127/1127/1127 1126/1126/1126
f 1129/1129/1129 1127/1127/1127 1128/1128/1128
f 1130/1130/1130 1129/1129/1129 1128/1128/1128
f 1131/1131/1131 1129/1129/1129 1130/1130/1130
f 1134/1134/1134 1133/1133/1133 1132/1132/1132
f 1135/1135/1135 1133/1133/1133 1134/1134/1134
f 1138/1138/1138 1137/1137/1137 1136/1136/1136
f 1139/1139/1139 1137/1137/1137 1138/1138/1138
f 1142/1142/1142 1141/1141/1141 1140/1140/1140
f 1143/1143/1143 1141/1141/1141 1142/1142/1142
f 1114/1114/1114 1144/1144/1144 1115/1115/1115
f 1145/1145/1145 1144/1144/1144 1114/1114/1114
f 559/559/559 1147/1147/1147 1146/1146/1146
f 595/595/595 1147/1147/1147 559/559/559
f 1146/1146/1146 1149/1149/1149 1148/1148/1148
f 1147/1147/1147 1149/1149/1149 1146/1146/1146
f 1148/1148/1148 1151/1151/1151 1150/1150/1150
f 1149/1149/1149 1151/1151/1151 1148/1148/1148
f 1150/1150/1150 1153/1153/1153 1152/1152/1152
f 1151/1151/1151 1153/1153/1153 1150/1150/1150
f 1131/1131/1131 1155/1155/1155 1154/1154/1154
f 1130/1130/1130 1155/1155/1155 1131/1131/1131
f 1158/1158/1158 1157/1157/1157 1156/1156/1156
f 1159/1159/1159 1157/1157/1157 1158/1158/1158
f 1162/1162/1162 1161/1161/1161 1160/1160/1160
f 1163/1163/1163 1161/1161/1161 1162/1162/1162
f 1165/1165/1165 1117/1117/1117 1164/1164/1164
f 1116/1116/1116 1117/1117/1117 1165/1165/1165
f 1168/1168/1168 1167/1167/1167 1166/1166/1166
f 1169/1169/1169 1168/1168/1168 1166/1166/1166
f 1170/1170/1170 1168/1168/1168 1169/1169/1169
f 1173/1173/1173 1172/1172/1172 1171/1171/1171
f 1174/1174/1174 1172/1172/1172 1173/1173/1173
f 1165/1165/1165 1176/1176/1176 1175/1175/1175
f 1164/1164/1164 1176/1176/1176 1165/1165/1165
f 1179/1179/1179 1178/1178/1178 1177/1177/1177
f 1181/1181/1181 1171/1171/1171 1180/1180/1180
f 1173/1173/1173 1171/1171/1171 1181/1181/1181
f 646/646/646 1183/1183/1183 1182/1182/1182
f 647/647/647 1183/1183/1183 646/646/646
f 1182/1182/1182 1185/1185/1185 1184/1184/1184
f 1183/1183/1183 1185/1185/1185 1182/1182/1182
f 1184/1184/1184 1187/1187/1187 1186/1186/1186
f 1185/1185/1185 1187/1187/1187 1184/1184/1184
f 1187/1187/1187 645/645/645 1186/1186/1186
f 644/644/644 645/645/645 1187/1187/1187
f 1174/1174/1174 1169/1169/1169 1172/1172/1172
f 1170/1170/1170 1169/1169/1169 1174/1174/1174
f 1156/1156/1156 1161/1161/1161 1158/1158/1158
f 1160/1160/1160 1161/1161/1161 1156/1156/1156
f 1189/1189/1189 1162/1162/1162 1188/1188/1188
f 1163/1163/1163 1162/1162/1162 1189/1189/1189
f 1190/1190/1190 1154/1154/1154 1155/1155/1155
f 1191/1191/1191 1137/1137/1137 1139/1139/1139
f 1192/1192/1192 1137/1137/1137 1191/1191/1191
f 1195/1195/1195 1194/1194/1194 1193/1193/1193
f 1196/1196/1196 1194/1194/1194 1195/1195/1195
f 1199/1199/1199 1198/1198/1198 1197/1197/1197
f 1200/1200/1200 1198/1198/1198 1199/1199/1199
f 1132/1132/1132 1201/1201/1201 1134/1134/1134
f 1202/1202/1202 1201/1201/1201 1132/1132/1132
f 1197/1197/1197 1203/1203/1203 1199/1199/1199
f 1204/1204/1204 1203/1203/1203 1197/1197/1197
f 1206/1206/1206 1204/1204/1204 1205/1205/1205
f 1203/1203/1203 1204/1204/1204 1206/1206/1206
f 1205/1205/1205 1207/1207/1207 1206/1206/1206
f 1208/1208/1208 1207/1207/1207 1205/1205/1205
f 1210/1210/1210 1145/1145/1145 1209/1209/1209
f 1144/1144/1144 1145/1145/1145 1210/1210/1210
f 1210/1210/1210 1209/1209/1209 1211/1211/1211
f 1213/1213/1213 1208/1208/1208 1212/1212/1212
f 1207/1207/1207 1208/1208/1208 1213/1213/1213
f 1215/1215/1215 1135/1135/1135 1214/1214/1214
f 1133/1133/1133 1135/1135/1135 1215/1215/1215
f 1138/1138/1138 1211/1211/1211 1209/1209/1209
f 1136/1136/1136 1211/1211/1211 1138/1138/1138
f 1218/1218/1218 1217/1217/1217 1216/1216/1216
f 1219/1219/1219 1217/1217/1217 1218/1218/1218
f 1222/1222/1222 1221/1221/1221 1220/1220/1220
f 1223/1223/1223 1221/1221/1221 1222/1222/1222
f 1223/1223/1223 672/672/672 1221/1221/1221
f 671/671/671 672/672/672 1223/1223/1223
f 1225/1225/1225 703/703/703 1224/1224/1224
f 700/700/700 703/703/703 1225/1225/1225
f 1213/1213/1213 1227/1227/1227 1226/1226/1226
f 1212/1212/1212 1227/1227/1227 1213/1213/1213
f 1227/1227/1227 1228/1228/1228 1226/1226/1226
f 1229/1229/1229 1228/1228/1228 1227/1227/1227
f 1228/1228/1228 1231/1231/1231 1230/1230/1230
f 1229/1229/1229 1231/1231/1231 1228/1228/1228
f 1230/1230/1230 1233/1233/1233 1232/1232/1232
f 1231/1231/1231 1233/1233/1233 1230/1230/1230
f 1232/1232/1232 683/683/683 684/684/684
f 1233/1233/1233 683/683/683 1232/1232/1232
f 1236/1236/1236 1235/1235/1235 1234/1234/1234
f 1237/1237/1237 1152/1152/1152 1153/1153/1153
f 1240/1240/1240 1239/1239/1239 1238/1238/1238
f 1241/1241/1241 1239/1239/1239 1240/1240/1240
f 1238/1238/1238 1243/1243/1243 1242/1242/1242
f 1239/1239/1239 1243/1243/1243 1238/1238/1238
f 1243/1243/1243 1244/1244/1244 1242/1242/1242
f 1245/1245/1245 1142/1142/1142 1140/1140/1140
f 1140/1140/1140 1246/1246/1246 1245/1245/1245
f 1247/1247/1247 1246/1246/1246 1140/1140/1140
f 1249/1249/1249 1142/1142/1142 1248/1248/1248
f 1143/1143/1143 1142/1142/1142 1249/1249/1249
f 1251/1251/1251 1225/1225/1225 1250/1250/1250
f 1254/1254/1254 1253/1253/1253 1252/1252/1252
f 1255/1255/1255 1253/1253/1253 1254/1254/1254
f 1258/1258/1258 1257/1257/1257 1256/1256/1256
f 1256/1256/1256 1259/1259/1259 1258/1258/1258
f 1260/1260/1260 1259/1259/1259 1256/1256/1256
f 1261/1261/1261 1259/1259/1259 1260/1260/1260
f 1262/1262/1262 1259/1259/1259 1261/1261/1261
f 1265/1265/1265 1264/1264/1264 1263/1263/1263
f 1266/1266/1266 1264/1264/1264 1265/1265/1265
f 1268/1268/1268 1180/1180/1180 1267/1267/1267
f 1181/1181/1181 1180/1180/1180 1268/1268/1268
f 1269/1269/1269 1268/1268/1268 1267/1267/1267
f 1269/1269/1269 1264/1264/1264 1266/1266/1266
f 1267/1267/1267 1264/1264/1264 1269/1269/1269
f 1272/1272/1272 1271/1271/1271 1270/1270/1270
f 1273/1273/1273 1271/1271/1271 1272/1272/1272
f 1276/1276/1276 1275/1275/1275 1274/1274/1274
f 1277/1277/1277 1275/1275/1275 1276/1276/1276
f 1280/1280/1280 1279/1279/1279 1278/1278/1278
f 1281/1281/1281 1279/1279/1279 1280/1280/1280
f 1284/1284/1284 1283/1283/1283 1282/1282/1282
f 1285/1285/1285 1283/1283/1283 1284/1284/1284
f 1286/1286/1286 1219/1219/1219 1218/1218/1218
f 1287/1287/1287 1219/1219/1219 1286/1286/1286
f 1288/1288/1288 1225/1225/1225 1224/1224/1224
f 1250/1250/1250 1225/1225/1225 1288/1288/1288
f 1189/1189/1189 1289/1289/1289 1271/1271/1271
f 1188/1188/1188 1289/1289/1289 1189/1189/1189
f 1292/1292/1292 1291/1291/1291 1290/1290/1290
f 1293/1293/1293 1291/1291/1291 1292/1292/1292
f 1293/1293/1293 741/741/741 1291/1291/1291
f 740/740/740 741/741/741 1293/1293/1293
f 1296/1296/1296 1295/1295/1295 1294/1294/1294
f 1299/1299/1299 1298/1298/1298 1297/1297/1297
f 1300/1300/1300 1298/1298/1298 1299/1299/1299
f 1296/1296/1296 1301/1301/1301 1295/1295/1295
f 1302/1302/1302 1301/1301/1301 1296/1296/1296
f 1302/1302/1302 1303/1303/1303 1301/1301/1301
f 1304/1304/1304 1303/1303/1303 1302/1302/1302
f 1304/1304/1304 753/753/753 1303/1303/1303
f 752/752/752 753/753/753 1304/1304/1304
f 1306/1306/1306 755/755/755 1305/1305/1305
f 754/754/754 755/755/755 1306/1306/1306
f 1308/1308/1308 1305/1305/1305 1307/1307/1307
f 1306/1306/1306 1305/1305/1305 1308/1308/1308
f 1310/1310/1310 1307/1307/1307 1309/1309/1309
f 1308/1308/1308 1307/1307/1307 1310/1310/1310
f 1313/1313/1313 1312/1312/1312 1311/1311/1311
f 1314/1314/1314 1312/1312/1312 1313/1313/1313
f 1317/1317/1317 1316/1316/1316 1315/1315/1315
f 1318/1318/1318 1316/1316/1316 1317/1317/1317
f 1321/1321/1321 1320/1320/1320 1319/1319/1319
f 1322/1322/1322 1320/1320/1320 1321/1321/1321
f 1292/1292/1292 1324/1324/1324 1323/1323/1323
f 1290/1290/1290 1324/1324/1324 1292/1292/1292
f 740/740/740 1325/1325/1325 778/778/778
f 1326/1326/1326 1325/1325/1325 740/740/740
f 1326/1326/1326 1327/1327/1327 1325/1325/1325
f 1328/1328/1328 1327/1327/1327 1326/1326/1326
f 1328/1328/1328 1329/1329/1329 1327/1327/1327
f 1330/1330/1330 1329/1329/1329 1328/1328/1328
f 1330/1330/1330 1331/1331/1331 1329/1329/1329
f 1309/1309/1309 1332/1332/1332 1310/1310/1310
f 1333/1333/1333 1332/1332/1332 1309/1309/1309
f 1336/1336/1336 1335/1335/1335 1334/1334/1334
f 1337/1337/1337 1335/1335/1335 1336/1336/1336
f 1339/1339/1339 1338/1338/1338 1294/1294/1294
f 1340/1340/1340 1338/1338/1338 1339/1339/1339
f 1343/1343/1343 1342/1342/1342 1341/1341/1341
f 1344/1344/1344 1342/1342/1342 1343/1343/1343
f 1345/1345/1345 1298/1298/1298 1300/1300/1300
f 1346/1346/1346 1298/1298/1298 1345/1345/1345
f 1349/1349/1349 1348/1348/1348 1347/1347/1347
f 1351/1351/1351 1347/1347/1347 1350/1350/1350
f 1349/1349/1349 1347/1347/1347 1351/1351/1351
f 1354/1354/1354 1353/1353/1353 1352/1352/1352
f 1355/1355/1355 1353/1353/1353 1354/1354/1354
f 1345/1345/1345 1356/1356/1356 1346/1346/1346
f 1357/1357/1357 1356/1356/1356 1345/1345/1345
f 1360/1360/1360 1359/1359/1359 1358/1358/1358
f 1361/1361/1361 1355/1355/1355 1354/1354/1354
f 1362/1362/1362 1355/1355/1355 1361/1361/1361
f 1365/1365/1365 1364/1364/1364 1363/1363/1363
f 1366/1366/1366 1364/1364/1364 1365/1365/1365
f 1369/1369/1369 1368/1368/1368 1367/1367/1367
f 1370/1370/1370 1368/1368/1368 1369/1369/1369
f 1370/1370/1370 1371/1371/1371 1368/1368/1368
f 1372/1372/1372 1371/1371/1371 1370/1370/1370
f 1372/1372/1372 821/821/821 1371/1371/1371
f 820/820/820 821/821/821 1372/1372/1372
f 1367/1367/1367 814/814/814 1369/1369/1369
f 815/815/815 814/814/814 1367/1367/1367
f 1352/1352/1352 1351/1351/1351 1350/1350/1350
f 1353/1353/1353 1351/1351/1351 1352/1352/1352
f 1337/1337/1337 1342/1342/1342 1344/1344/1344
f 1336/1336/1336 1342/1342/1342 1337/1337/1337
f 1340/1340/1340 1343/1343/1343 1341/1341/1341
f 1339/1339/1339 1343/1343/1343 1340/1340/1340
f 1332/1332/1332 1333/1333/1333 1373/1373/1373
f 1375/1375/1375 1316/1316/1316 1374/1374/1374
f 1315/1315/1315 1316/1316/1316 1375/1375/1375
f 1378/1378/1378 1377/1377/1377 1376/1376/1376
f 1379/1379/1379 1377/1377/1377 1378/1378/1378
f 1314/1314/1314 1381/1381/1381 1380/1380/1380
f 1313/1313/1313 1381/1381/1381 1314/1314/1314
f 1379/1379/1379 1383/1383/1383 1382/1382/1382
f 1378/1378/1378 1383/1383/1383 1379/1379/1379
f 1384/1384/1384 1382/1382/1382 1383/1383/1383
f 1385/1385/1385 1382/1382/1382 1384/1384/1384
f 1385/1385/1385 1387/1387/1387 1386/1386/1386
f 1384/1384/1384 1387/1387/1387 1385/1385/1385
f 1390/1390/1390 1389/1389/1389 1388/1388/1388
f 1389/1389/1389 1324/1324/1324 1388/1388/1388
f 1323/1323/1323 1324/1324/1324 1389/1389/1389
f 1391/1391/1391 1331/1331/1331 1330/1330/1330
f 1392/1392/1392 1386/1386/1386 1387/1387/1387
f 1393/1393/1393 1386/1386/1386 1392/1392/1392
f 1394/1394/1394 1311/1311/1311 1312/1312/1312
f 1395/1395/1395 1311/1311/1311 1394/1394/1394
f 1317/1317/1317 1390/1390/1390 1318/1318/1318
f 1389/1389/1389 1390/1390/1390 1317/1317/1317
f 1398/1398/1398 1397/1397/1397 1396/1396/1396
f 1399/1399/1399 1397/1397/1397 1398/1398/1398
f 1400/1400/1400 859/859/859 860/860/860
f 1401/1401/1401 859/859/859 1400/1400/1400
f 1392/1392/1392 1402/1402/1402 1393/1393/1393
f 1403/1403/1403 1402/1402/1402 1392/1392/1392
f 1402/1402/1402 1405/1405/1405 1404/1404/1404
f 1403/1403/1403 1405/1405/1405 1402/1402/1402
f 1405/1405/1405 1406/1406/1406 1404/1404/1404
f 1407/1407/1407 1406/1406/1406 1405/1405/1405
f 1407/1407/1407 1408/1408/1408 1406/1406/1406
f 1409/1409/1409 1408/1408/1408 1407/1407/1407
f 1409/1409/1409 874/874/874 1408/1408/1408
f 873/873/873 874/874/874 1409/1409/1409
f 1412/1412/1412 1411/1411/1411 1410/1410/1410
f 1331/1331/1331 1391/1391/1391 1413/1413/1413
f 1416/1416/1416 1415/1415/1415 1414/1414/1414
f 1417/1417/1417 1415/1415/1415 1416/1416/1416
f 1417/1417/1417 1418/1418/1418 1415/1415/1415
f 1419/1419/1419 1418/1418/1418 1417/1417/1417
f 1419/1419/1419 1420/1420/1420 1418/1418/1418
f 1322/1322/1322 1321/1321/1321 1421/1421/1421
f 1322/1322/1322 1423/1423/1423 1422/1422/1422
f 1421/1421/1421 1423/1423/1423 1322/1322/1322
f 1424/1424/1424 1321/1321/1321 1319/1319/1319
f 1425/1425/1425 1321/1321/1321 1424/1424/1424
f 1427/1427/1427 863/863/863 1426/1426/1426
f 1428/1428/1428 863/863/863 1427/1427/1427
f 864/864/864 863/863/863 1428/1428/1428
f 1265/1265/1265 1430/1430/1430 1429/1429/1429
f 1263/1263/1263 1430/1430/1430 1265/1265/1265
f 1432/1432/1432 1252/1252/1252 1431/1431/1431
f 1254/1254/1254 1252/1252/1252 1432/1432/1432
f 1432/1432/1432 1434/1434/1434 1433/1433/1433
f 1431/1431/1431 1434/1434/1434 1432/1432/1432
f 1437/1437/1437 1436/1436/1436 1435/1435/1435
f 1437/1437/1437 1439/1439/1439 1438/1438/1438
f 1435/1435/1435 1439/1439/1439 1437/1437/1437
f 1441/1441/1441 1439/1439/1439 1440/1440/1440
f 1438/1438/1438 1439/1439/1439 1441/1441/1441
f 1429/1429/1429 1443/1443/1443 1442/1442/1442
f 1430/1430/1430 1443/1443/1443 1429/1429/1429
f 1444/1444/1444 1362/1362/1362 1361/1361/1361
f 1445/1445/1445 1362/1362/1362 1444/1444/1444
f 1445/1445/1445 1444/1444/1444 1446/1446/1446
f 1446/1446/1446 1443/1443/1443 1445/1445/1445
f 1442/1442/1442 1443/1443/1443 1446/1446/1446
f 1447/1447/1447 1273/1273/1273 1272/1272/1272
f 1338/1338/1338 1273/1273/1273 1447/1447/1447
f 1448/1448/1448 1277/1277/1277 1276/1276/1276
f 1449/1449/1449 1277/1277/1277 1448/1448/1448
f 1281/1281/1281 1450/1450/1450 1279/1279/1279
f 1451/1451/1451 1450/1450/1450 1281/1281/1281
f 1453/1453/1453 1396/1396/1396 1452/1452/1452
f 1398/1398/1398 1396/1396/1396 1453/1453/1453
f 1456/1456/1456 1455/1455/1455 1454/1454/1454
f 1457/1457/1457 1455/1455/1455 1456/1456/1456
f 1454/1454/1454 935/935/935 936/936/936
f 1455/1455/1455 935/935/935 1454/1454/1454
f 1460/1460/1460 1459/1459/1459 1458/1458/1458
f 1463/1463/1463 1462/1462/1462 1461/1461/1461
f 1464/1464/1464 1462/1462/1462 1463/1463/1463
f 1458/1458/1458 1466/1466/1466 1465/1465/1465
f 1459/1459/1459 1466/1466/1466 1458/1458/1458
f 1465/1465/1465 1468/1468/1468 1467/1467/1467
f 1466/1466/1466 1468/1468/1468 1465/1465/1465
f 1467/1467/1467 948/948/948 949/949/949
f 1468/1468/1468 948/948/948 1467/1467/1467
f 1469/1469/1469 951/951/951 953/953/953
f 1470/1470/1470 951/951/951 1469/1469/1469
f 1471/1471/1471 1470/1470/1470 1469/1469/1469
f 1472/1472/1472 1470/1470/1470 1471/1471/1471
f 1473/1473/1473 1472/1472/1472 1471/1471/1471
f 1474/1474/1474 1472/1472/1472 1473/1473/1473
f 1477/1477/1477 1476/1476/1476 1475/1475/1475
f 1478/1478/1478 1476/1476/1476 1477/1477/1477
f 1481/1481/1481 1480/1480/1480 1479/1479/1479
f 1482/1482/1482 1480/1480/1480 1481/1481/1481
f 1485/1485/1485 1484/1484/1484 1483/1483/1483
f 1486/1486/1486 1484/1484/1484 1485/1485/1485
f 1456/1456/1456 1487/1487/1487 1457/1457/1457
f 1488/1488/1488 1487/1487/1487 1456/1456/1456
f 936/936/936 1490/1490/1490 1489/1489/1489
f 972/972/972 1490/1490/1490 936/936/936
f 1489/1489/1489 1492/1492/1492 1491/1491/1491
f 1490/1490/1490 1492/1492/1492 1489/1489/1489
f 1491/1491/1491 1494/1494/1494 1493/1493/1493
f 1492/1492/1492 1494/1494/1494 1491/1491/1491
f 1494/1494/1494 1495/1495/1495 1493/1493/1493
f 1474/1474/1474 1497/1497/1497 1496/1496/1496
f 1473/1473/1473 1497/1497/1497 1474/1474/1474
f 1500/1500/1500 1499/1499/1499 1498/1498/1498
f 1501/1501/1501 1499/1499/1499 1500/1500/1500
f 1504/1504/1504 1503/1503/1503 1502/1502/1502
f 1505/1505/1505 1503/1503/1503 1504/1504/1504
f 1507/1507/1507 1462/1462/1462 1506/1506/1506
f 1461/1461/1461 1462/1462/1462 1507/1507/1507
f 1510/1510/1510 1509/1509/1509 1508/1508/1508
f 1511/1511/1511 1510/1510/1510 1508/1508/1508
f 1512/1512/1512 1510/1510/1510 1511/1511/1511
f 1515/1515/1515 1514/1514/1514 1513/1513/1513
f 1516/1516/1516 1514/1514/1514 1515/1515/1515
f 1507/1507/1507 1518/1518/1518 1517/1517/1517
f 1506/1506/1506 1518/1518/1518 1507/1507/1507
f 1521/1521/1521 1520/1520/1520 1519/1519/1519
f 1523/1523/1523 1513/1513/1513 1522/1522/1522
f 1515/1515/1515 1513/1513/1513 1523/1523/1523
f 1023/1023/1023 1525/1525/1525 1524/1524/1524
f 1024/1024/1024 1525/1525/1525 1023/1023/1023
f 1524/1524/1524 1527/1527/1527 1526/1526/1526
f 1525/1525/1525 1527/1527/1527 1524/1524/1524
f 1526/1526/1526 1529/1529/1529 1528/1528/1528
f 1527/1527/1527 1529/1529/1529 1526/1526/1526
f 1529/1529/1529 1022/1022/1022 1528/1528/1528
f 1021/1021/1021 1022/1022/1022 1529/1529/1529
f 1516/1516/1516 1511/1511/1511 1514/1514/1514
f 1512/1512/1512 1511/1511/1511 1516/1516/1516
f 1498/1498/1498 1503/1503/1503 1500/1500/1500
f 1502/1502/1502 1503/1503/1503 1498/1498/1498
f 1531/1531/1531 1504/1504/1504 1530/1530/1530
f 1505/1505/1505 1504/1504/1504 1531/1531/1531
f 1532/1532/1532 1496/1496/1496 1497/1497/1497
f 1533/1533/1533 1480/1480/1480 1482/1482/1482
f 1534/1534/1534 1480/1480/1480 1533/1533/1533
f 1537/1537/1537 1536/1536/1536 1535/1535/1535
f 1538/1538/1538 1536/1536/1536 1537/1537/1537
f 1541/1541/1541 1540/1540/1540 1539/1539/1539
f 1542/1542/1542 1540/1540/1540 1541/1541/1541
f 1475/1475/1475 1543/1543/1543 1477/1477/1477
f 1544/1544/1544 1543/1543/1543 1475/1475/1475
f 1539/1539/1539 1545/1545/1545 1541/1541/1541
f 1546/1546/1546 1545/1545/1545 1539/1539/1539
f 1548/1548/1548 1546/1546/1546 1547/1547/1547
f 1545/1545/1545 1546/1546/1546 1548/1548/1548
f 1547/1547/1547 1549/1549/1549 1548/1548/1548
f 1550/1550/1550 1549/1549/1549 1547/1547/1547
f 1553/1553/1553 1552/1552/1552 1551/1551/1551
f 1552/1552/1552 1487/1487/1487 1488/1488/1488
f 1553/1553/1553 1487/1487/1487 1552/1552/1552
f 1493/1493/1493 1495/1495/1495 1554/1554/1554
f 1556/1556/1556 1550/1550/1550 1555/1555/1555
f 1549/1549/1549 1550/1550/1550 1556/1556/1556
f 1558/1558/1558 1478/1478/1478 1557/1557/1557
f 1476/1476/1476 1478/1478/1478 1558/1558/1558
f 1481/1481/1481 1551/1551/1551 1552/1552/1552
f 1479/1479/1479 1551/1551/1551 1481/1481/1481
f 1561/1561/1561 1560/1560/1560 1559/1559/1559
f 1562/1562/1562 1560/1560/1560 1561/1561/1561
f 1565/1565/1565 1564/1564/1564 1563/1563/1563
f 1566/1566/1566 1564/1564/1564 1565/1565/1565
f 1566/1566/1566 1053/1053/1053 1564/1564/1564
f 1052/1052/1052 1053/1053/1053 1566/1566/1566
f 1568/1568/1568 1086/1086/1086 1567/1567/1567
f 1083/1083/1083 1086/1086/1086 1568/1568/1568
f 1556/1556/1556 1570/1570/1570 1569/1569/1569
f 1555/1555/1555 1570/1570/1570 1556/1556/1556
f 1570/1570/1570 1571/1571/1571 1569/1569/1569
f 1572/1572/1572 1571/1571/1571 1570/1570/1570
f 1571/1571/1571 1574/1574/1574 1573/1573/1573
f 1572/1572/1572 1574/1574/1574 1571/1571/1571
f 1573/1573/1573 1576/1576/1576 1575/1575/1575
f 1574/1574/1574 1576/1576/1576 1573/1573/1573
f 1575/1575/1575 1064/1064/1064 1065/1065/1065
f 1576/1576/1576 1064/1064/1064 1575/1575/1575
f 1579/1579/1579 1578/1578/1578 1577/1577/1577
f 1580/1580/1580 1554/1554/1554 1495/1495/1495
f 1583/1583/1583 1582/1582/1582 1581/1581/1581
f 1584/1584/1584 1582/1582/1582 1583/1583/1583
f 1581/1581/1581 1586/1586/1586 1585/1585/1585
f 1582/1582/1582 1586/1586/1586 1581/1581/1581
f 1586/1586/1586 1587/1587/1587 1585/1585/1585
f 1588/1588/1588 1485/1485/1485 1483/1483/1483
f 1483/1483/1483 1589/1589/1589 1588/1588/1588
f 1590/1590/1590 1589/1589/1589 1483/1483/1483
f 1592/1592/1592 1485/1485/1485 1591/1591/1591
f 1486/1486/1486 1485/1485/1485 1592/1592/1592
f 1594/1594/1594 1568/1568/1568 1593/1593/1593
f 1597/1597/1597 1596/1596/1596 1595/1595/1595
f 1598/1598/1598 1596/1596/1596 1597/1597/1597
f 1601/1601/1601 1600/1600/1600 1599/1599/1599
f 1599/1599/1599 1602/1602/1602 1601/1601/1601
f 1603/1603/1603 1602/1602/1602 1599/1599/1599
f 1604/1604/1604 1602/1602/1602 1603/1603/1603
f 1605/1605/1605 1602/1602/1602 1604/1604/1604
f 1608/1608/1608 1607/1607/1607 1606/1606/1606
f 1609/1609/1609 1607/1607/1607 1608/1608/1608
f 1611/1611/1611 1522/1522/1522 1610/1610/1610
f 1523/1523/1523 1522/1522/1522 1611/1611/1611
f 1612/1612/1612 1611/1611/1611 1610/1610/1610
f 1612/1612/1612 1607/1607/1607 1609/1609/1609
f 1610/1610/1610 1607/1607/1607 1612/1612/1612
f 1615/1615/1615 1614/1614/1614 1613/1613/1613
f 1616/1616/1616 1614/1614/1614 1615/1615/1615
f 1619/1619/1619 1618/1618/1618 1617/1617/1617
f 1620/1620/1620 1618/1618/1618 1619/1619/1619
f 1623/1623/1623 1622/1622/1622 1621/1621/1621
f 1624/1624/1624 1622/1622/1622 1623/1623/1623
f 1627/1627/1627 1626/1626/1626 1625/1625/1625
f 1628/1628/1628 1626/1626/1626 1627/1627/1627
f 1629/1629/1629 1562/1562/1562 1561/1561/1561
f 1630/1630/1630 1562/1562/1562 1629/1629/1629
f 1631/1631/1631 1568/1568/1568 1567/1567/1567
f 1593/1593/1593 1568/1568/1568 1631/1631/1631
f 1531/1531/1531 1460/1460/1460 1614/1614/1614
f 1530/1530/1530 1460/1460/1460 1531/1531/1531
f 1634/1634/1634 1633/1633/1633 1632/1632/1632
f 1635/1635/1635 1633/1633/1633 1634/1634/1634
f 1635/1635/1635 6/6/6 1633/1633/1633
f 5/5/5 6/6/6 1635/1635/1635
f 1638/1638/1638 1637/1637/1637 1636/1636/1636
f 1641/1641/1641 1640/1640/1640 1639/1639/1639
f 1642/1642/1642 1640/1640/1640 1641/1641/1641
f 1638/1638/1638 1643/1643/1643 1637/1637/1637
f 1644/1644/1644 1643/1643/1643 1638/1638/1638
f 1644/1644/1644 1645/1645/1645 1643/1643/1643
f 1646/1646/1646 1645/1645/1645 1644/1644/1644
f 1646/1646/1646 18/18/18 1645/1645/1645
f 17/17/17 18/18/18 1646/1646/1646
f 1648/1648/1648 20/20/20 1647/1647/1647
f 19/19/19 20/20/20 1648/1648/1648
f 1650/1650/1650 1647/1647/1647 1649/1649/1649
f 1648/1648/1648 1647/1647/1647 1650/1650/1650
f 1652/1652/1652 1649/1649/1649 1651/1651/1651
f 1650/1650/1650 1649/1649/1649 1652/1652/1652
f 1655/1655/1655 1654/1654/1654 1653/1653/1653
f 1656/1656/1656 1654/1654/1654 1655/1655/1655
f 1659/1659/1659 1658/1658/1658 1657/1657/1657
f 1660/1660/1660 1658/1658/1658 1659/1659/1659
f 1663/1663/1663 1662/1662/1662 1661/1661/1661
f 1664/1664/1664 1662/1662/1662 1663/1663/1663
f 1634/1634/1634 1666/1666/1666 1665/1665/1665
f 1632/1632/1632 1666/1666/1666 1634/1634/1634
f 5/5/5 1667/1667/1667 43/43/43
f 1668/1668/1668 1667/1667/1667 5/5/5
f 1668/1668/1668 1669/1669/1669 1667/1667/1667
f 1670/1670/1670 1669/1669/1669 1668/1668/1668
f 1670/1670/1670 1671/1671/1671 1669/1669/1669
f 1672/1672/1672 1671/1671/1671 1670/1670/1670
f 1672/1672/1672 1673/1673/1673 1671/1671/1671
f 1674/1674/1674 1673/1673/1673 1672/1672/1672
f 1651/1651/1651 1675/1675/1675 1652/1652/1652
f 1676/1676/1676 1675/1675/1675 1651/1651/1651
f 1679/1679/1679 1678/1678/1678 1677/1677/1677
f 1680/1680/1680 1678/1678/1678 1679/1679/1679
f 1682/1682/1682 1681/1681/1681 1636/1636/1636
f 1683/1683/1683 1681/1681/1681 1682/1682/1682
f 1686/1686/1686 1685/1685/1685 1684/1684/1684
f 1687/1687/1687 1685/1685/1685 1686/1686/1686
f 1688/1688/1688 1640/1640/1640 1642/1642/1642
f 1689/1689/1689 1640/1640/1640 1688/1688/1688
f 1692/1692/1692 1691/1691/1691 1690/1690/1690
f 1694/1694/1694 1690/1690/1690 1693/1693/1693
f 1692/1692/1692 1690/1690/1690 1694/1694/1694
f 1697/1697/1697 1696/1696/1696 1695/1695/1695
f 1698/1698/1698 1696/1696/1696 1697/1697/1697
f 1688/1688/1688 1699/1699/1699 1689/1689/1689
f 1700/1700/1700 1699/1699/1699 1688/1688/1688
f 1703/1703/1703 1702/1702/1702 1701/1701/1701
f 1704/1704/1704 1698/1698/1698 1697/1697/1697
f 1705/1705/1705 1698/1698/1698 1704/1704/1704
f 1708/1708/1708 1707/1707/1707 1706/1706/1706
f 1709/1709/1709 1707/1707/1707 1708/1708/1708
f 1712/1712/1712 1711/1711/1711 1710/1710/1710
f 1713/1713/1713 1711/1711/1711 1712/1712/1712
f 1713/1713/1713 1714/1714/1714 1711/1711/1711
f 1715/1715/1715 1714/1714/1714 1713/1713/1713
f 1715/1715/1715 87/87/87 1714/1714/1714
f 86/86/86 87/87/87 1715/1715/1715
f 1710/1710/1710 80/80/80 1712/1712/1712
f 81/81/81 80/80/80 1710/1710/1710
f 1695/1695/1695 1694/1694/1694 1693/1693/1693
f 1696/1696/1696 1694/1694/1694 1695/1695/1695
f 1680/1680/1680 1685/1685/1685 1687/1687/1687
f 1679/1679/1679 1685/1685/1685 1680/1680/1680
f 1683/1683/1683 1686/1686/1686 1684/1684/1684
f 1682/1682/1682 1686/1686/1686 1683/1683/1683
f 1675/1675/1675 1676/1676/1676 1716/1716/1716
f 1718/1718/1718 1658/1658/1658 1717/1717/1717
f 1657/1657/1657 1658/1658/1658 1718/1718/1718
f 1721/1721/1721 1720/1720/1720 1719/1719/1719
f 1722/1722/1722 1720/1720/1720 1721/1721/1721
f 1656/1656/1656 1724/1724/1724 1723/1723/1723
f 1655/1655/1655 1724/1724/1724 1656/1656/1656
f 1722/1722/1722 1726/1726/1726 1725/1725/1725
f 1721/1721/1721 1726/1726/1726 1722/1722/1722
f 1727/1727/1727 1725/1725/1725 1726/1726/1726
f 1728/1728/1728 1725/1725/1725 1727/1727/1727
f 1728/1728/1728 1730/1730/1730 1729/1729/1729
f 1727/1727/1727 1730/1730/1730 1728/1728/1728
f 1731/1731/1731 1665/1665/1665 1666/1666/1666
f 1732/1732/1732 1665/1665/1665 1731/1731/1731
f 1733/1733/1733 1732/1732/1732 1731/1731/1731
f 1734/1734/1734 1729/1729/1729 1730/1730/1730
f 1735/1735/1735 1729/1729/1729 1734/1734/1734
f 1736/1736/1736 1653/1653/1653 1654/1654/1654
f 1737/1737/1737 1653/1653/1653 1736/1736/1736
f 1659/1659/1659 1733/1733/1733 1660/1660/1660
f 1732/1732/1732 1733/1733/1733 1659/1659/1659
f 1740/1740/1740 1739/1739/1739 1738/1738/1738
f 1741/1741/1741 1739/1739/1739 1740/1740/1740
f 1742/1742/1742 124/124/124 125/125/125
f 1743/1743/1743 124/124/124 1742/1742/1742
f 1734/1734/1734 1744/1744/1744 1735/1735/1735
f 1745/1745/1745 1744/1744/1744 1734/1734/1734
f 1744/1744/1744 1747/1747/1747 1746/1746/1746
f 1745/1745/1745 1747/1747/1747 1744/1744/1744
f 1747/1747/1747 1748/1748/1748 1746/1746/1746
f 1749/1749/1749 1748/1748/1748 1747/1747/1747
f 1749/1749/1749 1750/1750/1750 1748/1748/1748
f 1751/1751/1751 1750/1750/1750 1749/1749/1749
f 1751/1751/1751 139/139/139 1750/1750/1750
f 138/138/138 139/139/139 1751/1751/1751
f 1754/1754/1754 1753/1753/1753 1752/1752/1752
f 1673/1673/1673 1674/1674/1674 1755/1755/1755
f 1758/1758/1758 1757/1757/1757 1756/1756/1756
f 1759/1759/1759 1757/1757/1757 1758/1758/1758
f 1759/1759/1759 1760/1760/1760 1757/1757/1757
f 1761/1761/1761 1760/1760/1760 1759/1759/1759
f 1761/1761/1761 1762/1762/1762 1760/1760/1760
f 1664/1664/1664 1663/1663/1663 1763/1763/1763
f 1664/1664/1664 1765/1765/1765 1764/1764/1764
f 1763/1763/1763 1765/1765/1765 1664/1664/1664
f 1766/1766/1766 1663/1663/1663 1661/1661/1661
f 1767/1767/1767 1663/1663/1663 1766/1766/1766
f 1769/1769/1769 128/128/128 1768/1768/1768
f 1770/1770/1770 128/128/128 1769/1769/1769
f 129/129/129 128/128/128 1770/1770/1770
f 1608/1608/1608 1772/1772/1772 1771/1771/1771
f 1606/1606/1606 1772/1772/1772 1608/1608/1608
f 1774/1774/1774 1595/1595/1595 1773/1773/1773
f 1597/1597/1597 1595/1595/1595 1774/1774/1774
f 1774/1774/1774 1776/1776/1776 1775/1775/1775
f 1773/1773/1773 1776/1776/1776 1774/1774/1774
f 1779/1779/1779 1778/1778/1778 1777/1777/1777
f 1779/1779/1779 1781/1781/1781 1780/1780/1780
f 1777/1777/1777 1781/1781/1781 1779/1779/1779
f 1783/1783/1783 1781/1781/1781 1782/1782/1782
f 1780/1780/1780 1781/1781/1781 1783/1783/1783
f 1771/1771/1771 1785/1785/1785 1784/1784/1784
f 1772/1772/1772 1785/1785/1785 1771/1771/1771
f 1786/1786/1786 1705/1705/1705 1704/1704/1704
f 1787/1787/1787 1705/1705/1705 1786/1786/1786
f 1789/1789/1789 1786/1786/1786 1788/1788/1788
f 1787/1787/1787 1786/1786/1786 1789/1789/1789
f 1789/1789/1789 1785/1785/1785 1790/1790/1790
f 1788/1788/1788 1785/1785/1785 1789/1789/1789
f 1784/1784/1784 1785/1785/1785 1788/1788/1788
f 1791/1791/1791 1616/1616/1616 1615/1615/1615
f 1681/1681/1681 1616/1616/1616 1791/1791/1791
f 1792/1792/1792 1620/1620/1620 1619/1619/1619
f 1793/1793/1793 1620/1620/1620 1792/1792/1792
f 1624/1624/1624 1794/1794/1794 1622/1622/1622
f 1795/1795/1795 1794/1794/1794 1624/1624/1624
f 1797/1797/1797 1738/1738/1738 1796/1796/1796
f 1740/1740/1740 1738/1738/1738 1797/1797/1797
f 1800/1800/1800 1799/1799/1799 1798/1798/1798
f 1801/1801/1801 1799/1799/1799 1800/1800/1800
f 1802/1802/1802 1798/1798/1798 1799/1799/1799
f 1803/1803/1803 1798/1798/1798 1802/1802/1802
f 1804/1804/1804 1801/1801/1801 1800/1800/1800
f 1805/1805/1805 1801/1801/1801 1804/1804/1804
f 1806/1806/1806 1803/1803/1803 1802/1802/1802
f 1807/1807/1807 1803/1803/1803 1806/1806/1806
f 1808/1808/1808 1807/1807/1807 1806/1806/1806
f 1809/1809/1809 1807/1807/1807 1808/1808/1808
f 1810/1810/1810 1809/1809/1809 1808/1808/1808
f 1811/1811/1811 1809/1809/1809 1810/1810/1810
f 1812/1812/1812 1811/1811/1811 1810/1810/1810
f 1813/1813/1813 1811/1811/1811 1812/1812/1812
f 1816/1816/1816 1815/1815/1815 1814/1814/1814
f 1817/1817/1817 1815/1815/1815 1816/1816/1816
f 1818/1818/1818 1814/1814/1814 1815/1815/1815
f 1819/1819/1819 1814/1814/1814 1818/1818/1818
f 1820/1820/1820 1817/1817/1817 1816/1816/1816
f 1821/1821/1821 1817/1817/1817 1820/1820/1820
f 1805/1805/1805 1819/1819/1819 1818/1818/1818
f 1804/1804/1804 1819/1819/1819 1805/1805/1805
f 1821/1821/1821 1813/1813/1813 1812/1812/1812
f 1820/1820/1820 1813/1813/1813 1821/1821/1821
f 1824/1824/1824 1823/1823/1823 1822/1822/1822
f 1825/1825/1825 1823/1823/1823 1824/1824/1824
f 1765/1765/1765 152/152/152 1826/1826/1826
f 153/153/153 1826/1826/1826 152/152/152
f 1826/1826/1826 153/153/153 1822/1822/1822
f 344/344/344 1825/1825/1825 343/343/343
f 1824/1824/1824 343/343/343 1825/1825/1825
f 1829/1829/1829 1828/1828/1828 1827/1827/1827
f 1830/1830/1830 344/344/344 514/514/514
f 1825/1825/1825 344/344/344 1830/1830/1830
f 515/515/515 1830/1830/1830 514/514/514
f 1830/1830/1830 515/515/515 1831/1831/1831
f 696/696/696 1829/1829/1829 695/695/695
f 1827/1827/1827 695/695/695 1829/1829/1829
f 1834/1834/1834 1833/1833/1833 1832/1832/1832
f 1835/1835/1835 1833/1833/1833 1834/1834/1834
f 1836/1836/1836 887/887/887 1832/1832/1832
f 1423/1423/1423 887/887/887 1836/1836/1836
f 888/888/888 1832/1832/1832 887/887/887
f 1832/1832/1832 888/888/888 1834/1834/1834
f 1079/1079/1079 1833/1833/1833 1078/1078/1078
f 1835/1835/1835 1078/1078/1078 1833/1833/1833
f 1836/1836/1836 1838/1838/1838 1837/1837/1837
f 1829/1829/1829 696/696/696 1246/1246/1246
f 1247/1247/1247 1829/1829/1829 1246/1246/1246
f 1829/1829/1829 1247/1247/1247 1839/1839/1839
f 1423/1423/1423 1836/1836/1836 1422/1422/1422
f 1837/1837/1837 1422/1422/1422 1836/1836/1836
f 1826/1826/1826 1841/1841/1841 1840/1840/1840
f 1842/1842/1842 1079/1079/1079 1589/1589/1589
f 1833/1833/1833 1079/1079/1079 1842/1842/1842
f 1590/1590/1590 1842/1842/1842 1589/1589/1589
f 1842/1842/1842 1590/1590/1590 1843/1843/1843
f 1765/1765/1765 1826/1826/1826 1764/1764/1764
f 1840/1840/1840 1764/1764/1764 1826/1826/1826
f 1846/1846/1846 1845/1845/1845 1844/1844/1844
f 1846/1846/1846 1848/1848/1848 1847/1847/1847
f 1846/1846/1846 1844/1844/1844 1848/1848/1848
f 1846/1846/1846 1847/1847/1847 1849/1849/1849
f 1846/1846/1846 1849/1849/1849 1850/1850/1850
f 1846/1846/1846 1852/1852/1852 1851/1851/1851
f 1846/1846/1846 1851/1851/1851 1853/1853/1853
f 1846/1846/1846 1850/1850/1850 1854/1854/1854
f 1846/1846/1846 1855/1855/1855 1852/1852/1852
f 1846/1846/1846 1854/1854/1854 1855/1855/1855
f 1846/1846/1846 1853/1853/1853 1856/1856/1856
f 1846/1846/1846 1856/1856/1856 1845/1845/1845
f 1285/1285/1285 1178/1178/1178 1359/1359/1359
f 1284/1284/1284 1178/1178/1178 1285/1285/1285
f 1359/1359/1359 1179/1179/1179 1358/1358/1358
f 1178/1178/1178 1179/1179/1179 1359/1359/1359
f 1007/1007/1007 809/809/809 1006/1006/1006
f 808/808/808 809/809/809 1007/1007/1007
f 926/926/926 808/808/808 1007/1007/1007
f 925/925/925 808/808/808 926/926/926
f 1702/1702/1702 1521/1521/1521 1701/1701/1701
f 1520/1520/1520 1521/1521/1521 1702/1702/1702
f 1787/1787/1787 1789/1789/1789 1790/1790/1790
f 1857/1857/1857 1520/1520/1520 1702/1702/1702
f 1628/1628/1628 1520/1520/1520 1857/1857/1857
f 1627/1627/1627 1520/1520/1520 1628/1628/1628
f 273/273/273 75/75/75 272/272/272
f 74/74/74 75/75/75 273/273/273
f 191/191/191 74/74/74 273/273/273
f 190/190/190 74/74/74 191/191/191
f 630/630/630 444/444/444 629/629/629
f 443/443/443 444/444/444 630/630/630
f 707/707/707 730/730/730 732/732/732
f 706/706/706 730/730/730 707/707/707
f 1858/1858/1858 188/188/188 189/189/189
f 1859/1859/1859 188/188/188 1858/1858/1858
f 1860/1860/1860 1625/1625/1625 1626/1626/1626
f 1861/1861/1861 1625/1625/1625 1860/1860/1860
f 1862/1862/1862 923/923/923 924/924/924
f 1863/1863/1863 923/923/923 1862/1862/1862
f 1864/1864/1864 1282/1282/1282 1283/1283/1283
f 1865/1865/1865 1282/1282/1282 1864/1864/1864
f 1831/1831/1831 1828/1828/1828 1830/1830/1830
f 1827/1827/1827 1828/1828/1828 1831/1831/1831
f 1839/1839/1839 1838/1838/1838 1829/1829/1829
f 1837/1837/1837 1838/1838/1838 1839/1839/1839
f 1843/1843/1843 1841/1841/1841 1842/1842/1842
f 1840/1840/1840 1841/1841/1841 1843/1843/1843
f 1822/1822/1822 1823/1823/1823 1826/1826/1826
f 1868/1868/1868 1867/1867/1867 1866/1866/1866
f 1869/1869/1869 1867/1867/1867 1868/1868/1868
f 1872/1872/1872 1871/1871/1871 1870/1870/1870
f 1873/1873/1873 1871/1871/1871 1872/1872/1872
f 1876/1876/1876 1875/1875/1875 1874/1874/1874
f 1877/1877/1877 1875/1875/1875 1876/1876/1876
f 1880/1880/1880 1879/1879/1879 1878/1878/1878
f 1881/1881/1881 1879/1879/1879 1880/1880/1880
f 1884/1884/1884 1883/1883/1883 1882/1882/1882
f 1885/1885/1885 1883/1883/1883 1884/1884/1884
f 1888/1888/1888 1887/1887/1887 1886/1886/1886
f 1889/1889/1889 1887/1887/1887 1888/1888/1888
f 1892/1892/1892 1891/1891/1891 1890/1890/1890
f 1893/1893/1893 1891/1891/1891 1892/1892/1892
f 1896/1896/1896 1895/1895/1895 1894/1894/1894
f 1897/1897/1897 1895/1895/1895 1896/1896/1896
f 1900/1900/1900 1899/1899/1899 1898/1898/1898
f 1901/1901/1901 1899/1899/1899 1900/1900/1900
f 1904/1904/1904 1903/1903/1903 1902/1902/1902
f 1905/1905/1905 1903/1903/1903 1904/1904/1904
f 1908/1908/1908 1907/1907/1907 1906/1906/1906
f 1909/1909/1909 1907/1907/1907 1908/1908/1908
f 1912/1912/1912 1911/1911/1911 1910/1910/1910
f 1913/1913/1913 1911/1911/1911 1912/1912/1912
f 1916/1916/1916 1915/1915/1915 1914/1914/1914
f 1917/1917/1917 1915/1915/1915 1916/1916/1916
f 1920/1920/1920 1919/1919/1919 1918/1918/1918
f 1921/1921/1921 1919/1919/1919 1920/1920/1920
f 1924/1924/1924 1923/1923/1923 1922/1922/1922
f 1925/1925/1925 1923/1923/1923 1924/1924/1924
f 1927/1927/1927 689/689/689 1926/1926/1926
f 691/691/691 689/689/689 1927/1927/1927
f 589/589/589 1928/1928/1928 698/698/698
f 735/735/735 1928/1928/1928 589/589/589
f 1931/1931/1931 1930/1930/1930 1929/1929/1929
f 1932/1932/1932 1930/1930/1930 1931/1931/1931
f 1933/1933/1933 1932/1932/1932 1931/1931/1931
f 1934/1934/1934 1932/1932/1932 1933/1933/1933
f 1935/1935/1935 1934/1934/1934 1933/1933/1933
f 1936/1936/1936 1934/1934/1934 1935/1935/1935
f 1937/1937/1937 1936/1936/1936 1935/1935/1935
f 1938/1938/1938 1936/1936/1936 1937/1937/1937
f 1941/1941/1941 1940/1940/1940 1939/1939/1939
f 1942/1942/1942 1940/1940/1940 1941/1941/1941
f 1943/1943/1943 1942/1942/1942 1941/1941/1941
f 1944/1944/1944 1942/1942/1942 1943/1943/1943
f 1945/1945/1945 1944/1944/1944 1943/1943/1943
f 1946/1946/1946 1944/1944/1944 1945/1945/1945
f 1947/1947/1947 1946/1946/1946 1945/1945/1945
f 1948/1948/1948 1946/1946/1946 1947/1947/1947
f 1949/1949/1949 1948/1948/1948 1947/1947/1947
f 1950/1950/1950 1948/1948/1948 1949/1949/1949
f 1951/1951/1951 1950/1950/1950 1949/1949/1949
f 1952/1952/1952 1950/1950/1950 1951/1951/1951
f 1953/1953/1953 1952/1952/1952 1951/1951/1951
f 1954/1954/1954 1952/1952/1952 1953/1953/1953
f 1955/1955/1955 1954/1954/1954 1953/1953/1953
f 1956/1956/1956 1954/1954/1954 1955/1955/1955
f 1957/1957/1957 1956/1956/1956 1955/1955/1955
f 1958/1958/1958 1956/1956/1956 1957/1957/1957
f 1959/1959/1959 1958/1958/1958 1957/1957/1957
f 1960/1960/1960 1958/1958/1958 1959/1959/1959
f 1963/1963/1963 1962/1962/1962 1961/1961/1961
f 1964/1964/1964 1962/1962/1962 1963/1963/1963
f 1965/1965/1965 1964/1964/1964 1963/1963/1963
f 1966/1966/1966 1964/1964/1964 1965/1965/1965
f 1967/1967/1967 1966/1966/1966 1965/1965/1965
f 1968/1968/1968 1966/1966/1966 1967/1967/1967
f 1969/1969/1969 1968/1968/1968 1967/1967/1967
f 1970/1970/1970 1968/1968/1968 1969/1969/1969
f 1971/1971/1971 1970/1970/1970 1969/1969/1969
f 1972/1972/1972 1970/1970/1970 1971/1971/1971
f 1929/1929/1929 1972/1972/1972 1971/1971/1971
f 1930/1930/1930 1972/1972/1972 1929/1929/1929
f 1975/1975/1975 1974/1974/1974 1973/1973/1973
f 1976/1976/1976 1974/1974/1974 1975/1975/1975
f 1979/1979/1979 1978/1978/1978 1977/1977/1977
f 1980/1980/1980 1978/1978/1978 1979/1979/1979
f 1983/1983/1983 1982/1982/1982 1981/1981/1981
f 1984/1984/1984 1982/1982/1982 1983/1983/1983
f 1987/1987/1987 1986/1986/1986 1985/1985/1985
f 1988/1988/1988 1986/1986/1986 1987/1987/1987
f 1991/1991/1991 1990/1990/1990 1989/1989/1989
f 1992/1992/1992 1990/1990/1990 1991/1991/1991
f 1995/1995/1995 1994/1994/1994 1993/1993/1993
f 1996/1996/1996 1994/1994/1994 1995/1995/1995
f 1999/1999/1999 1998/1998/1998 1997/1997/1997
f 2001/2001/2001 1997/1997/1997 2000/2000/2000
f 1998/1998/1998 2002/2002/2002 1997/1997/1997
f 2002/2002/2002 2003/2003/2003 1997/1997/1997
f 2003/2003/2003 2000/2000/2000 1997/1997/1997
f 1999/1999/1999 1997/1997/1997 2001/2001/2001
f 2006/2006/2006 2005/2005/2005 2004/2004/2004
f 2007/2007/2007 2005/2005/2005 2006/2006/2006
f 2010/2010/2010 2009/2009/2009 2008/2008/2008
f 2011/2011/2011 2009/2009/2009 2010/2010/2010
f 2014/2014/2014 2013/2013/2013 2012/2012/2012
f 2015/2015/2015 2013/2013/2013 2014/2014/2014
f 2018/2018/2018 2017/2017/2017 2016/2016/2016
f 2019/2019/2019 2017/2017/2017 2018/2018/2018
f 2022/2022/2022 2021/2021/2021 2020/2020/2020
f 2023/2023/2023 2021/2021/2021 2022/2022/2022
f 2026/2026/2026 2025/2025/2025 2024/2024/2024
f 2027/2027/2027 2025/2025/2025 2026/2026/2026
f 2030/2030/2030 2029/2029/2029 2028/2028/2028
f 2032/2032/2032 2028/2028/2028 2031/2031/2031
f 2029/2029/2029 2033/2033/2033 2028/2028/2028
f 2033/2033/2033 2034/2034/2034 2028/2028/2028
f 2034/2034/2034 2031/2031/2031 2028/2028/2028
f 2030/2030/2030 2028/2028/2028 2032/2032/2032
f 2037/2037/2037 2036/2036/2036 2035/2035/2035
f 2038/2038/2038 2036/2036/2036 2037/2037/2037
f 2041/2041/2041 2040/2040/2040 2039/2039/2039
f 2042/2042/2042 2040/2040/2040 2041/2041/2041
f 2045/2045/2045 2044/2044/2044 2043/2043/2043
f 2046/2046/2046 2044/2044/2044 2045/2045/2045
f 2049/2049/2049 2048/2048/2048 2047/2047/2047
f 2050/2050/2050 2048/2048/2048 2049/2049/2049
f 2053/2053/2053 2052/2052/2052 2051/2051/2051
f 2054/2054/2054 2052/2052/2052 2053/2053/2053
f 2057/2057/2057 2056/2056/2056 2055/2055/2055
f 2058/2058/2058 2056/2056/2056 2057/2057/2057
f 2061/2061/2061 2060/2060/2060 2059/2059/2059
f 2063/2063/2063 2059/2059/2059 2062/2062/2062
f 2060/2060/2060 2064/2064/2064 2059/2059/2059
f 2064/2064/2064 2065/2065/2065 2059/2059/2059
f 2065/2065/2065 2062/2062/2062 2059/2059/2059
f 2061/2061/2061 2059/2059/2059 2063/2063/2063
f 2068/2068/2068 2067/2067/2067 2066/2066/2066
f 2069/2069/2069 2067/2067/2067 2068/2068/2068
f 2072/2072/2072 2071/2071/2071 2070/2070/2070
f 2073/2073/2073 2071/2071/2071 2072/2072/2072
f 2076/2076/2076 2075/2075/2075 2074/2074/2074
f 2077/2077/2077 2075/2075/2075 2076/2076/2076
f 2080/2080/2080 2079/2079/2079 2078/2078/2078
f 2081/2081/2081 2079/2079/2079 2080/2080/2080
f 2084/2084/2084 2083/2083/2083 2082/2082/2082
f 2085/2085/2085 2083/2083/2083 2084/2084/2084
f 2088/2088/2088 2087/2087/2087 2086/2086/2086
f 2089/2089/2089 2087/2087/2087 2088/2088/2088
f 2092/2092/2092 2091/2091/2091 2090/2090/2090
f 2094/2094/2094 2090/2090/2090 2093/2093/2093
f 2091/2091/2091 2095/2095/2095 2090/2090/2090
f 2095/2095/2095 2096/2096/2096 2090/2090/2090
f 2096/2096/2096 2093/2093/2093 2090/2090/2090
f 2092/2092/2092 2090/2090/2090 2094/2094/2094
f 2099/2099/2099 2098/2098/2098 2097/2097/2097
f 2100/2100/2100 2098/2098/2098 2099/2099/2099
f 2103/2103/2103 2102/2102/2102 2101/2101/2101
f 2104/2104/2104 2102/2102/2102 2103/2103/2103
f 2107/2107/2107 2106/2106/2106 2105/2105/2105
f 2108/2108/2108 2106/2106/2106 2107/2107/2107
f 2111/2111/2111 2110/2110/2110 2109/2109/2109
f 2112/2112/2112 2110/2110/2110 2111/2111/2111
f 2115/2115/2115 2114/2114/2114 2113/2113/2113
f 2116/2116/2116 2114/2114/2114 2115/2115/2115
f 2119/2119/2119 2118/2118/2118 2117/2117/2117
f 2120/2120/2120 2118/2118/2118 2119/2119/2119
f 2123/2123/2123 2122/2122/2122 2121/2121/2121
f 2125/2125/2125 2121/2121/2121 2124/2124/2124
f 2122/2122/2122 2126/2126/2126 2121/2121/2121
f 2126/2126/2126 2127/2127/2127 2121/2121/2121
f 2127/2127/2127 2124/2124/2124 2121/2121/2121
f 2123/2123/2123 2121/2121/2121 2125/2125/2125
f 195/195/195 14/14/14 13/13/13
f 88/88/88 177/177/177 89/89/89
f 195/195/195 177/177/177 88/88/88
f 453/453/453 539/539/539 454/454/454
f 553/553/553 539/539/539 453/453/453
f 1289/1289/1289 1270/1270/1270 1271/1271/1271
f 1122/1122/1122 1270/1270/1270 1289/1289/1289
f 930/930/930 911/911/911 912/912/912
f 748/748/748 911/911/911 930/930/930
f 1460/1460/1460 1613/1613/1613 1614/1614/1614
f 1458/1458/1458 1613/1613/1613 1460/1460/1460
f 1636/1636/1636 1791/1791/1791 1638/1638/1638
f 1681/1681/1681 1791/1791/1791 1636/1636/1636
f 937/937/937 1105/1105/1105 939/939/939
f 986/986/986 1105/1105/1105 937/937/937
f 930/930/930 749/749/749 748/748/748
f 1294/1294/1294 1447/1447/1447 1296/1296/1296
f 1338/1338/1338 1447/1447/1447 1294/1294/1294
f 1289/1289/1289 1123/1123/1123 1122/1122/1122
f 560/560/560 724/724/724 562/562/562
f 609/609/609 724/724/724 560/560/560
f 553/553/553 388/388/388 387/387/387
f 202/202/202 370/370/370 204/204/204
f 252/252/252 370/370/370 202/202/202
usemtl Tire.002
f 2130/2130/2130 2129/2129/2129 2128/2128/2128
f 2131/2131/2131 2129/2129/2129 2130/2130/2130
f 2133/2133/2133 2128/2128/2128 2132/2132/2132
f 2130/2130/2130 2128/2128/2128 2133/2133/2133
f 2136/2136/2136 2135/2135/2135 2134/2134/2134
f 2137/2137/2137 2135/2135/2135 2136/2136/2136
f 2139/2139/2139 2134/2134/2134 2138/2138/2138
f 2136/2136/2136 2134/2134/2134 2139/2139/2139
f 2141/2141/2141 2138/2138/2138 2140/2140/2140
f 2139/2139/2139 2138/2138/2138 2141/2141/2141
f 2143/2143/2143 2140/2140/2140 2142/2142/2142
f 2141/2141/2141 2140/2140/2140 2143/2143/2143
f 2145/2145/2145 2142/2142/2142 2144/2144/2144
f 2143/2143/2143 2142/2142/2142 2145/2145/2145
f 2147/2147/2147 2144/2144/2144 2146/2146/2146
f 2145/2145/2145 2144/2144/2144 2147/2147/2147
f 2149/2149/2149 2146/2146/2146 2148/2148/2148
f 2147/2147/2147 2146/2146/2146 2149/2149/2149
f 2151/2151/2151 2148/2148/2148 2150/2150/2150
f 2149/2149/2149 2148/2148/2148 2151/2151/2151
f 2153/2153/2153 2150/2150/2150 2152/2152/2152
f 2151/2151/2151 2150/2150/2150 2153/2153/2153
f 2155/2155/2155 2152/2152/2152 2154/2154/2154
f 2153/2153/2153 2152/2152/2152 2155/2155/2155
f 2157/2157/2157 2154/2154/2154 2156/2156/2156
f 2155/2155/2155 2154/2154/2154 2157/2157/2157
f 2159/2159/2159 2156/2156/2156 2158/2158/2158
f 2157/2157/2157 2156/2156/2156 2159/2159/2159
f 2161/2161/2161 2158/2158/2158 2160/2160/2160
f 2159/2159/2159 2158/2158/2158 2161/2161/2161
f 2163/2163/2163 2160/2160/2160 2162/2162/2162
f 2161/2161/2161 2160/2160/2160 2163/2163/2163
f 2165/2165/2165 2162/2162/2162 2164/2164/2164
f 2163/2163/2163 2162/2162/2162 2165/2165/2165
f 2167/2167/2167 2164/2164/2164 2166/2166/2166
f 2165/2165/2165 2164/2164/2164 2167/2167/2167
f 2169/2169/2169 2166/2166/2166 2168/2168/2168
f 2167/2167/2167 2166/2166/2166 2169/2169/2169
f 2171/2171/2171 2168/2168/2168 2170/2170/2170
f 2169/2169/2169 2168/2168/2168 2171/2171/2171
f 2173/2173/2173 2170/2170/2170 2172/2172/2172
f 2171/2171/2171 2170/2170/2170 2173/2173/2173
f 2175/2175/2175 2172/2172/2172 2174/2174/2174
f 2173/2173/2173 2172/2172/2172 2175/2175/2175
f 2177/2177/2177 2174/2174/2174 2176/2176/2176
f 2175/2175/2175 2174/2174/2174 2177/2177/2177
f 2179/2179/2179 2176/2176/2176 2178/2178/2178
f 2177/2177/2177 2176/2176/2176 2179/2179/2179
f 2181/2181/2181 2178/2178/2178 2180/2180/2180
f 2179/2179/2179 2178/2178/2178 2181/2181/2181
f 2183/2183/2183 2180/2180/2180 2182/2182/2182
f 2181/2181/2181 2180/2180/2180 2183/2183/2183
f 2185/2185/2185 2182/2182/2182 2184/2184/2184
f 2183/2183/2183 2182/2182/2182 2185/2185/2185
f 2188/2188/2188 2187/2187/2187 2186/2186/2186
f 2189/2189/2189 2187/2187/2187 2188/2188/2188
f 2191/2191/2191 2186/2186/2186 2190/2190/2190
f 2188/2188/2188 2186/2186/2186 2191/2191/2191
f 2193/2193/2193 2190/2190/2190 2192/2192/2192
f 2191/2191/2191 2190/2190/2190 2193/2193/2193
f 2195/2195/2195 2192/2192/2192 2194/2194/2194
f 2193/2193/2193 2192/2192/2192 2195/2195/2195
f 2197/2197/2197 2194/2194/2194 2196/2196/2196
f 2195/2195/2195 2194/2194/2194 2197/2197/2197
f 2199/2199/2199 2196/2196/2196 2198/2198/2198
f 2197/2197/2197 2196/2196/2196 2199/2199/2199
f 2201/2201/2201 2198/2198/2198 2200/2200/2200
f 2199/2199/2199 2198/2198/2198 2201/2201/2201
f 2203/2203/2203 2200/2200/2200 2202/2202/2202
f 2201/2201/2201 2200/2200/2200 2203/2203/2203
f 2205/2205/2205 2202/2202/2202 2204/2204/2204
f 2203/2203/2203 2202/2202/2202 2205/2205/2205
f 2207/2207/2207 2204/2204/2204 2206/2206/2206
f 2205/2205/2205 2204/2204/2204 2207/2207/2207
f 2209/2209/2209 2206/2206/2206 2208/2208/2208
f 2207/2207/2207 2206/2206/2206 2209/2209/2209
f 2211/2211/2211 2208/2208/2208 2210/2210/2210
f 2209/2209/2209 2208/2208/2208 2211/2211/2211
f 2213/2213/2213 2210/2210/2210 2212/2212/2212
f 2211/2211/2211 2210/2210/2210 2213/2213/2213
f 2215/2215/2215 2212/2212/2212 2214/2214/2214
f 2213/2213/2213 2212/2212/2212 2215/2215/2215
f 2217/2217/2217 2214/2214/2214 2216/2216/2216
f 2215/2215/2215 2214/2214/2214 2217/2217/2217
f 2219/2219/2219 2216/2216/2216 2218/2218/2218
f 2217/2217/2217 2216/2216/2216 2219/2219/2219
f 2221/2221/2221 2218/2218/2218 2220/2220/2220
f 2219/2219/2219 2218/2218/2218 2221/2221/2221
f 2223/2223/2223 2220/2220/2220 2222/2222/2222
f 2221/2221/2221 2220/2220/2220 2223/2223/2223
f 2225/2225/2225 2222/2222/2222 2224/2224/2224
f 2223/2223/2223 2222/2222/2222 2225/2225/2225
f 2227/2227/2227 2224/2224/2224 2226/2226/2226
f 2225/2225/2225 2224/2224/2224 2227/2227/2227
f 2229/2229/2229 2226/2226/2226 2228/2228/2228
f 2227/2227/2227 2226/2226/2226 2229/2229/2229
f 2231/2231/2231 2228/2228/2228 2230/2230/2230
f 2229/2229/2229 2228/2228/2228 2231/2231/2231
f 2131/2131/2131 2230/2230/2230 2129/2129/2129
f 2231/2231/2231 2230/2230/2230 2131/2131/2131
f 2232/2232/2232 2131/2131/2131 2130/2130/2130
f 2233/2233/2233 2131/2131/2131 2232/2232/2232
f 2234/2234/2234 2130/2130/2130 2133/2133/2133
f 2232/2232/2232 2130/2130/2130 2234/2234/2234
f 2235/2235/2235 2137/2137/2137 2136/2136/2136
f 2236/2236/2236 2137/2137/2137 2235/2235/2235
f 2237/2237/2237 2136/2136/2136 2139/2139/2139
f 2235/2235/2235 2136/2136/2136 2237/2237/2237
f 2238/2238/2238 2139/2139/2139 2141/2141/2141
f 2237/2237/2237 2139/2139/2139 2238/2238/2238
f 2239/2239/2239 2141/2141/2141 2143/2143/2143
f 2238/2238/2238 2141/2141/2141 2239/2239/2239
f 2240/2240/2240 2143/2143/2143 2145/2145/2145
f 2239/2239/2239 2143/2143/2143 2240/2240/2240
f 2241/2241/2241 2145/2145/2145 2147/2147/2147
f 2240/2240/2240 2145/2145/2145 2241/2241/2241
f 2242/2242/2242 2147/2147/2147 2149/2149/2149
f 2241/2241/2241 2147/2147/2147 2242/2242/2242
f 2243/2243/2243 2149/2149/2149 2151/2151/2151
f 2242/2242/2242 2149/2149/2149 2243/2243/2243
f 2244/2244/2244 2151/2151/2151 2153/2153/2153
f 2243/2243/2243 2151/2151/2151 2244/2244/2244
f 2245/2245/2245 2157/2157/2157 2159/2159/2159
f 2246/2246/2246 2157/2157/2157 2245/2245/2245
f 2247/2247/2247 2159/2159/2159 2161/2161/2161
f 2245/2245/2245 2159/2159/2159 2247/2247/2247
f 2248/2248/2248 2161/2161/2161 2163/2163/2163
f 2247/2247/2247 2161/2161/2161 2248/2248/2248
f 2249/2249/2249 2163/2163/2163 2165/2165/2165
f 2248/2248/2248 2163/2163/2163 2249/2249/2249
f 2250/2250/2250 2165/2165/2165 2167/2167/2167
f 2249/2249/2249 2165/2165/2165 2250/2250/2250
f 2251/2251/2251 2167/2167/2167 2169/2169/2169
f 2250/2250/2250 2167/2167/2167 2251/2251/2251
f 2252/2252/2252 2169/2169/2169 2171/2171/2171
f 2251/2251/2251 2169/2169/2169 2252/2252/2252
f 2253/2253/2253 2171/2171/2171 2173/2173/2173
f 2252/2252/2252 2171/2171/2171 2253/2253/2253
f 2254/2254/2254 2173/2173/2173 2175/2175/2175
f 2253/2253/2253 2173/2173/2173 2254/2254/2254
f 2255/2255/2255 2175/2175/2175 2177/2177/2177
f 2254/2254/2254 2175/2175/2175 2255/2255/2255
f 2256/2256/2256 2177/2177/2177 2179/2179/2179
f 2255/2255/2255 2177/2177/2177 2256/2256/2256
f 2257/2257/2257 2179/2179/2179 2181/2181/2181
f 2256/2256/2256 2179/2179/2179 2257/2257/2257
f 2258/2258/2258 2181/2181/2181 2183/2183/2183
f 2257/2257/2257 2181/2181/2181 2258/2258/2258
f 2259/2259/2259 2183/2183/2183 2185/2185/2185
f 2258/2258/2258 2183/2183/2183 2259/2259/2259
f 2260/2260/2260 2189/2189/2189 2188/2188/2188
f 2261/2261/2261 2189/2189/2189 2260/2260/2260
f 2262/2262/2262 2188/2188/2188 2191/2191/2191
f 2260/2260/2260 2188/2188/2188 2262/2262/2262
f 2263/2263/2263 2191/2191/2191 2193/2193/2193
f 2262/2262/2262 2191/2191/2191 2263/2263/2263
f 2264/2264/2264 2193/2193/2193 2195/2195/2195
f 2263/2263/2263 2193/2193/2193 2264/2264/2264
f 2265/2265/2265 2195/2195/2195 2197/2197/2197
f 2264/2264/2264 2195/2195/2195 2265/2265/2265
f 2266/2266/2266 2197/2197/2197 2199/2199/2199
f 2265/2265/2265 2197/2197/2197 2266/2266/2266
f 2267/2267/2267 2199/2199/2199 2201/2201/2201
f 2266/2266/2266 2199/2199/2199 2267/2267/2267
f 2268/2268/2268 2201/2201/2201 2203/2203/2203
f 2267/2267/2267 2201/2201/2201 2268/2268/2268
f 2269/2269/2269 2203/2203/2203 2205/2205/2205
f 2268/2268/2268 2203/2203/2203 2269/2269/2269
f 2270/2270/2270 2205/2205/2205 2207/2207/2207
f 2269/2269/2269 2205/2205/2205 2270/2270/2270
f 2271/2271/2271 2207/2207/2207 2209/2209/2209
f 2270/2270/2270 2207/2207/2207 2271/2271/2271
f 2272/2272/2272 2209/2209/2209 2211/2211/2211
f 2271/2271/2271 2209/2209/2209 2272/2272/2272
f 2273/2273/2273 2211/2211/2211 2213/2213/2213
f 2272/2272/2272 2211/2211/2211 2273/2273/2273
f 2274/2274/2274 2213/2213/2213 2215/2215/2215
f 2273/2273/2273 2213/2213/2213 2274/2274/2274
f 2275/2275/2275 2215/2215/2215 2217/2217/2217
f 2274/2274/2274 2215/2215/2215 2275/2275/2275
f 2276/2276/2276 2217/2217/2217 2219/2219/2219
f 2275/2275/2275 2217/2217/2217 2276/2276/2276
f 2277/2277/2277 2219/2219/2219 2221/2221/2221
f 2276/2276/2276 2219/2219/2219 2277/2277/2277
f 2278/2278/2278 2221/2221/2221 2223/2223/2223
f 2277/2277/2277 2221/2221/2221 2278/2278/2278
f 2279/2279/2279 2223/2223/2223 2225/2225/2225
f 2278/2278/2278 2223/2223/2223 2279/2279/2279
f 2280/2280/2280 2225/2225/2225 2227/2227/2227
f 2279/2279/2279 2225/2225/2225 2280/2280/2280
f 2281/2281/2281 2227/2227/2227 2229/2229/2229
f 2280/2280/2280 2227/2227/2227 2281/2281/2281
f 2282/2282/2282 2229/2229/2229 2231/2231/2231
f 2281/2281/2281 2229/2229/2229 2282/2282/2282
f 2233/2233/2233 2231/2231/2231 2131/2131/2131
f 2282/2282/2282 2231/2231/2231 2233/2233/2233
f 2283/2283/2283 2233/2233/2233 2232/2232/2232
f 2284/2284/2284 2233/2233/2233 2283/2283/2283
f 2285/2285/2285 2232/2232/2232 2234/2234/2234
f 2283/2283/2283 2232/2232/2232 2285/2285/2285
f 2286/2286/2286 2236/2236/2236 2235/2235/2235
f 2287/2287/2287 2236/2236/2236 2286/2286/2286
f 2288/2288/2288 2235/2235/2235 2237/2237/2237
f 2286/2286/2286 2235/2235/2235 2288/2288/2288
f 2289/2289/2289 2237/2237/2237 2238/2238/2238
f 2288/2288/2288 2237/2237/2237 2289/2289/2289
f 2290/2290/2290 2238/2238/2238 2239/2239/2239
f 2289/2289/2289 2238/2238/2238 2290/2290/2290
f 2291/2291/2291 2239/2239/2239 2240/2240/2240
f 2290/2290/2290 2239/2239/2239 2291/2291/2291
f 2240/2240/2240 2292/2292/2292 2291/2291/2291
f 2241/2241/2241 2292/2292/2292 2240/2240/2240
f 2292/2292/2292 2242/2242/2242 2293/2293/2293
f 2241/2241/2241 2242/2242/2242 2292/2292/2292
f 2294/2294/2294 2242/2242/2242 2243/2243/2243
f 2293/2293/2293 2242/2242/2242 2294/2294/2294
f 2295/2295/2295 2243/2243/2243 2244/2244/2244
f 2294/2294/2294 2243/2243/2243 2295/2295/2295
f 2244/2244/2244 2296/2296/2296 2295/2295/2295
f 2297/2297/2297 2296/2296/2296 2244/2244/2244
f 2296/2296/2296 2246/2246/2246 2298/2298/2298
f 2297/2297/2297 2246/2246/2246 2296/2296/2296
f 2299/2299/2299 2246/2246/2246 2245/2245/2245
f 2298/2298/2298 2246/2246/2246 2299/2299/2299
f 2300/2300/2300 2245/2245/2245 2247/2247/2247
f 2299/2299/2299 2245/2245/2245 2300/2300/2300
f 2301/2301/2301 2247/2247/2247 2248/2248/2248
f 2300/2300/2300 2247/2247/2247 2301/2301/2301
f 2302/2302/2302 2248/2248/2248 2249/2249/2249
f 2301/2301/2301 2248/2248/2248 2302/2302/2302
f 2303/2303/2303 2249/2249/2249 2250/2250/2250
f 2302/2302/2302 2249/2249/2249 2303/2303/2303
f 2304/2304/2304 2250/2250/2250 2251/2251/2251
f 2303/2303/2303 2250/2250/2250 2304/2304/2304
f 2305/2305/2305 2251/2251/2251 2252/2252/2252
f 2304/2304/2304 2251/2251/2251 2305/2305/2305
f 2306/2306/2306 2252/2252/2252 2253/2253/2253
f 2305/2305/2305 2252/2252/2252 2306/2306/2306
f 2307/2307/2307 2253/2253/2253 2254/2254/2254
f 2306/2306/2306 2253/2253/2253 2307/2307/2307
f 2308/2308/2308 2254/2254/2254 2255/2255/2255
f 2307/2307/2307 2254/2254/2254 2308/2308/2308
f 2309/2309/2309 2255/2255/2255 2256/2256/2256
f 2308/2308/2308 2255/2255/2255 2309/2309/2309
f 2310/2310/2310 2256/2256/2256 2257/2257/2257
f 2309/2309/2309 2256/2256/2256 2310/2310/2310
f 2311/2311/2311 2257/2257/2257 2258/2258/2258
f 2310/2310/2310 2257/2257/2257 2311/2311/2311
f 2312/2312/2312 2258/2258/2258 2259/2259/2259
f 2311/2311/2311 2258/2258/2258 2312/2312/2312
f 2313/2313/2313 2261/2261/2261 2260/2260/2260
f 2314/2314/2314 2261/2261/2261 2313/2313/2313
f 2315/2315/2315 2260/2260/2260 2262/2262/2262
f 2313/2313/2313 2260/2260/2260 2315/2315/2315
f 2316/2316/2316 2262/2262/2262 2263/2263/2263
f 2315/2315/2315 2262/2262/2262 2316/2316/2316
f 2317/2317/2317 2263/2263/2263 2264/2264/2264
f 2316/2316/2316 2263/2263/2263 2317/2317/2317
f 2318/2318/2318 2264/2264/2264 2265/2265/2265
f 2317/2317/2317 2264/2264/2264 2318/2318/2318
f 2319/2319/2319 2265/2265/2265 2266/2266/2266
f 2318/2318/2318 2265/2265/2265 2319/2319/2319
f 2320/2320/2320 2266/2266/2266 2267/2267/2267
f 2319/2319/2319 2266/2266/2266 2320/2320/2320
f 2321/2321/2321 2267/2267/2267 2268/2268/2268
f 2320/2320/2320 2267/2267/2267 2321/2321/2321
f 2322/2322/2322 2268/2268/2268 2269/2269/2269
f 2321/2321/2321 2268/2268/2268 2322/2322/2322
f 2323/2323/2323 2269/2269/2269 2270/2270/2270
f 2322/2322/2322 2269/2269/2269 2323/2323/2323
f 2324/2324/2324 2270/2270/2270 2271/2271/2271
f 2323/2323/2323 2270/2270/2270 2324/2324/2324
f 2325/2325/2325 2271/2271/2271 2272/2272/2272
f 2324/2324/2324 2271/2271/2271 2325/2325/2325
f 2326/2326/2326 2272/2272/2272 2273/2273/2273
f 2325/2325/2325 2272/2272/2272 2326/2326/2326
f 2327/2327/2327 2273/2273/2273 2274/2274/2274
f 2326/2326/2326 2273/2273/2273 2327/2327/2327
f 2328/2328/2328 2274/2274/2274 2275/2275/2275
f 2327/2327/2327 2274/2274/2274 2328/2328/2328
f 2329/2329/2329 2275/2275/2275 2276/2276/2276
f 2328/2328/2328 2275/2275/2275 2329/2329/2329
f 2330/2330/2330 2276/2276/2276 2277/2277/2277
f 2329/2329/2329 2276/2276/2276 2330/2330/2330
f 2331/2331/2331 2277/2277/2277 2278/2278/2278
f 2330/2330/2330 2277/2277/2277 2331/2331/2331
f 2332/2332/2332 2278/2278/2278 2279/2279/2279
f 2331/2331/2331 2278/2278/2278 2332/2332/2332
f 2333/2333/2333 2279/2279/2279 2280/2280/2280
f 2332/2332/2332 2279/2279/2279 2333/2333/2333
f 2334/2334/2334 2280/2280/2280 2281/2281/2281
f 2333/2333/2333 2280/2280/2280 2334/2334/2334
f 2335/2335/2335 2281/2281/2281 2282/2282/2282
f 2334/2334/2334 2281/2281/2281 2335/2335/2335
f 2284/2284/2284 2282/2282/2282 2233/2233/2233
f 2335/2335/2335 2282/2282/2282 2284/2284/2284
f 2284/2284/2284 2337/2337/2337 2336/2336/2336
f 2283/2283/2283 2337/2337/2337 2284/2284/2284
f 2283/2283/2283 2338/2338/2338 2337/2337/2337
f 2285/2285/2285 2338/2338/2338 2283/2283/2283
f 2287/2287/2287 2340/2340/2340 2339/2339/2339
f 2286/2286/2286 2340/2340/2340 2287/2287/2287
f 2286/2286/2286 2341/2341/2341 2340/2340/2340
f 2288/2288/2288 2341/2341/2341 2286/2286/2286
f 2288/2288/2288 2342/2342/2342 2341/2341/2341
f 2289/2289/2289 2342/2342/2342 2288/2288/2288
f 2289/2289/2289 2343/2343/2343 2342/2342/2342
f 2290/2290/2290 2343/2343/2343 2289/2289/2289
f 2290/2290/2290 2344/2344/2344 2343/2343/2343
f 2291/2291/2291 2344/2344/2344 2290/2290/2290
f 2291/2291/2291 2345/2345/2345 2344/2344/2344
f 2292/2292/2292 2345/2345/2345 2291/2291/2291
f 2292/2292/2292 2346/2346/2346 2345/2345/2345
f 2293/2293/2293 2346/2346/2346 2292/2292/2292
f 2293/2293/2293 2347/2347/2347 2346/2346/2346
f 2294/2294/2294 2347/2347/2347 2293/2293/2293
f 2294/2294/2294 2348/2348/2348 2347/2347/2347
f 2295/2295/2295 2348/2348/2348 2294/2294/2294
f 2295/2295/2295 2349/2349/2349 2348/2348/2348
f 2296/2296/2296 2349/2349/2349 2295/2295/2295
f 2296/2296/2296 2350/2350/2350 2349/2349/2349
f 2298/2298/2298 2350/2350/2350 2296/2296/2296
f 2298/2298/2298 2351/2351/2351 2350/2350/2350
f 2299/2299/2299 2351/2351/2351 2298/2298/2298
f 2299/2299/2299 2352/2352/2352 2351/2351/2351
f 2300/2300/2300 2352/2352/2352 2299/2299/2299
f 2300/2300/2300 2353/2353/2353 2352/2352/2352
f 2301/2301/2301 2353/2353/2353 2300/2300/2300
f 2301/2301/2301 2354/2354/2354 2353/2353/2353
f 2302/2302/2302 2354/2354/2354 2301/2301/2301
f 2302/2302/2302 2355/2355/2355 2354/2354/2354
f 2303/2303/2303 2355/2355/2355 2302/2302/2302
f 2303/2303/2303 2356/2356/2356 2355/2355/2355
f 2304/2304/2304 2356/2356/2356 2303/2303/2303
f 2304/2304/2304 2357/2357/2357 2356/2356/2356
f 2305/2305/2305 2357/2357/2357 2304/2304/2304
f 2305/2305/2305 2358/2358/2358 2357/2357/2357
f 2306/2306/2306 2358/2358/2358 2305/2305/2305
f 2306/2306/2306 2359/2359/2359 2358/2358/2358
f 2307/2307/2307 2359/2359/2359 2306/2306/2306
f 2307/2307/2307 2360/2360/2360 2359/2359/2359
f 2308/2308/2308 2360/2360/2360 2307/2307/2307
f 2308/2308/2308 2361/2361/2361 2360/2360/2360
f 2309/2309/2309 2361/2361/2361 2308/2308/2308
f 2309/2309/2309 2362/2362/2362 2361/2361/2361
f 2310/2310/2310 2362/2362/2362 2309/2309/2309
f 2310/2310/2310 2363/2363/2363 2362/2362/2362
f 2311/2311/2311 2363/2363/2363 2310/2310/2310
f 2311/2311/2311 2364/2364/2364 2363/2363/2363
f 2312/2312/2312 2364/2364/2364 2311/2311/2311
f 2314/2314/2314 2366/2366/2366 2365/2365/2365
f 2313/2313/2313 2366/2366/2366 2314/2314/2314
f 2313/2313/2313 2367/2367/2367 2366/2366/2366
f 2315/2315/2315 2367/2367/2367 2313/2313/2313
f 2315/2315/2315 2368/2368/2368 2367/2367/2367
f 2316/2316/2316 2368/2368/2368 2315/2315/2315
f 2316/2316/2316 2369/2369/2369 2368/2368/2368
f 2317/2317/2317 2369/2369/2369 2316/2316/2316
f 2317/2317/2317 2370/2370/2370 2369/2369/2369
f 2318/2318/2318 2370/2370/2370 2317/2317/2317
f 2318/2318/2318 2371/2371/2371 2370/2370/2370
f 2319/2319/2319 2371/2371/2371 2318/2318/2318
f 2319/2319/2319 2372/2372/2372 2371/2371/2371
f 2320/2320/2320 2372/2372/2372 2319/2319/2319
f 2320/2320/2320 2373/2373/2373 2372/2372/2372
f 2321/2321/2321 2373/2373/2373 2320/2320/2320
f 2321/2321/2321 2374/2374/2374 2373/2373/2373
f 2322/2322/2322 2374/2374/2374 2321/2321/2321
f 2322/2322/2322 2375/2375/2375 2374/2374/2374
f 2323/2323/2323 2375/2375/2375 2322/2322/2322
f 2323/2323/2323 2376/2376/2376 2375/2375/2375
f 2324/2324/2324 2376/2376/2376 2323/2323/2323
f 2324/2324/2324 2377/2377/2377 2376/2376/2376
f 2325/2325/2325 2377/2377/2377 2324/2324/2324
f 2325/2325/2325 2378/2378/2378 2377/2377/2377
f 2326/2326/2326 2378/2378/2378 2325/2325/2325
f 2326/2326/2326 2379/2379/2379 2378/2378/2378
f 2327/2327/2327 2379/2379/2379 2326/2326/2326
f 2327/2327/2327 2380/2380/2380 2379/2379/2379
f 2328/2328/2328 2380/2380/2380 2327/2327/2327
f 2328/2328/2328 2381/2381/2381 2380/2380/2380
f 2329/2329/2329 2381/2381/2381 2328/2328/2328
f 2329/2329/2329 2382/2382/2382 2381/2381/2381
f 2330/2330/2330 2382/2382/2382 2329/2329/2329
f 2330/2330/2330 2383/2383/2383 2382/2382/2382
f 2331/2331/2331 2383/2383/2383 2330/2330/2330
f 2331/2331/2331 2384/2384/2384 2383/2383/2383
f 2332/2332/2332 2384/2384/2384 2331/2331/2331
f 2332/2332/2332 2385/2385/2385 2384/2384/2384
f 2333/2333/2333 2385/2385/2385 2332/2332/2332
f 2333/2333/2333 2386/2386/2386 2385/2385/2385
f 2334/2334/2334 2386/2386/2386 2333/2333/2333
f 2334/2334/2334 2387/2387/2387 2386/2386/2386
f 2335/2335/2335 2387/2387/2387 2334/2334/2334
f 2335/2335/2335 2336/2336/2336 2387/2387/2387
f 2284/2284/2284 2336/2336/2336 2335/2335/2335
f 2389/2389/2389 2129/2129/2129 2388/2388/2388
f 2128/2128/2128 2129/2129/2129 2389/2389/2389
f 2390/2390/2390 2128/2128/2128 2389/2389/2389
f 2132/2132/2132 2128/2128/2128 2390/2390/2390
f 2392/2392/2392 2135/2135/2135 2391/2391/2391
f 2134/2134/2134 2135/2135/2135 2392/2392/2392
f 2393/2393/2393 2134/2134/2134 2392/2392/2392
f 2138/2138/2138 2134/2134/2134 2393/2393/2393
f 2394/2394/2394 2138/2138/2138 2393/2393/2393
f 2140/2140/2140 2138/2138/2138 2394/2394/2394
f 2395/2395/2395 2140/2140/2140 2394/2394/2394
f 2142/2142/2142 2140/2140/2140 2395/2395/2395
f 2396/2396/2396 2142/2142/2142 2395/2395/2395
f 2144/2144/2144 2142/2142/2142 2396/2396/2396
f 2397/2397/2397 2144/2144/2144 2396/2396/2396
f 2146/2146/2146 2144/2144/2144 2397/2397/2397
f 2398/2398/2398 2146/2146/2146 2397/2397/2397
f 2148/2148/2148 2146/2146/2146 2398/2398/2398
f 2399/2399/2399 2148/2148/2148 2398/2398/2398
f 2150/2150/2150 2148/2148/2148 2399/2399/2399
f 2400/2400/2400 2150/2150/2150 2399/2399/2399
f 2152/2152/2152 2150/2150/2150 2400/2400/2400
f 2401/2401/2401 2152/2152/2152 2400/2400/2400
f 2154/2154/2154 2152/2152/2152 2401/2401/2401
f 2402/2402/2402 2154/2154/2154 2401/2401/2401
f 2156/2156/2156 2154/2154/2154 2402/2402/2402
f 2403/2403/2403 2156/2156/2156 2402/2402/2402
f 2158/2158/2158 2156/2156/2156 2403/2403/2403
f 2404/2404/2404 2158/2158/2158 2403/2403/2403
f 2160/2160/2160 2158/2158/2158 2404/2404/2404
f 2405/2405/2405 2160/2160/2160 2404/2404/2404
f 2162/2162/2162 2160/2160/2160 2405/2405/2405
f 2406/2406/2406 2162/2162/2162 2405/2405/2405
f 2164/2164/2164 2162/2162/2162 2406/2406/2406
f 2407/2407/2407 2164/2164/2164 2406/2406/2406
f 2166/2166/2166 2164/2164/2164 2407/2407/2407
f 2408/2408/2408 2166/2166/2166 2407/2407/2407
f 2168/2168/2168 2166/2166/2166 2408/2408/2408
f 2409/2409/2409 2168/2168/2168 2408/2408/2408
f 2170/2170/2170 2168/2168/2168 2409/2409/2409
f 2410/2410/2410 2170/2170/2170 2409/2409/2409
f 2172/2172/2172 2170/2170/2170 2410/2410/2410
f 2411/2411/2411 2172/2172/2172 2410/2410/2410
f 2174/2174/2174 2172/2172/2172 2411/2411/2411
f 2412/2412/2412 2174/2174/2174 2411/2411/2411
f 2176/2176/2176 2174/2174/2174 2412/2412/2412
f 2413/2413/2413 2176/2176/2176 2412/2412/2412
f 2178/2178/2178 2176/2176/2176 2413/2413/2413
f 2414/2414/2414 2178/2178/2178 2413/2413/2413
f 2180/2180/2180 2178/2178/2178 2414/2414/2414
f 2415/2415/2415 2180/2180/2180 2414/2414/2414
f 2182/2182/2182 2180/2180/2180 2415/2415/2415
f 2416/2416/2416 2182/2182/2182 2415/2415/2415
f 2184/2184/2184 2182/2182/2182 2416/2416/2416
f 2418/2418/2418 2187/2187/2187 2417/2417/2417
f 2186/2186/2186 2187/2187/2187 2418/2418/2418
f 2419/2419/2419 2186/2186/2186 2418/2418/2418
f 2190/2190/2190 2186/2186/2186 2419/2419/2419
f 2420/2420/2420 2190/2190/2190 2419/2419/2419
f 2192/2192/2192 2190/2190/2190 2420/2420/2420
f 2421/2421/2421 2192/2192/2192 2420/2420/2420
f 2194/2194/2194 2192/2192/2192 2421/2421/2421
f 2422/2422/2422 2194/2194/2194 2421/2421/2421
f 2196/2196/2196 2194/2194/2194 2422/2422/2422
f 2423/2423/2423 2196/2196/2196 2422/2422/2422
f 2198/2198/2198 2196/2196/2196 2423/2423/2423
f 2424/2424/2424 2198/2198/2198 2423/2423/2423
f 2200/2200/2200 2198/2198/2198 2424/2424/2424
f 2425/2425/2425 2200/2200/2200 2424/2424/2424
f 2202/2202/2202 2200/2200/2200 2425/2425/2425
f 2426/2426/2426 2202/2202/2202 2425/2425/2425
f 2204/2204/2204 2202/2202/2202 2426/2426/2426
f 2427/2427/2427 2204/2204/2204 2426/2426/2426
f 2206/2206/2206 2204/2204/2204 2427/2427/2427
f 2428/2428/2428 2206/2206/2206 2427/2427/2427
f 2208/2208/2208 2206/2206/2206 2428/2428/2428
f 2429/2429/2429 2208/2208/2208 2428/2428/2428
f 2210/2210/2210 2208/2208/2208 2429/2429/2429
f 2430/2430/2430 2210/2210/2210 2429/2429/2429
f 2212/2212/2212 2210/2210/2210 2430/2430/2430
f 2431/2431/2431 2212/2212/2212 2430/2430/2430
f 2214/2214/2214 2212/2212/2212 2431/2431/2431
f 2432/2432/2432 2214/2214/2214 2431/2431/2431
f 2216/2216/2216 2214/2214/2214 2432/2432/2432
f 2433/2433/2433 2216/2216/2216 2432/2432/2432
f 2218/2218/2218 2216/2216/2216 2433/2433/2433
f 2434/2434/2434 2218/2218/2218 2433/2433/2433
f 2220/2220/2220 2218/2218/2218 2434/2434/2434
f 2435/2435/2435 2220/2220/2220 2434/2434/2434
f 2222/2222/2222 2220/2220/2220 2435/2435/2435
f 2436/2436/2436 2222/2222/2222 2435/2435/2435
f 2224/2224/2224 2222/2222/2222 2436/2436/2436
f 2437/2437/2437 2224/2224/2224 2436/2436/2436
f 2226/2226/2226 2224/2224/2224 2437/2437/2437
f 2438/2438/2438 2226/2226/2226 2437/2437/2437
f 2228/2228/2228 2226/2226/2226 2438/2438/2438
f 2439/2439/2439 2228/2228/2228 2438/2438/2438
f 2230/2230/2230 2228/2228/2228 2439/2439/2439
f 2388/2388/2388 2230/2230/2230 2439/2439/2439
f 2129/2129/2129 2230/2230/2230 2388/2388/2388
f 2440/2440/2440 2389/2389/2389 2388/2388/2388
f 2441/2441/2441 2389/2389/2389 2440/2440/2440
f 2441/2441/2441 2390/2390/2390 2389/2389/2389
f 2442/2442/2442 2392/2392/2392 2391/2391/2391
f 2443/2443/2443 2392/2392/2392 2442/2442/2442
f 2443/2443/2443 2393/2393/2393 2392/2392/2392
f 2443/2443/2443 2394/2394/2394 2393/2393/2393
f 2444/2444/2444 2394/2394/2394 2443/2443/2443
f 2444/2444/2444 2395/2395/2395 2394/2394/2394
f 2444/2444/2444 2396/2396/2396 2395/2395/2395
f 2445/2445/2445 2396/2396/2396 2444/2444/2444
f 2445/2445/2445 2397/2397/2397 2396/2396/2396
f 2445/2445/2445 2398/2398/2398 2397/2397/2397
f 2446/2446/2446 2398/2398/2398 2445/2445/2445
f 2446/2446/2446 2399/2399/2399 2398/2398/2398
f 2446/2446/2446 2400/2400/2400 2399/2399/2399
f 2447/2447/2447 2400/2400/2400 2446/2446/2446
f 2447/2447/2447 2401/2401/2401 2400/2400/2400
f 2447/2447/2447 2402/2402/2402 2401/2401/2401
f 2448/2448/2448 2402/2402/2402 2447/2447/2447
f 2448/2448/2448 2403/2403/2403 2402/2402/2402
f 2448/2448/2448 2404/2404/2404 2403/2403/2403
f 2449/2449/2449 2404/2404/2404 2448/2448/2448
f 2449/2449/2449 2405/2405/2405 2404/2404/2404
f 2449/2449/2449 2406/2406/2406 2405/2405/2405
f 2450/2450/2450 2406/2406/2406 2449/2449/2449
f 2450/2450/2450 2407/2407/2407 2406/2406/2406
f 2450/2450/2450 2408/2408/2408 2407/2407/2407
f 2451/2451/2451 2408/2408/2408 2450/2450/2450
f 2451/2451/2451 2409/2409/2409 2408/2408/2408
f 2451/2451/2451 2410/2410/2410 2409/2409/2409
f 2452/2452/2452 2410/2410/2410 2451/2451/2451
f 2452/2452/2452 2411/2411/2411 2410/2410/2410
f 2452/2452/2452 2412/2412/2412 2411/2411/2411
f 2453/2453/2453 2412/2412/2412 2452/2452/2452
f 2453/2453/2453 2413/2413/2413 2412/2412/2412
f 2453/2453/2453 2414/2414/2414 2413/2413/2413
f 2454/2454/2454 2414/2414/2414 2453/2453/2453
f 2454/2454/2454 2415/2415/2415 2414/2414/2414
f 2454/2454/2454 2416/2416/2416 2415/2415/2415
f 2455/2455/2455 2416/2416/2416 2454/2454/2454
f 2456/2456/2456 2418/2418/2418 2417/2417/2417
f 2456/2456/2456 2419/2419/2419 2418/2418/2418
f 2457/2457/2457 2419/2419/2419 2456/2456/2456
f 2457/2457/2457 2420/2420/2420 2419/2419/2419
f 2457/2457/2457 2421/2421/2421 2420/2420/2420
f 2458/2458/2458 2421/2421/2421 2457/2457/2457
f 2458/2458/2458 2422/2422/2422 2421/2421/2421
f 2458/2458/2458 2423/2423/2423 2422/2422/2422
f 2459/2459/2459 2423/2423/2423 2458/2458/2458
f 2459/2459/2459 2424/2424/2424 2423/2423/2423
f 2459/2459/2459 2425/2425/2425 2424/2424/2424
f 2460/2460/2460 2425/2425/2425 2459/2459/2459
f 2460/2460/2460 2426/2426/2426 2425/2425/2425
f 2460/2460/2460 2427/2427/2427 2426/2426/2426
f 2461/2461/2461 2427/2427/2427 2460/2460/2460
f 2461/2461/2461 2428/2428/2428 2427/2427/2427
f 2461/2461/2461 2429/2429/2429 2428/2428/2428
f 2462/2462/2462 2429/2429/2429 2461/2461/2461
f 2462/2462/2462 2430/2430/2430 2429/2429/2429
f 2462/2462/2462 2431/2431/2431 2430/2430/2430
f 2463/2463/2463 2431/2431/2431 2462/2462/2462
f 2463/2463/2463 2432/2432/2432 2431/2431/2431
f 2463/2463/2463 2433/2433/2433 2432/2432/2432
f 2464/2464/2464 2433/2433/2433 2463/2463/2463
f 2464/2464/2464 2434/2434/2434 2433/2433/2433
f 2464/2464/2464 2435/2435/2435 2434/2434/2434
f 2465/2465/2465 2435/2435/2435 2464/2464/2464
f 2465/2465/2465 2436/2436/2436 2435/2435/2435
f 2465/2465/2465 2437/2437/2437 2436/2436/2436
f 2466/2466/2466 2437/2437/2437 2465/2465/2465
f 2466/2466/2466 2438/2438/2438 2437/2437/2437
f 2466/2466/2466 2439/2439/2439 2438/2438/2438
f 2440/2440/2440 2439/2439/2439 2466/2466/2466
f 2440/2440/2440 2388/2388/2388 2439/2439/2439
f 2297/2297/2297 2153/2153/2153 2155/2155/2155
f 2244/2244/2244 2153/2153/2153 2297/2297/2297
f 2246/2246/2246 2155/2155/2155 2157/2157/2157
f 2297/2297/2297 2155/2155/2155 2246/2246/2246
