# Exported from Godot Engine
mtllib Wheel_Tempest.mtl
o Wheel_Tempest
v -0.019747 0.012215 0.160613
vt 0.025543 0.986168
vn 0.482752 0.268668 0.833527
v -0.019091 0.010676 0.160613
vt 0.030426 0.984398
vn 0.483999 0.273970 0.831075
v -0.020261 0.012445 0.161008
vt 0.023895 0.989220
vn 0.482752 0.268668 0.833527
v -0.019298 0.010196 0.161008
vt 0.033234 0.986420
vn 0.483999 0.273970 0.831075
v 0.019283 0.010196 0.161008
vt 0.033234 0.833008
vn -0.484056 0.273974 0.831040
v 0.019077 0.010676 0.160614
vt 0.030426 0.835083
vn -0.484056 0.273974 0.831040
v 0.020247 0.012445 0.161008
vt 0.023895 0.830200
vn -0.482808 0.268673 0.833493
v 0.019733 0.012215 0.160613
vt 0.025543 0.833252
vn -0.482808 0.268673 0.833493
v -0.010042 0.014937 0.160613
vt 0.018066 0.949554
vn -0.257856 0.289555 -0.921775
v -0.019747 0.012215 0.160613
vt 0.025543 0.986168
vn -0.900242 0.057537 -0.431571
v -0.010106 0.015298 0.161008
vt 0.015167 0.949921
vn -0.257856 0.289555 -0.921775
v -0.020261 0.012445 0.161008
vt 0.023895 0.989220
vn -0.900242 0.057537 -0.431571
v -0.000007 0.015879 0.160613
vt 0.015602 0.909729
vn 0.000000 0.500457 -0.865762
v -0.000007 0.016246 0.161008
vt 0.012703 0.909729
vn 0.000000 0.500457 -0.865762
v 0.010028 0.014937 0.160613
vt 0.018066 0.869873
vn 0.253208 0.295373 -0.921217
v 0.010092 0.015298 0.161008
vt 0.015167 0.869629
vn 0.253208 0.295373 -0.921217
v 0.019733 0.012215 0.160613
vt 0.025543 0.833252
vn 0.905598 0.074471 -0.417547
v 0.020247 0.012445 0.161008
vt 0.023895 0.830200
vn 0.900256 0.057580 -0.431535
v -0.009724 0.013412 0.160613
vt 0.024246 0.948669
vn 0.048677 -0.024380 0.998517
v -0.019091 0.010676 0.160613
vt 0.030426 0.984398
vn 0.107988 -0.054003 0.992684
v -0.010042 0.014937 0.160613
vt 0.018066 0.949554
vn 0.057023 -0.028520 0.997965
v -0.019747 0.012215 0.160613
vt 0.025543 0.986168
vn 0.116633 -0.058325 0.991461
v -0.000007 0.014296 0.160613
vt 0.021835 0.909729
vn -0.000015 -0.000046 1.000000
v -0.000007 0.015879 0.160613
vt 0.015602 0.909729
vn -0.000015 -0.000046 1.000000
v 0.009710 0.013412 0.160613
vt 0.024246 0.870850
vn -0.057058 -0.028521 0.997963
v 0.010028 0.014937 0.160613
vt 0.018066 0.869873
vn -0.048712 -0.024380 0.998515
v 0.019077 0.010676 0.160614
vt 0.030426 0.835083
vn -0.116672 -0.058327 0.991456
v 0.019733 0.012215 0.160613
vt 0.025543 0.833252
vn -0.108027 -0.054005 0.992680
v -0.009724 0.013412 0.160613
vt 0.024246 0.948669
vn -0.521816 0.851288 0.054934
v -0.009651 0.013054 0.161008
vt 0.027145 0.948303
vn -0.518745 0.853183 0.054615
v -0.019091 0.010676 0.160613
vt 0.030426 0.984398
vn 0.517118 0.849310 -0.106124
v -0.019298 0.010196 0.161008
vt 0.033234 0.986420
vn 0.517422 0.848583 -0.110364
v -0.000007 0.014296 0.160613
vt 0.021835 0.909729
vn -0.000020 0.906374 0.422477
v -0.000007 0.013931 0.161008
vt 0.024750 0.909729
vn -0.000020 0.906374 0.422477
v 0.009710 0.013412 0.160613
vt 0.024246 0.870850
vn 0.513517 0.855862 0.061643
v 0.009636 0.013054 0.161008
vt 0.027145 0.871216
vn 0.513517 0.855862 0.061643
v 0.019077 0.010676 0.160614
vt 0.030426 0.835083
vn -0.534536 0.832250 -0.147078
v 0.019283 0.010196 0.161008
vt 0.033234 0.833008
vn -0.520068 0.845948 -0.117903
v -0.005557 0.008542 0.160613
vt 0.049377 0.933105
vn 0.207600 -0.099492 0.973141
v -0.000007 -0.019438 0.160613
vt 0.151978 0.910217
vn 0.204308 -0.089408 0.974815
v -0.005986 0.007972 0.161008
vt 0.051880 0.936096
vn 0.207600 -0.099492 0.973141
v -0.000007 -0.022595 0.161008
vt 0.163696 0.910217
vn 0.204308 -0.089408 0.974815
v -0.009794 0.007901 0.161008
vt 0.050507 0.950775
vn -0.933088 -0.226712 0.279191
v -0.009866 0.008435 0.160613
vt 0.047272 0.950806
vn -0.921791 -0.198498 0.333017
v -0.005986 0.007972 0.161008
vt 0.051880 0.936096
vn 0.897280 -0.145049 -0.416954
v -0.005557 0.008542 0.160613
vt 0.049377 0.933105
vn 0.897280 -0.145049 -0.416954
v -0.012941 0.007105 0.160613
vt 0.050415 0.963531
vn -0.847869 -0.285195 0.446971
v -0.012528 0.006746 0.161008
vt 0.053070 0.961761
vn -0.882179 -0.408146 0.234899
v -0.013228 0.005242 0.161008
vt 0.057190 0.966278
vn -0.509546 -0.177064 0.842028
v -0.013551 0.006005 0.160613
vt 0.053558 0.966705
vn -0.503123 -0.177865 0.845713
v -0.013551 0.006005 0.160613
vt 0.053558 0.966705
vn 0.849407 0.507260 0.145583
v -0.013228 0.005242 0.161008
vt 0.057190 0.966278
vn 0.847227 0.509881 0.149092
v -0.017394 0.008790 0.160613
vt 0.041412 0.977722
vn 0.848185 0.510468 0.141437
v -0.018363 0.009039 0.161008
vt 0.039612 0.981354
vn 0.848185 0.510468 0.141437
v -0.004692 0.011721 0.160613
vt 0.036743 0.930481
vn 0.771395 -0.526379 0.357596
v -0.004475 0.012294 0.161008
vt 0.033661 0.929321
vn 0.781689 -0.523860 0.338428
v -0.000007 0.006547 0.160613
vt 0.055267 0.910217
vn 0.671846 -0.394169 0.627099
v -0.000007 0.007416 0.161008
vt 0.050629 0.910217
vn 0.671846 -0.394169 0.627099
v -0.010378 0.010821 0.160613
vt 0.037994 0.951599
vn -0.722427 -0.577147 0.380790
v -0.010464 0.011352 0.161008
vt 0.034882 0.951752
vn -0.722427 -0.577147 0.380790
v -0.015761 0.009397 0.160613
vt 0.040192 0.972076
vn -0.836676 -0.530671 0.135506
v -0.015988 0.009889 0.161008
vt 0.037231 0.972870
vn -0.829219 -0.534729 0.162666
v -0.018363 0.009039 0.161008
vt 0.039612 0.981354
vn -0.839484 -0.517829 0.164683
v -0.017394 0.008790 0.160613
vt 0.041412 0.977722
vn -0.839484 -0.517829 0.164683
v 0.005543 0.008542 0.160613
vt 0.049377 0.887268
vn -0.605259 -0.464321 0.646582
v 0.005971 0.007972 0.161008
vt 0.051880 0.884277
vn -0.420900 -0.246279 0.873035
v -0.000007 -0.019438 0.160613
vt 0.151978 0.910217
vn -0.204353 -0.089411 0.974805
v -0.000007 -0.022595 0.161008
vt 0.163696 0.910217
vn -0.204353 -0.089411 0.974805
v 0.009780 0.007901 0.161008
vt 0.050507 0.869629
vn 0.933071 -0.226719 0.279243
v 0.009852 0.008435 0.160613
vt 0.047272 0.869629
vn 0.923171 -0.200716 0.327823
v 0.012927 0.007105 0.160613
vt 0.050415 0.856812
vn 0.847837 -0.285200 0.447028
v 0.012513 0.006746 0.161008
vt 0.053070 0.858643
vn 0.882159 -0.408158 0.234952
v 0.013213 0.005242 0.161008
vt 0.057190 0.854126
vn 0.501609 -0.173026 0.847614
v 0.013537 0.006005 0.160614
vt 0.053558 0.853638
vn 0.509492 -0.177061 0.842062
v 0.013537 0.006005 0.160614
vt 0.053558 0.853638
vn -0.849426 0.507244 0.145533
v 0.017380 0.008790 0.160613
vt 0.041412 0.842651
vn -0.846041 0.513041 0.144927
v 0.013213 0.005242 0.161008
vt 0.057190 0.854126
vn -0.849426 0.507244 0.145533
v 0.018349 0.009039 0.161008
vt 0.039612 0.838989
vn -0.846041 0.513041 0.144927
v 0.004678 0.011721 0.160613
vt 0.036743 0.889893
vn -0.771429 -0.526368 0.357538
v -0.000007 0.006547 0.160613
vt 0.055267 0.910217
vn -0.671896 -0.394168 0.627046
v 0.004461 0.012294 0.161008
vt 0.033661 0.891052
vn -0.781721 -0.523848 0.338370
v -0.000007 0.007416 0.161008
vt 0.050629 0.910217
vn -0.671896 -0.394168 0.627046
v 0.010364 0.010821 0.160613
vt 0.037994 0.868774
vn 0.730353 -0.577253 0.365189
v 0.010449 0.011352 0.161008
vt 0.034882 0.868652
vn 0.730353 -0.577253 0.365189
v 0.015747 0.009397 0.160613
vt 0.040192 0.848267
vn 0.836657 -0.530688 0.135556
v 0.015974 0.009889 0.161008
vt 0.037231 0.847534
vn 0.829199 -0.534745 0.162718
v 0.018349 0.009039 0.161008
vt 0.039612 0.838989
vn 0.839464 -0.517845 0.164734
v 0.017380 0.008790 0.160613
vt 0.041412 0.842651
vn 0.839464 -0.517845 0.164734
v -0.012941 0.007105 0.160613
vt 0.050415 0.963531
vn 0.246875 -0.123468 0.961149
v -0.013551 0.006005 0.160613
vt 0.053558 0.966705
vn 0.226589 -0.113324 0.967375
v -0.015761 0.009397 0.160613
vt 0.040192 0.972076
vn 0.188624 -0.094341 0.977508
v -0.017394 0.008790 0.160613
vt 0.041412 0.977722
vn 0.170713 -0.085385 0.981614
v -0.010378 0.010821 0.160613
vt 0.037994 0.951599
vn 0.090797 -0.045407 0.994834
v -0.009866 0.008435 0.160613
vt 0.047272 0.950806
vn 0.152886 -0.076452 0.985282
v -0.004692 0.011721 0.160613
vt 0.036743 0.930481
vn -0.057058 -0.028521 0.997963
v -0.005557 0.008542 0.160613
vt 0.049377 0.933105
vn -0.024103 -0.012059 0.999637
v -0.000007 0.006547 0.160613
vt 0.055267 0.910217
vn -0.000015 -0.000046 1.000000
v -0.000007 -0.019438 0.160613
vt 0.151978 0.910217
vn -0.000015 -0.000046 1.000000
v 0.005543 0.008542 0.160613
vt 0.049377 0.887268
vn 0.024071 -0.012059 0.999638
v 0.004678 0.011721 0.160613
vt 0.036743 0.889893
vn 0.057023 -0.028520 0.997965
v 0.009852 0.008435 0.160613
vt 0.047272 0.869629
vn -0.135191 -0.067605 0.988510
v 0.010364 0.010821 0.160613
vt 0.037994 0.868774
vn -0.108027 -0.054005 0.992680
v 0.015747 0.009397 0.160613
vt 0.040192 0.848267
vn -0.135191 -0.067605 0.988510
v 0.012927 0.007105 0.160613
vt 0.050415 0.856812
vn -0.217517 -0.108769 0.969977
v 0.017380 0.008790 0.160613
vt 0.041412 0.842651
vn -0.152928 -0.076455 0.985275
v 0.013537 0.006005 0.160614
vt 0.053558 0.853638
vn -0.286068 -0.143023 0.947475
v -0.254174 0.000017 0.161424
vt 0.156982 0.069824
vn -0.000015 -0.000046 1.000000
v -0.241734 0.078558 0.161424
vt 0.136719 0.069824
vn -0.356017 -0.178042 0.917362
v -0.277447 0.000017 -0.057990
vt 0.156982 0.020508
vn -0.000015 -0.000046 1.000000
v -0.263868 0.085750 -0.057990
vt 0.136719 0.020508
vn -0.356017 -0.178042 0.917362
v -0.241735 -0.078525 0.161424
vt 0.177124 0.069824
vn 0.355964 -0.178037 0.917383
v -0.263869 -0.085717 -0.057990
vt 0.177124 0.020508
vn 0.355964 -0.178037 0.917383
v -0.205632 -0.149379 0.161424
vt 0.197144 0.069824
vn 0.703301 -0.351714 0.617791
v -0.224461 -0.163059 -0.057990
vt 0.197144 0.020508
vn 0.703301 -0.351714 0.617791
v -0.149403 -0.205609 0.161424
vt 0.217285 0.069824
vn 0.876755 -0.438412 0.197725
v -0.163082 -0.224437 -0.057990
vt 0.217285 0.020508
vn 0.876755 -0.438412 0.197725
v -0.078550 -0.241710 0.161424
vt 0.030304 0.069824
vn 0.912790 -0.359622 -0.193613
v -0.149403 -0.205609 0.161424
vt 0.010857 0.069824
vn 0.876755 -0.438412 0.197725
v -0.085741 -0.263844 -0.057990
vt 0.030304 0.020020
vn 0.912790 -0.359622 -0.193613
v -0.163082 -0.224437 -0.057990
vt 0.010857 0.020020
vn 0.876755 -0.438412 0.197725
v -0.000007 -0.254151 0.161424
vt 0.049652 0.069824
vn 0.707074 0.000000 -0.707139
v -0.000006 -0.277424 -0.057990
vt 0.049652 0.020020
vn 0.707074 0.000000 -0.707139
v 0.078535 -0.241711 0.161424
vt 0.069153 0.069824
vn 0.642493 -0.417659 -0.642467
v 0.085727 -0.263845 -0.057990
vt 0.069153 0.020020
vn 0.642493 -0.417659 -0.642467
v 0.149388 -0.205609 0.161424
vt 0.088989 0.069824
vn 0.493532 -0.716155 -0.493506
v 0.163067 -0.224437 -0.057990
vt 0.088989 0.020020
vn 0.493532 -0.716155 -0.493506
v 0.205618 -0.149379 0.161424
vt 0.109009 0.069824
vn 0.322718 -0.889770 -0.322741
v 0.224446 -0.163059 -0.057990
vt 0.109009 0.020020
vn 0.322718 -0.889770 -0.322741
v 0.241719 -0.078525 0.161424
vt 0.129272 0.069824
vn 0.158342 -0.974602 -0.158361
v 0.263853 -0.085717 -0.057990
vt 0.129272 0.020020
vn 0.158342 -0.974602 -0.158361
v 0.254160 0.000016 0.161424
vt 0.149780 0.069824
vn 0.000000 -1.000000 -0.000015
v 0.277433 0.000016 -0.057990
vt 0.149780 0.020020
vn 0.000000 -1.000000 -0.000015
v 0.241720 0.078558 0.161424
vt 0.170532 0.069824
vn -0.158347 -0.974594 -0.158406
v 0.263854 0.085750 -0.057990
vt 0.170532 0.020020
vn -0.158347 -0.974594 -0.158406
v 0.205618 0.149412 0.161424
vt 0.191284 0.069824
vn -0.322727 -0.889747 -0.322797
v 0.224446 0.163092 -0.057990
vt 0.191284 0.020020
vn -0.322727 -0.889747 -0.322797
v 0.149388 0.205642 0.161424
vt 0.212158 0.069824
vn -0.493538 -0.716111 -0.493564
v 0.163068 0.224470 -0.057990
vt 0.212158 0.020020
vn -0.493538 -0.716111 -0.493564
v 0.078535 0.241743 0.161424
vt 0.033752 0.069824
vn -0.642485 -0.417603 -0.642511
v 0.149388 0.205642 0.161424
vt 0.013100 0.069824
vn -0.493538 -0.716111 -0.493564
v 0.085727 0.263877 -0.057990
vt 0.033752 0.020508
vn -0.642485 -0.417603 -0.642511
v 0.163068 0.224470 -0.057990
vt 0.013100 0.020508
vn -0.493538 -0.716111 -0.493564
v -0.000008 0.254184 0.161424
vt 0.054474 0.069824
vn -0.707074 0.000000 -0.707139
v -0.000008 0.277457 -0.057990
vt 0.054474 0.020508
vn -0.707074 0.000000 -0.707139
v -0.078549 0.241743 0.161424
vt 0.075134 0.069824
vn -0.912797 -0.359580 -0.193660
v -0.085741 0.263878 -0.057990
vt 0.075134 0.020508
vn -0.912797 -0.359580 -0.193660
v -0.149402 0.205641 0.161424
vt 0.095764 0.069824
vn -0.876774 -0.438398 0.197673
v -0.163082 0.224470 -0.057990
vt 0.095764 0.020508
vn -0.876774 -0.438398 0.197673
v -0.205632 0.149412 0.161424
vt 0.116333 0.069824
vn -0.703349 -0.351713 0.617737
v -0.224461 0.163091 -0.057990
vt 0.116333 0.020508
vn -0.703349 -0.351713 0.617737
v 0.277630 -0.002400 0.195609
vt 0.302979 0.983429
vn 0.011893 -0.999544 -0.027766
v 0.275623 -0.033398 0.195609
vt 0.198486 0.978149
vn 0.003968 -0.999984 -0.003953
v 0.255839 -0.031031 0.197402
vt 0.205078 0.912292
vn 0.011893 -0.999544 -0.027766
v 0.050535 0.005234 0.171600
vt 0.348389 0.204102
vn -0.015395 -0.999763 0.015363
v 0.058951 0.000237 0.175280
vt 0.332275 0.235840
vn 0.011862 -0.998602 -0.051515
v 0.045285 -0.016297 0.170234
vt 0.275391 0.186523
vn 0.027595 -0.986441 -0.161781
v 0.235210 -0.028351 0.197012
vt 0.213257 0.841553
vn 0.003937 -0.999921 -0.011919
v 0.276059 0.030115 0.195609
vt 0.416748 0.974884
vn 0.007935 -0.999843 -0.015854
v 0.191161 -0.022315 0.195574
vt 0.234863 0.690430
vn -0.003937 -0.999921 -0.011951
v 0.205093 0.018910 0.196021
vt 0.374023 0.739502
vn 0.000000 -0.999969 -0.007920
v 0.155489 0.013865 0.188057
vt 0.369629 0.569580
vn 0.049443 -0.502112 -0.863388
v 0.093286 0.004808 0.175311
vt 0.358398 0.352539
vn 0.064024 -0.474711 -0.877810
v 0.155530 0.013902 0.187391
vt 0.371826 0.569336
vn 0.087685 -0.065799 -0.993973
v 0.093454 0.004881 0.174011
vt 0.362549 0.352539
vn 0.094984 -0.058468 -0.993760
v 0.071150 0.003423 0.167430
vt 0.364990 0.273926
vn 0.063473 -0.037366 -0.997284
v 0.070906 0.003302 0.169765
vt 0.357666 0.274414
vn 0.045824 -0.489042 -0.871056
v 0.065862 0.005138 0.166340
vt 0.368896 0.257812
vn -0.059926 -0.217321 -0.974259
v 0.065421 0.005303 0.168541
vt 0.362549 0.254395
vn 0.038561 -0.679047 -0.733081
v 0.205994 0.021378 0.192567
vt 0.388184 0.741455
vn -0.023098 -0.999704 0.007657
v 0.206905 0.023459 0.192769
vt 0.395020 0.744629
vn -0.011899 -0.999732 -0.019847
v 0.276059 0.030115 0.195609
vt 0.416748 0.974884
vn -0.086043 -0.993796 -0.070474
v 0.275197 0.034522 0.195609
vt 0.428955 0.974472
vn -0.079429 -0.993001 -0.087411
v 0.071397 0.004390 0.167553
vt 0.368164 0.274902
vn -0.015858 -0.999590 -0.023835
v 0.071150 0.003423 0.167430
vt 0.364990 0.273926
vn -0.011903 -0.999858 -0.011918
v 0.066768 0.006320 0.166353
vt 0.373291 0.259766
vn 0.116152 -0.985439 -0.124176
v 0.065862 0.005138 0.166340
vt 0.368896 0.257812
vn 0.124747 -0.982137 -0.140874
v 0.062156 -0.022182 0.178020
vt 0.255615 0.247559
vn -0.003947 -0.997724 -0.067319
v 0.068819 -0.002823 0.178892
vt 0.321289 0.271973
vn -0.003957 -0.998662 -0.051555
v 0.087553 -0.016889 0.184337
vt 0.269287 0.335449
vn -0.019785 -0.998475 -0.051535
v 0.092865 -0.000715 0.184967
vt 0.322754 0.356445
vn -0.023770 -0.998586 -0.047557
v 0.093454 0.004881 0.174011
vt 0.362549 0.352539
vn -0.092164 -0.995572 -0.018483
v 0.093735 0.006741 0.174391
vt 0.368652 0.354004
vn -0.047433 -0.996334 -0.071201
v 0.076172 0.004691 0.168895
vt 0.367676 0.291992
vn -0.035512 -0.994487 -0.098667
v 0.064277 0.009111 0.165965
vt 0.377930 0.248047
vn -0.038290 -0.559554 -0.827909
v 0.063828 0.009026 0.168391
vt 0.371826 0.244141
vn -0.027116 -0.527328 -0.849229
v 0.065677 0.008892 0.165994
vt 0.379395 0.252441
vn 0.176538 -0.971119 -0.160509
v 0.064277 0.009111 0.165965
vt 0.377930 0.248047
vn 0.185606 -0.952332 -0.242105
v 0.205994 0.021378 0.192567
vt 0.388184 0.741455
vn 0.034676 -0.570268 -0.820726
v 0.276059 0.030115 0.195609
vt 0.416748 0.974884
vn 0.034742 -0.579103 -0.814514
v 0.205093 0.018910 0.196021
vt 0.374023 0.739502
vn 0.034814 -0.565070 -0.824308
v 0.153973 0.010329 0.193226
vt 0.349121 0.566650
vn 0.045658 -0.532861 -0.844970
v 0.092865 -0.000715 0.184967
vt 0.322754 0.356445
vn 0.056724 -0.521994 -0.851061
v 0.068819 -0.002823 0.178892
vt 0.321289 0.271973
vn 0.060335 -0.543234 -0.837411
v 0.058951 0.000237 0.175280
vt 0.332275 0.235840
vn 0.086858 -0.694958 -0.713785
v 0.050535 0.005234 0.171600
vt 0.348389 0.204102
vn 0.131251 -0.880424 -0.455661
v 0.063828 0.009026 0.168391
vt 0.371826 0.244141
vn 0.147415 -0.892279 -0.426739
v 0.153973 0.010329 0.193226
vt 0.349121 0.566650
vn -0.019811 -0.999418 -0.027783
v 0.144220 -0.017199 0.192533
vt 0.257324 0.529297
vn -0.015858 -0.999590 -0.023835
v 0.155561 0.015857 0.187557
vt 0.378418 0.570068
vn -0.035583 -0.996536 -0.075171
v 0.155530 0.013902 0.187391
vt 0.371826 0.569336
vn -0.076960 -0.997027 -0.003700
v 0.029491 -0.010640 0.160058
vt 0.021851 0.299316
vn -0.840242 -0.009002 -0.542136
v 0.031072 0.003288 0.159794
vt 0.016937 0.342773
vn -0.548444 0.000000 -0.836187
v 0.031110 -0.011220 0.160570
vt 0.016617 0.297363
vn -0.840242 -0.009002 -0.542136
v 0.032777 0.003464 0.160289
vt 0.011436 0.343262
vn -0.548444 0.000000 -0.836187
v -0.000014 0.000001 0.159967
vt 0.726074 0.102051
vn -0.707074 0.000000 -0.707139
v 0.031072 0.003288 0.159794
vt 0.629395 0.112305
vn -0.707074 0.000000 -0.707139
v 0.029491 -0.010640 0.160058
vt 0.634277 0.068848
vn -0.707074 0.000000 -0.707139
v 0.031110 -0.011220 0.160570
vt 0.291992 0.129883
vn 0.043192 -0.981864 -0.184600
v 0.032777 0.003464 0.160289
vt 0.342041 0.133789
vn -0.007724 -0.999784 0.019287
v 0.262314 0.090626 0.195609
vt 0.567871 0.975357
vn -0.238421 -0.945445 -0.222010
v 0.230469 0.084451 0.186060
vt 0.594238 0.869873
vn -0.226108 -0.952941 -0.201938
v 0.251159 0.118286 0.195609
vt 0.670410 0.982361
vn -0.237354 -0.949500 -0.205215
v 0.227060 0.107003 0.189564
vt 0.669922 0.890442
vn -0.223359 -0.957301 -0.183537
v 0.263182 0.088041 0.195609
vt 0.669922 0.734619
vn -0.059283 -0.996474 -0.059368
v 0.271157 0.059465 0.195609
vt 0.565430 0.749268
vn -0.075490 -0.993642 -0.083528
v 0.231291 0.076300 0.194174
vt 0.643555 0.625977
vn -0.071553 -0.994258 -0.079575
v 0.275197 0.034522 0.195609
vt 0.473389 0.747559
vn -0.087921 -0.991490 -0.096010
v 0.206905 0.023459 0.192769
vt 0.475830 0.516357
vn -0.075386 -0.992202 -0.099263
v 0.185493 0.061890 0.189027
vt 0.619629 0.463867
vn -0.075335 -0.991391 -0.107092
v 0.155561 0.015857 0.187557
vt 0.477783 0.339844
vn -0.071297 -0.990347 -0.118871
v 0.136483 0.045693 0.182399
vt 0.591309 0.289551
vn -0.071235 -0.989386 -0.126653
v 0.263182 0.088041 0.195609
vt 0.669922 0.734619
vn 0.015644 -0.602437 -0.798013
v 0.231291 0.076300 0.194174
vt 0.643555 0.625977
vn 0.000000 -0.682907 -0.730506
v 0.231072 0.081602 0.186484
vt 0.673828 0.623779
vn 0.038378 -0.437675 -0.898314
v 0.184138 0.067888 0.183906
vt 0.645508 0.459961
vn 0.049360 -0.432973 -0.900054
v 0.185493 0.061890 0.189027
vt 0.619629 0.463867
vn -0.007871 -0.763659 -0.645572
v 0.071397 0.004390 0.167553
vt 0.488525 0.043457
vn -0.140102 -0.968851 -0.204202
v 0.066768 0.006320 0.166353
vt 0.499023 0.030273
vn -0.079337 -0.984123 -0.158767
v 0.065677 0.008892 0.165994
vt 0.507324 0.027832
vn -0.063220 -0.987808 -0.142263
v 0.048864 0.013279 0.171728
vt 0.874023 0.175781
vn -0.361554 -0.706684 -0.608174
v 0.040971 0.025255 0.170234
vt 0.922363 0.187012
vn -0.403959 -0.729687 -0.551701
v 0.056091 0.034776 0.178020
vt 0.904785 0.249023
vn -0.433484 -0.757406 -0.488291
v 0.221364 0.084026 0.169262
vt 0.603027 0.811035
vn -0.166880 -0.968800 -0.183242
v 0.213990 0.100927 0.169378
vt 0.666992 0.809814
vn -0.214753 -0.956272 -0.198556
v 0.230469 0.084451 0.186060
vt 0.594238 0.869873
vn -0.170166 -0.964357 -0.202628
v 0.227060 0.107003 0.189564
vt 0.669922 0.890442
vn -0.179395 -0.962399 -0.203975
v 0.206676 0.168987 0.196657
vt 0.889648 0.932800
vn -0.319844 -0.910377 -0.262513
v 0.218506 0.171254 0.195609
vt 0.875000 0.969543
vn -0.295665 -0.916131 -0.270713
v 0.221180 0.130345 0.193517
vt 0.750977 0.907532
vn -0.255978 -0.944030 -0.208044
v 0.236314 0.145689 0.195609
vt 0.772949 0.977478
vn -0.262989 -0.938762 -0.222628
v 0.207736 0.111913 0.169396
vt 0.710449 0.806274
vn -0.309813 -0.936835 -0.162346
v 0.205667 0.147893 0.191975
vt 0.829590 0.889099
vn -0.325439 -0.922120 -0.209245
v 0.221180 0.130345 0.193517
vt 0.750977 0.907532
vn -0.274310 -0.938256 -0.210782
v 0.197955 0.194679 0.195609
vt 0.977539 0.958282
vn -0.336206 -0.902060 -0.270655
v 0.136483 0.045693 0.182399
vt 0.591309 0.289551
vn -0.011752 -0.816570 -0.577127
v 0.134249 0.052815 0.176224
vt 0.622559 0.282227
vn 0.041987 -0.557738 -0.828955
v 0.091865 0.029707 0.174017
vt 0.562500 0.129395
vn -0.003932 -0.842187 -0.539171
v 0.083797 0.034963 0.167087
vt 0.589355 0.100586
vn 0.000000 -0.838090 -0.545531
v 0.091865 0.029707 0.174017
vt 0.562500 0.129395
vn -0.071297 -0.990347 -0.118871
v 0.093735 0.006741 0.174391
vt 0.481445 0.124023
vn -0.071349 -0.991250 -0.111052
v 0.150227 0.115600 0.187572
vt 0.869629 0.668701
vn -0.448548 -0.890577 -0.075348
v 0.178238 0.137347 0.189801
vt 0.859863 0.789917
vn -0.428778 -0.897798 -0.100542
v 0.162545 0.099170 0.169960
vt 0.781738 0.655762
vn -0.454663 -0.890577 0.012409
v 0.190867 0.116075 0.169602
vt 0.756836 0.766479
vn -0.450931 -0.892554 0.003020
v 0.066286 0.015080 0.168637
vt 0.830566 0.218262
vn -0.495412 -0.859143 -0.128220
v 0.055806 0.011177 0.170562
vt 0.851074 0.185547
vn -0.489811 -0.843987 -0.218565
v 0.073193 0.026455 0.169801
vt 0.836914 0.263672
vn -0.487718 -0.869984 -0.072520
v 0.064886 0.030323 0.175003
vt 0.871094 0.256348
vn -0.486836 -0.860820 -0.148256
v 0.083797 0.034963 0.167087
vt 0.589355 0.100586
vn -0.023493 -0.814538 -0.579634
v 0.133900 0.054737 0.166696
vt 0.652344 0.274414
vn 0.091319 -0.233821 -0.967982
v 0.184473 0.070801 0.166382
vt 0.700684 0.450195
vn 0.077382 -0.199098 -0.976920
v 0.050535 0.005234 0.171600
vt 0.852051 0.158691
vn -0.486370 -0.705771 -0.515104
v 0.048864 0.013279 0.171728
vt 0.874023 0.175781
vn -0.482757 -0.842904 -0.237610
v 0.056091 0.034776 0.178020
vt 0.904785 0.249023
vn -0.482080 -0.852929 -0.200277
v 0.199382 0.117947 0.169502
vt 0.743164 0.793335
vn -0.423237 -0.904176 -0.057766
v 0.194659 0.146822 0.191176
vt 0.848633 0.855225
vn -0.381526 -0.908430 -0.170857
v 0.183769 0.180687 0.197402
vt 0.966309 0.894592
vn -0.354677 -0.900646 -0.251079
v 0.076172 0.004691 0.168895
vt 0.484619 0.061035
vn -0.075358 -0.983799 -0.162668
v 0.074297 0.023673 0.166952
vt 0.553711 0.063477
vn -0.067103 -0.986987 -0.146129
v 0.068044 0.013717 0.166297
vt 0.523438 0.037109
vn -0.055279 -0.987130 -0.150062
v 0.074297 0.023673 0.166952
vt 0.553711 0.063477
vn -0.023518 -0.901861 -0.431387
v 0.168812 0.166230 0.197012
vt 0.958008 0.827881
vn -0.385599 -0.903441 -0.187370
v 0.136629 0.135554 0.195574
vt 0.953613 0.682861
vn -0.425917 -0.888008 -0.173312
v 0.063828 0.009026 0.168391
vt 0.824707 0.196777
vn -0.513907 -0.713751 -0.475877
v 0.073610 0.026007 0.167039
vt 0.827637 0.263672
vn -0.174019 -0.841010 0.512269
v 0.073193 0.026455 0.169801
vt 0.836914 0.263672
vn -0.184553 -0.840195 0.509915
v 0.082143 0.036558 0.167417
vt 0.828125 0.309570
vn -0.249446 -0.833049 0.493768
v 0.081706 0.036792 0.170143
vt 0.836914 0.310059
vn -0.249446 -0.833049 0.493768
v 0.066286 0.015080 0.168637
vt 0.830566 0.218262
vn -0.112527 -0.843696 0.524895
v 0.066559 0.015002 0.166320
vt 0.823242 0.219727
vn -0.102569 -0.843817 0.526737
v 0.063828 0.009026 0.168391
vt 0.824707 0.196777
vn -0.073271 -0.847042 0.526451
v 0.064277 0.009111 0.165965
vt 0.817383 0.199219
vn -0.072138 -0.852069 0.518435
v 0.207044 0.111325 0.165694
vt 0.707520 0.794434
vn -0.370809 -0.914456 -0.162083
v 0.207736 0.111913 0.169396
vt 0.710449 0.806274
vn -0.370809 -0.914456 -0.162083
v 0.213299 0.100576 0.165660
vt 0.666016 0.797729
vn -0.276325 -0.941939 -0.190774
v 0.213990 0.100927 0.169378
vt 0.666992 0.809814
vn -0.276325 -0.941939 -0.190774
v 0.199105 0.116513 0.165799
vt 0.734863 0.784058
vn -0.527674 -0.849447 -0.000063
v 0.199382 0.117947 0.169502
vt 0.743164 0.793335
vn -0.536386 -0.843871 -0.013118
v 0.162931 0.098563 0.166340
vt 0.770020 0.653564
vn -0.331333 -0.842951 0.423853
v 0.162545 0.099170 0.169960
vt 0.781738 0.655762
vn -0.331333 -0.842951 0.423853
v 0.191207 0.115214 0.165929
vt 0.745605 0.762817
vn -0.414530 -0.847467 0.331609
v 0.190867 0.116075 0.169602
vt 0.756836 0.766479
vn -0.440641 -0.839970 0.316680
v 0.123273 0.071901 0.167105
vt 0.803711 0.493164
vn -0.288492 -0.835605 0.467479
v 0.122939 0.072362 0.170232
vt 0.813477 0.494629
vn -0.290888 -0.832559 0.471413
v 0.075626 0.046014 0.178476
vt 0.881348 0.321289
vn -0.477326 -0.875113 -0.079605
v 0.081706 0.036792 0.170143
vt 0.836914 0.310059
vn -0.476873 -0.878967 -0.003173
v 0.067788 0.057933 0.184337
vt 0.931641 0.333496
vn -0.463991 -0.871369 -0.159461
v 0.074297 0.023673 0.166952
vt 0.820801 0.258789
vn -0.477790 -0.787480 -0.389347
v 0.073610 0.026007 0.167039
vt 0.827637 0.263672
vn -0.477790 -0.787480 -0.389347
v 0.083797 0.034963 0.167087
vt 0.820312 0.309082
vn -0.477790 -0.787480 -0.389347
v 0.082143 0.036558 0.167417
vt 0.828125 0.309570
vn -0.477790 -0.787480 -0.389347
v 0.068044 0.013717 0.166297
vt 0.816406 0.219238
vn -0.472262 -0.744188 -0.472391
v 0.066559 0.015002 0.166320
vt 0.823242 0.219727
vn -0.472262 -0.744188 -0.472391
v 0.074297 0.023673 0.166952
vt 0.820801 0.258789
vn -0.466275 -0.751766 -0.466300
v 0.073610 0.026007 0.167039
vt 0.827637 0.263672
vn -0.466275 -0.751766 -0.466300
v 0.065677 0.008892 0.165994
vt 0.812988 0.201660
vn -0.487622 -0.724172 -0.487648
v 0.064277 0.009111 0.165965
vt 0.817383 0.199219
vn -0.484181 -0.728706 -0.484310
v 0.114271 0.085148 0.184345
vt 0.880859 0.508545
vn -0.464270 -0.882766 -0.071951
v 0.122939 0.072362 0.170232
vt 0.813477 0.494629
vn -0.462113 -0.886734 0.012442
v 0.103362 0.102044 0.192533
vt 0.951660 0.524902
vn -0.455352 -0.875137 -0.163678
v 0.026701 0.016435 0.160058
vt 0.030518 0.383789
vn -0.566254 -0.009183 -0.824180
v 0.028164 0.017338 0.160570
vt 0.025787 0.386719
vn -0.566254 -0.009183 -0.824180
v 0.026701 0.016435 0.160058
vt 0.643066 0.153320
vn -0.707074 0.000000 -0.707139
v 0.028164 0.017338 0.160570
vt 0.940918 0.130859
vn -0.397917 -0.718043 -0.571031
v 0.032777 0.003464 0.160289
vt 0.898438 0.105469
vn -0.322727 -0.684787 -0.653386
v 0.050535 0.005234 0.171600
vt 0.852051 0.158691
vn -0.333284 -0.674553 -0.658710
v 0.221759 0.081619 0.166007
vt 0.730957 0.579834
vn 0.074225 -0.185601 -0.979818
v 0.221364 0.084026 0.169262
vt 0.603027 0.811035
vn -0.209741 -0.959986 -0.185566
v 0.220522 0.083924 0.165667
vt 0.603027 0.799438
vn -0.209741 -0.959986 -0.185566
v 0.213990 0.100927 0.169378
vt 0.666992 0.809814
vn -0.209741 -0.959986 -0.185566
v 0.213299 0.100576 0.165660
vt 0.666016 0.797729
vn -0.209741 -0.959986 -0.185566
v 0.232520 0.084308 0.184632
vt 0.586914 0.871826
vn -0.651877 -0.757984 0.022712
v 0.230469 0.084451 0.186060
vt 0.594238 0.869873
vn -0.648487 -0.760435 0.034694
v 0.262314 0.090626 0.195609
vt 0.567871 0.975357
vn -0.630794 -0.775516 0.025942
v 0.222897 0.083794 0.165637
vt 0.594238 0.802368
vn -0.779343 -0.556660 -0.287670
v 0.221364 0.084026 0.169262
vt 0.603027 0.811035
vn -0.775212 -0.572192 -0.267662
v 0.233121 0.082244 0.184963
vt 0.680176 0.629883
vn 0.066902 -0.133841 -0.988742
v 0.263182 0.088041 0.195609
vt 0.669922 0.734619
vn 0.063412 -0.134357 -0.988902
v 0.231072 0.081602 0.186484
vt 0.673828 0.623779
vn 0.070331 -0.133311 -0.988576
v 0.222942 0.081909 0.165635
vt 0.732910 0.583496
vn 0.077679 -0.133221 -0.988038
v 0.221759 0.081619 0.166007
vt 0.730957 0.579834
vn 0.077679 -0.133221 -0.988038
v 0.233121 0.082244 0.184963
vt 0.579102 0.871948
vn -0.142909 -0.960641 -0.238215
v 0.232520 0.084308 0.184632
vt 0.586914 0.871826
vn -0.139672 -0.957738 -0.251455
v 0.263182 0.088041 0.195609
vt 0.557617 0.976089
vn -0.111892 -0.983240 -0.143939
v 0.262314 0.090626 0.195609
vt 0.567871 0.975357
vn -0.111892 -0.983240 -0.143939
v 0.222897 0.083794 0.165637
vt 0.594238 0.802368
vn -0.783309 -0.537952 -0.311505
v 0.220522 0.083924 0.165667
vt 0.603027 0.799438
vn -0.779341 -0.544591 -0.309916
v 0.221364 0.084026 0.169262
vt 0.603027 0.811035
vn -0.783309 -0.537952 -0.311505
v 0.222897 0.083794 0.165637
vt 0.594238 0.802368
vn -0.075115 -0.988595 -0.130531
v 0.222942 0.081909 0.165635
vt 0.587891 0.801758
vn -0.071297 -0.990347 -0.118871
v 0.171218 -0.218567 0.195609
vt 0.302979 0.983429
vn 0.479676 -0.721953 -0.498694
v 0.145730 -0.236325 0.195609
vt 0.198486 0.978149
vn 0.478258 -0.736556 -0.478283
v 0.135246 -0.219382 0.197402
vt 0.205078 0.912292
vn 0.479676 -0.721953 -0.498694
v 0.035594 -0.036257 0.171600
vt 0.348389 0.204102
vn 0.467801 -0.781225 -0.413340
v 0.036935 -0.045953 0.175280
vt 0.332275 0.235840
vn 0.472833 -0.711641 -0.519612
v 0.015487 -0.045577 0.170234
vt 0.275391 0.186523
vn 0.460094 -0.643263 -0.611985
v 0.124479 -0.201582 0.197012
vt 0.213257 0.841553
vn 0.476062 -0.733179 -0.485605
v 0.195659 -0.197067 0.195609
vt 0.416748 0.974884
vn 0.476062 -0.733179 -0.485605
v 0.101735 -0.163380 0.195574
vt 0.234863 0.690430
vn 0.460886 -0.752555 -0.470366
v 0.142652 -0.148569 0.196021
vt 0.374023 0.739502
vn 0.464195 -0.748425 -0.473690
v 0.107780 -0.112932 0.188057
vt 0.369629 0.569580
vn 0.209130 -0.209172 -0.955255
v 0.061916 -0.069947 0.175311
vt 0.358398 0.352539
vn 0.208915 -0.181084 -0.961022
v 0.107834 -0.112941 0.187391
vt 0.371826 0.569336
vn 0.997079 -0.075143 0.013670
v 0.062078 -0.070033 0.174011
vt 0.362549 0.352539
vn 0.996626 -0.078534 0.023864
v 0.047031 -0.053504 0.167430
vt 0.364990 0.273926
vn 0.998409 -0.053491 0.017841
v 0.046785 -0.053389 0.169765
vt 0.357666 0.274414
vn 0.202487 -0.209504 -0.956612
v 0.045075 -0.048301 0.166340
vt 0.368896 0.257812
vn 0.045560 -0.227989 -0.972597
v 0.044929 -0.047853 0.168541
vt 0.362549 0.254395
vn 0.266616 -0.327100 -0.906599
v 0.145143 -0.147735 0.192567
vt 0.388184 0.741455
vn 0.460675 -0.784546 -0.415049
v 0.147339 -0.147150 0.192769
vt 0.395020 0.744629
vn 0.448947 -0.767033 -0.458375
v 0.195659 -0.197067 0.195609
vt 0.416748 0.974884
vn 0.384024 -0.847535 -0.366347
v 0.198567 -0.193644 0.195609
vt 0.428955 0.974472
vn 0.379569 -0.839606 -0.388573
v 0.047942 -0.053094 0.167553
vt 0.368164 0.274902
vn 0.448947 -0.767033 -0.458375
v 0.047031 -0.053504 0.167430
vt 0.364990 0.273926
vn 0.456930 -0.763187 -0.456904
v 0.046564 -0.048273 0.166353
vt 0.373291 0.259766
vn 0.588741 -0.542742 -0.599012
v 0.045075 -0.048301 0.166340
vt 0.368896 0.257812
vn 0.591573 -0.524741 -0.612118
v 0.021405 -0.062437 0.178020
vt 0.255615 0.247559
vn 0.449299 -0.724481 -0.522741
v 0.040695 -0.055577 0.178892
vt 0.321289 0.271973
vn 0.450577 -0.735661 -0.505750
v 0.041378 -0.078993 0.184337
vt 0.269287 0.335449
vn 0.437266 -0.764179 -0.474161
v 0.057335 -0.073061 0.184967
vt 0.322754 0.356445
vn 0.439211 -0.767483 -0.466972
v 0.062078 -0.070033 0.174011
vt 0.362549 0.352539
vn 0.415257 -0.847533 -0.330528
v 0.063707 -0.069093 0.174391
vt 0.368652 0.354004
vn 0.412457 -0.797823 -0.439724
v 0.051154 -0.056640 0.168895
vt 0.367676 0.291992
vn 0.412583 -0.771447 -0.484401
v 0.047193 -0.044584 0.165965
vt 0.377930 0.248047
vn 0.177557 -0.376504 -0.909241
v 0.046847 -0.044286 0.168391
vt 0.371826 0.244141
vn 0.170641 -0.341326 -0.924326
v 0.047895 -0.045815 0.165994
vt 0.379395 0.252441
vn 0.641152 -0.452027 -0.620158
v 0.047193 -0.044584 0.165965
vt 0.377930 0.248047
vn 0.617903 -0.377922 -0.689471
v 0.145143 -0.147735 0.192567
vt 0.388184 0.741455
vn 0.223864 -0.265901 -0.937647
v 0.195659 -0.197067 0.195609
vt 0.416748 0.974884
vn 0.224915 -0.274196 -0.935003
v 0.142652 -0.148569 0.196021
vt 0.374023 0.739502
vn 0.221283 -0.266985 -0.937951
v 0.104070 -0.113952 0.193226
vt 0.349121 0.566650
vn 0.216226 -0.230235 -0.948809
v 0.057335 -0.073061 0.184967
vt 0.322754 0.356445
vn 0.222087 -0.215181 -0.950986
v 0.040695 -0.055577 0.178892
vt 0.321289 0.271973
vn 0.229837 -0.222915 -0.947356
v 0.036935 -0.045953 0.175280
vt 0.332275 0.235840
vn 0.309953 -0.281126 -0.908239
v 0.035594 -0.036257 0.171600
vt 0.348389 0.204102
vn 0.460523 -0.365136 -0.809070
v 0.046847 -0.044286 0.168391
vt 0.371826 0.244141
vn 0.487613 -0.359331 -0.795685
v 0.104070 -0.113952 0.193226
vt 0.349121 0.566650
vn 0.442972 -0.774068 -0.452321
v 0.076467 -0.123490 0.192533
vt 0.257324 0.529297
vn 0.448947 -0.767033 -0.458375
v 0.109382 -0.111747 0.187557
vt 0.378418 0.570068
vn 0.417924 -0.781400 -0.463416
v 0.107834 -0.112941 0.187391
vt 0.371826 0.569336
vn 0.432995 -0.831797 -0.347316
v 0.010063 -0.029702 0.160058
vt 0.082458 0.239746
vn -0.766466 -0.010350 -0.642201
v 0.021938 -0.022254 0.159794
vt 0.045441 0.263184
vn -0.815587 -0.009467 -0.578557
v 0.010618 -0.031329 0.160570
vt 0.080627 0.234375
vn -0.766466 -0.010350 -0.642201
v 0.023138 -0.023477 0.160289
vt 0.041565 0.259277
vn -0.815587 -0.009467 -0.578557
v 0.021938 -0.022254 0.159794
vt 0.657715 0.032715
vn -0.707074 0.000000 -0.707139
v 0.010063 -0.029702 0.160058
vt 0.694824 0.009766
vn -0.707074 0.000000 -0.707139
v 0.010618 -0.031329 0.160570
vt 0.291992 0.129883
vn 0.467578 -0.620537 -0.629527
v 0.023138 -0.023477 0.160289
vt 0.342041 0.133789
vn 0.467801 -0.781225 -0.413340
v 0.234398 -0.148592 0.195609
vt 0.567871 0.975357
vn 0.223797 -0.952278 -0.207561
v 0.209716 -0.127544 0.186060
vt 0.594238 0.869873
vn 0.240630 -0.946251 -0.216118
v 0.249069 -0.122624 0.195609
vt 0.670410 0.982361
vn 0.237346 -0.949512 -0.205166
v 0.225223 -0.110819 0.189564
vt 0.669922 0.890442
vn 0.253959 -0.943326 -0.213635
v 0.232919 -0.150882 0.195609
vt 0.669922 0.734619
vn 0.405196 -0.819544 -0.405171
v 0.215549 -0.174934 0.195609
vt 0.565430 0.749268
vn 0.382418 -0.836955 -0.391488
v 0.203855 -0.133270 0.194174
vt 0.643555 0.625977
vn 0.388493 -0.831280 -0.397550
v 0.198567 -0.193644 0.195609
vt 0.473389 0.747559
vn 0.370346 -0.847906 -0.379342
v 0.147339 -0.147150 0.192769
vt 0.475830 0.516357
vn 0.379738 -0.830991 -0.406513
v 0.164035 -0.106448 0.189027
vt 0.619629 0.463867
vn 0.381430 -0.825035 -0.416927
v 0.109382 -0.111747 0.187557
vt 0.477783 0.339844
vn 0.381320 -0.815926 -0.434581
v 0.120814 -0.078229 0.182399
vt 0.591309 0.289551
vn 0.379860 -0.812788 -0.441681
v 0.232919 -0.150882 0.195609
vt 0.669922 0.734619
vn 0.221020 -0.315807 -0.922722
v 0.203855 -0.133270 0.194174
vt 0.643555 0.625977
vn 0.241355 -0.376292 -0.894512
v 0.207864 -0.129793 0.186484
vt 0.673828 0.623779
vn 0.179008 -0.189592 -0.965407
v 0.167879 -0.101649 0.183906
vt 0.645508 0.459961
vn 0.182254 -0.175299 -0.967499
v 0.164035 -0.106448 0.189027
vt 0.619629 0.463867
vn 0.267463 -0.448230 -0.852967
v 0.047942 -0.053094 0.167553
vt 0.488525 0.043457
vn 0.305994 -0.875497 -0.373996
v 0.046564 -0.048273 0.166353
vt 0.499023 0.030273
vn 0.364109 -0.814968 -0.450834
v 0.047895 -0.045815 0.165994
vt 0.507324 0.027832
vn 0.380956 -0.797037 -0.468619
v 0.040842 -0.029935 0.171728
vt 0.874023 0.175781
vn 0.047085 -0.958045 -0.282725
v 0.045285 -0.016297 0.170234
vt 0.922363 0.187012
vn 0.031512 -0.985691 -0.165593
v 0.062156 -0.022182 0.178020
vt 0.904785 0.249023
vn 0.023730 -0.997179 -0.071208
v 0.203706 -0.120691 0.169262
vt 0.603027 0.811035
vn 0.284794 -0.909823 -0.301851
v 0.212322 -0.104388 0.169378
vt 0.666992 0.809814
vn 0.247593 -0.940897 -0.231108
v 0.209716 -0.127544 0.186060
vt 0.594238 0.869873
vn 0.277649 -0.908827 -0.311361
v 0.225223 -0.110819 0.189564
vt 0.669922 0.890442
vn 0.269166 -0.916979 -0.294447
v 0.260973 -0.056235 0.196657
vt 0.889648 0.932800
vn 0.168232 -0.979045 -0.114755
v 0.270122 -0.064071 0.195609
vt 0.875000 0.969543
vn 0.174039 -0.973195 -0.150339
v 0.239805 -0.091668 0.193517
vt 0.750977 0.907532
vn 0.225574 -0.957808 -0.178104
v 0.261238 -0.093933 0.195609
vt 0.772949 0.977478
vn 0.214422 -0.960986 -0.174723
v 0.217012 -0.092649 0.169396
vt 0.710449 0.806274
vn 0.223320 -0.971329 -0.081535
v 0.243853 -0.068598 0.191975
vt 0.829590 0.889099
vn 0.193296 -0.977548 -0.083878
v 0.239805 -0.091668 0.193517
vt 0.750977 0.907532
vn 0.215950 -0.964139 -0.154276
v 0.275623 -0.033398 0.195609
vt 0.977539 0.958282
vn 0.155065 -0.983370 -0.094540
v 0.120814 -0.078229 0.182399
vt 0.591309 0.289551
vn 0.289496 -0.498413 -0.817176
v 0.124989 -0.072041 0.176224
vt 0.622559 0.282227
vn 0.223237 -0.251158 -0.941852
v 0.080496 -0.053312 0.174017
vt 0.562500 0.129395
vn 0.305163 -0.498730 -0.811261
v 0.079576 -0.043727 0.167087
vt 0.589355 0.100586
vn 0.304438 -0.490121 -0.816761
v 0.080496 -0.053312 0.174017
vt 0.562500 0.129395
vn 0.381320 -0.815926 -0.434581
v 0.063707 -0.069093 0.174391
vt 0.481445 0.124023
vn 0.382787 -0.819072 -0.427311
v 0.184038 -0.045388 0.187572
vt 0.869629 0.668701
vn 0.074183 -0.985093 0.155204
v 0.218506 -0.053729 0.189801
vt 0.859863 0.789917
vn 0.113457 -0.987788 0.106784
v 0.178874 -0.065262 0.169960
vt 0.781738 0.655762
vn 0.054838 -0.970083 0.236501
v 0.209749 -0.076865 0.169602
vt 0.756836 0.766479
vn 0.067628 -0.973952 0.216436
v 0.053113 -0.042433 0.168637
vt 0.830566 0.218262
vn -0.000018 -0.982920 0.184034
v 0.043527 -0.036673 0.170562
vt 0.851074 0.185547
vn 0.007082 -0.992198 0.124473
v 0.066312 -0.040741 0.169801
vt 0.836914 0.263672
vn -0.000018 -0.975781 0.218750
v 0.064158 -0.031835 0.175003
vt 0.871094 0.256348
vn 0.006940 -0.986460 0.163854
v 0.126275 -0.070571 0.166696
vt 0.652344 0.274414
vn 0.144369 0.000000 -0.989524
v 0.170365 -0.100094 0.166382
vt 0.700684 0.450195
vn 0.121367 0.000000 -0.992608
v 0.035594 -0.036257 0.171600
vt 0.852051 0.158691
vn -0.019808 -0.998852 -0.043619
v 0.040842 -0.029935 0.171728
vt 0.874023 0.175781
vn 0.014283 -0.994127 0.107269
v 0.062156 -0.022182 0.178020
vt 0.904785 0.249023
vn 0.021181 -0.992110 0.123565
v 0.216521 -0.082356 0.169502
vt 0.743164 0.793335
vn 0.125459 -0.984129 0.125497
v 0.236152 -0.060660 0.191176
vt 0.848633 0.855225
vn 0.179455 -0.983744 0.006658
v 0.255839 -0.031031 0.197402
vt 0.966309 0.894592
vn 0.156947 -0.985654 -0.062077
v 0.051154 -0.056640 0.168895
vt 0.484619 0.061035
vn 0.368259 -0.805892 -0.463598
v 0.064825 -0.043339 0.166952
vt 0.553711 0.063477
vn 0.375336 -0.803162 -0.462659
v 0.053143 -0.044658 0.166297
vt 0.523438 0.037109
vn 0.385983 -0.780822 -0.491258
v 0.064825 -0.043339 0.166952
vt 0.553711 0.063477
vn 0.331695 -0.594045 -0.732863
v 0.235210 -0.028351 0.197012
vt 0.958008 0.827881
vn 0.173564 -0.984817 0.003350
v 0.191161 -0.022315 0.195574
vt 0.953613 0.682861
vn 0.109059 -0.991923 0.064767
v 0.046847 -0.044286 0.168391
vt 0.824707 0.196777
vn -0.049920 -0.998568 -0.019241
v 0.066222 -0.041347 0.167039
vt 0.827637 0.263672
vn 0.009404 -0.814987 0.579404
v 0.066312 -0.040741 0.169801
vt 0.836914 0.263672
vn -0.000021 -0.814403 0.580300
v 0.079792 -0.041440 0.167417
vt 0.828125 0.309570
vn -0.073968 -0.841015 0.535932
v 0.079702 -0.040952 0.170143
vt 0.836914 0.310059
vn -0.073968 -0.841015 0.535932
v 0.053113 -0.042433 0.168637
vt 0.830566 0.218262
vn 0.084258 -0.838327 0.538617
v 0.053222 -0.042695 0.166320
vt 0.823242 0.219727
vn 0.102522 -0.843801 0.526772
v 0.046847 -0.044286 0.168391
vt 0.824707 0.196777
vn 0.146870 -0.858540 0.491263
v 0.047193 -0.044584 0.165965
vt 0.817383 0.199219
vn 0.164236 -0.862304 0.479017
v 0.216121 -0.092475 0.165694
vt 0.707520 0.794434
vn 0.195457 -0.980707 -0.003330
v 0.217012 -0.092649 0.169396
vt 0.710449 0.806274
vn 0.195457 -0.980707 -0.003330
v 0.211617 -0.104067 0.165660
vt 0.666016 0.797729
vn 0.223988 -0.964411 -0.140505
v 0.212322 -0.104388 0.169378
vt 0.666992 0.809814
vn 0.223988 -0.964411 -0.140505
v 0.215227 -0.083033 0.165799
vt 0.734863 0.784058
vn -0.081278 -0.968132 0.236886
v 0.216521 -0.082356 0.169502
vt 0.743164 0.793335
vn -0.094370 -0.970390 0.222344
v 0.178639 -0.065943 0.166340
vt 0.770020 0.653564
vn -0.113680 -0.874222 0.472030
v 0.178874 -0.065262 0.169960
vt 0.781738 0.655762
vn -0.122086 -0.876145 0.466331
v 0.209288 -0.077668 0.165929
vt 0.745605 0.762817
vn -0.155889 -0.902337 0.401853
v 0.209749 -0.076865 0.169602
vt 0.756836 0.766479
vn -0.177325 -0.906679 0.382739
v 0.133068 -0.051561 0.167105
vt 0.803711 0.493164
vn -0.108012 -0.859555 0.499499
v 0.133220 -0.051012 0.170232
vt 0.813477 0.494629
vn -0.108012 -0.859555 0.499499
v 0.083121 -0.030449 0.178476
vt 0.881348 0.321289
vn 0.020623 -0.980369 0.196088
v 0.079702 -0.040952 0.170143
vt 0.836914 0.310059
vn 0.013787 -0.966711 0.255498
v 0.087553 -0.016889 0.184337
vt 0.931641 0.333496
vn 0.048153 -0.991125 0.123906
v 0.064825 -0.043339 0.166952
vt 0.820801 0.258789
vn -0.000016 -0.999274 0.038102
v 0.066222 -0.041347 0.167039
vt 0.827637 0.263672
vn -0.000016 -0.999274 0.038102
v 0.079576 -0.043727 0.167087
vt 0.820312 0.309082
vn -0.000016 -0.999274 0.038102
v 0.079792 -0.041440 0.167417
vt 0.828125 0.309570
vn -0.000016 -0.999274 0.038102
v 0.053143 -0.044658 0.166297
vt 0.816406 0.219238
vn 0.000000 -1.000000 -0.000015
v 0.053222 -0.042695 0.166320
vt 0.823242 0.219727
vn 0.000000 -1.000000 -0.000015
v 0.064825 -0.043339 0.166952
vt 0.820801 0.258789
vn 0.000000 -1.000000 -0.000015
v 0.066222 -0.041347 0.167039
vt 0.827637 0.263672
vn 0.000000 -1.000000 -0.000015
v 0.047895 -0.045815 0.165994
vt 0.812988 0.201660
vn -0.015866 -0.999748 -0.015881
v 0.047193 -0.044584 0.165965
vt 0.817383 0.199219
vn -0.011903 -0.999858 -0.011918
v 0.137813 -0.036263 0.184345
vt 0.880859 0.508545
vn 0.047589 -0.982489 0.180144
v 0.133220 -0.051012 0.170232
vt 0.813477 0.494629
vn 0.034396 -0.967302 0.251285
v 0.144220 -0.017199 0.192533
vt 0.951660 0.524902
vn 0.068647 -0.991951 0.106398
v 0.031110 -0.011220 0.160570
vt 0.940918 0.130859
vn 0.027489 -0.982409 -0.184710
v 0.023138 -0.023477 0.160289
vt 0.898438 0.105469
vn 0.062283 -0.918977 -0.389362
v 0.035594 -0.036257 0.171600
vt 0.852051 0.158691
vn 0.054462 -0.926019 -0.373527
v 0.202071 -0.122501 0.166007
vt 0.730957 0.579834
vn 0.115155 0.000000 -0.993347
v 0.203706 -0.120691 0.169262
vt 0.603027 0.811035
vn 0.258917 -0.937068 -0.234234
v 0.203102 -0.120097 0.165667
vt 0.603027 0.799438
vn 0.258917 -0.937068 -0.234234
v 0.212322 -0.104388 0.169378
vt 0.666992 0.809814
vn 0.258917 -0.937068 -0.234234
v 0.211617 -0.104067 0.165660
vt 0.666016 0.797729
vn 0.258917 -0.937068 -0.234234
v 0.210882 -0.129238 0.184632
vt 0.586914 0.871826
vn -0.292227 -0.942986 0.159317
v 0.209716 -0.127544 0.186060
vt 0.594238 0.869873
vn -0.294799 -0.941360 0.164119
v 0.234398 -0.148592 0.195609
vt 0.567871 0.975357
vn -0.265346 -0.948608 0.172434
v 0.204481 -0.122034 0.165637
vt 0.594238 0.802368
vn -0.374868 -0.926172 -0.040976
v 0.203706 -0.120691 0.169262
vt 0.603027 0.811035
vn -0.375512 -0.926289 -0.031306
v 0.209643 -0.130995 0.184963
vt 0.680176 0.629883
vn 0.997231 -0.021386 -0.071226
v 0.232919 -0.150882 0.195609
vt 0.669922 0.734619
vn 0.996493 -0.007266 -0.083356
v 0.207864 -0.129793 0.186484
vt 0.673828 0.623779
vn 0.997231 -0.021386 -0.071226
v 0.203035 -0.123245 0.165635
vt 0.732910 0.583496
vn 0.997580 -0.035284 -0.059912
v 0.202071 -0.122501 0.166007
vt 0.730957 0.579834
vn 0.997580 -0.035284 -0.059912
v 0.209643 -0.130995 0.184963
vt 0.579102 0.871948
vn 0.301997 -0.864099 -0.402654
v 0.210882 -0.129238 0.184632
vt 0.586914 0.871826
vn 0.299923 -0.858200 -0.416581
v 0.232919 -0.150882 0.195609
vt 0.557617 0.976089
vn 0.339802 -0.862644 -0.374672
v 0.234398 -0.148592 0.195609
vt 0.567871 0.975357
vn 0.343071 -0.859969 -0.377831
v 0.204481 -0.122034 0.165637
vt 0.594238 0.802368
vn -0.370910 -0.927256 -0.051208
v 0.203102 -0.120097 0.165667
vt 0.603027 0.799438
vn -0.366007 -0.929385 -0.047775
v 0.203706 -0.120691 0.169262
vt 0.603027 0.811035
vn -0.373568 -0.926009 -0.054356
v 0.204481 -0.122034 0.165637
vt 0.594238 0.802368
vn 0.377148 -0.815735 -0.438562
v 0.203035 -0.123245 0.165635
vt 0.587891 0.801758
vn 0.381320 -0.815926 -0.434581
v -0.064136 -0.270149 0.195609
vt 0.302979 0.983429
vn 0.908412 -0.298029 -0.293201
v -0.093911 -0.261294 0.195609
vt 0.198486 0.978149
vn 0.901054 -0.288758 -0.323606
v -0.087201 -0.242533 0.197402
vt 0.205078 0.912292
vn 0.908412 -0.298029 -0.293201
v -0.006161 -0.050446 0.171600
vt 0.348389 0.204102
vn 0.892578 -0.313901 -0.323684
v -0.012905 -0.057539 0.175280
vt 0.332275 0.235840
vn 0.915083 -0.298820 -0.270796
v -0.025983 -0.040536 0.170234
vt 0.275391 0.186523
vn 0.933513 -0.291745 -0.208417
v -0.079998 -0.223017 0.197012
vt 0.213257 0.841553
vn 0.902909 -0.286179 -0.320713
v -0.032088 -0.275852 0.195609
vt 0.416748 0.974884
vn 0.904914 -0.293530 -0.308174
v -0.064311 -0.181416 0.195574
vt 0.234863 0.690430
vn 0.897562 -0.269301 -0.349083
v -0.027220 -0.204172 0.196021
vt 0.374023 0.739502
vn 0.898156 -0.271005 -0.346225
v -0.021100 -0.154689 0.188057
vt 0.369629 0.569580
vn 0.985873 -0.166830 -0.014877
v -0.016089 -0.092030 0.175311
vt 0.358398 0.352539
vn 0.985061 -0.172101 0.005946
v -0.021073 -0.154737 0.187391
vt 0.371826 0.569336
vn 0.983238 -0.011618 0.181959
v -0.016055 -0.092210 0.174011
vt 0.362549 0.352539
vn 0.979018 -0.007866 0.203622
v -0.012513 -0.070141 0.167430
vt 0.364990 0.273926
vn 0.990488 -0.003956 0.137545
v -0.012577 -0.069877 0.169765
vt 0.357666 0.274414
vn 0.987376 -0.156554 -0.024078
v -0.009665 -0.065367 0.166340
vt 0.368896 0.257812
vn 0.114915 -0.064675 -0.991268
v -0.009406 -0.064974 0.168541
vt 0.362549 0.254395
vn 0.980775 -0.182212 -0.069848
v -0.025015 -0.205599 0.192567
vt 0.388184 0.741455
vn 0.887939 -0.290982 -0.356221
v -0.023188 -0.206951 0.192769
vt 0.395020 0.744629
vn 0.890557 -0.242896 -0.384589
v -0.032088 -0.275852 0.195609
vt 0.416748 0.974884
vn 0.786608 -0.099735 -0.609344
v -0.027599 -0.275992 0.195609
vt 0.428955 0.974472
vn 0.782794 -0.077193 -0.617474
v -0.011625 -0.070597 0.167553
vt 0.368164 0.274902
vn 0.884850 -0.236688 -0.401273
v -0.012513 -0.070141 0.167430
vt 0.364990 0.273926
vn 0.889639 -0.255657 -0.378394
v -0.008714 -0.066514 0.166353
vt 0.373291 0.259766
vn 0.896777 -0.442465 -0.003956
v -0.009665 -0.065367 0.166340
vt 0.368896 0.257812
vn 0.897439 -0.440858 0.015765
v -0.035475 -0.055675 0.178020
vt 0.255615 0.247559
vn 0.908211 -0.247296 -0.337634
v -0.018085 -0.066479 0.178892
vt 0.321289 0.271973
vn 0.904805 -0.251630 -0.343525
v -0.035967 -0.081613 0.184337
vt 0.269287 0.335449
vn 0.887652 -0.221925 -0.403514
v -0.021380 -0.090390 0.184967
vt 0.322754 0.356445
vn 0.884755 -0.222462 -0.409536
v -0.016055 -0.092210 0.174011
vt 0.362549 0.352539
vn 0.849019 -0.242624 -0.469361
v -0.014304 -0.092898 0.174391
vt 0.368652 0.354004
vn 0.856199 -0.168100 -0.488534
v -0.012395 -0.075319 0.168895
vt 0.367676 0.291992
vn 0.879009 -0.178832 -0.441999
v -0.005439 -0.064706 0.165965
vt 0.377930 0.248047
vn 0.980399 -0.191981 0.044278
v -0.005422 -0.064249 0.168391
vt 0.371826 0.244141
vn 0.982752 -0.178684 0.047655
v -0.005964 -0.066022 0.165994
vt 0.379395 0.252441
vn 0.880919 -0.452951 0.137171
v -0.005439 -0.064706 0.165965
vt 0.377930 0.248047
vn 0.879033 -0.447941 0.163245
v -0.025015 -0.205599 0.192567
vt 0.388184 0.741455
vn 0.986462 -0.152262 -0.060901
v -0.032088 -0.275852 0.195609
vt 0.416748 0.974884
vn 0.986192 -0.152690 -0.064120
v -0.027220 -0.204172 0.196021
vt 0.374023 0.739502
vn 0.986560 -0.152740 -0.058045
v -0.024211 -0.152424 0.193226
vt 0.349121 0.566650
vn 0.986258 -0.161883 -0.033000
v -0.021380 -0.090390 0.184967
vt 0.322754 0.356445
vn 0.984175 -0.176806 -0.011793
v -0.018085 -0.066479 0.178892
vt 0.321289 0.271973
vn 0.983134 -0.182505 -0.011804
v -0.012905 -0.057539 0.175280
vt 0.332275 0.235840
vn 0.969452 -0.245266 0.002880
v -0.006161 -0.050446 0.171600
vt 0.348389 0.204102
vn 0.941207 -0.334305 0.048676
v -0.005422 -0.064249 0.168391
vt 0.371826 0.244141
vn 0.935323 -0.347428 0.066825
v -0.024211 -0.152424 0.193226
vt 0.349121 0.566650
vn 0.880978 -0.228021 -0.414590
v -0.048878 -0.136790 0.192533
vt 0.257324 0.529297
vn 0.884850 -0.236688 -0.401273
v -0.019175 -0.155203 0.187557
vt 0.378418 0.570068
vn 0.871955 -0.183613 -0.453851
v -0.021073 -0.154737 0.187391
vt 0.371826 0.569336
vn 0.862574 -0.268641 -0.428716
v -0.016953 -0.026397 0.160058
vt 0.166626 0.250000
vn -0.783095 -0.208084 -0.586058
v -0.003727 -0.031038 0.159794
vt 0.125366 0.235840
vn -0.728417 -0.044817 -0.683666
v -0.017880 -0.027846 0.160570
vt 0.169678 0.245605
vn -0.783095 -0.208084 -0.586058
v -0.003935 -0.032739 0.160289
vt 0.126099 0.229980
vn -0.728417 -0.044817 -0.683666
v -0.003727 -0.031038 0.159794
vt 0.737793 0.005371
vn -0.707074 0.000000 -0.707139
v -0.016953 -0.026397 0.160058
vt 0.778809 0.020020
vn -0.707074 0.000000 -0.707139
v -0.017880 -0.027846 0.160570
vt 0.291992 0.129883
vn 0.935333 -0.313129 -0.164629
v -0.003935 -0.032739 0.160289
vt 0.342041 0.133789
vn 0.892578 -0.313901 -0.323684
v 0.029965 -0.275917 0.195609
vt 0.567871 0.975357
vn 0.676799 -0.335753 -0.655143
v 0.031031 -0.243496 0.186060
vt 0.594238 0.869873
vn 0.687374 -0.313941 -0.654949
v 0.059414 -0.271196 0.195609
vt 0.670410 0.982361
vn 0.684873 -0.345141 -0.641737
v 0.053777 -0.245191 0.189564
vt 0.669922 0.890442
vn 0.697865 -0.313794 -0.643831
v 0.027252 -0.276188 0.195609
vt 0.669922 0.734619
vn 0.827021 -0.141483 -0.544077
v -0.002383 -0.277604 0.195609
vt 0.565430 0.749268
vn 0.791557 -0.087966 -0.604731
v 0.022901 -0.242484 0.194174
vt 0.643555 0.625977
vn 0.800020 -0.098661 -0.591805
v -0.027599 -0.275992 0.195609
vt 0.473389 0.747559
vn 0.764309 -0.055422 -0.642465
v -0.023188 -0.206951 0.192769
vt 0.475830 0.516357
vn 0.799593 -0.086469 -0.594285
v 0.019044 -0.194628 0.189027
vt 0.619629 0.463867
vn 0.811413 -0.096105 -0.576517
v -0.019175 -0.155203 0.187557
vt 0.477783 0.339844
vn 0.818500 -0.094467 -0.566687
v 0.014159 -0.143242 0.182399
vt 0.591309 0.289551
vn 0.821911 -0.093648 -0.561865
v 0.027252 -0.276188 0.195609
vt 0.669922 0.734619
vn 0.986325 -0.131101 -0.099877
v 0.022901 -0.242484 0.194174
vt 0.643555 0.625977
vn 0.981510 -0.121901 -0.147576
v 0.028119 -0.243450 0.186484
vt 0.673828 0.623779
vn 0.989781 -0.140970 -0.021467
v 0.025193 -0.194641 0.183906
vt 0.645508 0.459961
vn 0.988419 -0.151626 -0.006069
v 0.019044 -0.194628 0.189027
vt 0.619629 0.463867
vn 0.974075 -0.125488 -0.188232
v -0.011625 -0.070597 0.167553
vt 0.488525 0.043457
vn 0.661879 -0.073557 -0.745993
v -0.008714 -0.066514 0.166353
vt 0.499023 0.030273
vn 0.817137 -0.071546 -0.571987
v -0.005964 -0.066022 0.165994
vt 0.507324 0.027832
vn 0.832917 -0.114548 -0.541412
v 0.002055 -0.050607 0.171727
vt 0.874023 0.175781
vn 0.440791 -0.564919 -0.697546
v 0.015487 -0.045577 0.170234
vt 0.922363 0.187012
vn 0.462742 -0.637992 -0.615496
v 0.021405 -0.062437 0.178020
vt 0.904785 0.249023
vn 0.479207 -0.695378 -0.535546
v 0.032642 -0.234525 0.169262
vt 0.603027 0.811035
vn 0.687770 -0.152864 -0.709651
v 0.050761 -0.231096 0.169378
vt 0.666992 0.809814
vn 0.688768 -0.284276 -0.666922
v 0.031031 -0.243496 0.186060
vt 0.594238 0.869873
vn 0.675797 -0.162225 -0.719014
v 0.053777 -0.245191 0.189564
vt 0.669922 0.890442
vn 0.678446 -0.184564 -0.711088
v 0.118742 -0.239111 0.196657
vt 0.889648 0.932800
vn 0.631470 -0.535558 -0.560735
v 0.118319 -0.251148 0.195609
vt 0.875000 0.969543
vn 0.639060 -0.471521 -0.607676
v 0.077841 -0.244652 0.193517
vt 0.750977 0.907532
vn 0.681106 -0.393822 -0.617251
v 0.089433 -0.262821 0.195609
vt 0.772949 0.977478
vn 0.670224 -0.411688 -0.617505
v 0.062863 -0.227444 0.169396
vt 0.710449 0.806274
vn 0.669954 -0.568785 -0.477121
v 0.098401 -0.233433 0.191974
vt 0.829590 0.889099
vn 0.645964 -0.577514 -0.499207
v 0.077841 -0.244652 0.193517
vt 0.750977 0.907532
vn 0.672396 -0.448299 -0.588992
v 0.145730 -0.236325 0.195609
vt 0.977539 0.958282
vn 0.616152 -0.576465 -0.536699
v 0.014159 -0.143242 0.182399
vt 0.591309 0.289551
vn 0.967323 -0.129442 -0.218017
v 0.021600 -0.142649 0.176224
vt 0.622559 0.282227
vn 0.985838 -0.162333 -0.042082
v 0.008502 -0.096185 0.174017
vt 0.562500 0.129395
vn 0.967348 -0.149878 -0.204388
v 0.015422 -0.089489 0.167087
vt 0.589355 0.100586
vn 0.968937 -0.155308 -0.192457
v 0.008502 -0.096185 0.174017
vt 0.562500 0.129395
vn 0.818500 -0.094467 -0.566687
v -0.014304 -0.092898 0.174391
vt 0.481445 0.124023
vn 0.815013 -0.095285 -0.571554
v 0.079254 -0.172197 0.187572
vt 0.869629 0.668701
vn 0.539723 -0.830951 -0.134977
v 0.094223 -0.204345 0.189801
vt 0.859863 0.789917
vn 0.562922 -0.803146 -0.195129
v 0.060496 -0.180550 0.169960
vt 0.781738 0.655762
vn 0.515330 -0.856775 -0.019299
v 0.070675 -0.211924 0.169602
vt 0.756836 0.766479
vn 0.526596 -0.849197 -0.039499
v -0.000066 -0.067993 0.168637
vt 0.830566 0.218262
vn 0.490044 -0.862796 -0.124258
v -0.001539 -0.056907 0.170562
vt 0.851074 0.185547
vn 0.498525 -0.837288 -0.224548
v 0.009486 -0.077257 0.169801
vt 0.836914 0.263672
vn 0.492883 -0.866763 -0.076086
v 0.015106 -0.070020 0.175003
vt 0.871094 0.256348
vn 0.500663 -0.851219 -0.157361
v 0.015422 -0.089489 0.167087
vt 0.589355 0.100586
vn 0.964030 -0.117503 -0.238409
v 0.023551 -0.142737 0.166696
vt 0.652344 0.274414
vn 0.988634 -0.088060 0.121858
v 0.027958 -0.195616 0.166382
vt 0.700684 0.450195
vn 0.991758 -0.075770 0.103319
v -0.006161 -0.050446 0.171600
vt 0.852051 0.158691
vn 0.439211 -0.767483 -0.466972
v 0.002055 -0.050607 0.171727
vt 0.874023 0.175781
vn 0.502829 -0.826425 -0.253346
v 0.021405 -0.062437 0.178020
vt 0.904785 0.249023
vn 0.507461 -0.833213 -0.219636
v 0.070605 -0.220642 0.169502
vt 0.743164 0.793335
vn 0.568150 -0.808575 -0.153008
v 0.099807 -0.222463 0.191176
vt 0.848633 0.855225
vn 0.606837 -0.710904 -0.355478
v 0.135246 -0.219382 0.197402
vt 0.966309 0.894592
vn 0.610805 -0.625256 -0.485770
v -0.012395 -0.075319 0.168895
vt 0.484619 0.061035
vn 0.827758 -0.080766 -0.555241
v 0.006528 -0.077715 0.166952
vt 0.553711 0.063477
vn 0.838520 -0.101056 -0.535418
v -0.001786 -0.069404 0.166297
vt 0.523438 0.037109
vn 0.863181 -0.128253 -0.488334
v 0.006528 -0.077715 0.166952
vt 0.553711 0.063477
vn 0.949700 -0.141545 -0.279347
v 0.124479 -0.201582 0.197012
vt 0.958008 0.827881
vn 0.603140 -0.708094 -0.367185
v 0.101735 -0.163380 0.195574
vt 0.953613 0.682861
vn 0.559497 -0.780926 -0.277699
v -0.005422 -0.064249 0.168391
vt 0.824707 0.196777
vn 0.434952 -0.807195 -0.399065
v 0.008957 -0.077565 0.167039
vt 0.827637 0.263672
vn 0.195166 -0.839271 0.507478
v 0.009486 -0.077257 0.169801
vt 0.836914 0.263672
vn 0.184503 -0.840182 0.509954
v 0.017344 -0.088232 0.167417
vt 0.828125 0.309570
vn 0.130506 -0.848528 0.512805
v 0.017670 -0.087858 0.170143
vt 0.836914 0.310059
vn 0.129472 -0.851081 0.508821
v -0.000066 -0.067993 0.168637
vt 0.830566 0.218262
vn 0.246539 -0.821835 0.513620
v -0.000203 -0.068242 0.166320
vt 0.823242 0.219727
vn 0.257868 -0.820197 0.510668
v -0.005422 -0.064249 0.168391
vt 0.824707 0.196777
vn 0.305516 -0.849753 0.429628
v -0.005439 -0.064706 0.165965
vt 0.817383 0.199219
vn 0.325906 -0.848435 0.417066
v 0.062443 -0.226638 0.165694
vt 0.707520 0.794434
vn 0.616093 -0.699205 -0.362686
v 0.062863 -0.227444 0.169396
vt 0.710449 0.806274
vn 0.616093 -0.699205 -0.362686
v 0.050573 -0.230345 0.165660
vt 0.666016 0.797729
vn 0.680520 -0.464005 -0.567091
v 0.050761 -0.231096 0.169378
vt 0.666992 0.809814
vn 0.680520 -0.464005 -0.567091
v 0.069268 -0.220052 0.165799
vt 0.734863 0.784058
vn 0.422575 -0.905092 0.047312
v 0.070605 -0.220642 0.169502
vt 0.743164 0.793335
vn 0.420280 -0.906479 0.040753
v 0.059818 -0.180792 0.166340
vt 0.770020 0.653564
vn 0.149109 -0.877299 0.456194
v 0.060496 -0.180550 0.169960
vt 0.781738 0.655762
vn 0.149109 -0.877299 0.456194
v 0.069760 -0.212064 0.165929
vt 0.745605 0.762817
vn 0.171067 -0.904342 0.391027
v 0.070675 -0.211924 0.169602
vt 0.756836 0.766479
vn 0.161106 -0.906321 0.390674
v 0.042649 -0.136195 0.167105
vt 0.803711 0.493164
vn 0.126268 -0.861570 0.491684
v 0.043173 -0.135972 0.170232
vt 0.813477 0.494629
vn 0.126268 -0.861570 0.491684
v 0.028013 -0.083982 0.178476
vt 0.881348 0.321289
vn 0.506457 -0.856614 -0.098557
v 0.017670 -0.087858 0.170143
vt 0.836914 0.310059
vn 0.494714 -0.868963 -0.012664
v 0.041378 -0.078993 0.184337
vt 0.931641 0.333496
vn 0.522447 -0.828515 -0.201526
v 0.006528 -0.077715 0.166952
vt 0.820801 0.258789
vn 0.483671 -0.781046 -0.395006
v 0.008957 -0.077565 0.167039
vt 0.827637 0.263672
vn 0.483671 -0.781046 -0.395006
v 0.015422 -0.089489 0.167087
vt 0.820312 0.309082
vn 0.483671 -0.781046 -0.395006
v 0.017344 -0.088232 0.167417
vt 0.828125 0.309570
vn 0.483671 -0.781046 -0.395006
v -0.001786 -0.069404 0.166297
vt 0.816406 0.219238
vn 0.466268 -0.751806 -0.466242
v -0.000203 -0.068242 0.166320
vt 0.823242 0.219727
vn 0.466268 -0.751806 -0.466242
v 0.006528 -0.077715 0.166952
vt 0.820801 0.258789
vn 0.472255 -0.744229 -0.472333
v 0.008957 -0.077565 0.167039
vt 0.827637 0.263672
vn 0.472255 -0.744229 -0.472333
v -0.005964 -0.066022 0.165994
vt 0.812988 0.201660
vn 0.417848 -0.696534 -0.583303
v -0.005439 -0.064706 0.165965
vt 0.817383 0.199219
vn 0.452979 -0.756556 -0.471629
v 0.057567 -0.130367 0.184345
vt 0.880859 0.508545
vn 0.520116 -0.847393 -0.106790
v 0.043173 -0.135972 0.170232
vt 0.813477 0.494629
vn 0.504603 -0.863299 -0.009521
v 0.076467 -0.123490 0.192533
vt 0.951660 0.524902
vn 0.533862 -0.816136 -0.221164
v 0.010618 -0.031329 0.160570
vt 0.940918 0.130859
vn 0.452812 -0.630474 -0.630448
v -0.003935 -0.032739 0.160289
vt 0.898438 0.105469
vn 0.420527 -0.490010 -0.763575
v -0.006161 -0.050446 0.171600
vt 0.852051 0.158691
vn 0.417633 -0.507810 -0.753466
v 0.030208 -0.234375 0.166006
vt 0.730957 0.579834
vn 0.992035 -0.069877 0.104806
v 0.032642 -0.234525 0.169262
vt 0.603027 0.811035
vn 0.696238 -0.274127 -0.663406
v 0.032730 -0.233682 0.165667
vt 0.603027 0.799438
vn 0.696238 -0.274127 -0.663406
v 0.050761 -0.231096 0.169378
vt 0.666992 0.809814
vn 0.696238 -0.274127 -0.663406
v 0.050573 -0.230345 0.165660
vt 0.666016 0.797729
vn 0.696238 -0.274127 -0.663406
v 0.030435 -0.245464 0.184632
vt 0.586914 0.871826
vn 0.202101 -0.956825 0.208906
v 0.031031 -0.243496 0.186060
vt 0.594238 0.869873
vn 0.190592 -0.956424 0.221198
v 0.029965 -0.275917 0.195609
vt 0.567871 0.975357
vn 0.234111 -0.953330 0.190666
v 0.032076 -0.235968 0.165637
vt 0.594238 0.802368
vn 0.204963 -0.976876 0.060850
v 0.032642 -0.234525 0.169262
vt 0.603027 0.811035
vn 0.205464 -0.976112 0.070641
v 0.028289 -0.245591 0.184963
vt 0.680176 0.629883
vn 0.992560 -0.047126 0.112269
v 0.027252 -0.276188 0.195609
vt 0.669922 0.734619
vn 0.994326 -0.050464 0.093650
v 0.028119 -0.243450 0.186484
vt 0.673828 0.623779
vn 0.991723 -0.047065 0.119456
v 0.030228 -0.235592 0.165635
vt 0.732910 0.583496
vn 0.990707 -0.047363 0.127504
v 0.030208 -0.234375 0.166006
vt 0.730957 0.579834
vn 0.990707 -0.047363 0.127504
v 0.028289 -0.245591 0.184963
vt 0.579102 0.871948
vn 0.641048 -0.081429 -0.763169
v 0.030435 -0.245464 0.184632
vt 0.586914 0.871826
vn 0.630599 -0.080754 -0.771896
v 0.027252 -0.276188 0.195609
vt 0.557617 0.976089
vn 0.684997 0.000000 -0.728546
v 0.029965 -0.275917 0.195609
vt 0.567871 0.975357
vn 0.684997 0.000000 -0.728546
v 0.032730 -0.233682 0.165667
vt 0.603027 0.799438
vn 0.216614 -0.974925 0.050983
v 0.032076 -0.235968 0.165637
vt 0.594238 0.802368
vn 0.821911 -0.093648 -0.561865
v 0.030228 -0.235592 0.165635
vt 0.587891 0.801758
vn 0.818500 -0.094467 -0.566687
v -0.251205 -0.118302 0.195609
vt 0.302979 0.983429
vn 0.503240 -0.242331 0.829473
v -0.262846 -0.089502 0.195609
vt 0.198486 0.978149
vn 0.497588 -0.248854 0.830950
v -0.243995 -0.083051 0.197402
vt 0.205078 0.912292
vn 0.503240 -0.242331 0.829473
v -0.043287 -0.026647 0.171600
vt 0.348389 0.204102
vn 0.514636 -0.284938 0.808678
v -0.053038 -0.025797 0.175280
vt 0.332275 0.235840
vn 0.515579 -0.234786 0.824047
v -0.047899 -0.004970 0.170234
vt 0.275391 0.186523
vn 0.556953 -0.204534 0.804965
v -0.224245 -0.076515 0.197012
vt 0.213257 0.841553
vn 0.504613 -0.247667 0.827059
v -0.235683 -0.146915 0.195609
vt 0.416748 0.974884
vn 0.496216 -0.243464 0.833364
v -0.181940 -0.062842 0.195574
vt 0.234863 0.690430
vn 0.537203 -0.263920 0.801099
v -0.176606 -0.106029 0.196021
vt 0.374023 0.739502
vn 0.525060 -0.257896 0.811050
v -0.134102 -0.079961 0.188057
vt 0.369629 0.569580
vn 0.905718 -0.058917 0.419767
v -0.081989 -0.044812 0.175311
vt 0.358398 0.352539
vn 0.899438 -0.045015 0.434725
v -0.134123 -0.080012 0.187391
vt 0.371826 0.569336
vn -0.995940 -0.060065 0.067056
v -0.082109 -0.044951 0.174011
vt 0.362549 0.352539
vn -0.995557 -0.066602 0.066568
v -0.062646 -0.033960 0.167430
vt 0.364990 0.273926
vn -0.998102 -0.047030 0.039747
v -0.062479 -0.033745 0.169765
vt 0.357666 0.274414
vn 0.912523 -0.058903 0.404761
v -0.057138 -0.033210 0.166340
vt 0.368896 0.257812
vn 0.995247 -0.090188 0.036729
v -0.056670 -0.033168 0.168541
vt 0.362549 0.254395
vn 0.855591 -0.101537 0.507597
v -0.176346 -0.108643 0.192567
vt 0.388184 0.741455
vn 0.536951 -0.291653 0.791595
v -0.176264 -0.110914 0.192769
vt 0.395020 0.744629
vn 0.557216 -0.273914 0.783888
v -0.235683 -0.146915 0.195609
vt 0.416748 0.974884
vn 0.681011 -0.350022 0.643201
v -0.232993 -0.150512 0.195609
vt 0.428955 0.974472
vn 0.698244 -0.344445 0.627545
v -0.062449 -0.034939 0.167553
vt 0.368164 0.274902
vn 0.565026 -0.277829 0.776889
v -0.062646 -0.033960 0.167430
vt 0.364990 0.273926
vn 0.538551 -0.269288 0.798403
v -0.057442 -0.034668 0.166353
vt 0.373291 0.259766
vn 0.234812 -0.113087 0.965440
v -0.057138 -0.033210 0.166340
vt 0.368896 0.257812
vn 0.224900 -0.103807 0.968837
v -0.065652 -0.006988 0.178020
vt 0.255615 0.247559
vn 0.581677 -0.254544 0.772567
v -0.063257 -0.027321 0.178892
vt 0.321289 0.271973
vn 0.569458 -0.257221 0.780740
v -0.086238 -0.022776 0.184337
vt 0.269287 0.335449
vn 0.587920 -0.275314 0.760626
v -0.084006 -0.039653 0.184967
vt 0.322754 0.356445
vn 0.589255 -0.280658 0.757635
v -0.082109 -0.044951 0.174011
vt 0.362549 0.352539
vn 0.618837 -0.354939 0.700756
v -0.081555 -0.046748 0.174391
vt 0.368652 0.354004
vn 0.637397 -0.304689 0.707735
v -0.066621 -0.037281 0.168895
vt 0.367676 0.291992
vn 0.647053 -0.287092 0.706329
v -0.053986 -0.036102 0.165965
vt 0.377930 0.248047
vn 0.837960 -0.034312 0.544651
v -0.053618 -0.035831 0.168391
vt 0.371826 0.244141
vn 0.859547 -0.026876 0.510349
v -0.055342 -0.036512 0.165994
vt 0.379395 0.252441
vn 0.106582 -0.065612 0.992137
v -0.053986 -0.036102 0.165965
vt 0.377930 0.248047
vn 0.073195 -0.044733 0.996314
v -0.176346 -0.108643 0.192567
vt 0.388184 0.741455
vn 0.902585 -0.083042 0.422427
v -0.235683 -0.146915 0.195609
vt 0.416748 0.974884
vn 0.900938 -0.086505 0.425238
v -0.176606 -0.106029 0.196021
vt 0.374023 0.739502
vn 0.902585 -0.083042 0.422427
v -0.134271 -0.076117 0.193226
vt 0.349121 0.566650
vn 0.902224 -0.069133 0.425691
v -0.084006 -0.039653 0.184967
vt 0.322754 0.356445
vn 0.888556 -0.055544 0.455393
v -0.063257 -0.027321 0.178892
vt 0.321289 0.271973
vn 0.879146 -0.059106 0.472873
v -0.053038 -0.025797 0.175280
vt 0.332275 0.235840
vn 0.771772 -0.071889 0.631823
v -0.043287 -0.026647 0.171600
vt 0.348389 0.204102
vn 0.480945 -0.072178 0.873775
v -0.053618 -0.035831 0.168391
vt 0.371826 0.244141
vn 0.412120 -0.060621 0.909111
v -0.134271 -0.076117 0.193226
vt 0.349121 0.566650
vn 0.576833 -0.283713 0.766009
v -0.137428 -0.047084 0.192533
vt 0.257324 0.529297
vn 0.565026 -0.277829 0.776889
v -0.133304 -0.081787 0.187557
vt 0.378418 0.570068
vn 0.630758 -0.292243 0.718845
v -0.134123 -0.080012 0.187391
vt 0.371826 0.569336
vn 0.590626 -0.340795 0.731450
v -0.031214 -0.003215 0.160058
vt 0.211060 0.322266
vn -0.813488 -0.346389 -0.467174
v -0.026596 -0.016449 0.159794
vt 0.196655 0.281250
vn -0.804905 -0.309153 -0.506509
v -0.032925 -0.003394 0.160570
vt 0.216675 0.321777
vn -0.813488 -0.346389 -0.467174
v -0.028056 -0.017347 0.160289
vt 0.201416 0.278320
vn -0.804905 -0.309153 -0.506509
v -0.026596 -0.016449 0.159794
vt 0.809082 0.050781
vn -0.707074 0.000000 -0.707139
v -0.031214 -0.003215 0.160058
vt 0.823242 0.092285
vn -0.707074 0.000000 -0.707139
v -0.032925 -0.003394 0.160570
vt 0.291992 0.129883
vn 0.528833 -0.186435 0.827996
v -0.028056 -0.017347 0.160289
vt 0.342041 0.133789
vn 0.514636 -0.284938 0.808678
v -0.197044 -0.195470 0.195609
vt 0.567871 0.975357
vn 0.864340 -0.440846 0.242013
v -0.171031 -0.176089 0.186060
vt 0.594238 0.869873
vn 0.850796 -0.438588 0.289461
v -0.174991 -0.215551 0.195609
vt 0.670410 0.982361
vn 0.853765 -0.444163 0.271671
v -0.158175 -0.194930 0.189564
vt 0.669922 0.890442
vn 0.841104 -0.442488 0.311043
v -0.198947 -0.193518 0.195609
vt 0.669922 0.734619
vn 0.649416 -0.324746 0.687604
v -0.218531 -0.171231 0.195609
vt 0.565430 0.749268
vn 0.688253 -0.339479 0.641142
v -0.175309 -0.169102 0.194174
vt 0.643555 0.625977
vn 0.678057 -0.334361 0.654554
v -0.232993 -0.150512 0.195609
vt 0.473389 0.747559
vn 0.708089 -0.349365 0.613640
v -0.176264 -0.110914 0.192769
vt 0.475830 0.516357
vn 0.697975 -0.335069 0.632898
v -0.140298 -0.136248 0.189027
vt 0.619629 0.463867
vn 0.697000 -0.329982 0.636634
v -0.133304 -0.081787 0.187557
vt 0.477783 0.339844
vn 0.706402 -0.325722 0.628412
v -0.103169 -0.100390 0.182399
vt 0.591309 0.289551
vn 0.710925 -0.323581 0.624404
v -0.198947 -0.193518 0.195609
vt 0.669922 0.734619
vn 0.913291 -0.105389 0.393436
v -0.175309 -0.169102 0.194174
vt 0.643555 0.625977
vn 0.900439 -0.129138 0.415372
v -0.172811 -0.173784 0.186484
vt 0.673828 0.623779
vn 0.932769 -0.055110 0.356236
v -0.136475 -0.141065 0.183906
vt 0.645508 0.459961
vn 0.923892 -0.044718 0.380031
v -0.140298 -0.136248 0.189027
vt 0.619629 0.463867
vn 0.879385 -0.154821 0.450236
v -0.062449 -0.034939 0.167553
vt 0.488525 0.043457
vn 0.809011 -0.369352 0.457254
v -0.057442 -0.034668 0.166353
vt 0.499023 0.030273
vn 0.738128 -0.324627 0.591426
v -0.055342 -0.036512 0.165994
vt 0.507324 0.027832
vn 0.690825 -0.317797 0.649434
v -0.038291 -0.033171 0.171728
vt 0.874023 0.175781
vn 0.946307 -0.290615 -0.141584
v -0.025983 -0.040536 0.170234
vt 0.922363 0.187012
vn 0.933513 -0.291745 -0.208417
v -0.035475 -0.055675 0.178020
vt 0.904785 0.249023
vn 0.918709 -0.309309 -0.245563
v -0.163013 -0.171756 0.169262
vt 0.603027 0.811035
vn 0.822468 -0.402235 0.402185
v -0.149036 -0.183783 0.169378
vt 0.666992 0.809814
vn 0.847124 -0.432421 0.308858
v -0.171031 -0.176089 0.186060
vt 0.594238 0.869873
vn 0.833775 -0.399188 0.381403
v -0.158175 -0.194930 0.189564
vt 0.669922 0.890442
vn 0.838955 -0.406271 0.362075
v -0.112916 -0.241930 0.196657
vt 0.889648 0.932800
vn 0.878647 -0.467562 0.096771
v -0.122591 -0.249105 0.195609
vt 0.875000 0.969543
vn 0.883405 -0.454131 0.115589
v -0.142749 -0.213408 0.193517
vt 0.750977 0.907532
vn 0.857412 -0.454225 0.241917
v -0.149727 -0.233799 0.195609
vt 0.772949 0.977478
vn 0.867376 -0.454772 0.202092
v -0.138635 -0.190968 0.169396
vt 0.710449 0.806274
vn 0.839786 -0.500673 0.209964
v -0.121159 -0.222487 0.191974
vt 0.829590 0.889099
vn 0.860495 -0.490006 0.139433
v -0.142749 -0.213408 0.193517
vt 0.750977 0.907532
vn 0.860130 -0.463511 0.212916
v -0.093911 -0.261294 0.195609
vt 0.977539 0.958282
vn 0.879796 -0.471620 0.059440
v -0.103169 -0.100390 0.182399
vt 0.591309 0.289551
vn 0.857150 -0.171476 0.485684
v -0.098066 -0.105838 0.176224
vt 0.622559 0.282227
vn 0.898947 -0.076123 0.431392
v -0.069906 -0.066628 0.174017
vt 0.562500 0.129395
vn 0.836723 -0.171019 0.520238
v -0.060356 -0.067864 0.167087
vt 0.589355 0.100586
vn 0.832339 -0.164326 0.529348
v -0.069906 -0.066628 0.174017
vt 0.562500 0.129395
vn 0.702308 -0.323809 0.633965
v -0.081555 -0.046748 0.174391
vt 0.481445 0.124023
vn 0.701734 -0.327800 0.632547
v -0.085221 -0.169338 0.187572
vt 0.869629 0.668701
vn 0.791079 -0.606288 0.081294
v -0.101022 -0.201085 0.189801
vt 0.859863 0.789917
vn 0.805348 -0.585426 0.093227
v -0.103447 -0.159880 0.169960
vt 0.781738 0.655762
vn 0.731549 -0.662332 0.161720
v -0.121630 -0.187399 0.169602
vt 0.756836 0.766479
vn 0.740892 -0.653110 0.156611
v -0.053206 -0.042352 0.168637
vt 0.830566 0.218262
vn 0.809660 -0.585408 -0.041812
v -0.045458 -0.034289 0.170562
vt 0.851074 0.185547
vn 0.849141 -0.517597 -0.105132
v -0.054494 -0.055597 0.169801
vt 0.836914 0.263672
vn 0.781678 -0.623147 0.025825
v -0.045332 -0.055478 0.175003
vt 0.871094 0.256348
vn 0.819378 -0.571719 -0.041918
v -0.060356 -0.067864 0.167087
vt 0.589355 0.100586
vn 0.866465 -0.181142 0.465216
v -0.096918 -0.107419 0.166696
vt 0.652344 0.274414
vn -0.962229 -0.030081 0.270576
v -0.135513 -0.143834 0.166382
vt 0.700684 0.450195
vn -0.972847 -0.026428 0.229937
v -0.043287 -0.026647 0.171600
vt 0.852051 0.158691
vn 0.885487 -0.223964 -0.407129
v -0.038291 -0.033171 0.171728
vt 0.874023 0.175781
vn 0.857482 -0.500569 -0.118978
v -0.035475 -0.055675 0.178020
vt 0.904785 0.249023
vn 0.842747 -0.533135 -0.074471
v -0.128490 -0.192780 0.169502
vt 0.743164 0.793335
vn 0.782216 -0.605493 0.146685
v -0.111706 -0.216747 0.191176
vt 0.848633 0.855225
vn 0.842320 -0.531235 0.091024
v -0.087201 -0.242533 0.197402
vt 0.966309 0.894592
vn 0.872098 -0.486707 0.050604
v -0.066621 -0.037281 0.168895
vt 0.484619 0.061035
vn 0.728294 -0.315331 0.608403
v -0.056695 -0.053569 0.166952
vt 0.553711 0.063477
vn 0.714819 -0.312751 0.625476
v -0.055382 -0.041887 0.166297
vt 0.523438 0.037109
vn 0.703250 -0.298262 0.645352
v -0.056695 -0.053569 0.166952
vt 0.553711 0.063477
vn 0.806342 -0.207260 0.553946
v -0.079998 -0.223017 0.197012
vt 0.958008 0.827881
vn 0.847482 -0.525930 0.071919
v -0.064311 -0.181416 0.195574
vt 0.953613 0.682861
vn 0.836200 -0.547625 0.029612
v -0.053618 -0.035831 0.168391
vt 0.824707 0.196777
vn 0.864974 -0.230672 -0.445657
v -0.055064 -0.055375 0.167039
vt 0.827637 0.263672
vn 0.240777 -0.769503 0.591517
v -0.054494 -0.055597 0.169801
vt 0.836914 0.263672
vn 0.251880 -0.776714 0.577298
v -0.058174 -0.068583 0.167417
vt 0.828125 0.309570
vn 0.273948 -0.811383 0.516343
v -0.057679 -0.068604 0.170143
vt 0.836914 0.310059
vn 0.283229 -0.813001 0.508735
v -0.053206 -0.042352 0.168637
vt 0.830566 0.218262
vn 0.200587 -0.722187 0.661975
v -0.053486 -0.042401 0.166320
vt 0.823242 0.219727
vn 0.197929 -0.712626 0.673045
v -0.053618 -0.035831 0.168391
vt 0.824707 0.196777
vn 0.290756 -0.736650 0.610580
v -0.053986 -0.036102 0.165965
vt 0.817383 0.199219
vn 0.289203 -0.727872 0.621743
v -0.138266 -0.190138 0.165694
vt 0.707520 0.794434
vn 0.840186 -0.530874 0.110724
v -0.138635 -0.190968 0.169396
vt 0.710449 0.806274
vn 0.839436 -0.530430 0.118285
v -0.148565 -0.183168 0.165660
vt 0.666016 0.797729
vn 0.851379 -0.471662 0.229541
v -0.149036 -0.183783 0.169378
vt 0.666992 0.809814
vn 0.851379 -0.471662 0.229541
v -0.128862 -0.191368 0.165799
vt 0.734863 0.784058
vn 0.733239 -0.679799 0.015278
v -0.128490 -0.192780 0.169502
vt 0.743164 0.793335
vn 0.739174 -0.673415 -0.011583
v -0.104059 -0.159500 0.166340
vt 0.770020 0.653564
vn 0.347695 -0.834620 0.427220
v -0.103447 -0.159880 0.169960
vt 0.781738 0.655762
vn 0.347695 -0.834620 0.427220
v -0.122310 -0.186771 0.165929
vt 0.745605 0.762817
vn 0.427670 -0.841504 0.330105
v -0.121630 -0.187399 0.169602
vt 0.756836 0.766479
vn 0.427521 -0.846078 0.318400
v -0.079897 -0.118272 0.167105
vt 0.803711 0.493164
vn 0.304523 -0.827324 0.472019
v -0.079395 -0.118542 0.170232
vt 0.813477 0.494629
vn 0.304523 -0.827324 0.472019
v -0.048200 -0.074275 0.178476
vt 0.881348 0.321289
vn 0.789008 -0.613688 0.029213
v -0.057679 -0.068604 0.170143
vt 0.836914 0.310059
vn 0.744147 -0.660681 0.098723
v -0.035967 -0.081613 0.184337
vt 0.931641 0.333496
vn 0.826159 -0.563132 -0.018539
v -0.056695 -0.053569 0.166952
vt 0.820801 0.258789
vn 0.893477 -0.359286 -0.269465
v -0.055064 -0.055375 0.167039
vt 0.827637 0.263672
vn 0.893477 -0.359286 -0.269465
v -0.060356 -0.067864 0.167087
vt 0.820312 0.309082
vn 0.894522 -0.365339 -0.257599
v -0.058174 -0.068583 0.167417
vt 0.828125 0.309570
vn 0.894522 -0.365339 -0.257599
v -0.055382 -0.041887 0.166297
vt 0.816406 0.219238
vn 0.896189 -0.273465 -0.349375
v -0.053486 -0.042401 0.166320
vt 0.823242 0.219727
vn 0.896189 -0.273465 -0.349375
v -0.056695 -0.053569 0.166952
vt 0.820801 0.258789
vn 0.898744 -0.281225 -0.336410
v -0.055064 -0.055375 0.167039
vt 0.827637 0.263672
vn 0.901054 -0.288758 -0.323606
v -0.055342 -0.036512 0.165994
vt 0.812988 0.201660
vn 0.922822 -0.219730 -0.316416
v -0.053986 -0.036102 0.165965
vt 0.817383 0.199219
vn 0.893804 -0.251115 -0.371558
v -0.066038 -0.126301 0.184345
vt 0.880859 0.508545
vn 0.785569 -0.615168 0.066705
v -0.079395 -0.118542 0.170232
vt 0.813477 0.494629
vn 0.731852 -0.666399 0.142496
v -0.048878 -0.136790 0.192533
vt 0.951660 0.524902
vn 0.827519 -0.561426 -0.003676
v -0.017880 -0.027846 0.160570
vt 0.940918 0.130859
vn 0.936618 -0.285092 -0.203640
v -0.028056 -0.017347 0.160289
vt 0.898438 0.105469
vn 0.953452 -0.287081 -0.092270
v -0.043287 -0.026647 0.171600
vt 0.852051 0.158691
vn 0.953876 -0.277529 -0.114450
v -0.164413 -0.169759 0.166006
vt 0.730957 0.579834
vn -0.977691 -0.026552 0.208365
v -0.163013 -0.171756 0.169262
vt 0.603027 0.811035
vn 0.839825 -0.433232 0.327115
v -0.162298 -0.171299 0.165667
vt 0.603027 0.799438
vn 0.839825 -0.433232 0.327115
v -0.149036 -0.183783 0.169378
vt 0.666992 0.809814
vn 0.839825 -0.433232 0.327115
v -0.148565 -0.183168 0.165660
vt 0.666016 0.797729
vn 0.839825 -0.433232 0.327115
v -0.172941 -0.176850 0.184632
vt 0.586914 0.871826
vn 0.586585 -0.809264 0.031783
v -0.171031 -0.176089 0.186060
vt 0.594238 0.869873
vn 0.575454 -0.816498 0.046738
v -0.197044 -0.195470 0.195609
vt 0.567871 0.975357
vn 0.606629 -0.794459 0.028912
v -0.164494 -0.172212 0.165637
vt 0.594238 0.802368
vn 0.627238 -0.746422 -0.222319
v -0.163013 -0.171756 0.169262
vt 0.603027 0.811035
vn 0.623061 -0.755510 -0.202484
v -0.174379 -0.175251 0.184963
vt 0.680176 0.629883
vn -0.987782 -0.033429 0.152213
v -0.198947 -0.193518 0.195609
vt 0.669922 0.734619
vn -0.987639 -0.026408 0.154505
v -0.172811 -0.173784 0.186484
vt 0.673828 0.623779
vn -0.987782 -0.033429 0.152213
v -0.165353 -0.170533 0.165635
vt 0.732910 0.583496
vn -0.987692 -0.040543 0.151068
v -0.164413 -0.169759 0.166006
vt 0.730957 0.579834
vn -0.987692 -0.040543 0.151068
v -0.174379 -0.175251 0.184963
vt 0.579102 0.871948
vn 0.826750 -0.362285 0.430388
v -0.172941 -0.176850 0.184632
vt 0.586914 0.871826
vn 0.829165 -0.355364 0.431511
v -0.198947 -0.193518 0.195609
vt 0.557617 0.976089
vn 0.757982 -0.360793 0.543408
v -0.197044 -0.195470 0.195609
vt 0.567871 0.975357
vn 0.753417 -0.358348 0.551315
v -0.162298 -0.171299 0.165667
vt 0.603027 0.799438
vn 0.633583 -0.737899 -0.232545
v -0.164494 -0.172212 0.165637
vt 0.594238 0.802368
vn 0.710925 -0.323581 0.624404
v -0.165353 -0.170533 0.165635
vt 0.587891 0.801758
vn 0.702308 -0.323809 0.633965
v -0.249122 0.122629 0.195609
vt 0.302979 0.983429
vn -0.563749 -0.272492 0.779702
v -0.233863 0.149687 0.195609
vt 0.198486 0.978149
vn -0.530497 -0.265261 0.805114
v -0.217066 0.138970 0.197402
vt 0.205078 0.912292
vn -0.555920 -0.268532 0.786666
v -0.047828 0.017218 0.171600
vt 0.348389 0.204102
vn -0.482822 -0.268729 0.833468
v -0.053243 0.025371 0.175280
vt 0.332275 0.235840
vn -0.582478 -0.268143 0.767346
v -0.033756 0.034339 0.170234
vt 0.275391 0.186523
vn -0.679547 -0.265709 0.683823
v -0.199643 0.127605 0.197012
vt 0.213257 0.841553
vn -0.537259 -0.263923 0.801060
v -0.261814 0.092653 0.195609
vt 0.416748 0.974884
vn -0.545245 -0.267925 0.794307
v -0.162575 0.103054 0.195574
vt 0.234863 0.690430
vn -0.516906 -0.253764 0.817565
v -0.193014 0.071957 0.196021
vt 0.374023 0.739502
vn -0.516906 -0.253764 0.817565
v -0.146134 0.054980 0.188057
vt 0.369629 0.569580
vn -0.967913 -0.134090 0.212518
v -0.086161 0.036151 0.175311
vt 0.358398 0.352539
vn -0.974307 -0.138765 0.177399
v -0.146186 0.054964 0.187391
vt 0.371826 0.569336
vn -0.091164 -0.014589 -0.995729
v -0.086344 0.036158 0.174011
vt 0.362549 0.352539
vn -0.098387 -0.021849 -0.994908
v -0.065616 0.027794 0.167430
vt 0.364990 0.273926
vn -0.066974 -0.014858 -0.997644
v -0.065344 0.027798 0.169765
vt 0.357666 0.274414
vn -0.968338 -0.128476 0.214046
v -0.061596 0.023955 0.166340
vt 0.368896 0.257812
vn 0.966812 -0.003948 0.255460
v -0.061270 0.023615 0.168541
vt 0.362549 0.254395
vn -0.926382 -0.158900 0.341420
v -0.194896 0.070124 0.192567
vt 0.388184 0.741455
vn -0.468564 -0.257234 0.845150
v -0.196621 0.068645 0.192769
vt 0.395020 0.744629
vn -0.487811 -0.239208 0.839536
v -0.261814 0.092653 0.195609
vt 0.416748 0.974884
vn -0.313260 -0.165595 0.935119
v -0.262949 0.088308 0.195609
vt 0.428955 0.974472
vn -0.324459 -0.157707 0.932660
v -0.066258 0.027030 0.167553
vt 0.368164 0.274902
vn -0.475472 -0.233068 0.848296
v -0.065616 0.027794 0.167430
vt 0.364990 0.273926
vn -0.489192 -0.244632 0.837166
v -0.062925 0.023284 0.166353
vt 0.373291 0.259766
vn -0.754542 -0.372602 0.540216
v -0.061596 0.023955 0.166340
vt 0.368896 0.257812
vn -0.766638 -0.374122 0.521823
v -0.046403 0.046961 0.178020
vt 0.255615 0.247559
vn -0.555062 -0.241146 0.796087
v -0.060806 0.032411 0.178892
vt 0.321289 0.271973
vn -0.542260 -0.243557 0.804135
v -0.071582 0.053212 0.184337
vt 0.269287 0.335449
vn -0.496658 -0.229970 0.836925
v -0.083385 0.040944 0.184967
vt 0.322754 0.356445
vn -0.481246 -0.226780 0.846742
v -0.086344 0.036158 0.174011
vt 0.362549 0.352539
vn -0.350321 -0.218937 0.910682
v -0.087404 0.034604 0.174391
vt 0.368652 0.354004
vn -0.418478 -0.195623 0.886909
v -0.070691 0.028831 0.168895
vt 0.367676 0.291992
vn -0.483585 -0.206008 0.850709
v -0.061892 0.019688 0.165965
vt 0.377930 0.248047
vn -0.901494 -0.079332 0.425458
v -0.061450 0.019569 0.168391
vt 0.371826 0.244141
vn -0.921043 -0.079159 0.381331
v -0.063058 0.020492 0.165994
vt 0.379395 0.252441
vn -0.813465 -0.415806 0.406670
v -0.061892 0.019688 0.165965
vt 0.377930 0.248047
vn -0.851531 -0.395695 0.343978
v -0.194896 0.070124 0.192567
vt 0.388184 0.741455
vn -0.950317 -0.133843 0.281039
v -0.261814 0.092653 0.195609
vt 0.416748 0.974884
vn -0.948983 -0.137032 0.283995
v -0.193014 0.071957 0.196021
vt 0.374023 0.739502
vn -0.950317 -0.133843 0.281039
v -0.143233 0.057508 0.193226
vt 0.349121 0.566650
vn -0.961276 -0.134989 0.240263
v -0.083385 0.040944 0.184967
vt 0.322754 0.356445
vn -0.965929 -0.143593 0.215318
v -0.060806 0.032411 0.178892
vt 0.321289 0.271973
vn -0.963399 -0.146459 0.224525
v -0.053243 0.025371 0.175280
vt 0.332275 0.235840
vn -0.938886 -0.196987 0.282291
v -0.047828 0.017218 0.171600
vt 0.348389 0.204102
vn -0.891739 -0.293621 0.344366
v -0.061450 0.019569 0.168391
vt 0.371826 0.244141
vn -0.889788 -0.311413 0.333615
v -0.143233 0.057508 0.193226
vt 0.349121 0.566650
vn -0.466859 -0.228759 0.854232
v -0.122502 0.078078 0.192533
vt 0.257324 0.529297
vn -0.475472 -0.233068 0.848296
v -0.147063 0.053217 0.187557
vt 0.378418 0.570068
vn -0.462591 -0.208619 0.861677
v -0.146186 0.054964 0.187391
vt 0.371826 0.569336
vn -0.387925 -0.238077 0.890412
v -0.021981 0.022389 0.160058
vt 0.182251 0.402344
vn -0.804430 -0.259121 -0.534555
v -0.029448 0.010526 0.159794
vt 0.205566 0.365234
vn -0.816163 -0.334800 -0.470943
v -0.023187 0.023614 0.160570
vt 0.186157 0.406250
vn -0.804430 -0.259121 -0.534555
v -0.031061 0.011108 0.160289
vt 0.210693 0.367188
vn -0.816163 -0.334800 -0.470943
v -0.029448 0.010526 0.159794
vt 0.817871 0.134766
vn -0.707074 0.000000 -0.707139
v -0.021981 0.022389 0.160058
vt 0.794434 0.171875
vn -0.707074 0.000000 -0.707139
v -0.023187 0.023614 0.160570
vt 0.291992 0.129883
vn -0.709138 -0.276747 0.648486
v -0.031061 0.011108 0.160289
vt 0.342041 0.133789
vn -0.482822 -0.268729 0.833468
v -0.275685 0.032171 0.195609
vt 0.567871 0.975357
vn 0.007888 -0.011872 0.999898
v -0.244314 0.023916 0.186060
vt 0.594238 0.869873
vn -0.015813 -0.019762 0.999680
v -0.277636 0.002409 0.195609
vt 0.670410 0.982361
vn -0.000015 -0.015635 0.999878
v -0.251028 0.002119 0.189564
vt 0.669922 0.890442
vn -0.023634 -0.031485 0.999225
v -0.275346 0.034876 0.195609
vt 0.669922 0.734619
vn -0.365188 -0.182605 0.912849
v -0.270132 0.064082 0.195609
vt 0.565430 0.749268
vn -0.333601 -0.162312 0.928636
v -0.241518 0.031618 0.194174
vt 0.643555 0.625977
vn -0.342764 -0.166907 0.924476
v -0.262949 0.088308 0.195609
vt 0.473389 0.747559
vn -0.303447 -0.147273 0.941398
v -0.196621 0.068645 0.192769
vt 0.475830 0.516357
vn -0.349494 -0.161303 0.922949
v -0.194004 0.024729 0.189027
vt 0.619629 0.463867
vn -0.366316 -0.165303 0.915690
v -0.147063 0.053217 0.187557
vt 0.477783 0.339844
vn -0.381604 -0.164185 0.909627
v -0.142819 0.018058 0.182399
vt 0.591309 0.289551
vn -0.389178 -0.163648 0.906510
v -0.275346 0.034876 0.195609
vt 0.669922 0.734619
vn -0.933007 -0.126007 0.337077
v -0.241518 0.031618 0.194174
vt 0.643555 0.625977
vn -0.902671 -0.131937 0.409608
v -0.243621 0.026746 0.186484
vt 0.673828 0.623779
vn -0.974509 -0.113476 0.193533
v -0.195385 0.018737 0.183906
vt 0.645508 0.459961
vn -0.976798 -0.118817 0.178178
v -0.194004 0.024729 0.189027
vt 0.619629 0.463867
vn -0.859957 -0.139767 0.490855
v -0.066258 0.027030 0.167553
vt 0.488525 0.043457
vn -0.237688 -0.084912 0.967623
v -0.062925 0.023284 0.166353
vt 0.499023 0.030273
vn -0.394058 -0.153236 0.906221
v -0.063058 0.020492 0.165994
vt 0.507324 0.027832
vn -0.431786 -0.171847 0.885454
v -0.049814 0.009245 0.171728
vt 0.874023 0.175781
vn 0.598700 -0.174667 0.781696
v -0.047899 -0.004970 0.170234
vt 0.922363 0.187012
vn 0.556953 -0.204534 0.804965
v -0.065652 -0.006988 0.178020
vt 0.904785 0.249023
vn 0.502100 -0.223714 0.835373
v -0.235927 0.020350 0.169262
vt 0.603027 0.811035
vn -0.133045 -0.058208 0.989399
v -0.236616 0.001923 0.169378
vt 0.666992 0.809814
vn -0.031993 -0.024007 0.999200
v -0.244314 0.023916 0.186060
vt 0.594238 0.869873
vn -0.140640 -0.053776 0.988599
v -0.251028 0.002119 0.189564
vt 0.669922 0.890442
vn -0.115318 -0.045300 0.992295
v -0.259556 -0.062571 0.196657
vt 0.889648 0.932800
vn 0.148136 -0.102921 0.983597
v -0.271198 -0.059480 0.195609
vt 0.875000 0.969543
vn 0.115107 -0.069925 0.990889
v -0.255858 -0.021463 0.193517
vt 0.750977 0.907532
vn 0.023486 -0.035270 0.999102
v -0.276150 -0.028721 0.195609
vt 0.772949 0.977478
vn 0.047689 -0.043733 0.997904
v -0.235748 -0.010689 0.169396
vt 0.710449 0.806274
vn 0.084647 -0.119351 0.989237
v -0.249495 -0.044004 0.191975
vt 0.829590 0.889099
vn 0.135777 -0.127829 0.982458
v -0.255858 -0.021463 0.193517
vt 0.750977 0.907532
vn 0.055147 -0.059114 0.996727
v -0.262846 -0.089502 0.195609
vt 0.977539 0.958282
vn 0.192027 -0.129460 0.972813
v -0.142819 0.018058 0.182399
vt 0.591309 0.289551
vn -0.825500 -0.149751 0.544174
v -0.143897 0.010671 0.176224
vt 0.622559 0.282227
vn -0.956383 -0.138542 0.257174
v -0.095684 0.013102 0.174017
vt 0.562500 0.129395
vn -0.826852 -0.164680 0.537770
v -0.090695 0.004865 0.167087
vt 0.589355 0.100586
vn -0.835685 -0.167165 0.523150
v -0.095684 0.013102 0.174017
vt 0.562500 0.129395
vn -0.381604 -0.164185 0.909627
v -0.087404 0.034604 0.174391
vt 0.481445 0.124023
vn -0.374004 -0.164755 0.912675
v -0.185533 -0.038963 0.187572
vt 0.869629 0.668701
vn 0.291087 -0.363924 0.884775
v -0.220207 -0.046403 0.189801
vt 0.859863 0.789917
vn 0.261373 -0.319087 0.910971
v -0.189503 -0.018816 0.169960
vt 0.781738 0.655762
vn 0.273101 -0.428695 0.861183
v -0.222356 -0.021758 0.169602
vt 0.756836 0.766479
vn 0.264256 -0.411561 0.872231
v -0.066292 0.015181 0.168637
vt 0.830566 0.218262
vn 0.394352 -0.406253 0.824284
v -0.055156 0.014151 0.170562
vt 0.851074 0.185547
vn 0.419240 -0.357624 0.834472
v -0.077449 0.007930 0.169801
vt 0.836914 0.263672
vn 0.363870 -0.425844 0.828405
v -0.071644 0.000840 0.175003
vt 0.871094 0.256348
vn 0.388752 -0.384869 0.837107
v -0.090695 0.004865 0.167087
vt 0.589355 0.100586
vn -0.812444 -0.144055 0.564962
v -0.144417 0.008788 0.166696
vt 0.652344 0.274414
vn -0.993411 -0.114602 -0.000051
v -0.196951 0.016258 0.166382
vt 0.700684 0.450195
vn -0.995194 -0.097867 -0.003296
v -0.047828 0.017218 0.171600
vt 0.852051 0.158691
vn 0.589255 -0.280658 0.757635
v -0.049814 0.009245 0.171728
vt 0.874023 0.175781
vn 0.421684 -0.343207 0.839280
v -0.065652 -0.006988 0.178020
vt 0.904785 0.249023
vn 0.397221 -0.352671 0.847254
v -0.230839 -0.019750 0.169502
vt 0.743164 0.793335
vn 0.234081 -0.332276 0.913673
v -0.239113 -0.047815 0.191176
vt 0.848633 0.855225
vn 0.212421 -0.220324 0.952016
v -0.243995 -0.083051 0.197402
vt 0.966309 0.894592
vn 0.206347 -0.156864 0.965823
v -0.070691 0.028831 0.168895
vt 0.484619 0.061035
vn -0.410015 -0.157051 0.898456
v -0.077237 0.010915 0.166952
vt 0.553711 0.063477
vn -0.423203 -0.167541 0.890410
v -0.067284 0.017172 0.166297
vt 0.523438 0.037109
vn -0.466101 -0.180278 0.866170
v -0.077237 0.010915 0.166952
vt 0.553711 0.063477
vn -0.741678 -0.169995 0.648858
v -0.224245 -0.076515 0.197012
vt 0.958008 0.827881
vn 0.222599 -0.218650 0.950075
v -0.181940 -0.062842 0.195574
vt 0.953613 0.682861
vn 0.293506 -0.285632 0.912288
v -0.061450 0.019569 0.168391
vt 0.824707 0.196777
vn 0.589716 -0.313625 0.744228
v -0.077631 0.008514 0.167039
vt 0.827637 0.263672
vn 0.085831 -0.634525 0.768122
v -0.077449 0.007930 0.169801
vt 0.836914 0.263672
vn 0.096044 -0.643809 0.759135
v -0.089897 0.002711 0.167417
vt 0.828125 0.309570
vn 0.175204 -0.691273 0.701032
v -0.089605 0.002310 0.170143
vt 0.836914 0.310059
vn 0.184639 -0.694949 0.694949
v -0.066292 0.015181 0.168637
vt 0.830566 0.218262
vn 0.009329 -0.585635 0.810521
v -0.066504 0.015370 0.166320
vt 0.823242 0.219727
vn -0.000021 -0.575993 0.817455
v -0.061450 0.019569 0.168391
vt 0.824707 0.196777
vn -0.037013 -0.586982 0.808753
v -0.061892 0.019688 0.165965
vt 0.817383 0.199219
vn -0.045589 -0.583258 0.811007
v -0.234869 -0.010459 0.165694
vt 0.707520 0.794434
vn 0.188060 -0.207671 0.959951
v -0.235748 -0.010689 0.169396
vt 0.710449 0.806274
vn 0.188060 -0.207671 0.959951
v -0.235841 0.001939 0.165660
vt 0.666016 0.797729
vn 0.046529 -0.065959 0.996737
v -0.236616 0.001923 0.169378
vt 0.666992 0.809814
vn 0.046529 -0.065959 0.996737
v -0.229967 -0.018578 0.165799
vt 0.734863 0.784058
vn 0.405903 -0.523046 0.749444
v -0.230839 -0.019750 0.169502
vt 0.743164 0.793335
vn 0.423701 -0.525746 0.737610
v -0.189588 -0.018101 0.166340
vt 0.770020 0.653564
vn 0.247356 -0.699273 0.670695
v -0.189503 -0.018816 0.169960
vt 0.781738 0.655762
vn 0.256197 -0.702234 0.664252
v -0.222288 -0.020835 0.165929
vt 0.745605 0.762817
vn 0.326991 -0.694947 0.640411
v -0.222356 -0.021758 0.169602
vt 0.756836 0.766479
vn 0.352657 -0.705339 0.614922
v -0.142289 -0.011287 0.167105
vt 0.803711 0.493164
vn 0.221718 -0.703837 0.674874
v -0.142188 -0.011847 0.170232
vt 0.813477 0.494629
vn 0.221718 -0.703837 0.674874
v -0.088128 -0.008637 0.178476
vt 0.881348 0.321289
vn 0.347434 -0.405434 0.845525
v -0.089605 0.002310 0.170143
vt 0.836914 0.310059
vn 0.313566 -0.447481 0.837518
v -0.086238 -0.022776 0.184337
vt 0.931641 0.333496
vn 0.357496 -0.349622 0.866003
v -0.077237 0.010915 0.166952
vt 0.820801 0.258789
vn 0.484854 -0.287361 0.826039
v -0.077631 0.008514 0.167039
vt 0.827637 0.263672
vn 0.484854 -0.287361 0.826039
v -0.090695 0.004865 0.167087
vt 0.820312 0.309082
vn 0.484854 -0.287361 0.826039
v -0.089897 0.002711 0.167417
vt 0.828125 0.309570
vn 0.484854 -0.287361 0.826039
v -0.067284 0.017172 0.166297
vt 0.816406 0.219238
vn 0.518214 -0.259144 0.815045
v -0.066504 0.015370 0.166320
vt 0.823242 0.219727
vn 0.518214 -0.259144 0.815045
v -0.077237 0.010915 0.166952
vt 0.820801 0.258789
vn 0.509886 -0.254980 0.821585
v -0.077631 0.008514 0.167039
vt 0.827637 0.263672
vn 0.509886 -0.254980 0.821585
v -0.063058 0.020492 0.165994
vt 0.812988 0.201660
vn 0.550671 -0.275372 0.787992
v -0.061892 0.019688 0.165965
vt 0.817383 0.199219
vn 0.550671 -0.275372 0.787992
v -0.139926 -0.027128 0.184345
vt 0.880859 0.508545
vn 0.315501 -0.388657 0.865682
v -0.142188 -0.011847 0.170232
vt 0.813477 0.494629
vn 0.290304 -0.443167 0.848131
v -0.137428 -0.047084 0.192533
vt 0.951660 0.524902
vn 0.332890 -0.328974 0.883720
v -0.032925 -0.003394 0.160570
vt 0.940918 0.130859
vn 0.574565 -0.201564 0.793251
v -0.031061 0.011108 0.160289
vt 0.898438 0.105469
vn 0.624015 -0.144032 0.768024
v -0.047828 0.017218 0.171600
vt 0.852051 0.158691
vn 0.635783 -0.152962 0.756559
v -0.235238 0.022690 0.166007
vt 0.730957 0.579834
vn -0.995696 -0.092617 -0.003348
v -0.235927 0.020350 0.169262
vt 0.603027 0.811035
vn -0.039976 -0.031971 0.998689
v -0.235124 0.020076 0.165667
vt 0.603027 0.799438
vn -0.039976 -0.031971 0.998689
v -0.236616 0.001923 0.169378
vt 0.666992 0.809814
vn -0.039976 -0.031971 0.998689
v -0.235841 0.001939 0.165660
vt 0.666016 0.797729
vn -0.039976 -0.031971 0.998689
v -0.246100 0.024936 0.184632
vt 0.586914 0.871826
vn 0.582613 -0.663551 0.469321
v -0.244314 0.023916 0.186060
vt 0.594238 0.869873
vn 0.579437 -0.669241 0.465155
v -0.275685 0.032171 0.195609
vt 0.567871 0.975357
vn 0.563481 -0.652124 0.507172
v -0.237207 0.021223 0.165637
vt 0.594238 0.802368
vn 0.776023 -0.583999 0.238189
v -0.235927 0.020350 0.169262
vt 0.603027 0.811035
vn 0.764322 -0.590681 0.258664
v -0.245746 0.027056 0.184963
vt 0.680176 0.629883
vn -0.997988 -0.055231 -0.031123
v -0.275346 0.034876 0.195609
vt 0.669922 0.734619
vn -0.997917 -0.062142 -0.017311
v -0.243621 0.026746 0.186484
vt 0.673828 0.623779
vn -0.997988 -0.055231 -0.031123
v -0.236430 0.022941 0.165635
vt 0.732910 0.583496
vn -0.997790 -0.048642 -0.045260
v -0.235238 0.022690 0.166007
vt 0.730957 0.579834
vn -0.997790 -0.048642 -0.045260
v -0.245746 0.027056 0.184963
vt 0.579102 0.871948
vn -0.260501 -0.079838 0.962167
v -0.246100 0.024936 0.184632
vt 0.586914 0.871826
vn -0.284820 -0.083792 0.954912
v -0.275346 0.034876 0.195609
vt 0.557617 0.976089
vn -0.270524 -0.117802 0.955478
v -0.275685 0.032171 0.195609
vt 0.567871 0.975357
vn -0.279612 -0.122355 0.952285
v -0.235124 0.020076 0.165667
vt 0.603027 0.799438
vn 0.775585 -0.579809 0.249581
v -0.237207 0.021223 0.165637
vt 0.594238 0.802368
vn -0.389178 -0.163648 0.906510
v -0.236430 0.022941 0.165635
vt 0.587891 0.801758
vn -0.381604 -0.164185 0.909627
v -0.059455 0.271218 0.195609
vt 0.302979 0.983429
vn -0.893799 -0.251067 -0.371603
v -0.028788 0.276159 0.195609
vt 0.198486 0.978149
vn -0.892751 -0.263743 -0.365288
v -0.026693 0.256345 0.197402
vt 0.205078 0.912292
vn -0.893799 -0.251067 -0.371603
v -0.016364 0.048118 0.171600
vt 0.348389 0.204102
vn -0.899449 -0.342645 -0.271266
v -0.013366 0.057435 0.175280
vt 0.332275 0.235840
vn -0.896596 -0.236421 -0.374460
v 0.005795 0.047790 0.170234
vt 0.275391 0.186523
vn -0.905036 -0.182822 -0.384039
v -0.024716 0.235636 0.197012
vt 0.213257 0.841553
vn -0.894793 -0.261400 -0.361962
v -0.090805 0.262452 0.195609
vt 0.416748 0.974884
vn -0.891743 -0.253333 -0.374989
v -0.020799 0.191349 0.195574
vt 0.234863 0.690430
vn -0.902907 -0.286133 -0.320759
v -0.064090 0.195758 0.196021
vt 0.374023 0.739502
vn -0.900651 -0.278657 -0.333433
v -0.048134 0.148520 0.188057
vt 0.369629 0.569580
vn -0.974589 -0.006879 -0.223894
v -0.025462 0.089892 0.175311
vt 0.358398 0.352539
vn -0.225323 -0.013849 -0.974186
v -0.048179 0.148552 0.187391
vt 0.371826 0.569336
vn -0.052664 -0.158029 -0.986029
v -0.025571 0.090039 0.174011
vt 0.362549 0.352539
vn -0.052925 -0.173956 -0.983330
v -0.019186 0.068619 0.167430
vt 0.364990 0.273926
vn -0.034465 -0.122539 -0.991865
v -0.019014 0.068409 0.169765
vt 0.357666 0.274414
vn -0.975507 -0.006861 -0.219863
v -0.019681 0.063082 0.166340
vt 0.368896 0.257812
vn -0.994327 -0.081756 0.068034
v -0.019744 0.062616 0.168541
vt 0.362549 0.254395
vn -0.969513 -0.061018 -0.237319
v -0.066696 0.196087 0.192567
vt 0.388184 0.741455
vn -0.901734 -0.343522 -0.262427
v -0.068928 0.196512 0.192769
vt 0.395020 0.744629
vn -0.908673 -0.309308 -0.280431
v -0.090805 0.262452 0.195609
vt 0.416748 0.974884
vn -0.903823 -0.420373 -0.079939
v -0.094910 0.260630 0.195609
vt 0.428955 0.974472
vn -0.909501 -0.406080 -0.088918
v -0.020184 0.068645 0.167553
vt 0.368164 0.274902
vn -0.908673 -0.309308 -0.280431
v -0.019186 0.068619 0.167430
vt 0.364990 0.273926
vn -0.904957 -0.303292 -0.298441
v -0.021035 0.063703 0.166353
vt 0.373291 0.259766
vn -0.701419 -0.011091 -0.712662
v -0.019681 0.063082 0.166340
vt 0.368896 0.257812
vn -0.695564 -0.033105 -0.717701
v 0.007778 0.065548 0.178020
vt 0.255615 0.247559
vn -0.914559 -0.269263 -0.301793
v -0.012578 0.067737 0.178892
vt 0.321289 0.271973
vn -0.911451 -0.273895 -0.306982
v -0.003034 0.089131 0.184337
vt 0.269287 0.335449
vn -0.914766 -0.308002 -0.261417
v -0.019984 0.090710 0.184967
vt 0.322754 0.356445
vn -0.914289 -0.317167 -0.251954
v -0.025571 0.090039 0.174011
vt 0.362549 0.352539
vn -0.893644 -0.436334 -0.104945
v -0.027446 0.089900 0.174391
vt 0.368652 0.354004
vn -0.917243 -0.350696 -0.188886
v -0.021540 0.073233 0.168895
vt 0.367676 0.291992
vn -0.923654 -0.325441 -0.202365
v -0.023202 0.060653 0.165965
vt 0.377930 0.248047
vn -0.986360 -0.157311 -0.048441
v -0.023019 0.060234 0.168391
vt 0.371826 0.244141
vn -0.988786 -0.135937 -0.061831
v -0.023300 0.062066 0.165994
vt 0.379395 0.252441
vn -0.709392 -0.197926 -0.676453
v -0.023202 0.060653 0.165965
vt 0.377930 0.248047
vn -0.656597 -0.189097 -0.730153
v -0.066696 0.196087 0.192567
vt 0.388184 0.741455
vn -0.978451 -0.046898 -0.201084
v -0.090805 0.262452 0.195609
vt 0.416748 0.974884
vn -0.977635 -0.047020 -0.204987
v -0.064090 0.195758 0.196021
vt 0.374023 0.739502
vn -0.977091 -0.040424 -0.208949
v -0.044348 0.147829 0.193226
vt 0.349121 0.566650
vn -0.975087 -0.020379 -0.220887
v -0.019984 0.090710 0.184967
vt 0.322754 0.356445
vn -0.244955 0.000000 -0.969535
v -0.012578 0.067737 0.178892
vt 0.321289 0.271973
vn -0.253104 0.000000 -0.967439
v -0.013366 0.057435 0.175280
vt 0.332275 0.235840
vn -0.342009 -0.007198 -0.939669
v -0.016364 0.048118 0.171600
vt 0.348389 0.204102
vn -0.504527 -0.067833 -0.860727
v -0.023019 0.060234 0.168391
vt 0.371826 0.244141
vn -0.528703 -0.096107 -0.843348
v -0.044348 0.147829 0.193226
vt 0.349121 0.566650
vn -0.910009 -0.316091 -0.268273
v -0.015341 0.144446 0.192533
vt 0.257324 0.529297
vn -0.908673 -0.309308 -0.280431
v -0.050092 0.148147 0.187557
vt 0.378418 0.570068
vn -0.919453 -0.331905 -0.210820
v -0.048179 0.148552 0.187391
vt 0.371826 0.569336
vn -0.895984 -0.422131 -0.137904
v 0.003794 0.031134 0.160058
vt 0.101929 0.429688
vn -0.684997 0.000000 -0.728546
v -0.010137 0.029576 0.159794
vt 0.145264 0.424805
vn -0.765172 -0.121942 -0.632172
v 0.003999 0.032841 0.160570
vt 0.101257 0.435059
vn -0.684997 0.000000 -0.728546
v -0.010687 0.031199 0.160289
vt 0.147095 0.429688
vn -0.765172 -0.121942 -0.632172
v -0.010137 0.029576 0.159794
vt 0.757812 0.194336
vn -0.707074 0.000000 -0.707139
v 0.003794 0.031134 0.160058
vt 0.714355 0.199219
vn -0.707074 0.000000 -0.707139
v 0.003999 0.032841 0.160570
vt 0.291992 0.129883
vn -0.891787 -0.148624 -0.427349
v -0.010687 0.031199 0.160289
vt 0.342041 0.133789
vn -0.899449 -0.342645 -0.271266
v -0.146740 0.235586 0.195609
vt 0.567871 0.975357
vn -0.855324 -0.436399 0.279243
v -0.133635 0.205913 0.186060
vt 0.594238 0.869873
vn -0.861801 -0.443836 0.245576
v -0.171225 0.218555 0.195609
vt 0.670410 0.982361
vn -0.853789 -0.444150 0.271615
v -0.154863 0.197572 0.189564
vt 0.669922 0.890442
vn -0.859961 -0.451273 0.238370
v -0.144414 0.237007 0.195609
vt 0.669922 0.734619
vn -0.912499 -0.377598 -0.157369
v -0.118328 0.251141 0.195609
vt 0.565430 0.749268
vn -0.910438 -0.401774 -0.098388
v -0.125870 0.208529 0.194174
vt 0.643555 0.625977
vn -0.911589 -0.395599 -0.111837
v -0.094910 0.260630 0.195609
vt 0.473389 0.747559
vn -0.906924 -0.415997 -0.066598
v -0.068928 0.196512 0.192769
vt 0.475830 0.516357
vn -0.913309 -0.395585 -0.096848
v -0.101631 0.167086 0.189027
vt 0.619629 0.463867
vn -0.915796 -0.386496 -0.109267
v -0.144414 0.237007 0.195609
vt 0.669922 0.734619
vn -0.983026 -0.084601 -0.162799
v -0.125870 0.208529 0.194174
vt 0.643555 0.625977
vn -0.188060 -0.006933 -0.982133
v -0.130991 0.207136 0.186484
vt 0.673828 0.623779
vn -0.184065 -0.006914 -0.982890
v -0.128935 0.198053 0.166007
vt 0.730957 0.579834
vn -0.174547 0.000000 -0.984649
v -0.110091 0.164108 0.166382
vt 0.700684 0.450195
vn -0.197433 0.000000 -0.980316
v -0.101631 0.167086 0.189027
vt 0.619629 0.463867
vn -0.201426 0.000000 -0.979504
v -0.023836 0.044699 0.171728
vt 0.874023 0.175781
vn -0.762738 -0.259666 0.592288
v -0.033756 0.034339 0.170234
vt 0.922363 0.187012
vn -0.679547 -0.265709 0.683823
v -0.046403 0.046961 0.178020
vt 0.904785 0.249023
vn -0.607158 -0.276012 0.745102
v -0.131194 0.197132 0.169262
vt 0.603027 0.811035
vn -0.892201 -0.437934 0.110412
v -0.146030 0.186181 0.169378
vt 0.666992 0.809814
vn -0.869171 -0.443175 0.219402
v -0.133635 0.205913 0.186060
vt 0.594238 0.869873
vn -0.894163 -0.430843 0.121846
v -0.154863 0.197572 0.189564
vt 0.669922 0.890442
vn -0.889958 -0.432658 0.144160
v -0.210756 0.163906 0.196657
vt 0.889648 0.932800
vn -0.774981 -0.419047 0.473078
v -0.215598 0.174935 0.195609
vt 0.875000 0.969543
vn -0.804283 -0.415705 0.424639
v -0.176310 0.186645 0.193517
vt 0.750977 0.907532
vn -0.838364 -0.445383 0.314292
v -0.194638 0.197985 0.195609
vt 0.772949 0.977478
vn -0.831748 -0.437764 0.341406
v -0.155349 0.177640 0.169396
vt 0.710449 0.806274
vn -0.768200 -0.469477 0.435270
v -0.189967 0.167616 0.191975
vt 0.829590 0.889099
vn -0.753520 -0.442512 0.486201
v -0.176310 0.186645 0.193517
vt 0.750977 0.907532
vn -0.820733 -0.445318 0.357895
v -0.233863 0.149687 0.195609
vt 0.977539 0.958282
vn -0.749460 -0.410877 0.519125
v -0.083177 0.118378 0.166696
vt 0.652344 0.274414
vn -0.976489 -0.033783 -0.212906
v -0.074934 0.122908 0.182399
vt 0.591309 0.289551
vn -0.974928 -0.027171 -0.220854
v -0.052750 0.073931 0.167087
vt 0.589355 0.100586
vn -0.974120 -0.099703 -0.202854
v -0.049420 0.082966 0.174017
vt 0.562500 0.129395
vn -0.973675 -0.080008 -0.213440
v -0.146146 0.120752 0.187572
vt 0.869629 0.668701
vn -0.468362 -0.460453 0.754069
v -0.173582 0.143222 0.189801
vt 0.859863 0.789917
vn -0.533317 -0.464639 0.706883
v -0.132870 0.136417 0.169960
vt 0.781738 0.655762
vn -0.390087 -0.495412 0.776143
v -0.155654 0.160268 0.169602
vt 0.756836 0.766479
vn -0.414538 -0.496674 0.762544
v -0.029469 0.061283 0.168637
vt 0.830566 0.218262
vn -0.384548 -0.400236 0.831826
v -0.023332 0.051934 0.170562
vt 0.851074 0.185547
vn -0.437351 -0.367208 0.820904
v -0.042095 0.065486 0.169801
vt 0.836914 0.263672
vn -0.373571 -0.431891 0.820923
v -0.044018 0.056527 0.175003
vt 0.871094 0.256348
vn -0.416287 -0.400240 0.816402
v -0.016364 0.048118 0.171600
vt 0.852051 0.158691
vn -0.481246 -0.226780 0.846742
v -0.023836 0.044699 0.171728
vt 0.874023 0.175781
vn -0.457992 -0.362215 0.811815
v -0.046403 0.046961 0.178020
vt 0.904785 0.249023
vn -0.450762 -0.381083 0.807211
v -0.159373 0.168153 0.169502
vt 0.743164 0.793335
vn -0.518966 -0.487005 0.702496
v -0.186473 0.157123 0.191176
vt 0.848633 0.855225
vn -0.647270 -0.447142 0.617337
v -0.217066 0.138970 0.197402
vt 0.966309 0.894592
vn -0.712883 -0.414348 0.565786
v -0.052750 0.073931 0.167087
vt 0.589355 0.100586
vn -0.969647 -0.081351 -0.230580
v -0.049420 0.082966 0.174017
vt 0.562500 0.129395
vn -0.970061 -0.067564 -0.233275
v -0.039628 0.067181 0.166952
vt 0.553711 0.063477
vn -0.961803 -0.220623 -0.162051
v -0.199643 0.127605 0.197012
vt 0.958008 0.827881
vn -0.649728 -0.440292 0.619675
v -0.162575 0.103054 0.195574
vt 0.953613 0.682861
vn -0.560025 -0.426278 0.710394
v -0.023019 0.060234 0.168391
vt 0.824707 0.196777
vn -0.417350 -0.226827 0.879982
v -0.041752 0.065992 0.167039
vt 0.827637 0.263672
vn -0.116073 -0.657502 0.744458
v -0.042095 0.065486 0.169801
vt 0.836914 0.263672
vn -0.096093 -0.643828 0.759112
v -0.053937 0.071964 0.167417
vt 0.828125 0.309570
vn -0.027947 -0.591581 0.805761
v -0.054068 0.071485 0.170143
vt 0.836914 0.310059
vn -0.027746 -0.587135 0.809013
v -0.029469 0.061283 0.168637
vt 0.830566 0.218262
vn -0.188494 -0.709191 0.679351
v -0.029454 0.061567 0.166320
vt 0.823242 0.219727
vn -0.197982 -0.712642 0.673012
v -0.023019 0.060234 0.168391
vt 0.824707 0.196777
vn -0.249171 -0.737463 0.627744
v -0.023202 0.060653 0.165965
vt 0.817383 0.199219
vn -0.258335 -0.740166 0.620820
v -0.074934 0.122908 0.182399
vt 0.591309 0.289551
vn -0.919495 -0.379333 -0.103133
v -0.050092 0.148147 0.187557
vt 0.474121 0.339355
vn -0.918208 -0.382215 -0.103954
v -0.021035 0.063703 0.166353
vt 0.497314 0.026855
vn -0.880796 -0.379792 0.282766
v -0.023300 0.062066 0.165994
vt 0.507324 0.027832
vn -0.921371 -0.342222 -0.184279
v -0.020184 0.068645 0.167553
vt 0.485352 0.041992
vn -0.888087 -0.392074 0.239958
v -0.039628 0.067181 0.166952
vt 0.553711 0.063477
vn -0.920070 -0.385298 -0.070831
v -0.027446 0.089900 0.174391
vt 0.481445 0.124023
vn -0.917871 -0.378952 -0.117934
v -0.028531 0.063301 0.166297
vt 0.525879 0.033691
vn -0.926295 -0.360893 -0.108323
v -0.021540 0.073233 0.168895
vt 0.484619 0.061035
vn -0.918042 -0.293744 -0.266296
v -0.021540 0.073233 0.168895
vt 0.484619 0.061035
vn -0.923510 -0.372571 -0.091216
v -0.028531 0.063301 0.166297
vt 0.525879 0.033691
vn -0.840424 -0.161584 -0.517279
v -0.154622 0.177096 0.165694
vt 0.707520 0.794434
vn -0.669664 -0.457773 0.584803
v -0.155349 0.177640 0.169396
vt 0.710449 0.806274
vn -0.669664 -0.457773 0.584803
v -0.145535 0.185586 0.165660
vt 0.666016 0.797729
vn -0.812094 -0.453572 0.367118
v -0.146030 0.186181 0.169378
vt 0.666992 0.809814
vn -0.814659 -0.455025 0.359560
v -0.157913 0.168201 0.165799
vt 0.734863 0.784058
vn -0.225336 -0.420636 0.878800
v -0.159373 0.168153 0.169502
vt 0.743164 0.793335
vn -0.217055 -0.407928 0.886838
v -0.132364 0.136929 0.166340
vt 0.770020 0.653564
vn -0.008891 -0.540312 0.841417
v -0.132870 0.136417 0.169960
vt 0.781738 0.655762
vn -0.008891 -0.540312 0.841417
v -0.154890 0.160791 0.165929
vt 0.745605 0.762817
vn -0.008341 -0.489898 0.871740
v -0.155654 0.160268 0.169602
vt 0.756836 0.766479
vn 0.008154 -0.482880 0.875649
v -0.097546 0.104198 0.167105
vt 0.803711 0.493164
vn -0.009112 -0.563065 0.826362
v -0.097921 0.103770 0.170232
vt 0.813477 0.494629
vn -0.009112 -0.563065 0.826362
v -0.049420 0.082966 0.174017
vt 0.562500 0.129395
vn -0.919181 -0.376042 -0.117036
v -0.061705 0.063506 0.178476
vt 0.881348 0.321289
vn -0.400884 -0.436228 0.805604
v -0.054068 0.071485 0.170143
vt 0.836914 0.310059
vn -0.354278 -0.469772 0.808580
v -0.071582 0.053212 0.184337
vt 0.931641 0.333496
vn -0.470077 -0.409287 0.781992
v -0.039628 0.067181 0.166952
vt 0.820801 0.258789
vn -0.496543 -0.293424 0.816913
v -0.041752 0.065992 0.167039
vt 0.827637 0.263672
vn -0.496543 -0.293424 0.816913
v -0.052750 0.073931 0.167087
vt 0.820312 0.309082
vn -0.496543 -0.293424 0.816913
v -0.053937 0.071964 0.167417
vt 0.828125 0.309570
vn -0.496543 -0.293424 0.816913
v -0.028531 0.063301 0.166297
vt 0.816406 0.219238
vn -0.700300 -0.230704 0.675541
v -0.029454 0.061567 0.166320
vt 0.823242 0.219727
vn -0.509942 -0.254983 0.821549
v -0.039628 0.067181 0.166952
vt 0.820801 0.258789
vn -0.710856 -0.239723 0.661224
v -0.041752 0.065992 0.167039
vt 0.827637 0.263672
vn -0.518270 -0.259147 0.815008
v -0.023300 0.062066 0.165994
vt 0.812988 0.201660
vn -0.612006 -0.224116 0.758433
v -0.023202 0.060653 0.165965
vt 0.817383 0.199219
vn -0.489192 -0.244632 0.837166
v -0.028531 0.063301 0.166297
vt 0.816406 0.219238
vn -0.634813 -0.239163 0.734720
v -0.029454 0.061567 0.166320
vt 0.823242 0.219727
vn -0.507380 -0.258403 0.822067
v -0.108458 0.092474 0.184345
vt 0.880859 0.508545
vn -0.431731 -0.451333 0.780965
v -0.097921 0.103770 0.170232
vt 0.813477 0.494629
vn -0.364557 -0.484796 0.795029
v -0.122502 0.078078 0.192533
vt 0.951660 0.524902
vn -0.498560 -0.416852 0.760048
v -0.023187 0.023614 0.160570
vt 0.940918 0.130859
vn -0.693223 -0.261047 0.671786
v -0.010687 0.031199 0.160289
vt 0.898438 0.105469
vn -0.825701 -0.252325 0.504529
v -0.016364 0.048118 0.171600
vt 0.852051 0.158691
vn -0.809879 -0.246831 0.532137
v -0.131194 0.197132 0.169262
vt 0.603027 0.811035
vn -0.869528 -0.447582 0.208785
v -0.130907 0.196334 0.165667
vt 0.603027 0.799438
vn -0.869528 -0.447582 0.208785
v -0.146030 0.186181 0.169378
vt 0.666992 0.809814
vn -0.869528 -0.447582 0.208785
v -0.145535 0.185586 0.165660
vt 0.666016 0.797729
vn -0.869528 -0.447582 0.208785
v -0.133951 0.207945 0.184632
vt 0.586914 0.871826
vn 0.050754 -0.359046 0.931939
v -0.133635 0.205913 0.186060
vt 0.594238 0.869873
vn 0.058614 -0.370156 0.927119
v -0.146740 0.235586 0.195609
vt 0.567871 0.975357
vn 0.014250 -0.335429 0.941958
v -0.131309 0.198678 0.165637
vt 0.594238 0.802368
vn 0.132156 -0.253341 0.958308
v -0.131194 0.197132 0.169262
vt 0.603027 0.811035
vn 0.131314 -0.262690 0.955903
v -0.132072 0.208991 0.184963
vt 0.680176 0.629883
vn -0.080752 -0.102805 -0.991418
v -0.144414 0.237007 0.195609
vt 0.669922 0.734619
vn -0.077505 -0.088578 -0.993049
v -0.130991 0.207136 0.186484
vt 0.673828 0.623779
vn -0.080687 -0.110034 -0.990647
v -0.129481 0.199141 0.165635
vt 0.732910 0.583496
vn -0.081210 -0.118150 -0.989669
v -0.128935 0.198053 0.166007
vt 0.730957 0.579834
vn -0.081210 -0.118150 -0.989669
v -0.132072 0.208991 0.184963
vt 0.579102 0.871948
vn -0.910321 -0.410047 0.056363
v -0.133951 0.207945 0.184632
vt 0.586914 0.871826
vn -0.913194 -0.404662 0.048214
v -0.144414 0.237007 0.195609
vt 0.557617 0.976089
vn -0.903474 -0.428359 -0.015605
v -0.146740 0.235586 0.195609
vt 0.567871 0.975357
vn -0.904926 -0.424912 -0.023648
v -0.130907 0.196334 0.165667
vt 0.603027 0.799438
vn 0.124296 -0.244957 0.961533
v -0.131309 0.198678 0.165637
vt 0.594238 0.802368
vn -0.919495 -0.379333 -0.103133
v -0.129481 0.199141 0.165635
vt 0.587891 0.801758
vn -0.919181 -0.376042 -0.117036
v 0.174971 0.215575 0.195609
vt 0.302979 0.983429
vn -0.452986 -0.756515 -0.471687
v 0.197955 0.194679 0.195609
vt 0.198486 0.978149
vn -0.462958 -0.755823 -0.463035
v 0.183769 0.180687 0.197402
vt 0.205078 0.912292
vn -0.452986 -0.756515 -0.471687
v 0.027411 0.042784 0.171600
vt 0.348389 0.204102
vn -0.485712 -0.760607 -0.430768
v 0.036565 0.046249 0.175280
vt 0.332275 0.235840
vn -0.441149 -0.753660 -0.487220
v 0.040971 0.025255 0.170234
vt 0.275391 0.186523
vn -0.403959 -0.729687 -0.551701
v 0.168812 0.166230 0.197012
vt 0.213257 0.841553
vn -0.460892 -0.752515 -0.470425
v 0.148571 0.234620 0.195609
vt 0.416748 0.974884
vn -0.454961 -0.759822 -0.464415
v 0.136629 0.135554 0.195574
vt 0.234863 0.690430
vn -0.472728 -0.737500 -0.482309
v 0.113084 0.172150 0.196021
vt 0.374023 0.739502
vn -0.470151 -0.740828 -0.479722
v 0.086100 0.130223 0.188057
vt 0.369629 0.569580
vn -0.153233 -0.370669 -0.916037
v 0.054399 0.075943 0.175311
vt 0.358398 0.352539
vn -0.139796 -0.380041 -0.914344
v 0.086097 0.130277 0.187391
vt 0.371826 0.569336
vn 0.026934 -0.184927 -0.982383
v 0.054446 0.076120 0.174011
vt 0.362549 0.352539
vn 0.034607 -0.192308 -0.980724
v 0.041680 0.057773 0.167430
vt 0.364990 0.273926
vn 0.023220 -0.131626 -0.991027
v 0.041623 0.057507 0.169765
vt 0.357666 0.274414
vn -0.150037 -0.357254 -0.921878
v 0.037042 0.054708 0.166340
vt 0.368896 0.257812
vn -0.118211 -0.035789 -0.992343
v 0.036639 0.054466 0.168541
vt 0.362549 0.254395
vn -0.221557 -0.450289 -0.864958
v 0.111716 0.174392 0.192567
vt 0.388184 0.741455
vn -0.490524 -0.749666 -0.444283
v 0.110657 0.176403 0.192769
vt 0.395020 0.744629
vn -0.481953 -0.725314 -0.491570
v 0.148571 0.234620 0.195609
vt 0.416748 0.974884
vn -0.559372 -0.629307 -0.539515
v 0.144587 0.236693 0.195609
vt 0.428955 0.974472
vn -0.553222 -0.613629 -0.563387
v 0.041078 0.058569 0.167553
vt 0.368164 0.274902
vn -0.487801 -0.717360 -0.497439
v 0.041680 0.057773 0.167430
vt 0.364990 0.273926
vn -0.484181 -0.728706 -0.484310
v 0.036684 0.056153 0.166353
vt 0.373291 0.259766
vn -0.337106 -0.875610 -0.345930
v 0.037042 0.054708 0.166340
vt 0.368896 0.257812
vn -0.330182 -0.877574 -0.347626
v 0.056091 0.034776 0.178020
vt 0.255615 0.247559
vn -0.454879 -0.716796 -0.528478
v 0.045111 0.052056 0.178892
vt 0.321289 0.271973
vn -0.464896 -0.715988 -0.520801
v 0.067788 0.057933 0.184337
vt 0.269287 0.335449
vn -0.484021 -0.702310 -0.522001
v 0.058454 0.072170 0.184967
vt 0.322754 0.356445
vn -0.488842 -0.702420 -0.517338
v 0.054446 0.076120 0.174011
vt 0.362549 0.352539
vn -0.544282 -0.707140 -0.451342
v 0.053168 0.077499 0.174391
vt 0.368652 0.354004
vn -0.512194 -0.666860 -0.541253
v 0.043820 0.062490 0.168895
vt 0.367676 0.291992
vn -0.488150 -0.666580 -0.563366
v 0.032948 0.055946 0.165965
vt 0.377930 0.248047
vn -0.220233 -0.258700 -0.940517
v 0.032734 0.055542 0.168391
vt 0.371826 0.244141
vn -0.203215 -0.252276 -0.946077
v 0.033992 0.056903 0.165994
vt 0.379395 0.252441
vn -0.286721 -0.919209 -0.269899
v 0.032948 0.055946 0.165965
vt 0.377930 0.248047
vn -0.262893 -0.909731 -0.321367
v 0.111716 0.174392 0.192567
vt 0.388184 0.741455
vn -0.181598 -0.377433 -0.908056
v 0.148571 0.234620 0.195609
vt 0.416748 0.974884
vn -0.187934 -0.382981 -0.904437
v 0.113084 0.172150 0.196021
vt 0.374023 0.739502
vn -0.181598 -0.377433 -0.908056
v 0.087920 0.126832 0.193226
vt 0.349121 0.566650
vn -0.166682 -0.375922 -0.911537
v 0.058454 0.072170 0.184967
vt 0.322754 0.356445
vn -0.156952 -0.392447 -0.906284
v 0.045111 0.052056 0.178892
vt 0.321289 0.271973
vn -0.164032 -0.406537 -0.898789
v 0.036565 0.046249 0.175280
vt 0.332275 0.235840
vn -0.210313 -0.543926 -0.812351
v 0.027411 0.042784 0.171600
vt 0.348389 0.204102
vn -0.261329 -0.764617 -0.589124
v 0.032734 0.055542 0.168391
vt 0.371826 0.244141
vn -0.260435 -0.797196 -0.544658
v 0.087920 0.126832 0.193226
vt 0.349121 0.566650
vn -0.491157 -0.712674 -0.500859
v 0.103362 0.102044 0.192533
vt 0.257324 0.529297
vn -0.487801 -0.717360 -0.497439
v 0.084589 0.131521 0.187557
vt 0.378418 0.570068
vn -0.495930 -0.677097 -0.543684
v 0.086097 0.130277 0.187391
vt 0.371826 0.569336
vn -0.529216 -0.727122 -0.437292
v 0.016797 0.026354 0.159794
vt 0.061401 0.414551
vn -0.617985 -0.009882 -0.786128
v 0.017723 0.027797 0.160289
vt 0.058411 0.419434
vn -0.617985 -0.009882 -0.786128
v 0.016797 0.026354 0.159794
vt 0.673828 0.184082
vn -0.707074 0.000000 -0.707139
v 0.028164 0.017338 0.160570
vt 0.291992 0.129883
vn -0.388851 -0.743165 -0.544519
v 0.017723 0.027797 0.160289
vt 0.342041 0.133789
vn -0.485712 -0.760607 -0.430768
v 0.092691 0.261601 0.195609
vt 0.567871 0.975357
vn -0.684364 -0.304162 -0.662670
v 0.077663 0.232854 0.186060
vt 0.594238 0.869873
vn -0.677060 -0.354621 -0.644852
v 0.064110 0.270125 0.195609
vt 0.670410 0.982361
vn -0.684863 -0.345084 -0.641778
v 0.057906 0.244250 0.189564
vt 0.669922 0.890442
vn -0.678813 -0.384845 -0.625386
v 0.095253 0.260668 0.195609
vt 0.669922 0.734619
vn -0.534983 -0.653880 -0.535009
v 0.122567 0.249086 0.195609
vt 0.565430 0.749268
vn -0.549841 -0.619831 -0.559896
v 0.084549 0.228414 0.194174
vt 0.643555 0.625977
vn -0.544433 -0.629353 -0.554534
v 0.144587 0.236693 0.195609
vt 0.473389 0.747559
vn -0.561967 -0.597370 -0.572139
v 0.110657 0.176403 0.192769
vt 0.475830 0.516357
vn -0.543683 -0.612897 -0.573381
v 0.067261 0.183624 0.189027
vt 0.619629 0.463867
vn -0.535368 -0.618897 -0.574758
v 0.084589 0.131521 0.187557
vt 0.477783 0.339844
vn -0.529323 -0.611898 -0.587706
v 0.049367 0.135207 0.182399
vt 0.591309 0.289551
vn -0.526305 -0.608395 -0.594019
v 0.095253 0.260668 0.195609
vt 0.669922 0.734619
vn -0.204597 -0.359822 -0.910312
v 0.084549 0.228414 0.194174
vt 0.643555 0.625977
vn -0.238111 -0.383852 -0.892166
v 0.080267 0.231549 0.186484
vt 0.673828 0.623779
vn -0.136197 -0.315388 -0.939138
v 0.061726 0.186304 0.183906
vt 0.645508 0.459961
vn -0.129736 -0.324341 -0.937001
v 0.067261 0.183624 0.189027
vt 0.619629 0.463867
vn -0.278351 -0.419338 -0.864104
v 0.041078 0.058569 0.167553
vt 0.488525 0.043457
vn -0.580682 -0.476443 -0.660159
v 0.036684 0.056153 0.166353
vt 0.499023 0.030273
vn -0.525043 -0.582367 -0.620627
v 0.033992 0.056903 0.165994
vt 0.507324 0.027832
vn -0.509406 -0.613142 -0.603790
v 0.020079 0.046494 0.171728
vt 0.874023 0.175781
vn -0.909698 -0.128726 -0.394816
v 0.005795 0.047790 0.170234
vt 0.922363 0.187012
vn -0.905036 -0.182822 -0.384039
v 0.007778 0.065548 0.178020
vt 0.904785 0.249023
vn -0.891807 -0.217976 -0.396443
v 0.072319 0.225470 0.169262
vt 0.603027 0.811035
vn -0.624184 -0.440597 -0.645188
v 0.054508 0.230242 0.169378
vt 0.666992 0.809814
vn -0.668507 -0.366596 -0.647074
v 0.077663 0.232854 0.186060
vt 0.594238 0.869873
vn -0.622298 -0.414866 -0.663801
v 0.057906 0.244250 0.189564
vt 0.669922 0.890442
vn -0.631965 -0.400212 -0.663664
v -0.003264 0.266959 0.196657
vt 0.889648 0.932800
vn -0.733525 -0.176486 -0.656349
v 0.002340 0.277621 0.195609
vt 0.875000 0.969543
vn -0.712308 -0.176701 -0.679260
v 0.035990 0.254205 0.193517
vt 0.750977 0.907532
vn -0.700644 -0.323370 -0.636026
v 0.033430 0.275605 0.195609
vt 0.772949 0.977478
vn -0.704729 -0.284042 -0.650136
v 0.042019 0.232203 0.169396
vt 0.710449 0.806274
vn -0.751285 -0.375617 -0.542663
v 0.012599 0.253018 0.191975
vt 0.829590 0.889099
vn -0.757009 -0.270357 -0.594849
v 0.035990 0.254205 0.193517
vt 0.750977 0.907532
vn -0.713259 -0.313382 -0.626940
v -0.028788 0.276159 0.195609
vt 0.977539 0.958282
vn -0.742630 -0.144069 -0.654022
v 0.049367 0.135207 0.182399
vt 0.591309 0.289551
vn -0.307924 -0.454546 -0.835805
v 0.042405 0.137901 0.176224
vt 0.622559 0.282227
vn -0.174227 -0.383998 -0.906747
v 0.034046 0.090356 0.174017
vt 0.562500 0.129395
vn -0.312272 -0.483278 -0.817880
v 0.024906 0.087326 0.167087
vt 0.589355 0.100586
vn -0.307944 -0.482360 -0.820061
v 0.034046 0.090356 0.174017
vt 0.562500 0.129395
vn -0.529323 -0.611898 -0.587706
v 0.053168 0.077499 0.174391
vt 0.481445 0.124023
vn -0.532362 -0.615417 -0.581251
v 0.003280 0.189539 0.187572
vt 0.869629 0.668701
vn -0.806475 -0.578967 -0.119979
v 0.003742 0.224998 0.189801
vt 0.859863 0.789917
vn -0.823078 -0.518403 -0.231951
v 0.023806 0.188926 0.169960
vt 0.781738 0.655762
vn -0.747216 -0.664199 0.022559
v 0.028247 0.221609 0.169602
vt 0.756836 0.766479
vn -0.758096 -0.651965 -0.015202
v 0.029533 0.061238 0.168637
vt 0.830566 0.218262
vn -0.808124 -0.588433 -0.026115
v 0.026051 0.050611 0.170562
vt 0.851074 0.185547
vn -0.850552 -0.508664 -0.133498
v 0.024947 0.073730 0.169801
vt 0.836914 0.263672
vn -0.782982 -0.622002 0.007305
v 0.016743 0.069648 0.175003
vt 0.871094 0.256348
vn -0.822666 -0.564129 -0.070561
v 0.040685 0.138827 0.166696
vt 0.652344 0.274414
vn -0.038038 -0.304499 -0.951753
v 0.059658 0.188382 0.166382
vt 0.700684 0.450195
vn -0.030691 -0.253198 -0.966928
v 0.027411 0.042784 0.171600
vt 0.852051 0.158691
vn -0.913215 -0.310655 -0.263691
v 0.020079 0.046494 0.171728
vt 0.874023 0.175781
vn -0.859501 -0.481343 -0.171951
v 0.007778 0.065548 0.178020
vt 0.904785 0.249023
vn -0.847236 -0.511696 -0.142680
v 0.032093 0.229433 0.169502
vt 0.743164 0.793335
vn -0.806413 -0.558282 -0.194987
v 0.006573 0.243744 0.191176
vt 0.848633 0.855225
vn -0.808935 -0.308653 -0.500357
v -0.026693 0.256345 0.197402
vt 0.966309 0.894592
vn -0.765256 -0.165124 -0.622188
v 0.043820 0.062490 0.168895
vt 0.484619 0.061035
vn -0.517172 -0.588328 -0.621613
v 0.027810 0.072858 0.166952
vt 0.553711 0.063477
vn -0.514334 -0.603992 -0.608814
v 0.031695 0.061763 0.166297
vt 0.523438 0.037109
vn -0.498705 -0.615224 -0.610567
v 0.027810 0.072858 0.166952
vt 0.553711 0.063477
vn -0.367360 -0.515892 -0.773888
v -0.024716 0.235636 0.197012
vt 0.958008 0.827881
vn -0.811584 -0.299004 -0.501925
v -0.020799 0.191349 0.195574
vt 0.953613 0.682861
vn -0.844500 -0.431828 -0.316772
v 0.032734 0.055542 0.168391
vt 0.824707 0.196777
vn -0.906653 -0.373609 -0.195950
v 0.025557 0.073777 0.167039
vt 0.827637 0.263672
vn -0.253467 -0.781464 0.570148
v 0.024947 0.073730 0.169801
vt 0.836914 0.263672
vn -0.251933 -0.776726 0.577258
v 0.022629 0.087027 0.167417
vt 0.828125 0.309570
vn -0.230429 -0.736390 0.636107
v 0.022173 0.086831 0.170143
vt 0.836914 0.310059
vn -0.228977 -0.731686 0.642032
v 0.029533 0.061238 0.168637
vt 0.830566 0.218262
vn -0.260129 -0.816775 0.514987
v 0.029764 0.061403 0.166320
vt 0.823242 0.219727
vn -0.257919 -0.820207 0.510626
v 0.032734 0.055542 0.168391
vt 0.824707 0.196777
vn -0.266629 -0.839277 0.473839
v 0.032948 0.055946 0.165965
vt 0.817383 0.199219
vn -0.270764 -0.846057 0.459210
v 0.042048 0.231295 0.165694
vt 0.707520 0.794434
vn -0.803488 -0.327755 -0.496975
v 0.042019 0.232203 0.169396
vt 0.710449 0.806274
vn -0.803488 -0.327755 -0.496975
v 0.054351 0.229483 0.165660
vt 0.666016 0.797729
vn -0.720663 -0.341626 -0.603272
v 0.054508 0.230242 0.169378
vt 0.666992 0.809814
vn -0.720663 -0.341626 -0.603272
v 0.033041 0.228322 0.165799
vt 0.734863 0.784058
vn -0.704159 -0.672833 0.226839
v 0.032093 0.229433 0.169502
vt 0.743164 0.793335
vn -0.709273 -0.666400 0.229875
v 0.024521 0.188849 0.166340
vt 0.770020 0.653564
vn -0.278810 -0.720975 0.634397
v 0.023806 0.188926 0.169960
vt 0.781738 0.655762
vn -0.277095 -0.716607 0.640073
v 0.029132 0.221338 0.165929
vt 0.745605 0.762817
vn -0.338919 -0.705232 0.622721
v 0.028247 0.221609 0.169602
vt 0.756836 0.766479
vn -0.333090 -0.693194 0.639166
v 0.020640 0.141220 0.167105
vt 0.803711 0.493164
vn -0.233849 -0.716119 0.657638
v 0.020071 0.141246 0.170232
vt 0.813477 0.494629
vn -0.233849 -0.716119 0.657638
v 0.011172 0.087827 0.178476
vt 0.881348 0.321289
vn -0.792904 -0.608776 -0.026344
v 0.022173 0.086831 0.170143
vt 0.836914 0.310059
vn -0.747752 -0.660871 0.064161
v -0.003034 0.089131 0.184337
vt 0.931641 0.333496
vn -0.837624 -0.524566 -0.152369
v 0.027810 0.072858 0.166952
vt 0.820801 0.258789
vn -0.892229 -0.353061 -0.281559
v 0.025557 0.073777 0.167039
vt 0.827637 0.263672
vn -0.892229 -0.353061 -0.281559
v 0.024906 0.087326 0.167087
vt 0.820312 0.309082
vn -0.892229 -0.353061 -0.281559
v 0.022629 0.087027 0.167417
vt 0.828125 0.309570
vn -0.892229 -0.353061 -0.281559
v 0.031695 0.061763 0.166297
vt 0.816406 0.219238
vn -0.901052 -0.288712 -0.323652
v 0.029764 0.061403 0.166320
vt 0.823242 0.219727
vn -0.898742 -0.281178 -0.336455
v 0.027810 0.072858 0.166952
vt 0.820801 0.258789
vn -0.896185 -0.273417 -0.349421
v 0.025557 0.073777 0.167039
vt 0.827637 0.263672
vn -0.896185 -0.273417 -0.349421
v 0.033992 0.056903 0.165994
vt 0.812988 0.201660
vn -0.906980 -0.312044 -0.282870
v 0.032948 0.055946 0.165965
vt 0.817383 0.199219
vn -0.904957 -0.303292 -0.298441
v 0.004670 0.142441 0.184345
vt 0.880859 0.508545
vn -0.796565 -0.601313 -0.062507
v 0.020071 0.141246 0.170232
vt 0.813477 0.494629
vn -0.742984 -0.667205 0.053027
v -0.015341 0.144446 0.192533
vt 0.951660 0.524902
vn -0.841625 -0.502311 -0.198369
v 0.003999 0.032841 0.160570
vt 0.940918 0.130859
vn -0.910587 -0.179404 -0.372352
v 0.017723 0.027797 0.160289
vt 0.898438 0.105469
vn -0.910901 -0.081689 -0.404459
v 0.027411 0.042784 0.171600
vt 0.852051 0.158691
vn -0.916827 -0.097792 -0.387123
v 0.074448 0.224278 0.166007
vt 0.730957 0.579834
vn -0.027034 -0.239679 -0.970476
v 0.072319 0.225470 0.169262
vt 0.603027 0.811035
vn -0.668398 -0.385021 -0.636399
v 0.071874 0.224748 0.165667
vt 0.603027 0.799438
vn -0.668398 -0.385021 -0.636399
v 0.054508 0.230242 0.169378
vt 0.666992 0.809814
vn -0.668398 -0.385021 -0.636399
v 0.054351 0.229483 0.165660
vt 0.666016 0.797729
vn -0.668398 -0.385021 -0.636399
v 0.079054 0.234368 0.184632
vt 0.586914 0.871826
vn -0.505659 -0.622036 0.597813
v 0.077663 0.232854 0.186060
vt 0.594238 0.869873
vn -0.487464 -0.621491 0.613292
v 0.092691 0.261601 0.195609
vt 0.567871 0.975357
vn -0.532604 -0.637475 0.556740
v 0.073456 0.226524 0.165637
vt 0.594238 0.802368
vn -0.618827 -0.522381 0.586661
v 0.072319 0.225470 0.169262
vt 0.603027 0.811035
vn -0.611099 -0.526690 0.590894
v 0.081043 0.233551 0.184963
vt 0.680176 0.629883
vn -0.007811 -0.203590 -0.979025
v 0.095253 0.260668 0.195609
vt 0.669922 0.734619
vn -0.011720 -0.187812 -0.982135
v 0.080267 0.231549 0.186484
vt 0.673828 0.623779
vn -0.007813 -0.211102 -0.977433
v 0.074958 0.225384 0.165635
vt 0.732910 0.583496
vn -0.003919 -0.221096 -0.975244
v 0.074448 0.224278 0.166007
vt 0.730957 0.579834
vn -0.003919 -0.221096 -0.975244
v 0.081043 0.233551 0.184963
vt 0.579102 0.871948
vn -0.568133 -0.456447 -0.684749
v 0.079054 0.234368 0.184632
vt 0.586914 0.871826
vn -0.559192 -0.453103 -0.694264
v 0.095253 0.260668 0.195609
vt 0.557617 0.976089
vn -0.573222 -0.543078 -0.613582
v 0.092691 0.261601 0.195609
vt 0.567871 0.975357
vn -0.570129 -0.550115 -0.610185
v 0.073456 0.226524 0.165637
vt 0.594238 0.802368
vn -0.629290 -0.516378 0.580816
v 0.071874 0.224748 0.165667
vt 0.603027 0.799438
vn -0.637195 -0.520254 0.568611
v 0.072319 0.225470 0.169262
vt 0.603027 0.811035
vn -0.629290 -0.516378 0.580816
v 0.073456 0.226524 0.165637
vt 0.594238 0.802368
vn -0.526305 -0.608395 -0.594019
v 0.074958 0.225384 0.165635
vt 0.587891 0.801758
vn -0.529323 -0.611898 -0.587706
v 0.275623 -0.033398 0.190944
vt 0.198608 0.993145
vn 0.052941 -0.998569 -0.007547
v 0.275623 -0.033398 0.195609
vt 0.198486 0.978149
vn 0.052941 -0.998569 -0.007547
v 0.277630 -0.002400 0.190944
vt 0.302734 0.998293
vn 0.052941 -0.998569 -0.007547
v 0.277630 -0.002400 0.195609
vt 0.302979 0.983429
vn 0.052941 -0.998569 -0.007547
v 0.277630 -0.002400 0.190944
vt 0.302734 0.998293
vn -0.023668 -0.994439 -0.102625
v 0.277630 -0.002400 0.195609
vt 0.302979 0.983429
vn -0.023668 -0.994439 -0.102625
v 0.276059 0.030115 0.190944
vt 0.416748 0.989784
vn -0.023668 -0.994439 -0.102625
v 0.276059 0.030115 0.195609
vt 0.416748 0.974884
vn -0.023668 -0.994439 -0.102625
v 0.276059 0.030115 0.190944
vt 0.416748 0.989784
vn -0.095404 -0.986205 -0.135271
v 0.276059 0.030115 0.195609
vt 0.416748 0.974884
vn -0.095507 -0.987238 -0.127435
v 0.275197 0.034522 0.190944
vt 0.428955 0.989113
vn -0.095507 -0.987238 -0.127435
v 0.275197 0.034522 0.195609
vt 0.428955 0.974472
vn -0.095633 -0.988210 -0.119560
v 0.275197 0.034522 0.190944
vt 0.473389 0.762207
vn -0.089285 -0.993816 -0.066017
v 0.275197 0.034522 0.195609
vt 0.473389 0.747559
vn -0.089285 -0.993816 -0.066017
v 0.271157 0.059465 0.190944
vt 0.565918 0.764160
vn -0.086043 -0.993796 -0.070474
v 0.271157 0.059465 0.195609
vt 0.565430 0.749268
vn -0.086043 -0.993796 -0.070474
v 0.271157 0.059465 0.190944
vt 0.565918 0.764160
vn -0.130703 -0.950688 -0.281264
v 0.271157 0.059465 0.195609
vt 0.565430 0.749268
vn -0.130703 -0.950688 -0.281264
v 0.263182 0.088041 0.190944
vt 0.669922 0.749512
vn -0.130703 -0.950688 -0.281264
v 0.263182 0.088041 0.195609
vt 0.669922 0.734619
vn -0.130703 -0.950688 -0.281264
v 0.251159 0.118286 0.190944
vt 0.669922 0.997189
vn -0.249591 -0.923509 -0.291264
v 0.251159 0.118286 0.195609
vt 0.670410 0.982361
vn -0.249591 -0.923509 -0.291264
v 0.236314 0.145689 0.190944
vt 0.773438 0.992592
vn -0.248954 -0.921261 -0.298830
v 0.236314 0.145689 0.195609
vt 0.772949 0.977478
vn -0.248954 -0.921261 -0.298830
v 0.236314 0.145689 0.190944
vt 0.773438 0.992592
vn -0.305022 -0.872675 -0.381314
v 0.236314 0.145689 0.195609
vt 0.772949 0.977478
vn -0.305022 -0.872675 -0.381314
v 0.218506 0.171254 0.190944
vt 0.875000 0.984718
vn -0.305022 -0.872675 -0.381314
v 0.218506 0.171254 0.195609
vt 0.875000 0.969543
vn -0.305022 -0.872675 -0.381314
v 0.218506 0.171254 0.190944
vt 0.875000 0.984718
vn -0.356795 -0.808160 -0.468589
v 0.218506 0.171254 0.195609
vt 0.875000 0.969543
vn -0.356795 -0.808160 -0.468589
v 0.197955 0.194679 0.190944
vt 0.977539 0.973557
vn -0.356795 -0.808160 -0.468589
v 0.197955 0.194679 0.195609
vt 0.977539 0.958282
vn -0.356795 -0.808160 -0.468589
v 0.262314 0.090626 0.190944
vt 0.567871 0.990265
vn -0.214604 -0.965778 -0.145666
v 0.262314 0.090626 0.195609
vt 0.567871 0.975357
vn -0.214604 -0.965778 -0.145666
v 0.251159 0.118286 0.190944
vt 0.669922 0.997189
vn -0.214604 -0.965778 -0.145666
v 0.251159 0.118286 0.195609
vt 0.670410 0.982361
vn -0.214604 -0.965778 -0.145666
v 0.263182 0.088041 0.190944
vt 0.557617 0.990837
vn -0.160175 -0.961256 -0.224348
v 0.263182 0.088041 0.195609
vt 0.557617 0.976089
vn -0.159888 -0.959496 -0.231956
v 0.262314 0.090626 0.190944
vt 0.567871 0.990265
vn -0.159888 -0.959496 -0.231956
v 0.262314 0.090626 0.195609
vt 0.567871 0.975357
vn -0.160817 -0.957020 -0.241350
v 0.145730 -0.236325 0.190944
vt 0.198608 0.993145
vn 0.512636 -0.727071 -0.456697
v 0.145730 -0.236325 0.195609
vt 0.198486 0.978149
vn 0.512636 -0.727071 -0.456697
v 0.171218 -0.218567 0.190944
vt 0.302734 0.998293
vn 0.512636 -0.727071 -0.456697
v 0.171218 -0.218567 0.195609
vt 0.302979 0.983429
vn 0.512636 -0.727071 -0.456697
v 0.171218 -0.218567 0.190944
vt 0.302734 0.998293
vn 0.425676 -0.743840 -0.515269
v 0.171218 -0.218567 0.195609
vt 0.302979 0.983429
vn 0.425676 -0.743840 -0.515269
v 0.195659 -0.197067 0.190944
vt 0.416748 0.989784
vn 0.425676 -0.743840 -0.515269
v 0.195659 -0.197067 0.195609
vt 0.416748 0.974884
vn 0.425676 -0.743840 -0.515269
v 0.195659 -0.197067 0.190944
vt 0.416748 0.989784
vn 0.359393 -0.841570 -0.403234
v 0.195659 -0.197067 0.195609
vt 0.416748 0.974884
vn 0.360643 -0.844513 -0.395896
v 0.198567 -0.193644 0.190944
vt 0.428955 0.989113
vn 0.360643 -0.844513 -0.395896
v 0.198567 -0.193644 0.195609
vt 0.428955 0.974472
vn 0.361898 -0.847452 -0.388399
v 0.198567 -0.193644 0.190944
vt 0.473389 0.762207
vn 0.385481 -0.849898 -0.359275
v 0.198567 -0.193644 0.195609
vt 0.473389 0.747559
vn 0.385481 -0.849898 -0.359275
v 0.215549 -0.174934 0.190944
vt 0.565918 0.764160
vn 0.384024 -0.847535 -0.366347
v 0.215549 -0.174934 0.195609
vt 0.565430 0.749268
vn 0.384024 -0.847535 -0.366347
v 0.215549 -0.174934 0.190944
vt 0.565918 0.764160
vn 0.301886 -0.835498 -0.459139
v 0.215549 -0.174934 0.195609
vt 0.565430 0.749268
vn 0.301886 -0.835498 -0.459139
v 0.232919 -0.150882 0.190944
vt 0.669922 0.749512
vn 0.301886 -0.835498 -0.459139
v 0.232919 -0.150882 0.195609
vt 0.669922 0.734619
vn 0.301886 -0.835498 -0.459139
v 0.249069 -0.122624 0.190944
vt 0.669922 0.997189
vn 0.200512 -0.949478 -0.241425
v 0.249069 -0.122624 0.195609
vt 0.670410 0.982361
vn 0.200512 -0.949478 -0.241425
v 0.261238 -0.093933 0.190944
vt 0.773438 0.992592
vn 0.200095 -0.947572 -0.249138
v 0.261238 -0.093933 0.195609
vt 0.772949 0.977478
vn 0.200095 -0.947572 -0.249138
v 0.261238 -0.093933 0.190944
vt 0.773438 0.992592
vn 0.143678 -0.965872 -0.215517
v 0.261238 -0.093933 0.195609
vt 0.772949 0.977478
vn 0.143678 -0.965872 -0.215517
v 0.270122 -0.064071 0.190944
vt 0.875000 0.984718
vn 0.143678 -0.965872 -0.215517
v 0.270122 -0.064071 0.195609
vt 0.875000 0.969543
vn 0.143678 -0.965872 -0.215517
v 0.270122 -0.064071 0.190944
vt 0.875000 0.984718
vn 0.086728 -0.978078 -0.189320
v 0.270122 -0.064071 0.195609
vt 0.875000 0.969543
vn 0.086728 -0.978078 -0.189320
v 0.275623 -0.033398 0.190944
vt 0.977539 0.973557
vn 0.086728 -0.978078 -0.189320
v 0.275623 -0.033398 0.195609
vt 0.977539 0.958282
vn 0.086728 -0.978078 -0.189320
v 0.234398 -0.148592 0.190944
vt 0.567871 0.990265
vn 0.279536 -0.937180 -0.208695
v 0.234398 -0.148592 0.195609
vt 0.567871 0.975357
vn 0.279536 -0.937180 -0.208695
v 0.249069 -0.122624 0.190944
vt 0.669922 0.997189
vn 0.279536 -0.937180 -0.208695
v 0.249069 -0.122624 0.195609
vt 0.670410 0.982361
vn 0.279536 -0.937180 -0.208695
v 0.232919 -0.150882 0.190944
vt 0.557617 0.990837
vn 0.285741 -0.890928 -0.352987
v 0.232919 -0.150882 0.195609
vt 0.557617 0.976089
vn 0.284859 -0.888271 -0.360320
v 0.234398 -0.148592 0.190944
vt 0.567871 0.990265
vn 0.284859 -0.888271 -0.360320
v 0.234398 -0.148592 0.195609
vt 0.567871 0.975357
vn 0.284002 -0.885549 -0.367622
v -0.093911 -0.261294 0.190944
vt 0.198608 0.993145
vn 0.903546 -0.381439 -0.195214
v -0.093911 -0.261294 0.195609
vt 0.198486 0.978149
vn 0.903546 -0.381439 -0.195214
v -0.064136 -0.270149 0.190944
vt 0.302734 0.998294
vn 0.903546 -0.381439 -0.195214
v -0.064136 -0.270149 0.195609
vt 0.302979 0.983429
vn 0.903546 -0.381439 -0.195214
v -0.064136 -0.270149 0.190944
vt 0.302734 0.998294
vn 0.899526 -0.210576 -0.382768
v -0.064136 -0.270149 0.195609
vt 0.302979 0.983429
vn 0.899526 -0.210576 -0.382768
v -0.032088 -0.275852 0.190944
vt 0.416748 0.989784
vn 0.899526 -0.210576 -0.382768
v -0.032088 -0.275852 0.195609
vt 0.416748 0.974884
vn 0.899526 -0.210576 -0.382768
v -0.032088 -0.275852 0.190944
vt 0.416748 0.989784
vn 0.763370 -0.032274 -0.645155
v -0.032088 -0.275852 0.195609
vt 0.416748 0.974884
vn 0.758871 -0.032562 -0.650426
v -0.027599 -0.275992 0.190944
vt 0.428955 0.989113
vn 0.758871 -0.032562 -0.650426
v -0.027599 -0.275992 0.195609
vt 0.428955 0.974472
vn 0.754187 -0.032804 -0.655840
v -0.027599 -0.275992 0.190944
vt 0.473389 0.762207
vn 0.798690 -0.121185 -0.589414
v -0.027599 -0.275992 0.195609
vt 0.473389 0.747559
vn 0.798690 -0.121185 -0.589414
v -0.002383 -0.277604 0.190944
vt 0.565918 0.764160
vn 0.795099 -0.110462 -0.596336
v -0.002383 -0.277604 0.195609
vt 0.565430 0.749268
vn 0.795099 -0.110462 -0.596336
v -0.002383 -0.277604 0.190944
vt 0.565918 0.764160
vn 0.607785 -0.048644 -0.792610
v -0.002383 -0.277604 0.195609
vt 0.565430 0.749268
vn 0.607785 -0.048644 -0.792610
v 0.027252 -0.276188 0.190944
vt 0.669922 0.749512
vn 0.607785 -0.048644 -0.792610
v 0.027252 -0.276188 0.195609
vt 0.669922 0.734619
vn 0.607785 -0.048644 -0.792610
v 0.059414 -0.271196 0.190944
vt 0.669922 0.997189
vn 0.634832 -0.353849 -0.686861
v 0.059414 -0.271196 0.195609
vt 0.670410 0.982361
vn 0.634832 -0.353849 -0.686861
v 0.089433 -0.262821 0.190944
vt 0.773438 0.992592
vn 0.630297 -0.351369 -0.692290
v 0.089433 -0.262821 0.195609
vt 0.772949 0.977478
vn 0.630297 -0.351369 -0.692290
v 0.089433 -0.262821 0.190944
vt 0.773438 0.992592
vn 0.579578 -0.465703 -0.668738
v 0.089433 -0.262821 0.195609
vt 0.772949 0.977478
vn 0.579578 -0.465703 -0.668738
v 0.118319 -0.251148 0.190944
vt 0.875000 0.984718
vn 0.579578 -0.465703 -0.668738
v 0.118319 -0.251148 0.195609
vt 0.875000 0.969543
vn 0.579578 -0.465703 -0.668738
v 0.118319 -0.251148 0.190944
vt 0.875000 0.984718
vn 0.520397 -0.562680 -0.642322
v 0.118319 -0.251148 0.195609
vt 0.875000 0.969543
vn 0.520397 -0.562680 -0.642322
v 0.145730 -0.236325 0.190944
vt 0.977539 0.973557
vn 0.520397 -0.562680 -0.642322
v 0.145730 -0.236325 0.195609
vt 0.977539 0.958282
vn 0.520397 -0.562680 -0.642322
v 0.029965 -0.275917 0.190944
vt 0.567871 0.990265
vn 0.718522 -0.311049 -0.622073
v 0.029965 -0.275917 0.195609
vt 0.567871 0.975357
vn 0.718522 -0.311049 -0.622073
v 0.059414 -0.271196 0.190944
vt 0.669922 0.997189
vn 0.718522 -0.311049 -0.622073
v 0.059414 -0.271196 0.195609
vt 0.670410 0.982361
vn 0.718522 -0.311049 -0.622073
v 0.027252 -0.276188 0.190944
vt 0.557617 0.990837
vn 0.658464 -0.125462 -0.742082
v 0.027252 -0.276188 0.195609
vt 0.557617 0.976089
vn 0.652945 -0.125404 -0.746951
v 0.029965 -0.275917 0.190944
vt 0.567871 0.990265
vn 0.653376 -0.124459 -0.746732
v 0.029965 -0.275917 0.195609
vt 0.567871 0.975357
vn 0.647833 -0.124395 -0.751558
v -0.262846 -0.089502 0.190944
vt 0.198608 0.993145
vn 0.425075 -0.239719 0.872838
v -0.262846 -0.089502 0.195609
vt 0.198486 0.978149
vn 0.425075 -0.239719 0.872838
v -0.251205 -0.118302 0.190944
vt 0.302734 0.998294
vn 0.425075 -0.239719 0.872838
v -0.251205 -0.118302 0.195609
vt 0.302979 0.983429
vn 0.425075 -0.239719 0.872838
v -0.251205 -0.118302 0.190944
vt 0.302734 0.998294
vn 0.629615 -0.269856 0.728535
v -0.251205 -0.118302 0.195609
vt 0.302979 0.983429
vn 0.629615 -0.269856 0.728535
v -0.235683 -0.146915 0.190944
vt 0.416748 0.989784
vn 0.629615 -0.269856 0.728535
v -0.235683 -0.146915 0.195609
vt 0.416748 0.974884
vn 0.629615 -0.269856 0.728535
v -0.235683 -0.146915 0.190944
vt 0.416748 0.989784
vn 0.735250 -0.344691 0.583606
v -0.235683 -0.146915 0.195609
vt 0.416748 0.974884
vn 0.736039 -0.349634 0.579657
v -0.232993 -0.150512 0.190944
vt 0.428955 0.989113
vn 0.730968 -0.347045 0.587575
v -0.232993 -0.150512 0.195609
vt 0.428955 0.974472
vn 0.731767 -0.352055 0.583587
v -0.232993 -0.150512 0.190944
vt 0.473389 0.762207
vn 0.673708 -0.350950 0.650347
v -0.232993 -0.150512 0.195609
vt 0.473389 0.747559
vn 0.673708 -0.350950 0.650347
v -0.218531 -0.171231 0.190944
vt 0.565918 0.764160
vn 0.676864 -0.347867 0.648724
v -0.218531 -0.171231 0.195609
vt 0.565430 0.749268
vn 0.676864 -0.347867 0.648724
v -0.218531 -0.171231 0.190944
vt 0.565918 0.764160
vn 0.833280 -0.338315 0.437249
v -0.218531 -0.171231 0.195609
vt 0.565430 0.749268
vn 0.833280 -0.338315 0.437249
v -0.198947 -0.193518 0.190944
vt 0.669922 0.749512
vn 0.833280 -0.338315 0.437249
v -0.198947 -0.193518 0.195609
vt 0.669922 0.734619
vn 0.833280 -0.338315 0.437249
v -0.174991 -0.215551 0.190944
vt 0.669922 0.997189
vn 0.886164 -0.422415 0.190472
v -0.174991 -0.215551 0.195609
vt 0.670410 0.982361
vn 0.886164 -0.422415 0.190472
v -0.149727 -0.233799 0.190944
vt 0.773438 0.992592
vn 0.887914 -0.419332 0.189127
v -0.149727 -0.233799 0.195609
vt 0.772949 0.977478
vn 0.887914 -0.419332 0.189127
v -0.149727 -0.233799 0.190944
vt 0.773438 0.992592
vn 0.906430 -0.418975 0.053332
v -0.149727 -0.233799 0.195609
vt 0.772949 0.977478
vn 0.906430 -0.418975 0.053332
v -0.122591 -0.249105 0.190944
vt 0.875000 0.984718
vn 0.906430 -0.418975 0.053332
v -0.122591 -0.249105 0.195609
vt 0.875000 0.969543
vn 0.906430 -0.418975 0.053332
v -0.122591 -0.249105 0.190944
vt 0.875000 0.984718
vn 0.923556 -0.377157 -0.069256
v -0.122591 -0.249105 0.195609
vt 0.875000 0.969543
vn 0.923556 -0.377157 -0.069256
v -0.093911 -0.261294 0.190944
vt 0.977539 0.973557
vn 0.923556 -0.377157 -0.069256
v -0.093911 -0.261294 0.195609
vt 0.977539 0.958282
vn 0.923556 -0.377157 -0.069256
v -0.197044 -0.195470 0.190944
vt 0.567871 0.990265
vn 0.812553 -0.445656 0.375697
v -0.197044 -0.195470 0.195609
vt 0.567871 0.975357
vn 0.812553 -0.445656 0.375697
v -0.174991 -0.215551 0.190944
vt 0.669922 0.997189
vn 0.812553 -0.445656 0.375697
v -0.174991 -0.215551 0.195609
vt 0.670410 0.982361
vn 0.812553 -0.445656 0.375697
v -0.198947 -0.193518 0.190944
vt 0.557617 0.990837
vn 0.833405 -0.381997 0.399393
v -0.198947 -0.193518 0.195609
vt 0.557617 0.976089
vn 0.836035 -0.379269 0.396485
v -0.197044 -0.195470 0.190944
vt 0.567871 0.990265
vn 0.836035 -0.379269 0.396485
v -0.197044 -0.195470 0.195609
vt 0.567871 0.975357
vn 0.838605 -0.376551 0.393637
v -0.233863 0.149687 0.190944
vt 0.198608 0.993145
vn -0.572616 -0.314039 0.757292
v -0.233863 0.149687 0.195609
vt 0.198486 0.978149
vn -0.572616 -0.314039 0.757292
v -0.249122 0.122629 0.190944
vt 0.302734 0.998294
vn -0.572616 -0.314039 0.757292
v -0.249122 0.122629 0.195609
vt 0.302979 0.983429
vn -0.572616 -0.314039 0.757292
v -0.249122 0.122629 0.190944
vt 0.302734 0.998294
vn -0.528707 -0.219547 0.819920
v -0.249122 0.122629 0.195609
vt 0.302979 0.983429
vn -0.528707 -0.219547 0.819920
v -0.261814 0.092653 0.190944
vt 0.416748 0.989784
vn -0.528707 -0.219547 0.819920
v -0.261814 0.092653 0.195609
vt 0.416748 0.974884
vn -0.528707 -0.219547 0.819920
v -0.261814 0.092653 0.190944
vt 0.416748 0.989784
vn -0.326280 -0.141094 0.934684
v -0.261814 0.092653 0.195609
vt 0.416748 0.974884
vn -0.318375 -0.141502 0.937344
v -0.262949 0.088308 0.190944
vt 0.428955 0.989113
vn -0.318375 -0.141502 0.937344
v -0.262949 0.088308 0.195609
vt 0.428955 0.974472
vn -0.310401 -0.141891 0.939956
v -0.262949 0.088308 0.190944
vt 0.473389 0.762207
vn -0.320810 -0.173795 0.931062
v -0.262949 0.088308 0.195609
vt 0.473389 0.747559
vn -0.320810 -0.173795 0.931062
v -0.270132 0.064082 0.190944
vt 0.565918 0.764160
vn -0.322375 -0.170171 0.931191
v -0.270132 0.064082 0.195609
vt 0.565430 0.749268
vn -0.322375 -0.170171 0.931191
v -0.270132 0.064082 0.190944
vt 0.565918 0.764160
vn -0.342349 -0.091871 0.935071
v -0.270132 0.064082 0.195609
vt 0.565430 0.749268
vn -0.342349 -0.091871 0.935071
v -0.275346 0.034876 0.190944
vt 0.669922 0.749512
vn -0.342349 -0.091871 0.935071
v -0.275346 0.034876 0.195609
vt 0.669922 0.734619
vn -0.342349 -0.091871 0.935071
v -0.277636 0.002409 0.190944
vt 0.669922 0.997189
vn 0.089035 -0.024319 0.995732
v -0.277636 0.002409 0.195609
vt 0.670410 0.982361
vn 0.089035 -0.024319 0.995732
v -0.276150 -0.028721 0.190944
vt 0.773438 0.992592
vn 0.097040 -0.024273 0.994984
v -0.276150 -0.028721 0.195609
vt 0.772949 0.977478
vn 0.097040 -0.024273 0.994984
v -0.276150 -0.028721 0.190944
vt 0.773438 0.992592
vn 0.243661 -0.084050 0.966212
v -0.276150 -0.028721 0.195609
vt 0.772949 0.977478
vn 0.243661 -0.084050 0.966212
v -0.271198 -0.059480 0.190944
vt 0.875000 0.984718
vn 0.243661 -0.084050 0.966212
v -0.271198 -0.059480 0.195609
vt 0.875000 0.969543
vn 0.243661 -0.084050 0.966212
v -0.271198 -0.059480 0.190944
vt 0.875000 0.984718
vn 0.398742 -0.143075 0.905834
v -0.271198 -0.059480 0.195609
vt 0.875000 0.969543
vn 0.398742 -0.143075 0.905834
v -0.262846 -0.089502 0.190944
vt 0.977539 0.973557
vn 0.398742 -0.143075 0.905834
v -0.262846 -0.089502 0.195609
vt 0.977539 0.958282
vn 0.398742 -0.143075 0.905834
v -0.275685 0.032171 0.190944
vt 0.567871 0.990265
vn -0.062988 -0.066939 0.995767
v -0.275685 0.032171 0.195609
vt 0.567871 0.975357
vn -0.062988 -0.066939 0.995767
v -0.277636 0.002409 0.190944
vt 0.669922 0.997189
vn -0.062988 -0.066939 0.995767
v -0.277636 0.002409 0.195609
vt 0.670410 0.982361
vn -0.062988 -0.066939 0.995767
v -0.275346 0.034876 0.190944
vt 0.557617 0.990837
vn -0.191741 -0.062558 0.979450
v -0.275346 0.034876 0.195609
vt 0.557617 0.976089
vn -0.199757 -0.062423 0.977855
v -0.275685 0.032171 0.190944
vt 0.567871 0.990265
vn -0.199757 -0.062423 0.977855
v -0.275685 0.032171 0.195609
vt 0.567871 0.975357
vn -0.207715 -0.062316 0.976202
v -0.028788 0.276159 0.190944
vt 0.198608 0.993145
vn -0.875050 -0.266104 -0.404321
v -0.028788 0.276159 0.195609
vt 0.198486 0.978149
vn -0.875050 -0.266104 -0.404321
v -0.059455 0.271218 0.190944
vt 0.302734 0.998293
vn -0.875050 -0.266104 -0.404321
v -0.059455 0.271218 0.195609
vt 0.302979 0.983429
vn -0.875050 -0.266104 -0.404321
v -0.059455 0.271218 0.190944
vt 0.302734 0.998293
vn -0.924423 -0.300776 -0.234469
v -0.059455 0.271218 0.195609
vt 0.302979 0.983429
vn -0.924423 -0.300776 -0.234469
v -0.090805 0.262452 0.190944
vt 0.416748 0.989784
vn -0.924423 -0.300776 -0.234469
v -0.090805 0.262452 0.195609
vt 0.416748 0.974884
vn -0.924423 -0.300776 -0.234469
v -0.090805 0.262452 0.190944
vt 0.416748 0.989784
vn -0.910914 -0.409281 -0.052207
v -0.090805 0.262452 0.195609
vt 0.416748 0.974884
vn -0.909523 -0.412314 -0.052577
v -0.094910 0.260630 0.190944
vt 0.428955 0.989113
vn -0.909523 -0.412314 -0.052577
v -0.094910 0.260630 0.195609
vt 0.428955 0.974472
vn -0.908613 -0.413752 -0.056844
v -0.094910 0.260630 0.190944
vt 0.473389 0.762207
vn -0.902736 -0.421827 -0.084430
v -0.094910 0.260630 0.195609
vt 0.473389 0.747559
vn -0.902736 -0.421827 -0.084430
v -0.118328 0.251141 0.190944
vt 0.565918 0.764160
vn -0.904834 -0.416305 -0.089248
v -0.118328 0.251141 0.195609
vt 0.565430 0.749268
vn -0.904834 -0.416305 -0.089248
v -0.118328 0.251141 0.190944
vt 0.565918 0.764160
vn -0.919507 -0.392041 0.028483
v -0.118328 0.251141 0.195609
vt 0.565430 0.749268
vn -0.919507 -0.392041 0.028483
v -0.144414 0.237007 0.190944
vt 0.669922 0.749512
vn -0.919507 -0.392041 0.028483
v -0.144414 0.237007 0.195609
vt 0.669922 0.734619
vn -0.919507 -0.392041 0.028483
v -0.171225 0.218555 0.190944
vt 0.669922 0.997189
vn -0.860155 -0.408570 0.305292
v -0.171225 0.218555 0.195609
vt 0.670410 0.982361
vn -0.860155 -0.408570 0.305292
v -0.194638 0.197985 0.190944
vt 0.773438 0.992592
vn -0.862373 -0.405573 0.303023
v -0.194638 0.197985 0.195609
vt 0.772949 0.977478
vn -0.862373 -0.405573 0.303023
v -0.194638 0.197985 0.190944
vt 0.773438 0.992592
vn -0.818403 -0.370037 0.439647
v -0.194638 0.197985 0.195609
vt 0.772949 0.977478
vn -0.818403 -0.370037 0.439647
v -0.215598 0.174935 0.190944
vt 0.875000 0.984718
vn -0.818403 -0.370037 0.439647
v -0.215598 0.174935 0.195609
vt 0.875000 0.969543
vn -0.818403 -0.370037 0.439647
v -0.215598 0.174935 0.190944
vt 0.875000 0.984718
vn -0.753746 -0.319938 0.574027
v -0.215598 0.174935 0.195609
vt 0.875000 0.969543
vn -0.753746 -0.319938 0.574027
v -0.233863 0.149687 0.190944
vt 0.977539 0.973557
vn -0.753746 -0.319938 0.574027
v -0.233863 0.149687 0.195609
vt 0.977539 0.958282
vn -0.753746 -0.319938 0.574027
v -0.146740 0.235586 0.190944
vt 0.567871 0.990265
vn -0.859238 -0.467174 0.208468
v -0.146740 0.235586 0.195609
vt 0.567871 0.975357
vn -0.859238 -0.467174 0.208468
v -0.171225 0.218555 0.190944
vt 0.669922 0.997189
vn -0.859238 -0.467174 0.208468
v -0.171225 0.218555 0.195609
vt 0.670410 0.982361
vn -0.859238 -0.467174 0.208468
v -0.144414 0.237007 0.190944
vt 0.557617 0.990837
vn -0.902626 -0.420185 0.093329
v -0.144414 0.237007 0.195609
vt 0.557617 0.976089
vn -0.904052 -0.417256 0.092668
v -0.146740 0.235586 0.190944
vt 0.567871 0.990265
vn -0.904052 -0.417256 0.092668
v -0.146740 0.235586 0.195609
vt 0.567871 0.975357
vn -0.905825 -0.414201 0.088989
v 0.197955 0.194679 0.190944
vt 0.198608 0.993145
vn -0.440568 -0.809916 -0.387215
v 0.197955 0.194679 0.195609
vt 0.198486 0.978149
vn -0.440568 -0.809916 -0.387215
v 0.174971 0.215575 0.190944
vt 0.302734 0.998294
vn -0.440568 -0.809916 -0.387215
v 0.174971 0.215575 0.195609
vt 0.302979 0.983429
vn -0.440568 -0.809916 -0.387215
v 0.174971 0.215575 0.190944
vt 0.302734 0.998294
vn -0.469500 -0.681255 -0.561659
v 0.174971 0.215575 0.195609
vt 0.302979 0.983429
vn -0.469500 -0.681255 -0.561659
v 0.148571 0.234620 0.190944
vt 0.416748 0.989784
vn -0.469500 -0.681255 -0.561659
v 0.148571 0.234620 0.195609
vt 0.416748 0.974884
vn -0.469500 -0.681255 -0.561659
v 0.148571 0.234620 0.190944
vt 0.416748 0.989784
vn -0.553880 -0.573690 -0.603404
v 0.148571 0.234620 0.195609
vt 0.416748 0.974884
vn -0.557174 -0.577094 -0.597093
v 0.144587 0.236693 0.190944
vt 0.428955 0.989113
vn -0.557174 -0.577094 -0.597093
v 0.144587 0.236693 0.195609
vt 0.428955 0.974472
vn -0.560489 -0.580517 -0.590637
v 0.144587 0.236693 0.190944
vt 0.473389 0.762207
vn -0.557257 -0.641064 -0.527732
v 0.144587 0.236693 0.195609
vt 0.473389 0.747559
vn -0.557257 -0.641064 -0.527732
v 0.122567 0.249086 0.190944
vt 0.565918 0.764160
vn -0.555858 -0.635296 -0.536117
v 0.122567 0.249086 0.195609
vt 0.565430 0.749268
vn -0.555858 -0.635296 -0.536117
v 0.122567 0.249086 0.190944
vt 0.565918 0.764160
vn -0.537038 -0.448276 -0.714590
v 0.122567 0.249086 0.195609
vt 0.565430 0.749268
vn -0.537038 -0.448276 -0.714590
v 0.095253 0.260668 0.190944
vt 0.669922 0.749512
vn -0.537038 -0.448276 -0.714590
v 0.095253 0.260668 0.195609
vt 0.669922 0.734619
vn -0.537038 -0.448276 -0.714590
v 0.064110 0.270125 0.190944
vt 0.669922 0.997187
vn -0.660273 -0.234290 -0.713546
v 0.064110 0.270125 0.195609
vt 0.670410 0.982361
vn -0.660273 -0.234290 -0.713546
v 0.033430 0.275605 0.190944
vt 0.773438 0.992592
vn -0.655241 -0.232484 -0.718756
v 0.033430 0.275605 0.195609
vt 0.772949 0.977478
vn -0.655241 -0.232484 -0.718756
v 0.033430 0.275605 0.190944
vt 0.773438 0.992592
vn -0.656210 -0.083322 -0.749964
v 0.033430 0.275605 0.195609
vt 0.772949 0.977478
vn -0.656210 -0.083322 -0.749964
v 0.002340 0.277621 0.190944
vt 0.875000 0.984718
vn -0.656210 -0.083322 -0.749964
v 0.002340 0.277621 0.195609
vt 0.875000 0.969543
vn -0.656210 -0.083322 -0.749964
v 0.002340 0.277621 0.190944
vt 0.875000 0.984718
vn -0.811992 -0.050091 -0.581514
v 0.002340 0.277621 0.195609
vt 0.875000 0.969543
vn -0.811992 -0.050091 -0.581514
v -0.028788 0.276159 0.190944
vt 0.977539 0.973557
vn -0.811992 -0.050091 -0.581514
v -0.028788 0.276159 0.195609
vt 0.977539 0.958282
vn -0.811992 -0.050091 -0.581514
v 0.092691 0.261601 0.190944
vt 0.567871 0.990265
vn -0.670889 -0.464446 -0.578099
v 0.092691 0.261601 0.195609
vt 0.567871 0.975357
vn -0.670889 -0.464446 -0.578099
v 0.064110 0.270125 0.190944
vt 0.669922 0.997187
vn -0.670889 -0.464446 -0.578099
v 0.064110 0.270125 0.195609
vt 0.670410 0.982361
vn -0.670889 -0.464446 -0.578099
v 0.095253 0.260668 0.190944
vt 0.557617 0.990837
vn -0.596592 -0.431161 -0.676888
v 0.095253 0.260668 0.195609
vt 0.557617 0.976089
vn -0.591346 -0.430978 -0.681592
v 0.092691 0.261601 0.190944
vt 0.567871 0.990265
vn -0.592553 -0.428212 -0.682286
v 0.092691 0.261601 0.195609
vt 0.567871 0.975357
vn -0.587286 -0.428010 -0.686951
v 0.361997 -0.045871 0.167337
vt -0.143188 -0.476562
vn -0.252936 0.811402 0.526925
v 0.367470 -0.046563 0.067622
vt -0.251221 -0.476562
vn 0.011200 0.712630 0.701451
v 0.353411 -0.090882 0.167337
vt -0.143188 -0.436523
vn -0.235276 0.823311 0.516531
v 0.358754 -0.092254 0.067622
vt -0.251221 -0.436523
vn 0.011200 0.712630 0.701451
v 0.339251 -0.134461 0.167337
vt -0.143188 -0.396484
vn -0.222165 0.827932 0.514947
v 0.344380 -0.136492 0.067622
vt -0.251221 -0.396484
vn 0.011200 0.712630 0.701451
v 0.319741 -0.175923 0.167337
vt -0.143188 -0.356445
vn -0.207621 0.835293 0.509095
v 0.324575 -0.178580 0.067622
vt -0.251221 -0.356445
vn -0.000022 0.707107 0.707107
v 0.295188 -0.214612 0.167337
vt -0.143188 -0.317383
vn -0.184556 0.840161 0.509970
v 0.299651 -0.217854 0.067622
vt -0.251221 -0.317383
vn -0.000022 0.707107 0.707107
v 0.265980 -0.249918 0.167337
vt -0.143188 -0.277344
vn -0.163569 0.841687 0.514595
v 0.270001 -0.253695 0.067622
vt -0.251221 -0.277344
vn -0.000022 0.707107 0.707107
v 0.232577 -0.281286 0.167337
vt -0.143188 -0.238281
vn -0.142874 0.842756 0.518988
v 0.236093 -0.285536 0.067622
vt -0.251221 -0.238281
vn -0.000022 0.707107 0.707107
v 0.195506 -0.308219 0.167337
vt -0.143188 -0.199219
vn -0.113432 0.840925 0.529129
v 0.198462 -0.312877 0.067622
vt -0.251221 -0.199219
vn -0.000022 0.707107 0.707107
v 0.155352 -0.330294 0.167337
vt -0.143188 -0.161133
vn -0.085009 0.835511 0.542858
v 0.157700 -0.335286 0.067622
vt -0.251221 -0.161133
vn -0.000022 0.701517 0.712652
v 0.112747 -0.347163 0.167337
vt -0.143188 -0.122070
vn -0.056564 0.829270 0.555978
v 0.114452 -0.352409 0.067622
vt -0.251221 -0.122070
vn -0.000022 0.701517 0.712652
v 0.068365 -0.358558 0.167337
vt -0.143188 -0.083008
vn -0.028211 0.822203 0.568495
v 0.069398 -0.363977 0.067622
vt -0.251221 -0.083008
vn -0.000022 0.701517 0.712652
v 0.022903 -0.364301 0.167337
vt -0.143188 -0.043945
vn -0.000021 0.811184 0.584791
v 0.023250 -0.369807 0.067622
vt -0.251221 -0.043945
vn -0.000022 0.701517 0.712652
v -0.022919 -0.364301 0.167337
vt -0.143188 -0.005859
vn 0.009404 0.814952 0.579452
v -0.023265 -0.369807 0.067622
vt -0.251221 -0.005859
vn -0.000022 0.701517 0.712652
v -0.022919 -0.364301 0.167337
vt -0.580078 -0.997070
vn 0.028168 0.822184 0.568525
v -0.023265 -0.369807 0.067622
vt -0.687988 -0.997070
vn -0.000022 0.701517 0.712652
v -0.068379 -0.358558 0.167337
vt -0.580078 -0.958008
vn 0.046820 0.828955 0.557353
v -0.069413 -0.363977 0.067622
vt -0.687988 -0.958008
vn -0.000022 0.701517 0.712652
v -0.112762 -0.347163 0.167337
vt -0.580078 -0.918945
vn 0.075062 0.835406 0.544483
v -0.114467 -0.352409 0.067622
vt -0.687988 -0.918945
vn -0.000022 0.701517 0.712652
v -0.155367 -0.330294 0.167337
vt -0.580078 -0.879883
vn 0.103357 0.841064 0.530970
v -0.157715 -0.335286 0.067622
vt -0.687988 -0.879883
vn -0.000022 0.701517 0.712652
v -0.195521 -0.308219 0.167337
vt -0.580078 -0.840820
vn 0.132586 0.843138 0.521094
v -0.198477 -0.312877 0.067622
vt -0.687988 -0.840820
vn -0.000022 0.707107 0.707107
v -0.232592 -0.281286 0.167337
vt -0.580078 -0.801758
vn 0.153106 0.842234 0.516915
v -0.236108 -0.285536 0.067622
vt -0.687988 -0.801758
vn -0.000022 0.707107 0.707107
v -0.265995 -0.249918 0.167337
vt -0.580078 -0.762695
vn 0.173972 0.840963 0.512362
v -0.270016 -0.253695 0.067622
vt -0.687988 -0.762695
vn -0.000022 0.707107 0.707107
v -0.295203 -0.214612 0.167337
vt -0.580078 -0.723633
vn 0.196756 0.836315 0.511727
v -0.299666 -0.217854 0.067622
vt -0.687988 -0.723633
vn -0.000022 0.707107 0.707107
v -0.319756 -0.175923 0.167337
vt -0.580078 -0.683594
vn 0.218459 0.834133 0.506456
v -0.324590 -0.178580 0.067622
vt -0.687988 -0.683594
vn -0.011244 0.712651 0.701429
v -0.339266 -0.134461 0.167337
vt -0.580078 -0.644531
vn 0.233235 0.826552 0.512262
v -0.344395 -0.136492 0.067622
vt -0.687988 -0.644531
vn -0.011244 0.712651 0.701429
v -0.353426 -0.090882 0.167337
vt -0.580078 -0.604492
vn 0.248618 0.818414 0.518061
v -0.358769 -0.092254 0.067622
vt -0.687988 -0.604492
vn -0.011244 0.712651 0.701429
v -0.362012 -0.045871 0.167337
vt -0.580078 -0.565430
vn 0.255075 0.807750 0.531485
v -0.367485 -0.046563 0.067622
vt -0.687988 -0.565430
vn -0.011244 0.712651 0.701429
v -0.364889 -0.000139 0.167337
vt -0.580078 -0.524414
vn 0.259517 0.800188 0.540695
v -0.370406 -0.000139 0.067622
vt -0.687988 -0.524414
vn -0.011244 0.712651 0.701429
v -0.362012 0.045592 0.167337
vt -0.580078 -0.485352
vn 0.254930 0.786086 0.563098
v -0.367485 0.046284 0.067622
vt -0.687988 -0.485352
vn -0.011244 0.712651 0.701429
v -0.353426 0.090603 0.167337
vt -0.580078 -0.444336
vn 0.239287 0.764706 0.598303
v -0.358769 0.091975 0.067622
vt -0.687988 -0.444336
vn -0.011244 0.712651 0.701429
v -0.339266 0.134182 0.167337
vt -0.580078 -0.405273
vn 0.226738 0.752371 0.618488
v -0.344395 0.136213 0.067622
vt -0.687988 -0.405273
vn -0.011244 0.712651 0.701429
v -0.319756 0.175644 0.167337
vt -0.580078 -0.364258
vn 0.212878 0.734958 0.643832
v -0.324590 0.178301 0.067622
vt -0.687988 -0.364258
vn -0.000022 0.707107 0.707107
v -0.295203 0.214333 0.167337
vt -0.580078 -0.325195
vn 0.189674 0.713894 0.674077
v -0.299666 0.217575 0.067622
vt -0.687988 -0.325195
vn -0.000022 0.707107 0.707107
v -0.265995 0.249639 0.167337
vt -0.580078 -0.285156
vn 0.168076 0.697024 0.697071
v -0.270016 0.253416 0.067622
vt -0.687988 -0.285156
vn -0.000022 0.707107 0.707107
v -0.232592 0.281007 0.167337
vt -0.580078 -0.245117
vn 0.146665 0.679619 0.718755
v -0.236108 0.285257 0.067622
vt -0.687988 -0.245117
vn -0.000022 0.707107 0.707107
v -0.195521 0.307940 0.167337
vt -0.580078 -0.205078
vn 0.116023 0.657434 0.744526
v -0.198477 0.312598 0.067622
vt -0.687988 -0.205078
vn -0.000022 0.707107 0.707107
v -0.155367 0.330015 0.167337
vt -0.580078 -0.165039
vn 0.086502 0.639159 0.764194
v -0.157715 0.335007 0.067622
vt -0.687988 -0.165039
vn -0.000022 0.712652 0.701517
v -0.112762 0.346884 0.167337
vt -0.580078 -0.125000
vn 0.057223 0.620147 0.782396
v -0.114467 0.352130 0.067622
vt -0.687988 -0.125000
vn -0.000022 0.712652 0.701517
v -0.068379 0.358279 0.167337
vt -0.580078 -0.084961
vn 0.028348 0.600494 0.799126
v -0.069413 0.363698 0.067622
vt -0.687988 -0.084961
vn -0.000022 0.712652 0.701517
v -0.022919 0.364022 0.167337
vt -0.580078 -0.044922
vn -0.000021 0.584791 0.811184
v -0.023265 0.369528 0.067622
vt -0.687988 -0.044922
vn -0.000022 0.712652 0.701517
v 0.022904 0.364022 0.167337
vt -0.580078 -0.004883
vn -0.009467 0.590108 0.807269
v 0.023250 0.369528 0.067622
vt -0.687988 -0.004883
vn -0.000022 0.712652 0.701517
v 0.022904 0.364022 0.167337
vt -0.143188 -0.996094
vn -0.028393 0.600514 0.799110
v 0.023250 0.369528 0.067622
vt -0.251221 -0.996094
vn -0.000022 0.712652 0.701517
v 0.068365 0.358279 0.167337
vt -0.143188 -0.956055
vn -0.047366 0.610628 0.790499
v 0.069398 0.363698 0.067622
vt -0.251221 -0.956055
vn -0.000022 0.712652 0.701517
v 0.112747 0.346883 0.167337
vt -0.143188 -0.916016
vn -0.076356 0.629829 0.772971
v 0.114452 0.352130 0.067622
vt -0.251221 -0.916016
vn -0.000022 0.712652 0.701517
v 0.155351 0.330015 0.167337
vt -0.143188 -0.875977
vn -0.105688 0.648326 0.753991
v 0.157700 0.335007 0.067622
vt -0.251221 -0.875977
vn -0.000022 0.712652 0.701517
v 0.195506 0.307940 0.167337
vt -0.143188 -0.835938
vn -0.136098 0.670741 0.729098
v 0.198461 0.312598 0.067622
vt -0.251221 -0.835938
vn -0.000022 0.707107 0.707107
v 0.232577 0.281007 0.167337
vt -0.143188 -0.795898
vn -0.157361 0.688364 0.708091
v 0.236093 0.285257 0.067622
vt -0.251221 -0.795898
vn -0.000022 0.707107 0.707107
v 0.265980 0.249639 0.167337
vt -0.143188 -0.755859
vn -0.178902 0.705571 0.685685
v 0.270001 0.253416 0.067622
vt -0.251221 -0.755859
vn -0.000022 0.707107 0.707107
v 0.295188 0.214333 0.167337
vt -0.143188 -0.715820
vn -0.201954 0.726952 0.656320
v 0.299651 0.217575 0.067622
vt -0.251221 -0.715820
vn -0.000022 0.707107 0.707107
v 0.319741 0.175644 0.167337
vt -0.143188 -0.675781
vn -0.223920 0.742849 0.630901
v 0.324575 0.178301 0.067622
vt -0.251221 -0.675781
vn 0.011200 0.712630 0.701451
v 0.339250 0.134182 0.167337
vt -0.143188 -0.636719
vn -0.237829 0.759952 0.604905
v 0.344380 0.136213 0.067622
vt -0.251221 -0.636719
vn 0.011200 0.712630 0.701451
v 0.353410 0.090603 0.167337
vt -0.143188 -0.595703
vn -0.251935 0.776685 0.577312
v 0.358754 0.091975 0.067622
vt -0.251221 -0.595703
vn 0.011200 0.712630 0.701451
v 0.361997 0.045592 0.167337
vt -0.143188 -0.556641
vn -0.256522 0.790798 0.555729
v 0.367470 0.046284 0.067622
vt -0.251221 -0.556641
vn 0.011200 0.712630 0.701451
v 0.364874 -0.000139 0.167337
vt -0.143188 -0.515625
vn -0.259569 0.800198 0.540653
v 0.370391 -0.000139 0.067622
vt -0.251221 -0.515625
vn 0.011200 0.712630 0.701451
v 0.342208 -0.043371 0.190042
vt -0.112976 -0.476562
vn -0.713195 0.688587 -0.131154
v 0.334092 -0.085922 0.190042
vt -0.112976 -0.436523
vn -0.659043 0.743269 -0.114949
v 0.320706 -0.127119 0.190042
vt -0.112976 -0.396484
vn -0.604268 0.791270 -0.093546
v 0.302262 -0.166314 0.190042
vt -0.112976 -0.356445
vn -0.551847 0.831158 -0.068134
v 0.279052 -0.202888 0.190042
vt -0.112976 -0.317383
vn -0.503035 0.863236 -0.042188
v 0.251440 -0.236264 0.190042
vt -0.112976 -0.277344
vn -0.454654 0.890581 -0.012451
v 0.219863 -0.265917 0.190042
vt -0.112976 -0.238281
vn -0.403833 0.914704 0.015326
v 0.184818 -0.291379 0.190042
vt -0.112976 -0.199219
vn -0.341860 0.938436 0.049701
v 0.146818 -0.312266 0.190042
vt -0.112976 -0.161133
vn -0.282967 0.955641 0.081737
v 0.106584 -0.328193 0.190042
vt -0.112976 -0.122070
vn -0.211941 0.969638 0.121993
v 0.064627 -0.338966 0.190042
vt -0.112976 -0.083008
vn -0.120051 0.976911 0.176725
v 0.021651 -0.344395 0.190042
vt -0.112976 -0.043945
vn -0.034289 0.973469 0.226237
v -0.064642 -0.338966 0.190042
vt -0.549316 -0.958008
vn 0.120012 0.976909 0.176763
v -0.106599 -0.328193 0.190042
vt -0.549316 -0.918945
vn 0.211902 0.969642 0.122033
v -0.146874 -0.312247 0.190042
vt -0.549316 -0.879883
vn 0.282929 0.955648 0.081778
v -0.184833 -0.291378 0.190042
vt -0.549316 -0.840820
vn 0.348359 0.936197 0.046701
v -0.219878 -0.265917 0.190042
vt -0.549316 -0.801758
vn 0.410081 0.911967 0.012278
v -0.251455 -0.236264 0.190042
vt -0.549316 -0.762695
vn 0.459629 0.887973 -0.015622
v -0.279066 -0.202888 0.190042
vt -0.549316 -0.723633
vn 0.511068 0.858317 -0.045846
v -0.302277 -0.166314 0.190042
vt -0.549316 -0.683594
vn 0.560368 0.825093 -0.072176
v -0.320721 -0.127119 0.190042
vt -0.549316 -0.644531
vn 0.611196 0.785810 -0.094568
v -0.334106 -0.085921 0.190042
vt -0.549316 -0.604492
vn 0.662785 0.739836 -0.115576
v -0.342223 -0.043371 0.190042
vt -0.549316 -0.565430
vn 0.717212 0.684269 -0.131842
v -0.344943 -0.000139 0.190042
vt -0.549316 -0.524414
vn 0.768321 0.623463 -0.144834
v -0.342223 0.043093 0.190042
vt -0.549316 -0.485352
vn 0.765489 0.643041 -0.022913
v -0.334106 0.085643 0.190042
vt -0.549316 -0.444336
vn 0.758788 0.646067 0.082691
v -0.320721 0.126840 0.190042
vt -0.549316 -0.405273
vn 0.740888 0.641585 0.198630
v -0.302277 0.166035 0.190042
vt -0.549316 -0.364258
vn 0.707917 0.630139 0.319027
v -0.279066 0.202609 0.190042
vt -0.549316 -0.325195
vn 0.661111 0.609978 0.436875
v -0.251455 0.235985 0.190042
vt -0.549316 -0.285156
vn 0.595614 0.579762 0.555985
v -0.219878 0.265638 0.190042
vt -0.549316 -0.245117
vn 0.521387 0.541150 0.659782
v -0.184833 0.291099 0.190042
vt -0.549316 -0.205078
vn 0.431984 0.494821 0.754017
v -0.146874 0.311968 0.190042
vt -0.549316 -0.165039
vn 0.329990 0.437434 0.836516
v -0.106599 0.327914 0.190042
vt -0.549316 -0.125000
vn 0.232845 0.383053 0.893898
v -0.064642 0.338687 0.190042
vt -0.549316 -0.084961
vn 0.131193 0.324360 0.936792
v -0.021666 0.344116 0.190042
vt -0.549316 -0.044922
vn 0.035119 0.267105 0.963027
v 0.021651 0.344116 0.190042
vt -0.549316 -0.004883
vn -0.028065 0.263007 0.964386
v 0.021651 0.344116 0.190042
vt -0.112976 -0.996094
vn -0.071023 0.287558 0.955126
v 0.064627 0.338687 0.190042
vt -0.112976 -0.956055
vn -0.146193 0.332479 0.931711
v 0.106583 0.327914 0.190042
vt -0.112976 -0.916016
vn -0.247965 0.390669 0.886505
v 0.146859 0.311968 0.190042
vt -0.112976 -0.875977
vn -0.346838 0.446951 0.824584
v 0.184818 0.291099 0.190042
vt -0.112976 -0.835938
vn -0.441408 0.500447 0.744790
v 0.219863 0.265638 0.190042
vt -0.112976 -0.795898
vn -0.530152 0.545891 0.648800
v 0.251440 0.235985 0.190042
vt -0.112976 -0.755859
vn -0.603329 0.583419 0.543706
v 0.279052 0.202609 0.190042
vt -0.112976 -0.715820
vn -0.669559 0.614366 0.417426
v 0.302262 0.166035 0.190042
vt -0.112976 -0.675781
vn -0.714334 0.632756 0.298910
v 0.320706 0.126840 0.190042
vt -0.112976 -0.636719
vn -0.743088 0.643454 0.183813
v 0.334091 0.085643 0.190042
vt -0.112976 -0.595703
vn -0.759249 0.646449 0.075132
v 0.342208 0.043092 0.190042
vt -0.112976 -0.556641
vn -0.765953 0.642152 -0.030939
v 0.344928 -0.000139 0.190042
vt -0.112976 -0.515625
vn -0.768338 0.623430 -0.144884
v 0.308478 -0.039110 0.196270
vt -0.071472 -0.476562
vn -0.756775 0.560516 -0.336324
v 0.301161 -0.077466 0.196270
vt -0.071472 -0.436523
vn -0.697653 0.649320 -0.302759
v 0.289095 -0.114603 0.196270
vt -0.071472 -0.396484
vn -0.633175 0.727045 -0.265510
v 0.272469 -0.149935 0.196270
vt -0.071472 -0.356445
vn -0.572311 0.788772 -0.224275
v 0.251546 -0.182904 0.196270
vt -0.071472 -0.317383
vn -0.511229 0.839833 -0.182555
v 0.226656 -0.212991 0.196270
vt -0.071472 -0.277344
vn -0.456513 0.878170 -0.142874
v 0.198191 -0.239721 0.196270
vt -0.071472 -0.238281
vn -0.401613 0.910289 -0.100403
v 0.166601 -0.262673 0.196270
vt -0.071472 -0.199219
vn -0.348420 0.935536 -0.058097
v 0.132383 -0.281484 0.196270
vt -0.071472 -0.161133
vn -0.290796 0.956739 -0.009379
v 0.096078 -0.295858 0.196270
vt -0.071472 -0.122070
vn -0.217512 0.975424 0.035175
v 0.058256 -0.305569 0.196270
vt -0.071472 -0.083008
vn -0.139145 0.987076 0.079498
v 0.019516 -0.310463 0.196270
vt -0.071472 -0.043945
vn -0.048147 0.990256 0.130670
v -0.021711 -0.344392 0.190042
vt -0.112976 -0.005859
vn 0.027470 0.972724 0.230333
v -0.019532 -0.310463 0.196270
vt -0.071472 -0.005859
vn 0.027762 0.989422 0.142382
v -0.021711 -0.344392 0.190042
vt -0.549316 -0.997070
vn 0.040989 0.974138 0.222204
v -0.019532 -0.310463 0.196270
vt -0.507812 -0.997070
vn 0.100980 0.989747 0.101017
v -0.058271 -0.305569 0.196270
vt -0.507812 -0.958008
vn 0.157093 0.985187 0.068761
v -0.096092 -0.295859 0.196270
vt -0.507812 -0.918945
vn 0.234951 0.971673 0.025475
v -0.132398 -0.281484 0.196270
vt -0.507812 -0.879883
vn 0.298263 0.954355 -0.015656
v -0.166616 -0.262672 0.196270
vt -0.507812 -0.840820
vn 0.350556 0.934721 -0.058371
v -0.198206 -0.239721 0.196270
vt -0.507812 -0.801758
vn 0.401599 0.910300 -0.100357
v -0.226671 -0.212991 0.196270
vt -0.507812 -0.762695
vn 0.459307 0.876576 -0.143703
v -0.251561 -0.182904 0.196270
vt -0.507812 -0.723633
vn 0.516706 0.835532 -0.186819
v -0.272484 -0.149935 0.196270
vt -0.507812 -0.683594
vn 0.577889 0.783394 -0.228773
v -0.289110 -0.114603 0.196270
vt -0.507812 -0.644531
vn 0.636909 0.723215 -0.267034
v -0.301176 -0.077466 0.196270
vt -0.507812 -0.604492
vn 0.697641 0.649359 -0.302704
v -0.308493 -0.039110 0.196270
vt -0.507812 -0.565430
vn 0.760719 0.554108 -0.338039
v -0.310945 -0.000139 0.196270
vt -0.507812 -0.524414
vn 0.815026 0.450045 -0.364956
v -0.308493 0.038831 0.196270
vt -0.507812 -0.485352
vn 0.833787 0.521111 -0.182328
v -0.301176 0.077187 0.196270
vt -0.507812 -0.444336
vn 0.825435 0.562948 -0.041791
v -0.289109 0.114324 0.196270
vt -0.507812 -0.405273
vn 0.814996 0.574215 0.077835
v -0.272484 0.149656 0.196270
vt -0.507812 -0.364258
vn 0.793041 0.569727 0.215632
v -0.251561 0.182625 0.196270
vt -0.507812 -0.325195
vn 0.752193 0.554230 0.356419
v -0.226671 0.212712 0.196270
vt -0.507812 -0.285156
vn 0.694172 0.528717 0.488450
v -0.198206 0.239442 0.196270
vt -0.507812 -0.245117
vn 0.612313 0.489866 0.620568
v -0.166616 0.262394 0.196270
vt -0.507812 -0.205078
vn 0.511551 0.438461 0.738964
v -0.132398 0.281205 0.196270
vt -0.507812 -0.165039
vn 0.399321 0.379331 0.834656
v -0.096092 0.295579 0.196270
vt -0.507812 -0.125000
vn 0.280152 0.315174 0.906741
v -0.058271 0.305290 0.196270
vt -0.507812 -0.084961
vn 0.156879 0.246512 0.956358
v -0.019532 0.310184 0.196270
vt -0.507812 -0.044922
vn 0.050107 0.186214 0.981231
v 0.019516 0.310184 0.196270
vt -0.507812 -0.004883
vn -0.021274 0.170068 0.985203
v 0.019516 0.310184 0.196270
vt -0.071472 -0.996094
vn -0.079571 0.202430 0.976059
v 0.058256 0.305290 0.196270
vt -0.071472 -0.956055
vn -0.164615 0.250610 0.953990
v 0.096078 0.295579 0.196270
vt -0.071472 -0.916016
vn -0.287989 0.319095 0.902907
v 0.132383 0.281205 0.196270
vt -0.071472 -0.875977
vn -0.399378 0.379339 0.834625
v 0.166601 0.262393 0.196270
vt -0.071472 -0.835938
vn -0.514691 0.441101 0.735203
v 0.198191 0.239442 0.196270
vt -0.071472 -0.795898
vn -0.612366 0.489866 0.620515
v 0.226656 0.212712 0.196270
vt -0.071472 -0.755859
vn -0.696947 0.530792 0.482209
v 0.251546 0.182625 0.196270
vt -0.071472 -0.715820
vn -0.757094 0.555988 0.343054
v 0.272469 0.149656 0.196270
vt -0.071472 -0.675781
vn -0.796076 0.570199 0.202820
v 0.289095 0.114324 0.196270
vt -0.071472 -0.636719
vn -0.815014 0.574196 0.077788
v 0.301161 0.077187 0.196270
vt -0.071472 -0.595703
vn -0.825454 0.562917 -0.041836
v 0.308478 0.038831 0.196270
vt -0.071472 -0.556641
vn -0.833555 0.517626 -0.193002
v 0.310930 -0.000139 0.196270
vt -0.071472 -0.515625
vn -0.815029 0.449997 -0.365007
v 0.264583 -0.068064 0.192919
vt -0.038147 -0.436523
vn -0.403387 0.175017 -0.898136
v 0.271012 -0.034367 0.192919
vt -0.038147 -0.476562
vn -0.412284 0.068693 -0.908462
v 0.253982 -0.100691 0.192919
vt -0.038147 -0.396484
vn -0.387186 0.273236 -0.880585
v 0.239376 -0.131731 0.192919
vt -0.038147 -0.356445
vn -0.366232 0.362409 -0.857050
v 0.220994 -0.160696 0.192919
vt -0.038147 -0.317383
vn -0.338039 0.450653 -0.826221
v 0.199127 -0.187129 0.192919
vt -0.038147 -0.277344
vn -0.303485 0.531992 -0.790495
v 0.174120 -0.210612 0.192919
vt -0.038147 -0.238281
vn -0.267944 0.602776 -0.751576
v 0.146366 -0.230776 0.192919
vt -0.038147 -0.199219
vn -0.227546 0.663891 -0.712371
v 0.116304 -0.247303 0.192919
vt -0.038147 -0.161133
vn -0.183505 0.718998 -0.670349
v 0.084408 -0.259932 0.192919
vt -0.038147 -0.122070
vn -0.139004 0.766255 -0.627321
v 0.051180 -0.268463 0.192919
vt -0.038147 -0.083008
vn -0.091779 0.802968 -0.588914
v 0.017145 -0.272763 0.192919
vt -0.038147 -0.043945
vn -0.038852 0.838527 -0.543473
v -0.017160 -0.272763 0.192919
vt -0.038147 -0.005859
vn -0.003994 0.855034 -0.518557
v -0.051195 -0.268463 0.192919
vt -0.474854 -0.958008
vn 0.061673 0.824519 -0.562463
v -0.017160 -0.272763 0.192919
vt -0.474854 -0.997070
vn 0.023535 0.846035 -0.532607
v -0.084422 -0.259932 0.192919
vt -0.474854 -0.918945
vn 0.110110 0.789674 -0.603565
v -0.116319 -0.247303 0.192919
vt -0.474854 -0.879883
vn 0.157277 0.748780 -0.643889
v -0.146380 -0.230776 0.192919
vt -0.474854 -0.840820
vn 0.202177 0.696284 -0.688704
v -0.174134 -0.210612 0.192919
vt -0.474854 -0.801758
vn 0.245413 0.639483 -0.728583
v -0.199142 -0.187128 0.192919
vt -0.474854 -0.762695
vn 0.283391 0.574223 -0.768087
v -0.221009 -0.160696 0.192919
vt -0.474854 -0.723633
vn 0.318118 0.501515 -0.804540
v -0.239390 -0.131731 0.192919
vt -0.474854 -0.683594
vn 0.350350 0.414406 -0.839954
v -0.253997 -0.100690 0.192919
vt -0.474854 -0.644531
vn 0.375175 0.325908 -0.867772
v -0.264597 -0.068064 0.192919
vt -0.474854 -0.604492
vn 0.395466 0.228145 -0.889695
v -0.271026 -0.034366 0.192919
vt -0.474854 -0.565430
vn 0.408049 0.129682 -0.903703
v -0.273180 -0.000129 0.192919
vt -0.474854 -0.524414
vn 0.413047 0.030616 -0.910195
v -0.271026 0.034109 0.192919
vt -0.474854 -0.485352
vn 0.941348 0.066212 -0.330877
v -0.264597 0.067806 0.192919
vt -0.474854 -0.444336
vn 0.965895 0.157562 -0.205480
v -0.253996 0.100433 0.192919
vt -0.474854 -0.405273
vn 0.968629 0.229406 -0.095556
v -0.239390 0.131473 0.192919
vt -0.474854 -0.364258
vn 0.958552 0.284903 -0.002948
v -0.221009 0.160438 0.192919
vt -0.474854 -0.325195
vn 0.956227 0.277588 0.092597
v -0.199142 0.186871 0.192919
vt -0.474854 -0.285156
vn 0.944652 0.262050 0.197389
v -0.174134 0.210354 0.192919
vt -0.474854 -0.245117
vn 0.921751 0.242194 0.302849
v -0.146380 0.230518 0.192919
vt -0.474854 -0.205078
vn 0.885880 0.214406 0.411396
v -0.116319 0.247045 0.192919
vt -0.474854 -0.165039
vn 0.833436 0.179104 0.522787
v -0.084422 0.259674 0.192919
vt -0.474854 -0.125000
vn 0.766267 0.138979 0.627311
v -0.051195 0.268205 0.192919
vt -0.474854 -0.084961
vn 0.688407 0.092803 0.719364
v -0.017160 0.272505 0.192919
vt -0.474854 -0.044922
vn 0.588130 0.039176 0.807817
v 0.017145 0.272505 0.192919
vt -0.474854 -0.004883
vn 0.523169 0.003936 0.852220
v 0.051180 0.268205 0.192919
vt -0.038147 -0.956055
vn -0.632014 0.062380 0.772442
v 0.017145 0.272505 0.192919
vt -0.038147 -0.996094
vn -0.559997 0.023632 0.828158
v 0.084408 0.259674 0.192919
vt -0.038147 -0.916016
vn -0.719759 0.111019 0.685290
v 0.116304 0.247045 0.192919
vt -0.038147 -0.875977
vn -0.798113 0.156593 0.581803
v 0.146366 0.230518 0.192919
vt -0.038147 -0.835938
vn -0.857787 0.194586 0.475750
v 0.174120 0.210354 0.192919
vt -0.038147 -0.795898
vn -0.902720 0.227374 0.365236
v 0.199127 0.186871 0.192919
vt -0.038147 -0.755859
vn -0.932868 0.251390 0.257992
v 0.220994 0.160438 0.192919
vt -0.038147 -0.715820
vn -0.950464 0.269292 0.155239
v 0.239376 0.131473 0.192919
vt -0.038147 -0.675781
vn -0.958051 0.281919 0.051575
v 0.253982 0.100433 0.192919
vt -0.038147 -0.636719
vn -0.963937 0.263138 -0.039803
v 0.264583 0.067806 0.192919
vt -0.038147 -0.595703
vn -0.969446 0.197806 -0.145080
v 0.271011 0.034109 0.192919
vt -0.038147 -0.556641
vn -0.958584 0.120246 -0.258181
v 0.273165 -0.000129 0.192919
vt -0.038147 -0.515625
vn -0.922388 0.022660 -0.385601
v 0.351488 -0.090388 -0.051310
vt -0.331299 -0.436523
vn 0.507585 0.748034 0.427554
v 0.360027 -0.045622 -0.051310
vt -0.331299 -0.476562
vn 0.579552 0.771299 0.263092
v 0.337405 -0.133730 -0.051310
vt -0.331299 -0.396484
vn 0.532608 0.737753 0.414788
v 0.318001 -0.174966 -0.051310
vt -0.331299 -0.356445
vn 0.427167 0.697418 0.575444
v 0.293582 -0.213445 -0.051310
vt -0.331299 -0.317383
vn 0.452572 0.687446 0.567976
v 0.264533 -0.248559 -0.051310
vt -0.331299 -0.277344
vn 0.331119 0.636818 0.696292
v 0.231311 -0.279756 -0.051310
vt -0.331299 -0.238281
vn 0.341957 0.621418 0.704915
v 0.194442 -0.306543 -0.051310
vt -0.331299 -0.199219
vn 0.214586 0.565343 0.796455
v 0.154506 -0.328498 -0.051310
vt -0.331299 -0.161133
vn 0.219052 0.547714 0.807481
v 0.112134 -0.345274 -0.051310
vt -0.331299 -0.122070
vn 0.095728 0.490828 0.865981
v 0.067993 -0.356608 -0.051311
vt -0.331299 -0.083008
vn 0.094001 0.470092 0.877597
v 0.022779 -0.362320 -0.051311
vt -0.331299 -0.043945
vn -0.023400 0.443969 0.895737
v -0.022794 -0.362320 -0.051311
vt -0.331299 -0.005859
vn -0.023120 0.426973 0.903969
v -0.068007 -0.356608 -0.051311
vt -0.791504 -0.958008
vn -0.221012 0.560641 0.798020
v -0.022794 -0.362320 -0.051311
vt -0.791504 -0.997070
vn -0.340556 0.587851 0.733793
v -0.112149 -0.345274 -0.051310
vt -0.791504 -0.918945
vn -0.159467 0.510208 0.845138
v -0.154521 -0.328498 -0.051310
vt -0.791504 -0.879883
vn -0.267380 0.597358 0.756090
v -0.194457 -0.306543 -0.051310
vt -0.791504 -0.840820
vn -0.279086 0.582697 0.763266
v -0.231326 -0.279756 -0.051310
vt -0.791504 -0.801758
vn -0.369388 0.661373 0.652793
v -0.264547 -0.248559 -0.051310
vt -0.791504 -0.762695
vn -0.398435 0.656935 0.640067
v -0.293597 -0.213444 -0.051310
vt -0.791504 -0.723633
vn -0.464623 0.718772 0.517197
v -0.318016 -0.174966 -0.051310
vt -0.791504 -0.683594
vn -0.493148 0.713677 0.497465
v -0.337420 -0.133730 -0.051310
vt -0.791504 -0.644531
vn -0.522769 0.761573 0.383039
v -0.351503 -0.090388 -0.051310
vt -0.791504 -0.604492
vn -0.556038 0.754524 0.348590
v -0.360042 -0.045622 -0.051310
vt -0.791504 -0.565430
vn -0.561751 0.791906 0.239417
v -0.362904 -0.000139 -0.051310
vt -0.791504 -0.524414
vn -0.588187 0.782688 0.203558
v -0.360042 0.045344 -0.051310
vt -0.791504 -0.485352
vn -0.499425 0.837935 0.220089
v -0.351502 0.090109 -0.051310
vt -0.791504 -0.444336
vn -0.526459 0.830726 0.180931
v -0.337420 0.133452 -0.051310
vt -0.791504 -0.405273
vn -0.422334 0.876487 0.231092
v -0.318016 0.174687 -0.051310
vt -0.791504 -0.364258
vn -0.448094 0.872877 0.193123
v -0.293596 0.213166 -0.051310
vt -0.791504 -0.325195
vn -0.342401 0.905391 0.251054
v -0.264547 0.248280 -0.051310
vt -0.791504 -0.285156
vn -0.356920 0.907106 0.223084
v -0.231326 0.279477 -0.051310
vt -0.791504 -0.245117
vn -0.247782 0.923504 0.292822
v -0.194457 0.306264 -0.051310
vt -0.791504 -0.205078
vn -0.256926 0.928550 0.267926
v -0.154521 0.328219 -0.051310
vt -0.791504 -0.165039
vn -0.144209 0.925915 0.349121
v -0.112149 0.344995 -0.051310
vt -0.791504 -0.125000
vn -0.155123 0.934205 0.321245
v -0.068007 0.356329 -0.051310
vt -0.791504 -0.084961
vn -0.030990 0.909660 0.414196
v -0.022794 0.362040 -0.051310
vt -0.791504 -0.044922
vn -0.030400 0.918323 0.394662
v 0.022779 0.362040 -0.051310
vt -0.791504 -0.004883
vn -0.015577 0.905675 0.423686
v 0.067993 0.356329 -0.051310
vt -0.331299 -0.956055
vn 0.082616 0.927612 0.364295
v 0.022779 0.362040 -0.051310
vt -0.331299 -0.996094
vn 0.128648 0.927131 0.351962
v 0.112134 0.344995 -0.051310
vt -0.331299 -0.916016
vn 0.188409 0.927064 0.324120
v 0.154506 0.328219 -0.051310
vt -0.331299 -0.875977
vn 0.199165 0.933273 0.298889
v 0.194442 0.306264 -0.051310
vt -0.331299 -0.835938
vn 0.286920 0.917445 0.275629
v 0.231311 0.279477 -0.051310
vt -0.331299 -0.795898
vn 0.303033 0.920231 0.247683
v 0.264532 0.248280 -0.051310
vt -0.331299 -0.755859
vn 0.372139 0.895454 0.244286
v 0.293581 0.213165 -0.051310
vt -0.331299 -0.715820
vn 0.399405 0.893027 0.207312
v 0.318001 0.174687 -0.051310
vt -0.331299 -0.675781
vn 0.453701 0.862842 0.222845
v 0.337404 0.133451 -0.051310
vt -0.331299 -0.636719
vn 0.481569 0.856540 0.185555
v 0.351487 0.090109 -0.051310
vt -0.331299 -0.595703
vn 0.526393 0.820274 0.223742
v 0.360027 0.045343 -0.051310
vt -0.331299 -0.556641
vn 0.556987 0.809813 0.184305
v 0.362888 -0.000139 -0.051310
vt -0.331299 -0.515625
vn 0.549968 0.783670 0.288786
v 0.263165 -0.067700 -0.059382
vt -0.386963 -0.426758
vn 0.875208 0.483687 -0.007653
v 0.271701 -0.000129 -0.059382
vt -0.386963 -0.505859
vn 0.877081 0.327071 -0.351787
v 0.238093 -0.131025 -0.059382
vt -0.386963 -0.346680
vn 0.833929 0.471710 0.286447
v 0.198060 -0.186126 -0.059382
vt -0.386963 -0.267578
vn 0.681123 0.398810 0.614021
v 0.145581 -0.229540 -0.059382
vt -0.386963 -0.189453
vn 0.430276 0.272229 0.860671
v 0.083955 -0.258539 -0.059382
vt -0.386963 -0.112305
vn 0.145362 0.125188 0.981426
v 0.017053 -0.271301 -0.059382
vt -0.386963 -0.034180
vn -0.030458 0.068493 0.997187
v -0.050920 -0.267024 -0.059382
vt -0.872559 -0.948242
vn -0.402117 0.257835 0.878535
v 0.017053 -0.271301 -0.059382
vt -0.872559 -0.997070
vn -0.384099 0.244393 0.890359
v -0.115695 -0.245978 -0.059382
vt -0.872559 -0.870117
vn -0.636849 0.376665 0.672716
v -0.173200 -0.209484 -0.059382
vt -0.872559 -0.791992
vn -0.813985 0.462647 0.351264
v -0.219824 -0.159835 -0.059382
vt -0.872559 -0.713867
vn -0.872127 0.486656 0.050603
v -0.252635 -0.100151 -0.059382
vt -0.872559 -0.634766
vn -0.888314 0.368519 -0.274030
v -0.269573 -0.034183 -0.059382
vt -0.872559 -0.554688
vn -0.762350 0.186447 -0.619726
v -0.269573 0.033925 -0.059382
vt -0.872559 -0.474609
vn -0.679981 0.487099 -0.548052
v -0.252635 0.099894 -0.059382
vt -0.872559 -0.394531
vn -0.555887 0.707464 -0.436446
v -0.219824 0.159577 -0.059382
vt -0.872559 -0.315430
vn -0.421457 0.851139 -0.312947
v -0.173200 0.209226 -0.059382
vt -0.872559 -0.235352
vn -0.291874 0.936981 -0.192032
v -0.115695 0.245720 -0.059382
vt -0.872559 -0.155273
vn -0.172247 0.982042 -0.076974
v -0.050920 0.266767 -0.059382
vt -0.872559 -0.075195
vn -0.044242 0.998688 0.025782
v 0.017054 0.271043 -0.059382
vt -0.872559 -0.004883
vn 0.051557 0.998336 0.025820
v 0.017054 0.271043 -0.059382
vt -0.386963 -0.986328
vn 0.180533 0.979917 -0.084681
v 0.083955 0.258281 -0.059382
vt -0.386963 -0.906250
vn 0.265854 0.949432 -0.167034
v 0.145581 0.229282 -0.059382
vt -0.386963 -0.826172
vn 0.395209 0.871872 -0.289223
v 0.198060 0.185868 -0.059382
vt -0.386963 -0.746094
vn 0.525746 0.745923 -0.408888
v 0.238092 0.130768 -0.059382
vt -0.386963 -0.666016
vn 0.653863 0.544868 -0.524958
v 0.263165 0.067442 -0.059382
vt -0.386963 -0.585938
vn 0.749637 0.260730 -0.608329
usemtl Tempest
f 3/3/3 2/2/2 1/1/1
f 4/4/4 2/2/2 3/3/3
f 7/7/7 6/6/6 5/5/5
f 8/8/8 6/6/6 7/7/7
f 11/11/11 10/10/10 9/9/9
f 12/12/12 10/10/10 11/11/11
f 14/14/14 9/9/9 13/13/13
f 11/11/11 9/9/9 14/14/14
f 16/16/16 13/13/13 15/15/15
f 14/14/14 13/13/13 16/16/16
f 18/18/18 15/15/15 17/17/17
f 16/16/16 15/15/15 18/18/18
f 21/21/21 20/20/20 19/19/19
f 22/22/22 20/20/20 21/21/21
f 24/24/24 19/19/19 23/23/23
f 21/21/21 19/19/19 24/24/24
f 26/26/26 23/23/23 25/25/25
f 24/24/24 23/23/23 26/26/26
f 28/28/28 25/25/25 27/27/27
f 26/26/26 25/25/25 28/28/28
f 31/31/31 30/30/30 29/29/29
f 32/32/32 30/30/30 31/31/31
f 29/29/29 34/34/34 33/33/33
f 30/30/30 34/34/34 29/29/29
f 33/33/33 36/36/36 35/35/35
f 34/34/34 36/36/36 33/33/33
f 35/35/35 38/38/38 37/37/37
f 36/36/36 38/38/38 35/35/35
f 41/41/41 40/40/40 39/39/39
f 42/42/42 40/40/40 41/41/41
f 45/45/45 44/44/44 43/43/43
f 46/46/46 44/44/44 45/45/45
f 48/48/48 44/44/44 47/47/47
f 43/43/43 44/44/44 48/48/48
f 48/48/48 50/50/50 49/49/49
f 47/47/47 50/50/50 48/48/48
f 53/53/53 52/52/52 51/51/51
f 54/54/54 52/52/52 53/53/53
f 57/57/57 56/56/56 55/55/55
f 58/58/58 56/56/56 57/57/57
f 55/55/55 60/60/60 59/59/59
f 56/56/56 60/60/60 55/55/55
f 59/59/59 62/62/62 61/61/61
f 60/60/60 62/62/62 59/59/59
f 64/64/64 62/62/62 63/63/63
f 61/61/61 62/62/62 64/64/64
f 67/67/67 66/66/66 65/65/65
f 68/68/68 66/66/66 67/67/67
f 70/70/70 66/66/66 69/69/69
f 65/65/65 66/66/66 70/70/70
f 70/70/70 72/72/72 71/71/71
f 69/69/69 72/72/72 70/70/70
f 74/74/74 72/72/72 73/73/73
f 71/71/71 72/72/72 74/74/74
f 77/77/77 76/76/76 75/75/75
f 78/78/78 76/76/76 77/77/77
f 81/81/81 80/80/80 79/79/79
f 82/82/82 80/80/80 81/81/81
f 84/84/84 79/79/79 83/83/83
f 81/81/81 79/79/79 84/84/84
f 86/86/86 83/83/83 85/85/85
f 84/84/84 83/83/83 86/86/86
f 86/86/86 88/88/88 87/87/87
f 85/85/85 88/88/88 86/86/86
f 91/91/91 90/90/90 89/89/89
f 92/92/92 90/90/90 91/91/91
f 91/91/91 94/94/94 93/93/93
f 89/89/89 94/94/94 91/91/91
f 93/93/93 96/96/96 95/95/95
f 94/94/94 96/96/96 93/93/93
f 95/95/95 96/96/96 97/97/97
f 96/96/96 98/98/98 97/97/97
f 99/99/99 97/97/97 98/98/98
f 97/97/97 99/99/99 100/100/100
f 102/102/102 99/99/99 101/101/101
f 100/100/100 99/99/99 102/102/102
f 102/102/102 104/104/104 103/103/103
f 101/101/101 104/104/104 102/102/102
f 104/104/104 105/105/105 103/103/103
f 106/106/106 105/105/105 104/104/104
f 109/109/109 108/108/108 107/107/107
f 110/110/110 108/108/108 109/109/109
f 112/112/112 107/107/107 111/111/111
f 109/109/109 107/107/107 112/112/112
f 114/114/114 111/111/111 113/113/113
f 112/112/112 111/111/111 114/114/114
f 116/116/116 113/113/113 115/115/115
f 114/114/114 113/113/113 116/116/116
f 119/119/119 118/118/118 117/117/117
f 120/120/120 118/118/118 119/119/119
f 122/122/122 117/117/117 121/121/121
f 119/119/119 117/117/117 122/122/122
f 124/124/124 121/121/121 123/123/123
f 122/122/122 121/121/121 124/124/124
f 126/126/126 123/123/123 125/125/125
f 124/124/124 123/123/123 126/126/126
f 128/128/128 125/125/125 127/127/127
f 126/126/126 125/125/125 128/128/128
f 130/130/130 127/127/127 129/129/129
f 128/128/128 127/127/127 130/130/130
f 132/132/132 129/129/129 131/131/131
f 130/130/130 129/129/129 132/132/132
f 134/134/134 131/131/131 133/133/133
f 132/132/132 131/131/131 134/134/134
f 136/136/136 133/133/133 135/135/135
f 134/134/134 133/133/133 136/136/136
f 138/138/138 135/135/135 137/137/137
f 136/136/136 135/135/135 138/138/138
f 141/141/141 140/140/140 139/139/139
f 142/142/142 140/140/140 141/141/141
f 144/144/144 139/139/139 143/143/143
f 141/141/141 139/139/139 144/144/144
f 146/146/146 143/143/143 145/145/145
f 144/144/144 143/143/143 146/146/146
f 148/148/148 145/145/145 147/147/147
f 146/146/146 145/145/145 148/148/148
f 150/150/150 147/147/147 149/149/149
f 148/148/148 147/147/147 150/150/150
f 110/110/110 149/149/149 108/108/108
f 150/150/150 149/149/149 110/110/110
f 153/153/153 152/152/152 151/151/151
f 156/156/156 155/155/155 154/154/154
f 153/153/153 158/158/158 157/157/157
f 151/151/151 158/158/158 153/153/153
f 157/157/157 160/160/160 159/159/159
f 158/158/158 160/160/160 157/157/157
f 163/163/163 162/162/162 161/161/161
f 164/164/164 162/162/162 163/163/163
f 167/167/167 166/166/166 165/165/165
f 168/168/168 166/166/166 167/167/167
f 171/171/171 170/170/170 169/169/169
f 172/172/172 170/170/170 171/171/171
f 175/175/175 174/174/174 173/173/173
f 176/176/176 174/174/174 175/175/175
f 179/179/179 178/178/178 177/177/177
f 180/180/180 178/178/178 179/179/179
f 166/166/166 164/164/164 165/165/165
f 162/162/162 164/164/164 166/166/166
f 182/182/182 174/174/174 181/181/181
f 183/183/183 174/174/174 182/182/182
f 185/185/185 167/167/167 184/184/184
f 168/168/168 167/167/167 185/185/185
f 186/186/186 176/176/176 175/175/175
f 187/187/187 176/176/176 186/186/186
f 156/156/156 178/178/178 155/155/155
f 177/177/177 178/178/178 156/156/156
f 190/190/190 189/189/189 188/188/188
f 161/161/161 192/192/192 191/191/191
f 162/162/162 192/192/192 161/161/161
f 193/193/193 162/162/162 166/166/166
f 192/192/192 162/162/162 193/193/193
f 168/168/168 193/193/193 166/166/166
f 194/194/194 193/193/193 168/168/168
f 194/194/194 196/196/196 195/195/195
f 168/168/168 196/196/196 194/194/194
f 198/198/198 160/160/160 197/197/197
f 159/159/159 160/160/160 198/198/198
f 191/191/191 188/188/188 161/161/161
f 190/190/190 188/188/188 191/191/191
f 161/161/161 188/188/188 163/163/163
f 200/200/200 170/170/170 199/199/199
f 169/169/169 170/170/170 200/200/200
f 198/198/198 180/180/180 179/179/179
f 197/197/197 180/180/180 198/198/198
f 200/200/200 182/182/182 181/181/181
f 199/199/199 182/182/182 200/200/200
f 203/203/203 202/202/202 201/201/201
f 204/204/204 202/202/202 203/203/203
f 207/207/207 206/206/206 205/205/205
f 154/154/154 208/208/208 156/156/156
f 209/209/209 208/208/208 154/154/154
f 212/212/212 211/211/211 210/210/210
f 213/213/213 211/211/211 212/212/212
f 216/216/216 215/215/215 214/214/214
f 215/215/215 218/218/218 217/217/217
f 216/216/216 218/218/218 215/215/215
f 219/219/219 218/218/218 216/216/216
f 218/218/218 221/221/221 220/220/220
f 219/219/219 221/221/221 218/218/218
f 224/224/224 223/223/223 222/222/222
f 226/226/226 224/224/224 225/225/225
f 223/223/223 224/224/224 226/226/226
f 229/229/229 228/228/228 227/227/227
f 232/232/232 231/231/231 230/230/230
f 235/235/235 234/234/234 233/233/233
f 236/236/236 234/234/234 235/235/235
f 239/239/239 238/238/238 237/237/237
f 240/240/240 238/238/238 239/239/239
f 234/234/234 242/242/242 241/241/241
f 243/243/243 242/242/242 234/234/234
f 237/237/237 238/238/238 244/244/244
f 226/226/226 246/246/246 245/245/245
f 225/225/225 246/246/246 226/226/226
f 245/245/245 248/248/248 247/247/247
f 246/246/246 248/248/248 245/245/245
f 250/250/250 221/221/221 249/249/249
f 220/220/220 221/221/221 250/250/250
f 253/253/253 252/252/252 251/251/251
f 254/254/254 252/252/252 253/253/253
f 257/257/257 256/256/256 255/255/255
f 258/258/258 256/256/256 257/257/257
f 260/260/260 259/259/259 246/246/246
f 225/225/225 260/260/260 246/246/246
f 261/261/261 260/260/260 225/225/225
f 263/263/263 262/262/262 256/256/256
f 263/263/263 258/258/258 264/264/264
f 256/256/256 258/258/258 263/263/263
f 240/240/240 213/213/213 212/212/212
f 239/239/239 213/213/213 240/240/240
f 241/241/241 266/266/266 265/265/265
f 242/242/242 266/266/266 241/241/241
f 265/265/265 252/252/252 254/254/254
f 266/266/266 252/252/252 265/265/265
f 266/266/266 244/244/244 267/267/267
f 242/242/242 244/244/244 266/266/266
f 237/237/237 244/244/244 242/242/242
f 269/269/269 268/268/268 250/250/250
f 270/270/270 268/268/268 269/269/269
f 229/229/229 268/268/268 270/270/270
f 271/271/271 247/247/247 248/248/248
f 236/236/236 243/243/243 234/234/234
f 243/243/243 237/237/237 242/242/242
f 272/272/272 266/266/266 267/267/267
f 252/252/252 266/266/266 272/272/272
f 252/252/252 273/273/273 251/251/251
f 272/272/272 273/273/273 252/252/252
f 274/274/274 256/256/256 262/262/262
f 255/255/255 256/256/256 274/274/274
f 277/277/277 276/276/276 275/275/275
f 278/278/278 276/276/276 277/277/277
f 279/279/279 275/275/275 276/276/276
f 280/280/280 275/275/275 279/279/279
f 281/281/281 280/280/280 279/279/279
f 282/282/282 280/280/280 281/281/281
f 285/285/285 284/284/284 283/283/283
f 286/286/286 284/284/284 285/285/285
f 283/283/283 288/288/288 287/287/287
f 284/284/284 288/288/288 283/283/283
f 291/291/291 290/290/290 289/289/289
f 292/292/292 290/290/290 291/291/291
f 289/289/289 294/294/294 293/293/293
f 290/290/290 294/294/294 289/289/289
f 287/287/287 292/292/292 291/291/291
f 288/288/288 292/292/292 287/287/287
f 278/278/278 293/293/293 294/294/294
f 277/277/277 293/293/293 278/278/278
f 249/249/249 269/269/269 250/250/250
f 257/257/257 295/295/295 258/258/258
f 296/296/296 295/295/295 257/257/257
f 295/295/295 264/264/264 258/258/258
f 297/297/297 264/264/264 295/295/295
f 300/300/300 299/299/299 298/298/298
f 301/301/301 299/299/299 300/300/300
f 304/304/304 303/303/303 302/302/302
f 305/305/305 303/303/303 304/304/304
f 302/302/302 307/307/307 306/306/306
f 303/303/303 307/307/307 302/302/302
f 229/229/229 227/227/227 268/268/268
f 309/309/309 251/251/251 308/308/308
f 253/253/253 251/251/251 309/309/309
f 308/308/308 273/273/273 310/310/310
f 251/251/251 273/273/273 308/308/308
f 296/296/296 308/308/308 295/295/295
f 309/309/309 308/308/308 296/296/296
f 308/308/308 297/297/297 295/295/295
f 310/310/310 297/297/297 308/308/308
f 204/204/204 311/311/311 202/202/202
f 312/312/312 311/311/311 204/204/204
f 313/313/313 205/205/205 206/206/206
f 314/314/314 230/230/230 231/231/231
f 315/315/315 230/230/230 314/314/314
f 316/316/316 230/230/230 315/315/315
f 225/225/225 317/317/317 261/261/261
f 224/224/224 317/317/317 225/225/225
f 320/320/320 319/319/319 318/318/318
f 321/321/321 319/319/319 320/320/320
f 324/324/324 323/323/323 322/322/322
f 322/322/322 326/326/326 325/325/325
f 323/323/323 326/326/326 322/322/322
f 329/329/329 328/328/328 327/327/327
f 331/331/331 327/327/327 330/330/330
f 329/329/329 327/327/327 331/331/331
f 334/334/334 333/333/333 332/332/332
f 335/335/335 333/333/333 334/334/334
f 338/338/338 337/337/337 336/336/336
f 339/339/339 332/332/332 333/333/333
f 340/340/340 332/332/332 339/339/339
f 183/183/183 173/173/173 174/174/174
f 343/343/343 342/342/342 341/341/341
f 346/346/346 345/345/345 344/344/344
f 343/343/343 348/348/348 347/347/347
f 341/341/341 348/348/348 343/343/343
f 347/347/347 350/350/350 349/349/349
f 348/348/348 350/350/350 347/347/347
f 353/353/353 352/352/352 351/351/351
f 354/354/354 352/352/352 353/353/353
f 357/357/357 356/356/356 355/355/355
f 358/358/358 356/356/356 357/357/357
f 361/361/361 360/360/360 359/359/359
f 362/362/362 360/360/360 361/361/361
f 365/365/365 364/364/364 363/363/363
f 366/366/366 364/364/364 365/365/365
f 369/369/369 368/368/368 367/367/367
f 370/370/370 368/368/368 369/369/369
f 356/356/356 354/354/354 355/355/355
f 352/352/352 354/354/354 356/356/356
f 372/372/372 364/364/364 371/371/371
f 373/373/373 364/364/364 372/372/372
f 375/375/375 357/357/357 374/374/374
f 358/358/358 357/357/357 375/375/375
f 376/376/376 366/366/366 365/365/365
f 377/377/377 366/366/366 376/376/376
f 346/346/346 368/368/368 345/345/345
f 367/367/367 368/368/368 346/346/346
f 380/380/380 379/379/379 378/378/378
f 351/351/351 382/382/382 381/381/381
f 352/352/352 382/382/382 351/351/351
f 383/383/383 352/352/352 356/356/356
f 382/382/382 352/352/352 383/383/383
f 358/358/358 383/383/383 356/356/356
f 384/384/384 383/383/383 358/358/358
f 384/384/384 386/386/386 385/385/385
f 358/358/358 386/386/386 384/384/384
f 388/388/388 350/350/350 387/387/387
f 349/349/349 350/350/350 388/388/388
f 381/381/381 378/378/378 351/351/351
f 380/380/380 378/378/378 381/381/381
f 351/351/351 378/378/378 353/353/353
f 390/390/390 360/360/360 389/389/389
f 359/359/359 360/360/360 390/390/390
f 388/388/388 370/370/370 369/369/369
f 387/387/387 370/370/370 388/388/388
f 390/390/390 372/372/372 371/371/371
f 389/389/389 372/372/372 390/390/390
f 393/393/393 392/392/392 391/391/391
f 394/394/394 392/392/392 393/393/393
f 396/396/396 395/395/395 205/205/205
f 344/344/344 397/397/397 346/346/346
f 398/398/398 397/397/397 344/344/344
f 401/401/401 400/400/400 399/399/399
f 402/402/402 400/400/400 401/401/401
f 405/405/405 404/404/404 403/403/403
f 404/404/404 407/407/407 406/406/406
f 405/405/405 407/407/407 404/404/404
f 408/408/408 407/407/407 405/405/405
f 407/407/407 410/410/410 409/409/409
f 408/408/408 410/410/410 407/407/407
f 413/413/413 412/412/412 411/411/411
f 415/415/415 413/413/413 414/414/414
f 412/412/412 413/413/413 415/415/415
f 418/418/418 417/417/417 416/416/416
f 421/421/421 420/420/420 419/419/419
f 424/424/424 423/423/423 422/422/422
f 425/425/425 423/423/423 424/424/424
f 428/428/428 427/427/427 426/426/426
f 429/429/429 427/427/427 428/428/428
f 423/423/423 431/431/431 430/430/430
f 432/432/432 431/431/431 423/423/423
f 426/426/426 427/427/427 433/433/433
f 415/415/415 435/435/435 434/434/434
f 414/414/414 435/435/435 415/415/415
f 434/434/434 437/437/437 436/436/436
f 435/435/435 437/437/437 434/434/434
f 439/439/439 410/410/410 438/438/438
f 409/409/409 410/410/410 439/439/439
f 442/442/442 441/441/441 440/440/440
f 443/443/443 441/441/441 442/442/442
f 446/446/446 445/445/445 444/444/444
f 447/447/447 445/445/445 446/446/446
f 448/448/448 437/437/437 435/435/435
f 414/414/414 448/448/448 435/435/435
f 449/449/449 448/448/448 414/414/414
f 451/451/451 450/450/450 445/445/445
f 451/451/451 447/447/447 452/452/452
f 445/445/445 447/447/447 451/451/451
f 429/429/429 402/402/402 401/401/401
f 428/428/428 402/402/402 429/429/429
f 430/430/430 454/454/454 453/453/453
f 431/431/431 454/454/454 430/430/430
f 453/453/453 441/441/441 443/443/443
f 454/454/454 441/441/441 453/453/453
f 454/454/454 433/433/433 455/455/455
f 431/431/431 433/433/433 454/454/454
f 426/426/426 433/433/433 431/431/431
f 457/457/457 456/456/456 439/439/439
f 458/458/458 456/456/456 457/457/457
f 418/418/418 456/456/456 458/458/458
f 459/459/459 436/436/436 437/437/437
f 425/425/425 432/432/432 423/423/423
f 432/432/432 426/426/426 431/431/431
f 460/460/460 454/454/454 455/455/455
f 441/441/441 454/454/454 460/460/460
f 441/441/441 461/461/461 440/440/440
f 460/460/460 461/461/461 441/441/441
f 462/462/462 445/445/445 450/450/450
f 444/444/444 445/445/445 462/462/462
f 465/465/465 464/464/464 463/463/463
f 466/466/466 464/464/464 465/465/465
f 467/467/467 463/463/463 464/464/464
f 468/468/468 463/463/463 467/467/467
f 469/469/469 468/468/468 467/467/467
f 470/470/470 468/468/468 469/469/469
f 473/473/473 472/472/472 471/471/471
f 474/474/474 472/472/472 473/473/473
f 471/471/471 476/476/476 475/475/475
f 472/472/472 476/476/476 471/471/471
f 479/479/479 478/478/478 477/477/477
f 480/480/480 478/478/478 479/479/479
f 477/477/477 482/482/482 481/481/481
f 478/478/478 482/482/482 477/477/477
f 475/475/475 480/480/480 479/479/479
f 476/476/476 480/480/480 475/475/475
f 466/466/466 481/481/481 482/482/482
f 465/465/465 481/481/481 466/466/466
f 438/438/438 457/457/457 439/439/439
f 446/446/446 483/483/483 447/447/447
f 484/484/484 483/483/483 446/446/446
f 483/483/483 452/452/452 447/447/447
f 485/485/485 452/452/452 483/483/483
f 488/488/488 487/487/487 486/486/486
f 489/489/489 487/487/487 488/488/488
f 492/492/492 491/491/491 490/490/490
f 493/493/493 491/491/491 492/492/492
f 490/490/490 495/495/495 494/494/494
f 491/491/491 495/495/495 490/490/490
f 418/418/418 416/416/416 456/456/456
f 497/497/497 440/440/440 496/496/496
f 442/442/442 440/440/440 497/497/497
f 496/496/496 461/461/461 498/498/498
f 440/440/440 461/461/461 496/496/496
f 484/484/484 496/496/496 483/483/483
f 497/497/497 496/496/496 484/484/484
f 496/496/496 485/485/485 483/483/483
f 498/498/498 485/485/485 496/496/496
f 394/394/394 201/201/201 392/392/392
f 203/203/203 201/201/201 394/394/394
f 207/207/207 205/205/205 395/395/395
f 499/499/499 419/419/419 420/420/420
f 500/500/500 419/419/419 499/499/499
f 501/501/501 419/419/419 500/500/500
f 414/414/414 502/502/502 449/449/449
f 413/413/413 502/502/502 414/414/414
f 505/505/505 504/504/504 503/503/503
f 506/506/506 504/504/504 505/505/505
f 509/509/509 508/508/508 507/507/507
f 507/507/507 511/511/511 510/510/510
f 508/508/508 511/511/511 507/507/507
f 514/514/514 513/513/513 512/512/512
f 516/516/516 512/512/512 515/515/515
f 514/514/514 512/512/512 516/516/516
f 519/519/519 518/518/518 517/517/517
f 520/520/520 518/518/518 519/519/519
f 523/523/523 522/522/522 521/521/521
f 524/524/524 517/517/517 518/518/518
f 525/525/525 517/517/517 524/524/524
f 373/373/373 363/363/363 364/364/364
f 528/528/528 527/527/527 526/526/526
f 531/531/531 530/530/530 529/529/529
f 528/528/528 533/533/533 532/532/532
f 526/526/526 533/533/533 528/528/528
f 532/532/532 535/535/535 534/534/534
f 533/533/533 535/535/535 532/532/532
f 538/538/538 537/537/537 536/536/536
f 539/539/539 537/537/537 538/538/538
f 542/542/542 541/541/541 540/540/540
f 543/543/543 541/541/541 542/542/542
f 546/546/546 545/545/545 544/544/544
f 547/547/547 545/545/545 546/546/546
f 550/550/550 549/549/549 548/548/548
f 551/551/551 549/549/549 550/550/550
f 554/554/554 553/553/553 552/552/552
f 555/555/555 553/553/553 554/554/554
f 541/541/541 539/539/539 540/540/540
f 537/537/537 539/539/539 541/541/541
f 557/557/557 549/549/549 556/556/556
f 558/558/558 549/549/549 557/557/557
f 560/560/560 542/542/542 559/559/559
f 543/543/543 542/542/542 560/560/560
f 561/561/561 551/551/551 550/550/550
f 562/562/562 551/551/551 561/561/561
f 531/531/531 553/553/553 530/530/530
f 552/552/552 553/553/553 531/531/531
f 565/565/565 564/564/564 563/563/563
f 536/536/536 567/567/567 566/566/566
f 537/537/537 567/567/567 536/536/536
f 568/568/568 537/537/537 541/541/541
f 567/567/567 537/537/537 568/568/568
f 543/543/543 568/568/568 541/541/541
f 569/569/569 568/568/568 543/543/543
f 569/569/569 571/571/571 570/570/570
f 543/543/543 571/571/571 569/569/569
f 573/573/573 535/535/535 572/572/572
f 534/534/534 535/535/535 573/573/573
f 566/566/566 563/563/563 536/536/536
f 565/565/565 563/563/563 566/566/566
f 536/536/536 563/563/563 538/538/538
f 575/575/575 545/545/545 574/574/574
f 544/544/544 545/545/545 575/575/575
f 573/573/573 555/555/555 554/554/554
f 572/572/572 555/555/555 573/573/573
f 575/575/575 557/557/557 556/556/556
f 574/574/574 557/557/557 575/575/575
f 578/578/578 577/577/577 576/576/576
f 579/579/579 577/577/577 578/578/578
f 581/581/581 580/580/580 205/205/205
f 529/529/529 582/582/582 531/531/531
f 583/583/583 582/582/582 529/529/529
f 586/586/586 585/585/585 584/584/584
f 587/587/587 585/585/585 586/586/586
f 590/590/590 589/589/589 588/588/588
f 589/589/589 592/592/592 591/591/591
f 590/590/590 592/592/592 589/589/589
f 593/593/593 592/592/592 590/590/590
f 592/592/592 595/595/595 594/594/594
f 593/593/593 595/595/595 592/592/592
f 598/598/598 597/597/597 596/596/596
f 600/600/600 598/598/598 599/599/599
f 597/597/597 598/598/598 600/600/600
f 603/603/603 602/602/602 601/601/601
f 606/606/606 605/605/605 604/604/604
f 609/609/609 608/608/608 607/607/607
f 610/610/610 608/608/608 609/609/609
f 613/613/613 612/612/612 611/611/611
f 614/614/614 612/612/612 613/613/613
f 608/608/608 616/616/616 615/615/615
f 617/617/617 616/616/616 608/608/608
f 611/611/611 612/612/612 618/618/618
f 600/600/600 620/620/620 619/619/619
f 599/599/599 620/620/620 600/600/600
f 619/619/619 622/622/622 621/621/621
f 620/620/620 622/622/622 619/619/619
f 624/624/624 595/595/595 623/623/623
f 594/594/594 595/595/595 624/624/624
f 627/627/627 626/626/626 625/625/625
f 628/628/628 626/626/626 627/627/627
f 631/631/631 630/630/630 629/629/629
f 632/632/632 630/630/630 631/631/631
f 634/634/634 633/633/633 620/620/620
f 599/599/599 634/634/634 620/620/620
f 635/635/635 634/634/634 599/599/599
f 637/637/637 636/636/636 630/630/630
f 637/637/637 632/632/632 638/638/638
f 630/630/630 632/632/632 637/637/637
f 614/614/614 587/587/587 586/586/586
f 613/613/613 587/587/587 614/614/614
f 615/615/615 640/640/640 639/639/639
f 616/616/616 640/640/640 615/615/615
f 639/639/639 626/626/626 628/628/628
f 640/640/640 626/626/626 639/639/639
f 640/640/640 618/618/618 641/641/641
f 616/616/616 618/618/618 640/640/640
f 611/611/611 618/618/618 616/616/616
f 643/643/643 642/642/642 624/624/624
f 644/644/644 642/642/642 643/643/643
f 603/603/603 642/642/642 644/644/644
f 645/645/645 621/621/621 622/622/622
f 610/610/610 617/617/617 608/608/608
f 617/617/617 611/611/611 616/616/616
f 646/646/646 640/640/640 641/641/641
f 626/626/626 640/640/640 646/646/646
f 626/626/626 647/647/647 625/625/625
f 646/646/646 647/647/647 626/626/626
f 648/648/648 630/630/630 636/636/636
f 629/629/629 630/630/630 648/648/648
f 651/651/651 650/650/650 649/649/649
f 652/652/652 650/650/650 651/651/651
f 653/653/653 649/649/649 650/650/650
f 654/654/654 649/649/649 653/653/653
f 655/655/655 654/654/654 653/653/653
f 656/656/656 654/654/654 655/655/655
f 659/659/659 658/658/658 657/657/657
f 660/660/660 658/658/658 659/659/659
f 657/657/657 662/662/662 661/661/661
f 658/658/658 662/662/662 657/657/657
f 665/665/665 664/664/664 663/663/663
f 666/666/666 664/664/664 665/665/665
f 663/663/663 668/668/668 667/667/667
f 664/664/664 668/668/668 663/663/663
f 661/661/661 666/666/666 665/665/665
f 662/662/662 666/666/666 661/661/661
f 652/652/652 667/667/667 668/668/668
f 651/651/651 667/667/667 652/652/652
f 623/623/623 643/643/643 624/624/624
f 631/631/631 669/669/669 632/632/632
f 670/670/670 669/669/669 631/631/631
f 669/669/669 638/638/638 632/632/632
f 671/671/671 638/638/638 669/669/669
f 674/674/674 673/673/673 672/672/672
f 675/675/675 673/673/673 674/674/674
f 678/678/678 677/677/677 676/676/676
f 679/679/679 677/677/677 678/678/678
f 676/676/676 681/681/681 680/680/680
f 677/677/677 681/681/681 676/676/676
f 603/603/603 601/601/601 642/642/642
f 683/683/683 625/625/625 682/682/682
f 627/627/627 625/625/625 683/683/683
f 682/682/682 647/647/647 684/684/684
f 625/625/625 647/647/647 682/682/682
f 670/670/670 682/682/682 669/669/669
f 683/683/683 682/682/682 670/670/670
f 682/682/682 671/671/671 669/669/669
f 684/684/684 671/671/671 682/682/682
f 579/579/579 391/391/391 577/577/577
f 393/393/393 391/391/391 579/579/579
f 396/396/396 205/205/205 580/580/580
f 685/685/685 604/604/604 605/605/605
f 686/686/686 604/604/604 685/685/685
f 687/687/687 604/604/604 686/686/686
f 599/599/599 688/688/688 635/635/635
f 598/598/598 688/688/688 599/599/599
f 691/691/691 690/690/690 689/689/689
f 692/692/692 690/690/690 691/691/691
f 695/695/695 694/694/694 693/693/693
f 693/693/693 697/697/697 696/696/696
f 694/694/694 697/697/697 693/693/693
f 700/700/700 699/699/699 698/698/698
f 702/702/702 698/698/698 701/701/701
f 700/700/700 698/698/698 702/702/702
f 705/705/705 704/704/704 703/703/703
f 706/706/706 704/704/704 705/705/705
f 697/697/697 707/707/707 696/696/696
f 708/708/708 703/703/703 704/704/704
f 709/709/709 703/703/703 708/708/708
f 558/558/558 548/548/548 549/549/549
f 712/712/712 711/711/711 710/710/710
f 715/715/715 714/714/714 713/713/713
f 712/712/712 717/717/717 716/716/716
f 710/710/710 717/717/717 712/712/712
f 716/716/716 719/719/719 718/718/718
f 717/717/717 719/719/719 716/716/716
f 722/722/722 721/721/721 720/720/720
f 723/723/723 721/721/721 722/722/722
f 726/726/726 725/725/725 724/724/724
f 727/727/727 725/725/725 726/726/726
f 730/730/730 729/729/729 728/728/728
f 731/731/731 729/729/729 730/730/730
f 734/734/734 733/733/733 732/732/732
f 735/735/735 733/733/733 734/734/734
f 738/738/738 737/737/737 736/736/736
f 739/739/739 737/737/737 738/738/738
f 725/725/725 723/723/723 724/724/724
f 721/721/721 723/723/723 725/725/725
f 741/741/741 733/733/733 740/740/740
f 742/742/742 733/733/733 741/741/741
f 744/744/744 726/726/726 743/743/743
f 727/727/727 726/726/726 744/744/744
f 745/745/745 735/735/735 734/734/734
f 746/746/746 735/735/735 745/745/745
f 715/715/715 737/737/737 714/714/714
f 736/736/736 737/737/737 715/715/715
f 749/749/749 748/748/748 747/747/747
f 720/720/720 751/751/751 750/750/750
f 721/721/721 751/751/751 720/720/720
f 752/752/752 721/721/721 725/725/725
f 751/751/751 721/721/721 752/752/752
f 727/727/727 752/752/752 725/725/725
f 753/753/753 752/752/752 727/727/727
f 753/753/753 755/755/755 754/754/754
f 727/727/727 755/755/755 753/753/753
f 757/757/757 719/719/719 756/756/756
f 718/718/718 719/719/719 757/757/757
f 750/750/750 747/747/747 720/720/720
f 749/749/749 747/747/747 750/750/750
f 720/720/720 747/747/747 722/722/722
f 759/759/759 729/729/729 758/758/758
f 728/728/728 729/729/729 759/759/759
f 757/757/757 739/739/739 738/738/738
f 756/756/756 739/739/739 757/757/757
f 759/759/759 741/741/741 740/740/740
f 758/758/758 741/741/741 759/759/759
f 762/762/762 761/761/761 760/760/760
f 763/763/763 761/761/761 762/762/762
f 765/765/765 764/764/764 205/205/205
f 713/713/713 766/766/766 715/715/715
f 767/767/767 766/766/766 713/713/713
f 770/770/770 769/769/769 768/768/768
f 771/771/771 769/769/769 770/770/770
f 774/774/774 773/773/773 772/772/772
f 773/773/773 776/776/776 775/775/775
f 774/774/774 776/776/776 773/773/773
f 777/777/777 776/776/776 774/774/774
f 776/776/776 779/779/779 778/778/778
f 777/777/777 779/779/779 776/776/776
f 782/782/782 781/781/781 780/780/780
f 784/784/784 782/782/782 783/783/783
f 781/781/781 782/782/782 784/784/784
f 787/787/787 786/786/786 785/785/785
f 790/790/790 789/789/789 788/788/788
f 793/793/793 792/792/792 791/791/791
f 794/794/794 792/792/792 793/793/793
f 797/797/797 796/796/796 795/795/795
f 798/798/798 796/796/796 797/797/797
f 792/792/792 800/800/800 799/799/799
f 801/801/801 800/800/800 792/792/792
f 795/795/795 796/796/796 802/802/802
f 784/784/784 804/804/804 803/803/803
f 783/783/783 804/804/804 784/784/784
f 803/803/803 806/806/806 805/805/805
f 804/804/804 806/806/806 803/803/803
f 808/808/808 779/779/779 807/807/807
f 778/778/778 779/779/779 808/808/808
f 811/811/811 810/810/810 809/809/809
f 812/812/812 810/810/810 811/811/811
f 815/815/815 814/814/814 813/813/813
f 816/816/816 814/814/814 815/815/815
f 818/818/818 817/817/817 804/804/804
f 783/783/783 818/818/818 804/804/804
f 819/819/819 818/818/818 783/783/783
f 821/821/821 820/820/820 814/814/814
f 821/821/821 816/816/816 822/822/822
f 814/814/814 816/816/816 821/821/821
f 798/798/798 771/771/771 770/770/770
f 797/797/797 771/771/771 798/798/798
f 799/799/799 824/824/824 823/823/823
f 800/800/800 824/824/824 799/799/799
f 823/823/823 810/810/810 812/812/812
f 824/824/824 810/810/810 823/823/823
f 824/824/824 802/802/802 825/825/825
f 800/800/800 802/802/802 824/824/824
f 795/795/795 802/802/802 800/800/800
f 827/827/827 826/826/826 808/808/808
f 828/828/828 826/826/826 827/827/827
f 787/787/787 826/826/826 828/828/828
f 829/829/829 805/805/805 806/806/806
f 794/794/794 801/801/801 792/792/792
f 801/801/801 795/795/795 800/800/800
f 830/830/830 824/824/824 825/825/825
f 810/810/810 824/824/824 830/830/830
f 810/810/810 831/831/831 809/809/809
f 830/830/830 831/831/831 810/810/810
f 832/832/832 814/814/814 820/820/820
f 813/813/813 814/814/814 832/832/832
f 835/835/835 834/834/834 833/833/833
f 836/836/836 834/834/834 835/835/835
f 837/837/837 833/833/833 834/834/834
f 838/838/838 833/833/833 837/837/837
f 839/839/839 838/838/838 837/837/837
f 840/840/840 838/838/838 839/839/839
f 843/843/843 842/842/842 841/841/841
f 844/844/844 842/842/842 843/843/843
f 841/841/841 846/846/846 845/845/845
f 842/842/842 846/846/846 841/841/841
f 849/849/849 848/848/848 847/847/847
f 850/850/850 848/848/848 849/849/849
f 847/847/847 852/852/852 851/851/851
f 848/848/848 852/852/852 847/847/847
f 845/845/845 850/850/850 849/849/849
f 846/846/846 850/850/850 845/845/845
f 836/836/836 851/851/851 852/852/852
f 835/835/835 851/851/851 836/836/836
f 807/807/807 827/827/827 808/808/808
f 815/815/815 853/853/853 816/816/816
f 854/854/854 853/853/853 815/815/815
f 853/853/853 822/822/822 816/816/816
f 855/855/855 822/822/822 853/853/853
f 858/858/858 857/857/857 856/856/856
f 859/859/859 857/857/857 858/858/858
f 862/862/862 861/861/861 860/860/860
f 863/863/863 861/861/861 862/862/862
f 860/860/860 865/865/865 864/864/864
f 861/861/861 865/865/865 860/860/860
f 787/787/787 785/785/785 826/826/826
f 867/867/867 809/809/809 866/866/866
f 811/811/811 809/809/809 867/867/867
f 866/866/866 831/831/831 868/868/868
f 809/809/809 831/831/831 866/866/866
f 854/854/854 866/866/866 853/853/853
f 867/867/867 866/866/866 854/854/854
f 866/866/866 855/855/855 853/853/853
f 868/868/868 855/855/855 866/866/866
f 763/763/763 576/576/576 761/761/761
f 578/578/578 576/576/576 763/763/763
f 581/581/581 205/205/205 764/764/764
f 869/869/869 788/788/788 789/789/789
f 870/870/870 788/788/788 869/869/869
f 871/871/871 788/788/788 870/870/870
f 783/783/783 872/872/872 819/819/819
f 782/782/782 872/872/872 783/783/783
f 875/875/875 874/874/874 873/873/873
f 876/876/876 874/874/874 875/875/875
f 879/879/879 878/878/878 877/877/877
f 877/877/877 881/881/881 880/880/880
f 878/878/878 881/881/881 877/877/877
f 884/884/884 883/883/883 882/882/882
f 886/886/886 882/882/882 885/885/885
f 884/884/884 882/882/882 886/886/886
f 889/889/889 888/888/888 887/887/887
f 890/890/890 888/888/888 889/889/889
f 881/881/881 891/891/891 880/880/880
f 892/892/892 887/887/887 888/888/888
f 893/893/893 887/887/887 892/892/892
f 742/742/742 732/732/732 733/733/733
f 896/896/896 895/895/895 894/894/894
f 899/899/899 898/898/898 897/897/897
f 896/896/896 901/901/901 900/900/900
f 894/894/894 901/901/901 896/896/896
f 900/900/900 903/903/903 902/902/902
f 901/901/901 903/903/903 900/900/900
f 906/906/906 905/905/905 904/904/904
f 907/907/907 905/905/905 906/906/906
f 910/910/910 909/909/909 908/908/908
f 911/911/911 909/909/909 910/910/910
f 914/914/914 913/913/913 912/912/912
f 915/915/915 913/913/913 914/914/914
f 918/918/918 917/917/917 916/916/916
f 919/919/919 917/917/917 918/918/918
f 922/922/922 921/921/921 920/920/920
f 923/923/923 921/921/921 922/922/922
f 909/909/909 907/907/907 908/908/908
f 905/905/905 907/907/907 909/909/909
f 925/925/925 917/917/917 924/924/924
f 926/926/926 917/917/917 925/925/925
f 928/928/928 910/910/910 927/927/927
f 911/911/911 910/910/910 928/928/928
f 929/929/929 919/919/919 918/918/918
f 930/930/930 919/919/919 929/929/929
f 899/899/899 921/921/921 898/898/898
f 920/920/920 921/921/921 899/899/899
f 933/933/933 932/932/932 931/931/931
f 904/904/904 935/935/935 934/934/934
f 905/905/905 935/935/935 904/904/904
f 936/936/936 905/905/905 909/909/909
f 935/935/935 905/905/905 936/936/936
f 911/911/911 936/936/936 909/909/909
f 937/937/937 936/936/936 911/911/911
f 937/937/937 939/939/939 938/938/938
f 911/911/911 939/939/939 937/937/937
f 941/941/941 903/903/903 940/940/940
f 902/902/902 903/903/903 941/941/941
f 934/934/934 931/931/931 904/904/904
f 933/933/933 931/931/931 934/934/934
f 904/904/904 931/931/931 906/906/906
f 943/943/943 913/913/913 942/942/942
f 912/912/912 913/913/913 943/943/943
f 941/941/941 923/923/923 922/922/922
f 940/940/940 923/923/923 941/941/941
f 943/943/943 925/925/925 924/924/924
f 942/942/942 925/925/925 943/943/943
f 946/946/946 945/945/945 944/944/944
f 947/947/947 945/945/945 946/946/946
f 949/949/949 948/948/948 205/205/205
f 897/897/897 950/950/950 899/899/899
f 951/951/951 950/950/950 897/897/897
f 954/954/954 953/953/953 952/952/952
f 955/955/955 953/953/953 954/954/954
f 958/958/958 957/957/957 956/956/956
f 957/957/957 960/960/960 959/959/959
f 958/958/958 960/960/960 957/957/957
f 961/961/961 960/960/960 958/958/958
f 960/960/960 963/963/963 962/962/962
f 961/961/961 963/963/963 960/960/960
f 966/966/966 965/965/965 964/964/964
f 968/968/968 966/966/966 967/967/967
f 965/965/965 966/966/966 968/968/968
f 971/971/971 970/970/970 969/969/969
f 974/974/974 973/973/973 972/972/972
f 977/977/977 976/976/976 975/975/975
f 978/978/978 976/976/976 977/977/977
f 981/981/981 980/980/980 979/979/979
f 982/982/982 980/980/980 981/981/981
f 976/976/976 984/984/984 983/983/983
f 985/985/985 984/984/984 976/976/976
f 979/979/979 980/980/980 986/986/986
f 968/968/968 988/988/988 987/987/987
f 967/967/967 988/988/988 968/968/968
f 987/987/987 990/990/990 989/989/989
f 988/988/988 990/990/990 987/987/987
f 992/992/992 963/963/963 991/991/991
f 962/962/962 963/963/963 992/992/992
f 995/995/995 994/994/994 993/993/993
f 996/996/996 994/994/994 995/995/995
f 999/999/999 998/998/998 997/997/997
f 1000/1000/1000 998/998/998 999/999/999
f 1002/1002/1002 1001/1001/1001 988/988/988
f 967/967/967 1002/1002/1002 988/988/988
f 1003/1003/1003 1002/1002/1002 967/967/967
f 1005/1005/1005 1004/1004/1004 998/998/998
f 1005/1005/1005 1000/1000/1000 1006/1006/1006
f 998/998/998 1000/1000/1000 1005/1005/1005
f 982/982/982 955/955/955 954/954/954
f 981/981/981 955/955/955 982/982/982
f 983/983/983 1008/1008/1008 1007/1007/1007
f 984/984/984 1008/1008/1008 983/983/983
f 1007/1007/1007 994/994/994 996/996/996
f 1008/1008/1008 994/994/994 1007/1007/1007
f 1008/1008/1008 986/986/986 1009/1009/1009
f 984/984/984 986/986/986 1008/1008/1008
f 979/979/979 986/986/986 984/984/984
f 1011/1011/1011 1010/1010/1010 992/992/992
f 1012/1012/1012 1010/1010/1010 1011/1011/1011
f 971/971/971 1010/1010/1010 1012/1012/1012
f 1013/1013/1013 989/989/989 990/990/990
f 978/978/978 985/985/985 976/976/976
f 985/985/985 979/979/979 984/984/984
f 1014/1014/1014 1008/1008/1008 1009/1009/1009
f 994/994/994 1008/1008/1008 1014/1014/1014
f 994/994/994 1015/1015/1015 993/993/993
f 1014/1014/1014 1015/1015/1015 994/994/994
f 1016/1016/1016 998/998/998 1004/1004/1004
f 997/997/997 998/998/998 1016/1016/1016
f 1019/1019/1019 1018/1018/1018 1017/1017/1017
f 1020/1020/1020 1018/1018/1018 1019/1019/1019
f 1021/1021/1021 1017/1017/1017 1018/1018/1018
f 1022/1022/1022 1017/1017/1017 1021/1021/1021
f 1023/1023/1023 1022/1022/1022 1021/1021/1021
f 1024/1024/1024 1022/1022/1022 1023/1023/1023
f 1027/1027/1027 1026/1026/1026 1025/1025/1025
f 1028/1028/1028 1026/1026/1026 1027/1027/1027
f 1025/1025/1025 1030/1030/1030 1029/1029/1029
f 1026/1026/1026 1030/1030/1030 1025/1025/1025
f 1033/1033/1033 1032/1032/1032 1031/1031/1031
f 1034/1034/1034 1032/1032/1032 1033/1033/1033
f 1031/1031/1031 1036/1036/1036 1035/1035/1035
f 1032/1032/1032 1036/1036/1036 1031/1031/1031
f 1029/1029/1029 1034/1034/1034 1033/1033/1033
f 1030/1030/1030 1034/1034/1034 1029/1029/1029
f 1020/1020/1020 1035/1035/1035 1036/1036/1036
f 1019/1019/1019 1035/1035/1035 1020/1020/1020
f 991/991/991 1011/1011/1011 992/992/992
f 999/999/999 1037/1037/1037 1000/1000/1000
f 1038/1038/1038 1037/1037/1037 999/999/999
f 1037/1037/1037 1006/1006/1006 1000/1000/1000
f 1039/1039/1039 1006/1006/1006 1037/1037/1037
f 1042/1042/1042 1041/1041/1041 1040/1040/1040
f 1043/1043/1043 1041/1041/1041 1042/1042/1042
f 1046/1046/1046 1045/1045/1045 1044/1044/1044
f 1047/1047/1047 1045/1045/1045 1046/1046/1046
f 1044/1044/1044 1049/1049/1049 1048/1048/1048
f 1045/1045/1045 1049/1049/1049 1044/1044/1044
f 971/971/971 969/969/969 1010/1010/1010
f 1051/1051/1051 993/993/993 1050/1050/1050
f 995/995/995 993/993/993 1051/1051/1051
f 1050/1050/1050 1015/1015/1015 1052/1052/1052
f 993/993/993 1015/1015/1015 1050/1050/1050
f 1038/1038/1038 1050/1050/1050 1037/1037/1037
f 1051/1051/1051 1050/1050/1050 1038/1038/1038
f 1050/1050/1050 1039/1039/1039 1037/1037/1037
f 1052/1052/1052 1039/1039/1039 1050/1050/1050
f 947/947/947 760/760/760 945/945/945
f 762/762/762 760/760/760 947/947/947
f 765/765/765 205/205/205 948/948/948
f 1053/1053/1053 972/972/972 973/973/973
f 1054/1054/1054 972/972/972 1053/1053/1053
f 1055/1055/1055 972/972/972 1054/1054/1054
f 967/967/967 1056/1056/1056 1003/1003/1003
f 966/966/966 1056/1056/1056 967/967/967
f 1059/1059/1059 1058/1058/1058 1057/1057/1057
f 1060/1060/1060 1058/1058/1058 1059/1059/1059
f 1063/1063/1063 1062/1062/1062 1061/1061/1061
f 1061/1061/1061 1065/1065/1065 1064/1064/1064
f 1062/1062/1062 1065/1065/1065 1061/1061/1061
f 1068/1068/1068 1067/1067/1067 1066/1066/1066
f 1070/1070/1070 1066/1066/1066 1069/1069/1069
f 1068/1068/1068 1066/1066/1066 1070/1070/1070
f 1073/1073/1073 1072/1072/1072 1071/1071/1071
f 1074/1074/1074 1072/1072/1072 1073/1073/1073
f 1065/1065/1065 1075/1075/1075 1064/1064/1064
f 1076/1076/1076 1071/1071/1071 1072/1072/1072
f 1077/1077/1077 1071/1071/1071 1076/1076/1076
f 926/926/926 916/916/916 917/917/917
f 1080/1080/1080 1079/1079/1079 1078/1078/1078
f 1083/1083/1083 1082/1082/1082 1081/1081/1081
f 1080/1080/1080 1085/1085/1085 1084/1084/1084
f 1078/1078/1078 1085/1085/1085 1080/1080/1080
f 1084/1084/1084 1087/1087/1087 1086/1086/1086
f 1085/1085/1085 1087/1087/1087 1084/1084/1084
f 1090/1090/1090 1089/1089/1089 1088/1088/1088
f 1091/1091/1091 1089/1089/1089 1090/1090/1090
f 1094/1094/1094 1093/1093/1093 1092/1092/1092
f 1095/1095/1095 1093/1093/1093 1094/1094/1094
f 1098/1098/1098 1097/1097/1097 1096/1096/1096
f 1099/1099/1099 1097/1097/1097 1098/1098/1098
f 1102/1102/1102 1101/1101/1101 1100/1100/1100
f 1103/1103/1103 1101/1101/1101 1102/1102/1102
f 1106/1106/1106 1105/1105/1105 1104/1104/1104
f 1107/1107/1107 1105/1105/1105 1106/1106/1106
f 1093/1093/1093 1091/1091/1091 1092/1092/1092
f 1089/1089/1089 1091/1091/1091 1093/1093/1093
f 1109/1109/1109 1101/1101/1101 1108/1108/1108
f 1110/1110/1110 1101/1101/1101 1109/1109/1109
f 1112/1112/1112 1094/1094/1094 1111/1111/1111
f 1095/1095/1095 1094/1094/1094 1112/1112/1112
f 1113/1113/1113 1103/1103/1103 1102/1102/1102
f 1114/1114/1114 1103/1103/1103 1113/1113/1113
f 1083/1083/1083 1105/1105/1105 1082/1082/1082
f 1104/1104/1104 1105/1105/1105 1083/1083/1083
f 1117/1117/1117 1116/1116/1116 1115/1115/1115
f 1088/1088/1088 1119/1119/1119 1118/1118/1118
f 1089/1089/1089 1119/1119/1119 1088/1088/1088
f 1120/1120/1120 1089/1089/1089 1093/1093/1093
f 1119/1119/1119 1089/1089/1089 1120/1120/1120
f 1095/1095/1095 1120/1120/1120 1093/1093/1093
f 1121/1121/1121 1120/1120/1120 1095/1095/1095
f 1121/1121/1121 1123/1123/1123 1122/1122/1122
f 1095/1095/1095 1123/1123/1123 1121/1121/1121
f 1125/1125/1125 1087/1087/1087 1124/1124/1124
f 1086/1086/1086 1087/1087/1087 1125/1125/1125
f 1118/1118/1118 1115/1115/1115 1088/1088/1088
f 1117/1117/1117 1115/1115/1115 1118/1118/1118
f 1088/1088/1088 1115/1115/1115 1090/1090/1090
f 1127/1127/1127 1097/1097/1097 1126/1126/1126
f 1096/1096/1096 1097/1097/1097 1127/1127/1127
f 1125/1125/1125 1107/1107/1107 1106/1106/1106
f 1124/1124/1124 1107/1107/1107 1125/1125/1125
f 1127/1127/1127 1109/1109/1109 1108/1108/1108
f 1126/1126/1126 1109/1109/1109 1127/1127/1127
f 1130/1130/1130 1129/1129/1129 1128/1128/1128
f 1131/1131/1131 1129/1129/1129 1130/1130/1130
f 1133/1133/1133 1132/1132/1132 205/205/205
f 1081/1081/1081 1134/1134/1134 1083/1083/1083
f 1135/1135/1135 1134/1134/1134 1081/1081/1081
f 1138/1138/1138 1137/1137/1137 1136/1136/1136
f 1139/1139/1139 1137/1137/1137 1138/1138/1138
f 1142/1142/1142 1141/1141/1141 1140/1140/1140
f 1141/1141/1141 1144/1144/1144 1143/1143/1143
f 1142/1142/1142 1144/1144/1144 1141/1141/1141
f 1145/1145/1145 1144/1144/1144 1142/1142/1142
f 1148/1148/1148 1147/1147/1147 1146/1146/1146
f 1150/1150/1150 1148/1148/1148 1149/1149/1149
f 1151/1151/1151 1148/1148/1148 1150/1150/1150
f 1147/1147/1147 1148/1148/1148 1151/1151/1151
f 1154/1154/1154 1153/1153/1153 1152/1152/1152
f 1157/1157/1157 1156/1156/1156 1155/1155/1155
f 1158/1158/1158 1156/1156/1156 1157/1157/1157
f 1161/1161/1161 1160/1160/1160 1159/1159/1159
f 1162/1162/1162 1160/1160/1160 1161/1161/1161
f 1156/1156/1156 1164/1164/1164 1163/1163/1163
f 1165/1165/1165 1164/1164/1164 1156/1156/1156
f 1159/1159/1159 1160/1160/1160 1166/1166/1166
f 1167/1167/1167 1151/1151/1151 1150/1150/1150
f 1168/1168/1168 1151/1151/1151 1167/1167/1167
f 1170/1170/1170 1167/1167/1167 1169/1169/1169
f 1168/1168/1168 1167/1167/1167 1170/1170/1170
f 1173/1173/1173 1172/1172/1172 1171/1171/1171
f 1174/1174/1174 1172/1172/1172 1173/1173/1173
f 1177/1177/1177 1176/1176/1176 1175/1175/1175
f 1178/1178/1178 1176/1176/1176 1177/1177/1177
f 1180/1180/1180 1179/1179/1179 1176/1176/1176
f 1180/1180/1180 1178/1178/1178 1181/1181/1181
f 1176/1176/1176 1178/1178/1178 1180/1180/1180
f 1162/1162/1162 1139/1139/1139 1138/1138/1138
f 1161/1161/1161 1139/1139/1139 1162/1162/1162
f 1163/1163/1163 1183/1183/1183 1182/1182/1182
f 1164/1164/1164 1183/1183/1183 1163/1163/1163
f 1182/1182/1182 1172/1172/1172 1174/1174/1174
f 1183/1183/1183 1172/1172/1172 1182/1182/1182
f 1183/1183/1183 1166/1166/1166 1184/1184/1184
f 1164/1164/1164 1166/1166/1166 1183/1183/1183
f 1159/1159/1159 1166/1166/1166 1164/1164/1164
f 1187/1187/1187 1186/1186/1186 1185/1185/1185
f 1158/1158/1158 1165/1165/1165 1156/1156/1156
f 1165/1165/1165 1159/1159/1159 1164/1164/1164
f 1188/1188/1188 1183/1183/1183 1184/1184/1184
f 1172/1172/1172 1183/1183/1183 1188/1188/1188
f 1172/1172/1172 1189/1189/1189 1171/1171/1171
f 1188/1188/1188 1189/1189/1189 1172/1172/1172
f 1190/1190/1190 1176/1176/1176 1179/1179/1179
f 1175/1175/1175 1176/1176/1176 1190/1190/1190
f 1193/1193/1193 1192/1192/1192 1191/1191/1191
f 1194/1194/1194 1192/1192/1192 1193/1193/1193
f 1195/1195/1195 1191/1191/1191 1192/1192/1192
f 1196/1196/1196 1191/1191/1191 1195/1195/1195
f 1197/1197/1197 1196/1196/1196 1195/1195/1195
f 1198/1198/1198 1196/1196/1196 1197/1197/1197
f 1199/1199/1199 1144/1144/1144 1145/1145/1145
f 1200/1200/1200 1144/1144/1144 1199/1199/1199
f 1203/1203/1203 1202/1202/1202 1201/1201/1201
f 1206/1206/1206 1205/1205/1205 1204/1204/1204
f 1207/1207/1207 1205/1205/1205 1206/1206/1206
f 1209/1209/1209 1202/1202/1202 1208/1208/1208
f 1212/1212/1212 1211/1211/1211 1210/1210/1210
f 1213/1213/1213 1211/1211/1211 1212/1212/1212
f 1210/1210/1210 1215/1215/1215 1214/1214/1214
f 1211/1211/1211 1215/1215/1215 1210/1210/1210
f 1218/1218/1218 1217/1217/1217 1216/1216/1216
f 1219/1219/1219 1217/1217/1217 1218/1218/1218
f 1216/1216/1216 1221/1221/1221 1220/1220/1220
f 1217/1217/1217 1221/1221/1221 1216/1216/1216
f 1214/1214/1214 1219/1219/1219 1218/1218/1218
f 1215/1215/1215 1219/1219/1219 1214/1214/1214
f 1194/1194/1194 1220/1220/1220 1221/1221/1221
f 1193/1193/1193 1220/1220/1220 1194/1194/1194
f 1205/1205/1205 1199/1199/1199 1222/1222/1222
f 1200/1200/1200 1199/1199/1199 1205/1205/1205
f 1222/1222/1222 1204/1204/1204 1205/1205/1205
f 1177/1177/1177 1223/1223/1223 1178/1178/1178
f 1224/1224/1224 1223/1223/1223 1177/1177/1177
f 1223/1223/1223 1181/1181/1181 1178/1178/1178
f 1225/1225/1225 1181/1181/1181 1223/1223/1223
f 1228/1228/1228 1227/1227/1227 1226/1226/1226
f 1229/1229/1229 1227/1227/1227 1228/1228/1228
f 1232/1232/1232 1231/1231/1231 1230/1230/1230
f 1233/1233/1233 1231/1231/1231 1232/1232/1232
f 1236/1236/1236 1235/1235/1235 1234/1234/1234
f 1237/1237/1237 1235/1235/1235 1236/1236/1236
f 1203/1203/1203 1208/1208/1208 1202/1202/1202
f 1239/1239/1239 1171/1171/1171 1238/1238/1238
f 1173/1173/1173 1171/1171/1171 1239/1239/1239
f 1238/1238/1238 1189/1189/1189 1240/1240/1240
f 1171/1171/1171 1189/1189/1189 1238/1238/1238
f 1224/1224/1224 1238/1238/1238 1223/1223/1223
f 1239/1239/1239 1238/1238/1238 1224/1224/1224
f 1238/1238/1238 1225/1225/1225 1223/1223/1223
f 1240/1240/1240 1225/1225/1225 1238/1238/1238
f 1131/1131/1131 944/944/944 1129/1129/1129
f 946/946/946 944/944/944 1131/1131/1131
f 949/949/949 205/205/205 1132/1132/1132
f 1241/1241/1241 1152/1152/1152 1153/1153/1153
f 1242/1242/1242 1152/1152/1152 1241/1241/1241
f 1243/1243/1243 1152/1152/1152 1242/1242/1242
f 1246/1246/1246 1245/1245/1245 1244/1244/1244
f 1247/1247/1247 1245/1245/1245 1246/1246/1246
f 1250/1250/1250 1249/1249/1249 1248/1248/1248
f 1248/1248/1248 1252/1252/1252 1251/1251/1251
f 1249/1249/1249 1252/1252/1252 1248/1248/1248
f 1255/1255/1255 1254/1254/1254 1253/1253/1253
f 1257/1257/1257 1253/1253/1253 1256/1256/1256
f 1255/1255/1255 1253/1253/1253 1257/1257/1257
f 1260/1260/1260 1259/1259/1259 1258/1258/1258
f 1261/1261/1261 1259/1259/1259 1260/1260/1260
f 1252/1252/1252 1262/1262/1262 1251/1251/1251
f 1263/1263/1263 1258/1258/1258 1259/1259/1259
f 1264/1264/1264 1258/1258/1258 1263/1263/1263
f 1110/1110/1110 1100/1100/1100 1101/1101/1101
f 1267/1267/1267 1266/1266/1266 1265/1265/1265
f 1270/1270/1270 1269/1269/1269 1268/1268/1268
f 1267/1267/1267 1272/1272/1272 1271/1271/1271
f 1265/1265/1265 1272/1272/1272 1267/1267/1267
f 1271/1271/1271 1274/1274/1274 1273/1273/1273
f 1272/1272/1272 1274/1274/1274 1271/1271/1271
f 1277/1277/1277 1276/1276/1276 1275/1275/1275
f 1278/1278/1278 1276/1276/1276 1277/1277/1277
f 1281/1281/1281 1280/1280/1280 1279/1279/1279
f 1282/1282/1282 1280/1280/1280 1281/1281/1281
f 1285/1285/1285 1284/1284/1284 1283/1283/1283
f 1286/1286/1286 1284/1284/1284 1285/1285/1285
f 1289/1289/1289 1288/1288/1288 1287/1287/1287
f 1290/1290/1290 1288/1288/1288 1289/1289/1289
f 1293/1293/1293 1292/1292/1292 1291/1291/1291
f 1294/1294/1294 1292/1292/1292 1293/1293/1293
f 1280/1280/1280 1278/1278/1278 1279/1279/1279
f 1276/1276/1276 1278/1278/1278 1280/1280/1280
f 1296/1296/1296 1288/1288/1288 1295/1295/1295
f 1297/1297/1297 1288/1288/1288 1296/1296/1296
f 1299/1299/1299 1281/1281/1281 1298/1298/1298
f 1282/1282/1282 1281/1281/1281 1299/1299/1299
f 1300/1300/1300 1290/1290/1290 1289/1289/1289
f 1301/1301/1301 1290/1290/1290 1300/1300/1300
f 1270/1270/1270 1292/1292/1292 1269/1269/1269
f 1291/1291/1291 1292/1292/1292 1270/1270/1270
f 1304/1304/1304 1303/1303/1303 1302/1302/1302
f 1275/1275/1275 1306/1306/1306 1305/1305/1305
f 1276/1276/1276 1306/1306/1306 1275/1275/1275
f 1307/1307/1307 1276/1276/1276 1280/1280/1280
f 1306/1306/1306 1276/1276/1276 1307/1307/1307
f 1282/1282/1282 1307/1307/1307 1280/1280/1280
f 1308/1308/1308 1307/1307/1307 1282/1282/1282
f 1308/1308/1308 1310/1310/1310 1309/1309/1309
f 1282/1282/1282 1310/1310/1310 1308/1308/1308
f 1312/1312/1312 1274/1274/1274 1311/1311/1311
f 1273/1273/1273 1274/1274/1274 1312/1312/1312
f 1305/1305/1305 1302/1302/1302 1275/1275/1275
f 1304/1304/1304 1302/1302/1302 1305/1305/1305
f 1275/1275/1275 1302/1302/1302 1277/1277/1277
f 1314/1314/1314 1284/1284/1284 1313/1313/1313
f 1283/1283/1283 1284/1284/1284 1314/1314/1314
f 1312/1312/1312 1294/1294/1294 1293/1293/1293
f 1311/1311/1311 1294/1294/1294 1312/1312/1312
f 1314/1314/1314 1296/1296/1296 1295/1295/1295
f 1313/1313/1313 1296/1296/1296 1314/1314/1314
f 312/312/312 1315/1315/1315 311/311/311
f 1316/1316/1316 1315/1315/1315 312/312/312
f 313/313/313 1317/1317/1317 205/205/205
f 1268/1268/1268 1318/1318/1318 1270/1270/1270
f 1319/1319/1319 1318/1318/1318 1268/1268/1268
f 1322/1322/1322 1321/1321/1321 1320/1320/1320
f 1323/1323/1323 1321/1321/1321 1322/1322/1322
f 1326/1326/1326 1325/1325/1325 1324/1324/1324
f 1325/1325/1325 1328/1328/1328 1327/1327/1327
f 1326/1326/1326 1328/1328/1328 1325/1325/1325
f 1329/1329/1329 1328/1328/1328 1326/1326/1326
f 1328/1328/1328 1331/1331/1331 1330/1330/1330
f 1329/1329/1329 1331/1331/1331 1328/1328/1328
f 1334/1334/1334 1333/1333/1333 1332/1332/1332
f 1336/1336/1336 1334/1334/1334 1335/1335/1335
f 1333/1333/1333 1334/1334/1334 1336/1336/1336
f 1339/1339/1339 1338/1338/1338 1337/1337/1337
f 1342/1342/1342 1341/1341/1341 1340/1340/1340
f 1345/1345/1345 1344/1344/1344 1343/1343/1343
f 1346/1346/1346 1344/1344/1344 1345/1345/1345
f 1349/1349/1349 1348/1348/1348 1347/1347/1347
f 1350/1350/1350 1348/1348/1348 1349/1349/1349
f 1344/1344/1344 1352/1352/1352 1351/1351/1351
f 1353/1353/1353 1352/1352/1352 1344/1344/1344
f 1347/1347/1347 1348/1348/1348 1354/1354/1354
f 1336/1336/1336 1356/1356/1356 1355/1355/1355
f 1335/1335/1335 1356/1356/1356 1336/1336/1336
f 1355/1355/1355 1358/1358/1358 1357/1357/1357
f 1356/1356/1356 1358/1358/1358 1355/1355/1355
f 1360/1360/1360 1331/1331/1331 1359/1359/1359
f 1330/1330/1330 1331/1331/1331 1360/1360/1360
f 1363/1363/1363 1362/1362/1362 1361/1361/1361
f 1364/1364/1364 1362/1362/1362 1363/1363/1363
f 1367/1367/1367 1366/1366/1366 1365/1365/1365
f 1368/1368/1368 1366/1366/1366 1367/1367/1367
f 1369/1369/1369 1358/1358/1358 1356/1356/1356
f 1335/1335/1335 1369/1369/1369 1356/1356/1356
f 1370/1370/1370 1369/1369/1369 1335/1335/1335
f 1372/1372/1372 1371/1371/1371 1366/1366/1366
f 1372/1372/1372 1368/1368/1368 1373/1373/1373
f 1366/1366/1366 1368/1368/1368 1372/1372/1372
f 1350/1350/1350 1323/1323/1323 1322/1322/1322
f 1349/1349/1349 1323/1323/1323 1350/1350/1350
f 1351/1351/1351 1375/1375/1375 1374/1374/1374
f 1352/1352/1352 1375/1375/1375 1351/1351/1351
f 1374/1374/1374 1362/1362/1362 1364/1364/1364
f 1375/1375/1375 1362/1362/1362 1374/1374/1374
f 1375/1375/1375 1354/1354/1354 1376/1376/1376
f 1352/1352/1352 1354/1354/1354 1375/1375/1375
f 1347/1347/1347 1354/1354/1354 1352/1352/1352
f 1378/1378/1378 1377/1377/1377 1360/1360/1360
f 1379/1379/1379 1377/1377/1377 1378/1378/1378
f 1339/1339/1339 1377/1377/1377 1379/1379/1379
f 1380/1380/1380 1357/1357/1357 1358/1358/1358
f 1346/1346/1346 1353/1353/1353 1344/1344/1344
f 1353/1353/1353 1347/1347/1347 1352/1352/1352
f 1381/1381/1381 1375/1375/1375 1376/1376/1376
f 1362/1362/1362 1375/1375/1375 1381/1381/1381
f 1362/1362/1362 1382/1382/1382 1361/1361/1361
f 1381/1381/1381 1382/1382/1382 1362/1362/1362
f 1383/1383/1383 1366/1366/1366 1371/1371/1371
f 1365/1365/1365 1366/1366/1366 1383/1383/1383
f 1386/1386/1386 1385/1385/1385 1384/1384/1384
f 1387/1387/1387 1385/1385/1385 1386/1386/1386
f 1388/1388/1388 1384/1384/1384 1385/1385/1385
f 1389/1389/1389 1384/1384/1384 1388/1388/1388
f 1390/1390/1390 1389/1389/1389 1388/1388/1388
f 1391/1391/1391 1389/1389/1389 1390/1390/1390
f 1394/1394/1394 1393/1393/1393 1392/1392/1392
f 1395/1395/1395 1393/1393/1393 1394/1394/1394
f 1392/1392/1392 1397/1397/1397 1396/1396/1396
f 1393/1393/1393 1397/1397/1397 1392/1392/1392
f 1400/1400/1400 1399/1399/1399 1398/1398/1398
f 1401/1401/1401 1399/1399/1399 1400/1400/1400
f 1398/1398/1398 1403/1403/1403 1402/1402/1402
f 1399/1399/1399 1403/1403/1403 1398/1398/1398
f 1396/1396/1396 1401/1401/1401 1400/1400/1400
f 1397/1397/1397 1401/1401/1401 1396/1396/1396
f 1387/1387/1387 1402/1402/1402 1403/1403/1403
f 1386/1386/1386 1402/1402/1402 1387/1387/1387
f 1359/1359/1359 1378/1378/1378 1360/1360/1360
f 1367/1367/1367 1404/1404/1404 1368/1368/1368
f 1405/1405/1405 1404/1404/1404 1367/1367/1367
f 1404/1404/1404 1373/1373/1373 1368/1368/1368
f 1406/1406/1406 1373/1373/1373 1404/1404/1404
f 1409/1409/1409 1408/1408/1408 1407/1407/1407
f 1410/1410/1410 1408/1408/1408 1409/1409/1409
f 1413/1413/1413 1412/1412/1412 1411/1411/1411
f 1414/1414/1414 1412/1412/1412 1413/1413/1413
f 1411/1411/1411 1416/1416/1416 1415/1415/1415
f 1412/1412/1412 1416/1416/1416 1411/1411/1411
f 1339/1339/1339 1337/1337/1337 1377/1377/1377
f 1418/1418/1418 1361/1361/1361 1417/1417/1417
f 1363/1363/1363 1361/1361/1361 1418/1418/1418
f 1417/1417/1417 1382/1382/1382 1419/1419/1419
f 1361/1361/1361 1382/1382/1382 1417/1417/1417
f 1405/1405/1405 1417/1417/1417 1404/1404/1404
f 1418/1418/1418 1417/1417/1417 1405/1405/1405
f 1417/1417/1417 1406/1406/1406 1404/1404/1404
f 1419/1419/1419 1406/1406/1406 1417/1417/1417
f 1316/1316/1316 1128/1128/1128 1315/1315/1315
f 1130/1130/1130 1128/1128/1128 1316/1316/1316
f 1133/1133/1133 205/205/205 1317/1317/1317
f 1420/1420/1420 1340/1340/1340 1341/1341/1341
f 1421/1421/1421 1340/1340/1340 1420/1420/1420
f 1422/1422/1422 1340/1340/1340 1421/1421/1421
f 1335/1335/1335 1423/1423/1423 1370/1370/1370
f 1334/1334/1334 1423/1423/1423 1335/1335/1335
f 1426/1426/1426 1425/1425/1425 1424/1424/1424
f 1427/1427/1427 1425/1425/1425 1426/1426/1426
f 1430/1430/1430 1429/1429/1429 1428/1428/1428
f 1428/1428/1428 1432/1432/1432 1431/1431/1431
f 1429/1429/1429 1432/1432/1432 1428/1428/1428
f 1435/1435/1435 1434/1434/1434 1433/1433/1433
f 1437/1437/1437 1433/1433/1433 1436/1436/1436
f 1435/1435/1435 1433/1433/1433 1437/1437/1437
f 1440/1440/1440 1439/1439/1439 1438/1438/1438
f 1441/1441/1441 1439/1439/1439 1440/1440/1440
f 1444/1444/1444 1443/1443/1443 1442/1442/1442
f 1445/1445/1445 1438/1438/1438 1439/1439/1439
f 1446/1446/1446 1438/1438/1438 1445/1445/1445
f 1297/1297/1297 1287/1287/1287 1288/1288/1288
f 1449/1449/1449 1448/1448/1448 1447/1447/1447
f 1450/1450/1450 1448/1448/1448 1449/1449/1449
f 1453/1453/1453 1452/1452/1452 1451/1451/1451
f 1454/1454/1454 1452/1452/1452 1453/1453/1453
f 1457/1457/1457 1456/1456/1456 1455/1455/1455
f 1458/1458/1458 1456/1456/1456 1457/1457/1457
f 1461/1461/1461 1460/1460/1460 1459/1459/1459
f 1462/1462/1462 1460/1460/1460 1461/1461/1461
f 1465/1465/1465 1464/1464/1464 1463/1463/1463
f 1466/1466/1466 1464/1464/1464 1465/1465/1465
f 1469/1469/1469 1468/1468/1468 1467/1467/1467
f 1470/1470/1470 1468/1468/1468 1469/1469/1469
f 1473/1473/1473 1472/1472/1472 1471/1471/1471
f 1474/1474/1474 1472/1472/1472 1473/1473/1473
f 1477/1477/1477 1476/1476/1476 1475/1475/1475
f 1478/1478/1478 1476/1476/1476 1477/1477/1477
f 1481/1481/1481 1480/1480/1480 1479/1479/1479
f 1482/1482/1482 1480/1480/1480 1481/1481/1481
f 1485/1485/1485 1484/1484/1484 1483/1483/1483
f 1486/1486/1486 1484/1484/1484 1485/1485/1485
f 1489/1489/1489 1488/1488/1488 1487/1487/1487
f 1490/1490/1490 1488/1488/1488 1489/1489/1489
f 1493/1493/1493 1492/1492/1492 1491/1491/1491
f 1494/1494/1494 1492/1492/1492 1493/1493/1493
f 1497/1497/1497 1496/1496/1496 1495/1495/1495
f 1498/1498/1498 1496/1496/1496 1497/1497/1497
f 1501/1501/1501 1500/1500/1500 1499/1499/1499
f 1502/1502/1502 1500/1500/1500 1501/1501/1501
f 1505/1505/1505 1504/1504/1504 1503/1503/1503
f 1506/1506/1506 1504/1504/1504 1505/1505/1505
f 1509/1509/1509 1508/1508/1508 1507/1507/1507
f 1510/1510/1510 1508/1508/1508 1509/1509/1509
f 1513/1513/1513 1512/1512/1512 1511/1511/1511
f 1514/1514/1514 1512/1512/1512 1513/1513/1513
f 1517/1517/1517 1516/1516/1516 1515/1515/1515
f 1518/1518/1518 1516/1516/1516 1517/1517/1517
f 1521/1521/1521 1520/1520/1520 1519/1519/1519
f 1522/1522/1522 1520/1520/1520 1521/1521/1521
f 1525/1525/1525 1524/1524/1524 1523/1523/1523
f 1526/1526/1526 1524/1524/1524 1525/1525/1525
f 1529/1529/1529 1528/1528/1528 1527/1527/1527
f 1530/1530/1530 1528/1528/1528 1529/1529/1529
f 1533/1533/1533 1532/1532/1532 1531/1531/1531
f 1534/1534/1534 1532/1532/1532 1533/1533/1533
f 1537/1537/1537 1536/1536/1536 1535/1535/1535
f 1538/1538/1538 1536/1536/1536 1537/1537/1537
f 1541/1541/1541 1540/1540/1540 1539/1539/1539
f 1542/1542/1542 1540/1540/1540 1541/1541/1541
f 1545/1545/1545 1544/1544/1544 1543/1543/1543
f 1546/1546/1546 1544/1544/1544 1545/1545/1545
f 1549/1549/1549 1548/1548/1548 1547/1547/1547
f 1550/1550/1550 1548/1548/1548 1549/1549/1549
f 1553/1553/1553 1552/1552/1552 1551/1551/1551
f 1554/1554/1554 1552/1552/1552 1553/1553/1553
f 1557/1557/1557 1556/1556/1556 1555/1555/1555
f 1558/1558/1558 1556/1556/1556 1557/1557/1557
f 1561/1561/1561 1560/1560/1560 1559/1559/1559
f 1562/1562/1562 1560/1560/1560 1561/1561/1561
f 1565/1565/1565 1564/1564/1564 1563/1563/1563
f 1566/1566/1566 1564/1564/1564 1565/1565/1565
f 1569/1569/1569 1568/1568/1568 1567/1567/1567
f 1570/1570/1570 1568/1568/1568 1569/1569/1569
f 1573/1573/1573 1572/1572/1572 1571/1571/1571
f 1574/1574/1574 1572/1572/1572 1573/1573/1573
f 1577/1577/1577 1576/1576/1576 1575/1575/1575
f 1578/1578/1578 1576/1576/1576 1577/1577/1577
f 1581/1581/1581 1580/1580/1580 1579/1579/1579
f 1582/1582/1582 1580/1580/1580 1581/1581/1581
f 1585/1585/1585 1584/1584/1584 1583/1583/1583
f 1586/1586/1586 1584/1584/1584 1585/1585/1585
f 1589/1589/1589 1588/1588/1588 1587/1587/1587
f 1590/1590/1590 1588/1588/1588 1589/1589/1589
f 1593/1593/1593 1592/1592/1592 1591/1591/1591
f 1594/1594/1594 1592/1592/1592 1593/1593/1593
f 1597/1597/1597 1596/1596/1596 1595/1595/1595
f 1598/1598/1598 1596/1596/1596 1597/1597/1597
f 1601/1601/1601 1600/1600/1600 1599/1599/1599
f 1602/1602/1602 1600/1600/1600 1601/1601/1601
f 1605/1605/1605 1604/1604/1604 1603/1603/1603
f 1606/1606/1606 1604/1604/1604 1605/1605/1605
f 1609/1609/1609 1608/1608/1608 1607/1607/1607
f 1610/1610/1610 1608/1608/1608 1609/1609/1609
f 1613/1613/1613 1612/1612/1612 1611/1611/1611
f 1614/1614/1614 1612/1612/1612 1613/1613/1613
f 1617/1617/1617 1616/1616/1616 1615/1615/1615
f 1618/1618/1618 1616/1616/1616 1617/1617/1617
f 1621/1621/1621 1620/1620/1620 1619/1619/1619
f 1622/1622/1622 1620/1620/1620 1621/1621/1621
f 1625/1625/1625 1624/1624/1624 1623/1623/1623
f 1626/1626/1626 1624/1624/1624 1625/1625/1625
f 1629/1629/1629 1628/1628/1628 1627/1627/1627
f 1630/1630/1630 1628/1628/1628 1629/1629/1629
f 1633/1633/1633 1632/1632/1632 1631/1631/1631
f 1634/1634/1634 1632/1632/1632 1633/1633/1633
f 1637/1637/1637 1636/1636/1636 1635/1635/1635
f 1638/1638/1638 1636/1636/1636 1637/1637/1637
f 1641/1641/1641 1640/1640/1640 1639/1639/1639
f 1642/1642/1642 1640/1640/1640 1641/1641/1641
f 1645/1645/1645 1644/1644/1644 1643/1643/1643
f 1646/1646/1646 1644/1644/1644 1645/1645/1645
f 1649/1649/1649 1648/1648/1648 1647/1647/1647
f 1650/1650/1650 1648/1648/1648 1649/1649/1649
f 1653/1653/1653 1652/1652/1652 1651/1651/1651
f 1654/1654/1654 1652/1652/1652 1653/1653/1653
f 1657/1657/1657 1656/1656/1656 1655/1655/1655
f 1658/1658/1658 1656/1656/1656 1657/1657/1657
f 1661/1661/1661 1660/1660/1660 1659/1659/1659
f 1662/1662/1662 1660/1660/1660 1661/1661/1661
f 1665/1665/1665 1664/1664/1664 1663/1663/1663
f 1666/1666/1666 1664/1664/1664 1665/1665/1665
f 1669/1669/1669 1668/1668/1668 1667/1667/1667
f 1670/1670/1670 1668/1668/1668 1669/1669/1669
f 1673/1673/1673 1672/1672/1672 1671/1671/1671
f 1674/1674/1674 1672/1672/1672 1673/1673/1673
f 1677/1677/1677 1676/1676/1676 1675/1675/1675
f 1678/1678/1678 1676/1676/1676 1677/1677/1677
f 1681/1681/1681 1680/1680/1680 1679/1679/1679
f 1682/1682/1682 1680/1680/1680 1681/1681/1681
f 1685/1685/1685 1684/1684/1684 1683/1683/1683
f 1686/1686/1686 1684/1684/1684 1685/1685/1685
f 1689/1689/1689 1688/1688/1688 1687/1687/1687
f 1690/1690/1690 1688/1688/1688 1689/1689/1689
f 1693/1693/1693 1692/1692/1692 1691/1691/1691
f 1694/1694/1694 1692/1692/1692 1693/1693/1693
f 1697/1697/1697 1696/1696/1696 1695/1695/1695
f 1698/1698/1698 1696/1696/1696 1697/1697/1697
f 1701/1701/1701 1700/1700/1700 1699/1699/1699
f 1702/1702/1702 1700/1700/1700 1701/1701/1701
f 1705/1705/1705 1704/1704/1704 1703/1703/1703
f 1706/1706/1706 1704/1704/1704 1705/1705/1705
f 1709/1709/1709 1708/1708/1708 1707/1707/1707
f 1710/1710/1710 1708/1708/1708 1709/1709/1709
f 1713/1713/1713 1712/1712/1712 1711/1711/1711
f 1714/1714/1714 1712/1712/1712 1713/1713/1713
f 1717/1717/1717 1716/1716/1716 1715/1715/1715
f 1718/1718/1718 1716/1716/1716 1717/1717/1717
f 1721/1721/1721 1720/1720/1720 1719/1719/1719
f 1722/1722/1722 1720/1720/1720 1721/1721/1721
f 1725/1725/1725 1724/1724/1724 1723/1723/1723
f 1726/1726/1726 1724/1724/1724 1725/1725/1725
usemtl Tire
f 1729/1729/1729 1728/1728/1728 1727/1727/1727
f 1730/1730/1730 1728/1728/1728 1729/1729/1729
f 1731/1731/1731 1730/1730/1730 1729/1729/1729
f 1732/1732/1732 1730/1730/1730 1731/1731/1731
f 1733/1733/1733 1732/1732/1732 1731/1731/1731
f 1734/1734/1734 1732/1732/1732 1733/1733/1733
f 1735/1735/1735 1734/1734/1734 1733/1733/1733
f 1736/1736/1736 1734/1734/1734 1735/1735/1735
f 1737/1737/1737 1736/1736/1736 1735/1735/1735
f 1738/1738/1738 1736/1736/1736 1737/1737/1737
f 1739/1739/1739 1738/1738/1738 1737/1737/1737
f 1740/1740/1740 1738/1738/1738 1739/1739/1739
f 1741/1741/1741 1740/1740/1740 1739/1739/1739
f 1742/1742/1742 1740/1740/1740 1741/1741/1741
f 1743/1743/1743 1742/1742/1742 1741/1741/1741
f 1744/1744/1744 1742/1742/1742 1743/1743/1743
f 1745/1745/1745 1744/1744/1744 1743/1743/1743
f 1746/1746/1746 1744/1744/1744 1745/1745/1745
f 1747/1747/1747 1746/1746/1746 1745/1745/1745
f 1748/1748/1748 1746/1746/1746 1747/1747/1747
f 1749/1749/1749 1748/1748/1748 1747/1747/1747
f 1750/1750/1750 1748/1748/1748 1749/1749/1749
f 1751/1751/1751 1750/1750/1750 1749/1749/1749
f 1752/1752/1752 1750/1750/1750 1751/1751/1751
f 1755/1755/1755 1754/1754/1754 1753/1753/1753
f 1756/1756/1756 1754/1754/1754 1755/1755/1755
f 1757/1757/1757 1756/1756/1756 1755/1755/1755
f 1758/1758/1758 1756/1756/1756 1757/1757/1757
f 1759/1759/1759 1758/1758/1758 1757/1757/1757
f 1760/1760/1760 1758/1758/1758 1759/1759/1759
f 1761/1761/1761 1760/1760/1760 1759/1759/1759
f 1762/1762/1762 1760/1760/1760 1761/1761/1761
f 1763/1763/1763 1762/1762/1762 1761/1761/1761
f 1764/1764/1764 1762/1762/1762 1763/1763/1763
f 1765/1765/1765 1764/1764/1764 1763/1763/1763
f 1766/1766/1766 1764/1764/1764 1765/1765/1765
f 1767/1767/1767 1766/1766/1766 1765/1765/1765
f 1768/1768/1768 1766/1766/1766 1767/1767/1767
f 1769/1769/1769 1768/1768/1768 1767/1767/1767
f 1770/1770/1770 1768/1768/1768 1769/1769/1769
f 1771/1771/1771 1770/1770/1770 1769/1769/1769
f 1772/1772/1772 1770/1770/1770 1771/1771/1771
f 1773/1773/1773 1772/1772/1772 1771/1771/1771
f 1774/1774/1774 1772/1772/1772 1773/1773/1773
f 1775/1775/1775 1774/1774/1774 1773/1773/1773
f 1776/1776/1776 1774/1774/1774 1775/1775/1775
f 1777/1777/1777 1776/1776/1776 1775/1775/1775
f 1778/1778/1778 1776/1776/1776 1777/1777/1777
f 1779/1779/1779 1778/1778/1778 1777/1777/1777
f 1780/1780/1780 1778/1778/1778 1779/1779/1779
f 1781/1781/1781 1780/1780/1780 1779/1779/1779
f 1782/1782/1782 1780/1780/1780 1781/1781/1781
f 1783/1783/1783 1782/1782/1782 1781/1781/1781
f 1784/1784/1784 1782/1782/1782 1783/1783/1783
f 1785/1785/1785 1784/1784/1784 1783/1783/1783
f 1786/1786/1786 1784/1784/1784 1785/1785/1785
f 1787/1787/1787 1786/1786/1786 1785/1785/1785
f 1788/1788/1788 1786/1786/1786 1787/1787/1787
f 1789/1789/1789 1788/1788/1788 1787/1787/1787
f 1790/1790/1790 1788/1788/1788 1789/1789/1789
f 1791/1791/1791 1790/1790/1790 1789/1789/1789
f 1792/1792/1792 1790/1790/1790 1791/1791/1791
f 1793/1793/1793 1792/1792/1792 1791/1791/1791
f 1794/1794/1794 1792/1792/1792 1793/1793/1793
f 1795/1795/1795 1794/1794/1794 1793/1793/1793
f 1796/1796/1796 1794/1794/1794 1795/1795/1795
f 1797/1797/1797 1796/1796/1796 1795/1795/1795
f 1798/1798/1798 1796/1796/1796 1797/1797/1797
f 1799/1799/1799 1798/1798/1798 1797/1797/1797
f 1800/1800/1800 1798/1798/1798 1799/1799/1799
f 1801/1801/1801 1800/1800/1800 1799/1799/1799
f 1802/1802/1802 1800/1800/1800 1801/1801/1801
f 1803/1803/1803 1802/1802/1802 1801/1801/1801
f 1804/1804/1804 1802/1802/1802 1803/1803/1803
f 1807/1807/1807 1806/1806/1806 1805/1805/1805
f 1808/1808/1808 1806/1806/1806 1807/1807/1807
f 1809/1809/1809 1808/1808/1808 1807/1807/1807
f 1810/1810/1810 1808/1808/1808 1809/1809/1809
f 1811/1811/1811 1810/1810/1810 1809/1809/1809
f 1812/1812/1812 1810/1810/1810 1811/1811/1811
f 1813/1813/1813 1812/1812/1812 1811/1811/1811
f 1814/1814/1814 1812/1812/1812 1813/1813/1813
f 1815/1815/1815 1814/1814/1814 1813/1813/1813
f 1816/1816/1816 1814/1814/1814 1815/1815/1815
f 1817/1817/1817 1816/1816/1816 1815/1815/1815
f 1818/1818/1818 1816/1816/1816 1817/1817/1817
f 1819/1819/1819 1818/1818/1818 1817/1817/1817
f 1820/1820/1820 1818/1818/1818 1819/1819/1819
f 1821/1821/1821 1820/1820/1820 1819/1819/1819
f 1822/1822/1822 1820/1820/1820 1821/1821/1821
f 1823/1823/1823 1822/1822/1822 1821/1821/1821
f 1824/1824/1824 1822/1822/1822 1823/1823/1823
f 1825/1825/1825 1824/1824/1824 1823/1823/1823
f 1826/1826/1826 1824/1824/1824 1825/1825/1825
f 1827/1827/1827 1826/1826/1826 1825/1825/1825
f 1828/1828/1828 1826/1826/1826 1827/1827/1827
f 1829/1829/1829 1828/1828/1828 1827/1827/1827
f 1830/1830/1830 1828/1828/1828 1829/1829/1829
f 1727/1727/1727 1830/1830/1830 1829/1829/1829
f 1728/1728/1728 1830/1830/1830 1727/1727/1727
f 1832/1832/1832 1727/1727/1727 1831/1831/1831
f 1729/1729/1729 1727/1727/1727 1832/1832/1832
f 1833/1833/1833 1729/1729/1729 1832/1832/1832
f 1731/1731/1731 1729/1729/1729 1833/1833/1833
f 1834/1834/1834 1731/1731/1731 1833/1833/1833
f 1733/1733/1733 1731/1731/1731 1834/1834/1834
f 1835/1835/1835 1733/1733/1733 1834/1834/1834
f 1735/1735/1735 1733/1733/1733 1835/1835/1835
f 1836/1836/1836 1735/1735/1735 1835/1835/1835
f 1737/1737/1737 1735/1735/1735 1836/1836/1836
f 1837/1837/1837 1737/1737/1737 1836/1836/1836
f 1739/1739/1739 1737/1737/1737 1837/1837/1837
f 1838/1838/1838 1739/1739/1739 1837/1837/1837
f 1741/1741/1741 1739/1739/1739 1838/1838/1838
f 1839/1839/1839 1741/1741/1741 1838/1838/1838
f 1743/1743/1743 1741/1741/1741 1839/1839/1839
f 1840/1840/1840 1743/1743/1743 1839/1839/1839
f 1745/1745/1745 1743/1743/1743 1840/1840/1840
f 1841/1841/1841 1745/1745/1745 1840/1840/1840
f 1747/1747/1747 1745/1745/1745 1841/1841/1841
f 1842/1842/1842 1747/1747/1747 1841/1841/1841
f 1749/1749/1749 1747/1747/1747 1842/1842/1842
f 1844/1844/1844 1755/1755/1755 1843/1843/1843
f 1757/1757/1757 1755/1755/1755 1844/1844/1844
f 1845/1845/1845 1757/1757/1757 1844/1844/1844
f 1759/1759/1759 1757/1757/1757 1845/1845/1845
f 1846/1846/1846 1759/1759/1759 1845/1845/1845
f 1761/1761/1761 1759/1759/1759 1846/1846/1846
f 1847/1847/1847 1761/1761/1761 1846/1846/1846
f 1763/1763/1763 1761/1761/1761 1847/1847/1847
f 1848/1848/1848 1763/1763/1763 1847/1847/1847
f 1765/1765/1765 1763/1763/1763 1848/1848/1848
f 1849/1849/1849 1765/1765/1765 1848/1848/1848
f 1767/1767/1767 1765/1765/1765 1849/1849/1849
f 1850/1850/1850 1767/1767/1767 1849/1849/1849
f 1769/1769/1769 1767/1767/1767 1850/1850/1850
f 1851/1851/1851 1769/1769/1769 1850/1850/1850
f 1771/1771/1771 1769/1769/1769 1851/1851/1851
f 1852/1852/1852 1771/1771/1771 1851/1851/1851
f 1773/1773/1773 1771/1771/1771 1852/1852/1852
f 1853/1853/1853 1773/1773/1773 1852/1852/1852
f 1775/1775/1775 1773/1773/1773 1853/1853/1853
f 1854/1854/1854 1775/1775/1775 1853/1853/1853
f 1777/1777/1777 1775/1775/1775 1854/1854/1854
f 1855/1855/1855 1777/1777/1777 1854/1854/1854
f 1779/1779/1779 1777/1777/1777 1855/1855/1855
f 1856/1856/1856 1779/1779/1779 1855/1855/1855
f 1781/1781/1781 1779/1779/1779 1856/1856/1856
f 1857/1857/1857 1781/1781/1781 1856/1856/1856
f 1783/1783/1783 1781/1781/1781 1857/1857/1857
f 1858/1858/1858 1783/1783/1783 1857/1857/1857
f 1785/1785/1785 1783/1783/1783 1858/1858/1858
f 1859/1859/1859 1785/1785/1785 1858/1858/1858
f 1787/1787/1787 1785/1785/1785 1859/1859/1859
f 1860/1860/1860 1787/1787/1787 1859/1859/1859
f 1789/1789/1789 1787/1787/1787 1860/1860/1860
f 1861/1861/1861 1789/1789/1789 1860/1860/1860
f 1791/1791/1791 1789/1789/1789 1861/1861/1861
f 1862/1862/1862 1791/1791/1791 1861/1861/1861
f 1793/1793/1793 1791/1791/1791 1862/1862/1862
f 1863/1863/1863 1793/1793/1793 1862/1862/1862
f 1795/1795/1795 1793/1793/1793 1863/1863/1863
f 1864/1864/1864 1795/1795/1795 1863/1863/1863
f 1797/1797/1797 1795/1795/1795 1864/1864/1864
f 1865/1865/1865 1797/1797/1797 1864/1864/1864
f 1799/1799/1799 1797/1797/1797 1865/1865/1865
f 1866/1866/1866 1799/1799/1799 1865/1865/1865
f 1801/1801/1801 1799/1799/1799 1866/1866/1866
f 1867/1867/1867 1801/1801/1801 1866/1866/1866
f 1803/1803/1803 1801/1801/1801 1867/1867/1867
f 1869/1869/1869 1805/1805/1805 1868/1868/1868
f 1807/1807/1807 1805/1805/1805 1869/1869/1869
f 1870/1870/1870 1807/1807/1807 1869/1869/1869
f 1809/1809/1809 1807/1807/1807 1870/1870/1870
f 1871/1871/1871 1809/1809/1809 1870/1870/1870
f 1811/1811/1811 1809/1809/1809 1871/1871/1871
f 1872/1872/1872 1811/1811/1811 1871/1871/1871
f 1813/1813/1813 1811/1811/1811 1872/1872/1872
f 1873/1873/1873 1813/1813/1813 1872/1872/1872
f 1815/1815/1815 1813/1813/1813 1873/1873/1873
f 1874/1874/1874 1815/1815/1815 1873/1873/1873
f 1817/1817/1817 1815/1815/1815 1874/1874/1874
f 1875/1875/1875 1817/1817/1817 1874/1874/1874
f 1819/1819/1819 1817/1817/1817 1875/1875/1875
f 1876/1876/1876 1819/1819/1819 1875/1875/1875
f 1821/1821/1821 1819/1819/1819 1876/1876/1876
f 1877/1877/1877 1821/1821/1821 1876/1876/1876
f 1823/1823/1823 1821/1821/1821 1877/1877/1877
f 1878/1878/1878 1823/1823/1823 1877/1877/1877
f 1825/1825/1825 1823/1823/1823 1878/1878/1878
f 1879/1879/1879 1825/1825/1825 1878/1878/1878
f 1827/1827/1827 1825/1825/1825 1879/1879/1879
f 1880/1880/1880 1827/1827/1827 1879/1879/1879
f 1829/1829/1829 1827/1827/1827 1880/1880/1880
f 1831/1831/1831 1829/1829/1829 1880/1880/1880
f 1727/1727/1727 1829/1829/1829 1831/1831/1831
f 1882/1882/1882 1831/1831/1831 1881/1881/1881
f 1832/1832/1832 1831/1831/1831 1882/1882/1882
f 1883/1883/1883 1832/1832/1832 1882/1882/1882
f 1833/1833/1833 1832/1832/1832 1883/1883/1883
f 1884/1884/1884 1833/1833/1833 1883/1883/1883
f 1834/1834/1834 1833/1833/1833 1884/1884/1884
f 1885/1885/1885 1834/1834/1834 1884/1884/1884
f 1835/1835/1835 1834/1834/1834 1885/1885/1885
f 1886/1886/1886 1835/1835/1835 1885/1885/1885
f 1836/1836/1836 1835/1835/1835 1886/1886/1886
f 1887/1887/1887 1836/1836/1836 1886/1886/1886
f 1837/1837/1837 1836/1836/1836 1887/1887/1887
f 1888/1888/1888 1837/1837/1837 1887/1887/1887
f 1838/1838/1838 1837/1837/1837 1888/1888/1888
f 1838/1838/1838 1889/1889/1889 1839/1839/1839
f 1888/1888/1888 1889/1889/1889 1838/1838/1838
f 1889/1889/1889 1840/1840/1840 1839/1839/1839
f 1890/1890/1890 1840/1840/1840 1889/1889/1889
f 1891/1891/1891 1840/1840/1840 1890/1890/1890
f 1841/1841/1841 1840/1840/1840 1891/1891/1891
f 1892/1892/1892 1841/1841/1841 1891/1891/1891
f 1842/1842/1842 1841/1841/1841 1892/1892/1892
f 1842/1842/1842 1894/1894/1894 1893/1893/1893
f 1892/1892/1892 1894/1894/1894 1842/1842/1842
f 1896/1896/1896 1843/1843/1843 1895/1895/1895
f 1897/1897/1897 1843/1843/1843 1896/1896/1896
f 1898/1898/1898 1843/1843/1843 1897/1897/1897
f 1844/1844/1844 1843/1843/1843 1898/1898/1898
f 1899/1899/1899 1844/1844/1844 1898/1898/1898
f 1845/1845/1845 1844/1844/1844 1899/1899/1899
f 1900/1900/1900 1845/1845/1845 1899/1899/1899
f 1846/1846/1846 1845/1845/1845 1900/1900/1900
f 1901/1901/1901 1846/1846/1846 1900/1900/1900
f 1847/1847/1847 1846/1846/1846 1901/1901/1901
f 1902/1902/1902 1847/1847/1847 1901/1901/1901
f 1848/1848/1848 1847/1847/1847 1902/1902/1902
f 1903/1903/1903 1848/1848/1848 1902/1902/1902
f 1849/1849/1849 1848/1848/1848 1903/1903/1903
f 1904/1904/1904 1849/1849/1849 1903/1903/1903
f 1850/1850/1850 1849/1849/1849 1904/1904/1904
f 1905/1905/1905 1850/1850/1850 1904/1904/1904
f 1851/1851/1851 1850/1850/1850 1905/1905/1905
f 1906/1906/1906 1851/1851/1851 1905/1905/1905
f 1852/1852/1852 1851/1851/1851 1906/1906/1906
f 1907/1907/1907 1852/1852/1852 1906/1906/1906
f 1853/1853/1853 1852/1852/1852 1907/1907/1907
f 1908/1908/1908 1853/1853/1853 1907/1907/1907
f 1854/1854/1854 1853/1853/1853 1908/1908/1908
f 1909/1909/1909 1854/1854/1854 1908/1908/1908
f 1855/1855/1855 1854/1854/1854 1909/1909/1909
f 1910/1910/1910 1855/1855/1855 1909/1909/1909
f 1856/1856/1856 1855/1855/1855 1910/1910/1910
f 1911/1911/1911 1856/1856/1856 1910/1910/1910
f 1857/1857/1857 1856/1856/1856 1911/1911/1911
f 1912/1912/1912 1857/1857/1857 1911/1911/1911
f 1858/1858/1858 1857/1857/1857 1912/1912/1912
f 1913/1913/1913 1858/1858/1858 1912/1912/1912
f 1859/1859/1859 1858/1858/1858 1913/1913/1913
f 1914/1914/1914 1859/1859/1859 1913/1913/1913
f 1860/1860/1860 1859/1859/1859 1914/1914/1914
f 1915/1915/1915 1860/1860/1860 1914/1914/1914
f 1861/1861/1861 1860/1860/1860 1915/1915/1915
f 1916/1916/1916 1861/1861/1861 1915/1915/1915
f 1862/1862/1862 1861/1861/1861 1916/1916/1916
f 1917/1917/1917 1862/1862/1862 1916/1916/1916
f 1863/1863/1863 1862/1862/1862 1917/1917/1917
f 1918/1918/1918 1863/1863/1863 1917/1917/1917
f 1864/1864/1864 1863/1863/1863 1918/1918/1918
f 1919/1919/1919 1864/1864/1864 1918/1918/1918
f 1865/1865/1865 1864/1864/1864 1919/1919/1919
f 1920/1920/1920 1865/1865/1865 1919/1919/1919
f 1866/1866/1866 1865/1865/1865 1920/1920/1920
f 1921/1921/1921 1866/1866/1866 1920/1920/1920
f 1867/1867/1867 1866/1866/1866 1921/1921/1921
f 1923/1923/1923 1868/1868/1868 1922/1922/1922
f 1869/1869/1869 1868/1868/1868 1923/1923/1923
f 1924/1924/1924 1869/1869/1869 1923/1923/1923
f 1870/1870/1870 1869/1869/1869 1924/1924/1924
f 1925/1925/1925 1870/1870/1870 1924/1924/1924
f 1871/1871/1871 1870/1870/1870 1925/1925/1925
f 1926/1926/1926 1871/1871/1871 1925/1925/1925
f 1872/1872/1872 1871/1871/1871 1926/1926/1926
f 1927/1927/1927 1872/1872/1872 1926/1926/1926
f 1873/1873/1873 1872/1872/1872 1927/1927/1927
f 1928/1928/1928 1873/1873/1873 1927/1927/1927
f 1874/1874/1874 1873/1873/1873 1928/1928/1928
f 1929/1929/1929 1874/1874/1874 1928/1928/1928
f 1875/1875/1875 1874/1874/1874 1929/1929/1929
f 1930/1930/1930 1875/1875/1875 1929/1929/1929
f 1876/1876/1876 1875/1875/1875 1930/1930/1930
f 1931/1931/1931 1876/1876/1876 1930/1930/1930
f 1877/1877/1877 1876/1876/1876 1931/1931/1931
f 1932/1932/1932 1877/1877/1877 1931/1931/1931
f 1878/1878/1878 1877/1877/1877 1932/1932/1932
f 1933/1933/1933 1878/1878/1878 1932/1932/1932
f 1879/1879/1879 1878/1878/1878 1933/1933/1933
f 1934/1934/1934 1879/1879/1879 1933/1933/1933
f 1880/1880/1880 1879/1879/1879 1934/1934/1934
f 1881/1881/1881 1880/1880/1880 1934/1934/1934
f 1831/1831/1831 1880/1880/1880 1881/1881/1881
f 1881/1881/1881 1935/1935/1935 1882/1882/1882
f 1936/1936/1936 1935/1935/1935 1881/1881/1881
f 1882/1882/1882 1937/1937/1937 1883/1883/1883
f 1935/1935/1935 1937/1937/1937 1882/1882/1882
f 1883/1883/1883 1938/1938/1938 1884/1884/1884
f 1937/1937/1937 1938/1938/1938 1883/1883/1883
f 1884/1884/1884 1939/1939/1939 1885/1885/1885
f 1938/1938/1938 1939/1939/1939 1884/1884/1884
f 1885/1885/1885 1940/1940/1940 1886/1886/1886
f 1939/1939/1939 1940/1940/1940 1885/1885/1885
f 1886/1886/1886 1941/1941/1941 1887/1887/1887
f 1940/1940/1940 1941/1941/1941 1886/1886/1886
f 1887/1887/1887 1942/1942/1942 1888/1888/1888
f 1941/1941/1941 1942/1942/1942 1887/1887/1887
f 1888/1888/1888 1943/1943/1943 1889/1889/1889
f 1942/1942/1942 1943/1943/1943 1888/1888/1888
f 1889/1889/1889 1944/1944/1944 1890/1890/1890
f 1943/1943/1943 1944/1944/1944 1889/1889/1889
f 1890/1890/1890 1945/1945/1945 1891/1891/1891
f 1944/1944/1944 1945/1945/1945 1890/1890/1890
f 1891/1891/1891 1946/1946/1946 1892/1892/1892
f 1945/1945/1945 1946/1946/1946 1891/1891/1891
f 1892/1892/1892 1947/1947/1947 1894/1894/1894
f 1946/1946/1946 1947/1947/1947 1892/1892/1892
f 1896/1896/1896 1948/1948/1948 1897/1897/1897
f 1949/1949/1949 1948/1948/1948 1896/1896/1896
f 1897/1897/1897 1950/1950/1950 1898/1898/1898
f 1948/1948/1948 1950/1950/1950 1897/1897/1897
f 1898/1898/1898 1951/1951/1951 1899/1899/1899
f 1950/1950/1950 1951/1951/1951 1898/1898/1898
f 1899/1899/1899 1952/1952/1952 1900/1900/1900
f 1951/1951/1951 1952/1952/1952 1899/1899/1899
f 1900/1900/1900 1953/1953/1953 1901/1901/1901
f 1952/1952/1952 1953/1953/1953 1900/1900/1900
f 1901/1901/1901 1954/1954/1954 1902/1902/1902
f 1953/1953/1953 1954/1954/1954 1901/1901/1901
f 1902/1902/1902 1955/1955/1955 1903/1903/1903
f 1954/1954/1954 1955/1955/1955 1902/1902/1902
f 1903/1903/1903 1956/1956/1956 1904/1904/1904
f 1955/1955/1955 1956/1956/1956 1903/1903/1903
f 1904/1904/1904 1957/1957/1957 1905/1905/1905
f 1956/1956/1956 1957/1957/1957 1904/1904/1904
f 1905/1905/1905 1958/1958/1958 1906/1906/1906
f 1957/1957/1957 1958/1958/1958 1905/1905/1905
f 1906/1906/1906 1959/1959/1959 1907/1907/1907
f 1958/1958/1958 1959/1959/1959 1906/1906/1906
f 1907/1907/1907 1960/1960/1960 1908/1908/1908
f 1959/1959/1959 1960/1960/1960 1907/1907/1907
f 1908/1908/1908 1961/1961/1961 1909/1909/1909
f 1960/1960/1960 1961/1961/1961 1908/1908/1908
f 1909/1909/1909 1962/1962/1962 1910/1910/1910
f 1961/1961/1961 1962/1962/1962 1909/1909/1909
f 1910/1910/1910 1963/1963/1963 1911/1911/1911
f 1962/1962/1962 1963/1963/1963 1910/1910/1910
f 1911/1911/1911 1964/1964/1964 1912/1912/1912
f 1963/1963/1963 1964/1964/1964 1911/1911/1911
f 1912/1912/1912 1965/1965/1965 1913/1913/1913
f 1964/1964/1964 1965/1965/1965 1912/1912/1912
f 1913/1913/1913 1966/1966/1966 1914/1914/1914
f 1965/1965/1965 1966/1966/1966 1913/1913/1913
f 1914/1914/1914 1967/1967/1967 1915/1915/1915
f 1966/1966/1966 1967/1967/1967 1914/1914/1914
f 1915/1915/1915 1968/1968/1968 1916/1916/1916
f 1967/1967/1967 1968/1968/1968 1915/1915/1915
f 1916/1916/1916 1969/1969/1969 1917/1917/1917
f 1968/1968/1968 1969/1969/1969 1916/1916/1916
f 1917/1917/1917 1970/1970/1970 1918/1918/1918
f 1969/1969/1969 1970/1970/1970 1917/1917/1917
f 1918/1918/1918 1971/1971/1971 1919/1919/1919
f 1970/1970/1970 1971/1971/1971 1918/1918/1918
f 1919/1919/1919 1972/1972/1972 1920/1920/1920
f 1971/1971/1971 1972/1972/1972 1919/1919/1919
f 1920/1920/1920 1973/1973/1973 1921/1921/1921
f 1972/1972/1972 1973/1973/1973 1920/1920/1920
f 1922/1922/1922 1974/1974/1974 1923/1923/1923
f 1975/1975/1975 1974/1974/1974 1922/1922/1922
f 1923/1923/1923 1976/1976/1976 1924/1924/1924
f 1974/1974/1974 1976/1976/1976 1923/1923/1923
f 1924/1924/1924 1977/1977/1977 1925/1925/1925
f 1976/1976/1976 1977/1977/1977 1924/1924/1924
f 1925/1925/1925 1978/1978/1978 1926/1926/1926
f 1977/1977/1977 1978/1978/1978 1925/1925/1925
f 1926/1926/1926 1979/1979/1979 1927/1927/1927
f 1978/1978/1978 1979/1979/1979 1926/1926/1926
f 1927/1927/1927 1980/1980/1980 1928/1928/1928
f 1979/1979/1979 1980/1980/1980 1927/1927/1927
f 1928/1928/1928 1981/1981/1981 1929/1929/1929
f 1980/1980/1980 1981/1981/1981 1928/1928/1928
f 1929/1929/1929 1982/1982/1982 1930/1930/1930
f 1981/1981/1981 1982/1982/1982 1929/1929/1929
f 1930/1930/1930 1983/1983/1983 1931/1931/1931
f 1982/1982/1982 1983/1983/1983 1930/1930/1930
f 1931/1931/1931 1984/1984/1984 1932/1932/1932
f 1983/1983/1983 1984/1984/1984 1931/1931/1931
f 1932/1932/1932 1985/1985/1985 1933/1933/1933
f 1984/1984/1984 1985/1985/1985 1932/1932/1932
f 1933/1933/1933 1986/1986/1986 1934/1934/1934
f 1985/1985/1985 1986/1986/1986 1933/1933/1933
f 1934/1934/1934 1936/1936/1936 1881/1881/1881
f 1986/1986/1986 1936/1936/1936 1934/1934/1934
f 1987/1987/1987 1728/1728/1728 1730/1730/1730
f 1988/1988/1988 1728/1728/1728 1987/1987/1987
f 1989/1989/1989 1730/1730/1730 1732/1732/1732
f 1987/1987/1987 1730/1730/1730 1989/1989/1989
f 1990/1990/1990 1732/1732/1732 1734/1734/1734
f 1989/1989/1989 1732/1732/1732 1990/1990/1990
f 1991/1991/1991 1734/1734/1734 1736/1736/1736
f 1990/1990/1990 1734/1734/1734 1991/1991/1991
f 1992/1992/1992 1736/1736/1736 1738/1738/1738
f 1991/1991/1991 1736/1736/1736 1992/1992/1992
f 1993/1993/1993 1738/1738/1738 1740/1740/1740
f 1992/1992/1992 1738/1738/1738 1993/1993/1993
f 1994/1994/1994 1740/1740/1740 1742/1742/1742
f 1993/1993/1993 1740/1740/1740 1994/1994/1994
f 1995/1995/1995 1742/1742/1742 1744/1744/1744
f 1994/1994/1994 1742/1742/1742 1995/1995/1995
f 1996/1996/1996 1744/1744/1744 1746/1746/1746
f 1995/1995/1995 1744/1744/1744 1996/1996/1996
f 1997/1997/1997 1746/1746/1746 1748/1748/1748
f 1996/1996/1996 1746/1746/1746 1997/1997/1997
f 1998/1998/1998 1748/1748/1748 1750/1750/1750
f 1997/1997/1997 1748/1748/1748 1998/1998/1998
f 1999/1999/1999 1750/1750/1750 1752/1752/1752
f 1998/1998/1998 1750/1750/1750 1999/1999/1999
f 2000/2000/2000 1754/1754/1754 1756/1756/1756
f 2001/2001/2001 1754/1754/1754 2000/2000/2000
f 2002/2002/2002 1756/1756/1756 1758/1758/1758
f 2000/2000/2000 1756/1756/1756 2002/2002/2002
f 2003/2003/2003 1758/1758/1758 1760/1760/1760
f 2002/2002/2002 1758/1758/1758 2003/2003/2003
f 2004/2004/2004 1760/1760/1760 1762/1762/1762
f 2003/2003/2003 1760/1760/1760 2004/2004/2004
f 2005/2005/2005 1762/1762/1762 1764/1764/1764
f 2004/2004/2004 1762/1762/1762 2005/2005/2005
f 2006/2006/2006 1764/1764/1764 1766/1766/1766
f 2005/2005/2005 1764/1764/1764 2006/2006/2006
f 2007/2007/2007 1766/1766/1766 1768/1768/1768
f 2006/2006/2006 1766/1766/1766 2007/2007/2007
f 2008/2008/2008 1768/1768/1768 1770/1770/1770
f 2007/2007/2007 1768/1768/1768 2008/2008/2008
f 2009/2009/2009 1770/1770/1770 1772/1772/1772
f 2008/2008/2008 1770/1770/1770 2009/2009/2009
f 2010/2010/2010 1772/1772/1772 1774/1774/1774
f 2009/2009/2009 1772/1772/1772 2010/2010/2010
f 2011/2011/2011 1774/1774/1774 1776/1776/1776
f 2010/2010/2010 1774/1774/1774 2011/2011/2011
f 2012/2012/2012 1776/1776/1776 1778/1778/1778
f 2011/2011/2011 1776/1776/1776 2012/2012/2012
f 2013/2013/2013 1778/1778/1778 1780/1780/1780
f 2012/2012/2012 1778/1778/1778 2013/2013/2013
f 2014/2014/2014 1780/1780/1780 1782/1782/1782
f 2013/2013/2013 1780/1780/1780 2014/2014/2014
f 2015/2015/2015 1782/1782/1782 1784/1784/1784
f 2014/2014/2014 1782/1782/1782 2015/2015/2015
f 2016/2016/2016 1784/1784/1784 1786/1786/1786
f 2015/2015/2015 1784/1784/1784 2016/2016/2016
f 2017/2017/2017 1786/1786/1786 1788/1788/1788
f 2016/2016/2016 1786/1786/1786 2017/2017/2017
f 2018/2018/2018 1788/1788/1788 1790/1790/1790
f 2017/2017/2017 1788/1788/1788 2018/2018/2018
f 2019/2019/2019 1790/1790/1790 1792/1792/1792
f 2018/2018/2018 1790/1790/1790 2019/2019/2019
f 2020/2020/2020 1792/1792/1792 1794/1794/1794
f 2019/2019/2019 1792/1792/1792 2020/2020/2020
f 2021/2021/2021 1794/1794/1794 1796/1796/1796
f 2020/2020/2020 1794/1794/1794 2021/2021/2021
f 2022/2022/2022 1796/1796/1796 1798/1798/1798
f 2021/2021/2021 1796/1796/1796 2022/2022/2022
f 2023/2023/2023 1798/1798/1798 1800/1800/1800
f 2022/2022/2022 1798/1798/1798 2023/2023/2023
f 2024/2024/2024 1800/1800/1800 1802/1802/1802
f 2023/2023/2023 1800/1800/1800 2024/2024/2024
f 2025/2025/2025 1802/1802/1802 1804/1804/1804
f 2024/2024/2024 1802/1802/1802 2025/2025/2025
f 2026/2026/2026 1806/1806/1806 1808/1808/1808
f 2027/2027/2027 1806/1806/1806 2026/2026/2026
f 2028/2028/2028 1808/1808/1808 1810/1810/1810
f 2026/2026/2026 1808/1808/1808 2028/2028/2028
f 2029/2029/2029 1810/1810/1810 1812/1812/1812
f 2028/2028/2028 1810/1810/1810 2029/2029/2029
f 2030/2030/2030 1812/1812/1812 1814/1814/1814
f 2029/2029/2029 1812/1812/1812 2030/2030/2030
f 2031/2031/2031 1814/1814/1814 1816/1816/1816
f 2030/2030/2030 1814/1814/1814 2031/2031/2031
f 2032/2032/2032 1816/1816/1816 1818/1818/1818
f 2031/2031/2031 1816/1816/1816 2032/2032/2032
f 2033/2033/2033 1818/1818/1818 1820/1820/1820
f 2032/2032/2032 1818/1818/1818 2033/2033/2033
f 2034/2034/2034 1820/1820/1820 1822/1822/1822
f 2033/2033/2033 1820/1820/1820 2034/2034/2034
f 2035/2035/2035 1822/1822/1822 1824/1824/1824
f 2034/2034/2034 1822/1822/1822 2035/2035/2035
f 2036/2036/2036 1824/1824/1824 1826/1826/1826
f 2035/2035/2035 1824/1824/1824 2036/2036/2036
f 2037/2037/2037 1826/1826/1826 1828/1828/1828
f 2036/2036/2036 1826/1826/1826 2037/2037/2037
f 2038/2038/2038 1828/1828/1828 1830/1830/1830
f 2037/2037/2037 1828/1828/1828 2038/2038/2038
f 1988/1988/1988 1830/1830/1830 1728/1728/1728
f 2038/2038/2038 1830/1830/1830 1988/1988/1988
f 2040/2040/2040 1987/1987/1987 2039/2039/2039
f 1988/1988/1988 1987/1987/1987 2040/2040/2040
f 1987/1987/1987 1989/1989/1989 2039/2039/2039
f 2039/2039/2039 1990/1990/1990 2041/2041/2041
f 1989/1989/1989 1990/1990/1990 2039/2039/2039
f 1990/1990/1990 1991/1991/1991 2041/2041/2041
f 2041/2041/2041 1992/1992/1992 2042/2042/2042
f 1991/1991/1991 1992/1992/1992 2041/2041/2041
f 1992/1992/1992 1993/1993/1993 2042/2042/2042
f 2042/2042/2042 1994/1994/1994 2043/2043/2043
f 1993/1993/1993 1994/1994/1994 2042/2042/2042
f 1994/1994/1994 1995/1995/1995 2043/2043/2043
f 2043/2043/2043 1996/1996/1996 2044/2044/2044
f 1995/1995/1995 1996/1996/1996 2043/2043/2043
f 1996/1996/1996 1997/1997/1997 2044/2044/2044
f 2044/2044/2044 1998/1998/1998 2045/2045/2045
f 1997/1997/1997 1998/1998/1998 2044/2044/2044
f 1998/1998/1998 1999/1999/1999 2045/2045/2045
f 2047/2047/2047 2000/2000/2000 2046/2046/2046
f 2001/2001/2001 2000/2000/2000 2047/2047/2047
f 2000/2000/2000 2002/2002/2002 2046/2046/2046
f 2046/2046/2046 2003/2003/2003 2048/2048/2048
f 2002/2002/2002 2003/2003/2003 2046/2046/2046
f 2003/2003/2003 2004/2004/2004 2048/2048/2048
f 2048/2048/2048 2005/2005/2005 2049/2049/2049
f 2004/2004/2004 2005/2005/2005 2048/2048/2048
f 2005/2005/2005 2006/2006/2006 2049/2049/2049
f 2049/2049/2049 2007/2007/2007 2050/2050/2050
f 2006/2006/2006 2007/2007/2007 2049/2049/2049
f 2007/2007/2007 2008/2008/2008 2050/2050/2050
f 2050/2050/2050 2009/2009/2009 2051/2051/2051
f 2008/2008/2008 2009/2009/2009 2050/2050/2050
f 2009/2009/2009 2010/2010/2010 2051/2051/2051
f 2051/2051/2051 2011/2011/2011 2052/2052/2052
f 2010/2010/2010 2011/2011/2011 2051/2051/2051
f 2011/2011/2011 2012/2012/2012 2052/2052/2052
f 2052/2052/2052 2013/2013/2013 2053/2053/2053
f 2012/2012/2012 2013/2013/2013 2052/2052/2052
f 2013/2013/2013 2014/2014/2014 2053/2053/2053
f 2053/2053/2053 2015/2015/2015 2054/2054/2054
f 2014/2014/2014 2015/2015/2015 2053/2053/2053
f 2015/2015/2015 2016/2016/2016 2054/2054/2054
f 2054/2054/2054 2017/2017/2017 2055/2055/2055
f 2016/2016/2016 2017/2017/2017 2054/2054/2054
f 2017/2017/2017 2018/2018/2018 2055/2055/2055
f 2055/2055/2055 2019/2019/2019 2056/2056/2056
f 2018/2018/2018 2019/2019/2019 2055/2055/2055
f 2019/2019/2019 2020/2020/2020 2056/2056/2056
f 2056/2056/2056 2021/2021/2021 2057/2057/2057
f 2020/2020/2020 2021/2021/2021 2056/2056/2056
f 2021/2021/2021 2022/2022/2022 2057/2057/2057
f 2057/2057/2057 2023/2023/2023 2058/2058/2058
f 2022/2022/2022 2023/2023/2023 2057/2057/2057
f 2023/2023/2023 2024/2024/2024 2058/2058/2058
f 2058/2058/2058 2025/2025/2025 2059/2059/2059
f 2024/2024/2024 2025/2025/2025 2058/2058/2058
f 2027/2027/2027 2026/2026/2026 2060/2060/2060
f 2060/2060/2060 2028/2028/2028 2061/2061/2061
f 2026/2026/2026 2028/2028/2028 2060/2060/2060
f 2028/2028/2028 2029/2029/2029 2061/2061/2061
f 2061/2061/2061 2030/2030/2030 2062/2062/2062
f 2029/2029/2029 2030/2030/2030 2061/2061/2061
f 2030/2030/2030 2031/2031/2031 2062/2062/2062
f 2062/2062/2062 2032/2032/2032 2063/2063/2063
f 2031/2031/2031 2032/2032/2032 2062/2062/2062
f 2032/2032/2032 2033/2033/2033 2063/2063/2063
f 2063/2063/2063 2034/2034/2034 2064/2064/2064
f 2033/2033/2033 2034/2034/2034 2063/2063/2063
f 2034/2034/2034 2035/2035/2035 2064/2064/2064
f 2064/2064/2064 2036/2036/2036 2065/2065/2065
f 2035/2035/2035 2036/2036/2036 2064/2064/2064
f 2036/2036/2036 2037/2037/2037 2065/2065/2065
f 2065/2065/2065 2038/2038/2038 2040/2040/2040
f 2037/2037/2037 2038/2038/2038 2065/2065/2065
f 2038/2038/2038 1988/1988/1988 2040/2040/2040
f 1893/1893/1893 1749/1749/1749 1842/1842/1842
f 1751/1751/1751 1749/1749/1749 1893/1893/1893
f 1843/1843/1843 1753/1753/1753 1895/1895/1895
f 1755/1755/1755 1753/1753/1753 1843/1843/1843
